pathway,z_OA,FDR_OA,z_MSC,FDR_MSC,same_dir,score
GOBP_G_PROTEIN_COUPLED_GLUTAMATE_RECEPTOR_SIGNALING_PATHWAY,4.67556814978097,0.000148236129995901,3.9944645876829,0.0416276724688811,TRUE,4.30826317896034
GOBP_HISTONE_H3_K4_TRIMETHYLATION,-4.53724814121448,0.000245170779474485,-3.86837954074462,0.0468921242411553,TRUE,4.17620159846643
GOBP_REGULATION_OF_THE_FORCE_OF_HEART_CONTRACTION,3.79186759814165,0.00278938915929665,4.23639605167738,0.0291642621688389,TRUE,4.00182495790675
GOBP_MRNA_SPLICE_SITE_SELECTION,-4.67841804210109,0.000148236129995901,-3.05440316086069,0.0941636768624104,TRUE,3.69587618297655
GOBP_RENAL_WATER_HOMEOSTASIS,4.35043738085335,0.000451338922930763,3.18002258868362,0.0869362883032467,TRUE,3.67427466522152
GOBP_REGULATION_OF_RNA_SPLICING,-4.85760046865405,8.04984175870066e-05,-2.94464910393289,0.107829691979378,TRUE,3.66661659158987
GOBP_REGULATION_OF_MEGAKARYOCYTE_DIFFERENTIATION,-4.68627195788292,0.000146182477041544,-2.90496221388133,0.109698018144464,TRUE,3.58662179392569
GOBP_REGULATION_OF_EXTRINSIC_APOPTOTIC_SIGNALING_PATHWAY_IN_ABSENCE_OF_LIGAND,3.45387152888539,0.00704292141618158,3.48641092755301,0.0609188915389984,TRUE,3.47006494800493
GOBP_LACTATE_METABOLIC_PROCESS,-4.44756352185902,0.000336232720999223,-2.7761877889479,0.125037116367193,TRUE,3.41852065739951
REACTOME_COLLAGEN_FORMATION,6.15588354741842,6.40707842616187e-07,2.26735433957565,0.209680472531905,TRUE,3.31406270662562
GOBP_NEGATIVE_REGULATION_OF_TRANSLATIONAL_INITIATION,-4.82452682712987,8.81207573457376e-05,-2.49901291145443,0.161823387869703,TRUE,3.29254848420784
GOBP_COLLAGEN_METABOLIC_PROCESS,4.35350497781829,0.000447956486237035,2.63561320637595,0.141739281902788,TRUE,3.28343430778147
GOBP_NEGATIVE_REGULATION_OF_REPRODUCTIVE_PROCESS,4.55081108337346,0.000235179535159151,2.54546597245609,0.154834792820412,TRUE,3.26479213499339
REACTOME_METABOLISM_OF_FOLATE_AND_PTERINES,-3.46947356927354,0.00683230864775889,-3.07269563217044,0.0923325419483572,TRUE,3.25905245002975
REACTOME_KSRP_KHSRP_BINDS_AND_DESTABILIZES_MRNA,-3.53782755606323,0.00561426703514994,-2.93021424385667,0.108056455819364,TRUE,3.20548104596773
GOBP_REGULATION_OF_MRNA_SPLICING_VIA_SPLICEOSOME,-3.9526766735445,0.00170782893722682,-2.66748676633452,0.139553612046791,TRUE,3.18533305530348
GOBP_CELLULAR_RESPONSE_TO_LIPOPROTEIN_PARTICLE_STIMULUS,2.71211500183645,0.0378283980488316,3.84868245770601,0.0469172919812308,TRUE,3.1819514305132
GOBP_ENDOPLASMIC_RETICULUM_CALCIUM_ION_HOMEOSTASIS,3.68989384047587,0.0036212102530468,2.77054998153013,0.125037116367193,TRUE,3.16480898007538
GOBP_ALTERNATIVE_MRNA_SPLICING_VIA_SPLICEOSOME,-3.39847072620832,0.00811431084636337,-2.95256966813949,0.106659237658179,TRUE,3.15986703318491
GOBP_GANGLIOSIDE_METABOLIC_PROCESS,3.05704158383336,0.0179558934752346,3.25805089092778,0.0794988342671015,TRUE,3.15434717563286
GOBP_REGULATION_OF_ALTERNATIVE_MRNA_SPLICING_VIA_SPLICEOSOME,-3.52294722361818,0.00581341627052746,-2.80120290226914,0.124593100539442,TRUE,3.1208904883344
GOBP_SENSORY_PERCEPTION_OF_BITTER_TASTE,3.2313472316038,0.0119354840550286,2.97142858668407,0.106659237658179,TRUE,3.09594214550875
GOBP_PERK_MEDIATED_UNFOLDED_PROTEIN_RESPONSE,-3.27928446003471,0.0107448268783174,-2.93151115687529,0.108056455819364,TRUE,3.09566103092676
REACTOME_HDMS_DEMETHYLATE_HISTONES,-5.51181430286611,6.30581201406688e-06,-2.1394407415253,0.23697166328858,TRUE,3.08242242896285
REACTOME_BUTYRATE_RESPONSE_FACTOR_1_BRF1_BINDS_AND_DESTABILIZES_MRNA,-3.44921959457123,0.00711256922379333,-2.78572580138493,0.125037116367193,TRUE,3.082169741365
REACTOME_GAP_JUNCTION_TRAFFICKING_AND_REGULATION,4.57595522799999,0.000214113454289918,2.32101750396809,0.198832782667319,TRUE,3.0798649188023
REACTOME_TRISTETRAPROLIN_TTP_ZFP36_BINDS_AND_DESTABILIZES_MRNA,-3.70359161372351,0.00350805932995465,-2.63564353679259,0.141739281902788,TRUE,3.07966089531634
GOBP_MODULATION_BY_HOST_OF_VIRAL_GENOME_REPLICATION,-2.72307226783258,0.0367985135882364,-3.51244413306551,0.0609188915389984,TRUE,3.06779377877488
GOBP_GLYCOLIPID_CATABOLIC_PROCESS,2.5115790933462,0.0571440815888161,3.9153430353773,0.0421505736040101,TRUE,3.06015648360919
GOBP_INTEGRATED_STRESS_RESPONSE_SIGNALING,-2.73118209634214,0.0361447154312512,-3.3938181122058,0.0664886793530813,TRUE,3.02665631043157
GOBP_NEGATIVE_REGULATION_OF_OXIDOREDUCTASE_ACTIVITY,3.88595989624004,0.00207623028118631,2.47158080499899,0.167283309453517,TRUE,3.02144000011543
REACTOME_ANCHORING_FIBRIL_FORMATION,6.03672951545866,1.00372994971301e-06,2.0025023917676,0.270185599865827,TRUE,3.00739310239177
REACTOME_TRAFFICKING_OF_GLUR2_CONTAINING_AMPA_RECEPTORS,2.78339654111288,0.032080595675312,3.25177563571532,0.079598639959501,TRUE,2.9994110496718
KEGG_RNA_DEGRADATION,-3.44324516323608,0.00718332997702742,-2.653271379823,0.141634263221091,TRUE,2.99707670135973
GOBP_POSITIVE_REGULATION_OF_RNA_SPLICING,-4.53671119839095,0.000245170779474485,-2.2334932752127,0.219184429533436,TRUE,2.99332582721682
REACTOME_COLLAGEN_BIOSYNTHESIS_AND_MODIFYING_ENZYMES,5.28349817636356,1.76374299843465e-05,2.07919475445955,0.254649572126265,TRUE,2.98407710241519
REACTOME_SUMOYLATION_OF_DNA_DAMAGE_RESPONSE_AND_REPAIR_PROTEINS,-2.93542561915336,0.0233662502405654,-3.02686128429225,0.101009831043942,TRUE,2.98044233812372
GOBP_NUCLEAR_TRANSCRIBED_MRNA_CATABOLIC_PROCESS_DEADENYLATION_DEPENDENT_DECAY,-3.52657958767806,0.00578012490653887,-2.55397425935665,0.153648820599207,TRUE,2.96249115362894
GOBP_POSITIVE_REGULATION_OF_PROTEIN_MATURATION,3.32832400131607,0.00945103169312535,2.6372642872589,0.141739281902788,TRUE,2.94276762005454
REACTOME_ELASTIC_FIBRE_FORMATION,6.44232764779108,2.01935095276242e-07,1.90593959290631,0.294902107452341,TRUE,2.94161338643833
GOBP_NUCLEAR_TRANSCRIBED_MRNA_CATABOLIC_PROCESS_EXONUCLEOLYTIC,-3.84584241905606,0.0023520741295811,-2.38041298140029,0.188055732535739,TRUE,2.94067384966892
GOBP_REGULATION_OF_LIPOPOLYSACCHARIDE_MEDIATED_SIGNALING_PATHWAY,2.91520835588242,0.0245009100072126,2.93942075102383,0.10793004595737,TRUE,2.92726448708105
GOBP_PROTEIN_TARGETING_TO_PEROXISOME,-3.02157924838405,0.0195421136202053,-2.81690450928546,0.12208639208908,TRUE,2.91565432506534
GOBP_THYROID_HORMONE_GENERATION,4.40954221806359,0.000380986878695488,2.16790929431083,0.233085331212696,TRUE,2.90674512467676
GOBP_CELLULAR_RESPONSE_TO_STEROL_DEPLETION,-3.29519934679084,0.0103561113955808,-2.59803977066096,0.14796428194666,TRUE,2.9053831974564
REACTOME_TRANSPORT_OF_MATURE_TRANSCRIPT_TO_CYTOPLASM,-3.42515574738096,0.0075328285131758,-2.48364192159563,0.165688099997202,TRUE,2.8793879495498
KEGG_MELANOMA,3.39561643744493,0.00814379114740501,2.47504636053993,0.166881018532056,TRUE,2.86315477297469
GOBP_POSITIVE_REGULATION_OF_BLOOD_CIRCULATION,2.75191867675207,0.0345095018456615,2.97010299733505,0.106659237658179,TRUE,2.85685108368542
GOBP_AMINO_SUGAR_METABOLIC_PROCESS,3.27455865823954,0.0107448268783174,2.53299432207431,0.155722397457039,TRUE,2.856431449437
GOBP_POSITIVE_REGULATION_OF_ERYTHROCYTE_DIFFERENTIATION,-2.58497078538387,0.0492097099439931,-3.16959540355605,0.0878604133797331,TRUE,2.84758616050907
REACTOME_COLLAGEN_DEGRADATION,4.37941633420619,0.000411220554015226,2.10332320045714,0.250009803987746,TRUE,2.84180104134793
REACTOME_PERK_REGULATES_GENE_EXPRESSION,-5.22184223048956,2.22476824578453e-05,-1.94619253172041,0.286860070586341,TRUE,2.83556391338364
GOBP_REGULATION_OF_ARP2_3_COMPLEX_MEDIATED_ACTIN_NUCLEATION,-3.051871001736,0.0180833378193152,-2.63932823736633,0.141739281902788,TRUE,2.83064745171416
REACTOME_OTHER_INTERLEUKIN_SIGNALING,2.89190613274697,0.0255669701305005,2.76642908388522,0.125037116367193,TRUE,2.82777634311279
GOBP_POSITIVE_REGULATION_OF_DNA_REPLICATION,-3.22195203944778,0.0121627638929402,-2.51531077327964,0.160312456169313,TRUE,2.82511397519915
REACTOME_NCAM1_INTERACTIONS,4.10949908887214,0.00105240856661793,2.14613026809156,0.235123917981424,TRUE,2.81970682022757
REACTOME_MEIOTIC_SYNAPSIS,-3.66841101186256,0.00385484168470508,-2.28733749564745,0.206240838734121,TRUE,2.81774626524225
GOBP_BRANCHED_CHAIN_AMINO_ACID_METABOLIC_PROCESS,-5.3692269285287,1.16330428796068e-05,-1.90883236479329,0.294720439040236,TRUE,2.81639753732131
GOBP_CELLULAR_RESPONSE_TO_LOW_DENSITY_LIPOPROTEIN_PARTICLE_STIMULUS,2.57808426696394,0.0498588645282733,3.09257630310687,0.0900498387395296,TRUE,2.81199067124759
GOBP_PLASMA_MEMBRANE_ORGANIZATION,3.45944438356059,0.00695039306061538,2.36653807362539,0.189872562090682,TRUE,2.81048111883262
REACTOME_CROSSLINKING_OF_COLLAGEN_FIBRILS,5.38774442513744,1.08049356505683e-05,1.89481319942669,0.298489702325396,TRUE,2.80362196310091
GOBP_NEUROEPITHELIAL_CELL_DIFFERENTIATION,2.39299064088367,0.07158766662754,3.36426981741715,0.0664886793530813,TRUE,2.79670035594072
GOBP_POSITIVE_REGULATION_OF_ACTIVATED_T_CELL_PROLIFERATION,2.52427102316363,0.0559482071261346,3.09134972601482,0.0900498387395296,TRUE,2.77917789835991
GOBP_TETRAHYDROFOLATE_METABOLIC_PROCESS,-2.86782440842445,0.0269380587838676,-2.69509544746318,0.135027050555166,TRUE,2.77877830617614
GOBP_PEPTIDYL_GLUTAMIC_ACID_MODIFICATION,2.77032666246971,0.0329160394334771,2.76754736461443,0.125037116367193,TRUE,2.7689363161177
GOBP_COENZYME_A_METABOLIC_PROCESS,-3.35342479820435,0.00901858677307941,-2.33937123785557,0.196064466615923,TRUE,2.75608171153115
REACTOME_FGFR1_LIGAND_BINDING_AND_ACTIVATION,2.94242338718161,0.0231336705311769,2.58548668389466,0.148199359551676,TRUE,2.75243134860083
REACTOME_HATS_ACETYLATE_HISTONES,-2.92963334697045,0.0237093055330006,-2.59218906114137,0.147974141388155,TRUE,2.75060041917161
GOBP_NEGATIVE_REGULATION_OF_SIGNAL_TRANSDUCTION_IN_ABSENCE_OF_LIGAND,3.53545509742258,0.00563446518084144,2.21985154591604,0.221373856858645,TRUE,2.72728664166453
GOBP_RNA_STABILIZATION,-3.94800476532332,0.00173405197505263,-2.08021517381834,0.254649572126265,TRUE,2.72475108806401
REACTOME_NCAM_SIGNALING_FOR_NEURITE_OUT_GROWTH,4.11123157146411,0.00104995375768192,2.03641479192454,0.262841708977822,TRUE,2.72370019037394
GOBP_INTRACILIARY_TRANSPORT,-2.95674089147213,0.0224211737569767,-2.51785954148527,0.160002519536656,TRUE,2.71970835368203
GOBP_COLLAGEN_FIBRIL_ORGANIZATION,4.43063394264061,0.000355721942902685,1.95478272951553,0.285302146861687,TRUE,2.71272092536905
GOBP_POSITIVE_REGULATION_OF_HEART_RATE,2.59559713748504,0.0481389225785963,2.82607335978899,0.12208639208908,TRUE,2.70593645507568
REACTOME_MEIOSIS,-3.14542973479225,0.014672263709845,-2.37047270171253,0.188908627853438,TRUE,2.70351240157344
REACTOME_ANTIMICROBIAL_PEPTIDES,2.99204393643387,0.0206793076197733,2.45437519307644,0.171874473416107,TRUE,2.69667032211615
GOBP_REGULATION_OF_MRNA_PROCESSING,-4.11619898748522,0.00103835057227076,-2.00431930349186,0.269962079030299,TRUE,2.6959079919074
GOBP_GLYCOSIDE_METABOLIC_PROCESS,3.42267655138028,0.00756583500631644,2.22293587922891,0.221373856858645,TRUE,2.69532866542796
REACTOME_SUMOYLATION,-3.06432427312222,0.0176835965605651,-2.40102539022984,0.183339523499088,TRUE,2.69242439619186
GOBP_EMBRYO_IMPLANTATION,2.48505599626719,0.0601402539978605,2.93279173556856,0.108056455819364,TRUE,2.69042322671849
REACTOME_G_PROTEIN_BETA_GAMMA_SIGNALLING,3.16151182162788,0.01415320756622,2.32982046150704,0.198189531990897,TRUE,2.68268411072004
GOBP_RNA_DECAPPING,-3.12194662125487,0.0154407680660891,-2.34533152639617,0.194293933216913,TRUE,2.67848082238174
GOBP_VESICLE_DOCKING_INVOLVED_IN_EXOCYTOSIS,3.09094416661591,0.0166504762938177,2.35094986092037,0.193509980389777,TRUE,2.67063442318011
GOBP_LIPID_EXPORT_FROM_CELL,3.26769899208183,0.0109039744123367,2.25663891315616,0.21220935720825,TRUE,2.66964723320825
GOBP_MRNA_TRANSPORT,-3.36652737835969,0.0087293354281337,-2.20247800809124,0.225621139656703,TRUE,2.66284623552845
GOBP_THYROID_HORMONE_METABOLIC_PROCESS,4.58641346660197,0.000209509098557553,1.8756907842389,0.302171873240266,TRUE,2.662505319655
GOBP_REGULATION_OF_PHOSPHATIDYLINOSITOL_3_KINASE_ACTIVITY,-2.78669688987715,0.0318068781084125,-2.53322559852635,0.155722397457039,TRUE,2.65392283897319
GOBP_TOOTH_MINERALIZATION,4.03456142466599,0.00133129056618213,1.97293359556278,0.278807336049417,TRUE,2.64999696255497
REACTOME_SHC_MEDIATED_CASCADE_FGFR1,4.4877303355942,0.000294171218951356,1.87823292559844,0.302171873240266,TRUE,2.6481468810553
GOBP_REGULATION_OF_HEMATOPOIETIC_PROGENITOR_CELL_DIFFERENTIATION,-2.30254620224599,0.0842188601202675,-3.1042564631293,0.0890665973803,TRUE,2.6439633078341
KEGG_PHENYLALANINE_METABOLISM,2.03492275622727,0.132389537805297,3.76030760489002,0.0508236278089835,TRUE,2.64077009498892
GOBP_REGULATION_OF_RUFFLE_ASSEMBLY,4.23415787273415,0.000690778236282715,1.90573587745543,0.294902107452341,TRUE,2.62844501784113
REACTOME_FRS_MEDIATED_FGFR2_SIGNALING,4.44104963604282,0.000341440262043074,1.86641978954782,0.305218527255941,TRUE,2.62826891984444
GOBP_POSITIVE_REGULATION_OF_MRNA_METABOLIC_PROCESS,-3.21820771179088,0.0122544648793965,-2.21984465110929,0.221373856858645,TRUE,2.62738226792937
REACTOME_REPRODUCTION,-3.08709537397817,0.0167859671615628,-2.28613463515945,0.206240838734121,TRUE,2.62691738283681
GOBP_PHOSPHATIDYLSERINE_METABOLIC_PROCESS,2.12669233592681,0.114255450768406,3.42046123161533,0.0664886793530813,TRUE,2.62270319292214
GOBP_RESPONSE_TO_AMINO_ACID_STARVATION,-4.82878146489251,8.73239015209611e-05,-1.79647483148318,0.327993076200184,TRUE,2.61870152047019
REACTOME_BRANCHED_CHAIN_AMINO_ACID_CATABOLISM,-5.02259254427491,4.37481520947499e-05,-1.76531842647367,0.336511173129762,TRUE,2.61243118988638
GOBP_REGULATION_OF_LIPID_TRANSPORT,2.52179444370998,0.0560750561570787,2.70248237223774,0.133893640219892,TRUE,2.60901375276646
GOBP_G_PROTEIN_COUPLED_ACETYLCHOLINE_RECEPTOR_SIGNALING_PATHWAY,2.4470641800862,0.064151122290102,2.79197729335144,0.125037116367193,TRUE,2.60816703239089
REACTOME_METABOLISM_OF_ANGIOTENSINOGEN_TO_ANGIOTENSINS,3.41370458497759,0.00774598432235315,2.10723377330881,0.248977678776554,TRUE,2.60588803088779
REACTOME_REGULATION_OF_FZD_BY_UBIQUITINATION,-2.61439140634906,0.0462564273301005,-2.59640033714905,0.14796428194666,TRUE,2.6053648132663
GOBP_CELL_FATE_COMMITMENT_INVOLVED_IN_FORMATION_OF_PRIMARY_GERM_LAYER,-3.54607522755862,0.00547459826552679,-2.05599095610994,0.257673281864174,TRUE,2.60286057269379
GOBP_PLASMA_MEMBRANE_REPAIR,2.9071433584881,0.0248094734369839,2.35256219393369,0.193061531121921,TRUE,2.60061537261357
GOBP_POSITIVE_REGULATION_OF_TRANSCRIPTION_BY_RNA_POLYMERASE_III,-2.56007557368859,0.0519113465678584,-2.6190676415366,0.142403614822654,TRUE,2.5892356385223
GOBP_SENSORY_PERCEPTION_OF_TASTE,2.27582369914587,0.0882884069768596,2.9904047341068,0.106196173961501,TRUE,2.58463302539073
REACTOME_VASOPRESSIN_REGULATES_RENAL_WATER_HOMEOSTASIS_VIA_AQUAPORINS,3.65036132876949,0.00402500650930056,1.99367260891603,0.272354500771314,TRUE,2.57887371839526
REACTOME_HDR_THROUGH_HOMOLOGOUS_RECOMBINATION_HRR,-3.86088161405597,0.00225475582727221,-1.93375748181389,0.290038722960373,TRUE,2.5768675439683
REACTOME_GLYCOSPHINGOLIPID_METABOLISM,2.71305182070543,0.0377631173670879,2.43973876568735,0.173936275686937,TRUE,2.56914679116716
GOBP_WATER_HOMEOSTASIS,2.84828240288892,0.0280110065007048,2.33863185586401,0.196064466615923,TRUE,2.56841876676574
GOBP_RAB_PROTEIN_SIGNAL_TRANSDUCTION,-2.86319682394633,0.0272656423411056,-2.32741537887181,0.198189531990897,TRUE,2.56765408795965
KEGG_GALACTOSE_METABOLISM,2.46945327974839,0.0617148867587119,2.6689683683019,0.139553612046791,TRUE,2.56533742930523
GOBP_LIPOPROTEIN_LOCALIZATION,2.58410771412646,0.0492363911226087,2.54060170577229,0.155589366512714,TRUE,2.56217003872143
GOBP_RNA_DESTABILIZATION,-3.74341628690792,0.00309511336167693,-1.943604852194,0.286860070586341,TRUE,2.55871110061154
REACTOME_PLASMA_LIPOPROTEIN_ASSEMBLY,2.57571800797589,0.0501036721814804,2.53692715527506,0.155653120673997,TRUE,2.55617542392088
GOBP_POSITIVE_REGULATION_BY_HOST_OF_VIRAL_TRANSCRIPTION,-4.30354837829644,0.000534237748746617,-1.81228350394627,0.32316290434617,TRUE,2.55051148710168
GOBP_ACETYL_COA_METABOLIC_PROCESS,-3.99419385865065,0.00149216953579919,-1.86531171006087,0.30568903648615,TRUE,2.54301885694175
REACTOME_HDR_THROUGH_SINGLE_STRAND_ANNEALING_SSA,-3.09754659059679,0.0163902599399936,-2.15314223955321,0.234759655836198,TRUE,2.54041274162021
GOBP_NCRNA_CATABOLIC_PROCESS,-3.87168186180839,0.00218250901890705,-1.88829805466878,0.300008243627032,TRUE,2.538512089959
GOBP_STRESS_GRANULE_ASSEMBLY,-2.19309241059256,0.102045109346239,-2.99900951021866,0.10619321097242,TRUE,2.53350380884967
REACTOME_CLASS_C_3_METABOTROPIC_GLUTAMATE_PHEROMONE_RECEPTORS,2.12466512728025,0.114547582149826,3.12569121183659,0.0890665973803,TRUE,2.52975100640603
GOBP_REGULATION_OF_BONE_RESORPTION,1.83883953403616,0.183523695962477,4.02455908323274,0.0416276724688811,TRUE,2.52431015947531
GOBP_MEGAKARYOCYTE_DIFFERENTIATION,-2.9311252437549,0.023627794721593,-2.21204135699844,0.223005016417273,TRUE,2.52131449942853
REACTOME_ACTIVATION_OF_THE_PRE_REPLICATIVE_COMPLEX,-3.24041748373149,0.011683610698313,-2.05919510685691,0.257619356704775,TRUE,2.51816588953067
GOBP_HISTONE_H2A_MONOUBIQUITINATION,-2.30690925725556,0.0834775356349552,-2.75367467240501,0.125037116367193,TRUE,2.51057098609068
REACTOME_FGFR2_LIGAND_BINDING_AND_ACTIVATION,2.76205504727815,0.0336082212407997,2.28649216384946,0.206240838734121,TRUE,2.50187507717166
GOBP_NEGATIVE_REGULATION_OF_MRNA_CATABOLIC_PROCESS,-3.90972731675053,0.00192619227789271,-1.83341036350928,0.315930590838691,TRUE,2.4962433359952
GOBP_ADULT_LOCOMOTORY_BEHAVIOR,2.81680788482831,0.0298737645325894,2.22214930593184,0.221373856858645,TRUE,2.48439010265547
REACTOME_DEGRADATION_OF_THE_EXTRACELLULAR_MATRIX,5.56672878393485,5.56877044525257e-06,1.59513213041778,0.39548446356381,TRUE,2.47970968740284
GOBP_SNO_S_RNA_METABOLIC_PROCESS,-2.42888087845835,0.0664827098042495,-2.52871517599569,0.156685104517375,TRUE,2.47779281352513
REACTOME_SUMOYLATION_OF_RNA_BINDING_PROTEINS,-2.67492931711096,0.0411617156752528,-2.28819227937151,0.206240838734121,TRUE,2.46649311014898
GOBP_RNA_PHOSPHODIESTER_BOND_HYDROLYSIS_EXONUCLEOLYTIC,-2.3454243973389,0.0776658509926314,-2.59502251276702,0.147974141388155,TRUE,2.46391843646266
REACTOME_TRAFFICKING_OF_AMPA_RECEPTORS,2.28843859973646,0.0860579338556389,2.66680079587518,0.139553612046791,TRUE,2.46317458829268
GOBP_PROTEIN_K48_LINKED_DEUBIQUITINATION,-2.19615138610448,0.101537663913209,-2.80166353077294,0.124593100539442,TRUE,2.46222693270507
REACTOME_PROCESSING_OF_DNA_DOUBLE_STRAND_BREAK_ENDS,-2.29321378509866,0.0852905607648187,-2.64762863667007,0.141634263221091,TRUE,2.45770982724855
GOBP_COLLECTING_DUCT_DEVELOPMENT,2.29709595092237,0.0849757216860566,2.62038863071752,0.142403614822654,TRUE,2.44811509361435
GOBP_GLYCOSPHINGOLIPID_METABOLIC_PROCESS,2.3475624199343,0.0774058411518998,2.54972670976233,0.153805212052963,TRUE,2.44447180732887
REACTOME_ASSEMBLY_OF_COLLAGEN_FIBRILS_AND_OTHER_MULTIMERIC_STRUCTURES,5.85616813911302,1.7420857363627e-06,1.54210103787808,0.410374577871957,TRUE,2.44132857274263
REACTOME_COPI_MEDIATED_ANTEROGRADE_TRANSPORT,3.54590275366974,0.00547459826552679,1.85698061252918,0.307627880524672,TRUE,2.4374661532296
GOBP_HYDROGEN_PEROXIDE_METABOLIC_PROCESS,2.62213072657992,0.0455855556760112,2.27200500166517,0.209680472531905,TRUE,2.43454389359394
GOBP_ENAMEL_MINERALIZATION,3.33192711101692,0.00938868900725853,1.91593196627986,0.292456522738161,TRUE,2.43289523109685
REACTOME_PHOSPHOLIPASE_C_MEDIATED_CASCADE_FGFR2,1.97200476691826,0.147662573461355,3.13780039430942,0.0878604133797331,TRUE,2.42191517679297
GOBP_FIBROBLAST_GROWTH_FACTOR_RECEPTOR_SIGNALING_PATHWAY,3.16446683992651,0.0140842704988703,1.95240925093184,0.285649364420751,TRUE,2.4148852631306
GOBP_FOLIC_ACID_CONTAINING_COMPOUND_METABOLIC_PROCESS,-3.2161868392279,0.0122633244911008,-1.92817331709048,0.290745563437852,TRUE,2.41093759291336
REACTOME_IRE1ALPHA_ACTIVATES_CHAPERONES,2.278273081124,0.0878552958822881,2.55170347750759,0.153789785265673,TRUE,2.40724867843379
REACTOME_NEUROTRANSMITTER_RECEPTORS_AND_POSTSYNAPTIC_SIGNAL_TRANSMISSION,3.68613493601908,0.00365219148644104,1.7846185802804,0.33192984204354,TRUE,2.40491364732151
REACTOME_ATF4_ACTIVATES_GENES_IN_RESPONSE_TO_ENDOPLASMIC_RETICULUM_STRESS,-5.10609744479628,3.07891607771315e-05,-1.57267593066871,0.401266422739943,TRUE,2.40470400764902
REACTOME_DISEASES_OF_GLYCOSYLATION,5.18260300762449,2.51655902120139e-05,1.55728591810122,0.405300455094661,TRUE,2.39493403283753
GOBP_APOPTOTIC_CELL_CLEARANCE,2.35426993600124,0.0764487610652195,2.43570237176441,0.174681684507117,TRUE,2.39429395347244
GOBP_CELL_PROLIFERATION_INVOLVED_IN_HEART_MORPHOGENESIS,-2.51311976981283,0.0570531607185759,-2.28420707822757,0.206542612195683,TRUE,2.39320194286323
HALLMARK_COAGULATION,3.76404390540461,0.0029684430651245,1.75333972622678,0.34043682847,TRUE,2.39231061359288
GOBP_HISTONE_MONOUBIQUITINATION,-2.22593890369552,0.0970783283474314,-2.5828047504592,0.148199359551676,TRUE,2.3911299866149
GOBP_CELL_PROLIFERATION_IN_FOREBRAIN,-2.29787044033796,0.0849079710498562,-2.48240605332287,0.165688099997202,TRUE,2.38657638252143
REACTOME_RND1_GTPASE_CYCLE,-2.07229479203432,0.124612180254368,-2.81220365096291,0.122673958277608,TRUE,2.38620814318628
REACTOME_REGULATION_OF_GLUCOKINASE_BY_GLUCOKINASE_REGULATORY_PROTEIN,-2.65180367412706,0.0432129534427812,-2.16693202975846,0.233085331212696,TRUE,2.38497343336911
GOBP_REGULATION_OF_ACTIVIN_RECEPTOR_SIGNALING_PATHWAY,2.21315915465176,0.0991991356562769,2.5832535871239,0.148199359551676,TRUE,2.38392800324925
REACTOME_NEF_MEDIATES_DOWN_MODULATION_OF_CELL_SURFACE_RECEPTORS_BY_RECRUITING_THEM_TO_CLATHRIN_ADAPTERS,2.02236173352431,0.135028988911083,2.89012733418048,0.111740153751953,TRUE,2.37960139762309
REACTOME_E3_UBIQUITIN_LIGASES_UBIQUITINATE_TARGET_PROTEINS,-2.56160956788872,0.0517324902921713,-2.21897734250951,0.221373856858645,TRUE,2.37801495842993
GOBP_MESENCHYMAL_TO_EPITHELIAL_TRANSITION,2.33294578168972,0.079546346922491,2.42201413787986,0.177587755238294,TRUE,2.37664576010608
REACTOME_MITOCHONDRIAL_CALCIUM_ION_TRANSPORT,-3.02064098226196,0.0195600157010621,-1.95621527046131,0.285302146861687,TRUE,2.37460103970203
REACTOME_ASSEMBLY_OF_ACTIVE_LPL_AND_LIPC_LIPASE_COMPLEXES,3.27736353254148,0.0107448268783174,1.85937798517003,0.307506004517423,TRUE,2.37265495287044
GOBP_REGULATION_OF_NEURONAL_SYNAPTIC_PLASTICITY,2.07852643377834,0.123749820087402,2.75630859896368,0.125037116367193,TRUE,2.36990931181674
GOBP_MITOTIC_DNA_INTEGRITY_CHECKPOINT_SIGNALING,-3.90133866599862,0.00197025882596769,-1.69896236375141,0.360019743415258,TRUE,2.36709688517427
GOBP_HORMONE_BIOSYNTHETIC_PROCESS,2.79151904120327,0.0315691296218609,2.05391524034224,0.257986545056513,TRUE,2.36657569550368
GOBP_NEGATIVE_REGULATION_OF_BONE_REMODELING,1.92589346810597,0.159285965612514,3.06355012588441,0.0931910999512009,TRUE,2.36502169651239
REACTOME_GAMMA_CARBOXYLATION_HYPUSINE_FORMATION_AND_ARYLSULFATASE_ACTIVATION,3.77891832835621,0.00288620817991111,1.71914449699146,0.353951996149593,TRUE,2.36319840465371
GOBP_REGULATION_OF_ICOSANOID_SECRETION,2.88233806510549,0.0260811119271134,1.99956876685133,0.270185599865827,TRUE,2.36114017283753
GOBP_MODULATION_BY_HOST_OF_SYMBIONT_PROCESS,-2.5232136642577,0.0559819334954596,-2.21372185257005,0.222404694533323,TRUE,2.35835729974694
GOBP_REGULATION_OF_HEMATOPOIETIC_STEM_CELL_DIFFERENTIATION,-1.76528732349058,0.206054337824259,-3.54866369678679,0.0609188915389984,TRUE,2.35772253653251
REACTOME_DEADENYLATION_DEPENDENT_MRNA_DECAY,-3.07222784027104,0.0174203037742507,-1.91108156235313,0.293899203692446,TRUE,2.35637706051252
GOBP_HISTONE_H2A_UBIQUITINATION,-3.33108502919615,0.00939726975264613,-1.82264412072123,0.320309830064021,TRUE,2.35611238676918
GOBP_POSITIVE_REGULATION_OF_EXTRINSIC_APOPTOTIC_SIGNALING_PATHWAY,3.03452517543843,0.0189674238566546,1.91774263376172,0.292456522738161,TRUE,2.35021146931932
GOBP_DNA_INTEGRITY_CHECKPOINT_SIGNALING,-2.37623375502141,0.0736971846988765,-2.32420139177012,0.198290044838678,TRUE,2.34992958231186
GOBP_CELLULAR_DEFENSE_RESPONSE,2.4676039981648,0.0618701944241714,2.23968247021292,0.217403654632978,TRUE,2.34812538189191
GOBP_CERAMIDE_CATABOLIC_PROCESS,2.38173588298419,0.0729635789833328,2.31309694494602,0.200762457316182,TRUE,2.34691465980392
GOBP_NUCLEOSOME_ASSEMBLY,-5.52177144576075,6.17142312828698e-06,-1.48885081336079,0.429657424449385,TRUE,2.34532502375714
GOBP_COLLAGEN_CATABOLIC_PROCESS,4.40479061103678,0.000381264022080923,1.59748225872377,0.394803841680721,TRUE,2.34463677583689
GOBP_CELLULAR_COMPONENT_DISASSEMBLY_INVOLVED_IN_EXECUTION_PHASE_OF_APOPTOSIS,2.22048935465572,0.0978969730179418,2.48198279511079,0.165688099997202,TRUE,2.34396555660869
REACTOME_LAGGING_STRAND_SYNTHESIS,-5.12311938421675,2.93294520427311e-05,-1.51733620932819,0.417281654518696,TRUE,2.34125337843978
GOBP_REGULATION_OF_CYTOPLASMIC_TRANSLATION,-2.01854850184216,0.135770703830913,-2.78399698087967,0.125037116367193,TRUE,2.34027265545139
GOBP_REGULATION_OF_GLUCONEOGENESIS,-2.20870801282948,0.099521558095865,-2.47702352441971,0.166772931133551,TRUE,2.33518359422049
GOBP_FIBRINOLYSIS,3.59424864417921,0.0048135610538993,1.72876385783521,0.35051937169183,TRUE,2.33462053668999
GOBP_HYALURONAN_METABOLIC_PROCESS,3.57143801865971,0.00507786616645672,1.73075566040494,0.350094324548982,TRUE,2.33159591698323
GOBP_NEGATIVE_REGULATION_OF_RNA_CATABOLIC_PROCESS,-3.76900974939237,0.00294042860447778,-1.68238171689523,0.364932252642344,TRUE,2.32634663365893
GOBP_HISTONE_H4_ACETYLATION,-2.57064288679316,0.0507451155497593,-2.11739922550478,0.244682840663766,TRUE,2.32211107629201
REACTOME_TELOMERE_C_STRAND_LAGGING_STRAND_SYNTHESIS,-5.65217534435156,4.05125517895637e-06,-1.46114970545846,0.438923663691274,TRUE,2.32202922874147
GOBP_REGULATION_OF_INTRACELLULAR_ESTROGEN_RECEPTOR_SIGNALING_PATHWAY,-2.4545494152017,0.063268685336003,-2.19518844962786,0.227820202397464,TRUE,2.31763539448007
GOBP_EXECUTION_PHASE_OF_APOPTOSIS,2.21067827001974,0.0992323947723581,2.4324341197878,0.175463070249416,TRUE,2.31626064605874
REACTOME_RND2_GTPASE_CYCLE,-2.08034994500721,0.123514880217303,-2.61150335538996,0.14468289076239,TRUE,2.31586135112611
GOBP_POSITIVE_REGULATION_OF_GLIAL_CELL_DIFFERENTIATION,2.29991501995395,0.0845154377284712,2.32682718052347,0.198189531990897,TRUE,2.31329283086956
GOBP_REGULATION_OF_SHORT_TERM_NEURONAL_SYNAPTIC_PLASTICITY,2.4591920261627,0.0628301905499387,2.1834714696211,0.230215903449408,TRUE,2.31314444060927
REACTOME_RESOLUTION_OF_ABASIC_SITES_AP_SITES,-3.53089150055117,0.0057019199775486,-1.71911446298307,0.353951996149593,TRUE,2.31238085746298
REACTOME_BASE_EXCISION_REPAIR,-3.77168214868362,0.00291928003114324,-1.66576536310996,0.368500327973335,TRUE,2.31091425537823
GOBP_HISTONE_LYSINE_DEMETHYLATION,-5.18164610306955,2.51655902120139e-05,-1.48643644571356,0.430353613357343,TRUE,2.31016564658391
GOBP_REGULATION_OF_NUCLEAR_TRANSCRIBED_MRNA_CATABOLIC_PROCESS_DEADENYLATION_DEPENDENT_DECAY,-2.04807241149024,0.129613225515261,-2.64740397651877,0.141634263221091,TRUE,2.30948879232964
GOBP_LABYRINTHINE_LAYER_BLOOD_VESSEL_DEVELOPMENT,2.30209491229337,0.0842188601202675,2.30290369007159,0.202812564390053,TRUE,2.30249923015949
GOBP_CELL_COMMUNICATION_BY_ELECTRICAL_COUPLING,3.41293141390944,0.0077498014399831,1.73654434094985,0.347266324969796,TRUE,2.30186800172103
GOBP_POSITIVE_REGULATION_OF_RECEPTOR_INTERNALIZATION,-2.88994304191042,0.0256326821434219,-1.90831616990827,0.294720439040236,TRUE,2.29871909521171
GOBP_COLLAGEN_BIOSYNTHETIC_PROCESS,2.24490450260182,0.0939342301147427,2.35386507553131,0.192774868284955,TRUE,2.29809396483071
GOBP_RELAXATION_OF_CARDIAC_MUSCLE,1.745326395118,0.21300694170413,3.35912494774589,0.0664886793530813,TRUE,2.29712031401632
KEGG_TASTE_TRANSDUCTION,2.76429386529035,0.0334545062868079,1.95510944542089,0.285302146861687,TRUE,2.29033065840423
GOBP_ACTIVATION_OF_JANUS_KINASE_ACTIVITY,-3.58104708817571,0.00497765705108612,-1.67892218301408,0.365451474108188,TRUE,2.28605875235321
GOBP_NUCLEAR_TRANSCRIBED_MRNA_CATABOLIC_PROCESS,-3.10258521944465,0.0161665374377282,-1.80676738753482,0.325636968798052,TRUE,2.28366150908402
REACTOME_G_BETA_GAMMA_SIGNALLING_THROUGH_PI3KGAMMA,2.89870227849524,0.0252263849666592,1.87763312716337,0.302171873240266,TRUE,2.27902731346653
GOBP_REGULATION_OF_DNA_TEMPLATED_TRANSCRIPTION_ELONGATION,-2.68362851942246,0.0402783305308981,-1.98035756956892,0.277545145955088,TRUE,2.27897079920262
GOBP_REGULATION_OF_PROTEIN_DEACETYLATION,-4.37216414036981,0.000419493388497765,-1.54061303153732,0.410783452516265,TRUE,2.27839232050793
GOBP_REGULATION_OF_OXIDOREDUCTASE_ACTIVITY,2.3493740386713,0.0771529670374893,2.20949537884579,0.223384751741783,TRUE,2.27728877764244
GOBP_PROTEIN_K63_LINKED_DEUBIQUITINATION,-2.40012267948816,0.0705601479188162,-2.16594204984608,0.233085331212696,TRUE,2.27702713143562
GOBP_SIGNAL_TRANSDUCTION_IN_ABSENCE_OF_LIGAND,2.43976748982176,0.0651658710433995,2.13451623436569,0.23794294517268,TRUE,2.2769568435667
GOBP_MEMBRANE_LIPID_CATABOLIC_PROCESS,2.6677918771423,0.0417339776850725,1.98520702356516,0.276405886928876,TRUE,2.27643259107915
GOBP_CARDIAC_MUSCLE_CONTRACTION,2.24326994876164,0.0940577000041046,2.30874240553151,0.201572416047418,TRUE,2.27553532576681
REACTOME_ENERGY_DEPENDENT_REGULATION_OF_MTOR_BY_LKB1_AMPK,-3.74523673887113,0.00309025403302115,-1.63201594076616,0.381482754012932,TRUE,2.27338621557693
GOBP_REGULATION_OF_ODONTOGENESIS,2.48210364881195,0.0604229266290968,2.0963268375169,0.251247319190335,TRUE,2.27296253947291
GOBP_ESTABLISHMENT_OF_RNA_LOCALIZATION,-3.08067765254227,0.0170420436178465,-1.79881892555541,0.326886112739121,TRUE,2.27137417814896
REACTOME_SHC_MEDIATED_CASCADE_FGFR4,3.68278102594946,0.00368910370594375,1.64137005153572,0.378596417672656,TRUE,2.27071185410939
REACTOME_FGFR2_MUTANT_RECEPTOR_ACTIVATION,1.87587847126641,0.172692078992461,2.86592753866631,0.115432129013508,TRUE,2.26754606102916
REACTOME_HOMOLOGOUS_DNA_PAIRING_AND_STRAND_EXCHANGE,-2.56258821689157,0.051686602234234,-2.03096712688617,0.264859713116208,TRUE,2.26601490076853
GOBP_RESPONSE_TO_FIBROBLAST_GROWTH_FACTOR,2.65156811157073,0.0432129534427812,1.97005620996178,0.279911592040773,TRUE,2.2605637589359
GOBP_REGULATION_OF_DNA_TEMPLATED_TRANSCRIPTION_IN_RESPONSE_TO_STRESS,-5.12225970147172,2.93294520427311e-05,-1.44822436089572,0.444881004161925,TRUE,2.25803189296008
GOBP_STEROID_HORMONE_BIOSYNTHETIC_PROCESS,2.5043647722853,0.0580547329982059,2.05113996054837,0.259073991440136,TRUE,2.2552068152627
GOBP_REGULATION_OF_MONOOXYGENASE_ACTIVITY,2.50238681451263,0.0582730104563377,2.04937475469135,0.259531606560861,TRUE,2.25333787201492
REACTOME_CARBOXYTERMINAL_POST_TRANSLATIONAL_MODIFICATIONS_OF_TUBULIN,2.1647111099053,0.108040995566715,2.34866161218059,0.194080604072386,TRUE,2.25293774671715
KEGG_O_GLYCAN_BIOSYNTHESIS,4.33003117983814,0.000488952420098832,1.52179832880643,0.415665949118183,TRUE,2.25209370964182
GOBP_C21_STEROID_HORMONE_BIOSYNTHETIC_PROCESS,2.30276063398671,0.0842188601202675,2.19282337775609,0.227981299617669,TRUE,2.24644777559165
REACTOME_HCMV_LATE_EVENTS,-2.66321925830348,0.0422157809508769,-1.93684453211454,0.289518672995055,TRUE,2.24268266410214
GOBP_DETECTION_OF_CHEMICAL_STIMULUS_INVOLVED_IN_SENSORY_PERCEPTION_OF_TASTE,2.17264694257924,0.106404680942066,2.3106794131219,0.201464678729722,TRUE,2.23953830878991
GOBP_POSITIVE_REGULATION_OF_FATTY_ACID_TRANSPORT,3.05473486992097,0.0180055688930276,1.76618996660908,0.336444894711672,TRUE,2.23826019315772
REACTOME_INTEGRATION_OF_ENERGY_METABOLISM,2.50767491432947,0.0576196884351879,2.01663025167018,0.266562492608851,TRUE,2.23550486010325
GOBP_GLUCOSAMINE_CONTAINING_COMPOUND_METABOLIC_PROCESS,1.72601000769243,0.219119857655089,3.16414338174813,0.0878604133797331,TRUE,2.23360811317856
GOBP_MEMBRANE_PROTEIN_ECTODOMAIN_PROTEOLYSIS,2.82448440689103,0.0293826976468408,1.84704105172736,0.310624470787646,TRUE,2.23350539163473
REACTOME_DEFENSINS,2.2836496236864,0.0868200918415464,2.18539925830135,0.229802836658207,TRUE,2.23344444225665
KEGG_LYSOSOME,3.75525122136328,0.0030225100231478,1.58869421742957,0.396896505851212,TRUE,2.23278698059568
REACTOME_CHROMATIN_MODIFYING_ENZYMES,-2.63666996440239,0.0443058725162466,-1.93360819038368,0.290038722960373,TRUE,2.23106185918601
GOBP_NCRNA_3_END_PROCESSING,-2.74150420856149,0.0354224425620389,-1.8806187017495,0.302171873240266,TRUE,2.23089008474628
GOBP_DEOXYRIBONUCLEOSIDE_TRIPHOSPHATE_METABOLIC_PROCESS,-2.99445567925327,0.0205714520157496,-1.77199959301044,0.335066432864493,TRUE,2.22646555640689
REACTOME_METALLOPROTEASE_DUBS,-3.31481452545672,0.00981670756073013,-1.67532356563669,0.367469698933246,TRUE,2.22574477452812
GOBP_POSITIVE_REGULATION_OF_MEMBRANE_POTENTIAL,2.72587865542469,0.0366490905899402,1.87264545436658,0.303283827773272,TRUE,2.22010547356579
GOBP_NEUTROPHIL_HOMEOSTASIS,2.52210375914464,0.0560750561570787,1.97940013545978,0.277547193135137,TRUE,2.21803763336885
GOBP_REGULATION_OF_CHROMATIN_ASSEMBLY,-3.46359650500505,0.00691295875481464,-1.63119986931022,0.381482754012932,TRUE,2.21787790962182
GOBP_DEFINITIVE_HEMOPOIESIS,-4.55103901140057,0.000235179535159151,-1.46020640757908,0.438923663691274,TRUE,2.21100815634889
REACTOME_BINDING_AND_UPTAKE_OF_LIGANDS_BY_SCAVENGER_RECEPTORS,3.62002568289189,0.00443497184483871,1.58726083978922,0.397311988944257,TRUE,2.2068787574712
REACTOME_FRS_MEDIATED_FGFR1_SIGNALING,4.29728543505845,0.000546180935227034,1.48139491494822,0.431640188778888,TRUE,2.20326316944293
REACTOME_TRANSCRIPTIONAL_REGULATION_OF_GRANULOPOIESIS,-3.75919001176128,0.00300490210315319,-1.55569122607263,0.405650006167262,TRUE,2.20066588762398
GOBP_SOMATIC_DIVERSIFICATION_OF_IMMUNOGLOBULINS,-2.99568708795209,0.0205530116425682,-1.73750961318943,0.347266324969796,TRUE,2.19937409834199
REACTOME_MHC_CLASS_II_ANTIGEN_PRESENTATION,3.19457488166062,0.0130388835755473,1.67170298740108,0.367975609460852,TRUE,2.19485221224255
GOBP_CD40_SIGNALING_PATHWAY,1.73239105065063,0.216810319670236,2.97349710368901,0.106659237658179,TRUE,2.1892827039742
GOBP_ACETYL_COA_BIOSYNTHETIC_PROCESS,-3.76658811057104,0.00294853645277968,-1.53593489796755,0.411891580674609,TRUE,2.18206846664496
GOBP_MICROTUBULE_ORGANIZING_CENTER_ORGANIZATION,-1.67674221692343,0.234770543333607,-3.11694071632037,0.0890665973803,TRUE,2.18049719160936
GOBP_NEGATIVE_REGULATION_OF_EXOCYTOSIS,-2.29467123135585,0.0850424505573492,-2.07567547004079,0.254649572126265,TRUE,2.17968646982241
REACTOME_GAP_JUNCTION_ASSEMBLY,3.12799134582854,0.0152824893253591,1.66932588461129,0.367975609460852,TRUE,2.17689874136297
GOBP_DNA_DEPENDENT_DNA_REPLICATION_MAINTENANCE_OF_FIDELITY,-1.64454420086111,0.243376817313399,-3.2166528480821,0.0829348709023037,TRUE,2.17638895697379
GOBP_RESPONSE_TO_ACETYLCHOLINE,2.08930435281768,0.121390182959052,2.2664404189623,0.209680472531905,TRUE,2.17427056948737
GOBP_POSITIVE_REGULATION_OF_ACTIN_CYTOSKELETON_REORGANIZATION,2.08646778546156,0.12199156896525,2.26820137716827,0.209680472531905,TRUE,2.17354243349367
GOBP_REGULATION_OF_DNA_METHYLATION_DEPENDENT_HETEROCHROMATIN_ASSEMBLY,-1.80291742610152,0.193961876929974,-2.73138789923413,0.126530561355369,TRUE,2.17209318192859
GOBP_POSITIVE_REGULATION_OF_LIPID_TRANSPORT,1.84299485648319,0.182329345985666,2.62773238444869,0.142403614822654,TRUE,2.16649194091465
GOBP_MRNA_CIS_SPLICING_VIA_SPLICEOSOME,-4.80975147045089,9.32152253003543e-05,-1.39461337431699,0.460609298253789,TRUE,2.16226604838954
GOBP_POSITIVE_REGULATION_OF_FILOPODIUM_ASSEMBLY,-1.92377823788556,0.159482347947842,-2.46650228838043,0.169264517794144,TRUE,2.16159463965594
GOBP_FACULTATIVE_HETEROCHROMATIN_ASSEMBLY,-2.84473590466726,0.0282199857323641,-1.74283118182588,0.345641788123025,TRUE,2.16144825579159
GOBP_HEMATOPOIETIC_STEM_CELL_PROLIFERATION,-2.48285216450275,0.0603503389684381,-1.90857335777489,0.294720439040236,TRUE,2.15816275076249
REACTOME_GABA_RECEPTOR_ACTIVATION,3.15185543593567,0.0144525280152301,1.64018872231632,0.378596417672656,TRUE,2.15759186254194
GOBP_ACTIVATED_T_CELL_PROLIFERATION,1.867524588352,0.174823865262379,2.55213635277415,0.153789785265673,TRUE,2.15680680265861
GOBP_REGULATION_OF_CILIUM_ASSEMBLY,-2.24456498855441,0.0939477389735487,-2.05793054374904,0.257673281864174,TRUE,2.14719983446577
GOBP_PROTEIN_LOCALIZATION_TO_CELL_SURFACE,2.23274627932728,0.0960629791220375,2.06348869813292,0.25657814381612,TRUE,2.14478339167278
GOBP_POSITIVE_REGULATION_OF_TRANSCRIPTION_FROM_RNA_POLYMERASE_II_PROMOTER_IN_RESPONSE_TO_STRESS,-4.10161402677154,0.00107781767808078,-1.45168578466062,0.442610859304412,TRUE,2.1444024198266
GOBP_POSTSYNAPTIC_SIGNAL_TRANSDUCTION,1.57386298704659,0.268502095168655,3.35852373894892,0.0664886793530813,TRUE,2.14332593832945
GOBP_RESPONSE_TO_CATECHOLAMINE,2.61682106250327,0.0459746925523201,1.81380071293207,0.322833550717891,TRUE,2.14253987334215
REACTOME_EXPORT_OF_VIRAL_RIBONUCLEOPROTEINS_FROM_NUCLEUS,-2.03548233688318,0.132292791905192,-2.26120199451657,0.211374898701962,TRUE,2.14241324936435
REACTOME_ACTIVATION_OF_ATR_IN_RESPONSE_TO_REPLICATION_STRESS,-2.30709931976619,0.0834775356349552,-1.99898846590394,0.270185599865827,TRUE,2.14202085951656
KEGG_COMPLEMENT_AND_COAGULATION_CASCADES,3.55072966236822,0.00540454792285452,1.53079191937687,0.412917424456228,TRUE,2.13929162263969
GOBP_INOSITOL_PHOSPHATE_CATABOLIC_PROCESS,-3.59825065164877,0.00475377038485543,-1.52115985340422,0.415665949118183,TRUE,2.13833777477746
GOBP_RNA_EXPORT_FROM_NUCLEUS,-3.3822727289649,0.00831809204334087,-1.56325615721357,0.40400582729623,TRUE,2.13823790766111
GOBP_MEMBRANE_PROTEIN_PROTEOLYSIS,2.40215581892422,0.0703456301474065,1.92632434109796,0.290745563437852,TRUE,2.13808591192901
GOBP_TRNA_THREONYLCARBAMOYLADENOSINE_METABOLIC_PROCESS,-2.12638750589151,0.114255450768406,-2.1486332566842,0.234951248455387,TRUE,2.13745250163583
GOBP_MAINTENANCE_OF_CELL_NUMBER,-3.29175564696977,0.0104081478862297,-1.57637827049658,0.400895396846752,TRUE,2.13184442402038
REACTOME_NEGATIVE_EPIGENETIC_REGULATION_OF_RRNA_EXPRESSION,-3.14118558172354,0.0148610361007928,-1.61336741924998,0.387981541058646,TRUE,2.13180354676154
REACTOME_DEPOLYMERISATION_OF_THE_NUCLEAR_LAMINA,-1.80729510492945,0.192655089905855,-2.59014448315983,0.147974141388155,TRUE,2.12903684141743
GOBP_REGULATION_OF_ERYTHROCYTE_DIFFERENTIATION,-2.84696213519349,0.0280926716228875,-1.69759433886102,0.360019743415258,TRUE,2.12693442418345
GOBP_INTERLEUKIN_17_PRODUCTION,-2.6201624487777,0.0457105801943125,-1.78292677983918,0.332533483033516,TRUE,2.12194554999841
GOBP_POSITIVE_REGULATION_OF_CILIUM_ASSEMBLY,-2.85856333674388,0.0274299931056383,-1.68631986080016,0.36381999274754,TRUE,2.1212655721103
REACTOME_PKMTS_METHYLATE_HISTONE_LYSINES,-1.69743718883536,0.228483017347225,-2.82148590405644,0.12208639208908,TRUE,2.1196621420062
REACTOME_SUMOYLATION_OF_SUMOYLATION_PROTEINS,-1.93587916319123,0.157012098883564,-2.33788625430511,0.196069322664038,TRUE,2.11797552906954
REACTOME_DISEASES_OF_IMMUNE_SYSTEM,2.2386705081525,0.0949730704145131,2.00740220455984,0.268869325054445,TRUE,2.11673818015131
KEGG_ALDOSTERONE_REGULATED_SODIUM_REABSORPTION,-2.81254646622393,0.0301283446239669,-1.69636538096445,0.360557773075337,TRUE,2.11630061502812
KEGG_VIBRIO_CHOLERAE_INFECTION,2.85590007052446,0.0275522977510324,1.68075952661322,0.364932252642344,TRUE,2.1161302265737
REACTOME_INTEGRIN_CELL_SURFACE_INTERACTIONS,6.09205841334865,8.1992670706956e-07,1.28019105936388,0.503776757108656,TRUE,2.11577178519486
GOBP_DENDRITE_SELF_AVOIDANCE,2.98167922801781,0.0212690938924345,1.6395635162407,0.378596417672656,TRUE,2.11573065944847
GOBP_RRNA_CATABOLIC_PROCESS,-3.35656781856057,0.00896998582331861,-1.54327302352454,0.409960148596648,TRUE,2.11439543975505
HALLMARK_COMPLEMENT,2.31501405000694,0.0821455326399856,1.9449904286227,0.286860070586341,TRUE,2.11393212940424
GOBP_PROTEIN_CATABOLIC_PROCESS_IN_THE_VACUOLE,3.19509588252352,0.0130388835755473,1.57802447123063,0.400803881860638,TRUE,2.11263874232074
GOBP_BILE_ACID_AND_BILE_SALT_TRANSPORT,3.31826093698786,0.00971657307431333,1.5487295213341,0.407946716250644,TRUE,2.11181374469951
GOBP_AMINOGLYCAN_BIOSYNTHETIC_PROCESS,2.91857391453467,0.0242704602581888,1.65230066984817,0.373248328192899,TRUE,2.11003891923154
GOBP_PROTEIN_LOCALIZATION_TO_MICROTUBULE_ORGANIZING_CENTER,-3.07865860908931,0.0171305014399416,-1.60186801285935,0.392973460963537,TRUE,2.10728627214219
GOBP_REGULATION_OF_DEFENSE_RESPONSE_TO_BACTERIUM,3.2165848325628,0.0122633244911008,1.55829867735668,0.405300455094661,TRUE,2.09948572767283
REACTOME_ACTIVATION_OF_ANTERIOR_HOX_GENES_IN_HINDBRAIN_DEVELOPMENT_DURING_EARLY_EMBRYOGENESIS,-2.09000619711496,0.121327016940125,-2.1080974557033,0.248790969090589,TRUE,2.09901284528046
REACTOME_NONHOMOLOGOUS_END_JOINING_NHEJ,-1.83900289501404,0.183523695962477,-2.43653759263011,0.174678517407277,TRUE,2.09601555621159
GOBP_QUATERNARY_AMMONIUM_GROUP_TRANSPORT,-1.93375958557467,0.157350046562937,-2.28485386044876,0.206542612195683,TRUE,2.0946968053899
GOBP_ODONTOGENESIS_OF_DENTIN_CONTAINING_TOOTH,2.8219401713842,0.0295412001601137,1.66347786191061,0.369271569388437,TRUE,2.09310925665747
GOBP_SOMATIC_DIVERSIFICATION_OF_IMMUNE_RECEPTORS,-3.10853915197531,0.0159750472081763,-1.57664642744236,0.400895396846752,TRUE,2.0921549703633
REACTOME_RNA_POLYMERASE_II_TRANSCRIPTION_TERMINATION,-1.89787813891267,0.166011057102171,-2.3253806312402,0.198290044838678,TRUE,2.08999225710338
KEGG_ONE_CARBON_POOL_BY_FOLATE,-3.16539058671445,0.0140643887938892,-1.55805617378912,0.405300455094661,TRUE,2.08824470610044
GOBP_NEGATIVE_REGULATION_OF_LEUKOCYTE_CHEMOTAXIS,2.93613816426042,0.0233444469413578,1.61962073188708,0.385463623112916,TRUE,2.08765667847014
REACTOME_TP53_REGULATES_TRANSCRIPTION_OF_ADDITIONAL_CELL_CYCLE_GENES_WHOSE_EXACT_ROLE_IN_THE_P53_PATHWAY_REMAIN_UNCERTAIN,-2.35292205573352,0.0766651034285599,-1.87600015718912,0.302171873240266,TRUE,2.08756837991552
GOBP_NEUROTRANSMITTER_RECEPTOR_TRANSPORT,1.98795044454131,0.143789194369028,2.19691393299598,0.227400607631668,TRUE,2.08721508546877
GOBP_PYRIMIDINE_DEOXYRIBONUCLEOTIDE_METABOLIC_PROCESS,-2.09122427089923,0.121064057585382,-2.07996902276665,0.254649572126265,TRUE,2.0855814616567
GOBP_REGULATION_OF_LIPOPROTEIN_LIPASE_ACTIVITY,1.5493493275694,0.277064377583427,3.18489513568705,0.0864797714244862,TRUE,2.0846051255501
GOBP_PHOSPHATE_ION_TRANSMEMBRANE_TRANSPORT,2.59513640891128,0.048155823601626,1.73989930024724,0.346838968382141,TRUE,2.08315516865135
GOBP_REGULATION_OF_CELLULAR_RESPONSE_TO_VASCULAR_ENDOTHELIAL_GROWTH_FACTOR_STIMULUS,3.49995284271963,0.00623968252084615,1.48235917070216,0.431518049154634,TRUE,2.08264242763366
REACTOME_HOMOLOGY_DIRECTED_REPAIR,-1.92446023513428,0.159464683051654,-2.26681248846058,0.209680472531905,TRUE,2.08165432422949
REACTOME_G_ALPHA_Q_SIGNALLING_EVENTS,2.52506388663413,0.0558745029584955,1.76697880434509,0.336154586531746,TRUE,2.07907268801271
GOBP_POSITIVE_REGULATION_OF_HISTONE_H3_K4_METHYLATION,-2.4744610236711,0.0612361024419941,-1.78822692155271,0.331519370652321,TRUE,2.07610684888133
GOBP_RESPONSE_TO_MAGNESIUM_ION,2.67311010687497,0.0412887235550713,1.69089418884177,0.362753415817863,TRUE,2.07146741367116
GOBP_REPLICATION_FORK_PROCESSING,-1.48413369436032,0.301101665704262,-3.42145218392104,0.0664886793530813,TRUE,2.07024913875483
GOBP_REGULATION_OF_AMYLOID_BETA_CLEARANCE,2.08926963790138,0.121390182959052,2.04624362721876,0.259929045043279,TRUE,2.06753281057274
GOBP_REGULATION_OF_MRNA_METABOLIC_PROCESS,-3.83020954268404,0.00247837598053612,-1.41498417783247,0.454886434478687,TRUE,2.06653412226962
KEGG_DNA_REPLICATION,-4.40567447313757,0.000381264022080923,-1.34980351150982,0.479493683784056,TRUE,2.06648166851588
GOBP_PEROXISOMAL_TRANSPORT,-2.70049641319799,0.0388764006918791,-1.67303458255194,0.367852534166094,TRUE,2.06607608073577
GOBP_ADULT_BEHAVIOR,2.88794112216355,0.0257299013595316,1.60785936192698,0.390415569470677,TRUE,2.06566247163163
GOBP_BEHAVIORAL_RESPONSE_TO_PAIN,2.2277259773177,0.0968430562271771,1.91863432035709,0.292456522738161,TRUE,2.06165948426126
GOBP_POLYOL_CATABOLIC_PROCESS,-2.60103237612298,0.0476186087768959,-1.70695749132197,0.359345386866753,TRUE,2.06121733625495
GOBP_HISTONE_H3_K14_ACETYLATION,-3.46497169171807,0.00689507394473785,-1.46605794116924,0.43766724491667,TRUE,2.06036046942003
GOBP_ALDEHYDE_BIOSYNTHETIC_PROCESS,2.11284370900165,0.116833782946512,2.00941631543619,0.267896899284388,TRUE,2.05983251695221
KEGG_RENIN_ANGIOTENSIN_SYSTEM,2.71100870436985,0.0378716093750293,1.65848437572587,0.371518286712591,TRUE,2.05798040927701
REACTOME_PLASMA_LIPOPROTEIN_REMODELING,1.53405131830269,0.282330122220872,3.1139818992246,0.0890665973803,TRUE,2.05549651395027
REACTOME_RECYCLING_PATHWAY_OF_L1,2.7635253504439,0.0334952410713622,1.63584904935547,0.380516653803854,TRUE,2.05516053264281
GOBP_NEGATIVE_REGULATION_OF_CELLULAR_AMIDE_METABOLIC_PROCESS,-2.14439354598436,0.111259310249551,-1.97269154184881,0.278807336049417,TRUE,2.05496214934188
REACTOME_SUMOYLATION_OF_CHROMATIN_ORGANIZATION_PROTEINS,-1.67378824566931,0.235499163457434,-2.6238716863631,0.142403614822654,TRUE,2.04381251948063
REACTOME_TRANSPORT_OF_CONNEXONS_TO_THE_PLASMA_MEMBRANE,2.08434364210629,0.122549237470297,2.00422239575685,0.269962079030299,TRUE,2.04349797424143
REACTOME_ER_TO_GOLGI_ANTEROGRADE_TRANSPORT,2.66944265969082,0.0415735210255958,1.65502838696801,0.372646541838481,TRUE,2.04325723608908
REACTOME_NEGATIVE_REGULATION_OF_FGFR3_SIGNALING,1.6227181332088,0.250756900348546,2.75377397341356,0.125037116367193,TRUE,2.04209163528703
GOBP_PEPTIDYL_LYSINE_DIMETHYLATION,-1.66884049548581,0.23692454369533,-2.62923177875773,0.142242286849643,TRUE,2.04173786965057
GOBP_REGULATION_OF_CALCIUM_ION_DEPENDENT_EXOCYTOSIS,4.16558621705922,0.000876202417164151,1.34982644794241,0.479493683784056,TRUE,2.03894750528852
REACTOME_PROCESSIVE_SYNTHESIS_ON_THE_LAGGING_STRAND,-4.14761541736458,0.000937922986834729,-1.35070975842225,0.479493683784056,TRUE,2.03779312401807
HALLMARK_REACTIVE_OXYGEN_SPECIES_PATHWAY,1.55245013342595,0.276250737608744,2.95206333347299,0.106659237658179,TRUE,2.03481736689625
GOBP_BRANCHED_CHAIN_AMINO_ACID_CATABOLIC_PROCESS,-5.54901549454699,5.8968304474993e-06,-1.24028946194318,0.515925123514581,TRUE,2.02741973917872
REACTOME_SUMOYLATION_OF_TRANSCRIPTION_COFACTORS,-2.13977768387483,0.112061147301799,-1.92592764320631,0.290745563437852,TRUE,2.02722856683227
GOBP_MRNA_EXPORT_FROM_NUCLEUS,-3.15384235080585,0.0143807295168273,-1.49275136253802,0.427733093290009,TRUE,2.02638868678172
GOBP_PEPTIDYL_LYSINE_TRIMETHYLATION,-1.56394217472845,0.272068424019703,-2.8604549055886,0.116811889204474,TRUE,2.02223533943672
GOBP_DOSAGE_COMPENSATION,-3.43629400564222,0.0073090425700201,-1.43199751919485,0.446719543628172,TRUE,2.02155703544006
REACTOME_DEFECTS_OF_CONTACT_ACTIVATION_SYSTEM_CAS_AND_KALLIKREIN_KININ_SYSTEM_KKS,3.16285894010445,0.0141125969688822,1.48426101186222,0.430834984339899,TRUE,2.02039467857083
GOBP_METANEPHRIC_MESENCHYME_DEVELOPMENT,2.27701380589503,0.0880796026882807,1.81531588616931,0.322335633910472,TRUE,2.0201203939573
GOBP_DNA_METHYLATION_DEPENDENT_HETEROCHROMATIN_ASSEMBLY,-1.70241894850626,0.226897618852599,-2.48083086512941,0.165815067039096,TRUE,2.01920213278628
GOBP_DNA_REPLICATION,-1.86162829811428,0.176373096529139,-2.19881120110042,0.226831322651749,TRUE,2.01621974910393
GOBP_RETINAL_GANGLION_CELL_AXON_GUIDANCE,-1.80502635311489,0.193415594443266,-2.28166687485101,0.207179752632721,TRUE,2.01555076850497
REACTOME_MOLECULES_ASSOCIATED_WITH_ELASTIC_FIBRES,6.57110763581016,2.01935095276242e-07,1.19023523035939,0.539312157194316,TRUE,2.01541510160981
HALLMARK_APICAL_JUNCTION,2.27916807290009,0.0877152521507881,1.80316046675739,0.325838043121474,TRUE,2.01341255424478
GOBP_POSITIVE_REGULATION_OF_BONE_RESORPTION,2.96402028177802,0.0220386255201757,1.52171179573094,0.415665949118183,TRUE,2.01099153834087
REACTOME_NUCLEAR_IMPORT_OF_REV_PROTEIN,-2.1151948182486,0.116591302205503,-1.91520778750573,0.29247785016542,TRUE,2.01023966301416
REACTOME_COLLAGEN_CHAIN_TRIMERIZATION,4.33495798439194,0.00048119373840067,1.30835563387778,0.494360965304971,TRUE,2.01004838119971
GOBP_NEGATIVE_REGULATION_OF_FATTY_ACID_BIOSYNTHETIC_PROCESS,-2.26745498910347,0.0895705377568386,-1.80161819762673,0.325838043121474,TRUE,2.00787156347561
GOBP_PIGMENT_CELL_DIFFERENTIATION,3.52323121060571,0.00581341627052746,1.40327296182371,0.457084889957144,TRUE,2.00712510252816
GOBP_CELL_DIFFERENTIATION_INVOLVED_IN_METANEPHROS_DEVELOPMENT,2.49496864789927,0.0590720008358685,1.67464155750859,0.367653612109793,TRUE,2.00410972566892
GOBP_REGULATION_OF_SEQUESTERING_OF_TRIGLYCERIDE,1.39833204738853,0.338902077620415,3.52726219972675,0.0609188915389984,TRUE,2.00271623116692
GOBP_DNA_SYNTHESIS_INVOLVED_IN_DNA_REPAIR,-2.91989865862397,0.0242704602581888,-1.51812522342491,0.417163623011079,TRUE,1.99763314543281
REACTOME_G_PROTEIN_ACTIVATION,3.76275988316995,0.00297347729938044,1.3579346503281,0.477788587783449,TRUE,1.99565976560235
GOBP_REGULATION_OF_LIPID_KINASE_ACTIVITY,-1.67519702291962,0.235084698773196,-2.45706542117686,0.171874473416107,TRUE,1.99216227640846
GOBP_SPLICEOSOMAL_COMPLEX_ASSEMBLY,-4.09263184147738,0.00111475745186902,-1.31359336872762,0.492699038842483,TRUE,1.9888383626565
GOBP_POSITIVE_REGULATION_OF_LIPID_LOCALIZATION,1.47234260973391,0.306565374307042,3.06242609458556,0.0931910999512009,TRUE,1.98860877906494
GOBP_PYRIMIDINE_CONTAINING_COMPOUND_CATABOLIC_PROCESS,-2.39076924865186,0.071783362465996,-1.70117554819656,0.35984389550323,TRUE,1.98786561848013
GOBP_MITOTIC_INTRA_S_DNA_DAMAGE_CHECKPOINT_SIGNALING,-2.7232574495188,0.0367985135882364,-1.56189377128291,0.404564347928859,TRUE,1.985198948105
GOBP_POSITIVE_REGULATION_OF_PROTEIN_LOCALIZATION_TO_CELL_SURFACE,1.72694765353688,0.21879238152195,2.3316070609289,0.198189531990897,TRUE,1.98423509161497
GOBP_ODONTOGENESIS,3.011896844032,0.0198926715869686,1.47867640904943,0.433112628085829,TRUE,1.98354221555321
REACTOME_PLASMA_LIPOPROTEIN_ASSEMBLY_REMODELING_AND_CLEARANCE,1.3968747670389,0.339061587119849,3.41600243563156,0.0664886793530813,TRUE,1.98290020939222
REACTOME_WNT5A_DEPENDENT_INTERNALIZATION_OF_FZD4,1.47450278083958,0.305686523604936,3.02600953031895,0.101009831043942,TRUE,1.98282291384457
GOBP_REGULATION_OF_DNA_RECOMBINATION,-2.05773488903598,0.127408288167889,-1.9123195586184,0.293821396521378,TRUE,1.98236408424066
GOBP_SYNAPSE_MATURATION,1.6991175249056,0.228070669289782,2.37233512560943,0.188852924842987,TRUE,1.98006781995228
GOBP_NEUROTRANSMITTER_RECEPTOR_TRANSPORT_TO_PLASMA_MEMBRANE,2.85812338261808,0.0274299931056383,1.51150215632373,0.41889677544768,TRUE,1.97731344133104
GOBP_MACROMOLECULE_DEACYLATION,-3.39356477268498,0.00814379114740501,-1.39472353171626,0.460609298253789,TRUE,1.97694221566257
GOBP_PROTEIN_DNA_COMPLEX_ASSEMBLY,-3.01771179694831,0.0196139524525931,-1.46599044702093,0.43766724491667,TRUE,1.97334096934691
GOBP_HISTONE_UBIQUITINATION,-2.58206047266724,0.0494809700259798,-1.59473374786273,0.39548446356381,TRUE,1.9717030609482
GOBP_AROMATIC_AMINO_ACID_FAMILY_CATABOLIC_PROCESS,2.07138024999039,0.124811222899184,1.87636007687067,0.302171873240266,TRUE,1.96905312067003
REACTOME_SLC_TRANSPORTER_DISORDERS,-2.22680481536068,0.0969323386950257,-1.76427841151864,0.336985439116732,TRUE,1.96874053437292
GOBP_CARDIAC_MUSCLE_CELL_PROLIFERATION,-3.35830252197606,0.00893359859629709,-1.39201705115399,0.461050885547561,TRUE,1.96821047576124
GOBP_NEGATIVE_REGULATION_OF_SIGNALING_RECEPTOR_ACTIVITY,1.98782251807359,0.143789194369028,1.94401895016856,0.286860070586341,TRUE,1.96567673235031
GOBP_REGULATION_OF_CARDIAC_MUSCLE_CONTRACTION,2.47136278879006,0.0614952302046663,1.63142499862464,0.381482754012932,TRUE,1.96541631847033
GOBP_CENTRIOLE_ASSEMBLY,-1.39157868430177,0.340877134502187,-3.30982413680193,0.0711077910460246,TRUE,1.95936442496956
REACTOME_THE_ROLE_OF_NEF_IN_HIV_1_REPLICATION_AND_DISEASE_PATHOGENESIS,1.77953863075037,0.201749249131894,2.1737984814378,0.231628710602761,TRUE,1.9570091107378
GOBP_AMINOGLYCAN_METABOLIC_PROCESS,3.39044744168022,0.00820297217476588,1.37219841099988,0.470834340023758,TRUE,1.95368991773099
GOBP_VESICLE_DOCKING,1.65757926364965,0.239734727626807,2.37485673225375,0.188852924842987,TRUE,1.95242442906558
GOBP_CELLULAR_RESPONSE_TO_INTERFERON_BETA,2.45927210883538,0.0628301905499387,1.61836162376141,0.385966515448632,TRUE,1.95210843559084
KEGG_HOMOLOGOUS_RECOMBINATION,-3.11636986255674,0.0156601851251455,-1.42027431179761,0.452882995643748,TRUE,1.95126613053337
GOBP_REGULATION_OF_FATTY_ACID_TRANSPORT,2.05137988936251,0.128740891670849,1.85929000485385,0.307506004517423,TRUE,1.95061727408429
REACTOME_DNA_DOUBLE_STRAND_BREAK_RESPONSE,-2.49807062589331,0.0587716992907301,-1.59972890194056,0.394126854247242,TRUE,1.95043010385757
GOBP_REGULATION_OF_CATECHOLAMINE_METABOLIC_PROCESS,-1.66795894609581,0.23692454369533,-2.34423357139881,0.194293933216913,TRUE,1.94910156484435
GOBP_GRANULOCYTE_CHEMOTAXIS,1.77267367136607,0.204041619762434,2.16132992887379,0.233709813534591,TRUE,1.94780333186094
GOBP_POSITIVE_REGULATION_OF_DNA_METABOLIC_PROCESS,-2.155869884182,0.109617977464262,-1.77551104111558,0.334517493635346,TRUE,1.94729071301274
KEGG_MISMATCH_REPAIR,-4.47273050719702,0.000308249796043278,-1.24408851927517,0.515313431489154,TRUE,1.94670240497343
GOBP_REGULATION_OF_COMPLEMENT_ACTIVATION,1.44969668159243,0.315420454949445,2.94649935693188,0.107829691979378,TRUE,1.94328474100177
REACTOME_SYNTHESIS_OF_BILE_ACIDS_AND_BILE_SALTS_VIA_7ALPHA_HYDROXYCHOLESTEROL,2.29191179520732,0.0854037598316343,1.681483940002,0.364932252642344,TRUE,1.93980823072446
GOBP_ADENYLATE_CYCLASE_MODULATING_G_PROTEIN_COUPLED_RECEPTOR_SIGNALING_PATHWAY,1.86386730719011,0.175981587105608,2.02193307072781,0.265826919159705,TRUE,1.9396853061584
REACTOME_TRANSFERRIN_ENDOCYTOSIS_AND_RECYCLING,2.08287903060395,0.122910527050057,1.81211588516572,0.32316290434617,TRUE,1.93808631839518
REACTOME_INTERACTIONS_OF_REV_WITH_HOST_CELLULAR_PROTEINS,-1.97569425223763,0.146647343118647,-1.89821326634488,0.297372306026074,TRUE,1.93617892107608
GOBP_LYMPHOCYTE_COSTIMULATION,2.91888983232638,0.0242704602581888,1.447146966577,0.445388396011369,TRUE,1.93496425301983
GOBP_REGULATION_OF_STRIATED_MUSCLE_CONTRACTION,1.52969800665059,0.283637011569226,2.63106314739882,0.141937393315391,TRUE,1.93461335699637
REACTOME_EPIGENETIC_REGULATION_OF_GENE_EXPRESSION,-2.45507750960893,0.0632308936047519,-1.59320369879947,0.39548446356381,TRUE,1.93239469680326
REACTOME_DNA_DOUBLE_STRAND_BREAK_REPAIR,-1.93279781984308,0.157397779967745,-1.9276271845917,0.290745563437852,TRUE,1.93020903945501
REACTOME_ELEVATION_OF_CYTOSOLIC_CA2_LEVELS,1.51621630600153,0.288577301503686,2.65146122478927,0.141634263221091,TRUE,1.92922255335502
GOBP_MATERNAL_PROCESS_INVOLVED_IN_FEMALE_PREGNANCY,1.63828617102285,0.245490590386078,2.34457327501385,0.194293933216913,TRUE,1.92880618834148
REACTOME_TRANSMISSION_ACROSS_CHEMICAL_SYNAPSES,3.13189523328479,0.0151418844463945,1.39315249366927,0.460841706420405,TRUE,1.92846923057698
GOBP_POSITIVE_REGULATION_OF_DNA_RECOMBINATION,-1.54124596254245,0.280075003670356,-2.57042672542588,0.149478662026923,TRUE,1.92703073090742
GOBP_POSITIVE_REGULATION_OF_TRANSCRIPTION_ELONGATION_FROM_RNA_POLYMERASE_II_PROMOTER,-3.69432404370568,0.00358111325224373,-1.30276012215665,0.495509409537704,TRUE,1.92625054240356
GOBP_HETEROTYPIC_CELL_CELL_ADHESION,3.32364935618108,0.00958280545827467,1.35605744282606,0.477788587783449,TRUE,1.92621445760218
GOBP_POSITIVE_REGULATION_OF_GLUCOSE_TRANSMEMBRANE_TRANSPORT,-2.40334544955325,0.0701759996780934,-1.60666707652934,0.390649322824755,TRUE,1.92586730450741
GOBP_HOMOLOGOUS_CHROMOSOME_PAIRING_AT_MEIOSIS,-2.65800551935321,0.0427376581584738,-1.5051413035268,0.421744192471141,TRUE,1.92194705706444
KEGG_VALINE_LEUCINE_AND_ISOLEUCINE_DEGRADATION,-3.65138019001878,0.00402107262816896,-1.30273296241402,0.495509409537704,TRUE,1.92033293769527
REACTOME_TRANSPORT_OF_THE_SLBP_DEPENDANT_MATURE_MRNA,-1.67198275810878,0.235965825359531,-2.25382481931596,0.212526721076583,TRUE,1.91978652207192
GOBP_REGULATION_OF_MORPHOGENESIS_OF_AN_EPITHELIUM,1.76648663049377,0.205731801116019,2.10110672095082,0.250567461061036,TRUE,1.91932118738073
GOBP_POSITIVE_REGULATION_OF_GLIOGENESIS,1.83303392765455,0.185058764402286,2.01286702442689,0.266954764191163,TRUE,1.91874600703623
GOBP_PEPTIDYL_THREONINE_DEPHOSPHORYLATION,2.01117836723675,0.137596372655593,1.82843175428501,0.318567855254543,TRUE,1.91545613945268
REACTOME_SNRNP_ASSEMBLY,-2.07332633987687,0.124384557498161,-1.77985996134447,0.333657315043778,TRUE,1.91541765731806
GOBP_SOMATIC_DIVERSIFICATION_OF_IMMUNOGLOBULINS_INVOLVED_IN_IMMUNE_RESPONSE,-3.57416579369194,0.00503922535193715,-1.30446076321003,0.495233460809462,TRUE,1.91134081885508
GOBP_RNA_CATABOLIC_PROCESS,-3.41620320181897,0.00771145852195821,-1.32380614919381,0.48775554651693,TRUE,1.90817801002745
REACTOME_RUNX1_REGULATES_GENES_INVOLVED_IN_MEGAKARYOCYTE_DIFFERENTIATION_AND_PLATELET_FUNCTION,-1.87155984897802,0.173619413239135,-1.94581699733745,0.286860070586341,TRUE,1.90796618321333
REACTOME_NEGATIVE_REGULATION_OF_FGFR2_SIGNALING,1.4549244071323,0.313654041095684,2.76835746927205,0.125037116367193,TRUE,1.90740327905373
GOBP_CERAMIDE_METABOLIC_PROCESS,3.29348403018663,0.0103770662796149,1.3399262516138,0.482471724936195,TRUE,1.9048715494295
GOBP_RESPIRATORY_BURST,2.22217219736202,0.0977968360030832,1.66163987736987,0.369918399524762,TRUE,1.90145654139266
GOBP_RESPONSE_TO_SALT_STRESS,1.55529633639289,0.275088859749135,2.44364387838371,0.173262790474304,TRUE,1.90079879536855
REACTOME_PRESYNAPTIC_FUNCTION_OF_KAINATE_RECEPTORS,3.72455342009907,0.00330314728555701,1.27538512796939,0.505110663757963,TRUE,1.90011936932983
GOBP_RESPONSE_TO_OXYGEN_RADICAL,3.15833223633723,0.0142089662257197,1.35688430354423,0.477788587783449,TRUE,1.89824403725109
GOBP_MRNA_CATABOLIC_PROCESS,-3.11897648734848,0.0155481331132341,-1.36298198674642,0.475859449193717,TRUE,1.8969871291367
REACTOME_SIGNALING_BY_FGFR2_IN_DISEASE,1.74245503079822,0.213611014542368,2.08152257101556,0.254649572126265,TRUE,1.8969564433985
GOBP_NEGATIVE_REGULATION_OF_CELLULAR_RESPONSE_TO_GROWTH_FACTOR_STIMULUS,2.58416756325389,0.0492363911226087,1.49785034991443,0.424850856781945,TRUE,1.89646217689087
GOBP_REGULATION_OF_T_HELPER_1_TYPE_IMMUNE_RESPONSE,1.41786839876642,0.330223357852374,2.85554987808372,0.117369549612126,TRUE,1.89487369170916
REACTOME_FRS_MEDIATED_FGFR4_SIGNALING,3.32329558898528,0.00958280545827467,1.32416694844981,0.487690168745228,TRUE,1.89376380913961
GOBP_CALCIUM_ION_REGULATED_EXOCYTOSIS,3.44798200084709,0.00711777643339824,1.30513908864986,0.494953004358602,TRUE,1.89353311288897
GOBP_REGULATION_OF_NITRIC_OXIDE_SYNTHASE_ACTIVITY,2.30218583220489,0.0842188601202675,1.60583180052682,0.390649322824755,TRUE,1.89196854646368
GOBP_FATTY_ACID_TRANSPORT,1.50634138331522,0.293167710659923,2.53560980709444,0.155722397457039,TRUE,1.8899258325676
GOBP_RESPONSE_TO_LEUKEMIA_INHIBITORY_FACTOR,-2.45893078469264,0.0628301905499387,-1.5329702535426,0.411942659885956,TRUE,1.88855771340484
GOBP_REGULATION_OF_TRANSLATIONAL_INITIATION,-2.32445380131071,0.0807970343528311,-1.58950878928629,0.396792584029184,TRUE,1.88797908102118
REACTOME_SHC_MEDIATED_CASCADE_FGFR3,4.93711140429903,5.83221221340335e-05,1.1660385943303,0.547720811044917,TRUE,1.88652169558796
GOBP_TERTIARY_ALCOHOL_METABOLIC_PROCESS,2.46908534975328,0.0617237084018321,1.52459222583962,0.415665949118183,TRUE,1.88515385026269
GOBP_POSITIVE_REGULATION_OF_DNA_TEMPLATED_TRANSCRIPTION_ELONGATION,-2.94691168241282,0.0229216097351428,-1.38528252008271,0.463261886818443,TRUE,1.88463630717313
REACTOME_O_LINKED_GLYCOSYLATION_OF_MUCINS,3.38249048189015,0.00831809204334087,1.3058347165925,0.494953004358602,TRUE,1.88424365324546
REACTOME_REGULATION_OF_TP53_ACTIVITY_THROUGH_PHOSPHORYLATION,-2.0675109259836,0.125437278354353,-1.72862502304707,0.35051937169183,TRUE,1.88294158589924
GOBP_IRON_ION_HOMEOSTASIS,1.58276086267439,0.264863020048524,2.32276148975949,0.198290540096627,TRUE,1.88265519823616
GOBP_HISTONE_H3_K4_METHYLATION,-4.48573490848367,0.000294599992618078,-1.19109513112238,0.539312157194316,TRUE,1.8823663811402
GOBP_PARAXIAL_MESODERM_DEVELOPMENT,-3.42650168250167,0.00751348438203307,-1.29751775136212,0.497359104937951,TRUE,1.88227284851863
KEGG_GLYCOSPHINGOLIPID_BIOSYNTHESIS_GANGLIO_SERIES,1.6456869173493,0.243033369394184,2.19407402059056,0.227893092586855,TRUE,1.88072068534513
REACTOME_PROCESSING_OF_CAPPED_INTRON_CONTAINING_PRE_MRNA,-3.57005115304241,0.00509068543158772,-1.27651443521687,0.505110663757963,TRUE,1.88059843546162
GOBP_INOSITOL_PHOSPHATE_METABOLIC_PROCESS,-2.01714529942018,0.13606178766618,-1.75502335104645,0.339626677274072,TRUE,1.87697710837932
GOBP_MEMBRANE_REPOLARIZATION_DURING_CARDIAC_MUSCLE_CELL_ACTION_POTENTIAL,1.39024421552071,0.341442504135891,2.88259062977829,0.113169796214453,TRUE,1.87580615392732
GOBP_NEUTROPHIL_CHEMOTAXIS,1.902798334224,0.164789056663425,1.84485917267173,0.310826071547007,TRUE,1.87338088081874
REACTOME_TNFS_BIND_THEIR_PHYSIOLOGICAL_RECEPTORS,1.53651046736564,0.281463216095436,2.39851432432885,0.183798823286814,TRUE,1.87309740626601
REACTOME_AQUAPORIN_MEDIATED_TRANSPORT,2.34833895285509,0.0773061351530733,1.55697992819473,0.405300455094661,TRUE,1.87248044298514
GOBP_RNA_3_END_PROCESSING,-2.14885575921412,0.110834430467684,-1.65330957476701,0.373091882099608,TRUE,1.86878974975136
GOBP_CALCIUM_ION_REGULATED_EXOCYTOSIS_OF_NEUROTRANSMITTER,3.787277777805,0.00282096295800469,1.23961784925935,0.51603912137288,TRUE,1.86786338200225
GOBP_CELL_CELL_SIGNALING_INVOLVED_IN_CARDIAC_CONDUCTION,1.67760494659851,0.234654363535959,2.09448391610646,0.251704965409154,TRUE,1.86300837871117
GOBP_RETINA_MORPHOGENESIS_IN_CAMERA_TYPE_EYE,-2.70441644658651,0.0385890058213629,-1.42054434118338,0.452882995643748,TRUE,1.86268121180309
REACTOME_REGULATION_OF_INSULIN_SECRETION,3.26895040859705,0.0108771082531805,1.298058231476,0.497359104937951,TRUE,1.85823514715241
REACTOME_BASE_EXCISION_REPAIR_AP_SITE_FORMATION,-1.85687382609377,0.177604342512413,-1.85657050667613,0.307627880524672,TRUE,1.85672215399717
GOBP_REGULATION_OF_TRANSLATIONAL_ELONGATION,-1.51082765162491,0.291017495573098,-2.40343183313767,0.182535854426256,TRUE,1.85535541853337
GOBP_CELLULAR_AMINO_ACID_CATABOLIC_PROCESS,-3.20705975810472,0.0125999353021029,-1.30511046478282,0.494953004358602,TRUE,1.85523464086325
REACTOME_CTLA4_INHIBITORY_SIGNALING,1.26264975339012,0.395531751073983,3.49351399325918,0.0609188915389984,TRUE,1.8548918065158
GOBP_POSITIVE_REGULATION_OF_NUCLEOTIDE_BIOSYNTHETIC_PROCESS,1.87061367317213,0.173895290794013,1.83885438305392,0.313275127467557,TRUE,1.85459807162364
GOBP_CORONARY_VASCULATURE_MORPHOGENESIS,-1.95953696932997,0.15105926968046,-1.75939963055992,0.338076125238655,TRUE,1.85408303008432
GOBP_ATRIAL_CARDIAC_MUSCLE_CELL_TO_AV_NODE_CELL_SIGNALING,2.85129439242713,0.0278158663305632,1.37338677452445,0.470426925622729,TRUE,1.85383457547912
GOBP_LYSOSOMAL_PROTEIN_CATABOLIC_PROCESS,2.29688601326716,0.0849757216860566,1.55153386250774,0.407711557336451,TRUE,1.8520309856714
GOBP_POSITIVE_REGULATION_OF_ISOTYPE_SWITCHING,-1.55100951725149,0.276794587417291,-2.29723552678228,0.20422884113374,TRUE,1.85177093695299
GOBP_REGULATION_OF_DNA_REPLICATION,-1.44196939765631,0.318740619619529,-2.57920127929603,0.148199359551676,TRUE,1.84977441343506
GOBP_PROTEIN_ACETYLATION,-2.96563994041895,0.0220119596791353,-1.3368387339197,0.482900502103667,TRUE,1.84292945685351
GOBP_NEURAL_NUCLEUS_DEVELOPMENT,1.59686657828972,0.259913628404704,2.17595447536843,0.231546379186492,TRUE,1.8419686108498
GOBP_DOPAMINE_SECRETION,1.42785910311976,0.325168292946111,2.59239095851883,0.147974141388155,TRUE,1.84146208430516
REACTOME_G_BETA_GAMMA_SIGNALLING_THROUGH_CDC42,2.82667899356987,0.0293545738791741,1.36520120614046,0.474837251255735,TRUE,1.8411716879028
GOBP_REGULATION_OF_MITOCHONDRIAL_MEMBRANE_POTENTIAL,2.53316627651164,0.0550125531475056,1.44582556135273,0.445546631747545,TRUE,1.8409268995651
KEGG_SPLICEOSOME,-4.07520997767301,0.00117768250142865,-1.18859419072835,0.539830865860633,TRUE,1.84040695683077
GOBP_DENDRITIC_SPINE_MAINTENANCE,-1.6756044459555,0.235084698773196,-2.0383362375066,0.262179180145973,TRUE,1.83925676418419
REACTOME_DISEASES_OF_DNA_REPAIR,-1.56970874809363,0.269931787814263,-2.21867616442456,0.221373856858645,TRUE,1.83860693403991
GOBP_NUCLEAR_EXPORT,-2.18661311285504,0.103171293441429,-1.5828861712248,0.398399264635893,TRUE,1.83640287333385
GOBP_KIDNEY_MESENCHYME_DEVELOPMENT,3.54301536828235,0.00551989054757362,1.23886334259725,0.51631735794063,TRUE,1.83581062064048
GOBP_CARBOHYDRATE_DERIVATIVE_TRANSPORT,3.36223947742714,0.00882671512153537,1.2617294010597,0.511505163072338,TRUE,1.83488968613546
GOBP_NUCLEAR_TRANSCRIBED_MRNA_CATABOLIC_PROCESS_NONSENSE_MEDIATED_DECAY,-2.44497859310865,0.0644674113728237,-1.46648873454063,0.43766724491667,TRUE,1.83334450355319
GOBP_MIDDLE_EAR_MORPHOGENESIS,-1.68975200054078,0.230327744301831,-2.00078897229325,0.270185599865827,TRUE,1.83216346518232
GOBP_RNA_LOCALIZATION,-2.59129645106752,0.0485683832613706,-1.41178963180191,0.454886434478687,TRUE,1.82777256686915
GOBP_NEGATIVE_REGULATION_OF_ENDOPLASMIC_RETICULUM_STRESS_INDUCED_INTRINSIC_APOPTOTIC_SIGNALING_PATHWAY,1.77793749637841,0.202138109807927,1.87948549331538,0.302171873240266,TRUE,1.8273017596712
REACTOME_SCAVENGING_BY_CLASS_A_RECEPTORS,1.99120673390273,0.143100304859402,1.68728839437976,0.36381999274754,TRUE,1.82669265325007
GOBP_HYDROGEN_PEROXIDE_CATABOLIC_PROCESS,2.89781292419091,0.0252263849666592,1.3328329632744,0.483863546430397,TRUE,1.82586805395723
REACTOME_CHONDROITIN_SULFATE_BIOSYNTHESIS,3.79022641919973,0.00279774772648518,1.1987443061537,0.536181064585109,TRUE,1.82142272992678
REACTOME_DOWNSTREAM_SIGNALING_OF_ACTIVATED_FGFR2,2.88497506878319,0.0259401358238977,1.33003943458582,0.484567152541313,TRUE,1.82069627813219
REACTOME_PI_3K_CASCADE_FGFR2,1.82246154076905,0.187994812294773,1.81622281637101,0.322272145167772,TRUE,1.81933683025203
GOBP_PROTEIN_LOCALIZATION_TO_SYNAPSE,3.92362385417387,0.00185376035166641,1.18389017502671,0.541919138264964,TRUE,1.8189435035909
GOBP_SUBSTANTIA_NIGRA_DEVELOPMENT,1.44646626813606,0.31669765528808,2.44945622759988,0.172898423135719,TRUE,1.81885333313323
REACTOME_G2_M_DNA_DAMAGE_CHECKPOINT,-1.34744329362036,0.359092279868198,-2.79728037632298,0.125037116367193,TRUE,1.81878310044431
REACTOME_ADRENALINE_NORADRENALINE_INHIBITS_INSULIN_SECRETION,1.81844457309084,0.189170122655492,1.81430836074167,0.32276267287614,TRUE,1.81637411219342
GOBP_POSITIVE_REGULATION_OF_OXIDOREDUCTASE_ACTIVITY,1.57370120307882,0.268502095168655,2.14742173936202,0.235040244267794,TRUE,1.81633352459725
GOBP_OLEFINIC_COMPOUND_BIOSYNTHETIC_PROCESS,1.46443868560146,0.309620876054153,2.38902362511354,0.186385332808991,TRUE,1.81581047657008
HALLMARK_EPITHELIAL_MESENCHYMAL_TRANSITION,6.01905045333471,1.00372994971301e-06,1.06861852335258,0.595770983927461,TRUE,1.81500259918558
GOBP_MUSCLE_ORGAN_MORPHOGENESIS,3.0891001209692,0.0167270654847103,1.2811870184025,0.503358143747069,TRUE,1.81119219278591
GOBP_PTERIDINE_CONTAINING_COMPOUND_METABOLIC_PROCESS,-3.66627255788737,0.00387531708487607,-1.20106358809221,0.535333706531031,TRUE,1.80937841202418
GOBP_ENDODERMAL_CELL_FATE_COMMITMENT,-2.34335636399974,0.0779569765355589,-1.47135229311346,0.435806477371963,TRUE,1.80768864396699
REACTOME_PCNA_DEPENDENT_LONG_PATCH_BASE_EXCISION_REPAIR,-4.67765747542716,0.000148236129995901,-1.11844351397275,0.57269578707297,TRUE,1.80524655231009
GOBP_NON_MOTILE_CILIUM_ASSEMBLY,-1.32556384166217,0.368180787024229,-2.82399977413013,0.12208639208908,TRUE,1.80423405256521
KEGG_TYROSINE_METABOLISM,1.60729739760842,0.256474219164964,2.05545575468763,0.257673281864174,TRUE,1.80395923396459
GOBP_ALCOHOL_CATABOLIC_PROCESS,-2.87676730966866,0.0264881268079097,-1.31307074235167,0.492907761060769,TRUE,1.80312410168607
REACTOME_RECOGNITION_OF_DNA_DAMAGE_BY_PCNA_CONTAINING_REPLICATION_COMPLEX,-4.23711984168293,0.000685741719237908,-1.14467699421041,0.559841714936996,TRUE,1.80242166413248
KEGG_PENTOSE_PHOSPHATE_PATHWAY,1.20311136313213,0.418897368398308,3.58900445749492,0.0609188915389984,TRUE,1.80211506014017
REACTOME_SUMOYLATION_OF_UBIQUITINYLATION_PROTEINS,-1.62169829282116,0.251146581112632,-2.02485600011372,0.265352694894437,TRUE,1.80099088334169
GOBP_POSITIVE_REGULATION_OF_GLUCONEOGENESIS,-2.20594467079486,0.100144421186907,-1.52094159923042,0.415665949118183,TRUE,1.80049122636081
GOBP_SPECIFICATION_OF_ANIMAL_ORGAN_IDENTITY,1.4411315266711,0.319108487083403,2.39462659992071,0.184954905812794,TRUE,1.79936887251921
GOBP_CHONDROITIN_SULFATE_PROTEOGLYCAN_METABOLIC_PROCESS,2.35695041852077,0.076203987630441,1.45485177042023,0.441254783322479,TRUE,1.79915605228733
GOBP_GOLGI_TO_PLASMA_MEMBRANE_TRANSPORT,-1.54979872640239,0.277064377583427,-2.13821363200169,0.237097957349,TRUE,1.79706597571513
GOBP_SNRNA_TRANSCRIPTION_BY_RNA_POLYMERASE_II,-2.26910717127821,0.0893177155318791,-1.48652599263362,0.430353613357343,TRUE,1.79628128891217
GOBP_REGULATION_OF_LIPID_LOCALIZATION,1.29764329610758,0.379492485406475,2.91152231775365,0.108776512986925,TRUE,1.79518591744591
GOBP_ER_NUCLEUS_SIGNALING_PATHWAY,-1.32442797635568,0.368788069238178,-2.78091317530025,0.125037116367193,TRUE,1.79430603846316
REACTOME_REGULATION_OF_INSULIN_LIKE_GROWTH_FACTOR_IGF_TRANSPORT_AND_UPTAKE_BY_INSULIN_LIKE_GROWTH_FACTOR_BINDING_PROTEINS_IGFBPS,5.79352556289536,2.36593078857709e-06,1.06080888867611,0.599013509267989,TRUE,1.79326627765665
GOBP_GRANULOCYTE_MIGRATION,1.89254547366095,0.167387889274603,1.70363330057355,0.359443512838053,TRUE,1.79312748013472
REACTOME_RESOLUTION_OF_AP_SITES_VIA_THE_MULTIPLE_NUCLEOTIDE_PATCH_REPLACEMENT_PATHWAY,-4.06926873832718,0.00119621479171186,-1.14787219622134,0.558356664758768,TRUE,1.79063609830685
GOBP_FAT_SOLUBLE_VITAMIN_METABOLIC_PROCESS,1.66241347510876,0.238252183054788,1.93639681502511,0.289518672995055,TRUE,1.78897574416777
REACTOME_HDACS_DEACETYLATE_HISTONES,-2.82301569668189,0.0294777104442122,-1.3093052004141,0.494216047664213,TRUE,1.78891679739284
GOBP_NUCLEAR_TRANSCRIBED_MRNA_POLY_A_TAIL_SHORTENING,-3.57562343569139,0.00502522655228101,-1.19180307730643,0.539312157194316,TRUE,1.78773139022812
GOBP_ADP_METABOLIC_PROCESS,1.52313775572996,0.286060085161756,2.15714521109642,0.234131129706116,TRUE,1.78553081120626
GOBP_DNA_PACKAGING,-2.8306334766478,0.0291353894391591,-1.30275106179963,0.495509409537704,TRUE,1.7843056860389
GOBP_BONE_RESORPTION,1.21258157327054,0.416373787888848,3.36552737970334,0.0664886793530813,TRUE,1.78282191484971
REACTOME_GABA_B_RECEPTOR_ACTIVATION,1.98847763622714,0.143738223548595,1.61374207811001,0.387960492042798,TRUE,1.78161816181773
GOBP_POSITIVE_REGULATION_OF_MACROAUTOPHAGY,-2.48742557307856,0.0600352350950069,-1.38739266881986,0.462721578426938,TRUE,1.78126342392434
GOBP_POSITIVE_REGULATION_OF_CELLULAR_CARBOHYDRATE_METABOLIC_PROCESS,-2.82511684281874,0.0293826976468408,-1.29692838927379,0.497359104937951,TRUE,1.77774576947433
GOBP_P_BODY_ASSEMBLY,-3.6468749976652,0.00405577679932305,-1.17514965135528,0.544731510588893,TRUE,1.77752052051958
REACTOME_O_LINKED_GLYCOSYLATION,4.50866181104912,0.000270894717399888,1.10597671467209,0.578228390385327,TRUE,1.77624078718803
GOBP_DICARBOXYLIC_ACID_CATABOLIC_PROCESS,-2.78675936506658,0.0318068781084125,-1.30148603348654,0.496108675176821,TRUE,1.77432029574623
GOBP_DNA_STRAND_ELONGATION_INVOLVED_IN_DNA_REPLICATION,-1.91188487909181,0.162405508521572,-1.64858096548516,0.375304353558874,TRUE,1.77049698407886
GOBP_POSITIVE_REGULATION_OF_HETEROTYPIC_CELL_CELL_ADHESION,1.31100466614374,0.374362393313147,2.71259706011577,0.131367914704231,TRUE,1.76768360544749
REACTOME_TRANSPORT_TO_THE_GOLGI_AND_SUBSEQUENT_MODIFICATION,2.6598277602592,0.0425530672492336,1.32349191618001,0.487780350261711,TRUE,1.76750089125715
GOBP_DOPAMINE_TRANSPORT,1.69213064081004,0.22959034727459,1.84570645008819,0.31081578666469,TRUE,1.7655852193816
KEGG_DILATED_CARDIOMYOPATHY,2.85311101285824,0.0276917023402061,1.27069153993878,0.507360472086819,TRUE,1.75829176112525
GOBP_POSTREPLICATION_REPAIR,-2.10311214554247,0.118701415309737,-1.50853819881149,0.42027202933245,TRUE,1.75688380958302
REACTOME_PROTEIN_FOLDING,2.18658514691146,0.103171293441429,1.46812078236929,0.436933412839684,TRUE,1.75673291297201
GOBP_GOLGI_TO_PLASMA_MEMBRANE_PROTEIN_TRANSPORT,-1.84673433771459,0.181195722285172,-1.67399034904194,0.367653612109793,TRUE,1.75612451050613
GOBP_PLATELET_AGGREGATION,4.83162836794105,8.71602506703308e-05,1.07243086692394,0.594181856688857,TRUE,1.75526267375053
GOBP_NEGATIVE_REGULATION_OF_MRNA_METABOLIC_PROCESS,-4.05941488607936,0.00122371670801504,-1.11912550060894,0.572305289825024,TRUE,1.75454640780284
GOBP_ADRENERGIC_RECEPTOR_SIGNALING_PATHWAY,1.72875538390371,0.218170036230688,1.78094216482078,0.333159199572699,TRUE,1.75446078365013
GOBP_POSITIVE_REGULATION_OF_ALPHA_BETA_T_CELL_PROLIFERATION,1.31685500929572,0.372232145337598,2.62147761167117,0.142403614822654,TRUE,1.75307992337033
REACTOME_DISEASES_ASSOCIATED_WITH_GLYCOSAMINOGLYCAN_METABOLISM,3.64828336149555,0.00404561799605791,1.152740035227,0.555824356408681,TRUE,1.75192743010558
REACTOME_ADP_SIGNALLING_THROUGH_P2Y_PURINOCEPTOR_1,4.14691219190096,0.000937922986834729,1.1103892088525,0.57605960252985,TRUE,1.75173009760702
GOBP_ANION_TRANSMEMBRANE_TRANSPORT,3.10281050764594,0.0161665374377282,1.22024957773694,0.525342109821018,TRUE,1.75163108398821
GOBP_REGULATION_OF_CENTROSOME_CYCLE,-1.38318151243642,0.344388140567797,-2.38612970108685,0.186857610528746,TRUE,1.75122206782908
REACTOME_NEGATIVE_REGULATION_OF_MET_ACTIVITY,-2.11879741885348,0.115844317947812,-1.48996322012341,0.42934342548524,TRUE,1.749592472766
GOBP_NUCLEOSOME_ORGANIZATION,-3.95988039801348,0.00166426576144833,-1.12220575187576,0.570660540581132,TRUE,1.74880961413361
GOBP_CATECHOLAMINE_SECRETION,1.41655118324383,0.330765571204884,2.27928920347841,0.208103364250975,TRUE,1.74722362456011
REACTOME_SIGNALING_BY_CYTOSOLIC_FGFR1_FUSION_MUTANTS,-2.12977525166884,0.113959947877482,-1.47680065044638,0.433688551087148,TRUE,1.74417706008876
GOBP_POSITIVE_REGULATION_OF_ALCOHOL_BIOSYNTHETIC_PROCESS,1.85836366509501,0.177107048098373,1.6405457095353,0.378596417672656,TRUE,1.74267476581901
GOBP_EXTRACELLULAR_MATRIX_ASSEMBLY,2.01786079954186,0.135911659560972,1.53334942176686,0.411942659885956,TRUE,1.74255281853929
GOBP_T_CELL_HOMEOSTASIS,3.60203084624121,0.00469869893324072,1.14652044415331,0.558954074815941,TRUE,1.73939450292566
GOBP_NEGATIVE_REGULATION_OF_DNA_TEMPLATED_TRANSCRIPTION_ELONGATION,-2.42476482995963,0.0669750606908487,-1.35598284422694,0.477788587783449,TRUE,1.73930650445616
GOBP_POSITIVE_REGULATION_OF_DNA_REPAIR,-1.53332188740425,0.282421454285253,-2.00549898491818,0.2697735309154,TRUE,1.73790965956633
GOBP_CARDIAC_MUSCLE_CELL_CONTRACTION,2.63186852294455,0.0448150984540327,1.2947799887426,0.498041965385811,TRUE,1.73567391446808
GOBP_HISTONE_H4_K16_ACETYLATION,-2.60740123448338,0.0469755553501059,-1.30002405856269,0.496737309929541,TRUE,1.73499636253416
GOBP_NEGATIVE_REGULATION_OF_VASCULAR_PERMEABILITY,-5.57049690732261,5.56877044525257e-06,-1.02734711968529,0.611840976897429,TRUE,1.73475878772751
GOBP_POSITIVE_REGULATION_OF_BROWN_FAT_CELL_DIFFERENTIATION,-4.21360233900966,0.000743733482244094,-1.09124720752639,0.585678791403912,TRUE,1.73353899888581
GOBP_ACTIN_FILAMENT_SEVERING,1.92675565790053,0.159094932955877,1.57303898715803,0.401266422739943,TRUE,1.7320226333189
GOBP_REGULATION_OF_ACTIN_CYTOSKELETON_REORGANIZATION,1.58749923604767,0.263164378828048,1.90362311975757,0.294902107452341,TRUE,1.73124854436148
GOBP_RESPONSE_TO_MANGANESE_ION,-1.25909201393152,0.397394085683878,-2.76878458197646,0.125037116367193,TRUE,1.73101358616843
GOBP_POSITIVE_REGULATION_OF_TRANSCRIPTION_FROM_RNA_POLYMERASE_II_PROMOTER_INVOLVED_IN_CELLULAR_RESPONSE_TO_CHEMICAL_STIMULUS,-3.97124767461071,0.00160060472466656,-1.10627972162758,0.578228390385327,TRUE,1.73049219792977
GOBP_MAINTENANCE_OF_PROTEIN_LOCATION_IN_NUCLEUS,-2.77338502713863,0.0326828590774144,-1.25716806050364,0.512281152062008,TRUE,1.73009063509805
REACTOME_NEGATIVE_REGULATION_OF_FGFR1_SIGNALING,1.33650017643286,0.363831595227797,2.44768279937393,0.172937865686601,TRUE,1.72894836963716
KEGG_REGULATION_OF_ACTIN_CYTOSKELETON,3.33611903478218,0.00934706101529052,1.1665480164374,0.547720811044917,TRUE,1.72863904808155
REACTOME_NS1_MEDIATED_EFFECTS_ON_HOST_PATHWAYS,-1.48777294684516,0.299761156940447,-2.06243050070454,0.256582296191013,TRUE,1.72859293785787
GOBP_KERATAN_SULFATE_METABOLIC_PROCESS,2.396496280679,0.0710839482383548,1.35048182513619,0.479493683784056,TRUE,1.72748523192096
GOBP_NEGATIVE_REGULATION_OF_TISSUE_REMODELING,1.13110956881558,0.451611160851808,3.64984891376628,0.0585938549904334,TRUE,1.72700894439173
REACTOME_TRANSLESION_SYNTHESIS_BY_POLK,-4.57811200799209,0.000213793521949935,-1.06391126937759,0.597783174115498,TRUE,1.72658095095502
GOBP_S_ADENOSYLMETHIONINE_METABOLIC_PROCESS,-1.64053160503313,0.244819378373939,-1.82018927761692,0.321199483461608,TRUE,1.72569712399712
REACTOME_NUCLEAR_ENVELOPE_BREAKDOWN,-1.47476821270103,0.305660306982464,-2.07814143704118,0.254649572126265,TRUE,1.72522086682814
GOBP_NEGATIVE_REGULATION_OF_NEURON_APOPTOTIC_PROCESS,1.51948399808637,0.287362703109849,1.99484251779663,0.272061936421135,TRUE,1.72501403657008
GOBP_POSITIVE_REGULATION_OF_CARBOHYDRATE_METABOLIC_PROCESS,-1.96845543315455,0.148386198354212,-1.53263338255137,0.411951927270173,TRUE,1.7234184379347
KEGG_GAP_JUNCTION,1.67688392540181,0.234770543333607,1.76994639155154,0.335233740874392,TRUE,1.72215884154061
REACTOME_RNA_POLYMERASE_I_PROMOTER_ESCAPE,-2.01939927288647,0.135577030398574,-1.50101311305065,0.423342324808081,TRUE,1.72203961172047
GOBP_COMPLEMENT_ACTIVATION,2.03287408845307,0.13279825203695,1.49262031208141,0.427733093290009,TRUE,1.72135241846875
REACTOME_BIOSYNTHESIS_OF_THE_N_GLYCAN_PRECURSOR_DOLICHOL_LIPID_LINKED_OLIGOSACCHARIDE_LLO_AND_TRANSFER_TO_A_NASCENT_PROTEIN,2.63104922526637,0.0448150984540327,1.27789655987605,0.505110663757963,TRUE,1.720263691869
GOBP_PROTEIN_MONOUBIQUITINATION,-1.37999760417857,0.345439324449263,-2.27449704105579,0.209236067848,TRUE,1.71777538186375
REACTOME_DARPP_32_EVENTS,4.10163073901509,0.00107781767808078,1.08606192990344,0.587867733752209,TRUE,1.71738199637591
GOBP_RESPONSE_TO_INTERFERON_BETA,1.5830057073959,0.264852799108433,1.8730041616977,0.303283827773272,TRUE,1.71583785362358
GOBP_REGULATION_OF_ACTIN_NUCLEATION,-3.11575834710657,0.015666669907106,-1.18335009329486,0.542095723099694,TRUE,1.71525467749705
GOBP_REGULATION_OF_ISOTYPE_SWITCHING,-2.97839476611131,0.0213425369048671,-1.20239724719882,0.534614345723076,TRUE,1.71317475561679
GOBP_NEGATIVE_REGULATION_OF_CHEMOTAXIS,2.21301971401341,0.0991991356562769,1.39740552978025,0.459201021139592,TRUE,1.71308683994555
GOBP_NEUTROPHIL_MIGRATION,2.09127297515153,0.121064057585382,1.44599662827076,0.445546631747545,TRUE,1.70977845055248
GOBP_ANTIMICROBIAL_HUMORAL_IMMUNE_RESPONSE_MEDIATED_BY_ANTIMICROBIAL_PEPTIDE,1.93569774497854,0.157012098883564,1.52917661061916,0.413700923485279,TRUE,1.70858935306982
GOBP_REGULATION_OF_TRANSCRIPTION_ELONGATION_FROM_RNA_POLYMERASE_II_PROMOTER,-2.85984363907821,0.0274299931056383,-1.21662303338356,0.526816395782183,TRUE,1.70704284996734
GOBP_REGULATION_OF_MRNA_CATABOLIC_PROCESS,-3.51139695419428,0.00602417106998179,-1.12697205922005,0.567517101816607,TRUE,1.70630937071322
REACTOME_GROWTH_HORMONE_RECEPTOR_SIGNALING,-4.06669152502986,0.00120358624150012,-1.0788005817853,0.591043542316941,TRUE,1.70523988457113
GOBP_RESPONSE_TO_DOPAMINE,1.63864147078358,0.245426661288926,1.77669032259448,0.334234284827513,TRUE,1.70487590633974
GOBP_RESPONSE_TO_COPPER_ION,2.3750494473617,0.0738281812399798,1.32258836955985,0.488228551169708,TRUE,1.69903756492048
GOBP_MITOTIC_G2_M_TRANSITION_CHECKPOINT,-2.30203370881734,0.0842188601202675,-1.34357279005672,0.48080953493342,TRUE,1.69680949050073
GOBP_POSITIVE_REGULATION_OF_CHONDROCYTE_DIFFERENTIATION,1.36701631397494,0.350393730180202,2.23204276778774,0.219234000944631,TRUE,1.69557587565983
GOBP_CHEMICAL_HOMEOSTASIS_WITHIN_A_TISSUE,1.61273521931925,0.254241207570726,1.78485727021776,0.33192984204354,TRUE,1.6944363928297
GOBP_RETROGRADE_VESICLE_MEDIATED_TRANSPORT_GOLGI_TO_ENDOPLASMIC_RETICULUM,2.52974056817864,0.0553429708949682,1.27171358287456,0.506812366941915,TRUE,1.69256569400438
GOBP_REGULATION_OF_SENSORY_PERCEPTION,1.36348476071832,0.352231943784698,2.21655613472749,0.221711857664767,TRUE,1.68838323317605
GOBP_KILLING_BY_HOST_OF_SYMBIONT_CELLS,2.99709146052225,0.0205183829026198,1.17269946758212,0.54562871511172,TRUE,1.68578598814649
REACTOME_MEIOTIC_RECOMBINATION,-1.41955572884361,0.329589038602884,-2.07344710110707,0.254649572126265,TRUE,1.68529706623356
REACTOME_MRNA_SPLICING,-3.6036651732324,0.00469638492816884,-1.09902927670265,0.580931244143426,TRUE,1.68436778998934
GOBP_PROTEIN_DNA_COMPLEX_SUBUNIT_ORGANIZATION,-2.89622681645321,0.0253212342792645,-1.18489539608103,0.541490860906136,TRUE,1.68175596912146
REACTOME_IRAK4_DEFICIENCY_TLR2_4,3.25284291317841,0.0112702576418767,1.13388044201138,0.565517570598848,TRUE,1.68158995293139
GOBP_ANTIMICROBIAL_HUMORAL_RESPONSE,1.58408998560623,0.264516127151491,1.79102427259854,0.330188033673004,TRUE,1.68121337362375
GOBP_REGULATION_OF_KIDNEY_DEVELOPMENT,1.48947237620647,0.299034583218515,1.92951950268368,0.290745563437852,TRUE,1.68117743498818
GOBP_AMELOGENESIS,2.20121231195665,0.100823961618764,1.35973136163595,0.477151272862722,TRUE,1.68104732258625
REACTOME_PI_3K_CASCADE_FGFR1,1.91894685109166,0.160606336065789,1.49517076944702,0.426534300548161,TRUE,1.68075828589758
GOBP_MICROTUBULE_ANCHORING,-1.08619010499669,0.470611634255552,-3.69272315152018,0.0542619650704133,TRUE,1.67862404374205
GOBP_REGULATION_OF_CARBOHYDRATE_BIOSYNTHETIC_PROCESS,-2.49523024004218,0.0590720008358685,-1.2603439704533,0.511505163072338,TRUE,1.67476301181384
GOBP_REGULATION_OF_ACTIN_FILAMENT_BASED_MOVEMENT,2.42975117809793,0.0664365734922912,1.27690882066931,0.505110663757963,TRUE,1.67405195641184
GOBP_CARDIAC_MUSCLE_CELL_MEMBRANE_REPOLARIZATION,2.04687197700868,0.129908938452938,1.41558717608149,0.454886434478687,TRUE,1.67368081102015
KEGG_CARDIAC_MUSCLE_CONTRACTION,1.17199176481353,0.432452890870927,2.9189930472834,0.108776512986925,TRUE,1.67247544055807
KEGG_PANCREATIC_CANCER,1.44609043883678,0.316789495286621,1.97988384800438,0.277545145955088,TRUE,1.6714025634129
GOBP_MYOTUBE_CELL_DEVELOPMENT,1.81371368239338,0.190302498144156,1.54438796825952,0.409708617088738,TRUE,1.66825062511816
GOBP_REGULATION_OF_CELLULAR_RESPONSE_TO_HEAT,-1.74101708534772,0.213776418722345,-1.5977293827856,0.394803841680721,TRUE,1.66629852235951
GOBP_NUCLEOTIDE_EXCISION_REPAIR,-3.70778079527698,0.0034616432325922,-1.07393798445771,0.593916619889962,TRUE,1.66547922097238
GOBP_POSITIVE_REGULATION_OF_CARDIAC_MUSCLE_CELL_PROLIFERATION,-2.37651410494632,0.0736971846988765,-1.28142767318048,0.503358143747069,TRUE,1.6650516189142
KEGG_MTOR_SIGNALING_PATHWAY,-2.62064688888447,0.0456918369767791,-1.21774736751015,0.526415192726032,TRUE,1.66282337714327
GOBP_MITOCHONDRIAL_FUSION,-1.96844552693079,0.148386198354212,-1.43590027207493,0.446719543628172,TRUE,1.66051960321429
GOBP_REGULATION_OF_PROTEIN_LOCALIZATION_TO_CELL_SURFACE,1.62268597712176,0.250756900348546,1.69798283969099,0.360019743415258,TRUE,1.65948072232301
HALLMARK_INFLAMMATORY_RESPONSE,1.4590337731776,0.311821482163424,1.92197495653291,0.29152325444943,TRUE,1.65881048939094
REACTOME_DISEASES_OF_METABOLISM,2.89934886310657,0.0252263849666592,1.15950135923591,0.551810501785097,TRUE,1.65652771770966
GOBP_MONOCYTE_DIFFERENTIATION,1.32170835988454,0.36991364940279,2.21805518329785,0.221373856858645,TRUE,1.65639430017653
GOBP_CARDIAC_MUSCLE_TISSUE_MORPHOGENESIS,1.65337513655022,0.241140431609206,1.65306151159652,0.373091882099608,TRUE,1.65321830919926
REACTOME_DNA_STRAND_ELONGATION,-2.69340546712861,0.0394549510037841,-1.19260014525688,0.539312157194316,TRUE,1.65319151423532
REACTOME_GAP_FILLING_DNA_REPAIR_SYNTHESIS_AND_LIGATION_IN_GG_NER,-5.54050408644642,5.8968304474993e-06,-0.97092384011982,0.63831587376341,TRUE,1.65229733461825
REACTOME_PROTEIN_UBIQUITINATION,-1.50244106304537,0.294761383273359,-1.83039867499964,0.317469747498483,TRUE,1.65028405036748
GOBP_POSITIVE_REGULATION_OF_PROTEIN_LOCALIZATION_TO_MEMBRANE,2.15752534713258,0.1093979604484,1.33592004872536,0.482900502103667,TRUE,1.65010815413631
GOBP_CARDIAC_RIGHT_VENTRICLE_MORPHOGENESIS,2.50540680741642,0.0579372043430578,1.22754722750972,0.521958733268337,TRUE,1.6477594695531
REACTOME_SENSORY_PERCEPTION,1.92141063824651,0.160096670134259,1.44233859833014,0.446057344117083,TRUE,1.64775940884673
REACTOME_ACTIVATION_OF_MATRIX_METALLOPROTEINASES,1.80356459974978,0.193936390941233,1.51553350759375,0.417702281503727,TRUE,1.6470513950661
GOBP_AMINOGLYCAN_CATABOLIC_PROCESS,2.86493742383101,0.0271505048233445,1.15416566692,0.555001332775438,TRUE,1.64544792098981
GOBP_N_ACETYLGLUCOSAMINE_METABOLIC_PROCESS,1.06671423192302,0.480787704413344,3.58923428287539,0.0609188915389984,TRUE,1.6446433112738
GOBP_EXTRACELLULAR_TRANSPORT,-1.86142237237257,0.176373096529139,-1.46923053698808,0.43653004076087,TRUE,1.6422357214325
GOBP_VIRAL_TRANSCRIPTION,-1.67509714560775,0.235084698773196,-1.60866313154455,0.390136365784261,TRUE,1.64120812267791
GOBP_VENTRICULAR_CARDIAC_MUSCLE_TISSUE_MORPHOGENESIS,1.44077696859255,0.319108487083403,1.90495384550008,0.294902107452341,TRUE,1.64066613803339
GOBP_REGULATION_OF_STEM_CELL_POPULATION_MAINTENANCE,-2.33647188464669,0.0790487688153676,-1.26137685487131,0.511505163072338,TRUE,1.63829653258058
GOBP_POSITIVE_REGULATION_OF_DNA_BIOSYNTHETIC_PROCESS,-1.66986435759611,0.23663020447946,-1.60590193654956,0.390649322824755,TRUE,1.63725868382687
GOBP_METANEPHROS_MORPHOGENESIS,1.27238242372398,0.391349563775666,2.2938102346896,0.204585123569407,TRUE,1.63681780853397
GOBP_POSITIVE_REGULATION_OF_TORC1_SIGNALING,-3.29149996203158,0.0104081478862297,-1.08912831121812,0.586692497888069,TRUE,1.63669025144769
GOBP_NEGATIVE_REGULATION_OF_CELL_CYCLE_G2_M_PHASE_TRANSITION,-2.47509970287993,0.0611812288753021,-1.22135001940612,0.524847958098078,TRUE,1.63560350999442
GOBP_ADENYLATE_CYCLASE_ACTIVATING_G_PROTEIN_COUPLED_RECEPTOR_SIGNALING_PATHWAY,2.2089654736902,0.099521558095865,1.29735541738731,0.497359104937951,TRUE,1.63465547685957
GOBP_CELL_CYCLE_CHECKPOINT_SIGNALING,-1.93688054363203,0.156848134327977,-1.41188795120601,0.454886434478687,TRUE,1.63323222055794
GOBP_POSITIVE_REGULATION_OF_PEPTIDYL_THREONINE_PHOSPHORYLATION,2.22871064238625,0.0967403090896783,1.28778595574245,0.501236308682432,TRUE,1.63236459048819
GOBP_ATTACHMENT_OF_MITOTIC_SPINDLE_MICROTUBULES_TO_KINETOCHORE,-1.93731736060926,0.156848134327977,-1.4093365415425,0.455201811944541,TRUE,1.63167882231013
GOBP_NEGATIVE_REGULATION_OF_HUMORAL_IMMUNE_RESPONSE,1.92426454641554,0.159464683051654,1.4127192131817,0.454886434478687,TRUE,1.62928302431637
REACTOME_TRANSPORT_OF_MATURE_MRNAS_DERIVED_FROM_INTRONLESS_TRANSCRIPTS,-1.36706354527406,0.350393730180202,-2.00199409978048,0.270185599865827,TRUE,1.62469950947922
GOBP_CHAPERONE_MEDIATED_AUTOPHAGY,1.28988916094266,0.383237162350412,2.18550427350818,0.229802836658207,TRUE,1.62229590793798
REACTOME_FORMATION_OF_THE_BETA_CATENIN_TCF_TRANSACTIVATING_COMPLEX,-1.57646158015284,0.267383792089481,-1.67070680239875,0.367975609460852,TRUE,1.62221651321452
REACTOME_COMPLEMENT_CASCADE,1.78459629034519,0.200371107125423,1.4810513810714,0.431663458443842,TRUE,1.61871644856538
GOBP_CENTROSOME_DUPLICATION,-1.11369598690937,0.458281084085027,-2.95961959930458,0.106659237658179,TRUE,1.61839484359104
GOBP_NEGATIVE_REGULATION_OF_INFLAMMATORY_RESPONSE,1.28413826061929,0.386114070901257,2.18086848351803,0.230785664313677,TRUE,1.61646823100861
GOBP_REGULATION_OF_RELEASE_OF_CYTOCHROME_C_FROM_MITOCHONDRIA,1.72821074574036,0.21831356372451,1.51415979219553,0.417887708146187,TRUE,1.61411978860761
GOBP_REGULATION_OF_VASCULOGENESIS,2.47086646241978,0.0615260490397819,1.19851511912526,0.536181064585109,TRUE,1.61409804172109
GOBP_INORGANIC_ANION_TRANSMEMBRANE_TRANSPORT,3.02137458432181,0.0195421136202053,1.10062666670535,0.580550425633728,TRUE,1.61349074640951
KEGG_HYPERTROPHIC_CARDIOMYOPATHY_HCM,2.38482212982741,0.0725799291822193,1.21770268790891,0.526415192726032,TRUE,1.61220503097061
GOBP_ACTIVIN_RECEPTOR_SIGNALING_PATHWAY,1.41597644357464,0.330985069890954,1.86964845184786,0.30416910660646,TRUE,1.61149142086832
GOBP_HYDROGEN_PEROXIDE_BIOSYNTHETIC_PROCESS,1.75949158457152,0.207904246430356,1.486415147357,0.430353613357343,TRUE,1.61146647698063
GOBP_NEGATIVE_REGULATION_OF_REGULATED_SECRETORY_PATHWAY,-1.62868465592529,0.24920531478021,-1.59427413457849,0.39548446356381,TRUE,1.61129570007358
REACTOME_GABA_SYNTHESIS_RELEASE_REUPTAKE_AND_DEGRADATION,2.24192291273837,0.0942461593774178,1.25645196650182,0.512281152062008,TRUE,1.61038685086111
REACTOME_RHOJ_GTPASE_CYCLE,-1.2209418279913,0.413610968634888,-2.36108126662713,0.190714228843447,TRUE,1.60956130184796
GOBP_CELL_JUNCTION_MAINTENANCE,1.12549357058404,0.453984112914314,2.8199400551052,0.12208639208908,TRUE,1.608859609645
KEGG_LONG_TERM_DEPRESSION,2.64309987923797,0.0439332324106143,1.15317774058805,0.555664817996377,TRUE,1.60576451572995
GOBP_PROTON_TRANSMEMBRANE_TRANSPORT,1.70415083085435,0.226220360860183,1.51652725097518,0.417416414943177,TRUE,1.60487394834229
GOBP_REGULATION_OF_B_CELL_RECEPTOR_SIGNALING_PATHWAY,-1.4400091225617,0.31939319062788,-1.81145262252502,0.323345654814871,TRUE,1.6045142191607
REACTOME_COOPERATION_OF_PDCL_PHLP1_AND_TRIC_CCT_IN_G_PROTEIN_BETA_FOLDING,3.35472683154229,0.00901000050506993,1.05373005685263,0.601100403248725,TRUE,1.60372510582185
GOBP_CENTRAL_NERVOUS_SYSTEM_NEURON_AXONOGENESIS,-2.49530248576653,0.0590720008358685,-1.18083688188645,0.542756972336041,TRUE,1.60306501575171
GOBP_GAS_TRANSPORT,1.40274658826687,0.336754280584567,1.86967243272667,0.30416910660646,TRUE,1.60289780089818
REACTOME_CHROMOSOME_MAINTENANCE,-1.64808254249511,0.242522377998118,-1.55344876014786,0.406808939366786,TRUE,1.59936701549463
GOBP_POSITIVE_REGULATION_OF_RESPONSE_TO_DNA_DAMAGE_STIMULUS,-1.32239086311778,0.369849349589477,-2.02279737776231,0.265826919159705,TRUE,1.59926950453929
REACTOME_MICRORNA_MIRNA_BIOGENESIS,1.31888080451441,0.371207411874104,2.02627851387098,0.265352694894437,TRUE,1.59778329352297
GOBP_DNA_DEPENDENT_DNA_REPLICATION,-1.27332508635019,0.391144157715083,-2.14269473349096,0.23579829838293,TRUE,1.59738356358327
GOBP_KILLING_OF_CELLS_OF_ANOTHER_ORGANISM,1.56470739876629,0.271827337155757,1.6310840370673,0.381482754012932,TRUE,1.59720639600693
GOBP_SEMAPHORIN_PLEXIN_SIGNALING_PATHWAY,1.60254051131495,0.258008762641378,1.58987585995622,0.396792584029184,TRUE,1.59618306463391
GOBP_T_CELL_APOPTOTIC_PROCESS,3.60273394586004,0.00469869893324072,1.02477655214117,0.612368031605644,TRUE,1.59567321259027
GOBP_DNA_BIOSYNTHETIC_PROCESS,-1.97686763324425,0.146480275232776,-1.33647750730283,0.482900502103667,TRUE,1.59478654632984
GOBP_NEGATIVE_REGULATION_OF_PEPTIDASE_ACTIVITY,3.71949845789733,0.00333713320455193,1.01450494784827,0.615905763178319,TRUE,1.5941896385081
GOBP_MESONEPHRIC_TUBULE_MORPHOGENESIS,1.54911529374693,0.277064377583427,1.64061130625506,0.378596417672656,TRUE,1.59355103701506
GOBP_TELOMERE_ORGANIZATION,-1.78913897414068,0.198807689991978,-1.43579873108263,0.446719543628172,TRUE,1.59311199384782
GOBP_POSITIVE_REGULATION_OF_BLOOD_PRESSURE,1.21430307581507,0.416081612621721,2.31481779289333,0.200225413992248,TRUE,1.59296916735559
GOBP_CELLULAR_RESPONSE_TO_VASCULAR_ENDOTHELIAL_GROWTH_FACTOR_STIMULUS,1.29048318899317,0.38298084010431,2.07471323840784,0.254649572126265,TRUE,1.59121918372812
GOBP_GLYCOSAMINOGLYCAN_CATABOLIC_PROCESS,2.70275940214059,0.0387165044682983,1.12729594570629,0.567517101816607,TRUE,1.59100035876268
REACTOME_CLASS_B_2_SECRETIN_FAMILY_RECEPTORS,1.69468433615532,0.228968032657834,1.4924467653763,0.427733093290009,TRUE,1.58714911640342
GOBP_ORGANISM_EMERGENCE_FROM_PROTECTIVE_STRUCTURE,-1.58887870081569,0.262814199827881,-1.5802845820044,0.399534937254213,TRUE,1.584569988669
KEGG_FOCAL_ADHESION,3.34517780799706,0.00916453298886652,1.0381484385266,0.607144141912755,TRUE,1.58454603771289
GOBP_PEROXISOME_ORGANIZATION,-1.73180882277332,0.216970595441867,-1.46009353817983,0.438923663691274,TRUE,1.58438610305051
GOBP_POST_TRANSLATIONAL_PROTEIN_MODIFICATION,1.90454266192105,0.164697142633048,1.35577570558252,0.477788587783449,TRUE,1.58397578409201
REACTOME_ADORA2B_MEDIATED_ANTI_INFLAMMATORY_CYTOKINES_PRODUCTION,1.33601589230898,0.364007189317449,1.9443861098134,0.286860070586341,TRUE,1.58378804903475
GOBP_PHYSIOLOGICAL_CARDIAC_MUSCLE_HYPERTROPHY,1.73796763614528,0.214998904945593,1.45424613592418,0.441476224779184,TRUE,1.58349841187926
GOBP_REGULATION_OF_DNA_BIOSYNTHETIC_PROCESS,-1.72168975360759,0.220232768530099,-1.46462042461033,0.438292665427179,TRUE,1.58278500016362
GOBP_STRIATED_MUSCLE_CELL_DIFFERENTIATION,2.13560016385207,0.112967257554598,1.25726797240548,0.512281152062008,TRUE,1.5827444981913
GOBP_REGULATION_OF_ALCOHOL_BIOSYNTHETIC_PROCESS,2.53740247748364,0.0546089731032401,1.14973005018907,0.557134831912314,TRUE,1.58243722236289
GOBP_CELL_COMMUNICATION_INVOLVED_IN_CARDIAC_CONDUCTION,2.64430649919967,0.0438594581278355,1.12743563106237,0.567517101816607,TRUE,1.58085323104546
GOBP_RIBONUCLEOSIDE_DIPHOSPHATE_METABOLIC_PROCESS,1.53927559589334,0.280582579935271,1.62078458178559,0.385320490580731,TRUE,1.57897888816485
GOBP_REGULATION_OF_SKELETAL_MUSCLE_CELL_DIFFERENTIATION,-1.18892356636134,0.426753170777031,-2.34734926293831,0.19421806519657,TRUE,1.57839566792758
GOBP_TRANSITION_METAL_ION_HOMEOSTASIS,3.16555742884393,0.0140643887938892,1.05110707846461,0.602035207014333,TRUE,1.57818570340465
REACTOME_DIGESTION_AND_ABSORPTION,-1.20829064185298,0.417854205449779,-2.27043800047359,0.209680472531905,TRUE,1.57721355756273
GOBP_DEFENSE_RESPONSE_TO_FUNGUS,1.35249174439013,0.356830703814569,1.89128319164105,0.299105891695098,TRUE,1.57714080257863
GOBP_RESPONSE_TO_FUNGUS,1.24330514497391,0.40404794456812,2.15577287941511,0.234218199167556,TRUE,1.57706501182997
GOBP_CEREBELLAR_PURKINJE_CELL_LAYER_MORPHOGENESIS,-2.15574619320904,0.109617977464262,-1.24125039706033,0.515313431489154,TRUE,1.57540388821517
GOBP_AMYLOID_BETA_CLEARANCE,2.77396801252294,0.0326749574819244,1.09980433121139,0.580807973004959,TRUE,1.57511684430768
REACTOME_SIGNALING_BY_FGFR1,2.35843284590272,0.0761891211728521,1.18102501972564,0.542756972336041,TRUE,1.5738953840375
GOBP_RELEASE_OF_CYTOCHROME_C_FROM_MITOCHONDRIA,1.30001145602322,0.378735248234459,1.99142000258018,0.273183028066496,TRUE,1.5730959916185
GOBP_PHOSPHOLIPASE_C_ACTIVATING_G_PROTEIN_COUPLED_RECEPTOR_SIGNALING_PATHWAY,1.32889125387974,0.366976286438846,1.9269549828445,0.290745563437852,TRUE,1.57299420005683
GOBP_NEGATIVE_REGULATION_OF_MUSCLE_HYPERTROPHY,0.99993782158163,0.516642566058583,3.66712908324418,0.0572638287462928,TRUE,1.57139425756515
GOBP_REGULATION_OF_NEUTROPHIL_CHEMOTAXIS,1.7215065112002,0.220232768530099,1.4435608548706,0.445546631747545,TRUE,1.57032955292736
GOBP_MUSCLE_HYPERTROPHY_IN_RESPONSE_TO_STRESS,3.02437645944203,0.0194371787761469,1.05762434512252,0.600082339453329,TRUE,1.56719918758691
GOBP_REGULATION_OF_LYMPHOCYTE_MIGRATION,2.13001484548759,0.113959947877482,1.23840151672929,0.51631735794063,TRUE,1.56620401497616
GOBP_MITOCHONDRIAL_RNA_METABOLIC_PROCESS,-1.53957584298191,0.280582579935271,-1.58963557803408,0.396792584029184,TRUE,1.5642052937997
GOBP_LYMPHOCYTE_MIGRATION,1.39214664682227,0.340877134502187,1.7825984331352,0.332533483033516,TRUE,1.56336232914363
GOBP_CHEMOSENSORY_BEHAVIOR,1.24997665520831,0.401337248083399,2.07911509851851,0.254649572126265,TRUE,1.56129390770316
GOBP_SEQUESTERING_OF_TRIGLYCERIDE,0.997506877684723,0.517529803566022,3.57503457309818,0.0609188915389984,TRUE,1.55979846788071
KEGG_ECM_RECEPTOR_INTERACTION,5.10845927616991,3.07891607771315e-05,0.919263356062972,0.657808377777262,TRUE,1.55814051343746
GOBP_POSITIVE_REGULATION_OF_RECEPTOR_SIGNALING_PATHWAY_VIA_STAT,-3.58427067519681,0.00494452333604544,-0.994920431403332,0.626987358883132,TRUE,1.55750832119377
GOBP_NEGATIVE_REGULATION_OF_GLIAL_CELL_DIFFERENTIATION,-2.4431932050506,0.0647312954088816,-1.14291704975674,0.560729217654209,TRUE,1.55732365794323
GOBP_PROTEIN_DEMETHYLATION,-4.97416499175967,5.19094298515681e-05,-0.920171128172259,0.657808377777262,TRUE,1.55304445455863
GOBP_RECEPTOR_LOCALIZATION_TO_SYNAPSE,3.92291043703432,0.00185376035166641,0.968116709239331,0.639094370956618,TRUE,1.55298060279047
REACTOME_ADP_SIGNALLING_THROUGH_P2Y_PURINOCEPTOR_12,3.06838068028247,0.0175622726500869,1.03953144012753,0.606612333923739,TRUE,1.5529437309945
GOBP_STARTLE_RESPONSE,3.60892866109946,0.00461554766804257,0.988959058365729,0.629434401217712,TRUE,1.55248797193558
REACTOME_PLATELET_CALCIUM_HOMEOSTASIS,2.37297714156367,0.0739387814215345,1.15174511351642,0.55601174171995,TRUE,1.55079727110017
REACTOME_INTERLEUKIN_10_SIGNALING,1.33839058070913,0.363018854154197,1.84213644743117,0.311551045997185,TRUE,1.55037077050998
GOBP_COLLAGEN_ACTIVATED_SIGNALING_PATHWAY,1.66576551588127,0.237052352922005,1.44559414414665,0.445546631747545,TRUE,1.54788975779019
GOBP_ACUTE_PHASE_RESPONSE,1.8417784703207,0.182718542347587,1.33453704324125,0.482900502103667,TRUE,1.54765581919842
KEGG_VIRAL_MYOCARDITIS,1.19689106506704,0.422566899449133,2.18828741318367,0.228832947708745,TRUE,1.54741717133428
GOBP_TYPE_B_PANCREATIC_CELL_PROLIFERATION,-2.47852245679092,0.0607402031069382,-1.12454442119808,0.569221017604382,TRUE,1.54713120570997
GOBP_FOREBRAIN_REGIONALIZATION,2.04244137709882,0.130737431799875,1.2437940669004,0.515313431489154,TRUE,1.54607088269723
GOBP_SIGNAL_TRANSDUCTION_IN_RESPONSE_TO_DNA_DAMAGE,-1.23459880341286,0.407513249162222,-2.06529819913829,0.255989576925154,TRUE,1.54539046726344
GOBP_POSITIVE_REGULATION_OF_VASOCONSTRICTION,1.51553596538751,0.288835794045331,1.57612755843127,0.400895396846752,TRUE,1.54523801341132
GOBP_CELLULAR_RESPONSE_TO_OXYGEN_RADICAL,2.48671553308657,0.0600352350950069,1.12034873159799,0.571727617382959,TRUE,1.54474020361387
GOBP_SMOOTHENED_SIGNALING_PATHWAY,-1.23331988055726,0.408047823460892,-2.06141259055767,0.256889599969141,TRUE,1.5433004969326
GOBP_REGULATION_OF_PROTEIN_EXPORT_FROM_NUCLEUS,-1.40731229215098,0.335136812040257,-1.70480213599183,0.359443512838053,TRUE,1.54183855193159
GOBP_GLUCOSE_6_PHOSPHATE_METABOLIC_PROCESS,1.56285296817726,0.27224220696016,1.52093172268227,0.415665949118183,TRUE,1.54160740484538
GOBP_NEGATIVE_REGULATION_OF_AXON_EXTENSION_INVOLVED_IN_AXON_GUIDANCE,1.81879921162847,0.189122382459545,1.33621922930495,0.482900502103667,TRUE,1.5406023935021
GOBP_MUCOPOLYSACCHARIDE_METABOLIC_PROCESS,4.20126421156712,0.000767804416960549,0.942272372118136,0.648652976506636,TRUE,1.53930476827367
GOBP_REGULATION_OF_BONE_REMODELING,0.998784469787828,0.517016950260208,3.33432419609993,0.0697085096031485,TRUE,1.5371279518189
GOBP_POSITIVE_REGULATION_OF_EPITHELIAL_CELL_DIFFERENTIATION,2.28656832861927,0.0864169877855476,1.15606612523911,0.553944016941509,TRUE,1.53569844442746
GOBP_PHOSPHATIDYLINOSITOL_DEPHOSPHORYLATION,-2.11721635663934,0.116222433190515,-1.20401440793612,0.533936307845085,TRUE,1.53506888187436
GOBP_CARDIAC_VENTRICLE_MORPHOGENESIS,1.27488631137292,0.390421799946721,1.92588665770122,0.290745563437852,TRUE,1.53418349934969
REACTOME_OPIOID_SIGNALLING,3.86388250875365,0.0022446203704921,0.956861473582025,0.643686362801687,TRUE,1.53387125498522
GOBP_LOCOMOTORY_EXPLORATION_BEHAVIOR,1.61473153785877,0.253444322689515,1.46018343527743,0.438923663691274,TRUE,1.53357362047421
GOBP_DEOXYRIBOSE_PHOSPHATE_CATABOLIC_PROCESS,-1.18384359006421,0.428886822767004,-2.17270995798702,0.231914942550296,TRUE,1.53261297340242
GOBP_ALPHA_AMINO_ACID_CATABOLIC_PROCESS,-2.19811300237394,0.101315836577186,-1.17617333584459,0.544606098696237,TRUE,1.53239034475686
GOBP_NEGATIVE_REGULATION_OF_STRIATED_MUSCLE_CELL_DIFFERENTIATION,1.23210999241995,0.408597337236733,2.02324821266174,0.265826919159705,TRUE,1.53154533720739
GOBP_REGULATION_OF_GLUCOSE_TRANSMEMBRANE_TRANSPORT,-2.29670008057443,0.0849757216860566,-1.14863064601251,0.557902038287829,TRUE,1.53138279404633
GOBP_NEGATIVE_REGULATION_OF_TELOMERE_MAINTENANCE_VIA_TELOMERE_LENGTHENING,-2.34647582504866,0.0775085865583303,-1.13456329619726,0.565286842287481,TRUE,1.5295578439587
GOBP_REGULATION_OF_RRNA_PROCESSING,-1.15632744719221,0.440587890658924,-2.25421620116741,0.212526721076583,TRUE,1.52856103546362
GOBP_NEGATIVE_REGULATION_OF_DNA_BINDING_TRANSCRIPTION_FACTOR_ACTIVITY,-3.21589080381467,0.0122633244911008,-1.0011717402623,0.624010773671571,TRUE,1.52696762682394
GOBP_MUSCLE_CELL_DEVELOPMENT,2.01327439893347,0.137158688946133,1.22828056354111,0.521897295336372,TRUE,1.52572814091489
GOBP_NEGATIVE_REGULATION_OF_DNA_REPLICATION,-1.46244861784824,0.310319220908409,-1.59428371782337,0.39548446356381,TRUE,1.52552318198084
GOBP_PHAGOSOME_MATURATION,1.18154949130312,0.429551262366468,2.14297046962652,0.23579829838293,TRUE,1.52324287296912
GOBP_PROSTANOID_METABOLIC_PROCESS,1.74564383039494,0.212999673368312,1.35075443563279,0.479493683784056,TRUE,1.52301864576736
GOBP_REGULATION_OF_NUCLEOCYTOPLASMIC_TRANSPORT,-2.15709109217209,0.1093979604484,-1.17615487250489,0.544606098696237,TRUE,1.52228381906462
REACTOME_G_ALPHA_Z_SIGNALLING_EVENTS,1.95491809809573,0.152340355677737,1.24634956561203,0.515141014164671,TRUE,1.52221655814104
GOBP_POSITIVE_REGULATION_OF_LIPID_KINASE_ACTIVITY,-1.31829828726555,0.371417335921687,-1.79781680135958,0.32731707122417,TRUE,1.52116256469543
REACTOME_OLFACTORY_SIGNALING_PATHWAY,1.09254063256432,0.468331381324984,2.4991886583865,0.161823387869703,TRUE,1.52041812539182
GOBP_BLASTOCYST_GROWTH,-1.82499415372075,0.187241627120217,-1.29992415476242,0.496737309929541,TRUE,1.51834624046434
GOBP_LYMPHOCYTE_APOPTOTIC_PROCESS,1.66698161352169,0.23692454369533,1.3938136468255,0.460625891108824,TRUE,1.51820786710848
GOBP_NEURAL_CREST_CELL_MIGRATION,2.91063795856711,0.0246604793124936,1.02637650600377,0.612268583811767,TRUE,1.51760195195608
GOBP_DETERMINATION_OF_ADULT_LIFESPAN,-1.32349859540346,0.369259516906864,-1.77499784179321,0.334603758661162,TRUE,1.51635297833868
GOBP_NEGATIVE_REGULATION_OF_PROTEOLYSIS_INVOLVED_IN_CELLULAR_PROTEIN_CATABOLIC_PROCESS,-3.22748165878579,0.0120193104083826,-0.989771848205697,0.629295123936649,TRUE,1.51495302863369
GOBP_MYOTUBE_DIFFERENTIATION,1.21135866709882,0.416939671449093,2.01806973550279,0.266562492608851,TRUE,1.51395600716323
GOBP_CELL_COMMUNICATION_BY_ELECTRICAL_COUPLING_INVOLVED_IN_CARDIAC_CONDUCTION,2.00195413793551,0.140057946673452,1.21644642095768,0.526816395782183,TRUE,1.51334173695928
GOBP_SERINE_FAMILY_AMINO_ACID_BIOSYNTHETIC_PROCESS,-1.20366589894056,0.418788108390465,-2.03465610606452,0.26298760988497,TRUE,1.51254023976359
GOBP_POSITIVE_REGULATION_OF_MRNA_SPLICING_VIA_SPLICEOSOME,-2.94166440667979,0.0231519345059047,-1.01749227278521,0.615396856781184,TRUE,1.51199916813013
REACTOME_FRS_MEDIATED_FGFR3_SIGNALING,4.7148273757262,0.00013251321608185,0.899895883495088,0.665124936689658,TRUE,1.51133138746874
GOBP_RNA_PHOSPHODIESTER_BOND_HYDROLYSIS,-1.65116419876932,0.241352508936977,-1.39276268366121,0.460920989034468,TRUE,1.51099548015885
REACTOME_ENDOGENOUS_STEROLS,-2.10173661625292,0.118872581188095,-1.17925578718865,0.543468024509695,TRUE,1.51081426781894
REACTOME_CREATION_OF_C4_AND_C2_ACTIVATORS,1.71642083761506,0.221736817817259,1.34914801438823,0.479493683784056,TRUE,1.51078372512147
GOBP_PROTEIN_ACYLATION,-2.80679755886802,0.0305621405907645,-1.03339322475224,0.608903401093867,TRUE,1.51061535429807
GOBP_POSITIVE_REGULATION_OF_AMINO_ACID_TRANSPORT,-1.15149347196022,0.442289771665608,-2.18955140811244,0.228454290933331,TRUE,1.50926087105298
GOBP_SERINE_FAMILY_AMINO_ACID_METABOLIC_PROCESS,-1.39638668813889,0.339091746443103,-1.64015406415726,0.378596417672656,TRUE,1.50848579914776
REACTOME_EXTENSION_OF_TELOMERES,-3.26044993372599,0.0110998473310115,-0.981109629935986,0.634305094983335,TRUE,1.50834087315797
GOBP_DNA_METHYLATION_OR_DEMETHYLATION,-2.66370696435602,0.0421993332993638,-1.05197160899569,0.602035207014333,TRUE,1.50828121747838
GOBP_REGULATION_OF_CARDIAC_MUSCLE_CELL_PROLIFERATION,-3.33014311675954,0.00940926704761861,-0.974569350004212,0.636571051238007,TRUE,1.50786164594229
GOBP_DNA_MODIFICATION,-2.62761866928289,0.0450392640543269,-1.05706093565253,0.600255968693342,TRUE,1.50762255983931
GOBP_REGULATION_OF_T_CELL_MIGRATION,1.73511930745469,0.215985602115444,1.33228129105442,0.483863546430397,TRUE,1.50724818414182
GOBP_POSITIVE_REGULATION_OF_CELL_DIVISION,2.60607663590299,0.0470634876620551,1.05954474568186,0.59948547110909,TRUE,1.50656847446772
GOBP_REGULATION_OF_PROTEIN_BINDING,1.60330117970511,0.258008762641378,1.42027015528044,0.452882995643748,TRUE,1.50624580218279
GOBP_POSITIVE_REGULATION_OF_MRNA_PROCESSING,-2.11101266663243,0.117052249865444,-1.17005112333502,0.546315068369959,TRUE,1.50560482823909
GOBP_GLIAL_CELL_PROLIFERATION,1.65806238643069,0.239609182527646,1.37762195773027,0.468305370983261,TRUE,1.50488844812019
GOBP_REGULATION_OF_T_CELL_APOPTOTIC_PROCESS,2.85316891789592,0.0276917023402061,1.02154931292971,0.614211692884924,TRUE,1.5044462973133
GOBP_PEPTIDYL_LYSINE_ACETYLATION,-2.73688661803051,0.0358400411334688,-1.03650352769832,0.607878958791402,TRUE,1.50357769800718
REACTOME_CGMP_EFFECTS,-1.97961649203119,0.145748542315202,-1.21142414531683,0.529873914028474,TRUE,1.5030552659505
REACTOME_SIGNALING_BY_FGFR3,1.23237347741411,0.408561620964311,1.92535475822667,0.290798449434319,TRUE,1.50282479148818
GOBP_HEMATOPOIETIC_STEM_CELL_DIFFERENTIATION,-1.53073930730699,0.283509607092951,-1.47255258146315,0.435067437272105,TRUE,1.50108228038073
REACTOME_TELOMERE_MAINTENANCE,-2.29259886758978,0.0853138966295936,-1.11526699575716,0.573895048753914,TRUE,1.5005636689127
GOBP_WALKING_BEHAVIOR,3.66884873965867,0.00385484168470508,0.939441120755357,0.650024785494393,TRUE,1.49585528526504
GOBP_ORGANIC_ACID_TRANSMEMBRANE_TRANSPORT,1.76344437396542,0.206558694165453,1.29668125953736,0.497359104937951,TRUE,1.49446496374083
REACTOME_SIGNALING_BY_ALK_IN_CANCER,1.69091597210281,0.229990824279109,1.3362522024214,0.482900502103667,TRUE,1.49280783991265
GOBP_ESTABLISHMENT_OR_MAINTENANCE_OF_MONOPOLAR_CELL_POLARITY,2.45014035714999,0.0638818392791576,1.07205545129417,0.594232532625373,TRUE,1.4915049981158
GOBP_ENDODERM_DEVELOPMENT,2.21565000717532,0.0987494707355639,1.12397664506711,0.569504583141787,TRUE,1.49138758372027
GOBP_REGULATION_OF_COLLAGEN_METABOLIC_PROCESS,2.14483023582387,0.111259310249551,1.14221042778242,0.560729217654209,TRUE,1.49060976841903
GOBP_HISTONE_H3_K9_METHYLATION,-1.24509247063487,0.403248942985965,-1.85574314558057,0.307627880524672,TRUE,1.49028978247785
GOBP_CHLORIDE_TRANSMEMBRANE_TRANSPORT,2.35500456311611,0.0764363496553256,1.08992185081739,0.586570416443276,TRUE,1.49017460676851
REACTOME_DIGESTION,-1.06809628298272,0.4803041738309,-2.4377405907337,0.174498559509876,TRUE,1.48537525140389
REACTOME_TRANSPORT_OF_VITAMINS_NUCLEOSIDES_AND_RELATED_MOLECULES,1.14808102566583,0.443289105138257,2.09815808805864,0.250567461061036,TRUE,1.4840899917466
GOBP_PYRIDINE_CONTAINING_COMPOUND_METABOLIC_PROCESS,1.23756296711345,0.406567430620569,1.84770428678243,0.310586908943441,TRUE,1.48230296523665
GOBP_FEMALE_GENITALIA_DEVELOPMENT,1.1259468115649,0.453984112914314,2.16617923851967,0.233085331212696,TRUE,1.48171884659559
GOBP_ALPHA_AMINO_ACID_METABOLIC_PROCESS,-1.33857902162764,0.363018854154197,-1.65286694605643,0.373091882099608,TRUE,1.4792130918853
GOBP_DOPAMINE_RECEPTOR_SIGNALING_PATHWAY,1.20519371604099,0.418465902794756,1.91125151713015,0.293899203692446,TRUE,1.47824084550025
REACTOME_HYALURONAN_METABOLISM,1.32596864404063,0.368180787024229,1.66803341619661,0.367975609460852,TRUE,1.4774605779085
GOBP_REGULATION_OF_DOUBLE_STRAND_BREAK_REPAIR_VIA_HOMOLOGOUS_RECOMBINATION,-1.1477443799832,0.443289105138257,-2.07210099058181,0.254649572126265,TRUE,1.47724004912731
REACTOME_L1CAM_INTERACTIONS,2.65297216302771,0.0431987838073143,1.02334924795523,0.613479963190689,TRUE,1.47697481497119
GOBP_TRANSLATIONAL_INITIATION,-2.62427510931053,0.0453915012330592,-1.02539449067229,0.612268583811767,TRUE,1.47460868189718
GOBP_NEURONAL_STEM_CELL_POPULATION_MAINTENANCE,-1.10726254446888,0.461517730922292,-2.19872013086212,0.226831322651749,TRUE,1.47282105550029
REACTOME_SURFACTANT_METABOLISM,-2.43393550267051,0.065898623499349,-1.05443496621954,0.6009694684488,TRUE,1.47141865947255
GOBP_DNA_STRAND_ELONGATION,-1.15582948973125,0.440798004936781,-2.01518475408064,0.266562492608851,TRUE,1.46906307379008
GOBP_POSITIVE_REGULATION_OF_GLUCOSE_METABOLIC_PROCESS,-3.06349250694284,0.0176835965605651,-0.96513965978226,0.640515624691291,TRUE,1.46784218242483
GOBP_POSITIVE_REGULATION_OF_DNA_TEMPLATED_TRANSCRIPTION_INITIATION,-1.21546215148617,0.416081612621721,-1.85247500752191,0.309309279965551,TRUE,1.46783531833809
GOBP_STEM_CELL_DIVISION,-2.48726557175552,0.0600352350950069,-1.03992537041743,0.606612333923739,TRUE,1.4666461858404
GOBP_MITOTIC_G1_S_TRANSITION_CHECKPOINT_SIGNALING,-3.72230137275458,0.00331104505490141,-0.912649923188608,0.660835697545881,TRUE,1.46588727476068
GOBP_ACTIN_MEDIATED_CELL_CONTRACTION,2.56214120692753,0.0517032227680422,1.02582452553875,0.612268583811767,TRUE,1.46506822190471
GOBP_NEGATIVE_REGULATION_OF_STEROID_METABOLIC_PROCESS,1.05399777230123,0.48779954296434,2.38687305978905,0.186857610528746,TRUE,1.46228034154667
KEGG_RETINOL_METABOLISM,1.37744883121237,0.345813832210382,1.55747859778934,0.405300455094661,TRUE,1.46194216113407
REACTOME_TRNA_PROCESSING_IN_THE_NUCLEUS,-1.36627137765713,0.350723433511755,-1.56940933345121,0.402068068193045,TRUE,1.46081216803227
GOBP_PYRIMIDINE_NUCLEOTIDE_CATABOLIC_PROCESS,-1.12040332411401,0.455583114698377,-2.09798054986085,0.250567461061036,TRUE,1.46072344010819
GOBP_NEGATIVE_REGULATION_OF_CYCLIN_DEPENDENT_PROTEIN_SERINE_THREONINE_KINASE_ACTIVITY,-2.91952116736626,0.0242704602581888,-0.973824153925006,0.636732577769552,TRUE,1.46049219684097
GOBP_PYRIMIDINE_CONTAINING_COMPOUND_METABOLIC_PROCESS,-1.09058432903053,0.46923571677435,-2.21002081598599,0.223384751741783,TRUE,1.46046798259688
REACTOME_METABOLISM_OF_CARBOHYDRATES,1.5556661244781,0.275088859749135,1.37600320694446,0.469346539890764,TRUE,1.46032948073173
GOBP_CELLULAR_MODIFIED_AMINO_ACID_METABOLIC_PROCESS,1.12857498387983,0.452659769641778,2.06532803975822,0.255989576925154,TRUE,1.45957941861471
GOBP_NEGATIVE_REGULATION_OF_LIPID_TRANSPORT,1.05350225886011,0.488020381525621,2.37285317027455,0.188852924842987,TRUE,1.45916337433735
REACTOME_RESPONSE_TO_ELEVATED_PLATELET_CYTOSOLIC_CA2,4.6598474085024,0.000156670149598153,0.86501194550344,0.678092852640034,TRUE,1.45915883619924
HALLMARK_PI3K_AKT_MTOR_SIGNALING,1.1197272689159,0.455700881620804,2.08865999527818,0.253954396063199,TRUE,1.4578848247574
GOBP_MONOCYTE_CHEMOTAXIS,1.11744851516705,0.456424594831892,2.07355701038149,0.254649572126265,TRUE,1.4522652397894
GOBP_PYRIDINE_CONTAINING_COMPOUND_BIOSYNTHETIC_PROCESS,2.60683101209257,0.0470068455955514,1.00526729751157,0.621310244938433,TRUE,1.45099149689691
REACTOME_MAP2K_AND_MAPK_ACTIVATION,1.46099205498147,0.310790752177795,1.44092890256477,0.446719543628172,TRUE,1.45089112297557
GOBP_ATP_METABOLIC_PROCESS,1.74223835820844,0.213611014542368,1.24143042598316,0.515313431489154,TRUE,1.44980415966708
GOBP_WATER_SOLUBLE_VITAMIN_METABOLIC_PROCESS,-3.13927374466293,0.0149327303139571,-0.942110718423646,0.648652976506636,TRUE,1.44928441300343
GOBP_PURINE_NUCLEOTIDE_TRANSPORT,4.79135912476482,9.8470277666435e-05,0.853741358924307,0.682800315600848,TRUE,1.44925018149468
GOBP_NEGATIVE_REGULATION_OF_SYSTEMIC_ARTERIAL_BLOOD_PRESSURE,-3.0158502700287,0.0196644045916285,-0.953792292677375,0.645354631512175,TRUE,1.44924622203842
KEGG_SELENOAMINO_ACID_METABOLISM,-2.43446283911818,0.0658591153745294,-1.0308318202062,0.610469263966744,TRUE,1.44837424022223
GOBP_BASE_EXCISION_REPAIR,-1.76805019770858,0.205353718947791,-1.22369828799078,0.523947998915425,TRUE,1.44635153012335
GOBP_MONONUCLEAR_CELL_MIGRATION,1.0879482466383,0.470067937933844,2.15242936556219,0.234815171765376,TRUE,1.44534497797986
REACTOME_DEATH_RECEPTOR_SIGNALLING,1.12487111919162,0.454010204205479,2.02113962578512,0.265826919159705,TRUE,1.44533619062147
GOBP_LOCOMOTORY_BEHAVIOR,1.90080360947634,0.165274657943589,1.16592609721215,0.547720811044917,TRUE,1.4453158549513
GOBP_CHROMOSOME_ORGANIZATION_INVOLVED_IN_MEIOTIC_CELL_CYCLE,-1.10945121201855,0.460410385794899,-2.0665853482626,0.255963205575376,TRUE,1.4437967421677
GOBP_REGULATION_OF_GRANULOCYTE_CHEMOTAXIS,1.18005542623428,0.430299652442282,1.85863446880138,0.307627880524672,TRUE,1.44357717704485
GOBP_NUCLEOBASE_CONTAINING_COMPOUND_TRANSPORT,-1.31214872581648,0.373929020641435,-1.59973945512913,0.394126854247242,TRUE,1.44174223544832
GOBP_POSITIVE_REGULATION_OF_CALCIUM_ION_DEPENDENT_EXOCYTOSIS,0.956456637479317,0.536817506913875,2.92318436613339,0.108504670312859,TRUE,1.44131845547592
REACTOME_PI_3K_CASCADE_FGFR3,2.23443838287353,0.0958069407724253,1.06299509098606,0.598404670394492,TRUE,1.44063378438702
GOBP_DNA_DEALKYLATION,-2.79034230647311,0.0315975418204194,-0.968505459133904,0.639085017036432,TRUE,1.43792030174708
GOBP_SYNCYTIUM_FORMATION,1.16729637875068,0.434307431372453,1.86468376982832,0.305829106576658,TRUE,1.43578684910314
GOBP_POSITIVE_REGULATION_OF_GLUCOSE_IMPORT,-1.46369904184517,0.309840042225525,-1.40322656722516,0.457084889957144,TRUE,1.43282502722851
GOBP_PROTEIN_LOCALIZATION_TO_CILIUM,-2.12385428530202,0.114702590854748,-1.0808258183462,0.589627555671542,TRUE,1.43260261350044
REACTOME_TRANSCRIPTIONAL_REGULATION_BY_SMALL_RNAS,-1.40353700937688,0.336754280584567,-1.46037033629437,0.438923663691274,TRUE,1.43138975322185
GOBP_FEAR_RESPONSE,0.962219599767883,0.533709190126,2.78849702568404,0.125037116367193,TRUE,1.43073804819064
GOBP_POSITIVE_REGULATION_OF_INTERLEUKIN_10_PRODUCTION,-2.15395984901444,0.110035471059718,-1.06934546785443,0.595328908498926,TRUE,1.42917097578672
GOBP_AORTA_MORPHOGENESIS,1.49238346205174,0.298757996813202,1.36941850921168,0.47207131452863,TRUE,1.42825922708608
GOBP_NEURAL_CREST_FORMATION,-1.65939967551908,0.239288632742674,-1.25340247689073,0.512833174596519,TRUE,1.42810637634729
REACTOME_INSULIN_RECEPTOR_RECYCLING,1.26530548715562,0.394734618447201,1.63824696754551,0.37892086832246,TRUE,1.42782533444174
REACTOME_POLYMERASE_SWITCHING_ON_THE_C_STRAND_OF_THE_TELOMERE,-5.1717228431336,2.59627626502038e-05,-0.827210971262862,0.691138310241183,TRUE,1.42628874014383
GOBP_NEGATIVE_REGULATION_OF_PLASMA_MEMBRANE_BOUNDED_CELL_PROJECTION_ASSEMBLY,1.53059436197576,0.283509607092951,1.335276577778,0.482900502103667,TRUE,1.426279720608
GOBP_NEGATIVE_REGULATION_OF_NERVOUS_SYSTEM_PROCESS,-5.1304952664762,2.91757309649975e-05,-0.827797878852281,0.691138310241183,TRUE,1.42558044576255
GOBP_HOMOTYPIC_CELL_CELL_ADHESION,5.15284173959121,2.65179701950147e-05,0.826928521206782,0.691138310241183,TRUE,1.4251489986721
GOBP_REGULATION_OF_RETINOIC_ACID_RECEPTOR_SIGNALING_PATHWAY,-1.20719844960686,0.417854205449779,-1.73823844914088,0.347055091916461,TRUE,1.42484720127058
REACTOME_MYOGENESIS,-3.17045453111828,0.0139078289833775,-0.918718355671376,0.657824657347117,TRUE,1.42461806052256
GOBP_GLYCEROLIPID_CATABOLIC_PROCESS,1.13003660207044,0.45204302587662,1.92240433882004,0.29152325444943,TRUE,1.42337709977898
HALLMARK_ALLOGRAFT_REJECTION,1.10081857591664,0.464805106892237,2.01148131247212,0.267029151094335,TRUE,1.42291943147216
GOBP_REGULATION_OF_PROTEIN_LOCALIZATION_TO_PLASMA_MEMBRANE,2.05665585890881,0.127475223768267,1.08633629329321,0.587853111867091,TRUE,1.42171522813471
REACTOME_MISMATCH_REPAIR,-3.52323235374184,0.00581341627052746,-0.890230554257348,0.669845733232106,TRUE,1.42132794879245
GOBP_POSITIVE_REGULATION_OF_NUCLEAR_TRANSCRIBED_MRNA_CATABOLIC_PROCESS_DEADENYLATION_DEPENDENT_DECAY,-4.4946242227758,0.000287079032594071,-0.844056734251072,0.686098845487909,TRUE,1.42121916394668
REACTOME_VOLTAGE_GATED_POTASSIUM_CHANNELS,1.18553617705583,0.428637762555497,1.77237881592585,0.335066432864493,TRUE,1.42074347012209
GOBP_REGULATION_OF_PROTEIN_K63_LINKED_UBIQUITINATION,-1.60457601251933,0.257656775974982,-1.27304057785637,0.506510204983683,TRUE,1.41970989535155
GOBP_MONOAMINE_TRANSPORT,1.15089905829828,0.442409741088489,1.84516137938839,0.310826071547007,TRUE,1.41759122562035
REACTOME_CARGO_CONCENTRATION_IN_THE_ER,2.48758380183644,0.0600352350950069,0.988247147011505,0.629498018527475,TRUE,1.41453806660632
REACTOME_POST_CHAPERONIN_TUBULIN_FOLDING_PATHWAY,1.15535773741227,0.440836828685714,1.81931783154817,0.321527394725264,TRUE,1.4132384421511
GOBP_SYNAPTIC_MEMBRANE_ADHESION,-0.932372800606416,0.548993078858012,-2.91119705270914,0.108776512986925,TRUE,1.41239579491973
GOBP_NEGATIVE_REGULATION_OF_BIOMINERALIZATION,1.30044035246422,0.37863219997843,1.54397350449192,0.409708617088738,TRUE,1.41178151236088
REACTOME_PLATELET_ACTIVATION_SIGNALING_AND_AGGREGATION,3.84740376844704,0.00234606014549241,0.864399506814184,0.678092852640034,TRUE,1.41164379142135
GOBP_NEGATIVE_REGULATION_OF_CELL_CYCLE_PHASE_TRANSITION,-1.28746166048045,0.384588378479811,-1.55762288693016,0.405300455094661,TRUE,1.40971539860537
GOBP_POSITIVE_REGULATION_OF_EPIDERMAL_CELL_DIFFERENTIATION,1.49807976439699,0.296626033512379,1.33094984559233,0.484311907036073,TRUE,1.40957805748572
GOBP_SULFUR_AMINO_ACID_BIOSYNTHETIC_PROCESS,-0.950427044889634,0.539880323857496,-2.66729289598277,0.139553612046791,TRUE,1.40147238947009
GOBP_PIGMENTATION,2.1100468570246,0.117220701470537,1.04767979445002,0.603079852627423,TRUE,1.4001550491491
GOBP_BICARBONATE_TRANSPORT,1.57762338353295,0.267123962419288,1.25603371955474,0.512281152062008,TRUE,1.39858006412719
GOBP_LEFT_RIGHT_PATTERN_FORMATION,-6.45335572107873,2.01935095276242e-07,-0.783962843533806,0.711866143739203,TRUE,1.39808440274258
GOBP_POSITIVE_REGULATION_OF_RELEASE_OF_CYTOCHROME_C_FROM_MITOCHONDRIA,1.24591349633392,0.403151195742097,1.59249367027158,0.39577725845675,TRUE,1.3980442129383
GOBP_MEMBRANE_DOCKING,1.03133369963599,0.498711425690891,2.16819867992713,0.233085331212696,TRUE,1.39778948973815
GOBP_AORTA_DEVELOPMENT,1.77651816911879,0.202658290620341,1.15062321393784,0.556557269128107,TRUE,1.39665480950284
GOBP_POSITIVE_REGULATION_OF_B_CELL_MEDIATED_IMMUNITY,-2.59437330641362,0.0482151607007105,-0.955494246407638,0.644366408276945,TRUE,1.39662042621374
REACTOME_EICOSANOID_LIGAND_BINDING_RECEPTORS,2.24610941275354,0.0937102844664379,1.01155057029829,0.617337942967015,TRUE,1.39489895768355
GOBP_AMINO_ACID_BETAINE_METABOLIC_PROCESS,-1.16821666890168,0.433794543376983,-1.72441586059441,0.352533691798255,TRUE,1.39284290826651
GOBP_MEMBRANE_DEPOLARIZATION_DURING_CARDIAC_MUSCLE_CELL_ACTION_POTENTIAL,3.77431639640098,0.0029192287149226,0.853789953917601,0.682800315600848,TRUE,1.39256671227178
REACTOME_SYNTHESIS_OF_SUBSTRATES_IN_N_GLYCAN_BIOSYTHESIS,1.08743453570616,0.470282816602675,1.92466457116927,0.290957807211255,TRUE,1.38969313430769
GOBP_POSITIVE_REGULATION_OF_T_CELL_MIGRATION,1.80183846779108,0.194161312124453,1.12854665351086,0.567306978797661,TRUE,1.3878440469895
REACTOME_TRANSLATION_OF_SARS_COV_1_STRUCTURAL_PROTEINS,1.00098963051469,0.516255395411812,2.25576339978101,0.21220935720825,TRUE,1.38665459190213
GOBP_HUMORAL_IMMUNE_RESPONSE_MEDIATED_BY_CIRCULATING_IMMUNOGLOBULIN,2.1901052566139,0.102607962614097,1.01435759655461,0.615905763178319,TRUE,1.38653497081664
REACTOME_PKA_ACTIVATION_IN_GLUCAGON_SIGNALLING,1.60516696461857,0.257466772778528,1.21991435172903,0.525400626332894,TRUE,1.38627246283384
GOBP_VESICLE_TARGETING_ROUGH_ER_TO_CIS_GOLGI,1.92829530379735,0.15871189607771,1.08193295561666,0.589315527902933,TRUE,1.38613158707461
GOBP_RUFFLE_ASSEMBLY,2.94481565785445,0.0230136179562406,0.906299784141697,0.661783746273013,TRUE,1.3860326106803
GOBP_RESPONSE_TO_GONADOTROPIN,2.62833091218575,0.0449911001177078,0.940781760114729,0.649336874531504,TRUE,1.38560253416505
GOBP_HOMOLOGOUS_CHROMOSOME_SEGREGATION,-1.20749049354091,0.417854205449779,-1.62261574980844,0.385095409353325,TRUE,1.38460744869046
REACTOME_INITIAL_TRIGGERING_OF_COMPLEMENT,1.36800585051399,0.350393730180202,1.39946752151514,0.458707487962105,TRUE,1.38355785200081
GOBP_REGULATION_OF_STEM_CELL_DIFFERENTIATION,-0.968541731164517,0.530973892016088,-2.4132561699768,0.179257769311811,TRUE,1.38230573022945
GOBP_PROTEIN_HYDROXYLATION,1.27379451684759,0.390969642564589,1.50953337082971,0.41972010874977,TRUE,1.38168078527461
GOBP_HISTONE_DEACETYLATION,-4.03799487221218,0.00132182262404187,-0.832434084580299,0.689632390292651,TRUE,1.38031561277657
REACTOME_G_ALPHA_12_13_SIGNALLING_EVENTS,1.04196834106899,0.494174996112973,2.03897783343194,0.262179180145973,TRUE,1.37915447414246
GOBP_MOTILE_CILIUM_ASSEMBLY,-1.53926075448643,0.280582579935271,-1.24906622311378,0.5144285012702,TRUE,1.37906252203489
GOBP_CELL_KILLING,1.52830637540194,0.28416476448264,1.2545210071682,0.512833174596519,TRUE,1.3779456572402
GOBP_CIRCADIAN_REGULATION_OF_GENE_EXPRESSION,-3.75650205015072,0.0030176793435662,-0.843608050240787,0.686098845487909,TRUE,1.37779979221952
GOBP_RETINA_VASCULATURE_DEVELOPMENT_IN_CAMERA_TYPE_EYE,-0.908913259568116,0.56088895729346,-2.84290311724261,0.120843747461767,TRUE,1.37744072705704
GOBP_NONRIBOSOMAL_PEPTIDE_BIOSYNTHETIC_PROCESS,-1.19646358318021,0.422721399847485,-1.62022994594228,0.385320490580731,TRUE,1.376469329485
REACTOME_RESPONSE_OF_EIF2AK1_HRI_TO_HEME_DEFICIENCY,-5.90863837472406,1.54582893565011e-06,-0.778865568523465,0.713930045627481,TRUE,1.37630871726835
GOBP_RHYTHMIC_BEHAVIOR,-2.10259313047222,0.118763632114906,-1.022555742173,0.613603894118576,TRUE,1.3759464055215
GOBP_METANEPHROS_DEVELOPMENT,1.31925089376988,0.371207411874104,1.43703338144029,0.446719543628172,TRUE,1.37562557671791
REACTOME_FANCONI_ANEMIA_PATHWAY,-1.02466441866676,0.503137853342378,-2.08300446521741,0.254649572126265,TRUE,1.37362160460582
GOBP_C21_STEROID_HORMONE_METABOLIC_PROCESS,1.27863080925911,0.388546739404086,1.4696759667005,0.436419922483091,TRUE,1.36751325367947
GOBP_VASCULAR_ENDOTHELIAL_GROWTH_FACTOR_PRODUCTION,-1.94062158380877,0.155943425328946,-1.05520907265454,0.6009694684488,TRUE,1.3670742686382
GOBP_ASPARTATE_FAMILY_AMINO_ACID_CATABOLIC_PROCESS,-1.05708432174776,0.486230826428424,-1.93261305376534,0.290057115102466,TRUE,1.36665000001198
GOBP_CELLULAR_RESPONSE_TO_FATTY_ACID,0.961983332692981,0.533733041422042,2.35829656149062,0.191261510763644,TRUE,1.36653659209593
GOBP_MEMBRANE_REPOLARIZATION_DURING_ACTION_POTENTIAL,1.10076370585523,0.464805106892237,1.79254572183323,0.329667979683978,TRUE,1.36395316228345
GOBP_DNA_REPLICATION_INITIATION,-1.12078403125412,0.455583114698377,-1.7399021806304,0.346838968382141,TRUE,1.3633474177583
REACTOME_GRB2_SOS_PROVIDES_LINKAGE_TO_MAPK_SIGNALING_FOR_INTEGRINS,1.23909347217738,0.405961029870184,1.51495690375581,0.417887708146187,TRUE,1.36320905854005
REACTOME_EFFECTS_OF_PIP2_HYDROLYSIS,2.95045971058386,0.0227230185756274,0.886258319186072,0.67108065017079,TRUE,1.36307617272832
GOBP_STRIATED_MUSCLE_CELL_PROLIFERATION,-3.57699697185056,0.00501499184319563,-0.841303222557393,0.686615536936202,TRUE,1.36221576039795
GOBP_POSITIVE_REGULATION_OF_NATURAL_KILLER_CELL_ACTIVATION,-4.14007334197269,0.000961132269572234,-0.815120939555317,0.696099233714837,TRUE,1.36206989296738
GOBP_PORE_COMPLEX_ASSEMBLY,-1.18473095820215,0.428667585960001,-1.59214842136772,0.39577894922907,TRUE,1.35855200533715
GOBP_POST_ANAL_TAIL_MORPHOGENESIS,1.32894773125827,0.366976286438846,1.38588246477946,0.463092952529003,TRUE,1.35681808758966
GOBP_NEGATIVE_REGULATION_OF_NIK_NF_KAPPAB_SIGNALING,1.10776805720154,0.461295998327104,1.75004396287801,0.341734799929934,TRUE,1.35673220432511
GOBP_NEUROTRANSMITTER_UPTAKE,1.11946503777885,0.455700881620804,1.72071771122844,0.353951996149593,TRUE,1.35645026242087
GOBP_POSITIVE_REGULATION_OF_MONOOXYGENASE_ACTIVITY,0.993441101819698,0.519235346332899,2.13558760452902,0.23794294517268,TRUE,1.35606330397108
GOBP_3_UTR_MEDIATED_MRNA_STABILIZATION,-5.25882647405388,1.96444666365854e-05,-0.777852500815337,0.714258437837131,TRUE,1.35524560481878
GOBP_DNA_TEMPLATED_TRANSCRIPTION_INITIATION,-1.86329088228452,0.176113722040523,-1.06241085974772,0.59850594244358,TRUE,1.35323463753549
GOBP_SPERM_CAPACITATION,0.947512264316442,0.540523492038715,2.36011331348346,0.190714228843447,TRUE,1.35217016382462
GOBP_TOLL_LIKE_RECEPTOR_3_SIGNALING_PATHWAY,1.76115543563369,0.207264073479736,1.09363920245599,0.584168317373889,TRUE,1.34935704329073
GOBP_DEFENSE_RESPONSE_TO_GRAM_NEGATIVE_BACTERIUM,2.10022306242581,0.119239164744899,0.993849975465571,0.627159665261631,TRUE,1.34922906699489
GOBP_CELLULAR_IRON_ION_HOMEOSTASIS,1.08360217415767,0.472245233758935,1.78638622650553,0.331519370652321,TRUE,1.34894761141153
GOBP_NEURON_FATE_COMMITMENT,1.02296697579045,0.503916772307608,1.97723829000368,0.27801973649596,TRUE,1.34834072655143
REACTOME_NUCLEAR_PORE_COMPLEX_NPC_DISASSEMBLY,-1.06305246172853,0.483257263830738,-1.84174081873255,0.311551045997185,TRUE,1.34802508969504
GOBP_PYRIDINE_NUCLEOTIDE_METABOLIC_PROCESS,1.72886047557117,0.218170036230688,1.10441555275545,0.579198301778696,TRUE,1.34782518799815
GOBP_V_D_J_RECOMBINATION,-1.03135991424783,0.498711425690891,-1.94148290578816,0.287350287063048,TRUE,1.34710629820857
GOBP_POSITIVE_REGULATION_OF_ACTIN_NUCLEATION,-2.48017826868188,0.0605560559000934,-0.924338717063029,0.657017822979142,TRUE,1.34675480167088
GOBP_TELOMERE_MAINTENANCE,-1.6900743409089,0.230284870655639,-1.11720862220827,0.572872684966487,TRUE,1.34519081306987
GOBP_REGULATION_OF_SYSTEMIC_ARTERIAL_BLOOD_PRESSURE_MEDIATED_BY_A_CHEMICAL_SIGNAL,2.16903488889684,0.107184845272324,0.974768304740559,0.636571051238007,TRUE,1.34506286261949
GOBP_COLLATERAL_SPROUTING,2.95878130502783,0.022304500588914,0.869871973329022,0.676998023672854,TRUE,1.34447323658316
REACTOME_PROCESSIVE_SYNTHESIS_ON_THE_C_STRAND_OF_THE_TELOMERE,-5.10003441844476,3.12242461387904e-05,-0.772638682104555,0.716297289654242,TRUE,1.34197283052804
GOBP_GLIAL_CELL_DEVELOPMENT,1.09856973733139,0.46565818536613,1.7194749571325,0.353951996149593,TRUE,1.3406197252413
GOBP_GLUTAMATE_RECEPTOR_SIGNALING_PATHWAY,4.64892218279828,0.000163627403875668,0.782632895350183,0.711890160466652,TRUE,1.33972660714374
GOBP_VENTRICULAR_CARDIAC_MUSCLE_TISSUE_DEVELOPMENT,1.54739653197336,0.277302815514749,1.18029475279212,0.542766375158511,TRUE,1.33914275224435
GOBP_NEGATIVE_REGULATION_OF_HEMOPOIESIS,1.6203171101835,0.251271618809145,1.14093731584385,0.561589105968107,TRUE,1.33901478768716
GOBP_REGULATION_OF_EXTRINSIC_APOPTOTIC_SIGNALING_PATHWAY,1.84398552391003,0.182115491969976,1.0509508376726,0.602035207014333,TRUE,1.33884679243861
GOBP_VIRAL_PROTEIN_PROCESSING,2.20112636952248,0.100823961618764,0.960571525495847,0.642630870836568,TRUE,1.33747080510935
GOBP_HEART_PROCESS,1.06242937886699,0.483416587869364,1.80239359713823,0.325838043121474,TRUE,1.33684763485918
GOBP_AXON_ENSHEATHMENT_IN_CENTRAL_NERVOUS_SYSTEM,2.73321166369252,0.0360832783370065,0.884623804629193,0.67108065017079,TRUE,1.33663574364491
GOBP_ACTIN_FILAMENT_BASED_MOVEMENT,1.53921107350051,0.280582579935271,1.17527581733617,0.544731510588893,TRUE,1.3328467774649
GOBP_ADHESION_OF_SYMBIONT_TO_HOST,0.802241493585889,0.614061538870861,3.9272982726123,0.0421505736040101,TRUE,1.33232482978376
REACTOME_TERMINATION_OF_O_GLYCAN_BIOSYNTHESIS,1.68277660976754,0.232983767798205,1.10169561706849,0.580037939256067,TRUE,1.33160431454032
GOBP_FOAM_CELL_DIFFERENTIATION,1.18144672755915,0.429551262366468,1.52155522539398,0.415665949118183,TRUE,1.33010369443371
GOBP_RRNA_METABOLIC_PROCESS,-2.16691364210618,0.107685457947395,-0.959356990644812,0.643117229431914,TRUE,1.32991925196756
GOBP_REGULATION_OF_INTRINSIC_APOPTOTIC_SIGNALING_PATHWAY_IN_RESPONSE_TO_DNA_DAMAGE_BY_P53_CLASS_MEDIATOR,-2.61722392809963,0.0459667070146321,-0.890061326189114,0.669845733232106,TRUE,1.32837202079854
GOBP_ACTIN_CYTOSKELETON_REORGANIZATION,1.08962767437849,0.46923571677435,1.69851491358266,0.360019743415258,TRUE,1.32758551386543
GOBP_INFLAMMATORY_RESPONSE_TO_WOUNDING,0.899764973612069,0.565671697404457,2.52802200062106,0.156685104517375,TRUE,1.32716861682364
GOBP_EXTRACELLULAR_MATRIX_DISASSEMBLY,1.15117942897909,0.442357617640832,1.56558228788931,0.403475424086557,TRUE,1.32677526556849
GOBP_PROTEIN_TRANSMEMBRANE_IMPORT_INTO_INTRACELLULAR_ORGANELLE,-1.72239734692701,0.220232768530099,-1.07531468558645,0.593349620458845,TRUE,1.32402415977159
GOBP_MYOBLAST_FUSION,1.11404950984621,0.458281084085027,1.62984782255103,0.38189942059197,TRUE,1.32346873652926
REACTOME_DISEASES_ASSOCIATED_WITH_O_GLYCOSYLATION_OF_PROTEINS,3.52116194251759,0.00583725596278892,0.813641933108307,0.696609965812774,TRUE,1.32184296770924
REACTOME_CELL_SURFACE_INTERACTIONS_AT_THE_VASCULAR_WALL,2.05713957900381,0.127433097279456,0.973381553047221,0.636917410645951,TRUE,1.32147682262848
GOBP_POSITIVE_REGULATION_OF_TRANSLATION,-1.41422522415533,0.331787725040183,-1.23821897424768,0.51631735794063,TRUE,1.32038254185564
GOBP_ESTABLISHMENT_OF_ENDOTHELIAL_BARRIER,-1.225676604829,0.411621816729373,-1.42942716087072,0.448429106708608,TRUE,1.31973405485692
GOBP_LEUKOCYTE_HOMEOSTASIS,1.46548599173118,0.309434901010957,1.19870918169141,0.536181064585109,TRUE,1.31874085761634
REACTOME_PLATELET_HOMEOSTASIS,2.10749008226507,0.117655892730449,0.957430243729121,0.643617153995971,TRUE,1.31668985063436
GOBP_REGULATION_OF_PROTEIN_LOCALIZATION_TO_CELL_PERIPHERY,2.19696255517177,0.101470497789486,0.937898140490979,0.650024785494393,TRUE,1.31458925627845
GOBP_PHOSPHOLIPID_DEPHOSPHORYLATION,-2.14509888715979,0.111259310249551,-0.947557079397244,0.646447498790822,TRUE,1.31447122377356
GOBP_NEGATIVE_REGULATION_OF_MITOTIC_CELL_CYCLE,-1.31235084094757,0.373929020641435,-1.3161983434608,0.491570859732919,TRUE,1.31427177633989
REACTOME_REGULATION_OF_HSF1_MEDIATED_HEAT_SHOCK_RESPONSE,-2.33787770442657,0.078814215634193,-0.913664070455983,0.660189859478109,TRUE,1.31385970566645
GOBP_POSITIVE_REGULATION_OF_NEURON_DIFFERENTIATION,1.22103914208704,0.413610968634888,1.42050445079138,0.452882995643748,TRUE,1.31324089490804
GOBP_HEMOSTASIS,4.61346208155402,0.000190569079812272,0.764588928694535,0.720446013648294,TRUE,1.31177708198987
GOBP_REGULATION_OF_COLLATERAL_SPROUTING,2.75549561214363,0.0342118302844537,0.860246628439092,0.680139795222533,TRUE,1.31115862376476
REACTOME_THROMBOXANE_SIGNALLING_THROUGH_TP_RECEPTOR,3.57688827374041,0.00501499184319563,0.802108673024952,0.70360218731418,TRUE,1.31036999645671
GOBP_CELLULAR_RESPONSE_TO_OSMOTIC_STRESS,1.61209714195546,0.254453878239659,1.10351390490345,0.579397488571469,TRUE,1.31018145198714
GOBP_ASPARTATE_FAMILY_AMINO_ACID_METABOLIC_PROCESS,-0.809184883574728,0.609951643848217,-3.43074176427064,0.0664886793530813,TRUE,1.30950585029911
GOBP_NUCLEUS_ORGANIZATION,-2.21617487757236,0.0987494707355639,-0.92664335939239,0.656155863170039,TRUE,1.30685491728468
GOBP_REGULATION_OF_CALCIUM_ION_IMPORT,2.13044144380168,0.113959947877482,0.942468385571515,0.648652976506636,TRUE,1.30682240585236
GOBP_B_CELL_ACTIVATION_INVOLVED_IN_IMMUNE_RESPONSE,-3.25807905391034,0.0111283039179123,-0.816715692685279,0.695705257250107,TRUE,1.30604089620019
REACTOME_PROSTACYCLIN_SIGNALLING_THROUGH_PROSTACYCLIN_RECEPTOR,2.68495618918035,0.0402046328966667,0.862723123342681,0.679011229096719,TRUE,1.30585297345863
GOBP_REGULATION_OF_GENE_EXPRESSION_EPIGENETIC,-3.27407521293289,0.0107448268783174,-0.8155571918042,0.695907767498893,TRUE,1.30583647729432
REACTOME_EPHA_MEDIATED_GROWTH_CONE_COLLAPSE,-1.25339822155757,0.40044544756409,-1.36259607915227,0.475939242130124,TRUE,1.30571806050751
GOBP_PEPTIDYL_LYSINE_METHYLATION,-4.51387534102691,0.000266465524965322,-0.763157993827784,0.720446013648294,TRUE,1.30558206896059
REACTOME_INTERACTIONS_OF_VPR_WITH_HOST_CELLULAR_PROTEINS,-1.8320926069095,0.185302058785417,-1.01334703577155,0.61603155224086,TRUE,1.30492707321771
REACTOME_RND3_GTPASE_CYCLE,-0.902897215930293,0.5637762033253,-2.34835871358196,0.194080604072386,TRUE,1.30431229682794
GOBP_POSITIVE_REGULATION_OF_PROTEIN_EXPORT_FROM_NUCLEUS,-3.23661790936009,0.0117731296786191,-0.816050199607722,0.69575394759916,TRUE,1.30345866968116
GOBP_REGULATION_OF_MACROPHAGE_MIGRATION,0.954986850620868,0.537509929644825,2.0379739172663,0.262179180145973,TRUE,1.30054380517091
GOBP_OLIGOSACCHARIDE_METABOLIC_PROCESS,1.182226282713,0.429551262366468,1.442870864567,0.445868370198593,TRUE,1.29960893860207
GOBP_SPERM_FLAGELLUM_ASSEMBLY,-1.75559199300426,0.209232576464016,-1.02764341482534,0.611808838107827,TRUE,1.29642109729971
GOBP_REGULATION_OF_DNA_TEMPLATED_TRANSCRIPTION_INITIATION,-1.03789536153724,0.495719640887611,-1.72352788882309,0.35291523007336,TRUE,1.29559393045317
GOBP_ENDODERMAL_CELL_DIFFERENTIATION,4.67521144236898,0.000148236129995901,0.751458388736427,0.725362102036887,TRUE,1.29480029809334
GOBP_NEGATIVE_REGULATION_OF_CANONICAL_WNT_SIGNALING_PATHWAY,-2.50082084084324,0.058424101105593,-0.873421751497886,0.67497495440816,TRUE,1.29467355071007
REACTOME_EPH_EPHRIN_MEDIATED_REPULSION_OF_CELLS,1.13427237872439,0.44999895289577,1.5072774976231,0.421041874749346,TRUE,1.29443948640537
GOBP_REGULATION_OF_ENDOTHELIAL_CELL_DEVELOPMENT,-1.26995116018377,0.392786150530929,-1.31569556334453,0.491604874842187,TRUE,1.29241871436946
GOBP_GAMMA_AMINOBUTYRIC_ACID_SIGNALING_PATHWAY,1.17127841372534,0.432642996550571,1.43251110004344,0.446719543628172,TRUE,1.28879029585939
KEGG_TOLL_LIKE_RECEPTOR_SIGNALING_PATHWAY,1.09716828610656,0.46589650261185,1.55427229904121,0.406412147503595,TRUE,1.2863183011034
GOBP_POSITIVE_REGULATION_OF_VASCULAR_ENDOTHELIAL_GROWTH_FACTOR_PRODUCTION,-1.71081489131124,0.223496077105102,-1.0299404843268,0.610593520645273,TRUE,1.28580429571567
GOBP_REGULATION_OF_MONONUCLEAR_CELL_MIGRATION,1.17201065983501,0.432452890870927,1.42311212372246,0.452739583373225,TRUE,1.28541322954805
GOBP_TOXIN_TRANSPORT,-2.68734410080632,0.0400048496376465,-0.84381008447156,0.686098845487909,TRUE,1.28434383418298
KEGG_GLYCOSAMINOGLYCAN_BIOSYNTHESIS_KERATAN_SULFATE,1.18322162430489,0.429031363064516,1.40290001883627,0.457108709955205,TRUE,1.28373051857577
REACTOME_GLUCAGON_SIGNALING_IN_METABOLIC_REGULATION,3.98836772502162,0.00150723748716666,0.764213172748038,0.720446013648294,TRUE,1.28265597947213
GOBP_MITOTIC_CELL_CYCLE_CHECKPOINT_SIGNALING,-2.43639458621763,0.0656209639053578,-0.86939398759402,0.677226006127673,TRUE,1.28150167947487
REACTOME_SMOOTH_MUSCLE_CONTRACTION,1.69617273360469,0.228696977495412,1.02894200390098,0.611199426448192,TRUE,1.2808733133012
GOBP_POSITIVE_REGULATION_OF_CELLULAR_AMIDE_METABOLIC_PROCESS,-2.08751358097767,0.121757440320889,-0.923337483716717,0.657017822979142,TRUE,1.28035528537845
GOBP_REGULATION_OF_GLIAL_CELL_PROLIFERATION,0.916957637959831,0.556527160813586,2.11821833068208,0.244682840663766,TRUE,1.27987075362523
GOBP_MEMBRANE_INVAGINATION,2.04249350056148,0.130737431799875,0.931666561942412,0.652693263969307,TRUE,1.27963717988722
GOBP_PEPTIDYL_ARGININE_MODIFICATION,2.15787847312898,0.1093979604484,0.909053047988299,0.661451930851507,TRUE,1.27921082663862
REACTOME_RESOLUTION_OF_D_LOOP_STRUCTURES_THROUGH_SYNTHESIS_DEPENDENT_STRAND_ANNEALING_SDSA,-0.952357239710048,0.538789333343594,-1.94498786993409,0.286860070586341,TRUE,1.27863489434813
KEGG_GLIOMA,1.78991869698718,0.198572962523007,0.994498854246842,0.626987358883132,TRUE,1.2785956564308
GOBP_SYMPATHETIC_NERVOUS_SYSTEM_DEVELOPMENT,2.36288846824156,0.0754789532007553,0.876384047096154,0.673305338462154,TRUE,1.27855729879428
GOBP_NEGATIVE_REGULATION_OF_PROTEIN_BINDING,0.993273580132291,0.519235346332899,1.78662944670175,0.331519370652321,TRUE,1.27674369196704
GOBP_MYELOID_DENDRITIC_CELL_DIFFERENTIATION,1.28257437928349,0.386884719089049,1.269493787702,0.5078143194976,TRUE,1.27600056129331
GOBP_N_TERMINAL_PROTEIN_AMINO_ACID_ACETYLATION,-0.845323296935502,0.593724546131043,-2.6010700427085,0.147772860615698,TRUE,1.27596875189507
GOBP_NEGATIVE_REGULATION_OF_TELOMERE_MAINTENANCE_VIA_TELOMERASE,-3.17765014743557,0.0136030523984778,-0.797826001846075,0.704617725585811,TRUE,1.27542554259933
REACTOME_PEROXISOMAL_PROTEIN_IMPORT,-0.940731979547893,0.543484669375324,-1.97774482854237,0.278001943072076,TRUE,1.27499920673533
REACTOME_SIGNALLING_TO_RAS,2.71524954336809,0.0375547235979038,0.832241369536148,0.689632390292651,TRUE,1.27399508784369
REACTOME_RNA_POLYMERASE_I_TRANSCRIPTION,-1.5782197322069,0.266925508682697,-1.067918255447,0.595945851140166,TRUE,1.27386377505183
GOBP_INORGANIC_ANION_TRANSPORT,3.1947853215529,0.0130388835755473,0.795202010235656,0.705924418156285,TRUE,1.27343748173327
GOBP_PROTEIN_STABILIZATION,-2.32635735535486,0.0806359143497035,-0.876366266279029,0.673305338462154,TRUE,1.27312959243297
REACTOME_INTERLEUKIN_12_FAMILY_SIGNALING,0.836208939114177,0.597879406570152,2.66157614312705,0.140653605618817,TRUE,1.27259606332919
REACTOME_MRNA_DECAY_BY_5_TO_3_EXORIBONUCLEASE,-2.91147545114672,0.0246604793124936,-0.81394997341496,0.696609965812774,TRUE,1.27222805236425
GOBP_REGULATION_OF_ANIMAL_ORGAN_MORPHOGENESIS,1.44325707145359,0.318097719391055,1.13595854693936,0.564726759199201,TRUE,1.27130139415789
GOBP_GAP_JUNCTION_ASSEMBLY,1.98597742455554,0.144245081710535,0.933131069821783,0.651995587307989,TRUE,1.26968712700261
GOBP_BONE_REMODELING,0.821167835556351,0.605809398323653,2.79218526390539,0.125037116367193,TRUE,1.26909973452364
GOBP_REGULATION_OF_TRANSCRIPTION_BY_RNA_POLYMERASE_I,2.45113959549905,0.0638156547784101,0.85533169997931,0.682424551632484,TRUE,1.26814190098782
GOBP_ICOSANOID_TRANSPORT,1.13481167580219,0.449755737837155,1.43526396994153,0.446719543628172,TRUE,1.26747577538833
GOBP_POSITIVE_REGULATION_OF_LYASE_ACTIVITY,1.03765934872809,0.495742204907845,1.62206888023802,0.385250001691095,TRUE,1.26565934032603
GOBP_POSITIVE_REGULATION_OF_G_PROTEIN_COUPLED_RECEPTOR_SIGNALING_PATHWAY,1.23139150732539,0.408803003347022,1.29585480764877,0.497591170806409,TRUE,1.26280101421913
GOBP_SPERMATID_NUCLEUS_DIFFERENTIATION,-1.68625083969261,0.231686048987512,-1.0086788915919,0.619025707785979,TRUE,1.26228569760618
GOBP_REGULATION_OF_FIBROBLAST_GROWTH_FACTOR_RECEPTOR_SIGNALING_PATHWAY,3.15980321478535,0.0141620581022264,0.787332550086923,0.710091071682335,TRUE,1.26056769823336
GOBP_CELLULAR_OXIDANT_DETOXIFICATION,1.26985608628801,0.392786150530929,1.24204764104528,0.515313431489154,TRUE,1.25579793467279
GOBP_CARBOXYLIC_ACID_TRANSPORT,1.49441300953556,0.297970695957664,1.08282794209116,0.589315527902933,TRUE,1.25575543313346
GOBP_CELLULAR_RESPONSE_TO_VITAMIN_D,-1.68232709216984,0.232983767798205,-1.00147784715982,0.624010773671571,TRUE,1.25554081058194
GOBP_KIDNEY_MORPHOGENESIS,1.09702204346902,0.46589650261185,1.46428730378769,0.438292665427179,TRUE,1.25432365438201
GOBP_NUCLEOSIDE_DIPHOSPHATE_METABOLIC_PROCESS,1.15234498692669,0.442289771665608,1.3729651992031,0.470536221955167,TRUE,1.25301800405851
GOBP_REGULATION_OF_ORGANELLE_ASSEMBLY,-1.03998696973866,0.494980147664305,-1.57153386063581,0.401266422739943,TRUE,1.25166509763583
GOBP_PLACENTA_BLOOD_VESSEL_DEVELOPMENT,1.24847067706983,0.402086492383404,1.25038271705623,0.513773750251618,TRUE,1.24942596554815
GOBP_PROTEIN_TRIMERIZATION,0.769663868750798,0.630940865107985,3.30746097217907,0.0711077910460246,TRUE,1.24873939695653
GOBP_NEUROMUSCULAR_PROCESS_CONTROLLING_POSTURE,2.5168336021748,0.056666035497793,0.829251216140008,0.690670590543358,TRUE,1.24748022763907
GOBP_POSITIVE_REGULATION_OF_EPIDERMIS_DEVELOPMENT,1.12155408984426,0.455583114698377,1.40346033230655,0.457084889957144,TRUE,1.24677044362528
GOBP_ANTIBACTERIAL_HUMORAL_RESPONSE,1.21034629266999,0.417506621052463,1.28426055943804,0.502865183921738,TRUE,1.24620840003273
GOBP_REGULATION_OF_GLIAL_CELL_DIFFERENTIATION,1.24124066814028,0.405220992976711,1.2507785177518,0.513773750251618,TRUE,1.24599134056345
GOBP_LIPOPROTEIN_CATABOLIC_PROCESS,-1.30349959340215,0.377693293753202,-1.18560894702499,0.541327437147016,TRUE,1.24176246658639
GOBP_POSITIVE_REGULATION_OF_TRANSLATIONAL_INITIATION,-1.43723248603437,0.32054002716822,-1.092900538548,0.584616696488102,TRUE,1.2416360268369
GOBP_REGULATION_OF_ANIMAL_ORGAN_FORMATION,0.941097172323181,0.543440570774902,1.82319669379456,0.320309830064021,TRUE,1.24140582457593
GOBP_POSITIVE_REGULATION_OF_RESPONSE_TO_ENDOPLASMIC_RETICULUM_STRESS,-1.73365854278598,0.216552081367675,-0.965952715905498,0.640213595750703,TRUE,1.2406469060798
GOBP_COPII_COATED_VESICLE_CARGO_LOADING,-2.79117159344859,0.0315691296218609,-0.797505043581475,0.704617725585811,TRUE,1.2405539135556
GOBP_MATERNAL_PLACENTA_DEVELOPMENT,0.854125252754056,0.589324481579959,2.25680617946251,0.21220935720825,TRUE,1.23923988069188
GOBP_REGULATION_OF_REPRODUCTIVE_PROCESS,0.950299805503042,0.539880323857496,1.77896092389729,0.333787086375585,TRUE,1.23883086856898
GOBP_PEPTIDE_CATABOLIC_PROCESS,-2.07979407929599,0.12360373482329,-0.87905474568662,0.672343858734548,TRUE,1.2357865937722
GOBP_MORPHOGENESIS_OF_AN_ENDOTHELIUM,1.28141634169523,0.387317431605916,1.19046046793741,0.539312157194316,TRUE,1.23426498587028
REACTOME_BETA_DEFENSINS,0.987279953192179,0.522827804195223,1.64437361500234,0.37802112493365,TRUE,1.23379241498246
GOBP_BROWN_FAT_CELL_DIFFERENTIATION,-2.95318673314537,0.0225608934751842,-0.77928146297928,0.713930045627481,TRUE,1.23315916274705
GOBP_NEGATIVE_REGULATION_OF_TOR_SIGNALING,-5.43560925969325,8.78701140257611e-06,-0.695244296300804,0.745151902395692,TRUE,1.23280593809872
GOBP_LABYRINTHINE_LAYER_MORPHOGENESIS,-2.44740350579726,0.064151122290102,-0.821070229637415,0.693800388325294,TRUE,1.22961989061425
GOBP_BIOLOGICAL_PROCESS_INVOLVED_IN_INTERACTION_WITH_SYMBIONT,-1.17077268740135,0.432778781632409,-1.29029116610456,0.500263628979306,TRUE,1.2276297942603
GOBP_VESICLE_TARGETING_TO_FROM_OR_WITHIN_GOLGI,1.9557724120076,0.152125894830223,0.894076060331418,0.667916016815053,TRUE,1.22715948584976
GOBP_TOLL_LIKE_RECEPTOR_2_SIGNALING_PATHWAY,2.21588700827591,0.0987494707355639,0.84672261586502,0.685978191504829,TRUE,1.22525680669144
GOBP_GOLGI_ORGANIZATION,-1.35106992300141,0.357161153315279,-1.12026752520312,0.571727617382959,TRUE,1.22489121031754
REACTOME_REGULATION_OF_TP53_ACTIVITY_THROUGH_ACETYLATION,0.986244629829671,0.522941116885726,1.61538316590124,0.387214826483778,TRUE,1.22474319739482
GOBP_POSITIVE_REGULATION_OF_NITRIC_OXIDE_SYNTHASE_ACTIVITY,0.95955454283843,0.53501291469363,1.6904187547115,0.362753415817863,TRUE,1.22420025657043
GOBP_REGULATION_OF_MEMBRANE_DEPOLARIZATION,2.22734212591001,0.096868522400545,0.84393868893947,0.686098845487909,TRUE,1.22407575658449
REACTOME_DNA_REPLICATION,-1.15367290171352,0.441706512517508,-1.30294124155933,0.495509409537704,TRUE,1.22377216383632
REACTOME_FCGAMMA_RECEPTOR_FCGR_DEPENDENT_PHAGOCYTOSIS,1.60292209043511,0.258008762641378,0.989382032328306,0.629295123936649,TRUE,1.22354649793794
REACTOME_GENE_SILENCING_BY_RNA,-1.17208081493346,0.432452890870927,-1.27723846295239,0.505110663757963,TRUE,1.22240225032138
GOBP_RNA_PHOSPHODIESTER_BOND_HYDROLYSIS_ENDONUCLEOLYTIC,-1.26351330587142,0.395378775838376,-1.18209784634405,0.542095723099694,TRUE,1.22145039806889
GOBP_SIGNAL_TRANSDUCTION_BY_P53_CLASS_MEDIATOR,-1.26866554340283,0.393216176162554,-1.17488322593341,0.544731510588893,TRUE,1.21997472280331
GOBP_REGULATION_OF_GLIOGENESIS,1.04312932881593,0.494078334091739,1.46842366135116,0.436933412839684,TRUE,1.21976784426178
GOBP_NEGATIVE_REGULATION_OF_PROTEASOMAL_PROTEIN_CATABOLIC_PROCESS,-3.4983782226355,0.00626033875711134,-0.734643668374717,0.730803754559561,TRUE,1.21429157562226
REACTOME_DOWNSTREAM_SIGNALING_OF_ACTIVATED_FGFR4,1.695216702552,0.228931709307029,0.945546407863499,0.647835282076034,TRUE,1.21397186845438
REACTOME_CHONDROITIN_SULFATE_DERMATAN_SULFATE_METABOLISM,1.35576619550612,0.355665896218138,1.09822554068548,0.581337977983953,TRUE,1.2134817254222
GOBP_HISTONE_H3_K9_TRIMETHYLATION,-0.834428575936133,0.598848442250488,-2.21814248717151,0.221373856858645,TRUE,1.21267052496375
GOBP_REGULATION_OF_CYTOPLASMIC_TRANSPORT,-1.568393347183,0.270390480613353,-0.986995668385963,0.630113532276283,TRUE,1.21155521180036
GOBP_KETONE_BIOSYNTHETIC_PROCESS,2.48079697764894,0.0605360834189787,0.801053010807766,0.704062674219277,TRUE,1.21105467656247
KEGG_INOSITOL_PHOSPHATE_METABOLISM,-2.81548058097342,0.029898647712674,-0.770967735044971,0.7172271943205,TRUE,1.21047035691622
REACTOME_POSTMITOTIC_NUCLEAR_PORE_COMPLEX_NPC_REFORMATION,-0.961099126250141,0.534109276186825,-1.63246079902493,0.381482754012932,TRUE,1.20988655962061
REACTOME_SENSORY_PERCEPTION_OF_TASTE,0.841266924798973,0.595745473358848,2.14814863082557,0.234951248455387,TRUE,1.20904327888814
REACTOME_GLUCONEOGENESIS,0.748274228062385,0.641569871471309,3.1402417539073,0.0878604133797331,TRUE,1.20856490508444
GOBP_REGULATION_OF_PH,2.93889379500241,0.0232968147663504,0.760293510520688,0.72160101992432,TRUE,1.20806095820762
GOBP_OLFACTORY_LOBE_DEVELOPMENT,1.14977523552448,0.442923678507748,1.26947230976772,0.5078143194976,TRUE,1.20666264747925
GOBP_MEMBRANE_RAFT_ORGANIZATION,2.90901571629664,0.0247267005331714,0.761170501584568,0.721228832209804,TRUE,1.20661831331773
GOBP_MESODERMAL_CELL_FATE_COMMITMENT,-1.07364469100733,0.477885899705576,-1.37411812790425,0.470050861200696,TRUE,1.20543920468352
REACTOME_SUMOYLATION_OF_DNA_METHYLATION_PROTEINS,-1.56272239496401,0.27224220696016,-0.980451185266015,0.634597928872718,TRUE,1.20492996333001
GOBP_STORE_OPERATED_CALCIUM_ENTRY,0.921734529816077,0.555330727674186,1.7389127770165,0.346838968382141,TRUE,1.20483158124598
GOBP_MULTICELLULAR_ORGANISMAL_RESPONSE_TO_STRESS,1.11820756641652,0.456253652317908,1.30531955633129,0.494953004358602,TRUE,1.20454043264528
REACTOME_DEADENYLATION_OF_MRNA,-0.940275309042006,0.543686091849566,-1.6727425069229,0.367852534166094,TRUE,1.20384826160386
GOBP_PROTEIN_DESTABILIZATION,-1.19302005488999,0.424576473330217,-1.21244596886289,0.529681940576995,TRUE,1.2026545725782
GOBP_MYELOID_DENDRITIC_CELL_ACTIVATION,1.64076174755569,0.244818761684389,0.94859657759454,0.646270131900035,TRUE,1.20216731941807
GOBP_REGULATION_OF_DNA_REPAIR,-0.895705146601185,0.567969753918126,-1.82236407442458,0.320309830064021,TRUE,1.20107381211373
GOBP_POSITIVE_REGULATION_OF_RELEASE_OF_SEQUESTERED_CALCIUM_ION_INTO_CYTOSOL,-1.58805674768286,0.263129854588812,-0.965530986018424,0.640379168950642,TRUE,1.20091272150731
GOBP_AMP_METABOLIC_PROCESS,0.758342926324517,0.636694397117519,2.87942993360791,0.113675319713776,TRUE,1.20051218483124
GOBP_RIBOSOMAL_LARGE_SUBUNIT_BIOGENESIS,-1.64859117709931,0.242382622661048,-0.943868802242174,0.648548648310209,TRUE,1.20044574814304
GOBP_REGULATION_OF_BLOOD_PRESSURE,0.952419806931856,0.538789333343594,1.61423486300263,0.387846288132311,TRUE,1.19800242282136
GOBP_APOPTOTIC_MITOCHONDRIAL_CHANGES,1.05972090266552,0.484980915449424,1.37484210275275,0.469681375600596,TRUE,1.196887417503
GOBP_THIOESTER_BIOSYNTHETIC_PROCESS,-0.841245443408728,0.595745473358848,-2.07187858135115,0.254649572126265,TRUE,1.19662492983042
GOBP_ORGAN_INDUCTION,1.06887563944972,0.4803041738309,1.35597051426159,0.477788587783449,TRUE,1.19542746931637
GOBP_PODOSOME_ASSEMBLY,2.35487828865941,0.0764363496553256,0.800234089004876,0.704062674219277,TRUE,1.19453994436659
GOBP_SEROTONIN_RECEPTOR_SIGNALING_PATHWAY,1.07918274022989,0.475107498689527,1.33629592340743,0.482900502103667,TRUE,1.19405525545755
GOBP_NEGATIVE_REGULATION_OF_STEM_CELL_DIFFERENTIATION,-0.725772728704291,0.651776921101015,-3.35638605881175,0.0664886793530813,TRUE,1.19347315735903
GOBP_FERTILIZATION,0.810570463812381,0.609685203595273,2.25778854676977,0.21220935720825,TRUE,1.19288303828452
REACTOME_TRANSCRIPTIONAL_REGULATION_OF_WHITE_ADIPOCYTE_DIFFERENTIATION,-3.78189941234145,0.00286203954949017,-0.707010702811889,0.740757675099307,TRUE,1.1913107159162
GOBP_RESPONSE_TO_VITAMIN,1.3413922200121,0.36184026373812,1.06981649825026,0.595328908498926,TRUE,1.19031050006128
GOBP_PROTEIN_METHYLATION,-3.90850550388314,0.00192815167811619,-0.701624736149027,0.743140366560186,TRUE,1.18968619111285
REACTOME_SYNTHESIS_OF_BILE_ACIDS_AND_BILE_SALTS,0.914641103680827,0.557906492746594,1.69878863309878,0.360019743415258,TRUE,1.18907494502803
GOBP_T_CELL_MIGRATION,0.971865458870659,0.530633032423899,1.53116335094282,0.412879972843144,TRUE,1.18902728313452
GOBP_REGULATION_OF_CARDIAC_MUSCLE_CELL_MEMBRANE_REPOLARIZATION,2.4632297478318,0.0624097118117862,0.783543519538397,0.711866143739203,TRUE,1.18890205573923
GOBP_RNA_METHYLATION,-2.02537216368928,0.134385961700142,-0.84096368877844,0.686615536936202,TRUE,1.18846118082004
GOBP_REGULATION_OF_DOUBLE_STRAND_BREAK_REPAIR,-0.842993552220723,0.594804926165234,-2.01127050757445,0.267029151094335,TRUE,1.18803869168197
GOBP_EMBRYONIC_APPENDAGE_MORPHOGENESIS,-1.09466265775933,0.467052792127685,-1.29701783343292,0.497359104937951,TRUE,1.18727981763079
GOBP_REGULATION_OF_CHROMATIN_ASSEMBLY_OR_DISASSEMBLY,-4.00833468796838,0.0014414581036122,-0.69680935524965,0.744983868718231,TRUE,1.18723043711018
GOBP_CHROMATIN_ASSEMBLY_OR_DISASSEMBLY,-3.3221130989253,0.00960341966288832,-0.722730137373341,0.735708526592204,TRUE,1.18718630913032
KEGG_GLYCOSAMINOGLYCAN_BIOSYNTHESIS_CHONDROITIN_SULFATE,1.2074543776953,0.417854205449779,1.16749489476553,0.547413281336462,TRUE,1.18713846899213
GOBP_AUTONOMIC_NERVOUS_SYSTEM_DEVELOPMENT,2.32518814901583,0.0807652323567292,0.796009677584897,0.7053744823264,TRUE,1.18600125442102
GOBP_MYELOID_LEUKOCYTE_MIGRATION,0.849640396289675,0.591850758429545,1.96318300987831,0.283465637910071,TRUE,1.18599666573064
GOBP_NEGATIVE_REGULATION_OF_RELEASE_OF_CYTOCHROME_C_FROM_MITOCHONDRIA,0.931185652376115,0.549681203235572,1.61934959606978,0.385463623112916,TRUE,1.18243032395655
GOBP_FOCAL_ADHESION_ASSEMBLY,-1.95385586110924,0.152524596981205,-0.846124221761465,0.685978191504829,TRUE,1.18086894976779
REACTOME_METABOLISM_OF_FAT_SOLUBLE_VITAMINS,3.01886097032952,0.0196139524525931,0.732653199866767,0.730803754559561,TRUE,1.17913890206582
GOBP_RETINA_LAYER_FORMATION,-0.70883798041807,0.662061889684651,-3.48173926406768,0.0609188915389984,TRUE,1.17787544975174
GOBP_CHAPERONE_COFACTOR_DEPENDENT_PROTEIN_REFOLDING,-0.91384419128466,0.558369939912764,-1.65487272651766,0.372646541838481,TRUE,1.17747177041013
REACTOME_CITRIC_ACID_CYCLE_TCA_CYCLE,0.979231683001133,0.526747875201081,1.47385483436084,0.43426409042764,TRUE,1.1766770880161
GOBP_REGULATION_OF_CYSTEINE_TYPE_ENDOPEPTIDASE_ACTIVITY_INVOLVED_IN_APOPTOTIC_SIGNALING_PATHWAY,0.768697140713897,0.631060301875547,2.50468228593882,0.160991180190907,TRUE,1.1763635440006
GOBP_POSITIVE_REGULATION_OF_CARTILAGE_DEVELOPMENT,1.20669214028168,0.417854205449779,1.14705531554982,0.558865191192475,TRUE,1.17611821974615
GOBP_UNSATURATED_FATTY_ACID_METABOLIC_PROCESS,0.85980965994872,0.58649257067347,1.85670779591108,0.307627880524672,TRUE,1.17533962108936
GOBP_NEGATIVE_REGULATION_OF_FIBROBLAST_PROLIFERATION,-2.90432265297794,0.0250010884060978,-0.736464009484319,0.729904154756717,TRUE,1.17498183999703
KEGG_GLYCEROLIPID_METABOLISM,2.39142757342974,0.0717737880008702,0.776602850302733,0.714747394582278,TRUE,1.17245684000093
REACTOME_CELL_JUNCTION_ORGANIZATION,2.97832014091213,0.0213425369048671,0.729418446502397,0.731967597131435,TRUE,1.17184186487419
REACTOME_S_PHASE,-1.39665357929946,0.339061587119849,-1.00897577062037,0.618982442282295,TRUE,1.17157667826952
GOBP_PHOSPHATIDYLINOSITOL_PHOSPHATE_BIOSYNTHETIC_PROCESS,-1.53413998389051,0.282330122220872,-0.947542715233341,0.646447498790822,TRUE,1.17151412337835
GOBP_POSITIVE_REGULATION_OF_SMAD_PROTEIN_SIGNAL_TRANSDUCTION,3.96384959538523,0.0016439069301444,0.68613896749982,0.749888697758434,TRUE,1.16978854116353
GOBP_REGULATION_OF_MICROGLIAL_CELL_ACTIVATION,0.975669821398373,0.528517889836825,1.46019488667338,0.438923663691274,TRUE,1.16974319597184
GOBP_MITOCHONDRIAL_RNA_PROCESSING,-1.08994659140548,0.46923571677435,-1.26189805103954,0.511505163072338,TRUE,1.16963633958565
GOBP_NEGATIVE_REGULATION_OF_BLOOD_PRESSURE,-1.87331988185196,0.173331987028753,-0.849103923117684,0.685443417680767,TRUE,1.16854933315762
GOBP_MEMBRANE_DEPOLARIZATION,2.64063701929216,0.0440621941460593,0.747495030552273,0.727208221617223,TRUE,1.16516299859321
KEGG_PRIMARY_IMMUNODEFICIENCY,0.716473743626178,0.656901563320551,3.11160780150934,0.0890665973803,TRUE,1.16475329167258
GOBP_CELL_DIFFERENTIATION_INVOLVED_IN_KIDNEY_DEVELOPMENT,1.71183789560324,0.223345701961505,0.882274812865318,0.67108065017079,TRUE,1.16441467949226
REACTOME_RUNX2_REGULATES_OSTEOBLAST_DIFFERENTIATION,1.19349290827572,0.424389203446851,1.13485624551698,0.565258803322168,TRUE,1.16343623011235
GOBP_NEGATIVE_REGULATION_OF_GLUCONEOGENESIS,-1.35183539295254,0.356830703814569,-1.02080881872158,0.614211692884924,TRUE,1.1632300231076
GOBP_NEGATIVE_REGULATION_OF_SYNAPTIC_TRANSMISSION,-1.20532044008594,0.418465902794756,-1.12329427559077,0.569894342124879,TRUE,1.1628626594912
REACTOME_SIGNAL_AMPLIFICATION,3.74860450180057,0.00306221263932788,0.688166321303149,0.748609784514366,TRUE,1.16285626320448
GOBP_REGULATION_OF_TOR_SIGNALING,-4.0340943838755,0.00133129056618213,-0.678446992557761,0.752606781397498,TRUE,1.16154702264109
GOBP_ESTABLISHMENT_OF_PROTEIN_LOCALIZATION_TO_VACUOLE,2.50890100965429,0.0574730040760792,0.755059699765515,0.724025529868281,TRUE,1.16077993072883
GOBP_REGULATION_OF_POTASSIUM_ION_TRANSMEMBRANE_TRANSPORTER_ACTIVITY,-1.3803994576792,0.345425031823263,-1.00121302870605,0.624010773671571,TRUE,1.16062031900484
GOBP_REGULATION_OF_PROTEIN_KINASE_A_SIGNALING,-3.567914517964,0.00511818918779605,-0.69266716937876,0.746513163581825,TRUE,1.16011260015759
GOBP_CELL_DIFFERENTIATION_IN_HINDBRAIN,-3.47583290045013,0.00672366313382306,-0.69624566339535,0.745066537017318,TRUE,1.16010930599288
REACTOME_ASSEMBLY_AND_CELL_SURFACE_PRESENTATION_OF_NMDA_RECEPTORS,1.14027835800726,0.446815684038077,1.17742614032594,0.544384913421417,TRUE,1.1585545499275
REACTOME_PURINERGIC_SIGNALING_IN_LEISHMANIASIS_INFECTION,0.831100857881875,0.600337298722731,1.91086700237774,0.293899203692446,TRUE,1.15838207149805
GOBP_NEGATIVE_REGULATION_OF_AMINO_ACID_TRANSPORT,-1.8291297569403,0.186126881083985,-0.847161034722598,0.685978191504829,TRUE,1.15799633011376
REACTOME_TP53_REGULATES_TRANSCRIPTION_OF_CELL_DEATH_GENES,-1.65408773925079,0.240899750988896,-0.889884918101112,0.669845733232106,TRUE,1.15720405101165
GOBP_REGULATION_OF_ERBB_SIGNALING_PATHWAY,1.41472140868956,0.331625554556194,0.978725472951428,0.634910425812412,TRUE,1.15701241622281
GOBP_RNA_POLYADENYLATION,-1.57671918801485,0.267366604541106,-0.913734170638079,0.660189859478109,TRUE,1.15697986841172
GOBP_REGULATION_OF_NEUROTRANSMITTER_TRANSPORT,0.905308012738536,0.562819029288529,1.59341294228678,0.39548446356381,TRUE,1.15461432486277
GOBP_NEGATIVE_REGULATION_OF_T_CELL_MEDIATED_IMMUNITY,-0.967912431324144,0.530989706905601,-1.42875151468605,0.448742362418305,TRUE,1.15402608249688
GOBP_TORC1_SIGNALING,-5.94618836815918,1.41318576046628e-06,-0.637497928674803,0.766125037815312,TRUE,1.15153808893798
GOBP_NEGATIVE_REGULATION_OF_NEURON_DEATH,0.820341733728252,0.605809398323653,1.93015174413923,0.290745563437852,TRUE,1.1513454155677
GOBP_VASCULAR_WOUND_HEALING,0.741336717001525,0.644840597699025,2.56744252886287,0.149912334826247,TRUE,1.15047833294787
REACTOME_ESTROGEN_DEPENDENT_GENE_EXPRESSION,-3.25423147411568,0.011236837061577,-0.698638604045378,0.744433869658762,TRUE,1.15031948400105
GOBP_POSITIVE_REGULATION_OF_CELL_MIGRATION_INVOLVED_IN_SPROUTING_ANGIOGENESIS,0.844884399727735,0.593854053536291,1.79346533093556,0.329508528351421,TRUE,1.14865050826984
REACTOME_PLATELET_AGGREGATION_PLUG_FORMATION,1.82147961261342,0.188303883903221,0.837976552070441,0.687611498514267,TRUE,1.14787167821271
REACTOME_ERCC6_CSB_AND_EHMT2_G9A_POSITIVELY_REGULATE_RRNA_EXPRESSION,-1.16837196689391,0.433794543376983,-1.12730953406394,0.567517101816607,TRUE,1.14747351238662
GOBP_REGULATION_OF_MUSCLE_HYPERTROPHY,0.863415873078353,0.584531078677627,1.70627609016768,0.359378571555009,TRUE,1.14661670050434
REACTOME_RHOV_GTPASE_CYCLE,-0.950058287057625,0.539880323857496,-1.44470293197548,0.445546631747545,TRUE,1.14629549029855
GOBP_RESPONSE_TO_ANGIOTENSIN,0.962297838928391,0.533709190126,1.41471799572826,0.454886434478687,TRUE,1.14545309301993
GOBP_CORTICOSTEROID_HORMONE_SECRETION,0.691550203304575,0.671616302325889,3.32721838164844,0.0703933752703086,TRUE,1.14509631476807
GOBP_PLATELET_MORPHOGENESIS,1.22330662206192,0.412692176406574,1.07610665366554,0.592847428991146,TRUE,1.14499503796896
GOBP_REGULATION_OF_CHEMOTAXIS,0.935068651963709,0.547212940784008,1.47471754085255,0.43426409042764,TRUE,1.14446845704653
GOBP_GLUTATHIONE_METABOLIC_PROCESS,0.769214012324121,0.630972133625292,2.23104360660637,0.219234000944631,TRUE,1.14400176403487
GOBP_MITOTIC_G2_DNA_DAMAGE_CHECKPOINT_SIGNALING,-2.83915944097841,0.028583421602038,-0.716247373187725,0.738632758198216,TRUE,1.14391438052011
GOBP_NEGATIVE_REGULATION_OF_ENDOCYTOSIS,1.07813700636002,0.475624558821314,1.21602356570774,0.526953941313793,TRUE,1.14293656926875
REACTOME_RHOBTB_GTPASE_CYCLE,-1.02438994924088,0.503137853342378,-1.29165515115673,0.499556333938886,TRUE,1.14260171747347
GOBP_REGULATION_OF_LONG_TERM_NEURONAL_SYNAPTIC_PLASTICITY,1.11205750511617,0.459188348420969,1.17467920938864,0.544731510588893,TRUE,1.14251091751719
REACTOME_ECM_PROTEOGLYCANS,6.27532106031827,4.49138966540599e-07,0.628345411064282,0.770227528359249,TRUE,1.14231161298161
REACTOME_SIALIC_ACID_METABOLISM,1.5033221735246,0.294395372566066,0.919792342868636,0.657808377777262,TRUE,1.14129498603372
REACTOME_MATURATION_OF_SARS_COV_2_SPIKE_PROTEIN,3.43303878171208,0.00736982073222374,0.683702354205237,0.750572701971719,TRUE,1.14030813191338
GOBP_REGULATION_OF_PROTEIN_MODIFICATION_BY_SMALL_PROTEIN_CONJUGATION_OR_REMOVAL,-1.24613773105436,0.403151195742097,-1.0487808859734,0.603079852627423,TRUE,1.13897322887443
REACTOME_ANTI_INFLAMMATORY_RESPONSE_FAVOURING_LEISHMANIA_PARASITE_INFECTION,0.855029262076989,0.588745251645346,1.70370695098273,0.359443512838053,TRUE,1.13862405171674
GOBP_TRANSLESION_SYNTHESIS,-1.78310842147832,0.200707793457267,-0.835440134748236,0.688775069917941,TRUE,1.13779088523549
GOBP_ERYTHROCYTE_HOMEOSTASIS,-3.0557598151125,0.0180047384403057,-0.698982202063506,0.744433869658762,TRUE,1.13771956356723
GOBP_SARCOMERE_ORGANIZATION,1.09738112260017,0.46589650261185,1.17719065033431,0.544384913421417,TRUE,1.13588571945714
GOBP_PHOSPHOLIPID_CATABOLIC_PROCESS,1.74109317578862,0.213776418722345,0.841085775222702,0.686615536936202,TRUE,1.1342426154621
KEGG_PHOSPHATIDYLINOSITOL_SIGNALING_SYSTEM,-1.95646022451604,0.15205978428231,-0.798395657343674,0.704617725585811,TRUE,1.13401892077546
GOBP_DIACYLGLYCEROL_METABOLIC_PROCESS,2.18807949305311,0.103065621517577,0.765183750723591,0.720308405868814,TRUE,1.13385278261523
GOBP_INTESTINAL_EPITHELIAL_CELL_DIFFERENTIATION,-4.1751676525975,0.000851778128424948,-0.655684721136962,0.759557568317936,TRUE,1.1333791332055
GOBP_MONOVALENT_INORGANIC_CATION_HOMEOSTASIS,1.14693993285188,0.443470982015223,1.12000946025727,0.571727617382959,TRUE,1.13331473481119
GOBP_PHOSPHATE_ION_TRANSPORT,0.788308914649474,0.621105929259347,2.01496474527632,0.266562492608851,TRUE,1.13325694463078
GOBP_DNA_DOUBLE_STRAND_BREAK_PROCESSING,-0.676275728459002,0.679180056554367,-3.48748718305253,0.0609188915389984,TRUE,1.13287090803837
REACTOME_COPII_MEDIATED_VESICLE_TRANSPORT,0.91500174307368,0.557781050173768,1.4860552533682,0.430353613357343,TRUE,1.13262046602867
REACTOME_NICOTINAMIDE_SALVAGING,2.31688587993771,0.0819728234119857,0.746703922086877,0.727208221617223,TRUE,1.12941215069583
GOBP_PYRIMIDINE_CONTAINING_COMPOUND_BIOSYNTHETIC_PROCESS,-1.34252732460386,0.361447464905634,-0.972728516096174,0.637250105183863,TRUE,1.12809529670434
GOBP_NEGATIVE_REGULATION_OF_CALCIUM_ION_TRANSPORT_INTO_CYTOSOL,1.05934246057674,0.484980915449424,1.20606570175576,0.533292074644162,TRUE,1.12795268363444
GOBP_LIVER_REGENERATION,0.986760510669878,0.522838108867415,1.31446194063052,0.492436960233877,TRUE,1.1272783602991
REACTOME_FORMATION_OF_TUBULIN_FOLDING_INTERMEDIATES_BY_CCT_TRIC,1.5937909898768,0.260817310364311,0.870796722129231,0.676340115905291,TRUE,1.12624757721784
REACTOME_PLATELET_SENSITIZATION_BY_LDL,1.44833933199277,0.31603355482475,0.921065844997078,0.657808377777262,TRUE,1.12603441878117
GOBP_REGULATION_OF_PHAGOCYTOSIS,0.804795202330714,0.612435460907204,1.86846921795453,0.304686764461276,TRUE,1.12501782532382
KEGG_STEROID_HORMONE_BIOSYNTHESIS,0.924083127583593,0.553927420827696,1.43557953861974,0.446719543628172,TRUE,1.12439362536274
GOBP_REGULATION_OF_TELOMERE_MAINTENANCE_VIA_TELOMERE_LENGTHENING,-1.388306904434,0.34211334594877,-0.94314253832589,0.648548648310209,TRUE,1.12322512666048
GOBP_REGULATION_OF_AMINO_ACID_TRANSPORT,-1.81797002680771,0.189268125951894,-0.812193140771021,0.697092073208644,TRUE,1.1227765669457
REACTOME_METABOLISM_OF_STEROIDS,1.53005789450528,0.283568369816077,0.886457001975617,0.67108065017079,TRUE,1.12255093977485
REACTOME_THE_PHOTOTRANSDUCTION_CASCADE,0.774788667289578,0.62852281512606,2.03068664256995,0.264859713116208,TRUE,1.12163025776783
GOBP_POSITIVE_REGULATION_OF_VIRAL_GENOME_REPLICATION,-1.12133633807851,0.455583114698377,-1.12119204291504,0.571357939424187,TRUE,1.12126418585445
KEGG_HUNTINGTONS_DISEASE,0.870480304808898,0.580737605817224,1.57480548980289,0.400939558420227,TRUE,1.12120813509734
GOBP_PROTEIN_LOCALIZATION_TO_LYSOSOME,3.5370825273924,0.00561495294753842,0.66576418871235,0.757016210005816,TRUE,1.12060374233231
GOBP_REGULATION_OF_PROTEIN_SUMOYLATION,-1.70566438974986,0.225609668612661,-0.830515792599508,0.690261827835947,TRUE,1.11709824279884
REACTOME_HCMV_EARLY_EVENTS,-1.2172858774048,0.415293451037346,-1.0302144505965,0.610573944148975,TRUE,1.11596468822294
GOBP_RESPONSE_TO_NICOTINE,1.07955628413775,0.474981809569517,1.15420528626565,0.555001332775438,TRUE,1.11563345567635
GOBP_ORGANIC_HYDROXY_COMPOUND_TRANSPORT,0.702500657589806,0.66535332428517,2.69343023858293,0.135027050555166,TRUE,1.11435513361549
KEGG_ALZHEIMERS_DISEASE,2.06224201518868,0.126587680281667,0.762653731265683,0.720696146096254,TRUE,1.11351122931213
GOBP_NEGATIVE_REGULATION_OF_NEURAL_PRECURSOR_CELL_PROLIFERATION,0.644727027219165,0.697791198222367,4.07799324771286,0.0388847291934696,TRUE,1.11342290483447
KEGG_GLYCOSAMINOGLYCAN_BIOSYNTHESIS_HEPARAN_SULFATE,2.11487338567459,0.116591302205503,0.754995245951261,0.724025529868281,TRUE,1.11274734625646
GOBP_REGULATION_OF_CARDIAC_MUSCLE_CONTRACTION_BY_CALCIUM_ION_SIGNALING,0.791260888650123,0.619834027642977,1.87020306003859,0.30416910660646,TRUE,1.11203350018805
GOBP_REGULATION_OF_STEROL_TRANSPORT,0.694971101972954,0.669856035668295,2.7773035641536,0.125037116367193,TRUE,1.11174714219621
GOBP_MYD88_DEPENDENT_TOLL_LIKE_RECEPTOR_SIGNALING_PATHWAY,0.751121358079107,0.640500808561813,2.12858291465244,0.240465810216935,TRUE,1.11040852685971
REACTOME_RHO_GTPASES_ACTIVATE_IQGAPS,2.28479662190142,0.0866894176639881,0.732941153328013,0.730803754559561,TRUE,1.10985221109813
GOBP_CELLULAR_AMINO_ACID_METABOLIC_PROCESS,-1.14361254721522,0.445291360932807,-1.07797588408399,0.591575674921661,TRUE,1.10982460051156
GOBP_ENTRY_INTO_HOST,0.912662626720643,0.558844326979288,1.41518522129488,0.454886434478687,TRUE,1.10968305979645
GOBP_POSITIVE_REGULATION_OF_FOCAL_ADHESION_ASSEMBLY,-0.948288598525319,0.540260617121475,-1.33278218603878,0.483863546430397,TRUE,1.10813058489085
GOBP_EMBRYONIC_DIGESTIVE_TRACT_MORPHOGENESIS,2.41644538851061,0.0680435448361587,0.718641211439036,0.738299240722181,TRUE,1.10782090766069
GOBP_INSULIN_RECEPTOR_SIGNALING_PATHWAY,-1.99111727511151,0.143100304859402,-0.766375257276708,0.71951926974926,TRUE,1.10676130292914
GOBP_MRNA_3_END_PROCESSING,-1.02255027616013,0.504079913260569,-1.20601404779414,0.533292074644162,TRUE,1.10673044916805
KEGG_NEUROACTIVE_LIGAND_RECEPTOR_INTERACTION,0.73758166710866,0.646884226483597,2.21559961945305,0.221711857664767,TRUE,1.10672898301081
REACTOME_HCMV_INFECTION,-1.66671818161525,0.23692454369533,-0.827135726191196,0.691138310241183,TRUE,1.10559977005148
KEGG_BASE_EXCISION_REPAIR,-1.41001422321261,0.333864704620525,-0.908442495950274,0.661451930851507,TRUE,1.10497369191619
GOBP_PROTEIN_AUTOUBIQUITINATION,-1.29759561243124,0.379492485406475,-0.961311995643334,0.642516308818995,TRUE,1.1044225299569
GOBP_MHC_CLASS_II_BIOSYNTHETIC_PROCESS,-1.47313166742787,0.306361224046887,-0.882507933589754,0.67108065017079,TRUE,1.10377698113564
GOBP_ENDODERM_FORMATION,4.04604119947136,0.00128950439621929,0.638815377900704,0.766125037815312,TRUE,1.10341620715824
GOBP_MICROGLIAL_CELL_ACTIVATION,1.66606402434663,0.237019102447484,0.824416725777839,0.692815474980005,TRUE,1.10302482588508
REACTOME_GLUCAGON_LIKE_PEPTIDE_1_GLP1_REGULATES_INSULIN_SECRETION,4.38966566891715,0.000394959831151441,0.630691416844459,0.769005815150579,TRUE,1.10291933936522
GOBP_MEMBRANE_REPOLARIZATION,0.963600360016182,0.533101709068718,1.28868631262497,0.500936685574571,TRUE,1.10268254026222
GOBP_REGULATION_OF_SYNAPTIC_PLASTICITY,1.07082140763096,0.47971219521459,1.13570546405954,0.564726759199201,TRUE,1.10230946133611
GOBP_ONE_CARBON_METABOLIC_PROCESS,-1.40159802918813,0.337335574177573,-0.907370920874959,0.661451930851507,TRUE,1.10159064235681
GOBP_POSITIVE_REGULATION_OF_MYELOID_LEUKOCYTE_DIFFERENTIATION,0.978180203395795,0.527419058268785,1.25635426297904,0.512281152062008,TRUE,1.09995248405523
GOBP_REGULATION_OF_PROTEIN_POLYUBIQUITINATION,-0.715122101324708,0.657704844580294,-2.3802705748914,0.188055732535739,TRUE,1.09981787339402
GOBP_POSITIVE_REGULATION_OF_AUTOPHAGY,-2.81808005462446,0.0297927771072591,-0.682281528398314,0.750572701971719,TRUE,1.09858591531998
GOBP_ENDOSOME_TRANSPORT_VIA_MULTIVESICULAR_BODY_SORTING_PATHWAY,0.745964917685433,0.642324583000301,2.07919039578205,0.254649572126265,TRUE,1.09799492087977
REACTOME_E2F_MEDIATED_REGULATION_OF_DNA_REPLICATION,-0.791768509437806,0.619579946672325,-1.78987464776583,0.330729885571211,TRUE,1.0978793703442
GOBP_NEUTRAL_LIPID_CATABOLIC_PROCESS,0.689642445766134,0.672302390900819,2.68720614926316,0.13705980694519,TRUE,1.09759817113717
KEGG_CHEMOKINE_SIGNALING_PATHWAY,0.920797307869069,0.555563334587539,1.35796013877201,0.477788587783449,TRUE,1.09744548882804
GOBP_FACE_DEVELOPMENT,-1.82590356885439,0.187241627120217,-0.782683585545327,0.711890160466652,TRUE,1.09569254737807
GOBP_NEGATIVE_REGULATION_OF_INTERLEUKIN_1_BETA_PRODUCTION,0.753522799687919,0.639499951259796,2.00364940155214,0.270014903801164,TRUE,1.0951767945227
REACTOME_ONCOGENE_INDUCED_SENESCENCE,-1.06255641683802,0.483416587869364,-1.12855936647948,0.567306978797661,TRUE,1.09456378870113
GOBP_REGULATION_OF_HEART_CONTRACTION,0.810545600324292,0.609685203595273,1.68489711002678,0.364064150233557,TRUE,1.09454401326584
GOBP_HETEROCHROMATIN_ORGANIZATION,-2.52896970602622,0.0554124920978024,-0.69782186232531,0.744843654910253,TRUE,1.09382357840056
GOBP_NEGATIVE_REGULATION_OF_BONE_MINERALIZATION,0.78974999357003,0.620238389801051,1.77839082949172,0.333860773505258,TRUE,1.09377502475246
GOBP_METANEPHRIC_EPITHELIUM_DEVELOPMENT,0.819308902074295,0.606142622929748,1.63937128130269,0.378596417672656,TRUE,1.09257925748718
GOBP_HEMATOPOIETIC_PROGENITOR_CELL_DIFFERENTIATION,-0.987301028983046,0.522827804195223,-1.2215431751024,0.524847958098078,TRUE,1.09200171881309
REACTOME_TNFR2_NON_CANONICAL_NF_KB_PATHWAY,1.13551049106273,0.449548570414178,1.05150339708105,0.602035207014333,TRUE,1.09189351311073
GOBP_REGULATION_OF_MACROPHAGE_DERIVED_FOAM_CELL_DIFFERENTIATION,0.906715191142969,0.562098657060321,1.36757519516069,0.473155269904992,TRUE,1.0904510804338
GOBP_RNA_POLYMERASE_II_PREINITIATION_COMPLEX_ASSEMBLY,-1.12239253284548,0.455226530757493,-1.05976584051485,0.59948547110909,TRUE,1.09018051162519
GOBP_POSITIVE_REGULATION_OF_CALCIUM_ION_TRANSMEMBRANE_TRANSPORT,-1.22028427825443,0.41392510843902,-0.984442734145922,0.632074047902968,TRUE,1.08974941982698
GOBP_POSITIVE_REGULATION_OF_LYMPHOCYTE_MIGRATION,1.03527605959461,0.49678346570266,1.14567790542151,0.559163575993736,TRUE,1.08768266227997
GOBP_REGULATION_OF_MEMBRANE_REPOLARIZATION,2.45949668007695,0.0628301905499387,0.69727815172839,0.744978383985678,TRUE,1.08652241014314
GOBP_MATURATION_OF_LSU_RRNA,-1.82387122741873,0.18760837632799,-0.771621733724294,0.716823621567923,TRUE,1.08444807954395
GOBP_PYRIMIDINE_NUCLEOTIDE_METABOLIC_PROCESS,-1.17522670724319,0.431760167892076,-1.00605046643359,0.62080495506138,TRUE,1.08407807247555
GOBP_POSITIVE_REGULATION_OF_CELLULAR_RESPONSE_TO_TRANSFORMING_GROWTH_FACTOR_BETA_STIMULUS,-2.7454854672511,0.035074409533691,-0.674506747823527,0.753966918005202,TRUE,1.08295478893181
GOBP_MISMATCH_REPAIR,-3.13543550650571,0.0150687956429818,-0.654504627123581,0.759604918859386,TRUE,1.08294958479483
GOBP_CYTOPLASMIC_MICROTUBULE_ORGANIZATION,-2.18746085998162,0.103155696582372,-0.71829667423531,0.738372144383806,TRUE,1.08147072991632
REACTOME_NA_CL_DEPENDENT_NEUROTRANSMITTER_TRANSPORTERS,0.94625250640122,0.540707572427921,1.25997092576056,0.511505163072338,TRUE,1.08080680235126
GOBP_REGULATION_OF_INTRINSIC_APOPTOTIC_SIGNALING_PATHWAY_IN_RESPONSE_TO_DNA_DAMAGE,-1.00158563445348,0.515949297415055,-1.1723669628032,0.54562871511172,TRUE,1.08026818039483
GOBP_NEGATIVE_REGULATION_OF_GLUCOSE_TRANSMEMBRANE_TRANSPORT,1.5816797008373,0.265318635604869,0.819727995804417,0.694078300276186,TRUE,1.07982258321656
GOBP_NEGATIVE_REGULATION_OF_MITOTIC_CELL_CYCLE_PHASE_TRANSITION,-0.847645695238104,0.592823004853666,-1.48434183097433,0.430834984339899,TRUE,1.0790760663551
REACTOME_P130CAS_LINKAGE_TO_MAPK_SIGNALING_FOR_INTEGRINS,0.830994411195762,0.600337298722731,1.52777052475323,0.414219214737138,TRUE,1.07646908626677
GOBP_POSITIVE_REGULATION_OF_CHROMOSOME_ORGANIZATION,-0.827776995901287,0.601991326856973,-1.53846268484591,0.411651559213443,TRUE,1.07639477938755
GOBP_DICARBOXYLIC_ACID_METABOLIC_PROCESS,-1.26444637383029,0.395031159274722,-0.936402964825229,0.650403390361891,TRUE,1.07597672636738
GOBP_ASSOCIATIVE_LEARNING,1.07631159624459,0.476651124025014,1.07443572623029,0.593691009628547,TRUE,1.07537284317567
GOBP_PEPTIDE_CROSS_LINKING,2.87281022545884,0.0267169685756275,0.661275963146758,0.75751898943928,TRUE,1.07508433433408
REACTOME_TRNA_PROCESSING,-0.802284454313589,0.614061538870861,-1.62744049915072,0.382959285187228,TRUE,1.07474733790534
GOBP_EPITHELIAL_CELL_DIFFERENTIATION_INVOLVED_IN_KIDNEY_DEVELOPMENT,1.16893268858888,0.433579695178299,0.994281507164635,0.626987358883132,TRUE,1.07455670147293
GOBP_FC_GAMMA_RECEPTOR_SIGNALING_PATHWAY,1.04253383846488,0.494174996112973,1.1083624800574,0.577460911678206,TRUE,1.07444080943758
GOBP_REGULATION_OF_CELLULAR_CARBOHYDRATE_METABOLIC_PROCESS,-3.26984484746596,0.0108640353792714,-0.642816954590923,0.764970709026796,TRUE,1.07441522583317
GOBP_REGULATION_OF_MONOCYTE_DIFFERENTIATION,0.745322717515229,0.642324583000301,1.91940594066031,0.292368687831539,TRUE,1.07371296309568
REACTOME_SYNTHESIS_OF_PIPS_AT_THE_EARLY_ENDOSOME_MEMBRANE,-0.9423347728433,0.542859086565804,-1.24559126090688,0.515313431489154,TRUE,1.07294665340255
GOBP_SENSORY_PERCEPTION_OF_LIGHT_STIMULUS,1.30989456742651,0.374603517554933,0.908034449835806,0.661451930851507,TRUE,1.07255857479533
GOBP_DEVELOPMENTAL_MATURATION,1.30407466269054,0.377519352939434,0.909596689198168,0.661451930851507,TRUE,1.0716875335975
GOBP_REGULATION_OF_PROTEIN_LOCALIZATION_TO_MEMBRANE,2.44706356285655,0.064151122290102,0.685848498176626,0.749911999113482,TRUE,1.07140885976508
GOBP_VASCULAR_ASSOCIATED_SMOOTH_MUSCLE_CELL_DIFFERENTIATION,-1.61413281214204,0.253636171354072,-0.800737608614426,0.704062674219277,TRUE,1.07044820034345
GOBP_REGULATION_OF_EARLY_ENDOSOME_TO_LATE_ENDOSOME_TRANSPORT,0.908045483306258,0.561427999113072,1.30320687865282,0.495509409537704,TRUE,1.07031756332499
GOBP_POSITIVE_REGULATION_OF_EMBRYONIC_DEVELOPMENT,0.861676054456582,0.585430327130747,1.40870319178319,0.455230493602392,TRUE,1.06928902755477
KEGG_LYSINE_DEGRADATION,-1.98481306385241,0.144524171585139,-0.73156027254644,0.731253357321822,TRUE,1.06908013452272
KEGG_BUTANOATE_METABOLISM,-2.5971668695605,0.0480145514495629,-0.673049321154923,0.753966918005202,TRUE,1.0690555587405
GOBP_RESPONSE_TO_STEROL_DEPLETION,-0.765698303368141,0.632552921065321,-1.76804790272742,0.335945392780349,TRUE,1.06860843136941
GOBP_POSITIVE_REGULATION_OF_OLIGODENDROCYTE_DIFFERENTIATION,1.12124153805366,0.455583114698377,1.01916646679918,0.615050359054969,TRUE,1.06777004587515
REACTOME_FORMATION_OF_THE_CORNIFIED_ENVELOPE,1.48344404102827,0.30128627040677,0.833867294370076,0.689270238823127,TRUE,1.06761266813466
REACTOME_COPI_DEPENDENT_GOLGI_TO_ER_RETROGRADE_TRAFFIC,4.16788477050379,0.000874588295681005,0.611243881180194,0.776555939819773,TRUE,1.06613328458395
REACTOME_TERMINATION_OF_TRANSLESION_DNA_SYNTHESIS,-5.69524551722949,3.33857126866741e-06,-0.587410994093542,0.785603056290777,TRUE,1.06497938407206
GOBP_CAMERA_TYPE_EYE_MORPHOGENESIS,-1.22580603269173,0.411621816729373,-0.941267902876045,0.649150666003669,TRUE,1.06485695276682
GOBP_ADENYLATE_CYCLASE_INHIBITING_G_PROTEIN_COUPLED_RECEPTOR_SIGNALING_PATHWAY,0.635804581470243,0.701933497954421,3.25599726883321,0.0794988342671015,TRUE,1.06386607561602
GOBP_REGULATION_OF_NEUROTRANSMITTER_LEVELS,1.22836520985632,0.410329463624278,0.938194307945543,0.650024785494393,TRUE,1.06384822433567
GOBP_NEURON_PROJECTION_EXTENSION_INVOLVED_IN_NEURON_PROJECTION_GUIDANCE,1.11093322172171,0.459868823604727,1.01887932057707,0.615083413867751,TRUE,1.06291691280267
GOBP_POSITIVE_CHEMOTAXIS,0.812035678797822,0.609484431945523,1.52991853477051,0.413362383315448,TRUE,1.06095023437271
GOBP_POSITIVE_REGULATION_OF_CELL_SUBSTRATE_JUNCTION_ORGANIZATION,-0.921184964717065,0.555563334587539,-1.24864990342609,0.514555168167783,TRUE,1.06020742326429
KEGG_GLYOXYLATE_AND_DICARBOXYLATE_METABOLISM,2.16905177321291,0.107184845272324,0.701512299988212,0.743140366560186,TRUE,1.06015156562819
REACTOME_PHOSPHOLIPASE_C_MEDIATED_CASCADE_FGFR4,0.660252698359521,0.688220402354998,2.66540445360592,0.139553612046791,TRUE,1.05834149600944
GOBP_AMYLOID_BETA_METABOLIC_PROCESS,0.847298259529373,0.592940217123213,1.40632008223948,0.45547503038101,TRUE,1.05747502666087
GOBP_PYRIMIDINE_NUCLEOBASE_METABOLIC_PROCESS,-0.877424582578633,0.577392651927835,-1.32569423840277,0.486856462699413,TRUE,1.055954588268
GOBP_REGULATION_OF_CELL_GROWTH_INVOLVED_IN_CARDIAC_MUSCLE_CELL_DEVELOPMENT,0.829827156666822,0.600622895162497,1.45003694815722,0.44373656747348,TRUE,1.05557172044165
GOBP_REGULATION_OF_CELLULAR_PH,3.33458267991902,0.00936690877963724,0.626468229609994,0.770227528359249,TRUE,1.05477569245653
REACTOME_ACTIVATION_OF_KAINATE_RECEPTORS_UPON_GLUTAMATE_BINDING,3.37272029018252,0.00857354818882301,0.622880048329976,0.771724006738814,TRUE,1.05155671206819
REACTOME_SIGNALING_BY_INSULIN_RECEPTOR,1.14748700285384,0.443289105138257,0.969964802514965,0.638756888765251,TRUE,1.05128437992264
GOBP_AMINO_ACID_TRANSMEMBRANE_TRANSPORT,1.83386222377717,0.184871693327809,0.736702915008536,0.729904154756717,TRUE,1.05113978680881
GOBP_ENDOPLASMIC_RETICULUM_TO_CYTOSOL_TRANSPORT,1.78025663950602,0.201644003417607,0.745552911624407,0.727208221617223,TRUE,1.05097038723951
GOBP_MONOCARBOXYLIC_ACID_TRANSPORT,0.712142970470858,0.65990349711982,2.00138464221964,0.270185599865827,TRUE,1.05049382766507
GOBP_POSITIVE_REGULATION_OF_CELL_DEVELOPMENT,1.72455516248267,0.219468459188547,0.753811883158579,0.724266790383919,TRUE,1.0490699325011
REACTOME_SIGNALING_BY_PDGF,2.94235011478083,0.0231336705311769,0.637873762795812,0.766125037815312,TRUE,1.04845283611053
GOBP_POSITIVE_REGULATION_OF_COLLAGEN_METABOLIC_PROCESS,2.37082885687948,0.0742369817854839,0.672639590914298,0.753966918005202,TRUE,1.04795786765934
GOBP_PROTEIN_MODIFICATION_BY_SMALL_PROTEIN_REMOVAL,-2.33499468109578,0.0792366173921577,-0.675053943869054,0.753966918005202,TRUE,1.04732352515095
REACTOME_LDL_CLEARANCE,1.15194948688442,0.442289771665608,0.959521501857218,0.643117229431914,TRUE,1.04696707424592
GOBP_REGULATION_OF_LEUKOCYTE_MIGRATION,0.773274125064472,0.62963136456136,1.61764177792586,0.385984161940352,TRUE,1.04636096060834
GOBP_CARDIAC_MUSCLE_CELL_DIFFERENTIATION,1.36519623198663,0.351273148860959,0.84760719551352,0.685978191504829,TRUE,1.04586800177462
GOBP_INTRA_GOLGI_VESICLE_MEDIATED_TRANSPORT,0.823134445591221,0.604840301253724,1.43299565410992,0.446719543628172,TRUE,1.04563835519649
GOBP_PHOSPHATIDYLINOSITOL_BIOSYNTHETIC_PROCESS,-2.12244561037908,0.115028372414635,-0.691796473727685,0.747126299160453,TRUE,1.04347838249678
REACTOME_SYNTHESIS_OF_PIPS_AT_THE_GOLGI_MEMBRANE,0.685587646467902,0.674546604280229,2.18219109318013,0.23060824185034,TRUE,1.04337425689975
GOBP_REGULATION_OF_TOLERANCE_INDUCTION,-2.4408607936526,0.0650946513833719,-0.662926419183314,0.75740495097406,TRUE,1.04266883951919
GOBP_DNA_METHYLATION,-1.3816257029289,0.345097954578292,-0.837256028815544,0.688074689626571,TRUE,1.04266435907271
GOBP_CELLULAR_COMPONENT_ASSEMBLY_INVOLVED_IN_MORPHOGENESIS,1.01828305172544,0.506274785686959,1.06816276137682,0.595945851140166,TRUE,1.04262668080223
GOBP_REGULATION_OF_CHROMATIN_ORGANIZATION,-3.76659221816445,0.00294853645277968,-0.604173794563521,0.780195223425096,TRUE,1.04131692540617
GOBP_TIGHT_JUNCTION_ORGANIZATION,-1.09209382569273,0.468511027372807,-0.994373059628951,0.626987358883132,TRUE,1.04094504110813
REACTOME_RUNX1_INTERACTS_WITH_CO_FACTORS_WHOSE_PRECISE_EFFECT_ON_RUNX1_TARGETS_IS_NOT_KNOWN,-1.35322939405944,0.356830703814569,-0.842594155453785,0.686615536936202,TRUE,1.03853807258376
KEGG_OTHER_GLYCAN_DEGRADATION,0.624686772711641,0.705685707587206,3.06755014844418,0.0931477235906225,TRUE,1.03799298001865
REACTOME_CONSTITUTIVE_SIGNALING_BY_LIGAND_RESPONSIVE_EGFR_CANCER_VARIANTS,-1.38557655834132,0.343286479594723,-0.828596913044715,0.690904855242778,TRUE,1.03703207889132
GOBP_EXIT_FROM_MITOSIS,-2.77268820953554,0.0327154865984426,-0.637751492278039,0.766125037815312,TRUE,1.03698420019723
GOBP_REGULATION_OF_NATURAL_KILLER_CELL_ACTIVATION,-3.44690584557276,0.00712127000853321,-0.610215795225409,0.776555939819773,TRUE,1.03687124905108
GOBP_CELL_RECOGNITION,1.8820276802187,0.170773998654506,0.714322492390537,0.739216322560278,TRUE,1.03558812479501
GOBP_STEROID_BIOSYNTHETIC_PROCESS,0.79281920305099,0.619157694140046,1.48910914493057,0.429657424449385,TRUE,1.03473391404605
GOBP_REGULATION_OF_CELL_MATURATION,0.808649257176769,0.610066054916265,1.43365794206682,0.446719543628172,TRUE,1.03404781493721
GOBP_NEGATIVE_REGULATION_OF_B_CELL_ACTIVATION,-1.91597792076632,0.161340887740863,-0.708098407965618,0.740680875577449,TRUE,1.03404074076421
REACTOME_TRANSCRIPTIONAL_REGULATION_BY_RUNX1,-0.880508328175808,0.575825224843051,-1.25125357358793,0.513773750251618,TRUE,1.03364188213738
GOBP_POSITIVE_REGULATION_OF_DOUBLE_STRAND_BREAK_REPAIR,-0.650258466777686,0.694879494427612,-2.51090274676954,0.160312456169313,TRUE,1.03299747152731
GOBP_ASTROCYTE_ACTIVATION,0.77229358701736,0.63006110604357,1.55033976171542,0.407946716250644,TRUE,1.03099996934436
REACTOME_INWARDLY_RECTIFYING_K_CHANNELS,1.00335317695919,0.514746730434435,1.05953882903471,0.59948547110909,TRUE,1.03068085690836
GOBP_REGULATION_OF_NEUTROPHIL_MIGRATION,2.42398205343792,0.0669750606908487,0.654184875638691,0.759604918859386,TRUE,1.03030955416989
REACTOME_B_WICH_COMPLEX_POSITIVELY_REGULATES_RRNA_EXPRESSION,-0.847938752275689,0.592751087972238,-1.31248549100849,0.493171581679632,TRUE,1.03026737742388
GOBP_RESPONSE_TO_FATTY_ACID,0.732230106063578,0.649261100503106,1.73048289428983,0.350094324548982,TRUE,1.02903722280689
GOBP_NEGATIVE_REGULATION_OF_CELLULAR_PROTEIN_CATABOLIC_PROCESS,-2.50151192032318,0.0583636456478125,-0.645227450751375,0.764329618517254,TRUE,1.02585182249977
GOBP_NEURON_MATURATION,-2.05985407782886,0.126902540039212,-0.682617530411528,0.750572701971719,TRUE,1.02541991639273
GOBP_THYMOCYTE_APOPTOTIC_PROCESS,1.23092748543975,0.408830575074954,0.878344966911688,0.672779356315002,TRUE,1.02516766884615
GOBP_RNA_DEPENDENT_DNA_BIOSYNTHETIC_PROCESS,-2.29588307559207,0.0849858604620877,-0.659779297618338,0.75751898943928,TRUE,1.02499942940549
GOBP_REGULATION_OF_MYELOID_LEUKOCYTE_DIFFERENTIATION,1.14407189180219,0.445108007230708,0.925898066133541,0.656347022401303,TRUE,1.02348727147109
REACTOME_PARASITE_INFECTION,1.21158318305286,0.416930391132791,0.883560844732339,0.67108065017079,TRUE,1.02189390942572
GOBP_MULTICELLULAR_ORGANISMAL_SIGNALING,1.9413266183729,0.155778647996513,0.693016505176926,0.746400195892993,TRUE,1.02140938015608
HALLMARK_PANCREAS_BETA_CELLS,0.819912994785967,0.605809398323653,1.34932326393974,0.479493683784056,TRUE,1.02001584550417
GOBP_RNA_SURVEILLANCE,-0.736705875458082,0.646906449816421,-1.65645593739151,0.372529881696453,TRUE,1.01983979099239
GOBP_EATING_BEHAVIOR,0.771506089859941,0.630341009588205,1.50195473726804,0.423310706028303,TRUE,1.01938613823413
GOBP_CELLULAR_TRANSITION_METAL_ION_HOMEOSTASIS,3.39757592675481,0.00812200620502639,0.599208660933995,0.782201755761578,TRUE,1.01874738396626
GOBP_MACROPHAGE_ACTIVATION_INVOLVED_IN_IMMUNE_RESPONSE,0.82010359270025,0.605809398323653,1.34275958300865,0.481013446411961,TRUE,1.01828166527192
GOBP_PROTEIN_TRANSMEMBRANE_TRANSPORT,-1.99075372144187,0.143137797174244,-0.680521303771362,0.751652535444032,TRUE,1.01430987466008
GOBP_REGULATION_OF_CELL_CYCLE_CHECKPOINT,-1.19152137350498,0.425346338311147,-0.882003188222624,0.67108065017079,TRUE,1.01366115421482
GOBP_DICARBOXYLIC_ACID_TRANSPORT,1.81358361100196,0.190302498144156,0.70286464246951,0.742445344340975,TRUE,1.01309756286622
GOBP_TRNA_MODIFICATION,-1.14739780547996,0.443289105138257,-0.906644353139416,0.661783746273013,TRUE,1.01291177182282
GOBP_SECONDARY_PALATE_DEVELOPMENT,1.4577941760317,0.312296406724978,0.774333318891242,0.715572025743728,TRUE,1.01142842884601
GOBP_TOR_SIGNALING,-3.79407377022795,0.00277476076465134,-0.58309481727025,0.787584960712562,TRUE,1.0108382656677
GOBP_LOW_DENSITY_LIPOPROTEIN_PARTICLE_CLEARANCE,-0.675441549571976,0.679721456957865,-1.9840586549959,0.276462601234783,TRUE,1.00779511132985
GOBP_NUCLEOSOME_MOBILIZATION,-0.783560141583569,0.62337320367923,-1.41130742220638,0.454886434478687,TRUE,1.00766375320839
GOBP_POSITIVE_REGULATION_OF_PROTEIN_POLYUBIQUITINATION,-0.595925998543284,0.72055237258477,-3.14897092260116,0.0878604133797331,TRUE,1.0021924132755
GOBP_TYROSINE_METABOLIC_PROCESS,0.970362847471308,0.530696814454548,1.03591451573466,0.608061135807576,TRUE,1.00206778749559
GOBP_NEGATIVE_REGULATION_OF_INTERLEUKIN_1_PRODUCTION,0.772158695157311,0.63006110604357,1.42541604670104,0.451302846189427,TRUE,1.00169279680219
GOBP_LONG_CHAIN_FATTY_ACID_METABOLIC_PROCESS,0.868097772167591,0.581682742194024,1.18283949278896,0.542095723099694,TRUE,1.00131812519745
GOBP_BONE_CELL_DEVELOPMENT,1.72548150815033,0.219256347302773,0.705086054943357,0.741046317598141,TRUE,1.00109370990773
KEGG_BASAL_TRANSCRIPTION_FACTORS,-0.79617870252392,0.617506254177135,-1.34667882868018,0.479835705219751,TRUE,1.00071702100749
GOBP_COCHLEA_DEVELOPMENT,2.53969171588561,0.0544597401180105,0.622808579427637,0.771724006738814,TRUE,1.00031091987499
GOBP_NEGATIVE_REGULATION_OF_FATTY_ACID_METABOLIC_PROCESS,-1.52266233138324,0.286202030934725,-0.744214656103862,0.727208221617223,TRUE,0.999778664274901
GOBP_TRANSITION_METAL_ION_TRANSPORT,0.966005584868426,0.531842640308391,1.03124176584755,0.61032119090402,TRUE,0.997558269186034
GOBP_RECEPTOR_CLUSTERING,1.49582983103956,0.297665249039293,0.748200215266091,0.727182728499097,TRUE,0.997473454892235
HALLMARK_ESTROGEN_RESPONSE_LATE,0.912399487462968,0.558890575399287,1.09892099704274,0.580931244143426,TRUE,0.997011627125647
REACTOME_COPI_INDEPENDENT_GOLGI_TO_ER_RETROGRADE_TRAFFIC,2.94125257919455,0.0231519345059047,0.599558276257021,0.782086624473632,TRUE,0.996072593769488
GOBP_REGULATION_OF_PROTEIN_GLYCOSYLATION,-1.65111085255635,0.241352508936977,-0.711819910120095,0.73981938164701,TRUE,0.994776145987233
GOBP_SMOOTH_MUSCLE_CELL_DIFFERENTIATION,-1.89001340709898,0.168262238002612,-0.67361548429153,0.753966918005202,TRUE,0.993234473847665
REACTOME_NITRIC_OXIDE_STIMULATES_GUANYLATE_CYCLASE,-1.01100444192209,0.509857711940885,-0.974593383349719,0.636571051238007,TRUE,0.992465067289809
GOBP_INTEGRIN_MEDIATED_SIGNALING_PATHWAY,4.45765381207423,0.000323222929350583,0.558145821338835,0.800508319304395,TRUE,0.992073459876767
GOBP_PROSTAGLANDIN_TRANSPORT,2.15724607481558,0.1093979604484,0.644131579325002,0.764718035478218,TRUE,0.992047836970351
GOBP_UBIQUITIN_DEPENDENT_ERAD_PATHWAY,-1.27828169698621,0.388638635199506,-0.810130099500875,0.698618726630888,TRUE,0.991733986670182
REACTOME_SYNTHESIS_OF_DNA,-1.1706716670934,0.432778781632409,-0.859944413670131,0.680139795222533,TRUE,0.99153411607017
GOBP_IMPORT_INTO_CELL,0.991231466072002,0.520520955118455,0.991828220074969,0.628164313396145,TRUE,0.99152975328412
GOBP_REGULATION_OF_CHONDROCYTE_DIFFERENTIATION,3.17842653872965,0.0135908576588538,0.586945681784859,0.785777274103666,TRUE,0.990905346150798
GOBP_PROTEIN_PEPTIDYL_PROLYL_ISOMERIZATION,-0.754019073886101,0.639494124121786,-1.43578745114086,0.446719543628172,TRUE,0.988773311097142
REACTOME_NRIF_SIGNALS_CELL_DEATH_FROM_THE_NUCLEUS,0.751431098266916,0.640500808561813,1.43816111287908,0.446719543628172,TRUE,0.987105250954366
KEGG_CHRONIC_MYELOID_LEUKEMIA,0.629850140266723,0.70325555596463,2.26196634560013,0.211320387181552,TRUE,0.985332110123702
GOBP_REGULATION_OF_EXECUTION_PHASE_OF_APOPTOSIS,0.609169840251969,0.713561245083984,2.57454549159955,0.148404173380795,TRUE,0.985223427577645
KEGG_CYSTEINE_AND_METHIONINE_METABOLISM,-0.879774124486829,0.575967147282051,-1.11798297942998,0.572872684966487,TRUE,0.98467676074413
GOBP_POSITIVE_REGULATION_OF_CREB_TRANSCRIPTION_FACTOR_ACTIVITY,-1.40735340406033,0.335136812040257,-0.756446210777793,0.723518641479998,TRUE,0.98399791036686
GOBP_NEGATIVE_CHEMOTAXIS,2.6037529596181,0.0472893566288117,0.606545549826757,0.779137850770818,TRUE,0.983892784959557
REACTOME_TRAF6_MEDIATED_INDUCTION_OF_TAK1_COMPLEX_WITHIN_TLR4_COMPLEX,-1.9023355593692,0.164789056663425,-0.662880839321625,0.75740495097406,TRUE,0.983169913391789
GOBP_AMMONIUM_ION_METABOLIC_PROCESS,-0.761076749533354,0.63533591625583,-1.38805007572349,0.462665330478563,TRUE,0.983108700153055
GOBP_DETECTION_OF_BIOTIC_STIMULUS,2.02305750932655,0.13488631924228,0.648446286951437,0.762791723729252,TRUE,0.982101640311888
GOBP_REACTIVE_OXYGEN_SPECIES_METABOLIC_PROCESS,0.886541680375117,0.572777727326035,1.09957192367356,0.580807973004959,TRUE,0.981632006265606
GOBP_NEGATIVE_REGULATION_OF_INFLAMMATORY_RESPONSE_TO_ANTIGENIC_STIMULUS,-1.06557720728098,0.481494173514615,-0.909542061046399,0.661451930851507,TRUE,0.98139621728784
GOBP_PHOSPHATIDYLINOSITOL_METABOLIC_PROCESS,-2.50348752533285,0.0581454089938832,-0.610180841928148,0.776555939819773,TRUE,0.98120926558918
REACTOME_PROLACTIN_RECEPTOR_SIGNALING,-1.38926121163338,0.341843380742894,-0.757626502690118,0.723049503717444,TRUE,0.980527398867246
GOBP_MYELOID_LEUKOCYTE_DIFFERENTIATION,1.64713052652166,0.242618805608671,0.695567149637304,0.745151902395692,TRUE,0.978094525019303
GOBP_DETECTION_OF_TEMPERATURE_STIMULUS,-1.88842902920699,0.168588658861066,-0.659709101494847,0.75751898943928,TRUE,0.977822829213574
GOBP_RESPONSE_TO_PROGESTERONE,0.685100588011816,0.674787734616254,1.69985314618405,0.360019743415258,TRUE,0.976597888073569
GOBP_REGULATION_OF_CELL_AGING,0.73244792681637,0.649251552847228,1.46194433167282,0.438923663691274,TRUE,0.975940459789928
GOBP_EMBRYONIC_HEMOPOIESIS,-2.93718085940039,0.0233318643670468,-0.584717538729004,0.787075320026493,TRUE,0.975281492403484
GOBP_POSITIVE_REGULATION_OF_PROTEIN_ACETYLATION,-4.80849623094993,9.32152253003543e-05,-0.542433343225835,0.805463614487549,TRUE,0.974891801615523
GOBP_POSITIVE_REGULATION_OF_DENDRITIC_SPINE_MORPHOGENESIS,3.21985654860106,0.0122293287230439,0.574104474505495,0.792000474717451,TRUE,0.974461277045002
GOBP_POSITIVE_REGULATION_OF_LEUKOCYTE_MIGRATION,0.776555976392826,0.627713920811718,1.30506303441742,0.494953004358602,TRUE,0.973717566647057
GOBP_PSEUDOURIDINE_SYNTHESIS,1.11954449223936,0.455700881620804,0.860867540623633,0.68010248314124,TRUE,0.973312116529143
REACTOME_VISUAL_PHOTOTRANSDUCTION,0.807850887107176,0.610562778537669,1.22185742532388,0.524847958098078,TRUE,0.972630992267185
GOBP_TRANSCYTOSIS,1.38026653136523,0.345425031823263,0.750737127656955,0.725627659601036,TRUE,0.972515769056569
GOBP_OLEFINIC_COMPOUND_METABOLIC_PROCESS,0.615957209206105,0.710679947017901,2.29148940352852,0.2052072806619,TRUE,0.970927143934883
KEGG_GLYCOSAMINOGLYCAN_DEGRADATION,0.672160070470016,0.681300732739295,1.74543342154014,0.344569607639364,TRUE,0.970560729502669
GOBP_STRIATED_MUSCLE_CELL_DEVELOPMENT,0.690653795746201,0.672044005781919,1.63178831829142,0.381482754012932,TRUE,0.970530795209324
REACTOME_LISTERIA_MONOCYTOGENES_ENTRY_INTO_HOST_CELLS,-0.820770306389936,0.605809398323653,-1.1822261162621,0.542095723099694,TRUE,0.968884497938215
GOBP_THIOESTER_METABOLIC_PROCESS,-0.874914159919046,0.578589058310968,-1.08477653363282,0.58883052102415,TRUE,0.968608314308081
GOBP_CELLULAR_ALDEHYDE_METABOLIC_PROCESS,0.664179322114798,0.686409865217038,1.77888834242385,0.333787086375585,TRUE,0.967227286037618
GOBP_DIENCEPHALON_DEVELOPMENT,1.08464602314002,0.471615943812094,0.872451150974878,0.675444506907166,TRUE,0.967045156270077
GOBP_TUBULIN_DEACETYLATION,-1.91673422490712,0.161151760232689,-0.646149607485725,0.764329618517254,TRUE,0.966487088821239
GOBP_SKIN_DEVELOPMENT,1.69979406794215,0.227858371803029,0.675136166672855,0.753966918005202,TRUE,0.966422031634758
GOBP_CIRCADIAN_SLEEP_WAKE_CYCLE,-2.33320309575817,0.079546346922491,-0.609386896211846,0.777089441448176,TRUE,0.966375469661713
GOBP_ALCOHOL_BIOSYNTHETIC_PROCESS,1.98016599258021,0.145719623264146,0.638825264443688,0.766125037815312,TRUE,0.966005564516405
GOBP_POSITIVE_REGULATION_OF_CELL_CYCLE_G2_M_PHASE_TRANSITION,2.59020893250548,0.0486102580895812,0.593303989170624,0.783386366766628,TRUE,0.965462575620253
GOBP_SYNAPTIC_TRANSMISSION_GLUTAMATERGIC,0.628355463039807,0.703946173957977,2.08209723339743,0.254649572126265,TRUE,0.965371705549437
REACTOME_NEGATIVE_REGULATION_OF_FLT3,1.23695669091806,0.406567430620569,0.791220099876257,0.708393933090069,TRUE,0.965108171016484
GOBP_APOPTOTIC_PROCESS_INVOLVED_IN_DEVELOPMENT,0.630592592441021,0.70325555596463,2.04862602535646,0.259677043343719,TRUE,0.964347132921665
GOBP_MUSCLE_HYPERTROPHY,1.3283469325223,0.366976286438846,0.753791328279645,0.724266790383919,TRUE,0.961796262556092
GOBP_MESENCHYMAL_CELL_DEVELOPMENT,1.62573586457103,0.249895547411769,0.682490337955222,0.750572701971719,TRUE,0.961386729275194
REACTOME_P75_NTR_RECEPTOR_MEDIATED_SIGNALLING,0.580354704346694,0.72883978180053,2.78961305898623,0.125037116367193,TRUE,0.960819316852136
GOBP_GAMMA_DELTA_T_CELL_ACTIVATION,-1.87526708679504,0.172835683391427,-0.645489072177721,0.764329618517254,TRUE,0.960397861278282
REACTOME_BETA_CATENIN_PHOSPHORYLATION_CASCADE,0.946831297740868,0.540554844388001,0.970660824514218,0.638328801466185,TRUE,0.958597991067789
GOBP_NUCLEOSIDE_BISPHOSPHATE_BIOSYNTHETIC_PROCESS,-0.592365048004849,0.723114700470681,-2.51074775086066,0.160312456169313,TRUE,0.958572445391213
GOBP_POSITIVE_REGULATION_OF_INTERLEUKIN_1_BETA_PRODUCTION,0.801883262927213,0.614189358157924,1.19052344407971,0.539312157194316,TRUE,0.958299147029185
GOBP_EXCITATORY_SYNAPSE_ASSEMBLY,2.22194804350861,0.0977968360030832,0.610835813444595,0.776555939819773,TRUE,0.95824143960492
GOBP_CAMERA_TYPE_EYE_PHOTORECEPTOR_CELL_DIFFERENTIATION,-1.85303010879464,0.179046295394129,-0.64533315833607,0.764329618517254,TRUE,0.957284145450666
GOBP_REGULATION_OF_LYMPHOCYTE_APOPTOTIC_PROCESS,1.37837871905366,0.34571459405675,0.732483433641965,0.730803754559561,TRUE,0.95661346308389
GOBP_POSITIVE_REGULATION_OF_PROTEIN_DEPOLYMERIZATION,1.68214530148859,0.232983767798205,0.668081461439343,0.756564310613718,TRUE,0.95634183824183
GOBP_DETECTION_OF_VISIBLE_LIGHT,0.629345357338948,0.703266453062281,1.98500428524081,0.276405886928876,TRUE,0.955689484579803
KEGG_B_CELL_RECEPTOR_SIGNALING_PATHWAY,-1.67100392344167,0.236297446118065,-0.668781618994063,0.756201549923075,TRUE,0.955247127564852
GOBP_REGULATION_OF_ESTABLISHMENT_OR_MAINTENANCE_OF_CELL_POLARITY,-2.07403455909967,0.124320764780328,-0.620096910843444,0.773208526413157,TRUE,0.954743625118936
REACTOME_NICOTINATE_METABOLISM,4.00942689847627,0.0014414581036122,0.541507153176149,0.805469683916178,TRUE,0.954148454369905
GOBP_RIBONUCLEOPROTEIN_COMPLEX_SUBUNIT_ORGANIZATION,-3.65974148878024,0.00392739303526079,-0.547429329404721,0.804034963390735,TRUE,0.95239766369264
GOBP_REGULATION_OF_PEPTIDYL_SERINE_PHOSPHORYLATION_OF_STAT_PROTEIN,1.69665256503918,0.228691944877208,0.661238330408535,0.75751898943928,TRUE,0.951606125250202
GOBP_STRIATED_MUSCLE_CONTRACTION,0.601808752738829,0.717766727705501,2.25579424414247,0.21220935720825,TRUE,0.950136685875824
GOBP_IMPORT_ACROSS_PLASMA_MEMBRANE,1.31463264317812,0.372992835998013,0.742344477993329,0.727393982715488,TRUE,0.948878111679988
GOBP_MAINTENANCE_OF_SYNAPSE_STRUCTURE,0.554126742683246,0.741686520158738,3.28307723772514,0.0764300280914892,TRUE,0.948211721350567
REACTOME_DISEASES_ASSOCIATED_WITH_GLYCOSYLATION_PRECURSOR_BIOSYNTHESIS,0.559288207296407,0.73864109651208,3.10631064657188,0.0890665973803,TRUE,0.947906730707067
GOBP_GLYCOSPHINGOLIPID_BIOSYNTHETIC_PROCESS,1.09511271981478,0.466870989756798,0.834131475171757,0.689270238823127,TRUE,0.946969793489341
KEGG_VASCULAR_SMOOTH_MUSCLE_CONTRACTION,1.09710165898497,0.46589650261185,0.831824270534645,0.689632390292651,TRUE,0.946221701125452
REACTOME_DNA_REPLICATION_PRE_INITIATION,-0.731680112620579,0.649377892499588,-1.33713027466667,0.482900502103667,TRUE,0.945810825359755
GOBP_PEPTIDYL_TYROSINE_DEPHOSPHORYLATION,-0.623436751987591,0.706410399098576,-1.95423526430464,0.285302146861687,TRUE,0.945304195488906
REACTOME_EXTRA_NUCLEAR_ESTROGEN_SIGNALING,1.62110795230209,0.251215902815841,0.667156879063492,0.75659589493749,TRUE,0.945286845524289
GOBP_REGULATION_OF_ENDOTHELIAL_CELL_CHEMOTAXIS,1.65200934482855,0.241281667047682,0.661956471463977,0.75740495097406,TRUE,0.945181012639452
KEGG_TYPE_II_DIABETES_MELLITUS,-4.21966836938903,0.000728187493224895,-0.532086754997188,0.809489561602927,TRUE,0.945010671240135
REACTOME_NUCLEAR_EVENTS_STIMULATED_BY_ALK_SIGNALING_IN_CANCER,0.624983360175827,0.705685707587206,1.93570484320899,0.289674019023409,TRUE,0.944889202534099
GOBP_GLYCEROPHOSPHOLIPID_CATABOLIC_PROCESS,0.940992816423045,0.543440570774902,0.948756042686275,0.646270131900035,TRUE,0.944858483604561
GOBP_AXIS_SPECIFICATION,-1.07006804840551,0.47996957508705,-0.844040688389593,0.686098845487909,TRUE,0.943709158040979
REACTOME_ION_HOMEOSTASIS,1.2851619063662,0.385760391300851,0.745431603300279,0.727208221617223,TRUE,0.943566790499936
GOBP_CEREBELLAR_CORTEX_MORPHOGENESIS,-1.74456688444308,0.213166205436914,-0.646004475758283,0.764329618517254,TRUE,0.942869168745486
REACTOME_ACTIVATION_OF_NMDA_RECEPTORS_AND_POSTSYNAPTIC_EVENTS,2.51181709734041,0.0571440815888161,0.579447441683571,0.789045785842196,TRUE,0.941663822463085
GOBP_REGULATION_OF_DNA_METHYLATION,0.723450420612606,0.653231647638294,1.34817636366162,0.479592110265517,TRUE,0.941616284124917
GOBP_REGULATION_OF_HORMONE_METABOLIC_PROCESS,1.28824613211284,0.384202670576668,0.741413802979115,0.728064650565452,TRUE,0.941166002707389
GOBP_HISTONE_H3_K9_MODIFICATION,-2.91925283937127,0.0242704602581888,-0.560355844297271,0.799138738044393,TRUE,0.940232387165129
GOBP_PROTEIN_INSERTION_INTO_MEMBRANE,0.704820143420381,0.664056921390821,1.41159617557634,0.454886434478687,TRUE,0.940194431493532
GOBP_ANGIOGENESIS_INVOLVED_IN_WOUND_HEALING,0.722394920277367,0.653604172342632,1.34421342434906,0.480627700496023,TRUE,0.939755181036916
GOBP_NEGATIVE_REGULATION_OF_CELL_PROJECTION_ORGANIZATION,1.67028630639276,0.236536659917097,0.653212745743579,0.759792968451465,TRUE,0.939145900122961
KEGG_GLYCEROPHOSPHOLIPID_METABOLISM,1.27874181334404,0.388546739404086,0.739698458839874,0.728815504331935,TRUE,0.937241851165865
REACTOME_CRMPS_IN_SEMA3A_SIGNALING,2.82814047966415,0.0292563533237037,0.561553955788219,0.799042520755406,TRUE,0.937048164147131
GOBP_REGULATION_OF_FLAGELLATED_SPERM_MOTILITY,0.681693481444337,0.676584881724271,1.49795291616453,0.424850856781945,TRUE,0.936982016514348
REACTOME_RHOQ_GTPASE_CYCLE,-2.18154296754248,0.104207464404534,-0.596380415050884,0.782772488905937,TRUE,0.936692141033587
GOBP_NEGATIVE_REGULATION_OF_VASCULAR_ASSOCIATED_SMOOTH_MUSCLE_CELL_PROLIFERATION,-1.21560410954961,0.416081612621721,-0.760742224217812,0.72141513657947,TRUE,0.935829270676714
GOBP_DENDRITIC_CELL_MIGRATION,0.562861617157773,0.736574325867866,2.77131779935677,0.125037116367193,TRUE,0.935683551087791
REACTOME_PHASE_2_PLATEAU_PHASE,3.08080620732776,0.0170420436178465,0.551133670362111,0.802040801796116,TRUE,0.935002279717752
GOBP_ERYTHROCYTE_DEVELOPMENT,-1.52159150800941,0.286553406561568,-0.673914532336414,0.753966918005202,TRUE,0.934110506355703
GOBP_TELOMERE_CAPPING,-0.809373786028693,0.609951643848217,-1.10209215908011,0.580037939256067,TRUE,0.933319796389499
GOBP_EPITHELIAL_CELL_MORPHOGENESIS,0.616194133914128,0.710679947017901,1.92281655076879,0.29152325444943,TRUE,0.93329916752571
GOBP_GMP_METABOLIC_PROCESS,0.615561779180511,0.710679947017901,1.92804511365637,0.290745563437852,TRUE,0.933187344196048
GOBP_MODULATION_OF_PROCESS_OF_ANOTHER_ORGANISM,2.86179190453295,0.0273522535696894,0.557238207535664,0.800508319304395,TRUE,0.932837523479531
GOBP_NEGATIVE_REGULATION_OF_ADAPTIVE_IMMUNE_RESPONSE,0.672173119571345,0.681300732739295,1.52306326254859,0.415665949118183,TRUE,0.932712479467156
GOBP_POSITIVE_REGULATION_OF_CELLULAR_EXTRAVASATION,1.3165479059677,0.372292920513304,0.721420398602153,0.736296991119077,TRUE,0.932089584486952
GOBP_PH_REDUCTION,2.97923257379532,0.0213425369048671,0.552186806412656,0.801475936198048,TRUE,0.931689353977385
REACTOME_VXPX_CARGO_TARGETING_TO_CILIUM,0.78717060808989,0.621196452288882,1.13632619297188,0.564726759199201,TRUE,0.930058817687028
KEGG_NICOTINATE_AND_NICOTINAMIDE_METABOLISM,0.645008121931844,0.697791198222367,1.65900542599478,0.371393219446167,TRUE,0.928876460000495
GOBP_POSITIVE_REGULATION_OF_NUCLEOCYTOPLASMIC_TRANSPORT,-3.27600467589744,0.0107448268783174,-0.541127881123452,0.805469683916178,TRUE,0.928832018452327
GOBP_MULTIVESICULAR_BODY_SORTING_PATHWAY,0.64199045926782,0.699350173654024,1.67868784821195,0.365451474108188,TRUE,0.928781536990597
GOBP_VOCALIZATION_BEHAVIOR,2.45796500657064,0.0629047236940859,0.570675461530886,0.793899932103062,TRUE,0.926290412695129
GOBP_ACTIVATION_OF_ADENYLATE_CYCLASE_ACTIVITY,0.876480641288985,0.577527544684326,0.979401167031418,0.634597928872718,TRUE,0.925087103187637
REACTOME_NOD1_2_SIGNALING_PATHWAY,-1.54863489042564,0.277064377583427,-0.659366572943426,0.75751898943928,TRUE,0.924925184499203
GOBP_REGULATION_OF_EXTRACELLULAR_MATRIX_ORGANIZATION,0.581877955417803,0.727925138009757,2.23918860480027,0.217403654632978,TRUE,0.923717650288481
GOBP_NEUROTRANSMITTER_TRANSPORT,0.944674780606173,0.541312071995968,0.902200253238447,0.663845639221342,TRUE,0.922949101235798
GOBP_PYROPTOSIS,-1.05591692010356,0.486806622947883,-0.819595323585591,0.694078300276186,TRUE,0.922867416860453
GOBP_POSITIVE_REGULATION_OF_BEHAVIOR,-0.874677264420145,0.578589058310968,-0.974899287334988,0.636571051238007,TRUE,0.922072937097019
GOBP_NEUROTRANSMITTER_REUPTAKE,0.857233700182239,0.587944193701563,0.991793603271766,0.628164313396145,TRUE,0.91961746455723
GOBP_POSITIVE_REGULATION_OF_TRANSMEMBRANE_TRANSPORT,-1.44669857348938,0.31669765528808,-0.67323380700127,0.753966918005202,TRUE,0.918865523425932
GOBP_POSITIVE_REGULATION_OF_PROTEIN_TARGETING_TO_MEMBRANE,2.71149582702592,0.0378575189870366,0.55296834405144,0.801312692034927,TRUE,0.918601815671379
GOBP_EMBRYONIC_CAMERA_TYPE_EYE_DEVELOPMENT,-2.43298877375243,0.0660146111892612,-0.565432396102611,0.797009109891082,TRUE,0.917610031482066
GOBP_MITOCHONDRIAL_DEPOLARIZATION,0.558982256523222,0.738724862820184,2.55996046517362,0.152310875642722,TRUE,0.917600998234732
KEGG_HEMATOPOIETIC_CELL_LINEAGE,0.611994570273956,0.712192275097026,1.83162840977387,0.316894043129371,TRUE,0.917446472466215
REACTOME_ADHERENS_JUNCTIONS_INTERACTIONS,2.64533611724771,0.0437717604564087,0.553836565657733,0.801312692034927,TRUE,0.915914216206838
GOBP_RESPONSE_TO_KETONE,0.912730290211568,0.558844326979288,0.919036649259494,0.657808377777262,TRUE,0.915872614051987
KEGG_CYTOKINE_CYTOKINE_RECEPTOR_INTERACTION,0.774930059858142,0.62852281512606,1.11734368211564,0.572872684966487,TRUE,0.915156393345954
GOBP_RESPONSE_TO_LITHIUM_ION,-1.65999200542656,0.239223776239694,-0.631682551781876,0.768666389662956,TRUE,0.915128182251743
GOBP_CARDIAC_CHAMBER_MORPHOGENESIS,0.826861190231554,0.602584625899117,1.02089090481165,0.614211692884924,TRUE,0.913688660847538
KEGG_NEUROTROPHIN_SIGNALING_PATHWAY,0.729448375235724,0.650578015959801,1.22134154421532,0.524847958098078,TRUE,0.913379340494497
GOBP_EXTRINSIC_APOPTOTIC_SIGNALING_PATHWAY,0.877206541524134,0.577402156046848,0.951071052265176,0.646270131900035,TRUE,0.912646691438255
GOBP_NEGATIVE_REGULATION_OF_VIRAL_TRANSCRIPTION,-0.69707103204243,0.668761952368418,-1.32087236962635,0.488571949979825,TRUE,0.912554698144997
GOBP_HISTONE_PHOSPHORYLATION,-1.95364857579378,0.152524596981205,-0.594840046103098,0.783034989491934,TRUE,0.911998114419244
REACTOME_DNA_DAMAGE_BYPASS,-3.82474113726487,0.00251512437977577,-0.517545085162399,0.816972125209188,TRUE,0.911720635726948
GOBP_REGULATION_OF_POSTSYNAPTIC_MEMBRANE_NEUROTRANSMITTER_RECEPTOR_LEVELS,0.667247542457385,0.684652866619868,1.4330812434525,0.446719543628172,TRUE,0.910543096157404
REACTOME_NOTCH3_INTRACELLULAR_DOMAIN_REGULATES_TRANSCRIPTION,0.649256421648564,0.695171914683657,1.5200438343595,0.416125971109567,TRUE,0.909877014868655
GOBP_ANAPHASE_PROMOTING_COMPLEX_DEPENDENT_CATABOLIC_PROCESS,-1.48313266962968,0.301298712929219,-0.655802485930247,0.759557568317936,TRUE,0.909463841556142
REACTOME_BILE_ACID_AND_BILE_SALT_METABOLISM,0.547939620142287,0.745077611591841,2.66597260178651,0.139553612046791,TRUE,0.909042882232773
GOBP_BLASTOCYST_DEVELOPMENT,-2.78124754338439,0.0321963695175756,-0.542114911863391,0.805463614487549,TRUE,0.907367635733664
GOBP_FC_RECEPTOR_MEDIATED_STIMULATORY_SIGNALING_PATHWAY,0.900928820981599,0.565215625457939,0.913566029562961,0.660189859478109,TRUE,0.907203418798335
REACTOME_RHOBTB1_GTPASE_CYCLE,-0.95886460445126,0.535069623620655,-0.859554732268321,0.680209637919752,TRUE,0.906497848672813
GOBP_POSITIVE_REGULATION_OF_MONONUCLEAR_CELL_MIGRATION,1.24408110822708,0.40380439142012,0.711579011982347,0.73981938164701,TRUE,0.905333188185408
GOBP_POSITIVE_REGULATION_OF_GLYCOPROTEIN_METABOLIC_PROCESS,-0.535881741803581,0.7512112916496,-2.87691771027087,0.113951184515226,TRUE,0.903473934085648
GOBP_LENS_MORPHOGENESIS_IN_CAMERA_TYPE_EYE,-0.968797512276171,0.530973892016088,-0.846125294755225,0.685978191504829,TRUE,0.903315642359023
GOBP_REGULATION_OF_PODOSOME_ASSEMBLY,1.23450906648826,0.407513249162222,0.711513665008772,0.73981938164701,TRUE,0.902733617821523
GOBP_REGULATION_OF_MEMBRANE_PROTEIN_ECTODOMAIN_PROTEOLYSIS,0.69955356224934,0.66698166829738,1.2705394881204,0.507360472086819,TRUE,0.902302989928593
GOBP_ASTROCYTE_DEVELOPMENT,1.86826414501528,0.174628226686946,0.594748359448987,0.783034989491934,TRUE,0.902266661863244
REACTOME_POSITIVE_EPIGENETIC_REGULATION_OF_RRNA_EXPRESSION,-0.852354737313423,0.589937405563257,-0.958382553339329,0.643543204566544,TRUE,0.902264413191418
GOBP_LENS_DEVELOPMENT_IN_CAMERA_TYPE_EYE,1.14663681642229,0.443540068626202,0.743651448297583,0.727208221617223,TRUE,0.902188459949129
GOBP_LYMPHOCYTE_HOMEOSTASIS,1.33296274103764,0.365300900423404,0.67932138676434,0.752433460877986,TRUE,0.899982348651704
GOBP_VITAMIN_BIOSYNTHETIC_PROCESS,2.54338270539616,0.0539906877912856,0.545923297295356,0.804596908756152,TRUE,0.898902129866157
GOBP_RIBOSOMAL_SMALL_SUBUNIT_BIOGENESIS,-1.89285160220236,0.16736430865504,-0.588628734033265,0.785242907854471,TRUE,0.898001750042009
HALLMARK_APICAL_SURFACE,1.37240134369259,0.348642296430474,0.667028230162675,0.75659589493749,TRUE,0.897731847269085
GOBP_REGULATION_OF_OSTEOCLAST_DIFFERENTIATION,1.11885116266167,0.456001193047552,0.748800366707581,0.727182728499097,TRUE,0.897165394847727
GOBP_DNA_TEMPLATED_TRANSCRIPTION_ELONGATION,-3.46735982417309,0.00686054413344349,-0.515239580940456,0.817867146623193,TRUE,0.897163305193524
GOBP_NEGATIVE_REGULATION_OF_TRANSFORMING_GROWTH_FACTOR_BETA_RECEPTOR_SIGNALING_PATHWAY,2.53747559046125,0.0546089731032401,0.543749845209522,0.804800050888489,TRUE,0.895586505007465
GOBP_RETINOL_METABOLIC_PROCESS,1.25062675559586,0.401034300243032,0.697046836992096,0.744978383985678,TRUE,0.895165830212296
GOBP_HEAD_MORPHOGENESIS,-0.609893297836765,0.713561245083984,-1.68080081045244,0.364932252642344,TRUE,0.895020549085137
GOBP_CELLULAR_RESPONSE_TO_ZINC_ION,3.25655437286856,0.0111667282952532,0.517554125961243,0.816972125209188,TRUE,0.89316094257377
REACTOME_RESOLUTION_OF_D_LOOP_STRUCTURES,-0.551120125832769,0.742974245105336,-2.3465261766384,0.19425905203401,TRUE,0.892598796917318
GOBP_SENSORY_PERCEPTION_OF_PAIN,0.56772437748286,0.734403905736009,2.08021474331838,0.254649572126265,TRUE,0.892005870455012
GOBP_PATHWAY_RESTRICTED_SMAD_PROTEIN_PHOSPHORYLATION,3.25101130702051,0.0113094703018891,0.516549964988698,0.817378324352901,TRUE,0.891457181756062
GOBP_MODULATION_BY_HOST_OF_VIRAL_PROCESS,-0.529290245233136,0.754250868890229,-2.82251816658891,0.12208639208908,TRUE,0.891418093766715
GOBP_DOPAMINE_METABOLIC_PROCESS,-0.917513651444508,0.556325362532231,-0.864755945683595,0.678092852640034,TRUE,0.890353947136849
GOBP_POSITIVE_REGULATION_OF_SYNCYTIUM_FORMATION_BY_PLASMA_MEMBRANE_FUSION,0.903121680388251,0.5637762033253,0.876372688737117,0.673305338462154,TRUE,0.889546141905071
GOBP_NEGATIVE_REGULATION_OF_ENDOTHELIAL_CELL_APOPTOTIC_PROCESS,0.533987440069492,0.752394901364952,2.65621395758476,0.141634263221091,TRUE,0.889213384791615
GOBP_POSITIVE_REGULATION_OF_LEUKOCYTE_ADHESION_TO_VASCULAR_ENDOTHELIAL_CELL,2.21212364893333,0.0991991356562769,0.554811935017839,0.801312692034927,TRUE,0.887127701332915
GOBP_BONE_DEVELOPMENT,0.736641879387178,0.646906449816421,1.11401620965068,0.574383721421226,TRUE,0.886853167752338
GOBP_INTRACELLULAR_PROTEIN_TRANSMEMBRANE_TRANSPORT,-1.77472439205585,0.20334508381842,-0.590143451767352,0.784309559248653,TRUE,0.88575095762675
REACTOME_APC_CDC20_MEDIATED_DEGRADATION_OF_NEK2A,-1.17532706046379,0.431760167892076,-0.709612913859098,0.740042646565863,TRUE,0.884937739635724
GOBP_EXOCRINE_SYSTEM_DEVELOPMENT,0.666616476677146,0.685019300105998,1.30980134592263,0.49402983473383,TRUE,0.883553212667762
KEGG_GNRH_SIGNALING_PATHWAY,0.699785998204092,0.666960097506813,1.19539803403608,0.537788017331777,TRUE,0.882787942773399
GOBP_POTASSIUM_ION_EXPORT_ACROSS_PLASMA_MEMBRANE,-0.75211556072449,0.640410866321923,-1.06737017438535,0.5959776680521,TRUE,0.88243144941169
GOBP_NEGATIVE_REGULATION_OF_INTRINSIC_APOPTOTIC_SIGNALING_PATHWAY_IN_RESPONSE_TO_DNA_DAMAGE,-0.900105139800422,0.565671697404457,-0.865291691455043,0.678092852640034,TRUE,0.882355156773905
GOBP_DEFENSE_RESPONSE_TO_GRAM_POSITIVE_BACTERIUM,1.32164647810883,0.36991364940279,0.662067427947414,0.75740495097406,TRUE,0.882202904104118
REACTOME_RRNA_MODIFICATION_IN_THE_NUCLEUS_AND_CYTOSOL,-1.31139851405108,0.374285269736521,-0.664223804341077,0.757387424586824,TRUE,0.881810356059502
GOBP_POSITIVE_REGULATION_OF_TELOMERE_MAINTENANCE_VIA_TELOMERE_LENGTHENING,-0.655258275306718,0.691620430072203,-1.34774612001636,0.479592110265517,TRUE,0.881797164514755
REACTOME_SIGNALING_BY_MODERATE_KINASE_ACTIVITY_BRAF_MUTANTS,0.868437790604882,0.581572323761375,0.895099726069899,0.667632782639489,TRUE,0.881567214906638
REACTOME_SLC_MEDIATED_TRANSMEMBRANE_TRANSPORT,0.945462824305906,0.540928333389074,0.824231718926851,0.692815474980005,TRUE,0.880694865494196
KEGG_GLYCOSPHINGOLIPID_BIOSYNTHESIS_LACTO_AND_NEOLACTO_SERIES,-0.994980745144047,0.519083205634083,-0.788286392413142,0.709627085527324,TRUE,0.879654837563548
GOBP_REGULATION_OF_PROTEIN_TARGETING_TO_MEMBRANE,3.11313644479823,0.015780356516152,0.511947000624864,0.818892208224968,TRUE,0.879296098666437
GOBP_NEGATIVE_REGULATION_OF_MACROPHAGE_ACTIVATION,2.05195009346237,0.128643387097142,0.557580869437419,0.800508319304395,TRUE,0.876884109383053
GOBP_NEGATIVE_REGULATION_OF_GTPASE_ACTIVITY,1.39687003090303,0.339061587119849,0.637765564457808,0.766125037815312,TRUE,0.875710231123792
GOBP_PHOSPHATIDYLINOSITOL_3_PHOSPHATE_BIOSYNTHETIC_PROCESS,-0.531729908835269,0.753394423838764,-2.47534388954844,0.166881018532056,TRUE,0.875412090939034
GOBP_POSITIVE_REGULATION_OF_KERATINOCYTE_DIFFERENTIATION,0.535995378149324,0.7512112916496,2.38474833249887,0.187160753473995,TRUE,0.875266172522224
GOBP_PROTEIN_ACTIVATION_CASCADE,1.89358493439907,0.16717791782458,0.567602824628771,0.795514633718193,TRUE,0.873402814146891
HALLMARK_BILE_ACID_METABOLISM,-1.23818122412146,0.406284683949197,-0.673767001940081,0.753966918005202,TRUE,0.872665525000428
GOBP_REGULATION_OF_RESPIRATORY_BURST,0.542305330123632,0.748372199134776,2.22614467238038,0.220758799253555,TRUE,0.872148762207208
GOBP_BODY_MORPHOGENESIS,-0.820983449075693,0.605809398323653,-0.92976843747719,0.654043978383346,TRUE,0.871996202893921
GOBP_NEGATIVE_REGULATION_OF_AMYLOID_PRECURSOR_PROTEIN_CATABOLIC_PROCESS,1.24097485037059,0.405226563770069,0.670865334003843,0.755224025069482,TRUE,0.870916946184644
REACTOME_PEPTIDE_LIGAND_BINDING_RECEPTORS,0.63092634116756,0.70325555596463,1.40393108848583,0.457084889957144,TRUE,0.870603602986213
REACTOME_PI_3K_CASCADE_FGFR4,0.615505604784083,0.710679947017901,1.4823770270203,0.431518049154634,TRUE,0.869840242444257
GOBP_OVULATION,3.00484554752407,0.0201711613390874,0.508503506248693,0.819459202608232,TRUE,0.869810812000571
REACTOME_TELOMERE_EXTENSION_BY_TELOMERASE,1.00053709387375,0.516448537196771,0.768592817203428,0.718679899233437,TRUE,0.869360264480212
GOBP_CELLULAR_RESPONSE_TO_TOXIC_SUBSTANCE,0.715454276780992,0.657597428838191,1.10660311465995,0.578228390385327,TRUE,0.869043900375177
GOBP_CIRCADIAN_RHYTHM,-3.00407529441465,0.0201711613390874,-0.50692135094497,0.820112305882266,TRUE,0.867463037082512
GOBP_PHOTOTRANSDUCTION_VISIBLE_LIGHT,0.697656084618311,0.668436732676596,1.1441720043354,0.560064192106174,TRUE,0.866789431067886
GOBP_B_CELL_RECEPTOR_SIGNALING_PATHWAY,-0.918913601102672,0.556325362532231,-0.819348404973218,0.694087860102397,TRUE,0.866279526032279
GOBP_REGULATION_OF_CLATHRIN_DEPENDENT_ENDOCYTOSIS,-2.89794345308997,0.0252263849666592,-0.509117278066525,0.819331565013447,TRUE,0.866079708727154
GOBP_INTERLEUKIN_1_PRODUCTION,0.579472582815428,0.729068241433622,1.71157228980036,0.357651131579769,TRUE,0.86581387147912
GOBP_REGULATION_OF_PROTEIN_DEPOLYMERIZATION,0.946649018509672,0.540554844388001,0.79752623635092,0.704617725585811,TRUE,0.865712808129083
GOBP_SULFUR_COMPOUND_TRANSPORT,3.22937598852026,0.0119623296879216,0.499021457792177,0.824514360463647,TRUE,0.864461440474545
GOBP_AMINE_CATABOLIC_PROCESS,0.564224740813417,0.735763434856141,1.8463942569443,0.310627294658558,TRUE,0.864326815670841
GOBP_PROTEIN_REFOLDING,-0.910705073543861,0.560101776260306,-0.821853405553759,0.693800388325294,TRUE,0.864000927157088
GOBP_ANIMAL_ORGAN_MATURATION,1.53321853114767,0.282421454285253,0.600693916130089,0.781658796527987,TRUE,0.86319852994272
GOBP_POSITIVE_REGULATION_OF_T_CELL_PROLIFERATION,0.524047837051654,0.756773478337783,2.44609990910761,0.173167022927211,TRUE,0.863171448785804
GOBP_POSITIVE_REGULATION_OF_PROTEIN_LOCALIZATION_TO_CELL_PERIPHERY,0.582784910114057,0.72782337202245,1.65764812620701,0.371886532468393,TRUE,0.862379994019911
GOBP_ESTABLISHMENT_OF_PROTEIN_LOCALIZATION_TO_PLASMA_MEMBRANE,-1.56461187241866,0.271827337155757,-0.594703231083214,0.783034989491934,TRUE,0.861828581117714
GOBP_REGULATED_EXOCYTOSIS,0.884510406095487,0.573598824810705,0.840273953425945,0.686970950040283,TRUE,0.861824901963355
REACTOME_SIGNALING_BY_FGFR2,0.608131056416683,0.714102339761529,1.47804517358691,0.433375454385652,TRUE,0.8617154772619
KEGG_ALANINE_ASPARTATE_AND_GLUTAMATE_METABOLISM,-0.800168567516035,0.615111125368051,-0.933444457494774,0.651930843366211,TRUE,0.861683551788865
GOBP_CELL_DIFFERENTIATION_INVOLVED_IN_EMBRYONIC_PLACENTA_DEVELOPMENT,-0.657877395040141,0.690069949102805,-1.24811123710083,0.514621603147889,TRUE,0.861604477107386
GOBP_TELOMERE_MAINTENANCE_VIA_TELOMERE_LENGTHENING,-2.26339684595146,0.0903226295471337,-0.531214066758064,0.809883181959003,TRUE,0.860476310141872
GOBP_POSITIVE_REGULATION_OF_T_HELPER_CELL_DIFFERENTIATION,0.55944396538156,0.73864109651208,1.8567502490062,0.307627880524672,TRUE,0.859821380120668
REACTOME_NETRIN_1_SIGNALING,-2.54899624503678,0.0533842901531475,-0.516494086203457,0.817378324352901,TRUE,0.858943492921518
GOBP_REGULATION_OF_LIPASE_ACTIVITY,0.692473351406855,0.671584759205186,1.12911683612178,0.567306978797661,TRUE,0.858462375338044
REACTOME_INHIBITION_OF_DNA_RECOMBINATION_AT_TELOMERE,-1.24589524994057,0.403151195742097,-0.654428704071356,0.759604918859386,TRUE,0.858116440732029
GOBP_APOPTOTIC_DNA_FRAGMENTATION,2.35632281481654,0.0762716097817085,0.524366482552179,0.813763279571212,TRUE,0.857834065819872
GOBP_POSITIVE_REGULATION_OF_I_KAPPAB_KINASE_NF_KAPPAB_SIGNALING,0.806151627823192,0.611815692572414,0.913765144307036,0.660189859478109,TRUE,0.856591749633144
KEGG_OXIDATIVE_PHOSPHORYLATION,0.706051298915829,0.663460007552173,1.08758762436311,0.587408132830769,TRUE,0.856239954318761
GOBP_TOLL_LIKE_RECEPTOR_4_SIGNALING_PATHWAY,0.513294040256401,0.763612094535512,2.57391755975205,0.148404173380795,TRUE,0.855902811150625
GOBP_REGULATION_OF_CYCLASE_ACTIVITY,0.678543243186151,0.678118413212828,1.15810927946691,0.552600114438347,TRUE,0.855716818245315
GOBP_SULFUR_AMINO_ACID_METABOLIC_PROCESS,-0.506708416242931,0.767910052663437,-2.74510481964949,0.125600805968918,TRUE,0.85550283160939
GOBP_REGULATION_OF_CELL_SUBSTRATE_JUNCTION_ORGANIZATION,-1.05981312499999,0.484980915449424,-0.717158621028944,0.738372144383806,TRUE,0.855448738531594
GOBP_SIGNAL_TRANSDUCTION_INVOLVED_IN_REGULATION_OF_GENE_EXPRESSION,1.29879550397556,0.379318598377934,0.637453117758795,0.766125037815312,TRUE,0.855180718061642
GOBP_DETOXIFICATION,1.37764748214726,0.345813832210382,0.619117504074141,0.773392635824234,TRUE,0.8543075189385
GOBP_AUDITORY_RECEPTOR_CELL_DEVELOPMENT,-0.727970334953012,0.6513080122986,-1.03330167258201,0.608903401093867,TRUE,0.854170124181771
GOBP_INSULIN_LIKE_GROWTH_FACTOR_RECEPTOR_SIGNALING_PATHWAY,-0.577428476628248,0.73017685808483,-1.63948584998979,0.378596417672656,TRUE,0.85405719602829
GOBP_NEGATIVE_REGULATION_OF_UBIQUITIN_DEPENDENT_PROTEIN_CATABOLIC_PROCESS,-3.12150796469158,0.0154407680660891,-0.494647472893766,0.8266747979459,TRUE,0.853971049089348
REACTOME_TNF_RECEPTOR_SUPERFAMILY_TNFSF_MEMBERS_MEDIATING_NON_CANONICAL_NF_KB_PATHWAY,2.86797844042076,0.0269380587838676,0.500770690604653,0.823357410054085,TRUE,0.852660431744049
GOBP_MITOCHONDRION_DISTRIBUTION,-0.493813750105222,0.773828978900971,-3.10773569220384,0.0890665973803,TRUE,0.852212438610378
GOBP_PEPTIDE_ANTIGEN_ASSEMBLY_WITH_MHC_PROTEIN_COMPLEX,0.558591225206755,0.738883076539221,1.78657303468675,0.331519370652321,TRUE,0.851082405982377
REACTOME_CELL_CELL_JUNCTION_ORGANIZATION,1.31361664965572,0.37340615222291,0.628341498042824,0.770227528359249,TRUE,0.850069662393981
GOBP_NEGATIVE_REGULATION_OF_COLD_INDUCED_THERMOGENESIS,-0.718530776370262,0.656025478558808,-1.03978682342513,0.606612333923739,TRUE,0.849811016601513
GOBP_PYRIDINE_NUCLEOTIDE_BIOSYNTHETIC_PROCESS,2.93632393442957,0.0233444469413578,0.495639838114565,0.82622124596076,TRUE,0.848120327583603
GOBP_LIPOSACCHARIDE_METABOLIC_PROCESS,1.73580024281108,0.215780355605254,0.560979630210226,0.799114173916628,TRUE,0.847925036063695
GOBP_NEGATIVE_REGULATION_OF_NEURON_PROJECTION_DEVELOPMENT,1.29136861872532,0.382652721489086,0.630049766211372,0.769398741099205,TRUE,0.846901958156706
GOBP_REGULATION_OF_CELLULAR_RESPONSE_TO_TRANSFORMING_GROWTH_FACTOR_BETA_STIMULUS,0.799579602824701,0.615259654081596,0.889624170388015,0.669862976289943,TRUE,0.842201932179236
GOBP_AMYLOID_BETA_FORMATION,0.635879349398879,0.701933497954421,1.24194672439363,0.515313431489154,TRUE,0.841109074069393
REACTOME_POTASSIUM_CHANNELS,0.538930093303651,0.750523967397984,1.8959475915085,0.298315013297768,TRUE,0.839289150961469
REACTOME_SYNTHESIS_OF_BILE_ACIDS_AND_BILE_SALTS_VIA_27_HYDROXYCHOLESTEROL,0.767876358772001,0.631212906480017,0.921840776791101,0.657808377777262,TRUE,0.837844067686522
REACTOME_OXIDATIVE_STRESS_INDUCED_SENESCENCE,-0.586713066518561,0.726039519709276,-1.45918853539231,0.438923663691274,TRUE,0.836917063292908
REACTOME_CELLULAR_SENESCENCE,-1.22178114423962,0.413318412724669,-0.635672959610682,0.766908103050242,TRUE,0.836255640820848
GOBP_RNA_5_END_PROCESSING,-1.67190962945406,0.235965825359531,-0.557080609421937,0.800508319304395,TRUE,0.835704364272443
GOBP_NEGATIVE_REGULATION_OF_TRANSMEMBRANE_RECEPTOR_PROTEIN_SERINE_THREONINE_KINASE_SIGNALING_PATHWAY,2.89479491079771,0.0254039426419566,0.487902201907573,0.829146490177758,TRUE,0.83505957760404
GOBP_NEGATIVE_REGULATION_OF_ERBB_SIGNALING_PATHWAY,1.02084262065342,0.504925673822586,0.705321706309787,0.741046317598141,TRUE,0.834245555682107
REACTOME_REGULATION_OF_GENE_EXPRESSION_IN_BETA_CELLS,0.472138772545959,0.786148652209617,3.55894475918726,0.0609188915389984,TRUE,0.83367947944213
REACTOME_SIGNALING_BY_FGFR4,0.521516908994194,0.758622772951164,2.06732100796456,0.255963205575376,TRUE,0.83291646410911
GOBP_ENDOPLASMIC_RETICULUM_UNFOLDED_PROTEIN_RESPONSE,-2.82106559540577,0.0295862990069759,-0.487739479488594,0.829146490177758,TRUE,0.831686989086427
GOBP_POSITIVE_REGULATION_OF_REACTIVE_OXYGEN_SPECIES_METABOLIC_PROCESS,0.544155785518061,0.747285935821503,1.75691263287379,0.339245487562998,TRUE,0.830948064113788
GOBP_NUCLEOTIDE_PHOSPHORYLATION,0.555579574736272,0.74078282385296,1.63544525845904,0.380555732344623,TRUE,0.829401809995943
REACTOME_SENSORY_PROCESSING_OF_SOUND,2.6823991243574,0.0403832937637865,0.490304349280518,0.828022137429336,TRUE,0.829067051558176
GOBP_LUNG_MORPHOGENESIS,1.90271607948682,0.164789056663425,0.528952075698681,0.811332053908521,TRUE,0.827782045476541
GOBP_RESPONSE_TO_GLUCAGON,0.99753303237487,0.517529803566022,0.706072056109926,0.741046317598141,TRUE,0.82687026936851
REACTOME_NUCLEOTIDE_LIKE_PURINERGIC_RECEPTORS,0.560301732391027,0.738122103931299,1.57572932291639,0.400895396846752,TRUE,0.826658270923246
GOBP_ETHER_METABOLIC_PROCESS,1.57074127027828,0.269609894029207,0.56062851982075,0.799114173916628,TRUE,0.826325265064925
REACTOME_CHEMOKINE_RECEPTORS_BIND_CHEMOKINES,1.0546236311549,0.487593344012146,0.677326563143016,0.753237838741111,TRUE,0.82487891609276
GOBP_ICOSANOID_BIOSYNTHETIC_PROCESS,0.747430596660482,0.641644819917309,0.919724495229483,0.657808377777262,TRUE,0.824674598754133
GOBP_REGULATION_OF_INSULIN_RECEPTOR_SIGNALING_PATHWAY,-1.61073997138205,0.2549216405887,-0.552852858620167,0.801312692034927,TRUE,0.82316985462687
GOBP_SALIVARY_GLAND_DEVELOPMENT,1.66709760791638,0.23692454369533,0.546098194832016,0.804596908756152,TRUE,0.822700814054819
GOBP_POSITIVE_REGULATION_OF_ANTIGEN_RECEPTOR_MEDIATED_SIGNALING_PATHWAY,1.1790880530069,0.430347376218762,0.631276892573212,0.768666389662956,TRUE,0.822299441877318
REACTOME_TRANSCRIPTIONAL_REGULATION_BY_MECP2,0.674368334618595,0.680289919226258,1.04829949052244,0.603079852627423,TRUE,0.820750200692071
GOBP_SENSORY_ORGAN_MORPHOGENESIS,-0.820440944008738,0.605809398323653,-0.819907801721211,0.694078300276186,TRUE,0.820174286224649
GOBP_REGULATION_OF_MYELOID_CELL_DIFFERENTIATION,-1.45224674804333,0.31455701391087,-0.57128997156856,0.793533799657161,TRUE,0.820003902434085
GOBP_HISTONE_METHYLATION,-4.28186410182663,0.000581881465667013,-0.453250806224969,0.844496164658767,TRUE,0.819730204645554
GOBP_CRANIOFACIAL_SUTURE_MORPHOGENESIS,3.51889596735193,0.00587184644556688,0.463864998606544,0.839769932263653,TRUE,0.819678954847572
GOBP_CELL_SUBSTRATE_JUNCTION_ORGANIZATION,-1.16476401764627,0.435734773218467,-0.632265660159811,0.768378973233801,TRUE,0.819619508395212
GOBP_POSITIVE_REGULATION_OF_ENDOCYTOSIS,1.39871834671953,0.338902077620415,0.578802800124961,0.789224858700434,TRUE,0.818784766938408
GOBP_RESPONSE_TO_GAMMA_RADIATION,0.497666231839519,0.771750421887669,2.30507122273052,0.202264231896616,TRUE,0.818596909723028
GOBP_VENTRICULAR_SYSTEM_DEVELOPMENT,-2.15193939026415,0.110329177263751,-0.505084268097422,0.821625607393633,TRUE,0.818141553614779
REACTOME_COOPERATION_OF_PREFOLDIN_AND_TRIC_CCT_IN_ACTIN_AND_TUBULIN_FOLDING,1.18167139566577,0.429551262366468,0.625512414848823,0.770527500779537,TRUE,0.818013224731359
REACTOME_ESR_MEDIATED_SIGNALING,-1.19259295905511,0.424731121540291,-0.622366412943602,0.771724006738814,TRUE,0.817902387767004
GOBP_REGULATION_OF_GLUCOSE_METABOLIC_PROCESS,-3.22966369592907,0.0119623296879216,-0.465358710124291,0.839012406616971,TRUE,0.81350095696881
GOBP_LATE_ENDOSOME_TO_LYSOSOME_TRANSPORT,-0.817256895006606,0.607170600288673,-0.809338723861379,0.698924286110122,TRUE,0.813278536839883
GOBP_MESODERM_MORPHOGENESIS,-0.817589346207162,0.607064917332165,-0.806098023521983,0.701585499574926,TRUE,0.811803021095328
GOBP_POSITIVE_REGULATION_OF_TELOMERASE_ACTIVITY,-2.13627705857331,0.112852387381326,-0.501028120062442,0.823357410054085,TRUE,0.811688300057243
GOBP_POSITIVE_REGULATION_OF_APOPTOTIC_SIGNALING_PATHWAY,0.568866234088075,0.733937972330509,1.41040833530649,0.455056337655571,TRUE,0.810735095209815
REACTOME_O_GLYCOSYLATION_OF_TSR_DOMAIN_CONTAINING_PROTEINS,3.25876233788885,0.0111229697756929,0.462569021094137,0.839986989049558,TRUE,0.810141510767077
REACTOME_DECTIN_2_FAMILY,0.926340413141165,0.55243234277208,0.71772989082376,0.738372144383806,TRUE,0.808800210047014
KEGG_GLUTATHIONE_METABOLISM,0.47373872163182,0.785395850266953,2.73477596885581,0.125726752258335,TRUE,0.807581947669545
REACTOME_RHOU_GTPASE_CYCLE,-0.531408663831351,0.753394423838764,-1.68005879220156,0.364961793885517,TRUE,0.807425671570595
KEGG_COLORECTAL_CANCER,-0.627771667019791,0.704090926527843,-1.12871679596734,0.567306978797661,TRUE,0.806810223384707
GOBP_ERAD_PATHWAY,-0.751208232366557,0.640500808561813,-0.871199854421278,0.676184256139367,TRUE,0.806766815337495
GOBP_PROTEIN_LOCALIZATION_TO_PLASMA_MEMBRANE,1.1261447013751,0.453984112914314,0.627175692541181,0.770227528359249,TRUE,0.805660603090245
GOBP_AORTIC_VALVE_MORPHOGENESIS,0.529248477563009,0.754250868890229,1.68058241689611,0.364932252642344,TRUE,0.804989818715635
GOBP_PROTEIN_KINASE_A_SIGNALING,-2.20193297327874,0.100758878062146,-0.491864441342326,0.827488017585329,TRUE,0.804108375705265
GOBP_NEGATIVE_REGULATION_OF_PEPTIDYL_SERINE_PHOSPHORYLATION,-2.33539882501089,0.0792134322682649,-0.485217524574281,0.829588998780661,TRUE,0.803495616787533
GOBP_NUCLEIC_ACID_PHOSPHODIESTER_BOND_HYDROLYSIS,-1.31358036408034,0.37340615222291,-0.577631589390788,0.789902326838739,TRUE,0.802411926493611
GOBP_NEUROTRANSMITTER_SECRETION,1.01616568751993,0.506957852483586,0.661902826821948,0.75740495097406,TRUE,0.801639426924948
GOBP_NEGATIVE_REGULATION_OF_CELL_MIGRATION_INVOLVED_IN_SPROUTING_ANGIOGENESIS,-1.08991880771875,0.46923571677435,-0.633338864642722,0.767820523168203,TRUE,0.801143034271136
GOBP_POSITIVE_REGULATION_OF_CALCIUM_ION_TRANSPORT_INTO_CYTOSOL,-1.45002203475861,0.315420454949445,-0.553294555593,0.801312692034927,TRUE,0.800961067447666
GOBP_REGULATION_OF_NEURON_DIFFERENTIATION,1.6028409137517,0.258008762641378,0.533860123718014,0.809074303286167,TRUE,0.800947660444898
REACTOME_BLOOD_GROUP_SYSTEMS_BIOSYNTHESIS,-2.11409859455099,0.116727111155532,-0.493788650096719,0.826675780743531,TRUE,0.800585142871638
GOBP_ORGANIC_HYDROXY_COMPOUND_BIOSYNTHETIC_PROCESS,1.14258306138936,0.445739233334696,0.615736905511683,0.774745766642116,TRUE,0.800230415115959
REACTOME_SIGNALING_BY_FGFR,0.587072341480306,0.726039519709276,1.24789017991531,0.514621603147889,TRUE,0.798492395665899
GOBP_KERATINIZATION,0.834067272994049,0.59897772594901,0.762032847682469,0.720850690068476,TRUE,0.796424548767039
REACTOME_ROS_AND_RNS_PRODUCTION_IN_PHAGOCYTES,1.76959931659538,0.204876609831203,0.513709092751791,0.818580142009996,TRUE,0.796264977381934
GOBP_REGULATION_OF_REGULATED_SECRETORY_PATHWAY,1.25224534318927,0.400948569152125,0.582619375652345,0.787584960712562,TRUE,0.795243804647448
GOBP_CELL_CELL_ADHESION_MEDIATED_BY_INTEGRIN,0.682828908033628,0.675852303562733,0.948222040332266,0.646270131900035,TRUE,0.793934022750407
GOBP_ENDOTHELIAL_CELL_CHEMOTAXIS,0.898413586553385,0.566276784540825,0.710309990816623,0.73981938164701,TRUE,0.793364572249927
GOBP_ENDOCRINE_PROCESS,0.725246001939222,0.652050432129531,0.875420455822689,0.673749161153002,TRUE,0.79328854868233
GOBP_ORGANIC_ACID_CATABOLIC_PROCESS,-3.59024791818814,0.00486012039146229,-0.445689856881412,0.848224164680208,TRUE,0.79294437625391
GOBP_POSITIVE_REGULATION_OF_VASCULATURE_DEVELOPMENT,0.600792134322456,0.717766727705501,1.16520500265921,0.548055732513721,TRUE,0.792805362830096
GOBP_MATURATION_OF_SSU_RRNA_FROM_TRICISTRONIC_RRNA_TRANSCRIPT_SSU_RRNA_5_8S_RRNA_LSU_RRNA,-1.16081211371667,0.438089891628171,-0.601519079766867,0.781548450913779,TRUE,0.79241704057326
GOBP_POSITIVE_REGULATION_OF_NITRIC_OXIDE_SYNTHASE_BIOSYNTHETIC_PROCESS,1.13390627522165,0.450114897473269,0.608403254153626,0.777806805018007,TRUE,0.791905520940853
GOBP_HEMOGLOBIN_METABOLIC_PROCESS,0.746812869351494,0.641934794107029,0.842431982007888,0.686615536936202,TRUE,0.791745897655273
GOBP_DEOXYRIBOSE_PHOSPHATE_METABOLIC_PROCESS,-0.55097240809212,0.742974245105336,-1.39998656162525,0.45856996797743,TRUE,0.790743402734928
GOBP_PROTEIN_DEMANNOSYLATION,-0.863019492268128,0.584688307593271,-0.729507353749852,0.731967597131435,TRUE,0.790666816843042
GOBP_ENDOSOME_ORGANIZATION,-0.61897779012175,0.708838599833987,-1.08195189131148,0.589315527902933,TRUE,0.787456645635961
REACTOME_TRANSPORT_OF_INORGANIC_CATIONS_ANIONS_AND_AMINO_ACIDS_OLIGOPEPTIDES,0.792228384168622,0.619366153315217,0.78220846676402,0.712043777529986,TRUE,0.787186541448637
GOBP_VASOCONSTRICTION,1.12450279077933,0.454128543974759,0.60249499425143,0.781467543047044,TRUE,0.784607031159848
GOBP_TOLL_LIKE_RECEPTOR_SIGNALING_PATHWAY,0.503331236862495,0.769266579048923,1.77708302211417,0.334234284827513,TRUE,0.784472726397926
GOBP_ANOIKIS,0.644293845309111,0.697889582631948,0.998297934817782,0.62551733438308,TRUE,0.783149195033966
GOBP_MATURATION_OF_SSU_RRNA,-0.87765125513345,0.577392651927835,-0.703434922739178,0.742185504544958,TRUE,0.780944835881648
GOBP_REGULATION_OF_HIPPO_SIGNALING,1.66254414707215,0.238252183054788,0.510284835738692,0.818892208224968,TRUE,0.780890786811538
GOBP_TRNA_PROCESSING,-0.626991000587009,0.704588647883823,-1.03415752527111,0.608903401093867,TRUE,0.780673674197031
GOBP_METANEPHRIC_TUBULE_DEVELOPMENT,0.733644633048965,0.648759083869108,0.833270617061716,0.689614713904278,TRUE,0.780290466943309
GOBP_POSITIVE_REGULATION_OF_MYELOID_CELL_DIFFERENTIATION,-1.98015195500378,0.145719623264146,-0.484345085096021,0.829977769576836,TRUE,0.778314480840699
GOBP_ACTIVATION_OF_PROTEIN_KINASE_ACTIVITY,-0.765949076844246,0.632515309468403,-0.790460088350515,0.70889866592983,TRUE,0.778011577538526
GOBP_CHONDROITIN_SULFATE_PROTEOGLYCAN_BIOSYNTHETIC_PROCESS,1.60109205499877,0.258399495303485,0.513785658923184,0.818580142009996,TRUE,0.777934469741711
GOBP_TONGUE_DEVELOPMENT,-0.525016779912717,0.756331643292293,-1.50064097595027,0.423342324808081,TRUE,0.777882335471657
GOBP_RETINA_DEVELOPMENT_IN_CAMERA_TYPE_EYE,-0.529637568582909,0.754250868890229,-1.46385336616977,0.438292665427179,TRUE,0.777843253865864
GOBP_MRNA_METHYLATION,-0.918366398223446,0.556325362532231,-0.674302836302138,0.753966918005202,TRUE,0.777634242769949
GOBP_NEGATIVE_REGULATION_OF_INTRINSIC_APOPTOTIC_SIGNALING_PATHWAY_BY_P53_CLASS_MEDIATOR,-0.576525851327329,0.73017685808483,-1.19060529238335,0.539312157194316,TRUE,0.776869031174198
GOBP_GENITALIA_DEVELOPMENT,0.683841533681713,0.675208262035441,0.897378282357498,0.666187230435036,TRUE,0.776191310879442
GOBP_RENAL_TUBULE_DEVELOPMENT,0.884872560729822,0.573470818060493,0.690909926991155,0.747532505540779,TRUE,0.77595384019596
GOBP_NEGATIVE_REGULATION_OF_NF_KAPPAB_TRANSCRIPTION_FACTOR_ACTIVITY,-1.94580797510872,0.154792929136155,-0.483816380041812,0.829977769576836,TRUE,0.774945944855959
GOBP_PROTEIN_KINASE_C_ACTIVATING_G_PROTEIN_COUPLED_RECEPTOR_SIGNALING_PATHWAY,-0.760974385257733,0.63533591625583,-0.788855712851099,0.709512359177224,TRUE,0.774664257554975
GOBP_RESPONSE_TO_ETHANOL,2.12049312289145,0.115434397399289,0.4727436019848,0.834234417301665,TRUE,0.773126145626013
GOBP_REGULATION_OF_BRANCHING_INVOLVED_IN_URETERIC_BUD_MORPHOGENESIS,0.519415534448408,0.75978051351781,1.51035064077581,0.419393514573453,TRUE,0.772995032490777
GOBP_REGULATION_OF_ACTIN_FILAMENT_LENGTH,1.09839196399706,0.46565818536613,0.596324540549408,0.782772488905937,TRUE,0.77298838067196
REACTOME_SENESCENCE_ASSOCIATED_SECRETORY_PHENOTYPE_SASP,-1.51078982236587,0.291017495573098,-0.518421174014349,0.816575943996736,TRUE,0.771950708720769
GOBP_REGULATION_OF_ERAD_PATHWAY,-1.49467767456586,0.297945866560563,-0.520215303781923,0.815529059424266,TRUE,0.771806948444412
GOBP_NUCLEAR_MEMBRANE_REASSEMBLY,0.482217870137935,0.78047037648689,1.90200080457163,0.295700412668817,TRUE,0.769374711061599
REACTOME_METABOLISM_OF_STEROID_HORMONES,0.692343383512633,0.671584759205186,0.865427522282835,0.678092852640034,TRUE,0.769269751711389
GOBP_OLIGODENDROCYTE_DEVELOPMENT,0.485941074771538,0.77831944493894,1.82326603770205,0.320309830064021,TRUE,0.767362834775185
GOBP_CELLULAR_RESPONSE_TO_TOPOLOGICALLY_INCORRECT_PROTEIN,-1.94156999245587,0.155778647996513,-0.477723085104535,0.831844991985843,TRUE,0.766780027889571
REACTOME_AFLATOXIN_ACTIVATION_AND_DETOXIFICATION,0.519139806276149,0.75978051351781,1.45942974169569,0.438923663691274,TRUE,0.765854376111457
GOBP_REGULATION_OF_VOLTAGE_GATED_CALCIUM_CHANNEL_ACTIVITY,-4.60917082905552,0.000192743307424588,-0.416978743632554,0.858450203586381,TRUE,0.764770818572957
REACTOME_ABERRANT_REGULATION_OF_MITOTIC_EXIT_IN_CANCER_DUE_TO_RB1_DEFECTS,-1.63223037980594,0.247748161959158,-0.498932833963567,0.824514360463647,TRUE,0.76425242685902
REACTOME_DETOXIFICATION_OF_REACTIVE_OXYGEN_SPECIES,0.472765404280859,0.785785011105084,1.94631924019836,0.286860070586341,TRUE,0.760744279495919
GOBP_PROTEIN_O_LINKED_GLYCOSYLATION,3.85885072436908,0.00226479444804809,0.421898038866973,0.856550726414666,TRUE,0.760634011915704
GOBP_RESPONSE_TO_CORTICOSTERONE,-1.92131361633933,0.160096670134259,-0.47304864368634,0.834162024143085,TRUE,0.75917902272288
GOBP_NEGATIVE_REGULATION_OF_GLYCOPROTEIN_METABOLIC_PROCESS,0.505203849384608,0.768860094699603,1.52280528701649,0.415665949118183,TRUE,0.758701801737649
GOBP_POSITIVE_REGULATION_OF_DNA_BINDING,0.762299086386577,0.634791572184762,0.754511127345114,0.724025529868281,TRUE,0.758385113492422
GOBP_GANGLIOSIDE_BIOSYNTHETIC_PROCESS,2.79599157706974,0.0313189932502103,0.438180479607315,0.849571662212028,TRUE,0.757627552738929
REACTOME_SIGNALING_BY_FGFR2_IIIA_TM,0.466963782358588,0.788993750397249,1.99925652146462,0.270185599865827,TRUE,0.757094072837635
GOBP_REGULATION_OF_HEART_RATE,1.38572386981069,0.343286479594723,0.520261175347371,0.815529059424266,TRUE,0.756499460524183
GOBP_POSITIVE_REGULATION_OF_REGULATED_SECRETORY_PATHWAY,0.546922563311782,0.745452694972878,1.2170584411778,0.526750943018723,TRUE,0.7546982883093
KEGG_HEDGEHOG_SIGNALING_PATHWAY,3.45840545429861,0.00695536591846781,0.422627444174328,0.856550726414666,TRUE,0.753210341836513
REACTOME_SPHINGOLIPID_METABOLISM,2.48429170713687,0.0601676329359527,0.443745800499419,0.848759033895615,TRUE,0.752991728680037
GOBP_TRANSCRIPTION_BY_RNA_POLYMERASE_I,0.661738872120385,0.687623019254747,0.872702678818824,0.67543456112254,TRUE,0.752718519678416
GOBP_NEURON_APOPTOTIC_PROCESS,0.503751510000751,0.769266579048923,1.4821734798867,0.431518049154634,TRUE,0.751938902403668
GOBP_T_HELPER_1_TYPE_IMMUNE_RESPONSE,0.421015141524586,0.810855310701829,3.50961692921698,0.0609188915389984,TRUE,0.751839318235961
GOBP_POSITIVE_REGULATION_OF_TELOMERE_CAPPING,-0.63001756278111,0.70325555596463,-0.929808838753187,0.654043978383346,TRUE,0.751103966271386
GOBP_REGULATION_OF_VIRAL_TRANSCRIPTION,-0.518913628990662,0.759790604699818,-1.35179929906967,0.479493683784056,TRUE,0.749946257841494
GOBP_SOMITE_DEVELOPMENT,-0.676673228297751,0.679180056554367,-0.836484010473231,0.688358411271711,TRUE,0.748139481189819
GOBP_REGULATION_OF_SYSTEMIC_ARTERIAL_BLOOD_PRESSURE,0.852477861990915,0.589937405563257,0.665156167028056,0.757351389893024,TRUE,0.747256448281789
GOBP_NEGATIVE_REGULATION_OF_APOPTOTIC_SIGNALING_PATHWAY,0.745660664201076,0.642324583000301,0.748186587630851,0.727182728499097,TRUE,0.746921490393351
GOBP_POSITIVE_REGULATION_OF_SECRETION,0.736961870822908,0.646906449816421,0.756473076268827,0.723518641479998,TRUE,0.746590020007066
GOBP_REGULATION_OF_INFLAMMATORY_RESPONSE_TO_ANTIGENIC_STIMULUS,-0.788006993243872,0.621163410026175,-0.707858339858077,0.740680875577449,TRUE,0.745785479067782
GOBP_TRNA_METHYLATION,-0.609255782859488,0.713561245083984,-0.960446257442318,0.642630870836568,TRUE,0.745564981695478
REACTOME_ORGANELLE_BIOGENESIS_AND_MAINTENANCE,-0.91741243435108,0.556325362532231,-0.626479917054727,0.770227528359249,TRUE,0.744534378001036
GOBP_POSITIVE_REGULATION_OF_IMMUNOGLOBULIN_PRODUCTION,-2.42921912711493,0.0664773857697101,-0.438497897861828,0.849571662212028,TRUE,0.742895809738602
GOBP_ENDOCHONDRAL_BONE_MORPHOGENESIS,0.529457381832168,0.754250868890229,1.24451157139447,0.515313431489154,TRUE,0.742871894180407
REACTOME_JNK_C_JUN_KINASES_PHOSPHORYLATION_AND_ACTIVATION_MEDIATED_BY_ACTIVATED_HUMAN_TAK1,0.596415895492023,0.720490433560161,0.979929868947556,0.634597928872718,TRUE,0.741519739504002
REACTOME_TP53_REGULATES_TRANSCRIPTION_OF_CELL_CYCLE_GENES,-0.478198906475568,0.782881488293016,-1.64934035655925,0.374992062914067,TRUE,0.741431914903982
GOBP_TRANSPORT_OF_VIRUS,-0.439007384078285,0.802670764820042,-2.37817083191952,0.188055732535739,TRUE,0.741191700179667
GOBP_NEURONAL_ACTION_POTENTIAL,-0.565124881783412,0.735373399003052,-1.07166462972063,0.594357879926266,TRUE,0.740014941354101
GOBP_CARDIOBLAST_DIFFERENTIATION,-1.92049807893514,0.160215522549155,-0.457570503540342,0.842242892352197,TRUE,0.739056290892881
GOBP_SNRNA_TRANSCRIPTION,-5.58669594616136,5.41652321199433e-06,-0.395547030676515,0.865241765812443,TRUE,0.738786773239597
GOBP_RHYTHMIC_PROCESS,-1.37885151293666,0.34571459405675,-0.504551369786232,0.821788203174636,TRUE,0.738770685726268
GOBP_POSITIVE_REGULATION_OF_CELL_MATRIX_ADHESION,-0.729007325935707,0.650778271240744,-0.744819080660682,0.727208221617223,TRUE,0.736828386122182
GOBP_ELECTRON_TRANSPORT_CHAIN,1.08639314376427,0.470611634255552,0.557422391668251,0.800508319304395,TRUE,0.736797835810365
GOBP_REGULATION_OF_SYNAPTIC_VESICLE_EXOCYTOSIS,0.650597071979825,0.694766638226248,0.84564678848854,0.685978191504829,TRUE,0.735408630980202
REACTOME_DEFECTIVE_INTRINSIC_PATHWAY_FOR_APOPTOSIS,3.46700133892685,0.00686054413344349,0.410825690626495,0.859617940279048,TRUE,0.734603791562959
GOBP_REGULATION_OF_LEUKOCYTE_CHEMOTAXIS,0.460726592992718,0.792254934856472,1.80260658734015,0.325838043121474,TRUE,0.733881161384569
REACTOME_INTERLEUKIN_7_SIGNALING,-3.34054309390752,0.00925875498395388,-0.412050856344883,0.859523965729062,TRUE,0.733611821981963
REACTOME_SYNAPTIC_ADHESION_LIKE_MOLECULES,0.626125009338349,0.70516072617037,0.885469758936271,0.67108065017079,TRUE,0.733549457458924
KEGG_EPITHELIAL_CELL_SIGNALING_IN_HELICOBACTER_PYLORI_INFECTION,0.527474309759376,0.755065742924781,1.19720169277847,0.536641099155506,TRUE,0.732303500033447
GOBP_SPERMATID_DIFFERENTIATION,-4.13545833863951,0.000975410261905709,-0.401665731289926,0.86154809204321,TRUE,0.732213566218169
GOBP_MITOCHONDRIAL_GENE_EXPRESSION,-1.53329510234498,0.282421454285253,-0.48059349153712,0.831148473694827,TRUE,0.731809742635526
GOBP_LONG_TERM_SYNAPTIC_DEPRESSION,-0.55242266447109,0.742441567424757,-1.08315623041082,0.589315527902933,TRUE,0.731679838513945
GOBP_REGULATION_OF_GLUCOSE_IMPORT,-1.39822203989438,0.338902077620415,-0.495201032078101,0.826419457746056,TRUE,0.731374839019716
GOBP_CHROMATIN_DISASSEMBLY,0.417943413348649,0.812480097299328,2.91140346600644,0.108776512986925,TRUE,0.730955317250403
GOBP_PROTEIN_EXIT_FROM_ENDOPLASMIC_RETICULUM,2.35462772916588,0.0764363496553256,0.432027103701294,0.85180536239334,TRUE,0.730096161267044
GOBP_CELLULAR_RESPONSE_TO_UNFOLDED_PROTEIN,-1.97390657077032,0.147091086314633,-0.44673486653474,0.847674871598415,TRUE,0.728577867713329
KEGG_PRIMARY_BILE_ACID_BIOSYNTHESIS,0.920590443784812,0.555563334587539,0.602192176627769,0.781538080593652,TRUE,0.728104400055864
REACTOME_TRANSCRIPTION_OF_E2F_TARGETS_UNDER_NEGATIVE_CONTROL_BY_DREAM_COMPLEX,-0.499392493039723,0.77135431015464,-1.32932270789465,0.484901254977562,TRUE,0.726032988417914
GOBP_PROTEIN_LOCALIZATION_TO_VACUOLE,2.1645101659479,0.108040995566715,0.436084145987918,0.849729559636424,TRUE,0.725917581890683
GOBP_POSITIVE_REGULATION_OF_INTERLEUKIN_1_PRODUCTION,0.490211944753937,0.775686444186526,1.39746225253267,0.459201021139592,TRUE,0.725816657894641
REACTOME_GLOBAL_GENOME_NUCLEOTIDE_EXCISION_REPAIR_GG_NER,-2.14456967838791,0.111259310249551,-0.436257566521271,0.849729559636424,TRUE,0.725027024551376
GOBP_PROTEIN_K11_LINKED_UBIQUITINATION,-1.48592774817005,0.300445644818456,-0.477657304165602,0.831844991985843,TRUE,0.722926915268087
GOBP_TRABECULA_MORPHOGENESIS,2.48004045261875,0.0605560559000934,0.422299944137548,0.856550726414666,TRUE,0.721707864294802
GOBP_CLEAVAGE_INVOLVED_IN_RRNA_PROCESSING,-0.466889838444568,0.788993750397249,-1.58317193367199,0.398399264635893,TRUE,0.721116698428991
GOBP_NEGATIVE_REGULATION_OF_MYELOID_CELL_DIFFERENTIATION,-0.575393304686014,0.730752010342134,-0.962671052239128,0.641685314554497,TRUE,0.720274773392195
HALLMARK_KRAS_SIGNALING_UP,1.06832846982015,0.4803041738309,0.543058088552227,0.805151736866248,TRUE,0.72008099329371
GOBP_HORMONE_METABOLIC_PROCESS,3.05507820737989,0.0180055688930276,0.407349044862352,0.861203015975282,TRUE,0.718850158627921
GOBP_PEPTIDYL_L_CYSTEINE_S_PALMITOYLATION,0.720146129782166,0.654820328628922,0.717464567755127,0.738372144383806,TRUE,0.71880284782214
GOBP_MEMBRANE_FUSION,1.21503347944997,0.416081612621721,0.510193285503601,0.818892208224968,TRUE,0.718632397166799
GOBP_NEGATIVE_REGULATION_OF_RESPONSE_TO_WOUNDING,3.81268602790339,0.00261182915584902,0.396372051530139,0.864956636689573,TRUE,0.71809043933352
REACTOME_SIGNALING_BY_NODAL,0.424842565287016,0.809070022264432,2.31000412154604,0.201464678729722,TRUE,0.717691475391363
GOBP_RESPONSE_TO_COCAINE,0.456971891334953,0.794239269105066,1.66675248480442,0.368203160795938,TRUE,0.717286144968487
GOBP_POSITIVE_REGULATION_OF_DIGESTIVE_SYSTEM_PROCESS,0.431819406120685,0.806155278250919,2.10640260834071,0.249067038174292,TRUE,0.716710766987622
GOBP_BARBED_END_ACTIN_FILAMENT_CAPPING,1.19706273037408,0.422566899449133,0.510985811964259,0.818892208224968,TRUE,0.71623499694564
REACTOME_ESTROGEN_DEPENDENT_NUCLEAR_EVENTS_DOWNSTREAM_OF_ESR_MEMBRANE_SIGNALING,0.465110988296864,0.789889061114976,1.55593690636867,0.405650006167262,TRUE,0.716146662490114
GOBP_VENTRICULAR_SEPTUM_DEVELOPMENT,-0.70912340191726,0.662061889684651,-0.722605473185098,0.735708526592204,TRUE,0.715800959664817
GOBP_REGULATION_OF_EXOCYTOSIS,0.74437450275159,0.642956122622172,0.687481860966935,0.749044364960704,TRUE,0.71479791042588
GOBP_REGULATORY_T_CELL_DIFFERENTIATION,-2.2956281706162,0.0849858604620877,-0.422465798040217,0.856550726414666,TRUE,0.713606224278089
GOBP_TRICARBOXYLIC_ACID_CYCLE,1.6614279314319,0.238625976970098,0.454291965360418,0.844241304185725,TRUE,0.713490818344354
GOBP_MALE_SEX_DIFFERENTIATION,-1.40306317633991,0.336754280584567,-0.477701667499423,0.831844991985843,TRUE,0.712737289980808
GOBP_SULFATE_TRANSPORT,2.19622711428136,0.101537663913209,0.424261092316181,0.856444706561541,TRUE,0.711145130997742
GOBP_ENDONUCLEOLYTIC_CLEAVAGE_INVOLVED_IN_RRNA_PROCESSING,-0.480589431535326,0.781302790259843,-1.36119530513061,0.476390030065619,TRUE,0.710371917931611
REACTOME_SIGNALING_BY_WNT_IN_CANCER,-0.621687075312852,0.707570429532226,-0.827204956277102,0.691138310241183,TRUE,0.709870188723278
GOBP_REGULATION_OF_LYASE_ACTIVITY,0.708058609718472,0.662263048891628,0.711110562318109,0.73981938164701,TRUE,0.709581304374758
GOBP_NEPHRON_MORPHOGENESIS,0.44266854876528,0.80142886317391,1.78685153619496,0.331519370652321,TRUE,0.70955447472503
GOBP_CHROMATIN_REMODELING,-4.02231062593501,0.00138662053739882,-0.388992490145025,0.866927583323062,TRUE,0.709381597839339
GOBP_GLYCOSYL_COMPOUND_BIOSYNTHETIC_PROCESS,-0.588160843032713,0.725875073051904,-0.89312908769436,0.668359612214337,TRUE,0.709251506080938
GOBP_REPLACEMENT_OSSIFICATION,0.427816177269245,0.807781784936849,2.07190608393183,0.254649572126265,TRUE,0.709194740749086
GOBP_REGULATION_OF_CHOLESTEROL_BIOSYNTHETIC_PROCESS,0.528509069559878,0.754538750471096,1.07319254904271,0.594132675241379,TRUE,0.708236776395351
GOBP_LACTATION,-0.877591368727352,0.577392651927835,-0.593456579114667,0.783386366766628,TRUE,0.708083475198083
GOBP_REGULATION_OF_PHOSPHATIDYLINOSITOL_3_KINASE_SIGNALING,-0.66100091313078,0.688073674576104,-0.759898008044106,0.72160101992432,TRUE,0.707007753638222
GOBP_CEREBRAL_CORTEX_NEURON_DIFFERENTIATION,-2.19538643851095,0.101664345901101,-0.421095277644046,0.856848951109353,TRUE,0.706648822464753
REACTOME_HEME_SIGNALING,-3.74013254159065,0.00311519996377043,-0.389773481163485,0.866927583323062,TRUE,0.705974650617568
GOBP_SPHINGOMYELIN_METABOLIC_PROCESS,1.12524563372205,0.453984112914314,0.512930878132871,0.818743135893211,TRUE,0.704653285947424
GOBP_POSITIVE_REGULATION_OF_ION_TRANSPORT,0.653115095955789,0.692939228263669,0.761602471262659,0.721038983947709,TRUE,0.703199115674897
REACTOME_PROTEIN_LOCALIZATION,-0.887111865820515,0.572623734371318,-0.582160527207623,0.787584960712562,TRUE,0.702989471453737
GOBP_POSITIVE_REGULATION_OF_TOLL_LIKE_RECEPTOR_SIGNALING_PATHWAY,2.50978413831303,0.0573823670640345,0.408657399310408,0.86076367149363,TRUE,0.702869559366759
GOBP_POSITIVE_REGULATION_OF_MORPHOGENESIS_OF_AN_EPITHELIUM,0.406030546585036,0.817365901362193,2.57705203369947,0.148199359551676,TRUE,0.701530593042637
GOBP_MATURE_B_CELL_DIFFERENTIATION,-1.42003158451032,0.329431169823208,-0.465791018396908,0.839012406616971,TRUE,0.701484812924767
GOBP_REGULATION_OF_POSTSYNAPTIC_MEMBRANE_POTENTIAL,0.429887251164736,0.807233051486641,1.9050087068661,0.294902107452341,TRUE,0.701477899794917
KEGG_PANTOTHENATE_AND_COA_BIOSYNTHESIS,-0.481426939062596,0.780790958231476,-1.28782405090972,0.501236308682432,TRUE,0.70085385781286
GOBP_INTERLEUKIN_1_MEDIATED_SIGNALING_PATHWAY,-0.524989473688411,0.756331643292293,-1.04580349850838,0.604160611535422,TRUE,0.69905562092702
KEGG_THYROID_CANCER,0.492641038210186,0.774512308541187,1.19796631737954,0.536192200684377,TRUE,0.698172013014606
REACTOME_ION_TRANSPORT_BY_P_TYPE_ATPASES,-0.479128872305545,0.782250529067297,-1.28528828802945,0.502683731926476,TRUE,0.698042097838309
GOBP_HISTONE_MRNA_METABOLIC_PROCESS,-0.386080249956305,0.827528108843229,-3.58493981281338,0.0609188915389984,TRUE,0.697087618360681
REACTOME_SIGNALING_BY_ERBB2_IN_CANCER,-0.509632656023561,0.765898177658443,-1.10066981916467,0.580550425633728,TRUE,0.696685612782524
GOBP_VITAMIN_TRANSMEMBRANE_TRANSPORT,0.919687963766981,0.555986073615714,0.560609944226022,0.799114173916628,TRUE,0.696597914904556
GOBP_OLIGOPEPTIDE_TRANSPORT,0.662787478912307,0.687074915618129,0.733589353704331,0.730803754559561,TRUE,0.696393447587493
GOBP_PINOCYTOSIS,0.395160455066123,0.821662824627111,2.91693501118948,0.108776512986925,TRUE,0.69602907172422
KEGG_PPAR_SIGNALING_PATHWAY,-0.678652271615143,0.678118413212828,-0.712483940213742,0.73981938164701,TRUE,0.695156722115202
GOBP_REGULATION_OF_NUCLEAR_DIVISION,1.52711323053405,0.284578897124038,0.44948359462121,0.846601076727765,TRUE,0.694539559629351
GOBP_POSITIVE_REGULATION_OF_PROTEIN_MODIFICATION_BY_SMALL_PROTEIN_CONJUGATION_OR_REMOVAL,-0.477800242660767,0.783044462394481,-1.25991310527952,0.511505163072338,TRUE,0.692849356480539
GOBP_REGULATION_OF_MACROPHAGE_DIFFERENTIATION,0.967524060492307,0.531074411902046,0.539561641395749,0.806088603713772,TRUE,0.692779275279576
GOBP_MESENCHYMAL_CELL_APOPTOTIC_PROCESS,-0.622272498273439,0.707242447592999,-0.778429211736043,0.714123357285956,TRUE,0.691646318205369
GOBP_RESPONSE_TO_INCREASED_OXYGEN_LEVELS,0.403615202262541,0.818422408926536,2.40866169336944,0.18073225128419,TRUE,0.691377494201454
GOBP_POSITIVE_REGULATION_OF_RHO_PROTEIN_SIGNAL_TRANSDUCTION,0.551382253423457,0.742974245105336,0.923229183964143,0.657017822979142,TRUE,0.690422134229852
GOBP_RETROGRADE_AXONAL_TRANSPORT,2.94643540460909,0.0229251417876776,0.390911448908208,0.866927583323062,TRUE,0.690246104875962
GOBP_G_PROTEIN_COUPLED_RECEPTOR_SIGNALING_PATHWAY_COUPLED_TO_CYCLIC_NUCLEOTIDE_SECOND_MESSENGER,0.450357735484526,0.797407547718175,1.47418585834239,0.43426409042764,TRUE,0.689941248383175
GOBP_DOUBLE_STRAND_BREAK_REPAIR,-0.417073440044964,0.813054967473635,-1.97594589254126,0.278552265278294,TRUE,0.688765476753796
GOBP_REGULATION_OF_MITOTIC_NUCLEAR_DIVISION,1.11379370424389,0.458281084085027,0.497668487300275,0.825385512807066,TRUE,0.687946674596783
GOBP_REGULATION_OF_ANOIKIS,0.429443231903732,0.807233051486641,1.71252891087501,0.357212262754509,TRUE,0.686688622626695
GOBP_POSITIVE_REGULATION_OF_GLYCOGEN_METABOLIC_PROCESS,-3.21733939212003,0.0122633244911008,-0.38419879276372,0.868579661334171,TRUE,0.68642776886375
GOBP_REGULATION_OF_TUBE_SIZE,0.601140690742506,0.717766727705501,0.799757164750383,0.704062674219277,TRUE,0.686369206090563
GOBP_EAR_MORPHOGENESIS,-1.97956407852745,0.145748542315202,-0.415027773403541,0.859110111515906,TRUE,0.686191319959905
GOBP_RESPIRATORY_GASEOUS_EXCHANGE_BY_RESPIRATORY_SYSTEM,0.949163849685428,0.540025865818955,0.536920982724103,0.807392731554116,TRUE,0.68586392354599
GOBP_CELLULAR_MONOVALENT_INORGANIC_CATION_HOMEOSTASIS,2.26297053015958,0.0903559898719964,0.403921430719432,0.861402652606899,TRUE,0.685488806915667
GOBP_NEGATIVE_REGULATION_OF_CYTOKINE_PRODUCTION_INVOLVED_IN_INFLAMMATORY_RESPONSE,0.385503836492119,0.82765286714674,3.07355103696203,0.0923325419483572,TRUE,0.685080612913207
GOBP_LEARNING,0.759413553663047,0.636311214034126,0.621334516067134,0.772466467369317,TRUE,0.683469871447668
REACTOME_GLYCOSAMINOGLYCAN_METABOLISM,3.43593391507719,0.0073090425700201,0.378747475386797,0.868579661334171,TRUE,0.682285707626593
GOBP_GLUTAMATE_METABOLIC_PROCESS,-0.554714604273682,0.74135599688584,-0.885096650355163,0.67108065017079,TRUE,0.682000556069122
GOBP_DE_NOVO_PROTEIN_FOLDING,-0.419378606471831,0.811787727678152,-1.8177684414007,0.322046457718154,TRUE,0.681522653209638
GOBP_POSITIVE_REGULATION_OF_OXIDATIVE_STRESS_INDUCED_CELL_DEATH,-1.60365007066062,0.258008762641378,-0.432604861736505,0.851480273313305,TRUE,0.681394854891945
GOBP_DNA_DAMAGE_RESPONSE_SIGNAL_TRANSDUCTION_BY_P53_CLASS_MEDIATOR_RESULTING_IN_CELL_CYCLE_ARREST,-4.00556751296399,0.0014414581036122,-0.372328003640572,0.870161097551419,TRUE,0.681325056704922
GOBP_POLY_A_PLUS_MRNA_EXPORT_FROM_NUCLEUS,-1.52863601685217,0.284104961131005,-0.438078550096681,0.849571662212028,TRUE,0.680996277896161
GOBP_INTERLEUKIN_10_PRODUCTION,-0.62015476339221,0.70835931415277,-0.751879329070474,0.725362102036887,TRUE,0.679693820992827
GOBP_REGULATION_OF_GENE_EXPRESSION_BY_GENOMIC_IMPRINTING,-1.3857884977048,0.343286479594723,-0.449605320558948,0.846601076727765,TRUE,0.678936450082273
GOBP_CELLULAR_EXTRAVASATION,0.770874707512373,0.630495104771349,0.605990457830399,0.779447480749,TRUE,0.678559860026675
REACTOME_ACYL_CHAIN_REMODELLING_OF_PC,0.565810421054059,0.735080247652794,0.847375788988558,0.685978191504829,TRUE,0.678543349137511
KEGG_CALCIUM_SIGNALING_PATHWAY,0.599429094600397,0.718590905351438,0.773040938785097,0.71629546495641,TRUE,0.675254422687768
GOBP_INNER_EAR_RECEPTOR_CELL_DEVELOPMENT,-2.76787819676306,0.0331265279987434,-0.384404638645315,0.868579661334171,TRUE,0.67505694989651
GOBP_REGULATION_OF_INTRACELLULAR_STEROID_HORMONE_RECEPTOR_SIGNALING_PATHWAY,-2.06463206934601,0.126001161253848,-0.403026599052047,0.861402652606899,TRUE,0.67440578541804
KEGG_PARKINSONS_DISEASE,0.450981334505203,0.797078797342316,1.33085670645151,0.484311907036073,TRUE,0.673676865927101
GOBP_RESPONSE_TO_TOXIC_SUBSTANCE,0.984123998233901,0.524015614031408,0.510312916478833,0.818892208224968,TRUE,0.672107578140344
REACTOME_RHOBTB2_GTPASE_CYCLE,-0.414797192466761,0.81376940607615,-1.76980801896893,0.335233740874392,TRUE,0.672076944274086
GOBP_INTERMEDIATE_FILAMENT_ORGANIZATION,3.2606084368086,0.0110998473310115,0.374497174264057,0.868928310384465,TRUE,0.671831179950803
GOBP_CYTOKINETIC_PROCESS,2.62427672822237,0.0453915012330592,0.385155062459591,0.868579661334171,TRUE,0.671723792045603
GOBP_RESPONSE_TO_IRON_ION,-0.614356989424438,0.710679947017901,-0.737419958710727,0.729658730287806,TRUE,0.670286775344117
KEGG_PROPANOATE_METABOLISM,-3.75841704366464,0.00300490210315319,-0.367300324704715,0.871757502061833,TRUE,0.669201342339829
GOBP_REGULATION_OF_NON_CANONICAL_WNT_SIGNALING_PATHWAY,0.503110906331667,0.769266579048923,0.998082714403084,0.62551733438308,TRUE,0.668996047014286
GOBP_REGULATION_OF_RAS_PROTEIN_SIGNAL_TRANSDUCTION,0.551927445199182,0.742690921308275,0.848837547454742,0.685443417680767,TRUE,0.668915544595685
GOBP_ALDITOL_METABOLIC_PROCESS,1.08947162643067,0.46923571677435,0.48192830224126,0.83083541652766,TRUE,0.668254085654059
GOBP_MELANOCYTE_DIFFERENTIATION,0.458402305250739,0.793345253969299,1.231064764793,0.520252154726691,TRUE,0.668048446874386
GOBP_CEREBELLAR_CORTEX_FORMATION,-2.7917875329104,0.0315691296218609,-0.37917308461354,0.868579661334171,TRUE,0.667665618165799
GOBP_REGULATION_OF_RESPONSE_TO_REACTIVE_OXYGEN_SPECIES,-0.463654722936231,0.790794811568882,-1.18895529440644,0.539745622813414,TRUE,0.667144373840834
REACTOME_DOWNSTREAM_SIGNALING_OF_ACTIVATED_FGFR1,3.23886162937811,0.0117030313144873,0.371864934558969,0.870186696560876,TRUE,0.66713391143137
GOBP_POSITIVE_REGULATION_OF_CELL_CELL_ADHESION,0.389784470927862,0.824818672454367,2.29626489926881,0.20422884113374,TRUE,0.666442254414839
REACTOME_MUSCLE_CONTRACTION,0.502439665976112,0.769465592498763,0.988282904518061,0.629498018527475,TRUE,0.666190399560865
GOBP_OPSONIZATION,0.384126327668408,0.827909138039497,2.48515372901958,0.165444997168244,TRUE,0.66540244016588
REACTOME_RET_SIGNALING,0.700578118342661,0.666456925763958,0.633310144735424,0.767820523168203,TRUE,0.665247969874503
GOBP_REGULATION_OF_REACTIVE_OXYGEN_SPECIES_BIOSYNTHETIC_PROCESS,0.893475845046632,0.5692891305354,0.527487987581542,0.81183879878438,TRUE,0.663349431751077
GOBP_CARBOHYDRATE_DERIVATIVE_CATABOLIC_PROCESS,1.6827433215501,0.232983767798205,0.412971669450552,0.859523965729062,TRUE,0.663186856744773
GOBP_PLATELET_DERIVED_GROWTH_FACTOR_RECEPTOR_SIGNALING_PATHWAY,-1.09902210240838,0.465497049868543,-0.473727479869039,0.833739962253356,TRUE,0.662072305421169
GOBP_REGULATION_OF_PROTEIN_LOCALIZATION_TO_SYNAPSE,1.33526872475561,0.364157493505075,0.438878636266597,0.849571662212028,TRUE,0.660622595219524
GOBP_EMBRYONIC_PATTERN_SPECIFICATION,-0.625545699527116,0.705483287318955,-0.698541446222089,0.744433869658762,TRUE,0.660031477578359
GOBP_NATURAL_KILLER_CELL_DIFFERENTIATION,-1.74217200153089,0.213611014542368,-0.406124773919079,0.861203015975282,TRUE,0.658697828284628
GOBP_INORGANIC_ION_IMPORT_ACROSS_PLASMA_MEMBRANE,1.34928794253132,0.35803527456316,0.434859229898396,0.850444469487534,TRUE,0.657737573073978
GOBP_SEQUESTERING_OF_CALCIUM_ION,-1.14861652719663,0.443289105138257,-0.459919846739361,0.840686308474348,TRUE,0.656835052921958
GOBP_PROTEIN_IMPORT,-1.57166226438781,0.269269774610502,-0.415129807726858,0.859110111515906,TRUE,0.656781213076246
GOBP_NUCLEOSIDE_TRIPHOSPHATE_METABOLIC_PROCESS,0.904618912509024,0.563199236510366,0.514643003145444,0.818203645707838,TRUE,0.656053387610456
GOBP_CELLULAR_RESPONSE_TO_MECHANICAL_STIMULUS,0.412766502082001,0.814373047369225,1.59354471420968,0.39548446356381,TRUE,0.655692768155233
GOBP_POSITIVE_REGULATION_OF_PEPTIDASE_ACTIVITY,0.394560275571897,0.821998877028838,1.92687691092006,0.290745563437852,TRUE,0.654998627048468
GOBP_POSITIVE_REGULATION_OF_NERVOUS_SYSTEM_DEVELOPMENT,1.75773188832024,0.20858913855168,0.402218628647359,0.861402652606899,TRUE,0.65463769109161
REACTOME_DEUBIQUITINATION,-1.47127979884343,0.307060145678181,-0.420891530579671,0.856848951109353,TRUE,0.654538198330025
GOBP_HISTONE_EXCHANGE,-0.664344296932153,0.686409865217038,-0.644966404112048,0.764359577063863,TRUE,0.654511953416338
REACTOME_DOPAMINE_NEUROTRANSMITTER_RELEASE_CYCLE,0.641638925423149,0.699474271266682,0.667587293287861,0.75659589493749,TRUE,0.654355965943152
GOBP_REGULATION_OF_HUMORAL_IMMUNE_RESPONSE_MEDIATED_BY_CIRCULATING_IMMUNOGLOBULIN,1.75696093470378,0.20882943792701,0.399497161568224,0.862706512611459,TRUE,0.650975697245248
GOBP_POSITIVE_REGULATION_OF_CD4_POSITIVE_ALPHA_BETA_T_CELL_ACTIVATION,0.370635563743738,0.834327060858817,2.6701583407467,0.139553612046791,TRUE,0.65091924871741
GOBP_REGULATION_OF_TELOMERE_MAINTENANCE,-1.39391874959775,0.340056349800573,-0.424066211121238,0.856444706561541,TRUE,0.650295635579949
KEGG_NUCLEOTIDE_EXCISION_REPAIR,-3.55500754500182,0.00534658924174282,-0.357621513184272,0.875018183724049,TRUE,0.649868494415596
GOBP_REGULATION_OF_PROTEIN_MATURATION,4.98513116106351,4.98164092322006e-05,0.3473950929662,0.878881731959406,TRUE,0.64952707990426
GOBP_SPHINGOLIPID_METABOLIC_PROCESS,3.0101511550826,0.0199184454723355,0.363592870084419,0.872854365869747,TRUE,0.64881596807584
GOBP_RESPONSE_TO_ALCOHOL,1.23660701966007,0.406567430620569,0.438970258276765,0.849571662212028,TRUE,0.647936338066653
GOBP_PLATELET_ACTIVATION,3.44594979950645,0.00712912325076234,0.357572393976246,0.875018183724049,TRUE,0.647913411123412
GOBP_RESPONSE_TO_DEXAMETHASONE,0.423700371721928,0.809505637143581,1.3719278824628,0.470834340023758,TRUE,0.647446209893916
GOBP_LIPID_IMPORT_INTO_CELL,-2.05648873520096,0.127475223768267,-0.382673195969549,0.868579661334171,TRUE,0.645273367641547
GOBP_REGULATION_OF_G_PROTEIN_COUPLED_RECEPTOR_SIGNALING_PATHWAY,0.407086886276429,0.817272813857736,1.54925487523191,0.407946716250644,TRUE,0.644755794325507
GOBP_METHIONINE_METABOLIC_PROCESS,-0.356964972345785,0.840299073419392,-3.31595555361594,0.0710716200701382,TRUE,0.644544293365252
REACTOME_NRAGE_SIGNALS_DEATH_THROUGH_JNK,0.381388635520705,0.828975900452977,2.04435314079393,0.259929045043279,TRUE,0.642849179168965
KEGG_LEISHMANIA_INFECTION,0.410228307295233,0.816032671653108,1.48152666921792,0.431640188778888,TRUE,0.642540059650042
GOBP_BONE_MATURATION,1.9065933258139,0.164017887071736,0.38427160761993,0.868579661334171,TRUE,0.639627130954203
GOBP_POSITIVE_REGULATION_OF_CHEMOKINE_PRODUCTION,0.469559628651647,0.787846143259149,1.00156767847844,0.624010773671571,TRUE,0.639367843824874
GOBP_SEMAPHORIN_PLEXIN_SIGNALING_PATHWAY_INVOLVED_IN_NEURON_PROJECTION_GUIDANCE,1.78031690075241,0.201644003417607,0.388884899439956,0.866927583323062,TRUE,0.638334671176244
GOBP_REGULATION_OF_BLOOD_CIRCULATION,0.40893359390427,0.816600289271232,1.433830007441,0.446719543628172,TRUE,0.636371651320429
GOBP_REGULATION_OF_ENDOCYTOSIS,0.462479834526902,0.791324952165715,1.01643630125002,0.615726338019235,TRUE,0.635710546443253
GOBP_NEGATIVE_REGULATION_OF_CYTOSKELETON_ORGANIZATION,-0.980341682378892,0.526030667293897,-0.469773742990739,0.836587154596273,TRUE,0.635175343264251
REACTOME_SIGNALING_BY_BRAF_AND_RAF1_FUSIONS,1.16008736314875,0.43846388567188,0.43421071534213,0.850835515571462,TRUE,0.631904874763436
GOBP_POSITIVE_REGULATION_OF_NEUROGENESIS,2.06194550145214,0.126587680281667,0.373014113780614,0.869866839655068,TRUE,0.631743351369361
GOBP_HEPATOCYTE_APOPTOTIC_PROCESS,-0.898907572913773,0.566193275230962,-0.486136442232333,0.829154273596523,TRUE,0.631014934707191
GOBP_RIBOSOMAL_LARGE_SUBUNIT_ASSEMBLY,-1.82055288819334,0.18848976634927,-0.380824264254081,0.868579661334171,TRUE,0.629888171057895
GOBP_NEUROINFLAMMATORY_RESPONSE,0.393045517805379,0.822946111327882,1.58437446849666,0.398223371725677,TRUE,0.629842206189549
GOBP_MESONEPHROS_DEVELOPMENT,0.374324064821276,0.832194203430277,1.96277161939326,0.283465637910071,TRUE,0.628739897856643
GOBP_REGULATION_OF_MACROPHAGE_CHEMOTAXIS,0.381723059237394,0.828975900452977,1.77760159677289,0.33414688204337,TRUE,0.628484945732211
GOBP_POSITIVE_REGULATION_OF_PROTEIN_BINDING,1.33876076420812,0.363018854154197,0.410568800116949,0.859644459818212,TRUE,0.628416065004477
GOBP_LONG_CHAIN_FATTY_ACID_BIOSYNTHETIC_PROCESS,0.385064521751706,0.827684804056031,1.6961438818423,0.360557773075337,TRUE,0.627640011020345
GOBP_REGULATION_OF_MYOBLAST_FUSION,0.402120437206753,0.818683487677186,1.42169983186854,0.452882995643748,TRUE,0.626919842554008
GOBP_LIPID_DROPLET_ORGANIZATION,-2.79152199776841,0.0315691296218609,-0.353071112649136,0.87683197864259,TRUE,0.626857429962226
GOBP_REGULATION_OF_TRANSCRIPTION_REGULATORY_REGION_DNA_BINDING,1.80031650315747,0.194709411982706,0.379340069362143,0.868579661334171,TRUE,0.626642009380512
GOBP_REGULATION_OF_HUMORAL_IMMUNE_RESPONSE,0.371709728355094,0.834021702391207,1.97415786509131,0.278807336049417,TRUE,0.6256224228624
GOBP_INFLAMMASOME_COMPLEX_ASSEMBLY,1.28487406797783,0.385760391300851,0.413372779236437,0.859523965729062,TRUE,0.625506198136118
GOBP_NCRNA_TRANSCRIPTION,-1.43587705600507,0.32096211451174,-0.39969327274853,0.862706512611459,TRUE,0.625321068649971
REACTOME_INTRA_GOLGI_TRAFFIC,-0.964538393429406,0.532682935945909,-0.462614030847938,0.839986989049558,TRUE,0.625313717724181
REACTOME_INOSITOL_PHOSPHATE_METABOLISM,-3.05766317329815,0.017946691194197,-0.347047605063456,0.878990211546043,TRUE,0.623344977275569
GOBP_VENTRICULAR_CARDIAC_MUSCLE_CELL_ACTION_POTENTIAL,3.10350652094073,0.0161665374377282,0.346372031097585,0.879184599022262,TRUE,0.623191710066264
GOBP_POSITIVE_REGULATION_OF_MESENCHYMAL_CELL_PROLIFERATION,-0.443317439682681,0.801351233053737,-1.04190471034229,0.606612333923739,TRUE,0.621987126403284
GOBP_DORSAL_VENTRAL_PATTERN_FORMATION,-1.21924556224107,0.414358712903892,-0.41688166148275,0.858450203586381,TRUE,0.621322239948652
REACTOME_TRANSCRIPTIONAL_REGULATION_BY_RUNX2,0.958912060223001,0.535069623620655,0.457939643998578,0.842111112380297,TRUE,0.619858586718812
GOBP_VASODILATION,0.39778444943396,0.819981556462795,1.39370272302379,0.460625891108824,TRUE,0.618919609222827
GOBP_NEGATIVE_REGULATION_OF_ANOIKIS,1.15169406132516,0.442289771665608,0.423154745391686,0.856444706561541,TRUE,0.618909961655497
HALLMARK_SPERMATOGENESIS,-0.440705212876523,0.802152619664234,-1.03790048501668,0.607144141912755,TRUE,0.618702003983431
GOBP_POSITIVE_REGULATION_OF_PEPTIDYL_LYSINE_ACETYLATION,-3.92139774787026,0.00185400277624315,-0.335437694795569,0.882126427291635,TRUE,0.618010556733375
GOBP_ACUTE_INFLAMMATORY_RESPONSE_TO_ANTIGENIC_STIMULUS,0.542697585805309,0.748372199134776,0.713960482893679,0.739216322560278,TRUE,0.61665880334168
GOBP_REGULATION_OF_VESICLE_FUSION,1.17977511409968,0.430299652442282,0.417311851589931,0.858450203586381,TRUE,0.616540173329977
GOBP_CHLORIDE_TRANSPORT,1.54439973273841,0.278704755184903,0.385109592496331,0.868579661334171,TRUE,0.616491606387001
GOBP_OOCYTE_DIFFERENTIATION,-0.580463810572026,0.72883978180053,-0.653560374274927,0.759792968451465,TRUE,0.614847180385778
REACTOME_SIGNALING_BY_RETINOIC_ACID,-1.20876683519296,0.417854205449779,-0.411229837152372,0.859602756457966,TRUE,0.61368149364399
GOBP_REGULATION_OF_BIOLOGICAL_PROCESS_INVOLVED_IN_SYMBIOTIC_INTERACTION,0.36863567362379,0.835047841415329,1.822263020332,0.320309830064021,TRUE,0.61321973295527
REACTOME_GLUCAGON_TYPE_LIGAND_RECEPTORS,0.433384125088679,0.805726054941032,1.04427532156821,0.605206690971253,TRUE,0.612552977092867
GOBP_PROTEIN_LOCALIZATION_TO_NUCLEUS,-1.22420857105775,0.412356034558877,-0.40844601848906,0.86076367149363,TRUE,0.61252774450904
GOBP_TRNA_METABOLIC_PROCESS,-0.442005095164038,0.801736092900097,-0.996187830412519,0.626605529514343,TRUE,0.612324103327406
REACTOME_SARS_COV_1_INFECTION,0.876952422935585,0.577441427014089,0.470071289756838,0.8365220164944,TRUE,0.612060727098488
GOBP_POSITIVE_REGULATION_OF_ION_TRANSMEMBRANE_TRANSPORT,-0.918310218976279,0.556325362532231,-0.456754233937507,0.84279275823314,TRUE,0.610068974871235
GOBP_INTERLEUKIN_8_PRODUCTION,0.590535553497626,0.724347921425744,0.627973637627258,0.770227528359249,TRUE,0.608679462377766
REACTOME_HSF1_DEPENDENT_TRANSACTIVATION,0.355353224268715,0.840698769487097,2.08796771072179,0.254043869540714,TRUE,0.607342283650378
GOBP_LEUKOCYTE_MEDIATED_CYTOTOXICITY,0.607477555827941,0.714276854984469,0.605762740762963,0.779447480749,TRUE,0.606618936420643
GOBP_OUTFLOW_TRACT_MORPHOGENESIS,-0.374594348250428,0.832194203430277,-1.58793141459695,0.397232986205042,TRUE,0.606188356431358
GOBP_POSITIVE_REGULATION_OF_PEPTIDYL_SERINE_PHOSPHORYLATION,0.36430052034651,0.837644342996325,1.79976511832418,0.326495810439349,TRUE,0.605947765530571
GOBP_MYELOID_LEUKOCYTE_ACTIVATION,0.41417440910251,0.81389499787964,1.1284449748976,0.567306978797661,TRUE,0.605947306938388
REACTOME_RAB_GEFS_EXCHANGE_GTP_FOR_GDP_ON_RABS,0.465243754704108,0.789889061114976,0.867921863117957,0.677714821434255,TRUE,0.605769037228016
GOBP_PROTEIN_AUTOPROCESSING,1.16967757688814,0.433344180246413,0.408718065475545,0.86076367149363,TRUE,0.605764921829009
GOBP_RECEPTOR_CATABOLIC_PROCESS,0.454568403895885,0.79540018937393,0.905882661278793,0.661783746273013,TRUE,0.605366331793177
GOBP_AMINO_ACID_TRANSPORT,0.476366211357779,0.783742968961216,0.827987999783906,0.691138310241183,TRUE,0.604782816105649
GOBP_LYMPHOID_PROGENITOR_CELL_DIFFERENTIATION,-2.67282176312823,0.0412887235550713,-0.340845353632649,0.881317572771552,TRUE,0.604591578136643
GOBP_CELL_CYCLE_G2_M_PHASE_TRANSITION,-0.790817449802046,0.619896812234336,-0.488660943931532,0.829137374122656,TRUE,0.604061160220361
GOBP_REGULATION_OF_ENDOTHELIAL_CELL_DIFFERENTIATION,-0.403079837745477,0.818683487677186,-1.20442163021684,0.533936307845085,TRUE,0.604015716265993
REACTOME_VIRAL_MESSENGER_RNA_SYNTHESIS,-2.32608308079176,0.0806359143497035,-0.34658671945376,0.879184599022262,TRUE,0.603284030129313
HALLMARK_MYC_TARGETS_V1,-0.466769549377679,0.788993750397249,-0.851827776776707,0.684180592287961,TRUE,0.603076101592065
REACTOME_RUNX1_REGULATES_TRANSCRIPTION_OF_GENES_INVOLVED_IN_DIFFERENTIATION_OF_HSCS,-0.453107005787491,0.796309732847227,-0.900721933273479,0.664798676740317,TRUE,0.602917261490577
REACTOME_TICAM1_RIP1_MEDIATED_IKK_COMPLEX_RECRUITMENT,1.20743869655311,0.417854205449779,0.401347627372941,0.86163123967346,TRUE,0.602445021881155
GOBP_NEGATIVE_REGULATION_OF_WOUND_HEALING,3.71430144555583,0.00339543697433755,0.327648846331494,0.885257207332386,TRUE,0.60217790703978
GOBP_CELL_MIGRATION_IN_HINDBRAIN,0.635113379833846,0.702063372133259,0.57227884008146,0.793009971250248,TRUE,0.60206110713058
REACTOME_KERATAN_SULFATE_BIOSYNTHESIS,4.79048319966427,9.8470277666435e-05,0.320794765803756,0.887874196598507,TRUE,0.601321996770884
REACTOME_REGULATION_OF_MRNA_STABILITY_BY_PROTEINS_THAT_BIND_AU_RICH_ELEMENTS,-0.630979041094032,0.70325555596463,-0.574138498154456,0.792000474717451,TRUE,0.601218299829206
REACTOME_REGULATION_OF_CHOLESTEROL_BIOSYNTHESIS_BY_SREBP_SREBF,-0.660216843401166,0.688220402354998,-0.551589480160939,0.801825264414994,TRUE,0.601034436550342
HALLMARK_MYC_TARGETS_V2,-0.800276350777133,0.615111125368051,-0.480989057919866,0.831148473694827,TRUE,0.60085001190705
GOBP_CARDIAC_CHAMBER_DEVELOPMENT,0.57994367862919,0.72883978180053,0.622489208683459,0.771724006738814,TRUE,0.600463752114577
GOBP_LEUKOCYTE_CHEMOTAXIS,0.34272243944199,0.8469840624465,2.41689271798953,0.179058003925072,TRUE,0.600318030540103
REACTOME_HSP90_CHAPERONE_CYCLE_FOR_STEROID_HORMONE_RECEPTORS_SHR_IN_THE_PRESENCE_OF_LIGAND,0.564048850436125,0.735763434856141,0.639520875243035,0.766125037815312,TRUE,0.599418557669665
GOBP_REGULATION_OF_CELL_SUBSTRATE_ADHESION,1.06746769099561,0.480529661108664,0.416615717669205,0.858484950103532,TRUE,0.599324560299385
REACTOME_DOWNSTREAM_SIGNALING_OF_ACTIVATED_FGFR3,2.83879681030255,0.028583421602038,0.334740601887346,0.882126427291635,TRUE,0.598865196462788
GOBP_CELL_CELL_JUNCTION_ORGANIZATION,1.46837673194309,0.308119628186104,0.376008035615738,0.868928310384465,TRUE,0.598705281276584
GOBP_POSITIVE_REGULATION_OF_GLYCOLYTIC_PROCESS,-0.338553309240248,0.848076513623918,-2.57773530293296,0.148199359551676,TRUE,0.598500994387544
REACTOME_RAP1_SIGNALLING,-0.467773126693545,0.788864323737281,-0.826565370171734,0.691258982032444,TRUE,0.597440420041965
GOBP_CARDIAC_MUSCLE_CELL_ACTION_POTENTIAL_INVOLVED_IN_CONTRACTION,3.43036056748855,0.00742514966083053,0.327047962020599,0.885257207332386,TRUE,0.597162871049061
REACTOME_UB_SPECIFIC_PROCESSING_PROTEASES,-1.42125994546401,0.328809936680037,-0.376751551575324,0.868928310384465,TRUE,0.595615645981281
GOBP_PROTEIN_DEPOLYMERIZATION,0.584890378852014,0.726899604249693,0.605396639431704,0.779578251483179,TRUE,0.594966868249157
GOBP_NEPHRON_DEVELOPMENT,0.533687727616488,0.752394901364952,0.670471190553128,0.755380492861296,TRUE,0.594310668997957
GOBP_CELL_VOLUME_HOMEOSTASIS,2.31279493305811,0.0825030418095235,0.340831894849488,0.881317572771552,TRUE,0.594110875834075
GOBP_AMYLOID_PRECURSOR_PROTEIN_CATABOLIC_PROCESS,0.357506270557494,0.840299073419392,1.74413084547948,0.345249309284219,TRUE,0.59338285298982
REACTOME_CARGO_TRAFFICKING_TO_THE_PERICILIARY_MEMBRANE,0.535443466365131,0.751410530713757,0.660621916754392,0.75751898943928,TRUE,0.591482194963586
GOBP_RNA_MODIFICATION,-1.79648822532066,0.196043447494778,-0.353952409040035,0.876615389072574,TRUE,0.591387016227344
GOBP_DNA_CATABOLIC_PROCESS,0.633269872024429,0.702805294832691,0.55379909108747,0.801312692034927,TRUE,0.590874313857616
GOBP_REGULATION_OF_BROWN_FAT_CELL_DIFFERENTIATION,-1.49181322793649,0.298831571242628,-0.367663027911314,0.871634339150387,TRUE,0.5899344686294
GOBP_POSITIVE_REGULATION_OF_GRANULOCYTE_CHEMOTAXIS,0.355664262134961,0.840617628132795,1.70926824364319,0.358540684784864,TRUE,0.588809200266799
GOBP_POSTSYNAPTIC_SPECIALIZATION_ASSEMBLY,2.59033596254547,0.0486102580895812,0.331559161639983,0.882493272700648,TRUE,0.587871626875657
REACTOME_SEROTONIN_NEUROTRANSMITTER_RELEASE_CYCLE,0.362034386154788,0.838482019559061,1.55894698354312,0.405300455094661,TRUE,0.587608420506075
GOBP_ACTIN_FILAMENT_DEPOLYMERIZATION,0.63599448636755,0.701933497954421,0.544441510782058,0.804705469256966,TRUE,0.586667637793365
GOBP_PROTEIN_TARGETING_TO_LYSOSOME,4.18218622395088,0.000830511631569482,0.315450445980295,0.891242487436112,TRUE,0.58665143778194
GOBP_HYPEROSMOTIC_RESPONSE,0.354524329886683,0.841041305854539,1.68666463135373,0.36381999274754,TRUE,0.585897395614831
GOBP_CELLULAR_AMINO_ACID_BIOSYNTHETIC_PROCESS,-0.358236151106586,0.840299073419392,-1.60496982863819,0.391058444834088,TRUE,0.585733967791081
GOBP_NEGATIVE_REGULATION_OF_CELLULAR_CATABOLIC_PROCESS,-2.48571887407989,0.0600825354387489,-0.331861396313625,0.882425999416549,TRUE,0.585547922139639
GOBP_CRANIAL_SKELETAL_SYSTEM_DEVELOPMENT,0.797302909009826,0.61682863407153,0.462273573791048,0.839986989049558,TRUE,0.585231734912026
GOBP_POSITIVE_REGULATION_OF_NEURON_PROJECTION_DEVELOPMENT,0.557009048813693,0.739899701280127,0.613925248671496,0.775598887224693,TRUE,0.584083871383134
GOBP_NEUROPEPTIDE_SIGNALING_PATHWAY,0.339619549689286,0.847793443261036,2.07199109549476,0.254649572126265,TRUE,0.583583991236229
GOBP_VIRAL_GENE_EXPRESSION,-1.10911917707068,0.460445920505648,-0.395065916735197,0.865241765812443,TRUE,0.582608066337564
GOBP_POSITIVE_REGULATION_OF_SIGNAL_TRANSDUCTION_BY_P53_CLASS_MEDIATOR,-0.6736867171223,0.680699579415788,-0.510049951671313,0.818892208224968,TRUE,0.580557967947421
GOBP_IRE1_MEDIATED_UNFOLDED_PROTEIN_RESPONSE,-2.04629085260122,0.129930144031465,-0.337151313239245,0.882126427291635,TRUE,0.578918723610543
GOBP_ACTOMYOSIN_STRUCTURE_ORGANIZATION,0.832147736557799,0.600063630537841,0.4438199439036,0.848759033895615,TRUE,0.578892032163448
GOBP_VASCULAR_ASSOCIATED_SMOOTH_MUSCLE_CELL_PROLIFERATION,-0.486367931857303,0.778131385690222,-0.714003483093317,0.739216322560278,TRUE,0.578601577954592
REACTOME_SIGNALING_BY_FLT3_FUSION_PROTEINS,-1.97163427575168,0.147666599876395,-0.338850622886595,0.882126427291635,TRUE,0.578311074733072
REACTOME_DUAL_INCISION_IN_GG_NER,-3.29705332203754,0.0103292330011886,-0.316870095009611,0.890787951843848,TRUE,0.578173623977576
GOBP_INOSITOL_LIPID_MEDIATED_SIGNALING,-1.15547222972036,0.440836828685714,-0.385200476467595,0.868579661334171,TRUE,0.577784563386766
GOBP_NUCLEOTIDE_BINDING_DOMAIN_LEUCINE_RICH_REPEAT_CONTAINING_RECEPTOR_SIGNALING_PATHWAY,-0.363024765116858,0.838029418901797,-1.4138133158566,0.454886434478687,TRUE,0.577710768813262
GOBP_ORGANIC_CATION_TRANSPORT,-1.32864277061759,0.366976286438846,-0.368661709852651,0.871138839985746,TRUE,0.577173655328524
GOBP_ACTIN_POLYMERIZATION_OR_DEPOLYMERIZATION,0.672229740931817,0.681300732739295,0.504101167383208,0.821907585243675,TRUE,0.576150460313654
GOBP_RENAL_SYSTEM_PROCESS_INVOLVED_IN_REGULATION_OF_SYSTEMIC_ARTERIAL_BLOOD_PRESSURE,0.994638657223097,0.519083205634083,0.404117814591179,0.861402652606899,TRUE,0.574726492515951
GOBP_NEGATIVE_REGULATION_OF_COAGULATION,5.19338673222274,2.51655902120139e-05,0.304009851727523,0.896380256902602,TRUE,0.574395791286432
GOBP_RESPIRATORY_SYSTEM_DEVELOPMENT,0.445604813430506,0.800080595163432,0.807882929688332,0.700096058611901,TRUE,0.574391770695328
REACTOME_GRB2_EVENTS_IN_ERBB2_SIGNALING,0.459948875349607,0.792549349244709,0.763243019356464,0.720446013648294,TRUE,0.573994595436394
GOBP_REGULATION_OF_COAGULATION,4.40750089971649,0.000381264022080923,0.306800445294091,0.895103558617105,TRUE,0.573668562828833
GOBP_REGULATION_OF_FILOPODIUM_ASSEMBLY,-0.456958800664712,0.794239269105066,-0.767312058827615,0.718936111974427,TRUE,0.572798078821929
GOBP_EAR_DEVELOPMENT,-0.928077715960977,0.55186169582383,-0.413401873140178,0.859523965729062,TRUE,0.572008801796231
GOBP_AUDITORY_RECEPTOR_CELL_MORPHOGENESIS,-1.30319511468658,0.377753240599716,-0.365903893026799,0.872474786136811,TRUE,0.571379125664437
GOBP_STEM_CELL_PROLIFERATION,-0.649577231968553,0.695171914683657,-0.508645925285923,0.819459202608232,TRUE,0.570537396234635
REACTOME_DEFECTIVE_C1GALT1C1_CAUSES_TNPS,0.427170481768649,0.808160135287612,0.855355453800834,0.682424551632484,TRUE,0.569785906311987
GOBP_REGULATION_OF_SIGNALING_RECEPTOR_ACTIVITY,0.362770438762022,0.838029418901797,1.28502591546424,0.502683731926476,TRUE,0.565809499429832
GOBP_BIOLOGICAL_PROCESS_INVOLVED_IN_INTERACTION_WITH_HOST,0.353172473893884,0.841839572056969,1.41302827858247,0.454886434478687,TRUE,0.565103023684358
GOBP_SYNAPTIC_TRANSMISSION_CHOLINERGIC,0.440671579179806,0.802152619664234,0.786847615752988,0.710103155587455,TRUE,0.56494657328225
GOBP_NEGATIVE_REGULATION_OF_JUN_KINASE_ACTIVITY,-0.846020833380936,0.593487746785983,-0.423772444588431,0.856444706561541,TRUE,0.564690840556222
GOBP_MACROPHAGE_ACTIVATION,0.567246671729302,0.734403905736009,0.561660608061134,0.799042520755406,TRUE,0.564439819403551
GOBP_NEURON_FATE_SPECIFICATION,0.810881742687359,0.609685203595273,0.432847148842025,0.851467148545324,TRUE,0.564412152456592
REACTOME_INITIATION_OF_NUCLEAR_ENVELOPE_NE_REFORMATION,-0.453992483046042,0.795718546264954,-0.744733497854712,0.727208221617223,TRUE,0.564104583175156
GOBP_AMINE_TRANSPORT,0.344626792603393,0.846813932264315,1.53589361833021,0.411891580674609,TRUE,0.562940012123961
GOBP_HOMOPHILIC_CELL_ADHESION_VIA_PLASMA_MEMBRANE_ADHESION_MOLECULES,2.63939807725373,0.04408679590565,0.31489485919538,0.891298183419361,TRUE,0.562661119784786
GOBP_MESODERMAL_CELL_DIFFERENTIATION,-1.12086093637322,0.455583114698377,-0.375468693073266,0.868928310384465,TRUE,0.562507328084666
REACTOME_PRE_NOTCH_EXPRESSION_AND_PROCESSING,-0.411189621333173,0.815567941605738,-0.88793194251356,0.670402897791563,TRUE,0.562085041727248
REACTOME_BBSOME_MEDIATED_CARGO_TARGETING_TO_CILIUM,-0.598194029968027,0.719303489969925,-0.528766763052229,0.811332053908521,TRUE,0.561341837022855
GOBP_SPERM_EGG_RECOGNITION,0.312248272389693,0.860658141848522,2.73639898006449,0.125600805968918,TRUE,0.560534416309546
GOBP_HAIR_FOLLICLE_MATURATION,0.839460115976983,0.596373057239464,0.417634977004632,0.858450203586381,TRUE,0.557774679401251
GOBP_RESPONSE_TO_TESTOSTERONE,0.964942213237389,0.532525586284347,0.392096257226135,0.866793032766782,TRUE,0.557611649905032
GOBP_MRNA_CLEAVAGE,-0.982958608175444,0.524775460953986,-0.389138878760827,0.866927583323062,TRUE,0.557551361030168
GOBP_EMBRYONIC_PLACENTA_MORPHOGENESIS,-3.69434596381539,0.00358111325224373,-0.301140599457094,0.897245352555275,TRUE,0.556887147799121
GOBP_RESPONSE_TO_ACTIVITY,1.5906632062085,0.262109426280633,0.337318811624071,0.882126427291635,TRUE,0.556603347385558
GOBP_NEGATIVE_REGULATION_OF_PROGRAMMED_NECROTIC_CELL_DEATH,-0.714157418929347,0.658354027419076,-0.453105863858305,0.844496164658767,TRUE,0.554440320374005
GOBP_NUCLEOSIDE_BISPHOSPHATE_METABOLIC_PROCESS,-0.331445615803541,0.851618732769046,-1.68955821230875,0.363036331881521,TRUE,0.554176745560809
REACTOME_REGULATION_OF_TP53_ACTIVITY,-1.26694259260619,0.393903909251049,-0.354645071282991,0.876229851115862,TRUE,0.554166704732636
KEGG_PRION_DISEASES,1.21357402218516,0.416081612621721,0.358908569152199,0.875018183724049,TRUE,0.55398020717332
GOBP_REGULATION_OF_GRANULOCYTE_DIFFERENTIATION,-0.84264016391562,0.594927288051155,-0.41161201227038,0.859523965729062,TRUE,0.553063921393932
GOBP_SYNAPTIC_VESICLE_EXOCYTOSIS,0.475150504484579,0.784625639819629,0.659786805735488,0.75751898943928,TRUE,0.552449956089113
REACTOME_ATTENUATION_PHASE,0.368013912221523,0.835350675762735,1.10629280968834,0.578228390385327,TRUE,0.552301822823594
REACTOME_CLATHRIN_MEDIATED_ENDOCYTOSIS,0.576151715811873,0.730320496002224,0.530291655728824,0.810538236036375,TRUE,0.552271277839443
GOBP_PRODUCTION_OF_MOLECULAR_MEDIATOR_INVOLVED_IN_INFLAMMATORY_RESPONSE,0.328705012893268,0.852857596138396,1.71956697246363,0.353951996149593,TRUE,0.551909402555255
GOBP_NEGATIVE_REGULATION_OF_GENE_EXPRESSION_EPIGENETIC,-2.4897660376137,0.0598267911030899,-0.309817456843061,0.893427597265342,TRUE,0.551062673026211
GOBP_CARDIAC_CELL_DEVELOPMENT,0.399431210652208,0.819248789344563,0.882296534599158,0.67108065017079,TRUE,0.549908940139351
GOBP_REGULATION_OF_RECEPTOR_MEDIATED_ENDOCYTOSIS,-0.629566567311557,0.70325555596463,-0.488058880051728,0.829146490177758,TRUE,0.549854254813173
GOBP_GLOMERULAR_MESANGIUM_DEVELOPMENT,0.566083920480705,0.735080247652794,0.532490834352215,0.809323157299823,TRUE,0.548773759462529
GOBP_REGULATION_OF_INSULIN_SECRETION,-2.14931068530038,0.110795614353562,-0.314474279713748,0.891298183419361,TRUE,0.548670390670253
GOBP_CILIUM_MOVEMENT,-0.49195556167655,0.774512308541187,-0.619708855824253,0.77335922527407,TRUE,0.548491457392055
GOBP_RECOMBINATIONAL_REPAIR,-0.316521707790156,0.858613783347818,-2.04537329394938,0.259929045043279,TRUE,0.548208152853891
REACTOME_KERATINIZATION,0.855148302226403,0.588745251645346,0.402825587520616,0.861402652606899,TRUE,0.547667356324674
GOBP_MODIFIED_AMINO_ACID_TRANSPORT,0.399734839283478,0.819172066902841,0.85865569243122,0.680843400969648,TRUE,0.545513632792742
GOBP_FIBROBLAST_MIGRATION,0.838771946367861,0.596774740992533,0.403836490385271,0.861402652606899,TRUE,0.545186575330028
KEGG_NATURAL_KILLER_CELL_MEDIATED_CYTOTOXICITY,0.690215055283485,0.672044005781919,0.449724393722867,0.846601076727765,TRUE,0.544601816432147
GOBP_MODULATION_OF_EXCITATORY_POSTSYNAPTIC_POTENTIAL,-0.372062671588848,0.833903267791643,-1.01415080979096,0.615905763178319,TRUE,0.544400505049531
GOBP_NEUROMUSCULAR_JUNCTION_DEVELOPMENT,0.33500698432013,0.84939715656693,1.44414099646017,0.445546631747545,TRUE,0.54385281649816
GOBP_TRANSFORMING_GROWTH_FACTOR_BETA_RECEPTOR_SIGNALING_PATHWAY,1.2071859602393,0.417854205449779,0.35096647161322,0.877088949628116,TRUE,0.543825865024618
REACTOME_NEGATIVE_REGULATION_OF_FGFR4_SIGNALING,0.29870959704704,0.868404912609602,2.95695498571276,0.106659237658179,TRUE,0.542605547847779
GOBP_CHONDROCYTE_DIFFERENTIATION,2.43045955021897,0.0664202905081902,0.305303848216424,0.895424782554827,TRUE,0.54246551733281
GOBP_POSITIVE_REGULATION_OF_TELOMERE_MAINTENANCE,-0.573966414057215,0.730966533603433,-0.512038183532247,0.818892208224968,TRUE,0.541236603813114
GOBP_RIBOSOME_ASSEMBLY,-1.20176597199332,0.419701506707446,-0.349177358253743,0.878055189734261,TRUE,0.541128046597323
KEGG_ETHER_LIPID_METABOLISM,3.18781964053572,0.0132753371005418,0.295288584325884,0.898928245625909,TRUE,0.540509618404087
GOBP_NEGATIVE_REGULATION_OF_RECEPTOR_MEDIATED_ENDOCYTOSIS,1.9144161868489,0.16173797480284,0.312332120642347,0.892401437145629,TRUE,0.537046477519689
GOBP_STEROID_HORMONE_SECRETION,0.307496444389416,0.863249117765341,2.10382532153772,0.250009803987746,TRUE,0.536567798732189
GOBP_POSITIVE_REGULATION_OF_ERBB_SIGNALING_PATHWAY,0.590205094833448,0.724453410532139,0.490359037254497,0.828022137429336,TRUE,0.535669088934138
GOBP_T_HELPER_1_CELL_DIFFERENTIATION,0.289452423547638,0.873706648246875,3.51113652750981,0.0609188915389984,TRUE,0.534815519584976
GOBP_OXYGEN_TRANSPORT,0.359099875660545,0.840093063247608,1.04694255395372,0.603410635041872,TRUE,0.534773251546405
GOBP_LONG_TERM_MEMORY,-0.310315486822386,0.86137958718196,-1.90446227031592,0.294902107452341,TRUE,0.533673534189322
GOBP_NEGATIVE_REGULATION_OF_CELL_JUNCTION_ASSEMBLY,-0.466302393805968,0.78921668782052,-0.622344040382555,0.771724006738814,TRUE,0.533140065842551
GOBP_REGULATION_OF_T_CELL_DIFFERENTIATION_IN_THYMUS,-0.398586861963768,0.819798769925773,-0.803642253828503,0.702581491268386,TRUE,0.532878866244893
GOBP_CARDIAC_MUSCLE_CELL_ACTION_POTENTIAL,4.00056861612767,0.00145904789913057,0.285257547936935,0.902578974590617,TRUE,0.532542548439599
REACTOME_REGULATION_OF_PYRUVATE_DEHYDROGENASE_PDH_COMPLEX,-3.45791160342456,0.00695536591846781,-0.288413470603973,0.900903880849231,TRUE,0.532419513458287
GOBP_REGULATION_OF_MICROTUBULE_BASED_PROCESS,-1.04270602993792,0.494174996112973,-0.356451825176572,0.875622736581582,TRUE,0.531283108814874
GOBP_CARTILAGE_DEVELOPMENT_INVOLVED_IN_ENDOCHONDRAL_BONE_MORPHOGENESIS,0.327938383645865,0.852975821906748,1.38122282876002,0.465975534683197,TRUE,0.530033069590587
GOBP_VENTRICULAR_CARDIAC_MUSCLE_CELL_MEMBRANE_REPOLARIZATION,1.20849750071217,0.417854205449779,0.338606450623583,0.882126427291635,TRUE,0.528994899082658
GOBP_MATURATION_OF_5_8S_RRNA_FROM_TRICISTRONIC_RRNA_TRANSCRIPT_SSU_RRNA_5_8S_RRNA_LSU_RRNA,-0.332233014697374,0.851253296354926,-1.28643378715824,0.50218256333409,TRUE,0.52808369804852
REACTOME_KERATAN_SULFATE_KERATIN_METABOLISM,4.35749881014942,0.000442737315641934,0.280653711375919,0.905572841604498,TRUE,0.527342819240621
GOBP_LATE_ENDOSOME_TO_VACUOLE_TRANSPORT,0.638014886992556,0.701357294095717,0.448272390051872,0.847044138166512,TRUE,0.526572416569196
REACTOME_TP53_REGULATES_TRANSCRIPTION_OF_GENES_INVOLVED_IN_CYTOCHROME_C_RELEASE,-2.19374102490373,0.101948153119547,-0.29901316778664,0.897743280031715,TRUE,0.526291324739096
GOBP_PROTEIN_POLYUBIQUITINATION,-1.02183407691757,0.504315111908199,-0.353765112575918,0.876615389072574,TRUE,0.525573510097455
GOBP_NEGATIVE_REGULATION_OF_ACTIN_FILAMENT_POLYMERIZATION,0.576776529865425,0.73017685808483,0.482028489579129,0.83083541652766,TRUE,0.525163206463778
GOBP_NEGATIVE_REGULATION_OF_OSTEOBLAST_DIFFERENTIATION,-0.303937257110223,0.865377266748138,-1.90633385953522,0.294902107452341,TRUE,0.524284898843407
GOBP_REACTIVE_OXYGEN_SPECIES_BIOSYNTHETIC_PROCESS,0.567262742961531,0.734403905736009,0.487093400385723,0.829154273596523,TRUE,0.524130181485103
GOBP_TRABECULA_FORMATION,2.97798617251566,0.0213425369048671,0.28672671941649,0.901794925136418,TRUE,0.523089309215023
REACTOME_ACTIVATED_TAK1_MEDIATES_P38_MAPK_ACTIVATION,0.339715500699018,0.847793443261036,1.12665049987249,0.567517101816607,TRUE,0.522026067881839
GOBP_CELL_CELL_RECOGNITION,0.315830051933136,0.858887808250756,1.47672369420379,0.433688551087148,TRUE,0.520367907558013
REACTOME_SCAVENGING_OF_HEME_FROM_PLASMA,0.352825816334242,0.841942506841163,0.989402471284644,0.629295123936649,TRUE,0.520160002339693
REACTOME_PCP_CE_PATHWAY,1.68286572689805,0.232983767798205,0.306179092051213,0.895103558617105,TRUE,0.518096219247529
REACTOME_FORMATION_OF_INCISION_COMPLEX_IN_GG_NER,-1.93468268911556,0.157104480609684,-0.298352549618436,0.897755090412136,TRUE,0.516980209705538
GOBP_GROOMING_BEHAVIOR,0.315453062380846,0.859024091792291,1.4198112129231,0.452882995643748,TRUE,0.516213929478615
GOBP_CARDIAC_MUSCLE_TISSUE_DEVELOPMENT,0.799884856676124,0.615176321121368,0.381021927227524,0.868579661334171,TRUE,0.516168886156074
GOBP_POSITIVE_REGULATION_OF_EPITHELIAL_CELL_PROLIFERATION,0.407897411033448,0.817065493526567,0.69854937767003,0.744433869658762,TRUE,0.515047782757844
GOBP_NUCLEOBASE_BIOSYNTHETIC_PROCESS,-1.12761432409619,0.453061076793453,-0.33355695785249,0.882126427291635,TRUE,0.514824796001742
GOBP_REGULATION_OF_SMAD_PROTEIN_SIGNAL_TRANSDUCTION,5.15295927762252,2.65179701950147e-05,0.270899416015959,0.908116383219797,TRUE,0.514738210528684
GOBP_NADP_METABOLIC_PROCESS,-0.401245512905118,0.818984178935049,-0.71619697452366,0.738632758198216,TRUE,0.514336667196316
GOBP_REGULATION_OF_PROTEIN_IMPORT,-1.52689726996592,0.284578897124038,-0.308245557997652,0.894222657956473,TRUE,0.512940239652103
GOBP_RESPONSE_TO_REACTIVE_OXYGEN_SPECIES,0.309104894425093,0.862046805119045,1.50431844357301,0.422112670781444,TRUE,0.512833582693024
REACTOME_CELLULAR_RESPONSE_TO_HEAT_STRESS,-2.29299031128423,0.0852905607648187,-0.288449537498458,0.900903880849231,TRUE,0.512436495539711
GOBP_NUCLEAR_MIGRATION,-0.285993608391426,0.875163995248142,-2.45669673821206,0.171874473416107,TRUE,0.512343338907948
GOBP_MORPHOGENESIS_OF_A_BRANCHING_STRUCTURE,0.361396114208353,0.838658829489553,0.878118693324836,0.672779356315002,TRUE,0.512053073755337
GOBP_MITOCHONDRIAL_FISSION,-0.432150080694863,0.80606506846218,-0.624745578194749,0.770527500779537,TRUE,0.510899727441909
GOBP_POSITIVE_REGULATION_OF_CYTOKINE_PRODUCTION_INVOLVED_IN_INFLAMMATORY_RESPONSE,-0.319738863770547,0.856451433890824,-1.24775418041618,0.514621603147889,TRUE,0.509036394631291
KEGG_PROXIMAL_TUBULE_BICARBONATE_RECLAMATION,0.313750732819352,0.859908655569969,1.34007223613214,0.482471724936195,TRUE,0.508456653475901
GOBP_MUSCLE_CELL_PROLIFERATION,-1.56853373016122,0.270390480613353,-0.302707610630555,0.896931900413514,TRUE,0.507478204227393
GOBP_POSITIVE_REGULATION_OF_ALPHA_BETA_T_CELL_ACTIVATION,0.275285806674637,0.880141268107305,3.21910305687609,0.0829348709023037,TRUE,0.50719792008521
REACTOME_DOWNREGULATION_OF_SMAD2_3_SMAD4_TRANSCRIPTIONAL_ACTIVITY,-1.45244662758796,0.31455701391087,-0.306460461302523,0.895103558617105,TRUE,0.506129591857726
GOBP_EMBRYONIC_DIGIT_MORPHOGENESIS,-0.293596105281917,0.871270336064695,-1.79366347732666,0.329508528351421,TRUE,0.504597143084031
GOBP_POSITIVE_REGULATION_OF_SEQUESTERING_OF_CALCIUM_ION,1.37797076593862,0.345758565300627,0.308736746324461,0.893987111169407,TRUE,0.504450484405929
GOBP_CELLULAR_RESPONSE_TO_REACTIVE_OXYGEN_SPECIES,0.359337330016151,0.840076168407507,0.844922034537475,0.686098845487909,TRUE,0.50423029606259
GOBP_LATE_ENDOSOME_TO_VACUOLE_TRANSPORT_VIA_MULTIVESICULAR_BODY_SORTING_PATHWAY,0.426512089108165,0.808360098660245,0.616574679942381,0.774166735576604,TRUE,0.504227572693293
GOBP_NEURAL_TUBE_FORMATION,-1.90235719579777,0.164789056663425,-0.290444718734293,0.900493586588252,TRUE,0.503948484360522
REACTOME_PLASMA_LIPOPROTEIN_CLEARANCE,0.274226003953087,0.880301431469419,2.96269727944728,0.106659237658179,TRUE,0.50198819356141
GOBP_POSITIVE_REGULATION_OF_CELL_SUBSTRATE_ADHESION,1.6952858048243,0.228931709307029,0.29400071806256,0.899186004145709,TRUE,0.501099502967835
REACTOME_ONCOGENIC_MAPK_SIGNALING,0.327911535591756,0.852975821906748,1.06150477520508,0.598599376331437,TRUE,0.501044443153046
GOBP_ORGANELLE_MEMBRANE_FUSION,1.45150954809784,0.314862048812563,0.301830851362577,0.897245352555275,TRUE,0.499743646810519
KEGG_PORPHYRIN_AND_CHLOROPHYLL_METABOLISM,0.576642342354133,0.73017685808483,0.436647923722095,0.849729559636424,TRUE,0.496974440491144
GOBP_RESPIRATORY_ELECTRON_TRANSPORT_CHAIN,0.343727402600165,0.8469840624465,0.896553029363643,0.666688372045924,TRUE,0.49693575119706
GOBP_FOREBRAIN_NEURON_DIFFERENTIATION,0.734471260380201,0.648229774926459,0.375044588469627,0.868928310384465,TRUE,0.496539949163617
GOBP_NEURAL_TUBE_DEVELOPMENT,-1.67933183918053,0.23403660474982,-0.291025552399247,0.900414039807135,TRUE,0.496081044228539
GOBP_SKELETAL_MUSCLE_TISSUE_REGENERATION,2.63317126846021,0.0447189482021022,0.272818045208128,0.907361531052533,TRUE,0.494411066675732
GOBP_OSTEOCLAST_DIFFERENTIATION,1.71445294102493,0.222332293828041,0.288423139365003,0.900903880849231,TRUE,0.493777827181104
GOBP_PROTEIN_LOCALIZATION_TO_ENDOPLASMIC_RETICULUM,0.723230424533621,0.653243139703467,0.374563032176179,0.868928310384465,TRUE,0.493527045765566
GOBP_EMBRYONIC_ORGAN_MORPHOGENESIS,-0.409508178827745,0.816285539746036,-0.62072384986305,0.772829750514137,TRUE,0.493464552126936
REACTOME_SIGNALING_BY_FLT3_ITD_AND_TKD_MUTANTS,-1.53943371075573,0.280582579935271,-0.293443517715083,0.899186004145709,TRUE,0.492926461583282
GOBP_POSITIVE_REGULATION_OF_FIBROBLAST_PROLIFERATION,0.323891602878721,0.853973096164156,1.01590184362223,0.615905763178319,TRUE,0.491183290017711
GOBP_CARBOHYDRATE_TRANSMEMBRANE_TRANSPORT,-2.46391218664928,0.0623735594911376,-0.2727527222659,0.907361531052533,TRUE,0.491137043591585
GOBP_TERPENOID_METABOLIC_PROCESS,1.70004632271958,0.227850185150981,0.286802442760221,0.901794925136418,TRUE,0.490804782561054
REACTOME_ACTIVATION_OF_AMPK_DOWNSTREAM_OF_NMDARS,0.283600542661034,0.876465782956993,1.81025995544558,0.323618923800529,TRUE,0.490377182420837
GOBP_WHITE_FAT_CELL_DIFFERENTIATION,-1.51800551359249,0.287819749539478,-0.291487868361928,0.900414039807135,TRUE,0.489065277310723
GOBP_CELLULAR_HORMONE_METABOLIC_PROCESS,2.10940396203414,0.117330410215377,0.276535197028483,0.906803061995362,TRUE,0.488968411485353
GOBP_RESPONSE_TO_AMINE,1.2164092694818,0.415763276412274,0.305890821076447,0.895103558617105,TRUE,0.488850302925935
GOBP_VASCULAR_ENDOTHELIAL_GROWTH_FACTOR_SIGNALING_PATHWAY,0.285516975243918,0.87538431410302,1.68671272023473,0.36381999274754,TRUE,0.4883661523715
GOBP_REGULATION_OF_EPITHELIAL_CELL_DIFFERENTIATION,0.497706183884328,0.771750421887669,0.477148583394276,0.831844991985843,TRUE,0.487210625742591
REACTOME_DEFECTIVE_GALNT3_CAUSES_HFTC,0.295563211108765,0.870142084635494,1.38150971298179,0.465975534683197,TRUE,0.486947754127356
GOBP_REGULATION_OF_SYNAPSE_STRUCTURE_OR_ACTIVITY,3.01753401544042,0.0196139524525931,0.264574336609681,0.910928463243086,TRUE,0.486493421116714
GOBP_CYTOPLASMIC_TRANSLATIONAL_INITIATION,-2.41882415025633,0.0676572756231732,-0.270399883327675,0.908355834323544,TRUE,0.48642267051868
GOBP_CELL_CELL_JUNCTION_MAINTENANCE,0.282262588935517,0.876874431680746,1.74644813736114,0.344103950954138,TRUE,0.485980545479782
GOBP_PERIPHERAL_NERVOUS_SYSTEM_DEVELOPMENT,0.272466142054692,0.880875455412333,2.23343449615654,0.219184429533436,TRUE,0.485681891309165
REACTOME_NEDDYLATION,-0.31879089987622,0.85708285765471,-1.01478698208431,0.615905763178319,TRUE,0.485168297371185
REACTOME_DEFECTIVE_B4GALT7_CAUSES_EDS_PROGEROID_TYPE,0.356236107567101,0.840309060597544,0.757402489416212,0.723049503717444,TRUE,0.484563152574186
GOBP_MICROTUBULE_DEPOLYMERIZATION,0.640069749098219,0.700295190142309,0.389406684387174,0.866927583323062,TRUE,0.484221747415852
GOBP_SOMATIC_DIVERSIFICATION_OF_IMMUNE_RECEPTORS_VIA_SOMATIC_MUTATION,-1.15679793434577,0.440518766721521,-0.306013428951204,0.895103558617105,TRUE,0.483993645899717
GOBP_CELLULAR_CARBOHYDRATE_CATABOLIC_PROCESS,0.2769636381891,0.879704879854234,1.91615142539943,0.292456522738161,TRUE,0.483973028967738
GOBP_GLYCOSYL_COMPOUND_METABOLIC_PROCESS,0.60753514712833,0.714276854984469,0.402051400418212,0.861402652606899,TRUE,0.483881956034025
GOBP_POSITIVE_REGULATION_OF_CALCIUM_ION_TRANSPORT,0.324052072888023,0.853973096164156,0.948624129246383,0.646270131900035,TRUE,0.483082208904888
REACTOME_RETROGRADE_TRANSPORT_AT_THE_TRANS_GOLGI_NETWORK,-1.212819270926,0.416355213469424,-0.298657674965406,0.897743280031715,TRUE,0.479289855650928
GOBP_NEGATIVE_REGULATION_OF_MUSCLE_CELL_APOPTOTIC_PROCESS,-2.15180869786253,0.110329177263751,-0.26833773555187,0.90957425069229,TRUE,0.477170691287984
GOBP_TRANSCRIPTION_PREINITIATION_COMPLEX_ASSEMBLY,-2.80219545541487,0.0308551621658652,-0.259594381915175,0.912058864440221,TRUE,0.475169254522234
REACTOME_FCGR3A_MEDIATED_IL10_SYNTHESIS,0.998779201791845,0.517016950260208,0.311407856004931,0.892867375307557,TRUE,0.47478363948327
GOBP_PEPTIDYL_ARGININE_METHYLATION,2.35807340524249,0.0761891211728521,0.263414700299518,0.91108101798459,TRUE,0.473892060019695
REACTOME_NEUROTRANSMITTER_RELEASE_CYCLE,0.75339185922365,0.639499951259796,0.345089007593433,0.879526394497877,TRUE,0.473357810558486
REACTOME_CELL_EXTRACELLULAR_MATRIX_INTERACTIONS,1.83292451523072,0.185058764402286,0.27159619098558,0.907905862948094,TRUE,0.47309139342779
KEGG_SYSTEMIC_LUPUS_ERYTHEMATOSUS,0.777488729311991,0.627285585332369,0.339938373690348,0.881713564337375,TRUE,0.473047867721784
GOBP_MYOBLAST_DIFFERENTIATION,-3.92530949564235,0.00185061251114557,-0.250373262502858,0.915080201485713,TRUE,0.470721844393165
HALLMARK_MITOTIC_SPINDLE,-0.614705852132215,0.710679947017901,-0.380173645287313,0.868579661334171,TRUE,0.469795518333015
GOBP_REGULATION_OF_MONOCYTE_CHEMOTAXIS,1.30435077837505,0.377519352939434,0.286453454179908,0.901834138933499,TRUE,0.469744520766954
GOBP_METANEPHRIC_GLOMERULUS_DEVELOPMENT,0.329336204146652,0.852499720163949,0.818257644801821,0.694679869161091,TRUE,0.469646760480521
GOBP_PROTEIN_CONTAINING_COMPLEX_DISASSEMBLY,0.426117579178936,0.80851749708715,0.522475623481747,0.814472100657255,TRUE,0.469402578963419
GOBP_MAMMARY_GLAND_EPITHELIAL_CELL_DIFFERENTIATION,-3.00426636526928,0.0201711613390874,-0.253536256991734,0.914297363480047,TRUE,0.46760994300379
GOBP_ANTEROGRADE_AXONAL_TRANSPORT,4.94311488136897,5.80363353681357e-05,0.244682453888218,0.917588940484837,TRUE,0.466284012601955
HALLMARK_UNFOLDED_PROTEIN_RESPONSE,-0.66533034622478,0.685773083152102,-0.358688464029731,0.875018183724049,TRUE,0.466097531744406
GOBP_POSITIVE_REGULATION_OF_VOLTAGE_GATED_POTASSIUM_CHANNEL_ACTIVITY,-0.486655715158418,0.778103059691276,-0.445375907213948,0.848303913897774,TRUE,0.465101667018201
GOBP_RESPONSE_TO_DSRNA,0.273834759573625,0.880301431469419,1.52173989593023,0.415665949118183,TRUE,0.464146981868282
GOBP_ACTIVATION_OF_INNATE_IMMUNE_RESPONSE,-0.326915204063881,0.853415489079069,-0.799827130903184,0.704062674219277,TRUE,0.464126786755884
REACTOME_EPH_EPHRIN_SIGNALING,2.06201950244644,0.126587680281667,0.259550916982632,0.912058864440221,TRUE,0.46106639558895
GOBP_REGULATION_OF_DNA_BINDING,0.273644362925962,0.880301431469419,1.4437614517043,0.445546631747545,TRUE,0.460085996335981
GOBP_NEURAL_CREST_CELL_DIFFERENTIATION,0.739302918048829,0.645870157590506,0.333528044651876,0.882126427291635,TRUE,0.459677740921133
GOBP_ISOPRENOID_METABOLIC_PROCESS,2.38858153834252,0.07209262684471,0.253820044610274,0.914297363480047,TRUE,0.458877921152234
REACTOME_NEPHRIN_FAMILY_INTERACTIONS,-0.790335753164515,0.619918391704399,-0.322316392646961,0.887121139324401,TRUE,0.457893637106358
REACTOME_PROTEIN_PROTEIN_INTERACTIONS_AT_SYNAPSES,1.2456152212618,0.403151195742097,0.280107363373494,0.905650094212228,TRUE,0.457364921931645
GOBP_METANEPHRIC_RENAL_VESICLE_MORPHOGENESIS,0.323268075592678,0.853973096164156,0.777817358833032,0.714258437837131,TRUE,0.456719365983946
GOBP_NEGATIVE_REGULATION_OF_EXTRINSIC_APOPTOTIC_SIGNALING_PATHWAY,1.34471443696744,0.360445067048334,0.273917480117377,0.907197921644293,TRUE,0.455126068087136
REACTOME_CELL_CELL_COMMUNICATION,2.16519963640984,0.108040995566715,0.253610357919902,0.914297363480047,TRUE,0.454039015917083
GOBP_NEGATIVE_REGULATION_OF_EPITHELIAL_CELL_MIGRATION,0.255971510993842,0.887997002438775,1.96121426079972,0.28406806403246,TRUE,0.452839797283632
GOBP_EMBRYONIC_HEART_TUBE_DEVELOPMENT,-0.750976146454735,0.640500808561813,-0.324119125642283,0.886525004809746,TRUE,0.452807743247437
GOBP_PROTEIN_DNA_COMPLEX_DISASSEMBLY,0.248740288424553,0.891084943414308,2.51310420628839,0.160312456169313,TRUE,0.452675931834535
REACTOME_HEPARAN_SULFATE_HEPARIN_HS_GAG_METABOLISM,0.300159677433076,0.867693218160038,0.916963771884057,0.658569833422297,TRUE,0.452272199900439
GOBP_LIPOPOLYSACCHARIDE_MEDIATED_SIGNALING_PATHWAY,0.258422336173342,0.886813189797871,1.80233803076186,0.325838043121474,TRUE,0.45203160149691
HALLMARK_OXIDATIVE_PHOSPHORYLATION,0.663689994496214,0.686472947248645,0.34242084957627,0.880910883746483,TRUE,0.451761936787734
GOBP_NEGATIVE_REGULATION_OF_RECEPTOR_INTERNALIZATION,0.578277121580705,0.729930430187443,0.368689730102541,0.871138839985746,TRUE,0.450289966330056
GOBP_REGULATION_OF_ASTROCYTE_DIFFERENTIATION,0.349301167381637,0.843312016852852,0.629097608252351,0.770087411407743,TRUE,0.449192158518699
GOBP_VACUOLAR_TRANSPORT,1.76416312112656,0.206343771139364,0.256699723358261,0.913187799381224,TRUE,0.448184978399642
GOBP_NEGATIVE_REGULATION_OF_CELL_AGING,0.264606083705873,0.884329746311466,1.45938827239219,0.438923663691274,TRUE,0.44798640320144
GOBP_TRIPARTITE_REGIONAL_SUBDIVISION,-0.352618194945638,0.841942506841163,-0.613936006162369,0.775598887224693,TRUE,0.44795212944487
GOBP_REGULATION_OF_KETONE_BIOSYNTHETIC_PROCESS,1.0068509403216,0.512624923616873,0.286754130145073,0.901794925136418,TRUE,0.446378376475461
REACTOME_MATURATION_OF_SARS_COV_2_NUCLEOPROTEIN,-0.280327183755808,0.877759184536559,-1.08775437813954,0.587408132830769,TRUE,0.445773307578913
GOBP_POSITIVE_REGULATION_OF_PHOSPHATIDYLINOSITOL_3_KINASE_SIGNALING,-0.345590884683802,0.846164159015171,-0.624854916010474,0.770527500779537,TRUE,0.445041161636419
GOBP_RESPONSE_TO_TUMOR_CELL,-1.36902352724254,0.35007451282505,-0.265198196784544,0.910726556578465,TRUE,0.444324739345247
GOBP_NEGATIVE_REGULATION_OF_MAP_KINASE_ACTIVITY,0.286382019326145,0.875163995248142,0.989391894175395,0.629295123936649,TRUE,0.444191632326439
GOBP_MYELOID_CELL_ACTIVATION_INVOLVED_IN_IMMUNE_RESPONSE,0.269330121273927,0.882258417832133,1.23351819536964,0.519257359664211,TRUE,0.442125265036038
GOBP_POSITIVE_REGULATION_OF_DOUBLE_STRAND_BREAK_REPAIR_VIA_HOMOLOGOUS_RECOMBINATION,-0.240892301260524,0.893831281227147,-2.57678208801019,0.148199359551676,TRUE,0.44059524364583
GOBP_REGULATION_OF_ENDOPLASMIC_RETICULUM_UNFOLDED_PROTEIN_RESPONSE,-3.02478278033078,0.0194371787761469,-0.236884291011756,0.92024633360226,TRUE,0.439360307910455
GOBP_PHOSPHATIDIC_ACID_METABOLIC_PROCESS,1.74363345564004,0.213353044643717,0.25108937808026,0.91505056868916,TRUE,0.438966088496665
GOBP_VITAMIN_D_METABOLIC_PROCESS,0.35668346802281,0.840299073419392,0.568951057091029,0.795101611238378,TRUE,0.438478536987401
REACTOME_FACTORS_INVOLVED_IN_MEGAKARYOCYTE_DEVELOPMENT_AND_PLATELET_PRODUCTION,3.28387417425618,0.0106292203240799,0.233449066479509,0.921240587142904,TRUE,0.435909530029959
GOBP_ADENYLATE_CYCLASE_ACTIVATING_ADRENERGIC_RECEPTOR_SIGNALING_PATHWAY,0.24643231773409,0.892025473412474,1.87568866629459,0.302171873240266,TRUE,0.435630493135252
GOBP_CENTRAL_NERVOUS_SYSTEM_PROJECTION_NEURON_AXONOGENESIS,-2.97040807604684,0.0217828625970813,-0.234937558017028,0.920527661453858,TRUE,0.435435362903893
GOBP_REGULATION_OF_MICROTUBULE_DEPOLYMERIZATION,0.266616003121397,0.883498425551673,1.18414155958687,0.541919138264964,TRUE,0.435236179858503
GOBP_REGULATION_OF_TRANSMEMBRANE_RECEPTOR_PROTEIN_SERINE_THREONINE_KINASE_SIGNALING_PATHWAY,1.29559500499798,0.380548256503849,0.261505824287063,0.911347155702493,TRUE,0.435174952517063
GOBP_ENDOTHELIAL_CELL_DEVELOPMENT,-0.357672626035521,0.840299073419392,-0.55538369467656,0.801312692034927,TRUE,0.435122215412416
GOBP_MULTICELLULAR_ORGANISM_AGING,-0.263612883872818,0.884593621311678,-1.22071945422236,0.525163112704998,TRUE,0.433592083751495
GOBP_CELLULAR_MODIFIED_AMINO_ACID_BIOSYNTHETIC_PROCESS,0.280896943800006,0.877759184536559,0.945107552085838,0.647835282076034,TRUE,0.433078057762581
GOBP_CELLULAR_RESPONSE_TO_CHOLESTEROL,-1.47265287878313,0.306512741746757,-0.252874134672687,0.914297363480047,TRUE,0.431631402454494
REACTOME_UPTAKE_AND_ACTIONS_OF_BACTERIAL_TOXINS,0.23639808340845,0.896141772274362,2.45544318646072,0.171874473416107,TRUE,0.431275105033116
REACTOME_CDC42_GTPASE_CYCLE,-0.83760676330744,0.597402207366218,-0.289416041792415,0.900622814043011,TRUE,0.430189758216148
GOBP_CARDIAC_VENTRICLE_DEVELOPMENT,0.354992549519716,0.840823173995343,0.545062187163244,0.804705469256966,TRUE,0.429958329381093
GOBP_PROTEIN_LOCALIZATION_TO_CHROMOSOME,-0.491953696574289,0.774512308541187,-0.380924080251351,0.868579661334171,TRUE,0.42937743260073
GOBP_INSULIN_SECRETION,-1.58597018536749,0.263661958647632,-0.247126364326634,0.916114000799404,TRUE,0.427620733785904
GOBP_ANATOMICAL_STRUCTURE_MATURATION,0.382110710020343,0.828975900452977,0.483664306756885,0.829977769576836,TRUE,0.426931496254816
GOBP_NEGATIVE_REGULATION_OF_PROTEIN_MODIFICATION_BY_SMALL_PROTEIN_CONJUGATION_OR_REMOVAL,-1.04028271446723,0.494980147664305,-0.26718677251676,0.910100224304292,TRUE,0.425172111090157
GOBP_REGULATION_OF_GASTRULATION,-1.62380613255548,0.250649937328782,-0.243882198848999,0.917588940484837,TRUE,0.424072264577804
KEGG_ADHERENS_JUNCTION,-0.244894431258878,0.892129979823031,-1.56684165113029,0.40273840538617,TRUE,0.423583543713793
GOBP_QUINONE_METABOLIC_PROCESS,4.12039825120791,0.00102497096723617,0.222732679947186,0.924551344238949,TRUE,0.422620160197267
REACTOME_GOLGI_TO_ER_RETROGRADE_TRANSPORT,4.00583993680812,0.0014414581036122,0.223070942483026,0.924499672437241,TRUE,0.422608333751274
GOBP_GLYCEROPHOSPHOLIPID_BIOSYNTHETIC_PROCESS,-1.21404344393502,0.416081612621721,-0.254667451909563,0.914297363480047,TRUE,0.421018665074517
GOBP_REGULATION_OF_TRANSLATION_IN_RESPONSE_TO_STRESS,-0.251382012176432,0.890211424656688,-1.29063372263034,0.500209085047764,TRUE,0.420802583078998
GOBP_ENSHEATHMENT_OF_NEURONS,0.264474706462158,0.884329746311466,1.01146458187387,0.617337942967015,TRUE,0.419309603259918
GOBP_REGULATION_OF_VASCULAR_ASSOCIATED_SMOOTH_MUSCLE_CELL_DIFFERENTIATION,-0.370874373483821,0.834327060858817,-0.481172667689766,0.831148473694827,TRUE,0.418884411408042
GOBP_REGULATION_OF_RELEASE_OF_SEQUESTERED_CALCIUM_ION_INTO_CYTOSOL,-1.3045417927479,0.377519352939434,-0.248612234004261,0.915903948041183,TRUE,0.417634109509646
GOBP_POSITIVE_REGULATION_OF_INTERLEUKIN_8_PRODUCTION,0.298595535630496,0.868404912609602,0.693349660139343,0.746352183905268,TRUE,0.417424498916706
GOBP_NUCLEAR_MEMBRANE_ORGANIZATION,1.03945072575155,0.494998871435888,0.260448170250575,0.911672232099701,TRUE,0.416529378431261
GOBP_POSITIVE_REGULATION_OF_EXCITATORY_POSTSYNAPTIC_POTENTIAL,-0.275123368506785,0.880141268107305,-0.856508642057934,0.681985056549307,TRUE,0.416470266938732
GOBP_GERM_CELL_DEVELOPMENT,-2.17247621194382,0.106404680942066,-0.229845050876985,0.922274542366504,TRUE,0.415708684089112
GOBP_RIBONUCLEOSIDE_TRIPHOSPHATE_METABOLIC_PROCESS,0.266110533045699,0.883498425551673,0.937868265503975,0.650024785494393,TRUE,0.414586410259966
GOBP_NEGATIVE_REGULATION_OF_BLOOD_CIRCULATION,0.226615431463061,0.901814267040588,2.4074830014318,0.180919091213956,TRUE,0.414238733295832
GOBP_ACTION_POTENTIAL,2.1474393067642,0.110982272855989,0.228789694493071,0.922274542366504,TRUE,0.413522419494955
GOBP_POSITIVE_REGULATION_OF_MAST_CELL_ACTIVATION_INVOLVED_IN_IMMUNE_RESPONSE,0.447803371881162,0.798785250179432,0.383320085969091,0.868579661334171,TRUE,0.41306023885001
GOBP_TRANSCRIPTION_INITIATION_FROM_RNA_POLYMERASE_II_PROMOTER,-0.603337944655398,0.716823592379736,-0.313990666028537,0.891527405030493,TRUE,0.413030795891984
GOBP_ACTIN_FILAMENT_POLYMERIZATION,0.503379903815302,0.769266579048923,0.349525785373305,0.877982486063537,TRUE,0.412576111174878
GOBP_LYSOSOMAL_TRANSPORT,1.37825756433436,0.34571459405675,0.242453569668527,0.917588940484837,TRUE,0.412366472204318
GOBP_FOREBRAIN_GENERATION_OF_NEURONS,1.37124353371028,0.348933472393699,0.24139618764039,0.91831596846321,TRUE,0.410523140391156
GOBP_IMMUNE_RESPONSE_TO_TUMOR_CELL,-0.445795883321503,0.800080595163432,-0.379304498372894,0.868579661334171,TRUE,0.409871059695117
GOBP_PHOSPHOLIPID_BIOSYNTHETIC_PROCESS,-0.882849940221314,0.574794986551876,-0.266824760995562,0.910100224304292,TRUE,0.409796308547388
GOBP_MEMBRANE_BIOGENESIS,1.06818941416136,0.4803041738309,0.253129535330711,0.914297363480047,TRUE,0.409273310060058
REACTOME_SIGNALLING_TO_ERKS,2.12939517969829,0.113962631546302,0.226388045166639,0.922770950941832,TRUE,0.409264831357138
GOBP_PROTEIN_TARGETING_TO_MEMBRANE,0.636384386313696,0.701933497954421,0.300840595037955,0.897245352555275,TRUE,0.408547064495378
GOBP_OOGENESIS,-0.464248035965058,0.79046076060953,-0.364605220689983,0.872504643546907,TRUE,0.40843721430506
GOBP_NEGATIVE_REGULATION_OF_AMINE_TRANSPORT,0.30109222174416,0.867076801748526,0.634191042997945,0.767635918813448,TRUE,0.408325471747107
GOBP_LONG_TERM_SYNAPTIC_POTENTIATION,0.33934721808274,0.847793443261036,0.511687487251484,0.818892208224968,TRUE,0.40806731908388
GOBP_NEGATIVE_REGULATION_OF_CELL_DEVELOPMENT,1.44070070573512,0.319108487083403,0.237575196603782,0.920051519695105,TRUE,0.407888539584252
GOBP_HISTONE_H3_DEACETYLATION,-2.96716646954788,0.0219514051624189,-0.218946247851638,0.925433674801715,TRUE,0.407800993173236
REACTOME_SIGNALING_BY_TGFB_FAMILY_MEMBERS,0.63358080198039,0.702805294832691,0.300525154135153,0.897245352555275,TRUE,0.4076774522754
GOBP_VESICLE_MEDIATED_TRANSPORT_IN_SYNAPSE,0.266174481101541,0.883498425551673,0.868435307960791,0.67745259945864,TRUE,0.40746223009014
GOBP_PROSTANOID_BIOSYNTHETIC_PROCESS,1.37833221694247,0.34571459405675,0.238930205697705,0.919672457987603,TRUE,0.407262538847859
GOBP_NEGATIVE_REGULATION_OF_ION_TRANSMEMBRANE_TRANSPORT,-0.716823312397037,0.656901563320551,-0.283980454829108,0.903220983971823,TRUE,0.406800647545165
GOBP_RETROGRADE_TRANSPORT_ENDOSOME_TO_GOLGI,-0.91629121413706,0.55690086842201,-0.260680652542604,0.911672232099701,TRUE,0.40588802227558
KEGG_HISTIDINE_METABOLISM,-2.5911837086093,0.0485683832613706,-0.220136801737632,0.924800892787215,TRUE,0.405798550701368
KEGG_MELANOGENESIS,1.17659722604136,0.431377534832113,0.244263259209816,0.917588940484837,TRUE,0.404542847370811
GOBP_O_GLYCAN_PROCESSING,3.8054593997156,0.00266958169247973,0.21352112126563,0.926167465728309,TRUE,0.404354265324841
GOBP_HOMOLOGOUS_RECOMBINATION,-0.219277196416272,0.906156155432805,-2.57799789835449,0.148199359551676,TRUE,0.404176301841018
GOBP_NOREPINEPHRINE_TRANSPORT,1.03906186152297,0.495139186703879,0.25059263963231,0.915080201485713,TRUE,0.403800016806133
REACTOME_NEUREXINS_AND_NEUROLIGINS,1.7504904220345,0.211438508097185,0.228136516548449,0.922274542366504,TRUE,0.403664560859949
GOBP_FATTY_ACID_CATABOLIC_PROCESS,-1.82300834887754,0.187867333802507,-0.226771763003272,0.922770950941832,TRUE,0.403366990291768
GOBP_NEGATIVE_REGULATION_OF_CELL_SUBSTRATE_JUNCTION_ORGANIZATION,-0.366281717419998,0.836345457584092,-0.448415514051803,0.847044138166512,TRUE,0.403208451581318
GOBP_RESPONSE_TO_HEAT,0.245546747250069,0.892025473412474,1.10750523779584,0.578016800832686,TRUE,0.401971707973889
REACTOME_LYSOSOME_VESICLE_BIOGENESIS,3.82159927989379,0.00253792133795049,0.211715334158636,0.927096591334814,TRUE,0.401204094391334
REACTOME_DISORDERS_OF_TRANSMEMBRANE_TRANSPORTERS,-1.20869727377359,0.417854205449779,-0.238000420508544,0.919880790806777,TRUE,0.397692566405023
GOBP_POSITIVE_REGULATION_OF_SUBSTRATE_ADHESION_DEPENDENT_CELL_SPREADING,0.228895836729123,0.900804774057653,1.4945840606427,0.426755861409552,TRUE,0.396992236050451
REACTOME_IL_6_TYPE_CYTOKINE_RECEPTOR_LIGAND_INTERACTIONS,2.42437903684598,0.0669750606908487,0.215888729292058,0.926167465728309,TRUE,0.396471991439384
GOBP_REGULATION_OF_VACUOLE_ORGANIZATION,-0.245801363171544,0.892025473412474,-1.01857137398589,0.615136227124852,TRUE,0.396032316824734
GOBP_ENDOSOME_TO_LYSOSOME_TRANSPORT,0.241081226383563,0.893831281227147,1.10485170271251,0.579034216425472,TRUE,0.395798330962578
GOBP_CHEMOKINE_PRODUCTION,0.228626928734809,0.900804774057653,1.46987119777069,0.436419922483091,TRUE,0.395705043576896
GOBP_RESPONSE_TO_CAMP,0.253750093734652,0.889353985627314,0.89350359928352,0.668233065018468,TRUE,0.395251065130981
REACTOME_INTERLEUKIN_1_SIGNALING,0.443299298716407,0.801351233053737,0.355238193558864,0.875969887858434,TRUE,0.394413145544936
GOBP_GLUCOCORTICOID_BIOSYNTHETIC_PROCESS,0.222629204866878,0.904064431963254,1.7038287574794,0.359443512838053,TRUE,0.393802562963767
GOBP_PROTEIN_LOCALIZATION_TO_CYTOSKELETON,-1.36757439857775,0.350393730180202,-0.229334638333822,0.922274542366504,TRUE,0.392799054727612
GOBP_ANTIGEN_PROCESSING_AND_PRESENTATION_OF_PEPTIDE_ANTIGEN_VIA_MHC_CLASS_I,-4.23745373804791,0.000685741719237908,-0.205922290206393,0.92871596426214,TRUE,0.392758196845783
GOBP_REGULATION_OF_PRESYNAPSE_ORGANIZATION,2.36955066471381,0.0743732534989973,0.213707372966714,0.926167465728309,TRUE,0.392055644678997
GOBP_REGULATION_OF_NITRIC_OXIDE_METABOLIC_PROCESS,1.42313877408984,0.327924801980713,0.226517600275762,0.922770950941832,TRUE,0.390828035432761
GOBP_CELLULAR_RESPONSE_TO_UV,-0.382526915174659,0.828929456132195,-0.398413802019509,0.863494922984668,TRUE,0.390308762993177
GOBP_NEUROBLAST_PROLIFERATION,-0.86700511528468,0.582244645956111,-0.251832896496699,0.915012296067765,TRUE,0.390298518928509
REACTOME_TRANSLESION_SYNTHESIS_BY_POLH,-4.4153342287876,0.000373595296564672,-0.204120369477804,0.928787039924299,TRUE,0.390201758660662
GOBP_PROTEIN_NEDDYLATION,-0.250542073848456,0.890740546934538,-0.881474503365793,0.67108065017079,TRUE,0.390182360511502
GOBP_REGULATION_OF_RECEPTOR_INTERNALIZATION,-1.93317201972201,0.157397779967745,-0.216807223545235,0.926167465728309,TRUE,0.389888097332821
REACTOME_KINESINS,3.8086784771283,0.00264475895485466,0.2052750490607,0.92871596426214,TRUE,0.389554416187395
GOBP_DETECTION_OF_EXTERNAL_BIOTIC_STIMULUS,0.681565082245058,0.676584881724271,0.272668577232318,0.907361531052533,TRUE,0.389509171933363
GOBP_TROPHOBLAST_CELL_MIGRATION,0.207797979483607,0.911531940389414,2.96198425174417,0.106659237658179,TRUE,0.388351184955882
GOBP_RESPONSE_TO_LEAD_ION,2.65765771389667,0.0427376581584738,0.209359595816888,0.927535060115906,TRUE,0.388142856979564
GOBP_TELOMERE_MAINTENANCE_VIA_RECOMBINATION,0.343323300068776,0.8469840624465,0.444037944671315,0.848759033895615,TRUE,0.387239208276338
GOBP_DETECTION_OF_MECHANICAL_STIMULUS_INVOLVED_IN_SENSORY_PERCEPTION,0.813542213807335,0.608913063743354,0.253978492472934,0.914297363480047,TRUE,0.387106730221369
KEGG_CITRATE_CYCLE_TCA_CYCLE,0.38996614031642,0.824818672454367,0.383183729147122,0.868579661334171,TRUE,0.386545185582812
REACTOME_NEGATIVE_REGULATION_OF_NMDA_RECEPTOR_MEDIATED_NEURONAL_TRANSMISSION,-0.311768410220698,0.860660030053779,-0.508021033241351,0.819459202608232,TRUE,0.386403877618765
GOBP_L_AMINO_ACID_TRANSPORT,0.268888130388963,0.882447413297023,0.682377322664495,0.750572701971719,TRUE,0.385766479634304
GOBP_VESICLE_BUDDING_FROM_MEMBRANE,0.35673767561576,0.840299073419392,0.419486602637844,0.85794152314078,TRUE,0.385575869679471
REACTOME_RNA_POLYMERASE_I_TRANSCRIPTION_TERMINATION,-1.6738851309636,0.235499163457434,-0.216620470788115,0.926167465728309,TRUE,0.383598741816563
GOBP_ARF_PROTEIN_SIGNAL_TRANSDUCTION,0.286597962813924,0.875163995248142,0.579052541855711,0.789204018393483,TRUE,0.383423282174152
GOBP_SPROUTING_ANGIOGENESIS,0.46071181507329,0.792254934856472,0.326753201733798,0.885257207332386,TRUE,0.382338408535717
GOBP_REGULATION_OF_MITOCHONDRIAL_FISSION,-0.837695503378927,0.597402207366218,-0.247595273517529,0.915903948041183,TRUE,0.382219128179871
GOBP_SUPEROXIDE_ANION_GENERATION,0.40048601331799,0.819172066902841,0.365305944716941,0.872474786136811,TRUE,0.382087902350044
HALLMARK_FATTY_ACID_METABOLISM,-0.63807845113694,0.701357294095717,-0.271017970594089,0.908116383219797,TRUE,0.380445292211518
GOBP_REGULATION_OF_REACTIVE_OXYGEN_SPECIES_METABOLIC_PROCESS,0.216789481885331,0.907323317626842,1.54443802839219,0.409708617088738,TRUE,0.380209732161618
GOBP_INOSITOL_PHOSPHATE_BIOSYNTHETIC_PROCESS,0.620560847631465,0.708276609840185,0.273935878078463,0.907197921644293,TRUE,0.380088324106772
GOBP_REGULATION_OF_RESPONSE_TO_TUMOR_CELL,-0.219869507751098,0.905843209249011,-1.3619686585602,0.475973857330397,TRUE,0.378616959569709
GOBP_RUFFLE_ORGANIZATION,2.33236471473859,0.0796073126269682,0.205962265259059,0.92871596426214,TRUE,0.378500582346806
GOBP_STEM_CELL_DIFFERENTIATION,-0.64461584158226,0.697791198222367,-0.267001451565782,0.910100224304292,TRUE,0.377600044883772
GOBP_FATTY_ACID_TRANSMEMBRANE_TRANSPORT,0.214173278306633,0.908004044419393,1.58057615350795,0.399534937254213,TRUE,0.377230570919114
GOBP_EXPORT_ACROSS_PLASMA_MEMBRANE,-0.334878349650381,0.84939715656693,-0.42965334975148,0.853367848682424,TRUE,0.37639146891908
GOBP_MATURATION_OF_5_8S_RRNA,-0.20917502041314,0.911300485724395,-1.8578999335983,0.307627880524672,TRUE,0.376015640634427
GOBP_POSITIVE_REGULATION_OF_NF_KAPPAB_TRANSCRIPTION_FACTOR_ACTIVITY,0.440184198266593,0.802392364025602,0.327893530945275,0.885257207332386,TRUE,0.375830584709311
GOBP_PITUITARY_GLAND_DEVELOPMENT,0.448412215221097,0.798785250179432,0.322978487790372,0.887121139324401,TRUE,0.375497134236754
REACTOME_DECTIN_1_MEDIATED_NONCANONICAL_NF_KB_SIGNALING,0.576719167848418,0.73017685808483,0.278272997641672,0.906412855917304,TRUE,0.375407818018071
REACTOME_REGULATION_OF_RUNX2_EXPRESSION_AND_ACTIVITY,0.581828954494916,0.727925138009757,0.276875893727087,0.906803061995362,TRUE,0.375203219373063
GOBP_REGULATION_OF_PEPTIDYL_TYROSINE_PHOSPHORYLATION,0.498628962591265,0.771750421887669,0.298594795788979,0.897743280031715,TRUE,0.373516247337917
REACTOME_RUNX2_REGULATES_BONE_DEVELOPMENT,0.369479328315095,0.834763715506115,0.375263734574115,0.868928310384465,TRUE,0.372349067753812
GOBP_SULFATION,1.628145110726,0.24930599085151,0.210103161892736,0.927470299846401,TRUE,0.372178710437642
GOBP_BINDING_OF_SPERM_TO_ZONA_PELLUCIDA,0.203663754060288,0.913754025775719,2.15164421377697,0.234935644325928,TRUE,0.372105851093688
GOBP_POSITIVE_REGULATION_OF_WNT_SIGNALING_PATHWAY,-1.70226578430254,0.226897618852599,-0.207765706748393,0.927753391543092,TRUE,0.370331542078008
GOBP_EMBRYONIC_CRANIAL_SKELETON_MORPHOGENESIS,0.887726737391646,0.572623734371318,0.232861754399041,0.921367028990598,TRUE,0.368944723259871
GOBP_POSITIVE_REGULATION_OF_JNK_CASCADE,0.231438984945742,0.898845726752201,0.886978696819929,0.671008059962492,TRUE,0.367092639194364
GOBP_NEGATIVE_REGULATION_OF_LYMPHOCYTE_APOPTOTIC_PROCESS,0.271099941187835,0.881308586177259,0.567848522723926,0.795514633718193,TRUE,0.366992032850892
GOBP_RESPONSE_TO_AMPHETAMINE,0.624754716641727,0.705685707587206,0.258569574524831,0.912519724642274,TRUE,0.365760486561719
GOBP_NEGATIVE_REGULATION_OF_WNT_SIGNALING_PATHWAY,-2.4974578189187,0.0588196112972542,-0.196375951567128,0.931506449462671,TRUE,0.36412094989846
GOBP_SYNAPTIC_VESICLE_PRIMING,-0.96809926983517,0.530989706905601,-0.223023105665653,0.924499672437241,TRUE,0.362529510304109
GOBP_MOTOR_NEURON_AXON_GUIDANCE,3.34412826997832,0.00917940635526948,0.191420295676487,0.933745087027804,TRUE,0.362112984919946
KEGG_FC_GAMMA_R_MEDIATED_PHAGOCYTOSIS,0.243548873212789,0.893090764681148,0.700824208925495,0.743578248283952,TRUE,0.361477788031775
REACTOME_THE_ROLE_OF_GTSE1_IN_G2_M_PROGRESSION_AFTER_G2_CHECKPOINT,0.412776362094508,0.814373047369225,0.321415174697022,0.887726543003274,TRUE,0.361411375329104
GOBP_REGULATION_OF_CELL_MORPHOGENESIS_INVOLVED_IN_DIFFERENTIATION,0.248372979014428,0.891084943414308,0.659656288236482,0.75751898943928,TRUE,0.360871181896876
REACTOME_REGULATION_OF_RUNX3_EXPRESSION_AND_ACTIVITY,0.84075265697262,0.595984122281883,0.228836032004484,0.922274542366504,TRUE,0.359754181960987
GOBP_REGULATION_OF_EXIT_FROM_MITOSIS,-0.366938834453834,0.836099942589153,-0.352392699367792,0.876906514523812,TRUE,0.359518692831621
GOBP_LENS_FIBER_CELL_DIFFERENTIATION,0.258018867426715,0.886813189797871,0.586771461631616,0.785777274103666,TRUE,0.358427654202121
GOBP_POSITIVE_REGULATION_OF_NEUTROPHIL_MIGRATION,1.49962482960348,0.295928833576025,0.203287587571588,0.928787039924299,TRUE,0.358039686360692
REACTOME_RRNA_PROCESSING,-3.00761833588767,0.0200554761166401,-0.189979850757307,0.93415208323697,TRUE,0.357385042919603
GOBP_G0_TO_G1_TRANSITION,0.508158968276738,0.766939874309111,0.275199078937202,0.907066310134601,TRUE,0.357039493041028
GOBP_REGULATION_OF_TRANSCRIPTION_INVOLVED_IN_G1_S_TRANSITION_OF_MITOTIC_CELL_CYCLE,-0.203577771536495,0.913754025775719,-1.43813980433063,0.446719543628172,TRUE,0.356667067255979
GOBP_REGULATION_OF_LAMELLIPODIUM_ORGANIZATION,2.472789492825,0.061377493527734,0.191232444457214,0.933745087027804,TRUE,0.355010274294858
GOBP_CARDIOCYTE_DIFFERENTIATION,0.242064727156606,0.893685105396831,0.659861301148239,0.75751898943928,TRUE,0.354195667518011
GOBP_SEGMENT_SPECIFICATION,-0.311866994538706,0.860660030053779,-0.402582022792719,0.861402652606899,TRUE,0.351465373897872
REACTOME_RHOA_GTPASE_CYCLE,0.248500649697613,0.891084943414308,0.59514865502912,0.783034989491934,TRUE,0.350607359273061
GOBP_SCF_DEPENDENT_PROTEASOMAL_UBIQUITIN_DEPENDENT_PROTEIN_CATABOLIC_PROCESS,-0.191256368068017,0.921718527761897,-1.96795366728673,0.28098196556396,TRUE,0.348630901828462
GOBP_CARBOHYDRATE_CATABOLIC_PROCESS,0.190428821160692,0.922007635477408,1.99461159557237,0.272061936421135,TRUE,0.347665454523897
REACTOME_ASSOCIATION_OF_TRIC_CCT_WITH_TARGET_PROTEINS_DURING_BIOSYNTHESIS,0.204042942394547,0.913754025775719,1.17078535906946,0.546266563835945,TRUE,0.347520471207354
GOBP_POSITIVE_REGULATION_OF_LEUKOCYTE_CELL_CELL_ADHESION,0.188275075422452,0.923027441381127,2.20616369875212,0.223862046812428,TRUE,0.346941956718036
GOBP_GRANULOCYTE_ACTIVATION,0.238796315942584,0.895049475211492,0.62745162531575,0.770227528359249,TRUE,0.345935913775302
GOBP_EOSINOPHIL_CHEMOTAXIS,-0.425364283189079,0.808800841785234,-0.290449144787002,0.900493586588252,TRUE,0.345192441065335
REACTOME_TRANSCRIPTIONAL_REGULATION_BY_RUNX3,-0.537610387477184,0.750523967397984,-0.254127233816131,0.914297363480047,TRUE,0.345117970817711
GOBP_POSITIVE_REGULATION_OF_NEURON_MIGRATION,-1.88153940349723,0.170868582024838,-0.189409098507148,0.934167377610999,TRUE,0.344171457549197
GOBP_TUMOR_NECROSIS_FACTOR_MEDIATED_SIGNALING_PATHWAY,0.183997483428107,0.925052285659176,2.59012467461807,0.147974141388155,TRUE,0.343587192447519
GOBP_POSITIVE_REGULATION_OF_SMOOTHENED_SIGNALING_PATHWAY,-2.1971655236732,0.101470497789486,-0.18565156306909,0.93608256180144,TRUE,0.342373920399507
GOBP_REGULATION_OF_DENDRITE_MORPHOGENESIS,0.743264302718914,0.64372589572822,0.221250470881544,0.924738492359528,TRUE,0.340995454848518
REACTOME_ANTIGEN_PROCESSING_CROSS_PRESENTATION,0.716750365790058,0.656901563320551,0.223511697699978,0.924476945074784,TRUE,0.340760512000629
GOBP_GLANDULAR_EPITHELIAL_CELL_DEVELOPMENT,1.48965516946937,0.299034583218515,0.191192006018779,0.933745087027804,TRUE,0.338888822589572
GOBP_DEVELOPMENT_OF_PRIMARY_SEXUAL_CHARACTERISTICS,-2.31668190287303,0.0819728234119857,-0.182723439691435,0.936708111397921,TRUE,0.338730240153467
REACTOME_TCR_SIGNALING,0.43819082267102,0.803010790034949,0.275724405207208,0.907066310134601,TRUE,0.338471289672035
GOBP_RESPONSE_TO_CHOLESTEROL,0.190274125990918,0.922007635477408,1.51589852308138,0.417666786593511,TRUE,0.338109120114034
REACTOME_BETA_CATENIN_INDEPENDENT_WNT_SIGNALING,2.02321219539699,0.13488631924228,0.184020404180646,0.936407107845439,TRUE,0.337356675514315
GOBP_CELLULAR_RESPONSE_TO_ESTRADIOL_STIMULUS,-2.8552089349913,0.0275779445120933,-0.178751424273863,0.938337346428076,TRUE,0.33643990249943
GOBP_REGULATION_OF_ATP_METABOLIC_PROCESS,0.263345772697349,0.884593621311678,0.462470984903528,0.839986989049558,TRUE,0.335593736557113
GOBP_SNRNA_METABOLIC_PROCESS,-5.48227374292823,6.97430118342645e-06,-0.173038689288201,0.940641516242176,TRUE,0.335488259637541
GOBP_NEGATIVE_REGULATION_OF_TRANSPORTER_ACTIVITY,-1.7734022968679,0.203824579860654,-0.184664206447876,0.936253114350279,TRUE,0.334497247472843
GOBP_PROTEIN_HOMOOLIGOMERIZATION,-1.22228862575874,0.413110308277322,-0.193645345512699,0.932799272898268,TRUE,0.334324210102477
GOBP_MEMBRANE_DEPOLARIZATION_DURING_ACTION_POTENTIAL,3.03803478322694,0.0187766183472563,0.176550383248627,0.939227780580795,TRUE,0.333707882992219
GOBP_PHOSPHATIDYLINOSITOL_3_KINASE_SIGNALING,-0.29095518483452,0.872981470317812,-0.388754050411286,0.866927583323062,TRUE,0.332818801709174
GOBP_REGULATION_OF_DNA_STRAND_ELONGATION,-0.18235707465998,0.925200131501614,-1.88821607810408,0.300008243627032,TRUE,0.332593475260071
GOBP_REGULATION_OF_SIGNAL_TRANSDUCTION_BY_P53_CLASS_MEDIATOR,-0.183905112574572,0.925052285659176,-1.66885981618269,0.367975609460852,TRUE,0.331301448556798
GOBP_REGULATION_OF_CENTRIOLE_REPLICATION,-0.171740550964698,0.930117152473751,-4.26881398365775,0.0291642621688389,TRUE,0.330196807539725
REACTOME_CARDIAC_CONDUCTION,0.228472117010993,0.900804774057653,0.594879479981233,0.783034989491934,TRUE,0.330146621817979
GOBP_MONOCYTE_CHEMOTACTIC_PROTEIN_1_PRODUCTION,0.241882671935741,0.893685105396831,0.511248618457445,0.818892208224968,TRUE,0.328394752504262
GOBP_PIGMENT_GRANULE_ORGANIZATION,1.56244443731174,0.272271115569121,0.182508268868464,0.936708111397921,TRUE,0.326838691326088
GOBP_NEGATIVE_REGULATION_OF_OSTEOCLAST_DIFFERENTIATION,2.21195224437308,0.0991991356562769,0.176195401197736,0.93927890150716,TRUE,0.326391723602494
REACTOME_DISASSEMBLY_OF_THE_DESTRUCTION_COMPLEX_AND_RECRUITMENT_OF_AXIN_TO_THE_MEMBRANE,1.35076300899217,0.357219677444792,0.185476850669971,0.93608256180144,TRUE,0.326166864287014
GOBP_REGULATION_OF_B_CELL_ACTIVATION,-2.07720554118596,0.123833589840483,-0.176612722112034,0.939227780580795,TRUE,0.325546146279097
GOBP_EXTRINSIC_APOPTOTIC_SIGNALING_PATHWAY_VIA_DEATH_DOMAIN_RECEPTORS,0.183574480799688,0.925138625982899,1.39071646935451,0.461906656008016,TRUE,0.324336557707231
GOBP_PROTEIN_LOCALIZATION_TO_CHROMATIN,-0.890498149728061,0.571224398980897,-0.198164284666077,0.931151766355107,TRUE,0.324186677637192
GOBP_REGULATION_OF_HYDROGEN_PEROXIDE_METABOLIC_PROCESS,0.170325153775998,0.930537212595235,3.34335581794618,0.0685670033311532,TRUE,0.324137335405525
REACTOME_INTERLEUKIN_1_FAMILY_SIGNALING,0.295563231584528,0.870142084635494,0.358813096295653,0.875018183724049,TRUE,0.324131401939748
REACTOME_METABOLISM_OF_AMINE_DERIVED_HORMONES,2.69853909428066,0.0390520537938424,0.170397336896233,0.941486923583667,TRUE,0.320553547425356
GOBP_POSITIVE_REGULATION_OF_TYPE_2_IMMUNE_RESPONSE,0.174128272189212,0.928872976047482,1.89217321546417,0.299105891695098,TRUE,0.318908789119308
GOBP_NEUTROPHIL_MEDIATED_IMMUNITY,0.280764979521565,0.877759184536559,0.365147585898378,0.872474786136811,TRUE,0.317444372398772
GOBP_HEART_FIELD_SPECIFICATION,0.170393626048925,0.930537212595235,2.22879820420081,0.219617864173097,TRUE,0.316584112163783
GOBP_RESPONSE_TO_NUTRIENT,1.91099344077869,0.162646321075517,0.172515638022356,0.940890090515023,TRUE,0.31646250649619
GOBP_CELLULAR_RESPONSE_TO_INSULIN_STIMULUS,-1.49385602697041,0.298036405940441,-0.176967448187523,0.939227780580795,TRUE,0.316447420069336
GOBP_CONNECTIVE_TISSUE_DEVELOPMENT,0.858949204367385,0.586863538138652,0.192970425750981,0.933097429755805,TRUE,0.315141554391546
GOBP_NUCLEOSIDE_METABOLIC_PROCESS,-1.26315014393012,0.395447349465509,-0.179814531888597,0.937823945822529,TRUE,0.31481401539776
GOBP_NEGATIVE_REGULATION_OF_PROTEASOMAL_UBIQUITIN_DEPENDENT_PROTEIN_CATABOLIC_PROCESS,-4.13002542158975,0.000993436895364563,-0.162434231592786,0.94513542833009,TRUE,0.31257486849863
GOBP_REGULATION_OF_CELL_CYCLE_G2_M_PHASE_TRANSITION,-0.62972594585367,0.70325555596463,-0.207719860481249,0.927753391543092,TRUE,0.312394150462397
REACTOME_FERTILIZATION,-0.56715625268742,0.734403905736009,-0.2154332305395,0.926167465728309,TRUE,0.312256441866085
GOBP_PROTEIN_HETEROTETRAMERIZATION,-1.61124106375805,0.254779633035323,-0.171781308829944,0.941119921280199,TRUE,0.310462844469159
REACTOME_G2_M_CHECKPOINTS,-0.170750213125743,0.930537212595235,-1.68176831643236,0.364932252642344,TRUE,0.310023671965588
HALLMARK_HEDGEHOG_SIGNALING,0.353568165029753,0.841684751918818,0.274869381592451,0.907066310134601,TRUE,0.309291077195712
REACTOME_UCH_PROTEINASES,0.635680577959668,0.701933497954421,0.203802990342744,0.928787039924299,TRUE,0.308650717137835
GOBP_RNA_INTERFERENCE,-1.03618054397286,0.496245079995877,-0.181326039414099,0.937056145608701,TRUE,0.308641475488153
KEGG_PYRIMIDINE_METABOLISM,-1.87318909852646,0.173331987028753,-0.168119684448154,0.942809708363491,TRUE,0.308547107407324
GOBP_POSITIVE_REGULATION_OF_PATTERN_RECOGNITION_RECEPTOR_SIGNALING_PATHWAY,1.2066898726497,0.417854205449779,0.176698458746879,0.939227780580795,TRUE,0.308257971884751
GOBP_ACTIVATION_OF_GTPASE_ACTIVITY,0.198460404202466,0.917138945565492,0.662538055562928,0.75740495097406,TRUE,0.305430442564003
GOBP_DENDRITIC_CELL_CHEMOTAXIS,0.164139027257936,0.93198934688683,2.19204172397504,0.228077735995252,TRUE,0.305409163616834
KEGG_PROSTATE_CANCER,0.284046446219266,0.876272200325015,0.32956796936419,0.884081442519429,TRUE,0.30511868074868
GOBP_RESPONSE_TO_ENDOPLASMIC_RETICULUM_STRESS,-1.37235224345838,0.348642296430474,-0.171236661424024,0.941386833355061,TRUE,0.304481349566951
GOBP_REGULATION_OF_EPITHELIAL_CELL_DIFFERENTIATION_INVOLVED_IN_KIDNEY_DEVELOPMENT,2.91114938087565,0.0246604793124936,0.16053382381684,0.945161643250396,TRUE,0.304287851755064
GOBP_ANTIGEN_PROCESSING_AND_PRESENTATION_OF_EXOGENOUS_PEPTIDE_ANTIGEN_VIA_MHC_CLASS_II,0.172639734302307,0.92974478860614,1.25123512308165,0.513773750251618,TRUE,0.303415567847591
GOBP_T_CELL_PROLIFERATION,0.165291039777914,0.931671806172429,1.82392660500595,0.320309830064021,TRUE,0.303112860285121
GOBP_REGULATION_OF_CHROMOSOME_ORGANIZATION,-0.177559425849359,0.926828608532561,-1.03324811457128,0.608903401093867,TRUE,0.303042285183446
GOBP_MONOSACCHARIDE_BIOSYNTHETIC_PROCESS,-0.864884022208752,0.583657541747589,-0.183063012579429,0.936708111397921,TRUE,0.302168467262948
GOBP_POLYOL_BIOSYNTHETIC_PROCESS,1.28366019224298,0.386293021303456,0.170992649100353,0.941396171030393,TRUE,0.301785347785932
GOBP_POSITIVE_REGULATION_OF_SYNAPSE_ASSEMBLY,0.732670689241805,0.649237809222414,0.189521645374295,0.934167377610999,TRUE,0.301145323660558
GOBP_POSITIVE_REGULATION_OF_REPRODUCTIVE_PROCESS,0.177675099338905,0.926828608532561,0.983924438092879,0.63233021467351,TRUE,0.300996800784961
REACTOME_WNT_LIGAND_BIOGENESIS_AND_TRAFFICKING,2.64110234936435,0.0440472702706271,0.159500429632185,0.945433905473636,TRUE,0.300833065356826
GOBP_NITRIC_OXIDE_SYNTHASE_BIOSYNTHETIC_PROCESS,0.207228189471366,0.911800250382107,0.544490987350025,0.804705469256966,TRUE,0.300202216389197
GOBP_LUNG_ALVEOLUS_DEVELOPMENT,-0.343881658745731,0.8469840624465,-0.266140590556353,0.910503137311327,TRUE,0.300057474443906
GOBP_REGULATION_OF_NEUROBLAST_PROLIFERATION,-0.276685256927131,0.879753160150464,-0.326325182723454,0.885257207332386,TRUE,0.299462036099906
REACTOME_SIGNALING_BY_SCF_KIT,-0.432137316935718,0.80606506846218,-0.229049159337103,0.922274542366504,TRUE,0.299403247689766
REACTOME_SENSORY_PROCESSING_OF_SOUND_BY_OUTER_HAIR_CELLS_OF_THE_COCHLEA,1.97537902452217,0.146669405921977,0.161516171813089,0.94513542833009,TRUE,0.298616102902819
GOBP_REGULATION_OF_SMALL_GTPASE_MEDIATED_SIGNAL_TRANSDUCTION,0.429086436940306,0.807233051486641,0.227658163163127,0.922274542366504,TRUE,0.297482552750814
GOBP_CELLULAR_RESPONSE_TO_ESTROGEN_STIMULUS,-6.21693380515766,5.22071010627353e-07,-0.152079989544371,0.948766563643527,TRUE,0.296897214721972
GOBP_POSITIVE_REGULATION_OF_CELLULAR_PROTEIN_CATABOLIC_PROCESS,0.169275572137301,0.931036317113634,1.20324782985897,0.534089001984096,TRUE,0.296797073953127
GOBP_ARTERY_DEVELOPMENT,0.241778478763051,0.893685105396831,0.377445357687737,0.868928310384465,TRUE,0.294750166340437
GOBP_POSITIVE_REGULATION_OF_BMP_SIGNALING_PATHWAY,0.343083153412758,0.8469840624465,0.258074350278507,0.912754110527192,TRUE,0.294568266601794
GOBP_FC_RECEPTOR_SIGNALING_PATHWAY,0.182558753804607,0.925200131501614,0.754600984862525,0.724025529868281,TRUE,0.293992602823843
GOBP_KIDNEY_EPITHELIUM_DEVELOPMENT,0.166132267779896,0.931585905024067,1.27254581856498,0.506567308661698,TRUE,0.293896076820268
GOBP_POSITIVE_REGULATION_OF_TRANSCRIPTION_REGULATORY_REGION_DNA_BINDING,0.5468794545173,0.745452694972878,0.20048327597637,0.930011440291141,TRUE,0.293405544944356
HALLMARK_PEROXISOME,1.60191316344327,0.258148166116805,0.161018518631215,0.94513542833009,TRUE,0.292623573762038
GOBP_LYMPHOCYTE_CHEMOTAXIS,0.158681786846635,0.934047201782848,1.87551349783917,0.302171873240266,TRUE,0.2926069442129
GOBP_CARBOHYDRATE_TRANSPORT,-0.630737305630719,0.70325555596463,-0.189891038512374,0.93415208323697,TRUE,0.291901596744821
GOBP_POSITIVE_REGULATION_OF_INTERFERON_GAMMA_PRODUCTION,0.153479988179004,0.935698245171468,2.74078761315677,0.125600805968918,TRUE,0.290682209395095
GOBP_REGULATION_OF_RECEPTOR_SIGNALING_PATHWAY_VIA_STAT,-0.32483373649058,0.853973096164156,-0.261695898933344,0.911347155702493,TRUE,0.289866535433759
REACTOME_SYNTHESIS_OF_ACTIVE_UBIQUITIN_ROLES_OF_E1_AND_E2_ENZYMES,-0.972777442630104,0.530236236571741,-0.170050402502965,0.941486923583667,TRUE,0.289494513752932
REACTOME_RESPIRATORY_ELECTRON_TRANSPORT_ATP_SYNTHESIS_BY_CHEMIOSMOTIC_COUPLING_AND_HEAT_PRODUCTION_BY_UNCOUPLING_PROTEINS,0.196710539307575,0.918240939273688,0.534872754095349,0.808651904545167,TRUE,0.287636715785625
REACTOME_ABC_FAMILY_PROTEINS_MEDIATED_TRANSPORT,0.34132995410188,0.847447253804624,0.248494622524548,0.915903948041183,TRUE,0.287606388279032
GOBP_ATRIOVENTRICULAR_VALVE_DEVELOPMENT,-0.168571350335748,0.931048648114705,-0.969477847603921,0.638984600117005,TRUE,0.287204086057185
REACTOME_IKK_COMPLEX_RECRUITMENT_MEDIATED_BY_RIP1,0.589731528947222,0.724684109637826,0.188243259391815,0.934971774759211,TRUE,0.285389672876558
REACTOME_SIGNALING_BY_TYPE_1_INSULIN_LIKE_GROWTH_FACTOR_1_RECEPTOR_IGF1R,0.228219101111349,0.900828666622624,0.376550616314326,0.868928310384465,TRUE,0.284194266683802
GOBP_REGULATION_OF_ATP_BIOSYNTHETIC_PROCESS,1.01186612826674,0.509538406077516,0.164802097814662,0.944098208629987,TRUE,0.283440407329266
GOBP_PROTEIN_N_LINKED_GLYCOSYLATION,5.23856933198857,2.13652053669704e-05,0.145644589966832,0.950253462059817,TRUE,0.283409720872756
REACTOME_PEROXISOMAL_LIPID_METABOLISM,-0.161938012915091,0.93291396744366,-1.12996150944484,0.567306978797661,TRUE,0.283278565156175
REACTOME_TRANSCRIPTIONAL_ACTIVITY_OF_SMAD2_SMAD3_SMAD4_HETEROTRIMER,-0.492099753689229,0.774512308541187,-0.198171729284482,0.931151766355107,TRUE,0.282556245113711
GOBP_ADAPTIVE_THERMOGENESIS,-2.98350891979614,0.0211728462264815,-0.148231366188247,0.949847940739337,TRUE,0.28243057394984
GOBP_NEGATIVE_REGULATION_OF_UBIQUITIN_PROTEIN_TRANSFERASE_ACTIVITY,0.220137961248403,0.905806848814603,0.393012915089658,0.866158820650647,TRUE,0.282204805410497
GOBP_INNER_EAR_RECEPTOR_CELL_STEREOCILIUM_ORGANIZATION,-3.15991981242169,0.0141620581022264,-0.14736984372955,0.9500125387872,TRUE,0.281606352856563
GOBP_POSITIVE_REGULATION_OF_INFLAMMATORY_RESPONSE,-0.462633123972656,0.791324952165715,-0.202405411599522,0.929310285312097,TRUE,0.281606081057224
GOBP_LEUKOCYTE_TETHERING_OR_ROLLING,0.976514940207818,0.528414273484019,0.163776474160994,0.944775413347243,TRUE,0.280507547206776
REACTOME_TOLL_LIKE_RECEPTOR_CASCADES,0.188276380083654,0.923027441381127,0.547532092527246,0.804034963390735,TRUE,0.280201612778035
GOBP_CELL_PROLIFERATION_INVOLVED_IN_KIDNEY_DEVELOPMENT,0.349662492450889,0.843187341975047,0.232381751304425,0.921367028990598,TRUE,0.279206205483468
GOBP_REGULATION_OF_NEURON_MIGRATION,1.52182284796035,0.286548171422563,0.153491927663492,0.947985689713729,TRUE,0.27885807001111
HALLMARK_GLYCOLYSIS,0.152999124541733,0.935698245171468,1.54683773839199,0.408675333811889,TRUE,0.278455921203676
GOBP_PLASMA_LIPOPROTEIN_PARTICLE_CLEARANCE,-0.150429973984549,0.935698245171468,-1.84781878403665,0.310586908943441,TRUE,0.278210938948418
REACTOME_DUAL_INCISION_IN_TC_NER,-2.4254530034394,0.0669750606908487,-0.147315829543744,0.9500125387872,TRUE,0.277761154939629
GOBP_ENGULFMENT_OF_APOPTOTIC_CELL,4.26669376762821,0.000615371217103797,0.14341990286697,0.950995966667706,TRUE,0.277511579717462
GOBP_HINDLIMB_MORPHOGENESIS,0.165075146836124,0.931671806172429,0.865389078987345,0.678092852640034,TRUE,0.277261889746935
GOBP_MYELIN_MAINTENANCE,0.146296211989325,0.936952000242148,2.53872605854736,0.155589366512714,TRUE,0.276650223515524
REACTOME_NUCLEAR_SIGNALING_BY_ERBB4,0.154924462618168,0.935569745100125,1.28183687970288,0.503358143747069,TRUE,0.276438241902172
KEGG_ASCORBATE_AND_ALDARATE_METABOLISM,-1.21431586918008,0.416081612621721,-0.155780197437974,0.947010828098717,TRUE,0.276135915519962
GOBP_RESPONSE_TO_UV,-0.214377869872687,0.908004044419393,-0.384558993438229,0.868579661334171,TRUE,0.275290912627884
GOBP_MESENCHYMAL_CELL_DIFFERENTIATION,0.193889666924123,0.920448764846961,0.473929610608436,0.833739962253356,TRUE,0.275194374998763
GOBP_REGULATION_OF_PLATELET_ACTIVATION,2.32196511015387,0.0811441271072804,0.146090734859551,0.950135634406615,TRUE,0.274886477910124
REACTOME_GPVI_MEDIATED_ACTIVATION_CASCADE,0.152752856112223,0.935698245171468,1.3473467443594,0.479592110265517,TRUE,0.274396531149929
REACTOME_RAF_ACTIVATION,0.144979252388653,0.936952000242148,2.54324863304842,0.155391657647936,TRUE,0.274320705811646
KEGG_ARACHIDONIC_ACID_METABOLISM,0.147011018955732,0.936926717673644,1.96409987550163,0.283215000857324,TRUE,0.273547282415536
GOBP_EMBRYONIC_CAMERA_TYPE_EYE_MORPHOGENESIS,-0.145360630287629,0.936952000242148,-2.293465488446,0.204585123569407,TRUE,0.273393487450875
GOBP_PROTEIN_POLYMERIZATION,0.170820118025274,0.930537212595235,0.668690921172784,0.756201549923075,TRUE,0.272124741054694
GOBP_RESPONSE_TO_TRANSFORMING_GROWTH_FACTOR_BETA,0.896275084673072,0.5676720543776,0.160301094507057,0.945161643250396,TRUE,0.271961226996401
GOBP_CELLULAR_COMPONENT_MAINTENANCE,0.154051294937778,0.935698245171468,1.13288062619639,0.565871473754523,TRUE,0.271221382591348
REACTOME_DAG_AND_IP3_SIGNALING,2.02657431539134,0.134259452204771,0.145236923975494,0.950400482858838,TRUE,0.271048804279132
GOBP_APPENDAGE_MORPHOGENESIS,-0.156525756748342,0.93480411915584,-0.998481445850894,0.62551733438308,TRUE,0.270626994462507
REACTOME_CYCLIN_D_ASSOCIATED_EVENTS_IN_G1,-0.834458097431422,0.598848442250488,-0.16123265864428,0.94513542833009,TRUE,0.270248361261048
GOBP_PYRIMIDINE_NUCLEOSIDE_TRIPHOSPHATE_BIOSYNTHETIC_PROCESS,0.187889161399106,0.923027441381127,0.479935666293438,0.831338164840272,TRUE,0.27005497886913
GOBP_BRANCHING_MORPHOGENESIS_OF_AN_EPITHELIAL_TUBE,0.147881823635432,0.936644637084491,1.53757444577815,0.411651559213443,TRUE,0.269813364064346
GOBP_HIPPO_SIGNALING,-0.151372938827151,0.935698245171468,-1.20151936096453,0.535164674142286,TRUE,0.268872129370427
GOBP_NEGATIVE_REGULATION_OF_TELOMERE_MAINTENANCE,-2.79816568522933,0.0311691846650779,-0.141081329405644,0.951816146015179,TRUE,0.268619093804496
GOBP_REGULATION_OF_LAMELLIPODIUM_ASSEMBLY,2.46829980767505,0.061804646137524,0.141719493382415,0.951792167660253,TRUE,0.268048744404223
GOBP_AMINE_METABOLIC_PROCESS,1.48827115233581,0.299600778165558,0.146690594143162,0.9500125387872,TRUE,0.267058700367061
GOBP_FC_EPSILON_RECEPTOR_SIGNALING_PATHWAY,-0.186306870687807,0.923983788727855,-0.466546099677742,0.838755209821292,TRUE,0.266279691777745
GOBP_REGULATION_OF_T_HELPER_17_TYPE_IMMUNE_RESPONSE,0.141216944896104,0.938392024898046,2.27150618217415,0.209680472531905,TRUE,0.265903003755563
GOBP_NATURAL_KILLER_CELL_MEDIATED_IMMUNITY,0.147637818151974,0.936655956382583,1.33073804845912,0.484311907036073,TRUE,0.265787972387137
REACTOME_REGULATION_OF_RAS_BY_GAPS,0.461523916552641,0.791917141953759,0.185569037163694,0.93608256180144,TRUE,0.26470555221108
GOBP_RESPONSE_TO_IONIZING_RADIATION,0.181414197799673,0.925806071535568,0.486705526563103,0.829154273596523,TRUE,0.264309791932352
REACTOME_SIGNALING_BY_ERBB4,0.168591993247485,0.931048648114705,0.610908398705079,0.776555939819773,TRUE,0.264257120824093
GOBP_POSITIVE_REGULATION_OF_ACUTE_INFLAMMATORY_RESPONSE,-0.538214684202775,0.750523967397984,-0.174959947748767,0.939393932893772,TRUE,0.264075610115462
GOBP_POSITIVE_REGULATION_OF_PROTEIN_KINASE_B_SIGNALING,1.11809462855397,0.456253652317908,0.149019050782368,0.949576814588449,TRUE,0.262987296166268
GOBP_REGULATION_OF_MEMBRANE_PERMEABILITY,0.146622947946613,0.936926717673644,1.26317514397956,0.511436251962013,TRUE,0.262747501849888
GOBP_BRANCH_ELONGATION_OF_AN_EPITHELIUM,0.143848935323821,0.937511542690461,1.46387614905616,0.438292665427179,TRUE,0.261956509273317
KEGG_PROTEASOME,0.646636812232801,0.697119833104357,0.161844269687705,0.94513542833009,TRUE,0.258891555954288
GOBP_DENTATE_GYRUS_DEVELOPMENT,0.332085210057964,0.851253296354926,0.210487800538097,0.927359022531463,TRUE,0.25766075382018
REACTOME_SWITCHING_OF_ORIGINS_TO_A_POST_REPLICATIVE_STATE,-0.173491229107521,0.92921811227005,-0.496573877751155,0.825781799226348,TRUE,0.257142810487835
GOBP_NEGATIVE_REGULATION_OF_SUPRAMOLECULAR_FIBER_ORGANIZATION,0.216327985650669,0.907323317626842,0.31340394158929,0.891849236635662,TRUE,0.255971142733407
GOBP_PROTEIN_LIPID_COMPLEX_ASSEMBLY,0.133204087796156,0.942236805025677,3.26265023339466,0.0794988342671015,TRUE,0.255958181377376
GOBP_REGULATION_OF_PROTEIN_SECRETION,-1.7468244026084,0.212677170485423,-0.137376974174616,0.953282729121405,TRUE,0.254721659586558
GOBP_CARDIAC_CONDUCTION,2.87461379483899,0.0266013234074567,0.132811354865173,0.954957060339557,TRUE,0.253892505251037
GOBP_NEGATIVE_REGULATION_OF_SMOOTH_MUSCLE_CELL_MIGRATION,2.12689288645929,0.114255450768406,0.134877670618529,0.954005688973331,TRUE,0.253668841238593
REACTOME_GLUCURONIDATION,1.28129466502522,0.387317431605916,0.140752814604456,0.951816146015179,TRUE,0.25364248806508
GOBP_MIDBRAIN_DEVELOPMENT,1.63479857227908,0.247024436863627,0.137106588405777,0.953312802997338,TRUE,0.252995092456514
GOBP_ACTIN_MYOSIN_FILAMENT_SLIDING,0.13358955000166,0.942236805025677,2.29607699431226,0.20422884113374,TRUE,0.252488880136392
GOBP_REGULATION_OF_LEUKOCYTE_APOPTOTIC_PROCESS,0.162180118095418,0.93291396744366,0.55258728181658,0.801312692034927,TRUE,0.250763173121977
GOBP_RENAL_FILTRATION,1.91336715599316,0.16203660379727,0.134079714837991,0.954481355830769,TRUE,0.250598661494741
REACTOME_TGF_BETA_RECEPTOR_SIGNALING_IN_EMT_EPITHELIAL_TO_MESENCHYMAL_TRANSITION,0.135606582183269,0.941888296376758,1.64185696316023,0.378596417672656,TRUE,0.250521718761814
GOBP_REGULATION_OF_LEUKOCYTE_DEGRANULATION,-0.898392692840477,0.566276784540825,-0.144387875761646,0.950921849198055,TRUE,0.248790620816633
KEGG_FATTY_ACID_METABOLISM,-1.35281681216088,0.356830703814569,-0.136831865355881,0.953346540447892,TRUE,0.248526314541957
GOBP_EMBRYONIC_HINDLIMB_MORPHOGENESIS,0.147978905775655,0.936644637084491,0.766236762699445,0.71951926974926,TRUE,0.248052798960385
KEGG_ALPHA_LINOLENIC_ACID_METABOLISM,0.399746588575446,0.819172066902841,0.178454886621243,0.938392183953346,TRUE,0.246753891858173
GOBP_RECEPTOR_MEDIATED_ENDOCYTOSIS,0.338365872342861,0.848076513623918,0.193861684606691,0.932799272898268,TRUE,0.246496736853545
GOBP_TISSUE_REGENERATION,0.141642319922972,0.938392024898046,0.926817508912374,0.656155863170039,TRUE,0.245730496486094
GOBP_POSITIVE_REGULATION_OF_BLOOD_VESSEL_ENDOTHELIAL_CELL_MIGRATION,0.133973240253272,0.942236805025677,1.40747415448551,0.45547503038101,TRUE,0.244658200718051
GOBP_NEGATIVE_REGULATION_OF_NERVOUS_SYSTEM_DEVELOPMENT,1.91481699961502,0.161680480592568,0.130281595722775,0.95617191950348,TRUE,0.243964193018026
GOBP_CERAMIDE_TRANSPORT,0.549490532712991,0.744087787572701,0.156737874645917,0.947010828098717,TRUE,0.243904032570917
GOBP_KERATINOCYTE_DIFFERENTIATION,0.134295259536249,0.942210142243971,1.28584338620905,0.502456538173079,TRUE,0.243191285289315
GOBP_DORSAL_VENTRAL_NEURAL_TUBE_PATTERNING,-1.03150316155748,0.498711425690891,-0.137540167758932,0.953282729121405,TRUE,0.242716611654494
GOBP_DOUBLE_STRAND_BREAK_REPAIR_VIA_NONHOMOLOGOUS_END_JOINING,-0.129089363942922,0.943857238139191,-1.9737229710412,0.278807336049417,TRUE,0.242329416365314
GOBP_CELLULAR_RESPONSE_TO_NUTRIENT,-0.488791189602334,0.776749003533141,-0.1602868918398,0.945161643250396,TRUE,0.241409540023179
GOBP_MITOCHONDRIAL_GENOME_MAINTENANCE,-3.28237665370817,0.0106643361905353,-0.124840458066412,0.957313258619117,TRUE,0.24053260567361
GOBP_RESPONSE_TO_INTERLEUKIN_6,-0.157930285697978,0.934047201782848,-0.502643590759229,0.822849896655483,TRUE,0.240344490516664
GOBP_REGULATION_OF_LONG_TERM_SYNAPTIC_POTENTIATION,-0.145677318083066,0.936952000242148,-0.67372058895812,0.753966918005202,TRUE,0.239555917078586
REACTOME_CONVERSION_FROM_APC_C_CDC20_TO_APC_C_CDH1_IN_LATE_ANAPHASE,-2.07765532174927,0.123833589840483,-0.126527076145967,0.957060596976222,TRUE,0.238528039558855
GOBP_POSITIVE_REGULATION_OF_CELL_ADHESION_MEDIATED_BY_INTEGRIN,-0.58348237713715,0.727580507416758,-0.149232104053782,0.949576814588449,TRUE,0.237675943505174
GOBP_POSITIVE_REGULATION_OF_CHEMOTAXIS,0.130045207703237,0.943857238139191,1.37484845159106,0.469681375600596,TRUE,0.237614732899433
GOBP_POSITIVE_REGULATION_OF_NEURON_APOPTOTIC_PROCESS,-0.138649741332186,0.94011984162059,-0.821421312447041,0.693800388325294,TRUE,0.237252965907494
GOBP_POSITIVE_REGULATION_OF_CELL_MORPHOGENESIS_INVOLVED_IN_DIFFERENTIATION,0.141620618340213,0.938392024898046,0.72854960714808,0.732554486690243,TRUE,0.237143590607073
GOBP_REGULATION_OF_PROTEIN_CONTAINING_COMPLEX_DISASSEMBLY,0.266253601472842,0.883498425551673,0.209469870506049,0.927535060115906,TRUE,0.234472800723022
GOBP_CELLULAR_RESPIRATION,0.148616144181119,0.936415609365723,0.548625567516912,0.803550394704562,TRUE,0.233877621133641
GOBP_NEGATIVE_REGULATION_OF_ACTIN_FILAMENT_DEPOLYMERIZATION,0.213868686170388,0.908070927776943,0.257134175654777,0.913178274878516,TRUE,0.233514285258021
GOBP_PROTEIN_DEGLYCOSYLATION,-0.1759317835468,0.927539668834093,-0.344235658127894,0.880092948459187,TRUE,0.232855763136062
GOBP_POLYAMINE_BIOSYNTHETIC_PROCESS,0.166493910487384,0.931585905024067,0.386936178985818,0.86796966188151,TRUE,0.232811763486577
GOBP_ATP_SYNTHESIS_COUPLED_ELECTRON_TRANSPORT,0.133106256356153,0.942236805025677,0.911698226927591,0.661045569474747,TRUE,0.232297506096971
GOBP_NEGATIVE_REGULATION_OF_INTERLEUKIN_12_PRODUCTION,2.15286270947773,0.110188142624645,0.122412615574602,0.958563082101526,TRUE,0.231653332094331
GOBP_REGULATION_OF_SUPEROXIDE_METABOLIC_PROCESS,1.00516239936998,0.513788040257068,0.129963012927609,0.95617191950348,TRUE,0.230166521669625
GOBP_NEURON_CELLULAR_HOMEOSTASIS,1.1149509643328,0.457966091559578,0.127141546076306,0.956763213360545,TRUE,0.228254478980556
GOBP_CILIUM_OR_FLAGELLUM_DEPENDENT_CELL_MOTILITY,-0.630726584288206,0.70325555596463,-0.138460998963576,0.952961551987267,TRUE,0.227073433932026
REACTOME_FCERI_MEDIATED_NF_KB_ACTIVATION,0.138128045313699,0.940169610316347,0.631455553107162,0.768666389662956,TRUE,0.226672505578722
GOBP_REGULATION_OF_MITOTIC_CELL_CYCLE_SPINDLE_ASSEMBLY_CHECKPOINT,-0.89132009110177,0.570888825039769,-0.129725615438138,0.95617191950348,TRUE,0.226487505172297
GOBP_NON_CANONICAL_WNT_SIGNALING_PATHWAY,0.298404828927454,0.868404912609602,0.182103817590492,0.936855956184378,TRUE,0.226179732368656
GOBP_POSITIVE_REGULATION_OF_HISTONE_METHYLATION,-3.55297522286818,0.00537330369143675,-0.115732842138679,0.961215292796307,TRUE,0.224163881837827
REACTOME_RHO_GTPASES_ACTIVATE_WASPS_AND_WAVES,1.46865599786974,0.308084983837427,0.120309101102525,0.95953881866039,TRUE,0.222399702859206
GOBP_VACUOLAR_ACIDIFICATION,2.66181316749159,0.0423476670415353,0.116029780405902,0.961215292796307,TRUE,0.222366493065673
GOBP_REGULATION_OF_VASCULAR_PERMEABILITY,-2.5496526599189,0.0533350782032799,-0.115979184195547,0.961215292796307,TRUE,0.221866073615756
GOBP_REGULATION_OF_NUCLEASE_ACTIVITY,0.115687465067936,0.9497392160504,2.42019246303526,0.17783737527316,TRUE,0.220819549003252
GOBP_REGULATION_OF_CARBOHYDRATE_METABOLIC_PROCESS,-2.45073369228456,0.0638321019226579,-0.114779369992455,0.961215292796307,TRUE,0.219288432677122
GOBP_ARGININE_METABOLIC_PROCESS,-0.124737875500751,0.946309791033759,-0.8824750963706,0.67108065017079,TRUE,0.218579529409892
REACTOME_MITOTIC_PROPHASE,-0.115812101010738,0.9497392160504,-1.92800964615313,0.290745563437852,TRUE,0.218499336549099
GOBP_SEX_DIFFERENTIATION,-2.59849037880529,0.0478773496037737,-0.113223130935465,0.961524359297862,TRUE,0.216991371202886
GOBP_NEURON_PROJECTION_REGENERATION,0.118322785087408,0.9497392160504,1.25028887708399,0.513773750251618,TRUE,0.216186470113329
GOBP_REGULATION_OF_SKELETAL_MUSCLE_TISSUE_DEVELOPMENT,0.380375147180047,0.829293014147641,0.150399973005018,0.949199493145456,TRUE,0.215565536861306
GOBP_MATING,-0.981174729253234,0.525533729263472,-0.12065142184941,0.959449311528595,TRUE,0.214879862941436
GOBP_SMOOTH_MUSCLE_CELL_PROLIFERATION,-0.338438832039549,0.848076513623918,-0.157105014235431,0.947010828098717,TRUE,0.214594280304679
KEGG_AUTOIMMUNE_THYROID_DISEASE,0.112664261414139,0.950650600907577,2.24266256493268,0.21691837143636,TRUE,0.214550200552146
GOBP_REGULATION_OF_CELL_FATE_COMMITMENT,0.141180641245602,0.938392024898046,0.438752871112032,0.849571662212028,TRUE,0.213622459719991
GOBP_CELLULAR_RESPONSE_TO_ALKALOID,-0.492075579585628,0.774512308541187,-0.136338492645806,0.953565135101642,TRUE,0.213517951787076
GOBP_CELLULAR_RESPONSE_TO_VITAMIN,-0.13170119173875,0.942829022311609,-0.561370225778746,0.799042520755406,TRUE,0.21334923320466
GOBP_NEGATIVE_REGULATION_OF_CHROMOSOME_ORGANIZATION,-0.15016328388703,0.935698245171468,-0.35187471789473,0.877081918141907,TRUE,0.210496667456917
REACTOME_METABOLISM_OF_VITAMINS_AND_COFACTORS,0.21636429636324,0.907323317626842,0.204693102363873,0.928787039924299,TRUE,0.210366943781322
GOBP_MORPHOGENESIS_OF_AN_EPITHELIAL_BUD,1.67960156252397,0.234018813903721,0.110909588114362,0.962670597295486,TRUE,0.208079036457673
GOBP_VIRAL_TRANSLATION,-3.36995028295324,0.00864086639958501,-0.106648035119191,0.964196153271855,TRUE,0.20675300580919
GOBP_DIGESTIVE_TRACT_MORPHOGENESIS,-1.90367886538408,0.164789056663425,-0.109187248445229,0.963320708915268,TRUE,0.206528845417535
GOBP_POSITIVE_REGULATION_OF_ENDOTHELIAL_CELL_CHEMOTAXIS,0.971434293917744,0.530646583808558,0.115133722088547,0.961215292796307,TRUE,0.205868099144493
GOBP_CELL_DEATH_IN_RESPONSE_TO_OXIDATIVE_STRESS,-0.403700763227904,0.818422408926536,-0.13783162212249,0.953282729121405,TRUE,0.205501028389229
GOBP_REGULATION_OF_CARDIOCYTE_DIFFERENTIATION,0.112871399033844,0.950650600907577,1.04046636646555,0.606612333923739,TRUE,0.203650479406224
REACTOME_SIGNALING_BY_CTNNB1_PHOSPHO_SITE_MUTANTS,0.40621071294757,0.817365901362193,0.13543133758492,0.954005688973331,TRUE,0.203136592300133
GOBP_REGULATION_OF_CALCIUM_ION_TRANSPORT,0.108554579925937,0.951826290683298,1.48986516321044,0.42934342548524,TRUE,0.202364476080921
GOBP_RESPONSE_TO_INSULIN,-2.09582175037552,0.12013635237923,-0.105683466422247,0.964470135256074,TRUE,0.201220243216142
GOBP_AXONAL_TRANSPORT,4.27056663754682,0.000608446254686813,0.102946954982086,0.965067475593809,TRUE,0.201047428838246
GOBP_LEUKOCYTE_ADHESION_TO_VASCULAR_ENDOTHELIAL_CELL,1.59624405118179,0.259937342997238,0.106953125704066,0.964196153271855,TRUE,0.200473900470603
GOBP_REGULATION_OF_INSULIN_SECRETION_INVOLVED_IN_CELLULAR_RESPONSE_TO_GLUCOSE_STIMULUS,-2.37226870003243,0.0740084126560757,-0.104433335043024,0.964921232115159,TRUE,0.20005953760604
REACTOME_APC_C_CDC20_MEDIATED_DEGRADATION_OF_CYCLIN_B,-2.42613404847498,0.0669310018590906,-0.104126508422999,0.964979748087234,TRUE,0.199682887792051
GOBP_LAMELLIPODIUM_ORGANIZATION,-0.150770286540175,0.935698245171468,-0.291351794596557,0.900414039807135,TRUE,0.198710697472411
GOBP_LONG_CHAIN_FATTY_ACID_TRANSPORT,0.107367904333458,0.952416191315526,1.31393728495476,0.492647285367936,TRUE,0.198514286409994
GOBP_RESPONSE_TO_ACID_CHEMICAL,0.121802053208127,0.947663647213047,0.535492409905471,0.808424422661246,TRUE,0.198462268173958
GOBP_POSITIVE_REGULATION_OF_INTRINSIC_APOPTOTIC_SIGNALING_PATHWAY,-0.595944336630506,0.72055237258477,-0.118801494952979,0.960409326366135,TRUE,0.198109803434918
GOBP_DEMETHYLATION,-4.53029963888169,0.000248587348019788,-0.100779369994591,0.965604754759027,TRUE,0.197172513195366
GOBP_EPITHELIAL_CELL_DEVELOPMENT,0.115264703991,0.9497392160504,0.664952927053001,0.757351389893024,TRUE,0.19647236682451
REACTOME_CYCLIN_A_B1_B2_ASSOCIATED_EVENTS_DURING_G2_M_TRANSITION,0.167147859188654,0.931354269759581,0.234723654491113,0.920527661453858,TRUE,0.195254229342517
GOBP_SLEEP,0.276986402311246,0.879704879854234,0.150525454864234,0.949199493145456,TRUE,0.19505191961024
GOBP_POSITIVE_REGULATION_OF_PROTEIN_TYROSINE_KINASE_ACTIVITY,-2.14453243656497,0.111259310249551,-0.101946240190391,0.965416007569701,TRUE,0.194639745425854
REACTOME_SIGNALING_BY_NOTCH4,0.820845810689667,0.605809398323653,0.109879559554687,0.963320708915268,TRUE,0.193814800851965
REACTOME_NUCLEOTIDE_EXCISION_REPAIR,-1.69860725359613,0.228203089890531,-0.102665129888929,0.965067475593809,TRUE,0.193627278050332
REACTOME_HEDGEHOG_ON_STATE,-0.157456674667911,0.934214560388183,-0.251282408912138,0.91505056868916,TRUE,0.193600730144509
GOBP_GLOMERULAR_EPITHELIAL_CELL_DIFFERENTIATION,0.105314128089253,0.953341879541787,1.18571287516851,0.541327437147016,TRUE,0.193446484539008
REACTOME_MAP3K8_TPL2_DEPENDENT_MAPK1_3_ACTIVATION,-0.908967707148463,0.56088895729346,-0.107494431522149,0.96414107984715,TRUE,0.192253037736762
GOBP_ESTABLISHMENT_OF_PROTEIN_LOCALIZATION_TO_ENDOPLASMIC_RETICULUM,-0.430670217747416,0.806977057502549,-0.123093796445252,0.958386549901767,TRUE,0.191463622625317
GOBP_POSITIVE_REGULATION_OF_PATHWAY_RESTRICTED_SMAD_PROTEIN_PHOSPHORYLATION,4.07686677970079,0.00117517243199283,0.0975014513399739,0.966947854933351,TRUE,0.190448185660634
GOBP_MATURATION_OF_LSU_RRNA_FROM_TRICISTRONIC_RRNA_TRANSCRIPT_SSU_RRNA_5_8S_RRNA_LSU_RRNA,-0.158045682912047,0.934047201782848,-0.235736945618951,0.92024633360226,TRUE,0.189227273416986
GOBP_SINGLE_FERTILIZATION,0.0980454931466592,0.957526925027146,2.50881841278422,0.160348750150681,TRUE,0.188715903378939
GOBP_SINGLE_STRANDED_VIRAL_RNA_REPLICATION_VIA_DOUBLE_STRANDED_DNA_INTERMEDIATE,-0.112222712318348,0.950650600907577,-0.591516855778868,0.783767929330839,TRUE,0.188653953669279
KEGG_NITROGEN_METABOLISM,-0.112035531173162,0.950650600907577,-0.592940663801971,0.783386366766628,TRUE,0.188461462093949
GOBP_GLYCEROL_ETHER_METABOLIC_PROCESS,1.87809924898558,0.172015891585932,0.0987050735359132,0.966335528824508,TRUE,0.187553135499429
GOBP_EMBRYONIC_HEART_TUBE_MORPHOGENESIS,-0.159025507632124,0.934047201782848,-0.228152519349454,0.922274542366504,TRUE,0.187418023124651
GOBP_MEMORY,1.43765513273298,0.32054002716822,0.09996370914907,0.966081428894122,TRUE,0.186929732688865
GOBP_POSITIVE_REGULATION_OF_HORMONE_SECRETION,3.09211956887987,0.0166172966774208,0.0960318527134986,0.96713485853666,TRUE,0.186278461556129
REACTOME_FORMATION_OF_FIBRIN_CLOT_CLOTTING_CASCADE,4.30811067770985,0.000526589164509081,0.0943791610578855,0.967534774337271,TRUE,0.184711781922287
REACTOME_MITOCHONDRIAL_TRNA_AMINOACYLATION,0.523700144798276,0.756893061113757,0.111806596600935,0.962513191505573,TRUE,0.184272257129466
GOBP_POST_EMBRYONIC_DEVELOPMENT,-0.337294264626242,0.848437926876711,-0.126317716871656,0.957060596976222,TRUE,0.183801295574084
GOBP_ADHERENS_JUNCTION_ORGANIZATION,2.21085908414992,0.0992323947723581,0.0958663732422871,0.96713485853666,TRUE,0.183764428027623
REACTOME_REGULATION_OF_PLK1_ACTIVITY_AT_G2_M_TRANSITION,-0.0955004121006804,0.958929752433341,-2.2219528343722,0.221373856858645,TRUE,0.183129831571602
GOBP_REGULATION_OF_RESPONSE_TO_WOUNDING,3.02277760709118,0.0195105998375341,0.094371746156968,0.967534774337271,TRUE,0.183029280087669
GOBP_MULTICELLULAR_ORGANISM_GROWTH,-0.546899604615296,0.745452694972878,-0.109582647801374,0.963320708915268,TRUE,0.182581346364351
GOBP_CELLULAR_RESPONSE_TO_COPPER_ION,2.51214919683901,0.0571440815888161,0.0947266741670452,0.967534774337271,TRUE,0.182569136547446
REACTOME_STRIATED_MUSCLE_CONTRACTION,0.103567754229125,0.954205460801378,0.748395231381597,0.727182728499097,TRUE,0.181955354162284
GOBP_PROTEIN_EXPORT_FROM_NUCLEUS,-0.687089684257829,0.673788026068242,-0.103186867594464,0.965067475593809,TRUE,0.179427396925439
GOBP_NEPHRON_EPITHELIUM_DEVELOPMENT,0.0964281104776613,0.958358213826407,1.27614284023781,0.505110663757963,TRUE,0.179307368729585
GOBP_INNATE_IMMUNE_RESPONSE_IN_MUCOSA,1.93217925786202,0.157473734114769,0.0939343750437334,0.967548029147406,TRUE,0.179158807395652
GOBP_NEGATIVE_REGULATION_OF_MYELOID_LEUKOCYTE_DIFFERENTIATION,1.994770534499,0.142208441917729,0.0935323569496369,0.967684974326114,TRUE,0.178686329870427
GOBP_CELLULAR_COPPER_ION_HOMEOSTASIS,1.33516851350795,0.364157493505075,0.0952090990987899,0.967474101701246,TRUE,0.177743541559626
GOBP_REGULATION_OF_DNA_DEPENDENT_DNA_REPLICATION,-0.0910802932184481,0.960251527511727,-2.3270227839566,0.198189531990897,TRUE,0.175299324077105
GOBP_CIRCADIAN_SLEEP_WAKE_CYCLE_SLEEP,-0.646288239393717,0.697119833104357,-0.100772561582847,0.965604754759027,TRUE,0.174358288694674
GOBP_GLYCOSYLCERAMIDE_METABOLIC_PROCESS,0.0916733115146167,0.960251527511727,1.75296742067603,0.34043682847,TRUE,0.174234825921646
GOBP_POSITIVE_REGULATION_OF_STRESS_ACTIVATED_PROTEIN_KINASE_SIGNALING_CASCADE,0.100066126736035,0.95670959390214,0.664572654475198,0.757374633338535,TRUE,0.173941508335939
GOBP_COPPER_ION_TRANSPORT,0.117345462173075,0.9497392160504,0.326434566995434,0.885257207332386,TRUE,0.172633343618992
GOBP_PROTEIN_CONTAINING_COMPLEX_LOCALIZATION,-0.115222596241955,0.9497392160504,-0.341130497811339,0.881317572771552,TRUE,0.172261093996408
REACTOME_INTERLEUKIN_RECEPTOR_SHC_SIGNALING,-2.74106926169317,0.0354295150937954,-0.0886295374136059,0.970298596095575,TRUE,0.171707109434549
GOBP_PROTEOGLYCAN_METABOLIC_PROCESS,3.46189749349606,0.0069268459481186,0.0877671412585369,0.97049922201174,TRUE,0.171194114147772
HALLMARK_APOPTOSIS,0.0927097775655415,0.960069384077206,0.957788029919413,0.643617153995971,TRUE,0.169055688790743
GOBP_REGULATION_OF_URINE_VOLUME,0.0862222845733155,0.962893724584556,3.00497179376563,0.104934595447827,TRUE,0.16763459463928
GOBP_NEGATIVE_REGULATION_OF_TRANSMEMBRANE_TRANSPORT,0.15101704556335,0.935698245171468,0.187630396200747,0.935119528579257,TRUE,0.167344468598444
GOBP_POSITIVE_REGULATION_OF_MUSCLE_TISSUE_DEVELOPMENT,-2.08819476364251,0.121632374783303,-0.0865385120548126,0.970926482857356,TRUE,0.166189821754882
GOBP_HISTONE_H4_K5_ACETYLATION,-2.32930915387179,0.0801333571123942,-0.0860423775394775,0.971005584050799,TRUE,0.165954557766997
GOBP_CGMP_MEDIATED_SIGNALING,-0.27959175216256,0.878202646088203,-0.117964551109392,0.960553996308861,TRUE,0.165923242903198
REACTOME_PHOSPHORYLATION_OF_THE_APC_C,-1.76977407784744,0.204876609831203,-0.0868255477823768,0.970885679336815,TRUE,0.165530146229592
GOBP_REGULATION_OF_PROTEASOMAL_PROTEIN_CATABOLIC_PROCESS,-0.830025407562961,0.600622895162497,-0.0917479425419604,0.968575726614353,TRUE,0.16523177501885
GOBP_POTASSIUM_ION_TRANSPORT,0.103681129074988,0.954205460801378,0.394921299658672,0.865241765812443,TRUE,0.16424262652858
REACTOME_TRIGLYCERIDE_METABOLISM,-0.110128519718795,0.951384094883724,-0.322359004195764,0.887121139324401,TRUE,0.164170839559838
GOBP_POSITIVE_REGULATION_OF_ANION_TRANSPORT,0.102772293113755,0.954669202163272,0.40379273745563,0.861402652606899,TRUE,0.163843546501228
GOBP_REGULATION_OF_CANONICAL_WNT_SIGNALING_PATHWAY,-2.16190423289133,0.108527874465034,-0.0845502845712102,0.971005584050799,TRUE,0.162736095198699
REACTOME_GLYCOGEN_SYNTHESIS,-1.03992324037671,0.494980147664305,-0.0882467427508338,0.970298596095575,TRUE,0.162687963776044
GOBP_MITOCHONDRIAL_ELECTRON_TRANSPORT_NADH_TO_UBIQUINONE,0.11144013824526,0.950783281722723,0.293316506373276,0.899186004145709,TRUE,0.16151548074355
GOBP_PROTEIN_KINASE_C_SIGNALING,-1.62584525203909,0.249895547411769,-0.0846031300659965,0.971005584050799,TRUE,0.160836887876334
GOBP_CALCIUM_MEDIATED_SIGNALING_USING_INTRACELLULAR_CALCIUM_SOURCE,5.04900604090618,3.94266649609008e-05,0.0806613442332012,0.972753130761724,TRUE,0.158785973328748
GOBP_NEGATIVE_REGULATION_OF_ION_TRANSMEMBRANE_TRANSPORTER_ACTIVITY,-1.38128078538178,0.345178397334622,-0.0830607152894494,0.971836586892577,TRUE,0.156698652598171
GOBP_LIMBIC_SYSTEM_DEVELOPMENT,1.04448902477008,0.493350126765475,0.084542344245258,0.971005584050799,TRUE,0.156423555830018
GOBP_VITAMIN_METABOLIC_PROCESS,-1.06941044335939,0.4803041738309,-0.0843539363455187,0.971005584050799,TRUE,0.15637331512946
GOBP_RESPONSE_TO_OSMOTIC_STRESS,0.085775016947487,0.963067954033743,0.881335649217385,0.67108065017079,TRUE,0.156334911593578
GOBP_KERATINOCYTE_PROLIFERATION,0.326389449093656,0.853415489079069,0.1026008834226,0.965067475593809,TRUE,0.156124011561756
REACTOME_RNA_POLYMERASE_III_TRANSCRIPTION_INITIATION_FROM_TYPE_1_PROMOTER,0.097904830170682,0.957526925027146,0.371105828888389,0.870362397594353,TRUE,0.154934871738562
GOBP_REGULATION_OF_PROTEIN_POLYMERIZATION,0.0843602739878616,0.963650217860823,0.876030887315964,0.673394361345134,TRUE,0.153900220354953
GOBP_DNA_DAMAGE_RESPONSE_SIGNAL_TRANSDUCTION_BY_P53_CLASS_MEDIATOR,-0.079534437986993,0.965870664455552,-2.13155496786877,0.239029795139387,TRUE,0.153347056847944
GOBP_ASTROCYTE_DIFFERENTIATION,0.0831735329231421,0.964431516032555,0.924203544210367,0.657017822979142,TRUE,0.152612712075595
REACTOME_RESPIRATORY_ELECTRON_TRANSPORT,0.0923502319781954,0.960172190955865,0.439196447671485,0.849571662212028,TRUE,0.152610844463152
GOBP_POSITIVE_REGULATION_OF_OSTEOCLAST_DIFFERENTIATION,0.0930301558728154,0.95999880827943,0.417701109827027,0.858450203586381,TRUE,0.152169259903088
GOBP_POSITIVE_REGULATION_OF_FATTY_ACID_BIOSYNTHETIC_PROCESS,0.0779268904383153,0.96646726388392,3.01169563734739,0.104241915834267,TRUE,0.151922815071732
REACTOME_SYNTHESIS_OF_GLYCOSYLPHOSPHATIDYLINOSITOL_GPI,-0.0779036346786666,0.96646726388392,-2.31598795108432,0.200040262936878,TRUE,0.150736884104934
KEGG_PROTEIN_EXPORT,-0.105511182866409,0.953341879541787,-0.262293753663892,0.911108237864268,TRUE,0.150486964468829
REACTOME_CELL_DEATH_SIGNALLING_VIA_NRAGE_NRIF_AND_NADE,0.0776644858108659,0.96646726388392,2.2405213939617,0.217403654632978,TRUE,0.150125098706366
GOBP_NEGATIVE_REGULATION_OF_NUCLEAR_DIVISION,1.20906985867251,0.417854205449779,0.0798098027341319,0.972753130761724,TRUE,0.1497356654804
GOBP_NEGATIVE_REGULATION_OF_RHO_PROTEIN_SIGNAL_TRANSDUCTION,0.11668553140665,0.9497392160504,0.203592520366589,0.928787039924299,TRUE,0.14834798262239
GOBP_REGULATION_OF_CILIUM_MOVEMENT,0.0774880280158997,0.96646726388392,1.7067028423182,0.359345386866753,TRUE,0.148245392193498
REACTOME_SEMA3A_PAK_DEPENDENT_AXON_REPULSION,1.92720715624182,0.159020155367235,0.0769253138894896,0.973688382019132,TRUE,0.147945325604409
GOBP_GLIOGENESIS,0.0768330890281569,0.966731265847878,1.24208936496175,0.515313431489154,TRUE,0.144714440898833
GOBP_SPLICEOSOMAL_SNRNP_ASSEMBLY,-4.20568736157176,0.000761495695882505,-0.0729648457678713,0.975450674763557,TRUE,0.143441118751632
GOBP_DETECTION_OF_MECHANICAL_STIMULUS,-0.150442448388897,0.935698245171468,-0.131164435420616,0.955950519024426,TRUE,0.140143582708529
GOBP_CYTOSOLIC_CALCIUM_ION_TRANSPORT,-0.141863492262371,0.938392024898046,-0.135117804838676,0.954005688973331,TRUE,0.138408505280753
GOBP_REGULATION_OF_ANTIGEN_PROCESSING_AND_PRESENTATION,-2.03632541469524,0.132187312555294,-0.0711677392380987,0.975856632099602,TRUE,0.137528965013689
GOBP_POSITIVE_REGULATION_OF_MACROPHAGE_MIGRATION,0.0717440401999949,0.969342430797268,1.61033873897193,0.389827218224192,TRUE,0.137368039973974
GOBP_POSITIVE_REGULATION_OF_TRANSPORTER_ACTIVITY,-2.04304345861365,0.130709247723199,-0.0708365705711204,0.975856632099602,TRUE,0.136925643970216
REACTOME_NEGATIVE_REGULATION_OF_NOTCH4_SIGNALING,0.612391354775299,0.712028628515116,0.0767713222649198,0.973688382019132,TRUE,0.136438305834028
GOBP_TOLL_LIKE_RECEPTOR_9_SIGNALING_PATHWAY,1.25171160886749,0.401034300243032,0.0720577327680871,0.97574922242514,TRUE,0.136270719947397
REACTOME_DNA_DAMAGE_TELOMERE_STRESS_INDUCED_SENESCENCE,-0.0718964791561058,0.969342430797268,-1.25530041653187,0.512546664719968,TRUE,0.13600345287886
REACTOME_ANTIGEN_ACTIVATES_B_CELL_RECEPTOR_BCR_LEADING_TO_GENERATION_OF_SECOND_MESSENGERS,-0.0773912958321516,0.96646726388392,-0.492175885338228,0.827488017585329,TRUE,0.13375113876959
GOBP_RESPONSE_TO_ZINC_ION,2.4190897275682,0.0676572756231732,0.0682563131303251,0.976771339074146,TRUE,0.132766525632981
GOBP_POLYOL_METABOLIC_PROCESS,-0.0713391963649386,0.969342430797268,-0.949739477031627,0.646270131900035,TRUE,0.132709952352867
REACTOME_SIGNALING_BY_ERBB2_ECD_MUTANTS,-0.0695771046663834,0.97051642095152,-1.34729235822522,0.479592110265517,TRUE,0.132320872006296
REACTOME_REGULATION_OF_PTEN_STABILITY_AND_ACTIVITY,0.780504574269154,0.625083336253895,0.0720784229269315,0.97574922242514,TRUE,0.131969647496121
REACTOME_AMYLOID_FIBER_FORMATION,0.0915271707901835,0.960251527511727,0.229858862211158,0.922274542366504,TRUE,0.130922499293242
GOBP_NEGATIVE_REGULATION_OF_RECEPTOR_SIGNALING_PATHWAY_VIA_JAK_STAT,-0.0751595503702078,0.967715296763467,-0.501773492280677,0.82323965638124,TRUE,0.130736384569762
GOBP_COPII_COATED_VESICLE_BUDDING,0.203204080926287,0.913754025775719,0.0941874799157423,0.967534774337271,TRUE,0.128714347084032
GOBP_POSITIVE_REGULATION_OF_TUMOR_NECROSIS_FACTOR_SUPERFAMILY_CYTOKINE_PRODUCTION,0.0693716613202875,0.97051642095152,0.768117643332,0.718679899233437,TRUE,0.127250811947953
GOBP_CELLULAR_RESPONSE_TO_GLUCOSE_STARVATION,-4.58607750342036,0.000209509098557553,-0.0644981824789207,0.977705551206265,TRUE,0.127207332449158
GOBP_NEGATIVE_REGULATION_OF_CELL_ACTIVATION,0.0686320633204225,0.970592476559655,0.866722396656775,0.677941694501363,TRUE,0.127192308272152
KEGG_RENAL_CELL_CARCINOMA,-1.20834378069703,0.417854205449779,-0.0671289915632986,0.977041834922853,TRUE,0.127191894996281
GOBP_OOCYTE_MATURATION,-0.649086807132597,0.695171914683657,-0.0699983590780475,0.975856632099602,TRUE,0.126368929671903
GOBP_NEGATIVE_REGULATION_OF_DEPHOSPHORYLATION,-1.07701517111242,0.476275711461569,-0.0668863307856062,0.977041834922853,TRUE,0.125950692217141
GOBP_DNA_CATABOLIC_PROCESS_ENDONUCLEOLYTIC,1.05447422033493,0.487593344012146,0.0669646433297042,0.977041834922853,TRUE,0.125931947523825
GOBP_NEGATIVE_REGULATION_OF_CELL_DIVISION,-1.7900492129623,0.198572962523007,-0.0652282975277666,0.977492089551858,TRUE,0.125869970386918
HALLMARK_NOTCH_SIGNALING,-0.0670029505252805,0.970999656912878,-0.905564324855087,0.661783746273013,TRUE,0.124773849977616
REACTOME_MAPK6_MAPK4_SIGNALING,0.0874472908489129,0.962273399842833,0.209896920405269,0.927470299846401,TRUE,0.123459050839097
REACTOME_TRANSPORT_OF_BILE_SALTS_AND_ORGANIC_ACIDS_METAL_IONS_AND_AMINE_COMPOUNDS,0.469810439951886,0.78782347286496,0.0709345903805407,0.975856632099602,TRUE,0.123258871538778
GOBP_REGULATION_OF_KERATINOCYTE_DIFFERENTIATION,1.47779734120377,0.304146545449679,0.063671965516748,0.977705551206265,TRUE,0.122083859781878
GOBP_REGULATION_OF_BMP_SIGNALING_PATHWAY,2.19190977607543,0.102281054932955,0.0611198463704159,0.978899943649486,TRUE,0.118923592869683
GOBP_RESPONSE_TO_POTASSIUM_ION,0.0644222853539762,0.971750388972975,0.694378045190487,0.745760599840444,TRUE,0.117905643342828
KEGG_ARRHYTHMOGENIC_RIGHT_VENTRICULAR_CARDIOMYOPATHY_ARVC,3.33616793503147,0.00934706101529052,0.0596694513338246,0.978899943649486,TRUE,0.117241956897056
GOBP_NEGATIVE_REGULATION_OF_T_CELL_APOPTOTIC_PROCESS,2.6514443440613,0.0432129534427812,0.0584072525477438,0.978899943649486,TRUE,0.114296723564983
GOBP_REGULATION_OF_MITOTIC_SPINDLE_ASSEMBLY,-1.74362199947839,0.213353044643717,-0.0587935967415299,0.978899943649486,TRUE,0.113751577518512
GOBP_REGULATION_OF_NEURON_PROJECTION_REGENERATION,0.831510602988067,0.600250949855802,0.0604887219897056,0.978899943649486,TRUE,0.112773658650226
GOBP_TRANSCRIPTION_ELONGATION_FROM_RNA_POLYMERASE_II_PROMOTER,-3.65891492668263,0.00392821237692152,-0.0569215314230092,0.979593438593081,TRUE,0.112099142855959
GOBP_MITOCHONDRIAL_DNA_METABOLIC_PROCESS,-0.18513859981321,0.924587784007436,-0.0802841116507094,0.972753130761724,TRUE,0.112000121890702
KEGG_PROGESTERONE_MEDIATED_OOCYTE_MATURATION,0.357228948991618,0.840299073419392,0.0663951633107911,0.977041834922853,TRUE,0.111977924385518
GOBP_RESPONSE_TO_HEPATOCYTE_GROWTH_FACTOR,-0.786503625088392,0.621436170662264,-0.0599481703708174,0.978899943649486,TRUE,0.11140493426087
GOBP_POSITIVE_REGULATION_OF_MACROPHAGE_ACTIVATION,0.152427450352924,0.935698245171468,0.0871147325109711,0.97084308310501,TRUE,0.110867124997096
GOBP_NEGATIVE_REGULATION_OF_EPITHELIAL_CELL_PROLIFERATION,-0.11183335751558,0.950650600907577,-0.109247679859631,0.963320708915268,TRUE,0.110525398148504
GOBP_POSITIVE_REGULATION_OF_AXONOGENESIS,3.2092240502341,0.0125283298594796,0.0561546243863644,0.979633162220232,TRUE,0.110377869809252
GOBP_REGULATION_OF_CELL_DIVISION,0.06416507215838,0.971750388972975,0.386371852659199,0.868177558616937,TRUE,0.11005347815113
GOBP_PLASMA_MEMBRANE_TUBULATION,0.0854718978473314,0.963123691086405,0.146738324101358,0.9500125387872,TRUE,0.108022833298452
GOBP_EPIDERMAL_CELL_DIFFERENTIATION,0.0580998885745123,0.973521412798729,0.676010967036616,0.753962607020088,TRUE,0.107003353947897
KEGG_AXON_GUIDANCE,-0.0586458800443231,0.973470016301119,-0.58295329416947,0.787584960712562,TRUE,0.106570613976238
REACTOME_TRANSCRIPTIONAL_REGULATION_BY_E2F6,-0.0532122768912819,0.975755140108218,-4.32213690897312,0.0291642621688389,TRUE,0.105130235870246
GOBP_CALCIUM_ION_TRANSPORT_INTO_CYTOSOL,-1.0933812451118,0.467856846641043,-0.0551999537526405,0.979990059312551,TRUE,0.105094170484153
GOBP_POSITIVE_REGULATION_OF_B_CELL_ACTIVATION,-2.53562266737435,0.0548351931445117,-0.0534637562501123,0.980481465935708,TRUE,0.104719495644325
GOBP_REGULATION_OF_CELL_MATRIX_ADHESION,-0.177803540357584,0.926828608532561,-0.0738053994752425,0.975151225396327,TRUE,0.104311566456446
GOBP_GONADOTROPIN_SECRETION,-1.09008430706633,0.46923571677435,-0.0546826752568094,0.980052987276295,TRUE,0.104141239372374
GOBP_CALCIUM_ION_IMPORT,3.80071973739825,0.00271123811835748,0.0526731907043453,0.980910776160525,TRUE,0.103906369932704
GOBP_ORGANELLE_FUSION,0.920925823759426,0.555563334587539,0.0549992577323829,0.979990059312551,TRUE,0.103799436440197
GOBP_SECONDARY_METABOLIC_PROCESS,0.0591597241677657,0.973470016301119,0.380487811060212,0.868579661334171,TRUE,0.102398181033117
GOBP_REGULATION_OF_CYSTEINE_TYPE_ENDOPEPTIDASE_ACTIVITY,0.0534928148165282,0.975755140108218,1.08141339427711,0.58956063037906,TRUE,0.101942955244517
GOBP_ESTROGEN_METABOLIC_PROCESS,1.74984225935491,0.211625316277489,0.0521758872742567,0.981120903302845,TRUE,0.101330358567827
GOBP_NEURON_MIGRATION,-0.0523756986795087,0.976048042953496,-1.36474917019281,0.474837251255735,TRUE,0.100879877110629
GOBP_CELLULAR_CARBOHYDRATE_METABOLIC_PROCESS,-2.73186208898593,0.0361103707806915,-0.0508885304452415,0.981474870992106,TRUE,0.099915850250339
GOBP_CELL_MATRIX_ADHESION,1.23819063852767,0.406284683949197,0.0514166454790828,0.981349018646506,TRUE,0.0987333274032019
REACTOME_RHOG_GTPASE_CYCLE,-0.0623447932088178,0.972770226737856,-0.218283655228547,0.925779566142685,TRUE,0.0969883803432429
GOBP_POSITIVE_REGULATION_OF_DEVELOPMENTAL_GROWTH,0.134509356461825,0.942210142243971,0.0718864194023504,0.97574922242514,TRUE,0.0936976153864526
GOBP_REGULATION_OF_LEUKOCYTE_DIFFERENTIATION,0.0481744123310885,0.978877268023495,1.457248804972,0.440026611848638,TRUE,0.0932656066318303
GOBP_NEGATIVE_REGULATION_OF_MEIOTIC_CELL_CYCLE,0.0649596646079172,0.971750388972975,0.16198612601042,0.94513542833009,TRUE,0.0927319637707567
GOBP_EOSINOPHIL_MIGRATION,-0.0513659263853104,0.976674393794111,-0.405691507225549,0.861203015975282,TRUE,0.0911864398776428
GOBP_PRIMARY_ALCOHOL_METABOLIC_PROCESS,2.20223968157909,0.100751253402958,0.0463394682400056,0.982694879952299,TRUE,0.0907689780807801
REACTOME_INHIBITION_OF_THE_PROTEOLYTIC_ACTIVITY_OF_APC_C_REQUIRED_FOR_THE_ONSET_OF_ANAPHASE_BY_MITOTIC_SPINDLE_CHECKPOINT_COMPONENTS,-0.0475234433845081,0.978905963528227,-0.868637831911777,0.67745259945864,TRUE,0.0901165808676012
GOBP_NEGATIVE_REGULATION_OF_REACTIVE_OXYGEN_SPECIES_BIOSYNTHETIC_PROCESS,0.0451606498354531,0.979966279401641,3.57252684986055,0.0609188915389984,TRUE,0.0891937925030086
GOBP_REGULATION_OF_SYNCYTIUM_FORMATION_BY_PLASMA_MEMBRANE_FUSION,0.0464695082285347,0.9790990626234,1.03636109156181,0.607878958791402,TRUE,0.0889505528960655
GOBP_EPITHELIAL_TO_MESENCHYMAL_TRANSITION,-0.138933127899962,0.940076130666593,-0.0635338191052015,0.977705551206265,TRUE,0.087194007182722
GOBP_POSITIVE_REGULATION_OF_CANONICAL_WNT_SIGNALING_PATHWAY,-3.13164262339634,0.0151418844463945,-0.0441431354529079,0.983167267427772,TRUE,0.0870590997075169
GOBP_DEVELOPMENT_OF_PRIMARY_FEMALE_SEXUAL_CHARACTERISTICS,-2.39858993490849,0.0707969618460891,-0.0443130266106548,0.983167267427772,TRUE,0.0870184213519082
GOBP_REGULATION_OF_PHOSPHOLIPASE_ACTIVITY,0.0601126964177298,0.973470016301119,0.155167158808886,0.947333782434136,TRUE,0.0866547991837096
REACTOME_INTEGRIN_SIGNALING,1.46429003630068,0.309620876054153,0.0445857801449057,0.983167267427772,TRUE,0.08653662934392
GOBP_POSITIVE_REGULATION_OF_INTERLEUKIN_2_PRODUCTION,0.0439225307850376,0.980195449890252,2.71743044984851,0.1299624920005,TRUE,0.0864477836964438
GOBP_PYRIMIDINE_RIBONUCLEOSIDE_TRIPHOSPHATE_METABOLIC_PROCESS,0.043946491997,0.980195449890252,1.11307917977195,0.574831272210253,TRUE,0.08455460662526
GOBP_REGULATION_OF_STEROID_HORMONE_SECRETION,0.0422554198555717,0.981116412122236,2.73924187560075,0.125600805968918,TRUE,0.0832269840625419
GOBP_REGULATION_OF_SYNAPTIC_TRANSMISSION_GABAERGIC,0.242622138001511,0.893685105396831,0.0501696620327791,0.981779011133799,TRUE,0.0831462538485063
KEGG_T_CELL_RECEPTOR_SIGNALING_PATHWAY,-0.695443631899788,0.669806639752936,-0.0441757492718231,0.983167267427772,TRUE,0.0830744685646976
GOBP_CELL_MIGRATION_INVOLVED_IN_SPROUTING_ANGIOGENESIS,0.336763421421962,0.848709254435531,0.0469717043253997,0.98262448072149,TRUE,0.0824441172948897
REACTOME_SIGNALING_BY_NTRKS,0.042068057520039,0.981116412122236,1.76217355758246,0.337101201315581,TRUE,0.0821743805930995
GOBP_RESPONSE_TO_MUSCLE_ACTIVITY,-0.306205043808987,0.863795116633833,-0.0470870675548004,0.98262448072149,TRUE,0.0816225277592331
GOBP_PROTEIN_LOCALIZATION_TO_CILIARY_MEMBRANE,-0.041617474878063,0.981287592070703,-1.89417327942962,0.298626914931579,TRUE,0.0814454854647278
GOBP_MITOTIC_CYTOKINETIC_PROCESS,0.988505160901583,0.52218575116644,0.0421106637931718,0.984249974513747,TRUE,0.0807800685592434
GOBP_NEGATIVE_REGULATION_OF_LYMPHOCYTE_DIFFERENTIATION,0.0407651616935825,0.981453647811408,1.97322655082653,0.278807336049417,TRUE,0.0798800699153426
REACTOME_CYCLIN_A_CDK2_ASSOCIATED_EVENTS_AT_S_PHASE_ENTRY,-0.055709753874282,0.974692061579882,-0.139493877823587,0.952484691837751,TRUE,0.0796211579971955
GOBP_SENSORY_PERCEPTION_OF_MECHANICAL_STIMULUS,1.0517885127588,0.489174357654982,0.0411199976361225,0.984492778415995,TRUE,0.0791457670005963
REACTOME_ROLE_OF_LAT2_NTAL_LAB_ON_CALCIUM_MOBILIZATION,-1.62052503182065,0.251271618809145,-0.0401761204909205,0.984631639136997,TRUE,0.0784083383652213
REACTOME_NON_INTEGRIN_MEMBRANE_ECM_INTERACTIONS,4.94087559326217,5.80363353681357e-05,0.0394979476157039,0.984791536339085,TRUE,0.0783694009120368
GOBP_NEGATIVE_REGULATION_OF_LIPASE_ACTIVITY,-0.257561503604322,0.886822691712234,-0.0459249373771344,0.982694879952299,TRUE,0.0779507373412561
GOBP_NUCLEOTIDE_TRANSPORT,4.21092923738252,0.000748289183462234,0.0391832942487306,0.984851639289968,TRUE,0.0776440991342945
GOBP_NEGATIVE_REGULATION_OF_ANTIGEN_RECEPTOR_MEDIATED_SIGNALING_PATHWAY,-0.992877113110876,0.519384883390919,-0.040383246757442,0.984631639136997,TRUE,0.0776098706887063
GOBP_REGULATION_OF_SMOOTHENED_SIGNALING_PATHWAY,-0.0406949611211218,0.981453647811408,-0.68218689894945,0.750572701971719,TRUE,0.0768080397739577
GOBP_PROTEIN_IMPORT_INTO_MITOCHONDRIAL_MATRIX,0.129076910703673,0.943857238139191,0.0542990033878538,0.98017065672253,TRUE,0.0764413106957354
GOBP_NEGATIVE_REGULATION_OF_SMOOTH_MUSCLE_CONTRACTION,-2.79885562635146,0.0311393436635876,-0.0379393408569757,0.985274843326084,TRUE,0.0748638790219695
GOBP_POSITIVE_REGULATION_OF_TELOMERASE_RNA_LOCALIZATION_TO_CAJAL_BODY,1.93543387407917,0.157012098883564,0.0380271238200604,0.985274843326084,TRUE,0.0745887389246555
GOBP_AMINO_ACID_IMPORT_ACROSS_PLASMA_MEMBRANE,0.0396840004490486,0.982020542847863,0.552602896494764,0.801312692034927,TRUE,0.074050240536468
REACTOME_CD28_CO_STIMULATION,-0.258032142382326,0.886813189797871,-0.0421816458216756,0.984249974513747,TRUE,0.0725097971395197
GOBP_NEURON_PROJECTION_GUIDANCE,1.05672774887563,0.486345150325747,0.037240692827022,0.985613632578815,TRUE,0.0719459026375905
GOBP_REGULATION_OF_PRESYNAPTIC_CYTOSOLIC_CALCIUM_ION_CONCENTRATION,0.0395155227018454,0.982020542847863,0.391655622706582,0.866927583323062,TRUE,0.0717880907160762
KEGG_UBIQUITIN_MEDIATED_PROTEOLYSIS,-0.0364432082613956,0.983923090826081,-1.59833159165662,0.394803841680721,TRUE,0.071261596482196
GOBP_ORGAN_OR_TISSUE_SPECIFIC_IMMUNE_RESPONSE,0.0473684530670065,0.978905963528227,0.134967075634394,0.954005688973331,TRUE,0.0701254619251811
GOBP_NEGATIVE_REGULATION_OF_ENDOTHELIAL_CELL_PROLIFERATION,0.035908414047708,0.98416152821838,1.2793252097925,0.504263677883467,TRUE,0.0698560902066494
GOBP_PEPTIDYL_PROLINE_MODIFICATION,-0.501880852802886,0.769539714115367,-0.0370397666539405,0.985613632578815,TRUE,0.0689880810076847
GOBP_POSITIVE_REGULATION_OF_MITOCHONDRION_ORGANIZATION,0.0349031542933324,0.984199019812646,2.20723869364119,0.223862046812428,TRUE,0.068719642120182
GOBP_INTRINSIC_APOPTOTIC_SIGNALING_PATHWAY_BY_P53_CLASS_MEDIATOR,-1.49122449877753,0.298973211535042,-0.0316283479555227,0.988214441817505,TRUE,0.0619429085723125
GOBP_REGULATION_OF_WOUND_HEALING,3.99247820320731,0.00149633017736053,0.0312060077242194,0.988214441817505,TRUE,0.0619279740241946
GOBP_NEGATIVE_REGULATION_OF_MUSCLE_CELL_DIFFERENTIATION,0.583764285370273,0.727517556626321,0.0326875087128709,0.987966138780513,TRUE,0.0619084909718991
GOBP_NEGATIVE_REGULATION_OF_CELLULAR_RESPONSE_TO_INSULIN_STIMULUS,-0.0332923563197708,0.985021451348535,-0.429433911104607,0.853367848682424,TRUE,0.0617940574839913
GOBP_INTESTINAL_ABSORPTION,0.0316042616263286,0.985617637312313,0.757984553649472,0.722941538040839,TRUE,0.0606785245150319
REACTOME_MECP2_REGULATES_NEURONAL_RECEPTORS_AND_CHANNELS,-0.91017354194864,0.560366604848706,-0.0311789401581728,0.988214441817505,TRUE,0.0602924981606387
KEGG_BETA_ALANINE_METABOLISM,0.055201312098799,0.974912092017997,0.0586619521880769,0.978899943649486,TRUE,0.0568790426190531
REACTOME_DEGRADATION_OF_DVL,0.0475600814410009,0.978905963528227,0.0692309858389607,0.976166239977914,TRUE,0.0563849856230689
GOBP_FIBROBLAST_PROLIFERATION,-0.0304488044201048,0.986243869684755,-0.279817264221738,0.90570380825274,TRUE,0.0549212563845756
GOBP_CELL_CYCLE_DNA_REPLICATION,-0.0272143781769969,0.988269327557633,-1.71323509483486,0.357159707892671,TRUE,0.0535776861091576
GOBP_NEGATIVE_REGULATION_OF_MYOBLAST_DIFFERENTIATION,-3.41668550748588,0.00771145852195821,-0.0269970801461805,0.989333268478178,TRUE,0.0535708678907692
REACTOME_INTRINSIC_PATHWAY_OF_FIBRIN_CLOT_FORMATION,3.89131339989254,0.00204530283530465,0.0267473669844781,0.989333268478178,TRUE,0.0531295422666476
GOBP_OXIDATIVE_PHOSPHORYLATION,0.0272191961162761,0.988269327557633,0.727592889229944,0.733050296285819,TRUE,0.0524752953198247
GOBP_POSITIVE_REGULATION_OF_NERVOUS_SYSTEM_PROCESS,0.998374769662442,0.517172361366138,0.0266501509065966,0.989333268478178,TRUE,0.0519145198110346
GOBP_INTRACELLULAR_ESTROGEN_RECEPTOR_SIGNALING_PATHWAY,-2.22870199314959,0.0967403090896783,-0.0259554061803857,0.989393851608818,TRUE,0.0513132199192865
GOBP_DEVELOPMENTAL_PIGMENTATION,3.27417771751,0.0107448268783174,0.0252712049936731,0.989653770892829,TRUE,0.0501552945527192
GOBP_ACIDIC_AMINO_ACID_TRANSPORT,0.831585854801031,0.600250949855802,0.0258504473115982,0.989393851608818,TRUE,0.0501421884556054
GOBP_REGULATION_OF_SUBSTRATE_ADHESION_DEPENDENT_CELL_SPREADING,0.0257687072448798,0.989240082228481,0.842151762908462,0.686615536936202,TRUE,0.0500072598364075
GOBP_EPOXYGENASE_P450_PATHWAY,0.0245995147893046,0.989599650690188,2.98982519705436,0.106196173961501,TRUE,0.0487975359699006
GOBP_REGULATION_OF_WATER_LOSS_VIA_SKIN,3.05783213041081,0.017946691194197,0.0245610955210437,0.989848701199494,TRUE,0.048730776080415
GOBP_PIGMENT_METABOLIC_PROCESS,2.19854355371194,0.101275983609618,0.0236056115632054,0.990228869867614,TRUE,0.0467097042311174
GOBP_GLUTAMINE_METABOLIC_PROCESS,-0.0235815296378572,0.989837147478197,-1.62033827752377,0.385320490580731,TRUE,0.0464865195349818
GOBP_REGULATION_OF_CELL_MIGRATION_INVOLVED_IN_SPROUTING_ANGIOGENESIS,0.0240478855130539,0.989655773188813,0.317450975230804,0.890470967603527,TRUE,0.0447089322156398
GOBP_RESPONSE_TO_AUDITORY_STIMULUS,0.0218010234806233,0.990534442012535,2.02930859715545,0.265329371041392,TRUE,0.0431386054952022
GOBP_NEGATIVE_REGULATION_OF_INTRINSIC_APOPTOTIC_SIGNALING_PATHWAY,0.021750346808753,0.990534442012535,1.55744370603955,0.405300455094661,TRUE,0.0429015556136011
GOBP_REGULATION_OF_MYELOID_CELL_APOPTOTIC_PROCESS,-1.31608027230766,0.372460371413114,-0.0218003028039113,0.991487396772629,TRUE,0.042890148768575
GOBP_REGULATION_OF_TRANSCRIPTION_BY_RNA_POLYMERASE_III,-3.30690454257558,0.010056330856818,-0.0214982597772919,0.991535388322239,TRUE,0.0427188036644726
GOBP_CELL_FATE_SPECIFICATION,-2.3235477893667,0.0808659620171847,-0.0211250662292494,0.991535388322239,TRUE,0.0418694666252034
GOBP_SODIUM_ION_EXPORT_ACROSS_PLASMA_MEMBRANE,0.0205383813983794,0.991120928236071,1.71943041475302,0.353951996149593,TRUE,0.040591897652742
GOBP_POSITIVE_REGULATION_OF_SPROUTING_ANGIOGENESIS,1.23907048436204,0.405961029870184,0.019470717478254,0.992417351911465,TRUE,0.0383389773833055
REACTOME_ACTIVATION_OF_GENE_EXPRESSION_BY_SREBF_SREBP,-1.12535912064959,0.453984112914314,-0.0191916172860423,0.992417351911465,TRUE,0.0377396315200815
GOBP_CARDIAC_SEPTUM_DEVELOPMENT,-0.0211849822193386,0.990795084410589,-0.104957768075651,0.964777230551518,TRUE,0.0352541615790734
REACTOME_PURINE_CATABOLISM,0.361520755019057,0.838658829489553,0.0181536297141467,0.993057031465096,TRUE,0.0345712757272601
GOBP_REGULATION_OF_DENDRITE_DEVELOPMENT,1.87202032727024,0.173557388730759,0.0169724259677231,0.993227100353275,TRUE,0.0336398605661187
GOBP_LAMELLIPODIUM_ASSEMBLY,-0.0170516893157021,0.993146227958634,-0.65877188205438,0.757647819079327,TRUE,0.03324291705286
REACTOME_PHASE_0_RAPID_DEPOLARISATION,0.0171884124932516,0.993146227958634,0.400839197860275,0.861889794336372,TRUE,0.0329633225444596
GOBP_POSITIVE_REGULATION_OF_PROTEIN_DEPHOSPHORYLATION,0.0161608099847166,0.993159571215954,2.66694057397339,0.139553612046791,TRUE,0.0321269409454323
GOBP_OLIGOSACCHARIDE_BIOSYNTHETIC_PROCESS,-0.0152214950568892,0.993159571215954,-0.952469601059786,0.645646820121168,TRUE,0.0299641308730627
GOBP_REGULATION_OF_PROTEIN_ACETYLATION,-4.08003001481154,0.00116600198027916,-0.0146776906531174,0.994095952961439,TRUE,0.0292501554301014
REACTOME_NUCLEAR_ENVELOPE_NE_REASSEMBLY,-0.519182747241348,0.75978051351781,-0.0143537056706968,0.994161242487129,TRUE,0.0279350972273101
GOBP_REGULATION_OF_POSITIVE_CHEMOTAXIS,0.0135656759573285,0.993808729685751,1.73999114717519,0.346838968382141,TRUE,0.026921461294916
GOBP_RECEPTOR_SIGNALING_PATHWAY_VIA_STAT,-0.270834834479749,0.881345272188424,-0.0132021386051818,0.994890380644875,TRUE,0.0251769971006131
GOBP_CELLULAR_RESPONSE_TO_CORTICOSTEROID_STIMULUS,-1.46504819405998,0.30950474544325,-0.0119218166017701,0.995332875465323,TRUE,0.0236511720024863
GOBP_GLUTAMINE_FAMILY_AMINO_ACID_BIOSYNTHETIC_PROCESS,0.455801416042597,0.794691888120693,0.0119705048924956,0.995332875465323,TRUE,0.023328348011301
GOBP_POSITIVE_REGULATION_OF_DEPHOSPHORYLATION,0.0115997730082307,0.994656720552319,2.63267174503522,0.141824242713552,TRUE,0.0230977752770164
GOBP_POTASSIUM_ION_IMPORT_ACROSS_PLASMA_MEMBRANE,0.0113158534732567,0.994656720552319,1.35856268146299,0.477788587783449,TRUE,0.0224447581965877
GOBP_HORMONE_TRANSPORT,0.011297111912322,0.994656720552319,0.921171716729646,0.657808377777262,TRUE,0.02232048869562
GOBP_ESTABLISHMENT_OF_PROTEIN_LOCALIZATION_TO_MEMBRANE,0.0113971112118919,0.994656720552319,0.436083951055688,0.849729559636424,TRUE,0.0222136653681713
GOBP_POSITIVE_REGULATION_OF_PHOSPHATASE_ACTIVITY,0.0106951672168492,0.994944806248295,1.40027434348356,0.45856996797743,TRUE,0.0212281954208722
GOBP_NEGATIVE_REGULATION_OF_ANION_TRANSPORT,-1.93923297583189,0.15635610720718,-0.0105233393797304,0.995674845368076,TRUE,0.0209330843878596
REACTOME_FGFR1_MUTANT_RECEPTOR_ACTIVATION,-0.480418706416792,0.781302790259843,-0.0105938213858358,0.995674845368076,TRUE,0.0207305096225145
GOBP_LEUKOCYTE_DEGRANULATION,-0.316570252278754,0.858613783347818,-0.0105593956347255,0.995674845368076,TRUE,0.0204370992437856
REACTOME_CLEC7A_DECTIN_1_SIGNALING,1.01228132708467,0.509506492703389,0.00999885413266143,0.995900318098386,TRUE,0.019802112017243
REACTOME_HIV_LIFE_CYCLE,-1.99735449927767,0.141509994533292,-0.00940447918548102,0.995987030615865,TRUE,0.0187208120318159
GOBP_REGULATION_OF_MITOTIC_SISTER_CHROMATID_SEGREGATION,0.483195640987137,0.779985240435295,0.00905618412795183,0.996071274160401,TRUE,0.0177791466535655
GOBP_ORGANOPHOSPHATE_ESTER_TRANSPORT,2.81538961311897,0.029898647712674,0.00880954518925669,0.996074125481434,TRUE,0.0175641310204148
GOBP_NEURAL_TUBE_PATTERNING,0.00827812315836479,0.99668575839952,0.210732736719871,0.927347241545279,TRUE,0.0159304570470728
GOBP_REGULATION_OF_RESPONSE_TO_DNA_DAMAGE_STIMULUS,-0.00783892740356142,0.996843094635607,-2.32698553055762,0.198189531990897,TRUE,0.015625218059526
GOBP_VASCULAR_TRANSPORT,-1.17373727327836,0.431927422264007,-0.00780573532039868,0.996682860387072,TRUE,0.0155083351587223
GOBP_POSITIVE_REGULATION_OF_CALCIUM_MEDIATED_SIGNALING,0.141293395356556,0.938392024898046,0.0070322076654987,0.997107127461734,TRUE,0.0133976127879011
GOBP_AEROBIC_RESPIRATION,0.00549734007986522,0.998084078050975,0.798371649307573,0.704617725585811,TRUE,0.0109194919179829
REACTOME_CD209_DC_SIGN_SIGNALING,-0.415087474794533,0.81376940607615,-0.00480528762168735,0.998517074872747,TRUE,0.00950059102266906
GOBP_CELLULAR_RESPONSE_TO_RETINOIC_ACID,-0.182454770089305,0.925200131501614,-0.00478255086169855,0.998517074872747,TRUE,0.0093207829879168
GOBP_VESICLE_MEDIATED_TRANSPORT_TO_THE_PLASMA_MEMBRANE,-0.00439866746501917,0.998429456953052,-0.857120072837131,0.681627712448815,TRUE,0.00875241826238459
GOBP_OLIGOSACCHARIDE_LIPID_INTERMEDIATE_BIOSYNTHETIC_PROCESS,4.99061723615273,4.98164092322006e-05,0.00370654047109851,0.998544519791188,TRUE,0.0074075793196037
GOBP_NEGATIVE_REGULATION_OF_PEPTIDE_SECRETION,-0.828229897962736,0.601785225422106,-0.00360695826527608,0.998544519791188,TRUE,0.00718263600281398
GOBP_RESPONSE_TO_AXON_INJURY,0.00352239822433295,0.998737369499516,0.873667170409307,0.674970920887645,TRUE,0.00701650771908124
GOBP_ENDOSOMAL_TRANSPORT,0.224809624383179,0.902779669888599,0.00344456983757495,0.998544519791188,TRUE,0.00678517609711851
GOBP_EXPLORATION_BEHAVIOR,0.0026993080666209,0.998737369499516,1.94246886982362,0.287000809688519,TRUE,0.00539112447866782
GOBP_NITRIC_OXIDE_MEDIATED_SIGNAL_TRANSDUCTION,0.00260081036827541,0.998737369499516,1.12907220337587,0.567306978797661,TRUE,0.00518966637431088
REACTOME_G1_S_DNA_DAMAGE_CHECKPOINTS,-0.0025548830216024,0.998737369499516,-0.118555986421777,0.960417298380134,TRUE,0.00500197345144038
GOBP_HEAT_GENERATION,0.00171712218036124,0.999212113749873,0.948856304029557,0.646270131900035,TRUE,0.00342804071879228
GOBP_2_OXOGLUTARATE_METABOLIC_PROCESS,-2.16334477664025,0.108283972397554,0.767736570972638,0.718753735920328,FALSE,0
GOBP_3_PHOSPHOADENOSINE_5_PHOSPHOSULFATE_METABOLIC_PROCESS,3.05169872530697,0.0180833378193152,-2.17511546254458,0.231546379186492,FALSE,0
GOBP_3_UTR_MEDIATED_MRNA_DESTABILIZATION,-3.93981186675395,0.00178671466714765,1.19819897501378,0.536192200684377,FALSE,0
GOBP_ACID_SECRETION,-2.34314219211517,0.0779569765355589,2.00088233612448,0.270185599865827,FALSE,0
GOBP_ACROSOME_ASSEMBLY,0.0586378096744021,0.973470016301119,-1.55554957462186,0.405650006167262,FALSE,0
GOBP_ACROSOME_REACTION,-1.24583466911134,0.403151195742097,1.7390562593523,0.346838968382141,FALSE,0
GOBP_ACTIN_FILAMENT_BASED_TRANSPORT,-0.584668169165113,0.726910349531379,0.461078537317673,0.8400294888043,FALSE,0
GOBP_ACTIN_FILAMENT_BUNDLE_ORGANIZATION,1.38676516753781,0.342949055398667,-0.71105461923896,0.73981938164701,FALSE,0
GOBP_ACTIN_NUCLEATION,0.116497071318031,0.9497392160504,-0.908043291058982,0.661451930851507,FALSE,0
GOBP_ACTIVATION_OF_CYSTEINE_TYPE_ENDOPEPTIDASE_ACTIVITY,1.72194218272412,0.220232768530099,-0.282709584763733,0.904149381596568,FALSE,0
GOBP_ACTIVATION_OF_CYSTEINE_TYPE_ENDOPEPTIDASE_ACTIVITY_INVOLVED_IN_APOPTOTIC_PROCESS,-0.975977623852816,0.528517889836825,1.54705547276264,0.408675333811889,FALSE,0
GOBP_ACTIVATION_OF_NF_KAPPAB_INDUCING_KINASE_ACTIVITY,0.0486651123426074,0.978672659062014,-0.224582819462032,0.923742886908581,FALSE,0
GOBP_ACTIVATION_OF_PHOSPHOLIPASE_C_ACTIVITY,-0.823342760795135,0.604838868862092,1.09631459705586,0.582395351311551,FALSE,0
GOBP_ACTIVATION_OF_PROTEIN_KINASE_B_ACTIVITY,2.23297873356272,0.0960629791220375,-0.520905337812731,0.815523045184911,FALSE,0
GOBP_ACUTE_INFLAMMATORY_RESPONSE,1.71744575716025,0.221475990140683,-0.33633159851443,0.882126427291635,FALSE,0
GOBP_ACYLGLYCEROL_HOMEOSTASIS,-0.776363272895797,0.627713920811718,1.73428116054067,0.348575855028292,FALSE,0
GOBP_ADAPTATION_OF_SIGNALING_PATHWAY,-4.01278194602155,0.0014371060154122,1.01481268754419,0.615905763178319,FALSE,0
GOBP_ADIPOSE_TISSUE_DEVELOPMENT,-5.53613783314109,5.8968304474993e-06,0.310890752606422,0.893079952472236,FALSE,0
GOBP_ADRENAL_GLAND_DEVELOPMENT,-2.03134792044875,0.133041190078816,2.55593938607653,0.153647015619267,FALSE,0
GOBP_ALPHA_BETA_T_CELL_ACTIVATION,-1.38907539109905,0.341843380742894,2.33651606196804,0.196387229911255,FALSE,0
GOBP_ALPHA_BETA_T_CELL_DIFFERENTIATION,-1.99417597314944,0.142323502583385,2.97407843718834,0.106659237658179,FALSE,0
GOBP_ALPHA_BETA_T_CELL_PROLIFERATION,-0.474049311694259,0.785395850266953,0.734742386537411,0.730803754559561,FALSE,0
GOBP_AMIDE_TRANSPORT,-1.1292785342308,0.452448230495687,0.393759109504721,0.865713156128453,FALSE,0
GOBP_AMINE_BIOSYNTHETIC_PROCESS,0.792681957307093,0.619157694140046,-0.776891506181273,0.714696439524468,FALSE,0
GOBP_AMINO_ACID_ACTIVATION,0.197514573179641,0.917750358932845,-0.187607253501996,0.935119528579257,FALSE,0
GOBP_AMINO_ACID_IMPORT,-0.530900882764342,0.753542630258192,0.832535621478208,0.689632390292651,FALSE,0
GOBP_AMYLOID_FIBRIL_FORMATION,3.35232148938678,0.00902519734866296,-0.790145671353257,0.708973869322505,FALSE,0
GOBP_AMYLOID_PRECURSOR_PROTEIN_BIOSYNTHETIC_PROCESS,-1.76273675397115,0.206662350120446,3.05071523639735,0.0945591379470732,FALSE,0
GOBP_AMYLOID_PRECURSOR_PROTEIN_METABOLIC_PROCESS,-0.737868375950556,0.646884226483597,1.67078988232924,0.367975609460852,FALSE,0
GOBP_ANATOMICAL_STRUCTURE_ARRANGEMENT,2.74427697267508,0.0351641601414448,-0.42914501875832,0.853424151890558,FALSE,0
GOBP_ANATOMICAL_STRUCTURE_REGRESSION,-1.10244078894415,0.464219326717554,0.460272159511498,0.840570136833009,FALSE,0
GOBP_ANDROGEN_METABOLIC_PROCESS,-0.160849164945618,0.933490048768512,1.01564074843928,0.615905763178319,FALSE,0
GOBP_ANDROGEN_RECEPTOR_SIGNALING_PATHWAY,-1.08923682541824,0.469256747247182,0.243628217069975,0.917588940484837,FALSE,0
GOBP_ANIMAL_ORGAN_FORMATION,-0.27442534262155,0.880301431469419,1.70146083434388,0.35984389550323,FALSE,0
GOBP_ANIMAL_ORGAN_REGENERATION,-0.850790995750007,0.591065481407148,0.909974273299386,0.661451930851507,FALSE,0
GOBP_ANION_HOMEOSTASIS,1.53004371013828,0.283568369816077,-0.751542493942808,0.725362102036887,FALSE,0
GOBP_ANTERIOR_POSTERIOR_AXIS_SPECIFICATION,1.155094581034,0.44087614369982,-0.213815266946949,0.926167465728309,FALSE,0
GOBP_ANTERIOR_POSTERIOR_PATTERN_SPECIFICATION,-0.747421003567715,0.641644819917309,0.297227347952413,0.898352102530896,FALSE,0
GOBP_ANTIFUNGAL_INNATE_IMMUNE_RESPONSE,0.44075078618958,0.802152619664234,-1.0662914392357,0.596695546299635,FALSE,0
GOBP_ANTIGEN_PROCESSING_AND_PRESENTATION,-2.59975353578404,0.0477489066541331,1.20368581925836,0.533936307845085,FALSE,0
GOBP_ANTIGEN_PROCESSING_AND_PRESENTATION_OF_ENDOGENOUS_ANTIGEN,-4.84270089970575,8.45531965142766e-05,1.43176291994218,0.446719543628172,FALSE,0
GOBP_ANTIGEN_PROCESSING_AND_PRESENTATION_OF_ENDOGENOUS_PEPTIDE_ANTIGEN,-4.83216387269649,8.71602506703308e-05,0.769221602744647,0.718457391102876,FALSE,0
GOBP_ANTIGEN_PROCESSING_AND_PRESENTATION_OF_EXOGENOUS_ANTIGEN,-1.34543955024592,0.360113898035393,1.23236913558335,0.519590548499998,FALSE,0
GOBP_ANTIGEN_PROCESSING_AND_PRESENTATION_OF_EXOGENOUS_PEPTIDE_ANTIGEN,-1.36208010228794,0.352715883613814,0.926984596364217,0.656155863170039,FALSE,0
GOBP_ANTIGEN_PROCESSING_AND_PRESENTATION_OF_PEPTIDE_ANTIGEN,-2.07890980443815,0.123749820087402,0.634368396581507,0.767635918813448,FALSE,0
GOBP_ANTIGEN_PROCESSING_AND_PRESENTATION_OF_PEPTIDE_OR_POLYSACCHARIDE_ANTIGEN_VIA_MHC_CLASS_II,-0.0576996114536707,0.973653857990677,0.997631349942727,0.625708139158499,FALSE,0
GOBP_ANTIGEN_RECEPTOR_MEDIATED_SIGNALING_PATHWAY,-0.407593276156735,0.817065493526567,1.51415531582672,0.417887708146187,FALSE,0
GOBP_ANTIVIRAL_INNATE_IMMUNE_RESPONSE,-2.70259299552004,0.0387165044682983,0.891583379085506,0.669145882996545,FALSE,0
GOBP_APICAL_JUNCTION_ASSEMBLY,0.00468985498891809,0.998390950509781,-1.31966082768013,0.489381441170291,FALSE,0
GOBP_APICAL_PROTEIN_LOCALIZATION,1.95601272028707,0.152125894830223,-0.172008060708437,0.941119921280199,FALSE,0
GOBP_APOPTOTIC_PROCESS_INVOLVED_IN_MORPHOGENESIS,-0.688230907950148,0.673017218306716,1.91822635491951,0.292456522738161,FALSE,0
GOBP_APPENDAGE_DEVELOPMENT,0.0940633401422939,0.959534241568021,-1.24635374326975,0.515141014164671,FALSE,0
GOBP_ARACHIDONIC_ACID_METABOLIC_PROCESS,-0.145386564930429,0.936952000242148,2.74925147541467,0.125573668306296,FALSE,0
GOBP_ARACHIDONIC_ACID_SECRETION,-0.129207646730715,0.943857238139191,1.41745974469427,0.4544460568937,FALSE,0
GOBP_AROMATIC_AMINO_ACID_FAMILY_METABOLIC_PROCESS,1.50884314833629,0.291996480020725,-0.108334471102585,0.963638445435578,FALSE,0
GOBP_ARP2_3_COMPLEX_MEDIATED_ACTIN_NUCLEATION,0.708799855574173,0.662061889684651,-2.57638865959891,0.148199359551676,FALSE,0
GOBP_ARTERY_MORPHOGENESIS,-0.224567213209628,0.9027942318686,0.416286355624153,0.858578534356292,FALSE,0
GOBP_ASPARTATE_FAMILY_AMINO_ACID_BIOSYNTHETIC_PROCESS,0.0426433733487007,0.981037670040751,-2.49266933206229,0.162794327476346,FALSE,0
GOBP_ASYMMETRIC_CELL_DIVISION,-0.277075353678061,0.879704879854234,0.208117479093312,0.927753391543092,FALSE,0
GOBP_ATP_BIOSYNTHETIC_PROCESS,-0.758473834505485,0.636694397117519,0.917945811129282,0.658107022855644,FALSE,0
GOBP_ATP_TRANSPORT,-0.148940853342743,0.936336626945396,1.70357146583312,0.359443512838053,FALSE,0
GOBP_ATRIAL_SEPTUM_DEVELOPMENT,0.602755013143649,0.717149674136179,-1.41340819612502,0.454886434478687,FALSE,0
GOBP_ATTACHMENT_OF_SPINDLE_MICROTUBULES_TO_KINETOCHORE,1.8777533351695,0.172055534389976,-1.169215013263,0.546570128726356,FALSE,0
GOBP_AUTOPHAGOSOME_MATURATION,-0.18083533120948,0.925896615682625,0.762428251305043,0.720696146096254,FALSE,0
GOBP_AUTOPHAGOSOME_ORGANIZATION,-1.93559148658987,0.157012098883564,0.743514492284037,0.727208221617223,FALSE,0
GOBP_AUTOPHAGY_OF_MITOCHONDRION,-3.43914767109265,0.00725771231795148,2.21556783616389,0.221711857664767,FALSE,0
GOBP_AUTOPHAGY_OF_NUCLEUS,-4.3267140840919,0.000493229272845397,2.01447225538619,0.266562492608851,FALSE,0
GOBP_AXIS_ELONGATION,-1.39128767669218,0.340922807300315,1.58662496300626,0.397457956073164,FALSE,0
GOBP_AXONAL_FASCICULATION,1.65582487540791,0.240350346937235,-1.59543669438223,0.39548446356381,FALSE,0
GOBP_AXONAL_TRANSPORT_OF_MITOCHONDRION,3.57760693305582,0.00501499184319563,-1.04033723723503,0.606612333923739,FALSE,0
GOBP_AXONEMAL_DYNEIN_COMPLEX_ASSEMBLY,0.303451372338301,0.865415988107613,-2.14829941421079,0.234951248455387,FALSE,0
GOBP_AXONEME_ASSEMBLY,0.0653337200223768,0.971686205636107,-2.08276234226235,0.254649572126265,FALSE,0
GOBP_AXON_EXTENSION,2.05493370726646,0.127797116912942,-1.02011670295299,0.614615298873389,FALSE,0
GOBP_AXO_DENDRITIC_TRANSPORT,3.49182251458409,0.00636640552851843,-0.236476843561643,0.92024633360226,FALSE,0
GOBP_BASEMENT_MEMBRANE_ASSEMBLY,4.11376158924086,0.00104391541274516,-0.371525939221514,0.870186696560876,FALSE,0
GOBP_BASEMENT_MEMBRANE_ORGANIZATION,3.926409458595,0.00184984964184099,-1.29284813280956,0.499000294733781,FALSE,0
GOBP_BASE_CONVERSION_OR_SUBSTITUTION_EDITING,-1.07522729757478,0.477314797194111,1.4706630598704,0.43611969495153,FALSE,0
GOBP_BENZENE_CONTAINING_COMPOUND_METABOLIC_PROCESS,-1.20694361333663,0.417854205449779,1.88643079305182,0.300930616577957,FALSE,0
GOBP_BILE_ACID_BIOSYNTHETIC_PROCESS,-1.13103951316311,0.451611160851808,1.0280004444337,0.611710517747021,FALSE,0
GOBP_BILE_ACID_METABOLIC_PROCESS,-2.07465053780497,0.1242800635701,1.12664877284405,0.567517101816607,FALSE,0
GOBP_BIOLOGICAL_PROCESS_INVOLVED_IN_INTRASPECIES_INTERACTION_BETWEEN_ORGANISMS,-0.47707891503415,0.783303441062735,1.10200706931859,0.580037939256067,FALSE,0
GOBP_BIOLOGICAL_PROCESS_INVOLVED_IN_SYMBIOTIC_INTERACTION,-0.115883007047941,0.9497392160504,1.06748870614215,0.5959776680521,FALSE,0
GOBP_BIOMINERALIZATION,3.66340478349767,0.00390703544727261,-0.101402605989291,0.965503471630829,FALSE,0
GOBP_BLASTOCYST_FORMATION,-2.99952369058929,0.0203850715023609,0.768048616161643,0.718679899233437,FALSE,0
GOBP_BLASTODERM_SEGMENTATION,1.64778398185071,0.242556962089229,-0.907649820108201,0.661451930851507,FALSE,0
GOBP_BLOOD_VESSEL_ENDOTHELIAL_CELL_MIGRATION,-0.968644872633413,0.530973892016088,1.89654431516156,0.298207935816287,FALSE,0
GOBP_BLOOD_VESSEL_ENDOTHELIAL_CELL_PROLIFERATION_INVOLVED_IN_SPROUTING_ANGIOGENESIS,-2.61928317853053,0.0457823348873651,0.0843027541753805,0.971005584050799,FALSE,0
GOBP_BLOOD_VESSEL_REMODELING,-2.13980725177413,0.112061147301799,1.61246064654179,0.388423128607561,FALSE,0
GOBP_BODY_FLUID_SECRETION,-1.43671547430367,0.320720078728341,1.04039456482537,0.606612333923739,FALSE,0
GOBP_BONE_GROWTH,-0.0352686660918942,0.984199019812646,0.248419387634949,0.915903948041183,FALSE,0
GOBP_BONE_MINERALIZATION,2.77961912164967,0.0322836895249362,-1.40700757354959,0.45547503038101,FALSE,0
GOBP_BONE_MORPHOGENESIS,-0.155219299607444,0.935515603236983,1.1285376003735,0.567306978797661,FALSE,0
GOBP_BRAIN_MORPHOGENESIS,-0.608441657005963,0.714013855535195,0.312501844812337,0.892401437145629,FALSE,0
GOBP_BRANCHING_INVOLVED_IN_BLOOD_VESSEL_MORPHOGENESIS,-1.96841608007466,0.148386198354212,0.708775827936571,0.740400437173682,FALSE,0
GOBP_BRANCHING_INVOLVED_IN_MAMMARY_GLAND_DUCT_MORPHOGENESIS,-2.81806402083824,0.0297927771072591,3.19467786487785,0.0845850837175887,FALSE,0
GOBP_BRANCHING_INVOLVED_IN_SALIVARY_GLAND_MORPHOGENESIS,3.27639525212406,0.0107448268783174,-0.632960463107478,0.767935451827055,FALSE,0
GOBP_BUNDLE_OF_HIS_CELL_TO_PURKINJE_MYOCYTE_COMMUNICATION,2.0302697196179,0.133304398987199,-0.999857541277625,0.624783778488448,FALSE,0
GOBP_B_CELL_APOPTOTIC_PROCESS,-1.96286104419748,0.150065315633938,1.31050302364477,0.493980638273809,FALSE,0
GOBP_B_CELL_DIFFERENTIATION,0.0673180180857505,0.970999656912878,-0.352305868138586,0.876906514523812,FALSE,0
GOBP_B_CELL_HOMEOSTASIS,-1.97149096716922,0.147666599876395,0.710059067712903,0.739837249785361,FALSE,0
GOBP_B_CELL_MEDIATED_IMMUNITY,-0.925184839984997,0.553201463733593,1.91331314982399,0.29345247297073,FALSE,0
GOBP_B_CELL_PROLIFERATION,-0.357104334798419,0.840299073419392,0.077777104311444,0.973355494653687,FALSE,0
GOBP_C4_DICARBOXYLATE_TRANSPORT,1.8027851130177,0.193961876929974,-0.322798152642921,0.887121139324401,FALSE,0
GOBP_CALCINEURIN_MEDIATED_SIGNALING,2.98918879085439,0.0208132132565715,-2.42708500173039,0.176463792357297,FALSE,0
GOBP_CALCIUM_DEPENDENT_CELL_CELL_ADHESION_VIA_PLASMA_MEMBRANE_CELL_ADHESION_MOLECULES,3.91323517882094,0.00190612972555322,-1.93705369014072,0.289518672995055,FALSE,0
GOBP_CALCIUM_INDEPENDENT_CELL_CELL_ADHESION_VIA_PLASMA_MEMBRANE_CELL_ADHESION_MOLECULES,-1.71577426440501,0.221930566348049,1.64098326790454,0.378596417672656,FALSE,0
GOBP_CALCIUM_ION_IMPORT_INTO_CYTOSOL,2.12618981009967,0.114255450768406,-1.43634288507364,0.446719543628172,FALSE,0
GOBP_CALCIUM_MEDIATED_SIGNALING,2.42414343496515,0.0669750606908487,-0.413030075845032,0.859523965729062,FALSE,0
GOBP_CAMP_MEDIATED_SIGNALING,-5.64495037975911,4.05125517895637e-06,0.801638907057846,0.703826559923661,FALSE,0
GOBP_CAMP_METABOLIC_PROCESS,0.49993630465594,0.771062972415775,-0.0174566058238228,0.99307854889173,FALSE,0
GOBP_CARBOHYDRATE_BIOSYNTHETIC_PROCESS,-1.23650014548311,0.406567430620569,0.540855511598038,0.805511980260327,FALSE,0
GOBP_CARBOHYDRATE_HOMEOSTASIS,-3.09372523214874,0.0165757928520364,0.962426704367568,0.641685314554497,FALSE,0
GOBP_CARBOHYDRATE_PHOSPHORYLATION,-0.27360293513963,0.880301431469419,0.912137914173035,0.661045569474747,FALSE,0
GOBP_CARDIAC_ATRIUM_DEVELOPMENT,1.30770375617893,0.375744800029978,-0.688901790237683,0.748126330491192,FALSE,0
GOBP_CARDIAC_ATRIUM_MORPHOGENESIS,3.29440802519701,0.0103641190475222,-0.114493665861499,0.961251123560717,FALSE,0
GOBP_CARDIAC_CONDUCTION_SYSTEM_DEVELOPMENT,2.83444727128612,0.0288954784638747,-1.17718331897494,0.544384913421417,FALSE,0
GOBP_CARDIAC_EPITHELIAL_TO_MESENCHYMAL_TRANSITION,1.77008705911418,0.204872084083911,-0.238248725222221,0.919880790806777,FALSE,0
GOBP_CARDIAC_LEFT_VENTRICLE_MORPHOGENESIS,0.114608205808055,0.9497392160504,-0.351335537342488,0.877081918141907,FALSE,0
GOBP_CARDIAC_MYOFIBRIL_ASSEMBLY,-0.542284391377819,0.748372199134776,2.76952154433356,0.125037116367193,FALSE,0
GOBP_CARDIAC_NEURAL_CREST_CELL_DIFFERENTIATION_INVOLVED_IN_HEART_DEVELOPMENT,1.12827256940987,0.452729186054543,-0.356546135514017,0.875622736581582,FALSE,0
GOBP_CARDIAC_SEPTUM_MORPHOGENESIS,-0.132422054673691,0.94242129216678,0.184978489185096,0.93618264925616,FALSE,0
GOBP_CARDIOLIPIN_METABOLIC_PROCESS,-1.52065560835512,0.286953980501368,1.8045511236488,0.325838043121474,FALSE,0
GOBP_CARTILAGE_DEVELOPMENT,1.56164065838931,0.272493519277783,-0.0514389305248538,0.981349018646506,FALSE,0
GOBP_CATECHOLAMINE_UPTAKE,-0.167076767578396,0.931354269759581,0.395787831255654,0.865241765812443,FALSE,0
GOBP_CATECHOL_CONTAINING_COMPOUND_BIOSYNTHETIC_PROCESS,0.975349251413796,0.528517889836825,-1.0008475576096,0.624080152206584,FALSE,0
GOBP_CATECHOL_CONTAINING_COMPOUND_METABOLIC_PROCESS,0.771404075471787,0.630341009588205,-1.20993482358905,0.530971607032496,FALSE,0
GOBP_CD4_POSITIVE_ALPHA_BETA_T_CELL_ACTIVATION,-2.27086972696784,0.0890398818223991,2.01653994076391,0.266562492608851,FALSE,0
GOBP_CD4_POSITIVE_ALPHA_BETA_T_CELL_CYTOKINE_PRODUCTION,-0.944157762019128,0.541561549878303,2.43979521183628,0.173936275686937,FALSE,0
GOBP_CD4_POSITIVE_ALPHA_BETA_T_CELL_DIFFERENTIATION,-3.06395488126207,0.0176835965605651,2.26628538386701,0.209680472531905,FALSE,0
GOBP_CD4_POSITIVE_OR_CD8_POSITIVE_ALPHA_BETA_T_CELL_LINEAGE_COMMITMENT,-3.03981493458149,0.0186946259579254,1.57136236938794,0.401266422739943,FALSE,0
GOBP_CD8_POSITIVE_ALPHA_BETA_T_CELL_ACTIVATION,-3.7534154519743,0.00303445506327157,0.533411165681183,0.809074303286167,FALSE,0
GOBP_CELLULAR_ANION_HOMEOSTASIS,1.17998340019379,0.430299652442282,-0.913989491116831,0.660189859478109,FALSE,0
GOBP_CELLULAR_CARBOHYDRATE_BIOSYNTHETIC_PROCESS,-3.33243535022285,0.00938868900725853,1.18754904867865,0.54053610420698,FALSE,0
GOBP_CELLULAR_GLUCAN_METABOLIC_PROCESS,-4.36949897530983,0.00042185189402446,0.333393225725114,0.882126427291635,FALSE,0
GOBP_CELLULAR_GLUCOSE_HOMEOSTASIS,-2.72502378750664,0.0367033818035416,0.654681297163508,0.759604918859386,FALSE,0
GOBP_CELLULAR_KETONE_METABOLIC_PROCESS,-0.394277763163452,0.822056853521884,1.62449804708686,0.384442529763251,FALSE,0
GOBP_CELLULAR_LIPID_CATABOLIC_PROCESS,-0.127997576638254,0.944562691356487,0.836861133561847,0.688225075693759,FALSE,0
GOBP_CELLULAR_METABOLIC_COMPOUND_SALVAGE,-2.22960211307587,0.0966567034319644,2.90000958246141,0.109904978198248,FALSE,0
GOBP_CELLULAR_MODIFIED_AMINO_ACID_CATABOLIC_PROCESS,-2.51499809210999,0.0568553859817128,0.133596395726632,0.954548199982534,FALSE,0
GOBP_CELLULAR_PIGMENTATION,2.57939953384121,0.0497506545860232,-0.128346499673274,0.956353444472752,FALSE,0
GOBP_CELLULAR_POLYSACCHARIDE_CATABOLIC_PROCESS,-0.0810993043069841,0.965167129982373,2.87026749060001,0.114478283944992,FALSE,0
GOBP_CELLULAR_RESPONSE_TO_ACIDIC_PH,-3.17018757140055,0.0139078289833775,1.27288815768007,0.506510204983683,FALSE,0
GOBP_CELLULAR_RESPONSE_TO_ACID_CHEMICAL,-0.708050603243392,0.662263048891628,0.727132181153548,0.733269147506269,FALSE,0
GOBP_CELLULAR_RESPONSE_TO_ALCOHOL,0.469356484444194,0.787846143259149,-1.3101181795997,0.494001261165608,FALSE,0
GOBP_CELLULAR_RESPONSE_TO_AMYLOID_BETA,1.07093935407188,0.47971219521459,-1.1733842264018,0.545426336359067,FALSE,0
GOBP_CELLULAR_RESPONSE_TO_ARSENIC_CONTAINING_SUBSTANCE,-4.47356553548631,0.000308249796043278,1.68647000317401,0.36381999274754,FALSE,0
GOBP_CELLULAR_RESPONSE_TO_ATP,-1.18674976445559,0.428009650669128,3.20882444813488,0.0829348709023037,FALSE,0
GOBP_CELLULAR_RESPONSE_TO_BIOTIC_STIMULUS,-0.810886172293294,0.609685203595273,1.50565485937118,0.421585202932879,FALSE,0
GOBP_CELLULAR_RESPONSE_TO_CADMIUM_ION,0.981394737226914,0.525523427763521,-0.527987636709867,0.81183879878438,FALSE,0
GOBP_CELLULAR_RESPONSE_TO_CALCIUM_ION,0.615198416204002,0.710679947017901,-0.334775197515686,0.882126427291635,FALSE,0
GOBP_CELLULAR_RESPONSE_TO_CAMP,0.467299503613288,0.788993750397249,-0.00304252943744964,0.998544519791188,FALSE,0
GOBP_CELLULAR_RESPONSE_TO_CARBOHYDRATE_STIMULUS,-1.86504005278735,0.175709738732107,1.56836845079343,0.402068068193045,FALSE,0
GOBP_CELLULAR_RESPONSE_TO_DEXAMETHASONE_STIMULUS,-0.33300657387709,0.850833193191724,1.96091533059707,0.28406806403246,FALSE,0
GOBP_CELLULAR_RESPONSE_TO_DSRNA,-1.3918624375345,0.340877134502187,1.48579097417241,0.430353613357343,FALSE,0
GOBP_CELLULAR_RESPONSE_TO_EXOGENOUS_DSRNA,-1.04236868924749,0.494174996112973,2.30149660342949,0.202996275846751,FALSE,0
GOBP_CELLULAR_RESPONSE_TO_EXTRACELLULAR_STIMULUS,-2.78670762909823,0.0318068781084125,0.527303233019732,0.81183879878438,FALSE,0
GOBP_CELLULAR_RESPONSE_TO_FLUID_SHEAR_STRESS,-1.52764931891628,0.284407283240557,2.21073261998685,0.223384751741783,FALSE,0
GOBP_CELLULAR_RESPONSE_TO_GAMMA_RADIATION,-1.44823304092295,0.31603355482475,2.41157448186946,0.179689942228633,FALSE,0
GOBP_CELLULAR_RESPONSE_TO_GONADOTROPIN_STIMULUS,3.26390571798317,0.0110294717769689,-0.233487325832271,0.921240587142904,FALSE,0
GOBP_CELLULAR_RESPONSE_TO_GROWTH_HORMONE_STIMULUS,-3.13120267180705,0.0151418844463945,0.489342607875479,0.828711260442706,FALSE,0
GOBP_CELLULAR_RESPONSE_TO_HEAT,-0.918234681683563,0.556325362532231,0.250867702173313,0.91505056868916,FALSE,0
GOBP_CELLULAR_RESPONSE_TO_HYDROGEN_PEROXIDE,-1.35232187162588,0.356830703814569,0.513131550506295,0.818743135893211,FALSE,0
GOBP_CELLULAR_RESPONSE_TO_INORGANIC_SUBSTANCE,1.1815254167448,0.429551262366468,-0.214229008761174,0.926167465728309,FALSE,0
GOBP_CELLULAR_RESPONSE_TO_INTERFERON_GAMMA,-1.10957803370094,0.460410385794899,2.39060385570541,0.186385332808991,FALSE,0
GOBP_CELLULAR_RESPONSE_TO_INTERLEUKIN_1,-1.3108523092697,0.374362393313147,1.84878030150098,0.310420142626383,FALSE,0
GOBP_CELLULAR_RESPONSE_TO_IONIZING_RADIATION,-1.17196078916613,0.432452890870927,0.055240335582404,0.979990059312551,FALSE,0
GOBP_CELLULAR_RESPONSE_TO_KETONE,0.731690567756163,0.649377892499588,-0.156580418555062,0.947010828098717,FALSE,0
GOBP_CELLULAR_RESPONSE_TO_LEPTIN_STIMULUS,-0.486705972093065,0.778103059691276,0.40323064302817,0.861402652606899,FALSE,0
GOBP_CELLULAR_RESPONSE_TO_LIGHT_STIMULUS,-0.679857099430519,0.677521830106932,0.299267961007435,0.897743280031715,FALSE,0
GOBP_CELLULAR_RESPONSE_TO_MOLECULE_OF_BACTERIAL_ORIGIN,-0.26575590228117,0.883610440589805,1.93237953184842,0.290057115102466,FALSE,0
GOBP_CELLULAR_RESPONSE_TO_OXYGEN_LEVELS,-2.26614184399599,0.089811355803144,0.334035804056905,0.882126427291635,FALSE,0
GOBP_CELLULAR_RESPONSE_TO_PEPTIDE_HORMONE_STIMULUS,-0.778581904882033,0.626534976007522,0.592373352280892,0.783492068041189,FALSE,0
GOBP_CELLULAR_RESPONSE_TO_PH,-2.85766801770187,0.0274334753618083,1.08422065070899,0.589109314435582,FALSE,0
GOBP_CELLULAR_RESPONSE_TO_PROSTAGLANDIN_E_STIMULUS,1.77859956710606,0.201951919536731,-1.292501542684,0.49905820593943,FALSE,0
GOBP_CELLULAR_RESPONSE_TO_PROSTAGLANDIN_STIMULUS,3.01637478374189,0.0196597159228055,-0.617790623452187,0.773879798762589,FALSE,0
GOBP_CELLULAR_RESPONSE_TO_RADIATION,-0.68819080698351,0.673017218306716,0.197047177260153,0.931179334094715,FALSE,0
GOBP_CELLULAR_RESPONSE_TO_REACTIVE_NITROGEN_SPECIES,-3.06411538082141,0.0176835965605651,0.680366942460533,0.751652535444032,FALSE,0
GOBP_CELLULAR_RESPONSE_TO_STARVATION,-3.59328432960146,0.00481757458496174,0.375473265663285,0.868928310384465,FALSE,0
GOBP_CELLULAR_RESPONSE_TO_STEROID_HORMONE_STIMULUS,-2.14586666808826,0.111225439023046,0.490417237669151,0.828022137429336,FALSE,0
GOBP_CELLULAR_RESPONSE_TO_STEROL,-3.86149989837582,0.00225475582727221,0.235356827537037,0.9203772966957,FALSE,0
GOBP_CELLULAR_RESPONSE_TO_THYROID_HORMONE_STIMULUS,0.607303606365192,0.714276854984469,-2.80882526423365,0.123369761871693,FALSE,0
GOBP_CELLULAR_RESPONSE_TO_VIRUS,-0.723915640970379,0.653010582910666,0.73226119496184,0.730803754559561,FALSE,0
GOBP_CELLULAR_RESPONSE_TO_XENOBIOTIC_STIMULUS,-1.14289599280704,0.445662813695934,1.23301424025391,0.519257359664211,FALSE,0
GOBP_CELLULAR_SENESCENCE,-0.839774055311058,0.596373057239464,1.56354398506373,0.40400582729623,FALSE,0
GOBP_CELLULAR_SODIUM_ION_HOMEOSTASIS,-0.434638429558656,0.805001033905155,0.309898057555224,0.893427597265342,FALSE,0
GOBP_CELL_ACTIVATION_INVOLVED_IN_IMMUNE_RESPONSE,-0.576804320329437,0.73017685808483,0.940580543116767,0.649336874531504,FALSE,0
GOBP_CELL_ADHESION_MEDIATED_BY_INTEGRIN,-0.389607498860775,0.824818672454367,0.365214074298486,0.872474786136811,FALSE,0
GOBP_CELL_ADHESION_MOLECULE_PRODUCTION,-1.74344653409559,0.213353044643717,1.08218755318359,0.589315527902933,FALSE,0
GOBP_CELL_AGGREGATION,-0.286287339776344,0.875163995248142,0.717373124178183,0.738372144383806,FALSE,0
GOBP_CELL_AGING,-1.47013371589501,0.307474691166344,1.08878807626312,0.586768566809532,FALSE,0
GOBP_CELL_CELL_ADHESION_MEDIATED_BY_CADHERIN,-1.95116089234358,0.15305427837945,1.81326689354167,0.322923301842649,FALSE,0
GOBP_CELL_CELL_ADHESION_VIA_PLASMA_MEMBRANE_ADHESION_MOLECULES,1.84297530132189,0.182329345985666,-0.381965241072046,0.868579661334171,FALSE,0
GOBP_CELL_CELL_JUNCTION_ASSEMBLY,1.30248914011994,0.377934719023285,-0.0156090895934685,0.993799137749942,FALSE,0
GOBP_CELL_CYCLE_G1_S_PHASE_TRANSITION,0.34987985218486,0.843187341975047,-1.7109646139752,0.357825717271966,FALSE,0
GOBP_CELL_DEATH_IN_RESPONSE_TO_HYDROGEN_PEROXIDE,0.059101594357595,0.973470016301119,-0.342766965110579,0.880910883746483,FALSE,0
GOBP_CELL_DIFFERENTIATION_IN_SPINAL_CORD,-1.62335582639321,0.250756900348546,0.0281795288527879,0.989073562036409,FALSE,0
GOBP_CELL_FATE_COMMITMENT,-2.02641790056981,0.134259452204771,0.786257408277681,0.710444398679969,FALSE,0
GOBP_CELL_FATE_DETERMINATION,-2.82852661262453,0.0292563533237037,2.19082051305776,0.228429888282456,FALSE,0
GOBP_CELL_JUNCTION_DISASSEMBLY,0.680078430645654,0.67751014329538,-2.16222500194214,0.233530312541182,FALSE,0
GOBP_CELL_MATURATION,-0.223414604816534,0.903586208873157,0.309300648832447,0.89368623607815,FALSE,0
GOBP_CELL_MIGRATION_INVOLVED_IN_GASTRULATION,-0.260311041213227,0.885801739963019,2.39468266841394,0.184954905812794,FALSE,0
GOBP_CELL_MIGRATION_INVOLVED_IN_HEART_DEVELOPMENT,1.31053054000724,0.374433427121208,-0.338106723391075,0.882126427291635,FALSE,0
GOBP_CELL_PROLIFERATION_IN_HINDBRAIN,-4.00168467218391,0.00145872282506918,1.24461835168659,0.515313431489154,FALSE,0
GOBP_CELL_REDOX_HOMEOSTASIS,1.24928173260457,0.401671452613116,-0.452696948357406,0.844664947023653,FALSE,0
GOBP_CELL_SURFACE_RECEPTOR_SIGNALING_PATHWAY_INVOLVED_IN_HEART_DEVELOPMENT,1.80997122516254,0.191623073059264,-0.557929063748314,0.800508319304395,FALSE,0
GOBP_CENTRAL_NERVOUS_SYSTEM_NEURON_DEVELOPMENT,-1.10059556219087,0.464805106892237,0.0482382377805225,0.98262448072149,FALSE,0
GOBP_CENTRAL_NERVOUS_SYSTEM_NEURON_DIFFERENTIATION,-2.10523329984273,0.118159013917156,0.285159425034473,0.902578974590617,FALSE,0
GOBP_CENTROMERE_COMPLEX_ASSEMBLY,2.12213448149436,0.115041197643234,-1.43790231721577,0.446719543628172,FALSE,0
GOBP_CENTROSOME_SEPARATION,3.22415715214123,0.0120919234394022,-2.27823910415442,0.208304563865279,FALSE,0
GOBP_CERAMIDE_BIOSYNTHETIC_PROCESS,2.95361619443217,0.0225608934751842,-0.203403539505918,0.928787039924299,FALSE,0
GOBP_CEREBELLAR_CORTEX_DEVELOPMENT,-1.24344722621179,0.40404794456812,0.917690185718558,0.658107022855644,FALSE,0
GOBP_CEREBELLAR_PURKINJE_CELL_LAYER_DEVELOPMENT,-2.73390195196228,0.0360607037258409,1.26113683661752,0.511505163072338,FALSE,0
GOBP_CEREBRAL_CORTEX_CELL_MIGRATION,1.95246246796924,0.15276864661048,-2.12578646796956,0.241803480690049,FALSE,0
GOBP_CEREBRAL_CORTEX_DEVELOPMENT,0.329466900349693,0.852499720163949,-0.68946129731397,0.747811693113152,FALSE,0
GOBP_CEREBRAL_CORTEX_RADIALLY_ORIENTED_CELL_MIGRATION,2.38458581387128,0.0725799291822193,-2.52377269938366,0.157752609552688,FALSE,0
GOBP_CHAPERONE_MEDIATED_PROTEIN_COMPLEX_ASSEMBLY,0.813528388591077,0.608913063743354,-1.13250088111766,0.565979975640143,FALSE,0
GOBP_CHAPERONE_MEDIATED_PROTEIN_FOLDING,0.748807739908681,0.641467470104294,-0.923322574334398,0.657017822979142,FALSE,0
GOBP_CHEMICAL_SYNAPTIC_TRANSMISSION_POSTSYNAPTIC,-0.167874189510556,0.93124936033668,1.32908288055105,0.484901254977562,FALSE,0
GOBP_CHEMOKINE_C_X_C_MOTIF_LIGAND_2_PRODUCTION,-0.770213771062481,0.630746698912825,3.13180833819594,0.0883459378763071,FALSE,0
GOBP_CHOLESTEROL_EFFLUX,-2.78162849766294,0.0321957828714476,2.93361579113378,0.108056455819364,FALSE,0
GOBP_CHOLESTEROL_STORAGE,-1.14791448786911,0.443289105138257,2.90011529629878,0.109904978198248,FALSE,0
GOBP_CHONDROCYTE_DEVELOPMENT,1.36700353832106,0.350393730180202,-0.832495658205715,0.689632390292651,FALSE,0
GOBP_CHONDROCYTE_DIFFERENTIATION_INVOLVED_IN_ENDOCHONDRAL_BONE_MORPHOGENESIS,-1.75616620119398,0.209080695919431,0.851849633905911,0.684180592287961,FALSE,0
GOBP_CHONDROCYTE_PROLIFERATION,-0.894276777621269,0.568971124761019,0.648753989144689,0.76271726692684,FALSE,0
GOBP_CHONDROITIN_SULFATE_BIOSYNTHETIC_PROCESS,3.23109104030881,0.0119354840550286,-0.719018199254251,0.738160782918577,FALSE,0
GOBP_CHROMOSOME_CONDENSATION,1.08157989114634,0.473611805836098,-0.954898174770441,0.644617714212813,FALSE,0
GOBP_CHROMOSOME_LOCALIZATION,0.452745534130068,0.796439030848402,-1.43987754433304,0.446719543628172,FALSE,0
GOBP_CHROMOSOME_SEPARATION,1.27967411527019,0.388274019163095,-0.698764557606464,0.744433869658762,FALSE,0
GOBP_CHRONIC_INFLAMMATORY_RESPONSE,1.03819195037032,0.495650393074445,-0.604061942611417,0.780195223425096,FALSE,0
GOBP_CLATHRIN_COAT_ASSEMBLY,-0.422761186767893,0.809807305106197,1.77035793716811,0.335233740874392,FALSE,0
GOBP_CLATHRIN_DEPENDENT_ENDOCYTOSIS,-1.10295427994174,0.46410951530371,0.38798985335748,0.867420496977201,FALSE,0
GOBP_COCHLEA_MORPHOGENESIS,-1.48473778617388,0.300879350927678,0.257490136460361,0.913067157856347,FALSE,0
GOBP_COLUMNAR_CUBOIDAL_EPITHELIAL_CELL_DEVELOPMENT,1.04789272510926,0.491210323458777,-0.156359488166701,0.947010828098717,FALSE,0
GOBP_COLUMNAR_CUBOIDAL_EPITHELIAL_CELL_DIFFERENTIATION,-0.307243436640725,0.863277454847174,1.84944578583753,0.310420142626383,FALSE,0
GOBP_COMPLEMENT_ACTIVATION_ALTERNATIVE_PATHWAY,-0.874031962272963,0.578824648372322,0.019238055473377,0.992417351911465,FALSE,0
GOBP_COPPER_ION_HOMEOSTASIS,0.262872170482396,0.884593621311678,-0.361860583834585,0.873602448160754,FALSE,0
GOBP_COPULATION,0.0807380299217552,0.965270157007068,-1.00752107589646,0.619647406635744,FALSE,0
GOBP_CORONARY_VASCULATURE_DEVELOPMENT,0.129475751180992,0.943857238139191,-0.502775242357822,0.822849896655483,FALSE,0
GOBP_CORTICAL_ACTIN_CYTOSKELETON_ORGANIZATION,1.93483697414456,0.157104480609684,-0.957608174696571,0.643617153995971,FALSE,0
GOBP_CORTICAL_CYTOSKELETON_ORGANIZATION,1.11631821148239,0.457107272758882,-0.85404513003711,0.682800315600848,FALSE,0
GOBP_COTRANSLATIONAL_PROTEIN_TARGETING_TO_MEMBRANE,-0.217247041268406,0.907323317626842,0.900387143708728,0.664886572839193,FALSE,0
GOBP_CRANIAL_NERVE_DEVELOPMENT,0.739677947444981,0.645726523036504,-0.904821274764761,0.662029818522957,FALSE,0
GOBP_CRANIAL_NERVE_MORPHOGENESIS,1.34437898464478,0.360522468299716,-0.590916573552163,0.784008803372481,FALSE,0
GOBP_CYCLIC_NUCLEOTIDE_BIOSYNTHETIC_PROCESS,-0.73021413790838,0.650276912600381,0.9490851851289,0.646270131900035,FALSE,0
GOBP_CYCLIC_NUCLEOTIDE_MEDIATED_SIGNALING,-3.98137068355162,0.00154063017103952,0.239907677928729,0.919016072279647,FALSE,0
GOBP_CYCLIC_NUCLEOTIDE_METABOLIC_PROCESS,-0.259923812485324,0.885942894443127,0.625886626244881,0.770527500779537,FALSE,0
GOBP_CYTOCHROME_COMPLEX_ASSEMBLY,2.03586390833953,0.132252739078562,-1.27742927396443,0.505110663757963,FALSE,0
GOBP_CYTOKINESIS,1.49592462440488,0.297665249039293,-0.321049487802829,0.887850266882554,FALSE,0
GOBP_CYTOKINE_PRODUCTION_INVOLVED_IN_IMMUNE_RESPONSE,-2.25480667580425,0.0919563645079043,2.44460175815178,0.173205229632312,FALSE,0
GOBP_CYTOKINE_PRODUCTION_INVOLVED_IN_INFLAMMATORY_RESPONSE,-0.926359435567583,0.55243234277208,1.58878556163178,0.396896505851212,FALSE,0
GOBP_CYTOLYSIS,-0.731191056618908,0.649619065242467,0.546446073950271,0.804533620076774,FALSE,0
GOBP_CYTOPLASMIC_PATTERN_RECOGNITION_RECEPTOR_SIGNALING_PATHWAY,-2.45787675918991,0.0629047236940859,1.3717356606032,0.470834340023758,FALSE,0
GOBP_CYTOPLASMIC_PATTERN_RECOGNITION_RECEPTOR_SIGNALING_PATHWAY_IN_RESPONSE_TO_VIRUS,-2.97218838890382,0.0217187311040684,2.63655487638738,0.141739281902788,FALSE,0
GOBP_CYTOPLASMIC_SEQUESTERING_OF_PROTEIN,-0.25956466939563,0.886059878797485,0.324304772110312,0.886525004809746,FALSE,0
GOBP_CYTOPLASMIC_SEQUESTERING_OF_TRANSCRIPTION_FACTOR,-1.81389045741374,0.190302498144156,0.914262170071714,0.660189859478109,FALSE,0
GOBP_CYTOPLASMIC_TRANSLATION,-3.29650459588023,0.0103292330011886,0.24772681420982,0.915903948041183,FALSE,0
GOBP_CYTOSKELETON_DEPENDENT_CYTOKINESIS,2.42373691097507,0.0669750606908487,-0.519559301133259,0.815932669507754,FALSE,0
GOBP_CYTOSKELETON_DEPENDENT_INTRACELLULAR_TRANSPORT,0.904223031199307,0.563199236510366,-0.937917879502104,0.650024785494393,FALSE,0
GOBP_CYTOSOLIC_TRANSPORT,0.109946926789014,0.951384094883724,-0.598062063579795,0.782657178101568,FALSE,0
GOBP_C_TERMINAL_PROTEIN_AMINO_ACID_MODIFICATION,-0.447161667570255,0.799087620929973,1.29926471320037,0.497069156446204,FALSE,0
GOBP_DECIDUALIZATION,-0.809874112688255,0.609951643848217,3.38210884972196,0.0664886793530813,FALSE,0
GOBP_DEFENSE_RESPONSE_TO_SYMBIONT,-0.932243759189305,0.548993078858012,1.11516028624884,0.573895048753914,FALSE,0
GOBP_DENDRITE_DEVELOPMENT,1.91234669154409,0.162325032637401,-0.891021933581082,0.669452563553747,FALSE,0
GOBP_DENDRITE_EXTENSION,2.35881257903082,0.0761891211728521,-2.37123681613098,0.188908627853438,FALSE,0
GOBP_DENDRITE_MORPHOGENESIS,1.12052859888573,0.455583114698377,-1.26045249443584,0.511505163072338,FALSE,0
GOBP_DENDRITIC_CELL_CYTOKINE_PRODUCTION,-0.634182531709497,0.702510201157786,0.557263059807428,0.800508319304395,FALSE,0
GOBP_DENDRITIC_CELL_DIFFERENTIATION,-0.781296230479239,0.624588626296716,1.66852199588231,0.367975609460852,FALSE,0
GOBP_DENDRITIC_SPINE_DEVELOPMENT,1.45723208556128,0.312499761277184,-2.24334050178755,0.216905448401994,FALSE,0
GOBP_DENDRITIC_SPINE_MORPHOGENESIS,1.63979939877111,0.245073199193586,-1.25007692341575,0.513773750251618,FALSE,0
GOBP_DEOXYRIBONUCLEOSIDE_MONOPHOSPHATE_METABOLIC_PROCESS,-2.31021023598205,0.0830063237536463,1.96026495226368,0.284185346607182,FALSE,0
GOBP_DEOXYRIBONUCLEOTIDE_BIOSYNTHETIC_PROCESS,0.503044887933394,0.769266579048923,-0.0338613180677724,0.987534722455729,FALSE,0
GOBP_DETECTION_OF_ABIOTIC_STIMULUS,-0.742108213507629,0.644359047384881,0.71397630584802,0.739216322560278,FALSE,0
GOBP_DETECTION_OF_LIGHT_STIMULUS,-0.379438122818803,0.829621251350169,2.78346438008993,0.125037116367193,FALSE,0
GOBP_DETECTION_OF_LIGHT_STIMULUS_INVOLVED_IN_SENSORY_PERCEPTION,-0.362778956410691,0.838029418901797,1.78422614674849,0.33192984204354,FALSE,0
GOBP_DETECTION_OF_OTHER_ORGANISM,0.904374563195831,0.563199236510366,-0.345272284598236,0.879526394497877,FALSE,0
GOBP_DETECTION_OF_STIMULUS_INVOLVED_IN_SENSORY_PERCEPTION_OF_PAIN,-1.29228759766768,0.382342112814412,0.763962831168269,0.720446013648294,FALSE,0
GOBP_DETECTION_OF_TEMPERATURE_STIMULUS_INVOLVED_IN_SENSORY_PERCEPTION,-1.72243543801557,0.220232768530099,0.152380247923959,0.94871034297096,FALSE,0
GOBP_DETECTION_OF_TEMPERATURE_STIMULUS_INVOLVED_IN_SENSORY_PERCEPTION_OF_PAIN,0.0685682137824138,0.970592476559655,-0.217741987051425,0.925878553197817,FALSE,0
GOBP_DEVELOPMENTAL_CELL_GROWTH,3.03329315276659,0.0190159631624704,-0.626462127881513,0.770227528359249,FALSE,0
GOBP_DEVELOPMENTAL_GROWTH_INVOLVED_IN_MORPHOGENESIS,2.52769745427055,0.055561408573972,-0.407221300368645,0.861203015975282,FALSE,0
GOBP_DEVELOPMENTAL_INDUCTION,-0.126356097289863,0.945697063973167,1.19034455482768,0.539312157194316,FALSE,0
GOBP_DIGESTION,-0.0464997700955725,0.9790990626234,1.785475577546,0.331890330097694,FALSE,0
GOBP_DIGESTIVE_SYSTEM_DEVELOPMENT,-1.65961938091102,0.239288632742674,0.934801906888242,0.651336381806679,FALSE,0
GOBP_DIGESTIVE_SYSTEM_PROCESS,-0.0226687606009522,0.990183653354151,1.40671750665666,0.45547503038101,FALSE,0
GOBP_DIOL_BIOSYNTHETIC_PROCESS,3.58251921798157,0.00496370270372785,-0.982640543261669,0.633079300241418,FALSE,0
GOBP_DIOL_METABOLIC_PROCESS,2.7831669255348,0.032080595675312,-0.644481749631131,0.764602988063975,FALSE,0
GOBP_DNA_DAMAGE_RESPONSE_SIGNAL_TRANSDUCTION_RESULTING_IN_TRANSCRIPTION,-0.890260394921156,0.571249924540112,2.04486881279487,0.259929045043279,FALSE,0
GOBP_DNA_GEOMETRIC_CHANGE,0.339407743219208,0.847793443261036,-1.23195438725077,0.51971866711906,FALSE,0
GOBP_DNA_LIGATION,-0.787424045247906,0.621196452288882,0.405414677300588,0.861203015975282,FALSE,0
GOBP_DNA_METHYLATION_INVOLVED_IN_GAMETE_GENERATION,-2.34681142874828,0.0775003700040834,1.25852514039857,0.512128813941031,FALSE,0
GOBP_DNA_REPLICATION_CHECKPOINT_SIGNALING,0.257731291229741,0.886822691712234,-2.07816123802141,0.254649572126265,FALSE,0
GOBP_DNA_REPLICATION_INDEPENDENT_CHROMATIN_ORGANIZATION,1.29519416060021,0.380673619527579,-2.0410288517425,0.261220122660627,FALSE,0
GOBP_DNA_TEMPLATED_TRANSCRIPTION_TERMINATION,0.0641745739498907,0.971750388972975,-2.16508386445166,0.233240910170759,FALSE,0
GOBP_DNA_UNWINDING_INVOLVED_IN_DNA_REPLICATION,0.970644397386055,0.530696814454548,-1.14616900777789,0.558954074815941,FALSE,0
GOBP_DOPAMINERGIC_NEURON_DIFFERENTIATION,0.571818608723835,0.731967821002697,-1.39686264917265,0.459201021139592,FALSE,0
GOBP_DORSAL_SPINAL_CORD_DEVELOPMENT,-2.30182504991942,0.0842188601202675,2.16837149350526,0.233085331212696,FALSE,0
GOBP_DSRNA_PROCESSING,-0.886935576457638,0.572623734371318,1.25791228456488,0.512281152062008,FALSE,0
GOBP_ECTODERM_DEVELOPMENT,1.71916502905396,0.220889071452235,-0.812531437853028,0.697092073208644,FALSE,0
GOBP_EMBRYONIC_AXIS_SPECIFICATION,1.85853076209169,0.177107048098373,-0.662467234432848,0.75740495097406,FALSE,0
GOBP_EMBRYONIC_BRAIN_DEVELOPMENT,-0.120960297649906,0.948002684901625,1.26173288015503,0.511505163072338,FALSE,0
GOBP_EMBRYONIC_DIGESTIVE_TRACT_DEVELOPMENT,2.96420314037339,0.0220386255201757,-0.568255267771202,0.795514633718193,FALSE,0
GOBP_EMBRYONIC_EYE_MORPHOGENESIS,1.92372233749323,0.159482347947842,-2.25571626316993,0.21220935720825,FALSE,0
GOBP_EMBRYONIC_FORELIMB_MORPHOGENESIS,1.60088677017039,0.258399495303485,-0.593152061312173,0.783386366766628,FALSE,0
GOBP_EMBRYONIC_PLACENTA_DEVELOPMENT,-2.23623047934922,0.095434201359214,0.754862616895827,0.724025529868281,FALSE,0
GOBP_EMBRYONIC_SKELETAL_JOINT_DEVELOPMENT,1.35578825144049,0.355665896218138,-1.22714462369664,0.522076629288841,FALSE,0
GOBP_EMBRYONIC_SKELETAL_SYSTEM_DEVELOPMENT,1.39515590114958,0.339452473994035,-1.08232261409663,0.589315527902933,FALSE,0
GOBP_EMBRYONIC_SKELETAL_SYSTEM_MORPHOGENESIS,1.38448154486602,0.343841190542483,-0.454053547223686,0.844250673370066,FALSE,0
GOBP_ENDOCARDIAL_CUSHION_DEVELOPMENT,1.74125405159817,0.213776418722345,-1.30691884001837,0.494816152045738,FALSE,0
GOBP_ENDOCARDIAL_CUSHION_FORMATION,3.65728471453041,0.00394140014322514,-0.5836391249045,0.787584960712562,FALSE,0
GOBP_ENDOCARDIAL_CUSHION_MORPHOGENESIS,3.12236234545287,0.0154407680660891,-1.1623737148348,0.549912564457393,FALSE,0
GOBP_ENDOCRINE_HORMONE_SECRETION,-1.17613410804358,0.431559867944387,1.87875944429581,0.302171873240266,FALSE,0
GOBP_ENDOCRINE_PANCREAS_DEVELOPMENT,0.0825799324499529,0.964725519442874,-0.20221998559048,0.929310285312097,FALSE,0
GOBP_ENDOCRINE_SYSTEM_DEVELOPMENT,-1.71113747014498,0.223496077105102,0.963128627390244,0.641685314554497,FALSE,0
GOBP_ENDOCYTIC_RECYCLING,0.94951695666438,0.539908136308763,-0.276593469945418,0.906803061995362,FALSE,0
GOBP_ENDOPLASMIC_RETICULUM_ORGANIZATION,-0.413574687908057,0.814232066532614,0.00386717676410692,0.998544519791188,FALSE,0
GOBP_ENDOPLASMIC_RETICULUM_TO_GOLGI_VESICLE_MEDIATED_TRANSPORT,2.63066352497099,0.0448201574448686,-0.213904879930442,0.926167465728309,FALSE,0
GOBP_ENDOPLASMIC_RETICULUM_TUBULAR_NETWORK_ORGANIZATION,0.758839614986665,0.636623475323531,-2.64791031155464,0.141634263221091,FALSE,0
GOBP_ENDOTHELIAL_CELL_APOPTOTIC_PROCESS,-1.45860049498343,0.311948105524822,1.73895877027702,0.346838968382141,FALSE,0
GOBP_ENDOTHELIAL_CELL_MIGRATION,-0.275650066076905,0.880070735593953,1.7590211932042,0.338076125238655,FALSE,0
GOBP_ENDOTHELIAL_CELL_PROLIFERATION,-0.80267141483007,0.614046873645781,1.88288967828935,0.302171873240266,FALSE,0
GOBP_ENDOTHELIUM_DEVELOPMENT,-0.0986181942702823,0.957324836484407,0.178825630547764,0.938337346428076,FALSE,0
GOBP_ENERGY_HOMEOSTASIS,-0.640456315421443,0.700140548582964,1.16840145582683,0.547069377531834,FALSE,0
GOBP_ENERGY_RESERVE_METABOLIC_PROCESS,-3.14661253244743,0.0146584940421994,0.427058552857854,0.854727297621101,FALSE,0
GOBP_ENTERIC_NERVOUS_SYSTEM_DEVELOPMENT,-1.46895336532609,0.308039714582029,0.848943551559498,0.685443417680767,FALSE,0
GOBP_ENTEROENDOCRINE_CELL_DIFFERENTIATION,1.35517222421989,0.355909539201528,-0.580372103666852,0.788601648562287,FALSE,0
GOBP_ENTRAINMENT_OF_CIRCADIAN_CLOCK,-1.71374450392511,0.22255520283448,2.30663895125498,0.201942117572976,FALSE,0
GOBP_EPHRIN_RECEPTOR_SIGNALING_PATHWAY,-2.35072660348928,0.0769958162105993,1.13904333988366,0.562849638785152,FALSE,0
GOBP_EPIBOLY,3.90186811498327,0.00197025882596769,-1.25592709279026,0.512281152062008,FALSE,0
GOBP_EPIDERMIS_MORPHOGENESIS,-1.45454851502615,0.313704477758028,1.86126666734805,0.307088839057759,FALSE,0
GOBP_EPITHELIAL_CELL_APOPTOTIC_PROCESS,-1.41751426814516,0.330306397262029,0.390341341086851,0.866927583323062,FALSE,0
GOBP_EPITHELIAL_CELL_CELL_ADHESION,1.42171655561607,0.328664170496631,-0.835335468885909,0.688775069917941,FALSE,0
GOBP_EPITHELIAL_STRUCTURE_MAINTENANCE,0.642073138985205,0.699350173654024,-0.931871649500116,0.652693263969307,FALSE,0
GOBP_EPITHELIAL_TO_MESENCHYMAL_TRANSITION_INVOLVED_IN_ENDOCARDIAL_CUSHION_FORMATION,4.93061911110476,5.94451460533309e-05,-0.601190394568431,0.781548450913779,FALSE,0
GOBP_EPITHELIAL_TUBE_BRANCHING_INVOLVED_IN_LUNG_MORPHOGENESIS,0.379151293419642,0.829621251350169,-0.369656984164323,0.870853755675186,FALSE,0
GOBP_EPITHELIAL_TUBE_FORMATION,-2.38520887931636,0.0725767767313864,0.327310714062265,0.885257207332386,FALSE,0
GOBP_ERBB_SIGNALING_PATHWAY,-0.324714550537905,0.853973096164156,0.0644354509687879,0.977705551206265,FALSE,0
GOBP_ERYTHROCYTE_MATURATION,-2.12903870943967,0.113987814354167,0.0174895338581382,0.99307854889173,FALSE,0
GOBP_ESTABLISHMENT_OF_CELL_POLARITY,0.0156697899794787,0.993159571215954,-0.4796259806159,0.831415007245156,FALSE,0
GOBP_ESTABLISHMENT_OF_EPITHELIAL_CELL_APICAL_BASAL_POLARITY,3.63730740872022,0.00419327477456049,-0.00310479370643916,0.998544519791188,FALSE,0
GOBP_ESTABLISHMENT_OF_EPITHELIAL_CELL_POLARITY,0.552994799073329,0.742124847589725,-0.574318571137322,0.792000474717451,FALSE,0
GOBP_ESTABLISHMENT_OF_MITOCHONDRION_LOCALIZATION,2.26087650178076,0.090783232147985,-0.707506866234419,0.740727037835586,FALSE,0
GOBP_ESTABLISHMENT_OF_MITOTIC_SPINDLE_LOCALIZATION,0.954043904529696,0.538099645411468,-0.82178989817438,0.693800388325294,FALSE,0
GOBP_ESTABLISHMENT_OF_PIGMENT_GRANULE_LOCALIZATION,0.320521932698141,0.855962884101207,-0.221696409355017,0.924738492359528,FALSE,0
GOBP_ESTABLISHMENT_OF_PLANAR_POLARITY_OF_EMBRYONIC_EPITHELIUM,1.37907577763808,0.34571459405675,-0.633557720692122,0.767820523168203,FALSE,0
GOBP_ESTABLISHMENT_OF_PROTEIN_LOCALIZATION_TO_CHROMOSOME,-0.956264977417552,0.536817506913875,0.316212297203006,0.890968458520047,FALSE,0
GOBP_ESTABLISHMENT_OF_PROTEIN_LOCALIZATION_TO_MITOCHONDRIAL_MEMBRANE,1.1500794106805,0.442855017927778,-0.583359639689411,0.787584960712562,FALSE,0
GOBP_ESTABLISHMENT_OF_PROTEIN_LOCALIZATION_TO_TELOMERE,0.966588749557321,0.531542531500122,-0.0562376630457779,0.979633162220232,FALSE,0
GOBP_ESTABLISHMENT_OF_SPINDLE_ORIENTATION,0.986101439498332,0.522941116885726,-0.61833971550942,0.773575099822913,FALSE,0
GOBP_ESTABLISHMENT_OF_TISSUE_POLARITY,1.31883045311062,0.371207411874104,-0.269961849206509,0.908540630740261,FALSE,0
GOBP_ESTABLISHMENT_OR_MAINTENANCE_OF_BIPOLAR_CELL_POLARITY,1.26562238286496,0.394663861836294,-0.94996006811006,0.646270131900035,FALSE,0
GOBP_ESTABLISHMENT_OR_MAINTENANCE_OF_CELL_POLARITY,0.619878984147088,0.708417526697788,-0.648826090187744,0.76271726692684,FALSE,0
GOBP_ESTROUS_CYCLE,-1.51992438254645,0.287239963241608,0.242939664142084,0.917588940484837,FALSE,0
GOBP_ETHANOL_METABOLIC_PROCESS,0.366222487675834,0.836345457584092,-1.56834710840296,0.402068068193045,FALSE,0
GOBP_EXCRETION,-3.18301479727844,0.0134733860310213,0.722652723988922,0.735708526592204,FALSE,0
GOBP_EXOCYTIC_PROCESS,0.721186609301908,0.654283929472387,-0.000948931601629465,0.999242862239432,FALSE,0
GOBP_EXTRACELLULAR_VESICLE_BIOGENESIS,-0.800874856293141,0.614863966874531,2.07395664353423,0.254649572126265,FALSE,0
GOBP_EYE_MORPHOGENESIS,0.325429670244276,0.853798540551655,-0.880707241380473,0.67145224806333,FALSE,0
GOBP_EYE_PHOTORECEPTOR_CELL_DEVELOPMENT,-2.68460006883514,0.0402046328966667,0.676317835184825,0.753962607020088,FALSE,0
GOBP_EYE_PHOTORECEPTOR_CELL_DIFFERENTIATION,-2.81093100990788,0.0302440240269834,0.262235884296185,0.911108237864268,FALSE,0
GOBP_FATTY_ACID_BETA_OXIDATION,-2.06670481301733,0.125446525161607,0.710913087880059,0.73981938164701,FALSE,0
GOBP_FATTY_ACID_BIOSYNTHETIC_PROCESS,-0.125736153505487,0.945697063973167,1.054939989811,0.6009694684488,FALSE,0
GOBP_FATTY_ACID_DERIVATIVE_BIOSYNTHETIC_PROCESS,1.48487017148281,0.300879350927678,-1.20409291916702,0.533936307845085,FALSE,0
GOBP_FATTY_ACID_DERIVATIVE_CATABOLIC_PROCESS,-0.253721891775534,0.889353985627314,1.23991760676725,0.516014090080433,FALSE,0
GOBP_FATTY_ACID_DERIVATIVE_METABOLIC_PROCESS,0.844517810120222,0.593854053536291,-0.107260366296685,0.96414107984715,FALSE,0
GOBP_FATTY_ACID_HOMEOSTASIS,-1.30984510149599,0.374603517554933,1.01987800580615,0.614615298873389,FALSE,0
GOBP_FATTY_ACYL_COA_BIOSYNTHETIC_PROCESS,4.0115730937222,0.00143779856656573,-2.05855403390532,0.257673281864174,FALSE,0
GOBP_FATTY_ACYL_COA_METABOLIC_PROCESS,3.78222476171984,0.00286203954949017,-1.19962956725012,0.536144474721861,FALSE,0
GOBP_FAT_CELL_DIFFERENTIATION,-3.1895382760268,0.0132204301730791,0.575885448804704,0.791340041912766,FALSE,0
GOBP_FEEDING_BEHAVIOR,-0.337919236521648,0.84827473955309,1.50606463920686,0.421511363471849,FALSE,0
GOBP_FEMALE_GAMETE_GENERATION,0.337420512655151,0.848437926876711,-0.483707889485952,0.829977769576836,FALSE,0
GOBP_FEMALE_MEIOTIC_NUCLEAR_DIVISION,2.41551272552381,0.06816058551401,-1.57745213655864,0.400895396846752,FALSE,0
GOBP_FEMALE_SEX_DIFFERENTIATION,-1.87477824370465,0.172931446518682,0.35885151120348,0.875018183724049,FALSE,0
GOBP_FIBROBLAST_APOPTOTIC_PROCESS,-2.57576449975442,0.0501036721814804,1.83445148264065,0.315489713845114,FALSE,0
GOBP_FILOPODIUM_ASSEMBLY,-0.289616342325469,0.873706648246875,0.231726294017092,0.921535834833098,FALSE,0
GOBP_FLUID_TRANSPORT,-0.448037188485647,0.798785250179432,2.752407169525,0.125037116367193,FALSE,0
GOBP_FOREBRAIN_CELL_MIGRATION,1.71977517669571,0.220823937126623,-2.09038878892214,0.25322064516832,FALSE,0
GOBP_FOREBRAIN_NEURON_DEVELOPMENT,1.34127591505942,0.36184026373812,-0.672842693020123,0.753966918005202,FALSE,0
GOBP_FORELIMB_MORPHOGENESIS,0.384782109307321,0.827684804056031,-0.220606699553097,0.9247922429089,FALSE,0
GOBP_FORMATION_OF_PRIMARY_GERM_LAYER,1.55177681784873,0.276496798476783,-0.197235883538241,0.931179334094715,FALSE,0
GOBP_FUCOSE_METABOLIC_PROCESS,2.37838150661647,0.0735099000140869,-0.548712515283475,0.803550394704562,FALSE,0
GOBP_FUSION_OF_SPERM_TO_EGG_PLASMA_MEMBRANE_INVOLVED_IN_SINGLE_FERTILIZATION,-0.797542796995748,0.616800375332859,2.62285105075521,0.142403614822654,FALSE,0
GOBP_G1_TO_G0_TRANSITION,0.486613306666049,0.778103059691276,-0.198238262691323,0.931151766355107,FALSE,0
GOBP_GAMMA_AMINOBUTYRIC_ACID_TRANSPORT,-2.06141275553774,0.12667210716362,1.18046589938252,0.542766375158511,FALSE,0
GOBP_GANGLION_DEVELOPMENT,1.7797802878609,0.201748200835924,-0.883020477911015,0.67108065017079,FALSE,0
GOBP_GASTRIC_ACID_SECRETION,-1.5859238691341,0.263661958647632,0.945315833436559,0.647835282076034,FALSE,0
GOBP_GASTRULATION,0.782720333197812,0.623908298518622,-0.104842482258827,0.964777230551518,FALSE,0
GOBP_GASTRULATION_WITH_MOUTH_FORMING_SECOND,0.539215073585091,0.750523967397984,-1.5120894448747,0.418678987658256,FALSE,0
GOBP_GLANDULAR_EPITHELIAL_CELL_DIFFERENTIATION,-0.132512470761959,0.94242129216678,1.75889820489759,0.338076125238655,FALSE,0
GOBP_GLAND_MORPHOGENESIS,-0.201586335396588,0.914864965670259,1.0659832126179,0.596695546299635,FALSE,0
GOBP_GLIAL_CELL_APOPTOTIC_PROCESS,0.0298840348123826,0.986505488504362,-0.0301319416493755,0.988214441817505,FALSE,0
GOBP_GLIAL_CELL_DIFFERENTIATION,-0.0615216412927556,0.973054356545535,1.66050146631317,0.370517673032627,FALSE,0
GOBP_GLIAL_CELL_MIGRATION,0.707944188267691,0.662263048891628,-0.846507057193485,0.685978191504829,FALSE,0
GOBP_GLOMERULAR_EPITHELIUM_DEVELOPMENT,-0.538280190365256,0.750523967397984,1.08362645731966,0.589315527902933,FALSE,0
GOBP_GLOMERULUS_DEVELOPMENT,1.73583541979463,0.215780355605254,-0.098803181543291,0.966335528824508,FALSE,0
GOBP_GLUCAN_BIOSYNTHETIC_PROCESS,-4.39887376489734,0.000386402600383264,0.0451697349190062,0.983113638338244,FALSE,0
GOBP_GLUCOCORTICOID_METABOLIC_PROCESS,-0.528208790610171,0.754606956258219,2.17561766402474,0.231546379186492,FALSE,0
GOBP_GLUCOSE_CATABOLIC_PROCESS,-3.14663318690451,0.0146584940421994,1.7689574923661,0.335567862922956,FALSE,0
GOBP_GLUCOSE_IMPORT,-2.06907378521756,0.125197572059671,0.232380866780206,0.921367028990598,FALSE,0
GOBP_GLUCOSE_METABOLIC_PROCESS,-3.15381481575322,0.0143807295168273,0.920619069958845,0.657808377777262,FALSE,0
GOBP_GLUTAMATE_SECRETION,-1.33777187290214,0.363282151442489,1.53538934809489,0.411891580674609,FALSE,0
GOBP_GLUTAMINE_FAMILY_AMINO_ACID_CATABOLIC_PROCESS,0.302099794384521,0.86639535929072,-0.163232306674821,0.945040863319911,FALSE,0
GOBP_GLUTAMINE_FAMILY_AMINO_ACID_METABOLIC_PROCESS,0.253100870041373,0.889650738518018,-0.84095487251437,0.686615536936202,FALSE,0
GOBP_GLYCEROLIPID_BIOSYNTHETIC_PROCESS,-1.54886926974679,0.277064377583427,0.0844254848520523,0.971005584050799,FALSE,0
GOBP_GLYCOLIPID_BIOSYNTHETIC_PROCESS,1.76498690203309,0.20608212814192,-0.616896992699319,0.774083403805523,FALSE,0
GOBP_GLYCOPROTEIN_CATABOLIC_PROCESS,-2.30889948606327,0.083166709625977,0.462169281491165,0.839986989049558,FALSE,0
GOBP_GLYCOSYLATION,3.5344564834198,0.00564063582135308,-0.165270468289705,0.94409710962695,FALSE,0
GOBP_GLYCOSYL_COMPOUND_CATABOLIC_PROCESS,-0.975454106637741,0.528517889836825,2.23101445427616,0.219234000944631,FALSE,0
GOBP_GOLGI_TO_ENDOSOME_TRANSPORT,-0.152812086037103,0.935698245171468,0.140795925398643,0.951816146015179,FALSE,0
GOBP_GOLGI_TO_VACUOLE_TRANSPORT,2.0448718410864,0.130214560823387,-0.21103121840011,0.927288946771895,FALSE,0
GOBP_GPI_ANCHOR_METABOLIC_PROCESS,1.10508437108962,0.46283049169036,-1.08002093926191,0.590140421581507,FALSE,0
GOBP_GRANULOCYTE_DIFFERENTIATION,-2.99598416230127,0.0205530116425682,0.556949246603963,0.800508319304395,FALSE,0
GOBP_GRANULOCYTE_MACROPHAGE_COLONY_STIMULATING_FACTOR_PRODUCTION,-0.0349585205858212,0.984199019812646,1.40902231291856,0.455214027815216,FALSE,0
GOBP_GROWTH_PLATE_CARTILAGE_DEVELOPMENT,-0.363578030528063,0.837894903556497,0.374663888312675,0.868928310384465,FALSE,0
GOBP_GTP_METABOLIC_PROCESS,0.0657822585948788,0.971513546822767,-0.114772511857273,0.961215292796307,FALSE,0
GOBP_HAIR_CELL_DIFFERENTIATION,-0.303697807263017,0.865393599268676,0.0750082978333532,0.974552745069317,FALSE,0
GOBP_HEART_FORMATION,-0.456304567076947,0.794507239563799,0.769745085409602,0.718179586086454,FALSE,0
GOBP_HEART_GROWTH,-1.56750070133454,0.270629456306069,0.919777387060531,0.657808377777262,FALSE,0
GOBP_HEART_MORPHOGENESIS,-0.123440098822034,0.946616729908517,0.125657637519617,0.957313258619117,FALSE,0
GOBP_HEART_TRABECULA_MORPHOGENESIS,3.19205477092074,0.0131294428094132,-0.507843766816014,0.819459202608232,FALSE,0
GOBP_HEART_VALVE_DEVELOPMENT,-0.94825242776369,0.540260617121475,0.0742656939543687,0.974968428139361,FALSE,0
GOBP_HEART_VALVE_MORPHOGENESIS,0.0876894036672564,0.962267654585653,-0.527292143275934,0.81183879878438,FALSE,0
GOBP_HEMATOPOIETIC_STEM_CELL_HOMEOSTASIS,-1.2674091798941,0.393806207507926,0.307408881213395,0.894768309634136,FALSE,0
GOBP_HEPARAN_SULFATE_PROTEOGLYCAN_BIOSYNTHETIC_PROCESS,3.05434779013893,0.0180055688930276,-1.41966033921649,0.452882995643748,FALSE,0
GOBP_HEPARAN_SULFATE_PROTEOGLYCAN_METABOLIC_PROCESS,3.2483044371331,0.0113861536847128,-1.43183399911391,0.446719543628172,FALSE,0
GOBP_HEPARIN_METABOLIC_PROCESS,1.98920060843455,0.143578557110935,-0.125072290492638,0.957313258619117,FALSE,0
GOBP_HEPATICOBILIARY_SYSTEM_DEVELOPMENT,-2.64231972754151,0.043980304025868,0.364673584867207,0.872504643546907,FALSE,0
GOBP_HEPATOCYTE_DIFFERENTIATION,-2.01054188651574,0.137722148608877,1.32801414879869,0.485333376566631,FALSE,0
GOBP_HETEROPHILIC_CELL_CELL_ADHESION_VIA_PLASMA_MEMBRANE_CELL_ADHESION_MOLECULES,1.55064779906621,0.276869992683275,-1.05265084590109,0.601877149238826,FALSE,0
GOBP_HIGH_DENSITY_LIPOPROTEIN_PARTICLE_REMODELING,-0.893631976524782,0.5692891305354,2.62189795854056,0.142403614822654,FALSE,0
GOBP_HINDBRAIN_DEVELOPMENT,-0.468478306155661,0.788431477592647,0.208337200664462,0.927753391543092,FALSE,0
GOBP_HINDBRAIN_MORPHOGENESIS,-1.89497844293097,0.166833509047009,0.38124649377382,0.868579661334171,FALSE,0
GOBP_HIPPOCAMPUS_DEVELOPMENT,1.41402038060733,0.331787725040183,-0.047221788179104,0.98262448072149,FALSE,0
GOBP_HISTAMINE_TRANSPORT,0.428153992067643,0.807674181613835,-1.47672860611232,0.433688551087148,FALSE,0
GOBP_HISTONE_DEUBIQUITINATION,-3.13505710533317,0.0150687956429818,0.561513049519401,0.799042520755406,FALSE,0
GOBP_HISTONE_H2A_ACETYLATION,3.73312982657411e-05,0.999970213933486,-3.55304174258506,0.0609188915389984,FALSE,0
GOBP_HISTONE_H3_ACETYLATION,-3.74155310723202,0.00310786365353069,0.820519564391019,0.694078300276186,FALSE,0
GOBP_HISTONE_H3_K9_ACETYLATION,-4.37464208134414,0.000417521702501964,1.64190193541493,0.378596417672656,FALSE,0
GOBP_HOMEOSTASIS_OF_NUMBER_OF_CELLS,-1.37867247416121,0.34571459405675,0.0662546390935545,0.977041834922853,FALSE,0
GOBP_HOMEOSTASIS_OF_NUMBER_OF_CELLS_WITHIN_A_TISSUE,1.3681147170143,0.350393730180202,-0.332320305737098,0.882248696474667,FALSE,0
GOBP_HORMONE_MEDIATED_SIGNALING_PATHWAY,-3.25895875964078,0.0111229697756929,1.18966010062543,0.539349125158545,FALSE,0
GOBP_HYPOTHALAMUS_DEVELOPMENT,1.7868144323327,0.199506854416087,-0.125435275973473,0.957313258619117,FALSE,0
GOBP_ICOSANOID_METABOLIC_PROCESS,-0.168145786211385,0.931214103405586,2.26929918793822,0.209680472531905,FALSE,0
GOBP_IMMUNOGLOBULIN_PRODUCTION,-2.73208677339655,0.0361103707806915,1.27780427156109,0.505110663757963,FALSE,0
GOBP_IMMUNOGLOBULIN_PRODUCTION_INVOLVED_IN_IMMUNOGLOBULIN_MEDIATED_IMMUNE_RESPONSE,-2.32415844582456,0.0807975438160179,0.964725871738738,0.640673662418875,FALSE,0
GOBP_IMMUNOLOGICAL_MEMORY_PROCESS,-1.57159795893056,0.269269774610502,2.50500020831333,0.160991180190907,FALSE,0
GOBP_IMMUNOLOGICAL_SYNAPSE_FORMATION,1.3026825491161,0.377934719023285,-1.95956219539331,0.284337730318874,FALSE,0
GOBP_IMPORT_INTO_NUCLEUS,-1.55924868563313,0.273397031818719,0.0896808450968153,0.969760101194872,FALSE,0
GOBP_IMP_METABOLIC_PROCESS,-0.792885979134365,0.619157694140046,1.62890984146272,0.382083296248186,FALSE,0
GOBP_INCLUSION_BODY_ASSEMBLY,-0.0765129168029764,0.966800206867479,1.09593662999023,0.582506238713415,FALSE,0
GOBP_INDOLE_CONTAINING_COMPOUND_METABOLIC_PROCESS,0.686393137040908,0.67420991085916,-1.06954816377277,0.595328908498926,FALSE,0
GOBP_INFLAMMATORY_CELL_APOPTOTIC_PROCESS,-2.61083423530878,0.0465998236500295,0.0286247286607213,0.9889091106791,FALSE,0
GOBP_INFLAMMATORY_RESPONSE_TO_ANTIGENIC_STIMULUS,-1.20381340500742,0.418788108390465,0.242944378899386,0.917588940484837,FALSE,0
GOBP_INHIBITORY_SYNAPSE_ASSEMBLY,0.46241019904835,0.791324952165715,-0.242544661813624,0.917588940484837,FALSE,0
GOBP_INNATE_IMMUNE_RESPONSE_ACTIVATING_SIGNAL_TRANSDUCTION,0.788879207935744,0.620798838063957,-0.508057948978231,0.819459202608232,FALSE,0
GOBP_INNERVATION,1.73257635512049,0.216810319670236,-1.13311719881752,0.565871473754523,FALSE,0
GOBP_INNER_EAR_AUDITORY_RECEPTOR_CELL_DIFFERENTIATION,0.249118134451052,0.891084943414308,-0.0846234549341522,0.971005584050799,FALSE,0
GOBP_INNER_EAR_MORPHOGENESIS,-1.32818416557161,0.366976286438846,0.184068879545611,0.936407107845439,FALSE,0
GOBP_INNER_MITOCHONDRIAL_MEMBRANE_ORGANIZATION,0.920414975782228,0.555563334587539,-1.01692158480012,0.615505275532649,FALSE,0
GOBP_INOSITOL_PHOSPHATE_MEDIATED_SIGNALING,2.89155497131572,0.0255669701305005,-1.66840151316778,0.367975609460852,FALSE,0
GOBP_INSULIN_SECRETION_INVOLVED_IN_CELLULAR_RESPONSE_TO_GLUCOSE_STIMULUS,-2.67925972463615,0.0406766242458585,0.221384022456411,0.924738492359528,FALSE,0
GOBP_INTEGRIN_ACTIVATION,2.04178066123242,0.130864992381321,-1.43637226958259,0.446719543628172,FALSE,0
GOBP_INTERFERON_ALPHA_PRODUCTION,0.247434625045569,0.891678995057604,-1.03515752780447,0.608536743399625,FALSE,0
GOBP_INTERFERON_BETA_PRODUCTION,-1.05949099624948,0.484980915449424,1.45661072552077,0.440041163646915,FALSE,0
GOBP_INTERFERON_GAMMA_MEDIATED_SIGNALING_PATHWAY,-1.39175479181902,0.340877134502187,2.35721845079376,0.191429447332933,FALSE,0
GOBP_INTERFERON_GAMMA_PRODUCTION,-0.370490413008779,0.834327060858817,2.08097014957898,0.254649572126265,FALSE,0
GOBP_INTERLEUKIN_12_PRODUCTION,-1.35179696846857,0.356830703814569,1.57142716116704,0.401266422739943,FALSE,0
GOBP_INTERLEUKIN_13_PRODUCTION,-3.30758639548744,0.0100526939504378,0.88535260899815,0.67108065017079,FALSE,0
GOBP_INTERLEUKIN_2_PRODUCTION,-0.144096860544213,0.937497037312185,3.05451947590135,0.0941636768624104,FALSE,0
GOBP_INTERLEUKIN_4_PRODUCTION,-2.06680453285164,0.125446525161607,1.73642183053233,0.347266324969796,FALSE,0
GOBP_INTERLEUKIN_5_PRODUCTION,-1.29372161076662,0.381520237506912,2.44552102294259,0.173167022927211,FALSE,0
GOBP_INTERLEUKIN_6_MEDIATED_SIGNALING_PATHWAY,0.350384011226316,0.843129036565248,-2.91353272278417,0.108776512986925,FALSE,0
GOBP_INTERLEUKIN_6_PRODUCTION,-0.770809191572259,0.630495104771349,1.10415004653715,0.57920338448045,FALSE,0
GOBP_INTERMEDIATE_FILAMENT_BASED_PROCESS,3.03035569288027,0.0191434556183988,-0.956991124411632,0.643686362801687,FALSE,0
GOBP_INTERMEMBRANE_LIPID_TRANSFER,-2.37497488136368,0.0738281812399798,2.56847459715196,0.149893717680641,FALSE,0
GOBP_INTERSTRAND_CROSS_LINK_REPAIR,0.853652952792267,0.589373645232233,-2.1564507277489,0.234163040390669,FALSE,0
GOBP_INTESTINAL_LIPID_ABSORPTION,-1.23169517815962,0.408739075836227,0.488042439139731,0.829146490177758,FALSE,0
GOBP_INTRACELLULAR_LIPID_TRANSPORT,-0.935652778632491,0.546908298211264,0.683165882124844,0.750572701971719,FALSE,0
GOBP_INTRACELLULAR_RECEPTOR_SIGNALING_PATHWAY,-3.1462073453792,0.0146584940421994,0.772939774849531,0.71629546495641,FALSE,0
GOBP_INTRACELLULAR_STEROL_TRANSPORT,-2.54583705229655,0.0537151875993663,1.55852789079878,0.405300455094661,FALSE,0
GOBP_INTRINSIC_APOPTOTIC_SIGNALING_PATHWAY,-1.41868646175414,0.32998964912768,0.730215283640037,0.731873867914901,FALSE,0
GOBP_INTRINSIC_APOPTOTIC_SIGNALING_PATHWAY_IN_RESPONSE_TO_DNA_DAMAGE,-2.07824356044271,0.123756385270029,1.43528277410124,0.446719543628172,FALSE,0
GOBP_INTRINSIC_APOPTOTIC_SIGNALING_PATHWAY_IN_RESPONSE_TO_DNA_DAMAGE_BY_P53_CLASS_MEDIATOR,-2.25980199122809,0.0909702829927738,1.48489592133136,0.430833349508643,FALSE,0
GOBP_INTRINSIC_APOPTOTIC_SIGNALING_PATHWAY_IN_RESPONSE_TO_ENDOPLASMIC_RETICULUM_STRESS,-2.63822105922082,0.0441746260711323,1.68076521352283,0.364932252642344,FALSE,0
GOBP_INTRINSIC_APOPTOTIC_SIGNALING_PATHWAY_IN_RESPONSE_TO_OXIDATIVE_STRESS,-2.2142687422815,0.0990288535796515,1.98115369758945,0.277344232922717,FALSE,0
GOBP_IRON_ION_TRANSMEMBRANE_TRANSPORT,-2.33073776489658,0.0798911061953532,0.433782571812909,0.851021544911308,FALSE,0
GOBP_IRON_ION_TRANSPORT,-1.17524962863178,0.431760167892076,1.39895645432719,0.458707487962105,FALSE,0
GOBP_IRON_SULFUR_CLUSTER_ASSEMBLY,-0.093808147376394,0.959551212520345,0.424553689618908,0.856434133180981,FALSE,0
GOBP_ISOPRENOID_BIOSYNTHETIC_PROCESS,4.59943128120364,0.000200124108839328,-0.572979001417183,0.792767897377539,FALSE,0
GOBP_ISOTYPE_SWITCHING_TO_IGG_ISOTYPES,0.426945917191921,0.808168110102849,-0.788641691701259,0.709512359177224,FALSE,0
GOBP_I_KAPPAB_KINASE_NF_KAPPAB_SIGNALING,-0.168910059794861,0.931048648114705,1.34284927563038,0.481013446411961,FALSE,0
GOBP_I_KAPPAB_PHOSPHORYLATION,1.71445188436214,0.222332293828041,-0.610177043450462,0.776555939819773,FALSE,0
GOBP_JNK_CASCADE,-0.358259159294854,0.840299073419392,1.13378850621432,0.565517570598848,FALSE,0
GOBP_KERATINOCYTE_MIGRATION,2.4937190932391,0.0592264040413034,-0.339303575579689,0.882081634557348,FALSE,0
GOBP_KINETOCHORE_ASSEMBLY,0.396344123375828,0.820821331970439,-1.33582321441889,0.482900502103667,FALSE,0
GOBP_KINETOCHORE_ORGANIZATION,2.36523984268198,0.0751228582254336,-1.05132536484258,0.602035207014333,FALSE,0
GOBP_LABYRINTHINE_LAYER_DEVELOPMENT,-0.848792967244291,0.592384079030097,1.06192787230323,0.59850594244358,FALSE,0
GOBP_LAMELLIPODIUM_MORPHOGENESIS,-2.11488813536037,0.116591302205503,1.84281853431563,0.311378384228547,FALSE,0
GOBP_LEUKOCYTE_APOPTOTIC_PROCESS,-0.155443052280087,0.935515603236983,0.994531566672402,0.626987358883132,FALSE,0
GOBP_LEUKOCYTE_MIGRATION_INVOLVED_IN_INFLAMMATORY_RESPONSE,-0.313553091342207,0.859908655569969,2.76092573155879,0.125037116367193,FALSE,0
GOBP_LEUKOTRIENE_BIOSYNTHETIC_PROCESS,-1.33212958661472,0.365564222016248,0.705087927174284,0.741046317598141,FALSE,0
GOBP_LEUKOTRIENE_METABOLIC_PROCESS,-2.13424147774453,0.113274614593864,0.744572461101817,0.727208221617223,FALSE,0
GOBP_LIGAND_GATED_ION_CHANNEL_SIGNALING_PATHWAY,4.79456296324223,9.8470277666435e-05,-0.599840165485926,0.782035844191235,FALSE,0
GOBP_LINOLEIC_ACID_METABOLIC_PROCESS,1.62576637063639,0.249895547411769,-0.142924655517292,0.951168405402036,FALSE,0
GOBP_LIPID_DIGESTION,-1.39375753669972,0.340056349800573,0.744114215762384,0.727208221617223,FALSE,0
GOBP_LIPID_HOMEOSTASIS,-1.60264050991288,0.258008762641378,1.56479268149698,0.403577507990434,FALSE,0
GOBP_LIPID_MODIFICATION,-2.5382536155311,0.0545799964066881,0.776192331540725,0.714772310737259,FALSE,0
GOBP_LIPID_OXIDATION,-2.57146694785703,0.0506737065475501,0.733818513447258,0.730803754559561,FALSE,0
GOBP_LIPID_STORAGE,-0.963645579975308,0.533101709068718,2.60441858190659,0.146791160697269,FALSE,0
GOBP_LIPID_TRANSLOCATION,0.671299269901656,0.681865458571629,-0.898956768536098,0.66579407003548,FALSE,0
GOBP_LIPOPROTEIN_BIOSYNTHETIC_PROCESS,-0.790464044490736,0.619918391704399,0.522652910248677,0.814472100657255,FALSE,0
GOBP_LIPOPROTEIN_METABOLIC_PROCESS,-0.880152930235839,0.575825224843051,0.232006426429643,0.921492771499129,FALSE,0
GOBP_LIVER_MORPHOGENESIS,-2.90224274362317,0.0251236000123736,1.03393808771244,0.608903401093867,FALSE,0
GOBP_LONG_CHAIN_FATTY_ACYL_COA_BIOSYNTHETIC_PROCESS,2.99157189769068,0.0206813328426296,-2.81688252743091,0.12208639208908,FALSE,0
GOBP_LONG_CHAIN_FATTY_ACYL_COA_METABOLIC_PROCESS,2.35791861380025,0.0761891211728521,-2.01570778702647,0.266562492608851,FALSE,0
GOBP_LOW_DENSITY_LIPOPROTEIN_PARTICLE_REMODELING,0.0813227161865856,0.965167129982373,-0.327496535993931,0.885257207332386,FALSE,0
GOBP_LUNG_CELL_DIFFERENTIATION,-4.98895918724727,4.98164092322006e-05,0.259097374018088,0.912256470063802,FALSE,0
GOBP_LUNG_EPITHELIUM_DEVELOPMENT,-4.31871310238374,0.000508234273228308,1.33543702734675,0.482900502103667,FALSE,0
GOBP_LYMPHANGIOGENESIS,-0.179981522340507,0.926049783008893,2.47382170025463,0.167046703773428,FALSE,0
GOBP_LYMPHOCYTE_ACTIVATION_INVOLVED_IN_IMMUNE_RESPONSE,-1.56816486706189,0.270392297913967,0.896324371887274,0.666688372045924,FALSE,0
GOBP_LYMPH_NODE_DEVELOPMENT,-0.341295053178342,0.847447253804624,2.47816714075468,0.166647762036941,FALSE,0
GOBP_LYMPH_VESSEL_DEVELOPMENT,-0.330485920677815,0.85213701500089,0.998984913233259,0.625375889164357,FALSE,0
GOBP_LYMPH_VESSEL_MORPHOGENESIS,-2.14262821834435,0.111600889211257,1.99558034228956,0.272061936421135,FALSE,0
GOBP_LYTIC_VACUOLE_ORGANIZATION,1.40861795067234,0.3345969408241,-0.0582484804226666,0.978899943649486,FALSE,0
GOBP_L_ALPHA_AMINO_ACID_TRANSMEMBRANE_TRANSPORT,-0.288997245984119,0.87387557366983,1.10184334161215,0.580037939256067,FALSE,0
GOBP_L_GLUTAMATE_IMPORT_ACROSS_PLASMA_MEMBRANE,1.66728821125774,0.23692454369533,-1.8988877113544,0.297213049086633,FALSE,0
GOBP_L_GLUTAMATE_TRANSMEMBRANE_TRANSPORT,1.38203863817238,0.344974399754147,-0.374182129799868,0.869008277747501,FALSE,0
GOBP_MACROPHAGE_CHEMOTAXIS,-0.160318997147615,0.933742895628954,2.36629929691712,0.189872562090682,FALSE,0
GOBP_MACROPHAGE_CYTOKINE_PRODUCTION,-1.66249371427539,0.238252183054788,1.69259949658392,0.362691848462177,FALSE,0
GOBP_MACROPHAGE_DIFFERENTIATION,2.7797522533482,0.0322836895249362,-0.591398667187809,0.783767929330839,FALSE,0
GOBP_MACROPHAGE_MIGRATION,-0.235425600685022,0.896589639252605,2.14658994598778,0.235123917981424,FALSE,0
GOBP_MAGNESIUM_ION_TRANSPORT,0.293079866920281,0.871525567786989,-3.08307833703091,0.0914972670099142,FALSE,0
GOBP_MAINTENANCE_OF_BLOOD_BRAIN_BARRIER,0.644977303380811,0.697791198222367,-0.725960236152348,0.733947808866273,FALSE,0
GOBP_MAINTENANCE_OF_CELL_POLARITY,1.45224003917547,0.31455701391087,-1.35047453137232,0.479493683784056,FALSE,0
GOBP_MAINTENANCE_OF_GASTROINTESTINAL_EPITHELIUM,0.399867055518078,0.819172066902841,-0.64374548251325,0.764867381895781,FALSE,0
GOBP_MAINTENANCE_OF_LOCATION_IN_CELL,0.614685986663053,0.710679947017901,-0.819047309042515,0.694149441215677,FALSE,0
GOBP_MAINTENANCE_OF_PROTEIN_LOCALIZATION_IN_ORGANELLE,-0.742803905082867,0.643942201593715,0.388978571343962,0.866927583323062,FALSE,0
GOBP_MAINTENANCE_OF_PROTEIN_LOCATION,0.846542639022897,0.593225276547937,-0.835040293145522,0.688829778563394,FALSE,0
GOBP_MAINTENANCE_OF_PROTEIN_LOCATION_IN_CELL,0.874528377893415,0.578589058310968,-0.685188735424256,0.749911999113482,FALSE,0
GOBP_MALE_GENITALIA_DEVELOPMENT,0.494791305173646,0.773343474858886,-0.672850865014978,0.753966918005202,FALSE,0
GOBP_MALE_MEIOSIS_I,0.601419545330285,0.717766727705501,-0.883024930246826,0.67108065017079,FALSE,0
GOBP_MALE_MEIOTIC_NUCLEAR_DIVISION,1.2508000705794,0.401034300243032,-1.0894549752611,0.586629199841185,FALSE,0
GOBP_MAMMARY_GLAND_ALVEOLUS_DEVELOPMENT,-1.81453639990486,0.190302498144156,0.610230538073783,0.776555939819773,FALSE,0
GOBP_MAMMARY_GLAND_DEVELOPMENT,-0.632669923150007,0.702960688762133,0.813377374504225,0.69663673676641,FALSE,0
GOBP_MAMMARY_GLAND_DUCT_MORPHOGENESIS,-2.46494300464251,0.0622765630381003,2.67222740480335,0.139553612046791,FALSE,0
GOBP_MAMMARY_GLAND_EPITHELIAL_CELL_PROLIFERATION,-1.18545352777538,0.428637762555497,2.23772881282911,0.217859151186008,FALSE,0
GOBP_MAMMARY_GLAND_EPITHELIUM_DEVELOPMENT,-0.271741269350541,0.881139406937301,1.59421025610519,0.39548446356381,FALSE,0
GOBP_MAMMARY_GLAND_MORPHOGENESIS,-0.88892462176007,0.57200785703304,1.76725829036827,0.336154586531746,FALSE,0
GOBP_MANGANESE_ION_TRANSPORT,0.335345034305938,0.84939715656693,-0.302995146409627,0.89687951558348,FALSE,0
GOBP_MANNOSYLATION,1.86407785555627,0.175981587105608,-0.461084972371674,0.8400294888043,FALSE,0
GOBP_MAST_CELL_ACTIVATION,-0.321054855995745,0.855691083129656,1.49596434278232,0.426142266108094,FALSE,0
GOBP_MAST_CELL_ACTIVATION_INVOLVED_IN_IMMUNE_RESPONSE,-0.437737123897046,0.803031406322606,0.575634025353358,0.791362301761645,FALSE,0
GOBP_MATING_BEHAVIOR,-2.43568807107773,0.0656928233853044,0.41228080598872,0.859523965729062,FALSE,0
GOBP_MECHANORECEPTOR_DIFFERENTIATION,-1.16150244957337,0.437741026831106,0.0883181435954113,0.970298596095575,FALSE,0
GOBP_MEGAKARYOCYTE_DEVELOPMENT,-1.59032635427296,0.262167987940072,1.60994492423623,0.3898637072093,FALSE,0
GOBP_MEIOSIS_I_CELL_CYCLE_PROCESS,1.03321075826961,0.498059250351288,-1.53482519547395,0.411891580674609,FALSE,0
GOBP_MEIOTIC_CELL_CYCLE,1.01752115852454,0.506546111642842,-1.52796933172337,0.414219214737138,FALSE,0
GOBP_MEIOTIC_CELL_CYCLE_PROCESS,1.766615262291,0.205731801116019,-1.25332936917518,0.512833174596519,FALSE,0
GOBP_MEIOTIC_CHROMOSOME_SEGREGATION,1.94192385444521,0.155778647996513,-2.22166658690203,0.221373856858645,FALSE,0
GOBP_MEIOTIC_CHROMOSOME_SEPARATION,3.16044286784198,0.0141620581022264,-2.30767021115045,0.201767866830131,FALSE,0
GOBP_MEMBRANE_LIPID_BIOSYNTHETIC_PROCESS,2.51650104323894,0.056666035497793,-1.43751619765304,0.446719543628172,FALSE,0
GOBP_MEMBRANE_LIPID_METABOLIC_PROCESS,2.48949036020244,0.0598267911030899,-0.38111733459359,0.868579661334171,FALSE,0
GOBP_MESENCHYMAL_CELL_PROLIFERATION,0.917759357840166,0.556325362532231,-0.810823555331126,0.698179921531021,FALSE,0
GOBP_MESENCHYME_MORPHOGENESIS,1.10141140968686,0.464796644895053,-0.943538164079673,0.648548648310209,FALSE,0
GOBP_MESODERM_DEVELOPMENT,-1.53814998230432,0.280953315657107,0.415577458291294,0.859024169858183,FALSE,0
GOBP_METAL_ION_EXPORT,0.571013107728216,0.732427851523109,-0.0337030501110971,0.987534722455729,FALSE,0
GOBP_METANEPHRIC_NEPHRON_DEVELOPMENT,-0.241657729674365,0.893685105396831,2.10130505387584,0.250567461061036,FALSE,0
GOBP_METANEPHRIC_NEPHRON_MORPHOGENESIS,-0.282924208291852,0.876858608689928,2.36167992490571,0.190714228843447,FALSE,0
GOBP_METAPHASE_ANAPHASE_TRANSITION_OF_CELL_CYCLE,0.517733161249242,0.760391240151437,-0.475687610417034,0.83275795742666,FALSE,0
GOBP_METAPHASE_PLATE_CONGRESSION,0.129757888224789,0.943857238139191,-1.06186052656676,0.59850594244358,FALSE,0
GOBP_METENCEPHALON_DEVELOPMENT,-0.434870293184024,0.804986507166327,1.0483946109233,0.603079852627423,FALSE,0
GOBP_MICROTUBULE_BASED_TRANSPORT,0.402300930229902,0.818683487677186,-1.63245908003007,0.381482754012932,FALSE,0
GOBP_MICROTUBULE_BUNDLE_FORMATION,0.402321285787872,0.818683487677186,-1.57714985125789,0.400895396846752,FALSE,0
GOBP_MICROTUBULE_CYTOSKELETON_ORGANIZATION_INVOLVED_IN_MITOSIS,1.01678474517828,0.506957852483586,-0.523578298109271,0.814076846415051,FALSE,0
GOBP_MICROTUBULE_NUCLEATION,0.619653493906878,0.708431938523178,-0.70887129547193,0.740400437173682,FALSE,0
GOBP_MICROTUBULE_ORGANIZING_CENTER_LOCALIZATION,2.48664204299955,0.0600352350950069,-3.20376924636689,0.0829348709023037,FALSE,0
GOBP_MICROTUBULE_POLYMERIZATION,-1.40438695826495,0.336650222213016,0.788683307543369,0.709512359177224,FALSE,0
GOBP_MICROTUBULE_POLYMERIZATION_OR_DEPOLYMERIZATION,-0.150180667028813,0.935698245171468,0.745655457318334,0.727208221617223,FALSE,0
GOBP_MICROVILLUS_ASSEMBLY,1.49112535820114,0.298973211535042,-1.5604013737064,0.405300455094661,FALSE,0
GOBP_MICROVILLUS_ORGANIZATION,1.76745789919809,0.205511357149111,-0.966100946320057,0.640213595750703,FALSE,0
GOBP_MIDBODY_ABSCISSION,0.812858228342354,0.609129108799625,-0.214972851287858,0.926167465728309,FALSE,0
GOBP_MIDBRAIN_DOPAMINERGIC_NEURON_DIFFERENTIATION,0.245358573182017,0.892025473412474,-2.0848511728102,0.254649572126265,FALSE,0
GOBP_MIRNA_METABOLIC_PROCESS,-0.471378880863879,0.786629705779893,1.63241666145374,0.381482754012932,FALSE,0
GOBP_MITOCHONDRIAL_CALCIUM_ION_HOMEOSTASIS,1.88416374202038,0.170042170443527,-0.618988777351683,0.773392635824234,FALSE,0
GOBP_MITOCHONDRIAL_CALCIUM_ION_TRANSMEMBRANE_TRANSPORT,1.4907110912129,0.299034583218515,-1.40094362027375,0.458517205752931,FALSE,0
GOBP_MITOCHONDRIAL_CYTOCHROME_C_OXIDASE_ASSEMBLY,1.64462044714588,0.243376817313399,-1.50405305694464,0.422112670781444,FALSE,0
GOBP_MITOCHONDRIAL_MEMBRANE_ORGANIZATION,-0.0588319677599422,0.973470016301119,0.596619030022042,0.782772488905937,FALSE,0
GOBP_MITOCHONDRIAL_OUTER_MEMBRANE_PERMEABILIZATION,-2.15086104904303,0.110516313473022,0.91898013515673,0.657808377777262,FALSE,0
GOBP_MITOCHONDRIAL_OUTER_MEMBRANE_PERMEABILIZATION_INVOLVED_IN_PROGRAMMED_CELL_DEATH,-3.09201794579289,0.0166172966774208,0.871718898580494,0.6759169023487,FALSE,0
GOBP_MITOCHONDRIAL_RESPIRATORY_CHAIN_COMPLEX_ASSEMBLY,0.0152952674475074,0.993159571215954,-0.5341203514361,0.809074303286167,FALSE,0
GOBP_MITOCHONDRIAL_TRANSCRIPTION,0.191419767121672,0.921718527761897,-2.53336125594492,0.155722397457039,FALSE,0
GOBP_MITOCHONDRIAL_TRANSLATION,-1.57376602587553,0.268502095168655,0.221593631704422,0.924738492359528,FALSE,0
GOBP_MITOCHONDRIAL_TRANSMEMBRANE_TRANSPORT,1.54906449405808,0.277064377583427,-0.523846113475361,0.814039156229646,FALSE,0
GOBP_MITOCHONDRIAL_TRANSPORT,-0.537977015919085,0.750523967397984,0.500737053140003,0.823357410054085,FALSE,0
GOBP_MITOCHONDRION_LOCALIZATION,-0.520757937986551,0.758917518297202,0.588474676708823,0.785242907854471,FALSE,0
GOBP_MITOCHONDRION_MORPHOGENESIS,1.10461121369811,0.463028492582179,-0.881437073381481,0.67108065017079,FALSE,0
GOBP_MITOPHAGY,-2.65004835052058,0.0433465292096967,2.98584069063537,0.106659237658179,FALSE,0
GOBP_MITOTIC_CHROMOSOME_CONDENSATION,0.378281060008905,0.82979595965772,-0.299942017170229,0.897562549209103,FALSE,0
GOBP_MITOTIC_CYTOKINESIS,2.11270738185618,0.116833782946512,-0.443154548548008,0.848884316841623,FALSE,0
GOBP_MITOTIC_METAPHASE_PLATE_CONGRESSION,0.246112270567754,0.892025473412474,-0.713065053515755,0.739629861903819,FALSE,0
GOBP_MITOTIC_NUCLEAR_DIVISION,0.815239224645022,0.608170315994621,-0.512291798709518,0.818892208224968,FALSE,0
GOBP_MITOTIC_RECOMBINATION,0.544373659906836,0.747285935821503,-0.7154021342749,0.739173547080402,FALSE,0
GOBP_MITOTIC_SISTER_CHROMATID_COHESION,0.536576481055155,0.750972247556985,-3.74610922897537,0.0508236278089835,FALSE,0
GOBP_MITOTIC_SISTER_CHROMATID_SEGREGATION,1.09052788451972,0.46923571677435,-0.953634357288135,0.645354631512175,FALSE,0
GOBP_MITOTIC_SPINDLE_ASSEMBLY,0.414749138134152,0.81376940607615,-0.882242342860757,0.67108065017079,FALSE,0
GOBP_MITOTIC_SPINDLE_ORGANIZATION,0.899751734796849,0.565671697404457,-0.40935114661432,0.860559990043494,FALSE,0
GOBP_MODIFICATION_OF_SYNAPTIC_STRUCTURE,-0.084960546082164,0.96335047268342,0.193547934045549,0.932799272898268,FALSE,0
GOBP_MOLTING_CYCLE,-1.03624192980693,0.496245079995877,1.194830800821,0.538058910608521,FALSE,0
GOBP_MONOCARBOXYLIC_ACID_BIOSYNTHETIC_PROCESS,-0.0864755541638299,0.962878913620662,0.923268635348593,0.657017822979142,FALSE,0
GOBP_MONOCARBOXYLIC_ACID_CATABOLIC_PROCESS,-1.83856491227081,0.183536970380641,0.263640805676733,0.91108101798459,FALSE,0
GOBP_MONOSACCHARIDE_CATABOLIC_PROCESS,-1.06713081455194,0.480628418698272,1.58430384610901,0.398223371725677,FALSE,0
GOBP_MONOSACCHARIDE_METABOLIC_PROCESS,-2.71910226509577,0.0372020174196022,1.34920653439494,0.479493683784056,FALSE,0
GOBP_MONOUBIQUITINATED_PROTEIN_DEUBIQUITINATION,-2.42406918679358,0.0669750606908487,0.28025079039478,0.905650094212228,FALSE,0
GOBP_MONOVALENT_INORGANIC_ANION_HOMEOSTASIS,2.75477373236499,0.0342485689696644,-0.366566875437268,0.872218537065681,FALSE,0
GOBP_MORPHOGENESIS_OF_AN_EPITHELIAL_FOLD,-0.503041379737054,0.769266579048923,0.347839411061491,0.878726266992757,FALSE,0
GOBP_MORPHOGENESIS_OF_AN_EPITHELIAL_SHEET,3.47114257392714,0.00680730317409102,-2.20619869616505,0.223862046812428,FALSE,0
GOBP_MORPHOGENESIS_OF_A_POLARIZED_EPITHELIUM,1.78361697258429,0.200694940741629,-0.59020165310949,0.784309559248653,FALSE,0
GOBP_MORPHOGENESIS_OF_EMBRYONIC_EPITHELIUM,-1.49194188521941,0.298831571242628,0.480611728192518,0.831148473694827,FALSE,0
GOBP_MRNA_MODIFICATION,1.24564738882094,0.403151195742097,-0.486644858660296,0.829154273596523,FALSE,0
GOBP_MRNA_TRANSCRIPTION,-1.97574620701382,0.146647343118647,0.336093383593408,0.882126427291635,FALSE,0
GOBP_MULTICELLULAR_ORGANISMAL_MOVEMENT,-1.63480508673659,0.247024436863627,0.98935548553979,0.629295123936649,FALSE,0
GOBP_MULTIVESICULAR_BODY_ORGANIZATION,-0.876435079518437,0.577527544684326,0.167253245619558,0.943199741585093,FALSE,0
GOBP_MULTI_MULTICELLULAR_ORGANISM_PROCESS,-0.833762597791629,0.599059746890886,0.839120248887161,0.686970950040283,FALSE,0
GOBP_MUSCLE_ADAPTATION,-0.537509753671401,0.750523967397984,2.0558033650267,0.257673281864174,FALSE,0
GOBP_MUSCLE_CELL_APOPTOTIC_PROCESS,-1.83176136074793,0.185339049832775,0.479044211453384,0.831714857571981,FALSE,0
GOBP_MUSCLE_CELL_CELLULAR_HOMEOSTASIS,-1.53809487145125,0.280953315657107,0.279025377922865,0.906176660519685,FALSE,0
GOBP_MUSCLE_CELL_FATE_COMMITMENT,-0.556478403001871,0.740180091211369,3.39690012730053,0.0664886793530813,FALSE,0
GOBP_MUSCLE_CELL_MIGRATION,1.57723617857561,0.267210490272766,-0.690077149687468,0.747665034617049,FALSE,0
GOBP_MYELIN_ASSEMBLY,-0.585493572808759,0.726655223755615,1.57305117645839,0.401266422739943,FALSE,0
GOBP_MYELOID_CELL_APOPTOTIC_PROCESS,-2.69570826562091,0.0392683389181757,0.106484607449352,0.964196153271855,FALSE,0
GOBP_MYELOID_CELL_DEVELOPMENT,0.72607738076482,0.651776921101015,-0.205221002832746,0.92871596426214,FALSE,0
GOBP_MYELOID_CELL_HOMEOSTASIS,-2.37643866344145,0.0736971846988765,0.0492710909433915,0.982315733843208,FALSE,0
GOBP_MYELOID_LEUKOCYTE_CYTOKINE_PRODUCTION,-3.12407221844725,0.0154095637069552,1.48263153759702,0.431518049154634,FALSE,0
GOBP_MYELOID_LEUKOCYTE_MEDIATED_IMMUNITY,-0.55327366780016,0.742064962662101,1.25381622979709,0.512833174596519,FALSE,0
GOBP_MYOBLAST_PROLIFERATION,-3.75007862512953,0.00306221263932788,0.879167206755622,0.672343858734548,FALSE,0
GOBP_NADH_DEHYDROGENASE_COMPLEX_ASSEMBLY,-0.275742213793832,0.880070735593953,0.375161955062483,0.868928310384465,FALSE,0
GOBP_NADH_METABOLIC_PROCESS,-1.76562945369569,0.206007966719217,2.02636691942206,0.265352694894437,FALSE,0
GOBP_NADPH_REGENERATION,1.21758679366459,0.415230668487803,-0.236859694954641,0.92024633360226,FALSE,0
GOBP_NAD_METABOLIC_PROCESS,-2.0961210063675,0.12013635237923,0.960522796098547,0.642630870836568,FALSE,0
GOBP_NATURAL_KILLER_CELL_ACTIVATION,0.548519171101596,0.744754359358114,-1.22596484833793,0.522888735964362,FALSE,0
GOBP_NATURAL_KILLER_CELL_ACTIVATION_INVOLVED_IN_IMMUNE_RESPONSE,3.85200589048668,0.00231432918421685,-1.413097536676,0.454886434478687,FALSE,0
GOBP_NECROTIC_CELL_DEATH,-3.05166197248129,0.0180833378193152,0.639498633811279,0.766125037815312,FALSE,0
GOBP_NEGATIVE_REGULATION_OF_ACTIN_FILAMENT_BUNDLE_ASSEMBLY,0.748823896361782,0.641467470104294,-2.16357269429889,0.233530312541182,FALSE,0
GOBP_NEGATIVE_REGULATION_OF_ADENYLATE_CYCLASE_ACTIVITY,-1.66636109510741,0.236986602353337,0.651276116271156,0.760804219066821,FALSE,0
GOBP_NEGATIVE_REGULATION_OF_ALPHA_BETA_T_CELL_ACTIVATION,-0.494105026113403,0.77375994472806,1.36968545103109,0.47207131452863,FALSE,0
GOBP_NEGATIVE_REGULATION_OF_ALPHA_BETA_T_CELL_DIFFERENTIATION,-0.497862794573567,0.771750421887669,2.65022948785125,0.141634263221091,FALSE,0
GOBP_NEGATIVE_REGULATION_OF_ATP_DEPENDENT_ACTIVITY,-1.59569041388326,0.259937342997238,0.436173308791821,0.849729559636424,FALSE,0
GOBP_NEGATIVE_REGULATION_OF_ATP_METABOLIC_PROCESS,-0.323417697488206,0.853973096164156,1.34470725575419,0.480627700496023,FALSE,0
GOBP_NEGATIVE_REGULATION_OF_AUTOPHAGOSOME_ASSEMBLY,-1.62289450659474,0.250756900348546,0.651218175586139,0.760804219066821,FALSE,0
GOBP_NEGATIVE_REGULATION_OF_AUTOPHAGY,-1.2198154586383,0.414106212692887,0.743394653750234,0.727208221617223,FALSE,0
GOBP_NEGATIVE_REGULATION_OF_AXONOGENESIS,3.00708734958775,0.0200608660032424,-0.175087006370559,0.939393932893772,FALSE,0
GOBP_NEGATIVE_REGULATION_OF_AXON_EXTENSION,1.82761702449006,0.186653455735408,-0.383382045109544,0.868579661334171,FALSE,0
GOBP_NEGATIVE_REGULATION_OF_BINDING,-0.0159752161941474,0.993159571215954,1.07649205615552,0.592727752940769,FALSE,0
GOBP_NEGATIVE_REGULATION_OF_BLOOD_VESSEL_ENDOTHELIAL_CELL_MIGRATION,-0.662084774698453,0.687503701667678,1.82289100190248,0.320309830064021,FALSE,0
GOBP_NEGATIVE_REGULATION_OF_BMP_SIGNALING_PATHWAY,3.18174296045474,0.0134842710494422,-0.295119935877906,0.898928245625909,FALSE,0
GOBP_NEGATIVE_REGULATION_OF_B_CELL_MEDIATED_IMMUNITY,-0.512273388668,0.764136323921481,2.06924474954221,0.255296480041651,FALSE,0
GOBP_NEGATIVE_REGULATION_OF_B_CELL_PROLIFERATION,0.123461246784228,0.946616729908517,-0.917895266726858,0.658107022855644,FALSE,0
GOBP_NEGATIVE_REGULATION_OF_CALCINEURIN_MEDIATED_SIGNALING,1.04520828904873,0.492955886947073,-0.537920887002384,0.807240983459856,FALSE,0
GOBP_NEGATIVE_REGULATION_OF_CALCIUM_ION_TRANSMEMBRANE_TRANSPORT,-1.89564601101852,0.166675738543771,1.28951439185524,0.500453759007001,FALSE,0
GOBP_NEGATIVE_REGULATION_OF_CALCIUM_ION_TRANSPORT,-0.792847402944833,0.619157694140046,1.87632556208645,0.302171873240266,FALSE,0
GOBP_NEGATIVE_REGULATION_OF_CALCIUM_MEDIATED_SIGNALING,4.24784887069137,0.000661502163098273,-0.772876186576623,0.71629546495641,FALSE,0
GOBP_NEGATIVE_REGULATION_OF_CARBOHYDRATE_METABOLIC_PROCESS,-1.03733923167566,0.495829646841524,0.478281398332302,0.831844991985843,FALSE,0
GOBP_NEGATIVE_REGULATION_OF_CARDIAC_MUSCLE_TISSUE_GROWTH,-3.34110220959474,0.00925875498395388,1.90374546433066,0.294902107452341,FALSE,0
GOBP_NEGATIVE_REGULATION_OF_CARTILAGE_DEVELOPMENT,0.818089480659686,0.606818672185309,-0.887854357049237,0.670402897791563,FALSE,0
GOBP_NEGATIVE_REGULATION_OF_CATION_CHANNEL_ACTIVITY,-1.25411265110321,0.400098396890652,0.211413395634066,0.927157919271296,FALSE,0
GOBP_NEGATIVE_REGULATION_OF_CD4_POSITIVE_ALPHA_BETA_T_CELL_ACTIVATION,-0.329625428620562,0.852499720163949,1.33061926585624,0.484311907036073,FALSE,0
GOBP_NEGATIVE_REGULATION_OF_CD4_POSITIVE_ALPHA_BETA_T_CELL_DIFFERENTIATION,-1.02390999564581,0.503344433746889,2.57811888406246,0.148199359551676,FALSE,0
GOBP_NEGATIVE_REGULATION_OF_CELLULAR_SENESCENCE,-0.630376392691439,0.70325555596463,1.44561478892201,0.445546631747545,FALSE,0
GOBP_NEGATIVE_REGULATION_OF_CELL_CELL_ADHESION,-1.46188147138027,0.310511488220663,1.47383119113604,0.43426409042764,FALSE,0
GOBP_NEGATIVE_REGULATION_OF_CELL_CYCLE_G1_S_PHASE_TRANSITION,0.398208134254023,0.819941164920383,-1.793167749025,0.329508528351421,FALSE,0
GOBP_NEGATIVE_REGULATION_OF_CELL_GROWTH,-0.27728272415392,0.879704879854234,1.71571006942706,0.355663341980031,FALSE,0
GOBP_NEGATIVE_REGULATION_OF_CELL_KILLING,-1.83632383914719,0.183959610411451,1.25977878096379,0.511505163072338,FALSE,0
GOBP_NEGATIVE_REGULATION_OF_CELL_MATRIX_ADHESION,-0.073964128590444,0.96850078787635,0.0294020978789107,0.98847644238748,FALSE,0
GOBP_NEGATIVE_REGULATION_OF_CELL_SUBSTRATE_ADHESION,-0.0383807279605905,0.982550958158641,0.122837326883144,0.95840406659765,FALSE,0
GOBP_NEGATIVE_REGULATION_OF_CHEMOKINE_PRODUCTION,-0.76769167435687,0.631212906480017,2.51072343029238,0.160312456169313,FALSE,0
GOBP_NEGATIVE_REGULATION_OF_CHONDROCYTE_DIFFERENTIATION,3.27556844965255,0.0107448268783174,-0.390986372850701,0.866927583323062,FALSE,0
GOBP_NEGATIVE_REGULATION_OF_CILIUM_ASSEMBLY,0.587559047414661,0.726034172462663,-0.710974428539818,0.73981938164701,FALSE,0
GOBP_NEGATIVE_REGULATION_OF_CYSTEINE_TYPE_ENDOPEPTIDASE_ACTIVITY,0.248351053557882,0.891084943414308,-0.225054213894323,0.923532912248677,FALSE,0
GOBP_NEGATIVE_REGULATION_OF_CYTOKINE_PRODUCTION_INVOLVED_IN_IMMUNE_RESPONSE,-2.34973599548179,0.0771394546341068,1.81795994929793,0.322046457718154,FALSE,0
GOBP_NEGATIVE_REGULATION_OF_DEFENSE_RESPONSE,-0.0561868514959195,0.974497429838694,2.24665910740182,0.215780435182609,FALSE,0
GOBP_NEGATIVE_REGULATION_OF_DEFENSE_RESPONSE_TO_VIRUS,-0.236908313606836,0.896089092363025,2.03556867750273,0.26298760988497,FALSE,0
GOBP_NEGATIVE_REGULATION_OF_DEVELOPMENTAL_GROWTH,-1.01956826487167,0.505442517797826,0.779632272516788,0.713873443433524,FALSE,0
GOBP_NEGATIVE_REGULATION_OF_DIGESTIVE_SYSTEM_PROCESS,-2.6982713685005,0.0390520537938424,1.57553703433392,0.400895396846752,FALSE,0
GOBP_NEGATIVE_REGULATION_OF_DNA_BINDING,-1.08724833850581,0.470282816602675,0.563438881074088,0.798379941235073,FALSE,0
GOBP_NEGATIVE_REGULATION_OF_DNA_BIOSYNTHETIC_PROCESS,-2.39243905488049,0.0716357619928811,0.245262097692528,0.917350013708566,FALSE,0
GOBP_NEGATIVE_REGULATION_OF_DNA_METABOLIC_PROCESS,-2.53206569518767,0.0551330726363123,0.547055794483124,0.804172641800187,FALSE,0
GOBP_NEGATIVE_REGULATION_OF_DNA_RECOMBINATION,-3.06700845733097,0.0176151803261293,0.29497946311545,0.898928245625909,FALSE,0
GOBP_NEGATIVE_REGULATION_OF_DNA_REPAIR,-0.0996167193370012,0.956887311878682,0.979615115727368,0.634597928872718,FALSE,0
GOBP_NEGATIVE_REGULATION_OF_EPITHELIAL_CELL_APOPTOTIC_PROCESS,-0.405816092054738,0.817365901362193,1.0488167458845,0.603079852627423,FALSE,0
GOBP_NEGATIVE_REGULATION_OF_EPITHELIAL_CELL_DIFFERENTIATION,-1.39527500896279,0.339452473994035,0.540000012770437,0.805889723924138,FALSE,0
GOBP_NEGATIVE_REGULATION_OF_EPITHELIAL_TO_MESENCHYMAL_TRANSITION,-3.77342001201935,0.00291928003114324,1.24196670543781,0.515313431489154,FALSE,0
GOBP_NEGATIVE_REGULATION_OF_ERK1_AND_ERK2_CASCADE,-1.59584010248966,0.259937342997238,1.54437570564112,0.409708617088738,FALSE,0
GOBP_NEGATIVE_REGULATION_OF_ESTABLISHMENT_OF_PROTEIN_LOCALIZATION,0.695223991404365,0.669816997846441,-0.66691073089372,0.75659589493749,FALSE,0
GOBP_NEGATIVE_REGULATION_OF_EXTRINSIC_APOPTOTIC_SIGNALING_PATHWAY_VIA_DEATH_DOMAIN_RECEPTORS,-0.456225549825705,0.794507239563799,1.23081395672053,0.520252154726691,FALSE,0
GOBP_NEGATIVE_REGULATION_OF_FAT_CELL_DIFFERENTIATION,-2.31468114112142,0.0821545791987068,0.0789006132195922,0.973035882033051,FALSE,0
GOBP_NEGATIVE_REGULATION_OF_FIBROBLAST_GROWTH_FACTOR_RECEPTOR_SIGNALING_PATHWAY,-0.0471848602660128,0.978905963528227,2.73852104073707,0.125600805968918,FALSE,0
GOBP_NEGATIVE_REGULATION_OF_GLIOGENESIS,-0.81130868544855,0.609685203595273,0.637274507106597,0.766125037815312,FALSE,0
GOBP_NEGATIVE_REGULATION_OF_GROWTH,-0.350653788473377,0.84308410953726,1.34162056686556,0.481500814819496,FALSE,0
GOBP_NEGATIVE_REGULATION_OF_G_PROTEIN_COUPLED_RECEPTOR_SIGNALING_PATHWAY,-0.517425816195519,0.760391240151437,1.08977688168635,0.586570416443276,FALSE,0
GOBP_NEGATIVE_REGULATION_OF_HISTONE_ACETYLATION,-2.63802498340442,0.0441746260711323,2.09890351422256,0.250567461061036,FALSE,0
GOBP_NEGATIVE_REGULATION_OF_HISTONE_METHYLATION,-4.56168425447493,0.000227204852786824,1.56415543154328,0.403820814488949,FALSE,0
GOBP_NEGATIVE_REGULATION_OF_HISTONE_MODIFICATION,-5.49165481186588,6.8341830619086e-06,2.04400164782219,0.259929045043279,FALSE,0
GOBP_NEGATIVE_REGULATION_OF_HORMONE_SECRETION,-0.97049005077122,0.530696814454548,0.572782452935787,0.792767897377539,FALSE,0
GOBP_NEGATIVE_REGULATION_OF_IMMUNE_EFFECTOR_PROCESS,-0.3593682557538,0.840076168407507,1.21504592326602,0.527588960565294,FALSE,0
GOBP_NEGATIVE_REGULATION_OF_IMMUNE_RESPONSE,-0.429698016756181,0.807233051486641,1.57096151058339,0.401318092175647,FALSE,0
GOBP_NEGATIVE_REGULATION_OF_INNATE_IMMUNE_RESPONSE,-1.66839060733279,0.23692454369533,2.58608193165398,0.148199359551676,FALSE,0
GOBP_NEGATIVE_REGULATION_OF_INTERFERON_GAMMA_PRODUCTION,-1.42914407771827,0.324651935635811,0.161398220941283,0.94513542833009,FALSE,0
GOBP_NEGATIVE_REGULATION_OF_INTERLEUKIN_10_PRODUCTION,0.3232566838642,0.853973096164156,-0.0460183305236629,0.982694879952299,FALSE,0
GOBP_NEGATIVE_REGULATION_OF_INTERLEUKIN_2_PRODUCTION,-0.421903433211816,0.810327040001143,1.77610118814331,0.334375417835814,FALSE,0
GOBP_NEGATIVE_REGULATION_OF_INTERLEUKIN_6_PRODUCTION,0.408663300362658,0.816647869416372,-0.357881229269936,0.875018183724049,FALSE,0
GOBP_NEGATIVE_REGULATION_OF_INTERLEUKIN_8_PRODUCTION,-1.12024726785277,0.455583114698377,0.545059882917335,0.804705469256966,FALSE,0
GOBP_NEGATIVE_REGULATION_OF_INTRACELLULAR_PROTEIN_TRANSPORT,1.089587816512,0.46923571677435,-0.658659995385422,0.757647819079327,FALSE,0
GOBP_NEGATIVE_REGULATION_OF_INTRACELLULAR_STEROID_HORMONE_RECEPTOR_SIGNALING_PATHWAY,-1.52560644108965,0.285051660903432,0.678507128505307,0.752606781397498,FALSE,0
GOBP_NEGATIVE_REGULATION_OF_INTRACELLULAR_TRANSPORT,1.5633101057547,0.27224220696016,-0.481963263670988,0.83083541652766,FALSE,0
GOBP_NEGATIVE_REGULATION_OF_ION_TRANSPORT,-1.30828105392622,0.37550302600875,0.289771969610394,0.900509698068167,FALSE,0
GOBP_NEGATIVE_REGULATION_OF_I_KAPPAB_KINASE_NF_KAPPAB_SIGNALING,-1.90237995641225,0.164789056663425,2.04478681126132,0.259929045043279,FALSE,0
GOBP_NEGATIVE_REGULATION_OF_JNK_CASCADE,-2.65342150906712,0.0431867224995195,0.427921435242764,0.85413726295259,FALSE,0
GOBP_NEGATIVE_REGULATION_OF_KINASE_ACTIVITY,-0.199223501987386,0.916683018884007,0.358617149658617,0.875018183724049,FALSE,0
GOBP_NEGATIVE_REGULATION_OF_LEUKOCYTE_APOPTOTIC_PROCESS,-0.178222215898974,0.926828608532561,0.413086180102095,0.859523965729062,FALSE,0
GOBP_NEGATIVE_REGULATION_OF_LEUKOCYTE_CELL_CELL_ADHESION,-1.51716255244899,0.288169278234106,1.04096723108751,0.606612333923739,FALSE,0
GOBP_NEGATIVE_REGULATION_OF_LEUKOCYTE_MEDIATED_IMMUNITY,-1.45485308910498,0.313654041095684,0.785878017970536,0.710582468665255,FALSE,0
GOBP_NEGATIVE_REGULATION_OF_LEUKOCYTE_MIGRATION,-0.447719779666232,0.798785250179432,0.468504633837544,0.837348399076482,FALSE,0
GOBP_NEGATIVE_REGULATION_OF_LEUKOCYTE_PROLIFERATION,-0.811906683144155,0.609484431945523,0.637928236388549,0.766125037815312,FALSE,0
GOBP_NEGATIVE_REGULATION_OF_LIPID_BIOSYNTHETIC_PROCESS,-0.967383025318625,0.531074411902046,0.638494021541127,0.766125037815312,FALSE,0
GOBP_NEGATIVE_REGULATION_OF_LIPID_CATABOLIC_PROCESS,-2.47824569169572,0.0607402031069382,2.63243907452337,0.141824242713552,FALSE,0
GOBP_NEGATIVE_REGULATION_OF_LIPID_LOCALIZATION,-1.15353597530463,0.441706512517508,2.87177860017451,0.114478283944992,FALSE,0
GOBP_NEGATIVE_REGULATION_OF_LIPID_METABOLIC_PROCESS,-1.93263571392782,0.157397779967745,1.51748066520154,0.417281654518696,FALSE,0
GOBP_NEGATIVE_REGULATION_OF_LIPID_STORAGE,-2.88257650678176,0.0260811119271134,3.12262892578892,0.0890665973803,FALSE,0
GOBP_NEGATIVE_REGULATION_OF_LYASE_ACTIVITY,-1.49053192379516,0.299034583218515,0.267056857999122,0.910100224304292,FALSE,0
GOBP_NEGATIVE_REGULATION_OF_LYMPHOCYTE_ACTIVATION,-0.921833988144881,0.555330727674186,1.01753018334014,0.615396856781184,FALSE,0
GOBP_NEGATIVE_REGULATION_OF_LYMPHOCYTE_MEDIATED_IMMUNITY,-1.93295477568162,0.157397779967745,0.85591830729151,0.682322156164358,FALSE,0
GOBP_NEGATIVE_REGULATION_OF_MACROAUTOPHAGY,-1.98465405485107,0.144524171585139,0.864078065568526,0.678170752529435,FALSE,0
GOBP_NEGATIVE_REGULATION_OF_MAPK_CASCADE,-1.39731892764692,0.339061587119849,1.05580063229448,0.6009694684488,FALSE,0
GOBP_NEGATIVE_REGULATION_OF_METAPHASE_ANAPHASE_TRANSITION_OF_CELL_CYCLE,0.496220006127676,0.772648214947923,-0.369939827489415,0.870853755675186,FALSE,0
GOBP_NEGATIVE_REGULATION_OF_MICROTUBULE_POLYMERIZATION_OR_DEPOLYMERIZATION,-1.55524705923537,0.275088859749135,1.28457790313871,0.502832154702233,FALSE,0
GOBP_NEGATIVE_REGULATION_OF_MIRNA_TRANSCRIPTION,-2.92440130890449,0.0240462826724188,2.19495225677691,0.227820202397464,FALSE,0
GOBP_NEGATIVE_REGULATION_OF_MITOCHONDRION_ORGANIZATION,-0.747359974905745,0.641644819917309,1.68814062251401,0.36381999274754,FALSE,0
GOBP_NEGATIVE_REGULATION_OF_MONONUCLEAR_CELL_MIGRATION,-0.0392477519227214,0.982043620509684,0.900925017970611,0.664798676740317,FALSE,0
GOBP_NEGATIVE_REGULATION_OF_MRNA_PROCESSING,-3.34696581720909,0.00912537772342271,0.587614729917438,0.785603056290777,FALSE,0
GOBP_NEGATIVE_REGULATION_OF_MRNA_SPLICING_VIA_SPLICEOSOME,-2.62157832872993,0.0456132853401073,0.464791069137801,0.839330223294294,FALSE,0
GOBP_NEGATIVE_REGULATION_OF_MUSCLE_CONTRACTION,-1.22972465460571,0.409524678335259,1.48051664501463,0.431845531762504,FALSE,0
GOBP_NEGATIVE_REGULATION_OF_MYOTUBE_DIFFERENTIATION,-2.49848971885721,0.0587559599240186,3.09268541131782,0.0900498387395296,FALSE,0
GOBP_NEGATIVE_REGULATION_OF_NATURAL_KILLER_CELL_MEDIATED_IMMUNITY,-2.72780924099568,0.0364757826207965,1.4109090653045,0.454886434478687,FALSE,0
GOBP_NEGATIVE_REGULATION_OF_NECROTIC_CELL_DEATH,-1.38023804806538,0.345425031823263,0.06984617502875,0.975856632099602,FALSE,0
GOBP_NEGATIVE_REGULATION_OF_NEURON_DIFFERENTIATION,0.830600924148133,0.600337511972715,-0.481838359341354,0.83083541652766,FALSE,0
GOBP_NEGATIVE_REGULATION_OF_NEURON_PROJECTION_REGENERATION,1.98133033970847,0.145574781384354,-0.265501981212956,0.910661273314054,FALSE,0
GOBP_NEGATIVE_REGULATION_OF_NOTCH_SIGNALING_PATHWAY,-2.04920853524419,0.129338171766649,1.48751671367319,0.430237100715652,FALSE,0
GOBP_NEGATIVE_REGULATION_OF_NUCLEOCYTOPLASMIC_TRANSPORT,1.61559851456782,0.253231457661025,-0.783129829880399,0.711866143739203,FALSE,0
GOBP_NEGATIVE_REGULATION_OF_NUCLEOTIDE_METABOLIC_PROCESS,-1.30397435215602,0.377519352939434,0.0239649727811465,0.990134138427801,FALSE,0
GOBP_NEGATIVE_REGULATION_OF_ORGANELLE_ASSEMBLY,-1.68891886243229,0.230618022560206,0.0303245160621065,0.988214441817505,FALSE,0
GOBP_NEGATIVE_REGULATION_OF_ORGANIC_ACID_TRANSPORT,-2.45635052663187,0.0631173158947437,0.552667955247781,0.801312692034927,FALSE,0
GOBP_NEGATIVE_REGULATION_OF_ORGAN_GROWTH,-1.69767692463347,0.228483017347225,2.16270047314786,0.233530312541182,FALSE,0
GOBP_NEGATIVE_REGULATION_OF_OSSIFICATION,-0.696237172813728,0.669301610381198,2.17453972135143,0.231546379186492,FALSE,0
GOBP_NEGATIVE_REGULATION_OF_OXIDATIVE_STRESS_INDUCED_CELL_DEATH,0.805162746406428,0.612299885511118,-0.798074473980724,0.704617725585811,FALSE,0
GOBP_NEGATIVE_REGULATION_OF_OXIDATIVE_STRESS_INDUCED_INTRINSIC_APOPTOTIC_SIGNALING_PATHWAY,-1.26475517767411,0.394965893424446,2.22512220960765,0.220975426738039,FALSE,0
GOBP_NEGATIVE_REGULATION_OF_OXIDATIVE_STRESS_INDUCED_NEURON_DEATH,1.59989392492741,0.258563573893371,-2.89889395616682,0.109904978198248,FALSE,0
GOBP_NEGATIVE_REGULATION_OF_PEPTIDYL_LYSINE_ACETYLATION,-3.81433942835745,0.00260401493357671,0.848177749429232,0.685848058260289,FALSE,0
GOBP_NEGATIVE_REGULATION_OF_PEPTIDYL_THREONINE_PHOSPHORYLATION,-2.02043596969485,0.135405532394845,2.49965854897425,0.161823387869703,FALSE,0
GOBP_NEGATIVE_REGULATION_OF_PEPTIDYL_TYROSINE_PHOSPHORYLATION,1.26858675655846,0.393216176162554,-0.647117919512131,0.763840720784578,FALSE,0
GOBP_NEGATIVE_REGULATION_OF_PHAGOCYTOSIS,2.96377288225672,0.0220386255201757,-0.402229600913225,0.861402652606899,FALSE,0
GOBP_NEGATIVE_REGULATION_OF_PHOSPHATASE_ACTIVITY,-1.96182548666972,0.150341152306739,0.252873163769045,0.914297363480047,FALSE,0
GOBP_NEGATIVE_REGULATION_OF_PHOSPHOPROTEIN_PHOSPHATASE_ACTIVITY,-3.1346128997941,0.0150687956429818,0.889169768828958,0.669899843264519,FALSE,0
GOBP_NEGATIVE_REGULATION_OF_PLATELET_ACTIVATION,3.66139303317755,0.00391398257046689,-0.103305409116603,0.965067475593809,FALSE,0
GOBP_NEGATIVE_REGULATION_OF_POSTTRANSCRIPTIONAL_GENE_SILENCING,-2.11191857946304,0.116920915050763,2.98044311250109,0.106659237658179,FALSE,0
GOBP_NEGATIVE_REGULATION_OF_POTASSIUM_ION_TRANSMEMBRANE_TRANSPORT,1.01546307016424,0.507344545293536,-2.06247392093168,0.256582296191013,FALSE,0
GOBP_NEGATIVE_REGULATION_OF_POTASSIUM_ION_TRANSPORT,1.03945590892016,0.494998871435888,-2.1775560583275,0.231546379186492,FALSE,0
GOBP_NEGATIVE_REGULATION_OF_PRODUCTION_OF_MOLECULAR_MEDIATOR_OF_IMMUNE_RESPONSE,-2.1150164923623,0.116591302205503,1.87743833004588,0.302171873240266,FALSE,0
GOBP_NEGATIVE_REGULATION_OF_PROTEIN_ACETYLATION,-2.87163364275086,0.0267169685756275,0.355158982206447,0.875969887858434,FALSE,0
GOBP_NEGATIVE_REGULATION_OF_PROTEIN_CATABOLIC_PROCESS,-1.66277349302489,0.238252183054788,0.391136527524171,0.866927583323062,FALSE,0
GOBP_NEGATIVE_REGULATION_OF_PROTEIN_CONTAINING_COMPLEX_ASSEMBLY,-0.517385793143394,0.760391240151437,0.0310080746497116,0.988214441817505,FALSE,0
GOBP_NEGATIVE_REGULATION_OF_PROTEIN_CONTAINING_COMPLEX_DISASSEMBLY,-0.34885307362229,0.84351223802231,0.351202793052956,0.877081918141907,FALSE,0
GOBP_NEGATIVE_REGULATION_OF_PROTEIN_DEPHOSPHORYLATION,-2.25439899011053,0.0919858718362787,0.707787119021552,0.740680875577449,FALSE,0
GOBP_NEGATIVE_REGULATION_OF_PROTEIN_KINASE_B_SIGNALING,-1.52410596508184,0.285766681938749,1.69779266497282,0.360019743415258,FALSE,0
GOBP_NEGATIVE_REGULATION_OF_PROTEIN_LOCALIZATION,0.728131894201762,0.6513080122986,-0.08024567129566,0.972753130761724,FALSE,0
GOBP_NEGATIVE_REGULATION_OF_PROTEIN_LOCALIZATION_TO_CELL_PERIPHERY,4.22940810278103,0.000701422421003193,-1.05813142054606,0.599845771025194,FALSE,0
GOBP_NEGATIVE_REGULATION_OF_PROTEIN_LOCALIZATION_TO_MEMBRANE,3.6877731316703,0.00364010500507569,-0.843820767466742,0.686098845487909,FALSE,0
GOBP_NEGATIVE_REGULATION_OF_PROTEIN_LOCALIZATION_TO_NUCLEUS,0.573419601102117,0.731241434696558,-0.509966575982355,0.818892208224968,FALSE,0
GOBP_NEGATIVE_REGULATION_OF_PROTEIN_MATURATION,4.98683452547687,4.98164092322006e-05,-0.768400254115317,0.718679899233437,FALSE,0
GOBP_NEGATIVE_REGULATION_OF_PROTEIN_POLYMERIZATION,-0.364431192360897,0.837644342996325,1.02608215494554,0.612268583811767,FALSE,0
GOBP_NEGATIVE_REGULATION_OF_PROTEIN_SECRETION,-1.06818620301133,0.4803041738309,0.562765185714109,0.798585752326821,FALSE,0
GOBP_NEGATIVE_REGULATION_OF_PROTEIN_SERINE_THREONINE_KINASE_ACTIVITY,-0.20526885165016,0.913276285319105,0.477118653966693,0.831844991985843,FALSE,0
GOBP_NEGATIVE_REGULATION_OF_PROTEIN_TYROSINE_KINASE_ACTIVITY,1.62087563184226,0.251218380109136,-1.39419574483135,0.460625891108824,FALSE,0
GOBP_NEGATIVE_REGULATION_OF_REACTIVE_OXYGEN_SPECIES_METABOLIC_PROCESS,-2.53316407269323,0.0550125531475056,2.42585574268845,0.176663820064906,FALSE,0
GOBP_NEGATIVE_REGULATION_OF_RECEPTOR_SIGNALING_PATHWAY_VIA_STAT,0.683782693015168,0.675208262035441,-0.0756971038689031,0.974280816917419,FALSE,0
GOBP_NEGATIVE_REGULATION_OF_RESPONSE_TO_BIOTIC_STIMULUS,-1.25682843602193,0.398514597162745,2.36015401611224,0.190714228843447,FALSE,0
GOBP_NEGATIVE_REGULATION_OF_RESPONSE_TO_CYTOKINE_STIMULUS,-0.586316164700303,0.726203123077035,1.75484455162265,0.339626677274072,FALSE,0
GOBP_NEGATIVE_REGULATION_OF_RESPONSE_TO_DNA_DAMAGE_STIMULUS,0.141992319074433,0.938392024898046,-0.0210146337261365,0.991535388322239,FALSE,0
GOBP_NEGATIVE_REGULATION_OF_RESPONSE_TO_ENDOPLASMIC_RETICULUM_STRESS,-2.04035701817522,0.130991256275407,1.76259849224719,0.337074778889435,FALSE,0
GOBP_NEGATIVE_REGULATION_OF_RESPONSE_TO_OXIDATIVE_STRESS,0.690149676157979,0.672044005781919,-0.743177750160366,0.727208221617223,FALSE,0
GOBP_NEGATIVE_REGULATION_OF_RESPONSE_TO_REACTIVE_OXYGEN_SPECIES,1.28521644882687,0.385760391300851,-0.698665560660104,0.744433869658762,FALSE,0
GOBP_NEGATIVE_REGULATION_OF_RNA_SPLICING,-2.92203227654522,0.024197203674466,0.296105560667924,0.898535841540601,FALSE,0
GOBP_NEGATIVE_REGULATION_OF_SECRETION,-2.01259207158812,0.137299085382138,0.368429215377745,0.871143375292865,FALSE,0
GOBP_NEGATIVE_REGULATION_OF_SIGNAL_TRANSDUCTION_BY_P53_CLASS_MEDIATOR,0.053305508664324,0.975755140108218,-1.81688557969204,0.322272145167772,FALSE,0
GOBP_NEGATIVE_REGULATION_OF_SMALL_GTPASE_MEDIATED_SIGNAL_TRANSDUCTION,-0.0242545648618434,0.989655773188813,0.734628022278876,0.730803754559561,FALSE,0
GOBP_NEGATIVE_REGULATION_OF_SMALL_MOLECULE_METABOLIC_PROCESS,-0.610821204643326,0.713033037621484,1.16034433184142,0.551522613399479,FALSE,0
GOBP_NEGATIVE_REGULATION_OF_SMOOTHENED_SIGNALING_PATHWAY,2.48425245928158,0.0601676329359527,-0.12492147913313,0.957313258619117,FALSE,0
GOBP_NEGATIVE_REGULATION_OF_SMOOTH_MUSCLE_CELL_DIFFERENTIATION,0.0712804992266298,0.969342430797268,-2.02493547195631,0.265352694894437,FALSE,0
GOBP_NEGATIVE_REGULATION_OF_SMOOTH_MUSCLE_CELL_PROLIFERATION,-1.04156327978731,0.494327586769624,0.882815875815112,0.67108065017079,FALSE,0
GOBP_NEGATIVE_REGULATION_OF_SODIUM_ION_TRANSPORT,-1.9178741196448,0.160912013607478,0.556231552998454,0.800884275218037,FALSE,0
GOBP_NEGATIVE_REGULATION_OF_STRESS_ACTIVATED_PROTEIN_KINASE_SIGNALING_CASCADE,-1.81259654917307,0.190616826655016,0.527090916180688,0.81183879878438,FALSE,0
GOBP_NEGATIVE_REGULATION_OF_STRIATED_MUSCLE_CELL_APOPTOTIC_PROCESS,-1.67527679147895,0.235084698773196,0.796378260429809,0.705247181956466,FALSE,0
GOBP_NEGATIVE_REGULATION_OF_TOLL_LIKE_RECEPTOR_SIGNALING_PATHWAY,-1.49397961811935,0.298036405940441,1.72929575821141,0.35051937169183,FALSE,0
GOBP_NEGATIVE_REGULATION_OF_TRANSCRIPTION_REGULATORY_REGION_DNA_BINDING,1.60998407447925,0.255195876230266,-0.522094103521821,0.814617008484184,FALSE,0
GOBP_NEGATIVE_REGULATION_OF_TRANSFERASE_ACTIVITY,-0.339496522920168,0.847793443261036,0.66675366768217,0.75659589493749,FALSE,0
GOBP_NEGATIVE_REGULATION_OF_TUMOR_NECROSIS_FACTOR_MEDIATED_SIGNALING_PATHWAY,-1.3256095156548,0.368180787024229,2.13269040207357,0.238690940501635,FALSE,0
GOBP_NEGATIVE_REGULATION_OF_TUMOR_NECROSIS_FACTOR_SUPERFAMILY_CYTOKINE_PRODUCTION,-0.251766584976728,0.890211424656688,1.36203709990749,0.475973857330397,FALSE,0
GOBP_NEGATIVE_REGULATION_OF_TYPE_I_INTERFERON_MEDIATED_SIGNALING_PATHWAY,-1.50452112267313,0.293952945045209,0.882746689742892,0.67108065017079,FALSE,0
GOBP_NEGATIVE_REGULATION_OF_TYPE_I_INTERFERON_PRODUCTION,-1.23946900642455,0.405961029870184,3.09041503996019,0.0900498387395296,FALSE,0
GOBP_NEGATIVE_REGULATION_OF_T_CELL_DIFFERENTIATION,-0.811815869761919,0.609484431945523,2.65034602393693,0.141634263221091,FALSE,0
GOBP_NEGATIVE_REGULATION_OF_T_CELL_PROLIFERATION,-1.27296340323437,0.391245047210466,0.114131742560469,0.961356585426301,FALSE,0
GOBP_NEGATIVE_REGULATION_OF_T_CELL_RECEPTOR_SIGNALING_PATHWAY,-0.0945623058195514,0.959509707233365,0.435103863752887,0.850429107176623,FALSE,0
GOBP_NEGATIVE_REGULATION_OF_T_HELPER_CELL_DIFFERENTIATION,-0.635239976025752,0.702063372133259,2.88730940559982,0.112112512616947,FALSE,0
GOBP_NEGATIVE_REGULATION_OF_VASCULATURE_DEVELOPMENT,-0.136894473399021,0.941006368618721,2.37756798339271,0.188055732535739,FALSE,0
GOBP_NEGATIVE_REGULATION_OF_VIRAL_ENTRY_INTO_HOST_CELL,-0.913658490890615,0.558369939912764,0.315200508948185,0.891261696290283,FALSE,0
GOBP_NEGATIVE_REGULATION_OF_VIRAL_GENOME_REPLICATION,-1.35257325852628,0.356830703814569,0.697650833834751,0.744843654910253,FALSE,0
GOBP_NEGATIVE_REGULATION_OF_VIRAL_LIFE_CYCLE,-0.884900182551521,0.573470818060493,0.239916047634306,0.919016072279647,FALSE,0
GOBP_NEGATIVE_REGULATION_OF_VIRAL_PROCESS,-0.933876477727976,0.548008154016951,0.298632227884226,0.897743280031715,FALSE,0
GOBP_NEPHRIC_DUCT_DEVELOPMENT,-0.437921013133456,0.803031406322606,0.461173281313621,0.8400294888043,FALSE,0
GOBP_NEPHRON_TUBULE_FORMATION,-2.28218037056154,0.0870901376104407,2.01350520543181,0.266863095042656,FALSE,0
GOBP_NERVE_DEVELOPMENT,2.06856767682656,0.125272877100574,-0.710401196465268,0.73981938164701,FALSE,0
GOBP_NEURAL_PRECURSOR_CELL_PROLIFERATION,-0.972042987983233,0.530633032423899,0.276501705572639,0.906803061995362,FALSE,0
GOBP_NEURAL_RETINA_DEVELOPMENT,0.0661198576482928,0.971431404986444,-2.01510948702463,0.266562492608851,FALSE,0
GOBP_NEUROMUSCULAR_PROCESS,-0.451569148162247,0.797078797342316,0.838526588999591,0.687312147809488,FALSE,0
GOBP_NEUROMUSCULAR_PROCESS_CONTROLLING_BALANCE,-1.31472397690366,0.372992835998013,1.60250030066938,0.392745601935297,FALSE,0
GOBP_NEUROMUSCULAR_SYNAPTIC_TRANSMISSION,-0.722791379806418,0.653441848234921,0.351201861622392,0.877081918141907,FALSE,0
GOBP_NEURON_CELL_CELL_ADHESION,0.326392059882853,0.853415489079069,-1.53636502256603,0.411891580674609,FALSE,0
GOBP_NEURON_DEATH_IN_RESPONSE_TO_OXIDATIVE_STRESS,1.58033816367652,0.265913772368028,-3.35887195603941,0.0664886793530813,FALSE,0
GOBP_NEURON_PROJECTION_ARBORIZATION,0.0897964886375664,0.960921323567856,-0.885481541426355,0.67108065017079,FALSE,0
GOBP_NEURON_PROJECTION_EXTENSION,2.8430041393491,0.0283388341141438,-1.26394477609506,0.511191101105351,FALSE,0
GOBP_NEURON_PROJECTION_ORGANIZATION,1.83776302999151,0.183568047507027,-1.13678864247766,0.564687521132436,FALSE,0
GOBP_NEURON_RECOGNITION,4.20230341393132,0.000767804416960549,-1.38209162697801,0.465737192140825,FALSE,0
GOBP_NEUROTRANSMITTER_METABOLIC_PROCESS,-0.0254835780394497,0.989275731146191,0.319801739668722,0.888561957803161,FALSE,0
GOBP_NEUROTRANSMITTER_RECEPTOR_INTERNALIZATION,-0.848066816058846,0.592751087972238,2.87486023206335,0.114066153295709,FALSE,0
GOBP_NEUROTRANSMITTER_RECEPTOR_LOCALIZATION_TO_POSTSYNAPTIC_SPECIALIZATION_MEMBRANE,1.1622699413533,0.437336420935561,-1.18694597412172,0.540598886704251,FALSE,0
GOBP_NEUROTROPHIN_SIGNALING_PATHWAY,-0.239594947789171,0.894663805089643,1.43386665668415,0.446719543628172,FALSE,0
GOBP_NEUROTROPHIN_TRK_RECEPTOR_SIGNALING_PATHWAY,-2.83635513493258,0.0287585668057859,1.62898940291029,0.382083296248186,FALSE,0
GOBP_NEUTRAL_AMINO_ACID_TRANSPORT,-0.116409472889381,0.9497392160504,1.18257017034962,0.542095723099694,FALSE,0
GOBP_NEUTRAL_LIPID_BIOSYNTHETIC_PROCESS,-2.47359216645481,0.0613305490293156,1.40739628879455,0.45547503038101,FALSE,0
GOBP_NEUTRAL_LIPID_METABOLIC_PROCESS,-0.993842721686104,0.519235346332899,1.6458265134174,0.377167137185169,FALSE,0
GOBP_NEUTROPHIL_ACTIVATION_INVOLVED_IN_IMMUNE_RESPONSE,-0.341244047404617,0.847447253804624,0.00267983737020802,0.998639558361495,FALSE,0
GOBP_NIK_NF_KAPPAB_SIGNALING,-0.262891028180188,0.884593621311678,1.22956189331701,0.521127102619185,FALSE,0
GOBP_NODAL_SIGNALING_PATHWAY,-1.5232935141149,0.286060085161756,1.67229317124604,0.367852534166094,FALSE,0
GOBP_NOTCH_SIGNALING_PATHWAY,-0.044894915095239,0.979988120617606,0.763470922846418,0.720446013648294,FALSE,0
GOBP_NOTOCHORD_DEVELOPMENT,-1.26385780009751,0.395288884766668,0.849181297509777,0.685443417680767,FALSE,0
GOBP_NUCLEAR_CHROMOSOME_SEGREGATION,1.17380779369551,0.431927422264007,-1.64297219050973,0.378596417672656,FALSE,0
GOBP_NUCLEAR_ENVELOPE_ORGANIZATION,0.727767398258033,0.6513080122986,-0.743594829169493,0.727208221617223,FALSE,0
GOBP_NUCLEOBASE_CONTAINING_SMALL_MOLECULE_CATABOLIC_PROCESS,-1.65194194215415,0.241281667047682,1.30659543729063,0.494851135599681,FALSE,0
GOBP_NUCLEOBASE_METABOLIC_PROCESS,-1.59875163456253,0.259043265540726,0.336257277417344,0.882126427291635,FALSE,0
GOBP_NUCLEOLUS_ORGANIZATION,-4.46462717974401,0.000315261453847516,0.232638449100324,0.921367028990598,FALSE,0
GOBP_NUCLEOSIDE_CATABOLIC_PROCESS,-3.3018804459689,0.0102089451285659,0.658304065566544,0.757768270199131,FALSE,0
GOBP_NUCLEOSIDE_MONOPHOSPHATE_BIOSYNTHETIC_PROCESS,-3.01052572679638,0.0199184454723355,2.15796329294607,0.234131129706116,FALSE,0
GOBP_NUCLEOSIDE_MONOPHOSPHATE_CATABOLIC_PROCESS,-2.05745072031656,0.12741650657092,1.52536856839415,0.415477549692353,FALSE,0
GOBP_NUCLEOSIDE_MONOPHOSPHATE_METABOLIC_PROCESS,-2.28381750943746,0.0868200918415464,2.18067197576411,0.230785664313677,FALSE,0
GOBP_NUCLEOSIDE_PHOSPHATE_BIOSYNTHETIC_PROCESS,-1.07439131506501,0.477634105544155,0.12977655190634,0.95617191950348,FALSE,0
GOBP_NUCLEOSIDE_PHOSPHATE_CATABOLIC_PROCESS,0.76219589616982,0.634791572184762,-2.16706366263969,0.233085331212696,FALSE,0
GOBP_NUCLEOSIDE_TRIPHOSPHATE_BIOSYNTHETIC_PROCESS,-0.412844544894742,0.814373047369225,1.24330243283584,0.515313431489154,FALSE,0
GOBP_NUCLEOTIDE_SALVAGE,-2.45923253840378,0.0628301905499387,3.50595520982362,0.0609188915389984,FALSE,0
GOBP_NUCLEOTIDE_SUGAR_BIOSYNTHETIC_PROCESS,-0.419065724188442,0.811873083900603,0.793126357839045,0.707240441078065,FALSE,0
GOBP_NUCLEOTIDE_SUGAR_METABOLIC_PROCESS,1.77882835180168,0.201951919536731,-0.572070996354826,0.793009971250248,FALSE,0
GOBP_NUCLEOTIDE_TRANSMEMBRANE_TRANSPORT,2.8595589759849,0.0274299931056383,-0.548692085288665,0.803550394704562,FALSE,0
GOBP_NUCLEUS_LOCALIZATION,0.109782011373137,0.951384094883724,-2.42182175817222,0.177587755238294,FALSE,0
GOBP_N_GLYCAN_PROCESSING,0.0609698920825319,0.973310556371694,-1.08645786658325,0.587853111867091,FALSE,0
GOBP_N_TERMINAL_PROTEIN_AMINO_ACID_MODIFICATION,0.356308393496949,0.840309060597544,-1.40007531521811,0.45856996797743,FALSE,0
GOBP_OLIGODENDROCYTE_DIFFERENTIATION,-0.203476684651386,0.913754025775719,1.76544066139801,0.336511173129762,FALSE,0
GOBP_ORGANELLE_DISASSEMBLY,-3.27417569009556,0.0107448268783174,1.77052639278188,0.335233740874392,FALSE,0
GOBP_ORGANELLE_INHERITANCE,-2.06789416315862,0.125399324829036,2.29609030372742,0.20422884113374,FALSE,0
GOBP_ORGANELLE_TRANSPORT_ALONG_MICROTUBULE,2.43953198644957,0.0651658710433995,-1.77313181430055,0.335066432864493,FALSE,0
GOBP_ORGANIC_HYDROXY_COMPOUND_CATABOLIC_PROCESS,-1.13900527305985,0.44753243191341,0.0507826695046165,0.981474870992106,FALSE,0
GOBP_ORGANOPHOSPHATE_CATABOLIC_PROCESS,0.176634217241538,0.927138876962881,-1.2744347600211,0.505633532006107,FALSE,0
GOBP_ORGAN_GROWTH,-0.844706114449231,0.593854053536291,1.5911802720452,0.396278314096075,FALSE,0
GOBP_OSTEOBLAST_DEVELOPMENT,-2.61798184390233,0.0459109708999717,0.296483339414926,0.898402836961199,FALSE,0
GOBP_OSTEOBLAST_DIFFERENTIATION,2.12599693788442,0.114255450768406,-0.493151594717271,0.827011549441466,FALSE,0
GOBP_OSTEOBLAST_PROLIFERATION,-0.072638099531514,0.969342430797268,0.661922970412799,0.75740495097406,FALSE,0
GOBP_OSTEOCLAST_DEVELOPMENT,3.93829100721262,0.00179045629208747,-0.874989076269526,0.673931948674806,FALSE,0
GOBP_OTIC_VESICLE_DEVELOPMENT,-3.1066358046617,0.0160517631035516,1.73246822244372,0.349644044743974,FALSE,0
GOBP_OUTFLOW_TRACT_SEPTUM_MORPHOGENESIS,3.82660491787554,0.00250551473394318,-1.92351456575151,0.291426274738425,FALSE,0
GOBP_OVARIAN_FOLLICLE_DEVELOPMENT,-2.96098829651723,0.0221801308158235,1.22798624065315,0.521897295336372,FALSE,0
GOBP_OVULATION_CYCLE,0.688515245095186,0.673017218306716,-0.227792496462906,0.922274542366504,FALSE,0
GOBP_OVULATION_CYCLE_PROCESS,1.35704192894455,0.355262478057843,-0.942033310778934,0.648652976506636,FALSE,0
GOBP_OXIDATIVE_DEMETHYLATION,-2.4133871410021,0.0685017316998129,1.52591189251667,0.415299407134885,FALSE,0
GOBP_P38MAPK_CASCADE,-4.90363494827619,6.63580952208005e-05,1.15184094547241,0.55601174171995,FALSE,0
GOBP_PALLIUM_DEVELOPMENT,0.655295326413819,0.691620430072203,-0.262863883568141,0.91108101798459,FALSE,0
GOBP_PANCREAS_DEVELOPMENT,-0.855141425145406,0.588745251645346,0.441525607297854,0.849377317377192,FALSE,0
GOBP_PARASYMPATHETIC_NERVOUS_SYSTEM_DEVELOPMENT,3.34777740881432,0.00912217329292886,-0.666664416948292,0.75659589493749,FALSE,0
GOBP_PATTERN_RECOGNITION_RECEPTOR_SIGNALING_PATHWAY,-0.0677776997366119,0.970999656912878,2.05464099454756,0.257857518662796,FALSE,0
GOBP_PEPTIDE_TRANSPORT,-1.0033210223015,0.514746730434435,0.556856676814611,0.800508319304395,FALSE,0
GOBP_PEPTIDYL_ASPARAGINE_MODIFICATION,3.98761397552928,0.00150723748716666,-1.05692797836287,0.600255968693342,FALSE,0
GOBP_PEPTIDYL_CYSTEINE_MODIFICATION,0.349672459347547,0.843187341975047,-0.235812311113395,0.92024633360226,FALSE,0
GOBP_PEPTIDYL_SERINE_DEPHOSPHORYLATION,-2.82443647738282,0.0293826976468408,2.45540334021672,0.171874473416107,FALSE,0
GOBP_PEPTIDYL_THREONINE_MODIFICATION,-0.05811212938391,0.973521412798729,0.450592942659106,0.846418709389345,FALSE,0
GOBP_PEPTIDYL_TYROSINE_AUTOPHOSPHORYLATION,-2.09537560116283,0.12013635237923,1.38577568631261,0.463092952529003,FALSE,0
GOBP_PERICARDIUM_DEVELOPMENT,1.51874325424312,0.287654343092776,-1.4445309129408,0.445546631747545,FALSE,0
GOBP_PEROXISOME_PROLIFERATOR_ACTIVATED_RECEPTOR_SIGNALING_PATHWAY,-0.999317756028499,0.516919219449201,2.05561531342511,0.257673281864174,FALSE,0
GOBP_PHAGOCYTOSIS_RECOGNITION,-0.561688712218307,0.737276370606934,1.75189975614519,0.340654043930515,FALSE,0
GOBP_PHAGOLYSOSOME_ASSEMBLY,-1.5631587023299,0.27224220696016,1.19133097502839,0.539312157194316,FALSE,0
GOBP_PHARYNGEAL_SYSTEM_DEVELOPMENT,3.1253279482143,0.0153697158933915,-3.14640194402883,0.0878604133797331,FALSE,0
GOBP_PHASIC_SMOOTH_MUSCLE_CONTRACTION,-1.7460310109399,0.212931343772146,1.88924105766749,0.299903347581333,FALSE,0
GOBP_PHENOL_CONTAINING_COMPOUND_BIOSYNTHETIC_PROCESS,0.636809378212589,0.701861202994112,-1.15584817326663,0.553944016941509,FALSE,0
GOBP_PHENOL_CONTAINING_COMPOUND_METABOLIC_PROCESS,3.03038901906687,0.0191434556183988,-0.0162439613802156,0.9936174495811,FALSE,0
GOBP_PHOSPHATIDYLCHOLINE_BIOSYNTHETIC_PROCESS,-3.26261807793685,0.0110581462429531,0.680678147188146,0.751652535444032,FALSE,0
GOBP_PHOSPHATIDYLCHOLINE_CATABOLIC_PROCESS,-0.423389491125534,0.809589426771419,0.706309192225959,0.741046317598141,FALSE,0
GOBP_PHOSPHATIDYLCHOLINE_METABOLIC_PROCESS,-1.88888934857498,0.168562177876758,2.18412988314552,0.230187453332359,FALSE,0
GOBP_PHOSPHATIDYLETHANOLAMINE_METABOLIC_PROCESS,-2.18391167468465,0.103799608208911,0.867155710562893,0.677807322104816,FALSE,0
GOBP_PHOSPHATIDYLGLYCEROL_METABOLIC_PROCESS,-0.438284010219439,0.803010790034949,1.15968935427013,0.551810501785097,FALSE,0
GOBP_PHOSPHOLIPID_HOMEOSTASIS,-0.759649420448427,0.636286387961336,2.11173276169783,0.247131032358132,FALSE,0
GOBP_PHOSPHOLIPID_TRANSPORT,1.03172038939365,0.498711425690891,-0.334675206243446,0.882126427291635,FALSE,0
GOBP_PHOTOPERIODISM,-2.47800078784536,0.0607402031069382,1.68502343411806,0.364064150233557,FALSE,0
GOBP_PHOTORECEPTOR_CELL_DEVELOPMENT,-3.35183272522129,0.00902519734866296,0.799679925441273,0.704062674219277,FALSE,0
GOBP_PHOTORECEPTOR_CELL_DIFFERENTIATION,-3.01899564878232,0.0196139524525931,0.273741883173502,0.907197921644293,FALSE,0
GOBP_PHOTORECEPTOR_CELL_MAINTENANCE,-2.07506860924263,0.1242800635701,0.389341311840527,0.866927583323062,FALSE,0
GOBP_PHOTOTRANSDUCTION,-0.104001119378539,0.954205460801378,2.94243968673965,0.107901465662061,FALSE,0
GOBP_PIGMENT_BIOSYNTHETIC_PROCESS,1.92238352590005,0.159884265658569,-0.936020625659176,0.650403390361891,FALSE,0
GOBP_PIGMENT_GRANULE_LOCALIZATION,1.01182657145788,0.509538406077516,-0.905756532318239,0.661783746273013,FALSE,0
GOBP_PIRNA_METABOLIC_PROCESS,-1.69627325246273,0.228696977495412,0.442233718641435,0.849377317377192,FALSE,0
GOBP_PLACENTA_DEVELOPMENT,-1.65289902223429,0.241263192903331,1.02710329873856,0.611840976897429,FALSE,0
GOBP_PLASMA_MEMBRANE_FUSION,-0.813036998684711,0.609129108799625,2.69390898394303,0.135027050555166,FALSE,0
GOBP_PLASMA_MEMBRANE_PHOSPHOLIPID_SCRAMBLING,0.705633766732143,0.663535829088208,-0.642569260125524,0.764970709026796,FALSE,0
GOBP_PLASMINOGEN_ACTIVATION,5.85634178231694,1.7420857363627e-06,-0.248363539525376,0.915903948041183,FALSE,0
GOBP_POLARIZED_EPITHELIAL_CELL_DIFFERENTIATION,2.29004097821309,0.0857606116915871,-0.0041296220579331,0.998544519791188,FALSE,0
GOBP_POLYAMINE_METABOLIC_PROCESS,-0.571763720113249,0.731967821002697,1.86747382076727,0.304785861703668,FALSE,0
GOBP_POLYSACCHARIDE_BIOSYNTHETIC_PROCESS,-1.40422965190536,0.336650222213016,0.907402957784593,0.661451930851507,FALSE,0
GOBP_POLYSACCHARIDE_CATABOLIC_PROCESS,-0.58218514231612,0.727925138009757,2.82366040376225,0.12208639208908,FALSE,0
GOBP_POLYSACCHARIDE_METABOLIC_PROCESS,-2.11368373029043,0.116727111155532,1.04942145636013,0.602996320165591,FALSE,0
GOBP_PORPHYRIN_CONTAINING_COMPOUND_METABOLIC_PROCESS,3.39496531917099,0.00814379114740501,-0.371646642156086,0.870186696560876,FALSE,0
GOBP_POSITIVE_REGULATION_OF_ACTIN_FILAMENT_BUNDLE_ASSEMBLY,-0.435364792489327,0.804740730456686,0.53764053476866,0.807256832485197,FALSE,0
GOBP_POSITIVE_REGULATION_OF_ACTIN_FILAMENT_POLYMERIZATION,-0.76202832774446,0.634791572184762,1.20377114371713,0.533936307845085,FALSE,0
GOBP_POSITIVE_REGULATION_OF_ADAPTIVE_IMMUNE_RESPONSE,-2.0996088372474,0.119264928885445,0.653028300950361,0.759792968451465,FALSE,0
GOBP_POSITIVE_REGULATION_OF_ALPHA_BETA_T_CELL_DIFFERENTIATION,-0.609408565583826,0.713561245083984,3.20408301160537,0.0829348709023037,FALSE,0
GOBP_POSITIVE_REGULATION_OF_AMINE_TRANSPORT,-0.84689183931017,0.593106560508719,0.820223451115919,0.694078300276186,FALSE,0
GOBP_POSITIVE_REGULATION_OF_AMYLOID_BETA_FORMATION,-2.77445137541851,0.0326749574819244,2.13566568190996,0.23794294517268,FALSE,0
GOBP_POSITIVE_REGULATION_OF_AMYLOID_PRECURSOR_PROTEIN_CATABOLIC_PROCESS,-2.96093642062421,0.0221801308158235,1.4329130979606,0.446719543628172,FALSE,0
GOBP_POSITIVE_REGULATION_OF_ANIMAL_ORGAN_MORPHOGENESIS,-0.0917973295893981,0.960251527511727,2.50939615920904,0.160348750150681,FALSE,0
GOBP_POSITIVE_REGULATION_OF_ATP_DEPENDENT_ACTIVITY,2.83869624000072,0.028583421602038,-0.934253152129759,0.651626880879179,FALSE,0
GOBP_POSITIVE_REGULATION_OF_ATP_METABOLIC_PROCESS,0.495792202942252,0.772837386977714,-1.78741514594172,0.331519370652321,FALSE,0
GOBP_POSITIVE_REGULATION_OF_AXON_EXTENSION,2.56369983392484,0.0515712013061236,-0.736549261045074,0.729904154756717,FALSE,0
GOBP_POSITIVE_REGULATION_OF_BINDING,-0.071910008037421,0.969342430797268,0.412420101662769,0.859523965729062,FALSE,0
GOBP_POSITIVE_REGULATION_OF_BIOMINERALIZATION,2.35716529077378,0.076203987630441,-0.453149624750142,0.844496164658767,FALSE,0
GOBP_POSITIVE_REGULATION_OF_BONE_MINERALIZATION,2.05527551540156,0.127770866719131,-1.30895074655751,0.494277836830172,FALSE,0
GOBP_POSITIVE_REGULATION_OF_B_CELL_PROLIFERATION,-2.83115717033532,0.0291231987616594,1.86268719469036,0.306621105948826,FALSE,0
GOBP_POSITIVE_REGULATION_OF_CALCINEURIN_MEDIATED_SIGNALING,0.0151008736436308,0.993159571215954,-2.24357990467133,0.216905448401994,FALSE,0
GOBP_POSITIVE_REGULATION_OF_CALCIUM_ION_IMPORT,-0.165413327190623,0.931671806172429,0.738222996424942,0.729623990992464,FALSE,0
GOBP_POSITIVE_REGULATION_OF_CALCIUM_ION_TRANSMEMBRANE_TRANSPORTER_ACTIVITY,0.236157098232861,0.896156034210788,-0.290248386306467,0.900493586588252,FALSE,0
GOBP_POSITIVE_REGULATION_OF_CARDIOCYTE_DIFFERENTIATION,-1.58327515968901,0.264829521801394,2.69343826370646,0.135027050555166,FALSE,0
GOBP_POSITIVE_REGULATION_OF_CATION_CHANNEL_ACTIVITY,-0.565670129458784,0.735080247652794,0.115510636708269,0.961215292796307,FALSE,0
GOBP_POSITIVE_REGULATION_OF_CD4_POSITIVE_ALPHA_BETA_T_CELL_DIFFERENTIATION,-1.05884400938122,0.485203346975541,2.55480427454105,0.153648820599207,FALSE,0
GOBP_POSITIVE_REGULATION_OF_CELLULAR_RESPONSE_TO_INSULIN_STIMULUS,-2.86008076831735,0.0274299931056383,0.846677746163956,0.685978191504829,FALSE,0
GOBP_POSITIVE_REGULATION_OF_CELL_CYCLE_G1_S_PHASE_TRANSITION,2.36334432080005,0.0754471558817498,-0.597709439437015,0.782695003366008,FALSE,0
GOBP_POSITIVE_REGULATION_OF_CELL_CYCLE_PHASE_TRANSITION,2.11089311784983,0.117052249865444,-0.543802480318395,0.804800050888489,FALSE,0
GOBP_POSITIVE_REGULATION_OF_CELL_CYCLE_PROCESS,2.03332681817391,0.132735266953392,-0.58214978893639,0.787584960712562,FALSE,0
GOBP_POSITIVE_REGULATION_OF_CELL_GROWTH,2.53348358791683,0.0550125531475056,-0.71399393628011,0.739216322560278,FALSE,0
GOBP_POSITIVE_REGULATION_OF_CELL_JUNCTION_ASSEMBLY,-0.386541269107009,0.827314296554367,0.175656327497538,0.93927890150716,FALSE,0
GOBP_POSITIVE_REGULATION_OF_CELL_KILLING,-1.20347597563031,0.418788108390465,1.03980250413965,0.606612333923739,FALSE,0
GOBP_POSITIVE_REGULATION_OF_CHOLESTEROL_EFFLUX,-2.64303379355667,0.0439332324106143,3.3860801469254,0.0664886793530813,FALSE,0
GOBP_POSITIVE_REGULATION_OF_CHROMOSOME_SEPARATION,0.653726364432937,0.692589229921182,-1.39243584797732,0.460946728128367,FALSE,0
GOBP_POSITIVE_REGULATION_OF_COAGULATION,1.14200671147467,0.446008333243383,-0.0700382660199905,0.975856632099602,FALSE,0
GOBP_POSITIVE_REGULATION_OF_COLD_INDUCED_THERMOGENESIS,-3.3015238328107,0.0102089451285659,1.03843232239179,0.607144141912755,FALSE,0
GOBP_POSITIVE_REGULATION_OF_CYCLASE_ACTIVITY,-0.747652049336238,0.641644819917309,1.11753493228639,0.572872684966487,FALSE,0
GOBP_POSITIVE_REGULATION_OF_CYCLIN_DEPENDENT_PROTEIN_KINASE_ACTIVITY,-1.19053413613969,0.425901750438231,2.07340317640552,0.254649572126265,FALSE,0
GOBP_POSITIVE_REGULATION_OF_CYSTEINE_TYPE_ENDOPEPTIDASE_ACTIVITY,-0.0536440543863352,0.975755140108218,1.53466285311862,0.411891580674609,FALSE,0
GOBP_POSITIVE_REGULATION_OF_CYTOKINESIS,1.74515232223562,0.21300694170413,-0.465434995189991,0.839012406616971,FALSE,0
GOBP_POSITIVE_REGULATION_OF_CYTOKINE_PRODUCTION_INVOLVED_IN_IMMUNE_RESPONSE,-2.64869698085371,0.0434341862654105,2.45109813734276,0.172517655614312,FALSE,0
GOBP_POSITIVE_REGULATION_OF_CYTOPLASMIC_TRANSLATION,0.646222771202755,0.697119833104357,-2.04947861689865,0.259531606560861,FALSE,0
GOBP_POSITIVE_REGULATION_OF_CYTOSKELETON_ORGANIZATION,-1.43625166918287,0.320868037426466,0.73767743937768,0.729635846455099,FALSE,0
GOBP_POSITIVE_REGULATION_OF_CYTOSOLIC_CALCIUM_ION_CONCENTRATION_INVOLVED_IN_PHOSPHOLIPASE_C_ACTIVATING_G_PROTEIN_COUPLED_SIGNALING_PATHWAY,-2.12967246031004,0.113959947877482,0.486004864890162,0.829154273596523,FALSE,0
GOBP_POSITIVE_REGULATION_OF_DEFENSE_RESPONSE,-0.326368106543487,0.853415489079069,0.597241340342919,0.782768873463831,FALSE,0
GOBP_POSITIVE_REGULATION_OF_DEFENSE_RESPONSE_TO_VIRUS_BY_HOST,-2.00518273820111,0.139154634744693,2.04649710158961,0.259929045043279,FALSE,0
GOBP_POSITIVE_REGULATION_OF_DENDRITE_DEVELOPMENT,2.14862793963765,0.110834430467684,-1.26042590465732,0.511505163072338,FALSE,0
GOBP_POSITIVE_REGULATION_OF_DENDRITE_MORPHOGENESIS,0.261325662611033,0.885232794264418,-0.214681730498464,0.926167465728309,FALSE,0
GOBP_POSITIVE_REGULATION_OF_DENDRITIC_SPINE_DEVELOPMENT,1.84725104647891,0.181084633207621,-1.1851149972686,0.541490860906136,FALSE,0
GOBP_POSITIVE_REGULATION_OF_DNA_BINDING_TRANSCRIPTION_FACTOR_ACTIVITY,-1.33114526773009,0.366069147346362,0.522548060163397,0.814472100657255,FALSE,0
GOBP_POSITIVE_REGULATION_OF_ENDOTHELIAL_CELL_APOPTOTIC_PROCESS,-1.33272471184107,0.365315269935573,0.467486167094076,0.838088482532634,FALSE,0
GOBP_POSITIVE_REGULATION_OF_ENDOTHELIAL_CELL_MIGRATION,-0.604844379809668,0.715691840618536,2.02659684714533,0.265352694894437,FALSE,0
GOBP_POSITIVE_REGULATION_OF_ENDOTHELIAL_CELL_PROLIFERATION,-0.614689350376169,0.710679947017901,1.66313596326503,0.369271569388437,FALSE,0
GOBP_POSITIVE_REGULATION_OF_EPITHELIAL_CELL_APOPTOTIC_PROCESS,-2.05963247829707,0.126902540039212,0.438691156133342,0.849571662212028,FALSE,0
GOBP_POSITIVE_REGULATION_OF_EPITHELIAL_CELL_MIGRATION,-0.284221163467191,0.876272200325015,1.07276323367919,0.594181856688857,FALSE,0
GOBP_POSITIVE_REGULATION_OF_EPITHELIAL_TO_MESENCHYMAL_TRANSITION,1.82915030333256,0.186126881083985,-1.26529516872172,0.510537102503385,FALSE,0
GOBP_POSITIVE_REGULATION_OF_ERK1_AND_ERK2_CASCADE,-0.234630723165539,0.897022476393981,1.1706064841081,0.546266563835945,FALSE,0
GOBP_POSITIVE_REGULATION_OF_ESTABLISHMENT_OF_PROTEIN_LOCALIZATION_TO_MITOCHONDRION,-0.844341697178706,0.593854053536291,1.85026476000186,0.310261701126689,FALSE,0
GOBP_POSITIVE_REGULATION_OF_EXOCYTOSIS,-0.670837150070897,0.682085366223087,1.98395080197883,0.276462601234783,FALSE,0
GOBP_POSITIVE_REGULATION_OF_EXOSOMAL_SECRETION,-1.17463893830052,0.431881498807036,2.54695636685188,0.154602164023892,FALSE,0
GOBP_POSITIVE_REGULATION_OF_EXTRACELLULAR_MATRIX_ORGANIZATION,-0.254405780317488,0.889150509888609,1.85604361682774,0.307627880524672,FALSE,0
GOBP_POSITIVE_REGULATION_OF_FATTY_ACID_METABOLIC_PROCESS,-0.999876149551401,0.516642566058583,2.63566288079309,0.141739281902788,FALSE,0
GOBP_POSITIVE_REGULATION_OF_FAT_CELL_DIFFERENTIATION,-4.88396011229745,7.23477065097832e-05,1.83656175249989,0.314299573404635,FALSE,0
GOBP_POSITIVE_REGULATION_OF_G1_S_TRANSITION_OF_MITOTIC_CELL_CYCLE,3.34766509486807,0.00912217329292886,-0.730274527525898,0.731873867914901,FALSE,0
GOBP_POSITIVE_REGULATION_OF_GROWTH,0.099130776314794,0.957095118739269,-0.362846780201631,0.873119201252781,FALSE,0
GOBP_POSITIVE_REGULATION_OF_GTPASE_ACTIVITY,-0.312767029238344,0.860399230149146,0.567717829984425,0.795514633718193,FALSE,0
GOBP_POSITIVE_REGULATION_OF_HEART_GROWTH,-2.38251588723024,0.0728691142213906,1.14052669438205,0.561725266087734,FALSE,0
GOBP_POSITIVE_REGULATION_OF_HEMOPOIESIS,-1.2911838042699,0.382652721489086,1.70590720093239,0.359378571555009,FALSE,0
GOBP_POSITIVE_REGULATION_OF_HISTONE_ACETYLATION,-4.42243613252386,0.000366797483793551,0.740487587469162,0.728506370823305,FALSE,0
GOBP_POSITIVE_REGULATION_OF_HISTONE_DEACETYLATION,-4.41533530532197,0.000373595296564672,1.53871910915284,0.411651559213443,FALSE,0
GOBP_POSITIVE_REGULATION_OF_HISTONE_MODIFICATION,-5.18610289041859,2.51655902120139e-05,1.25665048345272,0.512281152062008,FALSE,0
GOBP_POSITIVE_REGULATION_OF_HOMOTYPIC_CELL_CELL_ADHESION,0.814496569232655,0.608620206060769,-1.10979969410009,0.576365698980819,FALSE,0
GOBP_POSITIVE_REGULATION_OF_HUMORAL_IMMUNE_RESPONSE,-0.503641746488715,0.769266579048923,0.786965217117608,0.710103155587455,FALSE,0
GOBP_POSITIVE_REGULATION_OF_IMMUNE_EFFECTOR_PROCESS,-1.67299634092222,0.235774250629235,1.24228838095423,0.515313431489154,FALSE,0
GOBP_POSITIVE_REGULATION_OF_INNATE_IMMUNE_RESPONSE,-0.733345110633087,0.648838370069278,0.845095093815008,0.686098845487909,FALSE,0
GOBP_POSITIVE_REGULATION_OF_INSULIN_SECRETION,1.18938042799818,0.426576805149905,-0.683832133007542,0.750572701971719,FALSE,0
GOBP_POSITIVE_REGULATION_OF_INSULIN_SECRETION_INVOLVED_IN_CELLULAR_RESPONSE_TO_GLUCOSE_STIMULUS,-0.180606249766775,0.925896615682625,1.3902794784496,0.462026544033592,FALSE,0
GOBP_POSITIVE_REGULATION_OF_INTERFERON_ALPHA_PRODUCTION,0.157885763013725,0.934047201782848,-0.200240396099865,0.930021236995439,FALSE,0
GOBP_POSITIVE_REGULATION_OF_INTERFERON_BETA_PRODUCTION,-1.49951595732863,0.295928833576025,1.09685560208371,0.582348336391596,FALSE,0
GOBP_POSITIVE_REGULATION_OF_INTERLEUKIN_12_PRODUCTION,-2.07690366310615,0.123846065731244,1.47592594458769,0.434090544571816,FALSE,0
GOBP_POSITIVE_REGULATION_OF_INTERLEUKIN_17_PRODUCTION,-2.20461966865187,0.100282502003003,0.121945913320636,0.958757361777457,FALSE,0
GOBP_POSITIVE_REGULATION_OF_INTERLEUKIN_4_PRODUCTION,-1.15148141429906,0.442289771665608,0.515635670701167,0.817867146623193,FALSE,0
GOBP_POSITIVE_REGULATION_OF_INTERLEUKIN_6_PRODUCTION,-0.737494347256123,0.646884226483597,1.44371732776989,0.445546631747545,FALSE,0
GOBP_POSITIVE_REGULATION_OF_INTRACELLULAR_PROTEIN_TRANSPORT,-0.98859693432288,0.52218575116644,1.30778393603041,0.494462923569163,FALSE,0
GOBP_POSITIVE_REGULATION_OF_INTRACELLULAR_TRANSPORT,-0.949705127678462,0.539908136308763,0.864477035022241,0.678092852640034,FALSE,0
GOBP_POSITIVE_REGULATION_OF_JUN_KINASE_ACTIVITY,-2.63133130927043,0.0448150984540327,0.220134342542035,0.924800892787215,FALSE,0
GOBP_POSITIVE_REGULATION_OF_LAMELLIPODIUM_ASSEMBLY,3.21876617031369,0.0122532326300459,-0.689622134640667,0.747811693113152,FALSE,0
GOBP_POSITIVE_REGULATION_OF_LAMELLIPODIUM_ORGANIZATION,3.46170424564912,0.0069268459481186,-0.411070346142375,0.859602756457966,FALSE,0
GOBP_POSITIVE_REGULATION_OF_LEUKOCYTE_APOPTOTIC_PROCESS,0.316365910854919,0.858613783347818,-0.738157283118196,0.729623990992464,FALSE,0
GOBP_POSITIVE_REGULATION_OF_LEUKOCYTE_CHEMOTAXIS,-0.294438186329129,0.870732943511345,1.57138987070417,0.401266422739943,FALSE,0
GOBP_POSITIVE_REGULATION_OF_LEUKOCYTE_DEGRANULATION,-0.402417198728309,0.818683487677186,1.10612066448259,0.578228390385327,FALSE,0
GOBP_POSITIVE_REGULATION_OF_LEUKOCYTE_MEDIATED_IMMUNITY,-2.14781961050697,0.110982272855989,0.626432817291119,0.770227528359249,FALSE,0
GOBP_POSITIVE_REGULATION_OF_LEUKOCYTE_PROLIFERATION,-0.65665446605641,0.690951104393647,2.4933194559454,0.162794327476346,FALSE,0
GOBP_POSITIVE_REGULATION_OF_LIPASE_ACTIVITY,-0.74978956822964,0.641335466765789,1.02538703643259,0.612268583811767,FALSE,0
GOBP_POSITIVE_REGULATION_OF_LIPID_BIOSYNTHETIC_PROCESS,-0.401804801209809,0.818683487677186,2.73705866631757,0.125600805968918,FALSE,0
GOBP_POSITIVE_REGULATION_OF_LIPID_CATABOLIC_PROCESS,-2.31503552584055,0.0821455326399856,2.92373177857159,0.108504670312859,FALSE,0
GOBP_POSITIVE_REGULATION_OF_LIPID_METABOLIC_PROCESS,-1.77056684752693,0.204764959086124,1.73683186120386,0.347266324969796,FALSE,0
GOBP_POSITIVE_REGULATION_OF_LIPID_STORAGE,-0.561162629382522,0.737552765728739,3.24714974892454,0.0796546704828853,FALSE,0
GOBP_POSITIVE_REGULATION_OF_LONG_TERM_SYNAPTIC_POTENTIATION,0.928434115765753,0.551740390008977,-1.63066863309113,0.381532386820643,FALSE,0
GOBP_POSITIVE_REGULATION_OF_LYMPHOCYTE_APOPTOTIC_PROCESS,1.17166638341044,0.432514251938534,-0.326120436307315,0.885257207332386,FALSE,0
GOBP_POSITIVE_REGULATION_OF_LYMPHOCYTE_CHEMOTAXIS,-0.273158343409823,0.880493025151611,1.11480310547589,0.573895048753914,FALSE,0
GOBP_POSITIVE_REGULATION_OF_LYMPHOCYTE_DIFFERENTIATION,-2.37397180346041,0.0739387814215345,2.11136708345969,0.247131032358132,FALSE,0
GOBP_POSITIVE_REGULATION_OF_LYMPHOCYTE_MEDIATED_IMMUNITY,-2.26506361341083,0.0899975377031575,0.406321030321274,0.861203015975282,FALSE,0
GOBP_POSITIVE_REGULATION_OF_MACROPHAGE_CHEMOTAXIS,-0.58284197952932,0.72782337202245,1.90499093908395,0.294902107452341,FALSE,0
GOBP_POSITIVE_REGULATION_OF_MACROPHAGE_DERIVED_FOAM_CELL_DIFFERENTIATION,2.99408248207335,0.0205714520157496,-0.382611582616069,0.868579661334171,FALSE,0
GOBP_POSITIVE_REGULATION_OF_MACROPHAGE_DIFFERENTIATION,-0.531538939396375,0.753394423838764,1.24718744836474,0.514882239759271,FALSE,0
GOBP_POSITIVE_REGULATION_OF_MAP_KINASE_ACTIVITY,-0.342007742616812,0.847380840929081,0.642063251907711,0.765158393058506,FALSE,0
GOBP_POSITIVE_REGULATION_OF_MAST_CELL_ACTIVATION,-1.54312808674671,0.279159232548186,2.14910804071396,0.234951248455387,FALSE,0
GOBP_POSITIVE_REGULATION_OF_MEIOTIC_CELL_CYCLE,0.960871880300313,0.53412598691409,-1.80148796287805,0.325838043121474,FALSE,0
GOBP_POSITIVE_REGULATION_OF_MEMBRANE_PERMEABILITY,-2.21197735071589,0.0991991356562769,1.57387420909641,0.401266422739943,FALSE,0
GOBP_POSITIVE_REGULATION_OF_MEMBRANE_PROTEIN_ECTODOMAIN_PROTEOLYSIS,-1.81583492437059,0.189961961738647,2.06496022454656,0.255989576925154,FALSE,0
GOBP_POSITIVE_REGULATION_OF_METAPHASE_ANAPHASE_TRANSITION_OF_CELL_CYCLE,0.970336555936323,0.530696814454548,-2.27532787549622,0.209152801932024,FALSE,0
GOBP_POSITIVE_REGULATION_OF_MICROTUBULE_POLYMERIZATION_OR_DEPOLYMERIZATION,-1.93691480877678,0.156848134327977,0.0472275691196963,0.98262448072149,FALSE,0
GOBP_POSITIVE_REGULATION_OF_MIRNA_TRANSCRIPTION,-3.27197176645664,0.01080382003782,1.19570384935074,0.537753927545743,FALSE,0
GOBP_POSITIVE_REGULATION_OF_MITOCHONDRIAL_FISSION,-0.748996843490074,0.641467470104294,1.28332566778713,0.503358143747069,FALSE,0
GOBP_POSITIVE_REGULATION_OF_MITOTIC_CELL_CYCLE,1.71678699654684,0.221675267837083,-0.214933347874519,0.926167465728309,FALSE,0
GOBP_POSITIVE_REGULATION_OF_MITOTIC_CELL_CYCLE_PHASE_TRANSITION,2.64865947515615,0.0434341862654105,-0.540226811108028,0.805889723924138,FALSE,0
GOBP_POSITIVE_REGULATION_OF_MITOTIC_NUCLEAR_DIVISION,0.435672463795443,0.804659443580271,-0.212843897358053,0.92645179817244,FALSE,0
GOBP_POSITIVE_REGULATION_OF_MONOCYTE_CHEMOTAXIS,1.10959006547858,0.460410385794899,-1.70044774165972,0.360019743415258,FALSE,0
GOBP_POSITIVE_REGULATION_OF_MULTICELLULAR_ORGANISM_GROWTH,-2.15955311172573,0.109021781922955,0.37723080135567,0.868928310384465,FALSE,0
GOBP_POSITIVE_REGULATION_OF_MUSCLE_CELL_APOPTOTIC_PROCESS,-1.58765849980446,0.263164378828048,1.57986362886963,0.399600056107851,FALSE,0
GOBP_POSITIVE_REGULATION_OF_MUSCLE_CELL_DIFFERENTIATION,-2.22042717392599,0.0978969730179418,1.74324150344468,0.345623202363748,FALSE,0
GOBP_POSITIVE_REGULATION_OF_MUSCLE_CONTRACTION,-1.29190223256166,0.38245736842601,2.47281423654369,0.167111731689851,FALSE,0
GOBP_POSITIVE_REGULATION_OF_MUSCLE_HYPERTROPHY,0.314640321122008,0.859347514348467,-1.03806514963268,0.607144141912755,FALSE,0
GOBP_POSITIVE_REGULATION_OF_MYELINATION,-0.400349544051781,0.819172066902841,0.300557379487201,0.897245352555275,FALSE,0
GOBP_POSITIVE_REGULATION_OF_MYELOID_LEUKOCYTE_CYTOKINE_PRODUCTION_INVOLVED_IN_IMMUNE_RESPONSE,-2.99466437253902,0.0205714520157496,1.95774609806632,0.28523138152473,FALSE,0
GOBP_POSITIVE_REGULATION_OF_MYELOID_LEUKOCYTE_MEDIATED_IMMUNITY,-0.639596004646624,0.700343467830338,2.32328118581798,0.198290540096627,FALSE,0
GOBP_POSITIVE_REGULATION_OF_MYOBLAST_DIFFERENTIATION,-3.18189068397249,0.0134842710494422,1.30188105067983,0.496009717112623,FALSE,0
GOBP_POSITIVE_REGULATION_OF_NATURAL_KILLER_CELL_MEDIATED_CYTOTOXICITY,-0.439079087619147,0.802670764820042,0.167942356128439,0.942809708363491,FALSE,0
GOBP_POSITIVE_REGULATION_OF_NATURAL_KILLER_CELL_MEDIATED_IMMUNITY,-0.420142310527823,0.811306149436733,1.21187142941448,0.529787045286465,FALSE,0
GOBP_POSITIVE_REGULATION_OF_NEURAL_PRECURSOR_CELL_PROLIFERATION,-3.83624699082303,0.00242738958446255,0.686564282915373,0.749702730904307,FALSE,0
GOBP_POSITIVE_REGULATION_OF_NEUROBLAST_PROLIFERATION,-0.637357263277184,0.701748368199932,0.455162616769705,0.843640650428044,FALSE,0
GOBP_POSITIVE_REGULATION_OF_NEURON_DEATH,0.271275866873496,0.881308586177259,-0.904993621946756,0.662029818522957,FALSE,0
GOBP_POSITIVE_REGULATION_OF_NEUROTRANSMITTER_SECRETION,1.06797365649403,0.4803041738309,-1.16966462087091,0.546401711569816,FALSE,0
GOBP_POSITIVE_REGULATION_OF_NEUROTRANSMITTER_TRANSPORT,0.953409098902253,0.538442767269793,-0.625268010001562,0.770527500779537,FALSE,0
GOBP_POSITIVE_REGULATION_OF_NIK_NF_KAPPAB_SIGNALING,-0.676409997533256,0.679180056554367,0.215232636131795,0.926167465728309,FALSE,0
GOBP_POSITIVE_REGULATION_OF_NITRIC_OXIDE_METABOLIC_PROCESS,-0.414351735701639,0.81389499787964,0.380251186555458,0.868579661334171,FALSE,0
GOBP_POSITIVE_REGULATION_OF_NOTCH_SIGNALING_PATHWAY,-2.27400906501249,0.0885760736028969,0.131644491629355,0.955743830712443,FALSE,0
GOBP_POSITIVE_REGULATION_OF_NUCLEAR_DIVISION,0.994853561158977,0.519083205634083,-0.494310271791107,0.8266747979459,FALSE,0
GOBP_POSITIVE_REGULATION_OF_NUCLEOTIDE_METABOLIC_PROCESS,1.24055468910924,0.405371067136245,-0.949910489418898,0.646270131900035,FALSE,0
GOBP_POSITIVE_REGULATION_OF_ORGANELLE_ASSEMBLY,0.138203990306253,0.940169610316347,-1.57513856916084,0.400939558420227,FALSE,0
GOBP_POSITIVE_REGULATION_OF_ORGANIC_ACID_TRANSPORT,1.17683399688163,0.43135814271492,-0.129089834292248,0.956353444472752,FALSE,0
GOBP_POSITIVE_REGULATION_OF_ORGAN_GROWTH,-1.79098627992455,0.198317662971026,2.20695946501565,0.223862046812428,FALSE,0
GOBP_POSITIVE_REGULATION_OF_OSSIFICATION,1.71941845137621,0.220880750660432,-1.05427299127378,0.6009694684488,FALSE,0
GOBP_POSITIVE_REGULATION_OF_OSTEOBLAST_DIFFERENTIATION,2.04046366626381,0.130991256275407,-2.31588116030137,0.200040262936878,FALSE,0
GOBP_POSITIVE_REGULATION_OF_P38MAPK_CASCADE,-5.22670136586283,2.22128981555752e-05,0.722265108992209,0.735708526592204,FALSE,0
GOBP_POSITIVE_REGULATION_OF_PEPTIDE_SECRETION,0.853667568218368,0.589373645232233,-0.204369071091626,0.928787039924299,FALSE,0
GOBP_POSITIVE_REGULATION_OF_PEPTIDYL_TYROSINE_PHOSPHORYLATION,-0.82502919336576,0.603945266985805,0.995415621981492,0.626987358883132,FALSE,0
GOBP_POSITIVE_REGULATION_OF_PHAGOCYTOSIS,-0.153448180282729,0.935698245171468,1.82468009938171,0.320309830064021,FALSE,0
GOBP_POSITIVE_REGULATION_OF_PHOSPHOLIPASE_ACTIVITY,-0.823387658921449,0.604838868862092,0.364432124885171,0.872504643546907,FALSE,0
GOBP_POSITIVE_REGULATION_OF_PHOSPHOPROTEIN_PHOSPHATASE_ACTIVITY,-0.0689333820659781,0.970592476559655,1.03708606983312,0.607673649728351,FALSE,0
GOBP_POSITIVE_REGULATION_OF_PLASMA_MEMBRANE_BOUNDED_CELL_PROJECTION_ASSEMBLY,0.460036311711191,0.792549349244709,-1.25587437160037,0.512281152062008,FALSE,0
GOBP_POSITIVE_REGULATION_OF_POSTTRANSCRIPTIONAL_GENE_SILENCING,-1.8887422230447,0.168562177876758,1.33773187702891,0.482900502103667,FALSE,0
GOBP_POSITIVE_REGULATION_OF_POTASSIUM_ION_TRANSMEMBRANE_TRANSPORTER_ACTIVITY,-1.55307200519221,0.276155969033285,0.394185779353667,0.865709233829167,FALSE,0
GOBP_POSITIVE_REGULATION_OF_POTASSIUM_ION_TRANSPORT,0.569311084470542,0.733732559071343,-0.066603479990227,0.977041834922853,FALSE,0
GOBP_POSITIVE_REGULATION_OF_PRODUCTION_OF_MOLECULAR_MEDIATOR_OF_IMMUNE_RESPONSE,-2.97088248044792,0.0217802250321391,1.56525463538604,0.403475424086557,FALSE,0
GOBP_POSITIVE_REGULATION_OF_PROTEASOMAL_UBIQUITIN_DEPENDENT_PROTEIN_CATABOLIC_PROCESS,-0.379232671615659,0.829621251350169,0.725039235662757,0.734385227266791,FALSE,0
GOBP_POSITIVE_REGULATION_OF_PROTEIN_AUTOPHOSPHORYLATION,2.31711366029953,0.0819728234119857,-0.0406372494179631,0.984631639136997,FALSE,0
GOBP_POSITIVE_REGULATION_OF_PROTEIN_CATABOLIC_PROCESS,-0.641071791707961,0.699786325739072,1.36986075100712,0.47207131452863,FALSE,0
GOBP_POSITIVE_REGULATION_OF_PROTEIN_CONTAINING_COMPLEX_ASSEMBLY,-0.809234124832132,0.609951643848217,1.46130551213627,0.438923663691274,FALSE,0
GOBP_POSITIVE_REGULATION_OF_PROTEIN_CONTAINING_COMPLEX_DISASSEMBLY,0.182887918394779,0.925200131501614,-0.62516847692525,0.770527500779537,FALSE,0
GOBP_POSITIVE_REGULATION_OF_PROTEIN_DEACETYLATION,-3.99118801543837,0.00149783801835665,0.242781626850887,0.917588940484837,FALSE,0
GOBP_POSITIVE_REGULATION_OF_PROTEIN_IMPORT,-3.47158140791534,0.00680730317409102,0.690280996848783,0.747665034617049,FALSE,0
GOBP_POSITIVE_REGULATION_OF_PROTEIN_LOCALIZATION_TO_NUCLEUS,-1.82559173470049,0.187241627120217,0.446819339851854,0.847674871598415,FALSE,0
GOBP_POSITIVE_REGULATION_OF_PROTEIN_POLYMERIZATION,-1.41837190007899,0.330048182908614,1.07444006323273,0.593691009628547,FALSE,0
GOBP_POSITIVE_REGULATION_OF_PROTEIN_SECRETION,0.970080314805722,0.530736188860267,-0.626830087155168,0.770227528359249,FALSE,0
GOBP_POSITIVE_REGULATION_OF_PROTEIN_SERINE_THREONINE_KINASE_ACTIVITY,-0.432304536406305,0.80606506846218,0.821755650160069,0.693800388325294,FALSE,0
GOBP_POSITIVE_REGULATION_OF_PROTEOLYSIS_INVOLVED_IN_CELLULAR_PROTEIN_CATABOLIC_PROCESS,-0.252929330168463,0.889650738518018,0.99334147287804,0.627405408240462,FALSE,0
GOBP_POSITIVE_REGULATION_OF_REACTIVE_OXYGEN_SPECIES_BIOSYNTHETIC_PROCESS,3.30053813352935,0.0102237949198562,-2.64250027842637,0.141739281902788,FALSE,0
GOBP_POSITIVE_REGULATION_OF_RECEPTOR_MEDIATED_ENDOCYTOSIS,0.209865167610333,0.910905306283779,-0.938192736330356,0.650024785494393,FALSE,0
GOBP_POSITIVE_REGULATION_OF_REGULATORY_T_CELL_DIFFERENTIATION,-3.36286123170635,0.00882643060478997,0.753365446510281,0.724451087700806,FALSE,0
GOBP_POSITIVE_REGULATION_OF_RESPONSE_TO_BIOTIC_STIMULUS,-0.0568206462569957,0.974175358277289,1.09472087328624,0.583399585510107,FALSE,0
GOBP_POSITIVE_REGULATION_OF_RESPONSE_TO_CYTOKINE_STIMULUS,-0.655632481554421,0.691620430072203,0.887849788573864,0.670402897791563,FALSE,0
GOBP_POSITIVE_REGULATION_OF_RESPONSE_TO_WOUNDING,1.15925468909343,0.438916412316611,-0.197464707356288,0.931179334094715,FALSE,0
GOBP_POSITIVE_REGULATION_OF_SIGNALING_RECEPTOR_ACTIVITY,-1.17820765004991,0.430671874119305,0.438384952682819,0.849571662212028,FALSE,0
GOBP_POSITIVE_REGULATION_OF_SKELETAL_MUSCLE_TISSUE_DEVELOPMENT,-3.38765215197673,0.00824935396403379,1.29296516578499,0.499000294733781,FALSE,0
GOBP_POSITIVE_REGULATION_OF_SMALL_GTPASE_MEDIATED_SIGNAL_TRANSDUCTION,1.51267671156147,0.29020012860125,-0.417173520001814,0.858450203586381,FALSE,0
GOBP_POSITIVE_REGULATION_OF_SMALL_MOLECULE_METABOLIC_PROCESS,-1.13597540606698,0.44951342046415,0.439044565219515,0.849571662212028,FALSE,0
GOBP_POSITIVE_REGULATION_OF_SMOOTH_MUSCLE_CELL_MIGRATION,1.83823375779956,0.183556876528986,-1.23677614953878,0.517116973309192,FALSE,0
GOBP_POSITIVE_REGULATION_OF_SMOOTH_MUSCLE_CELL_PROLIFERATION,0.273677072238285,0.880301431469419,-0.864938848861881,0.678092852640034,FALSE,0
GOBP_POSITIVE_REGULATION_OF_SMOOTH_MUSCLE_CONTRACTION,-2.31862197501936,0.0817415462049147,0.950420381022165,0.646270131900035,FALSE,0
GOBP_POSITIVE_REGULATION_OF_SODIUM_ION_TRANSMEMBRANE_TRANSPORT,-2.12661618256379,0.114255450768406,0.830143064875725,0.690333260694834,FALSE,0
GOBP_POSITIVE_REGULATION_OF_SODIUM_ION_TRANSMEMBRANE_TRANSPORTER_ACTIVITY,-0.84546416819199,0.593724546131043,1.25936423165029,0.51162829444104,FALSE,0
GOBP_POSITIVE_REGULATION_OF_SODIUM_ION_TRANSPORT,-0.89085594659967,0.571100280870253,2.70730312212305,0.132466405210862,FALSE,0
GOBP_POSITIVE_REGULATION_OF_STEM_CELL_DIFFERENTIATION,0.516413063583723,0.761059078367452,-0.734377365664158,0.730803754559561,FALSE,0
GOBP_POSITIVE_REGULATION_OF_STEM_CELL_PROLIFERATION,0.869184138031672,0.581126232446709,-1.01728798367289,0.615396856781184,FALSE,0
GOBP_POSITIVE_REGULATION_OF_STEROID_BIOSYNTHETIC_PROCESS,-2.25533308920952,0.0918985179568884,2.44811461838531,0.172937865686601,FALSE,0
GOBP_POSITIVE_REGULATION_OF_STEROID_METABOLIC_PROCESS,-2.02415232522418,0.134697091099277,3.21230281057768,0.0829348709023037,FALSE,0
GOBP_POSITIVE_REGULATION_OF_STEROL_TRANSPORT,-1.74902286163957,0.211890369853448,2.85700397319993,0.117369549612126,FALSE,0
GOBP_POSITIVE_REGULATION_OF_STRESS_FIBER_ASSEMBLY,-0.114330883648072,0.9497392160504,0.462106895704307,0.839986989049558,FALSE,0
GOBP_POSITIVE_REGULATION_OF_STRIATED_MUSCLE_CELL_DIFFERENTIATION,-1.69390544006366,0.229225083834136,2.0693698413299,0.255296480041651,FALSE,0
GOBP_POSITIVE_REGULATION_OF_SUPRAMOLECULAR_FIBER_ORGANIZATION,-1.29871262700959,0.379318598377934,0.921555508073981,0.657808377777262,FALSE,0
GOBP_POSITIVE_REGULATION_OF_SYNAPTIC_TRANSMISSION,-0.309537972841597,0.861862360442096,1.01018792221463,0.618071432664521,FALSE,0
GOBP_POSITIVE_REGULATION_OF_SYNAPTIC_TRANSMISSION_GLUTAMATERGIC,-2.19903244507044,0.101221116721898,0.763176751572931,0.720446013648294,FALSE,0
GOBP_POSITIVE_REGULATION_OF_TOR_SIGNALING,-4.16495786994919,0.000876202417164151,0.108548498071368,0.963638445435578,FALSE,0
GOBP_POSITIVE_REGULATION_OF_TRANSCRIPTION_BY_RNA_POLYMERASE_I,1.21450588343877,0.416081612621721,-0.666048885184928,0.756964401465853,FALSE,0
GOBP_POSITIVE_REGULATION_OF_TRANSFORMING_GROWTH_FACTOR_BETA_PRODUCTION,0.261195756260082,0.885232794264418,-1.41960530945007,0.452882995643748,FALSE,0
GOBP_POSITIVE_REGULATION_OF_TRANSMEMBRANE_RECEPTOR_PROTEIN_SERINE_THREONINE_KINASE_SIGNALING_PATHWAY,0.508023561658377,0.766939874309111,-0.403986951411926,0.861402652606899,FALSE,0
GOBP_POSITIVE_REGULATION_OF_TRIGLYCERIDE_METABOLIC_PROCESS,-0.9266546712372,0.55243234277208,3.9390958073815,0.0421505736040101,FALSE,0
GOBP_POSITIVE_REGULATION_OF_TYPE_I_INTERFERON_MEDIATED_SIGNALING_PATHWAY,-2.91334844605651,0.0246033723453396,2.43337770603694,0.17540598093512,FALSE,0
GOBP_POSITIVE_REGULATION_OF_TYPE_I_INTERFERON_PRODUCTION,-1.42850013562126,0.324910928489392,0.552660433586571,0.801312692034927,FALSE,0
GOBP_POSITIVE_REGULATION_OF_TYROSINE_PHOSPHORYLATION_OF_STAT_PROTEIN,-2.01941562200834,0.135577030398574,0.793140882521805,0.707240441078065,FALSE,0
GOBP_POSITIVE_REGULATION_OF_T_CELL_CYTOKINE_PRODUCTION,-0.378383260539812,0.82979595965772,2.12295699991578,0.243167307801685,FALSE,0
GOBP_POSITIVE_REGULATION_OF_T_CELL_MEDIATED_CYTOTOXICITY,-2.95310065039637,0.0225608934751842,1.84681531654626,0.310624470787646,FALSE,0
GOBP_POSITIVE_REGULATION_OF_T_CELL_MEDIATED_IMMUNITY,-2.64004606316187,0.04408679590565,1.57199146289694,0.401266422739943,FALSE,0
GOBP_POSITIVE_REGULATION_OF_T_CELL_RECEPTOR_SIGNALING_PATHWAY,-1.81440151636293,0.190302498144156,2.23960280912753,0.217403654632978,FALSE,0
GOBP_POSITIVE_REGULATION_OF_T_HELPER_1_TYPE_IMMUNE_RESPONSE,-0.017603596827129,0.993091303667673,2.43053430236232,0.17558573466898,FALSE,0
GOBP_POSITIVE_REGULATION_OF_UBIQUITIN_DEPENDENT_PROTEIN_CATABOLIC_PROCESS,-0.36360626077082,0.837894903556497,0.850956049900077,0.684789189242934,FALSE,0
GOBP_POSITIVE_REGULATION_OF_UBIQUITIN_PROTEIN_TRANSFERASE_ACTIVITY,0.267677062470677,0.883299146378229,-0.830455237928894,0.690261827835947,FALSE,0
GOBP_POSITIVE_REGULATION_OF_VACUOLE_ORGANIZATION,1.94424562307809,0.155175596988282,-0.565341330379999,0.797009109891082,FALSE,0
GOBP_POSITIVE_REGULATION_OF_VASCULAR_ASSOCIATED_SMOOTH_MUSCLE_CELL_PROLIFERATION,0.0672739757949352,0.970999656912878,-0.977339046898492,0.635742858869962,FALSE,0
GOBP_POSITIVE_REGULATION_OF_VASCULAR_ENDOTHELIAL_CELL_PROLIFERATION,-2.52307203497161,0.0559819334954596,2.02886146458252,0.265329371041392,FALSE,0
GOBP_POSITIVE_REGULATION_OF_VASCULAR_PERMEABILITY,-0.4184553985681,0.812219814012675,1.45814884762749,0.439533293754272,FALSE,0
GOBP_POSITIVE_REGULATION_OF_VIRAL_LIFE_CYCLE,-0.006145928202714,0.998003660963743,2.84000274251751,0.121309485734103,FALSE,0
GOBP_POSITIVE_REGULATION_OF_VIRAL_PROCESS,-0.836780123053581,0.597617613030598,1.03292750422283,0.608966932329681,FALSE,0
GOBP_POSITIVE_REGULATION_OF_WOUND_HEALING,2.34010792742051,0.0785209794426262,-0.227648763990795,0.922274542366504,FALSE,0
GOBP_POSITIVE_T_CELL_SELECTION,-0.839462692069676,0.596373057239464,1.32577489216275,0.486856462699413,FALSE,0
GOBP_POSTSYNAPSE_ASSEMBLY,1.94884201372479,0.153793540871309,-0.146017804912393,0.950135634406615,FALSE,0
GOBP_POSTSYNAPSE_ORGANIZATION,2.52064221164395,0.0561600053238805,-0.758667965555108,0.722508943860406,FALSE,0
GOBP_POSTSYNAPTIC_MEMBRANE_ORGANIZATION,0.0167019137056169,0.993159571215954,-0.289995875028187,0.900509698068167,FALSE,0
GOBP_POSTSYNAPTIC_SPECIALIZATION_ORGANIZATION,1.83964605102269,0.183491232523703,-0.221186826612128,0.924738492359528,FALSE,0
GOBP_POST_EMBRYONIC_ANIMAL_ORGAN_DEVELOPMENT,-0.574818773649749,0.730752010342134,0.443352442642401,0.848884316841623,FALSE,0
GOBP_POST_GOLGI_VESICLE_MEDIATED_TRANSPORT,0.524888990852878,0.756331643292293,-1.82145154169901,0.32059420185457,FALSE,0
GOBP_POTASSIUM_ION_HOMEOSTASIS,1.71777125712566,0.221433689590116,-0.926588559387607,0.656155863170039,FALSE,0
GOBP_PRESYNAPSE_ORGANIZATION,1.37590912125407,0.346653696399141,-0.925979822667829,0.656347022401303,FALSE,0
GOBP_PRESYNAPTIC_ENDOCYTOSIS,-1.17878261980306,0.430409379995123,1.31080143793684,0.493980638273809,FALSE,0
GOBP_PROGESTERONE_METABOLIC_PROCESS,-1.30571871143141,0.376927711500121,0.439379564553835,0.849571662212028,FALSE,0
GOBP_PROGRAMMED_NECROTIC_CELL_DEATH,-1.7473369844263,0.212551620205833,0.0971274808079342,0.966953144927184,FALSE,0
GOBP_PROSTATE_GLAND_DEVELOPMENT,-0.226074181825654,0.901891859741051,0.379733421761781,0.868579661334171,FALSE,0
GOBP_PROSTATE_GLAND_MORPHOGENESIS,0.315097147758514,0.859142089672055,-0.103409983484246,0.965067475593809,FALSE,0
GOBP_PROTEIN_ADP_RIBOSYLATION,-1.23361485238452,0.407990120826311,0.238087371271578,0.919880790806777,FALSE,0
GOBP_PROTEIN_AUTOPHOSPHORYLATION,-0.85573136439026,0.58867689462735,0.654082436731251,0.759604918859386,FALSE,0
GOBP_PROTEIN_COMPLEX_OLIGOMERIZATION,-0.937436839013758,0.545637289434463,0.200773617972421,0.929960603784448,FALSE,0
GOBP_PROTEIN_CONTAINING_COMPLEX_REMODELING,-0.562701458041936,0.736574325867866,1.1828343304218,0.542095723099694,FALSE,0
GOBP_PROTEIN_DEPHOSPHORYLATION,-0.947844211238225,0.540422616005261,0.437533312090432,0.849729559636424,FALSE,0
GOBP_PROTEIN_FOLDING,0.379053986239123,0.829621251350169,-0.597547457752677,0.782695003366008,FALSE,0
GOBP_PROTEIN_HETEROOLIGOMERIZATION,1.10937435499351,0.460410385794899,-0.615337746648973,0.774907954765397,FALSE,0
GOBP_PROTEIN_HOMOTETRAMERIZATION,-2.1500845998082,0.110656231404408,0.891817821023968,0.669145882996545,FALSE,0
GOBP_PROTEIN_INSERTION_INTO_ER_MEMBRANE,-0.917872103912674,0.556325362532231,2.7367719748393,0.125600805968918,FALSE,0
GOBP_PROTEIN_K48_LINKED_UBIQUITINATION,0.106965130534545,0.952556298038509,-0.696028096854225,0.745066537017318,FALSE,0
GOBP_PROTEIN_K63_LINKED_UBIQUITINATION,-2.85814139024781,0.0274299931056383,0.075576455909319,0.974280816917419,FALSE,0
GOBP_PROTEIN_KINASE_B_SIGNALING,-0.116499712018368,0.9497392160504,1.34570842406031,0.480212146757446,FALSE,0
GOBP_PROTEIN_LIPID_COMPLEX_SUBUNIT_ORGANIZATION,-0.78647412189149,0.621436170662264,2.89461740206036,0.110780286902217,FALSE,0
GOBP_PROTEIN_LOCALIZATION_TO_CELL_CELL_JUNCTION,3.69741536439227,0.00357159896128059,-2.53802042611178,0.155589366512714,FALSE,0
GOBP_PROTEIN_LOCALIZATION_TO_CELL_JUNCTION,5.69993089127686,3.33857126866741e-06,-0.0848530876560941,0.971005584050799,FALSE,0
GOBP_PROTEIN_LOCALIZATION_TO_CHROMOSOME_CENTROMERIC_REGION,2.10803248012487,0.11765172797769,-0.695255341260762,0.745151902395692,FALSE,0
GOBP_PROTEIN_LOCALIZATION_TO_CHROMOSOME_TELOMERIC_REGION,-0.808998725474637,0.609951643848217,0.747448808429416,0.727208221617223,FALSE,0
GOBP_PROTEIN_LOCALIZATION_TO_CONDENSED_CHROMOSOME,2.91108205166624,0.0246604793124936,-0.405579101202127,0.861203015975282,FALSE,0
GOBP_PROTEIN_LOCALIZATION_TO_ENDOSOME,2.21787923764507,0.0984688514261784,-3.76578809494267,0.0508236278089835,FALSE,0
GOBP_PROTEIN_LOCALIZATION_TO_GOLGI_APPARATUS,-3.06214578870804,0.017735511976276,0.685395078233899,0.749911999113482,FALSE,0
GOBP_PROTEIN_LOCALIZATION_TO_MICROTUBULE,-0.81847094852904,0.60667192827021,0.858009938137752,0.68123362997485,FALSE,0
GOBP_PROTEIN_LOCALIZATION_TO_MITOCHONDRION,-0.335250416061963,0.84939715656693,0.803810165314858,0.702581491268386,FALSE,0
GOBP_PROTEIN_LOCALIZATION_TO_PHAGOPHORE_ASSEMBLY_SITE,-3.01758928145708,0.0196139524525931,3.77877258774723,0.0508236278089835,FALSE,0
GOBP_PROTEIN_LOCALIZATION_TO_POSTSYNAPSE,2.04534219314619,0.130147379226898,-0.00149169632098647,0.999198895120436,FALSE,0
GOBP_PROTEIN_MANNOSYLATION,0.352232881600509,0.842088236276021,-0.643136322701307,0.764970709026796,FALSE,0
GOBP_PROTEIN_PALMITOYLATION,-0.575000303068263,0.730752010342134,0.169954265121356,0.941486923583667,FALSE,0
GOBP_PROTEIN_PROCESSING,3.84109624962847,0.00238894236957667,-0.0588490943556814,0.978899943649486,FALSE,0
GOBP_PROTEIN_QUALITY_CONTROL_FOR_MISFOLDED_OR_INCOMPLETELY_SYNTHESIZED_PROTEINS,-2.1023722239961,0.118763632114906,1.99190687695035,0.273181462219028,FALSE,0
GOBP_PROTEIN_SUMOYLATION,-0.880276783411089,0.575825224843051,0.714731614179211,0.739216322560278,FALSE,0
GOBP_PROTEIN_TARGETING_TO_MITOCHONDRION,-0.502374764090026,0.769465592498763,0.80465594812226,0.702289612211381,FALSE,0
GOBP_PROTEIN_TARGETING_TO_VACUOLE,2.7910110014157,0.0315691296218609,-0.311356118939105,0.892867375307557,FALSE,0
GOBP_PROTEIN_TETRAMERIZATION,-2.47232875769458,0.0613837655609926,1.94722692556158,0.286860070586341,FALSE,0
GOBP_PROTEOGLYCAN_BIOSYNTHETIC_PROCESS,3.39334257621967,0.00814379114740501,-0.763631813408747,0.720446013648294,FALSE,0
GOBP_PROXIMAL_DISTAL_PATTERN_FORMATION,-2.10558875601279,0.118132307576941,0.151055478614865,0.949040425701543,FALSE,0
GOBP_PSEUDOPODIUM_ORGANIZATION,-2.62948164996441,0.0449303562654659,1.26372787453065,0.511191101105351,FALSE,0
GOBP_PULMONARY_VALVE_DEVELOPMENT,0.374234641452077,0.832194203430277,-0.215349731717969,0.926167465728309,FALSE,0
GOBP_PULMONARY_VALVE_MORPHOGENESIS,1.54806921304954,0.277179020272358,-1.79993401984718,0.326495810439349,FALSE,0
GOBP_PURINERGIC_NUCLEOTIDE_RECEPTOR_SIGNALING_PATHWAY,-0.458805515537791,0.793178948860279,1.93356593262077,0.290038722960373,FALSE,0
GOBP_PURINE_CONTAINING_COMPOUND_BIOSYNTHETIC_PROCESS,-0.684248420567034,0.675208262035441,0.0820745854731714,0.972061745783102,FALSE,0
GOBP_PURINE_CONTAINING_COMPOUND_CATABOLIC_PROCESS,1.66685432454033,0.23692454369533,-1.72462979409931,0.352533691798255,FALSE,0
GOBP_PURINE_CONTAINING_COMPOUND_TRANSMEMBRANE_TRANSPORT,2.79275466890018,0.0315691296218609,-0.0126353953816381,0.995150195235377,FALSE,0
GOBP_PURINE_DEOXYRIBONUCLEOTIDE_METABOLIC_PROCESS,-0.133520129742074,0.942236805025677,1.46748268842207,0.437204828245365,FALSE,0
GOBP_PURINE_NUCLEOBASE_METABOLIC_PROCESS,-2.25154414651597,0.0925341575250684,1.27222180076137,0.506608271326848,FALSE,0
GOBP_PURINE_NUCLEOSIDE_METABOLIC_PROCESS,0.518705120227879,0.759790604699818,-0.073237400825312,0.975422743747519,FALSE,0
GOBP_PURINE_NUCLEOSIDE_MONOPHOSPHATE_BIOSYNTHETIC_PROCESS,-0.757431721029647,0.637293487756994,2.38863421203077,0.186385332808991,FALSE,0
GOBP_PURINE_NUCLEOSIDE_MONOPHOSPHATE_METABOLIC_PROCESS,-0.445016605932066,0.8004094322978,2.49005556417851,0.163587524530417,FALSE,0
GOBP_PURINE_NUCLEOTIDE_CATABOLIC_PROCESS,1.78313966580668,0.200707793457267,-1.95308152189771,0.285514039362619,FALSE,0
GOBP_PURINE_RIBONUCLEOSIDE_METABOLIC_PROCESS,1.39521204992083,0.339452473994035,-0.277827183968958,0.906452967906515,FALSE,0
GOBP_PYRIMIDINE_NUCLEOSIDE_CATABOLIC_PROCESS,-3.12603683848516,0.0153585269582841,0.355923747819788,0.875688813546612,FALSE,0
GOBP_PYRIMIDINE_NUCLEOSIDE_METABOLIC_PROCESS,-3.33434345633469,0.00936690877963724,0.0534390192361087,0.980481465935708,FALSE,0
GOBP_PYRIMIDINE_NUCLEOSIDE_MONOPHOSPHATE_BIOSYNTHETIC_PROCESS,-4.26366180716039,0.000620049827312931,1.42090734286903,0.452882995643748,FALSE,0
GOBP_PYRIMIDINE_NUCLEOSIDE_MONOPHOSPHATE_METABOLIC_PROCESS,-4.46605319599237,0.000315261453847516,1.70767142428017,0.359345386866753,FALSE,0
GOBP_PYRIMIDINE_NUCLEOSIDE_TRIPHOSPHATE_METABOLIC_PROCESS,1.27773812376205,0.388863021624848,-0.612564306201039,0.776450158662962,FALSE,0
GOBP_PYRIMIDINE_RIBONUCLEOSIDE_MONOPHOSPHATE_METABOLIC_PROCESS,-4.6296133012002,0.000177955867472761,2.29333394191206,0.204585123569407,FALSE,0
GOBP_PYRIMIDINE_RIBONUCLEOTIDE_BIOSYNTHETIC_PROCESS,-2.44741396935655,0.064151122290102,1.5349693826778,0.411891580674609,FALSE,0
GOBP_PYRIMIDINE_RIBONUCLEOTIDE_METABOLIC_PROCESS,-2.06911577045841,0.125197572059671,1.29795676732696,0.497359104937951,FALSE,0
GOBP_PYRUVATE_METABOLIC_PROCESS,-0.295195941346984,0.870268500430009,1.28151089104876,0.503358143747069,FALSE,0
GOBP_RAC_PROTEIN_SIGNAL_TRANSDUCTION,1.22391551272377,0.412412880006858,-2.09828642779923,0.250567461061036,FALSE,0
GOBP_REACTIVE_NITROGEN_SPECIES_METABOLIC_PROCESS,1.02012712149015,0.505321670096351,-0.57014350093001,0.79418786905624,FALSE,0
GOBP_RECEPTOR_INTERNALIZATION,-0.830581451265937,0.600337511972715,1.88505122083977,0.301412615603192,FALSE,0
GOBP_RECEPTOR_METABOLIC_PROCESS,-0.380414570200731,0.829293014147641,1.02296658294164,0.613603060199503,FALSE,0
GOBP_RECEPTOR_RECYCLING,1.38895319619956,0.341843380742894,-2.82756610828289,0.12208639208908,FALSE,0
GOBP_REFLEX,4.07017875135033,0.00119621479171186,-0.0299679015499665,0.988214441817505,FALSE,0
GOBP_REGENERATION,-0.0318634053457971,0.985617637312313,1.53819429079528,0.411651559213443,FALSE,0
GOBP_REGULATION_OF_ACROSOME_REACTION,-1.27267182871429,0.391298030124571,2.37962245099429,0.188055732535739,FALSE,0
GOBP_REGULATION_OF_ACTIN_FILAMENT_BUNDLE_ASSEMBLY,0.787336741469766,0.621196452288882,-0.882300685429964,0.67108065017079,FALSE,0
GOBP_REGULATION_OF_ACTIN_FILAMENT_ORGANIZATION,0.3698201826158,0.834722792406199,-0.243057350207504,0.917588940484837,FALSE,0
GOBP_REGULATION_OF_ACTION_POTENTIAL,2.64132839456419,0.0440472702706271,-0.219588885362411,0.925074943339524,FALSE,0
GOBP_REGULATION_OF_ACTOMYOSIN_STRUCTURE_ORGANIZATION,0.941969605714155,0.542986910970506,-0.4917845963635,0.827488017585329,FALSE,0
GOBP_REGULATION_OF_ACUTE_INFLAMMATORY_RESPONSE,0.577544623969341,0.73017685808483,-0.936222528288483,0.650403390361891,FALSE,0
GOBP_REGULATION_OF_ADAPTIVE_IMMUNE_RESPONSE,-1.36945020255176,0.349940685615478,1.40660363214243,0.45547503038101,FALSE,0
GOBP_REGULATION_OF_ADENYLATE_CYCLASE_ACTIVITY,-0.105538180806641,0.953341879541787,1.30828815680269,0.494360965304971,FALSE,0
GOBP_REGULATION_OF_AEROBIC_RESPIRATION,-1.22524463351124,0.411776310266957,1.86320390227074,0.306557254134724,FALSE,0
GOBP_REGULATION_OF_ALPHA_BETA_T_CELL_ACTIVATION,-0.502177617272526,0.769465592498763,2.7236644338164,0.128523557740991,FALSE,0
GOBP_REGULATION_OF_ALPHA_BETA_T_CELL_DIFFERENTIATION,-0.691476074773275,0.671616302325889,3.40770351460043,0.0664886793530813,FALSE,0
GOBP_REGULATION_OF_AMPA_RECEPTOR_ACTIVITY,-2.26814329600386,0.0894762457257613,2.59321864404384,0.147974141388155,FALSE,0
GOBP_REGULATION_OF_AMYLOID_FIBRIL_FORMATION,3.63677121408243,0.00419327477456049,-0.584849943924497,0.787075320026493,FALSE,0
GOBP_REGULATION_OF_AMYLOID_PRECURSOR_PROTEIN_CATABOLIC_PROCESS,-1.21414100596968,0.416081612621721,1.62382518213578,0.384695699300259,FALSE,0
GOBP_REGULATION_OF_ANDROGEN_RECEPTOR_SIGNALING_PATHWAY,-1.05007835608411,0.490168257948832,1.38987159621306,0.462057252291213,FALSE,0
GOBP_REGULATION_OF_ANION_TRANSMEMBRANE_TRANSPORT,0.498386218723337,0.771750421887669,-1.70538394892229,0.359443512838053,FALSE,0
GOBP_REGULATION_OF_ANION_TRANSPORT,-0.864536386006651,0.58377435801646,0.439436635559741,0.849571662212028,FALSE,0
GOBP_REGULATION_OF_ANTIGEN_RECEPTOR_MEDIATED_SIGNALING_PATHWAY,-0.263424269086871,0.884593621311678,0.119350744580674,0.960146058591148,FALSE,0
GOBP_REGULATION_OF_APPETITE,-2.37021279057105,0.0743004471602757,1.26546421726987,0.510537102503385,FALSE,0
GOBP_REGULATION_OF_ATP_DEPENDENT_ACTIVITY,1.21368625093849,0.416081612621721,-0.740487235747767,0.728506370823305,FALSE,0
GOBP_REGULATION_OF_AUTOPHAGOSOME_MATURATION,-1.95331630616292,0.152553774393374,1.31821657299758,0.490395534068984,FALSE,0
GOBP_REGULATION_OF_AUTOPHAGY_OF_MITOCHONDRION,-1.56552507303515,0.271576440073676,1.87512439378755,0.302171873240266,FALSE,0
GOBP_REGULATION_OF_AXONOGENESIS,2.27546120049719,0.0883060357226064,-0.29457768980684,0.899082611342638,FALSE,0
GOBP_REGULATION_OF_BEHAVIOR,-1.62120785458042,0.251215902815841,0.911064417530372,0.661420092971023,FALSE,0
GOBP_REGULATION_OF_BICELLULAR_TIGHT_JUNCTION_ASSEMBLY,-0.805932838580666,0.611826358858111,0.974065749871623,0.636732577769552,FALSE,0
GOBP_REGULATION_OF_BIOMINERALIZATION,3.37978867090311,0.00837481201821441,-0.154626859730445,0.947395410192001,FALSE,0
GOBP_REGULATION_OF_BONE_MINERALIZATION,3.07731200295738,0.0171805964991403,-0.792791350572791,0.707335468738174,FALSE,0
GOBP_REGULATION_OF_B_CELL_APOPTOTIC_PROCESS,-2.48140917607206,0.0604864471288459,0.378835947892632,0.868579661334171,FALSE,0
GOBP_REGULATION_OF_B_CELL_DIFFERENTIATION,0.00531659166217581,0.998084078050975,-0.164862010842319,0.944098208629987,FALSE,0
GOBP_REGULATION_OF_B_CELL_MEDIATED_IMMUNITY,-2.55896413148649,0.0520274846872085,0.441814972949751,0.849377317377192,FALSE,0
GOBP_REGULATION_OF_B_CELL_PROLIFERATION,-1.93689767540037,0.156848134327977,0.739257014047675,0.72901539353809,FALSE,0
GOBP_REGULATION_OF_CALCINEURIN_MEDIATED_SIGNALING,3.74464374675628,0.00309025403302115,-2.31587880566877,0.200040262936878,FALSE,0
GOBP_REGULATION_OF_CALCIUM_ION_TRANSMEMBRANE_TRANSPORT,-1.3205963283104,0.370465980154609,0.26563394892685,0.910661273314054,FALSE,0
GOBP_REGULATION_OF_CALCIUM_ION_TRANSMEMBRANE_TRANSPORTER_ACTIVITY,-2.37291687778603,0.0739387814215345,0.477203956511524,0.831844991985843,FALSE,0
GOBP_REGULATION_OF_CALCIUM_ION_TRANSPORT_INTO_CYTOSOL,-0.950283421562631,0.539880323857496,0.201686170610509,0.929571825847903,FALSE,0
GOBP_REGULATION_OF_CALCIUM_MEDIATED_SIGNALING,2.96544814913215,0.0220119596791353,-1.32478999450982,0.487395913000549,FALSE,0
GOBP_REGULATION_OF_CAMP_DEPENDENT_PROTEIN_KINASE_ACTIVITY,-0.497773659785306,0.771750421887669,0.494092030879192,0.8266747979459,FALSE,0
GOBP_REGULATION_OF_CAMP_MEDIATED_SIGNALING,-4.84276652646398,8.45531965142766e-05,1.85184839634345,0.30945291828184,FALSE,0
GOBP_REGULATION_OF_CARBOHYDRATE_CATABOLIC_PROCESS,-1.3677666936898,0.350393730180202,1.28979999681088,0.50044927343201,FALSE,0
GOBP_REGULATION_OF_CARDIAC_CONDUCTION,2.60870310449693,0.0468440757146786,-0.248058814573494,0.915903948041183,FALSE,0
GOBP_REGULATION_OF_CARDIAC_MUSCLE_CELL_ACTION_POTENTIAL,3.38467557842486,0.00828672506847738,-0.246718871686695,0.916269911639636,FALSE,0
GOBP_REGULATION_OF_CARDIAC_MUSCLE_CELL_DIFFERENTIATION,-1.57293569934302,0.268792449999854,1.44805844126758,0.444881004161925,FALSE,0
GOBP_REGULATION_OF_CARDIAC_MUSCLE_CONTRACTION_BY_REGULATION_OF_THE_RELEASE_OF_SEQUESTERED_CALCIUM_ION,-0.871282857710417,0.58041580946991,1.0502748470776,0.60243200590223,FALSE,0
GOBP_REGULATION_OF_CARTILAGE_DEVELOPMENT,1.83803220314579,0.183556876528986,-0.0970209377158566,0.966953144927184,FALSE,0
GOBP_REGULATION_OF_CATION_CHANNEL_ACTIVITY,-2.20033236046073,0.100957184071944,0.645341540470797,0.764329618517254,FALSE,0
GOBP_REGULATION_OF_CD4_POSITIVE_ALPHA_BETA_T_CELL_ACTIVATION,-0.531281061395081,0.753394423838764,2.17557463964557,0.231546379186492,FALSE,0
GOBP_REGULATION_OF_CD4_POSITIVE_ALPHA_BETA_T_CELL_DIFFERENTIATION,-1.54341071858129,0.27912664106539,2.6601258702434,0.140765062634205,FALSE,0
GOBP_REGULATION_OF_CD8_POSITIVE_ALPHA_BETA_T_CELL_ACTIVATION,-4.69182318623757,0.000145234572684275,0.296552434884321,0.898402836961199,FALSE,0
GOBP_REGULATION_OF_CELLULAR_AMINE_METABOLIC_PROCESS,0.0159293824583719,0.993159571215954,-0.664467628059849,0.757374633338535,FALSE,0
GOBP_REGULATION_OF_CELLULAR_EXTRAVASATION,1.16894803536566,0.433579695178299,-0.387006697432351,0.86796966188151,FALSE,0
GOBP_REGULATION_OF_CELLULAR_KETONE_METABOLIC_PROCESS,-1.92496986230586,0.159387203074809,1.6207716485462,0.385320490580731,FALSE,0
GOBP_REGULATION_OF_CELLULAR_PROTEIN_CATABOLIC_PROCESS,-0.702483112620427,0.66535332428517,0.389532418740295,0.866927583323062,FALSE,0
GOBP_REGULATION_OF_CELLULAR_RESPIRATION,-1.90689292770683,0.163997692761213,0.985248743744016,0.631542923002037,FALSE,0
GOBP_REGULATION_OF_CELLULAR_RESPONSE_TO_INSULIN_STIMULUS,-1.35728509157202,0.355245702301128,0.465887487442002,0.839012406616971,FALSE,0
GOBP_REGULATION_OF_CELL_ADHESION_MEDIATED_BY_INTEGRIN,-2.67032761501351,0.0415082091800651,0.315969501978512,0.890981262866296,FALSE,0
GOBP_REGULATION_OF_CELL_CELL_ADHESION_MEDIATED_BY_CADHERIN,-2.3574225517684,0.076203987630441,2.75524369553979,0.125037116367193,FALSE,0
GOBP_REGULATION_OF_CELL_COMMUNICATION_BY_ELECTRICAL_COUPLING,1.65462410265759,0.240747123606621,-0.943129228082477,0.648548648310209,FALSE,0
GOBP_REGULATION_OF_CELL_CYCLE_G1_S_PHASE_TRANSITION,0.676453616294604,0.679180056554367,-1.1421346003742,0.560729217654209,FALSE,0
GOBP_REGULATION_OF_CELL_JUNCTION_ASSEMBLY,0.443087388473811,0.801351233053737,-0.00940631526488365,0.995987030615865,FALSE,0
GOBP_REGULATION_OF_CELL_KILLING,-0.146783405742778,0.936926717673644,1.06403099991833,0.597783174115498,FALSE,0
GOBP_REGULATION_OF_CELL_PROJECTION_ASSEMBLY,0.0901145869544834,0.960852837924467,-0.970940810905953,0.63831587376341,FALSE,0
GOBP_REGULATION_OF_CELL_SHAPE,-0.134971452124338,0.94203212968218,0.627687711902377,0.770227528359249,FALSE,0
GOBP_REGULATION_OF_CELL_SIZE,2.44972947168421,0.0638992605618518,-0.64249867959572,0.764970709026796,FALSE,0
GOBP_REGULATION_OF_CHOLESTEROL_EFFLUX,-2.67427074317087,0.041198580560855,2.69576990644688,0.135027050555166,FALSE,0
GOBP_REGULATION_OF_CHOLESTEROL_METABOLIC_PROCESS,-1.08642787347166,0.470611634255552,0.213478204044837,0.926167465728309,FALSE,0
GOBP_REGULATION_OF_CHROMATIN_BINDING,0.0894387566945551,0.961022380975153,-0.333377790266795,0.882126427291635,FALSE,0
GOBP_REGULATION_OF_CHROMOSOME_SEGREGATION,0.870964353576353,0.580508329313832,-0.149152854327993,0.949576814588449,FALSE,0
GOBP_REGULATION_OF_CHROMOSOME_SEPARATION,0.824219659578263,0.604450355453327,-0.0987572130039464,0.966335528824508,FALSE,0
GOBP_REGULATION_OF_CILIUM_DEPENDENT_CELL_MOTILITY,-0.381500582821752,0.828975900452977,2.16258306044896,0.233530312541182,FALSE,0
GOBP_REGULATION_OF_CIRCADIAN_RHYTHM,-1.92098098037855,0.160128357075181,0.243244684829815,0.917588940484837,FALSE,0
GOBP_REGULATION_OF_CIRCADIAN_SLEEP_WAKE_CYCLE,-2.69371208695452,0.0394549510037841,0.370441516819023,0.870760850016266,FALSE,0
GOBP_REGULATION_OF_CYCLIN_DEPENDENT_PROTEIN_KINASE_ACTIVITY,-2.38523511777994,0.0725767767313864,0.175559659728934,0.93927890150716,FALSE,0
GOBP_REGULATION_OF_CYTOKINESIS,1.4497507678537,0.315420454949445,-0.461632471286881,0.8400294888043,FALSE,0
GOBP_REGULATION_OF_DEFENSE_RESPONSE_TO_VIRUS,-0.749461519485419,0.641438808298681,1.32807043506244,0.485333376566631,FALSE,0
GOBP_REGULATION_OF_DEFENSE_RESPONSE_TO_VIRUS_BY_HOST,-1.20443093332144,0.41870784845937,1.62041357002359,0.385320490580731,FALSE,0
GOBP_REGULATION_OF_DELAYED_RECTIFIER_POTASSIUM_CHANNEL_ACTIVITY,0.716718065828953,0.656901563320551,-0.537397751490021,0.807271147516956,FALSE,0
GOBP_REGULATION_OF_DENDRITE_EXTENSION,2.37339634215173,0.0739387814215345,-0.978222659670222,0.63515240983869,FALSE,0
GOBP_REGULATION_OF_DENDRITIC_SPINE_DEVELOPMENT,1.11306848424552,0.458592444860347,-2.30965157016071,0.201464678729722,FALSE,0
GOBP_REGULATION_OF_DENDRITIC_SPINE_MORPHOGENESIS,2.04071942227017,0.130991256275407,-1.27530411771388,0.505110663757963,FALSE,0
GOBP_REGULATION_OF_DEPHOSPHORYLATION,-1.18456976354971,0.428667585960001,1.72475358607305,0.352533691798255,FALSE,0
GOBP_REGULATION_OF_DIGESTIVE_SYSTEM_PROCESS,-1.33710528089646,0.363576937271257,1.52311396988634,0.415665949118183,FALSE,0
GOBP_REGULATION_OF_DNA_DAMAGE_CHECKPOINT,0.00386370954641361,0.998662788363003,-2.06984526668384,0.255296480041651,FALSE,0
GOBP_REGULATION_OF_DNA_DAMAGE_RESPONSE_SIGNAL_TRANSDUCTION_BY_P53_CLASS_MEDIATOR,2.46375317646468,0.0623735594911376,-2.03508162611245,0.26298760988497,FALSE,0
GOBP_REGULATION_OF_DOUBLE_STRAND_BREAK_REPAIR_VIA_NONHOMOLOGOUS_END_JOINING,0.726879415060854,0.651776921101015,-1.97194771742174,0.278982787029543,FALSE,0
GOBP_REGULATION_OF_EMBRYONIC_DEVELOPMENT,0.47720804333765,0.783303441062735,-1.17067080635378,0.546266563835945,FALSE,0
GOBP_REGULATION_OF_ENDOCRINE_PROCESS,-0.703754395885893,0.664794897381222,1.50077570452839,0.423342324808081,FALSE,0
GOBP_REGULATION_OF_ENDOCYTIC_RECYCLING,-3.02886150693386,0.0192091494761193,0.322555715983251,0.887121139324401,FALSE,0
GOBP_REGULATION_OF_ENDOPLASMIC_RETICULUM_STRESS_INDUCED_INTRINSIC_APOPTOTIC_SIGNALING_PATHWAY,-1.73284205465321,0.216810319670236,0.863213427371987,0.678770912931315,FALSE,0
GOBP_REGULATION_OF_ENDOTHELIAL_CELL_MIGRATION,-1.55273909972072,0.276215370506918,2.16026107373298,0.233992086039232,FALSE,0
GOBP_REGULATION_OF_EPIDERMAL_GROWTH_FACTOR_ACTIVATED_RECEPTOR_ACTIVITY,2.28615997187105,0.0864445268504092,-1.80174051255521,0.325838043121474,FALSE,0
GOBP_REGULATION_OF_EPIDERMIS_DEVELOPMENT,1.89913160266059,0.165814439547469,-0.175828284201754,0.93927890150716,FALSE,0
GOBP_REGULATION_OF_EPITHELIAL_CELL_APOPTOTIC_PROCESS,-1.82545118321132,0.187241627120217,0.879299766814118,0.672343858734548,FALSE,0
GOBP_REGULATION_OF_EPITHELIAL_CELL_MIGRATION,-0.741034459424518,0.644922158267544,1.47431952178266,0.43426409042764,FALSE,0
GOBP_REGULATION_OF_EPITHELIAL_TO_MESENCHYMAL_TRANSITION,-0.885126114419109,0.573470818060493,0.154820289440391,0.947395410192001,FALSE,0
GOBP_REGULATION_OF_ESTABLISHMENT_OF_PLANAR_POLARITY,0.795446451988606,0.61787108454922,-0.356209569923204,0.875635979488066,FALSE,0
GOBP_REGULATION_OF_ESTABLISHMENT_OF_PROTEIN_LOCALIZATION_TO_MITOCHONDRION,-1.86857813602618,0.174600438605017,1.81025626877181,0.323618923800529,FALSE,0
GOBP_REGULATION_OF_EXCRETION,-2.84029592161682,0.0285454109857154,1.34785516590469,0.479592110265517,FALSE,0
GOBP_REGULATION_OF_EXOSOMAL_SECRETION,-1.23715527546052,0.406567430620569,1.22788666315696,0.521897295336372,FALSE,0
GOBP_REGULATION_OF_EXTENT_OF_CELL_GROWTH,2.89115619358196,0.0255669701305005,-0.440631854160783,0.849571662212028,FALSE,0
GOBP_REGULATION_OF_EXTRACELLULAR_MATRIX_ASSEMBLY,-1.14956765708533,0.442923678507748,1.17775225540376,0.544384913421417,FALSE,0
GOBP_REGULATION_OF_EXTRINSIC_APOPTOTIC_SIGNALING_PATHWAY_VIA_DEATH_DOMAIN_RECEPTORS,-0.632411343149392,0.702960688762133,0.269177039306738,0.909033284850948,FALSE,0
GOBP_REGULATION_OF_FATTY_ACID_BETA_OXIDATION,-1.47993917726373,0.303026240843109,3.24398715705147,0.0796546704828853,FALSE,0
GOBP_REGULATION_OF_FATTY_ACID_BIOSYNTHETIC_PROCESS,-1.25124817527375,0.401034300243032,1.66754193748987,0.367975609460852,FALSE,0
GOBP_REGULATION_OF_FATTY_ACID_METABOLIC_PROCESS,-2.18252191498292,0.10402137779257,2.14071138151156,0.236632005855333,FALSE,0
GOBP_REGULATION_OF_FATTY_ACID_OXIDATION,-3.35324697420548,0.00901858677307941,3.54166919381699,0.0609188915389984,FALSE,0
GOBP_REGULATION_OF_FAT_CELL_DIFFERENTIATION,-4.3963594995982,0.000388225989965398,1.28238589601738,0.503358143747069,FALSE,0
GOBP_REGULATION_OF_FEEDING_BEHAVIOR,-0.434292706776409,0.805115800679468,0.803764267623794,0.702581491268386,FALSE,0
GOBP_REGULATION_OF_FIBROBLAST_MIGRATION,0.557960423523961,0.73925109189662,-0.436443975514983,0.849729559636424,FALSE,0
GOBP_REGULATION_OF_GENERATION_OF_PRECURSOR_METABOLITES_AND_ENERGY,-2.41293988757202,0.0685281631781822,0.525011845621865,0.813369512802521,FALSE,0
GOBP_REGULATION_OF_GENE_SILENCING_BY_RNA,-1.33513791248278,0.364157493505075,2.0166531528725,0.266562492608851,FALSE,0
GOBP_REGULATION_OF_GLUCAN_BIOSYNTHETIC_PROCESS,-3.39305782317172,0.00814379114740501,0.274839341636591,0.907066310134601,FALSE,0
GOBP_REGULATION_OF_GLUTAMATE_SECRETION,-0.864957998966692,0.583657541747589,0.197484633545969,0.931179334094715,FALSE,0
GOBP_REGULATION_OF_GLYCOGEN_METABOLIC_PROCESS,-3.6786339288463,0.00373799144547838,0.563976444441766,0.798086695141171,FALSE,0
GOBP_REGULATION_OF_GLYCOLYTIC_PROCESS,-0.927809667457339,0.551911456009695,0.207881829197544,0.927753391543092,FALSE,0
GOBP_REGULATION_OF_GLYCOPROTEIN_METABOLIC_PROCESS,-1.18760377725419,0.427548122884038,0.0462885693501773,0.982694879952299,FALSE,0
GOBP_REGULATION_OF_GOLGI_ORGANIZATION,-2.24230134433235,0.0942229333973337,0.205226456093745,0.92871596426214,FALSE,0
GOBP_REGULATION_OF_HAIR_CYCLE,-2.64821771663505,0.0434456377472367,0.908798318868362,0.661451930851507,FALSE,0
GOBP_REGULATION_OF_HAIR_FOLLICLE_DEVELOPMENT,-0.455395961967495,0.794860060578519,1.34201169644095,0.481412085515623,FALSE,0
GOBP_REGULATION_OF_HEART_GROWTH,-2.40402280261245,0.0701049180207233,1.41113862599057,0.454886434478687,FALSE,0
GOBP_REGULATION_OF_HEART_RATE_BY_CARDIAC_CONDUCTION,2.3247054630879,0.0807970343528311,-0.220671665735621,0.9247922429089,FALSE,0
GOBP_REGULATION_OF_HETEROTYPIC_CELL_CELL_ADHESION,-0.369338272024426,0.834763715506115,2.62273091052935,0.142403614822654,FALSE,0
GOBP_REGULATION_OF_HISTONE_DEACETYLATION,-4.53342692792576,0.000246957736881575,0.0155326423383361,0.993799137749942,FALSE,0
GOBP_REGULATION_OF_HISTONE_H3_K4_METHYLATION,-3.08351085066487,0.0169348830078674,0.449917063997708,0.846601076727765,FALSE,0
GOBP_REGULATION_OF_HISTONE_H3_K9_METHYLATION,-0.28724836399444,0.875038468458019,0.180600877912001,0.937348302423928,FALSE,0
GOBP_REGULATION_OF_HISTONE_METHYLATION,-4.00737623761509,0.0014414581036122,0.902683912044727,0.663614773197072,FALSE,0
GOBP_REGULATION_OF_HISTONE_MODIFICATION,-5.15215793750515,2.65179701950147e-05,1.30760451565995,0.494462923569163,FALSE,0
GOBP_REGULATION_OF_HOMOTYPIC_CELL_CELL_ADHESION,4.02446215115384,0.00138045601365778,-0.967569228720367,0.639380297181779,FALSE,0
GOBP_REGULATION_OF_HORMONE_BIOSYNTHETIC_PROCESS,-0.282572626872463,0.876874431680746,1.23622750253503,0.517363555649969,FALSE,0
GOBP_REGULATION_OF_HORMONE_SECRETION,-0.120843065196014,0.948002684901625,0.829078577404867,0.690670590543358,FALSE,0
GOBP_REGULATION_OF_IMMUNOGLOBULIN_PRODUCTION,-3.40289858597871,0.00800255706734473,1.04232631970061,0.606612333923739,FALSE,0
GOBP_REGULATION_OF_INCLUSION_BODY_ASSEMBLY,-0.326309448795573,0.853415489079069,0.685575000978099,0.749911999113482,FALSE,0
GOBP_REGULATION_OF_INNATE_IMMUNE_RESPONSE,-1.35909229702094,0.354499881942493,1.43559274437023,0.446719543628172,FALSE,0
GOBP_REGULATION_OF_INOSITOL_PHOSPHATE_BIOSYNTHETIC_PROCESS,1.09797434718658,0.465815418178948,-0.783775396916976,0.711866143739203,FALSE,0
GOBP_REGULATION_OF_INSULIN_LIKE_GROWTH_FACTOR_RECEPTOR_SIGNALING_PATHWAY,2.14692905947024,0.11100521301163,-0.33573682773753,0.882126427291635,FALSE,0
GOBP_REGULATION_OF_INTEGRIN_ACTIVATION,2.87165392499511,0.0267169685756275,-0.805470220294033,0.701733756456632,FALSE,0
GOBP_REGULATION_OF_INTEGRIN_MEDIATED_SIGNALING_PATHWAY,0.567119156367276,0.734403905736009,-0.945817960419926,0.647835282076034,FALSE,0
GOBP_REGULATION_OF_INTRACELLULAR_PROTEIN_TRANSPORT,-0.959010954937735,0.535069623620655,0.335762359545119,0.882126427291635,FALSE,0
GOBP_REGULATION_OF_INTRINSIC_APOPTOTIC_SIGNALING_PATHWAY,-0.214873412086528,0.907985573772071,0.598044003591214,0.782657178101568,FALSE,0
GOBP_REGULATION_OF_INTRINSIC_APOPTOTIC_SIGNALING_PATHWAY_BY_P53_CLASS_MEDIATOR,0.152138937322154,0.935698245171468,-1.22568251044212,0.522899326785829,FALSE,0
GOBP_REGULATION_OF_JNK_CASCADE,-0.970875032336453,0.530696814454548,0.492975484642883,0.827011549441466,FALSE,0
GOBP_REGULATION_OF_JUN_KINASE_ACTIVITY,-2.80632021112451,0.0305711917522683,0.173040357474138,0.940641516242176,FALSE,0
GOBP_REGULATION_OF_KERATINOCYTE_PROLIFERATION,1.61615174824366,0.253063348335358,-0.0384092602028273,0.985274843326084,FALSE,0
GOBP_REGULATION_OF_LEUKOCYTE_ADHESION_TO_VASCULAR_ENDOTHELIAL_CELL,1.17911156060182,0.430347376218762,-0.677538039205849,0.753237838741111,FALSE,0
GOBP_REGULATION_OF_LEUKOCYTE_MEDIATED_CYTOTOXICITY,-1.09580720113436,0.466506498357972,0.537884967367115,0.807240983459856,FALSE,0
GOBP_REGULATION_OF_LEUKOCYTE_MEDIATED_IMMUNITY,-1.85248362224799,0.179168411733021,0.476319212713724,0.832379976507187,FALSE,0
GOBP_REGULATION_OF_LEUKOCYTE_PROLIFERATION,-0.917987219412981,0.556325362532231,1.97502833539579,0.278807336049417,FALSE,0
GOBP_REGULATION_OF_LEUKOCYTE_TETHERING_OR_ROLLING,0.796085787832996,0.617506254177135,-1.62275360356171,0.385095409353325,FALSE,0
GOBP_REGULATION_OF_LIPID_BIOSYNTHETIC_PROCESS,-1.11751103623688,0.456424594831892,2.12126457997055,0.243848815814021,FALSE,0
GOBP_REGULATION_OF_LIPID_CATABOLIC_PROCESS,-2.7241416457512,0.0367608096648211,3.45226878352405,0.064887952832794,FALSE,0
GOBP_REGULATION_OF_LIPID_STORAGE,-2.0953348876474,0.12013635237923,2.77470527004464,0.125037116367193,FALSE,0
GOBP_REGULATION_OF_LIPOPROTEIN_METABOLIC_PROCESS,-2.2298099815364,0.0966567034319644,0.0659120207414157,0.977126960138958,FALSE,0
GOBP_REGULATION_OF_LIPOPROTEIN_PARTICLE_CLEARANCE,0.0314656822373705,0.985617637312313,-1.2539894637949,0.512833174596519,FALSE,0
GOBP_REGULATION_OF_LOW_DENSITY_LIPOPROTEIN_PARTICLE_CLEARANCE,2.02627418711466,0.134259452204771,-1.37582110387744,0.469346539890764,FALSE,0
GOBP_REGULATION_OF_LYMPHOCYTE_CHEMOTAXIS,-0.18690472776879,0.923670013902065,0.544480083472558,0.804705469256966,FALSE,0
GOBP_REGULATION_OF_LYMPHOCYTE_DIFFERENTIATION,-1.01334031692783,0.508840409949007,1.87565592226163,0.302171873240266,FALSE,0
GOBP_REGULATION_OF_LYMPHOCYTE_MEDIATED_IMMUNITY,-2.21720914268898,0.0985674296729711,0.456418309770826,0.84289342617961,FALSE,0
GOBP_REGULATION_OF_MACROAUTOPHAGY,-1.55001624071431,0.277064377583427,0.0814802876720391,0.972356380776455,FALSE,0
GOBP_REGULATION_OF_MACROPHAGE_ACTIVATION,-0.0247249494088219,0.989599650690188,1.1940463653358,0.538526700911235,FALSE,0
GOBP_REGULATION_OF_MAMMARY_GLAND_EPITHELIAL_CELL_PROLIFERATION,-0.976596760970346,0.528414273484019,1.88014183691885,0.302171873240266,FALSE,0
GOBP_REGULATION_OF_MAP_KINASE_ACTIVITY,-0.16176266768415,0.93291396744366,1.00442257723015,0.621874243965382,FALSE,0
GOBP_REGULATION_OF_MAST_CELL_ACTIVATION,-0.40008800935406,0.819172066902841,1.50201108642915,0.423310706028303,FALSE,0
GOBP_REGULATION_OF_MAST_CELL_ACTIVATION_INVOLVED_IN_IMMUNE_RESPONSE,-0.116482145409178,0.9497392160504,0.0823427823530134,0.97203677432698,FALSE,0
GOBP_REGULATION_OF_MEIOTIC_CELL_CYCLE,1.65829346489436,0.239608955041742,-0.485908875326422,0.829154273596523,FALSE,0
GOBP_REGULATION_OF_MEIOTIC_NUCLEAR_DIVISION,1.87196151424672,0.173557388730759,-0.205380492298514,0.92871596426214,FALSE,0
GOBP_REGULATION_OF_MEMBRANE_INVAGINATION,-0.232604190496303,0.898041913284179,0.272397457881661,0.907398238427445,FALSE,0
GOBP_REGULATION_OF_MEMBRANE_LIPID_DISTRIBUTION,1.45043658735788,0.315372087242674,-0.8238041261588,0.692998101676342,FALSE,0
GOBP_REGULATION_OF_MESENCHYMAL_CELL_PROLIFERATION,0.10887602994901,0.951826290683298,-0.743005192710356,0.727208221617223,FALSE,0
GOBP_REGULATION_OF_MICROTUBULE_BASED_MOVEMENT,-1.02438272988415,0.503137853342378,1.34407150506677,0.480627700496023,FALSE,0
GOBP_REGULATION_OF_MICROTUBULE_CYTOSKELETON_ORGANIZATION,-1.06026591735152,0.484908023149418,0.443842809520001,0.848759033895615,FALSE,0
GOBP_REGULATION_OF_MICROTUBULE_POLYMERIZATION,-3.07402819123954,0.0173431356728199,1.33474676545328,0.482900502103667,FALSE,0
GOBP_REGULATION_OF_MICROTUBULE_POLYMERIZATION_OR_DEPOLYMERIZATION,-0.880523637395826,0.575825224843051,1.38935492441765,0.462057252291213,FALSE,0
GOBP_REGULATION_OF_MIRNA_TRANSCRIPTION,-3.69550787950595,0.00358111325224373,1.4070657702272,0.45547503038101,FALSE,0
GOBP_REGULATION_OF_MITOCHONDRIAL_GENE_EXPRESSION,-1.86117821882733,0.176373675009129,0.93929448614427,0.650024785494393,FALSE,0
GOBP_REGULATION_OF_MITOCHONDRIAL_MEMBRANE_PERMEABILITY,-0.993421591851716,0.519235346332899,1.08703406763476,0.587684315887115,FALSE,0
GOBP_REGULATION_OF_MITOCHONDRIAL_MEMBRANE_PERMEABILITY_INVOLVED_IN_APOPTOTIC_PROCESS,-2.13052699090131,0.113959947877482,0.948958262426343,0.646270131900035,FALSE,0
GOBP_REGULATION_OF_MITOCHONDRIAL_OUTER_MEMBRANE_PERMEABILIZATION_INVOLVED_IN_APOPTOTIC_SIGNALING_PATHWAY,-0.512761788862125,0.763893482676139,2.65501707195865,0.141634263221091,FALSE,0
GOBP_REGULATION_OF_MITOCHONDRION_ORGANIZATION,-0.67442027106827,0.680289919226258,0.908296626854301,0.661451930851507,FALSE,0
GOBP_REGULATION_OF_MORPHOGENESIS_OF_A_BRANCHING_STRUCTURE,-0.00135317533363263,0.999308478955595,1.27539565289924,0.505110663757963,FALSE,0
GOBP_REGULATION_OF_MRNA_3_END_PROCESSING,-3.38627258240916,0.00827213959529968,1.24577422068395,0.515313431489154,FALSE,0
GOBP_REGULATION_OF_MRNA_POLYADENYLATION,-3.4063451755471,0.00792066351808476,2.15492695674676,0.234372678780518,FALSE,0
GOBP_REGULATION_OF_MULTICELLULAR_ORGANISM_GROWTH,-2.54525361535726,0.0537535887494465,0.36300742368,0.873119201252781,FALSE,0
GOBP_REGULATION_OF_MUSCLE_ADAPTATION,-0.0599905272369816,0.973470016301119,2.36251300625342,0.190714228843447,FALSE,0
GOBP_REGULATION_OF_MUSCLE_CELL_DIFFERENTIATION,-0.491760021385877,0.774512308541187,0.728341713221676,0.732554486690243,FALSE,0
GOBP_REGULATION_OF_MUSCLE_CONTRACTION,-0.631545223071826,0.70325555596463,2.05944490440426,0.257619356704775,FALSE,0
GOBP_REGULATION_OF_MUSCLE_ORGAN_DEVELOPMENT,0.442568966027149,0.80142886317391,-0.976671210103686,0.635919890163631,FALSE,0
GOBP_REGULATION_OF_MUSCLE_SYSTEM_PROCESS,-0.485284503300106,0.778522033774102,2.07324187351593,0.254649572126265,FALSE,0
GOBP_REGULATION_OF_MYELINATION,-2.21192290086314,0.0991991356562769,0.922989689923584,0.657017822979142,FALSE,0
GOBP_REGULATION_OF_MYELOID_LEUKOCYTE_MEDIATED_IMMUNITY,-0.756001239496008,0.637982882941887,1.0591995472371,0.599563616127642,FALSE,0
GOBP_REGULATION_OF_MYOBLAST_DIFFERENTIATION,-4.66572567233734,0.000153735025664555,1.0224604872134,0.613603894118576,FALSE,0
GOBP_REGULATION_OF_MYOTUBE_DIFFERENTIATION,-2.42987494755541,0.0664365734922912,2.32453418875305,0.198290044838678,FALSE,0
GOBP_REGULATION_OF_NATURAL_KILLER_CELL_MEDIATED_IMMUNITY,-1.48673222291444,0.300235427381938,0.923264694255927,0.657017822979142,FALSE,0
GOBP_REGULATION_OF_NECROTIC_CELL_DEATH,-2.69132227067936,0.0396592296771474,1.80662372017846,0.325636968798052,FALSE,0
GOBP_REGULATION_OF_NERVOUS_SYSTEM_PROCESS,-0.439534493843046,0.802670764820042,0.612502703300251,0.776450158662962,FALSE,0
GOBP_REGULATION_OF_NEURAL_PRECURSOR_CELL_PROLIFERATION,-1.89813313299012,0.166007174925217,1.33697633658362,0.482900502103667,FALSE,0
GOBP_REGULATION_OF_NEURON_PROJECTION_ARBORIZATION,-1.03156605860482,0.498711425690891,1.76296460523216,0.337074778889435,FALSE,0
GOBP_REGULATION_OF_NEUROTRANSMITTER_RECEPTOR_ACTIVITY,-0.757063527687462,0.63743087298727,2.74831860879013,0.125573668306296,FALSE,0
GOBP_REGULATION_OF_NEUROTRANSMITTER_UPTAKE,-1.95383533665811,0.152524596981205,2.53162638878463,0.155913156587813,FALSE,0
GOBP_REGULATION_OF_NIK_NF_KAPPAB_SIGNALING,-0.250211077937567,0.890832640645698,0.789622268143768,0.709250571923468,FALSE,0
GOBP_REGULATION_OF_NMDA_RECEPTOR_ACTIVITY,-1.13888312519214,0.44753243191341,2.31954552014932,0.199232541719359,FALSE,0
GOBP_REGULATION_OF_NOTCH_SIGNALING_PATHWAY,-1.09683051026958,0.46589650261185,0.675360298477287,0.753966918005202,FALSE,0
GOBP_REGULATION_OF_NUCLEOTIDE_BIOSYNTHETIC_PROCESS,-0.571749268363396,0.731967821002697,0.41322594427228,0.859523965729062,FALSE,0
GOBP_REGULATION_OF_NUCLEOTIDE_METABOLIC_PROCESS,-0.873829932923439,0.578824648372322,0.165518549563841,0.944084683488536,FALSE,0
GOBP_REGULATION_OF_OLIGODENDROCYTE_DIFFERENTIATION,-0.745373141341109,0.642324583000301,0.826289243882295,0.691296183294228,FALSE,0
GOBP_REGULATION_OF_ORGANIC_ACID_TRANSPORT,-0.423742584438763,0.809505637143581,0.593661374053469,0.783386366766628,FALSE,0
GOBP_REGULATION_OF_ORGAN_GROWTH,-1.8296575951475,0.186108297476187,1.92115259051006,0.29152325444943,FALSE,0
GOBP_REGULATION_OF_OSSIFICATION,1.31327910431842,0.373463304010072,-0.128305967246377,0.956353444472752,FALSE,0
GOBP_REGULATION_OF_OSTEOBLAST_DIFFERENTIATION,2.14383601890181,0.11133940561868,-2.27564822285336,0.209152801932024,FALSE,0
GOBP_REGULATION_OF_OSTEOBLAST_PROLIFERATION,-0.680927243819358,0.676956350426368,1.51285272775888,0.418317800678324,FALSE,0
GOBP_REGULATION_OF_OXIDATIVE_PHOSPHORYLATION,-2.19025070917795,0.102607962614097,2.13899642624005,0.23697166328858,FALSE,0
GOBP_REGULATION_OF_OXIDATIVE_STRESS_INDUCED_CELL_DEATH,0.342682065147699,0.8469840624465,-0.473752598719156,0.833739962253356,FALSE,0
GOBP_REGULATION_OF_OXIDATIVE_STRESS_INDUCED_INTRINSIC_APOPTOTIC_SIGNALING_PATHWAY,-1.36241775563513,0.35263841049671,1.82732936643209,0.319055782951758,FALSE,0
GOBP_REGULATION_OF_P38MAPK_CASCADE,-4.75574870168994,0.000113113397763695,1.44456035478365,0.445546631747545,FALSE,0
GOBP_REGULATION_OF_PATTERN_RECOGNITION_RECEPTOR_SIGNALING_PATHWAY,-0.126067832301157,0.945697063973167,1.69426609459017,0.361704024089213,FALSE,0
GOBP_REGULATION_OF_PEPTIDE_TRANSPORT,-1.47697188924344,0.304499854496051,0.260646868162262,0.911672232099701,FALSE,0
GOBP_REGULATION_OF_PEPTIDYL_LYSINE_ACETYLATION,-3.85167618295347,0.00231432918421685,0.405691021425987,0.861203015975282,FALSE,0
GOBP_REGULATION_OF_PEPTIDYL_SERINE_PHOSPHORYLATION,-0.768783250774406,0.631060301875547,1.41007102037616,0.455087820775802,FALSE,0
GOBP_REGULATION_OF_PEPTIDYL_THREONINE_PHOSPHORYLATION,-0.351838256877196,0.842242058775054,1.88485676768353,0.301412615603192,FALSE,0
GOBP_REGULATION_OF_PHOSPHATASE_ACTIVITY,-0.613150676777734,0.711548976745217,0.839146748760724,0.686970950040283,FALSE,0
GOBP_REGULATION_OF_PHOSPHOLIPASE_C_ACTIVITY,-1.15663172818661,0.440518766721521,1.7183079558955,0.354274334154545,FALSE,0
GOBP_REGULATION_OF_PHOSPHOLIPID_BIOSYNTHETIC_PROCESS,0.69147652732545,0.671616302325889,-1.06992832876664,0.595328908498926,FALSE,0
GOBP_REGULATION_OF_PHOSPHOLIPID_METABOLIC_PROCESS,-0.776969805388163,0.627550107583322,1.07327983261736,0.594132675241379,FALSE,0
GOBP_REGULATION_OF_PHOSPHOPROTEIN_PHOSPHATASE_ACTIVITY,-0.422710473395835,0.809807305106197,0.83406733103233,0.689270238823127,FALSE,0
GOBP_REGULATION_OF_PLASMA_LIPOPROTEIN_PARTICLE_LEVELS,-0.787828287745801,0.621163410026175,0.273542118316358,0.907197921644293,FALSE,0
GOBP_REGULATION_OF_PLATELET_AGGREGATION,1.68709072485108,0.231391482622616,-0.722292852188731,0.735708526592204,FALSE,0
GOBP_REGULATION_OF_PLATELET_DERIVED_GROWTH_FACTOR_RECEPTOR_SIGNALING_PATHWAY,-2.3830852903511,0.0728164291362857,0.988055329174399,0.629498018527475,FALSE,0
GOBP_REGULATION_OF_POLYSACCHARIDE_METABOLIC_PROCESS,-2.05990113363433,0.126902540039212,1.54886345617822,0.407946716250644,FALSE,0
GOBP_REGULATION_OF_POSTSYNAPSE_ORGANIZATION,3.28943255731351,0.0104636864857504,-1.51914833290172,0.416592588304281,FALSE,0
GOBP_REGULATION_OF_POSTSYNAPTIC_NEUROTRANSMITTER_RECEPTOR_ACTIVITY,-0.187931518268269,0.923027441381127,1.16601192694594,0.547720811044917,FALSE,0
GOBP_REGULATION_OF_POTASSIUM_ION_TRANSPORT,0.740476582026898,0.645221661700076,-0.369376566445166,0.870901979854792,FALSE,0
GOBP_REGULATION_OF_PRODUCTION_OF_MOLECULAR_MEDIATOR_OF_IMMUNE_RESPONSE,-2.80324526263772,0.0307912514248251,1.95416246878237,0.285302146861687,FALSE,0
GOBP_REGULATION_OF_PRODUCTION_OF_SMALL_RNA_INVOLVED_IN_GENE_SILENCING_BY_RNA,-0.496906280722566,0.772231709231875,2.63486199716196,0.141739281902788,FALSE,0
GOBP_REGULATION_OF_PROGRAMMED_NECROTIC_CELL_DEATH,-0.586820264893575,0.726039519709276,0.876364745789452,0.673305338462154,FALSE,0
GOBP_REGULATION_OF_PROTEASOMAL_UBIQUITIN_DEPENDENT_PROTEIN_CATABOLIC_PROCESS,-1.50214182040213,0.294805698937043,0.00102092034235501,0.999242862239432,FALSE,0
GOBP_REGULATION_OF_PROTEIN_AUTOPHOSPHORYLATION,2.77383617477921,0.0326749574819244,-0.682828108537668,0.750572701971719,FALSE,0
GOBP_REGULATION_OF_PROTEIN_DEPHOSPHORYLATION,-0.262830667493985,0.884593621311678,1.6804628307838,0.364932252642344,FALSE,0
GOBP_REGULATION_OF_PROTEIN_EXIT_FROM_ENDOPLASMIC_RETICULUM,0.390313519013025,0.824769506183011,-1.32135903056099,0.488571949979825,FALSE,0
GOBP_REGULATION_OF_PROTEIN_KINASE_C_SIGNALING,-2.68499927285011,0.0402046328966667,0.101367717231082,0.965503471630829,FALSE,0
GOBP_REGULATION_OF_PROTEIN_LOCALIZATION_TO_NUCLEUS,-0.772147387035334,0.63006110604357,0.198005906292067,0.931151766355107,FALSE,0
GOBP_REGULATION_OF_PROTEIN_TARGETING,-0.443535210503511,0.801351233053737,1.56265054430877,0.404224116291952,FALSE,0
GOBP_REGULATION_OF_PROTEIN_TYROSINE_KINASE_ACTIVITY,0.404364738346374,0.81833372679468,-0.996632871800131,0.6264206247677,FALSE,0
GOBP_REGULATION_OF_PROTON_TRANSPORT,0.207938505792067,0.911531940389414,-1.3119160057052,0.493421680164936,FALSE,0
GOBP_REGULATION_OF_RAC_PROTEIN_SIGNAL_TRANSDUCTION,0.748446674585571,0.641569871471309,-1.41598926300001,0.454886434478687,FALSE,0
GOBP_REGULATION_OF_RECEPTOR_BINDING,2.85810470883169,0.0274299931056383,-1.62547089795893,0.384121968671042,FALSE,0
GOBP_REGULATION_OF_RECEPTOR_LOCALIZATION_TO_SYNAPSE,2.77390856176971,0.0326749574819244,-0.403105409918734,0.861402652606899,FALSE,0
GOBP_REGULATION_OF_RECEPTOR_RECYCLING,2.42288152005651,0.0670761697686469,-2.42151545854544,0.177587755238294,FALSE,0
GOBP_REGULATION_OF_RENAL_SYSTEM_PROCESS,-2.93715277390799,0.0233318643670468,0.502392305134189,0.822871963034198,FALSE,0
GOBP_REGULATION_OF_RESPIRATORY_GASEOUS_EXCHANGE,-2.22252431083645,0.0977933435934648,1.89973869857959,0.296934270410252,FALSE,0
GOBP_REGULATION_OF_RESPIRATORY_SYSTEM_PROCESS,-1.92571940201237,0.159285965612514,3.31890658951278,0.0710716200701382,FALSE,0
GOBP_REGULATION_OF_RESPONSE_TO_CYTOKINE_STIMULUS,-0.763432205870477,0.634125599320406,1.65195102417944,0.373248328192899,FALSE,0
GOBP_REGULATION_OF_RESPONSE_TO_ENDOPLASMIC_RETICULUM_STRESS,-1.77110516447564,0.204631887828044,0.225992797088307,0.922914500575421,FALSE,0
GOBP_REGULATION_OF_RESPONSE_TO_EXTRACELLULAR_STIMULUS,-3.50144690189903,0.00622100257677843,0.782001636220724,0.712043777529986,FALSE,0
GOBP_REGULATION_OF_RESPONSE_TO_FOOD,-2.52319035758443,0.0559819334954596,2.02842629520061,0.265329371041392,FALSE,0
GOBP_REGULATION_OF_RESPONSE_TO_INTERFERON_GAMMA,-1.68195209549565,0.232983767798205,2.11770643305817,0.244682840663766,FALSE,0
GOBP_REGULATION_OF_RESPONSE_TO_OXIDATIVE_STRESS,-0.166096485299645,0.931585905024067,0.0479756157484604,0.98262448072149,FALSE,0
GOBP_REGULATION_OF_RHO_PROTEIN_SIGNAL_TRANSDUCTION,-0.0637445207139976,0.971822459043761,1.38657154489888,0.463092952529003,FALSE,0
GOBP_REGULATION_OF_RIG_I_SIGNALING_PATHWAY,-0.691574744329192,0.671616302325889,2.3265591333793,0.198189531990897,FALSE,0
GOBP_REGULATION_OF_RYANODINE_SENSITIVE_CALCIUM_RELEASE_CHANNEL_ACTIVITY,-2.75098288558626,0.0345691336402044,1.39689073834012,0.459201021139592,FALSE,0
GOBP_REGULATION_OF_SISTER_CHROMATID_COHESION,1.64121992178053,0.244703241899791,-2.49835728862397,0.161823387869703,FALSE,0
GOBP_REGULATION_OF_SKELETAL_MUSCLE_CONTRACTION,-2.90155467510243,0.0251236000123736,3.16224424841333,0.0878604133797331,FALSE,0
GOBP_REGULATION_OF_SMOOTH_MUSCLE_CELL_DIFFERENTIATION,0.033688413355433,0.98498600546941,-1.53315532912219,0.411942659885956,FALSE,0
GOBP_REGULATION_OF_SMOOTH_MUSCLE_CONTRACTION,-1.5470644893055,0.277362416202131,0.744200375826938,0.727208221617223,FALSE,0
GOBP_REGULATION_OF_SODIUM_ION_TRANSMEMBRANE_TRANSPORT,-2.09502971178158,0.120148929727812,0.617286549228644,0.774083403805523,FALSE,0
GOBP_REGULATION_OF_SODIUM_ION_TRANSPORT,-1.82061431403095,0.18848976634927,1.86787826101753,0.304785861703668,FALSE,0
GOBP_REGULATION_OF_SPINDLE_ASSEMBLY,-2.04082463172047,0.130991256275407,0.0116092939334373,0.995388680647922,FALSE,0
GOBP_REGULATION_OF_SPINDLE_ORGANIZATION,-0.988766967447545,0.52218575116644,0.733140921899328,0.730803754559561,FALSE,0
GOBP_REGULATION_OF_SPROUTING_ANGIOGENESIS,1.5930218810386,0.26110335280819,-0.441483811154175,0.849377317377192,FALSE,0
GOBP_REGULATION_OF_STEM_CELL_PROLIFERATION,-0.511707337916737,0.76444739587584,0.0896087065282445,0.969760101194872,FALSE,0
GOBP_REGULATION_OF_STEROID_BIOSYNTHETIC_PROCESS,-0.996191182032125,0.518404021248301,1.89192316414763,0.299105891695098,FALSE,0
GOBP_REGULATION_OF_STEROID_METABOLIC_PROCESS,-3.3326658928606,0.00938868900725853,2.19359166683667,0.227893092586855,FALSE,0
GOBP_REGULATION_OF_STRESS_ACTIVATED_PROTEIN_KINASE_SIGNALING_CASCADE,-0.473634844640494,0.785395850266953,0.386253534094603,0.868177558616937,FALSE,0
GOBP_REGULATION_OF_STRIATED_MUSCLE_CELL_DIFFERENTIATION,-0.152518946385713,0.935698245171468,2.14312202439429,0.23579829838293,FALSE,0
GOBP_REGULATION_OF_SUPEROXIDE_ANION_GENERATION,-0.208768636672979,0.911316762974053,1.04788707538466,0.603079852627423,FALSE,0
GOBP_REGULATION_OF_SYNAPSE_ASSEMBLY,2.27128577355604,0.0890095234035012,-0.314650805793747,0.891298183419361,FALSE,0
GOBP_REGULATION_OF_SYNAPTIC_TRANSMISSION_GLUTAMATERGIC,-0.00281104285438842,0.998737369499516,1.35162351717241,0.479493683784056,FALSE,0
GOBP_REGULATION_OF_SYNAPTIC_VESICLE_RECYCLING,1.72190046235668,0.220232768530099,-0.821948016884253,0.693800388325294,FALSE,0
GOBP_REGULATION_OF_SYSTEMIC_ARTERIAL_BLOOD_PRESSURE_BY_CIRCULATORY_RENIN_ANGIOTENSIN,3.69065663248293,0.0036212102530468,-1.28169497459007,0.503358143747069,FALSE,0
GOBP_REGULATION_OF_SYSTEMIC_ARTERIAL_BLOOD_PRESSURE_BY_HORMONE,1.63281393630725,0.247567724050942,-0.310425693195891,0.893292216654645,FALSE,0
GOBP_REGULATION_OF_SYSTEMIC_ARTERIAL_BLOOD_PRESSURE_BY_RENIN_ANGIOTENSIN,2.84547604906486,0.0281892456878826,-0.341453829355639,0.881317572771552,FALSE,0
GOBP_REGULATION_OF_TELOMERASE_ACTIVITY,-1.69467262407381,0.228968032657834,0.0984739429730425,0.966335528824508,FALSE,0
GOBP_REGULATION_OF_TELOMERE_CAPPING,-0.639812364629532,0.700337203046667,0.513559685229593,0.818580142009996,FALSE,0
GOBP_REGULATION_OF_TISSUE_REMODELING,-0.193573673153825,0.920523446159832,2.99261797284423,0.106196173961501,FALSE,0
GOBP_REGULATION_OF_TOLL_LIKE_RECEPTOR_4_SIGNALING_PATHWAY,-0.908971660909925,0.56088895729346,3.39799504157821,0.0664886793530813,FALSE,0
GOBP_REGULATION_OF_TOLL_LIKE_RECEPTOR_SIGNALING_PATHWAY,-0.227530705015663,0.901224575006952,1.78182087893454,0.332809445673124,FALSE,0
GOBP_REGULATION_OF_TRANSLATIONAL_FIDELITY,0.052682416740883,0.975992184859471,-0.316407084578484,0.890968458520047,FALSE,0
GOBP_REGULATION_OF_TRANSMISSION_OF_NERVE_IMPULSE,-1.23102583556414,0.408830575074954,0.113497890196562,0.96149200492259,FALSE,0
GOBP_REGULATION_OF_TRANSPOSITION,-4.31390374092804,0.000516176972161067,0.419157234087407,0.858035112300511,FALSE,0
GOBP_REGULATION_OF_TRIGLYCERIDE_BIOSYNTHETIC_PROCESS,-2.47268285999743,0.061377493527734,2.08596781177044,0.254649572126265,FALSE,0
GOBP_REGULATION_OF_TRIGLYCERIDE_METABOLIC_PROCESS,-4.04223349908755,0.00130435923547493,3.14171846343574,0.0878604133797331,FALSE,0
GOBP_REGULATION_OF_TUMOR_NECROSIS_FACTOR_MEDIATED_SIGNALING_PATHWAY,-0.815791088898228,0.607880546309305,2.59715985528421,0.14796428194666,FALSE,0
GOBP_REGULATION_OF_TYPE_I_INTERFERON_MEDIATED_SIGNALING_PATHWAY,-3.00343965155666,0.0201836630667746,1.91607691254427,0.292456522738161,FALSE,0
GOBP_REGULATION_OF_T_CELL_CHEMOTAXIS,-0.76773947692508,0.631212906480017,1.20883939566809,0.531715664245501,FALSE,0
GOBP_REGULATION_OF_T_CELL_DIFFERENTIATION,-1.51831939654805,0.287767946391107,1.98275792124507,0.276611398045735,FALSE,0
GOBP_REGULATION_OF_T_CELL_MEDIATED_CYTOTOXICITY,-1.65732725648815,0.239745434279525,0.792110943332351,0.707763257192954,FALSE,0
GOBP_REGULATION_OF_T_CELL_MEDIATED_IMMUNITY,-1.55933881019619,0.273397031818719,0.405392303051949,0.861203015975282,FALSE,0
GOBP_REGULATION_OF_T_CELL_PROLIFERATION,-0.177530059796727,0.926828608532561,1.77440938165096,0.334745007097479,FALSE,0
GOBP_REGULATION_OF_T_CELL_RECEPTOR_SIGNALING_PATHWAY,-0.452046192200461,0.796866123789664,1.16321712782877,0.54938458395107,FALSE,0
GOBP_REGULATION_OF_T_HELPER_17_CELL_DIFFERENTIATION,-1.22651087436174,0.411333839764044,1.76026657253971,0.337973247138422,FALSE,0
GOBP_REGULATION_OF_T_HELPER_CELL_DIFFERENTIATION,-0.154498830202009,0.935698245171468,2.49387065619199,0.162794327476346,FALSE,0
GOBP_REGULATION_OF_UBIQUITIN_DEPENDENT_PROTEIN_CATABOLIC_PROCESS,-1.48639667587964,0.300301914479627,0.0367653058368387,0.985640983986421,FALSE,0
GOBP_REGULATION_OF_UBIQUITIN_PROTEIN_LIGASE_ACTIVITY,-1.12275733855503,0.455110641162167,0.369742989551879,0.870853755675186,FALSE,0
GOBP_REGULATION_OF_UBIQUITIN_PROTEIN_TRANSFERASE_ACTIVITY,0.524892275501263,0.756331643292293,-0.395228881202761,0.865241765812443,FALSE,0
GOBP_REGULATION_OF_VASCULAR_ENDOTHELIAL_GROWTH_FACTOR_RECEPTOR_SIGNALING_PATHWAY,-1.0455127327591,0.49288104117629,1.3983849780575,0.458918432088394,FALSE,0
GOBP_REGULATION_OF_VASOCONSTRICTION,-0.396338107022106,0.820821331970439,1.34834099477462,0.479592110265517,FALSE,0
GOBP_REGULATION_OF_VIRAL_ENTRY_INTO_HOST_CELL,-0.306889687740951,0.863393032767848,1.90414846871868,0.294902107452341,FALSE,0
GOBP_REGULATION_OF_VIRAL_GENOME_REPLICATION,-1.8619052108796,0.176373096529139,0.529214514429827,0.811332053908521,FALSE,0
GOBP_REGULATION_OF_VIRAL_INDUCED_CYTOPLASMIC_PATTERN_RECOGNITION_RECEPTOR_SIGNALING_PATHWAY,-1.01627104543203,0.506957852483586,2.41325815797898,0.179257769311811,FALSE,0
GOBP_REGULATION_OF_VIRAL_PROCESS,-1.18472188713111,0.428667585960001,0.849483216310692,0.685443417680767,FALSE,0
GOBP_REGULATION_OF_WNT_SIGNALING_PATHWAY_PLANAR_CELL_POLARITY_PATHWAY,-2.00873628585367,0.138227738886367,0.593103120374548,0.783386366766628,FALSE,0
GOBP_RELAXATION_OF_MUSCLE,-0.553485114359526,0.742064143489672,2.97390885940383,0.106659237658179,FALSE,0
GOBP_RELEASE_OF_SEQUESTERED_CALCIUM_ION_INTO_CYTOSOL_BY_ENDOPLASMIC_RETICULUM,-2.01611793599856,0.136313533145066,2.15018933368526,0.234951248455387,FALSE,0
GOBP_RENAL_ABSORPTION,-0.537825681094627,0.750523967397984,0.829897689980786,0.690340594104054,FALSE,0
GOBP_RENAL_SODIUM_EXCRETION,-3.44135917450353,0.00721607626176874,1.62525693572239,0.384121968671042,FALSE,0
GOBP_RENAL_SYSTEM_PROCESS,-0.690265686061379,0.672044005781919,1.5814972939931,0.399107815030977,FALSE,0
GOBP_RENAL_SYSTEM_PROCESS_INVOLVED_IN_REGULATION_OF_BLOOD_VOLUME,0.167060388663308,0.931354269759581,-0.161340455980065,0.94513542833009,FALSE,0
GOBP_RENAL_SYSTEM_VASCULATURE_DEVELOPMENT,1.53684454627227,0.281463216095436,-0.143362578375906,0.950995966667706,FALSE,0
GOBP_RENAL_TUBULAR_SECRETION,-3.66222715152776,0.00391311480296026,1.34643181503787,0.479835705219751,FALSE,0
GOBP_RENAL_VESICLE_DEVELOPMENT,-0.415114857184627,0.81376940607615,1.41603179377934,0.454886434478687,FALSE,0
GOBP_REPLICATIVE_SENESCENCE,-1.16642624103728,0.434784478470027,2.77373249036623,0.125037116367193,FALSE,0
GOBP_REPRODUCTIVE_BEHAVIOR,-1.90793142050942,0.163700121226451,0.83951194239022,0.686970950040283,FALSE,0
GOBP_RESPIRATORY_CHAIN_COMPLEX_IV_ASSEMBLY,1.86193709759409,0.176373096529139,-1.45953589944034,0.438923663691274,FALSE,0
GOBP_RESPIRATORY_SYSTEM_PROCESS,-0.887970903559893,0.572622006522283,1.55159114536198,0.407711557336451,FALSE,0
GOBP_RESPONSE_TO_ACIDIC_PH,-2.35138513205161,0.0769210571641994,0.51015282072586,0.818892208224968,FALSE,0
GOBP_RESPONSE_TO_ALKALOID,-1.11473046112194,0.457975711007456,0.504455863801515,0.821788203174636,FALSE,0
GOBP_RESPONSE_TO_AMYLOID_BETA,1.48984093164466,0.299034583218515,-1.29595373684314,0.497591170806409,FALSE,0
GOBP_RESPONSE_TO_ANTIBIOTIC,1.49001712936254,0.299034583218515,-0.655510107922365,0.759557568317936,FALSE,0
GOBP_RESPONSE_TO_ARSENIC_CONTAINING_SUBSTANCE,-3.06387567499276,0.0176835965605651,0.480261556926,0.831246149476811,FALSE,0
GOBP_RESPONSE_TO_ATP,-0.298233015437769,0.868404912609602,3.17081309585833,0.0878604133797331,FALSE,0
GOBP_RESPONSE_TO_BMP,0.856959589042318,0.58800020647483,-0.378290692982219,0.868580931982409,FALSE,0
GOBP_RESPONSE_TO_CADMIUM_ION,1.67666868245625,0.234770543333607,-0.335827053899414,0.882126427291635,FALSE,0
GOBP_RESPONSE_TO_CALCIUM_ION,2.20530229685205,0.100178683931677,-0.447866925041648,0.847044138166512,FALSE,0
GOBP_RESPONSE_TO_CARBOHYDRATE,-1.72515299119839,0.219299400165,1.73033732960384,0.350094324548982,FALSE,0
GOBP_RESPONSE_TO_CHEMOKINE,-1.50330296787958,0.294395372566066,0.948237800599458,0.646270131900035,FALSE,0
GOBP_RESPONSE_TO_COLD,-0.528497768406918,0.754538750471096,0.335802568338495,0.882126427291635,FALSE,0
GOBP_RESPONSE_TO_CORTICOSTEROID,-0.0640699389154836,0.971750388972975,0.346149696962041,0.879184599022262,FALSE,0
GOBP_RESPONSE_TO_DIETARY_EXCESS,-1.64229446089968,0.244277391519321,1.54733089868137,0.408675333811889,FALSE,0
GOBP_RESPONSE_TO_ELECTRICAL_STIMULUS,-3.5047927700803,0.00615942823943711,0.33746038368788,0.882126427291635,FALSE,0
GOBP_RESPONSE_TO_EPIDERMAL_GROWTH_FACTOR,-1.47029664111915,0.307474691166344,0.598718452689778,0.782450443123122,FALSE,0
GOBP_RESPONSE_TO_ESTRADIOL,-0.736902775350413,0.646906449816421,0.780895800372761,0.712882344681561,FALSE,0
GOBP_RESPONSE_TO_ESTROGEN,-0.994027005143037,0.519235346332899,1.70184120659179,0.35984389550323,FALSE,0
GOBP_RESPONSE_TO_FLUID_SHEAR_STRESS,-1.69732101320621,0.228483017347225,2.95485371026973,0.106659237658179,FALSE,0
GOBP_RESPONSE_TO_FOLLICLE_STIMULATING_HORMONE,2.73654342836912,0.0358400411334688,-0.375595717556938,0.868928310384465,FALSE,0
GOBP_RESPONSE_TO_FOOD,-2.97923974733632,0.0213425369048671,1.4568706555977,0.440041163646915,FALSE,0
GOBP_RESPONSE_TO_GROWTH_HORMONE,-0.862248858856204,0.585155595195386,1.94858417824736,0.286639619111921,FALSE,0
GOBP_RESPONSE_TO_HYDROGEN_PEROXIDE,-0.261405620608742,0.885232794264418,1.35437615535463,0.47849646430555,FALSE,0
GOBP_RESPONSE_TO_HYDROPEROXIDE,-1.30037979098315,0.37863219997843,1.08240499668222,0.589315527902933,FALSE,0
GOBP_RESPONSE_TO_HYPEROXIA,-1.41160930690795,0.3331464765001,2.63593824487141,0.141739281902788,FALSE,0
GOBP_RESPONSE_TO_IMMOBILIZATION_STRESS,-0.527105622232916,0.755203808129799,0.516430396661302,0.817378324352901,FALSE,0
GOBP_RESPONSE_TO_INTERFERON_ALPHA,-0.98234913085384,0.525094694361485,0.0603185453741757,0.978899943649486,FALSE,0
GOBP_RESPONSE_TO_INTERFERON_GAMMA,-1.2525356841461,0.400895449737905,2.75887714552175,0.125037116367193,FALSE,0
GOBP_RESPONSE_TO_INTERLEUKIN_1,-1.25848483944265,0.397665647917181,1.8892606897985,0.299903347581333,FALSE,0
GOBP_RESPONSE_TO_INTERLEUKIN_4,-2.53468287156367,0.0549303932907407,2.36061213977001,0.190714228843447,FALSE,0
GOBP_RESPONSE_TO_ISCHEMIA,-0.532577418065768,0.753183677543094,1.65524145497318,0.372646541838481,FALSE,0
GOBP_RESPONSE_TO_ISOQUINOLINE_ALKALOID,-1.01160627569634,0.509548871631852,1.55008806920665,0.407946716250644,FALSE,0
GOBP_RESPONSE_TO_LECTIN,0.709588344644238,0.661918559748152,-1.48799833311358,0.430100947610697,FALSE,0
GOBP_RESPONSE_TO_LEPTIN,-0.339497582672094,0.847793443261036,1.26232098771498,0.511505163072338,FALSE,0
GOBP_RESPONSE_TO_MECHANICAL_STIMULUS,-0.786236073849955,0.621463133692635,1.35621287129531,0.477788587783449,FALSE,0
GOBP_RESPONSE_TO_MINERALOCORTICOID,0.311586286647639,0.860660030053779,-1.21179011982934,0.529787045286465,FALSE,0
GOBP_RESPONSE_TO_MISFOLDED_PROTEIN,-0.214917412376791,0.907985573772071,0.705541338354009,0.741046317598141,FALSE,0
GOBP_RESPONSE_TO_MITOCHONDRIAL_DEPOLARISATION,-2.86803394702707,0.0269380587838676,1.75596819019203,0.339626677274072,FALSE,0
GOBP_RESPONSE_TO_MONOSACCHARIDE,-1.91947102475259,0.160503710010968,1.3643777549376,0.474904316828753,FALSE,0
GOBP_RESPONSE_TO_MURAMYL_DIPEPTIDE,-0.87290110688401,0.579420683638693,1.15858325827999,0.55240803777142,FALSE,0
GOBP_RESPONSE_TO_MUSCLE_STRETCH,-1.99260750245453,0.142767411433103,0.296685821569372,0.898402836961199,FALSE,0
GOBP_RESPONSE_TO_NERVE_GROWTH_FACTOR,1.63074507333134,0.248271326474254,-0.0637806398939289,0.977705551206265,FALSE,0
GOBP_RESPONSE_TO_NITRIC_OXIDE,-1.50015868766503,0.295814593832058,0.218086890647887,0.925779566142685,FALSE,0
GOBP_RESPONSE_TO_PAIN,-0.288813730254557,0.87387557366983,1.04181652562448,0.606612333923739,FALSE,0
GOBP_RESPONSE_TO_PH,-1.29769828262417,0.379492485406475,0.423530619887603,0.856444706561541,FALSE,0
GOBP_RESPONSE_TO_PLATELET_DERIVED_GROWTH_FACTOR,1.01955810914758,0.505442517797826,-0.291025109231305,0.900414039807135,FALSE,0
GOBP_RESPONSE_TO_PROSTAGLANDIN,1.79811035084019,0.195449437221299,-0.63715183748384,0.766125037815312,FALSE,0
GOBP_RESPONSE_TO_PROSTAGLANDIN_E,1.12896934291976,0.452522585455215,-1.24173510978686,0.515313431489154,FALSE,0
GOBP_RESPONSE_TO_PROTOZOAN,-0.949964260050831,0.539880323857496,2.75884243861978,0.125037116367193,FALSE,0
GOBP_RESPONSE_TO_PURINE_CONTAINING_COMPOUND,-0.574009061729443,0.730966533603433,1.47476451768436,0.43426409042764,FALSE,0
GOBP_RESPONSE_TO_RETINOIC_ACID,-0.216672042920761,0.907323317626842,0.262726861199543,0.91108101798459,FALSE,0
GOBP_RESPONSE_TO_SALT,-1.62803061871176,0.24930599085151,0.812311403986359,0.697092073208644,FALSE,0
GOBP_RESPONSE_TO_STARVATION,-3.69947657195158,0.00355403690363065,0.0800178495773458,0.972753130761724,FALSE,0
GOBP_RESPONSE_TO_STEROL,-2.34328652760519,0.0779569765355589,1.85268725701102,0.309309279965551,FALSE,0
GOBP_RESPONSE_TO_TEMPERATURE_STIMULUS,-0.77542300419181,0.628335404825375,0.813712692003261,0.696609965812774,FALSE,0
GOBP_RESPONSE_TO_THYROID_HORMONE,0.808991670562757,0.609951643848217,-2.54145019573377,0.155589366512714,FALSE,0
GOBP_RESPONSE_TO_TOPOLOGICALLY_INCORRECT_PROTEIN,-0.869510572367341,0.581032392364722,0.0271792391928523,0.989333268478178,FALSE,0
GOBP_RESPONSE_TO_TUMOR_NECROSIS_FACTOR,-1.65565069956486,0.240350346937235,1.79208970893024,0.329707739004898,FALSE,0
GOBP_RESPONSE_TO_TYPE_I_INTERFERON,-2.54834345755598,0.0534330200394038,1.52756430850425,0.414219214737138,FALSE,0
GOBP_RESPONSE_TO_UV_B,-0.151151240964292,0.935698245171468,3.07623462650308,0.0923325419483572,FALSE,0
GOBP_RESPONSE_TO_VITAMIN_A,-0.415294114336062,0.81376940607615,1.70739364110991,0.359345386866753,FALSE,0
GOBP_RESPONSE_TO_VITAMIN_D,-1.72089272710234,0.22041000571391,0.520432526159174,0.815529059424266,FALSE,0
GOBP_RESPONSE_TO_X_RAY,0.971492552513631,0.530646583808558,-0.0920985540491616,0.968575726614353,FALSE,0
GOBP_RETINAL_METABOLIC_PROCESS,0.813832158686277,0.608913063743354,-1.65542776093158,0.372646541838481,FALSE,0
GOBP_RETINA_HOMEOSTASIS,-0.860567234038243,0.586035705060919,0.950113532752441,0.646270131900035,FALSE,0
GOBP_RETINOIC_ACID_METABOLIC_PROCESS,3.28675808450894,0.010542224604418,-0.110981043456053,0.962670597295486,FALSE,0
GOBP_RETINOIC_ACID_RECEPTOR_SIGNALING_PATHWAY,-1.74086346312302,0.213776418722345,2.14454155586362,0.235721910951567,FALSE,0
GOBP_REVERSE_CHOLESTEROL_TRANSPORT,-1.80518275500961,0.193415594443266,2.75806166557254,0.125037116367193,FALSE,0
GOBP_RHO_PROTEIN_SIGNAL_TRANSDUCTION,-0.058702618919076,0.973470016301119,1.76020255403149,0.337973247138422,FALSE,0
GOBP_RIBONUCLEOSIDE_CATABOLIC_PROCESS,-3.44969372819228,0.00711256922379333,1.54095769072582,0.410770363873328,FALSE,0
GOBP_RIBONUCLEOSIDE_METABOLIC_PROCESS,-1.66767120762985,0.23692454369533,0.159894593715173,0.945296996666274,FALSE,0
GOBP_RIBONUCLEOSIDE_MONOPHOSPHATE_BIOSYNTHETIC_PROCESS,-2.62832887067364,0.0449911001177078,2.45414290255985,0.171874473416107,FALSE,0
GOBP_RIBONUCLEOSIDE_MONOPHOSPHATE_CATABOLIC_PROCESS,-4.07985411796244,0.00116600198027916,1.05444617049263,0.6009694684488,FALSE,0
GOBP_RIBONUCLEOSIDE_MONOPHOSPHATE_METABOLIC_PROCESS,-2.10770889097698,0.117655892730449,2.5389093802233,0.155589366512714,FALSE,0
GOBP_RIBONUCLEOSIDE_TRIPHOSPHATE_BIOSYNTHETIC_PROCESS,-0.94701873665203,0.540554844388001,1.29866973473585,0.497344444327098,FALSE,0
GOBP_RIBONUCLEOTIDE_CATABOLIC_PROCESS,0.509794032144072,0.765898177658443,-1.80293357712383,0.325838043121474,FALSE,0
GOBP_RIBOSE_PHOSPHATE_BIOSYNTHETIC_PROCESS,-1.25101524101319,0.401034300243032,0.421909923647005,0.856550726414666,FALSE,0
GOBP_RIBOSOMAL_SMALL_SUBUNIT_ASSEMBLY,-1.40277379879367,0.336754280584567,1.42469218383275,0.45165819872705,FALSE,0
GOBP_RIG_I_SIGNALING_PATHWAY,-1.65900774000876,0.239368685448983,2.33911536886771,0.196064466615923,FALSE,0
GOBP_RNA_MEDIATED_GENE_SILENCING_BY_INHIBITION_OF_TRANSLATION,-0.377139572803317,0.830224670584886,0.130783708976291,0.956073294222335,FALSE,0
GOBP_ROOF_OF_MOUTH_DEVELOPMENT,-0.532232551752958,0.753300904843831,0.0338259824787503,0.987534722455729,FALSE,0
GOBP_RRNA_METHYLATION,-1.1315261594603,0.451559768150529,0.378760007525982,0.868579661334171,FALSE,0
GOBP_RRNA_MODIFICATION,-2.588977649601,0.0487364454851206,0.9878909658112,0.629498018527475,FALSE,0
GOBP_RRNA_TRANSCRIPTION,2.243676725923,0.0940577000041046,-0.20102364956144,0.929944626393732,FALSE,0
GOBP_SARCOPLASMIC_RETICULUM_CALCIUM_ION_TRANSPORT,-0.606142940637049,0.71474190449078,2.41506101599736,0.179162970902964,FALSE,0
GOBP_SCHWANN_CELL_DEVELOPMENT,-0.948450849310675,0.540260617121475,2.66763034969205,0.139553612046791,FALSE,0
GOBP_SCHWANN_CELL_DIFFERENTIATION,-0.88201087635176,0.575179636188176,2.45695638625443,0.171874473416107,FALSE,0
GOBP_SECONDARY_ALCOHOL_METABOLIC_PROCESS,-1.96934028473359,0.148326460875962,1.72640345242577,0.351898907223077,FALSE,0
GOBP_SECONDARY_METABOLITE_BIOSYNTHETIC_PROCESS,0.23447047574883,0.897022476393981,-0.776105485480937,0.714772310737259,FALSE,0
GOBP_SECRETION_BY_TISSUE,-0.945359378842575,0.540928333389074,2.51537438443797,0.160312456169313,FALSE,0
GOBP_SECRETORY_GRANULE_ORGANIZATION,2.2205380873677,0.0978969730179418,-2.19851726550821,0.226831322651749,FALSE,0
GOBP_SEGMENTATION,0.164009090505801,0.93198934688683,-0.284289277659436,0.903150243773628,FALSE,0
GOBP_SELECTIVE_AUTOPHAGY,-2.58666564489379,0.0490164457539945,2.24825268470448,0.215256963838275,FALSE,0
GOBP_SEMI_LUNAR_VALVE_DEVELOPMENT,-0.245363155334089,0.892025473412474,1.45203923840066,0.442574241481483,FALSE,0
GOBP_SENSORY_PERCEPTION_OF_TEMPERATURE_STIMULUS,-1.34008175083264,0.362479077460182,0.518597411476517,0.816575943996736,FALSE,0
GOBP_SERINE_PHOSPHORYLATION_OF_STAT_PROTEIN,2.39093573469906,0.071783362465996,-0.228909662925147,0.922274542366504,FALSE,0
GOBP_SEROTONIN_TRANSPORT,-0.587829730533914,0.725981072077056,0.332285802625874,0.882248696474667,FALSE,0
GOBP_SERTOLI_CELL_DIFFERENTIATION,-3.93095228462806,0.00183049252953302,1.41379029233168,0.454886434478687,FALSE,0
GOBP_SEX_DETERMINATION,-2.12595930645675,0.114255450768406,0.191059427116389,0.933745087027804,FALSE,0
GOBP_SIALYLATION,-0.149108766833318,0.936336626945396,1.35167805041556,0.479493683784056,FALSE,0
GOBP_SIGNALING_RECEPTOR_LIGAND_PRECURSOR_PROCESSING,2.56996006998508,0.0507467067427099,-0.300850319916463,0.897245352555275,FALSE,0
GOBP_SISTER_CHROMATID_COHESION,0.0617454917762197,0.973054356545535,-3.21816451084102,0.0829348709023037,FALSE,0
GOBP_SISTER_CHROMATID_SEGREGATION,1.17196488572497,0.432452890870927,-1.26655637521332,0.50990933082391,FALSE,0
GOBP_SKELETAL_MUSCLE_ADAPTATION,-1.63331431279991,0.247429645085317,1.3801677754948,0.46662674926249,FALSE,0
GOBP_SKELETAL_MUSCLE_CELL_DIFFERENTIATION,-3.87305048805379,0.00217882876526433,0.0330876978595193,0.987837514449712,FALSE,0
GOBP_SKELETAL_MUSCLE_CELL_PROLIFERATION,-2.31631512580338,0.0819891198557356,0.968375682322178,0.639085017036432,FALSE,0
GOBP_SKELETAL_MUSCLE_CONTRACTION,-2.96862495579586,0.0218785289444945,1.80542673385821,0.325838043121474,FALSE,0
GOBP_SKELETAL_MUSCLE_ORGAN_DEVELOPMENT,-1.35198381060346,0.356830703814569,1.66418695530704,0.369271569388437,FALSE,0
GOBP_SKELETAL_SYSTEM_MORPHOGENESIS,-0.39772991237053,0.819981556462795,0.221130773125594,0.924738492359528,FALSE,0
GOBP_SKIN_EPIDERMIS_DEVELOPMENT,-0.212480361951018,0.908868759918364,0.962751101240241,0.641685314554497,FALSE,0
GOBP_SMAD_PROTEIN_SIGNAL_TRANSDUCTION,1.12300404891123,0.455082084085428,-0.601050877282144,0.781548450913779,FALSE,0
GOBP_SMOOTH_MUSCLE_CELL_APOPTOTIC_PROCESS,-0.441144023607545,0.802152619664234,0.972535083841926,0.637250105183863,FALSE,0
GOBP_SMOOTH_MUSCLE_CELL_MIGRATION,2.13044674322974,0.113959947877482,-0.591759333468237,0.783767929330839,FALSE,0
GOBP_SMOOTH_MUSCLE_CONTRACTION,-0.961706975809854,0.533788902895653,0.47418761363714,0.833739962253356,FALSE,0
GOBP_SMOOTH_MUSCLE_TISSUE_DEVELOPMENT,-1.44650763895827,0.31669765528808,0.372236632239577,0.870161097551419,FALSE,0
GOBP_SNRNA_PROCESSING,-4.68810702025015,0.000146182477041544,0.541439783183207,0.805469683916178,FALSE,0
GOBP_SODIUM_ION_HOMEOSTASIS,-1.90299274316417,0.164789056663425,1.69930260733916,0.360019743415258,FALSE,0
GOBP_SODIUM_ION_IMPORT_ACROSS_PLASMA_MEMBRANE,-0.208702495170934,0.911316762974053,0.534795941556641,0.808651904545167,FALSE,0
GOBP_SODIUM_ION_TRANSMEMBRANE_TRANSPORT,-1.39697617727706,0.339061587119849,1.01796907089549,0.615396856781184,FALSE,0
GOBP_SODIUM_ION_TRANSPORT,-1.21341777981501,0.416081612621721,1.20738252625866,0.53254336221893,FALSE,0
GOBP_SOMATIC_STEM_CELL_POPULATION_MAINTENANCE,-2.69742213933959,0.0391092428992371,1.55133649579347,0.407711557336451,FALSE,0
GOBP_SOMITOGENESIS,0.607015184266697,0.714346035964672,-0.347794394005256,0.878726266992757,FALSE,0
GOBP_SPECIFICATION_OF_SYMMETRY,0.165368102277824,0.931671806172429,-0.742369136185941,0.727393982715488,FALSE,0
GOBP_SPERM_MOTILITY,-0.867473712193223,0.582027913169441,0.0562058235255695,0.979633162220232,FALSE,0
GOBP_SPHINGOID_METABOLIC_PROCESS,3.92090438964795,0.00185400277624315,-1.95080688795731,0.286125020164996,FALSE,0
GOBP_SPHINGOLIPID_BIOSYNTHETIC_PROCESS,2.46255567565081,0.0624721572268607,-1.24142768466064,0.515313431489154,FALSE,0
GOBP_SPHINGOLIPID_MEDIATED_SIGNALING_PATHWAY,-1.02213800162533,0.504239645432766,0.933973548159153,0.651659136121216,FALSE,0
GOBP_SPINAL_CORD_DEVELOPMENT,-2.00849742719455,0.138227738886367,0.61066211043948,0.776555939819773,FALSE,0
GOBP_SPINAL_CORD_MOTOR_NEURON_DIFFERENTIATION,0.383056739767863,0.828655607376826,-0.654900818725857,0.759604918859386,FALSE,0
GOBP_SPINAL_CORD_PATTERNING,-1.42981966364454,0.324373801409625,0.515227992983164,0.817867146623193,FALSE,0
GOBP_SPINDLE_ASSEMBLY,0.685904026677482,0.674452797740558,-0.663726141034832,0.75740495097406,FALSE,0
GOBP_SPINDLE_LOCALIZATION,1.25145790557932,0.401034300243032,-0.181480732525213,0.937056145608701,FALSE,0
GOBP_SPINDLE_ORGANIZATION,1.0483482918387,0.491019457753649,-0.533578634457097,0.809074303286167,FALSE,0
GOBP_SPLEEN_DEVELOPMENT,-2.79585632065529,0.0313189932502103,3.0086793442898,0.104466194785178,FALSE,0
GOBP_SRP_DEPENDENT_COTRANSLATIONAL_PROTEIN_TARGETING_TO_MEMBRANE,-0.753463757010656,0.639499951259796,0.545440566896168,0.804705469256966,FALSE,0
GOBP_STABILIZATION_OF_MEMBRANE_POTENTIAL,-1.40284700155501,0.336754280584567,3.2652624232029,0.0794988342671015,FALSE,0
GOBP_STEROID_CATABOLIC_PROCESS,-0.377380626362772,0.830203639812594,1.56887100350531,0.402068068193045,FALSE,0
GOBP_STEROID_ESTERIFICATION,-2.4014964757527,0.0703989451193664,2.17542070334265,0.231546379186492,FALSE,0
GOBP_STEROID_HORMONE_MEDIATED_SIGNALING_PATHWAY,-3.19607688634202,0.0130388835755473,0.669757277882907,0.755843289561521,FALSE,0
GOBP_STEROL_BIOSYNTHETIC_PROCESS,-0.151425223239697,0.935698245171468,0.611931802976867,0.776555939819773,FALSE,0
GOBP_STEROL_HOMEOSTASIS,-4.44316469416723,0.000340622712170519,1.83707415891431,0.314230867714564,FALSE,0
GOBP_STEROL_METABOLIC_PROCESS,-2.62347834304862,0.0454516634187508,1.67430523440294,0.367653612109793,FALSE,0
GOBP_STEROL_TRANSPORT,-1.34134895859102,0.36184026373812,2.23011956983755,0.219234000944631,FALSE,0
GOBP_STRESS_ACTIVATED_PROTEIN_KINASE_SIGNALING_CASCADE,-0.327989558527569,0.852975821906748,1.13131525757289,0.566833364783764,FALSE,0
GOBP_STRESS_FIBER_ASSEMBLY,1.30154690084775,0.378281672487041,-0.86884480095688,0.67745259945864,FALSE,0
GOBP_STRESS_RESPONSE_TO_METAL_ION,1.17405966225878,0.431927422264007,-1.17495050256823,0.544731510588893,FALSE,0
GOBP_STRIATED_MUSCLE_ADAPTATION,-0.153198291567517,0.935698245171468,2.05655991228428,0.257673281864174,FALSE,0
GOBP_STRIATED_MUSCLE_CELL_APOPTOTIC_PROCESS,-1.3471281949846,0.359156271179999,0.157202841182022,0.947010828098717,FALSE,0
GOBP_STRIATUM_DEVELOPMENT,1.82519235458617,0.187241627120217,-0.943131637425531,0.648548648310209,FALSE,0
GOBP_SUBPALLIUM_DEVELOPMENT,3.23152347415485,0.0119354840550286,-0.675877304587375,0.753962607020088,FALSE,0
GOBP_SUBSTRATE_ADHESION_DEPENDENT_CELL_SPREADING,0.575084092917307,0.730752010342134,-0.124557369408656,0.957353354035876,FALSE,0
GOBP_SUBSTRATE_DEPENDENT_CELL_MIGRATION,0.609442400906418,0.713561245083984,-0.860356452825843,0.680139795222533,FALSE,0
GOBP_SULFUR_COMPOUND_BIOSYNTHETIC_PROCESS,0.881763019474312,0.575179636188176,-2.04430112226597,0.259929045043279,FALSE,0
GOBP_SULFUR_COMPOUND_CATABOLIC_PROCESS,-0.92700234595747,0.552398136821474,1.87937237829138,0.302171873240266,FALSE,0
GOBP_SUPEROXIDE_METABOLIC_PROCESS,1.14618334462913,0.443718817061404,-0.128197106265748,0.956353444472752,FALSE,0
GOBP_SUPPRESSION_OF_VIRAL_RELEASE_BY_HOST,-0.67268232351375,0.681300732739295,1.89291136187641,0.299105891695098,FALSE,0
GOBP_SYNAPSE_ASSEMBLY,2.51663772378053,0.056666035497793,-1.360657631515,0.476601885815488,FALSE,0
GOBP_SYNAPTIC_TRANSMISSION_DOPAMINERGIC,-0.180899173412805,0.925896615682625,2.01706021570967,0.266562492608851,FALSE,0
GOBP_SYNAPTIC_TRANSMISSION_GABAERGIC,0.869504131183552,0.581032392364722,-0.247962644212387,0.915903948041183,FALSE,0
GOBP_SYNAPTIC_VESICLE_CYTOSKELETAL_TRANSPORT,2.57917178113387,0.0497506545860232,-1.31042606467056,0.493980638273809,FALSE,0
GOBP_SYNAPTIC_VESICLE_LOCALIZATION,2.51425350746598,0.0569227701341474,-1.32212169935167,0.488228551169708,FALSE,0
GOBP_SYNAPTIC_VESICLE_MEMBRANE_ORGANIZATION,-0.573943932382032,0.730966533603433,0.759844277352106,0.72160101992432,FALSE,0
GOBP_SYNAPTIC_VESICLE_RECYCLING,-1.19942786739681,0.421211635761023,1.40965820590829,0.455183397576314,FALSE,0
GOBP_SYNAPTIC_VESICLE_TRANSPORT,2.92692434394381,0.0238843931699414,-1.1034218743609,0.579397488571469,FALSE,0
GOBP_SYNAPTONEMAL_COMPLEX_ORGANIZATION,-1.26930967718644,0.393013988044173,0.333005906258367,0.882214915237818,FALSE,0
GOBP_TAIL_ANCHORED_MEMBRANE_PROTEIN_INSERTION_INTO_ER_MEMBRANE,-1.20783720479801,0.417854205449779,3.14078767227731,0.0878604133797331,FALSE,0
GOBP_TELENCEPHALON_DEVELOPMENT,0.886959294835751,0.572623734371318,-0.0482665458914029,0.98262448072149,FALSE,0
GOBP_TELENCEPHALON_GLIAL_CELL_MIGRATION,0.701581935160844,0.665950094182052,-2.5503026851635,0.153805212052963,FALSE,0
GOBP_TELOMERASE_RNA_LOCALIZATION,0.20311858612957,0.913754025775719,-0.659254423425603,0.75751898943928,FALSE,0
GOBP_TEMPERATURE_HOMEOSTASIS,-2.07857053864034,0.123749820087402,0.526850445906561,0.811850909969706,FALSE,0
GOBP_TERPENOID_BIOSYNTHETIC_PROCESS,3.72274469085671,0.00331104505490141,-0.955408164499305,0.644366408276945,FALSE,0
GOBP_TETRAPYRROLE_BIOSYNTHETIC_PROCESS,3.63328797673639,0.00423781481961063,-1.84907580127047,0.310420142626383,FALSE,0
GOBP_TETRAPYRROLE_METABOLIC_PROCESS,2.11360676896786,0.116727111155532,-0.117921214057256,0.960553996308861,FALSE,0
GOBP_THYMIC_T_CELL_SELECTION,1.17717086147621,0.43126674318823,-0.240123222804277,0.919016072279647,FALSE,0
GOBP_THYMUS_DEVELOPMENT,-1.95188438012464,0.152885491746238,1.54926214507153,0.407946716250644,FALSE,0
GOBP_THYROID_GLAND_DEVELOPMENT,-3.41408817662925,0.00774598432235315,1.25238293445372,0.513430089189528,FALSE,0
GOBP_TISSUE_REMODELING,-0.145144439797473,0.936952000242148,2.11456862562787,0.245862674376288,FALSE,0
GOBP_TOLERANCE_INDUCTION,-1.7995066885039,0.194953516184556,0.635413387132297,0.766908103050242,FALSE,0
GOBP_TOXIN_METABOLIC_PROCESS,-1.48337445104104,0.30128627040677,0.0300035846635153,0.988214441817505,FALSE,0
GOBP_TRACHEA_DEVELOPMENT,-1.44587434846916,0.316789495286621,0.3533896393882,0.876749543345528,FALSE,0
GOBP_TRANSCRIPTION_BY_RNA_POLYMERASE_III,-2.53172255099443,0.0551349882650945,0.436476542228946,0.849729559636424,FALSE,0
GOBP_TRANSEPITHELIAL_TRANSPORT,1.70973322292232,0.223897434513937,-0.0635745703078518,0.977705551206265,FALSE,0
GOBP_TRANSFORMING_GROWTH_FACTOR_BETA1_PRODUCTION,0.439167249449438,0.802670764820042,-1.68551070105923,0.364064150233557,FALSE,0
GOBP_TRANSFORMING_GROWTH_FACTOR_BETA_PRODUCTION,2.59661296395834,0.0480443760406858,-0.866369490339938,0.678049541098999,FALSE,0
GOBP_TRANSLATIONAL_ELONGATION,-0.591334770145421,0.723832312677013,0.55510677327529,0.801312692034927,FALSE,0
GOBP_TRANSLATIONAL_TERMINATION,2.9102682297189,0.0246604793124936,-0.484903855096503,0.829669582281052,FALSE,0
GOBP_TRANSMISSION_OF_NERVE_IMPULSE,-0.172300202630254,0.929837793416364,1.38872177208252,0.462344769377743,FALSE,0
GOBP_TRANSPORT_ALONG_MICROTUBULE,0.632421131413264,0.702960688762133,-1.39893086276907,0.458707487962105,FALSE,0
GOBP_TRANSPOSITION,-4.77639512421899,0.000104422633557642,0.637762596755889,0.766125037815312,FALSE,0
GOBP_TRIGLYCERIDE_BIOSYNTHETIC_PROCESS,-3.49282897953307,0.00635884854947238,0.937454900876198,0.650024785494393,FALSE,0
GOBP_TRIGLYCERIDE_CATABOLIC_PROCESS,-0.236679628126682,0.896092827576509,2.56179482917755,0.151939243446627,FALSE,0
GOBP_TRIGLYCERIDE_METABOLIC_PROCESS,-2.74966752929687,0.0346690185313689,1.683473038139,0.36487169828293,FALSE,0
GOBP_TRNA_5_END_PROCESSING,0.416637292596848,0.813248542558777,-0.840921267629326,0.686615536936202,FALSE,0
GOBP_TRNA_WOBBLE_BASE_MODIFICATION,-2.39507325745778,0.0712416019961796,0.90607740906158,0.661783746273013,FALSE,0
GOBP_TROPHECTODERMAL_CELL_DIFFERENTIATION,-4.06362771595988,0.00121355314088863,0.897808806095853,0.666187230435036,FALSE,0
GOBP_TROPHOBLAST_GIANT_CELL_DIFFERENTIATION,0.335916329942641,0.849255365327992,-1.33657219983028,0.482900502103667,FALSE,0
GOBP_TUBE_FORMATION,-3.08624025464157,0.0168072117988493,0.532982356204395,0.809074303286167,FALSE,0
GOBP_TUMOR_NECROSIS_FACTOR_SUPERFAMILY_CYTOKINE_PRODUCTION,-0.368578056273217,0.835047841415329,1.02879362689764,0.611199426448192,FALSE,0
GOBP_TYPE_2_IMMUNE_RESPONSE,-0.291058775909589,0.872981470317812,3.13634509011732,0.0878604133797331,FALSE,0
GOBP_TYPE_B_PANCREATIC_CELL_DEVELOPMENT,2.13792104445061,0.112465889388301,-0.604811177196902,0.779917498782938,FALSE,0
GOBP_TYPE_I_INTERFERON_PRODUCTION,-1.28213156058097,0.387039945463338,1.50650464552039,0.421412873926269,FALSE,0
GOBP_TYROSINE_PHOSPHORYLATION_OF_STAT_PROTEIN,-1.17907876757372,0.430347376218762,0.428683813725478,0.853640687173812,FALSE,0
GOBP_T_CELL_ACTIVATION_INVOLVED_IN_IMMUNE_RESPONSE,-1.26112866375704,0.396284658861627,2.30115997059631,0.202996275846751,FALSE,0
GOBP_T_CELL_CHEMOTAXIS,-0.7646376597335,0.633277614870684,1.9566521116528,0.285302146861687,FALSE,0
GOBP_T_CELL_CYTOKINE_PRODUCTION,-1.32869867044844,0.366976286438846,2.399541425235,0.183683302987604,FALSE,0
GOBP_T_CELL_DIFFERENTIATION,-2.09734927925888,0.119852281551026,1.6677334730643,0.367975609460852,FALSE,0
GOBP_T_CELL_DIFFERENTIATION_INVOLVED_IN_IMMUNE_RESPONSE,-2.53898063128706,0.0545185819558401,2.72433927410947,0.128523557740991,FALSE,0
GOBP_T_CELL_DIFFERENTIATION_IN_THYMUS,1.8137357811075,0.190302498144156,-0.365183951145039,0.872474786136811,FALSE,0
GOBP_T_CELL_LINEAGE_COMMITMENT,-1.53258561364764,0.282649414266937,1.33872289125911,0.482900502103667,FALSE,0
GOBP_T_CELL_MEDIATED_CYTOTOXICITY,-0.482747697999418,0.780191768687705,0.380071833817845,0.868579661334171,FALSE,0
GOBP_T_CELL_MEDIATED_IMMUNITY,-1.20393501211399,0.418788108390465,0.542044718701571,0.805463614487549,FALSE,0
GOBP_T_CELL_RECEPTOR_SIGNALING_PATHWAY,-0.123841272980008,0.946616729908517,2.18964119807785,0.228454290933331,FALSE,0
GOBP_T_CELL_SELECTION,-0.654611238078607,0.692001422906536,0.730222491693277,0.731873867914901,FALSE,0
GOBP_T_CELL_TOLERANCE_INDUCTION,-0.985386620374942,0.52334326178353,1.14638710168048,0.558954074815941,FALSE,0
GOBP_T_HELPER_17_CELL_DIFFERENTIATION,-2.41982760718173,0.0675849409679421,1.84413644352961,0.311004171501178,FALSE,0
GOBP_T_HELPER_17_TYPE_IMMUNE_RESPONSE,-1.32178110398977,0.36991364940279,2.3890030649861,0.186385332808991,FALSE,0
GOBP_T_HELPER_2_CELL_DIFFERENTIATION,-1.33488412714901,0.364182190793578,2.97555724771637,0.106659237658179,FALSE,0
GOBP_T_HELPER_CELL_LINEAGE_COMMITMENT,-1.89563785637026,0.166675738543771,2.32954158116764,0.198189531990897,FALSE,0
GOBP_UBIQUINONE_METABOLIC_PROCESS,2.18312302780344,0.103935147311862,-1.17614331298281,0.544606098696237,FALSE,0
GOBP_UBIQUITIN_DEPENDENT_PROTEIN_CATABOLIC_PROCESS_VIA_THE_MULTIVESICULAR_BODY_SORTING_PATHWAY,-0.627963279092793,0.704090926527843,0.752441590102818,0.725115797213852,FALSE,0
GOBP_UNSATURATED_FATTY_ACID_BIOSYNTHETIC_PROCESS,1.8730237548988,0.173331987028753,-0.952571315990472,0.645646820121168,FALSE,0
GOBP_URETER_DEVELOPMENT,-2.69014195957594,0.0397138197469231,0.254751140302169,0.914297363480047,FALSE,0
GOBP_URONIC_ACID_METABOLIC_PROCESS,-1.01035376723542,0.510204853088761,0.536813694001711,0.807392731554116,FALSE,0
GOBP_UTERUS_DEVELOPMENT,-3.04557135394406,0.0184252216932901,0.579835746751177,0.788893795371394,FALSE,0
GOBP_VACUOLAR_LOCALIZATION,-0.123945634686918,0.946616729908517,1.58714900896023,0.397311988944257,FALSE,0
GOBP_VACUOLE_ORGANIZATION,-0.707339404295161,0.66260453700705,0.601448239236805,0.781548450913779,FALSE,0
GOBP_VASCULAR_ASSOCIATED_SMOOTH_MUSCLE_CELL_MIGRATION,2.20571362966152,0.100144421186907,-2.82165131969901,0.12208639208908,FALSE,0
GOBP_VASCULAR_ASSOCIATED_SMOOTH_MUSCLE_CONTRACTION,3.7718113697004,0.00291928003114324,-1.66297365665653,0.369271569388437,FALSE,0
GOBP_VASCULAR_ENDOTHELIAL_CELL_PROLIFERATION,-2.21080810227356,0.0992323947723581,3.14370882468342,0.0878604133797331,FALSE,0
GOBP_VASCULAR_ENDOTHELIAL_GROWTH_FACTOR_RECEPTOR_SIGNALING_PATHWAY,-1.24544611868665,0.403151195742097,1.19879639117168,0.536181064585109,FALSE,0
GOBP_VASCULAR_PROCESS_IN_CIRCULATORY_SYSTEM,-0.459126948244923,0.793084704939438,0.417172576614766,0.858450203586381,FALSE,0
GOBP_VASCULOGENESIS,-1.43739891639669,0.32054002716822,0.959193566459649,0.643117229431914,FALSE,0
GOBP_VENOUS_BLOOD_VESSEL_DEVELOPMENT,3.01124620144066,0.0199057281231957,-0.182856333107811,0.936708111397921,FALSE,0
GOBP_VENTRAL_SPINAL_CORD_DEVELOPMENT,0.667381097974422,0.684652866619868,-0.61948113206766,0.77335922527407,FALSE,0
GOBP_VENTRICULAR_SEPTUM_MORPHOGENESIS,-0.262191045496669,0.884952054720781,0.293582440487901,0.899186004145709,FALSE,0
GOBP_VERY_LONG_CHAIN_FATTY_ACID_METABOLIC_PROCESS,2.29620613680471,0.0849858604620877,-0.897331705431095,0.666187230435036,FALSE,0
GOBP_VESICLE_CARGO_LOADING,0.204392842426201,0.913754025775719,-1.21790045937455,0.526415192726032,FALSE,0
GOBP_VESICLE_CYTOSKELETAL_TRAFFICKING,3.39457284146565,0.00814379114740501,-0.746435811693652,0.727208221617223,FALSE,0
GOBP_VESICLE_FUSION_TO_PLASMA_MEMBRANE,-0.233919815945588,0.897109487465285,0.070630372490299,0.975856632099602,FALSE,0
GOBP_VESICLE_LOCALIZATION,2.93821506062079,0.0233158547919046,-0.411831746751671,0.859523965729062,FALSE,0
GOBP_VESICLE_MEDIATED_TRANSPORT_BETWEEN_ENDOSOMAL_COMPARTMENTS,0.191639523188465,0.921718527761897,-0.586458597042791,0.785857861354494,FALSE,0
GOBP_VESICLE_TARGETING,2.70175886334044,0.0387713883766748,-1.0921375958989,0.585087981079032,FALSE,0
GOBP_VESICLE_TRANSPORT_ALONG_MICROTUBULE,3.20179747685035,0.0128090031276528,-1.95386928050073,0.285302146861687,FALSE,0
GOBP_VIRAL_BUDDING,-1.5362001921849,0.281508716981159,0.017399738286565,0.99307854889173,FALSE,0
GOBP_VIRAL_GENOME_REPLICATION,-1.78148238866816,0.201315891028921,0.144052053032358,0.950995966667706,FALSE,0
GOBP_VIRAL_RELEASE_FROM_HOST_CELL,-2.07444409774099,0.1242800635701,1.60855864583533,0.390136365784261,FALSE,0
GOBP_VIRAL_RNA_GENOME_REPLICATION,0.323737907085015,0.853973096164156,-1.59715371798633,0.394803841680721,FALSE,0
GOBP_VIRION_ASSEMBLY,-1.85077215089788,0.179759567274449,0.0787530219894801,0.973035882033051,FALSE,0
GOBP_VISUAL_BEHAVIOR,-0.620458660631228,0.708276609840185,0.582338806806405,0.787584960712562,FALSE,0
GOBP_VITAMIN_CATABOLIC_PROCESS,-0.834507252576248,0.598848442250488,1.09965166353441,0.580807973004959,FALSE,0
GOBP_VITAMIN_TRANSPORT,-0.18594496657251,0.924096904025274,1.89529534211751,0.298460131493817,FALSE,0
GOBP_WATER_TRANSPORT,-2.2212918111847,0.0978912382569998,2.51288166790803,0.160312456169313,FALSE,0
GOBP_WOUND_HEALING_SPREADING_OF_EPIDERMAL_CELLS,3.12328577436814,0.0154249210587766,-2.08285658540399,0.254649572126265,FALSE,0
GOBP_XENOBIOTIC_CATABOLIC_PROCESS,-1.1023921342433,0.464219326717554,1.98864652781215,0.274665710851495,FALSE,0
GOBP_XENOBIOTIC_METABOLIC_PROCESS,-0.756163619181812,0.637982882941887,1.63849213350196,0.37892086832246,FALSE,0
GOBP_XENOBIOTIC_TRANSPORT,1.91693120344001,0.161151760232689,-1.43885987949555,0.446719543628172,FALSE,0
GOBP_ZINC_ION_HOMEOSTASIS,4.57883773409227,0.000213793521949935,-1.3877040113692,0.462708216257355,FALSE,0
GOBP_ZINC_ION_TRANSPORT,3.62067406160691,0.00443497184483871,-0.0410800273541469,0.984492778415995,FALSE,0
GOBP_ZYMOGEN_ACTIVATION,5.07987450121878,3.41174806168449e-05,-0.303759657634435,0.896399201194599,FALSE,0
HALLMARK_ADIPOGENESIS,-0.651475947760498,0.694183511739692,2.09843381390667,0.250567461061036,FALSE,0
HALLMARK_ANDROGEN_RESPONSE,1.83715881734944,0.183716467942443,-3.02113777880101,0.10184111418055,FALSE,0
HALLMARK_ANGIOGENESIS,5.38873306352245,1.08049356505683e-05,-1.15244419179791,0.555853952971751,FALSE,0
HALLMARK_CHOLESTEROL_HOMEOSTASIS,-0.169830779532572,0.930761061355691,0.841344282384176,0.686615536936202,FALSE,0
HALLMARK_DNA_REPAIR,-2.04631749897973,0.129930144031465,0.799500321224023,0.704062674219277,FALSE,0
HALLMARK_E2F_TARGETS,1.07046076223353,0.479828699303458,-1.23510125584094,0.518123747892656,FALSE,0
HALLMARK_ESTROGEN_RESPONSE_EARLY,-2.5676953932784,0.0510299663707108,0.405231986617109,0.861203015975282,FALSE,0
HALLMARK_G2M_CHECKPOINT,1.26178632108803,0.395978920960874,-1.17002428612018,0.546315068369959,FALSE,0
HALLMARK_HEME_METABOLISM,-0.245240200321488,0.892025473412474,0.58097867185914,0.788458642585525,FALSE,0
HALLMARK_HYPOXIA,-3.11120323496144,0.0158577840676441,1.06565320700039,0.596695546299635,FALSE,0
HALLMARK_IL2_STAT5_SIGNALING,-0.520816966030386,0.758917518297202,0.672123045120375,0.754240574854639,FALSE,0
HALLMARK_IL6_JAK_STAT3_SIGNALING,-0.0975749549018632,0.957605820826525,0.190597960552638,0.933942857907459,FALSE,0
HALLMARK_INTERFERON_ALPHA_RESPONSE,-1.05079000319405,0.489781174733876,1.05834717073519,0.599845771025194,FALSE,0
HALLMARK_INTERFERON_GAMMA_RESPONSE,-0.567073550681111,0.734403905736009,1.66284124600789,0.369271569388437,FALSE,0
HALLMARK_KRAS_SIGNALING_DN,-0.858952876097333,0.586863538138652,1.66564443203713,0.368500327973335,FALSE,0
HALLMARK_MTORC1_SIGNALING,0.384661656570829,0.827684804056031,-0.635908628626962,0.766908103050242,FALSE,0
HALLMARK_MYOGENESIS,-0.377863862125249,0.829970956070607,2.75390847450672,0.125037116367193,FALSE,0
HALLMARK_P53_PATHWAY,-2.84988314054867,0.0279049606636923,1.97878824826667,0.277633311528597,FALSE,0
HALLMARK_PROTEIN_SECRETION,1.86177346174561,0.176373096529139,-1.43624127096169,0.446719543628172,FALSE,0
HALLMARK_TGF_BETA_SIGNALING,2.56999516569383,0.0507467067427099,-0.822628611013927,0.693800388325294,FALSE,0
HALLMARK_TNFA_SIGNALING_VIA_NFKB,-2.07732722970164,0.123833589840483,2.10597060159204,0.249067038174292,FALSE,0
HALLMARK_UV_RESPONSE_DN,0.614518140580612,0.710679947017901,-2.07672638819582,0.254649572126265,FALSE,0
HALLMARK_UV_RESPONSE_UP,-2.16003651640265,0.108964181997094,3.73459734634283,0.0508236278089835,FALSE,0
HALLMARK_WNT_BETA_CATENIN_SIGNALING,-0.485603809521971,0.77842864326295,1.2759497416621,0.505110663757963,FALSE,0
HALLMARK_XENOBIOTIC_METABOLISM,-0.594521487294679,0.721596248289557,2.80100683108618,0.124593100539442,FALSE,0
KEGG_ABC_TRANSPORTERS,-1.13487839526445,0.449755737837155,0.90428122928102,0.662314622339991,FALSE,0
KEGG_ACUTE_MYELOID_LEUKEMIA,-2.27251344408177,0.0888569286216471,1.94247440429572,0.287000809688519,FALSE,0
KEGG_ADIPOCYTOKINE_SIGNALING_PATHWAY,-2.651668113616,0.0432129534427812,1.54177469361324,0.410374577871957,FALSE,0
KEGG_ALLOGRAFT_REJECTION,-2.0117781802035,0.13748272819506,1.95029049624056,0.286125020164996,FALSE,0
KEGG_AMINOACYL_TRNA_BIOSYNTHESIS,0.702733413647262,0.66535332428517,-1.05467060790201,0.6009694684488,FALSE,0
KEGG_AMINO_SUGAR_AND_NUCLEOTIDE_SUGAR_METABOLISM,-0.600866339161708,0.717766727705501,1.18712163469557,0.540598886704251,FALSE,0
KEGG_AMYOTROPHIC_LATERAL_SCLEROSIS_ALS,1.6001663887938,0.258539446149235,-0.263039835508162,0.91108101798459,FALSE,0
KEGG_ANTIGEN_PROCESSING_AND_PRESENTATION,-0.121715915844864,0.947663647213047,2.58076472158265,0.148199359551676,FALSE,0
KEGG_APOPTOSIS,2.13349597255398,0.113409265658792,-0.898474698124796,0.666023713922872,FALSE,0
KEGG_ARGININE_AND_PROLINE_METABOLISM,-1.7888570372774,0.198826035881869,1.94890831522789,0.286639619111921,FALSE,0
KEGG_ASTHMA,-0.116315712356994,0.9497392160504,2.23049788520829,0.219234000944631,FALSE,0
KEGG_BASAL_CELL_CARCINOMA,1.29796479243736,0.379492485406475,-0.580482754893911,0.788601648562287,FALSE,0
KEGG_BIOSYNTHESIS_OF_UNSATURATED_FATTY_ACIDS,3.42329772673542,0.00756583500631644,-1.69112338491561,0.362753415817863,FALSE,0
KEGG_BLADDER_CANCER,-0.906603829183873,0.562098657060321,1.92111373046547,0.29152325444943,FALSE,0
KEGG_CELL_ADHESION_MOLECULES_CAMS,-0.955228879236254,0.537481443753339,1.53757454925634,0.411651559213443,FALSE,0
KEGG_CELL_CYCLE,0.72637353350005,0.651776921101015,-1.51025325031277,0.419393514573453,FALSE,0
KEGG_CYTOSOLIC_DNA_SENSING_PATHWAY,-0.238069589396113,0.895287608743717,2.46405457256032,0.17001421530622,FALSE,0
KEGG_DORSO_VENTRAL_AXIS_FORMATION,-2.24326243011189,0.0940577000041046,0.357600009689029,0.875018183724049,FALSE,0
KEGG_DRUG_METABOLISM_CYTOCHROME_P450,-1.63371781195522,0.247429645085317,2.70766439826764,0.132466405210862,FALSE,0
KEGG_DRUG_METABOLISM_OTHER_ENZYMES,-2.12721814625022,0.114255450768406,2.83113819930013,0.12208639208908,FALSE,0
KEGG_ENDOCYTOSIS,-0.822548668072502,0.605158065589309,1.54391282881533,0.409708617088738,FALSE,0
KEGG_ENDOMETRIAL_CANCER,-0.013727394480465,0.993808729685751,0.0588143627887275,0.978899943649486,FALSE,0
KEGG_ERBB_SIGNALING_PATHWAY,-1.49022431544696,0.299034583218515,1.60628096396608,0.390649322824755,FALSE,0
KEGG_FC_EPSILON_RI_SIGNALING_PATHWAY,-1.03637739882536,0.496245079995877,1.24458835515411,0.515313431489154,FALSE,0
KEGG_FRUCTOSE_AND_MANNOSE_METABOLISM,-2.61347238795844,0.0463344477686031,2.83785330066891,0.121493288143153,FALSE,0
KEGG_GLYCINE_SERINE_AND_THREONINE_METABOLISM,-2.82499077373144,0.0293826976468408,0.662159611432478,0.75740495097406,FALSE,0
KEGG_GLYCOLYSIS_GLUCONEOGENESIS,-2.07330446489408,0.124384557498161,2.61476541278696,0.143757698861904,FALSE,0
KEGG_GLYCOSYLPHOSPHATIDYLINOSITOL_GPI_ANCHOR_BIOSYNTHESIS,1.55966623229254,0.273397031818719,-1.1286264118265,0.567306978797661,FALSE,0
KEGG_GRAFT_VERSUS_HOST_DISEASE,-1.14063837303415,0.446704663432936,2.17896593989307,0.231429253091591,FALSE,0
KEGG_INSULIN_SIGNALING_PATHWAY,-2.41025292798825,0.0689769761771583,1.58272201930188,0.398399264635893,FALSE,0
KEGG_INTESTINAL_IMMUNE_NETWORK_FOR_IGA_PRODUCTION,-0.969233854953163,0.530973892016088,1.69029844638241,0.362753415817863,FALSE,0
KEGG_JAK_STAT_SIGNALING_PATHWAY,-1.25440329306373,0.400045166395155,0.839476508268143,0.686970950040283,FALSE,0
KEGG_LEUKOCYTE_TRANSENDOTHELIAL_MIGRATION,0.214463751517556,0.908004044419393,-0.378406518000902,0.868580931982409,FALSE,0
KEGG_LINOLEIC_ACID_METABOLISM,-0.782043145849524,0.624131848490738,1.5422561261133,0.410374577871957,FALSE,0
KEGG_LONG_TERM_POTENTIATION,3.07088862990996,0.017470805926995,-1.61766700928575,0.385984161940352,FALSE,0
KEGG_MAPK_SIGNALING_PATHWAY,-0.905618374188508,0.562734194575884,1.75518671075883,0.339626677274072,FALSE,0
KEGG_MATURITY_ONSET_DIABETES_OF_THE_YOUNG,-0.967902282957184,0.530989706905601,2.938385643866,0.10793004595737,FALSE,0
KEGG_METABOLISM_OF_XENOBIOTICS_BY_CYTOCHROME_P450,-1.1520442040524,0.442289771665608,2.95567548076475,0.106659237658179,FALSE,0
KEGG_NOD_LIKE_RECEPTOR_SIGNALING_PATHWAY,0.182928733357008,0.925200131501614,-0.0776512536655746,0.973355494653687,FALSE,0
KEGG_NON_SMALL_CELL_LUNG_CANCER,-0.0133085348640379,0.993820924498385,2.02765433491228,0.265352694894437,FALSE,0
KEGG_NOTCH_SIGNALING_PATHWAY,-1.26021352044002,0.396768000512778,0.771721964829677,0.716823621567923,FALSE,0
KEGG_N_GLYCAN_BIOSYNTHESIS,4.7469469750809,0.000116848385554635,-0.704393635928972,0.741488107916514,FALSE,0
KEGG_OOCYTE_MEIOSIS,2.07068015593918,0.124945256090891,-0.642489479161942,0.764970709026796,FALSE,0
KEGG_P53_SIGNALING_PATHWAY,1.25138698893058,0.401034300243032,-1.60734624329621,0.390547355051411,FALSE,0
KEGG_PATHOGENIC_ESCHERICHIA_COLI_INFECTION,2.71756163145113,0.0373344543372215,-0.121166717401122,0.959214334352509,FALSE,0
KEGG_PENTOSE_AND_GLUCURONATE_INTERCONVERSIONS,-0.190231119761844,0.922007635477408,0.111208135000275,0.962670597295486,FALSE,0
KEGG_PEROXISOME,0.114352268520609,0.9497392160504,-0.952869605226563,0.645646820121168,FALSE,0
KEGG_PURINE_METABOLISM,-0.177229682323808,0.926828608532561,0.860961020679206,0.68010248314124,FALSE,0
KEGG_PYRUVATE_METABOLISM,-2.67997444522232,0.0406333808848081,1.11065635521885,0.576053361156464,FALSE,0
KEGG_REGULATION_OF_AUTOPHAGY,0.897349927420157,0.566961088914285,-0.251132226767618,0.91505056868916,FALSE,0
KEGG_RIBOSOME,-2.89891485425906,0.0252263849666592,0.690302018636522,0.747665034617049,FALSE,0
KEGG_RIG_I_LIKE_RECEPTOR_SIGNALING_PATHWAY,-0.504840546090612,0.768992730613915,0.911889777341059,0.661045569474747,FALSE,0
KEGG_RNA_POLYMERASE,-0.425727471489164,0.808671009653429,1.05874497900163,0.599750525906475,FALSE,0
KEGG_SMALL_CELL_LUNG_CANCER,1.49540415923214,0.297756129924306,-0.717796971650896,0.738372144383806,FALSE,0
KEGG_SNARE_INTERACTIONS_IN_VESICULAR_TRANSPORT,-0.599847653423218,0.718408294739268,2.09047082048069,0.25322064516832,FALSE,0
KEGG_SPHINGOLIPID_METABOLISM,2.91307093065295,0.0246033723453396,-1.0304387013218,0.610573944148975,FALSE,0
KEGG_STARCH_AND_SUCROSE_METABOLISM,0.836729154351549,0.597617613030598,-0.343769610491397,0.880308661338595,FALSE,0
KEGG_STEROID_BIOSYNTHESIS,1.97668170595194,0.146480275232776,-1.31601947588854,0.491570859732919,FALSE,0
KEGG_TERPENOID_BACKBONE_BIOSYNTHESIS,1.36264838984154,0.352629755259162,-1.20564322557784,0.533383742669794,FALSE,0
KEGG_TGF_BETA_SIGNALING_PATHWAY,2.54661718989556,0.0536466036298256,-1.29552757414832,0.497631720775611,FALSE,0
KEGG_TIGHT_JUNCTION,-0.234162050804731,0.897094268259082,1.66740989950885,0.367975609460852,FALSE,0
KEGG_TRYPTOPHAN_METABOLISM,-2.20976450690677,0.0993940612580561,0.151074472234049,0.949040425701543,FALSE,0
KEGG_TYPE_I_DIABETES_MELLITUS,-1.65120622280087,0.241352508936977,2.02110076706172,0.265826919159705,FALSE,0
KEGG_VASOPRESSIN_REGULATED_WATER_REABSORPTION,-0.00575056094666548,0.998084078050975,1.09662419961777,0.582348336391596,FALSE,0
KEGG_VEGF_SIGNALING_PATHWAY,-1.1961980821851,0.42276058723556,1.14230499919096,0.560729217654209,FALSE,0
KEGG_WNT_SIGNALING_PATHWAY,1.41027383666614,0.33383984104218,-0.0470353755434465,0.98262448072149,FALSE,0
REACTOME_ABC_TRANSPORTERS_IN_LIPID_HOMEOSTASIS,-1.68248753599514,0.232983767798205,1.5856321246927,0.397706122964914,FALSE,0
REACTOME_ABC_TRANSPORTER_DISORDERS,-0.24151105097134,0.893685105396831,0.668855740572815,0.756201549923075,FALSE,0
REACTOME_ABERRANT_REGULATION_OF_MITOTIC_G1_S_TRANSITION_IN_CANCER_DUE_TO_RB1_DEFECTS,2.83375657119103,0.0289226442473536,-1.58329451335855,0.398399264635893,FALSE,0
REACTOME_ABORTIVE_ELONGATION_OF_HIV_1_TRANSCRIPT_IN_THE_ABSENCE_OF_TAT,-1.14117963211106,0.44646100912276,2.28345466296959,0.206579698774132,FALSE,0
REACTOME_ACETYLCHOLINE_NEUROTRANSMITTER_RELEASE_CYCLE,-0.816336124743107,0.607769650302283,1.56714881962493,0.40273840538617,FALSE,0
REACTOME_ACTIVATED_NOTCH1_TRANSMITS_SIGNAL_TO_THE_NUCLEUS,-1.54850180536129,0.277064377583427,0.133530542554558,0.954548199982534,FALSE,0
REACTOME_ACTIVATION_OF_BAD_AND_TRANSLOCATION_TO_MITOCHONDRIA,3.58854112989419,0.00487810595069155,-0.601038513442189,0.781548450913779,FALSE,0
REACTOME_ACTIVATION_OF_BH3_ONLY_PROTEINS,2.27202692907393,0.0889035655659399,-0.345495945394726,0.879526394497877,FALSE,0
REACTOME_ACTIVATION_OF_IRF3_IRF7_MEDIATED_BY_TBK1_IKK_EPSILON,-2.95381283708176,0.0225608934751842,1.05412453139107,0.6009694684488,FALSE,0
REACTOME_ACTIVATION_OF_SMO,-2.82445293832196,0.0293826976468408,0.596560634548359,0.782772488905937,FALSE,0
REACTOME_ACTIVATION_OF_THE_MRNA_UPON_BINDING_OF_THE_CAP_BINDING_COMPLEX_AND_EIFS_AND_SUBSEQUENT_BINDING_TO_43S,-3.27640944188351,0.0107448268783174,0.549437319940004,0.803429469322461,FALSE,0
REACTOME_ACYL_CHAIN_REMODELLING_OF_PE,-1.29635605888394,0.380180860273408,0.548081211527727,0.803849616418208,FALSE,0
REACTOME_ACYL_CHAIN_REMODELLING_OF_PG,0.162181878106343,0.93291396744366,-1.013731211792,0.615905763178319,FALSE,0
REACTOME_ACYL_CHAIN_REMODELLING_OF_PI,-0.269943844614533,0.881921364959809,1.00789726492581,0.619528833704764,FALSE,0
REACTOME_ACYL_CHAIN_REMODELLING_OF_PS,-0.9391162068577,0.544452071817476,1.013822606504,0.615905763178319,FALSE,0
REACTOME_AGGREPHAGY,-0.536772711463931,0.750972247556985,1.5140216135567,0.417887708146187,FALSE,0
REACTOME_AMINE_LIGAND_BINDING_RECEPTORS,-0.861504198811806,0.585430327130747,1.66990770134224,0.367975609460852,FALSE,0
REACTOME_AMINO_ACIDS_REGULATE_MTORC1,-2.89815056837557,0.0252263849666592,1.22471051337569,0.523284683275687,FALSE,0
REACTOME_AMINO_ACID_TRANSPORT_ACROSS_THE_PLASMA_MEMBRANE,-0.906845127297916,0.562098657060321,1.44042272581168,0.446719543628172,FALSE,0
REACTOME_ANCHORING_OF_THE_BASAL_BODY_TO_THE_PLASMA_MEMBRANE,0.266108799220914,0.883498425551673,-2.52549208676914,0.157399168520166,FALSE,0
REACTOME_ANTIGEN_PRESENTATION_FOLDING_ASSEMBLY_AND_PEPTIDE_LOADING_OF_CLASS_I_MHC,-3.04032964650557,0.018691371253331,1.20014581055469,0.535920559042012,FALSE,0
REACTOME_ANTIVIRAL_MECHANISM_BY_IFN_STIMULATED_GENES,-1.35816802379253,0.354956133644227,0.0395585088899474,0.984791536339085,FALSE,0
REACTOME_APC_C_CDH1_MEDIATED_DEGRADATION_OF_CDC20_AND_OTHER_APC_C_CDH1_TARGETED_PROTEINS_IN_LATE_MITOSIS_EARLY_G1,0.632151038846914,0.703005405182884,-0.149118488333097,0.949576814588449,FALSE,0
REACTOME_APC_C_MEDIATED_DEGRADATION_OF_CELL_CYCLE_PROTEINS,1.14894316591752,0.443226869402259,-0.325983944272759,0.885257207332386,FALSE,0
REACTOME_APOPTOSIS,1.66799848043711,0.23692454369533,-0.778911335314152,0.713930045627481,FALSE,0
REACTOME_APOPTOTIC_CLEAVAGE_OF_CELLULAR_PROTEINS,2.97989903335804,0.0213425369048671,-0.81632288203939,0.69575394759916,FALSE,0
REACTOME_APOPTOTIC_EXECUTION_PHASE,2.06961363482745,0.125191088741157,-1.891657213503,0.299105891695098,FALSE,0
REACTOME_APOPTOTIC_FACTOR_MEDIATED_RESPONSE,0.111127174927149,0.950849535672354,-2.33581149242934,0.196387229911255,FALSE,0
REACTOME_ARACHIDONIC_ACID_METABOLISM,-0.617665514760788,0.709800160291399,1.33504793131225,0.482900502103667,FALSE,0
REACTOME_ASSEMBLY_OF_THE_HIV_VIRION,-1.13552634829248,0.449548570414178,0.83124064240277,0.689964390536237,FALSE,0
REACTOME_ASYMMETRIC_LOCALIZATION_OF_PCP_PROTEINS,0.887071008589388,0.572623734371318,-0.554455719629622,0.801312692034927,FALSE,0
REACTOME_AUF1_HNRNP_D0_BINDS_AND_DESTABILIZES_MRNA,0.649460900685207,0.695171914683657,-0.183421431430834,0.936708111397921,FALSE,0
REACTOME_AURKA_ACTIVATION_BY_TPX2,0.40977437288073,0.816241534977624,-2.61907889884415,0.142403614822654,FALSE,0
REACTOME_AUTOPHAGY,-2.23255601544223,0.0960629791220375,1.80195032143024,0.325838043121474,FALSE,0
REACTOME_A_TETRASACCHARIDE_LINKER_SEQUENCE_IS_REQUIRED_FOR_GAG_SYNTHESIS,-0.28044397937185,0.877759184536559,0.641036011471678,0.765919455058233,FALSE,0
REACTOME_BASIGIN_INTERACTIONS,-0.290646269365564,0.87305700237999,0.533125152559863,0.809074303286167,FALSE,0
REACTOME_BIOLOGICAL_OXIDATIONS,-0.735346565402071,0.647659068666202,0.14340470903989,0.950995966667706,FALSE,0
REACTOME_BIOSYNTHESIS_OF_SPECIALIZED_PRORESOLVING_MEDIATORS_SPMS,-1.46685202575294,0.308888625897776,2.76738346705114,0.125037116367193,FALSE,0
REACTOME_BMAL1_CLOCK_NPAS2_ACTIVATES_CIRCADIAN_GENE_EXPRESSION,-3.06865324159818,0.0175622726500869,1.16583711923798,0.547720811044917,FALSE,0
REACTOME_BUDDING_AND_MATURATION_OF_HIV_VIRION,-1.94428141857247,0.155175596988282,0.00211621067121368,0.998894976129972,FALSE,0
REACTOME_CA2_PATHWAY,1.20482004575065,0.418581389826822,-0.59998432851486,0.782035844191235,FALSE,0
REACTOME_CALNEXIN_CALRETICULIN_CYCLE,-0.405684364839259,0.817365901362193,0.566583928210548,0.796263932078713,FALSE,0
REACTOME_CARGO_RECOGNITION_FOR_CLATHRIN_MEDIATED_ENDOCYTOSIS,-0.0911471551798377,0.960251527511727,0.892743805533314,0.668496558917775,FALSE,0
REACTOME_CASPASE_ACTIVATION_VIA_DEATH_RECEPTORS_IN_THE_PRESENCE_OF_LIGAND,2.17721212413651,0.105283808096805,-0.974492177988603,0.636571051238007,FALSE,0
REACTOME_CASPASE_ACTIVATION_VIA_EXTRINSIC_APOPTOTIC_SIGNALLING_PATHWAY,0.249722535984889,0.891059955309015,-1.70117624469376,0.35984389550323,FALSE,0
REACTOME_CA_DEPENDENT_EVENTS,2.03208573973441,0.132968434695447,-0.027740046801198,0.989233339766264,FALSE,0
REACTOME_CD28_DEPENDENT_PI3K_AKT_SIGNALING,-0.58252170680665,0.727869973937027,0.612344070221066,0.776450158662962,FALSE,0
REACTOME_CDT1_ASSOCIATION_WITH_THE_CDC6_ORC_ORIGIN_COMPLEX,0.177431424926582,0.926828608532561,-0.543658242432344,0.804800050888489,FALSE,0
REACTOME_CELLULAR_HEXOSE_TRANSPORT,-1.62476548425689,0.25027535399229,0.69100247049715,0.747532505540779,FALSE,0
REACTOME_CELLULAR_RESPONSE_TO_CHEMICAL_STRESS,-0.683967854095219,0.675208262035441,0.937333885633711,0.650024785494393,FALSE,0
REACTOME_CELLULAR_RESPONSE_TO_HYPOXIA,0.116183459316911,0.9497392160504,-0.278102113455546,0.906412855917304,FALSE,0
REACTOME_CELLULAR_RESPONSE_TO_STARVATION,-3.74867187562276,0.00306221263932788,0.607316981120577,0.778621855339365,FALSE,0
REACTOME_CELL_CYCLE_CHECKPOINTS,0.251417491547998,0.890211424656688,-1.7027400471494,0.359790916356991,FALSE,0
REACTOME_CHAPERONE_MEDIATED_AUTOPHAGY,-0.726148091600479,0.651776921101015,2.67222898013374,0.139553612046791,FALSE,0
REACTOME_CHOLESTEROL_BIOSYNTHESIS,2.24772018354156,0.0933884236655327,-1.13569500145785,0.564726759199201,FALSE,0
REACTOME_CILIUM_ASSEMBLY,0.0354703771415713,0.984199019812646,-1.31650300859081,0.491570859732919,FALSE,0
REACTOME_CIRCADIAN_CLOCK,-4.5487993133734,0.000235426523684315,1.17407848455751,0.545036380009696,FALSE,0
REACTOME_CLASS_I_PEROXISOMAL_MEMBRANE_PROTEIN_IMPORT,0.66379039507541,0.686472947248645,-1.28225643140724,0.503358143747069,FALSE,0
REACTOME_COBALAMIN_CBL_VITAMIN_B12_TRANSPORT_AND_METABOLISM,-3.22593002867424,0.0120396516619988,0.0321961743370171,0.988168435572015,FALSE,0
REACTOME_COMMON_PATHWAY_OF_FIBRIN_CLOT_FORMATION,4.72638352157579,0.000126540159866101,-0.235929595463482,0.92024633360226,FALSE,0
REACTOME_COMPLEX_I_BIOGENESIS,-0.135254076033965,0.941989381878875,0.148515935415818,0.949805262511722,FALSE,0
REACTOME_CONSTITUTIVE_SIGNALING_BY_ABERRANT_PI3K_IN_CANCER,-1.18402883452962,0.428886822767004,1.19087148053623,0.539312157194316,FALSE,0
REACTOME_CONSTITUTIVE_SIGNALING_BY_AKT1_E17K_IN_CANCER,-1.25801210552867,0.397844497902169,1.52287231102224,0.415665949118183,FALSE,0
REACTOME_CONSTITUTIVE_SIGNALING_BY_EGFRVIII,0.164433446526328,0.93198934688683,-1.53403420919409,0.411931851820619,FALSE,0
REACTOME_COSTIMULATION_BY_THE_CD28_FAMILY,-0.407539223733016,0.817065493526567,1.91568641446643,0.292456522738161,FALSE,0
REACTOME_CREB1_PHOSPHORYLATION_THROUGH_NMDA_RECEPTOR_MEDIATED_ACTIVATION_OF_RAS_SIGNALING,1.97751449528014,0.146366741969251,-1.67537382179955,0.367469698933246,FALSE,0
REACTOME_CROSS_PRESENTATION_OF_SOLUBLE_EXOGENOUS_ANTIGENS_ENDOSOMES,1.35656885583208,0.3554277955972,-0.0576081137067033,0.979227857714663,FALSE,0
REACTOME_CYTOCHROME_P450_ARRANGED_BY_SUBSTRATE_TYPE,-1.9651164239422,0.149450372739593,0.974519575268945,0.636571051238007,FALSE,0
REACTOME_CYTOPROTECTION_BY_HMOX1,-0.981496251107843,0.525523427763521,0.588084105527284,0.785397065227644,FALSE,0
REACTOME_CYTOSOLIC_SENSORS_OF_PATHOGEN_ASSOCIATED_DNA,-1.69197855107731,0.22959034727459,2.04359592112648,0.259929045043279,FALSE,0
REACTOME_CYTOSOLIC_SULFONATION_OF_SMALL_MOLECULES,3.71160502360762,0.00342074949735062,-2.36909315594372,0.189222989608367,FALSE,0
REACTOME_C_TYPE_LECTIN_RECEPTORS_CLRS,1.074850206439,0.477443473038571,-0.128118078414419,0.956353444472752,FALSE,0
REACTOME_DAP12_INTERACTIONS,0.593942872877889,0.721918703602971,-1.59786699630119,0.394803841680721,FALSE,0
REACTOME_DAP12_SIGNALING,0.72583758066822,0.651776921101015,-2.157686816957,0.234131129706116,FALSE,0
REACTOME_DDX58_IFIH1_MEDIATED_INDUCTION_OF_INTERFERON_ALPHA_BETA,-3.04256213638921,0.0185818207385596,2.02583065444329,0.265352694894437,FALSE,0
REACTOME_DEACTIVATION_OF_THE_BETA_CATENIN_TRANSACTIVATING_COMPLEX,-3.45314405848504,0.0070445059662599,0.785195372844056,0.711012887563741,FALSE,0
REACTOME_DEFECTIVE_CFTR_CAUSES_CYSTIC_FIBROSIS,0.252558327816133,0.889777357990243,-0.0669176410459261,0.977041834922853,FALSE,0
REACTOME_DEFECTS_IN_VITAMIN_AND_COFACTOR_METABOLISM,-1.78790565767064,0.19913576682638,0.165614476839804,0.944084683488536,FALSE,0
REACTOME_DEGRADATION_OF_AXIN,0.410249566960476,0.816032671653108,-0.30115897476903,0.897245352555275,FALSE,0
REACTOME_DEGRADATION_OF_BETA_CATENIN_BY_THE_DESTRUCTION_COMPLEX,-0.163127071999062,0.93253938075741,0.439106702309256,0.849571662212028,FALSE,0
REACTOME_DEGRADATION_OF_GLI1_BY_THE_PROTEASOME,0.218226942253515,0.906860136682325,-0.0258733285762974,0.989393851608818,FALSE,0
REACTOME_DEPOSITION_OF_NEW_CENPA_CONTAINING_NUCLEOSOMES_AT_THE_CENTROMERE,1.59119756458308,0.261946560440754,-2.30462943807444,0.202264231896616,FALSE,0
REACTOME_DISEASES_ASSOCIATED_WITH_N_GLYCOSYLATION_OF_PROTEINS,4.96762669071911,5.28765461678445e-05,-0.141941951787991,0.951792167660253,FALSE,0
REACTOME_DISEASES_OF_CARBOHYDRATE_METABOLISM,-2.16275586673107,0.108370001858176,2.43103676254453,0.17558573466898,FALSE,0
REACTOME_DISEASES_OF_MITOTIC_CELL_CYCLE,0.428671671745048,0.807408368872879,-0.710694302132755,0.73981938164701,FALSE,0
REACTOME_DISEASES_OF_PROGRAMMED_CELL_DEATH,2.93276925302873,0.0235350264834348,-1.95053008159755,0.286125020164996,FALSE,0
REACTOME_DNA_DAMAGE_RECOGNITION_IN_GG_NER,-1.46168369184164,0.310511488220663,0.991841426049262,0.628164313396145,FALSE,0
REACTOME_DOWNREGULATION_OF_ERBB2_SIGNALING,-0.790773830783025,0.619896812234336,1.7638369345457,0.337023180781837,FALSE,0
REACTOME_DOWNREGULATION_OF_TGF_BETA_RECEPTOR_SIGNALING,-2.07442886395214,0.1242800635701,2.9236401554013,0.108504670312859,FALSE,0
REACTOME_DOWNSTREAM_SIGNALING_EVENTS_OF_B_CELL_RECEPTOR_BCR,0.832217989402268,0.600063630537841,-0.214287935365199,0.926167465728309,FALSE,0
REACTOME_DOWNSTREAM_SIGNAL_TRANSDUCTION,-1.22300053331297,0.412758264777857,0.554705641330802,0.801312692034927,FALSE,0
REACTOME_EGFR_DOWNREGULATION,-1.09953703987542,0.465422098586627,1.54938128808271,0.407946716250644,FALSE,0
REACTOME_EGR2_AND_SOX10_MEDIATED_INITIATION_OF_SCHWANN_CELL_MYELINATION,2.54028617700183,0.0544191312668796,-3.13859556308466,0.0878604133797331,FALSE,0
REACTOME_ENDOSOMAL_SORTING_COMPLEX_REQUIRED_FOR_TRANSPORT_ESCRT,-1.46304116456996,0.310098882527755,0.059544255756313,0.978899943649486,FALSE,0
REACTOME_EPHB_MEDIATED_FORWARD_SIGNALING,2.52517736544617,0.0558745029584955,-0.616890847644281,0.774083403805523,FALSE,0
REACTOME_EPHRIN_SIGNALING,-1.12511453286586,0.453984112914314,0.498822888521501,0.824514360463647,FALSE,0
REACTOME_ERBB2_REGULATES_CELL_MOTILITY,-0.782209006968505,0.624131848490738,0.375214711176786,0.868928310384465,FALSE,0
REACTOME_ERK_MAPK_TARGETS,-2.39733453261134,0.0709807192676126,2.95528733270035,0.106659237658179,FALSE,0
REACTOME_ER_QUALITY_CONTROL_COMPARTMENT_ERQC,-1.64955156921805,0.242016898839987,0.406093126318727,0.861203015975282,FALSE,0
REACTOME_EUKARYOTIC_TRANSLATION_ELONGATION,-2.7337859160169,0.0360607037258409,0.733069811548465,0.730803754559561,FALSE,0
REACTOME_EUKARYOTIC_TRANSLATION_INITIATION,-3.17917105271339,0.0135802028259425,0.744795250627303,0.727208221617223,FALSE,0
REACTOME_FATTY_ACID_METABOLISM,-0.226333326349329,0.90186287295441,0.652592165069468,0.759931723124846,FALSE,0
REACTOME_FATTY_ACYL_COA_BIOSYNTHESIS,2.09115280849946,0.121064057585382,-1.87689994148047,0.302171873240266,FALSE,0
REACTOME_FCERI_MEDIATED_CA_2_MOBILIZATION,1.02754385990359,0.501486622260189,-0.5925474576795,0.783492068041189,FALSE,0
REACTOME_FCERI_MEDIATED_MAPK_ACTIVATION,0.114538327026578,0.9497392160504,-0.845654516681451,0.685978191504829,FALSE,0
REACTOME_FCGR_ACTIVATION,-0.191622736028775,0.921718527761897,0.908249759743822,0.661451930851507,FALSE,0
REACTOME_FC_EPSILON_RECEPTOR_FCERI_SIGNALING,0.420871021664814,0.810855310701829,-0.48634624547976,0.829154273596523,FALSE,0
REACTOME_FGFR2_ALTERNATIVE_SPLICING,-1.13169907592592,0.451559768150529,0.910407872561598,0.661451930851507,FALSE,0
REACTOME_FLT3_SIGNALING,-0.53812140930803,0.750523967397984,0.588485778354173,0.785242907854471,FALSE,0
REACTOME_FLT3_SIGNALING_IN_DISEASE,-2.94866691251712,0.0228234964957095,0.170639205414541,0.941486923583667,FALSE,0
REACTOME_FORMATION_OF_RNA_POL_II_ELONGATION_COMPLEX,-2.03173439140595,0.132999181710033,0.884417030738327,0.67108065017079,FALSE,0
REACTOME_FORMATION_OF_TC_NER_PRE_INCISION_COMPLEX,-1.23452908693919,0.407513249162222,0.7748815707426,0.715572025743728,FALSE,0
REACTOME_FORMATION_OF_THE_EARLY_ELONGATION_COMPLEX,-1.51447685833306,0.28930818776354,1.37919426317652,0.467208603661967,FALSE,0
REACTOME_FOXO_MEDIATED_TRANSCRIPTION,-3.46087697912953,0.00693079596514761,1.1434196145835,0.560514295477446,FALSE,0
REACTOME_FOXO_MEDIATED_TRANSCRIPTION_OF_CELL_CYCLE_GENES,-3.67034130298053,0.00384946264252452,1.17109590195102,0.546266563835945,FALSE,0
REACTOME_FOXO_MEDIATED_TRANSCRIPTION_OF_CELL_DEATH_GENES,-5.90147633631344,1.54582893565011e-06,0.75124715147914,0.725362102036887,FALSE,0
REACTOME_FOXO_MEDIATED_TRANSCRIPTION_OF_OXIDATIVE_STRESS_METABOLIC_AND_NEURONAL_GENES,-1.76292302563711,0.206662350120446,2.42852753764045,0.176161009325133,FALSE,0
REACTOME_G0_AND_EARLY_G1,0.729795950768703,0.650457618157271,-1.94720715861564,0.286860070586341,FALSE,0
REACTOME_G1_S_SPECIFIC_TRANSCRIPTION,1.38340478076324,0.344384941546195,-0.963495850689938,0.641614886964524,FALSE,0
REACTOME_GAB1_SIGNALOSOME,-0.69451927670048,0.67006654653459,0.637805885413734,0.766125037815312,FALSE,0
REACTOME_GASTRIN_CREB_SIGNALLING_PATHWAY_VIA_PKC_AND_MAPK,-0.17762653482324,0.926828608532561,1.75208567420486,0.340654043930515,FALSE,0
REACTOME_GENERATION_OF_SECOND_MESSENGER_MOLECULES,-0.406149877808601,0.817365901362193,1.53396085647171,0.411931851820619,FALSE,0
REACTOME_GENE_AND_PROTEIN_EXPRESSION_BY_JAK_STAT_SIGNALING_AFTER_INTERLEUKIN_12_STIMULATION,-0.432398346789168,0.80606506846218,2.45158413702527,0.172517655614312,FALSE,0
REACTOME_GLUCOSE_METABOLISM,-0.112145153919309,0.950650600907577,2.1003069518502,0.250567461061036,FALSE,0
REACTOME_GLUTAMATE_NEUROTRANSMITTER_RELEASE_CYCLE,-0.881903580378617,0.575179636188176,1.23854829573769,0.51631735794063,FALSE,0
REACTOME_GLUTATHIONE_CONJUGATION,-1.90287315474923,0.164789056663425,2.37355570078737,0.188852924842987,FALSE,0
REACTOME_GLYCEROPHOSPHOLIPID_BIOSYNTHESIS,-1.21803730526014,0.41506220399621,1.33234385735084,0.483863546430397,FALSE,0
REACTOME_GLYCOGEN_BREAKDOWN_GLYCOGENOLYSIS,-1.05779271634723,0.485847841975761,0.217280148559344,0.926079437538767,FALSE,0
REACTOME_GLYCOGEN_METABOLISM,-2.80331560028767,0.0307912514248251,0.455182656270011,0.843640650428044,FALSE,0
REACTOME_GLYCOGEN_STORAGE_DISEASES,-2.87192940503364,0.0267169685756275,2.49518925933468,0.162794327476346,FALSE,0
REACTOME_GLYCOLYSIS,-0.793923668906665,0.618980891595966,1.38964942020037,0.462057252291213,FALSE,0
REACTOME_GLYOXYLATE_METABOLISM_AND_GLYCINE_DEGRADATION,-2.06030905292974,0.126902540039212,0.0410686682615716,0.984492778415995,FALSE,0
REACTOME_GOLGI_ASSOCIATED_VESICLE_BIOGENESIS,0.972867010369989,0.530236236571741,-1.32231504597845,0.488228551169708,FALSE,0
REACTOME_G_ALPHA_S_SIGNALLING_EVENTS,-0.00100748519291369,0.999390237300247,1.80431981501345,0.325838043121474,FALSE,0
REACTOME_G_PROTEIN_MEDIATED_EVENTS,2.90188968603426,0.0251236000123736,-0.0958541793618166,0.96713485853666,FALSE,0
REACTOME_HEDGEHOG_LIGAND_BIOGENESIS,-0.544275756833325,0.747285935821503,0.236037734096721,0.92024633360226,FALSE,0
REACTOME_HEDGEHOG_OFF_STATE,-0.180391178253261,0.925896615682625,0.155864186973774,0.947010828098717,FALSE,0
REACTOME_HIV_ELONGATION_ARREST_AND_RECOVERY,-1.94150481790651,0.155778647996513,2.44087554968815,0.173936275686937,FALSE,0
REACTOME_HIV_INFECTION,-0.579995856976169,0.72883978180053,0.181173487558279,0.937056145608701,FALSE,0
REACTOME_HIV_TRANSCRIPTION_ELONGATION,-2.03414231365627,0.13255671815094,1.36481248308976,0.474837251255735,FALSE,0
REACTOME_HIV_TRANSCRIPTION_INITIATION,-0.857457281605625,0.587930154351779,0.360812331650234,0.874349211466575,FALSE,0
REACTOME_HOST_INTERACTIONS_OF_HIV_FACTORS,0.0446193925046994,0.98001788384098,-0.0420890727983478,0.984249974513747,FALSE,0
REACTOME_HSF1_ACTIVATION,-1.09932887754233,0.465422720639499,1.77150941206109,0.335137273553017,FALSE,0
REACTOME_HS_GAG_BIOSYNTHESIS,-0.430433829951695,0.806995437880664,0.74772148447476,0.727208221617223,FALSE,0
REACTOME_HS_GAG_DEGRADATION,-1.17472130645719,0.431881498807036,0.983547065491697,0.632451672724818,FALSE,0
REACTOME_IMMUNOREGULATORY_INTERACTIONS_BETWEEN_A_LYMPHOID_AND_A_NON_LYMPHOID_CELL,-0.0412088062053219,0.98142480332422,1.11494747928875,0.573895048753914,FALSE,0
REACTOME_INACTIVATION_OF_CSF3_G_CSF_SIGNALING,-1.58731390300477,0.263164378828048,1.11208842163317,0.5752063512398,FALSE,0
REACTOME_INCRETIN_SYNTHESIS_SECRETION_AND_INACTIVATION,0.282239513457331,0.876874431680746,-0.275282106365912,0.907066310134601,FALSE,0
REACTOME_INFECTION_WITH_MYCOBACTERIUM_TUBERCULOSIS,-1.60063823745466,0.258411023938136,0.350116429582981,0.877653361427934,FALSE,0
REACTOME_INFLAMMASOMES,-0.238235882699105,0.895287608743717,3.10856995130737,0.0890665973803,FALSE,0
REACTOME_INFLUENZA_INFECTION,-2.88822904511333,0.0257299013595316,0.166396329539582,0.943733271212517,FALSE,0
REACTOME_INLB_MEDIATED_ENTRY_OF_LISTERIA_MONOCYTOGENES_INTO_HOST_CELL,-0.869875733117106,0.581032392364722,0.078317176916458,0.973199085226622,FALSE,0
REACTOME_INSERTION_OF_TAIL_ANCHORED_PROTEINS_INTO_THE_ENDOPLASMIC_RETICULUM_MEMBRANE,-0.606242608847824,0.71474190449078,1.92944577973771,0.290745563437852,FALSE,0
REACTOME_INSULIN_PROCESSING,2.02968080978889,0.133411328932555,-0.955535684150075,0.644366408276945,FALSE,0
REACTOME_INSULIN_RECEPTOR_SIGNALLING_CASCADE,-0.0782106886929225,0.96646726388392,0.208636716530515,0.927753391543092,FALSE,0
REACTOME_INTERACTION_BETWEEN_L1_AND_ANKYRINS,2.37358718283735,0.0739387814215345,-0.478850491128632,0.831714857571981,FALSE,0
REACTOME_INTERCONVERSION_OF_NUCLEOTIDE_DI_AND_TRIPHOSPHATES,0.660802659140521,0.688073674576104,-0.813777832547133,0.696609965812774,FALSE,0
REACTOME_INTERFERON_ALPHA_BETA_SIGNALING,-2.8159581903058,0.029898647712674,0.805747379323613,0.701694982878255,FALSE,0
REACTOME_INTERFERON_GAMMA_SIGNALING,-2.8820543202532,0.0260811119271134,1.42165130210426,0.452882995643748,FALSE,0
REACTOME_INTERFERON_SIGNALING,-2.530908582371,0.0552110118552303,0.815954253407154,0.69575394759916,FALSE,0
REACTOME_INTERLEUKIN_12_SIGNALING,-0.495473818929445,0.772930319676894,2.50011736966238,0.161823387869703,FALSE,0
REACTOME_INTERLEUKIN_17_SIGNALING,-0.885272655938158,0.573470818060493,1.55769624686874,0.405300455094661,FALSE,0
REACTOME_INTERLEUKIN_20_FAMILY_SIGNALING,-0.24598399426805,0.892025473412474,1.30019938989139,0.496737309929541,FALSE,0
REACTOME_INTERLEUKIN_2_FAMILY_SIGNALING,-2.40126584873167,0.0703989451193664,0.614827262979748,0.775175951383042,FALSE,0
REACTOME_INTERLEUKIN_37_SIGNALING,-1.06797160119147,0.4803041738309,1.01042604018147,0.618071432664521,FALSE,0
REACTOME_INTERLEUKIN_3_INTERLEUKIN_5_AND_GM_CSF_SIGNALING,-1.67202285821103,0.235965825359531,1.04754808441273,0.603079852627423,FALSE,0
REACTOME_INTERLEUKIN_4_AND_INTERLEUKIN_13_SIGNALING,-0.10854802352731,0.951826290683298,1.99971024416102,0.270185599865827,FALSE,0
REACTOME_INTERLEUKIN_6_FAMILY_SIGNALING,1.616327656333,0.253063348335358,-0.348990137512657,0.878055189734261,FALSE,0
REACTOME_INTRAFLAGELLAR_TRANSPORT,0.20776986028212,0.911531940389414,-0.796635055882884,0.705227492958963,FALSE,0
REACTOME_INTRA_GOLGI_AND_RETROGRADE_GOLGI_TO_ER_TRAFFIC,2.43954054036348,0.0651658710433995,-0.062343800917795,0.978485274977271,FALSE,0
REACTOME_INTRINSIC_PATHWAY_FOR_APOPTOSIS,1.8167276504567,0.189688134919006,-0.937677513473418,0.650024785494393,FALSE,0
REACTOME_ION_CHANNEL_TRANSPORT,-0.158866512753354,0.934047201782848,0.448877647054683,0.846953903199514,FALSE,0
REACTOME_IRON_UPTAKE_AND_TRANSPORT,-0.370867235768578,0.834327060858817,1.84377174494645,0.311004171501178,FALSE,0
REACTOME_IRS_MEDIATED_SIGNALLING,-0.401928478932354,0.818683487677186,0.68225483226325,0.750572701971719,FALSE,0
REACTOME_LAMININ_INTERACTIONS,3.2507686714658,0.0113094703018891,-0.161129488779843,0.94513542833009,FALSE,0
REACTOME_LATE_ENDOSOMAL_MICROAUTOPHAGY,-1.86073508129728,0.176453298990959,1.77229323613669,0.335066432864493,FALSE,0
REACTOME_LONG_TERM_POTENTIATION,1.07411419214721,0.477687164205126,-0.574048593389767,0.792000474717451,FALSE,0
REACTOME_MAPK_TARGETS_NUCLEAR_EVENTS_MEDIATED_BY_MAP_KINASES,-2.33907670638014,0.0786237820098098,1.05220661643221,0.602035207014333,FALSE,0
REACTOME_METABOLIC_DISORDERS_OF_BIOLOGICAL_OXIDATION_ENZYMES,1.22775656965918,0.410607712994291,-0.192731688463671,0.93310326458231,FALSE,0
REACTOME_METABOLISM_OF_COFACTORS,2.43754648129365,0.0654685078386765,-1.49927057402332,0.424206502601036,FALSE,0
REACTOME_METABOLISM_OF_NITRIC_OXIDE_NOS3_ACTIVATION_AND_REGULATION,1.4033012126232,0.336754280584567,-1.81657230141701,0.322272145167772,FALSE,0
REACTOME_METABOLISM_OF_NUCLEOTIDES,-0.066885563543279,0.970999656912878,1.18991747874024,0.539349125158545,FALSE,0
REACTOME_METABOLISM_OF_POLYAMINES,1.35376747048219,0.356677955002312,-0.128098527539,0.956353444472752,FALSE,0
REACTOME_METABOLISM_OF_PORPHYRINS,1.65229975582789,0.241281667047682,-0.652967161368534,0.759792968451465,FALSE,0
REACTOME_METABOLISM_OF_WATER_SOLUBLE_VITAMINS_AND_COFACTORS,-1.39795031066643,0.338935045043548,0.22970469209998,0.922274542366504,FALSE,0
REACTOME_METAL_ION_SLC_TRANSPORTERS,2.21146484805157,0.0992323947723581,-1.0694161551341,0.595328908498926,FALSE,0
REACTOME_MET_ACTIVATES_PTK2_SIGNALING,3.88574358805005,0.00207623028118631,-0.729537872792414,0.731967597131435,FALSE,0
REACTOME_MET_PROMOTES_CELL_MOTILITY,3.00133767630736,0.0202937270377767,-0.889100345688011,0.669899843264519,FALSE,0
REACTOME_MISCELLANEOUS_TRANSPORT_AND_BINDING_EVENTS,3.92727569066996,0.00184984964184099,-1.71693281845631,0.35502578396166,FALSE,0
REACTOME_MITOCHONDRIAL_BIOGENESIS,-2.9072429337918,0.0248094734369839,0.659801136382377,0.75751898943928,FALSE,0
REACTOME_MITOCHONDRIAL_FATTY_ACID_BETA_OXIDATION,-0.0179010095220441,0.993046580714947,1.41974306114939,0.452882995643748,FALSE,0
REACTOME_MITOCHONDRIAL_PROTEIN_IMPORT,-1.31471074082617,0.372992835998013,0.09086727583814,0.969109763751331,FALSE,0
REACTOME_MITOCHONDRIAL_TRANSLATION,-0.986939167061932,0.522838108867415,0.340882270058078,0.881317572771552,FALSE,0
REACTOME_MITOPHAGY,-2.39025948116866,0.07182352840883,2.02117041726749,0.265826919159705,FALSE,0
REACTOME_MITOTIC_G1_PHASE_AND_G1_S_TRANSITION,0.406602858929242,0.817365901362193,-0.693298146375883,0.746352183905268,FALSE,0
REACTOME_MITOTIC_G2_G2_M_PHASES,0.767730955711892,0.631212906480017,-0.464497992244417,0.839390983197956,FALSE,0
REACTOME_MITOTIC_METAPHASE_AND_ANAPHASE,1.04198217544238,0.494174996112973,-0.839352004287519,0.686970950040283,FALSE,0
REACTOME_MITOTIC_PROMETAPHASE,0.94690590898425,0.540554844388001,-1.81532296824036,0.322335633910472,FALSE,0
REACTOME_MITOTIC_SPINDLE_CHECKPOINT,0.597883691389358,0.719391622515646,-1.70982963489211,0.358400759504102,FALSE,0
REACTOME_MRNA_CAPPING,-1.61532359821285,0.253256034348551,0.737908473746174,0.729635846455099,FALSE,0
REACTOME_MRNA_SPLICING_MINOR_PATHWAY,-2.37994402098215,0.0732590929502579,0.541208926366903,0.805469683916178,FALSE,0
REACTOME_MTORC1_MEDIATED_SIGNALLING,-0.481604150235005,0.780790958231476,1.03947953325461,0.606612333923739,FALSE,0
REACTOME_MTOR_SIGNALLING,-1.63191156423888,0.247794098956205,0.264279961354099,0.910928463243086,FALSE,0
REACTOME_MYD88_INDEPENDENT_TLR4_CASCADE,-0.564459308553987,0.735763434856141,0.979645924531587,0.634597928872718,FALSE,0
REACTOME_NEGATIVE_REGULATION_OF_MAPK_PATHWAY,-1.5085562705749,0.292033449421509,2.23604850814717,0.218440231461994,FALSE,0
REACTOME_NEGATIVE_REGULATION_OF_THE_PI3K_AKT_NETWORK,-0.0148553198305115,0.993162604179087,1.73090772763003,0.350094324548982,FALSE,0
REACTOME_NEGATIVE_REGULATORS_OF_DDX58_IFIH1_SIGNALING,-5.02945196806988,4.29272738084551e-05,2.60567688164802,0.146708665430299,FALSE,0
REACTOME_NGF_STIMULATED_TRANSCRIPTION,-1.52629227681651,0.284792628590466,0.294007983852054,0.899186004145709,FALSE,0
REACTOME_NONSENSE_MEDIATED_DECAY_NMD,-3.22639625741714,0.0120396516619988,0.577970110420388,0.789797477518861,FALSE,0
REACTOME_NOREPINEPHRINE_NEUROTRANSMITTER_RELEASE_CYCLE,-0.275833416151566,0.880070735593953,0.967216914695496,0.639479194718115,FALSE,0
REACTOME_NOTCH1_INTRACELLULAR_DOMAIN_REGULATES_TRANSCRIPTION,-1.92949735620497,0.15836243147142,0.861382524096502,0.680069678537916,FALSE,0
REACTOME_NOTCH2_ACTIVATION_AND_TRANSMISSION_OF_SIGNAL_TO_THE_NUCLEUS,-1.39852545411417,0.338902077620415,0.352827039954177,0.876846821638896,FALSE,0
REACTOME_NOTCH3_ACTIVATION_AND_TRANSMISSION_OF_SIGNAL_TO_THE_NUCLEUS,-0.677480924806902,0.67885690140314,0.702700306316848,0.742445344340975,FALSE,0
REACTOME_NOTCH4_INTRACELLULAR_DOMAIN_REGULATES_TRANSCRIPTION,-1.26729886893656,0.393806207507926,0.301669594947409,0.897245352555275,FALSE,0
REACTOME_NOTCH_HLH_TRANSCRIPTION_PATHWAY,-1.64296727032039,0.244054104003107,0.713384923072758,0.739546059325691,FALSE,0
REACTOME_NR1H2_AND_NR1H3_MEDIATED_SIGNALING,-5.78086040687335,2.39169569042508e-06,2.5990459316919,0.14796428194666,FALSE,0
REACTOME_NR1H3_NR1H2_REGULATE_GENE_EXPRESSION_LINKED_TO_CHOLESTEROL_TRANSPORT_AND_EFFLUX,-4.76906660357607,0.000107076906658696,2.77692869130784,0.125037116367193,FALSE,0
REACTOME_NUCLEAR_EVENTS_KINASE_AND_TRANSCRIPTION_FACTOR_ACTIVATION,-2.20300507384631,0.100625721957829,1.20754577723877,0.53254336221893,FALSE,0
REACTOME_NUCLEAR_RECEPTOR_TRANSCRIPTION_PATHWAY,-4.91228994470508,6.43759455006838e-05,2.27340669708291,0.20946213402048,FALSE,0
REACTOME_NUCLEOTIDE_BINDING_DOMAIN_LEUCINE_RICH_REPEAT_CONTAINING_RECEPTOR_NLR_SIGNALING_PATHWAYS,-0.969589747926075,0.530962299327655,1.4341925290353,0.446719543628172,FALSE,0
REACTOME_NUCLEOTIDE_CATABOLISM,1.43960630608359,0.319503895680841,-0.739821442369454,0.728815504331935,FALSE,0
REACTOME_NUCLEOTIDE_SALVAGE,-4.74467655404901,0.000116882166552609,4.09067497578322,0.0388847291934696,FALSE,0
REACTOME_N_GLYCAN_ANTENNAE_ELONGATION_IN_THE_MEDIAL_TRANS_GOLGI,1.62594186669222,0.249895547411769,-1.36863249650853,0.472495931202317,FALSE,0
REACTOME_N_GLYCAN_TRIMMING_IN_THE_ER_AND_CALNEXIN_CALRETICULIN_CYCLE,-0.945803574692528,0.54090234312245,1.46367992771863,0.438292665427179,FALSE,0
REACTOME_ORC1_REMOVAL_FROM_CHROMATIN,0.533783909188801,0.752394901364952,-0.594679147985051,0.783034989491934,FALSE,0
REACTOME_OTHER_SEMAPHORIN_INTERACTIONS,0.769311916714966,0.630972133625292,-2.28781963208953,0.206240838734121,FALSE,0
REACTOME_OVARIAN_TUMOR_DOMAIN_PROTEASES,-1.65257559337658,0.241281667047682,1.38586525307353,0.463092952529003,FALSE,0
REACTOME_P75NTR_SIGNALS_VIA_NF_KB,-0.0817101596099001,0.965052666111585,4.45680554506663,0.0291642621688389,FALSE,0
REACTOME_PD_1_SIGNALING,-0.506311619833095,0.76807221412646,1.53804282880334,0.411651559213443,FALSE,0
REACTOME_PEPTIDE_HORMONE_METABOLISM,3.23940576699083,0.011702889360113,-0.64073978710651,0.765983098033463,FALSE,0
REACTOME_PHASE_4_RESTING_MEMBRANE_POTENTIAL,-2.23768990503695,0.0951444886144696,2.37211517481698,0.188852924842987,FALSE,0
REACTOME_PHASE_II_CONJUGATION_OF_COMPOUNDS,0.986645581040932,0.522838108867415,-0.0793177947317027,0.972962856156109,FALSE,0
REACTOME_PHASE_I_FUNCTIONALIZATION_OF_COMPOUNDS,-1.76826521481485,0.205353718947791,0.281955529346448,0.904616935450696,FALSE,0
REACTOME_PHOSPHOLIPID_METABOLISM,-0.679103426788398,0.677993492496452,0.27433033158655,0.907197921644293,FALSE,0
REACTOME_PI3K_AKT_SIGNALING_IN_CANCER,-1.56969368097107,0.269931787814263,1.35652248835936,0.477788587783449,FALSE,0
REACTOME_PI3K_EVENTS_IN_ERBB2_SIGNALING,-2.18657793395949,0.103171293441429,0.876907205348046,0.673305338462154,FALSE,0
REACTOME_PINK1_PRKN_MEDIATED_MITOPHAGY,-2.7580270582376,0.0339865468000318,1.01542282252951,0.615905763178319,FALSE,0
REACTOME_PIWI_INTERACTING_RNA_PIRNA_BIOGENESIS,-1.60182044516757,0.258148166116805,1.86089178285828,0.307088839057759,FALSE,0
REACTOME_PI_METABOLISM,0.286199811736023,0.875163995248142,-0.958252672403045,0.643543204566544,FALSE,0
REACTOME_PKA_MEDIATED_PHOSPHORYLATION_OF_CREB,2.13990591789209,0.112061147301799,-0.490559534271753,0.828022137429336,FALSE,0
REACTOME_PLATELET_ADHESION_TO_EXPOSED_COLLAGEN,-0.107920121041991,0.95215255505318,0.850457214616796,0.68503860171078,FALSE,0
REACTOME_POLO_LIKE_KINASE_MEDIATED_EVENTS,2.35809092877521,0.0761891211728521,-0.83564457848723,0.688775069917941,FALSE,0
REACTOME_POST_TRANSLATIONAL_MODIFICATION_SYNTHESIS_OF_GPI_ANCHORED_PROTEINS,2.22530240314353,0.0971671266361016,-0.141121925536121,0.951816146015179,FALSE,0
REACTOME_POTENTIAL_THERAPEUTICS_FOR_SARS,-2.30105531180903,0.0843257361561265,1.55913484274529,0.405300455094661,FALSE,0
REACTOME_PRE_NOTCH_PROCESSING_IN_GOLGI,-1.33940590502365,0.362779456133165,1.23316616919876,0.519257359664211,FALSE,0
REACTOME_PROCESSING_OF_CAPPED_INTRONLESS_PRE_MRNA,1.53484336579299,0.282137867555855,-1.67227596542159,0.367852534166094,FALSE,0
REACTOME_PROCESSING_OF_INTRONLESS_PRE_MRNAS,1.02499512728959,0.503137853342378,-1.87704599630427,0.302171873240266,FALSE,0
REACTOME_PROGRAMMED_CELL_DEATH,1.16469249443314,0.435734773218467,-0.334651436989176,0.882126427291635,FALSE,0
REACTOME_PTEN_REGULATION,-0.872065570542198,0.579939963359815,0.462036083516831,0.839986989049558,FALSE,0
REACTOME_PYROPTOSIS,-1.61861816038699,0.252027418168671,1.29438223298557,0.498144676800097,FALSE,0
REACTOME_PYRUVATE_METABOLISM,-2.67124347151992,0.0414392017617543,0.253041986070549,0.914297363480047,FALSE,0
REACTOME_PYRUVATE_METABOLISM_AND_CITRIC_ACID_TCA_CYCLE,-1.67852981884089,0.234315219550906,1.35368330384669,0.478844685424601,FALSE,0
REACTOME_RAB_GERANYLGERANYLATION,0.404047279772878,0.818422408926536,-0.362477208562577,0.873248433048029,FALSE,0
REACTOME_RAB_REGULATION_OF_TRAFFICKING,-1.00474350908821,0.513954339056403,1.22261378203911,0.524676525866313,FALSE,0
REACTOME_RAC1_GTPASE_CYCLE,0.385735791734429,0.827639770910109,-0.969173418509462,0.639037326129613,FALSE,0
REACTOME_RAC2_GTPASE_CYCLE,0.623649095473066,0.706407351581965,-0.563054211993326,0.798528191374903,FALSE,0
REACTOME_RAC3_GTPASE_CYCLE,1.19743938931532,0.422476343013626,-1.45396741430133,0.441476224779184,FALSE,0
REACTOME_RAF_INDEPENDENT_MAPK1_3_ACTIVATION,-1.89397214405568,0.167123530864186,1.08113036206314,0.589583976984657,FALSE,0
REACTOME_RAS_ACTIVATION_UPON_CA2_INFLUX_THROUGH_NMDA_RECEPTOR,1.80323798408775,0.193961876929974,-0.817305590780767,0.695366355183694,FALSE,0
REACTOME_RAS_PROCESSING,1.444176465197,0.317676941316755,-0.203919793469021,0.928787039924299,FALSE,0
REACTOME_RA_BIOSYNTHESIS_PATHWAY,1.69199037696179,0.22959034727459,-2.0949885877846,0.251704965409154,FALSE,0
REACTOME_RECEPTOR_TYPE_TYROSINE_PROTEIN_PHOSPHATASES,0.63321673261937,0.702805294832691,-0.774694156024217,0.715572025743728,FALSE,0
REACTOME_RECRUITMENT_OF_MITOTIC_CENTROSOME_PROTEINS_AND_COMPLEXES,0.145236742108785,0.936952000242148,-2.66728513880544,0.139553612046791,FALSE,0
REACTOME_RECRUITMENT_OF_NUMA_TO_MITOTIC_CENTROSOMES,0.572374964896168,0.731967821002697,-1.5688847892589,0.402068068193045,FALSE,0
REACTOME_RECYCLING_OF_BILE_ACIDS_AND_SALTS,-3.27537887922521,0.0107448268783174,3.42134280166364,0.0664886793530813,FALSE,0
REACTOME_REGULATED_NECROSIS,-0.33041098128614,0.85213701500089,0.459052618640034,0.841283804927922,FALSE,0
REACTOME_REGULATION_OF_BETA_CELL_DEVELOPMENT,-0.267021486074858,0.883498425551673,2.81482874404755,0.122269954764659,FALSE,0
REACTOME_REGULATION_OF_EXPRESSION_OF_SLITS_AND_ROBOS,-2.00698031006629,0.138644290030825,0.278826986652323,0.906176660519685,FALSE,0
REACTOME_REGULATION_OF_GENE_EXPRESSION_IN_LATE_STAGE_BRANCHING_MORPHOGENESIS_PANCREATIC_BUD_PRECURSOR_CELLS,-3.93268141676557,0.0018250388861517,0.937153563146422,0.650024785494393,FALSE,0
REACTOME_REGULATION_OF_HMOX1_EXPRESSION_AND_ACTIVITY,-0.187926618348453,0.923027441381127,0.0698491353282665,0.975856632099602,FALSE,0
REACTOME_REGULATION_OF_IFNA_SIGNALING,0.952965114486268,0.538633073210793,-1.21847723020913,0.526415192726032,FALSE,0
REACTOME_REGULATION_OF_KIT_SIGNALING,-0.815940762316291,0.607880546309305,0.919573301129171,0.657808377777262,FALSE,0
REACTOME_REGULATION_OF_LIPID_METABOLISM_BY_PPARALPHA,-4.40257766532464,0.000382500177239094,0.185327170957712,0.93608256180144,FALSE,0
REACTOME_REGULATION_OF_MECP2_EXPRESSION_AND_ACTIVITY,-0.735403282396962,0.647659068666202,1.25350577143488,0.512833174596519,FALSE,0
REACTOME_REGULATION_OF_PTEN_GENE_TRANSCRIPTION,-2.55284940888031,0.0528988857153802,0.358461984420797,0.875018183724049,FALSE,0
REACTOME_REGULATION_OF_RUNX1_EXPRESSION_AND_ACTIVITY,-0.614602831692895,0.710679947017901,0.358389675118046,0.875018183724049,FALSE,0
REACTOME_REGULATION_OF_SIGNALING_BY_CBL,-1.98071466907165,0.145699508436501,0.756171086207994,0.723557339595022,FALSE,0
REACTOME_REGULATION_OF_TLR_BY_ENDOGENOUS_LIGAND,1.59595962828879,0.259937342997238,-1.11301317145503,0.574831272210253,FALSE,0
REACTOME_REGULATION_OF_TNFR1_SIGNALING,-0.75139939702709,0.640500808561813,1.50103745203303,0.423342324808081,FALSE,0
REACTOME_REGULATION_OF_TP53_ACTIVITY_THROUGH_METHYLATION,-3.77658142659298,0.00290307916928915,0.418664521024305,0.858280401329997,FALSE,0
REACTOME_REGULATION_OF_TP53_EXPRESSION_AND_DEGRADATION,-0.158968228973643,0.934047201782848,1.93332353305633,0.290038722960373,FALSE,0
REACTOME_RESOLUTION_OF_SISTER_CHROMATID_COHESION,1.24119589657851,0.405220992976711,-1.51305028861378,0.418317800678324,FALSE,0
REACTOME_RESPONSE_OF_EIF2AK4_GCN2_TO_AMINO_ACID_DEFICIENCY,-3.33613523630804,0.00934706101529052,0.441828592506863,0.849377317377192,FALSE,0
REACTOME_RESPONSE_OF_MTB_TO_PHAGOCYTOSIS,-1.59587577492752,0.259937342997238,0.582129342301385,0.787584960712562,FALSE,0
REACTOME_RHOB_GTPASE_CYCLE,-1.0078347430562,0.512015716924029,0.196204926846069,0.931506449462671,FALSE,0
REACTOME_RHOC_GTPASE_CYCLE,1.37186938786918,0.348732846286507,-0.446159586255229,0.847998845110118,FALSE,0
REACTOME_RHOD_GTPASE_CYCLE,0.969118510919256,0.530973892016088,-2.06660962250822,0.255963205575376,FALSE,0
REACTOME_RHOF_GTPASE_CYCLE,2.14728242571912,0.110982272855989,-1.03974950425517,0.606612333923739,FALSE,0
REACTOME_RHOH_GTPASE_CYCLE,-0.157947907216107,0.934047201782848,0.140020261843859,0.95223774019733,FALSE,0
REACTOME_RHO_GTPASES_ACTIVATE_CIT,1.14843335303998,0.443289105138257,-0.1936285860597,0.932799272898268,FALSE,0
REACTOME_RHO_GTPASES_ACTIVATE_FORMINS,2.39566869186132,0.0711852608313278,-1.16399890654574,0.548912986605217,FALSE,0
REACTOME_RHO_GTPASES_ACTIVATE_NADPH_OXIDASES,2.29521173698354,0.0849858604620877,-1.22494855207382,0.523284683275687,FALSE,0
REACTOME_RHO_GTPASES_ACTIVATE_PAKS,1.706146158941,0.225492036276715,-0.340280658909239,0.881610119231999,FALSE,0
REACTOME_RHO_GTPASES_ACTIVATE_PKNS,1.6923717858749,0.22959034727459,-2.37753389149692,0.188055732535739,FALSE,0
REACTOME_RHO_GTPASES_ACTIVATE_ROCKS,1.01647791027901,0.506957852483586,-0.421051098419383,0.856848951109353,FALSE,0
REACTOME_RIPK1_MEDIATED_REGULATED_NECROSIS,0.770099383265863,0.630746698912825,-0.115152769465536,0.961215292796307,FALSE,0
REACTOME_RIP_MEDIATED_NFKB_ACTIVATION_VIA_ZBP1,-0.585379608831244,0.726655223755615,2.16950308792523,0.233085331212696,FALSE,0
REACTOME_RMTS_METHYLATE_HISTONE_ARGININES,1.27933715068997,0.388357532879365,-1.23729866059611,0.516893705187013,FALSE,0
REACTOME_RNA_POLYMERASE_III_CHAIN_ELONGATION,-0.721954824293768,0.653803801055944,0.185556277981425,0.93608256180144,FALSE,0
REACTOME_RNA_POLYMERASE_III_TRANSCRIPTION,-2.73201352427917,0.0361103707806915,0.799983611388324,0.704062674219277,FALSE,0
REACTOME_RNA_POLYMERASE_III_TRANSCRIPTION_INITIATION_FROM_TYPE_3_PROMOTER,-2.92037063235606,0.0242704602581888,0.425286248757536,0.856163433757774,FALSE,0
REACTOME_RNA_POLYMERASE_III_TRANSCRIPTION_TERMINATION,-2.37623947389061,0.0736971846988765,0.487221035701391,0.829154273596523,FALSE,0
REACTOME_RNA_POLYMERASE_II_TRANSCRIBES_SNRNA_GENES,-3.49065259665209,0.0063779082197449,0.424537920189363,0.856434133180981,FALSE,0
REACTOME_RNA_POLYMERASE_I_TRANSCRIPTION_INITIATION,-1.85975730853814,0.176745450119671,0.509812089087784,0.818892208224968,FALSE,0
REACTOME_ROLE_OF_PHOSPHOLIPIDS_IN_PHAGOCYTOSIS,-0.304445256671993,0.865128308602505,0.430748189245889,0.852782560034923,FALSE,0
REACTOME_RORA_ACTIVATES_GENE_EXPRESSION,-2.14166680594289,0.111794032037678,0.380464788269087,0.868579661334171,FALSE,0
REACTOME_SARS_COV_2_INFECTION,1.63869454999017,0.245426661288926,-0.334616845013626,0.882126427291635,FALSE,0
REACTOME_SARS_COV_INFECTIONS,-0.473415923835299,0.785400314460463,0.494017594225229,0.8266747979459,FALSE,0
REACTOME_SCF_SKP2_MEDIATED_DEGRADATION_OF_P27_P21,0.450951338192579,0.797078797342316,-0.0960192005140255,0.96713485853666,FALSE,0
REACTOME_SEALING_OF_THE_NUCLEAR_ENVELOPE_NE_BY_ESCRT_III,-0.324546924872544,0.853973096164156,1.86979778810287,0.30416910660646,FALSE,0
REACTOME_SELECTIVE_AUTOPHAGY,-2.02559878824389,0.134385961700142,2.15310497735511,0.234759655836198,FALSE,0
REACTOME_SELENOAMINO_ACID_METABOLISM,-2.61301987658444,0.046349305851536,0.194609496689491,0.932683778926739,FALSE,0
REACTOME_SEMA4D_INDUCED_CELL_MIGRATION_AND_GROWTH_CONE_COLLAPSE,-0.079922399325151,0.965745877579193,0.67857633193418,0.752606781397498,FALSE,0
REACTOME_SEMA4D_IN_SEMAPHORIN_SIGNALING,-0.159732681695608,0.934042994480534,0.363628832684127,0.872854365869747,FALSE,0
REACTOME_SEMAPHORIN_INTERACTIONS,0.222377582745262,0.904086678214241,-0.151169077433795,0.949040425701543,FALSE,0
REACTOME_SEPARATION_OF_SISTER_CHROMATIDS,1.27481044777378,0.390421799946721,-0.916078485776769,0.659185494057247,FALSE,0
REACTOME_SHC1_EVENTS_IN_ERBB2_SIGNALING,1.23652562060512,0.406567430620569,-0.263867256442938,0.91108101798459,FALSE,0
REACTOME_SIGNALING_BY_ACTIVIN,-0.0942335516871136,0.959534241568021,1.77361325894674,0.335037709092385,FALSE,0
REACTOME_SIGNALING_BY_ALK,-0.586999627241414,0.726039519709276,0.429916425122177,0.853343889450917,FALSE,0
REACTOME_SIGNALING_BY_BMP,2.78848682117502,0.0317421175835027,-2.41565296581652,0.179162970902964,FALSE,0
REACTOME_SIGNALING_BY_CSF3_G_CSF,-1.07808395327876,0.475624558821314,0.42319585660739,0.856444706561541,FALSE,0
REACTOME_SIGNALING_BY_EGFR,-1.173806894502,0.431927422264007,0.397859436513231,0.863795667615302,FALSE,0
REACTOME_SIGNALING_BY_EGFR_IN_CANCER,-0.963368612625219,0.533121915002025,0.106048262650535,0.964363062371578,FALSE,0
REACTOME_SIGNALING_BY_ERBB2,-0.343115118810982,0.8469840624465,0.783290478114079,0.711866143739203,FALSE,0
REACTOME_SIGNALING_BY_ERYTHROPOIETIN,-1.8450727717166,0.181771869240389,0.705699709134716,0.741046317598141,FALSE,0
REACTOME_SIGNALING_BY_FGFR1_IN_DISEASE,0.0716866076950136,0.969342430797268,-0.733445255525086,0.730803754559561,FALSE,0
REACTOME_SIGNALING_BY_FGFR_IN_DISEASE,-0.447952114140319,0.798785250179432,0.793479070546762,0.707240441078065,FALSE,0
REACTOME_SIGNALING_BY_HEDGEHOG,-0.856497175835746,0.588212561635392,0.29800889716549,0.897857664815357,FALSE,0
REACTOME_SIGNALING_BY_HIPPO,0.669745009931091,0.682850461672187,-2.6441718064714,0.141739281902788,FALSE,0
REACTOME_SIGNALING_BY_KIT_IN_DISEASE,-1.18494313354514,0.428667585960001,0.407029570260348,0.861203015975282,FALSE,0
REACTOME_SIGNALING_BY_MET,1.54758308275355,0.277302815514749,-1.71919737688775,0.353951996149593,FALSE,0
REACTOME_SIGNALING_BY_NOTCH,-0.0594239617584949,0.973470016301119,0.127782366031634,0.956421581994839,FALSE,0
REACTOME_SIGNALING_BY_NOTCH1,-2.08187012229171,0.123135383099585,0.809527478356093,0.698924286110122,FALSE,0
REACTOME_SIGNALING_BY_NOTCH1_HD_DOMAIN_MUTANTS_IN_CANCER,-1.04905904487994,0.490632721345266,0.146722311240872,0.9500125387872,FALSE,0
REACTOME_SIGNALING_BY_NOTCH1_PEST_DOMAIN_MUTANTS_IN_CANCER,-1.27751949800961,0.388866112594812,1.04563810404724,0.604160611535422,FALSE,0
REACTOME_SIGNALING_BY_NOTCH2,-1.4065579793048,0.335470281914179,1.06220182855412,0.59850594244358,FALSE,0
REACTOME_SIGNALING_BY_NOTCH3,-0.248961613830299,0.891084943414308,1.32107144782732,0.488571949979825,FALSE,0
REACTOME_SIGNALING_BY_NTRK2_TRKB,2.87599968625109,0.026518674265249,-1.03401832376877,0.608903401093867,FALSE,0
REACTOME_SIGNALING_BY_NTRK3_TRKC,1.20604774168701,0.418159528409997,-0.334749995283798,0.882126427291635,FALSE,0
REACTOME_SIGNALING_BY_NUCLEAR_RECEPTORS,-2.16461985579739,0.108040995566715,0.212688601833684,0.92645179817244,FALSE,0
REACTOME_SIGNALING_BY_PDGFR_IN_DISEASE,1.04982602514345,0.490202999166403,-1.66972083949692,0.367975609460852,FALSE,0
REACTOME_SIGNALING_BY_PTK6,-1.26298612038448,0.395447349465509,1.11249080597754,0.575074527080807,FALSE,0
REACTOME_SIGNALING_BY_ROBO_RECEPTORS,-1.89885757282657,0.165825460061087,0.138619586694466,0.952961551987267,FALSE,0
REACTOME_SIGNALING_BY_TGF_BETA_RECEPTOR_COMPLEX,-0.450945647441987,0.797078797342316,0.831827290572647,0.689632390292651,FALSE,0
REACTOME_SIGNALING_BY_THE_B_CELL_RECEPTOR_BCR,0.745405818902513,0.642324583000301,-0.0590602877648718,0.978899943649486,FALSE,0
REACTOME_SIGNALING_BY_VEGF,0.784923956515049,0.622396031479875,-0.414482117825821,0.859404233451906,FALSE,0
REACTOME_SIGNAL_REGULATORY_PROTEIN_FAMILY_INTERACTIONS,2.13963415669704,0.112061147301799,-0.657725597132254,0.758101018535316,FALSE,0
REACTOME_SIGNAL_TRANSDUCTION_BY_L1,-0.184366646338031,0.925049309220255,1.72262130653709,0.353311176523192,FALSE,0
REACTOME_SMAD2_SMAD3_SMAD4_HETEROTRIMER_REGULATES_TRANSCRIPTION,-1.10659727605104,0.461858393727399,0.977106042862449,0.635742858869962,FALSE,0
REACTOME_SPHINGOLIPID_DE_NOVO_BIOSYNTHESIS,1.19547309806241,0.423127086491271,-1.76305237144327,0.337074778889435,FALSE,0
REACTOME_SPRY_REGULATION_OF_FGF_SIGNALING,-1.33014071135883,0.366587848625537,2.13501066271543,0.23794294517268,FALSE,0
REACTOME_SRP_DEPENDENT_COTRANSLATIONAL_PROTEIN_TARGETING_TO_MEMBRANE,-2.27022668376916,0.0891231679349876,0.635573722224258,0.766908103050242,FALSE,0
REACTOME_STABILIZATION_OF_P53,0.0322309264686154,0.985581210656358,-0.0587139375888783,0.978899943649486,FALSE,0
REACTOME_STIMULI_SENSING_CHANNELS,-1.35755650757429,0.355210715439072,0.716933701084248,0.738372144383806,FALSE,0
REACTOME_SULFUR_AMINO_ACID_METABOLISM,-0.705929194640121,0.663460007552173,0.393724919252892,0.865713156128453,FALSE,0
REACTOME_SUMOYLATION_OF_DNA_REPLICATION_PROTEINS,0.297049296812348,0.869238385177682,-1.51665913335769,0.417416414943177,FALSE,0
REACTOME_SUMOYLATION_OF_INTRACELLULAR_RECEPTORS,-4.12269720931402,0.00102016069887764,1.3445399780894,0.480627700496023,FALSE,0
REACTOME_SUMOYLATION_OF_TRANSCRIPTION_FACTORS,0.3257699664045,0.853693426818096,-0.867508519001354,0.677807322104816,FALSE,0
REACTOME_SYNDECAN_INTERACTIONS,5.16191378253015,2.65179701950147e-05,-0.496771891161503,0.825781799226348,FALSE,0
REACTOME_SYNTHESIS_OF_IP3_AND_IP4_IN_THE_CYTOSOL,-3.44769809946442,0.00711777643339824,1.065579677023,0.596695546299635,FALSE,0
REACTOME_SYNTHESIS_OF_LEUKOTRIENES_LT_AND_EOXINS_EX,-2.63967537672738,0.04408679590565,1.263969490998,0.511191101105351,FALSE,0
REACTOME_SYNTHESIS_OF_PA,0.975409746223801,0.528517889836825,-1.93703238963709,0.289518672995055,FALSE,0
REACTOME_SYNTHESIS_OF_PC,-3.09879865210571,0.0163478245411313,1.24249691892801,0.515313431489154,FALSE,0
REACTOME_SYNTHESIS_OF_PIPS_AT_THE_PLASMA_MEMBRANE,0.37891486092012,0.829621251350169,-1.60953091919512,0.389916341582859,FALSE,0
REACTOME_SYNTHESIS_OF_VERY_LONG_CHAIN_FATTY_ACYL_COAS,2.80798730877356,0.0304856215651668,-2.26733035164358,0.209680472531905,FALSE,0
REACTOME_SYNTHESIS_SECRETION_AND_DEACYLATION_OF_GHRELIN,0.212615523799,0.908868759918364,-3.45693465754271,0.064887952832794,FALSE,0
REACTOME_SYNTHESIS_SECRETION_AND_INACTIVATION_OF_GLUCAGON_LIKE_PEPTIDE_1_GLP_1,0.115946805668225,0.9497392160504,-0.332311675692545,0.882248696474667,FALSE,0
REACTOME_TAK1_ACTIVATES_NFKB_BY_PHOSPHORYLATION_AND_ACTIVATION_OF_IKKS_COMPLEX,-0.414949022564903,0.81376940607615,1.17238988636524,0.54562871511172,FALSE,0
REACTOME_TBC_RABGAPS,-3.13541913564331,0.0150687956429818,2.11707253694327,0.244682840663766,FALSE,0
REACTOME_TCF_DEPENDENT_SIGNALING_IN_RESPONSE_TO_WNT,0.310511801133935,0.86137958718196,-0.802155943980644,0.70360218731418,FALSE,0
REACTOME_TGF_BETA_RECEPTOR_SIGNALING_ACTIVATES_SMADS,-1.42990236912093,0.324373801409625,3.22053811279903,0.0829348709023037,FALSE,0
REACTOME_THE_CANONICAL_RETINOID_CYCLE_IN_RODS_TWILIGHT_VISION,1.02475108417655,0.503137853342378,-0.968535536013449,0.639085017036432,FALSE,0
REACTOME_THE_CITRIC_ACID_TCA_CYCLE_AND_RESPIRATORY_ELECTRON_TRANSPORT,-0.392637778336853,0.823113609150673,0.85713641011236,0.681627712448815,FALSE,0
REACTOME_THE_NLRP3_INFLAMMASOME,-0.601116840516304,0.717766727705501,2.75336334242911,0.125037116367193,FALSE,0
REACTOME_THROMBIN_SIGNALLING_THROUGH_PROTEINASE_ACTIVATED_RECEPTORS_PARS,2.52150264322334,0.0560750561570787,-0.433280429076846,0.851276383736107,FALSE,0
REACTOME_TIE2_SIGNALING,1.03988871539078,0.494980147664305,-1.41616122337748,0.454886434478687,FALSE,0
REACTOME_TIGHT_JUNCTION_INTERACTIONS,-1.94313716446637,0.155485410580439,0.725259470417414,0.734385227266791,FALSE,0
REACTOME_TNFR1_INDUCED_NFKAPPAB_SIGNALING_PATHWAY,-0.239471227247052,0.894663805089643,0.746464418712104,0.727208221617223,FALSE,0
REACTOME_TNF_SIGNALING,-0.215141842335697,0.907985573772071,1.02092642049677,0.614211692884924,FALSE,0
REACTOME_TOLL_LIKE_RECEPTOR_9_TLR9_CASCADE,-1.49522862103872,0.297756129924306,1.28015509802414,0.503776757108656,FALSE,0
REACTOME_TOLL_LIKE_RECEPTOR_TLR1_TLR2_CASCADE,-1.30075803364358,0.37863219997843,1.45232566806754,0.442574241481483,FALSE,0
REACTOME_TP53_REGULATES_METABOLIC_GENES,-0.853339618647586,0.589462367133614,0.333331671036896,0.882126427291635,FALSE,0
REACTOME_TP53_REGULATES_TRANSCRIPTION_OF_DNA_REPAIR_GENES,-3.08852771905878,0.0167322476085093,0.25666277254933,0.913187799381224,FALSE,0
REACTOME_TP53_REGULATES_TRANSCRIPTION_OF_GENES_INVOLVED_IN_G2_CELL_CYCLE_ARREST,0.840538744830676,0.595990259547997,-0.444918855622286,0.848517352228687,FALSE,0
REACTOME_TRAF6_MEDIATED_IRF7_ACTIVATION,-1.71087807103352,0.223496077105102,2.58243408572255,0.148199359551676,FALSE,0
REACTOME_TRAF6_MEDIATED_NF_KB_ACTIVATION,-2.4560371737322,0.0631173158947437,1.95581409226647,0.285302146861687,FALSE,0
REACTOME_TRANSCRIPTIONAL_ACTIVATION_OF_MITOCHONDRIAL_BIOGENESIS,-2.82980300261636,0.0291755826594126,1.25017728182733,0.513773750251618,FALSE,0
REACTOME_TRANSCRIPTIONAL_REGULATION_BY_THE_AP_2_TFAP2_FAMILY_OF_TRANSCRIPTION_FACTORS,-4.39284200768451,0.000391878947118909,0.496490528908624,0.825781799226348,FALSE,0
REACTOME_TRANSCRIPTIONAL_REGULATION_BY_VENTX,-1.98750426118909,0.143811582779747,1.71297613239496,0.357159707892671,FALSE,0
REACTOME_TRANSCRIPTIONAL_REGULATION_OF_PLURIPOTENT_STEM_CELLS,-2.8913564054322,0.0255669701305005,1.53696784758721,0.41187798489858,FALSE,0
REACTOME_TRANSCRIPTION_COUPLED_NUCLEOTIDE_EXCISION_REPAIR_TC_NER,-2.48623772712632,0.060049197115862,0.115192015730772,0.961215292796307,FALSE,0
REACTOME_TRANSCRIPTION_OF_E2F_TARGETS_UNDER_NEGATIVE_CONTROL_BY_P107_RBL1_AND_P130_RBL2_IN_COMPLEX_WITH_HDAC1,0.384599509849927,0.827684804056031,-1.16769868629383,0.547413281336462,FALSE,0
REACTOME_TRANSCRIPTION_OF_THE_HIV_GENOME,-1.69345253323847,0.229330630021162,0.733417800587364,0.730803754559561,FALSE,0
REACTOME_TRANSLATION,-1.99697961834692,0.141550850497091,0.342630273655358,0.880910883746483,FALSE,0
REACTOME_TRANSLATION_OF_SARS_COV_2_STRUCTURAL_PROTEINS,1.66784478181985,0.23692454369533,-0.0148388287146382,0.994095952961439,FALSE,0
REACTOME_TRANSLESION_SYNTHESIS_BY_Y_FAMILY_DNA_POLYMERASES_BYPASSES_LESIONS_ON_DNA_TEMPLATE,-4.94574956684324,5.80363353681357e-05,0.0300081638191777,0.988214441817505,FALSE,0
REACTOME_TRANSLOCATION_OF_SLC2A4_GLUT4_TO_THE_PLASMA_MEMBRANE,2.12972644192195,0.113959947877482,-0.0826308990695489,0.971995316279766,FALSE,0
REACTOME_TRANS_GOLGI_NETWORK_VESICLE_BUDDING,2.09980610362958,0.119264928885445,-0.93228957686709,0.652567251069549,FALSE,0
REACTOME_TRIGLYCERIDE_CATABOLISM,0.889773765394104,0.571479916620409,-0.14663151793227,0.9500125387872,FALSE,0
REACTOME_TRNA_AMINOACYLATION,1.0177244807616,0.506546111642842,-0.774518611885196,0.715572025743728,FALSE,0
REACTOME_TRNA_MODIFICATION_IN_THE_NUCLEUS_AND_CYTOSOL,0.34334553937926,0.8469840624465,-1.63438838636185,0.381105840590387,FALSE,0
REACTOME_TRP_CHANNELS,1.56158533484903,0.272493519277783,-0.0919734990636172,0.968575726614353,FALSE,0
REACTOME_UNBLOCKING_OF_NMDA_RECEPTORS_GLUTAMATE_BINDING_AND_ACTIVATION,2.00477007337219,0.139207526282914,-0.412646895733323,0.859523965729062,FALSE,0
REACTOME_UNFOLDED_PROTEIN_RESPONSE_UPR,-1.03492417198165,0.496895561526117,1.02480848067051,0.612368031605644,FALSE,0
REACTOME_VEGFR2_MEDIATED_CELL_PROLIFERATION,0.700594919750441,0.666456925763958,-0.61836104561306,0.773575099822913,FALSE,0
REACTOME_VEGFR2_MEDIATED_VASCULAR_PERMEABILITY,0.357438478468901,0.840299073419392,-1.61672998564374,0.386427745896853,FALSE,0
REACTOME_VITAMIN_B5_PANTOTHENATE_METABOLISM,1.2153183258945,0.416081612621721,-0.924796088801836,0.657017822979142,FALSE,0
REACTOME_XENOBIOTICS,-1.28490161667585,0.385760391300851,2.11986840799105,0.244352521772288,FALSE,0
REACTOME_ZBP1_DAI_MEDIATED_INDUCTION_OF_TYPE_I_IFNS,-2.02052049120821,0.135405532394845,2.84366077466029,0.120843747461767,FALSE,0
REACTOME_ZINC_TRANSPORTERS,4.70137405344594,0.000140061816458647,-1.15702988885274,0.55334558871259,FALSE,0
