pathway,z_OA,FDR_OA,z_MONO,FDR_MONO,opposite,score
GOBP_NEGATIVE_REGULATION_OF_NERVOUS_SYSTEM_PROCESS,-5.1304952664762,2.91757309649975e-05,5.05772399742991,0.00108957649854131,TRUE,5.09384974072666
REACTOME_GOLGI_TO_ER_RETROGRADE_TRANSPORT,4.00583993680812,0.0014414581036122,-3.94655026081706,0.0156618930822887,TRUE,3.97597407937115
REACTOME_COPI_DEPENDENT_GOLGI_TO_ER_RETROGRADE_TRAFFIC,4.16788477050379,0.000874588295681005,-3.61271727877352,0.0247021235555452,TRUE,3.8704946560619
REACTOME_COPI_MEDIATED_ANTEROGRADE_TRANSPORT,3.54590275366974,0.00547459826552679,-3.66891073733541,0.0227465131809969,TRUE,3.60635814153905
GOBP_CALCIUM_MEDIATED_SIGNALING_USING_INTRACELLULAR_CALCIUM_SOURCE,5.04900604090618,3.94266649609008e-05,-2.78888241990661,0.0979822155713847,TRUE,3.59308103346633
GOBP_REGULATION_OF_MEGAKARYOCYTE_DIFFERENTIATION,-4.68627195788292,0.000146182477041544,2.8868180353426,0.0832800738362668,TRUE,3.57275944657689
HALLMARK_ANGIOGENESIS,5.38873306352245,1.08049356505683e-05,-2.64846617482158,0.118270692332919,TRUE,3.55145538156957
GOBP_POSITIVE_REGULATION_OF_G1_S_TRANSITION_OF_MITOTIC_CELL_CYCLE,3.34766509486807,0.00912217329292886,-3.58797188979854,0.0267441318061319,TRUE,3.46365540278454
GOBP_ENDODERMAL_CELL_DIFFERENTIATION,4.67521144236898,0.000148236129995901,-2.66587980745257,0.114979228234937,TRUE,3.39555833203562
GOBP_T_CELL_HOMEOSTASIS,3.60203084624121,0.00469869893324072,-3.20878424840363,0.0509476043392253,TRUE,3.39405480285925
GOBP_NEGATIVE_REGULATION_OF_CALCIUM_MEDIATED_SIGNALING,4.24784887069137,0.000661502163098273,-2.76365615118085,0.098940779080279,TRUE,3.3486658354095
GOBP_REGULATION_OF_PROTEIN_MATURATION,4.98513116106351,4.98164092322006e-05,-2.46600728163518,0.156022155430319,TRUE,3.29972925281914
REACTOME_COPI_INDEPENDENT_GOLGI_TO_ER_RETROGRADE_TRAFFIC,2.94125257919455,0.0231519345059047,-3.68477717920892,0.0219122742657735,TRUE,3.27129843277879
REACTOME_ADP_SIGNALLING_THROUGH_P2Y_PURINOCEPTOR_1,4.14691219190096,0.000937922986834729,-2.68783387522345,0.111638014331363,TRUE,3.26163136347744
REACTOME_RECYCLING_PATHWAY_OF_L1,2.7635253504439,0.0334952410713622,-3.87009564835172,0.0159270716111883,TRUE,3.22451567094483
GOBP_PLATELET_AGGREGATION,4.83162836794105,8.71602506703308e-05,-2.40544703107805,0.168634100984709,TRUE,3.21185713071652
KEGG_PATHOGENIC_ESCHERICHIA_COLI_INFECTION,2.71756163145113,0.0373344543372215,-3.86479578752397,0.0159270716111883,TRUE,3.19120341757572
REACTOME_ER_TO_GOLGI_ANTEROGRADE_TRANSPORT,2.66944265969082,0.0415735210255958,-3.90264904942302,0.0159270716111883,TRUE,3.17034463894794
GOBP_HOMOTYPIC_CELL_CELL_ADHESION,5.15284173959121,2.65179701950147e-05,-2.24058821093957,0.213646899143169,TRUE,3.12315029203369
REACTOME_PERK_REGULATES_GENE_EXPRESSION,-5.22184223048956,2.22476824578453e-05,2.20550868052975,0.220772753419877,TRUE,3.10119139533722
GOBP_NEGATIVE_REGULATION_OF_TRANSLATIONAL_INITIATION,-4.82452682712987,8.81207573457376e-05,2.26670408676533,0.207031136470003,TRUE,3.0843092852429
REACTOME_ANTIMICROBIAL_PEPTIDES,2.99204393643387,0.0206793076197733,-3.10293890355374,0.0592834224893838,TRUE,3.0464825825569
GOBP_MEMBRANE_PROTEIN_ECTODOMAIN_PROTEOLYSIS,2.82448440689103,0.0293826976468408,-3.29907004240984,0.0429501115919343,TRUE,3.04338663734485
REACTOME_ATF4_ACTIVATES_GENES_IN_RESPONSE_TO_ENDOPLASMIC_RETICULUM_STRESS,-5.10609744479628,3.07891607771315e-05,2.16560349279295,0.230896158760543,TRUE,3.04131937105156
REACTOME_KINESINS,3.8086784771283,0.00264475895485466,-2.51959788574971,0.146461975585692,TRUE,3.03284423378394
REACTOME_G_PROTEIN_BETA_GAMMA_SIGNALLING,3.16151182162788,0.01415320756622,-2.91261180905678,0.0776727957883842,TRUE,3.03196221414678
GOBP_POSITIVE_REGULATION_OF_P38MAPK_CASCADE,-5.22670136586283,2.22128981555752e-05,2.12742161257144,0.241355976791699,TRUE,3.02399007490099
GOBP_HEPARAN_SULFATE_PROTEOGLYCAN_METABOLIC_PROCESS,3.2483044371331,0.0113861536847128,-2.81495094421807,0.0952692460563448,TRUE,3.01614135223112
GOBP_DEVELOPMENTAL_PIGMENTATION,3.27417771751,0.0107448268783174,-2.77992787807825,0.0979822155713847,TRUE,3.00687781901969
HALLMARK_TGF_BETA_SIGNALING,2.56999516569383,0.0507467067427099,-3.5822629494971,0.0269150632787041,TRUE,2.99285182450963
REACTOME_HDMS_DEMETHYLATE_HISTONES,-5.51181430286611,6.30581201406688e-06,2.0534289237494,0.268447221349599,TRUE,2.99213616081035
GOBP_SNRNA_PROCESSING,-4.68810702025015,0.000146182477041544,2.19613310170075,0.222982382823362,TRUE,2.99109468266756
GOBP_ENDOPLASMIC_RETICULUM_CALCIUM_ION_HOMEOSTASIS,3.68989384047587,0.0036212102530468,-2.51335018452228,0.148004124497001,TRUE,2.99004692623886
GOBP_INTEGRIN_MEDIATED_SIGNALING_PATHWAY,4.45765381207423,0.000323222929350583,-2.23936569990811,0.213706334485688,TRUE,2.98112228311811
GOBP_VIRAL_TRANSLATION,-3.36995028295324,0.00864086639958501,2.6432171672103,0.119407819286322,TRUE,2.96266834887658
GOBP_PODOSOME_ASSEMBLY,2.35487828865941,0.0764363496553256,-3.90189425474158,0.0159270716111883,TRUE,2.93713284329855
GOBP_INTRACELLULAR_STEROL_TRANSPORT,-2.54583705229655,0.0537151875993663,3.45655623157444,0.0336975456234852,TRUE,2.93210674859801
GOBP_NUCLEOSOME_ASSEMBLY,-5.52177144576075,6.17142312828698e-06,1.99520844511229,0.287908780347604,TRUE,2.93125302461923
KEGG_MELANOMA,3.39561643744493,0.00814379114740501,-2.55890238760572,0.136464981613248,TRUE,2.9184729327301
REACTOME_COBALAMIN_CBL_VITAMIN_B12_TRANSPORT_AND_METABOLISM,-3.22593002867424,0.0120396516619988,2.65370623336491,0.116826543122197,TRUE,2.91197286497546
REACTOME_TRANSPORT_TO_THE_GOLGI_AND_SUBSEQUENT_MODIFICATION,2.6598277602592,0.0425530672492336,-3.20322034623038,0.0509476043392253,TRUE,2.90634299578753
GOBP_ESTABLISHMENT_OF_EPITHELIAL_CELL_APICAL_BASAL_POLARITY,3.63730740872022,0.00419327477456049,-2.41050229304829,0.167925529799104,TRUE,2.89947544039878
GOBP_POSITIVE_REGULATION_OF_CELL_CYCLE_G1_S_PHASE_TRANSITION,2.36334432080005,0.0754471558817498,-3.72730296038192,0.0198804043107717,TRUE,2.89259905446711
KEGG_RNA_DEGRADATION,-3.44324516323608,0.00718332997702742,2.48522144442176,0.155185395448169,TRUE,2.88682631931245
GOBP_ANTIVIRAL_INNATE_IMMUNE_RESPONSE,-2.70259299552004,0.0387165044682983,3.07499092853343,0.0602820893463735,TRUE,2.87679038642562
REACTOME_EPHB_MEDIATED_FORWARD_SIGNALING,2.52517736544617,0.0558745029584955,-3.3054790757938,0.0429128888270347,TRUE,2.86311533813347
GOBP_RNA_PHOSPHODIESTER_BOND_HYDROLYSIS_EXONUCLEOLYTIC,-2.3454243973389,0.0776658509926314,3.6595017237071,0.022770153556702,TRUE,2.85868117338013
REACTOME_G_BETA_GAMMA_SIGNALLING_THROUGH_PI3KGAMMA,2.89870227849524,0.0252263849666592,-2.7964517660791,0.0979196830999311,TRUE,2.84665912198039
GOBP_NEGATIVE_REGULATION_OF_TOR_SIGNALING,-5.43560925969325,8.78701140257611e-06,1.92474066779938,0.304220455807419,TRUE,2.84283717471636
REACTOME_INTRA_GOLGI_AND_RETROGRADE_GOLGI_TO_ER_TRAFFIC,2.43954054036348,0.0651658710433995,-3.38835708247412,0.0372294666338247,TRUE,2.83671231132526
GOBP_PIGMENT_CELL_DIFFERENTIATION,3.52323121060571,0.00581341627052746,-2.3713712526198,0.177836012934913,TRUE,2.8347591754615
GOBP_HETEROTYPIC_CELL_CELL_ADHESION,3.32364935618108,0.00958280545827467,-2.45500208434441,0.158339791636824,TRUE,2.82403816220226
GOBP_MACROPHAGE_DIFFERENTIATION,2.7797522533482,0.0322836895249362,-2.84901109650781,0.0893813817664363,TRUE,2.81395557890498
GOBP_HEMOSTASIS,4.61346208155402,0.000190569079812272,-2.02286901332125,0.278706618539885,TRUE,2.81252678791596
KEGG_REGULATION_OF_ACTIN_CYTOSKELETON,3.33611903478218,0.00934706101529052,-2.39184675569907,0.172198166119928,TRUE,2.78614984161742
GOBP_MICROTUBULE_ORGANIZING_CENTER_LOCALIZATION,2.48664204299955,0.0600352350950069,-3.16650804828359,0.0537237767660048,TRUE,2.78569360983345
GOBP_CELLULAR_RESPONSE_TO_LIPOPROTEIN_PARTICLE_STIMULUS,2.71211500183645,0.0378283980488316,-2.85953098044501,0.088578874813692,TRUE,2.78387280704628
REACTOME_SIGNAL_AMPLIFICATION,3.74860450180057,0.00306221263932788,-2.20838201834252,0.220772753419877,TRUE,2.7793753595586
GOBP_NEGATIVE_REGULATION_OF_PROTEIN_LOCALIZATION_TO_CELL_PERIPHERY,4.22940810278103,0.000701422421003193,-2.06901844124336,0.262984865295836,TRUE,2.77870141027532
REACTOME_GLUCAGON_LIKE_PEPTIDE_1_GLP1_REGULATES_INSULIN_SECRETION,4.38966566891715,0.000394959831151441,-2.02425737782663,0.278278709608242,TRUE,2.7707888141904
REACTOME_NEGATIVE_EPIGENETIC_REGULATION_OF_RRNA_EXPRESSION,-3.14118558172354,0.0148610361007928,2.4757323551437,0.155342616927101,TRUE,2.76903984198894
REACTOME_HATS_ACETYLATE_HISTONES,-2.92963334697045,0.0237093055330006,2.60545871398513,0.125998618559194,TRUE,2.75805303636732
REACTOME_THROMBOXANE_SIGNALLING_THROUGH_TP_RECEPTOR,3.57688827374041,0.00501499184319563,-2.2131179863354,0.219213548577918,TRUE,2.73439282037095
GOBP_3_UTR_MEDIATED_MRNA_STABILIZATION,-5.25882647405388,1.96444666365854e-05,1.84718711136618,0.328402734588529,TRUE,2.73403262378068
GOBP_POSITIVE_REGULATION_OF_MITOTIC_CELL_CYCLE_PHASE_TRANSITION,2.64865947515615,0.0434341862654105,-2.82291651172684,0.0936463260058678,TRUE,2.73301315170785
REACTOME_HDACS_DEACETYLATE_HISTONES,-2.82301569668189,0.0294777104442122,2.63396755820579,0.120736846365244,TRUE,2.72521699776367
REACTOME_DEFECTIVE_INTRINSIC_PATHWAY_FOR_APOPTOSIS,3.46700133892685,0.00686054413344349,-2.24163604757461,0.213646899143169,TRUE,2.72280568974474
GOBP_PURINE_NUCLEOBASE_METABOLIC_PROCESS,-2.25154414651597,0.0925341575250684,3.40911307554167,0.0359931206079655,TRUE,2.7119708150273
REACTOME_FORMATION_OF_FIBRIN_CLOT_CLOTTING_CASCADE,4.30811067770985,0.000526589164509081,-1.97207100833566,0.29297806242593,TRUE,2.70562241442494
GOBP_INTERLEUKIN_13_PRODUCTION,-3.30758639548744,0.0100526939504378,2.28578622325058,0.200972656094963,TRUE,2.70335482019863
GOBP_CYTOKINETIC_PROCESS,2.62427672822237,0.0453915012330592,-2.78503904247725,0.0979822155713847,TRUE,2.70226899525907
GOBP_RESPONSE_TO_FOLLICLE_STIMULATING_HORMONE,2.73654342836912,0.0358400411334688,-2.65586160417049,0.116767409302069,TRUE,2.69559893060471
REACTOME_DEADENYLATION_DEPENDENT_MRNA_DECAY,-3.07222784027104,0.0174203037742507,2.39896804172483,0.170591457325989,TRUE,2.69417383865222
REACTOME_RHO_GTPASES_ACTIVATE_FORMINS,2.39566869186132,0.0711852608313278,-3.072262629767,0.0602820893463735,TRUE,2.69210528164298
GOBP_MISMATCH_REPAIR,-3.13543550650571,0.0150687956429818,2.35572274921177,0.180852840140307,TRUE,2.69022177376556
GOBP_NEGATIVE_REGULATION_OF_MYELOID_LEUKOCYTE_DIFFERENTIATION,1.994770534499,0.142208441917729,-4.09783101500849,0.0127284462146949,TRUE,2.68333075704117
REACTOME_INTEGRIN_CELL_SURFACE_INTERACTIONS,6.09205841334865,8.1992670706956e-07,-1.71816251788923,0.375113487286031,TRUE,2.680371404282
GOBP_REGULATION_OF_P38MAPK_CASCADE,-4.75574870168994,0.000113113397763695,1.86587549227788,0.321867520979512,TRUE,2.68019890286112
GOBP_CELLULAR_RESPONSE_TO_ESTROGEN_STIMULUS,-6.21693380515766,5.22071010627353e-07,1.70578866128055,0.380080193942938,TRUE,2.67705330779743
REACTOME_HCMV_LATE_EVENTS,-2.66321925830348,0.0422157809508769,2.68089940900177,0.112107038283212,TRUE,2.6720300876957
GOBP_PROTEOGLYCAN_BIOSYNTHETIC_PROCESS,3.39334257621967,0.00814379114740501,-2.19229734119381,0.223164511107693,TRUE,2.66369333419222
GOBP_STRIATED_MUSCLE_CELL_PROLIFERATION,-3.57699697185056,0.00501499184319563,2.11358804113054,0.247044435859322,TRUE,2.65712506029426
REACTOME_ACTIVATION_OF_BH3_ONLY_PROTEINS,2.27202692907393,0.0889035655659399,-3.18938762911335,0.0519630965408807,TRUE,2.65366216147706
GOBP_CYTOSKELETON_DEPENDENT_CYTOKINESIS,2.42373691097507,0.0669750606908487,-2.92453401668761,0.0769838697309795,TRUE,2.6506888448696
GOBP_POSITIVE_REGULATION_OF_HISTONE_ACETYLATION,-4.42243613252386,0.000366797483793551,1.89240605665429,0.316261240004858,TRUE,2.65059511279541
REACTOME_TRANSCRIPTIONAL_REGULATION_OF_GRANULOPOIESIS,-3.75919001176128,0.00300490210315319,2.04113836341933,0.272578665244323,TRUE,2.64572157025499
REACTOME_REGULATION_OF_GENE_EXPRESSION_IN_LATE_STAGE_BRANCHING_MORPHOGENESIS_PANCREATIC_BUD_PRECURSOR_CELLS,-3.93268141676557,0.0018250388861517,1.98221723421073,0.28918007156455,TRUE,2.63586219847953
REACTOME_GLUCAGON_SIGNALING_IN_METABOLIC_REGULATION,3.98836772502162,0.00150723748716666,-1.96777799195121,0.293532788538832,TRUE,2.63533587190169
GOBP_PLATELET_ACTIVATION,3.44594979950645,0.00712912325076234,-2.12695772216961,0.241355976791699,TRUE,2.63036467329167
GOBP_REGULATION_OF_SYSTEMIC_ARTERIAL_BLOOD_PRESSURE_BY_RENIN_ANGIOTENSIN,2.84547604906486,0.0281892456878826,-2.44100140798789,0.162472841455124,TRUE,2.62776531200248
GOBP_O_GLYCAN_PROCESSING,3.8054593997156,0.00266958169247973,-2.00595170368427,0.283753886610491,TRUE,2.62709611498485
GOBP_TOOTH_MINERALIZATION,4.03456142466599,0.00133129056618213,-1.94461969228974,0.298041950235209,TRUE,2.62433515315643
REACTOME_SIGNALING_BY_NTRK2_TRKB,2.87599968625109,0.026518674265249,-2.40467091395403,0.168634100984709,TRUE,2.61930096294977
REACTOME_G_BETA_GAMMA_SIGNALLING_THROUGH_CDC42,2.82667899356987,0.0293545738791741,-2.4346158353283,0.162905259719097,TRUE,2.6160394590836
KEGG_ONE_CARBON_POOL_BY_FOLATE,-3.16539058671445,0.0140643887938892,2.22566897168766,0.216030303985843,TRUE,2.61362781687045
GOBP_ENDODERM_FORMATION,4.04604119947136,0.00128950439621929,-1.90775657216224,0.309535589478411,TRUE,2.59292034617184
REACTOME_METABOLISM_OF_ANGIOTENSINOGEN_TO_ANGIOTENSINS,3.41370458497759,0.00774598432235315,-2.08752552280498,0.256428412514109,TRUE,2.59076435954777
GOBP_NEGATIVE_REGULATION_OF_PHAGOCYTOSIS,2.96377288225672,0.0220386255201757,-2.29113704432131,0.199935088724876,TRUE,2.58440579814664
GOBP_MEMBRANE_PROTEIN_PROTEOLYSIS,2.40215581892422,0.0703456301474065,-2.78868343154411,0.0979822155713847,TRUE,2.5810285423949
REACTOME_DARPP_32_EVENTS,4.10163073901509,0.00107781767808078,-1.87277929254856,0.319085421390079,TRUE,2.57145025973307
GOBP_REGULATION_OF_RESPONSE_TO_FOOD,-2.52319035758443,0.0559819334954596,2.6213372034934,0.12257208482037,TRUE,2.57132756207692
GOBP_VACUOLAR_ACIDIFICATION,2.66181316749159,0.0423476670415353,-2.48090772745494,0.155342616927101,TRUE,2.56817859307135
GOBP_PROTEOGLYCAN_METABOLIC_PROCESS,3.46189749349606,0.0069268459481186,-2.03337773323507,0.276294277820449,TRUE,2.56196277259239
GOBP_NEUROEPITHELIAL_CELL_DIFFERENTIATION,2.39299064088367,0.07158766662754,-2.75516762518197,0.100302435020534,TRUE,2.56133941513992
GOBP_CYCLIC_NUCLEOTIDE_MEDIATED_SIGNALING,-3.98137068355162,0.00154063017103952,1.88741549415954,0.316869019442748,TRUE,2.56083642803921
REACTOME_TRANSCRIPTIONAL_REGULATION_OF_PLURIPOTENT_STEM_CELLS,-2.8913564054322,0.0255669701305005,2.28658591522732,0.200918910520787,TRUE,2.55365333297937
REACTOME_DISEASES_OF_IMMUNE_SYSTEM,2.2386705081525,0.0949730704145131,-2.95262762025754,0.0742475779034282,TRUE,2.54655394913777
GOBP_ZYMOGEN_ACTIVATION,5.07987450121878,3.41174806168449e-05,-1.69551790278676,0.382869085743875,TRUE,2.54244113023903
GOBP_POSITIVE_REGULATION_OF_PROTEIN_MATURATION,3.32832400131607,0.00945103169312535,-2.05374529026608,0.268447221349599,TRUE,2.54011212857239
KEGG_FOCAL_ADHESION,3.34517780799706,0.00916453298886652,-2.02929543789188,0.276539584694698,TRUE,2.52614675118093
GOBP_REGULATION_OF_EXCRETION,-2.84029592161682,0.0285454109857154,2.26309751313868,0.207417414233966,TRUE,2.51905588662377
GOBP_REGULATION_OF_AMYLOID_BETA_CLEARANCE,2.08926963790138,0.121390182959052,-3.1608566152487,0.0538615446675943,TRUE,2.51570398027533
REACTOME_INTRINSIC_PATHWAY_FOR_APOPTOSIS,1.8167276504567,0.189688134919006,-4.03534484047196,0.0127284462146949,TRUE,2.50547906307627
GOBP_NCRNA_CATABOLIC_PROCESS,-3.87168186180839,0.00218250901890705,1.8515376740711,0.327214458044081,TRUE,2.50508119921504
REACTOME_MEIOTIC_SYNAPSIS,-3.66841101186256,0.00385484168470508,1.90183264880644,0.311498871163856,TRUE,2.50499053779754
REACTOME_ABERRANT_REGULATION_OF_MITOTIC_G1_S_TRANSITION_IN_CANCER_DUE_TO_RB1_DEFECTS,2.83375657119103,0.0289226442473536,-2.24057014012155,0.213646899143169,TRUE,2.50249174678841
GOBP_DEFENSE_RESPONSE_TO_GRAM_NEGATIVE_BACTERIUM,2.10022306242581,0.119239164744899,-3.07627284669675,0.0602820893463735,TRUE,2.49622883602045
REACTOME_RHO_GTPASES_ACTIVATE_IQGAPS,2.28479662190142,0.0866894176639881,-2.74685944594159,0.101320505427746,TRUE,2.49461215087214
KEGG_LONG_TERM_POTENTIATION,3.07088862990996,0.017470805926995,-2.10001376096467,0.252056471035925,TRUE,2.49430675488348
GOBP_PROTEIN_PROCESSING,3.84109624962847,0.00238894236957667,-1.84349218739966,0.329256115064783,TRUE,2.49130821190712
REACTOME_NEGATIVE_REGULATORS_OF_DDX58_IFIH1_SIGNALING,-5.02945196806988,4.29272738084551e-05,1.65364654743888,0.399700871266838,TRUE,2.48894606692037
REACTOME_CARGO_CONCENTRATION_IN_THE_ER,2.48758380183644,0.0600352350950069,-2.47812376221314,0.155342616927101,TRUE,2.48284477098774
GOBP_TRANSFORMING_GROWTH_FACTOR_BETA_PRODUCTION,2.59661296395834,0.0480443760406858,-2.37359481479247,0.177402169347287,TRUE,2.48010036667863
REACTOME_SENSORY_PROCESSING_OF_SOUND,2.6823991243574,0.0403832937637865,-2.30425029591443,0.197140055226607,TRUE,2.47898677253482
REACTOME_REGULATION_OF_PYRUVATE_DEHYDROGENASE_PDH_COMPLEX,-3.45791160342456,0.00695536591846781,1.92566893758877,0.304220455807419,TRUE,2.47374137450504
REACTOME_NCAM_SIGNALING_FOR_NEURITE_OUT_GROWTH,4.11123157146411,0.00104995375768192,-1.76695632224429,0.356007066228333,TRUE,2.47163471082103
REACTOME_THROMBIN_SIGNALLING_THROUGH_PROTEINASE_ACTIVATED_RECEPTORS_PARS,2.52150264322334,0.0560750561570787,-2.42339178826199,0.164933577028271,TRUE,2.47147391489726
REACTOME_EPH_EPHRIN_SIGNALING,2.06201950244644,0.126587680281667,-3.08255490418325,0.0602820893463735,TRUE,2.47106478685451
REACTOME_GAP_JUNCTION_TRAFFICKING_AND_REGULATION,4.57595522799999,0.000214113454289918,-1.68923821445107,0.384810628930201,TRUE,2.46756257719975
REACTOME_RESPONSE_OF_EIF2AK1_HRI_TO_HEME_DEFICIENCY,-5.90863837472406,1.54582893565011e-06,1.55822034758064,0.434109384208092,TRUE,2.46608671314168
REACTOME_L1CAM_INTERACTIONS,2.65297216302771,0.0431987838073143,-2.3025690579512,0.197140055226607,TRUE,2.4653822223627
REACTOME_APOPTOTIC_CLEAVAGE_OF_CELLULAR_PROTEINS,2.97989903335804,0.0213425369048671,-2.10008875382297,0.252056471035925,TRUE,2.46380609940635
GOBP_NUCLEOTIDE_TRANSMEMBRANE_TRANSPORT,2.8595589759849,0.0274299931056383,-2.15760845535154,0.233826118765645,TRUE,2.45947886316321
GOBP_BRANCHING_INVOLVED_IN_MAMMARY_GLAND_DUCT_MORPHOGENESIS,-2.81806402083824,0.0297927771072591,2.18105558098141,0.226430494027671,TRUE,2.45897467945152
GOBP_REGULATION_OF_PROTEIN_LOCALIZATION_TO_MEMBRANE,2.44706356285655,0.064151122290102,-2.46422674330556,0.156022155430319,TRUE,2.455615163532
GOBP_POSITIVE_REGULATION_OF_CARDIAC_MUSCLE_CELL_PROLIFERATION,-2.37651410494632,0.0736971846988765,2.5319563686472,0.14348472679647,TRUE,2.4517739509976
GOBP_POSITIVE_REGULATION_OF_CELL_CYCLE_PHASE_TRANSITION,2.11089311784983,0.117052249865444,-2.92136848434899,0.0769838697309795,TRUE,2.45086488572898
REACTOME_PROTEIN_FOLDING,2.18658514691146,0.103171293441429,-2.78334295397945,0.0979822155713847,TRUE,2.44913658241501
GOBP_CELLULAR_RESPONSE_TO_GONADOTROPIN_STIMULUS,3.26390571798317,0.0110294717769689,-1.95149050936722,0.297412538723901,TRUE,2.44256840878588
REACTOME_SIGNALING_BY_FGFR1,2.35843284590272,0.0761891211728521,-2.53268424140018,0.14348472679647,TRUE,2.44245459538249
GOBP_RENAL_TUBULAR_SECRETION,-3.66222715152776,0.00391311480296026,1.83179634186555,0.333998410543172,TRUE,2.44209159546417
GOBP_NEGATIVE_REGULATION_OF_OSTEOCLAST_DIFFERENTIATION,2.21195224437308,0.0991991356562769,-2.71916681270368,0.105702422270556,TRUE,2.43947350066631
REACTOME_EPIGENETIC_REGULATION_OF_GENE_EXPRESSION,-2.45507750960893,0.0632308936047519,2.42335309465014,0.164933577028271,TRUE,2.43911215025692
GOBP_ANTIGEN_PROCESSING_AND_PRESENTATION_OF_ENDOGENOUS_ANTIGEN,-4.84270089970575,8.45531965142766e-05,1.61903350021579,0.410534963288858,TRUE,2.42674628912137
REACTOME_COMMON_PATHWAY_OF_FIBRIN_CLOT_FORMATION,4.72638352157579,0.000126540159866101,-1.62855051320191,0.408227943306422,TRUE,2.4224183185941
GOBP_CELLULAR_RESPONSE_TO_LOW_DENSITY_LIPOPROTEIN_PARTICLE_STIMULUS,2.57808426696394,0.0498588645282733,-2.28091285377513,0.202155865807928,TRUE,2.42041120688668
KEGG_TGF_BETA_SIGNALING_PATHWAY,2.54661718989556,0.0536466036298256,-2.30274120400611,0.197140055226607,TRUE,2.41854689122475
GOBP_MITOTIC_CYTOKINESIS,2.11270738185618,0.116833782946512,-2.79974778750155,0.0976461441225169,TRUE,2.40818393820106
GOBP_REGULATION_OF_PROTEIN_TARGETING_TO_MEMBRANE,3.11313644479823,0.015780356516152,-1.9619574016868,0.295668437145621,TRUE,2.40698646176289
GOBP_TETRAHYDROFOLATE_METABOLIC_PROCESS,-2.86782440842445,0.0269380587838676,2.07315830026575,0.262001571545363,TRUE,2.40658764726013
REACTOME_PLATELET_ACTIVATION_SIGNALING_AND_AGGREGATION,3.84740376844704,0.00234606014549241,-1.7508346158419,0.361802240353081,TRUE,2.40653121089742
REACTOME_TRANSLOCATION_OF_SLC2A4_GLUT4_TO_THE_PLASMA_MEMBRANE,2.12972644192195,0.113959947877482,-2.73338882508174,0.103178734412668,TRUE,2.39409108656282
GOBP_POSITIVE_REGULATION_OF_EXTRINSIC_APOPTOTIC_SIGNALING_PATHWAY,3.03452517543843,0.0189674238566546,-1.97548953551207,0.292049168304238,TRUE,2.39307589904831
REACTOME_ACTIVATION_OF_ANTERIOR_HOX_GENES_IN_HINDBRAIN_DEVELOPMENT_DURING_EARLY_EMBRYOGENESIS,-2.09000619711496,0.121327016940125,2.79651860613499,0.0979196830999311,TRUE,2.39218727111839
REACTOME_REPRODUCTION,-3.08709537397817,0.0167859671615628,1.93487586475607,0.300150391399537,TRUE,2.37880547193894
GOBP_MAMMARY_GLAND_DUCT_MORPHOGENESIS,-2.46494300464251,0.0622765630381003,2.28778944160408,0.200637215049039,TRUE,2.37306460818366
GOBP_CELLULAR_AMINO_ACID_CATABOLIC_PROCESS,-3.20705975810472,0.0125999353021029,1.88030607884915,0.317756488624444,TRUE,2.3706783241708
GOBP_POSITIVE_REGULATION_OF_CELL_CYCLE_G2_M_PHASE_TRANSITION,2.59020893250548,0.0486102580895812,-2.18037551788672,0.226430494027671,TRUE,2.36768815283509
GOBP_REGULATION_OF_AMYLOID_FIBRIL_FORMATION,3.63677121408243,0.00419327477456049,-1.74782241632946,0.362443909693227,TRUE,2.36096934600012
REACTOME_TELOMERE_MAINTENANCE,-2.29259886758978,0.0853138966295936,2.42262413580142,0.164933577028271,TRUE,2.35581873703088
GOBP_POSITIVE_REGULATION_OF_PROTEIN_TARGETING_TO_MEMBRANE,2.71149582702592,0.0378575189870366,-2.07117387635492,0.262275957431478,TRUE,2.34847048660356
GOBP_CELL_PROLIFERATION_INVOLVED_IN_HEART_MORPHOGENESIS,-2.51311976981283,0.0570531607185759,2.1996011062357,0.222335352337557,TRUE,2.34593186024548
GOBP_REGULATION_OF_VASCULOGENESIS,2.47086646241978,0.0615260490397819,-2.22831473372222,0.215608066958968,TRUE,2.34333085423068
REACTOME_SIGNALING_BY_ALK_IN_CANCER,1.69091597210281,0.229990824279109,-3.81462288566587,0.016208457165718,TRUE,2.34317000808001
GOBP_MICROVILLUS_ORGANIZATION,1.76745789919809,0.205511357149111,-3.45137716638846,0.0337002304863083,TRUE,2.33774923299271
REACTOME_FOXO_MEDIATED_TRANSCRIPTION_OF_OXIDATIVE_STRESS_METABOLIC_AND_NEURONAL_GENES,-1.76292302563711,0.206662350120446,3.46874680102678,0.0331552264026327,TRUE,2.33773682523641
GOBP_POSITIVE_REGULATION_OF_PRODUCTION_OF_MOLECULAR_MEDIATOR_OF_IMMUNE_RESPONSE,-2.97088248044792,0.0217802250321391,1.91753973223104,0.306324356595903,TRUE,2.33072551764142
GOBP_OTIC_VESICLE_DEVELOPMENT,-3.1066358046617,0.0160517631035516,1.86381053852695,0.322243111244037,TRUE,2.3298432986922
REACTOME_TRANSPORT_OF_CONNEXONS_TO_THE_PLASMA_MEMBRANE,2.08434364210629,0.122549237470297,-2.63856510069131,0.119885508178886,TRUE,2.32893612450015
GOBP_AMYLOID_FIBRIL_FORMATION,3.35232148938678,0.00902519734866296,-1.77508011311757,0.354114486607515,TRUE,2.32111298076621
GOBP_POSITIVE_REGULATION_OF_PEPTIDYL_LYSINE_ACETYLATION,-3.92139774787026,0.00185400277624315,1.64327833831945,0.402125483019362,TRUE,2.31601907288092
GOBP_REGULATION_OF_ENDOCYTIC_RECYCLING,-3.02886150693386,0.0192091494761193,1.86466045958671,0.322185693456833,TRUE,2.30827544177125
REACTOME_RNA_POLYMERASE_I_PROMOTER_ESCAPE,-2.01939927288647,0.135577030398574,2.68467903888716,0.111638014331363,TRUE,2.30499517216505
REACTOME_ENDOGENOUS_STEROLS,-2.10173661625292,0.118872581188095,2.547958096219,0.139309793138778,TRUE,2.30343588500012
REACTOME_RNA_POLYMERASE_III_TRANSCRIPTION,-2.73201352427917,0.0361103707806915,1.98864191285711,0.288666769350844,TRUE,2.301797567403
REACTOME_G_PROTEIN_ACTIVATION,3.76275988316995,0.00297347729938044,-1.65766842234167,0.397877894321574,TRUE,2.3014447890926
REACTOME_REGULATION_OF_INSULIN_SECRETION,3.26895040859705,0.0108771082531805,-1.7720661032941,0.354114486607515,TRUE,2.29826512123487
GOBP_ADHERENS_JUNCTION_ORGANIZATION,2.21085908414992,0.0992323947723581,-2.39240571833242,0.172198166119928,TRUE,2.29805242248726
REACTOME_MEIOSIS,-3.14542973479225,0.014672263709845,1.80833572597071,0.340616137666103,TRUE,2.29643208101312
GOBP_MYELOID_LEUKOCYTE_DIFFERENTIATION,1.64713052652166,0.242618805608671,-3.78126133479041,0.0174217327540005,TRUE,2.29468731529044
KEGG_DILATED_CARDIOMYOPATHY,2.85311101285824,0.0276917023402061,-1.91434046354175,0.308108709823519,TRUE,2.29129793388709
REACTOME_SYNDECAN_INTERACTIONS,5.16191378253015,2.65179701950147e-05,-1.47099578905711,0.470797708627197,TRUE,2.28953926044876
GOBP_REGULATION_OF_LYMPHOCYTE_MIGRATION,2.13001484548759,0.113959947877482,-2.46978799911667,0.156022155430319,TRUE,2.28735242837487
GOBP_P_BODY_ASSEMBLY,-3.6468749976652,0.00405577679932305,1.66369020827089,0.395691037709846,TRUE,2.28498097250424
GOBP_AMYLOID_BETA_CLEARANCE,2.77396801252294,0.0326749574819244,-1.93863052103164,0.299721092353335,TRUE,2.28226487580142
GOBP_HEPARAN_SULFATE_PROTEOGLYCAN_BIOSYNTHETIC_PROCESS,3.05434779013893,0.0180055688930276,-1.81389385302516,0.338325841077369,TRUE,2.27608368180061
REACTOME_BASE_EXCISION_REPAIR,-3.77168214868362,0.00291928003114324,1.62777465016612,0.408563188943675,TRUE,2.27409860614838
REACTOME_NCAM1_INTERACTIONS,4.10949908887214,0.00105240856661793,-1.57182931652527,0.427848958227243,TRUE,2.27391577574938
REACTOME_METALLOPROTEASE_DUBS,-3.31481452545672,0.00981670756073013,1.72667345326466,0.371901053649393,TRUE,2.27060037344524
GOBP_REGULATION_OF_RESPONSE_TO_EXTRACELLULAR_STIMULUS,-3.50144690189903,0.00622100257677843,1.67987458350321,0.388887714504931,TRUE,2.27046002551976
REACTOME_PKMTS_METHYLATE_HISTONE_LYSINES,-1.69743718883536,0.228483017347225,3.42659736457339,0.0348788385306157,TRUE,2.270255493856
GOBP_REGULATION_OF_CELLULAR_RESPIRATION,-1.90689292770683,0.163997692761213,2.78226642424578,0.0979822155713847,TRUE,2.26287219912081
GOBP_RESPONSE_TO_OXYGEN_RADICAL,3.15833223633723,0.0142089662257197,-1.74759616050834,0.362443909693227,TRUE,2.25013039056241
REACTOME_SIGNALING_BY_PDGF,2.94235011478083,0.0231336705311769,-1.81705342677783,0.336825271712895,TRUE,2.24667116883799
GOBP_REGULATION_OF_EXTRINSIC_APOPTOTIC_SIGNALING_PATHWAY,1.84398552391003,0.182115491969976,-2.86872625167488,0.0871066280938253,TRUE,2.24494513225036
GOBP_REGULATION_OF_TRANSCRIPTION_BY_RNA_POLYMERASE_I,2.45113959549905,0.0638156547784101,-2.04856793902044,0.268773266055975,TRUE,2.23184549257115
GOBP_REGULATION_OF_BONE_RESORPTION,1.83883953403616,0.183523695962477,-2.83663237304741,0.0911131886625571,TRUE,2.23126642817967
REACTOME_DNA_DOUBLE_STRAND_BREAK_RESPONSE,-2.49807062589331,0.0587716992907301,2.00990293928341,0.282839345727987,TRUE,2.22755498492977
GOBP_ENDODERM_DEVELOPMENT,2.21565000717532,0.0987494707355639,-2.23368735513881,0.215043461314993,TRUE,2.22463211999131
GOBP_MODULATION_OF_PROCESS_OF_ANOTHER_ORGANISM,2.86179190453295,0.0273522535696894,-1.81922482018611,0.336825271712895,TRUE,2.22440686248413
REACTOME_MHC_CLASS_II_ANTIGEN_PRESENTATION,3.19457488166062,0.0130388835755473,-1.70411414399118,0.380080193942938,TRUE,2.22260290921507
REACTOME_CELL_SURFACE_INTERACTIONS_AT_THE_VASCULAR_WALL,2.05713957900381,0.127433097279456,-2.41086392631087,0.167925529799104,TRUE,2.21999987086282
GOBP_CENTRAL_NERVOUS_SYSTEM_PROJECTION_NEURON_AXONOGENESIS,-2.97040807604684,0.0217828625970813,1.76958793850391,0.354697192505237,TRUE,2.21789144449536
REACTOME_CARBOXYTERMINAL_POST_TRANSLATIONAL_MODIFICATIONS_OF_TUBULIN,2.1647111099053,0.108040995566715,-2.27071956709904,0.206187343448472,TRUE,2.21644851755343
GOBP_RETINOIC_ACID_METABOLIC_PROCESS,3.28675808450894,0.010542224604418,-1.67096087423335,0.393314656676192,TRUE,2.21555284113073
REACTOME_PRESYNAPTIC_FUNCTION_OF_KAINATE_RECEPTORS,3.72455342009907,0.00330314728555701,-1.57309231599288,0.42749789350518,TRUE,2.21195099013361
GOBP_CENTRAL_NERVOUS_SYSTEM_NEURON_AXONOGENESIS,-2.49530248576653,0.0590720008358685,1.98212975848921,0.28918007156455,TRUE,2.20930794421975
REACTOME_SENSORY_PROCESSING_OF_SOUND_BY_OUTER_HAIR_CELLS_OF_THE_COCHLEA,1.97537902452217,0.146669405921977,-2.50361108335489,0.149777747393722,TRUE,2.20834639081825
GOBP_NEGATIVE_REGULATION_OF_CYCLIN_DEPENDENT_PROTEIN_SERINE_THREONINE_KINASE_ACTIVITY,-2.91952116736626,0.0242704602581888,1.77200421640944,0.354114486607515,TRUE,2.20542505700187
GOBP_TRIGLYCERIDE_BIOSYNTHETIC_PROCESS,-3.49282897953307,0.00635884854947238,1.61004206442661,0.411867046563292,TRUE,2.20409315949821
REACTOME_NEF_MEDIATES_DOWN_MODULATION_OF_CELL_SURFACE_RECEPTORS_BY_RECRUITING_THEM_TO_CLATHRIN_ADAPTERS,2.02236173352431,0.135028988911083,-2.40502815958418,0.168634100984709,TRUE,2.19715770935933
GOBP_POSITIVE_REGULATION_OF_PROTEIN_LOCALIZATION_TO_MEMBRANE,2.15752534713258,0.1093979604484,-2.22248239852033,0.216410448635834,TRUE,2.18952220489685
GOBP_NEGATIVE_REGULATION_OF_SIGNAL_TRANSDUCTION_IN_ABSENCE_OF_LIGAND,3.53545509742258,0.00563446518084144,-1.58403010422064,0.421905054266098,TRUE,2.187824394781
GOBP_CAMP_MEDIATED_SIGNALING,-5.64495037975911,4.05125517895637e-06,1.35083960185631,0.517422178723134,TRUE,2.18000327154807
HALLMARK_REACTIVE_OXYGEN_SPECIES_PATHWAY,1.55245013342595,0.276250737608744,-3.64512256590401,0.0236667230533994,TRUE,2.17750528608138
GOBP_RENAL_SODIUM_EXCRETION,-3.44135917450353,0.00721607626176874,1.58335692024392,0.422128309631278,TRUE,2.16883890004892
GOBP_DNA_DAMAGE_RESPONSE_SIGNAL_TRANSDUCTION_BY_P53_CLASS_MEDIATOR_RESULTING_IN_CELL_CYCLE_ARREST,-4.00556751296399,0.0014414581036122,1.48557306529591,0.463655065580925,TRUE,2.16733231417992
GOBP_LEUKOCYTE_ADHESION_TO_VASCULAR_ENDOTHELIAL_CELL,1.59624405118179,0.259937342997238,-3.3669147760405,0.0386543372463984,TRUE,2.16572463996628
GOBP_HISTONE_H3_K4_TRIMETHYLATION,-4.53724814121448,0.000245170779474485,1.41560808735008,0.493570790355467,TRUE,2.15794399071726
GOBP_REGULATORY_T_CELL_DIFFERENTIATION,-2.2956281706162,0.0849858604620877,2.01699885692222,0.280175741629939,TRUE,2.14731270127675
GOBP_NEGATIVE_REGULATION_OF_PROTEIN_LOCALIZATION_TO_MEMBRANE,3.6877731316703,0.00364010500507569,-1.51134275457268,0.452041135989435,TRUE,2.14401422280482
REACTOME_INTEGRATION_OF_ENERGY_METABOLISM,2.50767491432947,0.0576196884351879,-1.86983734775573,0.319733717443479,TRUE,2.14228718510081
REACTOME_THE_ROLE_OF_NEF_IN_HIV_1_REPLICATION_AND_DISEASE_PATHOGENESIS,1.77953863075037,0.201749249131894,-2.6770116923242,0.112873541758063,TRUE,2.13790729425659
GOBP_CALCIUM_MEDIATED_SIGNALING,2.42414343496515,0.0669750606908487,-1.91092988338387,0.308232955775001,TRUE,2.13715791697287
REACTOME_METABOLISM_OF_AMINE_DERIVED_HORMONES,2.69853909428066,0.0390520537938424,-1.75508827696165,0.359856992537607,TRUE,2.12688396872932
GOBP_BRANCHING_INVOLVED_IN_SALIVARY_GLAND_MORPHOGENESIS,3.27639525212406,0.0107448268783174,-1.56625419718971,0.430591076642189,TRUE,2.11936373631956
GOBP_OSTEOCLAST_DIFFERENTIATION,1.71445294102493,0.222332293828041,-2.77319184325766,0.0985223290095397,TRUE,2.11893192988514
REACTOME_RESPONSE_TO_ELEVATED_PLATELET_CYTOSOLIC_CA2,4.6598474085024,0.000156670149598153,-1.37107581562958,0.510457640330952,TRUE,2.11874827414716
REACTOME_O_LINKED_GLYCOSYLATION_OF_MUCINS,3.38249048189015,0.00831809204334087,-1.53813503941449,0.441950123325006,TRUE,2.11466087315736
KEGG_BIOSYNTHESIS_OF_UNSATURATED_FATTY_ACIDS,3.42329772673542,0.00756583500631644,-1.52165121563618,0.447553476477342,TRUE,2.10682262166017
GOBP_POSITIVE_REGULATION_OF_LAMELLIPODIUM_ORGANIZATION,3.46170424564912,0.0069268459481186,-1.51358434255764,0.450981329162476,TRUE,2.10624218148853
REACTOME_SIGNALING_BY_MET,1.54758308275355,0.277302815514749,-3.22954771978153,0.0488803981509807,TRUE,2.09246663852156
GOBP_REGULATION_OF_SYSTEMIC_ARTERIAL_BLOOD_PRESSURE_BY_CIRCULATORY_RENIN_ANGIOTENSIN,3.69065663248293,0.0036212102530468,-1.45663595157426,0.477181054995249,TRUE,2.08884303660594
REACTOME_PEPTIDE_HORMONE_METABOLISM,3.23940576699083,0.011702889360113,-1.54036203958887,0.441133973952641,TRUE,2.087907980563
GOBP_RENAL_FILTRATION,1.91336715599316,0.16203660379727,-2.29391626541533,0.199662327824712,TRUE,2.08643136257972
GOBP_MATING_BEHAVIOR,-2.43568807107773,0.0656928233853044,1.8163325473568,0.336825271712895,TRUE,2.08090219484212
REACTOME_IRAK4_DEFICIENCY_TLR2_4,3.25284291317841,0.0112702576418767,-1.52875016683832,0.445307029259258,TRUE,2.0799696097113
GOBP_PROTEIN_N_LINKED_GLYCOSYLATION,5.23856933198857,2.13652053669704e-05,-1.29668285829608,0.540865017153317,TRUE,2.07880671074433
GOBP_POSITIVE_REGULATION_OF_LEUKOCYTE_ADHESION_TO_VASCULAR_ENDOTHELIAL_CELL,2.21212364893333,0.0991991356562769,-1.95379719060167,0.297412538723901,TRUE,2.07495107901853
GOBP_NEGATIVE_REGULATION_OF_TRANSFORMING_GROWTH_FACTOR_BETA_RECEPTOR_SIGNALING_PATHWAY,2.53747559046125,0.0546089731032401,-1.74886048689493,0.362443909693227,TRUE,2.07062195615573
KEGG_HYPERTROPHIC_CARDIOMYOPATHY_HCM,2.38482212982741,0.0725799291822193,-1.82758780650098,0.335085190499978,TRUE,2.06934838300433
GOBP_NEGATIVE_REGULATION_OF_PROTEIN_MATURATION,4.98683452547687,4.98164092322006e-05,-1.303280197514,0.537559954309829,TRUE,2.06649416474961
GOBP_REGULATION_OF_HAIR_CYCLE,-2.64821771663505,0.0434456377472367,1.69133526578801,0.384029952301151,TRUE,2.0642789862326
GOBP_POSITIVE_REGULATION_OF_POTASSIUM_ION_TRANSMEMBRANE_TRANSPORTER_ACTIVITY,-1.55307200519221,0.276155969033285,3.04009966185251,0.0635662185966088,TRUE,2.05587512075519
REACTOME_SHC_MEDIATED_CASCADE_FGFR1,4.4877303355942,0.000294171218951356,-1.33241320278835,0.52311747747449,TRUE,2.05476415152512
REACTOME_SIGNALLING_TO_RAS,2.71524954336809,0.0375547235979038,-1.64708512631391,0.400658514208344,TRUE,2.05039157962552
GOBP_HYDROGEN_PEROXIDE_CATABOLIC_PROCESS,2.89781292419091,0.0252263849666592,-1.58630942922118,0.42133960787743,TRUE,2.05026874981018
REACTOME_RUNX1_REGULATES_GENES_INVOLVED_IN_MEGAKARYOCYTE_DIFFERENTIATION_AND_PLATELET_FUNCTION,-1.87155984897802,0.173619413239135,2.26495942286546,0.207159367843119,TRUE,2.04955269724165
KEGG_ARRHYTHMOGENIC_RIGHT_VENTRICULAR_CARDIOMYOPATHY_ARVC,3.33616793503147,0.00934706101529052,-1.47850449596262,0.467262538932857,TRUE,2.04896152829734
GOBP_NEURAL_NUCLEUS_DEVELOPMENT,1.59686657828972,0.259913628404704,-2.85782169692984,0.088696850084537,TRUE,2.04887959497617
GOBP_BONE_CELL_DEVELOPMENT,1.72548150815033,0.219256347302773,-2.51342924466038,0.148004124497001,TRUE,2.04622174733453
KEGG_OOCYTE_MEIOSIS,2.07068015593918,0.124945256090891,-2.01994110792826,0.279609102341825,TRUE,2.04499595467237
REACTOME_RNA_POLYMERASE_I_TRANSCRIPTION,-1.5782197322069,0.266925508682697,2.90025308289839,0.0801262146182985,TRUE,2.04410603024573
GOBP_ALPHA_AMINO_ACID_CATABOLIC_PROCESS,-2.19811300237394,0.101315836577186,1.9069178430786,0.309535589478411,TRUE,2.04218728829934
REACTOME_SEMA3A_PAK_DEPENDENT_AXON_REPULSION,1.92720715624182,0.159020155367235,-2.16050762448263,0.232469383852041,TRUE,2.03719974527187
REACTOME_ADRENALINE_NORADRENALINE_INHIBITS_INSULIN_SECRETION,1.81844457309084,0.189170122655492,-2.30805261834233,0.196066427106999,TRUE,2.03420264865129
GOBP_REGULATION_OF_WATER_LOSS_VIA_SKIN,3.05783213041081,0.017946691194197,-1.5234737893554,0.447553476477342,TRUE,2.03371142836381
GOBP_RNA_DESTABILIZATION,-3.74341628690792,0.00309511336167693,1.3926759644514,0.50434679066389,TRUE,2.0300904394125
GOBP_REGULATION_OF_EPIDERMAL_GROWTH_FACTOR_ACTIVATED_RECEPTOR_ACTIVITY,2.28615997187105,0.0864445268504092,-1.82279119707442,0.336643919781943,TRUE,2.02834840351726
REACTOME_BLOOD_GROUP_SYSTEMS_BIOSYNTHESIS,-2.11409859455099,0.116727111155532,1.94060894793597,0.299489652916657,TRUE,2.02364220176933
GOBP_ASTROCYTE_DEVELOPMENT,1.86826414501528,0.174628226686946,-2.20639903968269,0.220772753419877,TRUE,2.0233015729573
GOBP_REGULATION_OF_NEUTROPHIL_MIGRATION,2.42398205343792,0.0669750606908487,-1.72948413409547,0.371008348695923,TRUE,2.01866985956743
REACTOME_NONHOMOLOGOUS_END_JOINING_NHEJ,-1.83900289501404,0.183523695962477,2.23489290664661,0.215043461314993,TRUE,2.01771214850124
GOBP_POSITIVE_REGULATION_OF_SYNAPTIC_TRANSMISSION_GLUTAMATERGIC,-2.19903244507044,0.101221116721898,1.86170218495066,0.322941579811625,TRUE,2.01635609354939
REACTOME_SIGNALLING_TO_ERKS,2.12939517969829,0.113962631546302,-1.911947074609,0.308232955775001,TRUE,2.0148211303665
GOBP_PHOSPHATIDYLETHANOLAMINE_METABOLIC_PROCESS,-2.18391167468465,0.103799608208911,1.85856556148597,0.323251489013788,TRUE,2.00814638686303
REACTOME_FACTORS_INVOLVED_IN_MEGAKARYOCYTE_DEVELOPMENT_AND_PLATELET_PRODUCTION,3.28387417425618,0.0106292203240799,-1.44422543411054,0.482523656335172,TRUE,2.00615680620901
REACTOME_LYSOSOME_VESICLE_BIOGENESIS,3.82159927989379,0.00253792133795049,-1.36003370273008,0.514336402052169,TRUE,2.00612580490124
GOBP_POSITIVE_REGULATION_OF_TELOMERASE_RNA_LOCALIZATION_TO_CAJAL_BODY,1.93543387407917,0.157012098883564,-2.0757049555123,0.261539699060142,TRUE,2.00311674772008
GOBP_PLASMA_MEMBRANE_ORGANIZATION,3.45944438356059,0.00695039306061538,-1.40430975870523,0.498741799730641,TRUE,1.99768794450985
GOBP_NEGATIVE_REGULATION_OF_HEMOPOIESIS,1.6203171101835,0.251271618809145,-2.59975458245517,0.126756550284428,TRUE,1.9963769049602
GOBP_MITOTIC_G2_DNA_DAMAGE_CHECKPOINT_SIGNALING,-2.83915944097841,0.028583421602038,1.53673806026075,0.442563618950217,TRUE,1.99412548893782
GOBP_CYTOKINESIS,1.49592462440488,0.297665249039293,-2.97972302923354,0.0704404957524518,TRUE,1.99186414941004
GOBP_REGULATION_OF_COAGULATION,4.40750089971649,0.000381264022080923,-1.28656817083808,0.545359141480679,TRUE,1.99173922910042
REACTOME_BIOSYNTHESIS_OF_THE_N_GLYCAN_PRECURSOR_DOLICHOL_LIPID_LINKED_OLIGOSACCHARIDE_LLO_AND_TRANSFER_TO_A_NASCENT_PROTEIN,2.63104922526637,0.0448150984540327,-1.60071674141271,0.416974890581524,TRUE,1.99045248509803
KEGG_AMYOTROPHIC_LATERAL_SCLEROSIS_ALS,1.6001663887938,0.258539446149235,-2.63232701971895,0.120824826261147,TRUE,1.99039233601459
GOBP_NEGATIVE_REGULATION_OF_BONE_REMODELING,1.92589346810597,0.159285965612514,-2.05282685703496,0.268447221349599,TRUE,1.98733538023992
GOBP_SIGNAL_TRANSDUCTION_IN_ABSENCE_OF_LIGAND,2.43976748982176,0.0651658710433995,-1.66937133609214,0.393983060164506,TRUE,1.98235108950454
GOBP_REGULATION_OF_NEURONAL_SYNAPTIC_PLASTICITY,2.07852643377834,0.123749820087402,-1.88824931023918,0.316869019442748,TRUE,1.97882429366721
GOBP_TRIGLYCERIDE_METABOLIC_PROCESS,-2.74966752929687,0.0346690185313689,1.54132893396194,0.441075923281952,TRUE,1.97536500342964
REACTOME_POLO_LIKE_KINASE_MEDIATED_EVENTS,2.35809092877521,0.0761891211728521,-1.69627017958978,0.382869085743875,TRUE,1.97316381858035
GOBP_CORONARY_VASCULATURE_MORPHOGENESIS,-1.95953696932997,0.15105926968046,1.98649145642419,0.28881929772838,TRUE,1.97292215267171
REACTOME_RHO_GTPASES_ACTIVATE_PAKS,1.706146158941,0.225492036276715,-2.33759443601331,0.186319649828197,TRUE,1.97256855355284
GOBP_SUBSTANTIA_NIGRA_DEVELOPMENT,1.44646626813606,0.31669765528808,-3.09149978894202,0.0602820893463735,TRUE,1.97081692829305
REACTOME_BASE_EXCISION_REPAIR_AP_SITE_FORMATION,-1.85687382609377,0.177604342512413,2.09611805240744,0.253093379574284,TRUE,1.96925613183591
REACTOME_PROCESSING_OF_DNA_DOUBLE_STRAND_BREAK_ENDS,-2.29321378509866,0.0852905607648187,1.7237419118187,0.372687354956562,TRUE,1.96811168077778
GOBP_CORTICAL_ACTIN_CYTOSKELETON_ORGANIZATION,1.93483697414456,0.157104480609684,-1.99641337176043,0.287908780347604,TRUE,1.96514292781295
REACTOME_METABOLISM_OF_FOLATE_AND_PTERINES,-3.46947356927354,0.00683230864775889,1.37056037083997,0.510641315894112,TRUE,1.96491307315564
GOBP_POSITIVE_REGULATION_OF_CELL_CYCLE_PROCESS,2.03332681817391,0.132735266953392,-1.90085414688024,0.311865751663357,TRUE,1.96486015697831
GOBP_GRANULOCYTE_MIGRATION,1.89254547366095,0.167387889274603,-2.03990054203045,0.273041330974605,TRUE,1.96346219230144
GOBP_REGULATION_OF_LAMELLIPODIUM_ORGANIZATION,2.472789492825,0.061377493527734,-1.62218221643199,0.410534963288858,TRUE,1.95914180856132
GOBP_NEGATIVE_REGULATION_OF_NEURON_APOPTOTIC_PROCESS,1.51948399808637,0.287362703109849,-2.75043265018966,0.101217677252782,TRUE,1.95752692337207
GOBP_CELLULAR_RESPONSE_TO_GLUCOSE_STARVATION,-4.58607750342036,0.000209509098557553,1.24007120262696,0.565828323536395,TRUE,1.95225454479182
GOBP_PHYSIOLOGICAL_CARDIAC_MUSCLE_HYPERTROPHY,1.73796763614528,0.214998904945593,-2.22498002885823,0.216064717839753,TRUE,1.95154900246293
GOBP_NEGATIVE_REGULATION_OF_TRANSMEMBRANE_RECEPTOR_PROTEIN_SERINE_THREONINE_KINASE_SIGNALING_PATHWAY,2.89479491079771,0.0254039426419566,-1.46872720822712,0.47154823595566,TRUE,1.94873037502841
GOBP_SYMPATHETIC_NERVOUS_SYSTEM_DEVELOPMENT,2.36288846824156,0.0754789532007553,-1.65797493274414,0.397877894321574,TRUE,1.94864110442265
REACTOME_PHASE_2_PLATEAU_PHASE,3.08080620732776,0.0170420436178465,-1.42478962623243,0.489835349720263,TRUE,1.94846625697655
GOBP_ATRIAL_CARDIAC_MUSCLE_CELL_TO_AV_NODE_CELL_SIGNALING,2.85129439242713,0.0278158663305632,-1.47776478278121,0.46726794534641,TRUE,1.9466319437722
GOBP_SPHINGOLIPID_METABOLIC_PROCESS,3.0101511550826,0.0199184454723355,-1.4383514356619,0.485204101617243,TRUE,1.94656747845022
GOBP_REGULATION_OF_CALCIUM_ION_DEPENDENT_EXOCYTOSIS,4.16558621705922,0.000876202417164151,-1.2663098181095,0.555819606521751,TRUE,1.94220312417296
GOBP_ESTABLISHMENT_OR_MAINTENANCE_OF_MONOPOLAR_CELL_POLARITY,2.45014035714999,0.0638818392791576,-1.60753222079036,0.413090803563265,TRUE,1.94134913250031
REACTOME_CELL_EXTRACELLULAR_MATRIX_INTERACTIONS,1.83292451523072,0.185058764402286,-2.05855540792732,0.267300541186132,TRUE,1.93919883831174
GOBP_REGULATION_OF_CYTOKINESIS,1.4497507678537,0.315420454949445,-2.92070052806295,0.0769838697309795,TRUE,1.93768906070917
KEGG_ALLOGRAFT_REJECTION,-2.0117781802035,0.13748272819506,1.86368760840556,0.322243111244037,TRUE,1.93490345151601
GOBP_ACETYL_COA_METABOLIC_PROCESS,-3.99419385865065,0.00149216953579919,1.2762788924313,0.551331838628817,TRUE,1.9344394914206
GOBP_CELLULAR_RESPONSE_TO_REACTIVE_NITROGEN_SPECIES,-3.06411538082141,0.0176835965605651,1.41330757032741,0.49399662817417,TRUE,1.93438837979799
GOBP_SPHINGOLIPID_BIOSYNTHETIC_PROCESS,2.46255567565081,0.0624721572268607,-1.59034759321943,0.421175530368541,TRUE,1.93259953772931
GOBP_REGULATION_OF_ALCOHOL_BIOSYNTHETIC_PROCESS,2.53740247748364,0.0546089731032401,-1.56012536269715,0.433095604041599,TRUE,1.93222162967325
GOBP_RUFFLE_ORGANIZATION,2.33236471473859,0.0796073126269682,-1.64870124900587,0.400319894191124,TRUE,1.93183064704103
GOBP_NEGATIVE_REGULATION_OF_GLIAL_CELL_DIFFERENTIATION,-2.4431932050506,0.0647312954088816,1.59450331304023,0.420065477440538,TRUE,1.92965451583399
GOBP_MICROGLIAL_CELL_ACTIVATION,1.66606402434663,0.237019102447484,-2.28867390688987,0.200637215049039,TRUE,1.92835900938592
REACTOME_INTERFERON_ALPHA_BETA_SIGNALING,-2.8159581903058,0.029898647712674,1.46177711399557,0.475269369479052,TRUE,1.92452451764295
GOBP_HORMONE_BIOSYNTHETIC_PROCESS,2.79151904120327,0.0315691296218609,-1.46841698505853,0.47154823595566,TRUE,1.92449555530732
GOBP_NEGATIVE_REGULATION_OF_COAGULATION,5.19338673222274,2.51655902120139e-05,-1.1788884736806,0.592472729660488,TRUE,1.92158171458485
GOBP_KILLING_OF_CELLS_OF_ANOTHER_ORGANISM,1.56470739876629,0.271827337155757,-2.48689389005565,0.155185395448169,TRUE,1.92085103756504
GOBP_REGULATION_OF_PROTEIN_LOCALIZATION_TO_CELL_PERIPHERY,2.19696255517177,0.101470497789486,-1.7051704610186,0.380080193942938,TRUE,1.9200758341653
GOBP_RIBOSOMAL_LARGE_SUBUNIT_ASSEMBLY,-1.82055288819334,0.18848976634927,2.02410773980249,0.278278709608242,TRUE,1.91694172686075
GOBP_PYRIMIDINE_RIBONUCLEOSIDE_MONOPHOSPHATE_METABOLIC_PROCESS,-4.6296133012002,0.000177955867472761,1.20662793733452,0.58092821888303,TRUE,1.91432139967064
GOBP_RIBONUCLEOSIDE_DIPHOSPHATE_METABOLIC_PROCESS,1.53927559589334,0.280582579935271,-2.52831691369748,0.144274829493206,TRUE,1.91355280292341
GOBP_RESPONSE_TO_ACIDIC_PH,-2.35138513205161,0.0769210571641994,1.61255970998795,0.41134277015052,TRUE,1.91311891447014
GOBP_FOLIC_ACID_CONTAINING_COMPOUND_METABOLIC_PROCESS,-3.2161868392279,0.0122633244911008,1.35802502852225,0.514336402052169,TRUE,1.90968951607553
REACTOME_CHROMOSOME_MAINTENANCE,-1.64808254249511,0.242522377998118,2.26997480885048,0.206231828433957,TRUE,1.90967386073884
GOBP_POSITIVE_REGULATION_OF_CYTOKINE_PRODUCTION_INVOLVED_IN_IMMUNE_RESPONSE,-2.64869698085371,0.0434341862654105,1.4926817190695,0.46030544711996,TRUE,1.90934558230486
GOBP_POSITIVE_REGULATION_OF_PROTEIN_LOCALIZATION_TO_CELL_SURFACE,1.72694765353688,0.21879238152195,-2.13072331967518,0.241224025535675,TRUE,1.90770424061622
REACTOME_PLATELET_AGGREGATION_PLUG_FORMATION,1.82147961261342,0.188303883903221,-1.98900043035164,0.288666769350844,TRUE,1.90155764760059
GOBP_POSITIVE_REGULATION_OF_MITOTIC_CELL_CYCLE,1.71678699654684,0.221675267837083,-2.12804733023308,0.241355976791699,TRUE,1.90042205935054
GOBP_L_GLUTAMATE_IMPORT_ACROSS_PLASMA_MEMBRANE,1.66728821125774,0.23692454369533,-2.20541975887184,0.220772753419877,TRUE,1.89896599134423
GOBP_MICROVILLUS_ASSEMBLY,1.49112535820114,0.298973211535042,-2.61273331306537,0.124345689924814,TRUE,1.89865841365649
GOBP_PROTEIN_K63_LINKED_DEUBIQUITINATION,-2.40012267948816,0.0705601479188162,1.56848830571003,0.429596294125821,TRUE,1.89716974986331
REACTOME_GLYCOSAMINOGLYCAN_METABOLISM,3.43593391507719,0.0073090425700201,-1.3044975114263,0.537459360880975,TRUE,1.89103768766019
GOBP_NEUTROPHIL_MIGRATION,2.09127297515153,0.121064057585382,-1.7251345999476,0.371901053649393,TRUE,1.89064050229256
GOBP_T_CELL_DIFFERENTIATION_IN_THYMUS,1.8137357811075,0.190302498144156,-1.97267774435438,0.292904626443239,TRUE,1.88987081599521
GOBP_REGULATION_OF_PROTEIN_LOCALIZATION_TO_PLASMA_MEMBRANE,2.05665585890881,0.127475223768267,-1.74604557359602,0.362443909693227,TRUE,1.8886651621727
REACTOME_SENESCENCE_ASSOCIATED_SECRETORY_PHENOTYPE_SASP,-1.51078982236587,0.291017495573098,2.51643504680847,0.147425272629486,TRUE,1.88805173828918
GOBP_SKELETAL_MUSCLE_ADAPTATION,-1.63331431279991,0.247429645085317,2.23181703155238,0.21530625128843,TRUE,1.8862275956089
REACTOME_ADP_SIGNALLING_THROUGH_P2Y_PURINOCEPTOR_12,3.06838068028247,0.0175622726500869,-1.35872216271012,0.514336402052169,TRUE,1.88343346960206
GOBP_NEGATIVE_REGULATION_OF_INNATE_IMMUNE_RESPONSE,-1.66839060733279,0.23692454369533,2.15500063253818,0.234906563477059,TRUE,1.88072974412331
GOBP_REGULATION_OF_LIPOPOLYSACCHARIDE_MEDIATED_SIGNALING_PATHWAY,2.91520835588242,0.0245009100072126,-1.38197765691736,0.505839888295449,TRUE,1.87506558994099
REACTOME_METABOLISM_OF_WATER_SOLUBLE_VITAMINS_AND_COFACTORS,-1.39795031066643,0.338935045043548,2.83500074741036,0.091224872476707,TRUE,1.87254240420276
GOBP_KERATAN_SULFATE_METABOLIC_PROCESS,2.396496280679,0.0710839482383548,-1.5343542858853,0.442563618950217,TRUE,1.8708797381641
GOBP_POSITIVE_REGULATION_OF_MYELOID_LEUKOCYTE_CYTOKINE_PRODUCTION_INVOLVED_IN_IMMUNE_RESPONSE,-2.99466437253902,0.0205714520157496,1.35954197639213,0.514336402052169,TRUE,1.87008680499133
GOBP_ACTIN_FILAMENT_BUNDLE_ORGANIZATION,1.38676516753781,0.342949055398667,-2.85369234807629,0.0891361223777728,TRUE,1.86649725064314
GOBP_POSITIVE_REGULATION_OF_BONE_RESORPTION,2.96402028177802,0.0220386255201757,-1.35901389482444,0.514336402052169,TRUE,1.863572936471
GOBP_POSITIVE_REGULATION_OF_T_CELL_MIGRATION,1.80183846779108,0.194161312124453,-1.92907158315608,0.30253955024072,TRUE,1.86328554598675
REACTOME_MEIOTIC_RECOMBINATION,-1.41955572884361,0.329589038602884,2.70220426444937,0.108724940637131,TRUE,1.86130660220228
GOBP_NEGATIVE_REGULATION_OF_NATURAL_KILLER_CELL_MEDIATED_IMMUNITY,-2.72780924099568,0.0364757826207965,1.41194826823271,0.494399290579736,TRUE,1.86074934355801
REACTOME_SIGNALING_BY_NTRK3_TRKC,1.20604774168701,0.418159528409997,-4.06127930652321,0.0127284462146949,TRUE,1.85980353646611
GOBP_REGULATION_OF_NEUROTRANSMITTER_UPTAKE,-1.95383533665811,0.152524596981205,1.77308705084525,0.354114486607515,TRUE,1.85907822847531
REACTOME_DEFECTS_IN_VITAMIN_AND_COFACTOR_METABOLISM,-1.78790565767064,0.19913576682638,1.93096984574718,0.301548595009419,TRUE,1.85668593037324
GOBP_NEGATIVE_REGULATION_OF_EXTRINSIC_APOPTOTIC_SIGNALING_PATHWAY,1.34471443696744,0.360445067048334,-2.97879157505802,0.0704404957524518,TRUE,1.8529517593158
GOBP_REGULATION_OF_MITOCHONDRIAL_MEMBRANE_POTENTIAL,2.53316627651164,0.0550125531475056,-1.45820424613787,0.476797465635676,TRUE,1.85093005002728
GOBP_POSITIVE_REGULATION_OF_GLIAL_CELL_DIFFERENTIATION,2.29991501995395,0.0845154377284712,-1.54711750239411,0.439094481102685,TRUE,1.84986155470194
GOBP_POSITIVE_REGULATION_OF_GLIOGENESIS,1.83303392765455,0.185058764402286,-1.85938690505844,0.323102715278539,TRUE,1.84611637515026
REACTOME_SIGNALING_BY_BMP,2.78848682117502,0.0317421175835027,-1.37833376573849,0.507343589064913,TRUE,1.84479531132838
GOBP_REGULATION_OF_CALCINEURIN_MEDIATED_SIGNALING,3.74464374675628,0.00309025403302115,-1.22099901599274,0.576566043881162,TRUE,1.84153655366927
GOBP_REGULATION_OF_HUMORAL_IMMUNE_RESPONSE_MEDIATED_BY_CIRCULATING_IMMUNOGLOBULIN,1.75696093470378,0.20882943792701,-1.93174839582879,0.301548595009419,TRUE,1.8402135614507
REACTOME_RHOC_GTPASE_CYCLE,1.37186938786918,0.348732846286507,-2.79264410055815,0.0979822155713847,TRUE,1.83989940885795
REACTOME_TRANS_GOLGI_NETWORK_VESICLE_BUDDING,2.09980610362958,0.119264928885445,-1.635739584427,0.406310639225119,TRUE,1.83894737216572
GOBP_POSITIVE_REGULATION_OF_CYTOKINESIS,1.74515232223562,0.21300694170413,-1.93096565821052,0.301548595009419,TRUE,1.83336292279409
GOBP_INOSITOL_PHOSPHATE_MEDIATED_SIGNALING,2.89155497131572,0.0255669701305005,-1.34165586935501,0.519127702405832,TRUE,1.83287430975856
GOBP_REGULATION_OF_MYELINATION,-2.21192290086314,0.0991991356562769,1.56455667371728,0.43143461132277,TRUE,1.83275384810098
GOBP_NEGATIVE_REGULATION_OF_GLUCOSE_TRANSMEMBRANE_TRANSPORT,1.5816797008373,0.265318635604869,-2.17066824565538,0.229634846708195,TRUE,1.82994858172166
GOBP_REGULATION_OF_PROTEIN_AUTOPHOSPHORYLATION,2.77383617477921,0.0326749574819244,-1.36514832045082,0.513619200223606,TRUE,1.82977143285728
GOBP_BARBED_END_ACTIN_FILAMENT_CAPPING,1.19706273037408,0.422566899449133,-3.88062181864488,0.0159270716111883,TRUE,1.82971104444595
GOBP_HISTONE_DEUBIQUITINATION,-3.13505710533317,0.0150687956429818,1.29001950496811,0.543486505448282,TRUE,1.82789369370637
REACTOME_CTLA4_INHIBITORY_SIGNALING,1.26264975339012,0.395531751073983,-3.30544178480057,0.0429128888270347,TRUE,1.82729055209647
KEGG_SMALL_CELL_LUNG_CANCER,1.49540415923214,0.297756129924306,-2.33827940943089,0.186319649828197,TRUE,1.82418433430032
GOBP_ADP_METABOLIC_PROCESS,1.52313775572996,0.286060085161756,-2.27330635591675,0.205508999153364,TRUE,1.82410626323473
GOBP_POSITIVE_REGULATION_OF_ATP_DEPENDENT_ACTIVITY,2.83869624000072,0.028583421602038,-1.34166316775962,0.519127702405832,TRUE,1.82212762979017
GOBP_HOMEOSTASIS_OF_NUMBER_OF_CELLS_WITHIN_A_TISSUE,1.3681147170143,0.350393730180202,-2.7250580507808,0.104823611600182,TRUE,1.82166365090903
GOBP_REGULATION_OF_BMP_SIGNALING_PATHWAY,2.19190977607543,0.102281054932955,-1.55744882931011,0.434109384208092,TRUE,1.82099802872872
GOBP_REGULATION_OF_MITOCHONDRIAL_GENE_EXPRESSION,-1.86117821882733,0.176373675009129,1.77734894338367,0.354103759030053,TRUE,1.81829789538871
REACTOME_FCGAMMA_RECEPTOR_FCGR_DEPENDENT_PHAGOCYTOSIS,1.60292209043511,0.258008762641378,-2.09477950223693,0.253581052773802,TRUE,1.81613808176438
GOBP_BRANCHED_CHAIN_AMINO_ACID_METABOLIC_PROCESS,-5.3692269285287,1.16330428796068e-05,1.09287314724378,0.629273495894337,TRUE,1.81609194003259
GOBP_POSITIVE_REGULATION_OF_T_CELL_MEDIATED_IMMUNITY,-2.64004606316187,0.04408679590565,1.38213887532149,0.505839888295449,TRUE,1.81439210396495
GOBP_NEGATIVE_REGULATION_OF_BMP_SIGNALING_PATHWAY,3.18174296045474,0.0134842710494422,-1.26845417609103,0.554727669537962,TRUE,1.81380510642713
GOBP_ANTIGEN_PROCESSING_AND_PRESENTATION,-2.59975353578404,0.0477489066541331,1.39112454717562,0.50434679066389,TRUE,1.81242367471858
GOBP_PLASMA_MEMBRANE_REPAIR,2.9071433584881,0.0248094734369839,-1.3141469142387,0.533953857726264,TRUE,1.81006906750282
REACTOME_ACTIVATION_OF_KAINATE_RECEPTORS_UPON_GLUTAMATE_BINDING,3.37272029018252,0.00857354818882301,-1.23626963946318,0.566947193048953,TRUE,1.80932992295542
GOBP_POSITIVE_REGULATION_OF_T_CELL_MEDIATED_CYTOTOXICITY,-2.95310065039637,0.0225608934751842,1.30129829769801,0.538865352946783,TRUE,1.80653713776089
GOBP_RNA_5_END_PROCESSING,-1.67190962945406,0.235965825359531,1.95292562921399,0.297412538723901,TRUE,1.80152472158984
GOBP_REGULATION_OF_POTASSIUM_ION_TRANSMEMBRANE_TRANSPORTER_ACTIVITY,-1.3803994576792,0.345425031823263,2.58644950999706,0.130376924514369,TRUE,1.80008542296786
GOBP_ORGANELLE_INHERITANCE,-2.06789416315862,0.125399324829036,1.59248535999535,0.420848265067615,TRUE,1.79931679762673
REACTOME_RNA_POLYMERASE_III_TRANSCRIPTION_TERMINATION,-2.37623947389061,0.0736971846988765,1.44740148439823,0.481307067024734,TRUE,1.79900392286525
GOBP_PLATELET_MORPHOGENESIS,1.22330662206192,0.412692176406574,-3.39323174757926,0.037053779920597,TRUE,1.79830103624898
GOBP_DEFENSE_RESPONSE_TO_FUNGUS,1.35249174439013,0.356830703814569,-2.66681957296771,0.114979228234937,TRUE,1.79476092863982
REACTOME_SLC_TRANSPORTER_DISORDERS,-2.22680481536068,0.0969323386950257,1.50307923699201,0.454770928474837,TRUE,1.7947282198712
GOBP_POLY_A_PLUS_MRNA_EXPORT_FROM_NUCLEUS,-1.52863601685217,0.284104961131005,2.172918120321,0.22901701105413,TRUE,1.79470610305868
GOBP_SULFUR_COMPOUND_TRANSPORT,3.22937598852026,0.0119623296879216,-1.24215994727798,0.565516361745653,TRUE,1.79419401531657
REACTOME_DOWNSTREAM_SIGNALING_OF_ACTIVATED_FGFR1,3.23886162937811,0.0117030313144873,-1.23915412826222,0.566165565384021,TRUE,1.79251211971119
GOBP_CYTOPLASMIC_TRANSLATIONAL_INITIATION,-2.41882415025633,0.0676572756231732,1.42259487997056,0.490439828764222,TRUE,1.79152902853222
REACTOME_SIGNAL_REGULATORY_PROTEIN_FAMILY_INTERACTIONS,2.13963415669704,0.112061147301799,-1.54061264250764,0.441133973952641,TRUE,1.79137303121138
GOBP_REGULATION_OF_TRIGLYCERIDE_BIOSYNTHETIC_PROCESS,-2.47268285999743,0.061377493527734,1.40299035669277,0.499057987963481,TRUE,1.79021811890453
REACTOME_G_ALPHA_Q_SIGNALLING_EVENTS,2.52506388663413,0.0558745029584955,-1.38493170664261,0.505169269302551,TRUE,1.78876981033483
GOBP_HYDROGEN_PEROXIDE_METABOLIC_PROCESS,2.62213072657992,0.0455855556760112,-1.35629010650066,0.514336402052169,TRUE,1.78782995144229
GOBP_VASCULAR_ASSOCIATED_SMOOTH_MUSCLE_CONTRACTION,3.7718113697004,0.00291928003114324,-1.17027664148424,0.594944496808498,TRUE,1.78631490659632
REACTOME_TRANSCRIPTIONAL_REGULATION_BY_SMALL_RNAS,-1.40353700937688,0.336754280584567,2.4529151469784,0.158400168488786,TRUE,1.78545307970269
HALLMARK_ANDROGEN_RESPONSE,1.83715881734944,0.183716467942443,-1.73322412641912,0.368530490063513,TRUE,1.78367869018146
GOBP_REGULATION_OF_ACTION_POTENTIAL,2.64132839456419,0.0440472702706271,-1.34634714644525,0.518421421760829,TRUE,1.78356785063115
REACTOME_MISMATCH_REPAIR,-3.52323235374184,0.00581341627052746,1.19204474295095,0.586707047908455,TRUE,1.78138019011369
GOBP_POSITIVE_REGULATION_OF_MACROAUTOPHAGY,-2.48742557307856,0.0600352350950069,1.36871687082168,0.511470845837013,TRUE,1.76579646437666
GOBP_NERVE_DEVELOPMENT,2.06856767682656,0.125272877100574,-1.53476935532946,0.442563618950217,TRUE,1.76213007636361
REACTOME_FORMATION_OF_TUBULIN_FOLDING_INTERMEDIATES_BY_CCT_TRIC,1.5937909898768,0.260817310364311,-1.96916465823066,0.293532788538832,TRUE,1.7617041579167
GOBP_CELLULAR_RESPONSE_TO_STARVATION,-3.59328432960146,0.00481757458496174,1.16100662132523,0.599336325846897,TRUE,1.75497332495325
GOBP_REGULATION_OF_MYELOID_LEUKOCYTE_DIFFERENTIATION,1.14407189180219,0.445108007230708,-3.75635795275466,0.0188397280950568,TRUE,1.75394554584542
GOBP_RETROGRADE_VESICLE_MEDIATED_TRANSPORT_GOLGI_TO_ENDOPLASMIC_RETICULUM,2.52974056817864,0.0553429708949682,-1.34163737663288,0.519127702405832,TRUE,1.75337802086807
GOBP_IRON_ION_HOMEOSTASIS,1.58276086267439,0.264863020048524,-1.96384741080652,0.29519842127935,TRUE,1.75283007448594
GOBP_OLIGOSACCHARIDE_LIPID_INTERMEDIATE_BIOSYNTHETIC_PROCESS,4.99061723615273,4.98164092322006e-05,-1.06298015406937,0.644330569524334,TRUE,1.75265275723672
GOBP_EXCRETION,-3.18301479727844,0.0134733860310213,1.20795521118615,0.580703817305962,TRUE,1.75129381628348
GOBP_LYMPHOCYTE_HOMEOSTASIS,1.33296274103764,0.365300900423404,-2.55131667937648,0.138487161662017,TRUE,1.75106355960054
GOBP_STRESS_FIBER_ASSEMBLY,1.30154690084775,0.378281672487041,-2.67353978928464,0.113712209420975,TRUE,1.75077310171602
REACTOME_GAP_JUNCTION_ASSEMBLY,3.12799134582854,0.0152824893253591,-1.2085926935263,0.58044058681269,TRUE,1.74352322089176
GOBP_CELL_CELL_JUNCTION_ORGANIZATION,1.46837673194309,0.308119628186104,-2.14485029698338,0.238621085194785,TRUE,1.74328833719998
REACTOME_INTEGRIN_SIGNALING,1.46429003630068,0.309620876054153,-2.14675216307102,0.237833563535751,TRUE,1.74103077684264
GOBP_REGULATION_OF_INTEGRIN_ACTIVATION,2.87165392499511,0.0267169685756275,-1.24696242255629,0.563863862254628,TRUE,1.73885802069623
REACTOME_NEGATIVE_REGULATION_OF_FGFR3_SIGNALING,1.6227181332088,0.250756900348546,-1.87253092070612,0.319085421390079,TRUE,1.7386972047789
GOBP_AUTONOMIC_NERVOUS_SYSTEM_DEVELOPMENT,2.32518814901583,0.0807652323567292,-1.38836901467991,0.505072882876512,TRUE,1.73861289167919
REACTOME_FORMATION_OF_THE_BETA_CATENIN_TCF_TRANSACTIVATING_COMPLEX,-1.57646158015284,0.267383792089481,1.93318622523704,0.300994833353921,TRUE,1.73669495080766
REACTOME_INTERFERON_SIGNALING,-2.530908582371,0.0552110118552303,1.31899882683417,0.531102143292683,TRUE,1.73420557751081
REACTOME_EXTRA_NUCLEAR_ESTROGEN_SIGNALING,1.62110795230209,0.251215902815841,-1.86126228197992,0.322941579811625,TRUE,1.73290424833859
GOBP_CENTROSOME_SEPARATION,3.22415715214123,0.0120919234394022,-1.18426618682532,0.591008320082414,TRUE,1.73225663812359
REACTOME_PKA_MEDIATED_PHOSPHORYLATION_OF_CREB,2.13990591789209,0.112061147301799,-1.45497729608382,0.477771142742885,TRUE,1.7321923083253
GOBP_REGULATION_OF_RESPIRATORY_GASEOUS_EXCHANGE,-2.22252431083645,0.0977933435934648,1.41440083714552,0.49399662817417,TRUE,1.72868019984827
GOBP_REGULATION_OF_T_CELL_MIGRATION,1.73511930745469,0.215985602115444,-1.72182121635956,0.373348844686116,TRUE,1.72844468448895
GOBP_POSITIVE_REGULATION_OF_ACTIN_CYTOSKELETON_REORGANIZATION,2.08646778546156,0.12199156896525,-1.47312598976433,0.469910828566039,TRUE,1.72695544247849
GOBP_STEROID_ESTERIFICATION,-2.4014964757527,0.0703989451193664,1.34774397263156,0.518318478335277,TRUE,1.72653765211908
GOBP_AMELOGENESIS,2.20121231195665,0.100823961618764,-1.4200496214696,0.490562834105143,TRUE,1.72637647750091
GOBP_GRANULOCYTE_CHEMOTAXIS,1.77267367136607,0.204041619762434,-1.6803670107943,0.388858472951121,TRUE,1.72528657056165
GOBP_REGULATION_OF_TRANSCRIPTION_REGULATORY_REGION_DNA_BINDING,1.80031650315747,0.194709411982706,-1.65579666765276,0.398500621189949,TRUE,1.72503498544266
GOBP_POSITIVE_REGULATION_OF_GLYCOGEN_METABOLIC_PROCESS,-3.21733939212003,0.0122633244911008,1.17602067229852,0.593592309090182,TRUE,1.72244367839414
REACTOME_RESOLUTION_OF_SISTER_CHROMATID_COHESION,1.24119589657851,0.405220992976711,-2.7861120229857,0.0979822155713847,TRUE,1.71733121946737
REACTOME_NEGATIVE_REGULATION_OF_FGFR1_SIGNALING,1.33650017643286,0.363831595227797,-2.39698390113336,0.170827803491252,TRUE,1.7161286027821
GOBP_MITOCHONDRIAL_OUTER_MEMBRANE_PERMEABILIZATION,-2.15086104904303,0.110516313473022,1.42402742775032,0.490232572945946,TRUE,1.7135556239027
GOBP_SKELETAL_MUSCLE_CELL_PROLIFERATION,-2.31631512580338,0.0819891198557356,1.35750374517529,0.514336402052169,TRUE,1.7117917723835
REACTOME_PLATELET_SENSITIZATION_BY_LDL,1.44833933199277,0.31603355482475,-2.08618016287282,0.256885528960558,TRUE,1.70970723907505
REACTOME_SIGNALING_BY_FGFR3,1.23237347741411,0.408561620964311,-2.76780169195948,0.0985223290095397,TRUE,1.70540801414299
GOBP_RESPONSE_TO_FUNGUS,1.24330514497391,0.40404794456812,-2.70896037794446,0.107322364176867,TRUE,1.70437150839087
GOBP_MUSCLE_HYPERTROPHY_IN_RESPONSE_TO_STRESS,3.02437645944203,0.0194371787761469,-1.18618536938855,0.590457752120677,TRUE,1.7040344037459
REACTOME_CHROMATIN_MODIFYING_ENZYMES,-2.63666996440239,0.0443058725162466,1.25140185109115,0.56252208806345,TRUE,1.69725963446525
REACTOME_OTHER_INTERLEUKIN_SIGNALING,2.89190613274697,0.0255669701305005,-1.19881946382705,0.584000055032184,TRUE,1.69499189209923
GOBP_REGULATION_OF_CALCIUM_MEDIATED_SIGNALING,2.96544814913215,0.0220119596791353,-1.18615196370214,0.590457752120677,TRUE,1.69451394631001
GOBP_INTEGRIN_ACTIVATION,2.04178066123242,0.130864992381321,-1.44437927878284,0.482523656335172,TRUE,1.69189350439884
GOBP_MRNA_SPLICE_SITE_SELECTION,-4.67841804210109,0.000148236129995901,1.03202117895946,0.654014319421926,TRUE,1.69101756154501
REACTOME_ERCC6_CSB_AND_EHMT2_G9A_POSITIVELY_REGULATE_RRNA_EXPRESSION,-1.16837196689391,0.433794543376983,3.04162268055392,0.0635662185966088,TRUE,1.68824284657096
GOBP_NEGATIVE_REGULATION_OF_PEPTIDYL_TYROSINE_PHOSPHORYLATION,1.26858675655846,0.393216176162554,-2.52164815083029,0.146013490390689,TRUE,1.68798479619687
GOBP_LEUKOCYTE_HOMEOSTASIS,1.46548599173118,0.309434901010957,-1.9892474159815,0.288666769350844,TRUE,1.68766378077112
GOBP_COLLATERAL_SPROUTING,2.95878130502783,0.022304500588914,-1.1804281946638,0.591643999049965,TRUE,1.6875825563114
GOBP_RRNA_TRANSCRIPTION,2.243676725923,0.0940577000041046,-1.3458873576701,0.518421421760829,TRUE,1.68250855524256
GOBP_RECEPTOR_CLUSTERING,1.49582983103956,0.297665249039293,-1.92038209406608,0.305744598840971,TRUE,1.68172518934664
GOBP_POSITIVE_REGULATION_OF_ADAPTIVE_IMMUNE_RESPONSE,-2.0996088372474,0.119264928885445,1.40072798421012,0.500368377665618,TRUE,1.68039877545424
GOBP_NEGATIVE_REGULATION_OF_AMYLOID_PRECURSOR_PROTEIN_CATABOLIC_PROCESS,1.24097485037059,0.405226563770069,-2.59769880259935,0.126846732593391,TRUE,1.67957954975905
GOBP_REGULATION_OF_LIPID_TRANSPORT,2.52179444370998,0.0560750561570787,-1.25126925733117,0.56252208806345,TRUE,1.67261626664407
GOBP_REGULATION_OF_DENDRITE_DEVELOPMENT,1.87202032727024,0.173557388730759,-1.50400180178083,0.454408569486614,TRUE,1.66795230455208
GOBP_REGULATION_OF_OSTEOCLAST_DIFFERENTIATION,1.11885116266167,0.456001193047552,-3.26594451173652,0.045555745978292,TRUE,1.66671657495029
REACTOME_CGMP_EFFECTS,-1.97961649203119,0.145748542315202,1.43431277026217,0.486869105214064,TRUE,1.66341420491796
GOBP_REGULATION_OF_RESPONSE_TO_INTERFERON_GAMMA,-1.68195209549565,0.232983767798205,1.64425553556106,0.402059370848529,TRUE,1.6628902042947
REACTOME_KSRP_KHSRP_BINDS_AND_DESTABILIZES_MRNA,-3.53782755606323,0.00561426703514994,1.08535847106315,0.632817856097518,TRUE,1.66111036181711
REACTOME_OPIOID_SIGNALLING,3.86388250875365,0.0022446203704921,-1.05775649055613,0.645873531265313,TRUE,1.66084786102908
GOBP_REGULATION_OF_REGULATED_SECRETORY_PATHWAY,1.25224534318927,0.400948569152125,-2.45448912404098,0.158339791636824,TRUE,1.65839911256751
GOBP_NEGATIVE_REGULATION_OF_GTPASE_ACTIVITY,1.39687003090303,0.339061587119849,-2.0371082120772,0.274178111291605,TRUE,1.65730543981986
GOBP_T_CELL_DIFFERENTIATION_INVOLVED_IN_IMMUNE_RESPONSE,-2.53898063128706,0.0545185819558401,1.22990211115814,0.571713287389077,TRUE,1.65709460973233
GOBP_POSITIVE_REGULATION_OF_TRANSCRIPTION_FROM_RNA_POLYMERASE_II_PROMOTER_IN_RESPONSE_TO_STRESS,-4.10161402677154,0.00107781767808078,1.03816904353404,0.651668597524745,TRUE,1.65694491494017
KEGG_O_GLYCAN_BIOSYNTHESIS,4.33003117983814,0.000488952420098832,-1.0217431439913,0.660440749610967,TRUE,1.65335060993472
KEGG_STEROID_BIOSYNTHESIS,1.97668170595194,0.146480275232776,-1.42049499360293,0.490455269251119,TRUE,1.65305882830243
REACTOME_NR1H3_NR1H2_REGULATE_GENE_EXPRESSION_LINKED_TO_CHOLESTEROL_TRANSPORT_AND_EFFLUX,-4.76906660357607,0.000107076906658696,0.999179738656686,0.671500569224626,TRUE,1.65220222572983
REACTOME_INHIBITION_OF_DNA_RECOMBINATION_AT_TELOMERE,-1.24589524994057,0.403151195742097,2.44925452446309,0.159485890879543,TRUE,1.65163241775036
GOBP_UTERUS_DEVELOPMENT,-3.04557135394406,0.0184252216932901,1.13234469417749,0.61196960287514,TRUE,1.65088839682552
REACTOME_VASOPRESSIN_REGULATES_RENAL_WATER_HOMEOSTASIS_VIA_AQUAPORINS,3.65036132876949,0.00402500650930056,-1.06028433823316,0.645289032795841,TRUE,1.64326558157324
REACTOME_RAC3_GTPASE_CYCLE,1.19743938931532,0.422476343013626,-2.61571719406338,0.123932475969545,TRUE,1.64281887249725
REACTOME_PARASITE_INFECTION,1.21158318305286,0.416930391132791,-2.54750363223335,0.139309793138778,TRUE,1.64216082854421
GOBP_RESPONSE_TO_ETHANOL,2.12049312289145,0.115434397399289,-1.33825564490965,0.520757503143208,TRUE,1.64091819453292
GOBP_NEGATIVE_REGULATION_OF_SYNAPTIC_TRANSMISSION,-1.20532044008594,0.418465902794756,2.56509221046213,0.134949057237382,TRUE,1.64001044900261
REACTOME_SYNTHESIS_OF_PC,-3.09879865210571,0.0163478245411313,1.1133041135194,0.62036030822513,TRUE,1.63809169829012
REACTOME_INTERFERON_GAMMA_SIGNALING,-2.8820543202532,0.0260811119271134,1.1440702837933,0.607532632320092,TRUE,1.63793872686694
GOBP_POSITIVE_REGULATION_OF_ACTIN_NUCLEATION,-2.48017826868188,0.0605560559000934,1.22242289550834,0.576566043881162,TRUE,1.63767393037162
GOBP_REGULATION_OF_PROTEIN_LOCALIZATION_TO_CELL_SURFACE,1.62268597712176,0.250756900348546,-1.64968340290988,0.400319894191124,TRUE,1.63607332407351
GOBP_BONE_RESORPTION,1.21258157327054,0.416373787888848,-2.5123517506839,0.148066784447616,TRUE,1.63569716475845
REACTOME_SUMOYLATION_OF_CHROMATIN_ORGANIZATION_PROTEINS,-1.67378824566931,0.235499163457434,1.59855251677447,0.418019025679391,TRUE,1.63530549346825
GOBP_S_ADENOSYLMETHIONINE_METABOLIC_PROCESS,-1.64053160503313,0.244819378373939,1.62958662254297,0.407815319774927,TRUE,1.63504079753259
GOBP_REGULATION_OF_KERATINOCYTE_DIFFERENTIATION,1.47779734120377,0.304146545449679,-1.82136818613374,0.336643919781943,TRUE,1.63169325122875
GOBP_CELL_KILLING,1.52830637540194,0.28416476448264,-1.74978938157567,0.362070670457563,TRUE,1.63156568064279
GOBP_ZINC_ION_TRANSPORT,3.62067406160691,0.00443497184483871,-1.05287220878189,0.647621817170422,TRUE,1.63135523902975
GOBP_REGULATION_OF_T_HELPER_17_CELL_DIFFERENTIATION,-1.22651087436174,0.411333839764044,2.4336743506222,0.162982784512634,TRUE,1.63102568433896
GOBP_NCRNA_3_END_PROCESSING,-2.74150420856149,0.0354224425620389,1.15989262072284,0.599587865918361,TRUE,1.6301087227645
GOBP_PHASIC_SMOOTH_MUSCLE_CONTRACTION,-1.7460310109399,0.212931343772146,1.52683646967946,0.446201995348903,TRUE,1.62909365593369
GOBP_POSITIVE_REGULATION_OF_PROTEIN_ACETYLATION,-4.80849623094993,9.32152253003543e-05,0.980653293937657,0.676007884135415,TRUE,1.62907095333988
GOBP_CHONDROITIN_SULFATE_PROTEOGLYCAN_BIOSYNTHETIC_PROCESS,1.60109205499877,0.258399495303485,-1.65319626262734,0.399700871266838,TRUE,1.62672704020099
GOBP_PEPTIDYL_ARGININE_METHYLATION,2.35807340524249,0.0761891211728521,-1.24131063127758,0.565516361745653,TRUE,1.62644583493257
GOBP_GLUCOSE_6_PHOSPHATE_METABOLIC_PROCESS,1.56285296817726,0.27224220696016,-1.69326121861442,0.384029952301151,TRUE,1.62544565061366
REACTOME_POST_CHAPERONIN_TUBULIN_FOLDING_PATHWAY,1.15535773741227,0.440836828685714,-2.73878380309505,0.102640802685041,TRUE,1.62514640266159
REACTOME_SPHINGOLIPID_DE_NOVO_BIOSYNTHESIS,1.19547309806241,0.423127086491271,-2.53215275600796,0.14348472679647,TRUE,1.62415468638659
GOBP_PSEUDOPODIUM_ORGANIZATION,-2.62948164996441,0.0449303562654659,1.17351090843194,0.59369512130076,TRUE,1.62278802935972
GOBP_PEPTIDYL_LYSINE_DIMETHYLATION,-1.66884049548581,0.23692454369533,1.579194674885,0.423827210836986,TRUE,1.62278047217251
REACTOME_MAP2K_AND_MAPK_ACTIVATION,1.46099205498147,0.310790752177795,-1.82232436526902,0.336643919781943,TRUE,1.62177571606338
GOBP_GLYCOSYLATION,3.5344564834198,0.00564063582135308,-1.04889461910409,0.648922743525771,TRUE,1.61771258801235
GOBP_NEUTRAL_LIPID_BIOSYNTHETIC_PROCESS,-2.47359216645481,0.0613305490293156,1.20099771926503,0.583007269715515,TRUE,1.61693067400478
GOBP_RUFFLE_ASSEMBLY,2.94481565785445,0.0230136179562406,-1.11224251993681,0.62036030822513,TRUE,1.61464245495467
REACTOME_SCAVENGING_BY_CLASS_A_RECEPTORS,1.99120673390273,0.143100304859402,-1.35587180854857,0.514336402052169,TRUE,1.61324034751423
REACTOME_NR1H2_AND_NR1H3_MEDIATED_SIGNALING,-5.78086040687335,2.39169569042508e-06,0.937068053694014,0.690092370223713,TRUE,1.612717266027
GOBP_POSITIVE_REGULATION_OF_LAMELLIPODIUM_ASSEMBLY,3.21876617031369,0.0122532326300459,-1.07511137145168,0.637371660113329,TRUE,1.61184480837591
GOBP_REGULATION_OF_CATECHOLAMINE_METABOLIC_PROCESS,-1.66795894609581,0.23692454369533,1.55274864486743,0.435544779182678,TRUE,1.60829315924964
GOBP_POSITIVE_REGULATION_OF_CARDIOCYTE_DIFFERENTIATION,-1.58327515968901,0.264829521801394,1.63336824181259,0.406629311943628,TRUE,1.60793164867424
GOBP_PHOSPHATIDYLINOSITOL_BIOSYNTHETIC_PROCESS,-2.12244561037908,0.115028372414635,1.29312885927638,0.542572275743289,TRUE,1.60710632744747
GOBP_PROTEIN_DNA_COMPLEX_ASSEMBLY,-3.01771179694831,0.0196139524525931,1.09471307407603,0.628264262792259,TRUE,1.60660858812963
GOBP_REGULATION_OF_ACTIN_FILAMENT_LENGTH,1.09839196399706,0.46565818536613,-2.987416732716,0.070256684411362,TRUE,1.60622034749957
GOBP_POSITIVE_REGULATION_OF_AUTOPHAGY,-2.81808005462446,0.0297927771072591,1.12313690263504,0.61660746965924,TRUE,1.6061484248405
GOBP_MUSCLE_HYPERTROPHY,1.3283469325223,0.366976286438846,-2.03062137887475,0.276539584694698,TRUE,1.60607033450732
REACTOME_CHONDROITIN_SULFATE_BIOSYNTHESIS,3.79022641919973,0.00279774772648518,-1.01713065178058,0.662283194260331,TRUE,1.60385651044242
REACTOME_NEGATIVE_REGULATION_OF_FGFR2_SIGNALING,1.4549244071323,0.313654041095684,-1.77708599470796,0.354103759030053,TRUE,1.59994892702167
GOBP_L_GLUTAMATE_TRANSMEMBRANE_TRANSPORT,1.38203863817238,0.344974399754147,-1.89745369463128,0.313301882792664,TRUE,1.59924406219392
GOBP_RIBONUCLEOSIDE_MONOPHOSPHATE_METABOLIC_PROCESS,-2.10770889097698,0.117655892730449,1.28830881767249,0.544274133213881,TRUE,1.59915535329302
GOBP_RNA_STABILIZATION,-3.94800476532332,0.00173405197505263,1.00257294580332,0.669410259307648,TRUE,1.59907105739179
GOBP_POSITIVE_REGULATION_OF_LIPID_TRANSPORT,1.84299485648319,0.182329345985666,-1.40984584733442,0.495132897214897,TRUE,1.59758124154193
GOBP_PIGMENTATION,2.1100468570246,0.117220701470537,-1.28436623126941,0.546888761952853,TRUE,1.59678439781211
GOBP_POSITIVE_REGULATION_OF_HETEROTYPIC_CELL_CELL_ADHESION,1.31100466614374,0.374362393313147,-2.03886608443436,0.273370981741367,TRUE,1.59586034767125
GOBP_NEGATIVE_REGULATION_OF_TELOMERE_MAINTENANCE_VIA_TELOMERASE,-3.17765014743557,0.0136030523984778,1.06536382860893,0.643315567044808,TRUE,1.59573055670566
GOBP_TRANSLATIONAL_INITIATION,-2.62427510931053,0.0453915012330592,1.14329210350491,0.607569419802307,TRUE,1.59270576497938
GOBP_NUCLEOBASE_METABOLIC_PROCESS,-1.59875163456253,0.259043265540726,1.58609311049266,0.42133960787743,TRUE,1.59239721616293
REACTOME_RHO_GTPASES_ACTIVATE_ROCKS,1.01647791027901,0.506957852483586,-3.65996244227896,0.022770153556702,TRUE,1.59106957196296
GOBP_CELLULAR_PIGMENTATION,2.57939953384121,0.0497506545860232,-1.14773530788043,0.606269788910373,TRUE,1.58860252920303
GOBP_RESPONSE_TO_CALCIUM_ION,2.20530229685205,0.100178683931677,-1.24063183100322,0.565828323536395,TRUE,1.58793994600356
GOBP_REGULATION_OF_ATP_DEPENDENT_ACTIVITY,1.21368625093849,0.416081612621721,-2.28514702328805,0.200972656094963,TRUE,1.58535792143501
GOBP_MAINTENANCE_OF_CELL_POLARITY,1.45224003917547,0.31455701391087,-1.74483523805738,0.362443909693227,TRUE,1.58514853404663
GOBP_POLARIZED_EPITHELIAL_CELL_DIFFERENTIATION,2.29004097821309,0.0857606116915871,-1.21148315373414,0.579334350492302,TRUE,1.58465054754494
GOBP_CELLULAR_RESPONSE_TO_STEROL,-3.86149989837582,0.00225475582727221,0.996380411240566,0.672037015474633,TRUE,1.58403361611556
GOBP_MONOCYTE_DIFFERENTIATION,1.32170835988454,0.36991364940279,-1.97501321845778,0.292049168304238,TRUE,1.583628717006
GOBP_SISTER_CHROMATID_SEGREGATION,1.17196488572497,0.432452890870927,-2.44004782777144,0.162551273064301,TRUE,1.58341102341774
KEGG_N_GLYCAN_BIOSYNTHESIS,4.7469469750809,0.000116848385554635,-0.949179458738897,0.685591606264776,TRUE,1.58202406945101
REACTOME_TRANSLATION,-1.99697961834692,0.141550850497091,1.30951933729579,0.536303463648887,TRUE,1.58178391192175
REACTOME_UB_SPECIFIC_PROCESSING_PROTEASES,-1.42125994546401,0.328809936680037,1.78291045844982,0.352160038129699,TRUE,1.58167569230925
GOBP_CELLULAR_DEFENSE_RESPONSE,2.4676039981648,0.0618701944241714,-1.16356730129782,0.597651077721999,TRUE,1.58143094226441
GOBP_RESPONSE_TO_LEAD_ION,2.65765771389667,0.0427376581584738,-1.12468566358922,0.61653222968522,TRUE,1.58051727790706
GOBP_I_KAPPAB_PHOSPHORYLATION,1.71445188436214,0.222332293828041,-1.46569840964953,0.473249633149268,TRUE,1.58034631574617
GOBP_POSITIVE_REGULATION_OF_ENDOTHELIAL_CELL_APOPTOTIC_PROCESS,-1.33272471184107,0.365315269935573,1.93657904926176,0.299721092353335,TRUE,1.57888464577192
GOBP_REGULATION_OF_AMPA_RECEPTOR_ACTIVITY,-2.26814329600386,0.0894762457257613,1.20956881780443,0.580059480341016,TRUE,1.57774727486237
REACTOME_COOPERATION_OF_PREFOLDIN_AND_TRIC_CCT_IN_ACTIN_AND_TUBULIN_FOLDING,1.18167139566577,0.429551262366468,-2.37052534458819,0.177836012934913,TRUE,1.57715475646787
GOBP_NUCLEOTIDE_TRANSPORT,4.21092923738252,0.000748289183462234,-0.968068690497265,0.679290261734771,TRUE,1.57423069457701
GOBP_ACTIN_CYTOSKELETON_REORGANIZATION,1.08962767437849,0.46923571677435,-2.83062675019221,0.0921245704839393,TRUE,1.57353523970998
GOBP_REGULATION_OF_LAMELLIPODIUM_ASSEMBLY,2.46829980767505,0.061804646137524,-1.15410635470104,0.603344177469562,TRUE,1.57281120098171
GOBP_REGULATION_OF_BEHAVIOR,-1.62120785458042,0.251215902815841,1.51824168068485,0.449325028324416,TRUE,1.56803624981325
GOBP_MITOTIC_DNA_INTEGRITY_CHECKPOINT_SIGNALING,-3.90133866599862,0.00197025882596769,0.979335543729388,0.676007884135415,TRUE,1.56565239127123
GOBP_LABYRINTHINE_LAYER_MORPHOGENESIS,-2.44740350579726,0.064151122290102,1.14960158033843,0.606120661895694,TRUE,1.56437862644946
REACTOME_SHC_MEDIATED_CASCADE_FGFR4,3.68278102594946,0.00368910370594375,-0.991406595822887,0.67238145901751,TRUE,1.56225367723397
GOBP_PROTEIN_LOCALIZATION_TO_CELL_SURFACE,2.23274627932728,0.0960629791220375,-1.20007896498307,0.583335710846066,TRUE,1.56108840577067
GOBP_MITOTIC_G2_M_TRANSITION_CHECKPOINT,-2.30203370881734,0.0842188601202675,1.18041374204724,0.591643999049965,TRUE,1.5605991262664
GOBP_CELL_MATRIX_ADHESION,1.23819063852767,0.406284683949197,-2.10990106411837,0.248372106022421,TRUE,1.56056642280513
GOBP_REGULATION_OF_PROTEIN_GLYCOSYLATION,-1.65111085255635,0.241352508936977,1.4784525099991,0.467262538932857,TRUE,1.56001889174432
GOBP_LUNG_MORPHOGENESIS,1.90271607948682,0.164789056663425,-1.32072757137147,0.530053998084853,TRUE,1.55918319589732
GOBP_RESPONSE_TO_VITAMIN,1.3413922200121,0.36184026373812,-1.85753884564843,0.323251489013788,TRUE,1.55782547656029
GOBP_INTERLEUKIN_4_PRODUCTION,-2.06680453285164,0.125446525161607,1.24934183450635,0.563084283846521,TRUE,1.55731688568146
GOBP_CELLULAR_RESPONSE_TO_OXYGEN_RADICAL,2.48671553308657,0.0600352350950069,-1.13275378190804,0.61196960287514,TRUE,1.55649139666071
GOBP_PTERIDINE_CONTAINING_COMPOUND_METABOLIC_PROCESS,-3.66627255788737,0.00387531708487607,0.98525539381941,0.675293760589773,TRUE,1.55313043385892
GOBP_NADPH_REGENERATION,1.21758679366459,0.415230668487803,-2.13801354314642,0.240576487173323,TRUE,1.55156561778455
GOBP_SARCOMERE_ORGANIZATION,1.09738112260017,0.46589650261185,-2.63826419455259,0.119885508178886,TRUE,1.55003008997686
GOBP_ACTIVATED_T_CELL_PROLIFERATION,1.867524588352,0.174823865262379,-1.32432708940157,0.527526776236311,TRUE,1.5497044676078
GOBP_POSITIVE_REGULATION_OF_DEFENSE_RESPONSE_TO_VIRUS_BY_HOST,-2.00518273820111,0.139154634744693,1.2627425002589,0.558105883619951,TRUE,1.54962508597979
GOBP_ATTACHMENT_OF_SPINDLE_MICROTUBULES_TO_KINETOCHORE,1.8777533351695,0.172055534389976,-1.31698907597784,0.532133470710489,TRUE,1.54815650937633
GOBP_OSTEOBLAST_DIFFERENTIATION,2.12599693788442,0.114255450768406,-1.21501845532559,0.578758460096815,TRUE,1.54631165168828
REACTOME_RHO_GTPASES_ACTIVATE_CIT,1.14843335303998,0.443289105138257,-2.36503481940315,0.179793666741739,TRUE,1.54609903058538
REACTOME_ACTIVATION_OF_NMDA_RECEPTORS_AND_POSTSYNAPTIC_EVENTS,2.51181709734041,0.0571440815888161,-1.11659746636925,0.619524665664819,TRUE,1.54595819062404
GOBP_TORC1_SIGNALING,-5.94618836815918,1.41318576046628e-06,0.888364680338256,0.712350484153977,TRUE,1.54578761520393
GOBP_PROTEIN_MODIFICATION_BY_SMALL_PROTEIN_REMOVAL,-2.33499468109578,0.0792366173921577,1.15450926718465,0.603228402634658,TRUE,1.54507519584861
GOBP_SEMAPHORIN_PLEXIN_SIGNALING_PATHWAY_INVOLVED_IN_NEURON_PROJECTION_GUIDANCE,1.78031690075241,0.201644003417607,-1.36275059823737,0.514336402052169,TRUE,1.54379625784826
GOBP_PHAGOLYSOSOME_ASSEMBLY,-1.5631587023299,0.27224220696016,1.52195910095241,0.447553476477342,TRUE,1.54228380563803
KEGG_TRYPTOPHAN_METABOLISM,-2.20976450690677,0.0993940612580561,1.18247974368036,0.591214708997741,TRUE,1.54057407114409
GOBP_REGULATION_OF_RELEASE_OF_CYTOCHROME_C_FROM_MITOCHONDRIA,1.72821074574036,0.21831356372451,-1.3895609931409,0.505072882876512,TRUE,1.5404939433247
GOBP_LYMPHOCYTE_COSTIMULATION,2.91888983232638,0.0242704602581888,-1.04356634353731,0.650909723165471,TRUE,1.53745810896956
GOBP_REGULATION_OF_LONG_TERM_NEURONAL_SYNAPTIC_PLASTICITY,1.11205750511617,0.459188348420969,-2.48402129371398,0.155185395448169,TRUE,1.53632591334853
GOBP_REGULATION_OF_MICROTUBULE_BASED_MOVEMENT,-1.02438272988415,0.503137853342378,3.06416556714965,0.0610874399516481,TRUE,1.53544880013818
GOBP_GLYCOSAMINOGLYCAN_CATABOLIC_PROCESS,2.70275940214059,0.0387165044682983,-1.06911111400851,0.641481458093502,TRUE,1.53215764059133
REACTOME_DEFENSINS,2.2836496236864,0.0868200918415464,-1.15126263247257,0.60523851190027,TRUE,1.53079920612012
GOBP_NUCLEAR_CHROMOSOME_SEGREGATION,1.17380779369551,0.431927422264007,-2.19970744191858,0.222335352337557,TRUE,1.53076749849273
GOBP_ALCOHOL_BIOSYNTHETIC_PROCESS,1.98016599258021,0.145719623264146,-1.24554142424808,0.564525615062352,TRUE,1.52920178549303
GOBP_DEVELOPMENTAL_CELL_GROWTH,3.03329315276659,0.0190159631624704,-1.02106819591572,0.660440749610967,TRUE,1.52783578019532
GOBP_NEUTROPHIL_CHEMOTAXIS,1.902798334224,0.164789056663425,-1.27610375302592,0.551331838628817,TRUE,1.52767718470709
GOBP_AMINO_SUGAR_METABOLIC_PROCESS,3.27455865823954,0.0107448268783174,-0.994473194386273,0.67238145901751,TRUE,1.52562029119633
GOBP_REGULATION_OF_TYPE_I_INTERFERON_MEDIATED_SIGNALING_PATHWAY,-3.00343965155666,0.0201836630667746,1.02098207496096,0.660440749610967,TRUE,1.52392480502772
GOBP_ANTIGEN_PROCESSING_AND_PRESENTATION_OF_ENDOGENOUS_PEPTIDE_ANTIGEN,-4.83216387269649,8.71602506703308e-05,0.902597125617102,0.70282663042152,TRUE,1.52107375470023
GOBP_NEGATIVE_REGULATION_OF_TYPE_I_INTERFERON_MEDIATED_SIGNALING_PATHWAY,-1.50452112267313,0.293952945045209,1.53608271993501,0.442563618950217,TRUE,1.52013811594282
GOBP_REGULATION_OF_APPETITE,-2.37021279057105,0.0743004471602757,1.11802359221504,0.619509532224179,TRUE,1.51936596470663
GOBP_RIBONUCLEOSIDE_MONOPHOSPHATE_CATABOLIC_PROCESS,-4.07985411796244,0.00116600198027916,0.933347811586442,0.691718905862503,TRUE,1.51915800165458
GOBP_CELLULAR_AMINO_ACID_METABOLIC_PROCESS,-1.14361254721522,0.445291360932807,2.26063554894033,0.208080923595524,TRUE,1.51886178999029
GOBP_PROTEIN_HETEROOLIGOMERIZATION,1.10937435499351,0.460410385794899,-2.40587857927319,0.168634100984709,TRUE,1.51853653036245
GOBP_RESPONSE_TO_GONADOTROPIN,2.62833091218575,0.0449911001177078,-1.06741704789536,0.642075385493857,TRUE,1.51824488762803
GOBP_NEGATIVE_REGULATION_OF_RESPONSE_TO_BIOTIC_STIMULUS,-1.25682843602193,0.398514597162745,1.91243391422449,0.308232955775001,TRUE,1.51682067293872
REACTOME_EUKARYOTIC_TRANSLATION_INITIATION,-3.17917105271339,0.0135802028259425,0.992925695889982,0.67238145901751,TRUE,1.51323462521594
REACTOME_NOD1_2_SIGNALING_PATHWAY,-1.54863489042564,0.277064377583427,1.47875307861891,0.467262538932857,TRUE,1.51288743648956
GOBP_TRANSITION_METAL_ION_HOMEOSTASIS,3.16555742884393,0.0140643887938892,-0.993790904842925,0.67238145901751,TRUE,1.51268993561524
GOBP_RESPONSE_TO_STARVATION,-3.69947657195158,0.00355403690363065,0.949177182184459,0.685591606264776,TRUE,1.51074222079809
GOBP_GLUCOSAMINE_CONTAINING_COMPOUND_METABOLIC_PROCESS,1.72601000769243,0.219119857655089,-1.33915019419352,0.520291737403863,TRUE,1.50816693728381
KEGG_PENTOSE_PHOSPHATE_PATHWAY,1.20311136313213,0.418897368398308,-2.01925804562553,0.279715094543111,TRUE,1.50782979331018
GOBP_FC_GAMMA_RECEPTOR_SIGNALING_PATHWAY,1.04253383846488,0.494174996112973,-2.71533003809976,0.106266651225554,TRUE,1.50661308674491
GOBP_MITOCHONDRION_MORPHOGENESIS,1.10461121369811,0.463028492582179,-2.35935411864785,0.180596787144469,TRUE,1.50473158158209
GOBP_CELLULAR_TRANSITION_METAL_ION_HOMEOSTASIS,3.39757592675481,0.00812200620502639,-0.965439018738397,0.679290261734771,TRUE,1.50361729666024
GOBP_NUCLEOSIDE_MONOPHOSPHATE_CATABOLIC_PROCESS,-2.05745072031656,0.12741650657092,1.18124321861565,0.591643999049965,TRUE,1.50082085978838
GOBP_RNA_PHOSPHODIESTER_BOND_HYDROLYSIS,-1.65116419876932,0.241352508936977,1.37319537099734,0.509074855107132,TRUE,1.49940573017348
GOBP_REGULATION_OF_CATION_CHANNEL_ACTIVITY,-2.20033236046073,0.100957184071944,1.13639621635951,0.609594985360682,TRUE,1.49874304223077
GOBP_ADULT_LOCOMOTORY_BEHAVIOR,2.81680788482831,0.0298737645325894,-1.02083785147019,0.660440749610967,TRUE,1.49857715210884
GOBP_POSITIVE_REGULATION_OF_MONONUCLEAR_CELL_MIGRATION,1.24408110822708,0.40380439142012,-1.87281224784316,0.319085421390079,TRUE,1.49503372148448
REACTOME_G1_S_SPECIFIC_TRANSCRIPTION,1.38340478076324,0.344384941546195,-1.61632912948831,0.410534963288858,TRUE,1.49082386099606
GOBP_DETERMINATION_OF_ADULT_LIFESPAN,-1.32349859540346,0.369259516906864,1.70550595488883,0.380080193942938,TRUE,1.49041356542683
GOBP_REGULATION_OF_HORMONE_METABOLIC_PROCESS,1.28824613211284,0.384202670576668,-1.76643343311624,0.356007066228333,TRUE,1.48991145503417
GOBP_RELAXATION_OF_CARDIAC_MUSCLE,1.745326395118,0.21300694170413,-1.29892303946514,0.539761361519543,TRUE,1.48939481781712
GOBP_POSITIVE_REGULATION_OF_VIRAL_GENOME_REPLICATION,-1.12133633807851,0.455583114698377,2.21386089067162,0.219144299885615,TRUE,1.48865718810354
GOBP_DENDRITE_DEVELOPMENT,1.91234669154409,0.162325032637401,-1.21777843570313,0.577207256286387,TRUE,1.48800093790416
GOBP_MEMBRANE_INVAGINATION,2.04249350056148,0.130737431799875,-1.16506149235786,0.596739862508493,TRUE,1.48376600316965
GOBP_POST_TRANSLATIONAL_PROTEIN_MODIFICATION,1.90454266192105,0.164697142633048,-1.2124834277231,0.579219938320866,TRUE,1.48168565071878
GOBP_LIVER_REGENERATION,0.986760510669878,0.522838108867415,-2.97250610021533,0.0712238634907061,TRUE,1.48166411898289
GOBP_POSITIVE_REGULATION_OF_PROTEIN_AUTOPHOSPHORYLATION,2.31711366029953,0.0819728234119857,-1.08747380038782,0.631624119004485,TRUE,1.48023831209655
REACTOME_EXTENSION_OF_TELOMERES,-3.26044993372599,0.0110998473310115,0.957361080707079,0.683692187870786,TRUE,1.48011746446767
GOBP_TRANSFORMING_GROWTH_FACTOR_BETA_RECEPTOR_SIGNALING_PATHWAY,1.2071859602393,0.417854205449779,-1.91213876078941,0.308232955775001,TRUE,1.48000434228156
REACTOME_SHC_MEDIATED_CASCADE_FGFR3,4.93711140429903,5.83221221340335e-05,-0.870240321414427,0.719226173849696,TRUE,1.47966702147981
GOBP_REGULATION_OF_RECEPTOR_RECYCLING,2.42288152005651,0.0670761697686469,-1.06478314711953,0.643343011902344,TRUE,1.47941023935218
GOBP_POSITIVE_REGULATION_OF_CELL_DEVELOPMENT,1.72455516248267,0.219468459188547,-1.29141230330194,0.542572275743289,TRUE,1.47688049013726
GOBP_NEGATIVE_REGULATION_OF_PEPTIDASE_ACTIVITY,3.71949845789733,0.00333713320455193,-0.921333541850391,0.696475125144647,TRUE,1.47684668969181
KEGG_GAP_JUNCTION,1.67688392540181,0.234770543333607,-1.31787130789232,0.531589412616521,TRUE,1.47585831882631
GOBP_REGULATION_OF_SISTER_CHROMATID_COHESION,1.64121992178053,0.244703241899791,-1.34043413565043,0.519495834647018,TRUE,1.47565556894931
GOBP_GLIAL_CELL_PROLIFERATION,1.65806238643069,0.239609182527646,-1.32911351490374,0.52447268977914,TRUE,1.47547596736712
GOBP_MITOCHONDRIAL_TRANSLATION,-1.57376602587553,0.268502095168655,1.38841828242065,0.505072882876512,TRUE,1.47529342887843
GOBP_PEROXISOMAL_TRANSPORT,-2.70049641319799,0.0388764006918791,1.01368861326225,0.663306841447457,TRUE,1.4740582091158
GOBP_REGULATION_OF_BONE_REMODELING,0.998784469787828,0.517016950260208,-2.80820981038191,0.0962839134931798,TRUE,1.47349648573164
GOBP_VITAMIN_BIOSYNTHETIC_PROCESS,2.54338270539616,0.0539906877912856,-1.036962844738,0.651668597524745,TRUE,1.47326191202199
GOBP_ODONTOGENESIS_OF_DENTIN_CONTAINING_TOOTH,2.8219401713842,0.0295412001601137,-0.996541483044439,0.672037015474633,TRUE,1.47293123181165
GOBP_MITOTIC_SISTER_CHROMATID_SEGREGATION,1.09052788451972,0.46923571677435,-2.26585432378499,0.207031136470003,TRUE,1.47240520834198
GOBP_NEGATIVE_REGULATION_OF_TISSUE_REMODELING,1.13110956881558,0.451611160851808,-2.10424369649632,0.250821204047381,TRUE,1.47132630352649
GOBP_REGULATION_OF_PROTEIN_BINDING,1.60330117970511,0.258008762641378,-1.35864295021837,0.514336402052169,TRUE,1.47086761217162
GOBP_PROTEIN_O_LINKED_GLYCOSYLATION,3.85885072436908,0.00226479444804809,-0.9084949446241,0.699975937031591,TRUE,1.47073303198874
GOBP_LEUKOCYTE_TETHERING_OR_ROLLING,0.976514940207818,0.528414273484019,-2.97622496317858,0.0706976961835653,TRUE,1.47053851910338
GOBP_POSITIVE_REGULATION_OF_CELL_SUBSTRATE_ADHESION,1.6952858048243,0.228931709307029,-1.29822761389561,0.540042285400521,TRUE,1.47042390490388
REACTOME_EPH_EPHRIN_MEDIATED_REPULSION_OF_CELLS,1.13427237872439,0.44999895289577,-2.08541308242258,0.257020850349948,TRUE,1.46935251046528
REACTOME_CA2_PATHWAY,1.20482004575065,0.418581389826822,-1.88176191641507,0.317756488624444,TRUE,1.46905833444076
KEGG_TYPE_I_DIABETES_MELLITUS,-1.65120622280087,0.241352508936977,1.31874876701873,0.531102143292683,TRUE,1.466369812254
GOBP_OXIDATIVE_DEMETHYLATION,-2.4133871410021,0.0685017316998129,1.05240214402968,0.647621817170422,TRUE,1.46567121811676
GOBP_POSITIVE_REGULATION_OF_PROTEIN_BINDING,1.33876076420812,0.363018854154197,-1.61887002209921,0.410534963288858,TRUE,1.46555119589153
KEGG_ALZHEIMERS_DISEASE,2.06224201518868,0.126587680281667,-1.13661918438782,0.609594985360682,TRUE,1.46551143739802
GOBP_REGULATION_OF_INSULIN_SECRETION_INVOLVED_IN_CELLULAR_RESPONSE_TO_GLUCOSE_STIMULUS,-2.37226870003243,0.0740084126560757,1.06023600108504,0.645289032795841,TRUE,1.46549817059407
GOBP_RESPONSE_TO_ELECTRICAL_STIMULUS,-3.5047927700803,0.00615942823943711,0.925631538342905,0.693763816720807,TRUE,1.46448579075132
GOBP_ACETYL_COA_BIOSYNTHETIC_PROCESS,-3.76658811057104,0.00294853645277968,0.908895609906469,0.699975937031591,TRUE,1.46441977031385
GOBP_NEGATIVE_REGULATION_OF_ANOIKIS,1.15169406132516,0.442289771665608,-2.00423395971371,0.284401648625258,TRUE,1.46281178374192
GOBP_SPINDLE_ORGANIZATION,1.0483482918387,0.491019457753649,-2.41496404062156,0.167337507023561,TRUE,1.46202431880524
GOBP_NEGATIVE_REGULATION_OF_ION_TRANSMEMBRANE_TRANSPORTER_ACTIVITY,-1.38128078538178,0.345178397334622,1.54517875708268,0.439264593016615,TRUE,1.45864017333452
GOBP_VERY_LONG_CHAIN_FATTY_ACID_METABOLIC_PROCESS,2.29620613680471,0.0849858604620877,-1.06790515923556,0.642075385493857,TRUE,1.45781763109228
GOBP_NEURONAL_STEM_CELL_POPULATION_MAINTENANCE,-1.10726254446888,0.461517730922292,2.13145165873201,0.241224025535675,TRUE,1.45741577612962
GOBP_LYMPHOCYTE_MIGRATION,1.39214664682227,0.340877134502187,-1.52766911023838,0.445946808821794,TRUE,1.45676275917717
GOBP_VIRAL_PROTEIN_PROCESSING,2.20112636952248,0.100823961618764,-1.0863984359607,0.632427593533656,TRUE,1.45477244230229
GOBP_PEPTIDYL_LYSINE_TRIMETHYLATION,-1.56394217472845,0.272068424019703,1.35843812999076,0.514336402052169,TRUE,1.45396455062403
GOBP_MITOCHONDRIAL_GENE_EXPRESSION,-1.53329510234498,0.282421454285253,1.38211978831316,0.505839888295449,TRUE,1.45378793877001
GOBP_RESPONSE_TO_NUTRIENT,1.91099344077869,0.162646321075517,-1.17280874000592,0.59369512130076,TRUE,1.45354966242938
GOBP_REGULATION_OF_PH,2.93889379500241,0.0232968147663504,-0.96518506289335,0.679290261734771,TRUE,1.45313478319193
GOBP_NEGATIVE_REGULATION_OF_CELLULAR_PROTEIN_CATABOLIC_PROCESS,-2.50151192032318,0.0583636456478125,1.02347733732483,0.660440749610967,TRUE,1.45262329747182
GOBP_N_ACETYLGLUCOSAMINE_METABOLIC_PROCESS,1.06671423192302,0.480787704413344,-2.2716258009611,0.206056330469538,TRUE,1.45172483786516
GOBP_POSITIVE_REGULATION_OF_TYPE_I_INTERFERON_MEDIATED_SIGNALING_PATHWAY,-2.91334844605651,0.0246033723453396,0.966634031642059,0.679290261734771,TRUE,1.45162601644538
GOBP_NEGATIVE_REGULATION_OF_SODIUM_ION_TRANSPORT,-1.9178741196448,0.160912013607478,1.16664081237933,0.595461464338454,TRUE,1.45077606709164
KEGG_RENIN_ANGIOTENSIN_SYSTEM,2.71100870436985,0.0378716093750293,-0.990123002074133,0.672511183916141,TRUE,1.45049260059906
REACTOME_DOWNSTREAM_SIGNALING_OF_ACTIVATED_FGFR2,2.88497506878319,0.0259401358238977,-0.96839965317439,0.679290261734771,TRUE,1.45005822564129
GOBP_CELLULAR_IRON_ION_HOMEOSTASIS,1.08360217415767,0.472245233758935,-2.1899434359897,0.223541634918279,TRUE,1.44982092882093
GOBP_REGULATION_OF_ACTOMYOSIN_STRUCTURE_ORGANIZATION,0.941969605714155,0.542986910970506,-3.14005113694555,0.0555002911671084,TRUE,1.44920024559388
REACTOME_MITOTIC_PROMETAPHASE,0.94690590898425,0.540554844388001,-3.07927144905033,0.0602820893463735,TRUE,1.44841127013621
GOBP_WATER_TRANSPORT,-2.2212918111847,0.0978912382569998,1.07449395748183,0.637715527924029,TRUE,1.44837364831969
GOBP_NEGATIVE_REGULATION_OF_STRIATED_MUSCLE_CELL_DIFFERENTIATION,1.23210999241995,0.408597337236733,-1.75201436216173,0.361292410756047,TRUE,1.44677241695267
GOBP_PURINE_NUCLEOTIDE_TRANSPORT,4.79135912476482,9.8470277666435e-05,-0.85052137833201,0.728119629594405,TRUE,1.44460818148905
GOBP_NEGATIVE_REGULATION_OF_PROTEASOMAL_UBIQUITIN_DEPENDENT_PROTEIN_CATABOLIC_PROCESS,-4.13002542158975,0.000993436895364563,0.874676477865332,0.717393200453916,TRUE,1.44361688740891
GOBP_CARBOHYDRATE_DERIVATIVE_TRANSPORT,3.36223947742714,0.00882671512153537,-0.917991706131702,0.698040887845568,TRUE,1.44221553553581
GOBP_REGULATION_OF_PROTEIN_KINASE_C_SIGNALING,-2.68499927285011,0.0402046328966667,0.985348646265973,0.675293760589773,TRUE,1.44164011534096
REACTOME_MATURATION_OF_SARS_COV_2_SPIKE_PROTEIN,3.43303878171208,0.00736982073222374,-0.911497763105147,0.699975937031591,TRUE,1.44052519199855
GOBP_NEGATIVE_REGULATION_OF_DNA_BIOSYNTHETIC_PROCESS,-2.39243905488049,0.0716357619928811,1.03002767163602,0.655239020563213,TRUE,1.44005983177978
HALLMARK_ESTROGEN_RESPONSE_LATE,0.912399487462968,0.558890575399287,-3.41389731357409,0.0357514211709027,TRUE,1.43995583401007
REACTOME_GRB2_SOS_PROVIDES_LINKAGE_TO_MAPK_SIGNALING_FOR_INTEGRINS,1.23909347217738,0.405961029870184,-1.71794776055798,0.375113487286031,TRUE,1.43974851083157
GOBP_REGULATION_OF_EXTRINSIC_APOPTOTIC_SIGNALING_PATHWAY_IN_ABSENCE_OF_LIGAND,3.45387152888539,0.00704292141618158,-0.908674810605925,0.699975937031591,TRUE,1.43881385463201
GOBP_POSITIVE_REGULATION_OF_NEUROGENESIS,2.06194550145214,0.126587680281667,-1.10230915918534,0.624000429317307,TRUE,1.43661092785357
GOBP_REGULATION_OF_RUFFLE_ASSEMBLY,4.23415787273415,0.000690778236282715,-0.864546841568773,0.721214252536051,TRUE,1.4359050075236
REACTOME_TRAF6_MEDIATED_IRF7_ACTIVATION,-1.71087807103352,0.223496077105102,1.23450019007579,0.568092321118004,TRUE,1.43416506584245
GOBP_ANTIGEN_PROCESSING_AND_PRESENTATION_OF_EXOGENOUS_ANTIGEN,-1.34543955024592,0.360113898035393,1.52903566629851,0.445307029259258,TRUE,1.43137435823694
REACTOME_RHO_GTPASES_ACTIVATE_WASPS_AND_WAVES,1.46865599786974,0.308084983837427,-1.38608634172657,0.505169269302551,TRUE,1.4261770606099
GOBP_NUCLEIC_ACID_PHOSPHODIESTER_BOND_HYDROLYSIS,-1.31358036408034,0.37340615222291,1.5571671967952,0.434109384208092,TRUE,1.42503944350743
GOBP_POSITIVE_REGULATION_OF_ENDOCYTOSIS,1.39871834671953,0.338902077620415,-1.45179741591004,0.479135323647676,TRUE,1.42476369222397
GOBP_POSITIVE_REGULATION_OF_MYELOID_LEUKOCYTE_DIFFERENTIATION,0.978180203395795,0.527419058268785,-2.60205755870257,0.126578220069158,TRUE,1.42185036924892
REACTOME_SPHINGOLIPID_METABOLISM,2.48429170713687,0.0601676329359527,-0.993850014001599,0.67238145901751,TRUE,1.41973130819631
REACTOME_CREB1_PHOSPHORYLATION_THROUGH_NMDA_RECEPTOR_MEDIATED_ACTIVATION_OF_RAS_SIGNALING,1.97751449528014,0.146366741969251,-1.1071250727723,0.621825238693696,TRUE,1.41952136137423
GOBP_NUCLEOSIDE_DIPHOSPHATE_METABOLIC_PROCESS,1.15234498692669,0.442289771665608,-1.84570907031906,0.328574762580398,TRUE,1.41884939623885
GOBP_CORTICAL_CYTOSKELETON_ORGANIZATION,1.11631821148239,0.457107272758882,-1.93729448516316,0.299721092353335,TRUE,1.41644493236994
REACTOME_METAL_ION_SLC_TRANSPORTERS,2.21146484805157,0.0992323947723581,-1.04060128807077,0.651012341520366,TRUE,1.41525606988401
REACTOME_G2_M_DNA_DAMAGE_CHECKPOINT,-1.34744329362036,0.359092279868198,1.48833311791982,0.461777304499653,TRUE,1.41438829256989
GOBP_ATP_METABOLIC_PROCESS,1.74223835820844,0.213611014542368,-1.19014204379229,0.587665308491497,TRUE,1.41421700881426
GOBP_T_CELL_MIGRATION,0.971865458870659,0.530633032423899,-2.58800212604534,0.13013139124051,TRUE,1.41308057886465
GOBP_REGULATION_OF_DEFENSE_RESPONSE_TO_VIRUS_BY_HOST,-1.20443093332144,0.41870784845937,1.70722982216756,0.37949049760689,TRUE,1.41241757250126
GOBP_MITOTIC_CYTOKINETIC_PROCESS,0.988505160901583,0.52218575116644,-2.46963980099348,0.156022155430319,TRUE,1.41188510935771
GOBP_REGULATION_OF_NEUTROPHIL_CHEMOTAXIS,1.7215065112002,0.220232768530099,-1.19536553216919,0.585959343214898,TRUE,1.41098376363228
GOBP_MAINTENANCE_OF_PROTEIN_LOCATION_IN_CELL,0.874528377893415,0.578589058310968,-3.63708608732016,0.0237229079302454,TRUE,1.4100207456677
GOBP_NUCLEOBASE_BIOSYNTHETIC_PROCESS,-1.12761432409619,0.453061076793453,1.88064896118786,0.317756488624444,TRUE,1.40988105502993
GOBP_REGULATION_OF_SMAD_PROTEIN_SIGNAL_TRANSDUCTION,5.15295927762252,2.65179701950147e-05,-0.816540437641115,0.741320604057187,TRUE,1.40969924596467
GOBP_REGULATION_OF_ATP_BIOSYNTHETIC_PROCESS,1.01186612826674,0.509538406077516,-2.3182880932345,0.193273157325119,TRUE,1.40882195903263
GOBP_PLASMINOGEN_ACTIVATION,5.85634178231694,1.7420857363627e-06,-0.800173076716621,0.744161026054853,TRUE,1.4079701229544
GOBP_POSITIVE_REGULATION_OF_MUSCLE_TISSUE_DEVELOPMENT,-2.08819476364251,0.121632374783303,1.06038471681833,0.645289032795841,TRUE,1.40653258197725
GOBP_NEGATIVE_REGULATION_OF_PLATELET_ACTIVATION,3.66139303317755,0.00391398257046689,-0.870418338743185,0.719226173849696,TRUE,1.40647673959719
GOBP_GLUTAMATE_SECRETION,-1.33777187290214,0.363282151442489,1.4785379951339,0.467262538932857,TRUE,1.40463701480873
GOBP_TOLL_LIKE_RECEPTOR_3_SIGNALING_PATHWAY,1.76115543563369,0.207264073479736,-1.16753278259404,0.595461464338454,TRUE,1.40418272832764
REACTOME_SYNTHESIS_OF_SUBSTRATES_IN_N_GLYCAN_BIOSYTHESIS,1.08743453570616,0.470282816602675,-1.97731765913275,0.291778606196689,TRUE,1.40318262221891
GOBP_ALCOHOL_CATABOLIC_PROCESS,-2.87676730966866,0.0264881268079097,0.927072028237841,0.693730768401702,TRUE,1.40225191845807
REACTOME_REGULATION_OF_EXPRESSION_OF_SLITS_AND_ROBOS,-2.00698031006629,0.138644290030825,1.07712430270791,0.636738964780899,TRUE,1.40187674443645
GOBP_SUBPALLIUM_DEVELOPMENT,3.23152347415485,0.0119354840550286,-0.893096449383443,0.709095125353125,TRUE,1.39943179947167
GOBP_POSITIVE_REGULATION_OF_PROTEIN_SECRETION,0.970080314805722,0.530736188860267,-2.50867325656237,0.149258715397685,TRUE,1.39913017265759
GOBP_EPIDERMIS_MORPHOGENESIS,-1.45454851502615,0.313704477758028,1.34644644211844,0.518421421760829,TRUE,1.39841142373362
GOBP_CENTRAL_NERVOUS_SYSTEM_NEURON_DEVELOPMENT,-1.10059556219087,0.464805106892237,1.91070565804363,0.308232955775001,TRUE,1.39668137731638
GOBP_ODONTOGENESIS,3.011896844032,0.0198926715869686,-0.906033877456496,0.701166646115443,TRUE,1.39302135238397
GOBP_REGULATION_OF_NITRIC_OXIDE_METABOLIC_PROCESS,1.42313877408984,0.327924801980713,-1.3637980717361,0.514336402052169,TRUE,1.39283666856211
GOBP_POSITIVE_REGULATION_OF_LYMPHOCYTE_MIGRATION,1.03527605959461,0.49678346570266,-2.12727179604722,0.241355976791699,TRUE,1.39274639513815
GOBP_MITOCHONDRIAL_RNA_METABOLIC_PROCESS,-1.53957584298191,0.280582579935271,1.27030947634343,0.553706442976395,TRUE,1.39204099856924
GOBP_REGULATION_OF_LEUKOCYTE_ADHESION_TO_VASCULAR_ENDOTHELIAL_CELL,1.17911156060182,0.430347376218762,-1.6956294245924,0.382869085743875,TRUE,1.39096792881911
GOBP_MAINTENANCE_OF_PROTEIN_LOCATION,0.846542639022897,0.593225276547937,-3.86090914896063,0.0159270716111883,TRUE,1.38861718279598
GOBP_P38MAPK_CASCADE,-4.90363494827619,6.63580952208005e-05,0.808659666122475,0.743602821200703,TRUE,1.38836389497987
GOBP_REGULATION_OF_LIPID_STORAGE,-2.0953348876474,0.12013635237923,1.03557041122631,0.651824150092357,TRUE,1.38609546065697
GOBP_MICROTUBULE_CYTOSKELETON_ORGANIZATION_INVOLVED_IN_MITOSIS,1.01678474517828,0.506957852483586,-2.17487159298878,0.228573131636286,TRUE,1.38572328858097
REACTOME_DISORDERS_OF_TRANSMEMBRANE_TRANSPORTERS,-1.20869727377359,0.417854205449779,1.62273849172308,0.410534963288858,TRUE,1.38544523234071
GOBP_POSITIVE_REGULATION_OF_ACTIVATED_T_CELL_PROLIFERATION,2.52427102316363,0.0559482071261346,-0.954660557444123,0.684711601296657,TRUE,1.38538049759084
KEGG_ABC_TRANSPORTERS,-1.13487839526445,0.449755737837155,1.7767504949939,0.354103759030053,TRUE,1.38506370594852
GOBP_CELLULAR_RESPONSE_TO_AMYLOID_BETA,1.07093935407188,0.47971219521459,-1.95628164986564,0.297412538723901,TRUE,1.38414671658575
GOBP_NEGATIVE_REGULATION_OF_MYOBLAST_DIFFERENTIATION,-3.41668550748588,0.00771145852195821,0.867192203058277,0.71984886571082,TRUE,1.38329020228619
REACTOME_GENE_SILENCING_BY_RNA,-1.17208081493346,0.432452890870927,1.68065791159127,0.388858472951121,TRUE,1.38103561768658
GOBP_ECTODERM_DEVELOPMENT,1.71916502905396,0.220889071452235,-1.1518119450492,0.605059030747667,TRUE,1.3794292561986
GOBP_REGULATION_OF_SYNAPTIC_VESICLE_RECYCLING,1.72190046235668,0.220232768530099,-1.14790643060083,0.606269788910373,TRUE,1.37750077780097
REACTOME_CELL_CELL_COMMUNICATION,2.16519963640984,0.108040995566715,-1.00669184777444,0.667653612717868,TRUE,1.37437792789971
GOBP_MITOCHONDRIAL_CALCIUM_ION_TRANSMEMBRANE_TRANSPORT,1.4907110912129,0.299034583218515,-1.27461151232817,0.551613927509522,TRUE,1.37421761640551
GOBP_MONOUBIQUITINATED_PROTEIN_DEUBIQUITINATION,-2.42406918679358,0.0669750606908487,0.95831333735806,0.683377620375335,TRUE,1.37359853050071
GOBP_RENAL_SYSTEM_PROCESS_INVOLVED_IN_REGULATION_OF_SYSTEMIC_ARTERIAL_BLOOD_PRESSURE,0.994638657223097,0.519083205634083,-2.21416083264392,0.219144299885615,TRUE,1.37265663648444
GOBP_NEGATIVE_REGULATION_OF_VASCULAR_PERMEABILITY,-5.57049690732261,5.56877044525257e-06,0.781759382063415,0.751397689561115,TRUE,1.37109966023603
GOBP_FC_RECEPTOR_MEDIATED_STIMULATORY_SIGNALING_PATHWAY,0.900928820981599,0.565215625457939,-2.85404656697023,0.0891361223777728,TRUE,1.36953910103235
KEGG_GLIOMA,1.78991869698718,0.198572962523007,-1.10832300714597,0.62167576185823,TRUE,1.36897351933245
GOBP_CELLULAR_RESPONSE_TO_XENOBIOTIC_STIMULUS,-1.14289599280704,0.445662813695934,1.70456398126761,0.380080193942938,TRUE,1.36833483975982
REACTOME_O_LINKED_GLYCOSYLATION,4.50866181104912,0.000270894717399888,-0.805270543658747,0.744161026054853,TRUE,1.36648052907198
HALLMARK_INTERFERON_ALPHA_RESPONSE,-1.05079000319405,0.489781174733876,1.94856536179048,0.297412538723901,TRUE,1.36531537852648
GOBP_POSITIVE_REGULATION_OF_DENDRITIC_SPINE_DEVELOPMENT,1.84725104647891,0.181084633207621,-1.08257863176754,0.634316453360046,TRUE,1.36512680261004
KEGG_APOPTOSIS,2.13349597255398,0.113409265658792,-1.00353190686253,0.668706119751563,TRUE,1.36500621857327
GOBP_FORMATION_OF_PRIMARY_GERM_LAYER,1.55177681784873,0.276496798476783,-1.21383572403006,0.578849104614577,TRUE,1.36215909401891
GOBP_REGULATION_OF_RENAL_SYSTEM_PROCESS,-2.93715277390799,0.0233318643670468,0.884795318476343,0.713452596888135,TRUE,1.35992376724423
REACTOME_GLYOXYLATE_METABOLISM_AND_GLYCINE_DEGRADATION,-2.06030905292974,0.126902540039212,1.01459461764997,0.663232698747818,TRUE,1.35963834951872
GOBP_REGULATION_OF_TRANSMEMBRANE_RECEPTOR_PROTEIN_SERINE_THREONINE_KINASE_SIGNALING_PATHWAY,1.29559500499798,0.380548256503849,-1.42744210176862,0.488915666005279,TRUE,1.35832659230358
KEGG_PRION_DISEASES,1.21357402218516,0.416081612621721,-1.53986245312409,0.441133973952641,TRUE,1.35738528025407
GOBP_NEGATIVE_REGULATION_OF_STEROID_METABOLIC_PROCESS,1.05399777230123,0.48779954296434,-1.88855848312939,0.316869019442748,TRUE,1.35293007935215
REACTOME_BINDING_AND_UPTAKE_OF_LIGANDS_BY_SCAVENGER_RECEPTORS,3.62002568289189,0.00443497184483871,-0.83189472805519,0.733269555408376,TRUE,1.35289043964805
GOBP_HUMORAL_IMMUNE_RESPONSE_MEDIATED_BY_CIRCULATING_IMMUNOGLOBULIN,2.1901052566139,0.102607962614097,-0.978615463736612,0.676007884135415,TRUE,1.35276729032537
KEGG_VIBRIO_CHOLERAE_INFECTION,2.85590007052446,0.0275522977510324,-0.886052078396172,0.713134007469031,TRUE,1.35248987291828
GOBP_CATECHOLAMINE_SECRETION,1.41655118324383,0.330765571204884,-1.2917989376632,0.542572275743289,TRUE,1.35130188636548
GOBP_RIBONUCLEOSIDE_METABOLIC_PROCESS,-1.66767120762985,0.23692454369533,1.13120698922755,0.612256723604666,TRUE,1.34802674008651
GOBP_ALPHA_AMINO_ACID_METABOLIC_PROCESS,-1.33857902162764,0.363018854154197,1.35595083069731,0.514336402052169,TRUE,1.34720892757146
GOBP_CALCINEURIN_MEDIATED_SIGNALING,2.98918879085439,0.0208132132565715,-0.868673657621663,0.719349493398508,TRUE,1.34614937414313
REACTOME_POSITIVE_EPIGENETIC_REGULATION_OF_RRNA_EXPRESSION,-0.852354737313423,0.589937405563257,3.18922317499525,0.0519630965408807,TRUE,1.34519217025518
GOBP_REGULATION_OF_CELL_SUBSTRATE_ADHESION,1.06746769099561,0.480529661108664,-1.81674727840597,0.336825271712895,TRUE,1.34478119209329
GOBP_POSITIVE_REGULATION_OF_IMMUNOGLOBULIN_PRODUCTION,-2.42921912711493,0.0664773857697101,0.928411001272085,0.693272617466683,TRUE,1.3433961906921
GOBP_REGULATION_OF_MONONUCLEAR_CELL_MIGRATION,1.17201065983501,0.432452890870927,-1.57104038418403,0.428024324098135,TRUE,1.34250223400669
REACTOME_DNA_REPLICATION,-1.15367290171352,0.441706512517508,1.60091210073605,0.416974890581524,TRUE,1.34098523516394
GOBP_INTERLEUKIN_5_PRODUCTION,-1.29372161076662,0.381520237506912,1.39115402418508,0.50434679066389,TRUE,1.34066993760444
GOBP_EXTRINSIC_APOPTOTIC_SIGNALING_PATHWAY,0.877206541524134,0.577402156046848,-2.83979831164385,0.0909214301270714,TRUE,1.34037471243011
GOBP_REPLICATIVE_SENESCENCE,-1.16642624103728,0.434784478470027,1.56207686578935,0.432247420153875,TRUE,1.33556560167753
REACTOME_DEFECTS_OF_CONTACT_ACTIVATION_SYSTEM_CAS_AND_KALLIKREIN_KININ_SYSTEM_KKS,3.16285894010445,0.0141125969688822,-0.84536745925584,0.729028158138777,TRUE,1.3341452102643
GOBP_ENDOPLASMIC_RETICULUM_TO_GOLGI_VESICLE_MEDIATED_TRANSPORT,2.63066352497099,0.0448201574448686,-0.893590272114768,0.708854146445315,TRUE,1.3340329445428
GOBP_REGULATION_OF_PLATELET_ACTIVATION,2.32196511015387,0.0811441271072804,-0.935730921579605,0.690092370223713,TRUE,1.33390870801646
REACTOME_B_WICH_COMPLEX_POSITIVELY_REGULATES_RRNA_EXPRESSION,-0.847938752275689,0.592751087972238,3.10765430123696,0.0590572711759455,TRUE,1.33234156044188
GOBP_RESPONSE_TO_TYPE_I_INTERFERON,-2.54834345755598,0.0534330200394038,0.896693580753614,0.706739675363755,TRUE,1.32659428304269
KEGG_CARDIAC_MUSCLE_CONTRACTION,1.17199176481353,0.432452890870927,-1.52632965345435,0.446201995348903,TRUE,1.32589525630901
GOBP_CARDIAC_MUSCLE_CELL_PROLIFERATION,-3.35830252197606,0.00893359859629709,0.825780079282349,0.736932844347153,TRUE,1.32560448114357
GOBP_CD8_POSITIVE_ALPHA_BETA_T_CELL_ACTIVATION,-3.7534154519743,0.00303445506327157,0.804930944724805,0.744161026054853,TRUE,1.3255860712517
REACTOME_ACYL_CHAIN_REMODELLING_OF_PE,-1.29635605888394,0.380180860273408,1.35552321971498,0.514336402052169,TRUE,1.32527958796359
KEGG_WNT_SIGNALING_PATHWAY,1.41027383666614,0.33383984104218,-1.24824707183616,0.563128232222024,TRUE,1.32432299590028
GOBP_REGULATED_EXOCYTOSIS,0.884510406095487,0.573598824810705,-2.63183318562786,0.120824826261147,TRUE,1.32403661876193
REACTOME_ASSEMBLY_AND_CELL_SURFACE_PRESENTATION_OF_NMDA_RECEPTORS,1.14027835800726,0.446815684038077,-1.57160421920041,0.427848958227243,TRUE,1.32164002495444
GOBP_REGULATION_OF_EARLY_ENDOSOME_TO_LATE_ENDOSOME_TRANSPORT,0.908045483306258,0.561427999113072,-2.41817088569265,0.166268995927824,TRUE,1.32030445829162
REACTOME_COPII_MEDIATED_VESICLE_TRANSPORT,0.91500174307368,0.557781050173768,-2.36251234845838,0.180137588189197,TRUE,1.31911128770283
GOBP_MEIOTIC_CELL_CYCLE_PROCESS,1.766615262291,0.205731801116019,-1.05104664741664,0.647977552161087,TRUE,1.31796866210871
GOBP_ANTIGEN_PROCESSING_AND_PRESENTATION_OF_EXOGENOUS_PEPTIDE_ANTIGEN,-1.36208010228794,0.352715883613814,1.27191394716831,0.55316253860125,TRUE,1.31545375329767
GOBP_RESPONSE_TO_TRANSFORMING_GROWTH_FACTOR_BETA,0.896275084673072,0.5676720543776,-2.46450588734947,0.156022155430319,TRUE,1.31450114794724
GOBP_MITOCHONDRIAL_OUTER_MEMBRANE_PERMEABILIZATION_INVOLVED_IN_PROGRAMMED_CELL_DEATH,-3.09201794579289,0.0166172966774208,0.834350672554527,0.732712764725658,TRUE,1.31410343927861
GOBP_RESPIRATORY_BURST,2.22217219736202,0.0977968360030832,-0.932704331410925,0.691718905862503,TRUE,1.31392123572368
GOBP_RESPONSE_TO_ALCOHOL,1.23660701966007,0.406567430620569,-1.39994319937598,0.500368377665618,TRUE,1.31321571269494
KEGG_VALINE_LEUCINE_AND_ISOLEUCINE_DEGRADATION,-3.65138019001878,0.00402107262816896,0.799193778249904,0.744203619505292,TRUE,1.31136359071599
GOBP_MIDBRAIN_DEVELOPMENT,1.63479857227908,0.247024436863627,-1.09379788494732,0.628623534496344,TRUE,1.31066594031379
GOBP_NEGATIVE_REGULATION_OF_FAT_CELL_DIFFERENTIATION,-2.31468114112142,0.0821545791987068,0.913498947206491,0.699975937031591,TRUE,1.31000051278326
GOBP_INTRACELLULAR_LIPID_TRANSPORT,-0.935652778632491,0.546908298211264,2.17688060612833,0.227756320040964,TRUE,1.30877593014583
GOBP_MONONUCLEAR_CELL_MIGRATION,1.0879482466383,0.470067937933844,-1.63434015863488,0.406533479251225,TRUE,1.3063109011912
REACTOME_RUNX2_REGULATES_OSTEOBLAST_DIFFERENTIATION,1.19349290827572,0.424389203446851,-1.43928327431117,0.485204101617243,TRUE,1.30491485926647
GOBP_REGULATION_OF_PROTEIN_DEPOLYMERIZATION,0.946649018509672,0.540554844388001,-2.09637959232041,0.253093379574284,TRUE,1.30431615163321
GOBP_PROTEIN_KINASE_C_SIGNALING,-1.62584525203909,0.249895547411769,1.08850126511691,0.630869439712476,TRUE,1.30398576787694
GOBP_MRNA_TRANSCRIPTION,-1.97574620701382,0.146647343118647,0.97268837684796,0.677677936436345,TRUE,1.30359708957604
GOBP_PROTEIN_EXIT_FROM_ENDOPLASMIC_RETICULUM,2.35462772916588,0.0764363496553256,-0.900937251700657,0.7034668277852,TRUE,1.30322807104788
GOBP_MITOTIC_SPINDLE_ORGANIZATION,0.899751734796849,0.565671697404457,-2.36206383435566,0.180137588189197,TRUE,1.30312152088635
GOBP_ACTIN_FILAMENT_BASED_MOVEMENT,1.53921107350051,0.280582579935271,-1.1297121334257,0.612938297909393,TRUE,1.30304642795577
GOBP_REGULATION_OF_SKELETAL_MUSCLE_CONTRACTION,-2.90155467510243,0.0251236000123736,0.839391858629387,0.730488718145235,TRUE,1.30209900071436
REACTOME_NEGATIVE_REGULATION_OF_FLT3,1.23695669091806,0.406567430620569,-1.37367064086842,0.508929137938603,TRUE,1.30173393165016
REACTOME_PI3K_EVENTS_IN_ERBB2_SIGNALING,-2.18657793395949,0.103171293441429,0.926380979721509,0.693763816720807,TRUE,1.30140118444647
GOBP_MUSCLE_CELL_PROLIFERATION,-1.56853373016122,0.270390480613353,1.11186738369387,0.62036030822513,TRUE,1.30129888827096
GOBP_REGULATION_OF_GRANULOCYTE_CHEMOTAXIS,1.18005542623428,0.430299652442282,-1.44985300656958,0.480211137487007,TRUE,1.30111519192358
REACTOME_EFFECTS_OF_PIP2_HYDROLYSIS,2.95045971058386,0.0227230185756274,-0.832357718343332,0.733055111757141,TRUE,1.29841736161292
GOBP_ACTOMYOSIN_STRUCTURE_ORGANIZATION,0.832147736557799,0.600063630537841,-2.93617005063599,0.0765314920727325,TRUE,1.29677346750792
REACTOME_BETA_CATENIN_PHOSPHORYLATION_CASCADE,0.946831297740868,0.540554844388001,-2.04981408479817,0.268773266055975,TRUE,1.29533386989722
REACTOME_GABA_B_RECEPTOR_ACTIVATION,1.98847763622714,0.143738223548595,-0.960515129003876,0.682629976712405,TRUE,1.29533234248705
GOBP_REGULATION_OF_MACROPHAGE_DIFFERENTIATION,0.967524060492307,0.531074411902046,-1.95255254873307,0.297412538723901,TRUE,1.29389863560872
REACTOME_DISEASES_OF_GLYCOSYLATION,5.18260300762449,2.51655902120139e-05,-0.739189565356686,0.77337293400654,TRUE,1.293840004495
GOBP_REGULATION_OF_ANIMAL_ORGAN_MORPHOGENESIS,1.44325707145359,0.318097719391055,-1.16795625561699,0.595461464338454,TRUE,1.29109414967544
REACTOME_COLLAGEN_DEGRADATION,4.37941633420619,0.000411220554015226,-0.756926833091693,0.765961463036389,TRUE,1.29076178466659
GOBP_CEREBRAL_CORTEX_RADIALLY_ORIENTED_CELL_MIGRATION,2.38458581387128,0.0725799291822193,-0.884710287131726,0.713452596888135,TRUE,1.29059438784579
GOBP_PROTEIN_LOCALIZATION_TO_PLASMA_MEMBRANE,1.1261447013751,0.453984112914314,-1.509078099679,0.452806413991646,TRUE,1.28978870798699
GOBP_RECEPTOR_RECYCLING,1.38895319619956,0.341843380742894,-1.20376057416336,0.581659881237586,TRUE,1.28974290649074
GOBP_POSITIVE_REGULATION_OF_TYROSINE_PHOSPHORYLATION_OF_STAT_PROTEIN,-2.01941562200834,0.135577030398574,0.947198912286576,0.686006313417079,TRUE,1.28954284994457
GOBP_COMPLEMENT_ACTIVATION_ALTERNATIVE_PATHWAY,-0.874031962272963,0.578824648372322,2.45592255008925,0.158339791636824,TRUE,1.28923971644417
REACTOME_NITRIC_OXIDE_STIMULATES_GUANYLATE_CYCLASE,-1.01100444192209,0.509857711940885,1.77554158827389,0.354114486607515,TRUE,1.2883910139005
GOBP_REGULATION_OF_CELLULAR_EXTRAVASATION,1.16894803536566,0.433579695178299,-1.43432044549653,0.486869105214064,TRUE,1.28810845225819
GOBP_TRANSITION_METAL_ION_TRANSPORT,0.966005584868426,0.531842640308391,-1.92751455786916,0.303297032539431,TRUE,1.28700664655139
REACTOME_DOWNSTREAM_SIGNALING_OF_ACTIVATED_FGFR3,2.83879681030255,0.028583421602038,-0.829419296678645,0.734506104539134,TRUE,1.28375907260951
GOBP_MRNA_EXPORT_FROM_NUCLEUS,-3.15384235080585,0.0143807295168273,0.805298763940983,0.744161026054853,TRUE,1.28299814184879
REACTOME_TRANSPORT_OF_MATURE_TRANSCRIPT_TO_CYTOPLASM,-3.42515574738096,0.0075328285131758,0.788414036811426,0.748292589164461,TRUE,1.28178290988864
GOBP_MALE_MEIOTIC_NUCLEAR_DIVISION,1.2508000705794,0.401034300243032,-1.3124462093978,0.535279245784354,TRUE,1.28088184437825
GOBP_CELLULAR_MONOVALENT_INORGANIC_CATION_HOMEOSTASIS,2.26297053015958,0.0903559898719964,-0.892682371903425,0.709254705947007,TRUE,1.28031438380929
REACTOME_SIGNALING_BY_ROBO_RECEPTORS,-1.89885757282657,0.165825460061087,0.965583747937943,0.679290261734771,TRUE,1.28018402658768
REACTOME_FCGR3A_MEDIATED_IL10_SYNTHESIS,0.998779201791845,0.517016950260208,-1.78131384639428,0.35274045046507,TRUE,1.27991343512998
GOBP_POSITIVE_REGULATION_OF_NEUTROPHIL_MIGRATION,1.49962482960348,0.295928833576025,-1.11579118376854,0.620050757685419,TRUE,1.27954264658237
GOBP_NEGATIVE_REGULATION_OF_PLASMA_MEMBRANE_BOUNDED_CELL_PROJECTION_ASSEMBLY,1.53059436197576,0.283509607092951,-1.09762180623484,0.626462431157596,TRUE,1.27844411622239
GOBP_REGULATION_OF_MONOOXYGENASE_ACTIVITY,2.50238681451263,0.0582730104563377,-0.857714661467706,0.724020553942926,TRUE,1.27754109500204
GOBP_POSITIVE_REGULATION_OF_TRANSCRIPTION_BY_RNA_POLYMERASE_I,1.21450588343877,0.416081612621721,-1.34582558600318,0.518421421760829,TRUE,1.27679803321681
GOBP_INTESTINAL_EPITHELIAL_CELL_DIFFERENTIATION,-4.1751676525975,0.000851778128424948,0.750867454043147,0.768012698739432,TRUE,1.27282791845433
GOBP_INNATE_IMMUNE_RESPONSE_ACTIVATING_SIGNAL_TRANSDUCTION,0.788879207935744,0.620798838063957,-3.26770181808884,0.045555745978292,TRUE,1.27093333301436
GOBP_KILLING_BY_HOST_OF_SYMBIONT_CELLS,2.99709146052225,0.0205183829026198,-0.802766650341759,0.744161026054853,TRUE,1.26634469095177
GOBP_POSITIVE_REGULATION_OF_INTERLEUKIN_12_PRODUCTION,-2.07690366310615,0.123846065731244,0.909768385302976,0.699975937031591,TRUE,1.26528876380678
GOBP_NUCLEAR_TRANSCRIBED_MRNA_CATABOLIC_PROCESS_DEADENYLATION_DEPENDENT_DECAY,-3.52657958767806,0.00578012490653887,0.770839796522692,0.757224836421647,TRUE,1.26514433372782
GOBP_REGULATION_OF_ACTIN_FILAMENT_BUNDLE_ASSEMBLY,0.787336741469766,0.621196452288882,-3.20498198253722,0.0509476043392253,TRUE,1.26412756347644
GOBP_NEGATIVE_REGULATION_OF_DNA_RECOMBINATION,-3.06700845733097,0.0176151803261293,0.795624666800475,0.745454524327783,TRUE,1.26348400353808
GOBP_ASPARTATE_FAMILY_AMINO_ACID_CATABOLIC_PROCESS,-1.05708432174776,0.486230826428424,1.5678105204412,0.429870181490971,TRUE,1.26276138304079
REACTOME_IL_6_TYPE_CYTOKINE_RECEPTOR_LIGAND_INTERACTIONS,2.42437903684598,0.0669750606908487,-0.852627262633929,0.726876024682612,TRUE,1.26157319996677
KEGG_MISMATCH_REPAIR,-4.47273050719702,0.000308249796043278,0.732160332178669,0.777026371755424,TRUE,1.25833795749224
GOBP_RRNA_METHYLATION,-1.1315261594603,0.451559768150529,1.41546679139887,0.493570790355467,TRUE,1.25766952105218
GOBP_NUCLEAR_TRANSCRIBED_MRNA_CATABOLIC_PROCESS,-3.10258521944465,0.0161665374377282,0.788501455207327,0.748292589164461,TRUE,1.25743431847642
REACTOME_SIGNALING_BY_VEGF,0.784923956515049,0.622396031479875,-3.14888225602557,0.0553796689426084,TRUE,1.25661152861078
GOBP_NEGATIVE_REGULATION_OF_NUCLEAR_DIVISION,1.20906985867251,0.417854205449779,-1.3054495859567,0.537459360880975,TRUE,1.2554126393956
GOBP_HIPPOCAMPUS_DEVELOPMENT,1.41402038060733,0.331787725040183,-1.12505719772345,0.61653222968522,TRUE,1.25309586481857
GOBP_NEGATIVE_REGULATION_OF_ENDOPLASMIC_RETICULUM_STRESS_INDUCED_INTRINSIC_APOPTOTIC_SIGNALING_PATHWAY,1.77793749637841,0.202138109807927,-0.966490072882597,0.679290261734771,TRUE,1.25225308162764
HALLMARK_E2F_TARGETS,1.07046076223353,0.479828699303458,-1.50593435162494,0.453768269607933,TRUE,1.25139472997979
REACTOME_METABOLISM_OF_CARBOHYDRATES,1.5556661244781,0.275088859749135,-1.04608080413846,0.649516301069093,TRUE,1.25096907202296
REACTOME_VXPX_CARGO_TARGETING_TO_CILIUM,0.78717060808989,0.621196452288882,-3.04154353890492,0.0635662185966088,TRUE,1.25066201608752
GOBP_NEGATIVE_REGULATION_OF_AMINO_ACID_TRANSPORT,-1.8291297569403,0.186126881083985,0.949505391007949,0.685591606264776,TRUE,1.25008752325782
GOBP_POSITIVE_REGULATION_OF_CELL_DIVISION,2.60607663590299,0.0470634876620551,-0.82206562238488,0.739439274099351,TRUE,1.24986995886586
GOBP_SODIUM_ION_HOMEOSTASIS,-1.90299274316417,0.164789056663425,0.930443806797581,0.692684011167022,TRUE,1.24980939649539
GOBP_NEGATIVE_REGULATION_OF_PROTEIN_TYROSINE_KINASE_ACTIVITY,1.62087563184226,0.251218380109136,-1.01272798984382,0.663689179602887,TRUE,1.24658555821056
GOBP_GANGLIOSIDE_BIOSYNTHETIC_PROCESS,2.79599157706974,0.0313189932502103,-0.802074834262389,0.744161026054853,TRUE,1.24655535746321
GOBP_REGULATION_OF_TRANSLATIONAL_INITIATION,-2.32445380131071,0.0807970343528311,0.851582617341224,0.727423189005884,TRUE,1.24649984514291
GOBP_SPINDLE_LOCALIZATION,1.25145790557932,0.401034300243032,-1.24154039083133,0.565516361745653,TRUE,1.24647942153746
GOBP_REGULATION_OF_CELLULAR_PH,3.33458267991902,0.00936690877963724,-0.765106995541729,0.760737391915181,TRUE,1.24463690551485
REACTOME_DNA_DOUBLE_STRAND_BREAK_REPAIR,-1.93279781984308,0.157397779967745,0.91730056393987,0.698389315073232,TRUE,1.24413707274944
GOBP_PROTEIN_TARGETING_TO_PEROXISOME,-3.02157924838405,0.0195421136202053,0.783157714331326,0.750972413817588,TRUE,1.24390890672588
REACTOME_POST_TRANSLATIONAL_MODIFICATION_SYNTHESIS_OF_GPI_ANCHORED_PROTEINS,2.22530240314353,0.0971671266361016,-0.862161388339446,0.722278382065464,TRUE,1.24281283211279
REACTOME_SMOOTH_MUSCLE_CONTRACTION,1.69617273360469,0.228696977495412,-0.978848893777128,0.676007884135415,TRUE,1.2413333686344
GOBP_AMYLOID_BETA_METABOLIC_PROCESS,0.847298259529373,0.592940217123213,-2.31841931921905,0.193273157325119,TRUE,1.24104099950079
REACTOME_TRNA_PROCESSING_IN_THE_NUCLEUS,-1.36627137765713,0.350723433511755,1.13630463402305,0.609594985360682,TRUE,1.24072195251527
GOBP_REGULATION_OF_MACROPHAGE_MIGRATION,0.954986850620868,0.537509929644825,-1.76847441374492,0.355235966618846,TRUE,1.24023780538633
REACTOME_TERMINATION_OF_O_GLYCAN_BIOSYNTHESIS,1.68277660976754,0.232983767798205,-0.979584772042078,0.676007884135415,TRUE,1.2383159949206
GOBP_ASPARTATE_FAMILY_AMINO_ACID_METABOLIC_PROCESS,-0.809184883574728,0.609951643848217,2.62326626810556,0.12221319534798,TRUE,1.23684639107151
GOBP_THYMIC_T_CELL_SELECTION,1.17717086147621,0.43126674318823,-1.30203808500073,0.538452006182842,TRUE,1.23645995741763
KEGG_PANCREATIC_CANCER,1.44609043883678,0.316789495286621,-1.07971891994502,0.635916841970717,TRUE,1.23633337673332
GOBP_DEFENSE_RESPONSE_TO_SYMBIONT,-0.932243759189305,0.548993078858012,1.82943705689574,0.334780492153929,TRUE,1.23510383183122
GOBP_NEGATIVE_REGULATION_OF_RELEASE_OF_CYTOCHROME_C_FROM_MITOCHONDRIA,0.931185652376115,0.549681203235572,-1.83311944129635,0.333803244117566,TRUE,1.23501166838217
GOBP_DOPAMINE_SECRETION,1.42785910311976,0.325168292946111,-1.08530310872693,0.632817856097518,TRUE,1.23323509810473
GOBP_RESPONSE_TO_NERVE_GROWTH_FACTOR,1.63074507333134,0.248271326474254,-0.990819675932799,0.67238145901751,TRUE,1.23267930387049
REACTOME_SEPARATION_OF_SISTER_CHROMATIDS,1.27481044777378,0.390421799946721,-1.1916957914865,0.586707047908455,TRUE,1.23185274893985
GOBP_CELLULAR_RESPONSE_TO_GAMMA_RADIATION,-1.44823304092295,0.31603355482475,1.07132506431779,0.640282103643446,TRUE,1.23158767601883
GOBP_POSITIVE_REGULATION_OF_PROTEIN_KINASE_B_SIGNALING,1.11809462855397,0.456253652317908,-1.36742681118333,0.511980786011372,TRUE,1.23025498640347
GOBP_REGULATION_OF_MEMBRANE_LIPID_DISTRIBUTION,1.45043658735788,0.315372087242674,-1.0678719672077,0.642075385493857,TRUE,1.23009594598234
GOBP_REGULATION_OF_SUPEROXIDE_METABOLIC_PROCESS,1.00516239936998,0.513788040257068,-1.58070735103483,0.423459731894361,TRUE,1.22888447372046
REACTOME_TP53_REGULATES_TRANSCRIPTION_OF_GENES_INVOLVED_IN_G2_CELL_CYCLE_ARREST,0.840538744830676,0.595990259547997,-2.28163091905696,0.202127995486219,TRUE,1.22850414636533
REACTOME_HOMOLOGY_DIRECTED_REPAIR,-1.92446023513428,0.159464683051654,0.901979038838408,0.703193309104048,TRUE,1.22827531385762
GOBP_CYTOPLASMIC_SEQUESTERING_OF_TRANSCRIPTION_FACTOR,-1.81389045741374,0.190302498144156,0.928015174150789,0.693272617466683,TRUE,1.22784522512306
GOBP_RETINAL_METABOLIC_PROCESS,0.813832158686277,0.608913063743354,-2.49594493085387,0.15216865954246,TRUE,1.22744232985255
GOBP_CYTOPLASMIC_PATTERN_RECOGNITION_RECEPTOR_SIGNALING_PATHWAY_IN_RESPONSE_TO_VIRUS,-2.97218838890382,0.0217187311040684,0.773328722348312,0.755655692122914,TRUE,1.22732246635023
GOBP_MESODERMAL_CELL_DIFFERENTIATION,-1.12086093637322,0.455583114698377,1.35582220768495,0.514336402052169,TRUE,1.22719626279789
GOBP_REPRODUCTIVE_BEHAVIOR,-1.90793142050942,0.163700121226451,0.903809891635498,0.702052223136288,TRUE,1.22657606015905
GOBP_MATURE_B_CELL_DIFFERENTIATION,-1.42003158451032,0.329431169823208,1.07763207009304,0.636506323462453,TRUE,1.22536240873983
GOBP_CELLULAR_EXTRAVASATION,0.770874707512373,0.630495104771349,-2.98382562086843,0.0703464605629899,TRUE,1.22521399930034
REACTOME_GLUCURONIDATION,1.28129466502522,0.387317431605916,-1.17367687164065,0.59369512130076,TRUE,1.22512696512891
GOBP_RIBONUCLEOSIDE_MONOPHOSPHATE_BIOSYNTHETIC_PROCESS,-2.62832887067364,0.0449911001177078,0.798543062830837,0.744203619505292,TRUE,1.22492688798445
GOBP_CENTRIOLE_ASSEMBLY,-1.39157868430177,0.340877134502187,1.09202497129771,0.629565760974796,TRUE,1.22373686264875
REACTOME_ACTIVATION_OF_THE_MRNA_UPON_BINDING_OF_THE_CAP_BINDING_COMPLEX_AND_EIFS_AND_SUBSEQUENT_BINDING_TO_43S,-3.27640944188351,0.0107448268783174,0.751945841138268,0.768012698739432,TRUE,1.22317039118873
GOBP_AORTA_DEVELOPMENT,1.77651816911879,0.202658290620341,-0.932434559720261,0.691718905862503,TRUE,1.2229721982393
GOBP_MYELOID_CELL_DEVELOPMENT,0.72607738076482,0.651776921101015,-3.8442097171878,0.0159270716111883,TRUE,1.22145224697887
GOBP_BONE_REMODELING,0.821167835556351,0.605809398323653,-2.37470029411377,0.177219288617033,TRUE,1.22034290620979
REACTOME_DEUBIQUITINATION,-1.47127979884343,0.307060145678181,1.04113242198758,0.651012341520366,TRUE,1.21938357701874
GOBP_RESPONSE_TO_AMINE,1.2164092694818,0.415763276412274,-1.22212707006337,0.576566043881162,TRUE,1.2192614663163
GOBP_MOLTING_CYCLE,-1.03624192980693,0.496245079995877,1.48032025372414,0.467262538932857,TRUE,1.2190995529457
REACTOME_PROSTACYCLIN_SIGNALLING_THROUGH_PROSTACYCLIN_RECEPTOR,2.68495618918035,0.0402046328966667,-0.787789449302679,0.748373877710947,TRUE,1.21816014063164
REACTOME_APOPTOTIC_EXECUTION_PHASE,2.06961363482745,0.125191088741157,-0.860686912717203,0.72278488112485,TRUE,1.21577247178255
GOBP_NEGATIVE_REGULATION_OF_COLD_INDUCED_THERMOGENESIS,-0.718530776370262,0.656025478558808,3.89798097983354,0.0159270716111883,TRUE,1.2133920360768
GOBP_MUSCLE_CELL_DEVELOPMENT,2.01327439893347,0.137158688946133,-0.865077042901397,0.7210777587387,TRUE,1.21016317761962
GOBP_POSITIVE_REGULATION_OF_B_CELL_MEDIATED_IMMUNITY,-2.59437330641362,0.0482151607007105,0.78897282157175,0.748292589164461,TRUE,1.20997967712539
GOBP_REGULATION_OF_VIRAL_INDUCED_CYTOPLASMIC_PATTERN_RECOGNITION_RECEPTOR_SIGNALING_PATHWAY,-1.01627104543203,0.506957852483586,1.49221654999063,0.46030544711996,TRUE,1.20909226422898
GOBP_MYELOID_LEUKOCYTE_MIGRATION,0.849640396289675,0.591850758429545,-2.09360697181413,0.253966145520594,TRUE,1.20874179756966
GOBP_POSITIVE_REGULATION_OF_NUCLEOTIDE_METABOLIC_PROCESS,1.24055468910924,0.405371067136245,-1.17749882682334,0.59324005648028,TRUE,1.20820460044529
GOBP_REGULATION_OF_KETONE_BIOSYNTHETIC_PROCESS,1.0068509403216,0.512624923616873,-1.50833116606765,0.452869781281702,TRUE,1.20759816874791
GOBP_PORPHYRIN_CONTAINING_COMPOUND_METABOLIC_PROCESS,3.39496531917099,0.00814379114740501,-0.733959300651337,0.775801670101115,TRUE,1.20698080048819
GOBP_DIGESTIVE_TRACT_MORPHOGENESIS,-1.90367886538408,0.164789056663425,0.883028426163823,0.714646480936389,TRUE,1.20644357412056
GOBP_PROTEIN_ADP_RIBOSYLATION,-1.23361485238452,0.407990120826311,1.18030565017762,0.591643999049965,TRUE,1.20637160906255
REACTOME_DOWNSTREAM_SIGNALING_OF_ACTIVATED_FGFR4,1.695216702552,0.228931709307029,-0.936227955892701,0.690092370223713,TRUE,1.20626459928173
GOBP_REGULATION_OF_PLATELET_AGGREGATION,1.68709072485108,0.231391482622616,-0.935985876667247,0.690092370223713,TRUE,1.20400074492898
REACTOME_SIGNALING_BY_FGFR2_IN_DISEASE,1.74245503079822,0.213611014542368,-0.919709101774804,0.697257892669891,TRUE,1.20394661745332
HALLMARK_G2M_CHECKPOINT,1.26178632108803,0.395978920960874,-1.14361405647002,0.607532632320092,TRUE,1.19979741129233
GOBP_REGULATION_OF_PRODUCTION_OF_MOLECULAR_MEDIATOR_OF_IMMUNE_RESPONSE,-2.80324526263772,0.0307912514248251,0.762624635845693,0.762254382499042,TRUE,1.19904761444857
GOBP_SPLICEOSOMAL_COMPLEX_ASSEMBLY,-4.09263184147738,0.00111475745186902,0.702334295480794,0.78916228274468,TRUE,1.19892221089584
GOBP_POSITIVE_REGULATION_OF_SMOOTH_MUSCLE_CONTRACTION,-2.31862197501936,0.0817415462049147,0.806807767057027,0.744161026054853,TRUE,1.19707200141503
GOBP_PHOSPHATIDYLINOSITOL_METABOLIC_PROCESS,-2.50348752533285,0.0581454089938832,0.783514729364519,0.750862592882814,TRUE,1.1935004596212
GOBP_PARAXIAL_MESODERM_DEVELOPMENT,-3.42650168250167,0.00751348438203307,0.722528463546478,0.780387014471698,TRUE,1.19340901793902
GOBP_ORGANIC_ACID_CATABOLIC_PROCESS,-3.59024791818814,0.00486012039146229,0.715425597107345,0.783388715799765,TRUE,1.19310265932083
GOBP_FIBROBLAST_MIGRATION,0.838771946367861,0.596774740992533,-2.05036350932632,0.268773266055975,TRUE,1.19052042927912
GOBP_NEPHRON_TUBULE_FORMATION,-2.28218037056154,0.0870901376104407,0.802362734488736,0.744161026054853,TRUE,1.18729835852978
KEGG_GRAFT_VERSUS_HOST_DISEASE,-1.14063837303415,0.446704663432936,1.23716089429611,0.566791112517144,TRUE,1.18694055384734
GOBP_DNA_DEALKYLATION,-2.79034230647311,0.0315975418204194,0.753387683988729,0.76758251901352,TRUE,1.18643888415188
GOBP_SULFATE_TRANSPORT,2.19622711428136,0.101537663913209,-0.812655699250407,0.741320604057187,TRUE,1.18633831350453
GOBP_RESPONSE_TO_ISOQUINOLINE_ALKALOID,-1.01160627569634,0.509548871631852,1.43174672491065,0.488309190651642,TRUE,1.18555441785733
GOBP_REGULATION_OF_TRANSMISSION_OF_NERVE_IMPULSE,-1.23102583556414,0.408830575074954,1.14111363314707,0.608497663331097,TRUE,1.18436574429724
GOBP_RESPONSE_TO_NITRIC_OXIDE,-1.50015868766503,0.295814593832058,0.978366007862068,0.676007884135415,TRUE,1.18433701230344
GOBP_POSITIVE_REGULATION_OF_NOTCH_SIGNALING_PATHWAY,-2.27400906501249,0.0885760736028969,0.800453449193526,0.744161026054853,TRUE,1.18410186572509
GOBP_TYPE_I_INTERFERON_PRODUCTION,-1.28213156058097,0.387039945463338,1.09980655673104,0.62560082611193,TRUE,1.18399104214347
REACTOME_MET_PROMOTES_CELL_MOTILITY,3.00133767630736,0.0202937270377767,-0.737276610986471,0.77461176618762,TRUE,1.18376269942286
GOBP_CHONDROCYTE_DIFFERENTIATION,2.43045955021897,0.0664202905081902,-0.782399828107264,0.751397689561115,TRUE,1.18373754366033
REACTOME_PYRUVATE_METABOLISM_AND_CITRIC_ACID_TCA_CYCLE,-1.67852981884089,0.234315219550906,0.914217684239437,0.699944937516913,TRUE,1.18371853956812
GOBP_OVULATION_CYCLE_PROCESS,1.35704192894455,0.355262478057843,-1.04846158155022,0.648922743525771,TRUE,1.18295926058201
KEGG_VIRAL_MYOCARDITIS,1.19689106506704,0.422566899449133,-1.16449630455011,0.597015240481172,TRUE,1.18047148058185
GOBP_POSITIVE_REGULATION_OF_DNA_BINDING,0.762299086386577,0.634791572184762,-2.61333530210304,0.124345689924814,TRUE,1.18030739348303
REACTOME_HCMV_EARLY_EVENTS,-1.2172858774048,0.415293451037346,1.1450155923406,0.607061780253819,TRUE,1.1800452463967
GOBP_MACROPHAGE_CYTOKINE_PRODUCTION,-1.66249371427539,0.238252183054788,0.912867784738828,0.699975937031591,TRUE,1.17858169012289
GOBP_ALDEHYDE_BIOSYNTHETIC_PROCESS,2.11284370900165,0.116833782946512,-0.817148944834579,0.74117908177712,TRUE,1.17850671410426
GOBP_UNSATURATED_FATTY_ACID_BIOSYNTHETIC_PROCESS,1.8730237548988,0.173331987028753,-0.859555331107273,0.722921576189697,TRUE,1.17835019821289
REACTOME_MICRORNA_MIRNA_BIOGENESIS,1.31888080451441,0.371207411874104,-1.05927302998149,0.645289032795841,TRUE,1.17490706086181
REACTOME_COLLAGEN_CHAIN_TRIMERIZATION,4.33495798439194,0.00048119373840067,-0.67665153645575,0.800546621685669,TRUE,1.17058440742757
REACTOME_MITOCHONDRIAL_PROTEIN_IMPORT,-1.31471074082617,0.372992835998013,1.05386201964973,0.647621817170422,TRUE,1.16992286637956
GOBP_GLYCOSPHINGOLIPID_BIOSYNTHETIC_PROCESS,1.09511271981478,0.466870989756798,-1.2527013122503,0.56200567296998,TRUE,1.16861823162998
GOBP_NEGATIVE_REGULATION_OF_MRNA_CATABOLIC_PROCESS,-3.90972731675053,0.00192619227789271,0.686837958781802,0.796098287240193,TRUE,1.1684155314511
REACTOME_ACYL_CHAIN_REMODELLING_OF_PS,-0.9391162068577,0.544452071817476,1.54540557712223,0.439264593016615,TRUE,1.16828552923284
GOBP_PROTEIN_HYDROXYLATION,1.27379451684759,0.390969642564589,-1.0783533370666,0.636338625446675,TRUE,1.16795427268225
GOBP_CELL_FATE_DETERMINATION,-2.82852661262453,0.0292563533237037,0.735058838504257,0.775691474419648,TRUE,1.16687730100345
GOBP_PHOSPHATIDYLSERINE_METABOLIC_PROCESS,2.12669233592681,0.114255450768406,-0.803719160568076,0.744161026054853,TRUE,1.16656884609014
GOBP_REGULATION_OF_PHAGOCYTOSIS,0.804795202330714,0.612435460907204,-2.10353069544549,0.250915950273423,TRUE,1.16418274371821
GOBP_NEGATIVE_REGULATION_OF_NEURON_DEATH,0.820341733728252,0.605809398323653,-2.003957993698,0.284401648625258,TRUE,1.16413308325947
GOBP_ESTROUS_CYCLE,-1.51992438254645,0.287239963241608,0.942415263885326,0.68787133794673,TRUE,1.16344626959889
REACTOME_BETA_DEFENSINS,0.987279953192179,0.522827804195223,-1.41398934079574,0.49399662817417,TRUE,1.16272117724592
GOBP_PEPTIDYL_ASPARAGINE_MODIFICATION,3.98761397552928,0.00150723748716666,-0.679737102324286,0.798404363695985,TRUE,1.16148501524793
REACTOME_MITOTIC_METAPHASE_AND_ANAPHASE,1.04198217544238,0.494174996112973,-1.30850352868287,0.536978313130582,TRUE,1.16013243645608
REACTOME_IRE1ALPHA_ACTIVATES_CHAPERONES,2.278273081124,0.0878552958822881,-0.777454527994684,0.753735435191521,TRUE,1.1593007947715
GOBP_POSITIVE_REGULATION_OF_BEHAVIOR,-0.874677264420145,0.578589058310968,1.71564968461648,0.375781899656843,TRUE,1.15864892916451
GOBP_TYPE_B_PANCREATIC_CELL_PROLIFERATION,-2.47852245679092,0.0607402031069382,0.75383485542303,0.76758251901352,TRUE,1.1560582184511
REACTOME_RHOD_GTPASE_CYCLE,0.969118510919256,0.530973892016088,-1.43053409312241,0.488651508849366,TRUE,1.15546481004044
GOBP_CELL_DIFFERENTIATION_INVOLVED_IN_KIDNEY_DEVELOPMENT,1.71183789560324,0.223345701961505,-0.871811394382799,0.719023638121528,TRUE,1.15526498778884
GOBP_DEOXYRIBONUCLEOSIDE_MONOPHOSPHATE_METABOLIC_PROCESS,-2.31021023598205,0.0830063237536463,0.768963599345366,0.758656248646245,TRUE,1.1538598814551
REACTOME_TRANSPORT_OF_MATURE_MRNAS_DERIVED_FROM_INTRONLESS_TRANSCRIPTS,-1.36706354527406,0.350393730180202,0.997386151004653,0.671955663947742,TRUE,1.15332565522168
KEGG_ALDOSTERONE_REGULATED_SODIUM_REABSORPTION,-2.81254646622393,0.0301283446239669,0.723581065016906,0.779826195917799,TRUE,1.15103618263775
GOBP_POSITIVE_REGULATION_OF_INSULIN_SECRETION,1.18938042799818,0.426576805149905,-1.11236076468504,0.62036030822513,TRUE,1.14958200043958
GOBP_SYNAPTIC_MEMBRANE_ADHESION,-0.932372800606416,0.548993078858012,1.49413505699207,0.460265714371844,TRUE,1.14822697417569
GOBP_GLYCOSYL_COMPOUND_CATABOLIC_PROCESS,-0.975454106637741,0.528517889836825,1.39514619773791,0.503018597493509,TRUE,1.14814891859376
GOBP_DENDRITE_EXTENSION,2.35881257903082,0.0761891211728521,-0.758043671994428,0.765407102718559,TRUE,1.14736311523318
GOBP_POSITIVE_REGULATION_OF_RELEASE_OF_CYTOCHROME_C_FROM_MITOCHONDRIA,1.24591349633392,0.403151195742097,-1.06251891075601,0.644518044600751,TRUE,1.14693126552469
GOBP_RESPONSE_TO_INTERFERON_ALPHA,-0.98234913085384,0.525094694361485,1.37470909202991,0.50825871422544,TRUE,1.14587265483858
GOBP_NUCLEOSIDE_MONOPHOSPHATE_METABOLIC_PROCESS,-2.28381750943746,0.0868200918415464,0.764654204013628,0.76094545103295,TRUE,1.14570894792021
GOBP_POSITIVE_REGULATION_OF_TRANSPORTER_ACTIVITY,-2.04304345861365,0.130709247723199,0.795648582354454,0.745454524327783,TRUE,1.14527719673327
GOBP_POSITIVE_REGULATION_OF_SKELETAL_MUSCLE_TISSUE_DEVELOPMENT,-3.38765215197673,0.00824935396403379,0.689052402914929,0.795173165741175,TRUE,1.14517489512876
GOBP_POSITIVE_REGULATION_OF_NERVOUS_SYSTEM_DEVELOPMENT,1.75773188832024,0.20858913855168,-0.848729250847004,0.728536548049774,TRUE,1.14472335408811
GOBP_RESPONSE_TO_NICOTINE,1.07955628413775,0.474981809569517,-1.21315629528126,0.578889145438821,TRUE,1.14246374706422
GOBP_CELL_CELL_JUNCTION_ASSEMBLY,1.30248914011994,0.377934719023285,-1.0149109473936,0.663232698747818,TRUE,1.14085650923345
GOBP_BLOOD_VESSEL_ENDOTHELIAL_CELL_PROLIFERATION_INVOLVED_IN_SPROUTING_ANGIOGENESIS,-2.61928317853053,0.0457823348873651,0.727546238745656,0.778345248921263,TRUE,1.13877905752398
KEGG_GLYCOSPHINGOLIPID_BIOSYNTHESIS_LACTO_AND_NEOLACTO_SERIES,-0.994980745144047,0.519083205634083,1.32672314142079,0.526141539049343,TRUE,1.13715102730337
GOBP_TRANSEPITHELIAL_TRANSPORT,1.70973322292232,0.223897434513937,-0.849262393600679,0.728536548049774,TRUE,1.13482971204969
GOBP_REGULATION_OF_EXOCYTOSIS,0.74437450275159,0.642956122622172,-2.38494160486393,0.173866056803295,TRUE,1.13461833842341
GOBP_ACROSOME_REACTION,-1.24583466911134,0.403151195742097,1.04031766668166,0.651012341520366,TRUE,1.13383854238345
GOBP_REGULATION_OF_CELL_CYCLE_G1_S_PHASE_TRANSITION,0.676453616294604,0.679180056554367,-3.50041872785447,0.0309846115623519,TRUE,1.13380094573367
REACTOME_FGFR1_LIGAND_BINDING_AND_ACTIVATION,2.94242338718161,0.0231336705311769,-0.701868840437404,0.789385642817263,TRUE,1.13338621704678
REACTOME_SYNTHESIS_OF_PIPS_AT_THE_EARLY_ENDOSOME_MEMBRANE,-0.9423347728433,0.542859086565804,1.42094672257563,0.490445308677943,TRUE,1.13317648332314
GOBP_BICARBONATE_TRANSPORT,1.57762338353295,0.267123962419288,-0.880931985379974,0.715634447989624,TRUE,1.13056546703039
GOBP_MEMBRANE_DEPOLARIZATION_DURING_CARDIAC_MUSCLE_CELL_ACTION_POTENTIAL,3.77431639640098,0.0029192287149226,-0.664629717592937,0.805043920998662,TRUE,1.13023351769835
REACTOME_ANTI_INFLAMMATORY_RESPONSE_FAVOURING_LEISHMANIA_PARASITE_INFECTION,0.855029262076989,0.588745251645346,-1.66378418368308,0.395691037709846,TRUE,1.12956691193193
GOBP_EPITHELIAL_CELL_CELL_ADHESION,1.42171655561607,0.328664170496631,-0.935513596011577,0.690092370223713,TRUE,1.12847289564424
GOBP_POSITIVE_REGULATION_OF_OXIDOREDUCTASE_ACTIVITY,1.57370120307882,0.268502095168655,-0.879011109344354,0.716124224902626,TRUE,1.12797643106233
GOBP_ESTABLISHMENT_OF_PROTEIN_LOCALIZATION_TO_CHROMOSOME,-0.956264977417552,0.536817506913875,1.36993570805187,0.51092716054155,TRUE,1.12631859074477
GOBP_ESTABLISHMENT_OR_MAINTENANCE_OF_BIPOLAR_CELL_POLARITY,1.26562238286496,0.394663861836294,-1.01336898867718,0.663356854083821,TRUE,1.12553517331064
GOBP_RAC_PROTEIN_SIGNAL_TRANSDUCTION,1.22391551272377,0.412412880006858,-1.04038530874252,0.651012341520366,TRUE,1.12471249977757
GOBP_LATE_ENDOSOME_TO_LYSOSOME_TRANSPORT,-0.817256895006606,0.607170600288673,1.80233532222054,0.34340626505611,TRUE,1.12458035224875
GOBP_CELL_FATE_COMMITMENT_INVOLVED_IN_FORMATION_OF_PRIMARY_GERM_LAYER,-3.54607522755862,0.00547459826552679,0.668121267535263,0.803735665135456,TRUE,1.12439383335355
GOBP_REGULATION_OF_ACTIN_CYTOSKELETON_REORGANIZATION,1.58749923604767,0.263164378828048,-0.870210835870396,0.719226173849696,TRUE,1.12418389209475
REACTOME_PI_3K_CASCADE_FGFR1,1.91894685109166,0.160606336065789,-0.792457808464919,0.746330506750105,TRUE,1.12169491987629
GOBP_ADRENERGIC_RECEPTOR_SIGNALING_PATHWAY,1.72875538390371,0.218170036230688,-0.829649866469906,0.734506104539134,TRUE,1.12121539244449
KEGG_STARCH_AND_SUCROSE_METABOLISM,0.836729154351549,0.597617613030598,-1.69686606922179,0.382869085743875,TRUE,1.12079253855342
GOBP_INSULIN_SECRETION_INVOLVED_IN_CELLULAR_RESPONSE_TO_GLUCOSE_STIMULUS,-2.67925972463615,0.0406766242458585,0.70848964398073,0.786536671564594,TRUE,1.1206423863725
GOBP_ACTIVATION_OF_CYSTEINE_TYPE_ENDOPEPTIDASE_ACTIVITY,1.72194218272412,0.220232768530099,-0.830094233623915,0.734506104539134,TRUE,1.12018329155233
REACTOME_CELLULAR_SENESCENCE,-1.22178114423962,0.413318412724669,1.03303142866388,0.653570499991891,TRUE,1.11950619409861
GOBP_CELLULAR_OXIDANT_DETOXIFICATION,1.26985608628801,0.392786150530929,-1.00054667825364,0.670729907323604,TRUE,1.11922898336687
GOBP_POLYOL_CATABOLIC_PROCESS,-2.60103237612298,0.0476186087768959,0.712023748785411,0.785821309995468,TRUE,1.1179990639069
GOBP_GLOMERULUS_DEVELOPMENT,1.73583541979463,0.215780355605254,-0.824312060210831,0.73765825691091,TRUE,1.11780284710379
GOBP_NUCLEOSIDE_METABOLIC_PROCESS,-1.26315014393012,0.395447349465509,0.997592897064254,0.671955663947742,TRUE,1.11477473437771
GOBP_HOMOPHILIC_CELL_ADHESION_VIA_PLASMA_MEMBRANE_ADHESION_MOLECULES,2.63939807725373,0.04408679590565,-0.706213447149358,0.787438181548174,TRUE,1.1142826361882
GOBP_CD4_POSITIVE_ALPHA_BETA_T_CELL_DIFFERENTIATION,-3.06395488126207,0.0176835965605651,0.680813693506002,0.79833397128596,TRUE,1.11407815879622
REACTOME_TRIGLYCERIDE_CATABOLISM,0.889773765394104,0.571479916620409,-1.48554565074386,0.463655065580925,TRUE,1.11294467459565
GOBP_KERATINOCYTE_MIGRATION,2.4937190932391,0.0592264040413034,-0.716085747501395,0.783187786878163,TRUE,1.11266372227706
GOBP_MATURATION_OF_LSU_RRNA,-1.82387122741873,0.18760837632799,0.799855571269593,0.744161026054853,TRUE,1.11203160577427
KEGG_CHEMOKINE_SIGNALING_PATHWAY,0.920797307869069,0.555563334587539,-1.40336289011263,0.499014795895264,TRUE,1.11198253227228
REACTOME_PKA_ACTIVATION_IN_GLUCAGON_SIGNALLING,1.60516696461857,0.257466772778528,-0.85039237875261,0.728119629594405,TRUE,1.11178070855587
GOBP_RIBOSOMAL_LARGE_SUBUNIT_BIOGENESIS,-1.64859117709931,0.242382622661048,0.838322775716013,0.730488718145235,TRUE,1.11145906760647
GOBP_REGULATION_OF_SYSTEMIC_ARTERIAL_BLOOD_PRESSURE_BY_HORMONE,1.63281393630725,0.247567724050942,-0.841940946375796,0.730488718145235,TRUE,1.11100531241274
REACTOME_REGULATION_OF_TNFR1_SIGNALING,-0.75139939702709,0.640500808561813,2.12911817131604,0.241355976791699,TRUE,1.11078517812791
GOBP_CD4_POSITIVE_ALPHA_BETA_T_CELL_CYTOKINE_PRODUCTION,-0.944157762019128,0.541561549878303,1.34750152859613,0.518318478335277,TRUE,1.1103343614531
GOBP_NUCLEOSOME_ORGANIZATION,-3.95988039801348,0.00166426576144833,0.64512139548472,0.814178428773174,TRUE,1.10949080277271
GOBP_NEGATIVE_REGULATION_OF_APOPTOTIC_SIGNALING_PATHWAY,0.745660664201076,0.642324583000301,-2.15079160298521,0.236817366912621,TRUE,1.10739659921826
GOBP_SMAD_PROTEIN_SIGNAL_TRANSDUCTION,1.12300404891123,0.455082084085428,-1.0899273257959,0.630338187754104,TRUE,1.10621848818043
GOBP_REGULATION_OF_PROTEIN_LOCALIZATION_TO_SYNAPSE,1.33526872475561,0.364157493505075,-0.943858164246631,0.687794422484834,TRUE,1.10595359425162
GOBP_CHEMOKINE_C_X_C_MOTIF_LIGAND_2_PRODUCTION,-0.770213771062481,0.630746698912825,1.95449190006086,0.297412538723901,TRUE,1.10498289250913
GOBP_MEIOTIC_CELL_CYCLE,1.01752115852454,0.506546111642842,-1.20324545098525,0.581659881237586,TRUE,1.10261717735944
GOBP_NEGATIVE_REGULATION_OF_ACTIN_FILAMENT_BUNDLE_ASSEMBLY,0.748823896361782,0.641467470104294,-2.08745963672464,0.256428412514109,TRUE,1.10224499097881
REACTOME_FGFR2_ALTERNATIVE_SPLICING,-1.13169907592592,0.451559768150529,1.06994610916721,0.641197087196111,TRUE,1.09995655179456
GOBP_POSITIVE_REGULATION_OF_AMINO_ACID_TRANSPORT,-1.15149347196022,0.442289771665608,1.05229212257969,0.647621817170422,TRUE,1.0996600692443
GOBP_RESPONSE_TO_LECTIN,0.709588344644238,0.661918559748152,-2.43854978162795,0.162875565025417,TRUE,1.09929516016944
KEGG_INTESTINAL_IMMUNE_NETWORK_FOR_IGA_PRODUCTION,-0.969233854953163,0.530973892016088,1.26560212908025,0.556210129195465,TRUE,1.09776685105232
REACTOME_NON_INTEGRIN_MEMBRANE_ECM_INTERACTIONS,4.94087559326217,5.80363353681357e-05,-0.617281280391712,0.826081087852501,TRUE,1.09745373575973
GOBP_REGULATION_OF_DNA_RECOMBINATION,-2.05773488903598,0.127408288167889,0.747339321877059,0.76932594420403,TRUE,1.09646025805097
GOBP_NEGATIVE_REGULATION_OF_CATION_CHANNEL_ACTIVITY,-1.25411265110321,0.400098396890652,0.969908214979372,0.679016604205585,TRUE,1.09385139444047
GOBP_MITOCHONDRIAL_RNA_PROCESSING,-1.08994659140548,0.46923571677435,1.09480283241968,0.628264262792259,TRUE,1.09236931470855
KEGG_GLYCOSAMINOGLYCAN_BIOSYNTHESIS_KERATAN_SULFATE,1.18322162430489,0.429031363064516,-1.01417454939364,0.663232698747818,TRUE,1.09219563775108
GOBP_NEGATIVE_REGULATION_OF_PROTEIN_BINDING,0.993273580132291,0.519235346332899,-1.21194843804839,0.579334350492302,TRUE,1.09176885961732
REACTOME_DEADENYLATION_OF_MRNA,-0.940275309042006,0.543686091849566,1.30087052837448,0.53898102883347,TRUE,1.09156344729532
GOBP_NEGATIVE_REGULATION_OF_CALCINEURIN_MEDIATED_SIGNALING,1.04520828904873,0.492955886947073,-1.14099685517748,0.608497663331097,TRUE,1.09100408436935
GOBP_RIBONUCLEOSIDE_CATABOLIC_PROCESS,-3.44969372819228,0.00711256922379333,0.64777777134451,0.813562624367576,TRUE,1.09073847875313
GOBP_RESPONSE_TO_AMYLOID_BETA,1.48984093164466,0.299034583218515,-0.860005551103694,0.722803692479933,TRUE,1.09051504503166
GOBP_POST_ANAL_TAIL_MORPHOGENESIS,1.32894773125827,0.366976286438846,-0.924309877300257,0.694425117320069,TRUE,1.09029656418522
REACTOME_REGULATION_OF_TP53_ACTIVITY_THROUGH_ACETYLATION,0.986244629829671,0.522941116885726,-1.21865987057962,0.576631896179233,TRUE,1.09020300219349
GOBP_CENTRAL_NERVOUS_SYSTEM_NEURON_DIFFERENTIATION,-2.10523329984273,0.118159013917156,0.734371628858797,0.775702813748655,TRUE,1.08890049591528
GOBP_MATING,-0.981174729253234,0.525533729263472,1.21922257349646,0.576631896179233,TRUE,1.0873221640064
GOBP_REGULATION_OF_GOLGI_ORGANIZATION,-2.24230134433235,0.0942229333973337,0.716195553585682,0.783187786878163,TRUE,1.0856365972465
REACTOME_HCMV_INFECTION,-1.66671818161525,0.23692454369533,0.804783530389049,0.744161026054853,TRUE,1.08545127510849
GOBP_REGULATION_OF_NEURON_DIFFERENTIATION,1.6028409137517,0.258008762641378,-0.820235197506334,0.740018657201796,TRUE,1.08515496261467
GOBP_HEMATOPOIETIC_STEM_CELL_HOMEOSTASIS,-1.2674091798941,0.393806207507926,0.948437038652262,0.685591606264776,TRUE,1.08496501181208
GOBP_POSITIVE_REGULATION_OF_FATTY_ACID_METABOLIC_PROCESS,-0.999876149551401,0.516642566058583,1.18515648369897,0.590947171481427,TRUE,1.08466087279807
GOBP_ACTIN_POLYMERIZATION_OR_DEPOLYMERIZATION,0.672229740931817,0.681300732739295,-2.78167226660605,0.0979822155713847,TRUE,1.08278858117969
GOBP_OSTEOCLAST_DEVELOPMENT,3.93829100721262,0.00179045629208747,-0.627386369948897,0.821273806534233,TRUE,1.08234984415549
REACTOME_SYNTHESIS_OF_BILE_ACIDS_AND_BILE_SALTS_VIA_27_HYDROXYCHOLESTEROL,0.767876358772001,0.631212906480017,-1.82274122529554,0.336643919781943,TRUE,1.08054535232944
GOBP_RESPONSE_TO_THYROID_HORMONE,0.808991670562757,0.609951643848217,-1.61448505878462,0.411193440396687,TRUE,1.07787704250538
GOBP_RESPONSE_TO_X_RAY,0.971492552513631,0.530646583808558,-1.20518188313806,0.581659881237586,TRUE,1.0757926906441
GOBP_CHONDROITIN_SULFATE_PROTEOGLYCAN_METABOLIC_PROCESS,2.35695041852077,0.076203987630441,-0.696183137056424,0.791416177991898,TRUE,1.07487543953316
GOBP_REGULATION_OF_DEFENSE_RESPONSE_TO_VIRUS,-0.749461519485419,0.641438808298681,1.89561101401232,0.314290150748904,TRUE,1.07421440654129
REACTOME_FCERI_MEDIATED_CA_2_MOBILIZATION,1.02754385990359,0.501486622260189,-1.12174469172221,0.61660746965924,TRUE,1.07257991904968
REACTOME_DNA_REPLICATION_PRE_INITIATION,-0.731680112620579,0.649377892499588,1.99518412756163,0.287908780347604,TRUE,1.07070717026642
GOBP_REGULATION_OF_MUSCLE_HYPERTROPHY,0.863415873078353,0.584531078677627,-1.4039153270274,0.498805038085304,TRUE,1.06924191556744
GOBP_IMP_METABOLIC_PROCESS,-0.792885979134365,0.619157694140046,1.63730241820135,0.405322169211031,TRUE,1.06838970379242
GOBP_POSITIVE_REGULATION_OF_G_PROTEIN_COUPLED_RECEPTOR_SIGNALING_PATHWAY,1.23139150732539,0.408803003347022,-0.943240510558153,0.687853775964334,TRUE,1.06822519351757
REACTOME_DISASSEMBLY_OF_THE_DESTRUCTION_COMPLEX_AND_RECRUITMENT_OF_AXIN_TO_THE_MEMBRANE,1.35076300899217,0.357219677444792,-0.881467258707465,0.715634447989624,TRUE,1.06678364139088
GOBP_REGULATION_OF_MITOCHONDRIAL_FISSION,-0.837695503378927,0.597402207366218,1.46825964805669,0.47154823595566,TRUE,1.06676359616455
GOBP_POSITIVE_REGULATION_OF_REACTIVE_OXYGEN_SPECIES_BIOSYNTHETIC_PROCESS,3.30053813352935,0.0102237949198562,-0.63608886320042,0.81716373073197,TRUE,1.06661644654185
KEGG_CHRONIC_MYELOID_LEUKEMIA,0.629850140266723,0.70325555596463,-3.45771093825375,0.0336975456234852,TRUE,1.06559372575746
KEGG_GLYCOSAMINOGLYCAN_BIOSYNTHESIS_CHONDROITIN_SULFATE,1.2074543776953,0.417854205449779,-0.951619774658365,0.685591606264776,TRUE,1.06437980516793
GOBP_RELEASE_OF_CYTOCHROME_C_FROM_MITOCHONDRIA,1.30001145602322,0.378735248234459,-0.901000643550102,0.7034668277852,TRUE,1.06433868194227
GOBP_AXIS_ELONGATION,-1.39128767669218,0.340922807300315,0.861553555445972,0.722278382065464,TRUE,1.0641396538758
GOBP_REGULATION_OF_CELLULAR_RESPONSE_TO_TRANSFORMING_GROWTH_FACTOR_BETA_STIMULUS,0.799579602824701,0.615259654081596,-1.5887668938768,0.421175530368541,TRUE,1.06378668567689
REACTOME_RAS_PROCESSING,1.444176465197,0.317676941316755,-0.841292613001107,0.730488718145235,TRUE,1.06321717815425
GOBP_CELLULAR_COMPONENT_ASSEMBLY_INVOLVED_IN_MORPHOGENESIS,1.01828305172544,0.506274785686959,-1.11114390308486,0.620509257511748,TRUE,1.06268872194319
GOBP_NEGATIVE_REGULATION_OF_SMOOTH_MUSCLE_CELL_PROLIFERATION,-1.04156327978731,0.494327586769624,1.08334064735094,0.633828004520543,TRUE,1.06204127478027
REACTOME_AQUAPORIN_MEDIATED_TRANSPORT,2.34833895285509,0.0773061351530733,-0.68581957680092,0.796484775814461,TRUE,1.06160361173665
GOBP_REGULATION_OF_BIOMINERALIZATION,3.37978867090311,0.00837481201821441,-0.629435750734017,0.820736693603524,TRUE,1.0612325954672
GOBP_CELLULAR_RESPONSE_TO_INTERLEUKIN_1,-1.3108523092697,0.374362393313147,0.887163448121804,0.712529368528361,TRUE,1.05817280950729
REACTOME_RNA_POLYMERASE_I_TRANSCRIPTION_INITIATION,-1.85975730853814,0.176745450119671,0.737107651381867,0.77461176618762,TRUE,1.05576636674942
GOBP_EPITHELIAL_CELL_DIFFERENTIATION_INVOLVED_IN_KIDNEY_DEVELOPMENT,1.16893268858888,0.433579695178299,-0.959078310875265,0.683286993899101,TRUE,1.05365807674961
REACTOME_NRIF_SIGNALS_CELL_DEATH_FROM_THE_NUCLEUS,0.751431098266916,0.640500808561813,-1.75994577154071,0.35831825640612,TRUE,1.05318958687419
GOBP_POSITIVE_REGULATION_OF_STEM_CELL_PROLIFERATION,0.869184138031672,0.581126232446709,-1.33085442712385,0.523506895582706,TRUE,1.05157934629524
GOBP_STRIATED_MUSCLE_CELL_DEVELOPMENT,0.690653795746201,0.672044005781919,-2.19331489464264,0.223164511107693,TRUE,1.05051158308336
GOBP_ONE_CARBON_METABOLIC_PROCESS,-1.40159802918813,0.337335574177573,0.838679100712177,0.730488718145235,TRUE,1.04941568075711
GOBP_POSITIVE_REGULATION_OF_EMBRYONIC_DEVELOPMENT,0.861676054456582,0.585430327130747,-1.33602274314605,0.521261061981402,TRUE,1.0476584027203
GOBP_PSEUDOURIDINE_SYNTHESIS,1.11954449223936,0.455700881620804,-0.983879006515664,0.675980989832083,TRUE,1.04733670934693
REACTOME_CELL_JUNCTION_ORGANIZATION,2.97832014091213,0.0213425369048671,-0.63493041884175,0.817828309262995,TRUE,1.04671736611754
GOBP_MORPHOGENESIS_OF_A_POLARIZED_EPITHELIUM,1.78361697258429,0.200694940741629,-0.740686187853208,0.772841470319709,TRUE,1.04670506832846
GOBP_POSITIVE_REGULATION_OF_MONOOXYGENASE_ACTIVITY,0.993441101819698,0.519235346332899,-1.10543819931178,0.621899980085959,TRUE,1.04645154404625
GOBP_NEGATIVE_REGULATION_OF_ADAPTIVE_IMMUNE_RESPONSE,0.672173119571345,0.681300732739295,-2.35733946221134,0.180596787144469,TRUE,1.04606941045997
REACTOME_BRANCHED_CHAIN_AMINO_ACID_CATABOLISM,-5.02259254427491,4.37481520947499e-05,0.583773979847737,0.83807951501558,TRUE,1.04597472395324
GOBP_CARDIAC_NEURAL_CREST_CELL_DIFFERENTIATION_INVOLVED_IN_HEART_DEVELOPMENT,1.12827256940987,0.452729186054543,-0.974622374135021,0.677677936436345,TRUE,1.04583416650951
GOBP_RNA_LOCALIZATION,-2.59129645106752,0.0485683832613706,0.65473090266205,0.810130555454704,TRUE,1.04534046056209
GOBP_DOPAMINE_METABOLIC_PROCESS,-0.917513651444508,0.556325362532231,1.2139897779768,0.578849104614577,TRUE,1.04513291288507
GOBP_URETER_DEVELOPMENT,-2.69014195957594,0.0397138197469231,0.648200985420862,0.813535733512804,TRUE,1.04468156678301
GOBP_REGULATION_OF_INOSITOL_PHOSPHATE_BIOSYNTHETIC_PROCESS,1.09797434718658,0.465815418178948,-0.995325144732622,0.67238145901751,TRUE,1.04413293964376
KEGG_LINOLEIC_ACID_METABOLISM,-0.782043145849524,0.624131848490738,1.5655141307645,0.430919229129695,TRUE,1.04304129904835
GOBP_NEGATIVE_REGULATION_OF_GLUCONEOGENESIS,-1.35183539295254,0.356830703814569,0.848710407329514,0.728536548049774,TRUE,1.04275654417022
GOBP_GLUTATHIONE_METABOLIC_PROCESS,0.769214012324121,0.630972133625292,-1.61714419236077,0.410534963288858,TRUE,1.04253415959968
GOBP_CHAPERONE_COFACTOR_DEPENDENT_PROTEIN_REFOLDING,-0.91384419128466,0.558369939912764,1.2108288135262,0.57968821053336,TRUE,1.04158039884308
GOBP_BIOMINERALIZATION,3.66340478349767,0.00390703544727261,-0.606253271666255,0.829028577906175,TRUE,1.04034145439218
GOBP_REGULATION_OF_MRNA_CATABOLIC_PROCESS,-3.51139695419428,0.00602417106998179,0.610159072009462,0.827477883741706,TRUE,1.03966108596197
GOBP_ACTIN_FILAMENT_DEPOLYMERIZATION,0.63599448636755,0.701933497954421,-2.80551705284722,0.096442914346935,TRUE,1.0369242448788
REACTOME_EGR2_AND_SOX10_MEDIATED_INITIATION_OF_SCHWANN_CELL_MYELINATION,2.54028617700183,0.0544191312668796,-0.650552900569875,0.812139089403814,TRUE,1.03583446269171
GOBP_NEGATIVE_REGULATION_OF_CELL_MIGRATION_INVOLVED_IN_SPROUTING_ANGIOGENESIS,-1.08991880771875,0.46923571677435,0.98177911510311,0.676007884135415,TRUE,1.03302659213832
KEGG_ECM_RECEPTOR_INTERACTION,5.10845927616991,3.07891607771315e-05,-0.574310852532086,0.839563810561272,TRUE,1.03253995343032
GOBP_FOAM_CELL_DIFFERENTIATION,1.18144672755915,0.429551262366468,-0.914965559541853,0.699934146711686,TRUE,1.03126953872692
GOBP_GLYCOSPHINGOLIPID_METABOLIC_PROCESS,2.3475624199343,0.0774058411518998,-0.660124037915431,0.806886413471614,TRUE,1.0304813388118
GOBP_REGULATION_OF_LEUKOCYTE_MIGRATION,0.773274125064472,0.62963136456136,-1.53785795915355,0.441950123325006,TRUE,1.02909372939648
GOBP_VENTRICULAR_SEPTUM_DEVELOPMENT,-0.70912340191726,0.662061889684651,1.86554615021323,0.321867520979512,TRUE,1.0276289097979
GOBP_SNRNA_METABOLIC_PROCESS,-5.48227374292823,6.97430118342645e-06,0.566847908909316,0.842507992043697,TRUE,1.02746004663448
GOBP_GLIAL_CELL_DEVELOPMENT,1.09856973733139,0.46565818536613,-0.963354702566292,0.680544452463917,TRUE,1.02652871470666
GOBP_POSITIVE_REGULATION_OF_INTERLEUKIN_4_PRODUCTION,-1.15148141429906,0.442289771665608,0.925219874931753,0.693763816720807,TRUE,1.026024778478
GOBP_PLACENTA_DEVELOPMENT,-1.65289902223429,0.241263192903331,0.743653368519295,0.770967080801295,TRUE,1.02579349439573
GOBP_POSITIVE_REGULATION_OF_REGULATORY_T_CELL_DIFFERENTIATION,-3.36286123170635,0.00882643060478997,0.605190749039897,0.829202730117229,TRUE,1.02577915693073
GOBP_REGULATION_OF_DNA_DAMAGE_RESPONSE_SIGNAL_TRANSDUCTION_BY_P53_CLASS_MEDIATOR,2.46375317646468,0.0623735594911376,-0.647030973097572,0.813562624367576,TRUE,1.02490210737669
GOBP_CELLULAR_MODIFIED_AMINO_ACID_METABOLIC_PROCESS,1.12857498387983,0.452659769641778,-0.937554527107036,0.690092370223713,TRUE,1.02423452130152
GOBP_T_CELL_ACTIVATION_INVOLVED_IN_IMMUNE_RESPONSE,-1.26112866375704,0.396284658861627,0.861892406827747,0.722278382065464,TRUE,1.02397214458697
GOBP_PYROPTOSIS,-1.05591692010356,0.486806622947883,0.992946009844405,0.67238145901751,TRUE,1.02346377321655
GOBP_T_HELPER_17_TYPE_IMMUNE_RESPONSE,-1.32178110398977,0.36991364940279,0.834685781759206,0.732712764725658,TRUE,1.02322173494917
GOBP_RESPONSE_TO_CADMIUM_ION,1.67666868245625,0.234770543333607,-0.735486852804889,0.775667638407505,TRUE,1.0224612421792
GOBP_REGULATION_OF_MEMBRANE_PROTEIN_ECTODOMAIN_PROTEOLYSIS,0.69955356224934,0.66698166829738,-1.88853964512201,0.316869019442748,TRUE,1.02093281063555
REACTOME_COOPERATION_OF_PDCL_PHLP1_AND_TRIC_CCT_IN_G_PROTEIN_BETA_FOLDING,3.35472683154229,0.00901000050506993,-0.601826022491702,0.8311298610643,TRUE,1.02056612412737
GOBP_APOPTOTIC_DNA_FRAGMENTATION,2.35632281481654,0.0762716097817085,-0.651174432029408,0.812139089403814,TRUE,1.02036812982971
GOBP_MITOTIC_NUCLEAR_DIVISION,0.815239224645022,0.608170315994621,-1.36234439028053,0.514336402052169,TRUE,1.020063318643
GOBP_MAMMARY_GLAND_MORPHOGENESIS,-0.88892462176007,0.57200785703304,1.19592907303137,0.585696697610396,TRUE,1.01982292719358
GOBP_EMBRYONIC_DIGESTIVE_TRACT_MORPHOGENESIS,2.41644538851061,0.0680435448361587,-0.646206030518245,0.813562624367576,TRUE,1.01971877881467
GOBP_MITOCHONDRIAL_GENOME_MAINTENANCE,-3.28237665370817,0.0106643361905353,0.602857492581695,0.830610227179675,TRUE,1.01862862553745
GOBP_REGULATION_OF_DENDRITE_MORPHOGENESIS,0.743264302718914,0.64372589572822,-1.61610852183735,0.410534963288858,TRUE,1.01823311780108
GOBP_DNA_METHYLATION_OR_DEMETHYLATION,-2.66370696435602,0.0421993332993638,0.629197846573361,0.820736693603524,TRUE,1.01794542029427
GOBP_REGULATION_OF_MEMBRANE_DEPOLARIZATION,2.22734212591001,0.096868522400545,-0.659652561893299,0.807116879875009,TRUE,1.01785565853421
GOBP_METANEPHROS_MORPHOGENESIS,1.27238242372398,0.391349563775666,-0.847625515624972,0.729028158138777,TRUE,1.01745261228823
GOBP_ESTABLISHMENT_OF_SPINDLE_ORIENTATION,0.986101439498332,0.522941116885726,-1.05084244126151,0.647977552161087,TRUE,1.01744309580819
GOBP_CELL_JUNCTION_DISASSEMBLY,0.680078430645654,0.67751014329538,-1.99568427700964,0.287908780347604,TRUE,1.01445604820633
GOBP_NUCLEAR_MEMBRANE_ORGANIZATION,1.03945072575155,0.494998871435888,-0.990167104239043,0.672511183916141,TRUE,1.01421055718786
GOBP_NUCLEAR_TRANSCRIBED_MRNA_POLY_A_TAIL_SHORTENING,-3.57562343569139,0.00502522655228101,0.590659695165936,0.834112836105565,TRUE,1.01384211404713
GOBP_REGULATION_OF_SYSTEMIC_ARTERIAL_BLOOD_PRESSURE_MEDIATED_BY_A_CHEMICAL_SIGNAL,2.16903488889684,0.107184845272324,-0.660633757569429,0.806886413471614,TRUE,1.01279538206043
KEGG_GLYCOSPHINGOLIPID_BIOSYNTHESIS_GANGLIO_SERIES,1.6456869173493,0.243033369394184,-0.727999568567128,0.778345248921263,TRUE,1.00945038271498
REACTOME_NUCLEAR_EVENTS_STIMULATED_BY_ALK_SIGNALING_IN_CANCER,0.624983360175827,0.705685707587206,-2.61587184175729,0.123932475969545,TRUE,1.00891664180222
GOBP_CELLULAR_RESPONSE_TO_VIRUS,-0.723915640970379,0.653010582910666,1.66398432525795,0.395691037709846,TRUE,1.00890681889527
GOBP_REGULATION_OF_SODIUM_ION_TRANSMEMBRANE_TRANSPORT,-2.09502971178158,0.120148929727812,0.664151794859484,0.805280867621464,TRUE,1.00857282495891
REACTOME_SLC_MEDIATED_TRANSMEMBRANE_TRANSPORT,0.945462824305906,0.540928333389074,-1.0786123281449,0.636338625446675,TRUE,1.00765809694789
GOBP_ESTABLISHMENT_OR_MAINTENANCE_OF_CELL_POLARITY,0.619878984147088,0.708417526697788,-2.68554280963693,0.111638014331363,TRUE,1.00726119241533
GOBP_NEGATIVE_REGULATION_OF_T_CELL_PROLIFERATION,-1.27296340323437,0.391245047210466,0.832714113468548,0.733024622817682,TRUE,1.00681570030913
GOBP_LONG_CHAIN_FATTY_ACYL_COA_METABOLIC_PROCESS,2.35791861380025,0.0761891211728521,-0.639747468284683,0.815664868340465,TRUE,1.00643128506886
GOBP_POSITIVE_REGULATION_OF_VIRAL_PROCESS,-0.836780123053581,0.597617613030598,1.26001958314542,0.558727387194428,TRUE,1.00568436624369
GOBP_LABYRINTHINE_LAYER_BLOOD_VESSEL_DEVELOPMENT,2.30209491229337,0.0842188601202675,-0.643046480364539,0.814496607641144,TRUE,1.00528554215143
GOBP_RESPONSE_TO_PLATELET_DERIVED_GROWTH_FACTOR,1.01955810914758,0.505442517797826,-0.990904561245651,0.67238145901751,TRUE,1.00502714692208
GOBP_REGULATION_OF_TOR_SIGNALING,-4.0340943838755,0.00133129056618213,0.573127451293521,0.840181157006206,TRUE,1.00366351576959
GOBP_NEGATIVE_REGULATION_OF_PROTEIN_KINASE_B_SIGNALING,-1.52410596508184,0.285766681938749,0.748139878737097,0.769102817284809,TRUE,1.00362771484481
GOBP_RETINAL_GANGLION_CELL_AXON_GUIDANCE,-1.80502635311489,0.193415594443266,0.694452235647604,0.792427806720209,TRUE,1.00301286192981
REACTOME_PHASE_I_FUNCTIONALIZATION_OF_COMPOUNDS,-1.76826521481485,0.205353718947791,0.698109866964728,0.790641626884788,TRUE,1.00101837955811
GOBP_REGULATION_OF_AEROBIC_RESPIRATION,-1.22524463351124,0.411776310266957,0.842109539850009,0.730488718145235,TRUE,0.998174582589579
GOBP_STEROID_BIOSYNTHETIC_PROCESS,0.79281920305099,0.619157694140046,-1.34348693066177,0.519127702405832,TRUE,0.997181275537075
GOBP_PURINE_NUCLEOSIDE_MONOPHOSPHATE_BIOSYNTHETIC_PROCESS,-0.757431721029647,0.637293487756994,1.45613627298965,0.477190323372686,TRUE,0.996512242934637
GOBP_MAINTENANCE_OF_LOCATION_IN_CELL,0.614685986663053,0.710679947017901,-2.62506394297278,0.122086421220707,TRUE,0.996120104875628
GOBP_AMYLOID_BETA_FORMATION,0.635879349398879,0.701933497954421,-2.28817287717141,0.200637215049039,TRUE,0.995195548989584
GOBP_SULFUR_AMINO_ACID_BIOSYNTHETIC_PROCESS,-0.950427044889634,0.539880323857496,1.04273892982794,0.651012341520366,TRUE,0.994445311869401
GOBP_POSITIVE_REGULATION_OF_LYMPHOCYTE_MEDIATED_IMMUNITY,-2.26506361341083,0.0899975377031575,0.636469742958266,0.81716373073197,TRUE,0.993712136823924
GOBP_DORSAL_VENTRAL_PATTERN_FORMATION,-1.21924556224107,0.414358712903892,0.838162455563167,0.730488718145235,TRUE,0.993410976859239
KEGG_HUNTINGTONS_DISEASE,0.870480304808898,0.580737605817224,-1.15648687454278,0.601831385959017,TRUE,0.993305720304242
GOBP_POSITIVE_REGULATION_OF_LEUKOCYTE_MIGRATION,0.776555976392826,0.627713920811718,-1.37664259660546,0.507350069717677,TRUE,0.992978584657236
GOBP_RESPONSE_TO_TESTOSTERONE,0.964942213237389,0.532525586284347,-1.02211927770691,0.660440749610967,TRUE,0.992708119520148
REACTOME_FRS_MEDIATED_FGFR1_SIGNALING,4.29728543505845,0.000546180935227034,-0.561071315933568,0.844808464220615,TRUE,0.99255106924706
REACTOME_PROCESSIVE_SYNTHESIS_ON_THE_LAGGING_STRAND,-4.14761541736458,0.000937922986834729,0.562589529378361,0.844488994974907,TRUE,0.990787038814988
REACTOME_RHO_GTPASES_ACTIVATE_NADPH_OXIDASES,2.29521173698354,0.0849858604620877,-0.629391723576651,0.820736693603524,TRUE,0.987885906991799
GOBP_MRNA_MODIFICATION,1.24564738882094,0.403151195742097,-0.817993618536461,0.74101322527592,TRUE,0.987508594149261
GOBP_POSITIVE_REGULATION_OF_CELL_GROWTH,2.53348358791683,0.0550125531475056,-0.613008221233865,0.826884222807897,TRUE,0.987160534305212
KEGG_CELL_CYCLE,0.72637353350005,0.651776921101015,-1.5391326389089,0.441453175377322,TRUE,0.986962849243304
GOBP_NEGATIVE_REGULATION_OF_PROTEASOMAL_PROTEIN_CATABOLIC_PROCESS,-3.4983782226355,0.00626033875711134,0.574380369686436,0.839563810561272,TRUE,0.986751230779318
GOBP_NEGATIVE_REGULATION_OF_RECEPTOR_SIGNALING_PATHWAY_VIA_STAT,0.683782693015168,0.675208262035441,-1.76961843673565,0.354697192505237,TRUE,0.986413877133326
GOBP_CARDIAC_CONDUCTION_SYSTEM_DEVELOPMENT,2.83444727128612,0.0288954784638747,-0.59659200421573,0.832744988827932,TRUE,0.985712166278279
REACTOME_METABOLISM_OF_FAT_SOLUBLE_VITAMINS,3.01886097032952,0.0196139524525931,-0.588848043018072,0.835311222590214,TRUE,0.985473256266139
GOBP_CERAMIDE_METABOLIC_PROCESS,3.29348403018663,0.0103770662796149,-0.579409329870473,0.839152602759288,TRUE,0.985452062558936
REACTOME_SUMOYLATION_OF_RNA_BINDING_PROTEINS,-2.67492931711096,0.0411617156752528,0.603852785711993,0.830252791898785,TRUE,0.985282625722172
REACTOME_AMINO_ACID_TRANSPORT_ACROSS_THE_PLASMA_MEMBRANE,-0.906845127297916,0.562098657060321,1.07633427050253,0.636976546786121,TRUE,0.984347144420257
GOBP_RESPONSE_TO_AMPHETAMINE,0.624754716641727,0.705685707587206,-2.31289850057716,0.194270327393161,TRUE,0.983774557786063
GOBP_NEGATIVE_REGULATION_OF_INFLAMMATORY_RESPONSE,1.28413826061929,0.386114070901257,-0.797140415865559,0.745180363233455,TRUE,0.983663090065189
GOBP_NEGATIVE_REGULATION_OF_UBIQUITIN_DEPENDENT_PROTEIN_CATABOLIC_PROCESS,-3.12150796469158,0.0154407680660891,0.582846504856389,0.838770113560849,TRUE,0.982281810263087
REACTOME_TRNA_PROCESSING,-0.802284454313589,0.614061538870861,1.25646436336118,0.560980227159493,TRUE,0.979276167611567
GOBP_NEGATIVE_REGULATION_OF_TRANSPORTER_ACTIVITY,-1.7734022968679,0.203824579860654,0.674927934878138,0.80105177544763,TRUE,0.977742899559436
GOBP_TAIL_ANCHORED_MEMBRANE_PROTEIN_INSERTION_INTO_ER_MEMBRANE,-1.20783720479801,0.417854205449779,0.820549109676047,0.740018657201796,TRUE,0.977219907232113
REACTOME_GOLGI_ASSOCIATED_VESICLE_BIOGENESIS,0.972867010369989,0.530236236571741,-0.981279912470668,0.676007884135415,TRUE,0.977055352003649
GOBP_NEGATIVE_REGULATION_OF_ACTIN_FILAMENT_POLYMERIZATION,0.576776529865425,0.73017685808483,-3.17904561741135,0.0530027182297964,TRUE,0.976403475773681
GOBP_CALCIUM_ION_REGULATED_EXOCYTOSIS,3.44798200084709,0.00711777643339824,-0.56843614523486,0.841581463460124,TRUE,0.97597288236169
GOBP_REGULATION_OF_GLUTAMATE_SECRETION,-0.864957998966692,0.583657541747589,1.11377130848953,0.62036030822513,TRUE,0.97372126512452
GOBP_EMBRYONIC_DIGESTIVE_TRACT_DEVELOPMENT,2.96420314037339,0.0220386255201757,-0.582271316780975,0.838900848876021,TRUE,0.973344365850252
GOBP_NEGATIVE_REGULATION_OF_CELLULAR_AMIDE_METABOLIC_PROCESS,-2.14439354598436,0.111259310249551,0.629135867088079,0.820736693603524,TRUE,0.972850611623
GOBP_INTRACELLULAR_PROTEIN_TRANSMEMBRANE_TRANSPORT,-1.77472439205585,0.20334508381842,0.669375387601401,0.803735665135456,TRUE,0.972101742903998
GOBP_SPINDLE_ASSEMBLY,0.685904026677482,0.674452797740558,-1.66750068003036,0.394565919073753,TRUE,0.971992133490919
REACTOME_RAC2_GTPASE_CYCLE,0.623649095473066,0.706407351581965,-2.19148137213953,0.223164511107693,TRUE,0.970978355145259
REACTOME_TIE2_SIGNALING,1.03988871539078,0.494980147664305,-0.909738847291243,0.699975937031591,TRUE,0.970469621335645
GOBP_NEGATIVE_REGULATION_OF_AUTOPHAGOSOME_ASSEMBLY,-1.62289450659474,0.250756900348546,0.692085441377922,0.792834401265841,TRUE,0.970359731962299
GOBP_LONG_CHAIN_FATTY_ACYL_COA_BIOSYNTHETIC_PROCESS,2.99157189769068,0.0206813328426296,-0.577578891883495,0.839269613799489,TRUE,0.968224030604285
GOBP_NEUROMUSCULAR_SYNAPTIC_TRANSMISSION,-0.722791379806418,0.653441848234921,1.46025821678945,0.476331223452325,TRUE,0.96696112908542
KEGG_SELENOAMINO_ACID_METABOLISM,-2.43446283911818,0.0658591153745294,0.60263116411995,0.830610227179675,TRUE,0.966109822863798
GOBP_RRNA_METABOLIC_PROCESS,-2.16691364210618,0.107685457947395,0.621615982946792,0.822929716199511,TRUE,0.966092051880609
GOBP_SODIUM_ION_TRANSMEMBRANE_TRANSPORT,-1.39697617727706,0.339061587119849,0.737239536106109,0.77461176618762,TRUE,0.965137743508047
REACTOME_SUMOYLATION_OF_INTRACELLULAR_RECEPTORS,-4.12269720931402,0.00102016069887764,0.544906964248689,0.851374847774066,TRUE,0.962586516469384
GOBP_ALTERNATIVE_MRNA_SPLICING_VIA_SPLICEOSOME,-3.39847072620832,0.00811431084636337,0.560668608220552,0.844808464220615,TRUE,0.962540436792369
GOBP_REGULATION_OF_MONOCYTE_DIFFERENTIATION,0.745322717515229,0.642324583000301,-1.35560945731032,0.514336402052169,TRUE,0.961826884959548
GOBP_RRNA_MODIFICATION,-2.588977649601,0.0487364454851206,0.590618624684622,0.834112836105565,TRUE,0.961819229134755
REACTOME_HSP90_CHAPERONE_CYCLE_FOR_STEROID_HORMONE_RECEPTORS_SHR_IN_THE_PRESENCE_OF_LIGAND,0.564048850436125,0.735763434856141,-3.2068991727032,0.0509476043392253,TRUE,0.959359705160788
GOBP_ENDOCYTIC_RECYCLING,0.94951695666438,0.539908136308763,-0.967562003408391,0.679290261734771,TRUE,0.958454552988837
GOBP_REGULATION_OF_PEPTIDYL_SERINE_PHOSPHORYLATION,-0.768783250774406,0.631060301875547,1.27147801331599,0.55316253860125,TRUE,0.958201792652319
GOBP_REGULATION_OF_DENDRITE_EXTENSION,2.37339634215173,0.0739387814215345,-0.600075517969491,0.831943342473254,TRUE,0.957948893658293
REACTOME_MITOCHONDRIAL_TRANSLATION,-0.986939167061932,0.522838108867415,0.929524008721532,0.692824765144773,TRUE,0.957371539953189
GOBP_MUSCLE_CELL_MIGRATION,1.57723617857561,0.267210490272766,-0.685782097497868,0.796484775814461,TRUE,0.955927175868714
REACTOME_APOPTOSIS,1.66799848043711,0.23692454369533,-0.668700494920985,0.803735665135456,TRUE,0.954672742324299
REACTOME_TRANSLATION_OF_SARS_COV_1_STRUCTURAL_PROTEINS,1.00098963051469,0.516255395411812,-0.911768626450656,0.699975937031591,TRUE,0.954298262399044
GOBP_REGULATION_OF_CELL_GROWTH_INVOLVED_IN_CARDIAC_MUSCLE_CELL_DEVELOPMENT,0.829827156666822,0.600622895162497,-1.12187677009323,0.61660746965924,TRUE,0.954001062858421
GOBP_MEMBRANE_DOCKING,1.03133369963599,0.498711425690891,-0.88730989263871,0.712529368528361,TRUE,0.953916191608839
REACTOME_RET_SIGNALING,0.700578118342661,0.666456925763958,-1.49203592097199,0.46030544711996,TRUE,0.953462578704407
GOBP_MAMMARY_GLAND_ALVEOLUS_DEVELOPMENT,-1.81453639990486,0.190302498144156,0.646354654648774,0.813562624367576,TRUE,0.953178358658278
GOBP_NEURAL_CREST_FORMATION,-1.65939967551908,0.239288632742674,0.668564625171157,0.803735665135456,TRUE,0.953121078139913
GOBP_MITOCHONDRIAL_FUSION,-1.96844552693079,0.148386198354212,0.628298598148294,0.821091033375432,TRUE,0.952555589252929
GOBP_POSITIVE_REGULATION_OF_HEART_GROWTH,-2.38251588723024,0.0728691142213906,0.595202191968248,0.832971121261343,TRUE,0.952459998402749
REACTOME_INTERLEUKIN_12_FAMILY_SIGNALING,0.836208939114177,0.597879406570152,-1.10516088837159,0.621899980085959,TRUE,0.952054988113761
KEGG_CELL_ADHESION_MOLECULES_CAMS,-0.955228879236254,0.537481443753339,0.94839325758831,0.685591606264776,TRUE,0.951798795566109
GOBP_MEIOSIS_I_CELL_CYCLE_PROCESS,1.03321075826961,0.498059250351288,-0.881527066387765,0.715634447989624,TRUE,0.951360794118815
GOBP_ESTABLISHMENT_OF_EPITHELIAL_CELL_POLARITY,0.552994799073329,0.742124847589725,-3.39763288787855,0.037053779920597,TRUE,0.9511771116083
GOBP_INTERLEUKIN_8_PRODUCTION,0.590535553497626,0.724347921425744,-2.43572840262333,0.162905259719097,TRUE,0.950600635812857
GOBP_POSITIVE_REGULATION_OF_ANTIGEN_RECEPTOR_MEDIATED_SIGNALING_PATHWAY,1.1790880530069,0.430347376218762,-0.795544049375734,0.745454524327783,TRUE,0.950067086550276
GOBP_SODIUM_ION_TRANSPORT,-1.21341777981501,0.416081612621721,0.780051592810197,0.752582208435019,TRUE,0.94962930947108
GOBP_TRNA_MODIFICATION,-1.14739780547996,0.443289105138257,0.808908220007441,0.743602821200703,TRUE,0.948869455370611
REACTOME_RECRUITMENT_OF_NUMA_TO_MITOTIC_CENTROSOMES,0.572374964896168,0.731967821002697,-2.76238573605393,0.098940779080279,TRUE,0.948266205879822
REACTOME_SIGNALING_BY_TGFB_FAMILY_MEMBERS,0.63358080198039,0.702805294832691,-1.88278292828519,0.317756488624444,TRUE,0.948110245995334
GOBP_POSITIVE_REGULATION_OF_APOPTOTIC_SIGNALING_PATHWAY,0.568866234088075,0.733937972330509,-2.78844703527534,0.0979822155713847,TRUE,0.944954037138102
GOBP_TOLL_LIKE_RECEPTOR_9_SIGNALING_PATHWAY,1.25171160886749,0.401034300243032,-0.758450603520889,0.765245685432218,TRUE,0.944562005323605
REACTOME_SUMOYLATION_OF_UBIQUITINYLATION_PROTEINS,-1.62169829282116,0.251146581112632,0.666280901319321,0.804111976213494,TRUE,0.944507365255826
REACTOME_TRANSPORT_OF_THE_SLBP_DEPENDANT_MATURE_MRNA,-1.67198275810878,0.235965825359531,0.657948412359786,0.807833129943262,TRUE,0.94430120094009
REACTOME_MITOTIC_G2_G2_M_PHASES,0.767730955711892,0.631212906480017,-1.22117214398555,0.576566043881162,TRUE,0.942762528082326
REACTOME_INSULIN_PROCESSING,2.02968080978889,0.133411328932555,-0.612466622766716,0.826884222807897,TRUE,0.940985908317326
GOBP_PYRIMIDINE_CONTAINING_COMPOUND_BIOSYNTHETIC_PROCESS,-1.34252732460386,0.361447464905634,0.724123290756433,0.779826195917799,TRUE,0.940802762689613
GOBP_GLIAL_CELL_MIGRATION,0.707944188267691,0.662263048891628,-1.39954933257556,0.500368377665618,TRUE,0.940266535950585
GOBP_REGULATION_OF_PHOSPHOLIPID_METABOLIC_PROCESS,-0.776969805388163,0.627550107583322,1.18355959479283,0.591008320082414,TRUE,0.938103828431834
GOBP_CELL_CELL_SIGNALING_INVOLVED_IN_CARDIAC_CONDUCTION,1.67760494659851,0.234654363535959,-0.650581473762057,0.812139089403814,TRUE,0.937569851798679
REACTOME_ADORA2B_MEDIATED_ANTI_INFLAMMATORY_CYTOKINES_PRODUCTION,1.33601589230898,0.364007189317449,-0.722042635210233,0.780387014471698,TRUE,0.937447038232028
REACTOME_PEROXISOMAL_PROTEIN_IMPORT,-0.940731979547893,0.543484669375324,0.932632692069295,0.691718905862503,TRUE,0.936664827616341
REACTOME_FANCONI_ANEMIA_PATHWAY,-1.02466441866676,0.503137853342378,0.86162295535638,0.722278382065464,TRUE,0.936097433316491
GOBP_REGULATION_OF_SODIUM_ION_TRANSPORT,-1.82061431403095,0.18848976634927,0.629517902987284,0.820736693603524,TRUE,0.93554894479302
GOBP_POSITIVE_REGULATION_OF_PHOSPHOLIPASE_ACTIVITY,-0.823387658921449,0.604838868862092,1.08197658151063,0.634454136279655,TRUE,0.935134758544481
GOBP_REGULATION_OF_RECEPTOR_INTERNALIZATION,-1.93317201972201,0.157397779967745,0.616344505871305,0.826184488747091,TRUE,0.934686981864151
GOBP_GASTRIC_ACID_SECRETION,-1.5859238691341,0.263661958647632,0.662543014236587,0.806354180098226,TRUE,0.934630426071194
GOBP_DENDRITE_MORPHOGENESIS,1.12052859888573,0.455583114698377,-0.801454759977087,0.744161026054853,TRUE,0.934506508733538
GOBP_POSITIVE_CHEMOTAXIS,0.812035678797822,0.609484431945523,-1.09842805325807,0.626028019934194,TRUE,0.93376571862804
GOBP_MEGAKARYOCYTE_DIFFERENTIATION,-2.9311252437549,0.023627794721593,0.555032841704688,0.847274894314067,TRUE,0.933331612366714
GOBP_PROTEIN_DEPOLYMERIZATION,0.584890378852014,0.726899604249693,-2.30344512420972,0.197140055226607,TRUE,0.932899166274627
GOBP_EPITHELIAL_CELL_MORPHOGENESIS,0.616194133914128,0.710679947017901,-1.91840016517213,0.306049404909131,TRUE,0.932778021875233
GOBP_ESTROGEN_METABOLIC_PROCESS,1.74984225935491,0.211625316277489,-0.635829305187343,0.81716373073197,TRUE,0.932736093676467
GOBP_SYNAPSE_MATURATION,1.6991175249056,0.228070669289782,-0.63980490122164,0.815664868340465,TRUE,0.929576550331511
GOBP_ASTROCYTE_ACTIVATION,0.77229358701736,0.63006110604357,-1.16721070839589,0.595461464338454,TRUE,0.929546118483917
REACTOME_CHAPERONE_MEDIATED_AUTOPHAGY,-0.726148091600479,0.651776921101015,1.28392298925259,0.547022183561941,TRUE,0.927647024315256
GOBP_MITOCHONDRION_LOCALIZATION,-0.520757937986551,0.758917518297202,4.18422815045925,0.0118991313627692,TRUE,0.926238667973711
GOBP_PLACENTA_BLOOD_VESSEL_DEVELOPMENT,1.24847067706983,0.402086492383404,-0.735887861612127,0.775604768211111,TRUE,0.925976227506345
GOBP_ANOIKIS,0.644293845309111,0.697889582631948,-1.64266108149494,0.402125483019362,TRUE,0.925559496019467
GOBP_CELLULAR_RESPONSE_TO_CALCIUM_ION,0.615198416204002,0.710679947017901,-1.83927079597399,0.331376964792412,TRUE,0.922005030692084
GOBP_REGULATION_OF_SYNAPTIC_VESICLE_EXOCYTOSIS,0.650597071979825,0.694766638226248,-1.57997454814546,0.423776430311742,TRUE,0.921671203517193
GOBP_NEGATIVE_REGULATION_OF_BLOOD_PRESSURE,-1.87331988185196,0.173331987028753,0.610750311720985,0.827477883741706,TRUE,0.921174212189673
GOBP_REGULATION_OF_CAMP_MEDIATED_SIGNALING,-4.84276652646398,8.45531965142766e-05,0.508602672247164,0.864173198657807,TRUE,0.920528524558503
KEGG_HISTIDINE_METABOLISM,-2.5911837086093,0.0485683832613706,0.55942575216858,0.844808464220615,TRUE,0.920186975403693
GOBP_POSITIVE_REGULATION_OF_ISOTYPE_SWITCHING,-1.55100951725149,0.276794587417291,0.653762620587747,0.810866738458108,TRUE,0.919815729845554
REACTOME_DDX58_IFIH1_MEDIATED_INDUCTION_OF_INTERFERON_ALPHA_BETA,-3.04256213638921,0.0185818207385596,0.541767580361552,0.852826385559362,TRUE,0.919759986938655
GOBP_INOSITOL_PHOSPHATE_BIOSYNTHETIC_PROCESS,0.620560847631465,0.708276609840185,-1.77256717512667,0.354114486607515,TRUE,0.919287040408777
REACTOME_POLYMERASE_SWITCHING_ON_THE_C_STRAND_OF_THE_TELOMERE,-5.1717228431336,2.59627626502038e-05,0.50383729727425,0.866163512632807,TRUE,0.91822015627472
GOBP_REGULATION_OF_RAS_PROTEIN_SIGNAL_TRANSDUCTION,0.551927445199182,0.742690921308275,-2.68721555001526,0.111638014331363,TRUE,0.915765691981282
REACTOME_SIGNALING_BY_MODERATE_KINASE_ACTIVITY_BRAF_MUTANTS,0.868437790604882,0.581572323761375,-0.966605472095891,0.679290261734771,TRUE,0.914895836666087
GOBP_POSITIVE_REGULATION_OF_TELOMERASE_ACTIVITY,-2.13627705857331,0.112852387381326,0.581989235335529,0.838900848876021,TRUE,0.914767073829308
GOBP_DEFINITIVE_HEMOPOIESIS,-4.55103901140057,0.000235179535159151,0.50812513729824,0.864292226166773,TRUE,0.914181574089595
GOBP_DORSAL_SPINAL_CORD_DEVELOPMENT,-2.30182504991942,0.0842188601202675,0.570315556316458,0.840181157006206,TRUE,0.914138138667533
GOBP_CYTOLYSIS,-0.731191056618908,0.649619065242467,1.21374527795818,0.578849104614577,TRUE,0.912605391219068
GOBP_CALCIUM_INDEPENDENT_CELL_CELL_ADHESION_VIA_PLASMA_MEMBRANE_CELL_ADHESION_MOLECULES,-1.71577426440501,0.221930566348049,0.62119862978332,0.823098195009956,TRUE,0.91215146287442
GOBP_VITAMIN_METABOLIC_PROCESS,-1.06941044335939,0.4803041738309,0.794082560558271,0.746017267032982,TRUE,0.911406891644122
GOBP_SULFUR_COMPOUND_BIOSYNTHETIC_PROCESS,0.881763019474312,0.575179636188176,-0.941961206547685,0.68787133794673,TRUE,0.910868590614571
GOBP_NEUTRAL_LIPID_METABOLIC_PROCESS,-0.993842721686104,0.519235346332899,0.840152559079654,0.730488718145235,TRUE,0.910557965665686
GOBP_MYELIN_ASSEMBLY,-0.585493572808759,0.726655223755615,2.04571924501131,0.270279522618587,TRUE,0.910420823137853
GOBP_NEGATIVE_REGULATION_OF_GLIOGENESIS,-0.81130868544855,0.609685203595273,1.03599590503419,0.651668645757715,TRUE,0.909987968604274
REACTOME_CLATHRIN_MEDIATED_ENDOCYTOSIS,0.576151715811873,0.730320496002224,-2.16312692751467,0.231623878289777,TRUE,0.909939771072697
REACTOME_INSULIN_RECEPTOR_RECYCLING,1.26530548715562,0.394734618447201,-0.709534013472757,0.786397947505384,TRUE,0.909215437796301
REACTOME_PROTEIN_LOCALIZATION,-0.887111865820515,0.572623734371318,0.931953562872871,0.69194311892233,TRUE,0.908980019055249
GOBP_ANTIGEN_PROCESSING_AND_PRESENTATION_OF_PEPTIDE_ANTIGEN,-2.07890980443815,0.123749820087402,0.580137565793243,0.839152602759288,TRUE,0.907132145859818
GOBP_NEGATIVE_REGULATION_OF_BONE_MINERALIZATION,0.78974999357003,0.620238389801051,-1.0650058666517,0.643343011902344,TRUE,0.906953194626569
GOBP_POSITIVE_REGULATION_OF_CELLULAR_EXTRAVASATION,1.3165479059677,0.372292920513304,-0.691421175291904,0.793260551135481,TRUE,0.906676411472685
GOBP_REGULATION_OF_CARDIAC_CONDUCTION,2.60870310449693,0.0468440757146786,-0.548104823229862,0.85071549503252,TRUE,0.905878841339016
REACTOME_SARS_COV_1_INFECTION,0.876952422935585,0.577441427014089,-0.936505556796059,0.690092370223713,TRUE,0.905751140973749
GOBP_NEGATIVE_REGULATION_OF_DEVELOPMENTAL_GROWTH,-1.01956826487167,0.505442517797826,0.812751665949464,0.741320604057187,TRUE,0.904488121189953
GOBP_METANEPHROS_DEVELOPMENT,1.31925089376988,0.371207411874104,-0.687926505350227,0.795388919473679,TRUE,0.904302387451276
GOBP_NEGATIVE_REGULATION_OF_NEURON_DIFFERENTIATION,0.830600924148133,0.600337511972715,-0.992184814599014,0.67238145901751,TRUE,0.904230932263184
GOBP_REGULATION_OF_CARDIAC_MUSCLE_CONTRACTION_BY_CALCIUM_ION_SIGNALING,0.791260888650123,0.619834027642977,-1.04718494501837,0.649205995702641,TRUE,0.90140973968524
GOBP_HEART_VALVE_DEVELOPMENT,-0.94825242776369,0.540260617121475,0.858965911934133,0.723002337920363,TRUE,0.901403547613384
GOBP_CYCLIC_NUCLEOTIDE_BIOSYNTHETIC_PROCESS,-0.73021413790838,0.650276912600381,1.17274107104948,0.59369512130076,TRUE,0.900023401659698
GOBP_CELL_CELL_ADHESION_MEDIATED_BY_INTEGRIN,0.682828908033628,0.675852303562733,-1.31869405871293,0.531102143292683,TRUE,0.899757273937293
GOBP_EYE_PHOTORECEPTOR_CELL_DEVELOPMENT,-2.68460006883514,0.0402046328966667,0.540132000426429,0.853016192166345,TRUE,0.899323338733625
GOBP_DEVELOPMENTAL_MATURATION,1.30407466269054,0.377519352939434,-0.685301675198375,0.796489547417568,TRUE,0.898457002734778
KEGG_GLYCOSAMINOGLYCAN_BIOSYNTHESIS_HEPARAN_SULFATE,2.11487338567459,0.116591302205503,-0.570384999741343,0.840181157006206,TRUE,0.89845510740608
REACTOME_ERBB2_REGULATES_CELL_MOTILITY,-0.782209006968505,0.624131848490738,1.05504243183657,0.647064764216512,TRUE,0.898367719829639
GOBP_PROTEIN_TRANSMEMBRANE_TRANSPORT,-1.99075372144187,0.143137797174244,0.579949684381705,0.839152602759288,TRUE,0.898226524161809
HALLMARK_FATTY_ACID_METABOLISM,-0.63807845113694,0.701357294095717,1.51623311533323,0.450175154472524,TRUE,0.898176190345178
GOBP_POSITIVE_REGULATION_OF_RESPONSE_TO_CYTOKINE_STIMULUS,-0.655632481554421,0.691620430072203,1.41789766354909,0.49193699012756,TRUE,0.896654206776915
REACTOME_SIGNALING_BY_FGFR2,0.608131056416683,0.714102339761529,-1.70424325886458,0.380080193942938,TRUE,0.896397479037269
GOBP_NEGATIVE_REGULATION_OF_PROGRAMMED_NECROTIC_CELL_DEATH,-0.714157418929347,0.658354027419076,1.19794033805737,0.584189660987096,TRUE,0.894847532488731
GOBP_REGULATION_OF_GLUCONEOGENESIS,-2.20870801282948,0.099521558095865,0.560365442589152,0.844808464220615,TRUE,0.893933413530399
REACTOME_TRANSCRIPTIONAL_REGULATION_BY_MECP2,0.674368334618595,0.680289919226258,-1.32497128110964,0.527210618630965,TRUE,0.89381380654924
GOBP_RNA_MODIFICATION,-1.79648822532066,0.196043447494778,0.593793184531434,0.833506344454803,TRUE,0.892566423258412
GOBP_REGULATION_OF_OSTEOBLAST_PROLIFERATION,-0.680927243819358,0.676956350426368,1.29345863538726,0.542572275743289,TRUE,0.892177393349788
GOBP_REGULATION_OF_FATTY_ACID_METABOLIC_PROCESS,-2.18252191498292,0.10402137779257,0.560332564739675,0.844808464220615,TRUE,0.891726565345611
GOBP_SUPEROXIDE_METABOLIC_PROCESS,1.14618334462913,0.443718817061404,-0.729355592144324,0.777698887572694,TRUE,0.891450681867573
GOBP_PROGESTERONE_METABOLIC_PROCESS,-1.30571871143141,0.376927711500121,0.676666731280664,0.800546621685669,TRUE,0.891387107067876
GOBP_TELOMERE_ORGANIZATION,-1.78913897414068,0.198807689991978,0.593042728241661,0.833506344454803,TRUE,0.89081018241956
GOBP_REGULATION_OF_DELAYED_RECTIFIER_POTASSIUM_CHANNEL_ACTIVITY,0.716718065828953,0.656901563320551,-1.17337251306614,0.59369512130076,TRUE,0.889880397746058
GOBP_AMINOGLYCAN_CATABOLIC_PROCESS,2.86493742383101,0.0271505048233445,-0.526535145220537,0.857934812831941,TRUE,0.889578324336248
KEGG_NEUROTROPHIN_SIGNALING_PATHWAY,0.729448375235724,0.650578015959801,-1.13857265056553,0.609437188546558,TRUE,0.889208374607687
GOBP_PROTEIN_AUTOUBIQUITINATION,-1.29759561243124,0.379492485406475,0.67523190974367,0.800992209977599,TRUE,0.888245884253507
GOBP_DETECTION_OF_BIOTIC_STIMULUS,2.02305750932655,0.13488631924228,-0.568567371289776,0.841581463460124,TRUE,0.88766279306
REACTOME_OXIDATIVE_STRESS_INDUCED_SENESCENCE,-0.586713066518561,0.726039519709276,1.81694336583151,0.336825271712895,TRUE,0.887002318226737
REACTOME_RRNA_PROCESSING,-3.00761833588767,0.0200554761166401,0.520155459312272,0.859571152806983,TRUE,0.886921434173756
REACTOME_INTERLEUKIN_37_SIGNALING,-1.06797160119147,0.4803041738309,0.756754384109585,0.765961463036389,TRUE,0.885823074605733
GOBP_SUBSTRATE_ADHESION_DEPENDENT_CELL_SPREADING,0.575084092917307,0.730752010342134,-1.91930359110914,0.305744598840971,TRUE,0.884995521581662
GOBP_GASTRULATION,0.782720333197812,0.623908298518622,-1.01749173771145,0.662199411419139,TRUE,0.884797391193217
GOBP_REGULATION_OF_MITOTIC_NUCLEAR_DIVISION,1.11379370424389,0.458281084085027,-0.730088474938538,0.777461731540365,TRUE,0.882017252629582
GOBP_REGULATION_OF_CHEMOTAXIS,0.935068651963709,0.547212940784008,-0.832943478964202,0.733024622817682,TRUE,0.881056552059116
GOBP_OSTEOBLAST_DEVELOPMENT,-2.61798184390233,0.0459109708999717,0.529556596262232,0.857193877261564,TRUE,0.880923032832448
GOBP_DNA_PACKAGING,-2.8306334766478,0.0291353894391591,0.521419606241015,0.859571152806983,TRUE,0.880623162169229
GOBP_ADIPOSE_TISSUE_DEVELOPMENT,-5.53613783314109,5.8968304474993e-06,0.477724593887502,0.874018014757804,TRUE,0.879550947542814
GOBP_ORGANIC_HYDROXY_COMPOUND_BIOSYNTHETIC_PROCESS,1.14258306138936,0.445739233334696,-0.714867113605342,0.783675280077172,TRUE,0.879479908689446
REACTOME_DISEASES_ASSOCIATED_WITH_GLYCOSYLATION_PRECURSOR_BIOSYNTHESIS,0.559288207296407,0.73864109651208,-2.05666934700401,0.267948581867982,TRUE,0.879426281360257
GOBP_MALE_MEIOSIS_I,0.601419545330285,0.717766727705501,-1.63159606505576,0.407252334325219,TRUE,0.878877656783487
REACTOME_SIGNALING_BY_FGFR,0.587072341480306,0.726039519709276,-1.74512192017567,0.362443909693227,TRUE,0.878582739603075
REACTOME_RRNA_MODIFICATION_IN_THE_NUCLEUS_AND_CYTOSOL,-1.31139851405108,0.374285269736521,0.660293267211295,0.806886413471614,TRUE,0.878339726003653
REACTOME_INTERCONVERSION_OF_NUCLEOTIDE_DI_AND_TRIPHOSPHATES,0.660802659140521,0.688073674576104,-1.30635495456849,0.537195063265708,TRUE,0.877654969530009
KEGG_BASAL_CELL_CARCINOMA,1.29796479243736,0.379492485406475,-0.662400866082437,0.806354180098226,TRUE,0.877155747876345
GOBP_PROTEIN_PALMITOYLATION,-0.575000303068263,0.730752010342134,1.83349776016139,0.333803244117566,TRUE,0.875451621791282
GOBP_NOREPINEPHRINE_TRANSPORT,1.03906186152297,0.495139186703879,-0.753517650077005,0.76758251901352,TRUE,0.873547250889418
GOBP_MITOCHONDRIAL_DEPOLARIZATION,0.558982256523222,0.738724862820184,-1.9938977852259,0.288435923349403,TRUE,0.873173408099963
GOBP_CYTOSKELETON_DEPENDENT_INTRACELLULAR_TRANSPORT,0.904223031199307,0.563199236510366,-0.842228366842636,0.730488718145235,TRUE,0.872125371118058
REACTOME_SIGNALING_BY_FGFR4,0.521516908994194,0.758622772951164,-2.65484245816727,0.116767409302069,TRUE,0.871781226623128
GOBP_DNA_DOUBLE_STRAND_BREAK_PROCESSING,-0.676275728459002,0.679180056554367,1.22519746150262,0.575161130778482,TRUE,0.871504589344777
GOBP_NUCLEOTIDE_SUGAR_METABOLIC_PROCESS,1.77882835180168,0.201951919536731,-0.576524605937651,0.839269613799489,TRUE,0.870814975890065
REACTOME_G0_AND_EARLY_G1,0.729795950768703,0.650457618157271,-1.07112613813985,0.640282103643446,TRUE,0.868114754315365
REACTOME_KERATAN_SULFATE_BIOSYNTHESIS,4.79048319966427,9.8470277666435e-05,-0.476309264234262,0.874187562930622,TRUE,0.866467226039017
KEGG_THYROID_CANCER,0.492641038210186,0.774512308541187,-3.55129513459143,0.0283210141596646,TRUE,0.865252885969192
GOBP_NUCLEOTIDE_PHOSPHORYLATION,0.555579574736272,0.74078282385296,-1.94598153763868,0.297432884661819,TRUE,0.86437831942431
GOBP_BENZENE_CONTAINING_COMPOUND_METABOLIC_PROCESS,-1.20694361333663,0.417854205449779,0.67210934074008,0.802172646691745,TRUE,0.863411618613719
REACTOME_PHOSPHOLIPID_METABOLISM,-0.679103426788398,0.677993492496452,1.18365788734909,0.591008320082414,TRUE,0.863047907794969
GOBP_MUSCLE_CELL_CELLULAR_HOMEOSTASIS,-1.53809487145125,0.280953315657107,0.597601491271289,0.832743293663509,TRUE,0.860766356996792
GOBP_NEGATIVE_REGULATION_OF_VIRAL_TRANSCRIPTION,-0.69707103204243,0.668761952368418,1.1240147819974,0.61653222968522,TRUE,0.86049557695444
GOBP_ENDOCRINE_PROCESS,0.725246001939222,0.652050432129531,-1.05750384179763,0.645873531265313,TRUE,0.860412845911664
GOBP_T_HELPER_17_CELL_DIFFERENTIATION,-2.41982760718173,0.0675849409679421,0.523123975949531,0.859176134255858,TRUE,0.860272283266365
GOBP_WATER_SOLUBLE_VITAMIN_METABOLIC_PROCESS,-3.13927374466293,0.0149327303139571,0.497995547818137,0.868147077806436,TRUE,0.859625297173483
GOBP_NEGATIVE_REGULATION_OF_TELOMERE_MAINTENANCE_VIA_TELOMERE_LENGTHENING,-2.34647582504866,0.0775085865583303,0.526117574441371,0.858111127134817,TRUE,0.859517514576953
GOBP_RESPONSE_TO_PH,-1.29769828262417,0.379492485406475,0.64216464993731,0.814647783787223,TRUE,0.859169943811675
REACTOME_PLASMA_LIPOPROTEIN_REMODELING,1.53405131830269,0.282330122220872,-0.596557703764133,0.832744988827932,TRUE,0.859050273818179
GOBP_RESPONSE_TO_GLUCAGON,0.99753303237487,0.517529803566022,-0.753721245491766,0.76758251901352,TRUE,0.858655249649613
REACTOME_MITOTIC_SPINDLE_CHECKPOINT,0.597883691389358,0.719391622515646,-1.52081018688421,0.447985862304628,TRUE,0.858328442594825
GOBP_COLLECTING_DUCT_DEVELOPMENT,2.29709595092237,0.0849757216860566,-0.527356540334856,0.857934812831941,TRUE,0.857786475251642
GOBP_POSITIVE_REGULATION_OF_TRANSCRIPTION_REGULATORY_REGION_DNA_BINDING,0.5468794545173,0.745452694972878,-1.9874312523134,0.288666769350844,TRUE,0.857736437940555
GOBP_NUCLEOSIDE_PHOSPHATE_BIOSYNTHETIC_PROCESS,-1.07439131506501,0.477634105544155,0.71081017164608,0.785940626096475,TRUE,0.855576561818101
GOBP_FUSION_OF_SPERM_TO_EGG_PLASMA_MEMBRANE_INVOLVED_IN_SINGLE_FERTILIZATION,-0.797542796995748,0.616800375332859,0.917902042092626,0.698040887845568,TRUE,0.853500089699997
GOBP_RESPONSE_TO_INTERFERON_GAMMA,-1.2525356841461,0.400895449737905,0.646606784678657,0.813562624367576,TRUE,0.852909231103847
GOBP_EMBRYONIC_PATTERN_SPECIFICATION,-0.625545699527116,0.705483287318955,1.33788038340931,0.520757503143208,TRUE,0.852494858448389
GOBP_RESPIRATORY_SYSTEM_PROCESS,-0.887970903559893,0.572622006522283,0.818179426611165,0.74101322527592,TRUE,0.851647726316345
REACTOME_SENSORY_PERCEPTION,1.92141063824651,0.160096670134259,-0.546915975931714,0.851081871981032,TRUE,0.851467685310378
REACTOME_RHOF_GTPASE_CYCLE,2.14728242571912,0.110982272855989,-0.530616531081605,0.857193877261564,TRUE,0.850953355871792
REACTOME_SIALIC_ACID_METABOLISM,1.5033221735246,0.294395372566066,-0.593279629741602,0.833506344454803,TRUE,0.85079619897453
GOBP_TRANSCRIPTION_BY_RNA_POLYMERASE_I,0.661738872120385,0.687623019254747,-1.18922065493137,0.58828750280383,TRUE,0.850319548747807
REACTOME_PLASMA_LIPOPROTEIN_ASSEMBLY,2.57571800797589,0.0501036721814804,-0.509033446146825,0.864173198657807,TRUE,0.850069532927916
GOBP_SOMITE_DEVELOPMENT,-0.676673228297751,0.679180056554367,1.14291177303707,0.607664492910664,TRUE,0.850059544954659
GOBP_ACTIN_FILAMENT_POLYMERIZATION,0.503379903815302,0.769266579048923,-2.72090536805821,0.105479823440233,TRUE,0.849583065376736
GOBP_PROTEIN_TRANSMEMBRANE_IMPORT_INTO_INTRACELLULAR_ORGANELLE,-1.72239734692701,0.220232768530099,0.563699713248309,0.844450381905564,TRUE,0.849408284080418
HALLMARK_INTERFERON_GAMMA_RESPONSE,-0.567073550681111,0.734403905736009,1.6844654700763,0.387056639986194,TRUE,0.848500342485347
GOBP_COCHLEA_MORPHOGENESIS,-1.48473778617388,0.300879350927678,0.592917164309433,0.833506344454803,TRUE,0.847423214058231
GOBP_CELLULAR_RESPONSE_TO_THYROID_HORMONE_STIMULUS,0.607303606365192,0.714276854984469,-1.39831085039323,0.50068194320369,TRUE,0.846821999514209
GOBP_PURINE_CONTAINING_COMPOUND_BIOSYNTHETIC_PROCESS,-0.684248420567034,0.675208262035441,1.10643691020409,0.621825238693696,TRUE,0.845573139238478
REACTOME_SELENOAMINO_ACID_METABOLISM,-2.61301987658444,0.046349305851536,0.504265955223942,0.866163512632807,TRUE,0.845387324216341
GOBP_MULTI_MULTICELLULAR_ORGANISM_PROCESS,-0.833762597791629,0.599059746890886,0.856966806531181,0.724470259516715,TRUE,0.84520547050025
KEGG_NICOTINATE_AND_NICOTINAMIDE_METABOLISM,0.645008121931844,0.697791198222367,-1.22355906095533,0.57647979074178,TRUE,0.844717320530125
GOBP_MORPHOGENESIS_OF_AN_EPITHELIAL_FOLD,-0.503041379737054,0.769266579048923,2.63032108202186,0.121028362407209,TRUE,0.844562582465471
GOBP_POSITIVE_REGULATION_OF_CELL_MIGRATION_INVOLVED_IN_SPROUTING_ANGIOGENESIS,0.844884399727735,0.593854053536291,-0.843506673445401,0.730214616409012,TRUE,0.844194974474585
GOBP_POSITIVE_REGULATION_OF_PEPTIDYL_THREONINE_PHOSPHORYLATION,2.22871064238625,0.0967403090896783,-0.518286817508321,0.860401984027257,TRUE,0.840999209393974
GOBP_NEURON_APOPTOTIC_PROCESS,0.503751510000751,0.769266579048923,-2.50744860570698,0.149418606507852,TRUE,0.838955215752767
GOBP_INTERMEMBRANE_LIPID_TRANSFER,-2.37497488136368,0.0738281812399798,0.509440784964977,0.864173198657807,TRUE,0.838928370801712
REACTOME_GLUCONEOGENESIS,0.748274228062385,0.641569871471309,-0.953782668176467,0.685150971589699,TRUE,0.838621777387252
GOBP_VIRAL_RELEASE_FROM_HOST_CELL,-2.07444409774099,0.1242800635701,0.525455940405539,0.858340652953416,TRUE,0.838516064620927
REACTOME_VEGFR2_MEDIATED_CELL_PROLIFERATION,0.700594919750441,0.666456925763958,-1.04091703849917,0.651012341520366,TRUE,0.837503510210943
GOBP_CELLULAR_RESPONSE_TO_HYDROGEN_PEROXIDE,-1.35232187162588,0.356830703814569,0.605721013510174,0.829028577906175,TRUE,0.836682159406623
GOBP_NEGATIVE_REGULATION_OF_CALCIUM_ION_TRANSPORT,-0.792847402944833,0.619157694140046,0.884882113584585,0.713452596888135,TRUE,0.836340397848119
GOBP_REPLICATION_FORK_PROCESSING,-1.48413369436032,0.301101665704262,0.58208254974283,0.838900848876021,TRUE,0.836203207130892
GOBP_STEM_CELL_DIFFERENTIATION,-0.64461584158226,0.697791198222367,1.18478434189388,0.590947171481427,TRUE,0.834952092540192
GOBP_EMBRYONIC_PLACENTA_MORPHOGENESIS,-3.69434596381539,0.00358111325224373,0.470553370959905,0.875722233235354,TRUE,0.834779814364584
GOBP_REGULATION_OF_STEROL_TRANSPORT,0.694971101972954,0.669856035668295,-1.04018512324479,0.651012341520366,TRUE,0.833237481272431
GOBP_LEUKOCYTE_MEDIATED_CYTOTOXICITY,0.607477555827941,0.714276854984469,-1.31609437730548,0.532689747375381,TRUE,0.831263735754429
GOBP_NEGATIVE_REGULATION_OF_MUSCLE_CELL_DIFFERENTIATION,0.583764285370273,0.727517556626321,-1.44277279675896,0.483090166090871,TRUE,0.831210282879941
GOBP_CELLULAR_COMPONENT_DISASSEMBLY_INVOLVED_IN_EXECUTION_PHASE_OF_APOPTOSIS,2.22048935465572,0.0978969730179418,-0.51094269347234,0.863164127305296,TRUE,0.830731126898793
REACTOME_SENSORY_PERCEPTION_OF_TASTE,0.841266924798973,0.595745473358848,-0.819330510479272,0.740509334940085,TRUE,0.83015382813641
GOBP_REGULATION_OF_LIPID_LOCALIZATION,1.29764329610758,0.379492485406475,-0.609970209828591,0.827477883741706,TRUE,0.829857569309839
GOBP_RESPONSE_TO_HYDROPEROXIDE,-1.30037979098315,0.37863219997843,0.609327547210748,0.827477883741706,TRUE,0.829820583117786
GOBP_REGULATION_OF_NEUROTRANSMITTER_RECEPTOR_ACTIVITY,-0.757063527687462,0.63743087298727,0.911081864694109,0.699975937031591,TRUE,0.826962510159451
GOBP_CRANIAL_NERVE_DEVELOPMENT,0.739677947444981,0.645726523036504,-0.937052725451204,0.690092370223713,TRUE,0.826748443042751
GOBP_NEGATIVE_REGULATION_OF_NEURON_PROJECTION_REGENERATION,1.98133033970847,0.145574781384354,-0.522259533255718,0.859571152806983,TRUE,0.826627931048785
GOBP_DEFENSE_RESPONSE_TO_GRAM_POSITIVE_BACTERIUM,1.32164647810883,0.36991364940279,-0.598602056946381,0.832668936842168,TRUE,0.823997816854618
REACTOME_LDL_CLEARANCE,1.15194948688442,0.442289771665608,-0.639840312068525,0.815664868340465,TRUE,0.822712261902615
GOBP_REGULATION_OF_SYSTEMIC_ARTERIAL_BLOOD_PRESSURE,0.852477861990915,0.589937405563257,-0.794013027954213,0.746017267032982,TRUE,0.822207438373253
REACTOME_TICAM1_RIP1_MEDIATED_IKK_COMPLEX_RECRUITMENT,1.20743869655311,0.417854205449779,-0.622883378446498,0.822872612021011,TRUE,0.821815466085331
GOBP_NEGATIVE_REGULATION_OF_ESTABLISHMENT_OF_PROTEIN_LOCALIZATION,0.695223991404365,0.669816997846441,-1.00467089905629,0.668370199765795,TRUE,0.821781765930771
GOBP_POSITIVE_REGULATION_OF_NEURON_PROJECTION_DEVELOPMENT,0.557009048813693,0.739899701280127,-1.5618241774169,0.432247420153875,TRUE,0.821159672887383
GOBP_CHAPERONE_MEDIATED_PROTEIN_COMPLEX_ASSEMBLY,0.813528388591077,0.608913063743354,-0.825811842975521,0.736932844347153,TRUE,0.819624096278406
KEGG_ADIPOCYTOKINE_SIGNALING_PATHWAY,-2.651668113616,0.0432129534427812,0.484388568222996,0.873579624856969,TRUE,0.819141904159607
GOBP_POSITIVE_REGULATION_OF_PLASMA_MEMBRANE_BOUNDED_CELL_PROJECTION_ASSEMBLY,0.460036311711191,0.792549349244709,-3.69121488585504,0.0219122742657735,TRUE,0.818111360169071
GOBP_REACTIVE_NITROGEN_SPECIES_METABOLIC_PROCESS,1.02012712149015,0.505321670096351,-0.681923382224909,0.79833397128596,TRUE,0.817424084029863
REACTOME_CREATION_OF_C4_AND_C2_ACTIVATORS,1.71642083761506,0.221736817817259,-0.536003764270233,0.855165184684301,TRUE,0.816904618483997
GOBP_SKELETAL_MUSCLE_TISSUE_REGENERATION,2.63317126846021,0.0447189482021022,-0.482512316080803,0.873631163209826,TRUE,0.815575479927517
GOBP_REGULATION_OF_CARDIAC_MUSCLE_CELL_PROLIFERATION,-3.33014311675954,0.00940926704761861,0.464664942877098,0.877149044185235,TRUE,0.815535719753794
REACTOME_GLYCEROPHOSPHOLIPID_BIOSYNTHESIS,-1.21803730526014,0.41506220399621,0.612866655806721,0.826884222807897,TRUE,0.815438128701881
GOBP_POSITIVE_REGULATION_OF_AMINE_TRANSPORT,-0.84689183931017,0.593106560508719,0.786114405957465,0.748979125182946,TRUE,0.815372111526038
GOBP_ANION_TRANSMEMBRANE_TRANSPORT,3.10281050764594,0.0161665374377282,-0.468814486976464,0.875918549845149,TRUE,0.814555009844196
GOBP_VENTRAL_SPINAL_CORD_DEVELOPMENT,0.667381097974422,0.684652866619868,-1.04053492635087,0.651012341520366,TRUE,0.813193777373349
GOBP_GAS_TRANSPORT,1.40274658826687,0.336754280584567,-0.572482614664646,0.840181157006206,TRUE,0.813118835394995
GOBP_NEGATIVE_REGULATION_OF_CELLULAR_RESPONSE_TO_GROWTH_FACTOR_STIMULUS,2.58416756325389,0.0492363911226087,-0.481829041363587,0.873631163209826,TRUE,0.812216802752033
GOBP_VESICLE_CYTOSKELETAL_TRAFFICKING,3.39457284146565,0.00814379114740501,-0.461142137940493,0.877149044185235,TRUE,0.811979405048921
REACTOME_ACTIVATION_OF_SMO,-2.82445293832196,0.0293826976468408,0.473188934257388,0.875494923816982,TRUE,0.810579151640462
GOBP_WATER_HOMEOSTASIS,2.84828240288892,0.0280110065007048,-0.472498508076456,0.875494923816982,TRUE,0.810537775317554
GOBP_STEROL_TRANSPORT,-1.34134895859102,0.36184026373812,0.57883161487381,0.839152602759288,TRUE,0.808689760265157
GOBP_MITOCHONDRION_DISTRIBUTION,-0.493813750105222,0.773828978900971,2.2292748330358,0.215424919223435,TRUE,0.808527913584654
GOBP_LIPID_TRANSLOCATION,0.671299269901656,0.681865458571629,-1.01522349921823,0.663232698747818,TRUE,0.808194002821385
GOBP_NEGATIVE_REGULATION_OF_INTERLEUKIN_12_PRODUCTION,2.15286270947773,0.110188142624645,-0.496687405594896,0.868492279153169,TRUE,0.807155741413996
GOBP_POSITIVE_REGULATION_OF_MRNA_METABOLIC_PROCESS,-3.21820771179088,0.0122544648793965,0.461443782346246,0.877149044185235,TRUE,0.807153580316376
GOBP_ENDOSOME_TRANSPORT_VIA_MULTIVESICULAR_BODY_SORTING_PATHWAY,0.745964917685433,0.642324583000301,-0.874216177188574,0.717393200453916,TRUE,0.805014452667047
KEGG_TASTE_TRANSDUCTION,2.76429386529035,0.0334545062868079,-0.469950814267283,0.875722233235354,TRUE,0.803329544655811
GOBP_SEMAPHORIN_PLEXIN_SIGNALING_PATHWAY,1.60254051131495,0.258008762641378,-0.535811739991847,0.855165184684301,TRUE,0.803104370900856
GOBP_POSITIVE_REGULATION_OF_LIPID_STORAGE,-0.561162629382522,0.737552765728739,1.41005040783456,0.495132897214897,TRUE,0.802823012513589
GOBP_PHOSPHOLIPID_DEPHOSPHORYLATION,-2.14509888715979,0.111259310249551,0.493800414154799,0.870113613167759,TRUE,0.802797377190427
REACTOME_G_ALPHA_Z_SIGNALLING_EVENTS,1.95491809809573,0.152340355677737,-0.504632770014344,0.866163512632807,TRUE,0.802191772314319
GOBP_G_PROTEIN_COUPLED_GLUTAMATE_RECEPTOR_SIGNALING_PATHWAY,4.67556814978097,0.000148236129995901,-0.438673569473713,0.884919062063229,TRUE,0.802092776280011
GOBP_XENOBIOTIC_METABOLIC_PROCESS,-0.756163619181812,0.637982882941887,0.852024194412179,0.727232258905504,TRUE,0.801236886676018
GOBP_LONG_TERM_SYNAPTIC_DEPRESSION,-0.55242266447109,0.742441567424757,1.45219115518296,0.479082355041434,TRUE,0.800376909908728
GOBP_SECRETION_BY_TISSUE,-0.945359378842575,0.540928333389074,0.693597163099786,0.792490545623209,TRUE,0.800141512596672
GOBP_LENS_DEVELOPMENT_IN_CAMERA_TYPE_EYE,1.14663681642229,0.443540068626202,-0.612718410762397,0.826884222807897,TRUE,0.798662461138293
GOBP_POSITIVE_REGULATION_OF_MUSCLE_CONTRACTION,-1.29190223256166,0.38245736842601,0.576450584834777,0.839269613799489,TRUE,0.797191826485207
GOBP_POSITIVE_REGULATION_OF_DNA_BIOSYNTHETIC_PROCESS,-1.66986435759611,0.23663020447946,0.523479034122761,0.859176134255858,TRUE,0.797083561407496
GOBP_THIOESTER_METABOLIC_PROCESS,-0.874914159919046,0.578589058310968,0.731710080690843,0.777086577019646,TRUE,0.796929978236737
GOBP_NUCLEAR_ENVELOPE_ORGANIZATION,0.727767398258033,0.6513080122986,-0.879695184127996,0.715950577894792,TRUE,0.796551636633004
GOBP_TYROSINE_METABOLIC_PROCESS,0.970362847471308,0.530696814454548,-0.675353830307888,0.800992209977599,TRUE,0.796416873787243
GOBP_POSITIVE_REGULATION_OF_SMALL_GTPASE_MEDIATED_SIGNAL_TRANSDUCTION,1.51267671156147,0.29020012860125,-0.539875207906765,0.853032126091905,TRUE,0.795747621684079
GOBP_MITOTIC_SISTER_CHROMATID_COHESION,0.536576481055155,0.750972247556985,-1.52311375970154,0.447553476477342,TRUE,0.793582457454466
GOBP_REGULATION_OF_DOUBLE_STRAND_BREAK_REPAIR_VIA_HOMOLOGOUS_RECOMBINATION,-1.1477443799832,0.443289105138257,0.605606066820773,0.829028577906175,TRUE,0.79286027610085
GOBP_RESPONSE_TO_FIBROBLAST_GROWTH_FACTOR,2.65156811157073,0.0432129534427812,-0.465433696676947,0.876893289792984,TRUE,0.791869382233616
GOBP_PURINE_CONTAINING_COMPOUND_TRANSMEMBRANE_TRANSPORT,2.79275466890018,0.0315691296218609,-0.461086098419719,0.877149044185235,TRUE,0.791495617769448
GOBP_POSITIVE_REGULATION_OF_LEUKOCYTE_MEDIATED_IMMUNITY,-2.14781961050697,0.110982272855989,0.485007611824495,0.873579624856969,TRUE,0.791323373661665
REACTOME_SYNTHESIS_OF_DNA,-1.1706716670934,0.432778781632409,0.597556491479952,0.832743293663509,TRUE,0.791235509593656
GOBP_POSITIVE_REGULATION_OF_NEURON_MIGRATION,-1.88153940349723,0.170868582024838,0.498389597070135,0.868147077806436,TRUE,0.788040033931276
REACTOME_CHEMOKINE_RECEPTORS_BIND_CHEMOKINES,1.0546236311549,0.487593344012146,-0.62804517688059,0.821100524439537,TRUE,0.787262807521132
GOBP_TELENCEPHALON_GLIAL_CELL_MIGRATION,0.701581935160844,0.665950094182052,-0.890254878650367,0.711208444471201,TRUE,0.784737147841816
GOBP_POSITIVE_REGULATION_OF_LIPID_METABOLIC_PROCESS,-1.77056684752693,0.204764959086124,0.503864149136478,0.866163512632807,TRUE,0.784482061163571
GOBP_NUCLEOSIDE_CATABOLIC_PROCESS,-3.3018804459689,0.0102089451285659,0.444408297174885,0.884040888958226,TRUE,0.783379588214389
GOBP_SYNAPTIC_VESICLE_TRANSPORT,2.92692434394381,0.0238843931699414,-0.451439803653583,0.8807559713027,TRUE,0.782230744473524
GOBP_POSITIVE_REGULATION_OF_REGULATED_SECRETORY_PATHWAY,0.546922563311782,0.745452694972878,-1.37280278645384,0.509143595893022,TRUE,0.782212746193676
GOBP_V_D_J_RECOMBINATION,-1.03135991424783,0.498711425690891,0.629848492631539,0.820736693603524,TRUE,0.782081868427195
GOBP_EMBRYO_IMPLANTATION,2.48505599626719,0.0601402539978605,-0.463691709701032,0.877149044185235,TRUE,0.781552020391366
GOBP_PHOSPHATIDYLCHOLINE_METABOLIC_PROCESS,-1.88888934857498,0.168562177876758,0.492028128997763,0.870965255597361,TRUE,0.78069626588707
GOBP_OLIGOPEPTIDE_TRANSPORT,0.662787478912307,0.687074915618129,-0.949564622441939,0.685591606264776,TRUE,0.780672585899814
REACTOME_ENERGY_DEPENDENT_REGULATION_OF_MTOR_BY_LKB1_AMPK,-3.74523673887113,0.00309025403302115,0.435664846359856,0.886111211163399,TRUE,0.780534033226439
GOBP_POSITIVE_REGULATION_OF_CYCLASE_ACTIVITY,-0.747652049336238,0.641644819917309,0.814069354827769,0.741320604057187,TRUE,0.779448395617805
GOBP_NEGATIVE_REGULATION_OF_BIOMINERALIZATION,1.30044035246422,0.37863219997843,-0.556065537574916,0.846723937434802,TRUE,0.779022644158576
GOBP_REGULATION_OF_MITOTIC_SISTER_CHROMATID_SEGREGATION,0.483195640987137,0.779985240435295,-1.99180403519981,0.288465139636001,TRUE,0.777722144183781
GOBP_REGULATION_OF_SKELETAL_MUSCLE_CELL_DIFFERENTIATION,-1.18892356636134,0.426753170777031,0.577566850027209,0.839269613799489,TRUE,0.777454361230336
GOBP_CHROMOSOME_LOCALIZATION,0.452745534130068,0.796439030848402,-2.74870205110897,0.101320505427746,TRUE,0.777437421766083
GOBP_PALLIUM_DEVELOPMENT,0.655295326413819,0.691620430072203,-0.951295992217436,0.685591606264776,TRUE,0.7760278678306
GOBP_TRNA_PROCESSING,-0.626991000587009,0.704588647883823,1.01047299310211,0.664654872879647,TRUE,0.773827669436408
GOBP_REGULATION_OF_NON_CANONICAL_WNT_SIGNALING_PATHWAY,0.503110906331667,0.769266579048923,-1.6667885879112,0.394833409911079,TRUE,0.772920146165465
GOBP_POSITIVE_REGULATION_OF_RECEPTOR_INTERNALIZATION,-2.88994304191042,0.0256326821434219,0.445347852285315,0.88393684645827,TRUE,0.771764723239859
GOBP_NEGATIVE_REGULATION_OF_HISTONE_ACETYLATION,-2.63802498340442,0.0441746260711323,0.450290572365354,0.881210835378749,TRUE,0.769272283379213
GOBP_CHRONIC_INFLAMMATORY_RESPONSE,1.03819195037032,0.495650393074445,-0.610473925524332,0.827477883741706,TRUE,0.768850892903214
GOBP_ANTERIOR_POSTERIOR_PATTERN_SPECIFICATION,-0.747421003567715,0.641644819917309,0.791476224146078,0.747074761188177,TRUE,0.768818012142482
GOBP_STEROL_HOMEOSTASIS,-4.44316469416723,0.000340622712170519,0.420760203117758,0.89159264002478,TRUE,0.768723579694663
GOBP_PROTEIN_LOCALIZATION_TO_LYSOSOME,3.5370825273924,0.00561495294753842,-0.430880672487732,0.887500695025167,TRUE,0.768182778556759
GOBP_NEGATIVE_REGULATION_OF_METAPHASE_ANAPHASE_TRANSITION_OF_CELL_CYCLE,0.496220006127676,0.772648214947923,-1.6913318775807,0.384029952301151,TRUE,0.767316853974937
REACTOME_RETROGRADE_TRANSPORT_AT_THE_TRANS_GOLGI_NETWORK,-1.212819270926,0.416355213469424,0.559870450631704,0.844808464220615,TRUE,0.766091960133308
GOBP_PHOSPHATIDYLCHOLINE_CATABOLIC_PROCESS,-0.423389491125534,0.809589426771419,3.97610154021255,0.0143919395555522,TRUE,0.765288346212191
GOBP_POSITIVE_REGULATION_OF_CHEMOKINE_PRODUCTION,0.469559628651647,0.787846143259149,-2.05575410049876,0.267948581867982,TRUE,0.764498383615928
REACTOME_UNFOLDED_PROTEIN_RESPONSE_UPR,-1.03492417198165,0.496895561526117,0.605722096674692,0.829028577906175,TRUE,0.764182324158691
GOBP_PROTEIN_DNA_COMPLEX_SUBUNIT_ORGANIZATION,-2.89622681645321,0.0253212342792645,0.439047110126496,0.884919062063229,TRUE,0.762504095331466
GOBP_REGULATION_OF_CELL_ADHESION_MEDIATED_BY_INTEGRIN,-2.67032761501351,0.0415082091800651,0.444288356293541,0.884040888958226,TRUE,0.761824557357376
GOBP_POSITIVE_REGULATION_OF_LIPID_LOCALIZATION,1.47234260973391,0.306565374307042,-0.512474453235145,0.863022421004042,TRUE,0.7603098421267
GOBP_SUPPRESSION_OF_VIRAL_RELEASE_BY_HOST,-0.67268232351375,0.681300732739295,0.872950620165947,0.718120499064346,TRUE,0.7598420490288
GOBP_POSITIVE_REGULATION_OF_INTERLEUKIN_17_PRODUCTION,-2.20461966865187,0.100282502003003,0.458506873546967,0.877610369803671,TRUE,0.75913273786766
GOBP_HEART_FORMATION,-0.456304567076947,0.794507239563799,2.23354977069235,0.215043461314993,TRUE,0.757794908705573
GOBP_ARP2_3_COMPLEX_MEDIATED_ACTIN_NUCLEATION,0.708799855574173,0.662061889684651,-0.81358970377937,0.741320604057187,TRUE,0.757588307135167
REACTOME_RUNX1_REGULATES_TRANSCRIPTION_OF_GENES_INVOLVED_IN_DIFFERENTIATION_OF_HSCS,-0.453107005787491,0.796309732847227,2.26610442046122,0.207031136470003,TRUE,0.755209969217794
REACTOME_CA_DEPENDENT_EVENTS,2.03208573973441,0.132968434695447,-0.462117784728904,0.877149044185235,TRUE,0.752996258095917
GOBP_MICROTUBULE_NUCLEATION,0.619653493906878,0.708431938523178,-0.958335813498963,0.683377620375335,TRUE,0.752649124279515
GOBP_EPIBOLY,3.90186811498327,0.00197025882596769,-0.416345998824076,0.892221015318677,TRUE,0.752406960283953
REACTOME_PHOSPHOLIPASE_C_MEDIATED_CASCADE_FGFR4,0.660252698359521,0.688220402354998,-0.874174825292475,0.717393200453916,TRUE,0.75230179117697
GOBP_CARDIAC_MUSCLE_TISSUE_DEVELOPMENT,0.799884856676124,0.615176321121368,-0.708106505560618,0.786544023069297,TRUE,0.751202805129682
GOBP_EXECUTION_PHASE_OF_APOPTOSIS,2.21067827001974,0.0992323947723581,-0.452435727521929,0.8807559713027,TRUE,0.751143084626929
GOBP_NEGATIVE_REGULATION_OF_ION_TRANSMEMBRANE_TRANSPORT,-0.716823312397037,0.656901563320551,0.78828419416961,0.748292589164461,TRUE,0.750857310470623
GOBP_MELANOCYTE_DIFFERENTIATION,0.458402305250739,0.793345253969299,-2.07368285836965,0.262001571545363,TRUE,0.750828618478568
GOBP_CERAMIDE_TRANSPORT,0.549490532712991,0.744087787572701,-1.18310457987405,0.591036083905457,TRUE,0.750440493716343
GOBP_REGULATION_OF_ENDOCYTOSIS,0.462479834526902,0.791324952165715,-1.98547970108869,0.28881929772838,TRUE,0.750212011478456
GOBP_NEGATIVE_REGULATION_OF_T_CELL_DIFFERENTIATION,-0.811815869761919,0.609484431945523,0.693337445365702,0.792490545623209,TRUE,0.747913631908441
GOBP_CHROMATIN_DISASSEMBLY,0.417943413348649,0.812480097299328,-3.53998927655948,0.0283210141596646,TRUE,0.747620193357672
GOBP_REGULATION_OF_GLIAL_CELL_PROLIFERATION,0.916957637959831,0.556527160813586,-0.630641196475589,0.820696068056293,TRUE,0.747314160560708
GOBP_SOMATIC_STEM_CELL_POPULATION_MAINTENANCE,-2.69742213933959,0.0391092428992371,0.433350387974058,0.886556256894219,TRUE,0.74673513991489
GOBP_REGULATION_OF_ACROSOME_REACTION,-1.27267182871429,0.391298030124571,0.526739719466052,0.857934812831941,TRUE,0.74509558717373
GOBP_REGULATION_OF_HEMATOPOIETIC_STEM_CELL_DIFFERENTIATION,-1.76528732349058,0.206054337824259,0.471633405308828,0.875494923816982,TRUE,0.744387998204319
GOBP_REGULATION_OF_MITOCHONDRIAL_OUTER_MEMBRANE_PERMEABILIZATION_INVOLVED_IN_APOPTOTIC_SIGNALING_PATHWAY,-0.512761788862125,0.763893482676139,1.3561562387444,0.514336402052169,TRUE,0.744157944525445
REACTOME_DISEASES_OF_MITOTIC_CELL_CYCLE,0.428671671745048,0.807408368872879,-2.78323670702763,0.0979822155713847,TRUE,0.742919530300934
GOBP_3_UTR_MEDIATED_MRNA_DESTABILIZATION,-3.93981186675395,0.00178671466714765,0.409626008671434,0.89389244636461,TRUE,0.742095625282122
GOBP_POSITIVE_REGULATION_OF_CREB_TRANSCRIPTION_FACTOR_ACTIVITY,-1.40735340406033,0.335136812040257,0.503392881232419,0.866366069274326,TRUE,0.741544484932638
GOBP_REGULATION_OF_PEPTIDYL_TYROSINE_PHOSPHORYLATION,0.498628962591265,0.771750421887669,-1.44183142131883,0.483645191281307,TRUE,0.740998282474606
GOBP_CRANIAL_NERVE_MORPHOGENESIS,1.34437898464478,0.360522468299716,-0.511169719401545,0.863164127305296,TRUE,0.740703627828947
REACTOME_P75_NTR_RECEPTOR_MEDIATED_SIGNALLING,0.580354704346694,0.72883978180053,-1.02270260505996,0.660440749610967,TRUE,0.740497878037626
REACTOME_DISEASES_ASSOCIATED_WITH_N_GLYCOSYLATION_OF_PROTEINS,4.96762669071911,5.28765461678445e-05,-0.399734627565102,0.89769568790704,TRUE,0.739928723759497
GOBP_POSITIVE_REGULATION_OF_AXONOGENESIS,3.2092240502341,0.0125283298594796,-0.418015824449704,0.892221015318677,TRUE,0.739684434197707
GOBP_BRAIN_MORPHOGENESIS,-0.608441657005963,0.714013855535195,0.943025322179441,0.687853775964334,TRUE,0.739655947981183
GOBP_ESTABLISHMENT_OF_RNA_LOCALIZATION,-3.08067765254227,0.0170420436178465,0.420036104354526,0.891715338138253,TRUE,0.739275433415021
GOBP_NEGATIVE_REGULATION_OF_INTERLEUKIN_1_BETA_PRODUCTION,0.753522799687919,0.639499951259796,-0.725081236833081,0.779557249229541,TRUE,0.739028475622428
GOBP_NEGATIVE_REGULATION_OF_GLYCOPROTEIN_METABOLIC_PROCESS,0.505203849384608,0.768860094699603,-1.37572100412601,0.507613589356262,TRUE,0.739018941311251
GOBP_REGULATION_OF_ANION_TRANSPORT,-0.864536386006651,0.58377435801646,0.643226742925866,0.814496607641144,TRUE,0.737639637209681
GOBP_C_TERMINAL_PROTEIN_AMINO_ACID_MODIFICATION,-0.447161667570255,0.799087620929973,2.06371142239318,0.265610013478888,TRUE,0.735053193018653
GOBP_NEURON_PROJECTION_GUIDANCE,1.05672774887563,0.486345150325747,-0.563143643371002,0.844467799402899,TRUE,0.734736741943096
GOBP_NEGATIVE_REGULATION_OF_INTERLEUKIN_6_PRODUCTION,0.408663300362658,0.816647869416372,-3.62924016806611,0.0239334810115217,TRUE,0.734607588560181
GOBP_REGULATION_OF_CHROMATIN_ASSEMBLY,-3.46359650500505,0.00691295875481464,0.410291715069665,0.89389244636461,TRUE,0.733673699196417
GOBP_CALCIUM_ION_IMPORT_INTO_CYTOSOL,2.12618981009967,0.114255450768406,-0.442604154677998,0.884517238478148,TRUE,0.732686588716419
REACTOME_NUCLEAR_IMPORT_OF_REV_PROTEIN,-2.1151948182486,0.116591302205503,0.442847214358795,0.884517238478148,TRUE,0.732363363187406
GOBP_RESPONSE_TO_PROSTAGLANDIN,1.79811035084019,0.195449437221299,-0.459521714973532,0.877610369803671,TRUE,0.731979993234131
GOBP_REGULATION_OF_SMALL_GTPASE_MEDIATED_SIGNAL_TRANSDUCTION,0.429086436940306,0.807233051486641,-2.4737944251468,0.155342616927101,TRUE,0.731322907165993
GOBP_POSITIVE_REGULATION_OF_ATP_METABOLIC_PROCESS,0.495792202942252,0.772837386977714,-1.38440257541089,0.505197688776125,TRUE,0.730111593250022
GOBP_MITOCHONDRIAL_FISSION,-0.432150080694863,0.80606506846218,2.35088410252498,0.181836404037953,TRUE,0.73009146688601
GOBP_NEGATIVE_REGULATION_OF_ION_TRANSPORT,-1.30828105392622,0.37550302600875,0.505512231043425,0.866163512632807,TRUE,0.729247461529944
GOBP_PROTEIN_CONTAINING_COMPLEX_DISASSEMBLY,0.426117579178936,0.80851749708715,-2.52153242059839,0.146013490390689,TRUE,0.729034512895192
GOBP_PURINE_NUCLEOSIDE_MONOPHOSPHATE_METABOLIC_PROCESS,-0.445016605932066,0.8004094322978,2.01293914086255,0.281764608205245,TRUE,0.728891352566171
REACTOME_NS1_MEDIATED_EFFECTS_ON_HOST_PATHWAYS,-1.48777294684516,0.299761156940447,0.481056534955692,0.873863900495622,TRUE,0.727033910479145
KEGG_RIG_I_LIKE_RECEPTOR_SIGNALING_PATHWAY,-0.504840546090612,0.768992730613915,1.29779671830238,0.540161562237246,TRUE,0.726913192048095
GOBP_NEGATIVE_REGULATION_OF_RNA_CATABOLIC_PROCESS,-3.76900974939237,0.00294042860447778,0.402173893123463,0.896493499377199,TRUE,0.72679481607248
GOBP_GASTRULATION_WITH_MOUTH_FORMING_SECOND,0.539215073585091,0.750523967397984,-1.11310971738797,0.62036030822513,TRUE,0.726498254397272
GOBP_CELL_MIGRATION_IN_HINDBRAIN,0.635113379833846,0.702063372133259,-0.839883038258687,0.730488718145235,TRUE,0.723284407406785
GOBP_POSITIVE_REGULATION_OF_TYPE_I_INTERFERON_PRODUCTION,-1.42850013562126,0.324910928489392,0.484106090523836,0.873579624856969,TRUE,0.723144792184646
GOBP_REGULATION_OF_CD4_POSITIVE_ALPHA_BETA_T_CELL_DIFFERENTIATION,-1.54341071858129,0.27912664106539,0.471906996328787,0.875494923816982,TRUE,0.722810414376624
GOBP_POSITIVE_REGULATION_OF_TRANSMEMBRANE_RECEPTOR_PROTEIN_SERINE_THREONINE_KINASE_SIGNALING_PATHWAY,0.508023561658377,0.766939874309111,-1.23825562996158,0.566358104735134,TRUE,0.720461010353173
GOBP_TOR_SIGNALING,-3.79407377022795,0.00277476076465134,0.397318838381718,0.898419586663029,TRUE,0.719310799005084
GOBP_REGULATION_OF_RIG_I_SIGNALING_PATHWAY,-0.691574744329192,0.671616302325889,0.749048144904682,0.768947964123009,TRUE,0.719164998937642
GOBP_REGULATION_OF_EPITHELIAL_CELL_DIFFERENTIATION,0.497706183884328,0.771750421887669,-1.29339807029118,0.542572275743289,TRUE,0.718810439210646
REACTOME_ESTROGEN_DEPENDENT_NUCLEAR_EVENTS_DOWNSTREAM_OF_ESR_MEMBRANE_SIGNALING,0.465110988296864,0.789889061114976,-1.57040095982654,0.42826456590021,TRUE,0.717667850705226
GOBP_TRANSCYTOSIS,1.38026653136523,0.345425031823263,-0.48448695874749,0.873579624856969,TRUE,0.717222021664285
REACTOME_PLATELET_CALCIUM_HOMEOSTASIS,2.37297714156367,0.0739387814215345,-0.420560588727522,0.89159264002478,TRUE,0.714492346297354
GOBP_EPITHELIAL_STRUCTURE_MAINTENANCE,0.642073138985205,0.699350173654024,-0.804381441026192,0.744161026054853,TRUE,0.714120891064634
GOBP_REGULATION_OF_RESPONSE_TO_CYTOKINE_STIMULUS,-0.763432205870477,0.634125599320406,0.67047712373061,0.803085166351472,TRUE,0.713941696296449
REACTOME_PLATELET_HOMEOSTASIS,2.10749008226507,0.117655892730449,-0.429401580135191,0.887500695025167,TRUE,0.713439667019634
GOBP_RESPONSE_TO_INTERLEUKIN_1,-1.25848483944265,0.397665647917181,0.49710234783335,0.868330554733344,TRUE,0.712691198630019
GOBP_POSITIVE_REGULATION_OF_MACROPHAGE_DIFFERENTIATION,-0.531538939396375,0.753394423838764,1.07939521120253,0.635916841970717,TRUE,0.712307930822395
GOBP_CENTROSOME_DUPLICATION,-1.11369598690937,0.458281084085027,0.521998619299766,0.859571152806983,TRUE,0.710826783043206
KEGG_PANTOTHENATE_AND_COA_BIOSYNTHESIS,-0.481426939062596,0.780790958231476,1.34316388848401,0.519127702405832,TRUE,0.708800318109407
GOBP_MITOTIC_G1_S_TRANSITION_CHECKPOINT_SIGNALING,-3.72230137275458,0.00331104505490141,0.391433055390277,0.901361100928477,TRUE,0.708374264246228
GOBP_TOLERANCE_INDUCTION,-1.7995066885039,0.194953516184556,0.439320184718542,0.884919062063229,TRUE,0.706226658480204
GOBP_PYRIDINE_CONTAINING_COMPOUND_METABOLIC_PROCESS,1.23756296711345,0.406567430620569,-0.49360901908564,0.870113613167759,TRUE,0.705732587083733
GOBP_PROTEIN_ACTIVATION_CASCADE,1.89358493439907,0.16717791782458,-0.433127860942478,0.886556256894219,TRUE,0.70499839412176
REACTOME_BBSOME_MEDIATED_CARGO_TARGETING_TO_CILIUM,-0.598194029968027,0.719303489969925,0.856764503459228,0.724470259516715,TRUE,0.704503117144618
GOBP_INTERLEUKIN_1_MEDIATED_SIGNALING_PATHWAY,-0.524989473688411,0.756331643292293,1.05562476162431,0.646786960156042,TRUE,0.701236108895292
REACTOME_SIGNALING_BY_NOTCH1_HD_DOMAIN_MUTANTS_IN_CANCER,-1.04905904487994,0.490632721345266,0.525406075445817,0.858340652953416,TRUE,0.700151421032771
GOBP_LEFT_RIGHT_PATTERN_FORMATION,-6.45335572107873,2.01935095276242e-07,0.36996326347161,0.907551181219867,TRUE,0.69980739529234
GOBP_POSITIVE_REGULATION_OF_METAPHASE_ANAPHASE_TRANSITION_OF_CELL_CYCLE,0.970336555936323,0.530696814454548,-0.547070107733608,0.851081871981032,TRUE,0.699670216170096
GOBP_NUCLEOSIDE_TRIPHOSPHATE_METABOLIC_PROCESS,0.904618912509024,0.563199236510366,-0.570428422405521,0.840181157006206,TRUE,0.699666142131792
REACTOME_ECM_PROTEOGLYCANS,6.27532106031827,4.49138966540599e-07,-0.37041897088628,0.907343421210005,TRUE,0.699545260040145
GOBP_DOPAMINE_TRANSPORT,1.69213064081004,0.22959034727459,-0.440774574939189,0.884680295772416,TRUE,0.699373003954728
GOBP_SEROTONIN_TRANSPORT,-0.587829730533914,0.725981072077056,0.86308824212128,0.722182919507299,TRUE,0.699348878923442
GOBP_MANNOSYLATION,1.86407785555627,0.175981587105608,-0.43038230061638,0.887500695025167,TRUE,0.699307080006656
GOBP_CHROMOSOME_SEPARATION,1.27967411527019,0.388274019163095,-0.480918543169735,0.873863900495622,TRUE,0.69910437067605
GOBP_PHOSPHATIDYLGLYCEROL_METABOLIC_PROCESS,-0.438284010219439,0.803010790034949,1.71748566518818,0.375113487286031,TRUE,0.698355221729097
GOBP_MUSCLE_CELL_FATE_COMMITMENT,-0.556478403001871,0.740180091211369,0.936914287555755,0.690092370223713,TRUE,0.698239076413297
GOBP_INTERFERON_BETA_PRODUCTION,-1.05949099624948,0.484980915449424,0.520457240264336,0.859571152806983,TRUE,0.698022564599501
GOBP_REGULATION_OF_OLIGODENDROCYTE_DIFFERENTIATION,-0.745373141341109,0.642324583000301,0.656025459950829,0.809095944496687,TRUE,0.697851071682968
REACTOME_TRANSCRIPTIONAL_REGULATION_BY_RUNX1,-0.880508328175808,0.575825224843051,0.575812135433289,0.839269613799489,TRUE,0.696285458294291
REACTOME_IKK_COMPLEX_RECRUITMENT_MEDIATED_BY_RIP1,0.589731528947222,0.724684109637826,-0.84920023841006,0.728536548049774,TRUE,0.696072136762498
REACTOME_TRANSMISSION_ACROSS_CHEMICAL_SYNAPSES,3.13189523328479,0.0151418844463945,-0.391400562513847,0.901361100928477,TRUE,0.695840274043321
GOBP_REGULATION_OF_FEEDING_BEHAVIOR,-0.434292706776409,0.805115800679468,1.7378862705837,0.365977186261451,TRUE,0.694925547469037
GOBP_REGULATION_OF_UBIQUITIN_PROTEIN_TRANSFERASE_ACTIVITY,0.524892275501263,0.756331643292293,-1.02211586378807,0.660440749610967,TRUE,0.693597800740877
GOBP_SYNAPTIC_TRANSMISSION_CHOLINERGIC,0.440671579179806,0.802152619664234,-1.62506626075562,0.409889956217753,TRUE,0.693331459156876
GOBP_PROTEIN_TARGETING_TO_LYSOSOME,4.18218622395088,0.000830511631569482,-0.377651284534363,0.904733514156596,TRUE,0.692747492294583
GOBP_REGULATION_OF_FIBROBLAST_MIGRATION,0.557960423523961,0.73925109189662,-0.9133395189356,0.699975937031591,TRUE,0.692730679992513
GOBP_INNERVATION,1.73257635512049,0.216810319670236,-0.432747414060767,0.886556256894219,TRUE,0.692522705391739
GOBP_RETROGRADE_TRANSPORT_ENDOSOME_TO_GOLGI,-0.91629121413706,0.55690086842201,0.553727580610775,0.847571617258542,TRUE,0.690298272310264
REACTOME_AURKA_ACTIVATION_BY_TPX2,0.40977437288073,0.816241534977624,-2.18295425922974,0.22597760830426,TRUE,0.690021085527219
GOBP_POSITIVE_REGULATION_OF_EPITHELIAL_CELL_APOPTOTIC_PROCESS,-2.05963247829707,0.126902540039212,0.414322732228086,0.89256941769718,TRUE,0.689869042222961
GOBP_CELLULAR_HORMONE_METABOLIC_PROCESS,2.10940396203414,0.117330410215377,-0.41201340231639,0.893421842245383,TRUE,0.689376313136658
REACTOME_INWARDLY_RECTIFYING_K_CHANNELS,1.00335317695919,0.514746730434435,-0.524977468009855,0.858527938887964,TRUE,0.689298238039778
REACTOME_RNA_POLYMERASE_I_TRANSCRIPTION_TERMINATION,-1.6738851309636,0.235499163457434,0.433898568476411,0.886506558114037,TRUE,0.689156446472203
GOBP_POSITIVE_REGULATION_OF_CD4_POSITIVE_ALPHA_BETA_T_CELL_DIFFERENTIATION,-1.05884400938122,0.485203346975541,0.50875089457777,0.864173198657807,TRUE,0.68727939294845
GOBP_REGULATION_OF_ANOIKIS,0.429443231903732,0.807233051486641,-1.71911289166926,0.375093727320636,TRUE,0.687216301315981
REACTOME_RAB_GEFS_EXCHANGE_GTP_FOR_GDP_ON_RABS,0.465243754704108,0.789889061114976,-1.31155504169726,0.535539700874456,TRUE,0.686845120940184
GOBP_GLUTAMINE_FAMILY_AMINO_ACID_BIOSYNTHETIC_PROCESS,0.455801416042597,0.794691888120693,-1.38875202567122,0.505072882876512,TRUE,0.686339712927847
GOBP_POSITIVE_REGULATION_OF_PROTEIN_LOCALIZATION_TO_CELL_PERIPHERY,0.582784910114057,0.72782337202245,-0.832640546509085,0.733024622817682,TRUE,0.685660051942692
REACTOME_ACTIVATION_OF_BAD_AND_TRANSLOCATION_TO_MITOCHONDRIA,3.58854112989419,0.00487810595069155,-0.377637270652004,0.904733514156596,TRUE,0.683361533978943
GOBP_POST_GOLGI_VESICLE_MEDIATED_TRANSPORT,0.524888990852878,0.756331643292293,-0.978121791077672,0.676007884135415,TRUE,0.683169230749659
REACTOME_CARGO_TRAFFICKING_TO_THE_PERICILIARY_MEMBRANE,0.535443466365131,0.751410530713757,-0.935398710188995,0.690092370223713,TRUE,0.681042651347491
REACTOME_SYNAPTIC_ADHESION_LIKE_MOLECULES,0.626125009338349,0.70516072617037,-0.745931799927261,0.769401526408393,TRUE,0.680797692983592
GOBP_LYMPH_VESSEL_MORPHOGENESIS,-2.14262821834435,0.111600889211257,0.403976986239246,0.896493499377199,TRUE,0.679785377584232
GOBP_POSITIVE_REGULATION_OF_CYTOPLASMIC_TRANSLATION,0.646222771202755,0.697119833104357,-0.716715765807336,0.783187786878163,TRUE,0.67964627276702
GOBP_REGULATION_OF_CHOLESTEROL_BIOSYNTHETIC_PROCESS,0.528509069559878,0.754538750471096,-0.951833685595741,0.685591606264776,TRUE,0.679643594428335
GOBP_TOLL_LIKE_RECEPTOR_SIGNALING_PATHWAY,0.503331236862495,0.769266579048923,-1.04464216121144,0.650095534137845,TRUE,0.679341171799841
REACTOME_AFLATOXIN_ACTIVATION_AND_DETOXIFICATION,0.519139806276149,0.75978051351781,-0.980652250550724,0.676007884135415,TRUE,0.678888272621301
GOBP_PHOSPHOLIPID_HOMEOSTASIS,-0.759649420448427,0.636286387961336,0.613513320512437,0.826884222807897,TRUE,0.678805249315959
GOBP_REGULATION_OF_RNA_SPLICING,-4.85760046865405,8.04984175870066e-05,0.364839238823385,0.908149461719654,TRUE,0.678703194966285
REACTOME_INTERLEUKIN_6_FAMILY_SIGNALING,1.616327656333,0.253063348335358,-0.429430797064554,0.887500695025167,TRUE,0.678575589042602
REACTOME_ESTROGEN_DEPENDENT_GENE_EXPRESSION,-3.25423147411568,0.011236837061577,0.377753434894609,0.904733514156596,TRUE,0.676928538023208
REACTOME_G_ALPHA_12_13_SIGNALLING_EVENTS,1.04196834106899,0.494174996112973,-0.500637186039962,0.867377902551732,TRUE,0.676320794977501
REACTOME_TELOMERE_C_STRAND_LAGGING_STRAND_SYNTHESIS,-5.65217534435156,4.05125517895637e-06,0.359186349068801,0.910700434037502,TRUE,0.675449034602738
GOBP_TRNA_METABOLIC_PROCESS,-0.442005095164038,0.801736092900097,1.42083416415542,0.490445308677943,TRUE,0.67425671517065
GOBP_MONOAMINE_TRANSPORT,1.15089905829828,0.442409741088489,-0.476770165141615,0.874187562930622,TRUE,0.67423322402884
REACTOME_PRE_NOTCH_EXPRESSION_AND_PROCESSING,-0.411189621333173,0.815567941605738,1.86295842103566,0.32244848786208,TRUE,0.673684521353478
GOBP_REGULATION_OF_CAMP_DEPENDENT_PROTEIN_KINASE_ACTIVITY,-0.497773659785306,0.771750421887669,1.04121141797655,0.651012341520366,TRUE,0.673544695950113
GOBP_REGULATION_OF_PEPTIDYL_LYSINE_ACETYLATION,-3.85167618295347,0.00231432918421685,0.368977097930279,0.908025609980713,TRUE,0.673440913325042
GOBP_POSITIVE_REGULATION_OF_DNA_REPLICATION,-3.22195203944778,0.0121627638929402,0.375855663033242,0.905103765999342,TRUE,0.673181570661968
REACTOME_REGULATION_OF_GENE_EXPRESSION_IN_BETA_CELLS,0.472138772545959,0.786148652209617,-1.16755765578583,0.595461464338454,TRUE,0.672379629490558
GOBP_SOMATIC_DIVERSIFICATION_OF_IMMUNE_RECEPTORS_VIA_SOMATIC_MUTATION,-1.15679793434577,0.440518766721521,0.472204261583147,0.875494923816982,TRUE,0.670649696794503
GOBP_PHOSPHATIDYLINOSITOL_PHOSPHATE_BIOSYNTHETIC_PROCESS,-1.53413998389051,0.282330122220872,0.42850910329837,0.887584351061673,TRUE,0.669903706293914
GOBP_PROTON_TRANSMEMBRANE_TRANSPORT,1.70415083085435,0.226220360860183,-0.416512429934086,0.892221015318677,TRUE,0.669413212986434
KEGG_GLUTATHIONE_METABOLISM,0.47373872163182,0.785395850266953,-1.14008340534619,0.608497663331097,TRUE,0.669344713984971
GOBP_POSITIVE_REGULATION_OF_PEPTIDASE_ACTIVITY,0.394560275571897,0.821998877028838,-2.18794767795689,0.223809503269954,TRUE,0.668557274003331
GOBP_POSITIVE_REGULATION_OF_PEPTIDE_SECRETION,0.853667568218368,0.589373645232233,-0.548013628779379,0.85071549503252,TRUE,0.667514785576977
GOBP_POSITIVE_REGULATION_OF_CATION_CHANNEL_ACTIVITY,-0.565670129458784,0.735080247652794,0.813238842884204,0.741320604057187,TRUE,0.667230296940577
GOBP_CELLULAR_KETONE_METABOLIC_PROCESS,-0.394277763163452,0.822056853521884,2.16413546974297,0.23137797014404,TRUE,0.667031018459522
GOBP_POSITIVE_REGULATION_OF_MAST_CELL_ACTIVATION_INVOLVED_IN_IMMUNE_RESPONSE,0.447803371881162,0.798785250179432,-1.30420171641737,0.537459360880975,TRUE,0.666694326546822
GOBP_LIPOPROTEIN_CATABOLIC_PROCESS,-1.30349959340215,0.377693293753202,0.447877606967864,0.882169729475433,TRUE,0.666684799200535
GOBP_NEGATIVE_REGULATION_OF_LYASE_ACTIVITY,-1.49053192379516,0.299034583218515,0.429259380767896,0.887500695025167,TRUE,0.666556629465217
GOBP_NEGATIVE_REGULATION_OF_TELOMERE_MAINTENANCE,-2.79816568522933,0.0311691846650779,0.378162582327987,0.904733514156596,TRUE,0.666279724369697
REACTOME_TRANSCRIPTION_OF_E2F_TARGETS_UNDER_NEGATIVE_CONTROL_BY_P107_RBL1_AND_P130_RBL2_IN_COMPLEX_WITH_HDAC1,0.384599509849927,0.827684804056031,-2.4787286001167,0.155342616927101,TRUE,0.66588093857465
GOBP_RESPONSE_TO_ANTIBIOTIC,1.49001712936254,0.299034583218515,-0.428177476840049,0.887675425326666,TRUE,0.665200259489755
GOBP_REGULATION_OF_PROTEIN_TYROSINE_KINASE_ACTIVITY,0.404364738346374,0.81833372679468,-1.87054381762612,0.319547340061517,TRUE,0.664977903743889
GOBP_RNA_METHYLATION,-2.02537216368928,0.134385961700142,0.397335451269528,0.898419586663029,TRUE,0.664341134422779
GOBP_HISTONE_H2A_MONOUBIQUITINATION,-2.30690925725556,0.0834775356349552,0.388009938829093,0.90256107078813,TRUE,0.664289839259344
GOBP_CYTOKINE_PRODUCTION_INVOLVED_IN_IMMUNE_RESPONSE,-2.25480667580425,0.0919563645079043,0.389244711613136,0.902288456099446,TRUE,0.663883900625757
GOBP_NEGATIVE_REGULATION_OF_PROTEIN_CATABOLIC_PROCESS,-1.66277349302489,0.238252183054788,0.413805104225882,0.892750850124258,TRUE,0.662690215045211
GOBP_RESPONSE_TO_SALT,-1.62803061871176,0.24930599085151,0.415855524993602,0.892464931263372,TRUE,0.662488495002621
GOBP_INTRA_GOLGI_VESICLE_MEDIATED_TRANSPORT,0.823134445591221,0.604840301253724,-0.553825838495739,0.847571617258542,TRUE,0.662144187879123
GOBP_NEGATIVE_REGULATION_OF_ENDOCYTOSIS,1.07813700636002,0.475624558821314,-0.477437759922908,0.874018014757804,TRUE,0.661804663284048
GOBP_REGULATION_OF_ACTIN_FILAMENT_ORGANIZATION,0.3698201826158,0.834722792406199,-3.1387739584181,0.0555002911671084,TRUE,0.661679243498846
GOBP_MEMBRANE_LIPID_BIOSYNTHETIC_PROCESS,2.51650104323894,0.056666035497793,-0.380869280338498,0.904733514156596,TRUE,0.661605410609762
GOBP_POSITIVE_REGULATION_OF_LIPASE_ACTIVITY,-0.74978956822964,0.641335466765789,0.591969968228395,0.833946242643313,TRUE,0.66159828914585
GOBP_POSITIVE_REGULATION_OF_KERATINOCYTE_DIFFERENTIATION,0.535995378149324,0.7512112916496,-0.863641727785847,0.721878359394803,TRUE,0.661468565683413
REACTOME_MUSCLE_CONTRACTION,0.502439665976112,0.769465592498763,-0.961545756486596,0.682118063624103,TRUE,0.660004835153582
GOBP_SYNAPTIC_VESICLE_EXOCYTOSIS,0.475150504484579,0.784625639819629,-1.07799199553957,0.63642315613191,TRUE,0.659576877849908
GOBP_POSITIVE_REGULATION_OF_MITOCHONDRIAL_FISSION,-0.748996843490074,0.641467470104294,0.587699566675618,0.835569992755401,TRUE,0.658616447254405
GOBP_NEGATIVE_REGULATION_OF_SMOOTHENED_SIGNALING_PATHWAY,2.48425245928158,0.0601676329359527,-0.379555462751202,0.904733514156596,TRUE,0.658501978794817
GOBP_REGULATION_OF_CILIUM_DEPENDENT_CELL_MOTILITY,-0.381500582821752,0.828975900452977,2.32394311417496,0.19109093781902,TRUE,0.655408688405924
GOBP_REGULATION_OF_ESTABLISHMENT_OF_PLANAR_POLARITY,0.795446451988606,0.61787108454922,-0.553466829754748,0.847571617258542,TRUE,0.652752451888985
HALLMARK_XENOBIOTIC_METABOLISM,-0.594521487294679,0.721596248289557,0.722891789470064,0.780277279205117,TRUE,0.652452361622284
GOBP_INTERLEUKIN_1_PRODUCTION,0.579472582815428,0.729068241433622,-0.746230999363046,0.76937846383621,TRUE,0.652363636020752
GOBP_SECRETORY_GRANULE_ORGANIZATION,2.2205380873677,0.0978969730179418,-0.38207206910445,0.904733514156596,TRUE,0.651965166166747
GOBP_PROTEIN_TARGETING_TO_MEMBRANE,0.636384386313696,0.701933497954421,-0.664906917163275,0.805011186205589,TRUE,0.650333064247932
GOBP_REGULATION_OF_CHROMOSOME_SEGREGATION,0.870964353576353,0.580508329313832,-0.518638302666521,0.860401984027257,TRUE,0.650136169490644
GOBP_ENAMEL_MINERALIZATION,3.33192711101692,0.00938868900725853,-0.359791257584256,0.910453808680279,TRUE,0.649452707794766
GOBP_POSITIVE_REGULATION_OF_VASCULATURE_DEVELOPMENT,0.600792134322456,0.717766727705501,-0.705996834459713,0.787438181548174,TRUE,0.649159665611858
KEGG_EPITHELIAL_CELL_SIGNALING_IN_HELICOBACTER_PYLORI_INFECTION,0.527474309759376,0.755065742924781,-0.841316219343794,0.730488718145235,TRUE,0.648415784084209
GOBP_CELLULAR_RESPONSE_TO_TOXIC_SUBSTANCE,0.715454276780992,0.657597428838191,-0.592126887934599,0.833946242643313,TRUE,0.647974635611967
GOBP_IMPORT_ACROSS_PLASMA_MEMBRANE,1.31463264317812,0.372992835998013,-0.429587270971281,0.887500695025167,TRUE,0.647566794681461
REACTOME_TRANSPORT_OF_INORGANIC_CATIONS_ANIONS_AND_AMINO_ACIDS_OLIGOPEPTIDES,0.792228384168622,0.619366153315217,-0.546112965345398,0.851081871981032,TRUE,0.646540872799338
REACTOME_MISCELLANEOUS_TRANSPORT_AND_BINDING_EVENTS,3.92727569066996,0.00184984964184099,-0.352138658262854,0.912983872996895,TRUE,0.646324697530501
GOBP_AXIS_SPECIFICATION,-1.07006804840551,0.47996957508705,0.462529165602255,0.877149044185235,TRUE,0.645880962124894
HALLMARK_PANCREAS_BETA_CELLS,0.819912994785967,0.605809398323653,-0.531910565763114,0.857135481242289,TRUE,0.645232702936454
GOBP_MICROTUBULE_BUNDLE_FORMATION,0.402321285787872,0.818683487677186,-1.62350944727069,0.410534963288858,TRUE,0.644844011551305
GOBP_PH_REDUCTION,2.97923257379532,0.0213425369048671,-0.361371628994031,0.910005607099541,TRUE,0.644560123252879
GOBP_AMYLOID_PRECURSOR_PROTEIN_CATABOLIC_PROCESS,0.357506270557494,0.840299073419392,-3.25964582372021,0.0458051415683957,TRUE,0.644343279686848
GOBP_MACROPHAGE_ACTIVATION,0.567246671729302,0.734403905736009,-0.743952899253935,0.770914562795182,TRUE,0.643692715226726
REACTOME_CELLULAR_RESPONSE_TO_HEAT_STRESS,-2.29299031128423,0.0852905607648187,0.373741519746753,0.905762145675523,TRUE,0.642723556775958
GOBP_FLUID_TRANSPORT,-0.448037188485647,0.798785250179432,1.1324590055148,0.61196960287514,TRUE,0.642056274266434
GOBP_NEGATIVE_REGULATION_OF_CELL_CYCLE_G1_S_PHASE_TRANSITION,0.398208134254023,0.819941164920383,-1.63334283353439,0.406629311943628,TRUE,0.640309214636105
GOBP_NEGATIVE_REGULATION_OF_WOUND_HEALING,3.71430144555583,0.00339543697433755,-0.350130641825047,0.913537106978551,TRUE,0.639937251308435
GOBP_REGULATION_OF_HOMOTYPIC_CELL_CELL_ADHESION,4.02446215115384,0.00138045601365778,-0.34697704729585,0.913829933233114,TRUE,0.638872431146471
GOBP_MITOTIC_SPINDLE_ASSEMBLY,0.414749138134152,0.81376940607615,-1.38574541770413,0.505169269302551,TRUE,0.638420944737098
REACTOME_GLUCAGON_TYPE_LIGAND_RECEPTORS,0.433384125088679,0.805726054941032,-1.20251024733374,0.582094982025412,TRUE,0.637142422195867
GOBP_POSITIVE_REGULATION_OF_VOLTAGE_GATED_POTASSIUM_CHANNEL_ACTIVITY,-0.486655715158418,0.778103059691276,0.921256779642305,0.696475125144647,TRUE,0.636878894955506
GOBP_NEGATIVE_REGULATION_OF_NUCLEOCYTOPLASMIC_TRANSPORT,1.61559851456782,0.253231457661025,-0.396488126218033,0.898988396585355,TRUE,0.63671773846821
GOBP_PINOCYTOSIS,0.395160455066123,0.821662824627111,-1.63014119035162,0.407815319774927,TRUE,0.636119894593292
GOBP_APOPTOTIC_PROCESS_INVOLVED_IN_MORPHOGENESIS,-0.688230907950148,0.673017218306716,0.591120063917472,0.834112836105565,TRUE,0.635989821782177
REACTOME_RUNX2_REGULATES_BONE_DEVELOPMENT,0.369479328315095,0.834763715506115,-2.22764488582369,0.215630464693464,TRUE,0.633830859269567
GOBP_DNA_INTEGRITY_CHECKPOINT_SIGNALING,-2.37623375502141,0.0736971846988765,0.365467498393555,0.908149461719654,TRUE,0.633501702612059
GOBP_PHOSPHATIDYLINOSITOL_3_PHOSPHATE_BIOSYNTHETIC_PROCESS,-0.531729908835269,0.753394423838764,0.778124856131785,0.753724231398461,TRUE,0.631752878073956
GOBP_MYELOID_LEUKOCYTE_ACTIVATION,0.41417440910251,0.81389499787964,-1.32988677724385,0.524036382486668,TRUE,0.631635030296267
REACTOME_DOWNREGULATION_OF_TGF_BETA_RECEPTOR_SIGNALING,-2.07442886395214,0.1242800635701,0.37242560222783,0.906111961618461,TRUE,0.631480482075671
HALLMARK_COMPLEMENT,2.31501405000694,0.0821455326399856,-0.36511045892985,0.908149461719654,TRUE,0.630743713143679
GOBP_POSITIVE_REGULATION_OF_CELL_CELL_ADHESION,0.389784470927862,0.824818672454367,-1.64523189744105,0.401564461174537,TRUE,0.630251289046584
GOBP_NEURON_PROJECTION_EXTENSION,2.8430041393491,0.0283388341141438,-0.35427827137969,0.911914591234641,TRUE,0.630044182918655
GOBP_DENDRITIC_SPINE_DEVELOPMENT,1.45723208556128,0.312499761277184,-0.401680102849409,0.896739694456582,TRUE,0.629767385090054
REACTOME_HEDGEHOG_LIGAND_BIOGENESIS,-0.544275756833325,0.747285935821503,0.746624930214562,0.76937846383621,TRUE,0.629591188602543
GOBP_CELL_CYCLE_G1_S_PHASE_TRANSITION,0.34987985218486,0.843187341975047,-3.1392109046176,0.0555002911671084,TRUE,0.629589038429757
GOBP_POSITIVE_REGULATION_OF_SEQUESTERING_OF_CALCIUM_ION,1.37797076593862,0.345758565300627,-0.40767252200609,0.895314584640981,TRUE,0.629197131581025
GOBP_REGULATION_OF_MORPHOGENESIS_OF_AN_EPITHELIUM,1.76648663049377,0.205731801116019,-0.382600345850642,0.904714877182479,TRUE,0.62897258529488
REACTOME_BIOLOGICAL_OXIDATIONS,-0.735346565402071,0.647659068666202,0.549012505837588,0.850403837457608,TRUE,0.628662917669575
GOBP_REGULATION_OF_DNA_BIOSYNTHETIC_PROCESS,-1.72168975360759,0.220232768530099,0.384364099585547,0.903776844729942,TRUE,0.628431918687842
GOBP_POSITIVE_REGULATION_OF_NITRIC_OXIDE_SYNTHASE_ACTIVITY,0.95955454283843,0.53501291469363,-0.466845518991333,0.876583343463146,TRUE,0.628103924753421
REACTOME_INTERACTIONS_OF_REV_WITH_HOST_CELLULAR_PROTEINS,-1.97569425223763,0.146647343118647,0.373113069852814,0.905868944010112,TRUE,0.627686520396974
GOBP_POSITIVE_REGULATION_OF_DNA_RECOMBINATION,-1.54124596254245,0.280075003670356,0.393513546676877,0.900914464255331,TRUE,0.626952509737212
GOBP_REGULATION_OF_ODONTOGENESIS,2.48210364881195,0.0604229266290968,-0.358254435921297,0.910954146321084,TRUE,0.626135590003843
GOBP_CELLULAR_RESPONSE_TO_PROSTAGLANDIN_STIMULUS,3.01637478374189,0.0196597159228055,-0.349059935147459,0.913774975342464,TRUE,0.625711490098877
GOBP_REGULATION_OF_TELOMERE_MAINTENANCE_VIA_TELOMERE_LENGTHENING,-1.388306904434,0.34211334594877,0.403691854650327,0.896493499377199,TRUE,0.625500644164723
GOBP_T_CELL_CYTOKINE_PRODUCTION,-1.32869867044844,0.366976286438846,0.408477779960987,0.89476842399645,TRUE,0.624857518663664
REACTOME_PROLACTIN_RECEPTOR_SIGNALING,-1.38926121163338,0.341843380742894,0.4025777180004,0.896493499377199,TRUE,0.62425879808309
GOBP_RESPONSE_TO_BMP,0.856959589042318,0.58800020647483,-0.49056934732739,0.871695994449269,TRUE,0.62395410582426
REACTOME_SIGNALING_BY_BRAF_AND_RAF1_FUSIONS,1.16008736314875,0.43846388567188,-0.425718929857498,0.888686105772225,TRUE,0.622864410311615
GOBP_POSITIVE_REGULATION_OF_VASOCONSTRICTION,1.51553596538751,0.288835794045331,-0.391819575070317,0.901361100928477,TRUE,0.622659640917688
GOBP_AMINOGLYCAN_BIOSYNTHETIC_PROCESS,2.91857391453467,0.0242704602581888,-0.348445978725972,0.913778320724151,TRUE,0.622564525078019
GOBP_AMMONIUM_ION_METABOLIC_PROCESS,-0.761076749533354,0.63533591625583,0.524608934576958,0.858655424270847,TRUE,0.62109684760203
REACTOME_NUCLEOTIDE_BINDING_DOMAIN_LEUCINE_RICH_REPEAT_CONTAINING_RECEPTOR_NLR_SIGNALING_PATHWAYS,-0.969589747926075,0.530962299327655,0.456245755215493,0.87935111883763,TRUE,0.62050805414376
GOBP_METAL_ION_EXPORT,0.571013107728216,0.732427851523109,-0.67585913023873,0.800853524962806,TRUE,0.619028013605251
GOBP_BIOLOGICAL_PROCESS_INVOLVED_IN_INTRASPECIES_INTERACTION_BETWEEN_ORGANISMS,-0.47707891503415,0.783303441062735,0.878516013022282,0.716367754712878,TRUE,0.618357973548496
GOBP_FATTY_ACID_DERIVATIVE_BIOSYNTHETIC_PROCESS,1.48487017148281,0.300879350927678,-0.390207240225731,0.902276657679302,TRUE,0.618008715896021
REACTOME_MAP3K8_TPL2_DEPENDENT_MAPK1_3_ACTIVATION,-0.908967707148463,0.56088895729346,0.468047471259003,0.876202479809206,TRUE,0.617916263318111
GOBP_REGULATION_OF_CHROMOSOME_SEPARATION,0.824219659578263,0.604450355453327,-0.493260763506313,0.870220816663026,TRUE,0.617170792760066
GOBP_POSITIVE_REGULATION_OF_MEMBRANE_POTENTIAL,2.72587865542469,0.0366490905899402,-0.347833873050105,0.913778320724151,TRUE,0.616943140516439
GOBP_DNA_DEPENDENT_DNA_REPLICATION_MAINTENANCE_OF_FIDELITY,-1.64454420086111,0.243376817313399,0.37947842652839,0.904733514156596,TRUE,0.616662123490251
GOBP_DECIDUALIZATION,-0.809874112688255,0.609951643848217,0.497210948735654,0.868330554733344,TRUE,0.616147009571825
GOBP_CELL_FATE_COMMITMENT,-2.02641790056981,0.134259452204771,0.363188380658654,0.908582706322539,TRUE,0.615977152074865
REACTOME_CHONDROITIN_SULFATE_DERMATAN_SULFATE_METABOLISM,1.35576619550612,0.355665896218138,-0.398402453139434,0.898290628936858,TRUE,0.615836542957503
GOBP_NEGATIVE_REGULATION_OF_CELL_PROJECTION_ORGANIZATION,1.67028630639276,0.236536659917097,-0.376578013328393,0.904867434376431,TRUE,0.61459188368352
GOBP_REGULATION_OF_NERVOUS_SYSTEM_PROCESS,-0.439534493843046,0.802670764820042,1.01863519254372,0.661734012215524,TRUE,0.614092184120008
GOBP_CELLULAR_ANION_HOMEOSTASIS,1.17998340019379,0.430299652442282,-0.414488436725736,0.89256941769718,TRUE,0.613481484694706
GOBP_LONG_CHAIN_FATTY_ACID_METABOLIC_PROCESS,0.868097772167591,0.581682742194024,-0.473230062838421,0.875494923816982,TRUE,0.61254221757192
GOBP_NATURAL_KILLER_CELL_ACTIVATION,0.548519171101596,0.744754359358114,-0.692421121189936,0.792742906874564,TRUE,0.612126565327309
GOBP_TYROSINE_PHOSPHORYLATION_OF_STAT_PROTEIN,-1.17907876757372,0.430347376218762,0.412224954649894,0.893421842245383,TRUE,0.610877338755361
GOBP_ORGANIC_HYDROXY_COMPOUND_CATABOLIC_PROCESS,-1.13900527305985,0.44753243191341,0.416953298752477,0.892221015318677,TRUE,0.610442995722706
GOBP_PEPTIDYL_TYROSINE_DEPHOSPHORYLATION,-0.623436751987591,0.706410399098576,0.593121622333835,0.833506344454803,TRUE,0.607901479397024
GOBP_HETEROPHILIC_CELL_CELL_ADHESION_VIA_PLASMA_MEMBRANE_CELL_ADHESION_MOLECULES,1.55064779906621,0.276869992683275,-0.377373531804788,0.904733514156596,TRUE,0.607019670528832
GOBP_CAMERA_TYPE_EYE_MORPHOGENESIS,-1.22580603269173,0.411621816729373,0.40270337737245,0.896493499377199,TRUE,0.60624301747084
GOBP_POSITIVE_REGULATION_OF_T_CELL_CYTOKINE_PRODUCTION,-0.378383260539812,0.82979595965772,1.5151463730624,0.45037396139159,TRUE,0.605542173368341
GOBP_TRANSPORT_OF_VIRUS,-0.439007384078285,0.802670764820042,0.973618526251279,0.677677936436345,TRUE,0.605150619387989
HALLMARK_PROTEIN_SECRETION,1.86177346174561,0.176373096529139,-0.36118826026143,0.910005607099541,TRUE,0.605004315631367
REACTOME_CRMPS_IN_SEMA3A_SIGNALING,2.82814047966415,0.0292563533237037,-0.338704570235352,0.91537042921405,TRUE,0.604957988557253
GOBP_INTERLEUKIN_6_MEDIATED_SIGNALING_PATHWAY,0.350384011226316,0.843129036565248,-2.18901745605953,0.223541634918279,TRUE,0.604076769096572
GOBP_POSITIVE_REGULATION_OF_NUCLEOTIDE_BIOSYNTHETIC_PROCESS,1.87061367317213,0.173895290794013,-0.360059370209912,0.910424377494792,TRUE,0.603882297378041
REACTOME_REGULATION_OF_GLUCOKINASE_BY_GLUCOKINASE_REGULATORY_PROTEIN,-2.65180367412706,0.0432129534427812,0.34038324584004,0.914728051345934,TRUE,0.603324301638105
GOBP_PEPTIDE_CROSS_LINKING,2.87281022545884,0.0267169685756275,-0.336342236857129,0.916422909223141,TRUE,0.602182307411808
GOBP_REGULATION_OF_TRIGLYCERIDE_METABOLIC_PROCESS,-4.04223349908755,0.00130435923547493,0.324748414137637,0.920468374794074,TRUE,0.601197323225562
GOBP_T_HELPER_CELL_LINEAGE_COMMITMENT,-1.89563785637026,0.166675738543771,0.357167724975214,0.910954146321084,TRUE,0.601082193814778
GOBP_OUTFLOW_TRACT_MORPHOGENESIS,-0.374594348250428,0.832194203430277,1.51754529593549,0.449327157826602,TRUE,0.600868855338672
GOBP_NEURON_CELLULAR_HOMEOSTASIS,1.1149509643328,0.457966091559578,-0.411030939998456,0.893682171143091,TRUE,0.600635356973949
GOBP_TRANSPOSITION,-4.77639512421899,0.000104422633557642,0.319862829672457,0.921935158545307,TRUE,0.599573755445329
KEGG_RETINOL_METABOLISM,1.37744883121237,0.345813832210382,-0.382564879432115,0.904714877182479,TRUE,0.598817546533435
GOBP_LABYRINTHINE_LAYER_DEVELOPMENT,-0.848792967244291,0.592384079030097,0.461805796575688,0.877149044185235,TRUE,0.59816554568326
GOBP_NUCLEAR_MEMBRANE_REASSEMBLY,0.482217870137935,0.78047037648689,-0.787396552413732,0.748435290557656,TRUE,0.598129135451674
GOBP_REGULATION_OF_NITRIC_OXIDE_SYNTHASE_ACTIVITY,2.30218583220489,0.0842188601202675,-0.343469376475247,0.914138493012088,TRUE,0.597757659216705
REACTOME_RAC1_GTPASE_CYCLE,0.385735791734429,0.827639770910109,-1.30612011480939,0.537195063265708,TRUE,0.595579416234659
GOBP_ANTIGEN_PROCESSING_AND_PRESENTATION_OF_PEPTIDE_ANTIGEN_VIA_MHC_CLASS_I,-4.23745373804791,0.000685741719237908,0.319907954289413,0.921935158545307,TRUE,0.594903476287261
GOBP_CELLULAR_SENESCENCE,-0.839774055311058,0.596373057239464,0.460526526485701,0.877149044185235,TRUE,0.594844352358617
GOBP_PIGMENT_GRANULE_ORGANIZATION,1.56244443731174,0.272271115569121,-0.36732994009566,0.908025609980713,TRUE,0.594818366623337
GOBP_INNATE_IMMUNE_RESPONSE_IN_MUCOSA,1.93217925786202,0.157473734114769,-0.350715784769371,0.913506942060763,TRUE,0.593672290737543
GOBP_POSITIVE_REGULATION_OF_ION_TRANSMEMBRANE_TRANSPORT,-0.918310218976279,0.556325362532231,0.438454725337206,0.884919062063229,TRUE,0.593525734171038
GOBP_REGULATION_OF_CELL_AGING,0.73244792681637,0.649251552847228,-0.498820645038398,0.868042639925081,TRUE,0.593469460137694
GOBP_MANGANESE_ION_TRANSPORT,0.335345034305938,0.84939715656693,-2.55462184819664,0.13752476501356,TRUE,0.592864753232297
GOBP_COCHLEA_DEVELOPMENT,2.53969171588561,0.0544597401180105,-0.334451909840077,0.917303102784516,TRUE,0.591066317758215
GOBP_RESPONSE_TO_ALKALOID,-1.11473046112194,0.457975711007456,0.401313322591127,0.896864005719797,TRUE,0.59016261924933
GOBP_DICARBOXYLIC_ACID_CATABOLIC_PROCESS,-2.78675936506658,0.0318068781084125,0.329381947184069,0.918954499445458,TRUE,0.589131322376459
GOBP_MAINTENANCE_OF_GASTROINTESTINAL_EPITHELIUM,0.399867055518078,0.819172066902841,-1.11342441106993,0.62036030822513,TRUE,0.588415055032745
GOBP_RESPONSE_TO_PROGESTERONE,0.685100588011816,0.674787734616254,-0.514909469288465,0.862153491655563,TRUE,0.587936372760094
GOBP_CEREBRAL_CORTEX_CELL_MIGRATION,1.95246246796924,0.15276864661048,-0.34588830933932,0.914040179429268,TRUE,0.587668295685652
GOBP_POSITIVE_REGULATION_OF_STEM_CELL_DIFFERENTIATION,0.516413063583723,0.761059078367452,-0.681383396250368,0.79833397128596,TRUE,0.587537697651024
REACTOME_TIGHT_JUNCTION_INTERACTIONS,-1.94313716446637,0.155485410580439,0.345764824199784,0.914040179429268,TRUE,0.587066185790952
KEGG_GLYCOSAMINOGLYCAN_DEGRADATION,0.672160070470016,0.681300732739295,-0.520381317895334,0.859571152806983,TRUE,0.586611998074566
REACTOME_PI_3K_CASCADE_FGFR2,1.82246154076905,0.187994812294773,-0.349507169133539,0.913678167957975,TRUE,0.586530893437692
GOBP_FATTY_ACID_DERIVATIVE_METABOLIC_PROCESS,0.844517810120222,0.593854053536291,-0.448197271515957,0.882169729475433,TRUE,0.585605573292201
GOBP_POSITIVE_REGULATION_OF_EPITHELIAL_CELL_PROLIFERATION,0.407897411033448,0.817065493526567,-1.03734767927796,0.651668597524745,TRUE,0.585549725172031
REACTOME_VEGFR2_MEDIATED_VASCULAR_PERMEABILITY,0.357438478468901,0.840299073419392,-1.61347528077377,0.411193440396687,TRUE,0.585229208231378
KEGG_CALCIUM_SIGNALING_PATHWAY,0.599429094600397,0.718590905351438,-0.570379531608643,0.840181157006206,TRUE,0.584543622863781
GOBP_LUNG_ALVEOLUS_DEVELOPMENT,-0.343881658745731,0.8469840624465,1.94652252528144,0.297412538723901,TRUE,0.584502420531529
GOBP_N_TERMINAL_PROTEIN_AMINO_ACID_MODIFICATION,0.356308393496949,0.840309060597544,-1.61800737576563,0.410534963288858,TRUE,0.584009526440237
GOBP_LOCOMOTORY_BEHAVIOR,1.90080360947634,0.165274657943589,-0.344353468810522,0.914070970605463,TRUE,0.583075743591342
REACTOME_VOLTAGE_GATED_POTASSIUM_CHANNELS,1.18553617705583,0.428637762555497,-0.385574082227073,0.903263133854242,TRUE,0.581896809233406
GOBP_CELLULAR_RESPONSE_TO_MECHANICAL_STIMULUS,0.412766502082001,0.814373047369225,-0.983512357783977,0.675980989832083,TRUE,0.581489797411786
REACTOME_REGULATION_OF_MRNA_STABILITY_BY_PROTEINS_THAT_BIND_AU_RICH_ELEMENTS,-0.630979041094032,0.70325555596463,0.538028202936135,0.853673999610252,TRUE,0.580808239305362
GOBP_PROTEIN_LOCALIZATION_TO_CELL_CELL_JUNCTION,3.69741536439227,0.00357159896128059,-0.314546294025574,0.923580049345319,TRUE,0.579770396311041
GOBP_EOSINOPHIL_CHEMOTAXIS,-0.425364283189079,0.808800841785234,0.905322418785823,0.701627928314257,TRUE,0.57878660867402
REACTOME_SIGNALING_BY_PDGFR_IN_DISEASE,1.04982602514345,0.490202999166403,-0.398431037990659,0.898290628936858,TRUE,0.577636779484886
GOBP_BRANCHED_CHAIN_AMINO_ACID_CATABOLIC_PROCESS,-5.54901549454699,5.8968304474993e-06,0.303757018772621,0.925906616607774,TRUE,0.57598425358605
GOBP_UNSATURATED_FATTY_ACID_METABOLIC_PROCESS,0.85980965994872,0.58649257067347,-0.431332713442999,0.887437506632853,TRUE,0.574474266065572
GOBP_POSITIVE_REGULATION_OF_EPITHELIAL_TO_MESENCHYMAL_TRANSITION,1.82915030333256,0.186126881083985,-0.339900635577965,0.914728051345934,TRUE,0.573273167095511
GOBP_POSITIVE_REGULATION_OF_INTERFERON_BETA_PRODUCTION,-1.49951595732863,0.295928833576025,0.353786424199322,0.911914591234641,TRUE,0.572500627917763
GOBP_METHIONINE_METABOLIC_PROCESS,-0.356964972345785,0.840299073419392,1.44113010812988,0.483981199462004,TRUE,0.572197738352271
GOBP_MITOTIC_CHROMOSOME_CONDENSATION,0.378281060008905,0.82979595965772,-1.17079873710719,0.594835610603111,TRUE,0.571811714483037
HALLMARK_HEDGEHOG_SIGNALING,0.353568165029753,0.841684751918818,-1.49263076093402,0.46030544711996,TRUE,0.571711652291104
REACTOME_PHASE_II_CONJUGATION_OF_COMPOUNDS,0.986645581040932,0.522838108867415,-0.402352383611087,0.896493499377199,TRUE,0.571605159134439
GOBP_POSITIVE_REGULATION_OF_NATURAL_KILLER_CELL_ACTIVATION,-4.14007334197269,0.000961132269572234,0.30697419256835,0.925448482784054,TRUE,0.5715682872533
GOBP_REGULATION_OF_CALCIUM_ION_TRANSMEMBRANE_TRANSPORTER_ACTIVITY,-2.37291687778603,0.0739387814215345,0.323962320502214,0.920760455969727,TRUE,0.570092763943124
GOBP_TRNA_THREONYLCARBAMOYLADENOSINE_METABOLIC_PROCESS,-2.12638750589151,0.114255450768406,0.328709798929747,0.919199190414448,TRUE,0.569398539223448
GOBP_POSITIVE_REGULATION_OF_TRIGLYCERIDE_METABOLIC_PROCESS,-0.9266546712372,0.55243234277208,0.410612141016027,0.893856793133314,TRUE,0.569064684852372
REACTOME_PYROPTOSIS,-1.61861816038699,0.252027418168671,0.344752405096789,0.914070970605463,TRUE,0.568433197010118
GOBP_EMBRYONIC_CAMERA_TYPE_EYE_DEVELOPMENT,-2.43298877375243,0.0660146111892612,0.321202021511666,0.921566992797259,TRUE,0.567484949690665
GOBP_SUPEROXIDE_ANION_GENERATION,0.40048601331799,0.819172066902841,-0.972658386254369,0.677677936436345,TRUE,0.567363606555342
GOBP_LEUKOCYTE_CHEMOTAXIS,0.34272243944199,0.8469840624465,-1.64174177092649,0.402260836974483,TRUE,0.567066658825017
REACTOME_RAB_GERANYLGERANYLATION,0.404047279772878,0.818422408926536,-0.949534746598793,0.685591606264776,TRUE,0.566876515701791
GOBP_RNA_EXPORT_FROM_NUCLEUS,-3.3822727289649,0.00831809204334087,0.308662459041645,0.925448482784054,TRUE,0.565699783114128
GOBP_REGULATION_OF_LEUKOCYTE_CHEMOTAXIS,0.460726592992718,0.792254934856472,-0.725515475471418,0.779557249229541,TRUE,0.563568401532447
GOBP_REGULATION_OF_CIRCADIAN_SLEEP_WAKE_CYCLE,-2.69371208695452,0.0394549510037841,0.314674749787091,0.923580049345319,TRUE,0.563520067704432
GOBP_MEMBRANE_DEPOLARIZATION,2.64063701929216,0.0440621941460593,-0.313519806207304,0.924030716596638,TRUE,0.560492929424854
GOBP_REACTIVE_OXYGEN_SPECIES_BIOSYNTHETIC_PROCESS,0.567262742961531,0.734403905736009,-0.552807652160554,0.847571617258542,TRUE,0.559941922329872
GOBP_GOLGI_TO_VACUOLE_TRANSPORT,2.0448718410864,0.130214560823387,-0.323680049448255,0.920802955509339,TRUE,0.558893576520953
GOBP_POSITIVE_REGULATION_OF_VASCULAR_PERMEABILITY,-0.4184553985681,0.812219814012675,0.84093915567661,0.730488718145235,TRUE,0.558832858811618
GOBP_PROXIMAL_DISTAL_PATTERN_FORMATION,-2.10558875601279,0.118132307576941,0.322137653833954,0.921566992797259,TRUE,0.558785717410334
REACTOME_OTHER_SEMAPHORIN_INTERACTIONS,0.769311916714966,0.630972133625292,-0.438582699739125,0.884919062063229,TRUE,0.558669428240067
GOBP_OXYGEN_TRANSPORT,0.359099875660545,0.840093063247608,-1.25438895948479,0.561241588217937,TRUE,0.558356413219772
GOBP_MITOCHONDRIAL_TRANSPORT,-0.537977015919085,0.750523967397984,0.577216497167261,0.839269613799489,TRUE,0.556906411383092
GOBP_REGULATION_OF_RRNA_PROCESSING,-1.15632744719221,0.440587890658924,0.366558319412898,0.908149461719654,TRUE,0.556655600871069
GOBP_BILE_ACID_AND_BILE_SALT_TRANSPORT,3.31826093698786,0.00971657307431333,-0.303760470847851,0.925906616607774,TRUE,0.556571257384011
GOBP_VESICLE_BUDDING_FROM_MEMBRANE,0.35673767561576,0.840299073419392,-1.24569237984199,0.564525615062352,TRUE,0.554639377367585
KEGG_NATURAL_KILLER_CELL_MEDIATED_CYTOTOXICITY,0.690215055283485,0.672044005781919,-0.46208151674894,0.877149044185235,TRUE,0.553565162596651
REACTOME_NEUROTRANSMITTER_RECEPTORS_AND_POSTSYNAPTIC_SIGNAL_TRANSMISSION,3.68613493601908,0.00365219148644104,-0.298646449256497,0.927246148023696,TRUE,0.55252773172965
GOBP_THIOESTER_BIOSYNTHETIC_PROCESS,-0.841245443408728,0.595745473358848,0.411087134338698,0.893682171143091,TRUE,0.552289678878143
GOBP_NEUROTROPHIN_TRK_RECEPTOR_SIGNALING_PATHWAY,-2.83635513493258,0.0287585668057859,0.305197723193625,0.925448482784054,TRUE,0.551096332573752
GOBP_NEGATIVE_REGULATION_OF_PROTEIN_LOCALIZATION,0.728131894201762,0.6513080122986,-0.442512169075805,0.884517238478148,TRUE,0.550478551053992
GOBP_CELLULAR_RESPONSE_TO_DSRNA,-1.3918624375345,0.340877134502187,0.342817663736307,0.914138493012088,TRUE,0.550136049555581
GOBP_PROTEIN_LOCALIZATION_TO_ENDOSOME,2.21787923764507,0.0984688514261784,-0.313659720214521,0.924030716596638,TRUE,0.549594055417994
GOBP_PROTEIN_CONTAINING_COMPLEX_REMODELING,-0.562701458041936,0.736574325867866,0.534817280084789,0.855675031717323,TRUE,0.548405148514166
GOBP_NEGATIVE_REGULATION_OF_AMINE_TRANSPORT,0.30109222174416,0.867076801748526,-3.06338393092708,0.0610874399516481,TRUE,0.548294017828529
REACTOME_RNA_POLYMERASE_III_CHAIN_ELONGATION,-0.721954824293768,0.653803801055944,0.441560984916166,0.884517238478148,TRUE,0.547972070094347
GOBP_IMMUNOGLOBULIN_PRODUCTION_INVOLVED_IN_IMMUNOGLOBULIN_MEDIATED_IMMUNE_RESPONSE,-2.32415844582456,0.0807975438160179,0.309349834676901,0.925435441961455,TRUE,0.546022988651356
GOBP_MRNA_TRANSPORT,-3.36652737835969,0.0087293354281337,0.297014902319679,0.927547963522108,TRUE,0.545869938891277
GOBP_CELL_PROLIFERATION_IN_HINDBRAIN,-4.00168467218391,0.00145872282506918,0.292618680797926,0.929422383752701,TRUE,0.545358626763362
KEGG_PROGESTERONE_MEDIATED_OOCYTE_MATURATION,0.357228948991618,0.840299073419392,-1.1482601822803,0.606269788910373,TRUE,0.544928248984917
REACTOME_REGULATION_OF_TLR_BY_ENDOGENOUS_LIGAND,1.59595962828879,0.259937342997238,-0.327742227167334,0.919263050681769,TRUE,0.543809178705082
GOBP_T_CELL_MEDIATED_IMMUNITY,-1.20393501211399,0.418788108390465,0.350970092377136,0.913506942060763,TRUE,0.543499640199588
GOBP_INTERLEUKIN_12_PRODUCTION,-1.35179696846857,0.356830703814569,0.339974233917,0.914728051345934,TRUE,0.543307674369177
GOBP_CERAMIDE_BIOSYNTHETIC_PROCESS,2.95361619443217,0.0225608934751842,-0.299147768564296,0.927246148023696,TRUE,0.543271939686521
GOBP_RESPONSE_TO_MUSCLE_ACTIVITY,-0.306205043808987,0.863795116633833,2.37761563316375,0.17651812692577,TRUE,0.542538408292645
GOBP_VIRAL_RNA_GENOME_REPLICATION,0.323737907085015,0.853973096164156,-1.67325032777553,0.392074448687824,TRUE,0.54251151778187
GOBP_PROTEIN_METHYLATION,-3.90850550388314,0.00192815167811619,0.291193388448119,0.929536149721136,TRUE,0.542005982153676
GOBP_MITOCHONDRIAL_CALCIUM_ION_HOMEOSTASIS,1.88416374202038,0.170042170443527,-0.315939012141957,0.922723993434035,TRUE,0.541139117472045
GOBP_PYRIMIDINE_RIBONUCLEOTIDE_METABOLIC_PROCESS,-2.06911577045841,0.125197572059671,0.309751899797335,0.925396692944647,TRUE,0.538838329524413
HALLMARK_KRAS_SIGNALING_UP,1.06832846982015,0.4803041738309,-0.359056743514807,0.910700434037502,TRUE,0.537473049032861
GOBP_METAPHASE_ANAPHASE_TRANSITION_OF_CELL_CYCLE,0.517733161249242,0.760391240151437,-0.557893454588943,0.8456182756847,TRUE,0.537063582532335
GOBP_DE_NOVO_PROTEIN_FOLDING,-0.419378606471831,0.811787727678152,0.739064578665946,0.77337293400654,TRUE,0.535111047430008
REACTOME_SCAVENGING_OF_HEME_FROM_PLASMA,0.352825816334242,0.841942506841163,-1.10647239081227,0.621825238693696,TRUE,0.535040778680877
GOBP_AMINE_TRANSPORT,0.344626792603393,0.846813932264315,-1.19089578569848,0.587208878561253,TRUE,0.534560156587264
GOBP_DEVELOPMENTAL_GROWTH_INVOLVED_IN_MORPHOGENESIS,2.52769745427055,0.055561408573972,-0.298751373261397,0.927246148023696,TRUE,0.534347608417212
GOBP_PYRIMIDINE_RIBONUCLEOTIDE_BIOSYNTHETIC_PROCESS,-2.44741396935655,0.064151122290102,0.299809062402031,0.927246148023696,TRUE,0.534180792007063
GOBP_PHOTORECEPTOR_CELL_MAINTENANCE,-2.07506860924263,0.1242800635701,0.306508913093593,0.925448482784054,TRUE,0.534122461308483
KEGG_PRIMARY_IMMUNODEFICIENCY,0.716473743626178,0.656901563320551,-0.425251552502027,0.888686105772225,TRUE,0.533721330055839
GOBP_SMOOTH_MUSCLE_TISSUE_DEVELOPMENT,-1.44650763895827,0.31669765528808,0.32706873321371,0.919520090817997,TRUE,0.533506680040683
GOBP_NEGATIVE_REGULATION_OF_MAP_KINASE_ACTIVITY,0.286382019326145,0.875163995248142,-3.84925146851383,0.0159270716111883,TRUE,0.533101596980672
GOBP_SEGMENT_SPECIFICATION,-0.311866994538706,0.860660030053779,1.8256430319683,0.3359876665584,TRUE,0.532729950662169
GOBP_REGULATION_OF_HAIR_FOLLICLE_DEVELOPMENT,-0.455395961967495,0.794860060578519,0.641532296517434,0.814844621509817,TRUE,0.532671512555052
GOBP_BONE_DEVELOPMENT,0.736641879387178,0.646906449816421,-0.412790970306649,0.893130255011554,TRUE,0.52909418108547
GOBP_MESODERMAL_CELL_FATE_COMMITMENT,-1.07364469100733,0.477885899705576,0.350399619623473,0.913506942060763,TRUE,0.52836093446149
GOBP_STRIATED_MUSCLE_CELL_DIFFERENTIATION,2.13560016385207,0.112967257554598,-0.301267562846121,0.926925378347899,TRUE,0.528044300089476
GOBP_STEROID_CATABOLIC_PROCESS,-0.377380626362772,0.830203639812594,0.875789244478714,0.717317244047598,TRUE,0.527471815806145
GOBP_REGULATION_OF_EXTENT_OF_CELL_GROWTH,2.89115619358196,0.0255669701305005,-0.290162266242801,0.929844250228499,TRUE,0.527394188155474
GOBP_GLYCEROLIPID_BIOSYNTHETIC_PROCESS,-1.54886926974679,0.277064377583427,0.317675494849066,0.922310588249655,TRUE,0.527217799493664
GOBP_CARDIOBLAST_DIFFERENTIATION,-1.92049807893514,0.160215522549155,0.305392647110892,0.925448482784054,TRUE,0.526985431256302
REACTOME_ACTIVATION_OF_MATRIX_METALLOPROTEINASES,1.80356459974978,0.193936390941233,-0.308450941956489,0.925448482784054,TRUE,0.526805971534435
GOBP_POSITIVE_REGULATION_OF_LEUKOCYTE_PROLIFERATION,-0.65665446605641,0.690951104393647,0.439158176142356,0.884919062063229,TRUE,0.526322049160587
GOBP_NEUROTRANSMITTER_SECRETION,1.01616568751993,0.506957852483586,-0.355069280521386,0.911914591234641,TRUE,0.526254402735375
GOBP_REGULATION_OF_CHROMATIN_ORGANIZATION,-3.76659221816445,0.00294853645277968,0.282688504687917,0.931635894679924,TRUE,0.525906893000994
GOBP_NEGATIVE_REGULATION_OF_PROTEOLYSIS_INVOLVED_IN_CELLULAR_PROTEIN_CATABOLIC_PROCESS,-3.22748165878579,0.0120193104083826,0.286004400704265,0.93110497563752,TRUE,0.525446204695637
GOBP_LONG_TERM_MEMORY,-0.310315486822386,0.86137958718196,1.65679095351678,0.397996132401567,TRUE,0.522725034863735
GOBP_NUCLEAR_TRANSCRIBED_MRNA_CATABOLIC_PROCESS_NONSENSE_MEDIATED_DECAY,-2.44497859310865,0.0644674113728237,0.291995659868514,0.929536149721136,TRUE,0.521687872571382
GOBP_MICROTUBULE_DEPOLYMERIZATION,0.640069749098219,0.700295190142309,-0.439177459631335,0.884919062063229,TRUE,0.52092644599327
GOBP_PROTEIN_LOCALIZATION_TO_CILIUM,-2.12385428530202,0.114702590854748,0.29675010955718,0.927574058668245,TRUE,0.520741012604434
GOBP_POSITIVE_REGULATION_OF_INTERLEUKIN_8_PRODUCTION,0.298595535630496,0.868404912609602,-2.03254983946195,0.276490344420617,TRUE,0.520697091219163
REACTOME_NEGATIVE_REGULATION_OF_FGFR4_SIGNALING,0.29870959704704,0.868404912609602,-2.01606438105286,0.280451497993418,TRUE,0.52032534025592
GOBP_RESPONSE_TO_INCREASED_OXYGEN_LEVELS,0.403615202262541,0.818422408926536,-0.719964068576427,0.781603354312897,TRUE,0.517254902617163
GOBP_LYMPHOCYTE_APOPTOTIC_PROCESS,1.66698161352169,0.23692454369533,-0.305537994988929,0.925448482784054,TRUE,0.516421958677919
REACTOME_G_PROTEIN_MEDIATED_EVENTS,2.90188968603426,0.0251236000123736,-0.283270674840655,0.931635894679924,TRUE,0.516156272552798
GOBP_MEMBRANE_LIPID_METABOLIC_PROCESS,2.48949036020244,0.0598267911030899,-0.287918012337695,0.930482826172158,TRUE,0.516142403349785
GOBP_CARDIAC_ATRIUM_MORPHOGENESIS,3.29440802519701,0.0103641190475222,-0.279265899121011,0.932128761301703,TRUE,0.514885151086462
GOBP_CELLULAR_RESPONSE_TO_INTERFERON_GAMMA,-1.10957803370094,0.460410385794899,0.334838949638874,0.917303102784516,TRUE,0.514435855617994
REACTOME_PROGRAMMED_CELL_DEATH,1.16469249443314,0.435734773218467,-0.329555779358717,0.918954499445458,TRUE,0.513744803254332
KEGG_PROSTATE_CANCER,0.284046446219266,0.876272200325015,-2.68028578059476,0.112107038283212,TRUE,0.513657439569939
GOBP_SMOOTH_MUSCLE_CELL_PROLIFERATION,-0.338438832039549,0.848076513623918,1.06042220991843,0.645289032795841,TRUE,0.513114660325742
GOBP_NEUROTRANSMITTER_RECEPTOR_INTERNALIZATION,-0.848066816058846,0.592751087972238,0.367579151973276,0.908025609980713,TRUE,0.512865898890308
GOBP_REGULATION_OF_TOLL_LIKE_RECEPTOR_4_SIGNALING_PATHWAY,-0.908971660909925,0.56088895729346,0.356685783313707,0.911149957493784,TRUE,0.51233020492444
GOBP_AXONEMAL_DYNEIN_COMPLEX_ASSEMBLY,0.303451372338301,0.865415988107613,-1.64274004032795,0.402125483019362,TRUE,0.512274092248374
GOBP_XENOBIOTIC_CATABOLIC_PROCESS,-1.1023921342433,0.464219326717554,0.332628292197123,0.917303102784516,TRUE,0.511054485620751
GOBP_CARTILAGE_DEVELOPMENT_INVOLVED_IN_ENDOCHONDRAL_BONE_MORPHOGENESIS,0.327938383645865,0.852975821906748,-1.15105885587915,0.60523851190027,TRUE,0.510449067233547
GOBP_EPITHELIAL_TUBE_BRANCHING_INVOLVED_IN_LUNG_MORPHOGENESIS,0.379151293419642,0.829621251350169,-0.778975023289334,0.753201272014836,TRUE,0.510046932464216
REACTOME_HEPARAN_SULFATE_HEPARIN_HS_GAG_METABOLISM,0.300159677433076,0.867693218160038,-1.65731753382646,0.397877894321574,TRUE,0.508266347619384
GOBP_REGULATION_OF_DNA_BINDING,0.273644362925962,0.880301431469419,-3.44011051656705,0.0343271758259292,TRUE,0.50696229624579
REACTOME_RNA_POLYMERASE_III_TRANSCRIPTION_INITIATION_FROM_TYPE_3_PROMOTER,-2.92037063235606,0.0242704602581888,0.277168294084886,0.9329674505432,TRUE,0.506285718414492
GOBP_CELLULAR_RESPONSE_TO_CORTICOSTEROID_STIMULUS,-1.46504819405998,0.30950474544325,0.30579626399527,0.925448482784054,TRUE,0.505980366913266
GOBP_CELLULAR_AMINO_ACID_BIOSYNTHETIC_PROCESS,-0.358236151106586,0.840299073419392,0.860455017614183,0.72278488112485,TRUE,0.505864162508067
GOBP_MORPHOGENESIS_OF_A_BRANCHING_STRUCTURE,0.361396114208353,0.838658829489553,-0.839123031942623,0.730488718145235,TRUE,0.505207774584977
GOBP_RESPONSE_TO_ZINC_ION,2.4190897275682,0.0676572756231732,-0.28202944138875,0.931635894679924,TRUE,0.505164327717372
REACTOME_DETOXIFICATION_OF_REACTIVE_OXYGEN_SPECIES,0.472765404280859,0.785785011105084,-0.53533686391925,0.855398763517808,TRUE,0.502109273792435
GOBP_CELLULAR_MODIFIED_AMINO_ACID_BIOSYNTHETIC_PROCESS,0.280896943800006,0.877759184536559,-2.33761405630695,0.186319649828197,TRUE,0.501528268679212
GOBP_ACTIVIN_RECEPTOR_SIGNALING_PATHWAY,1.41597644357464,0.330985069890954,-0.304619928436765,0.925764779237555,TRUE,0.501378068588643
GOBP_POLYAMINE_METABOLIC_PROCESS,-0.571763720113249,0.731967821002697,0.446237614013751,0.883534372618751,TRUE,0.501261579311707
GOBP_REGULATION_OF_RESPONSE_TO_REACTIVE_OXYGEN_SPECIES,-0.463654722936231,0.790794811568882,0.54507815697313,0.851374847774066,TRUE,0.501080250051286
GOBP_REGULATION_OF_OXIDATIVE_STRESS_INDUCED_CELL_DEATH,0.342682065147699,0.8469840624465,-0.925429251209263,0.693763816720807,TRUE,0.500157995377766
GOBP_REGULATION_OF_MACROPHAGE_CHEMOTAXIS,0.381723059237394,0.828975900452977,-0.719861998133273,0.781603354312897,TRUE,0.498895518448766
GOBP_PHOSPHOLIPID_BIOSYNTHETIC_PROCESS,-0.882849940221314,0.574794986551876,0.347268657841246,0.913778320724151,TRUE,0.498465943525695
GOBP_SKELETAL_SYSTEM_MORPHOGENESIS,-0.39772991237053,0.819981556462795,0.666377740528707,0.804111976213494,TRUE,0.498142005884533
GOBP_POSITIVE_REGULATION_OF_MUSCLE_HYPERTROPHY,0.314640321122008,0.859347514348467,-1.19474792108257,0.585959343214898,TRUE,0.498103614481874
GOBP_RESPONSE_TO_PAIN,-0.288813730254557,0.87387557366983,1.8003934623032,0.344240704417318,TRUE,0.497775762620375
REACTOME_FRS_MEDIATED_FGFR2_SIGNALING,4.44104963604282,0.000341440262043074,-0.263648502803082,0.939051894957902,TRUE,0.497747593091737
GOBP_SPINAL_CORD_MOTOR_NEURON_DIFFERENTIATION,0.383056739767863,0.828655607376826,-0.709340399557795,0.786397947505384,TRUE,0.497470399836409
REACTOME_ONCOGENIC_MAPK_SIGNALING,0.327911535591756,0.852975821906748,-1.0203919837385,0.660618470792415,TRUE,0.496324896428981
GOBP_REGULATION_OF_CIRCADIAN_RHYTHM,-1.92098098037855,0.160128357075181,0.284196530414042,0.931635894679924,TRUE,0.495140302259592
REACTOME_RECYCLING_OF_BILE_ACIDS_AND_SALTS,-3.27537887922521,0.0107448268783174,0.267133832749817,0.937316859359414,TRUE,0.493979604226978
GOBP_BODY_FLUID_SECRETION,-1.43671547430367,0.320720078728341,0.297350807767893,0.927457951883697,TRUE,0.492724541424649
REACTOME_ACTIVATION_OF_AMPK_DOWNSTREAM_OF_NMDARS,0.283600542661034,0.876465782956993,-1.82126047755473,0.336643919781943,TRUE,0.49077868305877
GOBP_NUCLEOSIDE_BISPHOSPHATE_METABOLIC_PROCESS,-0.331445615803541,0.851618732769046,0.93945046302293,0.6889177799283,TRUE,0.490011327316515
GOBP_CARDIOLIPIN_METABOLIC_PROCESS,-1.52065560835512,0.286953980501368,0.291936426642738,0.929536149721136,TRUE,0.489834177670274
GOBP_METANEPHRIC_TUBULE_DEVELOPMENT,0.733644633048965,0.648759083869108,-0.366933957788875,0.908149461719654,TRUE,0.489195648645663
GOBP_TETRAPYRROLE_BIOSYNTHETIC_PROCESS,3.63328797673639,0.00423781481961063,-0.262101633758675,0.939597900388542,TRUE,0.488932204394997
GOBP_REGULATION_OF_CARDIAC_MUSCLE_CELL_ACTION_POTENTIAL,3.38467557842486,0.00828672506847738,-0.262997606602742,0.939429782810552,TRUE,0.488070904984737
GOBP_POSITIVE_REGULATION_OF_ALPHA_BETA_T_CELL_PROLIFERATION,1.31685500929572,0.372232145337598,-0.299418558798521,0.927246148023696,TRUE,0.487901103889051
GOBP_CELL_CELL_ADHESION_VIA_PLASMA_MEMBRANE_ADHESION_MOLECULES,1.84297530132189,0.182329345985666,-0.280780740346271,0.931812924507904,TRUE,0.487317713892025
GOBP_ORGANOPHOSPHATE_ESTER_TRANSPORT,2.81538961311897,0.029898647712674,-0.266650398772046,0.937316859359414,TRUE,0.487160945439015
GOBP_HISTONE_H4_K16_ACETYLATION,-2.60740123448338,0.0469755553501059,0.268394431831169,0.937316859359414,TRUE,0.486691026822426
GOBP_LEUKOTRIENE_BIOSYNTHETIC_PROCESS,-1.33212958661472,0.365564222016248,0.297348872281555,0.927457951883697,TRUE,0.486176700465354
REACTOME_FGFR2_LIGAND_BINDING_AND_ACTIVATION,2.76205504727815,0.0336082212407997,-0.266495852152261,0.937316859359414,TRUE,0.486091360494736
GOBP_MODULATION_OF_EXCITATORY_POSTSYNAPTIC_POTENTIAL,-0.372062671588848,0.833903267791643,0.698348282932659,0.790641626884788,TRUE,0.48547583850832
HALLMARK_APICAL_SURFACE,1.37240134369259,0.348642296430474,-0.294672616922696,0.928318622937242,TRUE,0.485172349839668
GOBP_VESICLE_TARGETING_ROUGH_ER_TO_CIS_GOLGI,1.92829530379735,0.15871189607771,-0.276422156325774,0.933434397776191,TRUE,0.483530026454056
GOBP_ARF_PROTEIN_SIGNAL_TRANSDUCTION,0.286597962813924,0.875163995248142,-1.52989582422929,0.445223086717709,TRUE,0.482759731598479
REACTOME_REGULATED_NECROSIS,-0.33041098128614,0.85213701500089,0.894720023724106,0.708319541277873,TRUE,0.482601974492627
GOBP_RETINA_VASCULATURE_DEVELOPMENT_IN_CAMERA_TYPE_EYE,-0.908913259568116,0.56088895729346,0.328283449768095,0.919263050681769,TRUE,0.482350426798459
GOBP_NEUTROPHIL_MEDIATED_IMMUNITY,0.280764979521565,0.877759184536559,-1.67772711079339,0.390047500773778,TRUE,0.481030299008182
GOBP_RESPONSE_TO_MINERALOCORTICOID,0.311586286647639,0.860660030053779,-1.05285129402757,0.647621817170422,TRUE,0.480863367800044
GOBP_DNA_LIGATION,-0.787424045247906,0.621196452288882,0.345982974392406,0.914040179429268,TRUE,0.480736943678765
REACTOME_TRANSCRIPTIONAL_REGULATION_BY_RUNX3,-0.537610387477184,0.750523967397984,0.434714961872143,0.886176062924774,TRUE,0.480718268325736
GOBP_POSITIVE_REGULATION_OF_IMMUNE_EFFECTOR_PROCESS,-1.67299634092222,0.235774250629235,0.280556272445933,0.931812924507904,TRUE,0.480529281896918
GOBP_RESPONSE_TO_REACTIVE_OXYGEN_SPECIES,0.309104894425093,0.862046805119045,-1.07124808071474,0.640282103643446,TRUE,0.479772972357117
GOBP_PEROXISOME_ORGANIZATION,-1.73180882277332,0.216970595441867,0.278302715420951,0.932326883230601,TRUE,0.479542641102133
GOBP_GLUTAMINE_FAMILY_AMINO_ACID_CATABOLIC_PROCESS,0.302099794384521,0.86639535929072,-1.15341594525367,0.603746265685739,TRUE,0.478794849704033
GOBP_REGULATION_OF_GLIOGENESIS,1.04312932881593,0.494078334091739,-0.31044167324322,0.925216620245926,TRUE,0.478483675779194
HALLMARK_MYC_TARGETS_V1,-0.466769549377679,0.788993750397249,0.488840849576966,0.872646323787657,TRUE,0.477550314069514
GOBP_POSITIVE_REGULATION_OF_NEURAL_PRECURSOR_CELL_PROLIFERATION,-3.83624699082303,0.00242738958446255,0.254363889374591,0.942757325104621,TRUE,0.477093878526121
GOBP_NEGATIVE_REGULATION_OF_CELL_JUNCTION_ASSEMBLY,-0.466302393805968,0.78921668782052,0.488041523051646,0.872646323787657,TRUE,0.476924359145146
GOBP_MAGNESIUM_ION_TRANSPORT,0.293079866920281,0.871525567786989,-1.27900316273657,0.550000830964929,TRUE,0.476883306611703
GOBP_VITAMIN_CATABOLIC_PROCESS,-0.834507252576248,0.598848442250488,0.333325010689577,0.917303102784516,TRUE,0.476373444432219
REACTOME_IRS_MEDIATED_SIGNALLING,-0.401928478932354,0.818683487677186,0.581640802953255,0.83900764389171,TRUE,0.475366621389023
GOBP_STRESS_GRANULE_ASSEMBLY,-2.19309241059256,0.102045109346239,0.266105652329457,0.937456843699947,TRUE,0.474621621851871
GOBP_DETECTION_OF_OTHER_ORGANISM,0.904374563195831,0.563199236510366,-0.321526631815037,0.921566992797259,TRUE,0.474394687576714
GOBP_POSITIVE_REGULATION_OF_CELL_JUNCTION_ASSEMBLY,-0.386541269107009,0.827314296554367,0.613649337527073,0.826884222807897,TRUE,0.474311180571144
KEGG_LYSINE_DEGRADATION,-1.98481306385241,0.144524171585139,0.269156119206334,0.937263661933633,TRUE,0.474030067164965
REACTOME_TRANSPORT_OF_BILE_SALTS_AND_ORGANIC_ACIDS_METAL_IONS_AND_AMINE_COMPOUNDS,0.469810439951886,0.78782347286496,-0.47818082393699,0.874018014757804,TRUE,0.473958678371801
GOBP_MYELOID_CELL_ACTIVATION_INVOLVED_IN_IMMUNE_RESPONSE,0.269330121273927,0.882258417832133,-1.94790442409096,0.297412538723901,TRUE,0.473228541262962
GOBP_REGULATION_OF_RAC_PROTEIN_SIGNAL_TRANSDUCTION,0.748446674585571,0.641569871471309,-0.345438785027989,0.914040179429268,TRUE,0.472704902793779
GOBP_MYOBLAST_DIFFERENTIATION,-3.92530949564235,0.00185061251114557,0.250671329375924,0.943301202547513,TRUE,0.471248595582476
GOBP_AORTA_MORPHOGENESIS,1.49238346205174,0.298757996813202,-0.279729052433133,0.931920909570484,TRUE,0.47114729826053
GOBP_REGULATION_OF_SENSORY_PERCEPTION,1.36348476071832,0.352231943784698,-0.283834543992791,0.931635894679924,TRUE,0.469859212106389
GOBP_MIRNA_METABOLIC_PROCESS,-0.471378880863879,0.786629705779893,0.468307476178176,0.876181492773984,TRUE,0.469838159012831
GOBP_POSITIVE_REGULATION_OF_TRANSFORMING_GROWTH_FACTOR_BETA_PRODUCTION,0.261195756260082,0.885232794264418,-2.30374454849538,0.197140055226607,TRUE,0.469194778887192
GOBP_REGULATION_OF_IMMUNOGLOBULIN_PRODUCTION,-3.40289858597871,0.00800255706734473,0.251529313814039,0.943301202547513,TRUE,0.468433784866042
REACTOME_CELLULAR_RESPONSE_TO_STARVATION,-3.74867187562276,0.00306221263932788,0.249741087508417,0.943301202547513,TRUE,0.468284491653461
GOBP_REGULATION_OF_ATP_METABOLIC_PROCESS,0.263345772697349,0.884593621311678,-2.07888303319775,0.260104891930347,TRUE,0.46747359382394
GOBP_PURINERGIC_NUCLEOTIDE_RECEPTOR_SIGNALING_PATHWAY,-0.458805515537791,0.793178948860279,0.47598991766084,0.874266549389038,TRUE,0.467239765637084
GOBP_CYCLIC_NUCLEOTIDE_METABOLIC_PROCESS,-0.259923812485324,0.885942894443127,2.21606973232201,0.218601321865424,TRUE,0.46527527890085
GOBP_PROTEIN_DNA_COMPLEX_DISASSEMBLY,0.248740288424553,0.891084943414308,-3.50759403642833,0.0305577476673287,TRUE,0.464537965390818
GOBP_CLEAVAGE_INVOLVED_IN_RRNA_PROCESSING,-0.466889838444568,0.788993750397249,0.461948319227828,0.877149044185235,TRUE,0.464405934128496
GOBP_NEGATIVE_REGULATION_OF_CYSTEINE_TYPE_ENDOPEPTIDASE_ACTIVITY,0.248351053557882,0.891084943414308,-3.53688695794064,0.0283210141596646,TRUE,0.464113273538617
GOBP_SMOOTH_MUSCLE_CELL_APOPTOTIC_PROCESS,-0.441144023607545,0.802152619664234,0.48744891439372,0.872646323787657,TRUE,0.463141957253357
GOBP_REGULATION_OF_MUSCLE_SYSTEM_PROCESS,-0.485284503300106,0.778522033774102,0.442170311036502,0.884517238478148,TRUE,0.462725291730544
GOBP_SLEEP,0.276986402311246,0.879704879854234,-1.3992987169367,0.500368377665618,TRUE,0.462435313554447
GOBP_POSITIVE_REGULATION_OF_OXIDATIVE_STRESS_INDUCED_CELL_DEATH,-1.60365007066062,0.258008762641378,0.270150089927272,0.937010206530838,TRUE,0.462403857052633
GOBP_CEREBRAL_CORTEX_DEVELOPMENT,0.329466900349693,0.852499720163949,-0.768387591143521,0.75878478428133,TRUE,0.461187306483389
HALLMARK_UV_RESPONSE_DN,0.614518140580612,0.710679947017901,-0.368272507497903,0.908025609980713,TRUE,0.460545970755902
GOBP_POSITIVE_REGULATION_OF_NEURON_DEATH,0.271275866873496,0.881308586177259,-1.51208306699659,0.451693659937257,TRUE,0.460021409031859
GOBP_PHARYNGEAL_SYSTEM_DEVELOPMENT,3.1253279482143,0.0153697158933915,-0.247817001024843,0.943311609333119,TRUE,0.459220941288214
GOBP_REGULATION_OF_ANION_TRANSMEMBRANE_TRANSPORT,0.498386218723337,0.771750421887669,-0.425001760278887,0.888686105772225,TRUE,0.458777946156578
GOBP_CGMP_MEDIATED_SIGNALING,-0.27959175216256,0.878202646088203,1.26530199146935,0.556210129195465,TRUE,0.457983602131774
GOBP_REGULATION_OF_AUTOPHAGOSOME_MATURATION,-1.95331630616292,0.152553774393374,0.258826655528491,0.94058380558136,TRUE,0.457086486243053
GOBP_DENDRITE_SELF_AVOIDANCE,2.98167922801781,0.0212690938924345,-0.247186274514132,0.94358767946796,TRUE,0.456525785661835
GOBP_POSITIVE_REGULATION_OF_RECEPTOR_SIGNALING_PATHWAY_VIA_STAT,-3.58427067519681,0.00494452333604544,0.243761862464137,0.943661529755349,TRUE,0.456479137398047
GOBP_REGULATION_OF_PROTEIN_CONTAINING_COMPLEX_DISASSEMBLY,0.266253601472842,0.883498425551673,-1.58726492606805,0.42133960787743,TRUE,0.456013788670174
REACTOME_CONSTITUTIVE_SIGNALING_BY_ABERRANT_PI3K_IN_CANCER,-1.18402883452962,0.428886822767004,0.282381003989254,0.931635894679924,TRUE,0.45600792120217
GOBP_VENTRICULAR_SEPTUM_MORPHOGENESIS,-0.262191045496669,0.884952054720781,1.74274449992218,0.363442362230886,TRUE,0.455807173963499
HALLMARK_PI3K_AKT_MTOR_SIGNALING,1.1197272689159,0.455700881620804,-0.285634637801134,0.93110497563752,TRUE,0.455160896797018
GOBP_MITOTIC_METAPHASE_PLATE_CONGRESSION,0.246112270567754,0.892025473412474,-2.98173286161486,0.0704349514324537,TRUE,0.454694085216108
GOBP_PROTEIN_MANNOSYLATION,0.352232881600509,0.842088236276021,-0.640132424070035,0.815664868340465,TRUE,0.454420740119996
GOBP_TRIPARTITE_REGIONAL_SUBDIVISION,-0.352618194945638,0.841942506841163,0.630718231752928,0.820696068056293,TRUE,0.4523431012247
GOBP_MITOTIC_RECOMBINATION,0.544373659906836,0.747285935821503,-0.38632380857909,0.903038291127209,TRUE,0.451928822644106
GOBP_DICARBOXYLIC_ACID_TRANSPORT,1.81358361100196,0.190302498144156,-0.257887776173914,0.94097065140211,TRUE,0.451564088446705
GOBP_METANEPHRIC_MESENCHYME_DEVELOPMENT,2.27701380589503,0.0880796026882807,-0.248808976930889,0.943301202547513,TRUE,0.448599544951764
HALLMARK_APICAL_JUNCTION,2.27916807290009,0.0877152521507881,-0.2481119937501,0.943301202547513,TRUE,0.447507929272238
REACTOME_NEGATIVE_REGULATION_OF_NMDA_RECEPTOR_MEDIATED_NEURONAL_TRANSMISSION,-0.311768410220698,0.860660030053779,0.789344409626014,0.74822824339217,TRUE,0.446988986541737
GOBP_CELL_DIFFERENTIATION_INVOLVED_IN_EMBRYONIC_PLACENTA_DEVELOPMENT,-0.657877395040141,0.690069949102805,0.338474840772783,0.91537042921405,TRUE,0.446980372061984
GOBP_RESPONSE_TO_GAMMA_RADIATION,0.497666231839519,0.771750421887669,-0.404209309999659,0.896493499377199,TRUE,0.44609553059119
GOBP_LIPID_OXIDATION,-2.57146694785703,0.0506737065475501,0.244204181865746,0.943661529755349,TRUE,0.446048528585127
GOBP_MRNA_CATABOLIC_PROCESS,-3.11897648734848,0.0155481331132341,0.240189964709784,0.944486636544988,TRUE,0.446031396847187
REACTOME_RHOA_GTPASE_CYCLE,0.248500649697613,0.891084943414308,-2.13120986944348,0.241224025535675,TRUE,0.445102068456478
GOBP_NEUROINFLAMMATORY_RESPONSE,0.393045517805379,0.822946111327882,-0.512782520497259,0.863022421004042,TRUE,0.445000293141855
GOBP_PHOSPHATIDYLINOSITOL_DEPHOSPHORYLATION,-2.11721635663934,0.116222433190515,0.248352344674513,0.943301202547513,TRUE,0.444557493563867
GOBP_ANIMAL_ORGAN_FORMATION,-0.27442534262155,0.880301431469419,1.16689709933164,0.595461464338454,TRUE,0.444350447848753
KEGG_MELANOGENESIS,1.17659722604136,0.431377534832113,-0.273738677900659,0.935025552729696,TRUE,0.444145619235832
GOBP_NEGATIVE_REGULATION_OF_CELL_AGING,0.264606083705873,0.884329746311466,-1.37590030615774,0.507613589356262,TRUE,0.443852695523337
REACTOME_BIOSYNTHESIS_OF_SPECIALIZED_PRORESOLVING_MEDIATORS_SPMS,-1.46685202575294,0.308888625897776,0.260938102643388,0.940416147869872,TRUE,0.443060274703437
GOBP_GLYCEROPHOSPHOLIPID_BIOSYNTHETIC_PROCESS,-1.21404344393502,0.416081612621721,0.270291054092815,0.937010206530838,TRUE,0.44214438539515
REACTOME_PROCESSING_OF_CAPPED_INTRON_CONTAINING_PRE_MRNA,-3.57005115304241,0.00509068543158772,0.235583644672177,0.94614574569635,TRUE,0.442000195502162
HALLMARK_HEME_METABOLISM,-0.245240200321488,0.892025473412474,2.2331265834917,0.215043461314993,TRUE,0.441946215754339
GOBP_HISTONE_METHYLATION,-4.28186410182663,0.000581881465667013,0.232764984009079,0.946834138103978,TRUE,0.441528200984525
GOBP_POSITIVE_REGULATION_OF_PATHWAY_RESTRICTED_SMAD_PROTEIN_PHOSPHORYLATION,4.07686677970079,0.00117517243199283,-0.232970685574857,0.946834138103978,TRUE,0.440754648553089
GOBP_DNA_MODIFICATION,-2.62761866928289,0.0450392640543269,0.240184979984834,0.944486636544988,TRUE,0.440137899713349
REACTOME_ANCHORING_OF_THE_BASAL_BODY_TO_THE_PLASMA_MEMBRANE,0.266108799220914,0.883498425551673,-1.25805554081157,0.560019309137846,TRUE,0.439296000471247
GOBP_DOPAMINERGIC_NEURON_DIFFERENTIATION,0.571818608723835,0.731967821002697,-0.35617999810057,0.911335847801787,TRUE,0.438945380890349
REACTOME_MITOTIC_G1_PHASE_AND_G1_S_TRANSITION,0.406602858929242,0.817365901362193,-0.476459267161834,0.874187562930622,TRUE,0.438767997103191
GOBP_RHYTHMIC_BEHAVIOR,-2.10259313047222,0.118763632114906,0.244698569111302,0.943661529755349,TRUE,0.438378860659791
REACTOME_INCRETIN_SYNTHESIS_SECRETION_AND_INACTIVATION,0.282239513457331,0.876874431680746,-0.976553117230205,0.676007884135415,TRUE,0.437914665137104
GOBP_HISTONE_MRNA_METABOLIC_PROCESS,-0.386080249956305,0.827528108843229,0.505660161701526,0.866163512632807,TRUE,0.437852538856522
GOBP_NON_CANONICAL_WNT_SIGNALING_PATHWAY,0.298404828927454,0.868404912609602,-0.819250274813273,0.740509334940085,TRUE,0.437466329793876
GOBP_REGULATION_OF_TELOMERASE_ACTIVITY,-1.69467262407381,0.228968032657834,0.25065443680582,0.943301202547513,TRUE,0.436715471346384
GOBP_HISTONE_PHOSPHORYLATION,-1.95364857579378,0.152524596981205,0.245492671101449,0.943661529755349,TRUE,0.436176082770737
REACTOME_RNA_POLYMERASE_II_TRANSCRIPTION_TERMINATION,-1.89787813891267,0.166011057102171,0.246244764334323,0.943661529755349,TRUE,0.435928886673506
REACTOME_SUMOYLATION_OF_TRANSCRIPTION_FACTORS,0.3257699664045,0.853693426818096,-0.658425743284333,0.80761755777023,TRUE,0.435879429585018
REACTOME_TRANSCRIPTIONAL_REGULATION_BY_RUNX2,0.958912060223001,0.535069623620655,-0.281931826347044,0.931635894679924,TRUE,0.43574833445354
GOBP_REGULATION_OF_MRNA_METABOLIC_PROCESS,-3.83020954268404,0.00247837598053612,0.23016627061761,0.947553943104706,TRUE,0.434238152653518
GOBP_CARDIAC_ATRIUM_DEVELOPMENT,1.30770375617893,0.375744800029978,-0.260217926311984,0.940416147869872,TRUE,0.434062445163291
GOBP_NEGATIVE_REGULATION_OF_RECEPTOR_INTERNALIZATION,0.578277121580705,0.729930430187443,-0.344047002871037,0.91413662399948,TRUE,0.431419942803722
KEGG_CYTOSOLIC_DNA_SENSING_PATHWAY,-0.238069589396113,0.895287608743717,2.25862229956493,0.208819361139291,TRUE,0.43073739762265
GOBP_REGULATION_OF_MICROTUBULE_DEPOLYMERIZATION,0.266616003121397,0.883498425551673,-1.1173827157778,0.619524665664819,TRUE,0.430509233237675
GOBP_VESICLE_FUSION_TO_PLASMA_MEMBRANE,-0.233919815945588,0.897109487465285,2.65745668293709,0.116767409302069,TRUE,0.429990199060022
REACTOME_HSF1_ACTIVATION,-1.09932887754233,0.465422720639499,0.266980801543669,0.937316859359414,TRUE,0.429623985512115
REACTOME_GLUTATHIONE_CONJUGATION,-1.90287315474923,0.164789056663425,0.240183750472228,0.944486636544988,TRUE,0.426530168066966
GOBP_GRANULOCYTE_ACTIVATION,0.238796315942584,0.895049475211492,-1.98858447501238,0.288666769350844,TRUE,0.426390178546867
GOBP_LENS_FIBER_CELL_DIFFERENTIATION,0.258018867426715,0.886813189797871,-1.22202644690855,0.576566043881162,TRUE,0.426075981245818
REACTOME_EICOSANOID_LIGAND_BINDING_RECEPTORS,2.24610941275354,0.0937102844664379,-0.23482291194298,0.946477030942212,TRUE,0.425193341708619
GOBP_RNA_3_END_PROCESSING,-2.14885575921412,0.110834430467684,0.235427519923288,0.94614574569635,TRUE,0.424362143954372
GOBP_MECHANORECEPTOR_DIFFERENTIATION,-1.16150244957337,0.437741026831106,0.259565638947589,0.94058380558136,TRUE,0.424309190950149
GOBP_REGULATION_OF_ADAPTIVE_IMMUNE_RESPONSE,-1.36945020255176,0.349940685615478,0.250453218552956,0.943301202547513,TRUE,0.423461308135497
GOBP_FEMALE_GAMETE_GENERATION,0.337420512655151,0.848437926876711,-0.565036327165296,0.843780571342759,TRUE,0.422524022797213
GOBP_SYNAPTIC_VESICLE_MEMBRANE_ORGANIZATION,-0.573943932382032,0.730966533603433,0.333254453048816,0.917303102784516,TRUE,0.421670440199963
GOBP_TRIGLYCERIDE_CATABOLIC_PROCESS,-0.236679628126682,0.896092827576509,1.88550138622178,0.316943443176782,TRUE,0.420567108937521
GOBP_LYSOSOMAL_TRANSPORT,1.37825756433436,0.34571459405675,-0.248065843405151,0.943301202547513,TRUE,0.420455886570987
GOBP_POSITIVE_REGULATION_OF_CD4_POSITIVE_ALPHA_BETA_T_CELL_ACTIVATION,0.370635563743738,0.834327060858817,-0.484173300096302,0.873579624856969,TRUE,0.419864256495215
GOBP_POSITIVE_REGULATION_OF_INTERLEUKIN_1_PRODUCTION,0.490211944753937,0.775686444186526,-0.36559329099179,0.908149461719654,TRUE,0.418829403421238
REACTOME_TNFR1_INDUCED_NFKAPPAB_SIGNALING_PATHWAY,-0.239471227247052,0.894663805089643,1.61826316773339,0.410534963288858,TRUE,0.417204383826782
REACTOME_PLASMA_LIPOPROTEIN_ASSEMBLY_REMODELING_AND_CLEARANCE,1.3968747670389,0.339061587119849,-0.244859284578149,0.943661529755349,TRUE,0.416678640204264
GOBP_MATURATION_OF_5_8S_RRNA_FROM_TRICISTRONIC_RRNA_TRANSCRIPT_SSU_RRNA_5_8S_RRNA_LSU_RRNA,-0.332233014697374,0.851253296354926,0.558435157287228,0.845317380644839,TRUE,0.416609915239557
GOBP_ENDOTHELIAL_CELL_APOPTOTIC_PROCESS,-1.45860049498343,0.311948105524822,0.242918386421123,0.943661529755349,TRUE,0.416475988067725
GOBP_LEUKOTRIENE_METABOLIC_PROCESS,-2.13424147774453,0.113274614593864,0.230538976412348,0.947553943104706,TRUE,0.416128139786595
GOBP_SEROTONIN_RECEPTOR_SIGNALING_PATHWAY,1.07918274022989,0.475107498689527,-0.257749107787822,0.94097065140211,TRUE,0.416114536947715
GOBP_CHEMOKINE_PRODUCTION,0.228626928734809,0.900804774057653,-2.29115007803506,0.199935088724876,TRUE,0.41576584293319
GOBP_TERPENOID_METABOLIC_PROCESS,1.70004632271958,0.227850185150981,-0.235967014710189,0.946131242063871,TRUE,0.414413318219949
GOBP_REGULATION_OF_CELL_SIZE,2.44972947168421,0.0638992605618518,-0.226271685350444,0.948122856797163,TRUE,0.414278158851679
REACTOME_THE_CITRIC_ACID_TCA_CYCLE_AND_RESPIRATORY_ELECTRON_TRANSPORT,-0.392637778336853,0.823113609150673,0.435297438524477,0.886111211163399,TRUE,0.412868581254226
GOBP_REGULATION_OF_CELL_MORPHOGENESIS_INVOLVED_IN_DIFFERENTIATION,0.248372979014428,0.891084943414308,-1.22089626053166,0.576566043881162,TRUE,0.412773415700862
GOBP_POSITIVE_REGULATION_OF_BMP_SIGNALING_PATHWAY,0.343083153412758,0.8469840624465,-0.516953020331204,0.861488489299241,TRUE,0.412442819955802
GOBP_RESPONSE_TO_HEAT,0.245546747250069,0.892025473412474,-1.2818173705275,0.548169199120301,TRUE,0.412142831219112
REACTOME_ABC_TRANSPORTER_DISORDERS,-0.24151105097134,0.893685105396831,1.3890246789267,0.505072882876512,TRUE,0.411478023917565
GOBP_NEGATIVE_REGULATION_OF_SUPRAMOLECULAR_FIBER_ORGANIZATION,0.216327985650669,0.907323317626842,-4.17256837092965,0.0118991313627692,TRUE,0.411330429035792
GOBP_PROTEIN_LOCALIZATION_TO_ENDOPLASMIC_RETICULUM,0.723230424533621,0.653243139703467,-0.287054979211979,0.931059641130281,TRUE,0.410986625581788
GOBP_POSITIVE_REGULATION_OF_JNK_CASCADE,0.231438984945742,0.898845726752201,-1.80722128809742,0.341087223853558,TRUE,0.410329730774861
GOBP_CELL_AGING,-1.47013371589501,0.307474691166344,0.238214176756354,0.945042147754162,TRUE,0.409994585248286
GOBP_REGULATION_OF_LIPASE_ACTIVITY,0.692473351406855,0.671584759205186,-0.291075249177545,0.929536149721136,TRUE,0.409866585524695
GOBP_CELLULAR_RESPONSE_TO_LEPTIN_STIMULUS,-0.486705972093065,0.778103059691276,0.351684024036989,0.913189418480372,TRUE,0.408322416962551
GOBP_VESICLE_MEDIATED_TRANSPORT_IN_SYNAPSE,0.266174481101541,0.883498425551673,-0.869325523354603,0.719226586813006,TRUE,0.407560139461319
GOBP_ANTIFUNGAL_INNATE_IMMUNE_RESPONSE,0.44075078618958,0.802152619664234,-0.377673911954246,0.904733514156596,TRUE,0.40678164770603
GOBP_MONOCYTE_CHEMOTACTIC_PROTEIN_1_PRODUCTION,0.241882671935741,0.893685105396831,-1.27714080654207,0.551331838628817,TRUE,0.406732660951528
GOBP_POSITIVE_REGULATION_OF_MYELOID_LEUKOCYTE_MEDIATED_IMMUNITY,-0.639596004646624,0.700343467830338,0.297978249332838,0.927457951883697,TRUE,0.406550621320823
REACTOME_SUMOYLATION_OF_DNA_REPLICATION_PROTEINS,0.297049296812348,0.869238385177682,-0.643174418274244,0.814496607641144,TRUE,0.406402233022722
GOBP_POSITIVE_REGULATION_OF_SUBSTRATE_ADHESION_DEPENDENT_CELL_SPREADING,0.228895836729123,0.900804774057653,-1.78397041382081,0.351669398800872,TRUE,0.405733267632611
GOBP_REGULATION_OF_RECEPTOR_SIGNALING_PATHWAY_VIA_STAT,-0.32483373649058,0.853973096164156,0.531095338673631,0.857193877261564,TRUE,0.403112099588363
GOBP_NEGATIVE_REGULATION_OF_ACTIN_FILAMENT_DEPOLYMERIZATION,0.213868686170388,0.908070927776943,-3.49115440737205,0.0312670719941332,TRUE,0.403046667981082
REACTOME_SEMAPHORIN_INTERACTIONS,0.222377582745262,0.904086678214241,-2.10500138248874,0.250699225631795,TRUE,0.402259473945375
GOBP_RESPONSE_TO_KETONE,0.912730290211568,0.558844326979288,-0.255980429589796,0.941717167639539,TRUE,0.399827070684672
GOBP_HEMATOPOIETIC_STEM_CELL_PROLIFERATION,-2.48285216450275,0.0603503389684381,0.217405748441789,0.951242526009515,TRUE,0.399803537659421
GOBP_REGULATION_OF_BIOLOGICAL_PROCESS_INVOLVED_IN_SYMBIOTIC_INTERACTION,0.36863567362379,0.835047841415329,-0.434926194691814,0.886176062924774,TRUE,0.399046587645889
GOBP_PHOSPHATE_ION_TRANSPORT,0.788308914649474,0.621105929259347,-0.266888379799771,0.937316859359414,TRUE,0.398769955380385
REACTOME_GLYCOGEN_SYNTHESIS,-1.03992324037671,0.494980147664305,0.245915793355508,0.943661529755349,TRUE,0.397769148357223
GOBP_EMBRYONIC_FORELIMB_MORPHOGENESIS,1.60088677017039,0.258399495303485,-0.226605950674238,0.948122856797163,TRUE,0.397014405954632
GOBP_LIPOPOLYSACCHARIDE_MEDIATED_SIGNALING_PATHWAY,0.258422336173342,0.886813189797871,-0.853933036315372,0.726584308226439,TRUE,0.396771347786973
REACTOME_ACYL_CHAIN_REMODELLING_OF_PI,-0.269943844614533,0.881921364959809,0.744520493690534,0.770588439793445,TRUE,0.39622629770687
GOBP_NEGATIVE_REGULATION_OF_UBIQUITIN_PROTEIN_TRANSFERASE_ACTIVITY,0.220137961248403,0.905806848814603,-1.97385312713774,0.292440491657609,TRUE,0.396100062130619
GOBP_IMMUNOLOGICAL_SYNAPSE_FORMATION,1.3026825491161,0.377934719023285,-0.232794167696169,0.946834138103978,TRUE,0.395000323317678
GOBP_SPERM_CAPACITATION,0.947512264316442,0.540523492038715,-0.248977820248785,0.943301202547513,TRUE,0.394335968633157
GOBP_CELL_CYCLE_G2_M_PHASE_TRANSITION,-0.790817449802046,0.619896812234336,0.262254470383459,0.939597900388542,TRUE,0.393886509539253
GOBP_REGULATION_OF_TRANSPOSITION,-4.31390374092804,0.000516176972161067,0.206125346379219,0.95473344805225,TRUE,0.393450964880905
HALLMARK_MTORC1_SIGNALING,0.384661656570829,0.827684804056031,-0.398902424417758,0.898266354274287,TRUE,0.39165263214481
REACTOME_INTERACTIONS_OF_VPR_WITH_HOST_CELLULAR_PROTEINS,-1.8320926069095,0.185302058785417,0.218919070749228,0.950312988508335,TRUE,0.391104561129558
GOBP_POSITIVE_REGULATION_OF_FIBROBLAST_PROLIFERATION,0.323891602878721,0.853973096164156,-0.482247604132052,0.873631163209826,TRUE,0.38751607198449
REACTOME_SULFUR_AMINO_ACID_METABOLISM,-0.705929194640121,0.663460007552173,0.265275015359832,0.937999197550467,TRUE,0.385635432842946
GOBP_VESICLE_TARGETING,2.70175886334044,0.0387713883766748,-0.207395757298885,0.954237280349172,TRUE,0.385220724622966
GOBP_CELLULAR_CARBOHYDRATE_CATABOLIC_PROCESS,0.2769636381891,0.879704879854234,-0.626699406759217,0.821723303164175,TRUE,0.38415413514428
GOBP_SECONDARY_METABOLITE_BIOSYNTHETIC_PROCESS,0.23447047574883,0.897022476393981,-1.04576064355614,0.649516301069093,TRUE,0.383055827836975
REACTOME_PHOSPHOLIPASE_C_MEDIATED_CASCADE_FGFR2,1.97200476691826,0.147662573461355,-0.210882957168725,0.953248241191266,TRUE,0.381020234993977
GOBP_POSITIVE_REGULATION_OF_CELL_KILLING,-1.20347597563031,0.418788108390465,0.224754102477911,0.948122856797163,TRUE,0.378771133450424
GOBP_ESTABLISHMENT_OF_TISSUE_POLARITY,1.31883045311062,0.371207411874104,-0.220263785590254,0.949746730254486,TRUE,0.377482522966305
KEGG_FC_GAMMA_R_MEDIATED_PHAGOCYTOSIS,0.243548873212789,0.893090764681148,-0.836505672298708,0.731404320025931,TRUE,0.377258750071689
GOBP_POSITIVE_REGULATION_OF_LEUKOCYTE_APOPTOTIC_PROCESS,0.316365910854919,0.858613783347818,-0.457509474751076,0.878350841238326,TRUE,0.374066430840254
REACTOME_INTRAFLAGELLAR_TRANSPORT,0.20776986028212,0.911531940389414,-1.84703035612858,0.328402734588529,TRUE,0.37352267725571
KEGG_LEUKOCYTE_TRANSENDOTHELIAL_MIGRATION,0.214463751517556,0.908004044419393,-1.43664080658934,0.485880214607589,TRUE,0.37321364713283
GOBP_RESPONSE_TO_VITAMIN_D,-1.72089272710234,0.22041000571391,0.208545441285976,0.953848442664559,TRUE,0.372009156923815
GOBP_HYDROGEN_PEROXIDE_BIOSYNTHETIC_PROCESS,1.75949158457152,0.207904246430356,-0.206895698869401,0.954470992928102,TRUE,0.370253860071498
GOBP_SENSORY_ORGAN_MORPHOGENESIS,-0.820440944008738,0.605809398323653,0.238676606763791,0.944926587970881,TRUE,0.369779653681037
GOBP_GLUTAMINE_FAMILY_AMINO_ACID_METABOLIC_PROCESS,0.253100870041373,0.889650738518018,-0.679999906481111,0.798386729914363,TRUE,0.36889599127726
GOBP_NEGATIVE_REGULATION_OF_CELL_SUBSTRATE_JUNCTION_ORGANIZATION,-0.366281717419998,0.836345457584092,0.369138070269041,0.908025609980713,TRUE,0.367704346841478
GOBP_POSITIVE_REGULATION_OF_EXCITATORY_POSTSYNAPTIC_POTENTIAL,-0.275123368506785,0.880141268107305,0.552934020349762,0.847571617258542,TRUE,0.367426394082886
GOBP_POSITIVE_REGULATION_OF_NEURON_DIFFERENTIATION,1.22103914208704,0.413610968634888,-0.216230478170711,0.951656245878212,TRUE,0.36739923231841
KEGG_LONG_TERM_DEPRESSION,2.64309987923797,0.0439332324106143,-0.196820810482984,0.957347602336641,TRUE,0.366360273582294
GOBP_HEMATOPOIETIC_STEM_CELL_DIFFERENTIATION,-1.53073930730699,0.283509607092951,0.207884657742515,0.954013460544161,TRUE,0.366056402522286
GOBP_FEEDING_BEHAVIOR,-0.337919236521648,0.84827473955309,0.395377624251705,0.899613522243946,TRUE,0.364397318662937
GOBP_VACUOLAR_TRANSPORT,1.76416312112656,0.206343771139364,-0.203067604634167,0.955758960773828,TRUE,0.36421185832442
REACTOME_NEUROTRANSMITTER_RELEASE_CYCLE,0.75339185922365,0.639499951259796,-0.237713143494312,0.945042147754162,TRUE,0.361396918889414
REACTOME_FOXO_MEDIATED_TRANSCRIPTION_OF_CELL_CYCLE_GENES,-3.67034130298053,0.00384946264252452,0.189996337884252,0.958165734572316,TRUE,0.361290369510474
GOBP_INNER_EAR_AUDITORY_RECEPTOR_CELL_DIFFERENTIATION,0.249118134451052,0.891084943414308,-0.652379598679387,0.811277072108967,TRUE,0.360554625051774
GOBP_POSITIVE_REGULATION_OF_ALPHA_BETA_T_CELL_ACTIVATION,0.275285806674637,0.880141268107305,-0.520165674750498,0.859571152806983,TRUE,0.360032587082748
GOBP_POSITIVE_REGULATION_OF_POSTTRANSCRIPTIONAL_GENE_SILENCING,-1.8887422230447,0.168562177876758,0.19896497672191,0.956965337452104,TRUE,0.360005993641051
GOBP_SKIN_EPIDERMIS_DEVELOPMENT,-0.212480361951018,0.908868759918364,1.17072365123282,0.594835610603111,TRUE,0.359680542837618
GOBP_RESPONSE_TO_ANGIOTENSIN,0.962297838928391,0.533709190126,-0.22105181827521,0.949504427270755,TRUE,0.359517891812473
GOBP_NEGATIVE_REGULATION_OF_RESPONSE_TO_CYTOKINE_STIMULUS,-0.586316164700303,0.726203123077035,0.259080194085143,0.94058380558136,TRUE,0.359364939693011
GOBP_NEGATIVE_REGULATION_OF_TYPE_I_INTERFERON_PRODUCTION,-1.23946900642455,0.405961029870184,0.209497081376738,0.953661696719162,TRUE,0.358414377657235
REACTOME_THE_ROLE_OF_GTSE1_IN_G2_M_PROGRESSION_AFTER_G2_CHECKPOINT,0.412776362094508,0.814373047369225,-0.316596245866495,0.922332311003393,TRUE,0.358344816339847
GOBP_ENDOPLASMIC_RETICULUM_TUBULAR_NETWORK_ORGANIZATION,0.758839614986665,0.636623475323531,-0.234326038491621,0.946563814928154,TRUE,0.358078997612496
GOBP_ACIDIC_AMINO_ACID_TRANSPORT,0.831585854801031,0.600250949855802,-0.226249332243691,0.948122856797163,TRUE,0.355718445852904
GOBP_MITOCHONDRIAL_TRANSCRIPTION,0.191419767121672,0.921718527761897,-2.38674418879913,0.173565295195377,TRUE,0.354415021395146
GOBP_REGULATION_OF_T_CELL_MEDIATED_IMMUNITY,-1.55933881019619,0.273397031818719,0.198141417012113,0.956965337452104,TRUE,0.351605209175005
GOBP_EXTRINSIC_APOPTOTIC_SIGNALING_PATHWAY_VIA_DEATH_DOMAIN_RECEPTORS,0.183574480799688,0.925138625982899,-4.05413959427793,0.0127284462146949,TRUE,0.35124435387746
GOBP_ANATOMICAL_STRUCTURE_MATURATION,0.382110710020343,0.828975900452977,-0.324313786009048,0.920653289289007,TRUE,0.350847887460989
GOBP_REGULATION_OF_FIBROBLAST_GROWTH_FACTOR_RECEPTOR_SIGNALING_PATHWAY,3.15980321478535,0.0141620581022264,-0.185127633677196,0.958165734572316,TRUE,0.349763219952772
GOBP_RIBONUCLEOPROTEIN_COMPLEX_SUBUNIT_ORGANIZATION,-3.65974148878024,0.00392739303526079,0.183625374355192,0.958245341663965,TRUE,0.349704529831047
GOBP_NEGATIVE_REGULATION_OF_NEURAL_PRECURSOR_CELL_PROLIFERATION,0.644727027219165,0.697791198222367,-0.239875325955996,0.944486636544988,TRUE,0.349657911832876
GOBP_TELOMERE_MAINTENANCE_VIA_RECOMBINATION,0.343323300068776,0.8469840624465,-0.356015317022044,0.911335847801787,TRUE,0.349554137374817
REACTOME_BASIGIN_INTERACTIONS,-0.290646269365564,0.87305700237999,0.438042156127166,0.884919062063229,TRUE,0.349436917204002
GOBP_LIPOPROTEIN_BIOSYNTHETIC_PROCESS,-0.790464044490736,0.619918391704399,0.224265100214767,0.948122856797163,TRUE,0.34940062395731
KEGG_GLYCINE_SERINE_AND_THREONINE_METABOLISM,-2.82499077373144,0.0293826976468408,0.185954938109917,0.958165734572316,TRUE,0.348940854313215
GOBP_ESTABLISHMENT_OF_PLANAR_POLARITY_OF_EMBRYONIC_EPITHELIUM,1.37907577763808,0.34571459405675,-0.199734857515856,0.956819237426558,TRUE,0.348932921804461
GOBP_VESICLE_MEDIATED_TRANSPORT_BETWEEN_ENDOSOMAL_COMPARTMENTS,0.191639523188465,0.921718527761897,-1.938624973405,0.299721092353335,TRUE,0.348799096204891
REACTOME_EXPORT_OF_VIRAL_RIBONUCLEOPROTEINS_FROM_NUCLEUS,-2.03548233688318,0.132292791905192,0.190417710248562,0.958165734572316,TRUE,0.348256325651398
GOBP_NIK_NF_KAPPAB_SIGNALING,-0.262891028180188,0.884593621311678,0.514842188150281,0.862153491655563,TRUE,0.34805609263281
GOBP_ARTERY_DEVELOPMENT,0.241778478763051,0.893685105396831,-0.612346841581178,0.826884222807897,TRUE,0.346675796411675
GOBP_ACTIVATION_OF_GTPASE_ACTIVITY,0.198460404202466,0.917138945565492,-1.36317173218964,0.514336402052169,TRUE,0.346478029829432
GOBP_RECEPTOR_SIGNALING_PATHWAY_VIA_STAT,-0.270834834479749,0.881345272188424,0.478899346860496,0.874018014757804,TRUE,0.34599629726782
GOBP_AMIDE_TRANSPORT,-1.1292785342308,0.452448230495687,0.204207809921154,0.955524334573716,TRUE,0.345871552832286
GOBP_POSITIVE_REGULATION_OF_SECRETION,0.736961870822908,0.646906449816421,-0.225726352748806,0.948122856797163,TRUE,0.345598317591551
GOBP_SMOOTH_MUSCLE_CELL_MIGRATION,2.13044674322974,0.113959947877482,-0.188002974986849,0.958165734572316,TRUE,0.345515645762059
REACTOME_SHC1_EVENTS_IN_ERBB2_SIGNALING,1.23652562060512,0.406567430620569,-0.200446326038793,0.956398394177542,TRUE,0.344971268620813
GOBP_LIPOPROTEIN_METABOLIC_PROCESS,-0.880152930235839,0.575825224843051,0.213850909916441,0.953116348076506,TRUE,0.344096607504332
GOBP_REGULATION_OF_PROTON_TRANSPORT,0.207938505792067,0.911531940389414,-0.965976065315537,0.679290261734771,TRUE,0.34221164741672
GOBP_ORGANIC_HYDROXY_COMPOUND_TRANSPORT,0.702500657589806,0.66535332428517,-0.226174946208712,0.948122856797163,TRUE,0.342182023070417
GOBP_FC_EPSILON_RECEPTOR_SIGNALING_PATHWAY,-0.186306870687807,0.923983788727855,2.08092723659252,0.259302383889257,TRUE,0.341994715352651
GOBP_PROTEIN_FOLDING,0.379053986239123,0.829621251350169,-0.310419339117208,0.925216620245926,TRUE,0.341320493689238
GOBP_SEMI_LUNAR_VALVE_DEVELOPMENT,-0.245363155334089,0.892025473412474,0.559744423775431,0.844808464220615,TRUE,0.341173432127183
GOBP_POSITIVE_REGULATION_OF_LEUKOCYTE_CELL_CELL_ADHESION,0.188275075422452,0.923027441381127,-1.76323575183152,0.357218747670554,TRUE,0.340221882991828
GOBP_SYNAPTIC_TRANSMISSION_GABAERGIC,0.869504131183552,0.581032392364722,-0.210896242254203,0.953248241191266,TRUE,0.33945777583847
GOBP_RECEPTOR_MEDIATED_ENDOCYTOSIS,0.338365872342861,0.848076513623918,-0.340179851201295,0.914728051345934,TRUE,0.339270437087061
REACTOME_BETA_CATENIN_INDEPENDENT_WNT_SIGNALING,2.02321219539699,0.13488631924228,-0.185122238944881,0.958165734572316,TRUE,0.33920729183766
GOBP_CELLULAR_RESPONSE_TO_CADMIUM_ION,0.981394737226914,0.525523427763521,-0.204199724450128,0.955524334573716,TRUE,0.338059161705382
GOBP_POSITIVE_REGULATION_OF_SODIUM_ION_TRANSMEMBRANE_TRANSPORTER_ACTIVITY,-0.84546416819199,0.593724546131043,0.211136352916386,0.953248241191266,TRUE,0.337891601276682
REACTOME_PROCESSING_OF_CAPPED_INTRONLESS_PRE_MRNA,1.53484336579299,0.282137867555855,-0.189283147023168,0.958165734572316,TRUE,0.337005411500108
REACTOME_TOLL_LIKE_RECEPTOR_CASCADES,0.188276380083654,0.923027441381127,-1.60080489349378,0.416974890581524,TRUE,0.336925722736501
GOBP_MULTIVESICULAR_BODY_SORTING_PATHWAY,0.64199045926782,0.699350173654024,-0.228365566762865,0.948122856797163,TRUE,0.336893203935556
KEGG_HEMATOPOIETIC_CELL_LINEAGE,0.611994570273956,0.712192275097026,-0.231822850442597,0.946981753522957,TRUE,0.336267828212941
GOBP_RESPIRATORY_SYSTEM_DEVELOPMENT,0.445604813430506,0.800080595163432,-0.269762234291733,0.937148219134801,TRUE,0.33607181226731
GOBP_ENDOSOMAL_TRANSPORT,0.224809624383179,0.902779669888599,-0.645971698281015,0.813562624367576,TRUE,0.333541041988384
GOBP_EMBRYONIC_ORGAN_MORPHOGENESIS,-0.409508178827745,0.816285539746036,0.279812161657868,0.931920909570484,TRUE,0.332458980257698
GOBP_CARDIAC_CELL_DEVELOPMENT,0.399431210652208,0.819248789344563,-0.284580461966056,0.931594022306458,TRUE,0.332363680332994
GOBP_METANEPHRIC_GLOMERULUS_DEVELOPMENT,0.329336204146652,0.852499720163949,-0.33457443677941,0.917303102784516,TRUE,0.331934655723363
GOBP_HOMOLOGOUS_RECOMBINATION,-0.219277196416272,0.906156155432805,0.681245351081515,0.79833397128596,TRUE,0.331766419556842
GOBP_CELL_ADHESION_MOLECULE_PRODUCTION,-1.74344653409559,0.213353044643717,0.183270264369905,0.958245341663965,TRUE,0.331675010539143
GOBP_POSITIVE_REGULATION_OF_STRIATED_MUSCLE_CELL_DIFFERENTIATION,-1.69390544006366,0.229225083834136,0.183459216862509,0.958245341663965,TRUE,0.331062550183551
GOBP_REGULATION_OF_T_CELL_DIFFERENTIATION_IN_THYMUS,-0.398586861963768,0.819798769925773,0.282919268620173,0.931635894679924,TRUE,0.330937311955727
GOBP_OLIGODENDROCYTE_DIFFERENTIATION,-0.203476684651386,0.913754025775719,0.878076325188541,0.716554613334756,TRUE,0.330391682875868
GOBP_POSITIVE_REGULATION_OF_SYNAPTIC_TRANSMISSION,-0.309537972841597,0.861862360442096,0.347334989083082,0.913778320724151,TRUE,0.32734904509607
GOBP_T_HELPER_1_TYPE_IMMUNE_RESPONSE,0.421015141524586,0.810855310701829,-0.267768055883156,0.937316859359414,TRUE,0.327343658694607
GOBP_NEGATIVE_REGULATION_OF_DEFENSE_RESPONSE_TO_VIRUS,-0.236908313606836,0.896089092363025,0.529444042288329,0.857193877261564,TRUE,0.327342101170164
GOBP_PEPTIDE_TRANSPORT,-1.0033210223015,0.514746730434435,0.195085388487136,0.957347602336641,TRUE,0.326655915140161
GOBP_ACTIVATION_OF_JANUS_KINASE_ACTIVITY,-3.58104708817571,0.00497765705108612,0.170668033208089,0.96176483996594,TRUE,0.325808460179182
GOBP_PROTEIN_POLYMERIZATION,0.170820118025274,0.930537212595235,-3.45459105308807,0.0336975456234852,TRUE,0.325543020399719
GOBP_NEGATIVE_REGULATION_OF_STRESS_ACTIVATED_PROTEIN_KINASE_SIGNALING_CASCADE,-1.81259654917307,0.190616826655016,0.178568903479782,0.959535618650881,TRUE,0.325109475765399
GOBP_PROTEIN_LOCALIZATION_TO_CHROMOSOME,-0.491953696574289,0.774512308541187,0.242378425871983,0.943661529755349,TRUE,0.324754859368973
GOBP_SPROUTING_ANGIOGENESIS,0.46071181507329,0.792254934856472,-0.249747726004077,0.943301202547513,TRUE,0.323907897649685
GOBP_THYMOCYTE_APOPTOTIC_PROCESS,1.23092748543975,0.408830575074954,-0.186467440615955,0.958165734572316,TRUE,0.323872893255669
REACTOME_RAS_ACTIVATION_UPON_CA2_INFLUX_THROUGH_NMDA_RECEPTOR,1.80323798408775,0.193961876929974,-0.177883261103827,0.95974152484007,TRUE,0.32382253628783
GOBP_FC_RECEPTOR_SIGNALING_PATHWAY,0.182558753804607,0.925200131501614,-1.43102048916853,0.488651508849366,TRUE,0.32380847523807
REACTOME_ANTIVIRAL_MECHANISM_BY_IFN_STIMULATED_GENES,-1.35816802379253,0.354956133644227,0.182908412181981,0.958245341663965,TRUE,0.322398488367178
KEGG_PURINE_METABOLISM,-0.177229682323808,0.926828608532561,1.6891915038708,0.384810628930201,TRUE,0.320800980860579
GOBP_POSITIVE_REGULATION_OF_CELLULAR_PROTEIN_CATABOLIC_PROCESS,0.169275572137301,0.931036317113634,-3.04530871797996,0.0635010619739917,TRUE,0.320723508265489
REACTOME_NUCLEOTIDE_LIKE_PURINERGIC_RECEPTORS,0.560301732391027,0.738122103931299,-0.223297132439213,0.948122856797163,TRUE,0.319331167409857
REACTOME_FRS_MEDIATED_FGFR4_SIGNALING,3.32329558898528,0.00958280545827467,-0.167202202308208,0.963092106885598,TRUE,0.318385728697784
GOBP_REGULATION_OF_MEMBRANE_INVAGINATION,-0.232604190496303,0.898041913284179,0.501233346916154,0.86707909029608,TRUE,0.317751466680984
REACTOME_TNF_SIGNALING,-0.215141842335697,0.907985573772071,0.599393248458888,0.832114888752513,TRUE,0.316633547687252
REACTOME_REGULATION_OF_TP53_ACTIVITY_THROUGH_METHYLATION,-3.77658142659298,0.00290307916928915,0.165160712836154,0.963092106885598,TRUE,0.316480814034279
GOBP_RELAXATION_OF_MUSCLE,-0.553485114359526,0.742064143489672,0.221296697352865,0.949504427270755,TRUE,0.316177860631565
GOBP_RIBOSE_PHOSPHATE_BIOSYNTHETIC_PROCESS,-1.25101524101319,0.401034300243032,0.18061485987396,0.959410501814187,TRUE,0.31565687577506
GOBP_DETECTION_OF_EXTERNAL_BIOTIC_STIMULUS,0.681565082245058,0.676584881724271,-0.203340175711902,0.955758960773828,TRUE,0.313230286150131
GOBP_ESTABLISHMENT_OF_MITOTIC_SPINDLE_LOCALIZATION,0.954043904529696,0.538099645411468,-0.187355100770944,0.958165734572316,TRUE,0.31320334264
GOBP_REGULATION_OF_BLOOD_PRESSURE,0.952419806931856,0.538789333343594,-0.187369560612176,0.958165734572316,TRUE,0.313135893042557
GOBP_ADULT_BEHAVIOR,2.88794112216355,0.0257299013595316,-0.165243218788294,0.963092106885598,TRUE,0.312599983103941
GOBP_MULTICELLULAR_ORGANISM_AGING,-0.263612883872818,0.884593621311678,0.379312864996007,0.904733514156596,TRUE,0.311052274411425
GOBP_CARBOHYDRATE_CATABOLIC_PROCESS,0.190428821160692,0.922007635477408,-0.844775631120196,0.729176729936926,TRUE,0.310797789219416
REACTOME_CELLULAR_RESPONSE_TO_CHEMICAL_STRESS,-0.683967854095219,0.675208262035441,0.200798064752529,0.956297356475256,TRUE,0.310453688438001
GOBP_DNA_REPLICATION_CHECKPOINT_SIGNALING,0.257731291229741,0.886822691712234,-0.389330648879911,0.902288456099446,TRUE,0.310148641516849
GOBP_POSITIVE_REGULATION_OF_CALCIUM_ION_IMPORT,-0.165413327190623,0.931671806172429,2.4356225538308,0.162905259719097,TRUE,0.309787676017343
GOBP_POSITIVE_REGULATION_OF_TELOMERE_MAINTENANCE_VIA_TELOMERE_LENGTHENING,-0.655258275306718,0.691620430072203,0.202831760083196,0.955758960773828,TRUE,0.309774461438999
GOBP_NEGATIVE_REGULATION_OF_OXIDATIVE_STRESS_INDUCED_CELL_DEATH,0.805162746406428,0.612299885511118,-0.191590083044,0.958165734572316,TRUE,0.309527483424344
GOBP_REGULATION_OF_MITOCHONDRIAL_MEMBRANE_PERMEABILITY_INVOLVED_IN_APOPTOTIC_PROCESS,-2.13052699090131,0.113959947877482,0.166573425061698,0.963092106885598,TRUE,0.308988823992742
GOBP_TEMPERATURE_HOMEOSTASIS,-2.07857053864034,0.123749820087402,0.166825237911608,0.963092106885598,TRUE,0.308861384924505
GOBP_TUMOR_NECROSIS_FACTOR_MEDIATED_SIGNALING_PATHWAY,0.183997483428107,0.925052285659176,-0.94605948361956,0.686632214218802,TRUE,0.308077502701598
GOBP_PROSTATE_GLAND_DEVELOPMENT,-0.226074181825654,0.901891859741051,0.482447876228438,0.873631163209826,TRUE,0.30787752520061
GOBP_POSITIVE_REGULATION_OF_CALCIUM_ION_TRANSMEMBRANE_TRANSPORTER_ACTIVITY,0.236157098232861,0.896156034210788,-0.437912889821794,0.884919062063229,TRUE,0.30684124548413
GOBP_CALCIUM_ION_IMPORT,3.80071973739825,0.00271123811835748,-0.159119897779479,0.964403570629082,TRUE,0.305451832306897
GOBP_REGULATION_OF_POSTSYNAPTIC_NEUROTRANSMITTER_RECEPTOR_ACTIVITY,-0.187931518268269,0.923027441381127,0.810676324879984,0.742469813596719,TRUE,0.305128051224845
REACTOME_CONSTITUTIVE_SIGNALING_BY_EGFRVIII,0.164433446526328,0.93198934688683,-1.96886851186933,0.293532788538832,TRUE,0.303518059306813
REACTOME_G2_M_CHECKPOINTS,-0.170750213125743,0.930537212595235,1.35714817177319,0.514336402052169,TRUE,0.303336061957829
GOBP_REGULATION_OF_NIK_NF_KAPPAB_SIGNALING,-0.250211077937567,0.890832640645698,0.384610838510804,0.903767977283975,TRUE,0.303183900860443
REACTOME_SIGNALING_BY_NUCLEAR_RECEPTORS,-2.16461985579739,0.108040995566715,0.162926129590978,0.963092106885598,TRUE,0.303042893549538
REACTOME_CYTOPROTECTION_BY_HMOX1,-0.981496251107843,0.525523427763521,0.17887005249668,0.959535618650881,TRUE,0.302594595199119
GOBP_LIPID_DROPLET_ORGANIZATION,-2.79152199776841,0.0315691296218609,0.159639824351569,0.964403570629082,TRUE,0.302008570358345
GOBP_RENAL_SYSTEM_PROCESS_INVOLVED_IN_REGULATION_OF_BLOOD_VOLUME,0.167060388663308,0.931354269759581,-1.53985159498771,0.441133973952641,TRUE,0.30141941518533
GOBP_PROTEIN_DEGLYCOSYLATION,-0.1759317835468,0.927539668834093,1.0452809257746,0.649725191095542,TRUE,0.301172983502872
GOBP_SYNAPTIC_TRANSMISSION_DOPAMINERGIC,-0.180899173412805,0.925896615682625,0.894629609904428,0.708319541277873,TRUE,0.300945468782672
REACTOME_NUCLEAR_PORE_COMPLEX_NPC_DISASSEMBLY,-1.06305246172853,0.483257263830738,0.175110796680671,0.960481725523716,TRUE,0.300690498159024
GOBP_COPPER_ION_HOMEOSTASIS,0.262872170482396,0.884593621311678,-0.347356861165487,0.913778320724151,TRUE,0.299266168244884
GOBP_RESPONSE_TO_CHOLESTEROL,0.190274125990918,0.922007635477408,-0.698578158849691,0.790641626884788,TRUE,0.299085350577245
GOBP_ACTIN_MEDIATED_CELL_CONTRACTION,2.56214120692753,0.0517032227680422,-0.158744281961585,0.964403570629082,TRUE,0.298965368324969
GOBP_VITAMIN_TRANSPORT,-0.18594496657251,0.924096904025274,0.753177424235905,0.76758251901352,TRUE,0.29825622803468
REACTOME_SIGNALING_BY_ERBB4,0.168591993247485,0.931048648114705,-1.26866029900621,0.554727669537962,TRUE,0.297631765440459
GOBP_POSITIVE_REGULATION_OF_ERK1_AND_ERK2_CASCADE,-0.234630723165539,0.897022476393981,0.406798334934574,0.895698643841877,TRUE,0.297608554844545
REACTOME_ROLE_OF_PHOSPHOLIPIDS_IN_PHAGOCYTOSIS,-0.304445256671993,0.865128308602505,0.289210714710647,0.929844250228499,TRUE,0.296632509455958
KEGG_FC_EPSILON_RI_SIGNALING_PATHWAY,-1.03637739882536,0.496245079995877,0.172809234736124,0.961246828055724,TRUE,0.296224884096386
GOBP_SPECIFICATION_OF_SYMMETRY,0.165368102277824,0.931671806172429,-1.35879131605159,0.514336402052169,TRUE,0.294852019578538
GOBP_CATECHOLAMINE_UPTAKE,-0.167076767578396,0.931354269759581,1.25147655306279,0.56252208806345,TRUE,0.294797036027344
GOBP_CARDIOCYTE_DIFFERENTIATION,0.242064727156606,0.893685105396831,-0.37291821935255,0.905868944010112,TRUE,0.293570244611517
GOBP_PATHWAY_RESTRICTED_SMAD_PROTEIN_PHOSPHORYLATION,3.25101130702051,0.0113094703018891,-0.153702007381141,0.96626883607329,TRUE,0.293526601370051
GOBP_TRNA_5_END_PROCESSING,0.416637292596848,0.813248542558777,-0.226379255348682,0.948122856797163,TRUE,0.293361159521994
REACTOME_VIRAL_MESSENGER_RNA_SYNTHESIS,-2.32608308079176,0.0806359143497035,0.156328998877088,0.965023325645899,TRUE,0.292968473931707
GOBP_RIBONUCLEOSIDE_TRIPHOSPHATE_METABOLIC_PROCESS,0.266110533045699,0.883498425551673,-0.32583325932398,0.919675670285925,TRUE,0.292959106727388
GOBP_NEGATIVE_REGULATION_OF_RESPONSE_TO_WOUNDING,3.81268602790339,0.00261182915584902,-0.151551498147201,0.966892334169835,TRUE,0.29151546833235
GOBP_POLYOL_BIOSYNTHETIC_PROCESS,1.28366019224298,0.386293021303456,-0.164381226517211,0.963092106885598,TRUE,0.291441438205388
GOBP_BEHAVIORAL_RESPONSE_TO_PAIN,2.2277259773177,0.0968430562271771,-0.155167558405922,0.965824935646029,TRUE,0.290126936445662
REACTOME_PLASMA_LIPOPROTEIN_CLEARANCE,0.274226003953087,0.880301431469419,-0.30757291786814,0.925448482784054,TRUE,0.289943789951155
GOBP_MATURATION_OF_5_8S_RRNA,-0.20917502041314,0.911300485724395,0.465988899027529,0.876583343463146,TRUE,0.288739473955096
GOBP_POSITIVE_REGULATION_OF_CHROMOSOME_SEPARATION,0.653726364432937,0.692589229921182,-0.185187146136509,0.958165734572316,TRUE,0.28861549673066
REACTOME_NUCLEAR_SIGNALING_BY_ERBB4,0.154924462618168,0.935569745100125,-2.08937030841113,0.255923543315904,TRUE,0.28845994422782
GOBP_ADENYLATE_CYCLASE_ACTIVATING_ADRENERGIC_RECEPTOR_SIGNALING_PATHWAY,0.24643231773409,0.892025473412474,-0.347704926867141,0.913778320724151,TRUE,0.288437500910894
GOBP_GLUTAMATE_RECEPTOR_SIGNALING_PATHWAY,4.64892218279828,0.000163627403875668,-0.148248710257872,0.968306129326621,TRUE,0.287334653300203
GOBP_SUBSTRATE_DEPENDENT_CELL_MIGRATION,0.609442400906418,0.713561245083984,-0.187554450117522,0.958165734572316,TRUE,0.286835849435175
GOBP_TRANSMISSION_OF_NERVE_IMPULSE,-0.172300202630254,0.929837793416364,0.854955846532157,0.725798502317335,TRUE,0.286801067207191
REACTOME_EUKARYOTIC_TRANSLATION_ELONGATION,-2.7337859160169,0.0360607037258409,0.1506800409352,0.967066936593711,TRUE,0.285617497229031
REACTOME_SNRNP_ASSEMBLY,-2.07332633987687,0.124384557498161,0.152504989790414,0.966686342481988,TRUE,0.284111925356341
GOBP_L_ALPHA_AMINO_ACID_TRANSMEMBRANE_TRANSPORT,-0.288997245984119,0.87387557366983,0.278370300603173,0.932326883230601,TRUE,0.283584250533833
REACTOME_DECTIN_2_FAMILY,0.926340413141165,0.55243234277208,-0.166722920828363,0.963092106885598,TRUE,0.282585966541171
GOBP_GANGLIOSIDE_METABOLIC_PROCESS,3.05704158383336,0.0179558934752346,-0.147485165642042,0.968444521034857,TRUE,0.281394614315567
GOBP_REGULATION_OF_INNATE_IMMUNE_RESPONSE,-1.35909229702094,0.354499881942493,0.156702604303382,0.965023325645899,TRUE,0.281005434502749
GOBP_CELLULAR_RESPONSE_TO_DEXAMETHASONE_STIMULUS,-0.33300657387709,0.850833193191724,0.24250104304384,0.943661529755349,TRUE,0.280637263978193
REACTOME_HEDGEHOG_ON_STATE,-0.157456674667911,0.934214560388183,1.26834538360013,0.554727669537962,TRUE,0.280136285782424
GOBP_ACUTE_PHASE_RESPONSE,1.8417784703207,0.182718542347587,-0.151560916066683,0.966892334169835,TRUE,0.28007436572013
REACTOME_RESPONSE_OF_EIF2AK4_GCN2_TO_AMINO_ACID_DEFICIENCY,-3.33613523630804,0.00934706101529052,0.146140290455911,0.968866725508796,TRUE,0.280014472540791
GOBP_REGULATION_OF_EMBRYONIC_DEVELOPMENT,0.47720804333765,0.783303441062735,-0.194436749082403,0.957347602336641,TRUE,0.276297178597098
REACTOME_INFLUENZA_INFECTION,-2.88822904511333,0.0257299013595316,0.144997620386214,0.969258678976756,TRUE,0.276132570925299
GOBP_LYMPHOCYTE_ACTIVATION_INVOLVED_IN_IMMUNE_RESPONSE,-1.56816486706189,0.270392297913967,0.150642942518287,0.967066936593711,TRUE,0.274880028600408
REACTOME_SWITCHING_OF_ORIGINS_TO_A_POST_REPLICATIVE_STATE,-0.173491229107521,0.92921811227005,0.653051545895913,0.811091784819555,TRUE,0.274150881949402
GOBP_ICOSANOID_METABOLIC_PROCESS,-0.168145786211385,0.931214103405586,0.730684263842546,0.777122142386372,TRUE,0.273380891101094
GOBP_STRIATED_MUSCLE_ADAPTATION,-0.153198291567517,0.935698245171468,1.20744341631999,0.580703817305962,TRUE,0.271898571787662
GOBP_REGULATION_OF_T_HELPER_CELL_DIFFERENTIATION,-0.154498830202009,0.935698245171468,1.13019762828182,0.612938297909393,TRUE,0.271837304934586
GOBP_PROTEIN_TARGETING_TO_MITOCHONDRION,-0.502374764090026,0.769465592498763,0.185705563134912,0.958165734572316,TRUE,0.27117121294941
REACTOME_ADHERENS_JUNCTIONS_INTERACTIONS,2.64533611724771,0.0437717604564087,-0.141828561244021,0.970758077352485,TRUE,0.269222854617344
GOBP_PROTEIN_LOCALIZATION_TO_MITOCHONDRION,-0.335250416061963,0.84939715656693,0.224809072369833,0.948122856797163,TRUE,0.26914046312303
GOBP_RNA_PHOSPHODIESTER_BOND_HYDROLYSIS_ENDONUCLEOLYTIC,-1.26351330587142,0.395378775838376,0.150278756117778,0.967167994494156,TRUE,0.268609809107938
REACTOME_RECRUITMENT_OF_MITOTIC_CENTROSOME_PROTEINS_AND_COMPLEXES,0.145236742108785,0.936952000242148,-1.7619848769803,0.357218747670554,TRUE,0.268353651842297
GOBP_HINDLIMB_MORPHOGENESIS,0.165075146836124,0.931671806172429,-0.70923650422144,0.786397947505384,TRUE,0.267815989720089
GOBP_DETECTION_OF_LIGHT_STIMULUS,-0.379438122818803,0.829621251350169,0.205131637549364,0.95519480699357,TRUE,0.266297604698049
GOBP_INNER_EAR_RECEPTOR_CELL_DEVELOPMENT,-2.76787819676306,0.0331265279987434,0.139583044454891,0.971134967200731,TRUE,0.265763725347313
REACTOME_REGULATION_OF_HMOX1_EXPRESSION_AND_ACTIVITY,-0.187926618348453,0.923027441381127,0.441452664538106,0.884517238478148,TRUE,0.263627064516877
GOBP_T_CELL_PROLIFERATION,0.165291039777914,0.931671806172429,-0.638238020875593,0.816453555250899,TRUE,0.262579242648738
GOBP_RESPONSE_TO_SALT_STRESS,1.55529633639289,0.275088859749135,-0.143267336261465,0.969927964373519,TRUE,0.262366571002921
GOBP_REGULATION_OF_RESPONSE_TO_WOUNDING,3.02277760709118,0.0195105998375341,-0.1369445824088,0.971321142090439,TRUE,0.262018615746266
GOBP_POSITIVE_REGULATION_OF_INTERLEUKIN_1_BETA_PRODUCTION,0.801883262927213,0.614189358157924,-0.156476532004603,0.965023325645899,TRUE,0.261855542603
GOBP_POSITIVE_REGULATION_OF_MESENCHYMAL_CELL_PROLIFERATION,-0.443317439682681,0.801351233053737,0.185579507225059,0.958165734572316,TRUE,0.261634699946018
GOBP_STEROID_HORMONE_SECRETION,0.307496444389416,0.863249117765341,-0.227284419134115,0.948122856797163,TRUE,0.261374912663751
GOBP_POSITIVE_REGULATION_OF_ORGANELLE_ASSEMBLY,0.138203990306253,0.940169610316347,-2.24011367993967,0.213646899143169,TRUE,0.260345918613366
GOBP_CARDIAC_MUSCLE_TISSUE_MORPHOGENESIS,1.65337513655022,0.241140431609206,-0.140609593036338,0.971134967200731,TRUE,0.259177685576291
REACTOME_SUMOYLATION_OF_SUMOYLATION_PROTEINS,-1.93587916319123,0.157012098883564,0.138630581343181,0.971134967200731,TRUE,0.258732989334386
GOBP_CIRCADIAN_SLEEP_WAKE_CYCLE,-2.33320309575817,0.079546346922491,0.136848271489159,0.971321142090439,TRUE,0.258532931680274
GOBP_NEGATIVE_REGULATION_OF_RESPONSE_TO_DNA_DAMAGE_STIMULUS,0.141992319074433,0.938392024898046,-1.41095576973083,0.495012985533101,TRUE,0.258018775128105
GOBP_POSITIVE_REGULATION_OF_CELL_MORPHOGENESIS_INVOLVED_IN_DIFFERENTIATION,0.141620618340213,0.938392024898046,-1.43756247470607,0.485415626403987,TRUE,0.257840256100809
GOBP_POSITIVE_REGULATION_OF_GRANULOCYTE_CHEMOTAXIS,0.355664262134961,0.840617628132795,-0.201544977329391,0.956268419113743,TRUE,0.257290585194796
GOBP_POSITIVE_REGULATION_OF_MUSCLE_CELL_APOPTOTIC_PROCESS,-1.58765849980446,0.263164378828048,0.139118011873339,0.971134967200731,TRUE,0.255819896243547
HALLMARK_SPERMATOGENESIS,-0.440705212876523,0.802152619664234,0.179355298399618,0.959472027972145,TRUE,0.254951939445583
REACTOME_TGF_BETA_RECEPTOR_SIGNALING_IN_EMT_EPITHELIAL_TO_MESENCHYMAL_TRANSITION,0.135606582183269,0.941888296376758,-2.01785752054655,0.279951176416961,TRUE,0.254134500173235
GOBP_MYELIN_MAINTENANCE,0.146296211989325,0.936952000242148,-0.95593847417222,0.684097532223887,TRUE,0.253757533530847
GOBP_ARACHIDONIC_ACID_METABOLIC_PROCESS,-0.145386564930429,0.936952000242148,0.992880829872403,0.67238145901751,TRUE,0.253633783941297
GOBP_REGULATION_OF_CELLULAR_KETONE_METABOLIC_PROCESS,-1.92496986230586,0.159387203074809,0.135171514738137,0.971690304457821,TRUE,0.252605083333161
REACTOME_ATTENUATION_PHASE,0.368013912221523,0.835350675762735,-0.191504251960815,0.958165734572316,TRUE,0.251917572950103
REACTOME_NONSENSE_MEDIATED_DECAY_NMD,-3.22639625741714,0.0120396516619988,0.130970329960033,0.972891856973141,TRUE,0.251722396955079
REACTOME_AMINE_LIGAND_BINDING_RECEPTORS,-0.861504198811806,0.585430327130747,0.145928665953547,0.968866725508796,TRUE,0.249581213484172
GOBP_PROTEIN_LIPID_COMPLEX_ASSEMBLY,0.133204087796156,0.942236805025677,-1.94663040279301,0.297412538723901,TRUE,0.249345924643123
GOBP_POSITIVE_REGULATION_OF_BLOOD_VESSEL_ENDOTHELIAL_CELL_MIGRATION,0.133973240253272,0.942236805025677,-1.75570112325411,0.359856992537607,TRUE,0.248949737522059
GOBP_METAPHASE_PLATE_CONGRESSION,0.129757888224789,0.943857238139191,-2.92253620624312,0.0769838697309795,TRUE,0.248483347047002
GOBP_GLUCOCORTICOID_METABOLIC_PROCESS,-0.528208790610171,0.754606956258219,0.161082368063165,0.964172002544361,TRUE,0.246877162872736
GOBP_PROTEIN_ACYLATION,-2.80679755886802,0.0305621405907645,0.128713329517783,0.972983100238564,TRUE,0.246139273755477
REACTOME_ACTIVATION_OF_ATR_IN_RESPONSE_TO_REPLICATION_STRESS,-2.30709931976619,0.0834775356349552,0.129889276417442,0.972891856973141,TRUE,0.245932592164681
GOBP_ARACHIDONIC_ACID_SECRETION,-0.129207646730715,0.943857238139191,2.4671967811008,0.156022155430319,TRUE,0.245555497202622
REACTOME_GAMMA_CARBOXYLATION_HYPUSINE_FORMATION_AND_ARYLSULFATASE_ACTIVATION,3.77891832835621,0.00288620817991111,-0.126399893424874,0.973632923755468,TRUE,0.2446176453952
REACTOME_SIGNALING_BY_THE_B_CELL_RECEPTOR_BCR,0.745405818902513,0.642324583000301,-0.145432673354217,0.969089090466775,TRUE,0.243380504814424
GOBP_CELLULAR_RESPONSE_TO_FATTY_ACID,0.961983332692981,0.533733041422042,-0.137631053204673,0.971134967200731,TRUE,0.240809470923381
GOBP_ENERGY_HOMEOSTASIS,-0.640456315421443,0.700140548582964,0.147624456992913,0.968444521034857,TRUE,0.239942450320465
HALLMARK_MYOGENESIS,-0.377863862125249,0.829970956070607,0.174807385847685,0.960539052569548,TRUE,0.239033219790944
GOBP_LYMPH_VESSEL_DEVELOPMENT,-0.330485920677815,0.85213701500089,0.187015344603565,0.958165734572316,TRUE,0.238862945807804
REACTOME_RAF_ACTIVATION,0.144979252388653,0.936952000242148,-0.667522146542302,0.803846416516554,TRUE,0.23821955724853
GOBP_REGULATION_OF_RESPONSE_TO_TUMOR_CELL,-0.219869507751098,0.905843209249011,0.258648084258621,0.94058380558136,TRUE,0.237687507904839
GOBP_ALPHA_BETA_T_CELL_DIFFERENTIATION,-1.99417597314944,0.142323502583385,0.126329740896175,0.973632923755468,TRUE,0.237607220127423
GOBP_NATURAL_KILLER_CELL_MEDIATED_IMMUNITY,0.147637818151974,0.936655956382583,-0.600049043563078,0.831943342473254,TRUE,0.236970678801612
GOBP_REGULATION_OF_HYDROGEN_PEROXIDE_METABOLIC_PROCESS,0.170325153775998,0.930537212595235,-0.388376866201237,0.902437184788113,TRUE,0.236800108442283
REACTOME_DIGESTION,-1.06809628298272,0.4803041738309,0.132732162082429,0.972324647111638,TRUE,0.23612153681921
GOBP_CELLULAR_LIPID_CATABOLIC_PROCESS,-0.127997576638254,0.944562691356487,1.49592140663964,0.458982328173612,TRUE,0.235817570781357
GOBP_REGULATION_OF_PODOSOME_ASSEMBLY,1.23450906648826,0.407513249162222,-0.129671408400518,0.972891856973141,TRUE,0.234691131095089
GOBP_DEVELOPMENTAL_INDUCTION,-0.126356097289863,0.945697063973167,1.60705202765704,0.413185867089242,TRUE,0.234290839455624
REACTOME_ELEVATION_OF_CYTOSOLIC_CA2_LEVELS,1.51621630600153,0.288577301503686,-0.126878378836165,0.973632923755468,TRUE,0.23416187593527
GOBP_MODULATION_BY_HOST_OF_VIRAL_GENOME_REPLICATION,-2.72307226783258,0.0367985135882364,0.122083446699114,0.974763492920811,TRUE,0.233689879516835
GOBP_DOUBLE_STRAND_BREAK_REPAIR_VIA_NONHOMOLOGOUS_END_JOINING,-0.129089363942922,0.943857238139191,1.19775026981875,0.584189660987096,TRUE,0.233060298410016
GOBP_CELLULAR_RESPONSE_TO_OSMOTIC_STRESS,1.61209714195546,0.254453878239659,-0.125358392498439,0.973806180979614,TRUE,0.232627428166538
GOBP_REGULATION_OF_MEMBRANE_PERMEABILITY,0.146622947946613,0.936926717673644,-0.561305041057122,0.844808464220615,TRUE,0.232510088866272
GOBP_RESPONSE_TO_ACID_CHEMICAL,0.121802053208127,0.947663647213047,-2.3945149438884,0.171636923587911,TRUE,0.231812475884143
GOBP_EMBRYONIC_CAMERA_TYPE_EYE_MORPHOGENESIS,-0.145360630287629,0.936952000242148,0.55312326779625,0.847571617258542,TRUE,0.230219614379602
GOBP_POSITIVE_REGULATION_OF_NIK_NF_KAPPAB_SIGNALING,-0.676409997533256,0.679180056554367,0.138556577768303,0.971134967200731,TRUE,0.229999750337723
GOBP_DOUBLE_STRAND_BREAK_REPAIR,-0.417073440044964,0.813054967473635,0.157347419939614,0.964759835256608,TRUE,0.228492501885034
GOBP_REGULATION_OF_NMDA_RECEPTOR_ACTIVITY,-1.13888312519214,0.44753243191341,0.126888521634493,0.973632923755468,TRUE,0.228336914375354
KEGG_VASCULAR_SMOOTH_MUSCLE_CONTRACTION,1.09710165898497,0.46589650261185,-0.127420614406337,0.973632923755468,TRUE,0.228323110966238
GOBP_BRANCHING_MORPHOGENESIS_OF_AN_EPITHELIAL_TUBE,0.147881823635432,0.936644637084491,-0.500431836565677,0.867377902551732,TRUE,0.228299285175031
GOBP_POSITIVE_REGULATION_OF_CHEMOTAXIS,0.130045207703237,0.943857238139191,-0.908908588691544,0.699975937031591,TRUE,0.227535058074391
GOBP_T_HELPER_2_CELL_DIFFERENTIATION,-1.33488412714901,0.364182190793578,0.124318757013618,0.974195257251641,TRUE,0.227454505806581
GOBP_CELL_CELL_RECOGNITION,0.315830051933136,0.858887808250756,-0.177620546835899,0.95974152484007,TRUE,0.227369899525975
KEGG_ANTIGEN_PROCESSING_AND_PRESENTATION,-0.121715915844864,0.947663647213047,1.58809759526482,0.421175530368541,TRUE,0.226102732260237
GOBP_POSITIVE_REGULATION_OF_PROTEIN_EXPORT_FROM_NUCLEUS,-3.23661790936009,0.0117731296786191,0.116298987311169,0.976843650536404,TRUE,0.224530101265243
REACTOME_ROS_AND_RNS_PRODUCTION_IN_PHAGOCYTES,1.76959931659538,0.204876609831203,-0.119041350889337,0.976543997064709,TRUE,0.223076307533832
GOBP_NEGATIVE_REGULATION_OF_INTERLEUKIN_1_PRODUCTION,0.772158695157311,0.63006110604357,-0.129910608830822,0.972891856973141,TRUE,0.222403324796471
GOBP_LYMPHOID_PROGENITOR_CELL_DIFFERENTIATION,-2.67282176312823,0.0412887235550713,0.115540729652298,0.977278487946139,TRUE,0.221506190491342
GOBP_REGULATION_OF_NUCLEASE_ACTIVITY,0.115687465067936,0.9497392160504,-2.42419511916096,0.164933577028271,TRUE,0.220836183457621
GOBP_EMBRYONIC_HINDLIMB_MORPHOGENESIS,0.147978905775655,0.936644637084491,-0.433907052044682,0.886506558114037,TRUE,0.220693040988411
REACTOME_CARDIAC_CONDUCTION,0.228472117010993,0.900804774057653,-0.212085355299565,0.953248241191266,TRUE,0.219973979141422
GOBP_NEGATIVE_REGULATION_OF_RHO_PROTEIN_SIGNAL_TRANSDUCTION,0.11668553140665,0.9497392160504,-1.84659382919198,0.328402734588529,TRUE,0.219500888743421
GOBP_CARDIAC_SEPTUM_MORPHOGENESIS,-0.132422054673691,0.94242129216678,0.616149274325191,0.826184488747091,TRUE,0.217993261913902
REACTOME_MITOTIC_PROPHASE,-0.115812101010738,0.9497392160504,1.80006190761283,0.344240704417318,TRUE,0.217622819174639
REACTOME_SYNTHESIS_SECRETION_AND_INACTIVATION_OF_GLUCAGON_LIKE_PEPTIDE_1_GLP_1,0.115946805668225,0.9497392160504,-1.74574943072542,0.362443909693227,TRUE,0.217451231874259
GOBP_CYTOPLASMIC_TRANSLATION,-3.29650459588023,0.0103292330011886,0.112053986359052,0.978612796537326,TRUE,0.216740579401539
REACTOME_APOPTOTIC_FACTOR_MEDIATED_RESPONSE,0.111127174927149,0.950849535672354,-3.24613090472813,0.0473098530551414,TRUE,0.214897602941021
GOBP_EPITHELIAL_CELL_DEVELOPMENT,0.115264703991,0.9497392160504,-1.52413140677549,0.447516174749714,TRUE,0.214321059189565
GOBP_ACTIN_NUCLEATION,0.116497071318031,0.9497392160504,-1.33284006204603,0.523007775868985,TRUE,0.214266177536351
REACTOME_FORMATION_OF_INCISION_COMPLEX_IN_GG_NER,-1.93468268911556,0.157104480609684,0.112951284770066,0.978053001357748,TRUE,0.213441365151148
GOBP_RESPONSE_TO_FOOD,-2.97923974733632,0.0213425369048671,0.110631348474957,0.979210332304095,TRUE,0.213340492504571
GOBP_REGULATION_OF_T_CELL_MEDIATED_CYTOTOXICITY,-1.65732725648815,0.239745434279525,0.113989974050685,0.977596945510003,TRUE,0.213308703493059
KEGG_ASTHMA,-0.116315712356994,0.9497392160504,1.2211268407645,0.576566043881162,TRUE,0.212399759571378
GOBP_NUCLEUS_LOCALIZATION,0.109782011373137,0.951384094883724,-2.73231931557203,0.103178734412668,TRUE,0.211082910615
GOBP_NEGATIVE_REGULATION_OF_EPITHELIAL_CELL_PROLIFERATION,-0.11183335751558,0.950650600907577,1.64824399381829,0.400319894191124,TRUE,0.209455180698615
GOBP_NEGATIVE_REGULATION_OF_PEPTIDE_SECRETION,-0.828229897962736,0.601785225422106,0.119628252854424,0.976247468117279,TRUE,0.209060175448536
GOBP_POSITIVE_REGULATION_OF_DENDRITIC_SPINE_MORPHOGENESIS,3.21985654860106,0.0122293287230439,-0.108003344017932,0.979447888132674,TRUE,0.208996343432759
GOBP_NEPHRON_DEVELOPMENT,0.533687727616488,0.752394901364952,-0.129504214190765,0.972891856973141,TRUE,0.208430788829806
REACTOME_CASPASE_ACTIVATION_VIA_EXTRINSIC_APOPTOTIC_SIGNALLING_PATHWAY,0.249722535984889,0.891059955309015,-0.175268510422602,0.960481725523716,TRUE,0.205973736486956
GOBP_REGULATION_OF_LEUKOCYTE_APOPTOTIC_PROCESS,0.162180118095418,0.93291396744366,-0.275167879952328,0.934366964446805,TRUE,0.204078946129587
REACTOME_CYCLIN_A_B1_B2_ASSOCIATED_EVENTS_DURING_G2_M_TRANSITION,0.167147859188654,0.931354269759581,-0.257041196953749,0.941183181871784,TRUE,0.2025695155119
GOBP_NEGATIVE_REGULATION_OF_B_CELL_PROLIFERATION,0.123461246784228,0.946616729908517,-0.563736265493422,0.844450381905564,TRUE,0.202560634902828
GOBP_RNA_CATABOLIC_PROCESS,-3.41620320181897,0.00771145852195821,0.104027585015433,0.980530670795016,TRUE,0.201906858116423
REACTOME_INTERLEUKIN_20_FAMILY_SIGNALING,-0.24598399426805,0.892025473412474,0.170797303540336,0.96176483996594,TRUE,0.201608868516839
REACTOME_CD28_DEPENDENT_PI3K_AKT_SIGNALING,-0.58252170680665,0.727869973937027,0.121748632973475,0.974844855364588,TRUE,0.20140340285586
GOBP_EXIT_FROM_MITOSIS,-2.77268820953554,0.0327154865984426,0.104404558384831,0.980530670795016,TRUE,0.20123180683161
GOBP_REGULATION_OF_PLASMA_LIPOPROTEIN_PARTICLE_LEVELS,-0.787828287745801,0.621163410026175,0.115120485112342,0.97731403441157,TRUE,0.20088664472834
GOBP_NEURON_PROJECTION_REGENERATION,0.118322785087408,0.9497392160504,-0.635888553408348,0.81716373073197,TRUE,0.199519950984937
GOBP_REGULATION_OF_T_CELL_PROLIFERATION,-0.177530059796727,0.926828608532561,0.22559665790207,0.948122856797163,TRUE,0.198697761318914
GOBP_REGULATION_OF_NUCLEAR_DIVISION,1.52711323053405,0.284578897124038,-0.106190516108934,0.980328319397156,TRUE,0.198572913875327
GOBP_CARDIAC_LEFT_VENTRICLE_MORPHOGENESIS,0.114608205808055,0.9497392160504,-0.697389960349214,0.790687986217288,TRUE,0.196864021214289
GOBP_CYTOSOLIC_TRANSPORT,0.109946926789014,0.951384094883724,-0.886109752173553,0.713134007469031,TRUE,0.195621486421293
GOBP_RESPONSE_TO_CHEMOKINE,-1.50330296787958,0.294395372566066,0.104213993413784,0.980530670795016,TRUE,0.19491577304102
GOBP_VITAMIN_TRANSMEMBRANE_TRANSPORT,0.919687963766981,0.555986073615714,-0.108862304917651,0.9793804787535,TRUE,0.194680521874216
GOBP_FORELIMB_MORPHOGENESIS,0.384782109307321,0.827684804056031,-0.12962374825071,0.972891856973141,TRUE,0.193920417255756
GOBP_GLANDULAR_EPITHELIAL_CELL_DIFFERENTIATION,-0.132512470761959,0.94242129216678,0.360631298900629,0.910107166918436,TRUE,0.193810192447991
REACTOME_NOREPINEPHRINE_NEUROTRANSMITTER_RELEASE_CYCLE,-0.275833416151566,0.880070735593953,0.147139796057253,0.968444521034857,TRUE,0.191908477543395
REACTOME_FCERI_MEDIATED_MAPK_ACTIVATION,0.114538327026578,0.9497392160504,-0.590833199294411,0.834112836105565,TRUE,0.1918791549523
REACTOME_TRIGLYCERIDE_METABOLISM,-0.110128519718795,0.951384094883724,0.743398443526092,0.770974109637801,TRUE,0.191837806354795
GOBP_CHROMATIN_ASSEMBLY_OR_DISASSEMBLY,-3.3221130989253,0.00960341966288832,0.0987381620924567,0.98101584539611,TRUE,0.191776441957064
GOBP_NUCLEOSIDE_MONOPHOSPHATE_BIOSYNTHETIC_PROCESS,-3.01052572679638,0.0199184454723355,0.0989013253783629,0.98101584539611,TRUE,0.191511155894509
REACTOME_STRIATED_MUSCLE_CONTRACTION,0.103567754229125,0.954205460801378,-1.24450099136892,0.565026841441359,TRUE,0.19122195842441
GOBP_HORMONE_METABOLIC_PROCESS,3.05507820737989,0.0180055688930276,-0.0986169290012187,0.98101584539611,TRUE,0.191066300096513
GOBP_STEROL_METABOLIC_PROCESS,-2.62347834304862,0.0454516634187508,0.0983195682607155,0.98101584539611,TRUE,0.189535936491181
GOBP_MIDBRAIN_DOPAMINERGIC_NEURON_DIFFERENTIATION,0.245358573182017,0.892025473412474,-0.153737418511811,0.96626883607329,TRUE,0.18903118265183
GOBP_ACTIN_MYOSIN_FILAMENT_SLIDING,0.13358955000166,0.942236805025677,-0.309834321907533,0.925396692944647,TRUE,0.186686510405886
REACTOME_GPVI_MEDIATED_ACTIVATION_CASCADE,0.152752856112223,0.935698245171468,-0.239307932931607,0.944784927250531,TRUE,0.186476032631402
GOBP_DETECTION_OF_MECHANICAL_STIMULUS_INVOLVED_IN_SENSORY_PERCEPTION,0.813542213807335,0.608913063743354,-0.103274956083056,0.980965045484799,TRUE,0.18328307793954
GOBP_NEGATIVE_REGULATION_OF_LEUKOCYTE_APOPTOTIC_PROCESS,-0.178222215898974,0.926828608532561,0.187747435254576,0.958165734572316,TRUE,0.182860867478765
GOBP_GONADOTROPIN_SECRETION,-1.09008430706633,0.46923571677435,0.0982507177921815,0.98101584539611,TRUE,0.180254832825468
GOBP_PYRIMIDINE_NUCLEOSIDE_CATABOLIC_PROCESS,-3.12603683848516,0.0153585269582841,0.0927263743294935,0.982962836595086,TRUE,0.180110211834867
GOBP_REGULATION_OF_OXIDOREDUCTASE_ACTIVITY,2.3493740386713,0.0771529670374893,-0.0932105197979633,0.982922166040421,TRUE,0.179307098773791
GOBP_GLOMERULAR_EPITHELIAL_CELL_DIFFERENTIATION,0.105314128089253,0.953341879541787,-0.599725633868784,0.832024572193617,TRUE,0.179166014830876
GOBP_SCHWANN_CELL_DIFFERENTIATION,-0.88201087635176,0.575179636188176,0.0996718485406809,0.98101584539611,TRUE,0.17910400631446
GOBP_POSITIVE_REGULATION_OF_DEVELOPMENTAL_GROWTH,0.134509356461825,0.942210142243971,-0.266845075913328,0.937316859359414,TRUE,0.178860162194788
GOBP_APPENDAGE_DEVELOPMENT,0.0940633401422939,0.959534241568021,-1.78506203903628,0.351478749376991,TRUE,0.178709626950347
GOBP_POSITIVE_REGULATION_OF_OSTEOCLAST_DIFFERENTIATION,0.0930301558728154,0.95999880827943,-2.17753786609028,0.22772018257661,TRUE,0.178437012361508
GOBP_IRON_SULFUR_CLUSTER_ASSEMBLY,-0.093808147376394,0.959551212520345,1.69169289415048,0.384029952301151,TRUE,0.1777591529091
GOBP_CARDIAC_MUSCLE_CELL_DIFFERENTIATION,1.36519623198663,0.351273148860959,-0.0946970285798671,0.982922166040421,TRUE,0.177108875134335
GOBP_MYD88_DEPENDENT_TOLL_LIKE_RECEPTOR_SIGNALING_PATHWAY,0.751121358079107,0.640500808561813,-0.0998885097864843,0.98101584539611,TRUE,0.176327903965439
GOBP_DENDRITIC_CELL_MIGRATION,0.562861617157773,0.736574325867866,-0.104413591935598,0.980530670795016,TRUE,0.176150417126913
GOBP_REGULATION_OF_CELL_PROJECTION_ASSEMBLY,0.0901145869544834,0.960852837924467,-3.4740012317612,0.0329191072479394,TRUE,0.175672285639885
GOBP_REGULATION_OF_HISTONE_H3_K9_METHYLATION,-0.28724836399444,0.875038468458019,0.126001107127091,0.973632923755468,TRUE,0.175165919924921
GOBP_REGULATION_OF_ESTABLISHMENT_OF_PROTEIN_LOCALIZATION_TO_MITOCHONDRION,-1.86857813602618,0.174600438605017,0.0918159190551175,0.983282120829036,TRUE,0.175031360088905
GOBP_MEIOTIC_CHROMOSOME_SEGREGATION,1.94192385444521,0.155778647996513,-0.0911810406311454,0.983282120829036,TRUE,0.174183475042107
GOBP_POSITIVE_REGULATION_OF_ANIMAL_ORGAN_MORPHOGENESIS,-0.0917973295893981,0.960251527511727,1.65741782585629,0.397877894321574,TRUE,0.173959766988993
GOBP_GLYCOSYLCERAMIDE_METABOLIC_PROCESS,0.0916733115146167,0.960251527511727,-1.64862152031473,0.400319894191124,TRUE,0.173688493969318
GOBP_FATTY_ACYL_COA_BIOSYNTHETIC_PROCESS,4.0115730937222,0.00143779856656573,-0.088744679825872,0.983922183605425,TRUE,0.173647892413178
GOBP_RIBOSOME_ASSEMBLY,-1.20176597199332,0.419701506707446,0.0930155017849234,0.982922166040421,TRUE,0.172666766055613
GOBP_REGULATION_OF_CHROMATIN_BINDING,0.0894387566945551,0.961022380975153,-2.33670411305794,0.18641547538228,TRUE,0.172283267601859
GOBP_WHITE_FAT_CELL_DIFFERENTIATION,-1.51800551359249,0.287819749539478,0.0911429448145971,0.983282120829036,TRUE,0.171961128919794
HALLMARK_GLYCOLYSIS,0.152999124541733,0.935698245171468,-0.195349640162913,0.957347602336641,TRUE,0.171599999499407
GOBP_MALE_GENITALIA_DEVELOPMENT,0.494791305173646,0.773343474858886,-0.102951273796285,0.98101584539611,TRUE,0.170439238973858
REACTOME_ASSEMBLY_OF_ACTIVE_LPL_AND_LIPC_LIPASE_COMPLEXES,3.27736353254148,0.0107448268783174,-0.0874881223637071,0.984126918767551,TRUE,0.170426759436692
GOBP_REGULATION_OF_HEMATOPOIETIC_PROGENITOR_CELL_DIFFERENTIATION,-2.30254620224599,0.0842188601202675,0.0883580663506813,0.983922183605425,TRUE,0.170185425477511
REACTOME_NUCLEAR_RECEPTOR_TRANSCRIPTION_PATHWAY,-4.91228994470508,6.43759455006838e-05,0.086458045276158,0.984213042284981,TRUE,0.169925344226254
GOBP_REGULATION_OF_INTRINSIC_APOPTOTIC_SIGNALING_PATHWAY_BY_P53_CLASS_MEDIATOR,0.152138937322154,0.935698245171468,-0.190275865267152,0.958165734572316,TRUE,0.169083624427993
GOBP_VITAMIN_D_METABOLIC_PROCESS,0.35668346802281,0.840299073419392,-0.10929466722695,0.979324902785417,TRUE,0.167319442668754
GOBP_REGULATION_OF_WOUND_HEALING,3.99247820320731,0.00149633017736053,-0.0852431571853627,0.984217016751534,TRUE,0.166922365191898
REACTOME_CHOLESTEROL_BIOSYNTHESIS,2.24772018354156,0.0933884236655327,-0.0856813324588937,0.984217016751534,TRUE,0.165070313874393
HALLMARK_APOPTOSIS,0.0927097775655415,0.960069384077206,-0.718079779087013,0.782413402517251,TRUE,0.16421774564617
GOBP_REGULATION_OF_PROTEIN_POLYMERIZATION,0.0843602739878616,0.963650217860823,-3.0313545925506,0.0640180623287827,TRUE,0.164152314917084
GOBP_MESENCHYMAL_CELL_DIFFERENTIATION,0.193889666924123,0.920448764846961,-0.141341209591255,0.970972445779882,TRUE,0.163496873170894
GOBP_PURINE_DEOXYRIBONUCLEOTIDE_METABOLIC_PROCESS,-0.133520129742074,0.942236805025677,0.198392641142122,0.956965337452104,TRUE,0.159616703597169
GOBP_TELOMERE_CAPPING,-0.809373786028693,0.609951643848217,0.0883068767849584,0.983922183605425,TRUE,0.159239859243015
GOBP_INOSITOL_PHOSPHATE_CATABOLIC_PROCESS,-3.59825065164877,0.00475377038485543,0.0809162942488776,0.985190027994718,TRUE,0.158273387857365
GOBP_REGULATION_OF_TUBE_SIZE,0.601140690742506,0.717766727705501,-0.0908005728972821,0.983367557810587,TRUE,0.157770383064487
GOBP_REGULATION_OF_HORMONE_SECRETION,-0.120843065196014,0.948002684901625,0.224296134427811,0.948122856797163,TRUE,0.157064931629996
GOBP_NEGATIVE_REGULATION_OF_LEUKOCYTE_PROLIFERATION,-0.811906683144155,0.609484431945523,0.0863890052609755,0.984213042284981,TRUE,0.156161966770854
GOBP_REGULATION_OF_KERATINOCYTE_PROLIFERATION,1.61615174824366,0.253063348335358,-0.0819175674757401,0.984990148663207,TRUE,0.15593146718124
GOBP_NEGATIVE_CHEMOTAXIS,2.6037529596181,0.0472893566288117,-0.0803555766397093,0.985414892936254,TRUE,0.155899858497649
REACTOME_PI_3K_CASCADE_FGFR4,0.615505604784083,0.710679947017901,-0.0882136792698771,0.983922183605425,TRUE,0.154311570649161
GOBP_RESPONSE_TO_HYPEROXIA,-1.41160930690795,0.3331464765001,0.0799176512640476,0.985414892936254,TRUE,0.151271151610716
GOBP_NEGATIVE_REGULATION_OF_INTRACELLULAR_PROTEIN_TRANSPORT,1.089587816512,0.46923571677435,-0.0809183758590952,0.985190027994718,TRUE,0.150648799711871
GOBP_NEUTRAL_AMINO_ACID_TRANSPORT,-0.116409472889381,0.9497392160504,0.198950272681127,0.956965337452104,TRUE,0.146877949385145
GOBP_ACTIN_FILAMENT_SEVERING,1.92675565790053,0.159094932955877,-0.0761831416618182,0.986601868359621,TRUE,0.146570927944098
GOBP_CILIUM_OR_FLAGELLUM_DEPENDENT_CELL_MOTILITY,-0.630726584288206,0.70325555596463,0.0818784427532101,0.984990148663207,TRUE,0.144941190603103
GOBP_ASTROCYTE_DIFFERENTIATION,0.0831735329231421,0.964431516032555,-0.547977374445094,0.85071549503252,TRUE,0.144425726597125
GOBP_RESPONSE_TO_OSMOTIC_STRESS,0.085775016947487,0.963067954033743,-0.445826281157421,0.883702957925341,TRUE,0.143870065623377
GOBP_POSITIVE_REGULATION_OF_GROWTH,0.099130776314794,0.957095118739269,-0.243317866747998,0.943661529755349,TRUE,0.140869526047828
GOBP_DIACYLGLYCEROL_METABOLIC_PROCESS,2.18807949305311,0.103065621517577,-0.0723611299820819,0.987078627842916,TRUE,0.14008941707599
REACTOME_DNA_DAMAGE_TELOMERE_STRESS_INDUCED_SENESCENCE,-0.0718964791561058,0.969342430797268,2.42249464390464,0.164933577028271,TRUE,0.139648376761022
GOBP_CELLULAR_RESPONSE_TO_REACTIVE_OXYGEN_SPECIES,0.359337330016151,0.840076168407507,-0.0861803021152503,0.984213042284981,TRUE,0.139019412156265
GOBP_POSITIVE_REGULATION_OF_MACROPHAGE_MIGRATION,0.0717440401999949,0.969342430797268,-2.20991406534839,0.22066996463297,TRUE,0.13897626744107
GOBP_DETECTION_OF_TEMPERATURE_STIMULUS,-1.88842902920699,0.168588658861066,0.0709593134650918,0.987078627842916,TRUE,0.136779039174374
GOBP_MICROTUBULE_ORGANIZING_CENTER_ORGANIZATION,-1.67674221692343,0.234770543333607,0.0711389760604467,0.987078627842916,TRUE,0.136487222252933
REACTOME_TRANSCRIPTION_COUPLED_NUCLEOTIDE_EXCISION_REPAIR_TC_NER,-2.48623772712632,0.060049197115862,0.0701511952224159,0.987078627842916,TRUE,0.136452279729587
GOBP_DNA_METHYLATION,-1.3816257029289,0.345097954578292,0.0710443740900246,0.987078627842916,TRUE,0.135139746930982
GOBP_NEGATIVE_REGULATION_OF_SMOOTH_MUSCLE_CELL_DIFFERENTIATION,0.0712804992266298,0.969342430797268,-1.26088733415082,0.558727387194428,TRUE,0.134932966244861
REACTOME_SIGNALING_BY_ACTIVIN,-0.0942335516871136,0.959534241568021,0.228672726063692,0.948122856797163,TRUE,0.13346685794437
GOBP_REGULATION_OF_LEUKOCYTE_TETHERING_OR_ROLLING,0.796085787832996,0.617506254177135,-0.0727425834004808,0.987078627842916,TRUE,0.133304433263765
REACTOME_SIGNALING_BY_FGFR1_IN_DISEASE,0.0716866076950136,0.969342430797268,-0.942118580980967,0.68787133794673,TRUE,0.133235232708107
GOBP_T_CELL_MEDIATED_CYTOTOXICITY,-0.482747697999418,0.780191768687705,0.0772661316338256,0.986160944250904,TRUE,0.133211164459911
KEGG_NOD_LIKE_RECEPTOR_SIGNALING_PATHWAY,0.182928733357008,0.925200131501614,-0.104725855745944,0.980530670795016,TRUE,0.133197027734383
GOBP_POLYOL_METABOLIC_PROCESS,-0.0713391963649386,0.969342430797268,0.942432037184028,0.68787133794673,TRUE,0.132638098096188
GOBP_NEGATIVE_REGULATION_OF_CELL_ACTIVATION,0.0686320633204225,0.970592476559655,-1.80927876151123,0.340502808118299,TRUE,0.13224753048161
GOBP_PROTEIN_IMPORT_INTO_MITOCHONDRIAL_MATRIX,0.129076910703673,0.943857238139191,-0.135182576080376,0.971690304457821,TRUE,0.132059208271136
GOBP_GLIOGENESIS,0.0768330890281569,0.966731265847878,-0.461762329134806,0.877149044185235,TRUE,0.1317449979997
GOBP_POSITIVE_REGULATION_OF_TUMOR_NECROSIS_FACTOR_SUPERFAMILY_CYTOKINE_PRODUCTION,0.0693716613202875,0.97051642095152,-1.16847119238652,0.595461464338454,TRUE,0.130967816436495
GOBP_OSTEOBLAST_PROLIFERATION,-0.072638099531514,0.969342430797268,0.615441454644736,0.826367282704912,TRUE,0.129939909904235
GOBP_POSITIVE_REGULATION_OF_CALCIUM_MEDIATED_SIGNALING,0.141293395356556,0.938392024898046,-0.119858174371016,0.976247468117279,TRUE,0.12969608749268
GOBP_NEGATIVE_REGULATION_OF_CELL_CYCLE_G2_M_PHASE_TRANSITION,-2.47509970287993,0.0611812288753021,0.0653040642440259,0.988756283300366,TRUE,0.127250693058316
GOBP_REGULATION_OF_RYANODINE_SENSITIVE_CALCIUM_RELEASE_CHANNEL_ACTIVITY,-2.75098288558626,0.0345691336402044,0.065065696319923,0.988756283300366,TRUE,0.127124665508221
GOBP_NEURAL_RETINA_DEVELOPMENT,0.0661198576482928,0.971431404986444,-1.59305868400657,0.420671429357013,TRUE,0.12696983569572
GOBP_AXONEME_ASSEMBLY,0.0653337200223768,0.971686205636107,-2.16555011866089,0.230896158760543,TRUE,0.126840710120096
REACTOME_POTASSIUM_CHANNELS,0.538930093303651,0.750523967397984,-0.0713932014109414,0.987078627842916,TRUE,0.126083815023438
GOBP_REGULATION_OF_CELL_DIVISION,0.06416507215838,0.971750388972975,-2.66713692925743,0.114979228234937,TRUE,0.12531535028596
GOBP_HIPPO_SIGNALING,-0.151372938827151,0.935698245171468,0.106849734022913,0.979972569385652,TRUE,0.125272952010215
GOBP_PROTEIN_K48_LINKED_UBIQUITINATION,0.106965130534545,0.952556298038509,-0.149300332219843,0.967808922496363,TRUE,0.124635831556065
GOBP_ANDROGEN_METABOLIC_PROCESS,-0.160849164945618,0.933490048768512,0.101565292378242,0.98101584539611,TRUE,0.124510612967758
REACTOME_DEGRADATION_OF_BETA_CATENIN_BY_THE_DESTRUCTION_COMPLEX,-0.163127071999062,0.93253938075741,0.0996837772236289,0.98101584539611,TRUE,0.123747727709054
GOBP_POSITIVE_REGULATION_OF_DOUBLE_STRAND_BREAK_REPAIR,-0.650258466777686,0.694879494427612,0.0682723824326942,0.987483001255224,TRUE,0.12357074097161
GOBP_DNA_TEMPLATED_TRANSCRIPTION_TERMINATION,0.0641745739498907,0.971750388972975,-1.44762177666598,0.481307067024734,TRUE,0.122900826847846
GOBP_REGULATION_OF_SPROUTING_ANGIOGENESIS,1.5930218810386,0.26110335280819,-0.0636619380658942,0.988756283300366,TRUE,0.122431159354369
REACTOME_ACTIVATION_OF_IRF3_IRF7_MEDIATED_BY_TBK1_IKK_EPSILON,-2.95381283708176,0.0225608934751842,0.0622005278438184,0.988756283300366,TRUE,0.121835479746202
GOBP_REGULATION_OF_CALCIUM_ION_TRANSPORT,0.108554579925937,0.951826290683298,-0.137991419787787,0.971134967200731,TRUE,0.121515665440448
GOBP_POSITIVE_REGULATION_OF_GLUCONEOGENESIS,-2.20594467079486,0.100144421186907,0.0623315851011685,0.988756283300366,TRUE,0.121237461811549
KEGG_RIBOSOME,-2.89891485425906,0.0252263849666592,0.0618133501918313,0.988756283300366,TRUE,0.121045652750723
GOBP_SISTER_CHROMATID_COHESION,0.0617454917762197,0.973054356545535,-2.16980719884628,0.229791642051937,TRUE,0.120074074984062
GOBP_B_CELL_DIFFERENTIATION,0.0673180180857505,0.970999656912878,-0.53335781920365,0.856321962878496,TRUE,0.119547313510562
GOBP_CELLULAR_RESPONSE_TO_NUTRIENT,-0.488791189602334,0.776749003533141,0.06776652611864,0.987702699044493,TRUE,0.119030533513811
GOBP_REGULATION_OF_POSTSYNAPTIC_MEMBRANE_NEUROTRANSMITTER_RECEPTOR_LEVELS,0.667247542457385,0.684652866619868,-0.0653023048939787,0.988756283300366,TRUE,0.118962013615466
GOBP_REGULATION_OF_AXONOGENESIS,2.27546120049719,0.0883060357226064,-0.0609245788869448,0.988756283300366,TRUE,0.118671767853694
GOBP_LYMPHANGIOGENESIS,-0.179981522340507,0.926049783008893,0.0871223731124401,0.984188589466886,TRUE,0.117410622680019
REACTOME_DIGESTION_AND_ABSORPTION,-1.20829064185298,0.417854205449779,0.0616397753928427,0.988756283300366,TRUE,0.117295818356124
REACTOME_SIGNALING_BY_RETINOIC_ACID,-1.20876683519296,0.417854205449779,0.060659293774152,0.988756283300366,TRUE,0.115521401186349
GOBP_NEGATIVE_REGULATION_OF_DIGESTIVE_SYSTEM_PROCESS,-2.6982713685005,0.0390520537938424,0.0589722240795205,0.988756283300366,TRUE,0.115421839549309
GOBP_DEOXYRIBOSE_PHOSPHATE_METABOLIC_PROCESS,-0.55097240809212,0.742974245105336,0.0641036469938475,0.988756283300366,TRUE,0.114845442151868
GOBP_AMINO_ACID_IMPORT,-0.530900882764342,0.753542630258192,0.0643068987558131,0.988756283300366,TRUE,0.114718222366326
GOBP_PROTEIN_INSERTION_INTO_MEMBRANE,0.704820143420381,0.664056921390821,-0.0623928844865215,0.988756283300366,TRUE,0.11463768260603
REACTOME_REGULATION_OF_HSF1_MEDIATED_HEAT_SHOCK_RESPONSE,-2.33787770442657,0.078814215634193,0.05789895327399,0.988756283300366,TRUE,0.112999407965528
REACTOME_SIGNALING_BY_INSULIN_RECEPTOR,1.14748700285384,0.443289105138257,-0.0588336655198237,0.988756283300366,TRUE,0.111928558109287
REACTOME_SIGNALING_BY_NOTCH,-0.0594239617584949,0.973470016301119,0.90622353253657,0.701166646115443,TRUE,0.111534266614368
REACTOME_METABOLISM_OF_NUCLEOTIDES,-0.066885563543279,0.970999656912878,0.31335182218243,0.924030716596638,TRUE,0.110240149973596
GOBP_CELLULAR_RESPONSE_TO_INORGANIC_SUBSTANCE,1.1815254167448,0.429551262366468,-0.0575159922466028,0.988756283300366,TRUE,0.109692228549449
GOBP_DIGESTIVE_SYSTEM_DEVELOPMENT,-1.65961938091102,0.239288632742674,0.05652960656743,0.988756283300366,TRUE,0.10933506512442
GOBP_NEGATIVE_REGULATION_OF_BLOOD_CIRCULATION,0.226615431463061,0.901814267040588,-0.0717218825798144,0.987078627842916,TRUE,0.108959118428155
GOBP_NEGATIVE_REGULATION_OF_ADENYLATE_CYCLASE_ACTIVITY,-1.66636109510741,0.236986602353337,0.0563014471012013,0.988756283300366,TRUE,0.108922715562626
GOBP_ERYTHROCYTE_MATURATION,-2.12903870943967,0.113987814354167,0.0558700498041788,0.988756283300366,TRUE,0.10888280641301
GOBP_VESICLE_LOCALIZATION,2.93821506062079,0.0233158547919046,-0.0552948775169173,0.988756283300366,TRUE,0.108546986816728
GOBP_SARCOPLASMIC_RETICULUM_CALCIUM_ION_TRANSPORT,-0.606142940637049,0.71474190449078,0.0595633118406501,0.988756283300366,TRUE,0.108467904150811
GOBP_CELLULAR_RESPONSE_TO_GROWTH_HORMONE_STIMULUS,-3.13120267180705,0.0151418844463945,0.054654413182817,0.988756283300366,TRUE,0.10743359794159
GOBP_MONOVALENT_INORGANIC_CATION_HOMEOSTASIS,1.14693993285188,0.443470982015223,-0.0560874057824495,0.988756283300366,TRUE,0.106945010069322
GOBP_POSITIVE_REGULATION_OF_REACTIVE_OXYGEN_SPECIES_METABOLIC_PROCESS,0.544155785518061,0.747285935821503,-0.058933515555664,0.988756283300366,TRUE,0.106349137328214
GOBP_I_KAPPAB_KINASE_NF_KAPPAB_SIGNALING,-0.168910059794861,0.931048648114705,0.0772017304025696,0.986160944250904,TRUE,0.10596931490445
GOBP_ANTIGEN_PROCESSING_AND_PRESENTATION_OF_PEPTIDE_OR_POLYSACCHARIDE_ANTIGEN_VIA_MHC_CLASS_II,-0.0576996114536707,0.973653857990677,0.622483465226648,0.822929716199511,TRUE,0.105609960939363
GOBP_REGULATION_OF_CYSTEINE_TYPE_ENDOPEPTIDASE_ACTIVITY,0.0534928148165282,0.975755140108218,-2.66120455257255,0.115912283962865,TRUE,0.104877489498271
KEGG_BETA_ALANINE_METABOLISM,0.055201312098799,0.974912092017997,-1.01600550698739,0.662877474195506,TRUE,0.104713368298297
GOBP_NEGATIVE_REGULATION_OF_DEFENSE_RESPONSE,-0.0561868514959195,0.974497429838694,0.621608525889041,0.822929716199511,TRUE,0.103058318477992
GOBP_VACUOLE_ORGANIZATION,-0.707339404295161,0.66260453700705,0.0554737507794229,0.988756283300366,TRUE,0.102879111534197
GOBP_KERATINOCYTE_DIFFERENTIATION,0.134295259536249,0.942210142243971,-0.0827272221975098,0.984889961529468,TRUE,0.102384542716243
GOBP_MITOCHONDRIAL_MEMBRANE_ORGANIZATION,-0.0588319677599422,0.973470016301119,0.378227317141432,0.904733514156596,TRUE,0.101825350000357
REACTOME_CYCLIN_A_CDK2_ASSOCIATED_EVENTS_AT_S_PHASE_ENTRY,-0.055709753874282,0.974692061579882,0.475509331698218,0.874503912881579,TRUE,0.0997347744209264
GOBP_NEURON_MIGRATION,-0.0523756986795087,0.976048042953496,1.01748398787661,0.662199411419139,TRUE,0.0996232224279718
GOBP_DETECTION_OF_TEMPERATURE_STIMULUS_INVOLVED_IN_SENSORY_PERCEPTION_OF_PAIN,0.0685682137824138,0.970592476559655,-0.180018909776299,0.959472027972145,TRUE,0.0993098509183477
REACTOME_POSTMITOTIC_NUCLEAR_PORE_COMPLEX_NPC_REFORMATION,-0.961099126250141,0.534109276186825,0.0521133822784333,0.98957210204868,TRUE,0.0988659846816909
REACTOME_DEGRADATION_OF_THE_EXTRACELLULAR_MATRIX,5.56672878393485,5.56877044525257e-06,-0.049725700573088,0.989982210877703,TRUE,0.0985709007150572
GOBP_TOXIN_TRANSPORT,-2.68734410080632,0.0400048496376465,0.0499543537099398,0.989982210877703,TRUE,0.0980854225307506
GOBP_SECONDARY_METABOLIC_PROCESS,0.0591597241677657,0.973470016301119,-0.278103796598805,0.932326883230601,TRUE,0.0975649181352228
GOBP_REGULATION_OF_MUSCLE_ADAPTATION,-0.0599905272369816,0.973470016301119,0.26064034631905,0.940416147869872,TRUE,0.0975324155250248
GOBP_POSITIVE_REGULATION_OF_RESPONSE_TO_BIOTIC_STIMULUS,-0.0568206462569957,0.974175358277289,0.339868875794534,0.914728051345934,TRUE,0.0973636463368723
GOBP_NEGATIVE_REGULATION_OF_TRANSMEMBRANE_TRANSPORT,0.15101704556335,0.935698245171468,-0.0717171028656507,0.987078627842916,TRUE,0.0972505120344022
GOBP_LIMBIC_SYSTEM_DEVELOPMENT,1.04448902477008,0.493350126765475,-0.0507832370632565,0.989982210877703,TRUE,0.0968572575116303
GOBP_ACROSOME_ASSEMBLY,0.0586378096744021,0.973470016301119,-0.272992000471158,0.935275567903708,TRUE,0.0965392885472867
GOBP_MEMBRANE_REPOLARIZATION_DURING_ACTION_POTENTIAL,1.10076370585523,0.464805106892237,-0.0502928345427217,0.989982210877703,TRUE,0.0961908038158936
GOBP_EOSINOPHIL_MIGRATION,-0.0513659263853104,0.976674393794111,0.697014239867421,0.790820088570242,TRUE,0.0956807348698556
GOBP_NEGATIVE_REGULATION_OF_SIGNAL_TRANSDUCTION_BY_P53_CLASS_MEDIATOR,0.053305508664324,0.975755140108218,-0.451826538676847,0.8807559713027,TRUE,0.0953605838274722
GOBP_REGULATION_OF_LEUKOCYTE_DIFFERENTIATION,0.0481744123310885,0.978877268023495,-2.58154483736463,0.131213745756855,TRUE,0.0945837890951945
GOBP_PHOTOTRANSDUCTION_VISIBLE_LIGHT,0.697656084618311,0.668436732676596,-0.0491384288722486,0.990111339073876,TRUE,0.091810326058968
GOBP_FATTY_ACID_BIOSYNTHETIC_PROCESS,-0.125736153505487,0.945697063973167,0.0711276013476338,0.987078627842916,TRUE,0.0908578728288072
GOBP_GLAND_MORPHOGENESIS,-0.201586335396588,0.914864965670259,0.0585039509014923,0.988756283300366,TRUE,0.0906884854203091
GOBP_FEMALE_MEIOTIC_NUCLEAR_DIVISION,2.41551272552381,0.06816058551401,-0.0458533748771923,0.991081029721648,TRUE,0.0899983228874624
GOBP_ORGAN_OR_TISSUE_SPECIFIC_IMMUNE_RESPONSE,0.0473684530670065,0.978905963528227,-0.725963721215718,0.779557249229541,TRUE,0.0889340430938393
GOBP_NEGATIVE_REGULATION_OF_STRIATED_MUSCLE_CELL_APOPTOTIC_PROCESS,-1.67527679147895,0.235084698773196,0.0455365453620447,0.991081029721648,TRUE,0.0886630943356185
REACTOME_INSULIN_RECEPTOR_SIGNALLING_CASCADE,-0.0782106886929225,0.96646726388392,0.101282758367929,0.98101584539611,TRUE,0.0882638827699273
GOBP_LOW_DENSITY_LIPOPROTEIN_PARTICLE_REMODELING,0.0813227161865856,0.965167129982373,-0.0934912063072357,0.982922166040421,TRUE,0.0869834476339672
KEGG_MATURITY_ONSET_DIABETES_OF_THE_YOUNG,-0.967902282957184,0.530989706905601,0.0444330895010414,0.991419049904123,TRUE,0.0849656940515009
KEGG_TERPENOID_BACKBONE_BIOSYNTHESIS,1.36264838984154,0.352629755259162,-0.0433078506117787,0.991625900934931,TRUE,0.0839476666565535
GOBP_PYRIMIDINE_RIBONUCLEOSIDE_TRIPHOSPHATE_METABOLIC_PROCESS,0.043946491997,0.980195449890252,-0.867335394408211,0.71984886571082,TRUE,0.0836543522651047
REACTOME_SIGNALING_BY_NTRKS,0.042068057520039,0.981116412122236,-3.16550968822571,0.0537237767660048,TRUE,0.0830326521757053
GOBP_SMOOTHENED_SIGNALING_PATHWAY,-1.23331988055726,0.408047823460892,0.0428419028281726,0.991625900934931,TRUE,0.0828073229692214
REACTOME_DEFECTIVE_B4GALT7_CAUSES_EDS_PROGEROID_TYPE,0.356236107567101,0.840309060597544,-0.0467446044994478,0.990884445234491,TRUE,0.0826447294276303
GOBP_HEMOGLOBIN_METABOLIC_PROCESS,0.746812869351494,0.641934794107029,-0.0426919270952196,0.991625900934931,TRUE,0.0807667811915
REACTOME_WNT5A_DEPENDENT_INTERNALIZATION_OF_FZD4,1.47450278083958,0.305686523604936,-0.0406679801320405,0.992488752377658,TRUE,0.0791528603117568
REACTOME_ACETYLCHOLINE_NEUROTRANSMITTER_RELEASE_CYCLE,-0.816336124743107,0.607769650302283,0.0415436642872716,0.991970778439901,TRUE,0.0790637437681819
GOBP_MEMBRANE_RAFT_ORGANIZATION,2.90901571629664,0.0247267005331714,-0.0395165335147826,0.992506159342816,TRUE,0.0779738577086396
GOBP_REGULATION_OF_ISOTYPE_SWITCHING,-2.97839476611131,0.0213425369048671,0.0392925365913466,0.992506159342816,TRUE,0.077561836990925
GOBP_REGULATION_OF_PRESYNAPTIC_CYTOSOLIC_CALCIUM_ION_CONCENTRATION,0.0395155227018454,0.982020542847863,-1.80378768732479,0.342710645243246,TRUE,0.0773368297956384
GOBP_REGULATION_OF_NATURAL_KILLER_CELL_MEDIATED_IMMUNITY,-1.48673222291444,0.300235427381938,0.0387194013714803,0.992506159342816,TRUE,0.0754732313427301
KEGG_PYRIMIDINE_METABOLISM,-1.87318909852646,0.173331987028753,0.038269148861369,0.992506159342816,TRUE,0.0750059307389705
GOBP_RNA_DEPENDENT_DNA_BIOSYNTHETIC_PROCESS,-2.29588307559207,0.0849858604620877,0.0370335829004126,0.992692118079032,TRUE,0.0728913961843246
GOBP_NEGATIVE_REGULATION_OF_FIBROBLAST_GROWTH_FACTOR_RECEPTOR_SIGNALING_PATHWAY,-0.0471848602660128,0.978905963528227,0.152820444125106,0.966619708255492,TRUE,0.0721062006208806
GOBP_NEGATIVE_REGULATION_OF_PROTEIN_LOCALIZATION_TO_NUCLEUS,0.573419601102117,0.731241434696558,-0.0380572336116761,0.992506159342816,TRUE,0.0713772377881551
REACTOME_CILIUM_ASSEMBLY,0.0354703771415713,0.984199019812646,-1.9060959036793,0.309760921854781,TRUE,0.0696447411961896
GOBP_BONE_GROWTH,-0.0352686660918942,0.984199019812646,1.57621248501699,0.426061371894941,TRUE,0.0689935613403682
GOBP_REGULATION_OF_SYNAPTIC_PLASTICITY,1.07082140763096,0.47971219521459,-0.0356323281531513,0.992839618955888,TRUE,0.0689696433861029
GOBP_POSITIVE_REGULATION_OF_MITOCHONDRION_ORGANIZATION,0.0349031542933324,0.984199019812646,-1.46345153609676,0.474059300564213,TRUE,0.068180218065592
GOBP_NEGATIVE_REGULATION_OF_MONONUCLEAR_CELL_MIGRATION,-0.0392477519227214,0.982043620509684,0.230066436944268,0.947553943104706,TRUE,0.067056180596505
GOBP_DETECTION_OF_ABIOTIC_STIMULUS,-0.742108213507629,0.644359047384881,0.035008724561663,0.993010192841633,TRUE,0.0668631984941237
GOBP_GRANULOCYTE_MACROPHAGE_COLONY_STIMULATING_FACTOR_PRODUCTION,-0.0349585205858212,0.984199019812646,0.414895933612434,0.89256941769718,TRUE,0.0644837364654465
GOBP_REGULATION_OF_DENDRITIC_SPINE_DEVELOPMENT,1.11306848424552,0.458592444860347,-0.0331296732617377,0.993713150658648,TRUE,0.0643441885846134
GOBP_SERINE_FAMILY_AMINO_ACID_BIOSYNTHETIC_PROCESS,-1.20366589894056,0.418788108390465,0.0330418948856674,0.993713150658648,TRUE,0.0643181878674968
GOBP_POSITIVE_REGULATION_OF_INSULIN_SECRETION_INVOLVED_IN_CELLULAR_RESPONSE_TO_GLUCOSE_STIMULUS,-0.180606249766775,0.925896615682625,0.0382558696736314,0.992506159342816,TRUE,0.0631379168856342
REACTOME_C_TYPE_LECTIN_RECEPTORS_CLRS,1.074850206439,0.477443473038571,-0.0324161005143886,0.993713150658648,TRUE,0.0629341868546618
GOBP_GOLGI_TO_ENDOSOME_TRANSPORT,-0.152812086037103,0.935698245171468,0.0396146449948639,0.992506159342816,TRUE,0.0629184573974681
GOBP_POSITIVE_REGULATION_OF_DNA_REPAIR,-1.53332188740425,0.282421454285253,0.0319870814219853,0.993713150658648,TRUE,0.0626668511268929
GOBP_INTESTINAL_ABSORPTION,0.0316042616263286,0.985617637312313,-1.89108061936245,0.316550329480257,TRUE,0.0621695289142488
REACTOME_PI_3K_CASCADE_FGFR3,2.23443838287353,0.0958069407724253,-0.0307979679253762,0.993713150658648,TRUE,0.0607584825510135
GOBP_SENSORY_PERCEPTION_OF_TEMPERATURE_STIMULUS,-1.34008175083264,0.362479077460182,0.0306783803517631,0.993713150658648,TRUE,0.0599835619948736
GOBP_GLIAL_CELL_APOPTOTIC_PROCESS,0.0298840348123826,0.986505488504362,-1.34777515524915,0.518318478335277,TRUE,0.0584715870939475
KEGG_NITROGEN_METABOLISM,-0.112035531173162,0.950650600907577,0.0393095428895267,0.992506159342816,TRUE,0.0581989938566235
REACTOME_SIGNALING_BY_HEDGEHOG,-0.856497175835746,0.588212561635392,0.0290424966929526,0.994253361460453,TRUE,0.0561800157991832
REACTOME_PCNA_DEPENDENT_LONG_PATCH_BASE_EXCISION_REPAIR,-4.67765747542716,0.000148236129995901,0.0277334870669504,0.994757631248731,TRUE,0.0551400528170438
GOBP_LYMPHOCYTE_CHEMOTAXIS,0.158681786846635,0.934047201782848,-0.033065206107974,0.993713150658648,TRUE,0.0547267616228812
GOBP_N_GLYCAN_PROCESSING,0.0609698920825319,0.973310556371694,-0.0436472647014162,0.991625900934931,TRUE,0.0508744282553732
GOBP_REGULATION_OF_SUBSTRATE_ADHESION_DEPENDENT_CELL_SPREADING,0.0257687072448798,0.989240082228481,-1.47378656464649,0.469621761440098,TRUE,0.0506517835490143
GOBP_REGULATION_OF_MACROPHAGE_ACTIVATION,-0.0247249494088219,0.989599650690188,1.25507808444685,0.561156668283648,TRUE,0.0484945594301021
GOBP_DNA_CATABOLIC_PROCESS_ENDONUCLEOLYTIC,1.05447422033493,0.487593344012146,-0.0247807465673117,0.996226016827634,TRUE,0.0484235129181488
GOBP_FATTY_ACID_CATABOLIC_PROCESS,-1.82300834887754,0.187867333802507,0.0244567624756033,0.996226016827634,TRUE,0.0482660071960811
GOBP_NEGATIVE_REGULATION_OF_LYMPHOCYTE_DIFFERENTIATION,0.0407651616935825,0.981453647811408,-0.0573514909791025,0.988756283300366,TRUE,0.0476563914370475
GOBP_GLUTAMINE_METABOLIC_PROCESS,-0.0235815296378572,0.989837147478197,1.92333695009672,0.304307627509136,TRUE,0.0465918093278101
GOBP_EPOXYGENASE_P450_PATHWAY,0.0245995147893046,0.989599650690188,-0.436875762811366,0.885233380552417,TRUE,0.0465764139922858
REACTOME_TRAFFICKING_OF_GLUR2_CONTAINING_AMPA_RECEPTORS,2.78339654111288,0.032080595675312,-0.0225554537708535,0.996557409788286,TRUE,0.0447482865875803
GOBP_MIDBODY_ABSCISSION,0.812858228342354,0.609129108799625,-0.022217787691328,0.996633828115304,TRUE,0.0432533354897143
GOBP_NEGATIVE_REGULATION_OF_INTRINSIC_APOPTOTIC_SIGNALING_PATHWAY,0.021750346808753,0.990534442012535,-1.70184868457967,0.380946763012554,TRUE,0.0429517520392319
GOBP_SODIUM_ION_EXPORT_ACROSS_PLASMA_MEMBRANE,0.0205383813983794,0.991120928236071,-1.12390457259659,0.61653222968522,TRUE,0.0403395917407567
GOBP_ACUTE_INFLAMMATORY_RESPONSE,1.71744575716025,0.221475990140683,-0.0201189513251054,0.997339457172524,TRUE,0.0397719951643539
GOBP_RETROGRADE_AXONAL_TRANSPORT,2.94643540460909,0.0229251417876776,-0.0195307950838344,0.997339457172524,TRUE,0.0388043708125418
GOBP_NADH_DEHYDROGENASE_COMPLEX_ASSEMBLY,-0.275742213793832,0.880070735593953,0.0198526907490602,0.997339457172524,TRUE,0.037038695950294
REACTOME_MITOCHONDRIAL_FATTY_ACID_BETA_OXIDATION,-0.0179010095220441,0.993046580714947,0.466194738082849,0.876583343463146,TRUE,0.0344781233333998
GOBP_POSITIVE_REGULATION_OF_T_HELPER_1_TYPE_IMMUNE_RESPONSE,-0.017603596827129,0.993091303667673,0.80118976839921,0.744161026054853,TRUE,0.0344502587927586
GOBP_METANEPHRIC_NEPHRON_MORPHOGENESIS,-0.282924208291852,0.876858608689928,0.0177673637320528,0.997339457172524,TRUE,0.03343503965535
GOBP_REGULATION_OF_NEUROTRANSMITTER_TRANSPORT,0.905308012738536,0.562819029288529,-0.0168574735706752,0.997706319462694,TRUE,0.0330986273605628
GOBP_POSITIVE_REGULATION_OF_PROTEIN_DEPHOSPHORYLATION,0.0161608099847166,0.993159571215954,-1.41290287972479,0.49399662817417,TRUE,0.031956105428349
GOBP_ESTABLISHMENT_OF_CELL_POLARITY,0.0156697899794787,0.993159571215954,-2.76691818687178,0.0985223290095397,TRUE,0.0311630951038198
GOBP_CARDIAC_SEPTUM_DEVELOPMENT,-0.0211849822193386,0.990795084410589,0.0541204240487949,0.988798035051045,TRUE,0.0304504092865365
GOBP_HOMOLOGOUS_CHROMOSOME_SEGREGATION,-1.20749049354091,0.417854205449779,0.0151860917796293,0.998293050288374,TRUE,0.0299949498961492
GOBP_REGULATION_OF_POSITIVE_CHEMOTAXIS,0.0135656759573285,0.993808729685751,-2.42878571407552,0.164846919820676,TRUE,0.0269806548733302
REACTOME_HOST_INTERACTIONS_OF_HIV_FACTORS,0.0446193925046994,0.98001788384098,-0.0185546591995796,0.997339457172524,TRUE,0.0262100529974682
GOBP_DEOXYRIBONUCLEOTIDE_BIOSYNTHETIC_PROCESS,0.503044887933394,0.769266579048923,-0.013440418946561,0.998505312289428,TRUE,0.0261813219183102
GOBP_REGULATION_OF_VACUOLE_ORGANIZATION,-0.245801363171544,0.892025473412474,0.0133506150818385,0.998505312289428,TRUE,0.0253256749835492
GOBP_REGULATION_OF_NEUROTRANSMITTER_LEVELS,1.22836520985632,0.410329463624278,-0.0124764021657453,0.998505312289428,TRUE,0.0247019091173177
GOBP_ACTIVATION_OF_PROTEIN_KINASE_B_ACTIVITY,2.23297873356272,0.0960629791220375,-0.0122431416657987,0.998505312289428,TRUE,0.024352760209003
GOBP_MORPHOGENESIS_OF_AN_EPITHELIAL_SHEET,3.47114257392714,0.00680730317409102,-0.0119393592171975,0.998505312289428,TRUE,0.0237968666139363
GOBP_REGULATION_OF_SIGNALING_RECEPTOR_ACTIVITY,0.362770438762022,0.838029418901797,-0.0122482117606465,0.998505312289428,TRUE,0.0236963636249409
GOBP_OVULATION_CYCLE,0.688515245095186,0.673017218306716,-0.0119597114453976,0.998505312289428,TRUE,0.0235110294242719
GOBP_RESPONSE_TO_TUMOR_NECROSIS_FACTOR,-1.65565069956486,0.240350346937235,0.0118269493265972,0.998505312289428,TRUE,0.0234861282120531
GOBP_TELOMERE_MAINTENANCE_VIA_TELOMERE_LENGTHENING,-2.26339684595146,0.0903226295471337,0.0116199985939226,0.998505312289428,TRUE,0.0231212953262335
GOBP_POSITIVE_REGULATION_OF_DEPHOSPHORYLATION,0.0115997730082307,0.994656720552319,-2.09649961042951,0.253093379574284,TRUE,0.0230718909970638
REACTOME_DAP12_SIGNALING,0.72583758066822,0.651776921101015,-0.011713171981282,0.998505312289428,TRUE,0.023054306113317
GOBP_POSITIVE_REGULATION_OF_HISTONE_MODIFICATION,-5.18610289041859,2.51655902120139e-05,0.0112484602225227,0.998608105165098,TRUE,0.0224482310843148
GOBP_ESTABLISHMENT_OF_PROTEIN_LOCALIZATION_TO_MEMBRANE,0.0113971112118919,0.994656720552319,-0.700871890066156,0.789648513324866,TRUE,0.0224294890330476
GOBP_AMINO_ACID_IMPORT_ACROSS_PLASMA_MEMBRANE,0.0396840004490486,0.982020542847863,-0.0150511788251658,0.998293050288374,TRUE,0.0218247567716645
GOBP_POSITIVE_REGULATION_OF_PHOSPHATASE_ACTIVITY,0.0106951672168492,0.994944806248295,-1.66186004325456,0.396507772122077,TRUE,0.0212535537748833
GOBP_REGULATION_OF_ENDOCRINE_PROCESS,-0.703754395885893,0.664794897381222,0.0104699477042411,0.998842050917019,TRUE,0.0206329335808342
GOBP_REGULATION_OF_PROGRAMMED_NECROTIC_CELL_DEATH,-0.586820264893575,0.726039519709276,0.00992560701396049,0.99898820402944,TRUE,0.0195210310162458
REACTOME_PYRUVATE_METABOLISM,-2.67124347151992,0.0414392017617543,0.0092269411639572,0.99898820402944,TRUE,0.0183903588188764
GOBP_MEMBRANE_REPOLARIZATION_DURING_CARDIAC_MUSCLE_CELL_ACTION_POTENTIAL,1.39024421552071,0.341442504135891,-0.0088911118394438,0.99898820402944,TRUE,0.0176692226443263
GOBP_AUTOPHAGOSOME_MATURATION,-0.18083533120948,0.925896615682625,0.0088253442221272,0.99898820402944,TRUE,0.0168293616145172
GOBP_NEURAL_TUBE_PATTERNING,0.00827812315836479,0.99668575839952,-0.545923117223631,0.851081871981032,TRUE,0.016308945090995
GOBP_TUBULIN_DEACETYLATION,-1.91673422490712,0.161151760232689,0.00745150542511642,0.999072973005151,TRUE,0.0148452981957575
GOBP_SMOOTH_MUSCLE_CONTRACTION,-0.961706975809854,0.533788902895653,0.00715889748670842,0.999072973005151,TRUE,0.0142120015614746
GOBP_POSITIVE_REGULATION_OF_DNA_METABOLIC_PROCESS,-2.155869884182,0.109617977464262,0.00701576524603821,0.999072973005151,TRUE,0.0139860163318613
GOBP_CELL_FATE_SPECIFICATION,-2.3235477893667,0.0808659620171847,0.00691801406248699,0.999072973005151,TRUE,0.0137949557191928
GOBP_POSITIVE_REGULATION_OF_VIRAL_LIFE_CYCLE,-0.006145928202714,0.998003660963743,0.823205635049277,0.738531362835289,TRUE,0.0122007673301876
GOBP_PROTEIN_TARGETING_TO_VACUOLE,2.7910110014157,0.0315691296218609,-0.00586255390115387,0.999072973005151,TRUE,0.0117005306896395
REACTOME_SIGNALING_BY_HIPPO,0.669745009931091,0.682850461672187,-0.00590062461344777,0.999072973005151,TRUE,0.0116981852269267
REACTOME_SYNTHESIS_OF_VERY_LONG_CHAIN_FATTY_ACYL_COAS,2.80798730877356,0.0304856215651668,-0.00581359076774523,0.999072973005151,TRUE,0.0116031586292356
GOBP_REGULATION_OF_B_CELL_DIFFERENTIATION,0.00531659166217581,0.998084078050975,-3.19702966547485,0.0513048141659372,TRUE,0.0106155299261038
GOBP_REGULATION_OF_MUSCLE_CONTRACTION,-0.631545223071826,0.70325555596463,0.0049866794479571,0.999328969706822,TRUE,0.00989522621531095
GOBP_APICAL_JUNCTION_ASSEMBLY,0.00468985498891809,0.998390950509781,-1.04849180499202,0.648922743525771,TRUE,0.00933794179927242
GOBP_REGULATION_OF_LIPOPROTEIN_LIPASE_ACTIVITY,1.5493493275694,0.277064377583427,-0.00424001601589415,0.999418868339789,TRUE,0.00845688854681363
REACTOME_CELL_DEATH_SIGNALLING_VIA_NRAGE_NRIF_AND_NADE,0.0776644858108659,0.96646726388392,-0.00418789112447724,0.999418868339789,TRUE,0.00794724412392656
GOBP_REGULATION_OF_DNA_DAMAGE_CHECKPOINT,0.00386370954641361,0.998662788363003,-1.17531591102412,0.59369512130076,TRUE,0.00770209936850595
GOBP_KIDNEY_EPITHELIUM_DEVELOPMENT,0.166132267779896,0.931585905024067,-0.00382617810466611,0.999418868339789,TRUE,0.00748008305382726
GOBP_PROTEIN_LOCALIZATION_TO_CHROMOSOME_TELOMERIC_REGION,-0.808998725474637,0.609951643848217,0.00365495099186207,0.999418868339789,TRUE,0.00727702533001602
GOBP_RESPONSE_TO_AXON_INJURY,0.00352239822433295,0.998737369499516,-0.458558015575543,0.877610369803671,TRUE,0.00699109458691092
GOBP_REGULATION_OF_SYNAPTIC_TRANSMISSION_GLUTAMATERGIC,-0.00281104285438842,0.998737369499516,1.66768622550286,0.394565919073753,TRUE,0.00561262509835995
REACTOME_G1_S_DNA_DAMAGE_CHECKPOINTS,-0.0025548830216024,0.998737369499516,1.21399865382778,0.578849104614577,TRUE,0.00509903502799444
GOBP_POSITIVE_REGULATION_OF_VASCULAR_ASSOCIATED_SMOOTH_MUSCLE_CELL_PROLIFERATION,0.0672739757949352,0.970999656912878,-0.00180901750282013,0.999582073671829,TRUE,0.00352329260467322
GOBP_REGULATION_OF_PROTEIN_ACETYLATION,-4.08003001481154,0.00116600198027916,0.000877022210916906,0.999582073671829,TRUE,0.00175366746251988
GOBP_REGULATION_OF_ORGANIC_ACID_TRANSPORT,-0.423742584438763,0.809505637143581,0.000819403913651458,0.999582073671829,TRUE,0.00163564493099035
GOBP_ACTIVATION_OF_PROTEIN_KINASE_ACTIVITY,-0.765949076844246,0.632515309468403,0.00052379299940465,0.999582073671829,TRUE,0.00104687009843756
GOBP_2_OXOGLUTARATE_METABOLIC_PROCESS,-2.16334477664025,0.108283972397554,-0.58015330339639,0.839152602759288,FALSE,0
GOBP_3_PHOSPHOADENOSINE_5_PHOSPHOSULFATE_METABOLIC_PROCESS,3.05169872530697,0.0180833378193152,0.595640092567575,0.832962049473615,FALSE,0
GOBP_ACID_SECRETION,-2.34314219211517,0.0779569765355589,-0.117061576976655,0.976843650536404,FALSE,0
GOBP_ACTIN_FILAMENT_BASED_TRANSPORT,-0.584668169165113,0.726910349531379,-2.7163259399956,0.106266651225554,FALSE,0
GOBP_ACTION_POTENTIAL,2.1474393067642,0.110982272855989,0.0449115912198456,0.991394808072735,FALSE,0
GOBP_ACTIVATION_OF_ADENYLATE_CYCLASE_ACTIVITY,0.876480641288985,0.577527544684326,0.766438335595418,0.759887274463842,FALSE,0
GOBP_ACTIVATION_OF_CYSTEINE_TYPE_ENDOPEPTIDASE_ACTIVITY_INVOLVED_IN_APOPTOTIC_PROCESS,-0.975977623852816,0.528517889836825,-1.06950039600454,0.641367852084627,FALSE,0
GOBP_ACTIVATION_OF_INNATE_IMMUNE_RESPONSE,-0.326915204063881,0.853415489079069,-1.87385868975236,0.319085421390079,FALSE,0
GOBP_ACTIVATION_OF_NF_KAPPAB_INDUCING_KINASE_ACTIVITY,0.0486651123426074,0.978672659062014,1.81123699393529,0.339674563832694,FALSE,0
GOBP_ACTIVATION_OF_PHOSPHOLIPASE_C_ACTIVITY,-0.823342760795135,0.604838868862092,-0.852779089592362,0.726876024682612,FALSE,0
GOBP_ACUTE_INFLAMMATORY_RESPONSE_TO_ANTIGENIC_STIMULUS,0.542697585805309,0.748372199134776,2.93947847814054,0.0760602507076437,FALSE,0
GOBP_ACYLGLYCEROL_HOMEOSTASIS,-0.776363272895797,0.627713920811718,-0.365502856562429,0.908149461719654,FALSE,0
GOBP_ADAPTATION_OF_SIGNALING_PATHWAY,-4.01278194602155,0.0014371060154122,-1.15890868524175,0.600279822185826,FALSE,0
GOBP_ADAPTIVE_THERMOGENESIS,-2.98350891979614,0.0211728462264815,-0.184587688712478,0.958245341663965,FALSE,0
GOBP_ADENYLATE_CYCLASE_ACTIVATING_G_PROTEIN_COUPLED_RECEPTOR_SIGNALING_PATHWAY,2.2089654736902,0.099521558095865,0.784053556213451,0.750567873681476,FALSE,0
GOBP_ADENYLATE_CYCLASE_INHIBITING_G_PROTEIN_COUPLED_RECEPTOR_SIGNALING_PATHWAY,0.635804581470243,0.701933497954421,0.100863231921507,0.98101584539611,FALSE,0
GOBP_ADENYLATE_CYCLASE_MODULATING_G_PROTEIN_COUPLED_RECEPTOR_SIGNALING_PATHWAY,1.86386730719011,0.175981587105608,0.339209385945363,0.91512505266211,FALSE,0
GOBP_ADHESION_OF_SYMBIONT_TO_HOST,0.802241493585889,0.614061538870861,1.16010814596555,0.599587865918361,FALSE,0
GOBP_ADRENAL_GLAND_DEVELOPMENT,-2.03134792044875,0.133041190078816,-2.31574651603023,0.19397326322889,FALSE,0
GOBP_AEROBIC_RESPIRATION,0.00549734007986522,0.998084078050975,0.969883241595646,0.679016604205585,FALSE,0
GOBP_ALDITOL_METABOLIC_PROCESS,1.08947162643067,0.46923571677435,1.20035869619358,0.583335710846066,FALSE,0
GOBP_ALPHA_BETA_T_CELL_ACTIVATION,-1.38907539109905,0.341843380742894,-0.289084609611434,0.929844250228499,FALSE,0
GOBP_ALPHA_BETA_T_CELL_PROLIFERATION,-0.474049311694259,0.785395850266953,-0.340670239119871,0.914728051345934,FALSE,0
GOBP_AMINE_BIOSYNTHETIC_PROCESS,0.792681957307093,0.619157694140046,1.9680455723186,0.293532788538832,FALSE,0
GOBP_AMINE_CATABOLIC_PROCESS,0.564224740813417,0.735763434856141,2.35225014904858,0.181836404037953,FALSE,0
GOBP_AMINE_METABOLIC_PROCESS,1.48827115233581,0.299600778165558,1.76623354388282,0.356007066228333,FALSE,0
GOBP_AMINOGLYCAN_METABOLIC_PROCESS,3.39044744168022,0.00820297217476588,0.0281448385091283,0.994757631248731,FALSE,0
GOBP_AMINO_ACID_ACTIVATION,0.197514573179641,0.917750358932845,2.19292928307363,0.223164511107693,FALSE,0
GOBP_AMINO_ACID_BETAINE_METABOLIC_PROCESS,-1.16821666890168,0.433794543376983,-0.326330055335055,0.91958287411047,FALSE,0
GOBP_AMINO_ACID_TRANSMEMBRANE_TRANSPORT,1.83386222377717,0.184871693327809,1.100853956022,0.625180463567106,FALSE,0
GOBP_AMINO_ACID_TRANSPORT,0.476366211357779,0.783742968961216,0.693084701283486,0.792490545623209,FALSE,0
GOBP_AMP_METABOLIC_PROCESS,0.758342926324517,0.636694397117519,1.15753668154468,0.601072969362308,FALSE,0
GOBP_AMYLOID_PRECURSOR_PROTEIN_BIOSYNTHETIC_PROCESS,-1.76273675397115,0.206662350120446,-0.804994148767858,0.744161026054853,FALSE,0
GOBP_AMYLOID_PRECURSOR_PROTEIN_METABOLIC_PROCESS,-0.737868375950556,0.646884226483597,-3.10942723125947,0.0590572711759455,FALSE,0
GOBP_ANAPHASE_PROMOTING_COMPLEX_DEPENDENT_CATABOLIC_PROCESS,-1.48313266962968,0.301298712929219,-0.867181087492161,0.71984886571082,FALSE,0
GOBP_ANATOMICAL_STRUCTURE_ARRANGEMENT,2.74427697267508,0.0351641601414448,0.358195065255937,0.910954146321084,FALSE,0
GOBP_ANATOMICAL_STRUCTURE_REGRESSION,-1.10244078894415,0.464219326717554,-1.34077451928571,0.519495834647018,FALSE,0
GOBP_ANDROGEN_RECEPTOR_SIGNALING_PATHWAY,-1.08923682541824,0.469256747247182,-2.52631481593888,0.144744960865033,FALSE,0
GOBP_ANGIOGENESIS_INVOLVED_IN_WOUND_HEALING,0.722394920277367,0.653604172342632,0.429716638939371,0.887500695025167,FALSE,0
GOBP_ANIMAL_ORGAN_MATURATION,1.53321853114767,0.282421454285253,1.19449471712853,0.585959343214898,FALSE,0
GOBP_ANIMAL_ORGAN_REGENERATION,-0.850790995750007,0.591065481407148,-2.57340591252486,0.133646183099815,FALSE,0
GOBP_ANION_HOMEOSTASIS,1.53004371013828,0.283568369816077,0.95344594890261,0.685150971589699,FALSE,0
GOBP_ANTERIOR_POSTERIOR_AXIS_SPECIFICATION,1.155094581034,0.44087614369982,0.368134205583297,0.908025609980713,FALSE,0
GOBP_ANTEROGRADE_AXONAL_TRANSPORT,4.94311488136897,5.80363353681357e-05,1.98264359144604,0.28918007156455,FALSE,0
GOBP_ANTIBACTERIAL_HUMORAL_RESPONSE,1.21034629266999,0.417506621052463,0.702969071869004,0.789017630005913,FALSE,0
GOBP_ANTIGEN_PROCESSING_AND_PRESENTATION_OF_EXOGENOUS_PEPTIDE_ANTIGEN_VIA_MHC_CLASS_II,0.172639734302307,0.92974478860614,0.939526050717923,0.6889177799283,FALSE,0
GOBP_ANTIGEN_RECEPTOR_MEDIATED_SIGNALING_PATHWAY,-0.407593276156735,0.817065493526567,-1.41054182113127,0.495093384269603,FALSE,0
GOBP_ANTIMICROBIAL_HUMORAL_IMMUNE_RESPONSE_MEDIATED_BY_ANTIMICROBIAL_PEPTIDE,1.93569774497854,0.157012098883564,0.285772227405458,0.93110497563752,FALSE,0
GOBP_ANTIMICROBIAL_HUMORAL_RESPONSE,1.58408998560623,0.264516127151491,0.0242244567623646,0.996226016827634,FALSE,0
GOBP_AORTIC_VALVE_MORPHOGENESIS,0.529248477563009,0.754250868890229,0.320730916589515,0.921566992797259,FALSE,0
GOBP_APICAL_PROTEIN_LOCALIZATION,1.95601272028707,0.152125894830223,1.51099262821546,0.452045175042414,FALSE,0
GOBP_APOPTOTIC_CELL_CLEARANCE,2.35426993600124,0.0764487610652195,1.03315450112386,0.653570499991891,FALSE,0
GOBP_APOPTOTIC_MITOCHONDRIAL_CHANGES,1.05972090266552,0.484980915449424,0.540755099167692,0.853016192166345,FALSE,0
GOBP_APOPTOTIC_PROCESS_INVOLVED_IN_DEVELOPMENT,0.630592592441021,0.70325555596463,0.406125717280049,0.896117121340102,FALSE,0
GOBP_APPENDAGE_MORPHOGENESIS,-0.156525756748342,0.93480411915584,-2.43516694767951,0.162905259719097,FALSE,0
GOBP_ARGININE_METABOLIC_PROCESS,-0.124737875500751,0.946309791033759,-1.13614242875184,0.609594985360682,FALSE,0
GOBP_AROMATIC_AMINO_ACID_FAMILY_CATABOLIC_PROCESS,2.07138024999039,0.124811222899184,1.9524770028437,0.297412538723901,FALSE,0
GOBP_AROMATIC_AMINO_ACID_FAMILY_METABOLIC_PROCESS,1.50884314833629,0.291996480020725,3.74315387717654,0.0194445605243431,FALSE,0
GOBP_ARTERY_MORPHOGENESIS,-0.224567213209628,0.9027942318686,-0.463371909818132,0.877149044185235,FALSE,0
GOBP_ASPARTATE_FAMILY_AMINO_ACID_BIOSYNTHETIC_PROCESS,0.0426433733487007,0.981037670040751,1.21715642428618,0.577527972988864,FALSE,0
GOBP_ASSOCIATIVE_LEARNING,1.07631159624459,0.476651124025014,0.734659034527507,0.775702813748655,FALSE,0
GOBP_ASYMMETRIC_CELL_DIVISION,-0.277075353678061,0.879704879854234,-0.437227100357877,0.885123153947542,FALSE,0
GOBP_ATP_BIOSYNTHETIC_PROCESS,-0.758473834505485,0.636694397117519,-0.911589211744317,0.699975937031591,FALSE,0
GOBP_ATP_SYNTHESIS_COUPLED_ELECTRON_TRANSPORT,0.133106256356153,0.942236805025677,0.388634767703636,0.902437184788113,FALSE,0
GOBP_ATP_TRANSPORT,-0.148940853342743,0.936336626945396,-1.09931740726631,0.62560082611193,FALSE,0
GOBP_ATRIAL_SEPTUM_DEVELOPMENT,0.602755013143649,0.717149674136179,0.649522308935557,0.812938733354656,FALSE,0
GOBP_ATRIOVENTRICULAR_VALVE_DEVELOPMENT,-0.168571350335748,0.931048648114705,-0.1636746717553,0.963092106885598,FALSE,0
GOBP_ATTACHMENT_OF_MITOTIC_SPINDLE_MICROTUBULES_TO_KINETOCHORE,-1.93731736060926,0.156848134327977,-0.646003485607182,0.813562624367576,FALSE,0
GOBP_AUDITORY_RECEPTOR_CELL_DEVELOPMENT,-0.727970334953012,0.6513080122986,-2.23848859040622,0.213837662505123,FALSE,0
GOBP_AUDITORY_RECEPTOR_CELL_MORPHOGENESIS,-1.30319511468658,0.377753240599716,-1.38744267116304,0.505169269302551,FALSE,0
GOBP_AUTOPHAGOSOME_ORGANIZATION,-1.93559148658987,0.157012098883564,-1.17764570211547,0.59324005648028,FALSE,0
GOBP_AUTOPHAGY_OF_MITOCHONDRION,-3.43914767109265,0.00725771231795148,-1.58884477161619,0.421175530368541,FALSE,0
GOBP_AUTOPHAGY_OF_NUCLEUS,-4.3267140840919,0.000493229272845397,-1.28831031258807,0.544274133213881,FALSE,0
GOBP_AXONAL_FASCICULATION,1.65582487540791,0.240350346937235,1.55245651554293,0.435544779182678,FALSE,0
GOBP_AXONAL_TRANSPORT,4.27056663754682,0.000608446254686813,2.21872408872256,0.217497784975987,FALSE,0
GOBP_AXONAL_TRANSPORT_OF_MITOCHONDRION,3.57760693305582,0.00501499184319563,2.77016038526509,0.0985223290095397,FALSE,0
GOBP_AXON_ENSHEATHMENT_IN_CENTRAL_NERVOUS_SYSTEM,2.73321166369252,0.0360832783370065,1.40110634323938,0.500368377665618,FALSE,0
GOBP_AXON_EXTENSION,2.05493370726646,0.127797116912942,0.403182704727823,0.896493499377199,FALSE,0
GOBP_AXO_DENDRITIC_TRANSPORT,3.49182251458409,0.00636640552851843,1.12509272024745,0.61653222968522,FALSE,0
GOBP_BASEMENT_MEMBRANE_ASSEMBLY,4.11376158924086,0.00104391541274516,0.0636947323162454,0.988756283300366,FALSE,0
GOBP_BASEMENT_MEMBRANE_ORGANIZATION,3.926409458595,0.00184984964184099,0.427705660187839,0.887902000658794,FALSE,0
GOBP_BASE_CONVERSION_OR_SUBSTITUTION_EDITING,-1.07522729757478,0.477314797194111,-0.980700039701778,0.676007884135415,FALSE,0
GOBP_BASE_EXCISION_REPAIR,-1.76805019770858,0.205353718947791,-1.99584478990545,0.287908780347604,FALSE,0
GOBP_BILE_ACID_BIOSYNTHETIC_PROCESS,-1.13103951316311,0.451611160851808,-0.793323626330093,0.746188807949694,FALSE,0
GOBP_BILE_ACID_METABOLIC_PROCESS,-2.07465053780497,0.1242800635701,-0.574937653596306,0.839563810561272,FALSE,0
GOBP_BINDING_OF_SPERM_TO_ZONA_PELLUCIDA,0.203663754060288,0.913754025775719,0.722281145081192,0.780387014471698,FALSE,0
GOBP_BIOLOGICAL_PROCESS_INVOLVED_IN_INTERACTION_WITH_HOST,0.353172473893884,0.841839572056969,0.747961367770586,0.769102817284809,FALSE,0
GOBP_BIOLOGICAL_PROCESS_INVOLVED_IN_INTERACTION_WITH_SYMBIONT,-1.17077268740135,0.432778781632409,-2.84915462029234,0.0893813817664363,FALSE,0
GOBP_BIOLOGICAL_PROCESS_INVOLVED_IN_SYMBIOTIC_INTERACTION,-0.115883007047941,0.9497392160504,-0.720591403345324,0.781363452139301,FALSE,0
GOBP_BLASTOCYST_DEVELOPMENT,-2.78124754338439,0.0321963695175756,-1.77145952123235,0.354214119496471,FALSE,0
GOBP_BLASTOCYST_FORMATION,-2.99952369058929,0.0203850715023609,-0.705487071690923,0.787706622754925,FALSE,0
GOBP_BLASTOCYST_GROWTH,-1.82499415372075,0.187241627120217,-0.987670782770792,0.674711244420758,FALSE,0
GOBP_BLASTODERM_SEGMENTATION,1.64778398185071,0.242556962089229,1.26655148826759,0.555819606521751,FALSE,0
GOBP_BLOOD_VESSEL_ENDOTHELIAL_CELL_MIGRATION,-0.968644872633413,0.530973892016088,-1.74161347197174,0.364009436957853,FALSE,0
GOBP_BLOOD_VESSEL_REMODELING,-2.13980725177413,0.112061147301799,-1.14607615493544,0.606805299915815,FALSE,0
GOBP_BODY_MORPHOGENESIS,-0.820983449075693,0.605809398323653,-2.06888609847083,0.262984865295836,FALSE,0
GOBP_BONE_MATURATION,1.9065933258139,0.164017887071736,1.61000103062526,0.411867046563292,FALSE,0
GOBP_BONE_MINERALIZATION,2.77961912164967,0.0322836895249362,0.740113070948918,0.773062081169858,FALSE,0
GOBP_BONE_MORPHOGENESIS,-0.155219299607444,0.935515603236983,-0.138490050164161,0.971134967200731,FALSE,0
GOBP_BRANCHING_INVOLVED_IN_BLOOD_VESSEL_MORPHOGENESIS,-1.96841608007466,0.148386198354212,-3.17525927297668,0.0530257202114517,FALSE,0
GOBP_BRANCH_ELONGATION_OF_AN_EPITHELIUM,0.143848935323821,0.937511542690461,1.87799910849146,0.318723833779047,FALSE,0
GOBP_BROWN_FAT_CELL_DIFFERENTIATION,-2.95318673314537,0.0225608934751842,-2.13128381566275,0.241224025535675,FALSE,0
GOBP_BUNDLE_OF_HIS_CELL_TO_PURKINJE_MYOCYTE_COMMUNICATION,2.0302697196179,0.133304398987199,1.19188638821977,0.586707047908455,FALSE,0
GOBP_B_CELL_ACTIVATION_INVOLVED_IN_IMMUNE_RESPONSE,-3.25807905391034,0.0111283039179123,-0.532063185745759,0.857135481242289,FALSE,0
GOBP_B_CELL_APOPTOTIC_PROCESS,-1.96286104419748,0.150065315633938,-0.486096700904028,0.873034501056759,FALSE,0
GOBP_B_CELL_HOMEOSTASIS,-1.97149096716922,0.147666599876395,-3.31452920594436,0.0429128888270347,FALSE,0
GOBP_B_CELL_MEDIATED_IMMUNITY,-0.925184839984997,0.553201463733593,-0.290218356194112,0.929844250228499,FALSE,0
GOBP_B_CELL_PROLIFERATION,-0.357104334798419,0.840299073419392,-0.734303940864393,0.775702813748655,FALSE,0
GOBP_B_CELL_RECEPTOR_SIGNALING_PATHWAY,-0.918913601102672,0.556325362532231,-2.53192423941325,0.14348472679647,FALSE,0
GOBP_C21_STEROID_HORMONE_BIOSYNTHETIC_PROCESS,2.30276063398671,0.0842188601202675,1.01919184785133,0.661564673254866,FALSE,0
GOBP_C21_STEROID_HORMONE_METABOLIC_PROCESS,1.27863080925911,0.388546739404086,0.0779185167008431,0.986160944250904,FALSE,0
GOBP_C4_DICARBOXYLATE_TRANSPORT,1.8027851130177,0.193961876929974,0.163547233808898,0.963092106885598,FALSE,0
GOBP_CALCIUM_DEPENDENT_CELL_CELL_ADHESION_VIA_PLASMA_MEMBRANE_CELL_ADHESION_MOLECULES,3.91323517882094,0.00190612972555322,0.253570475852606,0.942868179510715,FALSE,0
GOBP_CALCIUM_ION_REGULATED_EXOCYTOSIS_OF_NEUROTRANSMITTER,3.787277777805,0.00282096295800469,0.299476991857441,0.927246148023696,FALSE,0
GOBP_CALCIUM_ION_TRANSPORT_INTO_CYTOSOL,-1.0933812451118,0.467856846641043,-1.11111382479103,0.620509257511748,FALSE,0
GOBP_CAMERA_TYPE_EYE_PHOTORECEPTOR_CELL_DIFFERENTIATION,-1.85303010879464,0.179046295394129,-0.403418285583515,0.896493499377199,FALSE,0
GOBP_CAMP_METABOLIC_PROCESS,0.49993630465594,0.771062972415775,1.37766144411749,0.507350069717677,FALSE,0
GOBP_CARBOHYDRATE_BIOSYNTHETIC_PROCESS,-1.23650014548311,0.406567430620569,-1.38179423724742,0.505839888295449,FALSE,0
GOBP_CARBOHYDRATE_DERIVATIVE_CATABOLIC_PROCESS,1.6827433215501,0.232983767798205,0.625350148182791,0.82185470350116,FALSE,0
GOBP_CARBOHYDRATE_HOMEOSTASIS,-3.09372523214874,0.0165757928520364,-0.862248430258335,0.722278382065464,FALSE,0
GOBP_CARBOHYDRATE_PHOSPHORYLATION,-0.27360293513963,0.880301431469419,-1.68595134925059,0.38648471714788,FALSE,0
GOBP_CARBOHYDRATE_TRANSMEMBRANE_TRANSPORT,-2.46391218664928,0.0623735594911376,-1.98233212171109,0.28918007156455,FALSE,0
GOBP_CARBOHYDRATE_TRANSPORT,-0.630737305630719,0.70325555596463,-2.61145813340092,0.124474861957134,FALSE,0
GOBP_CARBOXYLIC_ACID_TRANSPORT,1.49441300953556,0.297970695957664,0.866905616534336,0.71984886571082,FALSE,0
GOBP_CARDIAC_CHAMBER_DEVELOPMENT,0.57994367862919,0.72883978180053,0.498083522837933,0.868147077806436,FALSE,0
GOBP_CARDIAC_CHAMBER_MORPHOGENESIS,0.826861190231554,0.602584625899117,0.625846107035134,0.821846429493218,FALSE,0
GOBP_CARDIAC_CONDUCTION,2.87461379483899,0.0266013234074567,1.11753580223214,0.619524665664819,FALSE,0
GOBP_CARDIAC_EPITHELIAL_TO_MESENCHYMAL_TRANSITION,1.77008705911418,0.204872084083911,0.413659680894158,0.892750850124258,FALSE,0
GOBP_CARDIAC_MUSCLE_CELL_ACTION_POTENTIAL,4.00056861612767,0.00145904789913057,0.404854414296326,0.896493499377199,FALSE,0
GOBP_CARDIAC_MUSCLE_CELL_ACTION_POTENTIAL_INVOLVED_IN_CONTRACTION,3.43036056748855,0.00742514966083053,1.24173006223946,0.565516361745653,FALSE,0
GOBP_CARDIAC_MUSCLE_CELL_CONTRACTION,2.63186852294455,0.0448150984540327,1.76470012867016,0.356872348125496,FALSE,0
GOBP_CARDIAC_MUSCLE_CELL_MEMBRANE_REPOLARIZATION,2.04687197700868,0.129908938452938,0.444747451925209,0.884040888958226,FALSE,0
GOBP_CARDIAC_MUSCLE_CONTRACTION,2.24326994876164,0.0940577000041046,0.681605105654378,0.79833397128596,FALSE,0
GOBP_CARDIAC_MYOFIBRIL_ASSEMBLY,-0.542284391377819,0.748372199134776,-1.68841295074888,0.385124040121011,FALSE,0
GOBP_CARDIAC_RIGHT_VENTRICLE_MORPHOGENESIS,2.50540680741642,0.0579372043430578,0.870443688732447,0.719226173849696,FALSE,0
GOBP_CARDIAC_VENTRICLE_DEVELOPMENT,0.354992549519716,0.840823173995343,1.27610757428085,0.551331838628817,FALSE,0
GOBP_CARDIAC_VENTRICLE_MORPHOGENESIS,1.27488631137292,0.390421799946721,0.524144720613293,0.858878133840997,FALSE,0
GOBP_CARTILAGE_DEVELOPMENT,1.56164065838931,0.272493519277783,0.540195759139089,0.853016192166345,FALSE,0
GOBP_CATECHOL_CONTAINING_COMPOUND_BIOSYNTHETIC_PROCESS,0.975349251413796,0.528517889836825,2.33013469734129,0.188660174216248,FALSE,0
GOBP_CATECHOL_CONTAINING_COMPOUND_METABOLIC_PROCESS,0.771404075471787,0.630341009588205,1.80525494251425,0.342169954780177,FALSE,0
GOBP_CD40_SIGNALING_PATHWAY,1.73239105065063,0.216810319670236,2.17196077551671,0.229228521348615,FALSE,0
GOBP_CD4_POSITIVE_ALPHA_BETA_T_CELL_ACTIVATION,-2.27086972696784,0.0890398818223991,-0.0931309277816398,0.982922166040421,FALSE,0
GOBP_CD4_POSITIVE_OR_CD8_POSITIVE_ALPHA_BETA_T_CELL_LINEAGE_COMMITMENT,-3.03981493458149,0.0186946259579254,-0.109558304381408,0.979324902785417,FALSE,0
GOBP_CELLULAR_ALDEHYDE_METABOLIC_PROCESS,0.664179322114798,0.686409865217038,0.48994771323963,0.872073377528598,FALSE,0
GOBP_CELLULAR_CARBOHYDRATE_BIOSYNTHETIC_PROCESS,-3.33243535022285,0.00938868900725853,-2.10226085252305,0.251355782149649,FALSE,0
GOBP_CELLULAR_CARBOHYDRATE_METABOLIC_PROCESS,-2.73186208898593,0.0361103707806915,-1.64787425021177,0.400319894191124,FALSE,0
GOBP_CELLULAR_COMPONENT_MAINTENANCE,0.154051294937778,0.935698245171468,0.132257945196825,0.972406150349868,FALSE,0
GOBP_CELLULAR_COPPER_ION_HOMEOSTASIS,1.33516851350795,0.364157493505075,2.09093751532136,0.25528830815504,FALSE,0
GOBP_CELLULAR_GLUCAN_METABOLIC_PROCESS,-4.36949897530983,0.00042185189402446,-2.00708905630229,0.283753886610491,FALSE,0
GOBP_CELLULAR_GLUCOSE_HOMEOSTASIS,-2.72502378750664,0.0367033818035416,-0.749505309350257,0.768794279202011,FALSE,0
GOBP_CELLULAR_METABOLIC_COMPOUND_SALVAGE,-2.22960211307587,0.0966567034319644,-0.205742830395018,0.954862258284725,FALSE,0
GOBP_CELLULAR_MODIFIED_AMINO_ACID_CATABOLIC_PROCESS,-2.51499809210999,0.0568553859817128,-1.42145380900719,0.490445308677943,FALSE,0
GOBP_CELLULAR_POLYSACCHARIDE_CATABOLIC_PROCESS,-0.0810993043069841,0.965167129982373,-1.64897949194012,0.400319894191124,FALSE,0
GOBP_CELLULAR_RESPIRATION,0.148616144181119,0.936415609365723,1.19242361011186,0.586707047908455,FALSE,0
GOBP_CELLULAR_RESPONSE_TO_ACIDIC_PH,-3.17018757140055,0.0139078289833775,-0.0357021001080877,0.992839618955888,FALSE,0
GOBP_CELLULAR_RESPONSE_TO_ACID_CHEMICAL,-0.708050603243392,0.662263048891628,-2.30011840359729,0.198064047315672,FALSE,0
GOBP_CELLULAR_RESPONSE_TO_ALCOHOL,0.469356484444194,0.787846143259149,0.673540824476944,0.801714522994276,FALSE,0
GOBP_CELLULAR_RESPONSE_TO_ALKALOID,-0.492075579585628,0.774512308541187,-0.512643442694955,0.863022421004042,FALSE,0
GOBP_CELLULAR_RESPONSE_TO_ARSENIC_CONTAINING_SUBSTANCE,-4.47356553548631,0.000308249796043278,-0.929630580610145,0.692824765144773,FALSE,0
GOBP_CELLULAR_RESPONSE_TO_ATP,-1.18674976445559,0.428009650669128,-2.90236628927041,0.0799220348176032,FALSE,0
GOBP_CELLULAR_RESPONSE_TO_BIOTIC_STIMULUS,-0.810886172293294,0.609685203595273,-1.44534182924984,0.482523656335172,FALSE,0
GOBP_CELLULAR_RESPONSE_TO_CAMP,0.467299503613288,0.788993750397249,0.945473678780239,0.686961645863845,FALSE,0
GOBP_CELLULAR_RESPONSE_TO_CARBOHYDRATE_STIMULUS,-1.86504005278735,0.175709738732107,-0.364829411731315,0.908149461719654,FALSE,0
GOBP_CELLULAR_RESPONSE_TO_CHOLESTEROL,-1.47265287878313,0.306512741746757,-0.695745637164684,0.791611240052597,FALSE,0
GOBP_CELLULAR_RESPONSE_TO_COPPER_ION,2.51214919683901,0.0571440815888161,1.61630425603475,0.410534963288858,FALSE,0
GOBP_CELLULAR_RESPONSE_TO_ESTRADIOL_STIMULUS,-2.8552089349913,0.0275779445120933,-1.05559151806545,0.646786960156042,FALSE,0
GOBP_CELLULAR_RESPONSE_TO_EXOGENOUS_DSRNA,-1.04236868924749,0.494174996112973,-0.166573788891455,0.963092106885598,FALSE,0
GOBP_CELLULAR_RESPONSE_TO_EXTRACELLULAR_STIMULUS,-2.78670762909823,0.0318068781084125,-0.333686727761537,0.917303102784516,FALSE,0
GOBP_CELLULAR_RESPONSE_TO_FLUID_SHEAR_STRESS,-1.52764931891628,0.284407283240557,-2.35470462937936,0.181004299074333,FALSE,0
GOBP_CELLULAR_RESPONSE_TO_HEAT,-0.918234681683563,0.556325362532231,-1.70332648731202,0.380394880476431,FALSE,0
GOBP_CELLULAR_RESPONSE_TO_INSULIN_STIMULUS,-1.49385602697041,0.298036405940441,-2.45249510463743,0.158400168488786,FALSE,0
GOBP_CELLULAR_RESPONSE_TO_INTERFERON_BETA,2.45927210883538,0.0628301905499387,0.871279739544292,0.719226173849696,FALSE,0
GOBP_CELLULAR_RESPONSE_TO_IONIZING_RADIATION,-1.17196078916613,0.432452890870927,-0.190013510201112,0.958165734572316,FALSE,0
GOBP_CELLULAR_RESPONSE_TO_KETONE,0.731690567756163,0.649377892499588,0.243165864733316,0.943661529755349,FALSE,0
GOBP_CELLULAR_RESPONSE_TO_LIGHT_STIMULUS,-0.679857099430519,0.677521830106932,-0.576881196420238,0.839269613799489,FALSE,0
GOBP_CELLULAR_RESPONSE_TO_MOLECULE_OF_BACTERIAL_ORIGIN,-0.26575590228117,0.883610440589805,-0.976920060141226,0.676007884135415,FALSE,0
GOBP_CELLULAR_RESPONSE_TO_OXYGEN_LEVELS,-2.26614184399599,0.089811355803144,-0.707659641927883,0.786748251666517,FALSE,0
GOBP_CELLULAR_RESPONSE_TO_PEPTIDE_HORMONE_STIMULUS,-0.778581904882033,0.626534976007522,-0.825015760897875,0.737197241676859,FALSE,0
GOBP_CELLULAR_RESPONSE_TO_PH,-2.85766801770187,0.0274334753618083,-1.56408864979263,0.431529325021352,FALSE,0
GOBP_CELLULAR_RESPONSE_TO_PROSTAGLANDIN_E_STIMULUS,1.77859956710606,0.201951919536731,0.873850976415029,0.717462060067352,FALSE,0
GOBP_CELLULAR_RESPONSE_TO_RADIATION,-0.68819080698351,0.673017218306716,-0.639376644176893,0.815793402831613,FALSE,0
GOBP_CELLULAR_RESPONSE_TO_RETINOIC_ACID,-0.182454770089305,0.925200131501614,-0.20903074323001,0.953803668679873,FALSE,0
GOBP_CELLULAR_RESPONSE_TO_STEROID_HORMONE_STIMULUS,-2.14586666808826,0.111225439023046,-0.487712439744284,0.872646323787657,FALSE,0
GOBP_CELLULAR_RESPONSE_TO_STEROL_DEPLETION,-3.29519934679084,0.0103561113955808,-1.98838318128225,0.288666769350844,FALSE,0
GOBP_CELLULAR_RESPONSE_TO_TOPOLOGICALLY_INCORRECT_PROTEIN,-1.94156999245587,0.155778647996513,-0.910984886533524,0.699975937031591,FALSE,0
GOBP_CELLULAR_RESPONSE_TO_UNFOLDED_PROTEIN,-1.97390657077032,0.147091086314633,-0.983671148560483,0.675980989832083,FALSE,0
GOBP_CELLULAR_RESPONSE_TO_UV,-0.382526915174659,0.828929456132195,-1.40468754551491,0.498694109772641,FALSE,0
GOBP_CELLULAR_RESPONSE_TO_VASCULAR_ENDOTHELIAL_GROWTH_FACTOR_STIMULUS,1.29048318899317,0.38298084010431,1.00645326501202,0.667653612717868,FALSE,0
GOBP_CELLULAR_RESPONSE_TO_VITAMIN,-0.13170119173875,0.942829022311609,-0.0180269287973596,0.997339457172524,FALSE,0
GOBP_CELLULAR_RESPONSE_TO_VITAMIN_D,-1.68232709216984,0.232983767798205,-0.354818058987761,0.911914591234641,FALSE,0
GOBP_CELLULAR_RESPONSE_TO_ZINC_ION,3.25655437286856,0.0111667282952532,0.820569404032414,0.740018657201796,FALSE,0
GOBP_CELLULAR_SODIUM_ION_HOMEOSTASIS,-0.434638429558656,0.805001033905155,-0.209646967894038,0.953661696719162,FALSE,0
GOBP_CELL_ACTIVATION_INVOLVED_IN_IMMUNE_RESPONSE,-0.576804320329437,0.73017685808483,-1.18829483340244,0.588914465907825,FALSE,0
GOBP_CELL_ADHESION_MEDIATED_BY_INTEGRIN,-0.389607498860775,0.824818672454367,-1.2301228913185,0.571713287389077,FALSE,0
GOBP_CELL_AGGREGATION,-0.286287339776344,0.875163995248142,-0.0363205065887725,0.992839618955888,FALSE,0
GOBP_CELL_CELL_ADHESION_MEDIATED_BY_CADHERIN,-1.95116089234358,0.15305427837945,-1.21676785073533,0.577619388481881,FALSE,0
GOBP_CELL_CELL_JUNCTION_MAINTENANCE,0.282262588935517,0.876874431680746,0.0702837301600679,0.987078627842916,FALSE,0
GOBP_CELL_COMMUNICATION_BY_ELECTRICAL_COUPLING,3.41293141390944,0.0077498014399831,0.579178232081876,0.839152602759288,FALSE,0
GOBP_CELL_COMMUNICATION_BY_ELECTRICAL_COUPLING_INVOLVED_IN_CARDIAC_CONDUCTION,2.00195413793551,0.140057946673452,0.44796826767361,0.882169729475433,FALSE,0
GOBP_CELL_COMMUNICATION_INVOLVED_IN_CARDIAC_CONDUCTION,2.64430649919967,0.0438594581278355,0.553469091290859,0.847571617258542,FALSE,0
GOBP_CELL_CYCLE_CHECKPOINT_SIGNALING,-1.93688054363203,0.156848134327977,-0.237987354223378,0.945042147754162,FALSE,0
GOBP_CELL_CYCLE_DNA_REPLICATION,-0.0272143781769969,0.988269327557633,-1.50614262729962,0.453768269607933,FALSE,0
GOBP_CELL_DEATH_IN_RESPONSE_TO_HYDROGEN_PEROXIDE,0.059101594357595,0.973470016301119,0.820777237002145,0.740018657201796,FALSE,0
GOBP_CELL_DEATH_IN_RESPONSE_TO_OXIDATIVE_STRESS,-0.403700763227904,0.818422408926536,-1.4284562605396,0.488651508849366,FALSE,0
GOBP_CELL_DIFFERENTIATION_INVOLVED_IN_METANEPHROS_DEVELOPMENT,2.49496864789927,0.0590720008358685,0.354525254233109,0.911914591234641,FALSE,0
GOBP_CELL_DIFFERENTIATION_IN_HINDBRAIN,-3.47583290045013,0.00672366313382306,-1.29250844638501,0.542572275743289,FALSE,0
GOBP_CELL_DIFFERENTIATION_IN_SPINAL_CORD,-1.62335582639321,0.250756900348546,-0.711190297127726,0.785940626096475,FALSE,0
GOBP_CELL_JUNCTION_MAINTENANCE,1.12549357058404,0.453984112914314,0.718118103724904,0.782413402517251,FALSE,0
GOBP_CELL_MATURATION,-0.223414604816534,0.903586208873157,-0.558476840201629,0.845317380644839,FALSE,0
GOBP_CELL_MIGRATION_INVOLVED_IN_GASTRULATION,-0.260311041213227,0.885801739963019,-4.39780512333346,0.00817609287936087,FALSE,0
GOBP_CELL_MIGRATION_INVOLVED_IN_HEART_DEVELOPMENT,1.31053054000724,0.374433427121208,0.124664984302884,0.974194814034246,FALSE,0
GOBP_CELL_MIGRATION_INVOLVED_IN_SPROUTING_ANGIOGENESIS,0.336763421421962,0.848709254435531,0.111407933937542,0.978958413396204,FALSE,0
GOBP_CELL_PROLIFERATION_INVOLVED_IN_KIDNEY_DEVELOPMENT,0.349662492450889,0.843187341975047,0.153729584116651,0.96626883607329,FALSE,0
GOBP_CELL_PROLIFERATION_IN_FOREBRAIN,-2.29787044033796,0.0849079710498562,-1.75880278482451,0.358566745766996,FALSE,0
GOBP_CELL_RECOGNITION,1.8820276802187,0.170773998654506,0.438090094511835,0.884919062063229,FALSE,0
GOBP_CELL_REDOX_HOMEOSTASIS,1.24928173260457,0.401671452613116,0.5883542362204,0.835311222590214,FALSE,0
GOBP_CELL_SUBSTRATE_JUNCTION_ORGANIZATION,-1.16476401764627,0.435734773218467,-1.52924371815613,0.445307029259258,FALSE,0
GOBP_CELL_SURFACE_RECEPTOR_SIGNALING_PATHWAY_INVOLVED_IN_HEART_DEVELOPMENT,1.80997122516254,0.191623073059264,1.43459453955386,0.486869105214064,FALSE,0
GOBP_CELL_VOLUME_HOMEOSTASIS,2.31279493305811,0.0825030418095235,1.25557671896727,0.561022716541806,FALSE,0
GOBP_CENTROMERE_COMPLEX_ASSEMBLY,2.12213448149436,0.115041197643234,0.935337192819819,0.690092370223713,FALSE,0
GOBP_CERAMIDE_CATABOLIC_PROCESS,2.38173588298419,0.0729635789833328,0.165102675330803,0.963092106885598,FALSE,0
GOBP_CEREBELLAR_CORTEX_DEVELOPMENT,-1.24344722621179,0.40404794456812,-1.93860917729108,0.299721092353335,FALSE,0
GOBP_CEREBELLAR_CORTEX_FORMATION,-2.7917875329104,0.0315691296218609,-1.62562261809434,0.409737636313987,FALSE,0
GOBP_CEREBELLAR_CORTEX_MORPHOGENESIS,-1.74456688444308,0.213166205436914,-0.877299759669021,0.71678938926197,FALSE,0
GOBP_CEREBELLAR_PURKINJE_CELL_LAYER_DEVELOPMENT,-2.73390195196228,0.0360607037258409,-0.812717815678608,0.741320604057187,FALSE,0
GOBP_CEREBELLAR_PURKINJE_CELL_LAYER_MORPHOGENESIS,-2.15574619320904,0.109617977464262,-1.14146775953066,0.608497663331097,FALSE,0
GOBP_CEREBRAL_CORTEX_NEURON_DIFFERENTIATION,-2.19538643851095,0.101664345901101,-0.710671956687167,0.785940626096475,FALSE,0
GOBP_CHAPERONE_MEDIATED_AUTOPHAGY,1.28988916094266,0.383237162350412,0.775883517562245,0.754827809042945,FALSE,0
GOBP_CHAPERONE_MEDIATED_PROTEIN_FOLDING,0.748807739908681,0.641467470104294,0.416787117547976,0.892221015318677,FALSE,0
GOBP_CHEMICAL_HOMEOSTASIS_WITHIN_A_TISSUE,1.61273521931925,0.254241207570726,0.348930591337172,0.913774975342464,FALSE,0
GOBP_CHEMICAL_SYNAPTIC_TRANSMISSION_POSTSYNAPTIC,-0.167874189510556,0.93124936033668,-0.0107972121699116,0.998774928385458,FALSE,0
GOBP_CHEMOSENSORY_BEHAVIOR,1.24997665520831,0.401337248083399,0.773051576732009,0.755684693200006,FALSE,0
GOBP_CHLORIDE_TRANSMEMBRANE_TRANSPORT,2.35500456311611,0.0764363496553256,0.587233849117888,0.835569992755401,FALSE,0
GOBP_CHLORIDE_TRANSPORT,1.54439973273841,0.278704755184903,1.17287122102409,0.59369512130076,FALSE,0
GOBP_CHOLESTEROL_EFFLUX,-2.78162849766294,0.0321957828714476,-0.941569565497781,0.688003659725815,FALSE,0
GOBP_CHOLESTEROL_STORAGE,-1.14791448786911,0.443289105138257,-0.025300820341214,0.996226016827634,FALSE,0
GOBP_CHONDROCYTE_DEVELOPMENT,1.36700353832106,0.350393730180202,0.471714916009049,0.875494923816982,FALSE,0
GOBP_CHONDROCYTE_DIFFERENTIATION_INVOLVED_IN_ENDOCHONDRAL_BONE_MORPHOGENESIS,-1.75616620119398,0.209080695919431,-0.499497529809515,0.86784755521429,FALSE,0
GOBP_CHONDROCYTE_PROLIFERATION,-0.894276777621269,0.568971124761019,-1.35637823129674,0.514336402052169,FALSE,0
GOBP_CHONDROITIN_SULFATE_BIOSYNTHETIC_PROCESS,3.23109104030881,0.0119354840550286,0.73236109849358,0.777026371755424,FALSE,0
GOBP_CHROMATIN_REMODELING,-4.02231062593501,0.00138662053739882,-0.190582588331412,0.958165734572316,FALSE,0
GOBP_CHROMOSOME_CONDENSATION,1.08157989114634,0.473611805836098,0.0686259292297487,0.987389867485698,FALSE,0
GOBP_CHROMOSOME_ORGANIZATION_INVOLVED_IN_MEIOTIC_CELL_CYCLE,-1.10945121201855,0.460410385794899,-0.409830377801214,0.89389244636461,FALSE,0
GOBP_CILIUM_MOVEMENT,-0.49195556167655,0.774512308541187,-0.212763041481065,0.953248241191266,FALSE,0
GOBP_CIRCADIAN_REGULATION_OF_GENE_EXPRESSION,-3.75650205015072,0.0030176793435662,-1.21894293161982,0.576631896179233,FALSE,0
GOBP_CIRCADIAN_RHYTHM,-3.00407529441465,0.0201711613390874,-0.0505374197687108,0.989982210877703,FALSE,0
GOBP_CIRCADIAN_SLEEP_WAKE_CYCLE_SLEEP,-0.646288239393717,0.697119833104357,-0.0192114160036057,0.997339457172524,FALSE,0
GOBP_CLATHRIN_COAT_ASSEMBLY,-0.422761186767893,0.809807305106197,-3.30943448940774,0.0429128888270347,FALSE,0
GOBP_CLATHRIN_DEPENDENT_ENDOCYTOSIS,-1.10295427994174,0.46410951530371,-2.48578337332066,0.155185395448169,FALSE,0
GOBP_COENZYME_A_METABOLIC_PROCESS,-3.35342479820435,0.00901858677307941,-0.634215399407961,0.818306322441808,FALSE,0
GOBP_COLLAGEN_ACTIVATED_SIGNALING_PATHWAY,1.66576551588127,0.237052352922005,0.417017780885303,0.892221015318677,FALSE,0
GOBP_COLLAGEN_BIOSYNTHETIC_PROCESS,2.24490450260182,0.0939342301147427,0.643517913706634,0.814496607641144,FALSE,0
GOBP_COLLAGEN_CATABOLIC_PROCESS,4.40479061103678,0.000381264022080923,0.7986820352909,0.744203619505292,FALSE,0
GOBP_COLLAGEN_FIBRIL_ORGANIZATION,4.43063394264061,0.000355721942902685,0.923749171611734,0.694731275774647,FALSE,0
GOBP_COLLAGEN_METABOLIC_PROCESS,4.35350497781829,0.000447956486237035,0.982722979469252,0.676007884135415,FALSE,0
GOBP_COLUMNAR_CUBOIDAL_EPITHELIAL_CELL_DEVELOPMENT,1.04789272510926,0.491210323458777,0.360975526282974,0.910005607099541,FALSE,0
GOBP_COLUMNAR_CUBOIDAL_EPITHELIAL_CELL_DIFFERENTIATION,-0.307243436640725,0.863277454847174,-0.368734285057349,0.908025609980713,FALSE,0
GOBP_COMPLEMENT_ACTIVATION,2.03287408845307,0.13279825203695,0.0604289771087394,0.988756283300366,FALSE,0
GOBP_CONNECTIVE_TISSUE_DEVELOPMENT,0.858949204367385,0.586863538138652,0.929142594018867,0.692947927690246,FALSE,0
GOBP_COPII_COATED_VESICLE_BUDDING,0.203204080926287,0.913754025775719,0.1227188992648,0.974635478211834,FALSE,0
GOBP_COPII_COATED_VESICLE_CARGO_LOADING,-2.79117159344859,0.0315691296218609,-0.800292439750583,0.744161026054853,FALSE,0
GOBP_COPPER_ION_TRANSPORT,0.117345462173075,0.9497392160504,0.790697476593844,0.747359491165549,FALSE,0
GOBP_COPULATION,0.0807380299217552,0.965270157007068,0.652598860215944,0.811277072108967,FALSE,0
GOBP_CORONARY_VASCULATURE_DEVELOPMENT,0.129475751180992,0.943857238139191,0.0620404531657032,0.988756283300366,FALSE,0
GOBP_CORTICOSTEROID_HORMONE_SECRETION,0.691550203304575,0.671616302325889,0.0749196519130022,0.98697549515178,FALSE,0
GOBP_COTRANSLATIONAL_PROTEIN_TARGETING_TO_MEMBRANE,-0.217247041268406,0.907323317626842,-1.67767322863526,0.390047500773778,FALSE,0
GOBP_CRANIAL_SKELETAL_SYSTEM_DEVELOPMENT,0.797302909009826,0.61682863407153,0.964801026041605,0.679341525351298,FALSE,0
GOBP_CRANIOFACIAL_SUTURE_MORPHOGENESIS,3.51889596735193,0.00587184644556688,0.870074912464366,0.719226173849696,FALSE,0
GOBP_CYTOCHROME_COMPLEX_ASSEMBLY,2.03586390833953,0.132252739078562,1.9243029619312,0.304220455807419,FALSE,0
GOBP_CYTOKINE_PRODUCTION_INVOLVED_IN_INFLAMMATORY_RESPONSE,-0.926359435567583,0.55243234277208,-0.329578060312387,0.918954499445458,FALSE,0
GOBP_CYTOPLASMIC_MICROTUBULE_ORGANIZATION,-2.18746085998162,0.103155696582372,-2.88086785034871,0.0841671293691254,FALSE,0
GOBP_CYTOPLASMIC_PATTERN_RECOGNITION_RECEPTOR_SIGNALING_PATHWAY,-2.45787675918991,0.0629047236940859,-0.703663767033997,0.78868484134973,FALSE,0
GOBP_CYTOPLASMIC_SEQUESTERING_OF_PROTEIN,-0.25956466939563,0.886059878797485,-2.95336245194572,0.0742475779034282,FALSE,0
GOBP_CYTOSOLIC_CALCIUM_ION_TRANSPORT,-0.141863492262371,0.938392024898046,-1.65846257163103,0.397877894321574,FALSE,0
GOBP_DEMETHYLATION,-4.53029963888169,0.000248587348019788,-0.0476767618012261,0.990516783554314,FALSE,0
GOBP_DENDRITIC_CELL_CHEMOTAXIS,0.164139027257936,0.93198934688683,0.317485563545921,0.922310588249655,FALSE,0
GOBP_DENDRITIC_CELL_CYTOKINE_PRODUCTION,-0.634182531709497,0.702510201157786,-0.469492046754567,0.875722233235354,FALSE,0
GOBP_DENDRITIC_CELL_DIFFERENTIATION,-0.781296230479239,0.624588626296716,-0.71951403999108,0.781706249077676,FALSE,0
GOBP_DENDRITIC_SPINE_MAINTENANCE,-1.6756044459555,0.235084698773196,-0.979245628123967,0.676007884135415,FALSE,0
GOBP_DENDRITIC_SPINE_MORPHOGENESIS,1.63979939877111,0.245073199193586,1.04160273399124,0.651012341520366,FALSE,0
GOBP_DENTATE_GYRUS_DEVELOPMENT,0.332085210057964,0.851253296354926,0.000619312631245181,0.999582073671829,FALSE,0
GOBP_DEOXYRIBONUCLEOSIDE_TRIPHOSPHATE_METABOLIC_PROCESS,-2.99445567925327,0.0205714520157496,-0.0135260252360133,0.998505312289428,FALSE,0
GOBP_DEOXYRIBOSE_PHOSPHATE_CATABOLIC_PROCESS,-1.18384359006421,0.428886822767004,-0.817747224450918,0.74101322527592,FALSE,0
GOBP_DETECTION_OF_CHEMICAL_STIMULUS_INVOLVED_IN_SENSORY_PERCEPTION_OF_TASTE,2.17264694257924,0.106404680942066,0.471923085115098,0.875494923816982,FALSE,0
GOBP_DETECTION_OF_LIGHT_STIMULUS_INVOLVED_IN_SENSORY_PERCEPTION,-0.362778956410691,0.838029418901797,-0.371521663326712,0.906520622715031,FALSE,0
GOBP_DETECTION_OF_MECHANICAL_STIMULUS,-0.150442448388897,0.935698245171468,-0.918002381052165,0.698040887845568,FALSE,0
GOBP_DETECTION_OF_STIMULUS_INVOLVED_IN_SENSORY_PERCEPTION_OF_PAIN,-1.29228759766768,0.382342112814412,-0.563402505247619,0.844450381905564,FALSE,0
GOBP_DETECTION_OF_TEMPERATURE_STIMULUS_INVOLVED_IN_SENSORY_PERCEPTION,-1.72243543801557,0.220232768530099,-0.0882886205842733,0.983922183605425,FALSE,0
GOBP_DETECTION_OF_VISIBLE_LIGHT,0.629345357338948,0.703266453062281,0.191817767399401,0.958165734572316,FALSE,0
GOBP_DETOXIFICATION,1.37764748214726,0.345813832210382,0.217099133274882,0.951304244058985,FALSE,0
GOBP_DEVELOPMENT_OF_PRIMARY_FEMALE_SEXUAL_CHARACTERISTICS,-2.39858993490849,0.0707969618460891,-1.78149474420477,0.35274045046507,FALSE,0
GOBP_DEVELOPMENT_OF_PRIMARY_SEXUAL_CHARACTERISTICS,-2.31668190287303,0.0819728234119857,-1.551556984751,0.435886012282664,FALSE,0
GOBP_DICARBOXYLIC_ACID_METABOLIC_PROCESS,-1.26444637383029,0.395031159274722,-0.253054209523411,0.942868179510715,FALSE,0
GOBP_DIENCEPHALON_DEVELOPMENT,1.08464602314002,0.471615943812094,1.35101343235774,0.517422178723134,FALSE,0
GOBP_DIGESTION,-0.0464997700955725,0.9790990626234,-0.915201529985867,0.699934146711686,FALSE,0
GOBP_DIGESTIVE_SYSTEM_PROCESS,-0.0226687606009522,0.990183653354151,-1.95793889745493,0.296913891345663,FALSE,0
GOBP_DIOL_BIOSYNTHETIC_PROCESS,3.58251921798157,0.00496370270372785,0.542154971684317,0.852680101046261,FALSE,0
GOBP_DIOL_METABOLIC_PROCESS,2.7831669255348,0.032080595675312,1.51496740553376,0.45037396139159,FALSE,0
GOBP_DNA_BIOSYNTHETIC_PROCESS,-1.97686763324425,0.146480275232776,-1.12209266484505,0.61660746965924,FALSE,0
GOBP_DNA_CATABOLIC_PROCESS,0.633269872024429,0.702805294832691,0.852924424934898,0.726876024682612,FALSE,0
GOBP_DNA_DAMAGE_RESPONSE_SIGNAL_TRANSDUCTION_BY_P53_CLASS_MEDIATOR,-0.079534437986993,0.965870664455552,-0.528147290474636,0.857766720027048,FALSE,0
GOBP_DNA_DAMAGE_RESPONSE_SIGNAL_TRANSDUCTION_RESULTING_IN_TRANSCRIPTION,-0.890260394921156,0.571249924540112,-0.799946650270825,0.744161026054853,FALSE,0
GOBP_DNA_DEPENDENT_DNA_REPLICATION,-1.27332508635019,0.391144157715083,-0.164787955011515,0.963092106885598,FALSE,0
GOBP_DNA_GEOMETRIC_CHANGE,0.339407743219208,0.847793443261036,0.554764717788197,0.847301873702716,FALSE,0
GOBP_DNA_METHYLATION_DEPENDENT_HETEROCHROMATIN_ASSEMBLY,-1.70241894850626,0.226897618852599,-0.992138817772105,0.67238145901751,FALSE,0
GOBP_DNA_METHYLATION_INVOLVED_IN_GAMETE_GENERATION,-2.34681142874828,0.0775003700040834,-0.0176946090620759,0.997339457172524,FALSE,0
GOBP_DNA_REPLICATION,-1.86162829811428,0.176373096529139,-0.579755040202807,0.839152602759288,FALSE,0
GOBP_DNA_REPLICATION_INDEPENDENT_CHROMATIN_ORGANIZATION,1.29519416060021,0.380673619527579,1.7617779295969,0.357218747670554,FALSE,0
GOBP_DNA_REPLICATION_INITIATION,-1.12078403125412,0.455583114698377,-0.232833927118719,0.946834138103978,FALSE,0
GOBP_DNA_STRAND_ELONGATION,-1.15582948973125,0.440798004936781,-1.19896010537558,0.584000055032184,FALSE,0
GOBP_DNA_STRAND_ELONGATION_INVOLVED_IN_DNA_REPLICATION,-1.91188487909181,0.162405508521572,-0.35759712420588,0.910954146321084,FALSE,0
GOBP_DNA_SYNTHESIS_INVOLVED_IN_DNA_REPAIR,-2.91989865862397,0.0242704602581888,-3.177507587846,0.0530027182297964,FALSE,0
GOBP_DNA_TEMPLATED_TRANSCRIPTION_ELONGATION,-3.46735982417309,0.00686054413344349,-2.22981238422001,0.215424919223435,FALSE,0
GOBP_DNA_TEMPLATED_TRANSCRIPTION_INITIATION,-1.86329088228452,0.176113722040523,-0.546065443188503,0.851081871981032,FALSE,0
GOBP_DNA_UNWINDING_INVOLVED_IN_DNA_REPLICATION,0.970644397386055,0.530696814454548,0.231547882274941,0.946981753522957,FALSE,0
GOBP_DOPAMINE_RECEPTOR_SIGNALING_PATHWAY,1.20519371604099,0.418465902794756,1.2555168786453,0.561022716541806,FALSE,0
GOBP_DORSAL_VENTRAL_NEURAL_TUBE_PATTERNING,-1.03150316155748,0.498711425690891,-0.0536268888918704,0.988913627557372,FALSE,0
GOBP_DOSAGE_COMPENSATION,-3.43629400564222,0.0073090425700201,-0.0541674277171238,0.988798035051045,FALSE,0
GOBP_DSRNA_PROCESSING,-0.886935576457638,0.572623734371318,-1.3934170959566,0.504023792097214,FALSE,0
GOBP_EAR_DEVELOPMENT,-0.928077715960977,0.55186169582383,-0.251274369554963,0.943301202547513,FALSE,0
GOBP_EAR_MORPHOGENESIS,-1.97956407852745,0.145748542315202,-0.251514474498208,0.943301202547513,FALSE,0
GOBP_EATING_BEHAVIOR,0.771506089859941,0.630341009588205,0.662361809987055,0.806354180098226,FALSE,0
GOBP_ELECTRON_TRANSPORT_CHAIN,1.08639314376427,0.470611634255552,0.31898298454952,0.922310588249655,FALSE,0
GOBP_EMBRYONIC_APPENDAGE_MORPHOGENESIS,-1.09466265775933,0.467052792127685,-1.91945086419714,0.305744598840971,FALSE,0
GOBP_EMBRYONIC_AXIS_SPECIFICATION,1.85853076209169,0.177107048098373,0.508485173539127,0.864173198657807,FALSE,0
GOBP_EMBRYONIC_BRAIN_DEVELOPMENT,-0.120960297649906,0.948002684901625,-1.19279225065994,0.586707047908455,FALSE,0
GOBP_EMBRYONIC_CRANIAL_SKELETON_MORPHOGENESIS,0.887726737391646,0.572623734371318,1.67178822397815,0.392954237044697,FALSE,0
GOBP_EMBRYONIC_DIGIT_MORPHOGENESIS,-0.293596105281917,0.871270336064695,-2.02024678800078,0.279609102341825,FALSE,0
GOBP_EMBRYONIC_EYE_MORPHOGENESIS,1.92372233749323,0.159482347947842,0.400162562499635,0.897512791587228,FALSE,0
GOBP_EMBRYONIC_HEART_TUBE_DEVELOPMENT,-0.750976146454735,0.640500808561813,-1.44439118018185,0.482523656335172,FALSE,0
GOBP_EMBRYONIC_HEART_TUBE_MORPHOGENESIS,-0.159025507632124,0.934047201782848,-1.14602288647523,0.606805299915815,FALSE,0
GOBP_EMBRYONIC_HEMOPOIESIS,-2.93718085940039,0.0233318643670468,-1.7870515664408,0.350276879733193,FALSE,0
GOBP_EMBRYONIC_PLACENTA_DEVELOPMENT,-2.23623047934922,0.095434201359214,-0.682680976895492,0.797907759420359,FALSE,0
GOBP_EMBRYONIC_SKELETAL_JOINT_DEVELOPMENT,1.35578825144049,0.355665896218138,0.796631268646211,0.745385792099739,FALSE,0
GOBP_EMBRYONIC_SKELETAL_SYSTEM_DEVELOPMENT,1.39515590114958,0.339452473994035,1.83604799384758,0.333114829033326,FALSE,0
GOBP_EMBRYONIC_SKELETAL_SYSTEM_MORPHOGENESIS,1.38448154486602,0.343841190542483,2.25352811314108,0.209826645360768,FALSE,0
GOBP_ENDOCARDIAL_CUSHION_DEVELOPMENT,1.74125405159817,0.213776418722345,0.285743633774505,0.93110497563752,FALSE,0
GOBP_ENDOCARDIAL_CUSHION_FORMATION,3.65728471453041,0.00394140014322514,1.03733583707456,0.651668597524745,FALSE,0
GOBP_ENDOCARDIAL_CUSHION_MORPHOGENESIS,3.12236234545287,0.0154407680660891,1.01071885299315,0.664654872879647,FALSE,0
GOBP_ENDOCHONDRAL_BONE_MORPHOGENESIS,0.529457381832168,0.754250868890229,0.250322148151231,0.943301202547513,FALSE,0
GOBP_ENDOCRINE_HORMONE_SECRETION,-1.17613410804358,0.431559867944387,-0.763934768119044,0.761328973086734,FALSE,0
GOBP_ENDOCRINE_PANCREAS_DEVELOPMENT,0.0825799324499529,0.964725519442874,0.747147840858201,0.76932594420403,FALSE,0
GOBP_ENDOCRINE_SYSTEM_DEVELOPMENT,-1.71113747014498,0.223496077105102,-0.611283857659273,0.827467530235986,FALSE,0
GOBP_ENDODERMAL_CELL_FATE_COMMITMENT,-2.34335636399974,0.0779569765355589,-1.45280082720584,0.478833182666833,FALSE,0
GOBP_ENDONUCLEOLYTIC_CLEAVAGE_INVOLVED_IN_RRNA_PROCESSING,-0.480589431535326,0.781302790259843,-1.40601177246133,0.498072344080543,FALSE,0
GOBP_ENDOPLASMIC_RETICULUM_ORGANIZATION,-0.413574687908057,0.814232066532614,-0.874906810669657,0.717393200453916,FALSE,0
GOBP_ENDOPLASMIC_RETICULUM_TO_CYTOSOL_TRANSPORT,1.78025663950602,0.201644003417607,0.196026488254995,0.957347602336641,FALSE,0
GOBP_ENDOPLASMIC_RETICULUM_UNFOLDED_PROTEIN_RESPONSE,-2.82106559540577,0.0295862990069759,-1.72170508874571,0.373348844686116,FALSE,0
GOBP_ENDOSOME_ORGANIZATION,-0.61897779012175,0.708838599833987,-0.544613574122969,0.851427216869547,FALSE,0
GOBP_ENDOSOME_TO_LYSOSOME_TRANSPORT,0.241081226383563,0.893831281227147,0.318269743144149,0.922310588249655,FALSE,0
GOBP_ENDOTHELIAL_CELL_CHEMOTAXIS,0.898413586553385,0.566276784540825,1.23979827333031,0.565828323536395,FALSE,0
GOBP_ENDOTHELIAL_CELL_DEVELOPMENT,-0.357672626035521,0.840299073419392,-1.61356543742218,0.411193440396687,FALSE,0
GOBP_ENDOTHELIAL_CELL_MIGRATION,-0.275650066076905,0.880070735593953,-0.200980088905528,0.956297356475256,FALSE,0
GOBP_ENDOTHELIAL_CELL_PROLIFERATION,-0.80267141483007,0.614046873645781,-0.48758012843882,0.872646323787657,FALSE,0
GOBP_ENDOTHELIUM_DEVELOPMENT,-0.0986181942702823,0.957324836484407,-0.817080000083533,0.74117908177712,FALSE,0
GOBP_ENERGY_RESERVE_METABOLIC_PROCESS,-3.14661253244743,0.0146584940421994,-1.58448903064811,0.421905054266098,FALSE,0
GOBP_ENGULFMENT_OF_APOPTOTIC_CELL,4.26669376762821,0.000615371217103797,0.455738536672451,0.87961358415717,FALSE,0
GOBP_ENSHEATHMENT_OF_NEURONS,0.264474706462158,0.884329746311466,1.97682280537754,0.291778606196689,FALSE,0
GOBP_ENTERIC_NERVOUS_SYSTEM_DEVELOPMENT,-1.46895336532609,0.308039714582029,-1.08906744971733,0.630579633982883,FALSE,0
GOBP_ENTEROENDOCRINE_CELL_DIFFERENTIATION,1.35517222421989,0.355909539201528,1.23702426056399,0.566791112517144,FALSE,0
GOBP_ENTRAINMENT_OF_CIRCADIAN_CLOCK,-1.71374450392511,0.22255520283448,-1.33075941804045,0.523506895582706,FALSE,0
GOBP_ENTRY_INTO_HOST,0.912662626720643,0.558844326979288,1.05373981547768,0.647621817170422,FALSE,0
GOBP_EPHRIN_RECEPTOR_SIGNALING_PATHWAY,-2.35072660348928,0.0769958162105993,-0.180838799738536,0.959410501814187,FALSE,0
GOBP_EPIDERMAL_CELL_DIFFERENTIATION,0.0580998885745123,0.973521412798729,0.223262790212677,0.948122856797163,FALSE,0
GOBP_EPITHELIAL_CELL_APOPTOTIC_PROCESS,-1.41751426814516,0.330306397262029,-2.63885660771596,0.119885508178886,FALSE,0
GOBP_EPITHELIAL_TO_MESENCHYMAL_TRANSITION,-0.138933127899962,0.940076130666593,-1.43326694859115,0.487523521238644,FALSE,0
GOBP_EPITHELIAL_TO_MESENCHYMAL_TRANSITION_INVOLVED_IN_ENDOCARDIAL_CUSHION_FORMATION,4.93061911110476,5.94451460533309e-05,0.683927039847184,0.797269901361779,FALSE,0
GOBP_EPITHELIAL_TUBE_FORMATION,-2.38520887931636,0.0725767767313864,-1.5931113670979,0.420671429357013,FALSE,0
GOBP_ERAD_PATHWAY,-0.751208232366557,0.640500808561813,-0.986726654464699,0.674711244420758,FALSE,0
GOBP_ERBB_SIGNALING_PATHWAY,-0.324714550537905,0.853973096164156,-1.11687157531511,0.619524665664819,FALSE,0
GOBP_ERYTHROCYTE_DEVELOPMENT,-1.52159150800941,0.286553406561568,-4.05222376594591,0.0127284462146949,FALSE,0
GOBP_ERYTHROCYTE_HOMEOSTASIS,-3.0557598151125,0.0180047384403057,-3.21763719956443,0.0502904644724788,FALSE,0
GOBP_ER_NUCLEUS_SIGNALING_PATHWAY,-1.32442797635568,0.368788069238178,-2.28351749928706,0.201481441637577,FALSE,0
GOBP_ESTABLISHMENT_OF_ENDOTHELIAL_BARRIER,-1.225676604829,0.411621816729373,-2.40993092649704,0.167925529799104,FALSE,0
GOBP_ESTABLISHMENT_OF_MITOCHONDRION_LOCALIZATION,2.26087650178076,0.090783232147985,2.72221555694701,0.105394994459657,FALSE,0
GOBP_ESTABLISHMENT_OF_PIGMENT_GRANULE_LOCALIZATION,0.320521932698141,0.855962884101207,0.0993039418952425,0.98101584539611,FALSE,0
GOBP_ESTABLISHMENT_OF_PROTEIN_LOCALIZATION_TO_ENDOPLASMIC_RETICULUM,-0.430670217747416,0.806977057502549,-1.59041154761284,0.421175530368541,FALSE,0
GOBP_ESTABLISHMENT_OF_PROTEIN_LOCALIZATION_TO_MITOCHONDRIAL_MEMBRANE,1.1500794106805,0.442855017927778,0.248670273941484,0.943301202547513,FALSE,0
GOBP_ESTABLISHMENT_OF_PROTEIN_LOCALIZATION_TO_PLASMA_MEMBRANE,-1.56461187241866,0.271827337155757,-0.136629934107885,0.971321142090439,FALSE,0
GOBP_ESTABLISHMENT_OF_PROTEIN_LOCALIZATION_TO_TELOMERE,0.966588749557321,0.531542531500122,0.779927949085412,0.752582208435019,FALSE,0
GOBP_ESTABLISHMENT_OF_PROTEIN_LOCALIZATION_TO_VACUOLE,2.50890100965429,0.0574730040760792,0.226861415999821,0.948122856797163,FALSE,0
GOBP_ETHANOL_METABOLIC_PROCESS,0.366222487675834,0.836345457584092,0.82850000495567,0.735186804630423,FALSE,0
GOBP_ETHER_METABOLIC_PROCESS,1.57074127027828,0.269609894029207,1.4921063500409,0.46030544711996,FALSE,0
GOBP_EXCITATORY_SYNAPSE_ASSEMBLY,2.22194804350861,0.0977968360030832,2.13120395928594,0.241224025535675,FALSE,0
GOBP_EXOCRINE_SYSTEM_DEVELOPMENT,0.666616476677146,0.685019300105998,0.158526716993648,0.964403570629082,FALSE,0
GOBP_EXOCYTIC_PROCESS,0.721186609301908,0.654283929472387,0.646307639062143,0.813562624367576,FALSE,0
GOBP_EXPLORATION_BEHAVIOR,0.0026993080666209,0.998737369499516,2.26318566725452,0.207417414233966,FALSE,0
GOBP_EXPORT_ACROSS_PLASMA_MEMBRANE,-0.334878349650381,0.84939715656693,-0.212847778949272,0.953248241191266,FALSE,0
GOBP_EXTRACELLULAR_MATRIX_ASSEMBLY,2.01786079954186,0.135911659560972,0.464112795353703,0.877149044185235,FALSE,0
GOBP_EXTRACELLULAR_MATRIX_DISASSEMBLY,1.15117942897909,0.442357617640832,0.164392248379849,0.963092106885598,FALSE,0
GOBP_EXTRACELLULAR_TRANSPORT,-1.86142237237257,0.176373096529139,-0.929757615394773,0.692824765144773,FALSE,0
GOBP_EXTRACELLULAR_VESICLE_BIOGENESIS,-0.800874856293141,0.614863966874531,-1.37737416914289,0.507350069717677,FALSE,0
GOBP_EYE_MORPHOGENESIS,0.325429670244276,0.853798540551655,0.417187030710498,0.892221015318677,FALSE,0
GOBP_EYE_PHOTORECEPTOR_CELL_DIFFERENTIATION,-2.81093100990788,0.0302440240269834,-0.198689138579305,0.956965337452104,FALSE,0
GOBP_FACE_DEVELOPMENT,-1.82590356885439,0.187241627120217,-3.24128998657783,0.0473746524910557,FALSE,0
GOBP_FACULTATIVE_HETEROCHROMATIN_ASSEMBLY,-2.84473590466726,0.0282199857323641,-0.505222116915522,0.866163512632807,FALSE,0
GOBP_FATTY_ACID_BETA_OXIDATION,-2.06670481301733,0.125446525161607,-0.223830242796106,0.948122856797163,FALSE,0
GOBP_FATTY_ACID_DERIVATIVE_CATABOLIC_PROCESS,-0.253721891775534,0.889353985627314,-0.514363444858571,0.862390394158589,FALSE,0
GOBP_FATTY_ACID_HOMEOSTASIS,-1.30984510149599,0.374603517554933,-1.04910369079067,0.648922743525771,FALSE,0
GOBP_FATTY_ACID_TRANSMEMBRANE_TRANSPORT,0.214173278306633,0.908004044419393,0.4695296888333,0.875722233235354,FALSE,0
GOBP_FATTY_ACID_TRANSPORT,1.50634138331522,0.293167710659923,1.45449920949314,0.477900219493156,FALSE,0
GOBP_FATTY_ACYL_COA_METABOLIC_PROCESS,3.78222476171984,0.00286203954949017,0.208153395511583,0.95398595045617,FALSE,0
GOBP_FAT_CELL_DIFFERENTIATION,-3.1895382760268,0.0132204301730791,-1.88999850972273,0.316705757374023,FALSE,0
GOBP_FAT_SOLUBLE_VITAMIN_METABOLIC_PROCESS,1.66241347510876,0.238252183054788,0.703541849106019,0.78868484134973,FALSE,0
GOBP_FEAR_RESPONSE,0.962219599767883,0.533709190126,0.209468374761598,0.953661696719162,FALSE,0
GOBP_FEMALE_GENITALIA_DEVELOPMENT,1.1259468115649,0.453984112914314,1.56073302398847,0.4328795867384,FALSE,0
GOBP_FEMALE_SEX_DIFFERENTIATION,-1.87477824370465,0.172931446518682,-0.700356439006507,0.789922896660643,FALSE,0
GOBP_FERTILIZATION,0.810570463812381,0.609685203595273,1.35080970016813,0.517422178723134,FALSE,0
GOBP_FIBRINOLYSIS,3.59424864417921,0.0048135610538993,0.944468506200186,0.687563964659633,FALSE,0
GOBP_FIBROBLAST_APOPTOTIC_PROCESS,-2.57576449975442,0.0501036721814804,-1.29130500113977,0.542572275743289,FALSE,0
GOBP_FIBROBLAST_GROWTH_FACTOR_RECEPTOR_SIGNALING_PATHWAY,3.16446683992651,0.0140842704988703,0.146961779299412,0.968444521034857,FALSE,0
GOBP_FIBROBLAST_PROLIFERATION,-0.0304488044201048,0.986243869684755,-1.37893045055828,0.507343589064913,FALSE,0
GOBP_FILOPODIUM_ASSEMBLY,-0.289616342325469,0.873706648246875,-3.81041814585923,0.016208457165718,FALSE,0
GOBP_FOCAL_ADHESION_ASSEMBLY,-1.95385586110924,0.152524596981205,-1.23542732869541,0.567478256160388,FALSE,0
GOBP_FOREBRAIN_CELL_MIGRATION,1.71977517669571,0.220823937126623,0.578941068012294,0.839152602759288,FALSE,0
GOBP_FOREBRAIN_GENERATION_OF_NEURONS,1.37124353371028,0.348933472393699,0.511133064464938,0.863164127305296,FALSE,0
GOBP_FOREBRAIN_NEURON_DEVELOPMENT,1.34127591505942,0.36184026373812,1.51552861169699,0.45037396139159,FALSE,0
GOBP_FOREBRAIN_NEURON_DIFFERENTIATION,0.734471260380201,0.648229774926459,1.17223789175324,0.593907725999836,FALSE,0
GOBP_FOREBRAIN_REGIONALIZATION,2.04244137709882,0.130737431799875,1.0050053712471,0.668304519550285,FALSE,0
GOBP_FUCOSE_METABOLIC_PROCESS,2.37838150661647,0.0735099000140869,0.99926087468643,0.671500569224626,FALSE,0
GOBP_G0_TO_G1_TRANSITION,0.508158968276738,0.766939874309111,0.129859125459561,0.972891856973141,FALSE,0
GOBP_G1_TO_G0_TRANSITION,0.486613306666049,0.778103059691276,0.643714303924006,0.814496607641144,FALSE,0
GOBP_GAMMA_AMINOBUTYRIC_ACID_SIGNALING_PATHWAY,1.17127841372534,0.432642996550571,1.82728842912305,0.335085190499978,FALSE,0
GOBP_GAMMA_AMINOBUTYRIC_ACID_TRANSPORT,-2.06141275553774,0.12667210716362,-0.415593490056701,0.892488634458847,FALSE,0
GOBP_GAMMA_DELTA_T_CELL_ACTIVATION,-1.87526708679504,0.172835683391427,-5.63047068882662,9.2303412773499e-05,FALSE,0
GOBP_GANGLION_DEVELOPMENT,1.7797802878609,0.201748200835924,0.402399850188673,0.896493499377199,FALSE,0
GOBP_GAP_JUNCTION_ASSEMBLY,1.98597742455554,0.144245081710535,0.587321562581809,0.835569992755401,FALSE,0
GOBP_GENITALIA_DEVELOPMENT,0.683841533681713,0.675208262035441,1.54603494373413,0.43913565663129,FALSE,0
GOBP_GERM_CELL_DEVELOPMENT,-2.17247621194382,0.106404680942066,-1.34230486893286,0.519127702405832,FALSE,0
GOBP_GLANDULAR_EPITHELIAL_CELL_DEVELOPMENT,1.48965516946937,0.299034583218515,0.134424493286285,0.971690304457821,FALSE,0
GOBP_GLIAL_CELL_DIFFERENTIATION,-0.0615216412927556,0.973054356545535,-0.097921725854258,0.98101584539611,FALSE,0
GOBP_GLOMERULAR_EPITHELIUM_DEVELOPMENT,-0.538280190365256,0.750523967397984,-0.662084430223785,0.806387108294352,FALSE,0
GOBP_GLOMERULAR_MESANGIUM_DEVELOPMENT,0.566083920480705,0.735080247652794,0.451393606826537,0.8807559713027,FALSE,0
GOBP_GLUCAN_BIOSYNTHETIC_PROCESS,-4.39887376489734,0.000386402600383264,-2.50323140994403,0.149777747393722,FALSE,0
GOBP_GLUCOCORTICOID_BIOSYNTHETIC_PROCESS,0.222629204866878,0.904064431963254,0.481658385761709,0.873631163209826,FALSE,0
GOBP_GLUCOSE_CATABOLIC_PROCESS,-3.14663318690451,0.0146584940421994,-1.72532586087557,0.371901053649393,FALSE,0
GOBP_GLUCOSE_IMPORT,-2.06907378521756,0.125197572059671,-2.19241223793566,0.223164511107693,FALSE,0
GOBP_GLUCOSE_METABOLIC_PROCESS,-3.15381481575322,0.0143807295168273,-1.33297257950595,0.523007775868985,FALSE,0
GOBP_GLUTAMATE_METABOLIC_PROCESS,-0.554714604273682,0.74135599688584,-2.29829517958096,0.198662643464062,FALSE,0
GOBP_GLYCEROLIPID_CATABOLIC_PROCESS,1.13003660207044,0.45204302587662,2.20749626580754,0.220772753419877,FALSE,0
GOBP_GLYCEROL_ETHER_METABOLIC_PROCESS,1.87809924898558,0.172015891585932,1.82473674796607,0.33634010479187,FALSE,0
GOBP_GLYCEROPHOSPHOLIPID_CATABOLIC_PROCESS,0.940992816423045,0.543440570774902,3.1430167129374,0.0555002911671084,FALSE,0
GOBP_GLYCOLIPID_BIOSYNTHETIC_PROCESS,1.76498690203309,0.20608212814192,0.428898679400044,0.887500695025167,FALSE,0
GOBP_GLYCOLIPID_CATABOLIC_PROCESS,2.5115790933462,0.0571440815888161,0.534578318745451,0.855675031717323,FALSE,0
GOBP_GLYCOPROTEIN_CATABOLIC_PROCESS,-2.30889948606327,0.083166709625977,-0.585364904396654,0.836964691341644,FALSE,0
GOBP_GLYCOSIDE_METABOLIC_PROCESS,3.42267655138028,0.00756583500631644,2.31554322135406,0.19397326322889,FALSE,0
GOBP_GLYCOSYL_COMPOUND_BIOSYNTHETIC_PROCESS,-0.588160843032713,0.725875073051904,-0.409930031563398,0.89389244636461,FALSE,0
GOBP_GLYCOSYL_COMPOUND_METABOLIC_PROCESS,0.60753514712833,0.714276854984469,2.01817511054841,0.279951176416961,FALSE,0
GOBP_GMP_METABOLIC_PROCESS,0.615561779180511,0.710679947017901,2.91288653693503,0.0776727957883842,FALSE,0
GOBP_GOLGI_ORGANIZATION,-1.35106992300141,0.357161153315279,-0.979701257230348,0.676007884135415,FALSE,0
GOBP_GOLGI_TO_PLASMA_MEMBRANE_PROTEIN_TRANSPORT,-1.84673433771459,0.181195722285172,-1.00196585041741,0.669754906898442,FALSE,0
GOBP_GOLGI_TO_PLASMA_MEMBRANE_TRANSPORT,-1.54979872640239,0.277064377583427,-1.31168622214191,0.535539700874456,FALSE,0
GOBP_GPI_ANCHOR_METABOLIC_PROCESS,1.10508437108962,0.46283049169036,1.06767819197914,0.642075385493857,FALSE,0
GOBP_GRANULOCYTE_DIFFERENTIATION,-2.99598416230127,0.0205530116425682,-4.33772434329698,0.00821563438871528,FALSE,0
GOBP_GROOMING_BEHAVIOR,0.315453062380846,0.859024091792291,1.55941675759831,0.433398836077597,FALSE,0
GOBP_GROWTH_PLATE_CARTILAGE_DEVELOPMENT,-0.363578030528063,0.837894903556497,-0.697902126608772,0.790641626884788,FALSE,0
GOBP_GTP_METABOLIC_PROCESS,0.0657822585948788,0.971513546822767,0.0921284952626851,0.983263800189582,FALSE,0
GOBP_G_PROTEIN_COUPLED_ACETYLCHOLINE_RECEPTOR_SIGNALING_PATHWAY,2.4470641800862,0.064151122290102,1.79509045340177,0.346402405837835,FALSE,0
GOBP_G_PROTEIN_COUPLED_RECEPTOR_SIGNALING_PATHWAY_COUPLED_TO_CYCLIC_NUCLEOTIDE_SECOND_MESSENGER,0.450357735484526,0.797407547718175,0.0317972174148139,0.993713150658648,FALSE,0
GOBP_HAIR_CELL_DIFFERENTIATION,-0.303697807263017,0.865393599268676,-0.389292392057569,0.902288456099446,FALSE,0
GOBP_HAIR_FOLLICLE_MATURATION,0.839460115976983,0.596373057239464,0.0981570139843425,0.98101584539611,FALSE,0
GOBP_HEAD_MORPHOGENESIS,-0.609893297836765,0.713561245083984,-2.16800493666112,0.230495662137612,FALSE,0
GOBP_HEART_FIELD_SPECIFICATION,0.170393626048925,0.930537212595235,0.735330184615719,0.775667638407505,FALSE,0
GOBP_HEART_GROWTH,-1.56750070133454,0.270629456306069,-1.75054222543754,0.361802240353081,FALSE,0
GOBP_HEART_MORPHOGENESIS,-0.123440098822034,0.946616729908517,-0.0869326160380283,0.984188589466886,FALSE,0
GOBP_HEART_PROCESS,1.06242937886699,0.483416587869364,1.38995418804569,0.505072882876512,FALSE,0
GOBP_HEART_TRABECULA_MORPHOGENESIS,3.19205477092074,0.0131294428094132,0.467756490149375,0.876253820790262,FALSE,0
GOBP_HEART_VALVE_MORPHOGENESIS,0.0876894036672564,0.962267654585653,0.555525380221493,0.84702325651118,FALSE,0
GOBP_HEAT_GENERATION,0.00171712218036124,0.999212113749873,1.14857223545772,0.606269788910373,FALSE,0
GOBP_HEMATOPOIETIC_PROGENITOR_CELL_DIFFERENTIATION,-0.987301028983046,0.522827804195223,-1.36215822185295,0.514336402052169,FALSE,0
GOBP_HEPARIN_METABOLIC_PROCESS,1.98920060843455,0.143578557110935,1.77943226959713,0.353541733094969,FALSE,0
GOBP_HEPATICOBILIARY_SYSTEM_DEVELOPMENT,-2.64231972754151,0.043980304025868,-2.7700601846961,0.0985223290095397,FALSE,0
GOBP_HEPATOCYTE_APOPTOTIC_PROCESS,-0.898907572913773,0.566193275230962,-2.45419943925606,0.158339791636824,FALSE,0
GOBP_HEPATOCYTE_DIFFERENTIATION,-2.01054188651574,0.137722148608877,-0.906263353308337,0.701166646115443,FALSE,0
GOBP_HETEROCHROMATIN_ORGANIZATION,-2.52896970602622,0.0554124920978024,-1.34509671072844,0.518811544835646,FALSE,0
GOBP_HIGH_DENSITY_LIPOPROTEIN_PARTICLE_REMODELING,-0.893631976524782,0.5692891305354,-0.085338474965473,0.984217016751534,FALSE,0
GOBP_HINDBRAIN_DEVELOPMENT,-0.468478306155661,0.788431477592647,-1.5525880642975,0.435544779182678,FALSE,0
GOBP_HINDBRAIN_MORPHOGENESIS,-1.89497844293097,0.166833509047009,-0.320763189671742,0.921566992797259,FALSE,0
GOBP_HISTAMINE_TRANSPORT,0.428153992067643,0.807674181613835,1.36023779057566,0.514336402052169,FALSE,0
GOBP_HISTONE_DEACETYLATION,-4.03799487221218,0.00132182262404187,-1.24232336505475,0.565516361745653,FALSE,0
GOBP_HISTONE_EXCHANGE,-0.664344296932153,0.686409865217038,-0.14012884485432,0.971134967200731,FALSE,0
GOBP_HISTONE_H2A_ACETYLATION,3.73312982657411e-05,0.999970213933486,0.0226910759162075,0.996557409788286,FALSE,0
GOBP_HISTONE_H2A_UBIQUITINATION,-3.33108502919615,0.00939726975264613,-0.571189148817806,0.840181157006206,FALSE,0
GOBP_HISTONE_H3_ACETYLATION,-3.74155310723202,0.00310786365353069,-1.16828620609351,0.595461464338454,FALSE,0
GOBP_HISTONE_H3_DEACETYLATION,-2.96716646954788,0.0219514051624189,-3.16233441877669,0.0538615446675943,FALSE,0
GOBP_HISTONE_H3_K14_ACETYLATION,-3.46497169171807,0.00689507394473785,-2.20329134264609,0.221629417689705,FALSE,0
GOBP_HISTONE_H3_K4_METHYLATION,-4.48573490848367,0.000294599992618078,-0.57201209713063,0.840181157006206,FALSE,0
GOBP_HISTONE_H3_K9_ACETYLATION,-4.37464208134414,0.000417521702501964,-0.861461284823582,0.722278382065464,FALSE,0
GOBP_HISTONE_H3_K9_METHYLATION,-1.24509247063487,0.403248942985965,-0.667063093345404,0.803999935719581,FALSE,0
GOBP_HISTONE_H3_K9_MODIFICATION,-2.91925283937127,0.0242704602581888,-1.122456575366,0.61660746965924,FALSE,0
GOBP_HISTONE_H3_K9_TRIMETHYLATION,-0.834428575936133,0.598848442250488,-0.486559035038705,0.872814737217779,FALSE,0
GOBP_HISTONE_H4_ACETYLATION,-2.57064288679316,0.0507451155497593,-0.985756361352225,0.675293760589773,FALSE,0
GOBP_HISTONE_H4_K5_ACETYLATION,-2.32930915387179,0.0801333571123942,-0.379715511233687,0.904733514156596,FALSE,0
GOBP_HISTONE_LYSINE_DEMETHYLATION,-5.18164610306955,2.51655902120139e-05,-0.657724188772765,0.807833129943262,FALSE,0
GOBP_HISTONE_MONOUBIQUITINATION,-2.22593890369552,0.0970783283474314,-1.75560821430197,0.359856992537607,FALSE,0
GOBP_HISTONE_UBIQUITINATION,-2.58206047266724,0.0494809700259798,-1.52302875017798,0.447553476477342,FALSE,0
GOBP_HOMEOSTASIS_OF_NUMBER_OF_CELLS,-1.37867247416121,0.34571459405675,-2.99607866713391,0.0694250217274989,FALSE,0
GOBP_HOMOLOGOUS_CHROMOSOME_PAIRING_AT_MEIOSIS,-2.65800551935321,0.0427376581584738,-0.295494974075364,0.92807784916836,FALSE,0
GOBP_HORMONE_MEDIATED_SIGNALING_PATHWAY,-3.25895875964078,0.0111229697756929,-0.9975213001274,0.671955663947742,FALSE,0
GOBP_HORMONE_TRANSPORT,0.011297111912322,0.994656720552319,0.538610133885157,0.853673999610252,FALSE,0
GOBP_HYALURONAN_METABOLIC_PROCESS,3.57143801865971,0.00507786616645672,1.5524538950406,0.435544779182678,FALSE,0
GOBP_HYPEROSMOTIC_RESPONSE,0.354524329886683,0.841041305854539,1.0457929280457,0.649516301069093,FALSE,0
GOBP_HYPOTHALAMUS_DEVELOPMENT,1.7868144323327,0.199506854416087,0.454639767684765,0.880038050530459,FALSE,0
GOBP_ICOSANOID_BIOSYNTHETIC_PROCESS,0.747430596660482,0.641644819917309,0.349601034458958,0.913678167957975,FALSE,0
GOBP_ICOSANOID_TRANSPORT,1.13481167580219,0.449755737837155,1.84346303482804,0.329256115064783,FALSE,0
GOBP_IMMUNE_RESPONSE_TO_TUMOR_CELL,-0.445795883321503,0.800080595163432,-0.845175182543937,0.729028158138777,FALSE,0
GOBP_IMMUNOGLOBULIN_PRODUCTION,-2.73208677339655,0.0361103707806915,-0.0374131593504224,0.992692118079032,FALSE,0
GOBP_IMMUNOLOGICAL_MEMORY_PROCESS,-1.57159795893056,0.269269774610502,-1.0055332088723,0.668041297065034,FALSE,0
GOBP_IMPORT_INTO_CELL,0.991231466072002,0.520520955118455,0.175387571613755,0.960481725523716,FALSE,0
GOBP_IMPORT_INTO_NUCLEUS,-1.55924868563313,0.273397031818719,-1.68150695833952,0.388858472951121,FALSE,0
GOBP_INCLUSION_BODY_ASSEMBLY,-0.0765129168029764,0.966800206867479,-0.66920645328791,0.803735665135456,FALSE,0
GOBP_INDOLE_CONTAINING_COMPOUND_METABOLIC_PROCESS,0.686393137040908,0.67420991085916,2.16113031658346,0.23244774170711,FALSE,0
GOBP_INFLAMMASOME_COMPLEX_ASSEMBLY,1.28487406797783,0.385760391300851,1.58660342100528,0.42133960787743,FALSE,0
GOBP_INFLAMMATORY_CELL_APOPTOTIC_PROCESS,-2.61083423530878,0.0465998236500295,-1.24901224220338,0.563084283846521,FALSE,0
GOBP_INFLAMMATORY_RESPONSE_TO_ANTIGENIC_STIMULUS,-1.20381340500742,0.418788108390465,-0.859105963336968,0.723002337920363,FALSE,0
GOBP_INFLAMMATORY_RESPONSE_TO_WOUNDING,0.899764973612069,0.565671697404457,0.834211432063437,0.732712764725658,FALSE,0
GOBP_INHIBITORY_SYNAPSE_ASSEMBLY,0.46241019904835,0.791324952165715,1.95068313752678,0.297412538723901,FALSE,0
GOBP_INNER_EAR_MORPHOGENESIS,-1.32818416557161,0.366976286438846,-0.054887300894578,0.988756283300366,FALSE,0
GOBP_INNER_EAR_RECEPTOR_CELL_STEREOCILIUM_ORGANIZATION,-3.15991981242169,0.0141620581022264,-0.0782623271530936,0.986160944250904,FALSE,0
GOBP_INNER_MITOCHONDRIAL_MEMBRANE_ORGANIZATION,0.920414975782228,0.555563334587539,0.954515446384371,0.684711601296657,FALSE,0
GOBP_INORGANIC_ANION_TRANSMEMBRANE_TRANSPORT,3.02137458432181,0.0195421136202053,0.424922128273195,0.888686105772225,FALSE,0
GOBP_INORGANIC_ANION_TRANSPORT,3.1947853215529,0.0130388835755473,0.609374039870836,0.827477883741706,FALSE,0
GOBP_INORGANIC_ION_IMPORT_ACROSS_PLASMA_MEMBRANE,1.34928794253132,0.35803527456316,0.0742583865792604,0.987078627842916,FALSE,0
GOBP_INOSITOL_LIPID_MEDIATED_SIGNALING,-1.15547222972036,0.440836828685714,-0.723795179152332,0.779826195917799,FALSE,0
GOBP_INOSITOL_PHOSPHATE_METABOLIC_PROCESS,-2.01714529942018,0.13606178766618,-0.479684023222745,0.874018014757804,FALSE,0
GOBP_INSULIN_LIKE_GROWTH_FACTOR_RECEPTOR_SIGNALING_PATHWAY,-0.577428476628248,0.73017685808483,-0.577544198522885,0.839269613799489,FALSE,0
GOBP_INSULIN_RECEPTOR_SIGNALING_PATHWAY,-1.99111727511151,0.143100304859402,-2.8093737925484,0.0962839134931798,FALSE,0
GOBP_INSULIN_SECRETION,-1.58597018536749,0.263661958647632,-0.0835188235611287,0.984863846267242,FALSE,0
GOBP_INTEGRATED_STRESS_RESPONSE_SIGNALING,-2.73118209634214,0.0361447154312512,-0.597694287750187,0.832743293663509,FALSE,0
GOBP_INTERFERON_ALPHA_PRODUCTION,0.247434625045569,0.891678995057604,1.59056590084017,0.421175530368541,FALSE,0
GOBP_INTERFERON_GAMMA_MEDIATED_SIGNALING_PATHWAY,-1.39175479181902,0.340877134502187,-0.466598246748218,0.876583343463146,FALSE,0
GOBP_INTERFERON_GAMMA_PRODUCTION,-0.370490413008779,0.834327060858817,-0.132592129160762,0.972324647111638,FALSE,0
GOBP_INTERLEUKIN_10_PRODUCTION,-0.62015476339221,0.70835931415277,-0.10067884196394,0.98101584539611,FALSE,0
GOBP_INTERLEUKIN_17_PRODUCTION,-2.6201624487777,0.0457105801943125,-0.0655448389788491,0.988756283300366,FALSE,0
GOBP_INTERLEUKIN_2_PRODUCTION,-0.144096860544213,0.937497037312185,-0.610828818332042,0.827477883741706,FALSE,0
GOBP_INTERLEUKIN_6_PRODUCTION,-0.770809191572259,0.630495104771349,-2.42513934687115,0.164933577028271,FALSE,0
GOBP_INTERMEDIATE_FILAMENT_BASED_PROCESS,3.03035569288027,0.0191434556183988,0.939363791200172,0.6889177799283,FALSE,0
GOBP_INTERMEDIATE_FILAMENT_ORGANIZATION,3.2606084368086,0.0110998473310115,1.61306227324397,0.411230539479595,FALSE,0
GOBP_INTERSTRAND_CROSS_LINK_REPAIR,0.853652952792267,0.589373645232233,0.101360464682297,0.98101584539611,FALSE,0
GOBP_INTESTINAL_LIPID_ABSORPTION,-1.23169517815962,0.408739075836227,-1.22533431813582,0.575161130778482,FALSE,0
GOBP_INTRACELLULAR_ESTROGEN_RECEPTOR_SIGNALING_PATHWAY,-2.22870199314959,0.0967403090896783,-1.24343515697632,0.565191468285374,FALSE,0
GOBP_INTRACELLULAR_RECEPTOR_SIGNALING_PATHWAY,-3.1462073453792,0.0146584940421994,-1.05266804165691,0.647621817170422,FALSE,0
GOBP_INTRACILIARY_TRANSPORT,-2.95674089147213,0.0224211737569767,-0.353744505358223,0.911914591234641,FALSE,0
GOBP_INTRINSIC_APOPTOTIC_SIGNALING_PATHWAY,-1.41868646175414,0.32998964912768,-2.59826774761052,0.126846732593391,FALSE,0
GOBP_INTRINSIC_APOPTOTIC_SIGNALING_PATHWAY_BY_P53_CLASS_MEDIATOR,-1.49122449877753,0.298973211535042,-2.50367508141087,0.149777747393722,FALSE,0
GOBP_INTRINSIC_APOPTOTIC_SIGNALING_PATHWAY_IN_RESPONSE_TO_DNA_DAMAGE,-2.07824356044271,0.123756385270029,-4.42077284968617,0.00817609287936087,FALSE,0
GOBP_INTRINSIC_APOPTOTIC_SIGNALING_PATHWAY_IN_RESPONSE_TO_DNA_DAMAGE_BY_P53_CLASS_MEDIATOR,-2.25980199122809,0.0909702829927738,-3.51744772367391,0.0298379799925899,FALSE,0
GOBP_INTRINSIC_APOPTOTIC_SIGNALING_PATHWAY_IN_RESPONSE_TO_ENDOPLASMIC_RETICULUM_STRESS,-2.63822105922082,0.0441746260711323,-1.86094263995719,0.322941579811625,FALSE,0
GOBP_INTRINSIC_APOPTOTIC_SIGNALING_PATHWAY_IN_RESPONSE_TO_OXIDATIVE_STRESS,-2.2142687422815,0.0990288535796515,-2.11876634043867,0.245021095278899,FALSE,0
GOBP_IRE1_MEDIATED_UNFOLDED_PROTEIN_RESPONSE,-2.04629085260122,0.129930144031465,-1.57327107788047,0.42749789350518,FALSE,0
GOBP_IRON_ION_TRANSMEMBRANE_TRANSPORT,-2.33073776489658,0.0798911061953532,-1.94306886381892,0.298590199214822,FALSE,0
GOBP_IRON_ION_TRANSPORT,-1.17524962863178,0.431760167892076,-1.10940529246679,0.621377832957653,FALSE,0
GOBP_ISOPRENOID_BIOSYNTHETIC_PROCESS,4.59943128120364,0.000200124108839328,0.379194782858511,0.904733514156596,FALSE,0
GOBP_ISOPRENOID_METABOLIC_PROCESS,2.38858153834252,0.07209262684471,0.124185315317804,0.974195257251641,FALSE,0
GOBP_ISOTYPE_SWITCHING_TO_IGG_ISOTYPES,0.426945917191921,0.808168110102849,0.167500402708542,0.963092106885598,FALSE,0
GOBP_JNK_CASCADE,-0.358259159294854,0.840299073419392,-1.98563045853686,0.28881929772838,FALSE,0
GOBP_KERATINIZATION,0.834067272994049,0.59897772594901,0.63680910673838,0.817160503129109,FALSE,0
GOBP_KERATINOCYTE_PROLIFERATION,0.326389449093656,0.853415489079069,0.538334229489249,0.853673999610252,FALSE,0
GOBP_KETONE_BIOSYNTHETIC_PROCESS,2.48079697764894,0.0605360834189787,1.40688545979551,0.497565931629969,FALSE,0
GOBP_KIDNEY_MESENCHYME_DEVELOPMENT,3.54301536828235,0.00551989054757362,1.12378923390692,0.61653222968522,FALSE,0
GOBP_KIDNEY_MORPHOGENESIS,1.09702204346902,0.46589650261185,0.316856215156137,0.922310588249655,FALSE,0
GOBP_KINETOCHORE_ASSEMBLY,0.396344123375828,0.820821331970439,2.11573061189827,0.246526030837814,FALSE,0
GOBP_KINETOCHORE_ORGANIZATION,2.36523984268198,0.0751228582254336,1.65187336159642,0.400162891490238,FALSE,0
GOBP_LACTATE_METABOLIC_PROCESS,-4.44756352185902,0.000336232720999223,-0.91883558671488,0.69788337342728,FALSE,0
GOBP_LACTATION,-0.877591368727352,0.577392651927835,-0.727505705982512,0.778345248921263,FALSE,0
GOBP_LAMELLIPODIUM_ASSEMBLY,-0.0170516893157021,0.993146227958634,-1.26015337293974,0.558727387194428,FALSE,0
GOBP_LAMELLIPODIUM_MORPHOGENESIS,-2.11488813536037,0.116591302205503,-1.62071367763319,0.410534963288858,FALSE,0
GOBP_LAMELLIPODIUM_ORGANIZATION,-0.150770286540175,0.935698245171468,-1.42593713831515,0.48908477899703,FALSE,0
GOBP_LATE_ENDOSOME_TO_VACUOLE_TRANSPORT,0.638014886992556,0.701357294095717,0.179861942273309,0.959472027972145,FALSE,0
GOBP_LATE_ENDOSOME_TO_VACUOLE_TRANSPORT_VIA_MULTIVESICULAR_BODY_SORTING_PATHWAY,0.426512089108165,0.808360098660245,0.774071739385895,0.755655692122914,FALSE,0
GOBP_LEARNING,0.759413553663047,0.636311214034126,1.07546967688524,0.637311737751649,FALSE,0
GOBP_LENS_MORPHOGENESIS_IN_CAMERA_TYPE_EYE,-0.968797512276171,0.530973892016088,-0.94854668589079,0.685591606264776,FALSE,0
GOBP_LEUKOCYTE_APOPTOTIC_PROCESS,-0.155443052280087,0.935515603236983,-1.15845302614757,0.600447594942065,FALSE,0
GOBP_LEUKOCYTE_DEGRANULATION,-0.316570252278754,0.858613783347818,-3.30782420699108,0.0429128888270347,FALSE,0
GOBP_LEUKOCYTE_MIGRATION_INVOLVED_IN_INFLAMMATORY_RESPONSE,-0.313553091342207,0.859908655569969,-1.95450656236661,0.297412538723901,FALSE,0
GOBP_LIGAND_GATED_ION_CHANNEL_SIGNALING_PATHWAY,4.79456296324223,9.8470277666435e-05,0.818129288169848,0.74101322527592,FALSE,0
GOBP_LINOLEIC_ACID_METABOLIC_PROCESS,1.62576637063639,0.249895547411769,1.40532459692018,0.498406345031545,FALSE,0
GOBP_LIPID_DIGESTION,-1.39375753669972,0.340056349800573,-1.03885598809418,0.651253773143813,FALSE,0
GOBP_LIPID_EXPORT_FROM_CELL,3.26769899208183,0.0109039744123367,0.552481891253623,0.847656415592027,FALSE,0
GOBP_LIPID_HOMEOSTASIS,-1.60264050991288,0.258008762641378,-0.018957886430055,0.997339457172524,FALSE,0
GOBP_LIPID_IMPORT_INTO_CELL,-2.05648873520096,0.127475223768267,-0.234251865511852,0.946563814928154,FALSE,0
GOBP_LIPID_MODIFICATION,-2.5382536155311,0.0545799964066881,-0.34276110551842,0.914138493012088,FALSE,0
GOBP_LIPID_STORAGE,-0.963645579975308,0.533101709068718,-0.799837221397239,0.744161026054853,FALSE,0
GOBP_LIPOPROTEIN_LOCALIZATION,2.58410771412646,0.0492363911226087,1.21311465983377,0.578889145438821,FALSE,0
GOBP_LIPOSACCHARIDE_METABOLIC_PROCESS,1.73580024281108,0.215780355605254,0.995959298150826,0.672037015474633,FALSE,0
GOBP_LIVER_MORPHOGENESIS,-2.90224274362317,0.0251236000123736,-0.597102691200841,0.832744988827932,FALSE,0
GOBP_LOCOMOTORY_EXPLORATION_BEHAVIOR,1.61473153785877,0.253444322689515,2.04394308937353,0.271090586914357,FALSE,0
GOBP_LONG_CHAIN_FATTY_ACID_BIOSYNTHETIC_PROCESS,0.385064521751706,0.827684804056031,0.254066317146918,0.94281195221727,FALSE,0
GOBP_LONG_CHAIN_FATTY_ACID_TRANSPORT,0.107367904333458,0.952416191315526,1.79222653022403,0.347615353764153,FALSE,0
GOBP_LONG_TERM_SYNAPTIC_POTENTIATION,0.33934721808274,0.847793443261036,0.56588590910226,0.843170585325087,FALSE,0
GOBP_LOW_DENSITY_LIPOPROTEIN_PARTICLE_CLEARANCE,-0.675441549571976,0.679721456957865,-0.00951936727433061,0.99898820402944,FALSE,0
GOBP_LUNG_CELL_DIFFERENTIATION,-4.98895918724727,4.98164092322006e-05,-1.84369108030909,0.329256115064783,FALSE,0
GOBP_LUNG_EPITHELIUM_DEVELOPMENT,-4.31871310238374,0.000508234273228308,-0.386871844880474,0.903038291127209,FALSE,0
GOBP_LYMPH_NODE_DEVELOPMENT,-0.341295053178342,0.847447253804624,-0.107948000356991,0.979447888132674,FALSE,0
GOBP_LYSOSOMAL_PROTEIN_CATABOLIC_PROCESS,2.29688601326716,0.0849757216860566,0.134408386319825,0.971690304457821,FALSE,0
GOBP_LYTIC_VACUOLE_ORGANIZATION,1.40861795067234,0.3345969408241,1.76222260096176,0.357218747670554,FALSE,0
GOBP_L_AMINO_ACID_TRANSPORT,0.268888130388963,0.882447413297023,0.0389956546748076,0.992506159342816,FALSE,0
GOBP_MACROMOLECULE_DEACYLATION,-3.39356477268498,0.00814379114740501,-1.09833346090789,0.626028019934194,FALSE,0
GOBP_MACROPHAGE_ACTIVATION_INVOLVED_IN_IMMUNE_RESPONSE,0.82010359270025,0.605809398323653,0.470406836481505,0.875722233235354,FALSE,0
GOBP_MACROPHAGE_CHEMOTAXIS,-0.160318997147615,0.933742895628954,-1.0636739482472,0.644188021430485,FALSE,0
GOBP_MACROPHAGE_MIGRATION,-0.235425600685022,0.896589639252605,-1.90014408127647,0.312041697489045,FALSE,0
GOBP_MAINTENANCE_OF_BLOOD_BRAIN_BARRIER,0.644977303380811,0.697791198222367,0.777544015798958,0.753735435191521,FALSE,0
GOBP_MAINTENANCE_OF_CELL_NUMBER,-3.29175564696977,0.0104081478862297,-0.270441310251328,0.937010206530838,FALSE,0
GOBP_MAINTENANCE_OF_PROTEIN_LOCALIZATION_IN_ORGANELLE,-0.742803905082867,0.643942201593715,-2.20922281150523,0.220711042520693,FALSE,0
GOBP_MAINTENANCE_OF_PROTEIN_LOCATION_IN_NUCLEUS,-2.77338502713863,0.0326828590774144,-2.47457193673071,0.155342616927101,FALSE,0
GOBP_MAINTENANCE_OF_SYNAPSE_STRUCTURE,0.554126742683246,0.741686520158738,1.69352357547585,0.384029952301151,FALSE,0
GOBP_MALE_SEX_DIFFERENTIATION,-1.40306317633991,0.336754280584567,-1.97492359521995,0.292049168304238,FALSE,0
GOBP_MAMMARY_GLAND_DEVELOPMENT,-0.632669923150007,0.702960688762133,-0.170895572386906,0.96176483996594,FALSE,0
GOBP_MAMMARY_GLAND_EPITHELIAL_CELL_DIFFERENTIATION,-3.00426636526928,0.0201711613390874,-1.16028093832265,0.599587865918361,FALSE,0
GOBP_MAMMARY_GLAND_EPITHELIAL_CELL_PROLIFERATION,-1.18545352777538,0.428637762555497,-2.35138706616919,0.181836404037953,FALSE,0
GOBP_MAMMARY_GLAND_EPITHELIUM_DEVELOPMENT,-0.271741269350541,0.881139406937301,-0.302651603641807,0.926492319564626,FALSE,0
GOBP_MAST_CELL_ACTIVATION,-0.321054855995745,0.855691083129656,-1.88112741362118,0.317756488624444,FALSE,0
GOBP_MAST_CELL_ACTIVATION_INVOLVED_IN_IMMUNE_RESPONSE,-0.437737123897046,0.803031406322606,-2.29173752635596,0.199935088724876,FALSE,0
GOBP_MATERNAL_PLACENTA_DEVELOPMENT,0.854125252754056,0.589324481579959,0.77387024616406,0.755655692122914,FALSE,0
GOBP_MATERNAL_PROCESS_INVOLVED_IN_FEMALE_PREGNANCY,1.63828617102285,0.245490590386078,0.0797571007049331,0.985414892936254,FALSE,0
GOBP_MATURATION_OF_LSU_RRNA_FROM_TRICISTRONIC_RRNA_TRANSCRIPT_SSU_RRNA_5_8S_RRNA_LSU_RRNA,-0.158045682912047,0.934047201782848,-1.69244352925555,0.384029952301151,FALSE,0
GOBP_MATURATION_OF_SSU_RRNA,-0.87765125513345,0.577392651927835,-0.175139995009981,0.960481725523716,FALSE,0
GOBP_MATURATION_OF_SSU_RRNA_FROM_TRICISTRONIC_RRNA_TRANSCRIPT_SSU_RRNA_5_8S_RRNA_LSU_RRNA,-1.16081211371667,0.438089891628171,-0.0317455129276669,0.993713150658648,FALSE,0
GOBP_MEGAKARYOCYTE_DEVELOPMENT,-1.59032635427296,0.262167987940072,-2.56745089420241,0.134949057237382,FALSE,0
GOBP_MEIOTIC_CHROMOSOME_SEPARATION,3.16044286784198,0.0141620581022264,0.972971435732605,0.677677936436345,FALSE,0
GOBP_MEMBRANE_BIOGENESIS,1.06818941416136,0.4803041738309,0.584387096394001,0.837705888018686,FALSE,0
GOBP_MEMBRANE_DEPOLARIZATION_DURING_ACTION_POTENTIAL,3.03803478322694,0.0187766183472563,0.163858000252841,0.963092106885598,FALSE,0
GOBP_MEMBRANE_FUSION,1.21503347944997,0.416081612621721,1.23836102334489,0.566358104735134,FALSE,0
GOBP_MEMBRANE_LIPID_CATABOLIC_PROCESS,2.6677918771423,0.0417339776850725,2.19602888873924,0.222982382823362,FALSE,0
GOBP_MEMBRANE_REPOLARIZATION,0.963600360016182,0.533101709068718,1.03150652957511,0.654014319421926,FALSE,0
GOBP_MEMORY,1.43765513273298,0.32054002716822,0.672938361807661,0.801781188065863,FALSE,0
GOBP_MESENCHYMAL_CELL_APOPTOTIC_PROCESS,-0.622272498273439,0.707242447592999,-0.614062502422639,0.826884222807897,FALSE,0
GOBP_MESENCHYMAL_CELL_DEVELOPMENT,1.62573586457103,0.249895547411769,1.48952696782055,0.461333645645975,FALSE,0
GOBP_MESENCHYMAL_CELL_PROLIFERATION,0.917759357840166,0.556325362532231,0.475101669266334,0.87466963160888,FALSE,0
GOBP_MESENCHYMAL_TO_EPITHELIAL_TRANSITION,2.33294578168972,0.079546346922491,0.302347678620879,0.926554617918066,FALSE,0
GOBP_MESENCHYME_MORPHOGENESIS,1.10141140968686,0.464796644895053,1.01403198092755,0.663232698747818,FALSE,0
GOBP_MESODERM_DEVELOPMENT,-1.53814998230432,0.280953315657107,-0.418781645113315,0.892221015318677,FALSE,0
GOBP_MESODERM_MORPHOGENESIS,-0.817589346207162,0.607064917332165,-0.13634090254099,0.971364020900528,FALSE,0
GOBP_MESONEPHRIC_TUBULE_MORPHOGENESIS,1.54911529374693,0.277064377583427,0.0551061106024645,0.988756283300366,FALSE,0
GOBP_MESONEPHROS_DEVELOPMENT,0.374324064821276,0.832194203430277,0.504330975535142,0.866163512632807,FALSE,0
GOBP_METANEPHRIC_EPITHELIUM_DEVELOPMENT,0.819308902074295,0.606142622929748,0.10040367758626,0.98101584539611,FALSE,0
GOBP_METANEPHRIC_NEPHRON_DEVELOPMENT,-0.241657729674365,0.893685105396831,-0.357129760323906,0.910954146321084,FALSE,0
GOBP_METANEPHRIC_RENAL_VESICLE_MORPHOGENESIS,0.323268075592678,0.853973096164156,1.36046230547895,0.514336402052169,FALSE,0
GOBP_METENCEPHALON_DEVELOPMENT,-0.434870293184024,0.804986507166327,-1.56699518365663,0.430262402130623,FALSE,0
GOBP_MHC_CLASS_II_BIOSYNTHETIC_PROCESS,-1.47313166742787,0.306361224046887,-1.16773085548463,0.595461464338454,FALSE,0
GOBP_MICROTUBULE_ANCHORING,-1.08619010499669,0.470611634255552,-0.466722830258813,0.876583343463146,FALSE,0
GOBP_MICROTUBULE_BASED_TRANSPORT,0.402300930229902,0.818683487677186,0.172279593660502,0.961293634587947,FALSE,0
GOBP_MICROTUBULE_POLYMERIZATION,-1.40438695826495,0.336650222213016,-2.26755121586424,0.207031136470003,FALSE,0
GOBP_MICROTUBULE_POLYMERIZATION_OR_DEPOLYMERIZATION,-0.150180667028813,0.935698245171468,-1.87924193980511,0.318154409855124,FALSE,0
GOBP_MIDDLE_EAR_MORPHOGENESIS,-1.68975200054078,0.230327744301831,-0.262471243965357,0.939597900388542,FALSE,0
GOBP_MITOCHONDRIAL_CYTOCHROME_C_OXIDASE_ASSEMBLY,1.64462044714588,0.243376817313399,0.137789417373563,0.971134967200731,FALSE,0
GOBP_MITOCHONDRIAL_DNA_METABOLIC_PROCESS,-0.18513859981321,0.924587784007436,-1.67446652422409,0.391714548009077,FALSE,0
GOBP_MITOCHONDRIAL_ELECTRON_TRANSPORT_NADH_TO_UBIQUINONE,0.11144013824526,0.950783281722723,0.223345317025243,0.948122856797163,FALSE,0
GOBP_MITOCHONDRIAL_RESPIRATORY_CHAIN_COMPLEX_ASSEMBLY,0.0152952674475074,0.993159571215954,0.079480092669827,0.985414892936254,FALSE,0
GOBP_MITOCHONDRIAL_TRANSMEMBRANE_TRANSPORT,1.54906449405808,0.277064377583427,0.0307040243579191,0.993713150658648,FALSE,0
GOBP_MITOPHAGY,-2.65004835052058,0.0433465292096967,-2.15460431868669,0.234906563477059,FALSE,0
GOBP_MITOTIC_CELL_CYCLE_CHECKPOINT_SIGNALING,-2.43639458621763,0.0656209639053578,-0.076091371181912,0.986601868359621,FALSE,0
GOBP_MITOTIC_INTRA_S_DNA_DAMAGE_CHECKPOINT_SIGNALING,-2.7232574495188,0.0367985135882364,-1.31042472310975,0.536179616932017,FALSE,0
GOBP_MODIFICATION_OF_SYNAPTIC_STRUCTURE,-0.084960546082164,0.96335047268342,-1.59562816303608,0.419421675785086,FALSE,0
GOBP_MODIFIED_AMINO_ACID_TRANSPORT,0.399734839283478,0.819172066902841,1.34262825713954,0.519127702405832,FALSE,0
GOBP_MODULATION_BY_HOST_OF_SYMBIONT_PROCESS,-2.5232136642577,0.0559819334954596,-3.6831316928504,0.0219122742657735,FALSE,0
GOBP_MODULATION_BY_HOST_OF_VIRAL_PROCESS,-0.529290245233136,0.754250868890229,-1.61708038601836,0.410534963288858,FALSE,0
GOBP_MONOCARBOXYLIC_ACID_BIOSYNTHETIC_PROCESS,-0.0864755541638299,0.962878913620662,-0.250131673512749,0.943301202547513,FALSE,0
GOBP_MONOCARBOXYLIC_ACID_CATABOLIC_PROCESS,-1.83856491227081,0.183536970380641,-0.232044129744186,0.946981753522957,FALSE,0
GOBP_MONOCARBOXYLIC_ACID_TRANSPORT,0.712142970470858,0.65990349711982,0.966609786047107,0.679290261734771,FALSE,0
GOBP_MONOCYTE_CHEMOTAXIS,1.11744851516705,0.456424594831892,1.68964852771778,0.384810628930201,FALSE,0
GOBP_MONOSACCHARIDE_BIOSYNTHETIC_PROCESS,-0.864884022208752,0.583657541747589,-0.226570998908518,0.948122856797163,FALSE,0
GOBP_MONOSACCHARIDE_CATABOLIC_PROCESS,-1.06713081455194,0.480628418698272,-0.30310659152103,0.926290039968906,FALSE,0
GOBP_MONOSACCHARIDE_METABOLIC_PROCESS,-2.71910226509577,0.0372020174196022,-0.731044890226461,0.777122142386372,FALSE,0
GOBP_MONOVALENT_INORGANIC_ANION_HOMEOSTASIS,2.75477373236499,0.0342485689696644,0.672739171164575,0.801781188065863,FALSE,0
GOBP_MORPHOGENESIS_OF_AN_ENDOTHELIUM,1.28141634169523,0.387317431605916,0.342625320158884,0.914138493012088,FALSE,0
GOBP_MORPHOGENESIS_OF_AN_EPITHELIAL_BUD,1.67960156252397,0.234018813903721,0.00145248238853507,0.999582073671829,FALSE,0
GOBP_MORPHOGENESIS_OF_EMBRYONIC_EPITHELIUM,-1.49194188521941,0.298831571242628,-1.66166836258231,0.396507772122077,FALSE,0
GOBP_MOTILE_CILIUM_ASSEMBLY,-1.53926075448643,0.280582579935271,-1.61804001042734,0.410534963288858,FALSE,0
GOBP_MOTOR_NEURON_AXON_GUIDANCE,3.34412826997832,0.00917940635526948,0.504662001361167,0.866163512632807,FALSE,0
GOBP_MRNA_3_END_PROCESSING,-1.02255027616013,0.504079913260569,-1.12353600801755,0.61653222968522,FALSE,0
GOBP_MRNA_CIS_SPLICING_VIA_SPLICEOSOME,-4.80975147045089,9.32152253003543e-05,-0.725135994484616,0.779557249229541,FALSE,0
GOBP_MRNA_CLEAVAGE,-0.982958608175444,0.524775460953986,-0.381160552803354,0.904733514156596,FALSE,0
GOBP_MRNA_METHYLATION,-0.918366398223446,0.556325362532231,-0.331634541603595,0.917790594178572,FALSE,0
GOBP_MUCOPOLYSACCHARIDE_METABOLIC_PROCESS,4.20126421156712,0.000767804416960549,0.0419562223477932,0.991831479224714,FALSE,0
GOBP_MULTICELLULAR_ORGANISMAL_MOVEMENT,-1.63480508673659,0.247024436863627,-0.332684829412336,0.917303102784516,FALSE,0
GOBP_MULTICELLULAR_ORGANISMAL_RESPONSE_TO_STRESS,1.11820756641652,0.456253652317908,1.0036175949758,0.668706119751563,FALSE,0
GOBP_MULTICELLULAR_ORGANISMAL_SIGNALING,1.9413266183729,0.155778647996513,1.27339876580477,0.552457494900601,FALSE,0
GOBP_MULTICELLULAR_ORGANISM_GROWTH,-0.546899604615296,0.745452694972878,-2.25323909358016,0.209826645360768,FALSE,0
GOBP_MULTIVESICULAR_BODY_ORGANIZATION,-0.876435079518437,0.577527544684326,-0.950138985000393,0.685591606264776,FALSE,0
GOBP_MUSCLE_ADAPTATION,-0.537509753671401,0.750523967397984,-0.659290623295264,0.80723597243713,FALSE,0
GOBP_MUSCLE_CELL_APOPTOTIC_PROCESS,-1.83176136074793,0.185339049832775,-1.7288919279398,0.371157640398354,FALSE,0
GOBP_MUSCLE_ORGAN_MORPHOGENESIS,3.0891001209692,0.0167270654847103,0.364592988274136,0.908149461719654,FALSE,0
GOBP_MYELOID_CELL_APOPTOTIC_PROCESS,-2.69570826562091,0.0392683389181757,-2.33868354795005,0.186319649828197,FALSE,0
GOBP_MYELOID_CELL_HOMEOSTASIS,-2.37643866344145,0.0736971846988765,-3.49554198432701,0.0311518165600724,FALSE,0
GOBP_MYELOID_DENDRITIC_CELL_ACTIVATION,1.64076174755569,0.244818761684389,0.453992257276763,0.880155452677397,FALSE,0
GOBP_MYELOID_DENDRITIC_CELL_DIFFERENTIATION,1.28257437928349,0.386884719089049,0.527153469259929,0.857934812831941,FALSE,0
GOBP_MYELOID_LEUKOCYTE_CYTOKINE_PRODUCTION,-3.12407221844725,0.0154095637069552,-0.097959949308622,0.98101584539611,FALSE,0
GOBP_MYELOID_LEUKOCYTE_MEDIATED_IMMUNITY,-0.55327366780016,0.742064962662101,-1.79941071989294,0.344412286561449,FALSE,0
GOBP_MYOBLAST_FUSION,1.11404950984621,0.458281084085027,1.43856245884857,0.485204101617243,FALSE,0
GOBP_MYOBLAST_PROLIFERATION,-3.75007862512953,0.00306221263932788,-0.88859264173208,0.712350484153977,FALSE,0
GOBP_MYOTUBE_CELL_DEVELOPMENT,1.81371368239338,0.190302498144156,1.62013237874303,0.410534963288858,FALSE,0
GOBP_MYOTUBE_DIFFERENTIATION,1.21135866709882,0.416939671449093,0.260018639152337,0.940416147869872,FALSE,0
GOBP_NADH_METABOLIC_PROCESS,-1.76562945369569,0.206007966719217,-0.694888345712491,0.792234142480024,FALSE,0
GOBP_NADP_METABOLIC_PROCESS,-0.401245512905118,0.818984178935049,-2.91808650917374,0.0773004493084092,FALSE,0
GOBP_NAD_METABOLIC_PROCESS,-2.0961210063675,0.12013635237923,-0.47786331565094,0.874018014757804,FALSE,0
GOBP_NATURAL_KILLER_CELL_ACTIVATION_INVOLVED_IN_IMMUNE_RESPONSE,3.85200589048668,0.00231432918421685,1.34357705048644,0.519127702405832,FALSE,0
GOBP_NATURAL_KILLER_CELL_DIFFERENTIATION,-1.74217200153089,0.213611014542368,-1.78791570143547,0.35026195312509,FALSE,0
GOBP_NCRNA_TRANSCRIPTION,-1.43587705600507,0.32096211451174,-1.93644678611554,0.299721092353335,FALSE,0
GOBP_NECROTIC_CELL_DEATH,-3.05166197248129,0.0180833378193152,-1.05695948689845,0.645957782590199,FALSE,0
GOBP_NEGATIVE_REGULATION_OF_ALPHA_BETA_T_CELL_ACTIVATION,-0.494105026113403,0.77375994472806,-0.813142627002589,0.741320604057187,FALSE,0
GOBP_NEGATIVE_REGULATION_OF_ALPHA_BETA_T_CELL_DIFFERENTIATION,-0.497862794573567,0.771750421887669,-0.607792529748659,0.828423224282586,FALSE,0
GOBP_NEGATIVE_REGULATION_OF_ANION_TRANSPORT,-1.93923297583189,0.15635610720718,-2.39736804909602,0.170827803491252,FALSE,0
GOBP_NEGATIVE_REGULATION_OF_ANTIGEN_RECEPTOR_MEDIATED_SIGNALING_PATHWAY,-0.992877113110876,0.519384883390919,-4.36665938754274,0.00817609287936087,FALSE,0
GOBP_NEGATIVE_REGULATION_OF_ATP_DEPENDENT_ACTIVITY,-1.59569041388326,0.259937342997238,-2.84508853978865,0.0901318869739283,FALSE,0
GOBP_NEGATIVE_REGULATION_OF_ATP_METABOLIC_PROCESS,-0.323417697488206,0.853973096164156,-3.12188398065152,0.0576829744618018,FALSE,0
GOBP_NEGATIVE_REGULATION_OF_AUTOPHAGY,-1.2198154586383,0.414106212692887,-3.09923035431867,0.0596136343005209,FALSE,0
GOBP_NEGATIVE_REGULATION_OF_AXONOGENESIS,3.00708734958775,0.0200608660032424,1.42694832301892,0.488918153472989,FALSE,0
GOBP_NEGATIVE_REGULATION_OF_AXON_EXTENSION,1.82761702449006,0.186653455735408,1.49018278063509,0.461333645645975,FALSE,0
GOBP_NEGATIVE_REGULATION_OF_AXON_EXTENSION_INVOLVED_IN_AXON_GUIDANCE,1.81879921162847,0.189122382459545,1.44960926887025,0.480211137487007,FALSE,0
GOBP_NEGATIVE_REGULATION_OF_BINDING,-0.0159752161941474,0.993159571215954,-2.46826644961699,0.156022155430319,FALSE,0
GOBP_NEGATIVE_REGULATION_OF_BLOOD_VESSEL_ENDOTHELIAL_CELL_MIGRATION,-0.662084774698453,0.687503701667678,-0.839723848058623,0.730488718145235,FALSE,0
GOBP_NEGATIVE_REGULATION_OF_B_CELL_ACTIVATION,-1.91597792076632,0.161340887740863,-1.24531470961036,0.564525615062352,FALSE,0
GOBP_NEGATIVE_REGULATION_OF_B_CELL_MEDIATED_IMMUNITY,-0.512273388668,0.764136323921481,-1.38619328895761,0.505169269302551,FALSE,0
GOBP_NEGATIVE_REGULATION_OF_CALCIUM_ION_TRANSMEMBRANE_TRANSPORT,-1.89564601101852,0.166675738543771,-0.650849223470456,0.812139089403814,FALSE,0
GOBP_NEGATIVE_REGULATION_OF_CALCIUM_ION_TRANSPORT_INTO_CYTOSOL,1.05934246057674,0.484980915449424,0.327694635793417,0.919263050681769,FALSE,0
GOBP_NEGATIVE_REGULATION_OF_CANONICAL_WNT_SIGNALING_PATHWAY,-2.50082084084324,0.058424101105593,-0.0196649955487277,0.997339457172524,FALSE,0
GOBP_NEGATIVE_REGULATION_OF_CARBOHYDRATE_METABOLIC_PROCESS,-1.03733923167566,0.495829646841524,-1.44830733380313,0.481091948988367,FALSE,0
GOBP_NEGATIVE_REGULATION_OF_CARDIAC_MUSCLE_TISSUE_GROWTH,-3.34110220959474,0.00925875498395388,-2.25511009994364,0.209826645360768,FALSE,0
GOBP_NEGATIVE_REGULATION_OF_CARTILAGE_DEVELOPMENT,0.818089480659686,0.606818672185309,1.14587834381477,0.606805299915815,FALSE,0
GOBP_NEGATIVE_REGULATION_OF_CD4_POSITIVE_ALPHA_BETA_T_CELL_ACTIVATION,-0.329625428620562,0.852499720163949,-0.527082969067081,0.857934812831941,FALSE,0
GOBP_NEGATIVE_REGULATION_OF_CD4_POSITIVE_ALPHA_BETA_T_CELL_DIFFERENTIATION,-1.02390999564581,0.503344433746889,-0.61596026987634,0.826184488747091,FALSE,0
GOBP_NEGATIVE_REGULATION_OF_CELLULAR_CATABOLIC_PROCESS,-2.48571887407989,0.0600825354387489,-1.45318221823802,0.47879170303395,FALSE,0
GOBP_NEGATIVE_REGULATION_OF_CELLULAR_RESPONSE_TO_INSULIN_STIMULUS,-0.0332923563197708,0.985021451348535,-2.1271339000224,0.241355976791699,FALSE,0
GOBP_NEGATIVE_REGULATION_OF_CELLULAR_SENESCENCE,-0.630376392691439,0.70325555596463,-1.58689742779634,0.42133960787743,FALSE,0
GOBP_NEGATIVE_REGULATION_OF_CELL_CELL_ADHESION,-1.46188147138027,0.310511488220663,-1.53096397099972,0.444725105361414,FALSE,0
GOBP_NEGATIVE_REGULATION_OF_CELL_CYCLE_PHASE_TRANSITION,-1.28746166048045,0.384588378479811,-1.27459744379431,0.551613927509522,FALSE,0
GOBP_NEGATIVE_REGULATION_OF_CELL_DEVELOPMENT,1.44070070573512,0.319108487083403,0.748857993169359,0.768947964123009,FALSE,0
GOBP_NEGATIVE_REGULATION_OF_CELL_DIVISION,-1.7900492129623,0.198572962523007,-1.79085116742872,0.348341392609499,FALSE,0
GOBP_NEGATIVE_REGULATION_OF_CELL_GROWTH,-0.27728272415392,0.879704879854234,-1.18036553651461,0.591643999049965,FALSE,0
GOBP_NEGATIVE_REGULATION_OF_CELL_KILLING,-1.83632383914719,0.183959610411451,-0.280115527486043,0.931920909570484,FALSE,0
GOBP_NEGATIVE_REGULATION_OF_CELL_MATRIX_ADHESION,-0.073964128590444,0.96850078787635,-1.51781363951723,0.449327157826602,FALSE,0
GOBP_NEGATIVE_REGULATION_OF_CELL_SUBSTRATE_ADHESION,-0.0383807279605905,0.982550958158641,-2.20055608909791,0.222335352337557,FALSE,0
GOBP_NEGATIVE_REGULATION_OF_CHEMOKINE_PRODUCTION,-0.76769167435687,0.631212906480017,-0.637334383838169,0.816875122724853,FALSE,0
GOBP_NEGATIVE_REGULATION_OF_CHEMOTAXIS,2.21301971401341,0.0991991356562769,1.07544791591352,0.637311737751649,FALSE,0
GOBP_NEGATIVE_REGULATION_OF_CHONDROCYTE_DIFFERENTIATION,3.27556844965255,0.0107448268783174,1.43246560779297,0.487954070855499,FALSE,0
GOBP_NEGATIVE_REGULATION_OF_CHROMOSOME_ORGANIZATION,-0.15016328388703,0.935698245171468,-1.34463003007565,0.518955900287193,FALSE,0
GOBP_NEGATIVE_REGULATION_OF_CILIUM_ASSEMBLY,0.587559047414661,0.726034172462663,0.68379846974731,0.797269901361779,FALSE,0
GOBP_NEGATIVE_REGULATION_OF_CYTOKINE_PRODUCTION_INVOLVED_IN_IMMUNE_RESPONSE,-2.34973599548179,0.0771394546341068,-1.62028337740054,0.410534963288858,FALSE,0
GOBP_NEGATIVE_REGULATION_OF_CYTOKINE_PRODUCTION_INVOLVED_IN_INFLAMMATORY_RESPONSE,0.385503836492119,0.82765286714674,0.93263179176669,0.691718905862503,FALSE,0
GOBP_NEGATIVE_REGULATION_OF_CYTOSKELETON_ORGANIZATION,-0.980341682378892,0.526030667293897,-3.56222966900811,0.0277735600443208,FALSE,0
GOBP_NEGATIVE_REGULATION_OF_DEPHOSPHORYLATION,-1.07701517111242,0.476275711461569,-4.14685673425431,0.0123656840654798,FALSE,0
GOBP_NEGATIVE_REGULATION_OF_DNA_BINDING,-1.08724833850581,0.470282816602675,-2.36853737809597,0.17844678034795,FALSE,0
GOBP_NEGATIVE_REGULATION_OF_DNA_BINDING_TRANSCRIPTION_FACTOR_ACTIVITY,-3.21589080381467,0.0122633244911008,-2.77618444931664,0.0984268691042031,FALSE,0
GOBP_NEGATIVE_REGULATION_OF_DNA_METABOLIC_PROCESS,-2.53206569518767,0.0551330726363123,-0.210999736212537,0.953248241191266,FALSE,0
GOBP_NEGATIVE_REGULATION_OF_DNA_REPAIR,-0.0996167193370012,0.956887311878682,-0.795315193552553,0.745454524327783,FALSE,0
GOBP_NEGATIVE_REGULATION_OF_DNA_REPLICATION,-1.46244861784824,0.310319220908409,-2.73297186635222,0.103178734412668,FALSE,0
GOBP_NEGATIVE_REGULATION_OF_DNA_TEMPLATED_TRANSCRIPTION_ELONGATION,-2.42476482995963,0.0669750606908487,-3.35892367567623,0.0390169829443483,FALSE,0
GOBP_NEGATIVE_REGULATION_OF_ENDOTHELIAL_CELL_APOPTOTIC_PROCESS,0.533987440069492,0.752394901364952,0.631638049668406,0.820396282085935,FALSE,0
GOBP_NEGATIVE_REGULATION_OF_ENDOTHELIAL_CELL_PROLIFERATION,0.035908414047708,0.98416152821838,1.42806048069386,0.488651508849366,FALSE,0
GOBP_NEGATIVE_REGULATION_OF_EPITHELIAL_CELL_APOPTOTIC_PROCESS,-0.405816092054738,0.817365901362193,-0.692914768978184,0.792490545623209,FALSE,0
GOBP_NEGATIVE_REGULATION_OF_EPITHELIAL_CELL_DIFFERENTIATION,-1.39527500896279,0.339452473994035,-0.680686951956691,0.79833397128596,FALSE,0
GOBP_NEGATIVE_REGULATION_OF_EPITHELIAL_CELL_MIGRATION,0.255971510993842,0.887997002438775,1.27578017908754,0.551351063019087,FALSE,0
GOBP_NEGATIVE_REGULATION_OF_EPITHELIAL_TO_MESENCHYMAL_TRANSITION,-3.77342001201935,0.00291928003114324,-0.816222843476033,0.741320604057187,FALSE,0
GOBP_NEGATIVE_REGULATION_OF_ERBB_SIGNALING_PATHWAY,1.02084262065342,0.504925673822586,0.0915842311819877,0.983282120829036,FALSE,0
GOBP_NEGATIVE_REGULATION_OF_ERK1_AND_ERK2_CASCADE,-1.59584010248966,0.259937342997238,-2.2444732169706,0.213371724274237,FALSE,0
GOBP_NEGATIVE_REGULATION_OF_EXOCYTOSIS,-2.29467123135585,0.0850424505573492,-3.08832470409857,0.0602820893463735,FALSE,0
GOBP_NEGATIVE_REGULATION_OF_EXTRINSIC_APOPTOTIC_SIGNALING_PATHWAY_VIA_DEATH_DOMAIN_RECEPTORS,-0.456225549825705,0.794507239563799,-3.39249418638301,0.037053779920597,FALSE,0
GOBP_NEGATIVE_REGULATION_OF_FATTY_ACID_BIOSYNTHETIC_PROCESS,-2.26745498910347,0.0895705377568386,-0.378473972354454,0.904733514156596,FALSE,0
GOBP_NEGATIVE_REGULATION_OF_FATTY_ACID_METABOLIC_PROCESS,-1.52266233138324,0.286202030934725,-1.21904767149602,0.576631896179233,FALSE,0
GOBP_NEGATIVE_REGULATION_OF_FIBROBLAST_PROLIFERATION,-2.90432265297794,0.0250010884060978,-1.51884525475354,0.449099970104543,FALSE,0
GOBP_NEGATIVE_REGULATION_OF_GENE_EXPRESSION_EPIGENETIC,-2.4897660376137,0.0598267911030899,-1.25447695194119,0.561241588217937,FALSE,0
GOBP_NEGATIVE_REGULATION_OF_GROWTH,-0.350653788473377,0.84308410953726,-0.164224331056249,0.963092106885598,FALSE,0
GOBP_NEGATIVE_REGULATION_OF_G_PROTEIN_COUPLED_RECEPTOR_SIGNALING_PATHWAY,-0.517425816195519,0.760391240151437,-0.416799448049266,0.892221015318677,FALSE,0
GOBP_NEGATIVE_REGULATION_OF_HISTONE_METHYLATION,-4.56168425447493,0.000227204852786824,-0.904194677733889,0.702052223136288,FALSE,0
GOBP_NEGATIVE_REGULATION_OF_HISTONE_MODIFICATION,-5.49165481186588,6.8341830619086e-06,-1.43015637479608,0.488651508849366,FALSE,0
GOBP_NEGATIVE_REGULATION_OF_HORMONE_SECRETION,-0.97049005077122,0.530696814454548,-0.159174369107598,0.964403570629082,FALSE,0
GOBP_NEGATIVE_REGULATION_OF_HUMORAL_IMMUNE_RESPONSE,1.92426454641554,0.159464683051654,0.609508089329758,0.827477883741706,FALSE,0
GOBP_NEGATIVE_REGULATION_OF_IMMUNE_EFFECTOR_PROCESS,-0.3593682557538,0.840076168407507,-1.42979051830886,0.488651508849366,FALSE,0
GOBP_NEGATIVE_REGULATION_OF_IMMUNE_RESPONSE,-0.429698016756181,0.807233051486641,-0.529462136593789,0.857193877261564,FALSE,0
GOBP_NEGATIVE_REGULATION_OF_INFLAMMATORY_RESPONSE_TO_ANTIGENIC_STIMULUS,-1.06557720728098,0.481494173514615,-1.10862211364511,0.62167576185823,FALSE,0
GOBP_NEGATIVE_REGULATION_OF_INTERFERON_GAMMA_PRODUCTION,-1.42914407771827,0.324651935635811,-0.44987135308427,0.881387292047791,FALSE,0
GOBP_NEGATIVE_REGULATION_OF_INTERLEUKIN_10_PRODUCTION,0.3232566838642,0.853973096164156,0.793577031274064,0.746188807949694,FALSE,0
GOBP_NEGATIVE_REGULATION_OF_INTERLEUKIN_2_PRODUCTION,-0.421903433211816,0.810327040001143,-1.85975269496677,0.323102715278539,FALSE,0
GOBP_NEGATIVE_REGULATION_OF_INTERLEUKIN_8_PRODUCTION,-1.12024726785277,0.455583114698377,-1.14982084767295,0.606120661895694,FALSE,0
GOBP_NEGATIVE_REGULATION_OF_INTRACELLULAR_STEROID_HORMONE_RECEPTOR_SIGNALING_PATHWAY,-1.52560644108965,0.285051660903432,-0.402959710081915,0.896493499377199,FALSE,0
GOBP_NEGATIVE_REGULATION_OF_INTRACELLULAR_TRANSPORT,1.5633101057547,0.27224220696016,0.318163590484698,0.922310588249655,FALSE,0
GOBP_NEGATIVE_REGULATION_OF_INTRINSIC_APOPTOTIC_SIGNALING_PATHWAY_BY_P53_CLASS_MEDIATOR,-0.576525851327329,0.73017685808483,-0.450995710228637,0.8807559713027,FALSE,0
GOBP_NEGATIVE_REGULATION_OF_INTRINSIC_APOPTOTIC_SIGNALING_PATHWAY_IN_RESPONSE_TO_DNA_DAMAGE,-0.900105139800422,0.565671697404457,-1.6135017736548,0.411193440396687,FALSE,0
GOBP_NEGATIVE_REGULATION_OF_I_KAPPAB_KINASE_NF_KAPPAB_SIGNALING,-1.90237995641225,0.164789056663425,-1.33116827967102,0.523506895582706,FALSE,0
GOBP_NEGATIVE_REGULATION_OF_JNK_CASCADE,-2.65342150906712,0.0431867224995195,-0.25738750780525,0.941083894923205,FALSE,0
GOBP_NEGATIVE_REGULATION_OF_JUN_KINASE_ACTIVITY,-0.846020833380936,0.593487746785983,-0.799834555748813,0.744161026054853,FALSE,0
GOBP_NEGATIVE_REGULATION_OF_KINASE_ACTIVITY,-0.199223501987386,0.916683018884007,-3.30386766199533,0.0429128888270347,FALSE,0
GOBP_NEGATIVE_REGULATION_OF_LEUKOCYTE_CELL_CELL_ADHESION,-1.51716255244899,0.288169278234106,-1.1128857995042,0.62036030822513,FALSE,0
GOBP_NEGATIVE_REGULATION_OF_LEUKOCYTE_CHEMOTAXIS,2.93613816426042,0.0233444469413578,1.47706218529386,0.467593522801359,FALSE,0
GOBP_NEGATIVE_REGULATION_OF_LEUKOCYTE_MEDIATED_IMMUNITY,-1.45485308910498,0.313654041095684,-1.39940468154022,0.500368377665618,FALSE,0
GOBP_NEGATIVE_REGULATION_OF_LEUKOCYTE_MIGRATION,-0.447719779666232,0.798785250179432,-0.185508492357708,0.958165734572316,FALSE,0
GOBP_NEGATIVE_REGULATION_OF_LIPASE_ACTIVITY,-0.257561503604322,0.886822691712234,-0.0506397355464106,0.989982210877703,FALSE,0
GOBP_NEGATIVE_REGULATION_OF_LIPID_BIOSYNTHETIC_PROCESS,-0.967383025318625,0.531074411902046,-1.94286588076745,0.298590199214822,FALSE,0
GOBP_NEGATIVE_REGULATION_OF_LIPID_CATABOLIC_PROCESS,-2.47824569169572,0.0607402031069382,-0.846940577525671,0.729028158138777,FALSE,0
GOBP_NEGATIVE_REGULATION_OF_LIPID_LOCALIZATION,-1.15353597530463,0.441706512517508,-0.479817348536087,0.874018014757804,FALSE,0
GOBP_NEGATIVE_REGULATION_OF_LIPID_METABOLIC_PROCESS,-1.93263571392782,0.157397779967745,-1.90315545900423,0.31088754935944,FALSE,0
GOBP_NEGATIVE_REGULATION_OF_LIPID_STORAGE,-2.88257650678176,0.0260811119271134,-1.35152144251938,0.517422178723134,FALSE,0
GOBP_NEGATIVE_REGULATION_OF_LIPID_TRANSPORT,1.05350225886011,0.488020381525621,0.414695824500112,0.89256941769718,FALSE,0
GOBP_NEGATIVE_REGULATION_OF_LYMPHOCYTE_ACTIVATION,-0.921833988144881,0.555330727674186,-1.45751876179271,0.476811652735158,FALSE,0
GOBP_NEGATIVE_REGULATION_OF_LYMPHOCYTE_APOPTOTIC_PROCESS,0.271099941187835,0.881308586177259,1.52657270955412,0.446201995348903,FALSE,0
GOBP_NEGATIVE_REGULATION_OF_LYMPHOCYTE_MEDIATED_IMMUNITY,-1.93295477568162,0.157397779967745,-0.839312913176649,0.730488718145235,FALSE,0
GOBP_NEGATIVE_REGULATION_OF_MACROAUTOPHAGY,-1.98465405485107,0.144524171585139,-3.73421371546116,0.0197371813298338,FALSE,0
GOBP_NEGATIVE_REGULATION_OF_MACROPHAGE_ACTIVATION,2.05195009346237,0.128643387097142,1.09605145672947,0.627760489436232,FALSE,0
GOBP_NEGATIVE_REGULATION_OF_MAPK_CASCADE,-1.39731892764692,0.339061587119849,-3.03866273327489,0.0635662185966088,FALSE,0
GOBP_NEGATIVE_REGULATION_OF_MEIOTIC_CELL_CYCLE,0.0649596646079172,0.971750388972975,0.83326992895575,0.733024622817682,FALSE,0
GOBP_NEGATIVE_REGULATION_OF_MICROTUBULE_POLYMERIZATION_OR_DEPOLYMERIZATION,-1.55524705923537,0.275088859749135,-1.53621859745422,0.442563618950217,FALSE,0
GOBP_NEGATIVE_REGULATION_OF_MIRNA_TRANSCRIPTION,-2.92440130890449,0.0240462826724188,-0.853666851167188,0.72659547383748,FALSE,0
GOBP_NEGATIVE_REGULATION_OF_MITOCHONDRION_ORGANIZATION,-0.747359974905745,0.641644819917309,-1.82004038936663,0.336825271712895,FALSE,0
GOBP_NEGATIVE_REGULATION_OF_MITOTIC_CELL_CYCLE,-1.31235084094757,0.373929020641435,-1.71403012906218,0.375781899656843,FALSE,0
GOBP_NEGATIVE_REGULATION_OF_MITOTIC_CELL_CYCLE_PHASE_TRANSITION,-0.847645695238104,0.592823004853666,-1.62312160126069,0.410534963288858,FALSE,0
GOBP_NEGATIVE_REGULATION_OF_MRNA_METABOLIC_PROCESS,-4.05941488607936,0.00122371670801504,-0.787706020649415,0.748373877710947,FALSE,0
GOBP_NEGATIVE_REGULATION_OF_MRNA_PROCESSING,-3.34696581720909,0.00912537772342271,-3.20329718587891,0.0509476043392253,FALSE,0
GOBP_NEGATIVE_REGULATION_OF_MRNA_SPLICING_VIA_SPLICEOSOME,-2.62157832872993,0.0456132853401073,-2.3358235407577,0.186507003331091,FALSE,0
GOBP_NEGATIVE_REGULATION_OF_MUSCLE_CELL_APOPTOTIC_PROCESS,-2.15180869786253,0.110329177263751,-0.464402397262214,0.877149044185235,FALSE,0
GOBP_NEGATIVE_REGULATION_OF_MUSCLE_CONTRACTION,-1.22972465460571,0.409524678335259,-0.483834720350628,0.873610904338126,FALSE,0
GOBP_NEGATIVE_REGULATION_OF_MUSCLE_HYPERTROPHY,0.99993782158163,0.516642566058583,0.213647417572287,0.953116348076506,FALSE,0
GOBP_NEGATIVE_REGULATION_OF_MYELOID_CELL_DIFFERENTIATION,-0.575393304686014,0.730752010342134,-1.25694379904005,0.560807111673319,FALSE,0
GOBP_NEGATIVE_REGULATION_OF_MYOTUBE_DIFFERENTIATION,-2.49848971885721,0.0587559599240186,-1.24857564049053,0.563099998541029,FALSE,0
GOBP_NEGATIVE_REGULATION_OF_NECROTIC_CELL_DEATH,-1.38023804806538,0.345425031823263,-0.235918359861708,0.946131242063871,FALSE,0
GOBP_NEGATIVE_REGULATION_OF_NERVOUS_SYSTEM_DEVELOPMENT,1.91481699961502,0.161680480592568,0.887357446071878,0.712529368528361,FALSE,0
GOBP_NEGATIVE_REGULATION_OF_NEURON_PROJECTION_DEVELOPMENT,1.29136861872532,0.382652721489086,0.812196031847634,0.741532968085146,FALSE,0
GOBP_NEGATIVE_REGULATION_OF_NF_KAPPAB_TRANSCRIPTION_FACTOR_ACTIVITY,-1.94580797510872,0.154792929136155,-1.65332149804341,0.399700871266838,FALSE,0
GOBP_NEGATIVE_REGULATION_OF_NIK_NF_KAPPAB_SIGNALING,1.10776805720154,0.461295998327104,1.24296327453639,0.565360113937506,FALSE,0
GOBP_NEGATIVE_REGULATION_OF_NOTCH_SIGNALING_PATHWAY,-2.04920853524419,0.129338171766649,-3.38144942581693,0.0374069429626133,FALSE,0
GOBP_NEGATIVE_REGULATION_OF_NUCLEOTIDE_METABOLIC_PROCESS,-1.30397435215602,0.377519352939434,-1.77795372089005,0.354103759030053,FALSE,0
GOBP_NEGATIVE_REGULATION_OF_ORGANELLE_ASSEMBLY,-1.68891886243229,0.230618022560206,-0.825036472494318,0.737197241676859,FALSE,0
GOBP_NEGATIVE_REGULATION_OF_ORGANIC_ACID_TRANSPORT,-2.45635052663187,0.0631173158947437,-1.95356079170276,0.297412538723901,FALSE,0
GOBP_NEGATIVE_REGULATION_OF_ORGAN_GROWTH,-1.69767692463347,0.228483017347225,-1.47129077434508,0.470797708627197,FALSE,0
GOBP_NEGATIVE_REGULATION_OF_OSSIFICATION,-0.696237172813728,0.669301610381198,-0.459294590910323,0.877610369803671,FALSE,0
GOBP_NEGATIVE_REGULATION_OF_OSTEOBLAST_DIFFERENTIATION,-0.303937257110223,0.865377266748138,-0.134908380239442,0.971690304457821,FALSE,0
GOBP_NEGATIVE_REGULATION_OF_OXIDATIVE_STRESS_INDUCED_INTRINSIC_APOPTOTIC_SIGNALING_PATHWAY,-1.26475517767411,0.394965893424446,-0.774639493263517,0.755655692122914,FALSE,0
GOBP_NEGATIVE_REGULATION_OF_OXIDATIVE_STRESS_INDUCED_NEURON_DEATH,1.59989392492741,0.258563573893371,2.10678578532875,0.249943597865963,FALSE,0
GOBP_NEGATIVE_REGULATION_OF_OXIDOREDUCTASE_ACTIVITY,3.88595989624004,0.00207623028118631,0.284651553354713,0.931594022306458,FALSE,0
GOBP_NEGATIVE_REGULATION_OF_PEPTIDYL_LYSINE_ACETYLATION,-3.81433942835745,0.00260401493357671,-0.480703949826921,0.873863900495622,FALSE,0
GOBP_NEGATIVE_REGULATION_OF_PEPTIDYL_SERINE_PHOSPHORYLATION,-2.33539882501089,0.0792134322682649,-0.94791706611055,0.685809232919129,FALSE,0
GOBP_NEGATIVE_REGULATION_OF_PEPTIDYL_THREONINE_PHOSPHORYLATION,-2.02043596969485,0.135405532394845,-1.20759112405704,0.580703817305962,FALSE,0
GOBP_NEGATIVE_REGULATION_OF_PHOSPHATASE_ACTIVITY,-1.96182548666972,0.150341152306739,-3.57404428845967,0.0273538250580508,FALSE,0
GOBP_NEGATIVE_REGULATION_OF_PHOSPHOPROTEIN_PHOSPHATASE_ACTIVITY,-3.1346128997941,0.0150687956429818,-3.15711973731688,0.0541953115331251,FALSE,0
GOBP_NEGATIVE_REGULATION_OF_POSTTRANSCRIPTIONAL_GENE_SILENCING,-2.11191857946304,0.116920915050763,-3.43059361084941,0.0347552617611551,FALSE,0
GOBP_NEGATIVE_REGULATION_OF_POTASSIUM_ION_TRANSMEMBRANE_TRANSPORT,1.01546307016424,0.507344545293536,2.76114062337886,0.098940779080279,FALSE,0
GOBP_NEGATIVE_REGULATION_OF_POTASSIUM_ION_TRANSPORT,1.03945590892016,0.494998871435888,3.03030648302302,0.0640180623287827,FALSE,0
GOBP_NEGATIVE_REGULATION_OF_PRODUCTION_OF_MOLECULAR_MEDIATOR_OF_IMMUNE_RESPONSE,-2.1150164923623,0.116591302205503,-1.3100252238542,0.536179616932017,FALSE,0
GOBP_NEGATIVE_REGULATION_OF_PROTEIN_ACETYLATION,-2.87163364275086,0.0267169685756275,-0.373185254756312,0.905868944010112,FALSE,0
GOBP_NEGATIVE_REGULATION_OF_PROTEIN_CONTAINING_COMPLEX_ASSEMBLY,-0.517385793143394,0.760391240151437,-2.48031967004433,0.155342616927101,FALSE,0
GOBP_NEGATIVE_REGULATION_OF_PROTEIN_CONTAINING_COMPLEX_DISASSEMBLY,-0.34885307362229,0.84351223802231,-3.28105305139444,0.0446358494694062,FALSE,0
GOBP_NEGATIVE_REGULATION_OF_PROTEIN_DEPHOSPHORYLATION,-2.25439899011053,0.0919858718362787,-3.82290879150169,0.016208457165718,FALSE,0
GOBP_NEGATIVE_REGULATION_OF_PROTEIN_MODIFICATION_BY_SMALL_PROTEIN_CONJUGATION_OR_REMOVAL,-1.04028271446723,0.494980147664305,-2.48444952341871,0.155185395448169,FALSE,0
GOBP_NEGATIVE_REGULATION_OF_PROTEIN_POLYMERIZATION,-0.364431192360897,0.837644342996325,-3.34326640341783,0.0405002317266232,FALSE,0
GOBP_NEGATIVE_REGULATION_OF_PROTEIN_SECRETION,-1.06818620301133,0.4803041738309,-0.797083034742346,0.745180363233455,FALSE,0
GOBP_NEGATIVE_REGULATION_OF_PROTEIN_SERINE_THREONINE_KINASE_ACTIVITY,-0.20526885165016,0.913276285319105,-2.22314147017243,0.216391257050274,FALSE,0
GOBP_NEGATIVE_REGULATION_OF_REACTIVE_OXYGEN_SPECIES_BIOSYNTHETIC_PROCESS,0.0451606498354531,0.979966279401641,1.12967503656529,0.612938297909393,FALSE,0
GOBP_NEGATIVE_REGULATION_OF_REACTIVE_OXYGEN_SPECIES_METABOLIC_PROCESS,-2.53316407269323,0.0550125531475056,-0.637427164779727,0.816875122724853,FALSE,0
GOBP_NEGATIVE_REGULATION_OF_RECEPTOR_MEDIATED_ENDOCYTOSIS,1.9144161868489,0.16173797480284,0.451053861821633,0.8807559713027,FALSE,0
GOBP_NEGATIVE_REGULATION_OF_RECEPTOR_SIGNALING_PATHWAY_VIA_JAK_STAT,-0.0751595503702078,0.967715296763467,-1.68044276495325,0.388858472951121,FALSE,0
GOBP_NEGATIVE_REGULATION_OF_REGULATED_SECRETORY_PATHWAY,-1.62868465592529,0.24920531478021,-3.63578372667735,0.0237229079302454,FALSE,0
GOBP_NEGATIVE_REGULATION_OF_REPRODUCTIVE_PROCESS,4.55081108337346,0.000235179535159151,1.03986618329094,0.651059073664335,FALSE,0
GOBP_NEGATIVE_REGULATION_OF_RESPONSE_TO_ENDOPLASMIC_RETICULUM_STRESS,-2.04035701817522,0.130991256275407,-1.13307875540592,0.61196960287514,FALSE,0
GOBP_NEGATIVE_REGULATION_OF_RESPONSE_TO_OXIDATIVE_STRESS,0.690149676157979,0.672044005781919,1.95074307585782,0.297412538723901,FALSE,0
GOBP_NEGATIVE_REGULATION_OF_RESPONSE_TO_REACTIVE_OXYGEN_SPECIES,1.28521644882687,0.385760391300851,1.09031815885946,0.630338187754104,FALSE,0
GOBP_NEGATIVE_REGULATION_OF_RNA_SPLICING,-2.92203227654522,0.024197203674466,-2.47131006948294,0.156022155430319,FALSE,0
GOBP_NEGATIVE_REGULATION_OF_SECRETION,-2.01259207158812,0.137299085382138,-1.96677359686187,0.29388262345757,FALSE,0
GOBP_NEGATIVE_REGULATION_OF_SIGNALING_RECEPTOR_ACTIVITY,1.98782251807359,0.143789194369028,0.927782427605089,0.693272617466683,FALSE,0
GOBP_NEGATIVE_REGULATION_OF_SMALL_GTPASE_MEDIATED_SIGNAL_TRANSDUCTION,-0.0242545648618434,0.989655773188813,-2.76732387818594,0.0985223290095397,FALSE,0
GOBP_NEGATIVE_REGULATION_OF_SMALL_MOLECULE_METABOLIC_PROCESS,-0.610821204643326,0.713033037621484,-1.50620609217047,0.453768269607933,FALSE,0
GOBP_NEGATIVE_REGULATION_OF_SMOOTH_MUSCLE_CELL_MIGRATION,2.12689288645929,0.114255450768406,0.877075817577062,0.71678938926197,FALSE,0
GOBP_NEGATIVE_REGULATION_OF_SMOOTH_MUSCLE_CONTRACTION,-2.79885562635146,0.0311393436635876,-1.71567821703588,0.375781899656843,FALSE,0
GOBP_NEGATIVE_REGULATION_OF_STEM_CELL_DIFFERENTIATION,-0.725772728704291,0.651776921101015,-0.2387250287529,0.944926587970881,FALSE,0
GOBP_NEGATIVE_REGULATION_OF_SYSTEMIC_ARTERIAL_BLOOD_PRESSURE,-3.0158502700287,0.0196644045916285,-2.08069840235279,0.259302383889257,FALSE,0
GOBP_NEGATIVE_REGULATION_OF_TOLL_LIKE_RECEPTOR_SIGNALING_PATHWAY,-1.49397961811935,0.298036405940441,-0.455267382185234,0.87984085092815,FALSE,0
GOBP_NEGATIVE_REGULATION_OF_TRANSCRIPTION_REGULATORY_REGION_DNA_BINDING,1.60998407447925,0.255195876230266,0.296194407228601,0.927868864534054,FALSE,0
GOBP_NEGATIVE_REGULATION_OF_TRANSFERASE_ACTIVITY,-0.339496522920168,0.847793443261036,-3.9178328325611,0.0159270716111883,FALSE,0
GOBP_NEGATIVE_REGULATION_OF_TUMOR_NECROSIS_FACTOR_MEDIATED_SIGNALING_PATHWAY,-1.3256095156548,0.368180787024229,-1.8213369963756,0.336643919781943,FALSE,0
GOBP_NEGATIVE_REGULATION_OF_TUMOR_NECROSIS_FACTOR_SUPERFAMILY_CYTOKINE_PRODUCTION,-0.251766584976728,0.890211424656688,-1.10530343610103,0.621899980085959,FALSE,0
GOBP_NEGATIVE_REGULATION_OF_T_CELL_APOPTOTIC_PROCESS,2.6514443440613,0.0432129534427812,2.76170800071936,0.098940779080279,FALSE,0
GOBP_NEGATIVE_REGULATION_OF_T_CELL_MEDIATED_IMMUNITY,-0.967912431324144,0.530989706905601,-2.3846478969166,0.173866056803295,FALSE,0
GOBP_NEGATIVE_REGULATION_OF_T_CELL_RECEPTOR_SIGNALING_PATHWAY,-0.0945623058195514,0.959509707233365,-4.57044778501691,0.0062490119796862,FALSE,0
GOBP_NEGATIVE_REGULATION_OF_T_HELPER_CELL_DIFFERENTIATION,-0.635239976025752,0.702063372133259,-1.27535227900963,0.551471062074973,FALSE,0
GOBP_NEGATIVE_REGULATION_OF_VASCULAR_ASSOCIATED_SMOOTH_MUSCLE_CELL_PROLIFERATION,-1.21560410954961,0.416081612621721,-0.515955969575355,0.861524416068099,FALSE,0
GOBP_NEGATIVE_REGULATION_OF_VASCULATURE_DEVELOPMENT,-0.136894473399021,0.941006368618721,-0.37468829333409,0.905762145675523,FALSE,0
GOBP_NEGATIVE_REGULATION_OF_VIRAL_ENTRY_INTO_HOST_CELL,-0.913658490890615,0.558369939912764,-1.05953462335324,0.645289032795841,FALSE,0
GOBP_NEGATIVE_REGULATION_OF_VIRAL_GENOME_REPLICATION,-1.35257325852628,0.356830703814569,-0.699130956304908,0.790641626884788,FALSE,0
GOBP_NEGATIVE_REGULATION_OF_VIRAL_LIFE_CYCLE,-0.884900182551521,0.573470818060493,-0.965115490832114,0.679290261734771,FALSE,0
GOBP_NEGATIVE_REGULATION_OF_VIRAL_PROCESS,-0.933876477727976,0.548008154016951,-0.961084483732318,0.682318899055713,FALSE,0
GOBP_NEGATIVE_REGULATION_OF_WNT_SIGNALING_PATHWAY,-2.4974578189187,0.0588196112972542,-0.247037993145822,0.94358767946796,FALSE,0
GOBP_NEPHRIC_DUCT_DEVELOPMENT,-0.437921013133456,0.803031406322606,-2.13199766930809,0.241224025535675,FALSE,0
GOBP_NEPHRON_EPITHELIUM_DEVELOPMENT,0.0964281104776613,0.958358213826407,0.0430894950494832,0.991625900934931,FALSE,0
GOBP_NEPHRON_MORPHOGENESIS,0.44266854876528,0.80142886317391,0.752448793546953,0.768012698739432,FALSE,0
GOBP_NEURAL_CREST_CELL_DIFFERENTIATION,0.739302918048829,0.645870157590506,1.93668748117336,0.299721092353335,FALSE,0
GOBP_NEURAL_CREST_CELL_MIGRATION,2.91063795856711,0.0246604793124936,1.66869944031408,0.394216828416734,FALSE,0
GOBP_NEURAL_PRECURSOR_CELL_PROLIFERATION,-0.972042987983233,0.530633032423899,-0.478506665589155,0.874018014757804,FALSE,0
GOBP_NEURAL_TUBE_DEVELOPMENT,-1.67933183918053,0.23403660474982,-2.14318618654109,0.239169330995619,FALSE,0
GOBP_NEURAL_TUBE_FORMATION,-1.90235719579777,0.164789056663425,-1.74669551507672,0.362443909693227,FALSE,0
GOBP_NEUROBLAST_PROLIFERATION,-0.86700511528468,0.582244645956111,-0.60027825055546,0.831943342473254,FALSE,0
GOBP_NEUROMUSCULAR_JUNCTION_DEVELOPMENT,0.33500698432013,0.84939715656693,0.519310796545366,0.86010047603867,FALSE,0
GOBP_NEUROMUSCULAR_PROCESS,-0.451569148162247,0.797078797342316,-0.161739573724626,0.96384155581574,FALSE,0
GOBP_NEUROMUSCULAR_PROCESS_CONTROLLING_BALANCE,-1.31472397690366,0.372992835998013,-0.648814638977301,0.813160418537963,FALSE,0
GOBP_NEUROMUSCULAR_PROCESS_CONTROLLING_POSTURE,2.5168336021748,0.056666035497793,2.12517020838219,0.241495676291002,FALSE,0
GOBP_NEURONAL_ACTION_POTENTIAL,-0.565124881783412,0.735373399003052,-0.0477603089596429,0.990516783554314,FALSE,0
GOBP_NEURON_CELL_CELL_ADHESION,0.326392059882853,0.853415489079069,3.11918253702663,0.0578529159605164,FALSE,0
GOBP_NEURON_DEATH_IN_RESPONSE_TO_OXIDATIVE_STRESS,1.58033816367652,0.265913772368028,1.42182369210864,0.490445308677943,FALSE,0
GOBP_NEURON_FATE_COMMITMENT,1.02296697579045,0.503916772307608,1.63476394490497,0.406533479251225,FALSE,0
GOBP_NEURON_FATE_SPECIFICATION,0.810881742687359,0.609685203595273,0.66024047607032,0.806886413471614,FALSE,0
GOBP_NEURON_MATURATION,-2.05985407782886,0.126902540039212,-0.591753464298423,0.833946242643313,FALSE,0
GOBP_NEURON_PROJECTION_ARBORIZATION,0.0897964886375664,0.960921323567856,1.38559364632901,0.505169269302551,FALSE,0
GOBP_NEURON_PROJECTION_EXTENSION_INVOLVED_IN_NEURON_PROJECTION_GUIDANCE,1.11093322172171,0.459868823604727,1.60026359208047,0.41704822567265,FALSE,0
GOBP_NEURON_PROJECTION_ORGANIZATION,1.83776302999151,0.183568047507027,0.730924028344343,0.777122142386372,FALSE,0
GOBP_NEURON_RECOGNITION,4.20230341393132,0.000767804416960549,1.73978710951522,0.365121480218284,FALSE,0
GOBP_NEUROPEPTIDE_SIGNALING_PATHWAY,0.339619549689286,0.847793443261036,0.380599499897097,0.904733514156596,FALSE,0
GOBP_NEUROTRANSMITTER_METABOLIC_PROCESS,-0.0254835780394497,0.989275731146191,-0.18515624549908,0.958165734572316,FALSE,0
GOBP_NEUROTRANSMITTER_RECEPTOR_LOCALIZATION_TO_POSTSYNAPTIC_SPECIALIZATION_MEMBRANE,1.1622699413533,0.437336420935561,0.127054548057225,0.973632923755468,FALSE,0
GOBP_NEUROTRANSMITTER_RECEPTOR_TRANSPORT,1.98795044454131,0.143789194369028,0.976584847475313,0.676007884135415,FALSE,0
GOBP_NEUROTRANSMITTER_RECEPTOR_TRANSPORT_TO_PLASMA_MEMBRANE,2.85812338261808,0.0274299931056383,0.926354655601348,0.693763816720807,FALSE,0
GOBP_NEUROTRANSMITTER_REUPTAKE,0.857233700182239,0.587944193701563,1.29939597428542,0.539761361519543,FALSE,0
GOBP_NEUROTRANSMITTER_TRANSPORT,0.944674780606173,0.541312071995968,0.435257262662653,0.886111211163399,FALSE,0
GOBP_NEUROTRANSMITTER_UPTAKE,1.11946503777885,0.455700881620804,1.99073337525317,0.288666769350844,FALSE,0
GOBP_NEUROTROPHIN_SIGNALING_PATHWAY,-0.239594947789171,0.894663805089643,-1.53081569704657,0.444725105361414,FALSE,0
GOBP_NEUTRAL_LIPID_CATABOLIC_PROCESS,0.689642445766134,0.672302390900819,1.01655466278316,0.662593970164531,FALSE,0
GOBP_NEUTROPHIL_ACTIVATION_INVOLVED_IN_IMMUNE_RESPONSE,-0.341244047404617,0.847447253804624,-1.69657025016362,0.382869085743875,FALSE,0
GOBP_NEUTROPHIL_HOMEOSTASIS,2.52210375914464,0.0560750561570787,0.0349380527914598,0.993010192841633,FALSE,0
GOBP_NITRIC_OXIDE_MEDIATED_SIGNAL_TRANSDUCTION,0.00260081036827541,0.998737369499516,0.625862376762935,0.821846429493218,FALSE,0
GOBP_NITRIC_OXIDE_SYNTHASE_BIOSYNTHETIC_PROCESS,0.207228189471366,0.911800250382107,1.22079926316456,0.576566043881162,FALSE,0
GOBP_NODAL_SIGNALING_PATHWAY,-1.5232935141149,0.286060085161756,-0.540302030139486,0.853016192166345,FALSE,0
GOBP_NONRIBOSOMAL_PEPTIDE_BIOSYNTHETIC_PROCESS,-1.19646358318021,0.422721399847485,-0.874914817545669,0.717393200453916,FALSE,0
GOBP_NON_MOTILE_CILIUM_ASSEMBLY,-1.32556384166217,0.368180787024229,-1.96998464624058,0.293532788538832,FALSE,0
GOBP_NOTCH_SIGNALING_PATHWAY,-0.044894915095239,0.979988120617606,-1.64273383805988,0.402125483019362,FALSE,0
GOBP_NOTOCHORD_DEVELOPMENT,-1.26385780009751,0.395288884766668,-0.633707084636845,0.818574498728583,FALSE,0
GOBP_NUCLEAR_EXPORT,-2.18661311285504,0.103171293441429,-0.0697285451415094,0.987078627842916,FALSE,0
GOBP_NUCLEAR_MIGRATION,-0.285993608391426,0.875163995248142,-2.91261166396295,0.0776727957883842,FALSE,0
GOBP_NUCLEAR_TRANSCRIBED_MRNA_CATABOLIC_PROCESS_EXONUCLEOLYTIC,-3.84584241905606,0.0023520741295811,-0.588217618582919,0.835311222590214,FALSE,0
GOBP_NUCLEOBASE_CONTAINING_COMPOUND_TRANSPORT,-1.31214872581648,0.373929020641435,-0.0241806939492729,0.996226016827634,FALSE,0
GOBP_NUCLEOBASE_CONTAINING_SMALL_MOLECULE_CATABOLIC_PROCESS,-1.65194194215415,0.241281667047682,-0.133834036874755,0.971874133257659,FALSE,0
GOBP_NUCLEOLUS_ORGANIZATION,-4.46462717974401,0.000315261453847516,-0.516375944542006,0.861504688750137,FALSE,0
GOBP_NUCLEOSIDE_BISPHOSPHATE_BIOSYNTHETIC_PROCESS,-0.592365048004849,0.723114700470681,-0.179534412658515,0.959472027972145,FALSE,0
GOBP_NUCLEOSIDE_PHOSPHATE_CATABOLIC_PROCESS,0.76219589616982,0.634791572184762,0.530328488747946,0.857193877261564,FALSE,0
GOBP_NUCLEOSIDE_TRIPHOSPHATE_BIOSYNTHETIC_PROCESS,-0.412844544894742,0.814373047369225,-0.388457623075131,0.902437184788113,FALSE,0
GOBP_NUCLEOSOME_MOBILIZATION,-0.783560141583569,0.62337320367923,-1.54679082418023,0.439094481102685,FALSE,0
GOBP_NUCLEOTIDE_BINDING_DOMAIN_LEUCINE_RICH_REPEAT_CONTAINING_RECEPTOR_SIGNALING_PATHWAY,-0.363024765116858,0.838029418901797,-0.971237984475043,0.678446936639605,FALSE,0
GOBP_NUCLEOTIDE_EXCISION_REPAIR,-3.70778079527698,0.0034616432325922,-1.53516129267714,0.442563618950217,FALSE,0
GOBP_NUCLEOTIDE_SALVAGE,-2.45923253840378,0.0628301905499387,-0.183661885954179,0.958245341663965,FALSE,0
GOBP_NUCLEOTIDE_SUGAR_BIOSYNTHETIC_PROCESS,-0.419065724188442,0.811873083900603,-0.143579736822884,0.969864615468961,FALSE,0
GOBP_NUCLEUS_ORGANIZATION,-2.21617487757236,0.0987494707355639,-0.99095365511897,0.67238145901751,FALSE,0
GOBP_N_TERMINAL_PROTEIN_AMINO_ACID_ACETYLATION,-0.845323296935502,0.593724546131043,-0.441418249927177,0.884517238478148,FALSE,0
GOBP_OLEFINIC_COMPOUND_BIOSYNTHETIC_PROCESS,1.46443868560146,0.309620876054153,1.13740450978542,0.609594985360682,FALSE,0
GOBP_OLEFINIC_COMPOUND_METABOLIC_PROCESS,0.615957209206105,0.710679947017901,0.272668104352502,0.935355256579407,FALSE,0
GOBP_OLFACTORY_LOBE_DEVELOPMENT,1.14977523552448,0.442923678507748,2.45684757832006,0.158339791636824,FALSE,0
GOBP_OLIGODENDROCYTE_DEVELOPMENT,0.485941074771538,0.77831944493894,1.14018330990282,0.608497663331097,FALSE,0
GOBP_OLIGOSACCHARIDE_BIOSYNTHETIC_PROCESS,-0.0152214950568892,0.993159571215954,-0.300069673078964,0.927246148023696,FALSE,0
GOBP_OLIGOSACCHARIDE_METABOLIC_PROCESS,1.182226282713,0.429551262366468,0.0887409237273798,0.983922183605425,FALSE,0
GOBP_OOCYTE_DIFFERENTIATION,-0.580463810572026,0.72883978180053,-1.46645720020253,0.472869572495303,FALSE,0
GOBP_OOCYTE_MATURATION,-0.649086807132597,0.695171914683657,-0.612530203611311,0.826884222807897,FALSE,0
GOBP_OOGENESIS,-0.464248035965058,0.79046076060953,-0.8149404565838,0.741320604057187,FALSE,0
GOBP_OPSONIZATION,0.384126327668408,0.827909138039497,2.18604964262182,0.224549767003103,FALSE,0
GOBP_ORGANELLE_DISASSEMBLY,-3.27417569009556,0.0107448268783174,-1.42601584369628,0.48908477899703,FALSE,0
GOBP_ORGANELLE_FUSION,0.920925823759426,0.555563334587539,0.997887627087451,0.671955663947742,FALSE,0
GOBP_ORGANELLE_MEMBRANE_FUSION,1.45150954809784,0.314862048812563,0.920477780864762,0.696739423485465,FALSE,0
GOBP_ORGANELLE_TRANSPORT_ALONG_MICROTUBULE,2.43953198644957,0.0651658710433995,1.20429448941663,0.581659881237586,FALSE,0
GOBP_ORGANIC_ACID_TRANSMEMBRANE_TRANSPORT,1.76344437396542,0.206558694165453,1.4130391515822,0.49399662817417,FALSE,0
GOBP_ORGANIC_CATION_TRANSPORT,-1.32864277061759,0.366976286438846,-0.977725967286507,0.676007884135415,FALSE,0
GOBP_ORGANISM_EMERGENCE_FROM_PROTECTIVE_STRUCTURE,-1.58887870081569,0.262814199827881,-2.60244982459436,0.126578220069158,FALSE,0
GOBP_ORGANOPHOSPHATE_CATABOLIC_PROCESS,0.176634217241538,0.927138876962881,1.9106212830169,0.308232955775001,FALSE,0
GOBP_ORGAN_GROWTH,-0.844706114449231,0.593854053536291,-1.83398951874174,0.333803244117566,FALSE,0
GOBP_ORGAN_INDUCTION,1.06887563944972,0.4803041738309,2.18902324189421,0.223541634918279,FALSE,0
GOBP_OUTFLOW_TRACT_SEPTUM_MORPHOGENESIS,3.82660491787554,0.00250551473394318,0.577258719116862,0.839269613799489,FALSE,0
GOBP_OVARIAN_FOLLICLE_DEVELOPMENT,-2.96098829651723,0.0221801308158235,-2.04962768971981,0.268773266055975,FALSE,0
GOBP_OVULATION,3.00484554752407,0.0201711613390874,0.537561690927107,0.853899284485043,FALSE,0
GOBP_OXIDATIVE_PHOSPHORYLATION,0.0272191961162761,0.988269327557633,0.19460272369982,0.957347602336641,FALSE,0
GOBP_PANCREAS_DEVELOPMENT,-0.855141425145406,0.588745251645346,-0.466451821420029,0.876583343463146,FALSE,0
GOBP_PARASYMPATHETIC_NERVOUS_SYSTEM_DEVELOPMENT,3.34777740881432,0.00912217329292886,0.543130392914627,0.852186993619602,FALSE,0
GOBP_PATTERN_RECOGNITION_RECEPTOR_SIGNALING_PATHWAY,-0.0677776997366119,0.970999656912878,-0.646293467423194,0.813562624367576,FALSE,0
GOBP_PEPTIDE_ANTIGEN_ASSEMBLY_WITH_MHC_PROTEIN_COMPLEX,0.558591225206755,0.738883076539221,1.53257754374776,0.443798461099078,FALSE,0
GOBP_PEPTIDE_CATABOLIC_PROCESS,-2.07979407929599,0.12360373482329,-1.42267038619142,0.490439828764222,FALSE,0
GOBP_PEPTIDYL_ARGININE_MODIFICATION,2.15787847312898,0.1093979604484,1.02163199294393,0.660440749610967,FALSE,0
GOBP_PEPTIDYL_CYSTEINE_MODIFICATION,0.349672459347547,0.843187341975047,0.705130181473371,0.787819177609717,FALSE,0
GOBP_PEPTIDYL_GLUTAMIC_ACID_MODIFICATION,2.77032666246971,0.0329160394334771,0.0359761390907899,0.992839618955888,FALSE,0
GOBP_PEPTIDYL_LYSINE_ACETYLATION,-2.73688661803051,0.0358400411334688,-0.371634297548099,0.906520622715031,FALSE,0
GOBP_PEPTIDYL_LYSINE_METHYLATION,-4.51387534102691,0.000266465524965322,-0.225603651851762,0.948122856797163,FALSE,0
GOBP_PEPTIDYL_L_CYSTEINE_S_PALMITOYLATION,0.720146129782166,0.654820328628922,0.264933541530199,0.93809456107205,FALSE,0
GOBP_PEPTIDYL_PROLINE_MODIFICATION,-0.501880852802886,0.769539714115367,-0.910785524440121,0.699975937031591,FALSE,0
GOBP_PEPTIDYL_SERINE_DEPHOSPHORYLATION,-2.82443647738282,0.0293826976468408,-4.18602111981385,0.0118991313627692,FALSE,0
GOBP_PEPTIDYL_THREONINE_DEPHOSPHORYLATION,2.01117836723675,0.137596372655593,0.508836717761569,0.864173198657807,FALSE,0
GOBP_PEPTIDYL_THREONINE_MODIFICATION,-0.05811212938391,0.973521412798729,-2.99504777653318,0.0694250217274989,FALSE,0
GOBP_PEPTIDYL_TYROSINE_AUTOPHOSPHORYLATION,-2.09537560116283,0.12013635237923,-0.846932583461901,0.729028158138777,FALSE,0
GOBP_PERICARDIUM_DEVELOPMENT,1.51874325424312,0.287654343092776,0.973902027170297,0.677677936436345,FALSE,0
GOBP_PERIPHERAL_NERVOUS_SYSTEM_DEVELOPMENT,0.272466142054692,0.880875455412333,0.170550586696717,0.96176483996594,FALSE,0
GOBP_PERK_MEDIATED_UNFOLDED_PROTEIN_RESPONSE,-3.27928446003471,0.0107448268783174,-0.724259419858146,0.779826195917799,FALSE,0
GOBP_PEROXISOME_PROLIFERATOR_ACTIVATED_RECEPTOR_SIGNALING_PATHWAY,-0.999317756028499,0.516919219449201,-2.14984360779515,0.236898943644761,FALSE,0
GOBP_PHAGOCYTOSIS_RECOGNITION,-0.561688712218307,0.737276370606934,-0.273322174585907,0.935190116889945,FALSE,0
GOBP_PHAGOSOME_MATURATION,1.18154949130312,0.429551262366468,2.25226735155475,0.209826645360768,FALSE,0
GOBP_PHENOL_CONTAINING_COMPOUND_BIOSYNTHETIC_PROCESS,0.636809378212589,0.701861202994112,1.55435386923398,0.435525933889087,FALSE,0
GOBP_PHENOL_CONTAINING_COMPOUND_METABOLIC_PROCESS,3.03038901906687,0.0191434556183988,1.13649305006838,0.609594985360682,FALSE,0
GOBP_PHOSPHATE_ION_TRANSMEMBRANE_TRANSPORT,2.59513640891128,0.048155823601626,0.718470532871145,0.782413402517251,FALSE,0
GOBP_PHOSPHATIDIC_ACID_METABOLIC_PROCESS,1.74363345564004,0.213353044643717,0.573648365237002,0.839986385229067,FALSE,0
GOBP_PHOSPHATIDYLCHOLINE_BIOSYNTHETIC_PROCESS,-3.26261807793685,0.0110581462429531,-1.95902023522919,0.296505877908539,FALSE,0
GOBP_PHOSPHATIDYLINOSITOL_3_KINASE_SIGNALING,-0.29095518483452,0.872981470317812,-0.488011699252035,0.872646323787657,FALSE,0
GOBP_PHOSPHOLIPASE_C_ACTIVATING_G_PROTEIN_COUPLED_RECEPTOR_SIGNALING_PATHWAY,1.32889125387974,0.366976286438846,0.0370253629646671,0.992692118079032,FALSE,0
GOBP_PHOSPHOLIPID_CATABOLIC_PROCESS,1.74109317578862,0.213776418722345,1.99322852026446,0.288465139636001,FALSE,0
GOBP_PHOSPHOLIPID_TRANSPORT,1.03172038939365,0.498711425690891,0.00829757684347616,0.999072973005151,FALSE,0
GOBP_PHOTOPERIODISM,-2.47800078784536,0.0607402031069382,-0.256439370400591,0.941515313743035,FALSE,0
GOBP_PHOTORECEPTOR_CELL_DEVELOPMENT,-3.35183272522129,0.00902519734866296,-0.0771017750766175,0.986160944250904,FALSE,0
GOBP_PHOTORECEPTOR_CELL_DIFFERENTIATION,-3.01899564878232,0.0196139524525931,-0.181725690755671,0.959061432522091,FALSE,0
GOBP_PHOTOTRANSDUCTION,-0.104001119378539,0.954205460801378,-0.109534940653506,0.979324902785417,FALSE,0
GOBP_PIGMENT_BIOSYNTHETIC_PROCESS,1.92238352590005,0.159884265658569,0.562499061456386,0.844488994974907,FALSE,0
GOBP_PIGMENT_GRANULE_LOCALIZATION,1.01182657145788,0.509538406077516,0.0630710867493092,0.988756283300366,FALSE,0
GOBP_PIGMENT_METABOLIC_PROCESS,2.19854355371194,0.101275983609618,0.291227724188161,0.929536149721136,FALSE,0
GOBP_PIRNA_METABOLIC_PROCESS,-1.69627325246273,0.228696977495412,-0.158211667396183,0.964423001045404,FALSE,0
GOBP_PITUITARY_GLAND_DEVELOPMENT,0.448412215221097,0.798785250179432,0.955644960466094,0.684097532223887,FALSE,0
GOBP_PLASMA_LIPOPROTEIN_PARTICLE_CLEARANCE,-0.150429973984549,0.935698245171468,-0.105320425297083,0.980530670795016,FALSE,0
GOBP_PLASMA_MEMBRANE_FUSION,-0.813036998684711,0.609129108799625,-0.291752301018246,0.929536149721136,FALSE,0
GOBP_PLASMA_MEMBRANE_PHOSPHOLIPID_SCRAMBLING,0.705633766732143,0.663535829088208,1.64040152577683,0.403059015471659,FALSE,0
GOBP_PLASMA_MEMBRANE_TUBULATION,0.0854718978473314,0.963123691086405,0.804956808482415,0.744161026054853,FALSE,0
GOBP_PLATELET_DERIVED_GROWTH_FACTOR_RECEPTOR_SIGNALING_PATHWAY,-1.09902210240838,0.465497049868543,-1.89174080651576,0.316407461893256,FALSE,0
GOBP_POLYAMINE_BIOSYNTHETIC_PROCESS,0.166493910487384,0.931585905024067,0.386328780229592,0.903038291127209,FALSE,0
GOBP_POLYSACCHARIDE_BIOSYNTHETIC_PROCESS,-1.40422965190536,0.336650222213016,-1.81076907779339,0.339705035159826,FALSE,0
GOBP_POLYSACCHARIDE_CATABOLIC_PROCESS,-0.58218514231612,0.727925138009757,-1.66069184189117,0.396995376605038,FALSE,0
GOBP_POLYSACCHARIDE_METABOLIC_PROCESS,-2.11368373029043,0.116727111155532,-1.39865319768241,0.500665707251339,FALSE,0
GOBP_PORE_COMPLEX_ASSEMBLY,-1.18473095820215,0.428667585960001,-1.08951903704632,0.630405307549304,FALSE,0
GOBP_POSITIVE_REGULATION_BY_HOST_OF_VIRAL_TRANSCRIPTION,-4.30354837829644,0.000534237748746617,-3.97903905017092,0.0143919395555522,FALSE,0
GOBP_POSITIVE_REGULATION_OF_ACTIN_FILAMENT_BUNDLE_ASSEMBLY,-0.435364792489327,0.804740730456686,-2.42331525475082,0.164933577028271,FALSE,0
GOBP_POSITIVE_REGULATION_OF_ACTIN_FILAMENT_POLYMERIZATION,-0.76202832774446,0.634791572184762,-2.94890994352519,0.0744479279461406,FALSE,0
GOBP_POSITIVE_REGULATION_OF_ACUTE_INFLAMMATORY_RESPONSE,-0.538214684202775,0.750523967397984,-0.00186898149944329,0.999582073671829,FALSE,0
GOBP_POSITIVE_REGULATION_OF_ALCOHOL_BIOSYNTHETIC_PROCESS,1.85836366509501,0.177107048098373,0.160030562459593,0.964403570629082,FALSE,0
GOBP_POSITIVE_REGULATION_OF_ALPHA_BETA_T_CELL_DIFFERENTIATION,-0.609408565583826,0.713561245083984,-0.123494622993416,0.974581325419391,FALSE,0
GOBP_POSITIVE_REGULATION_OF_AMYLOID_BETA_FORMATION,-2.77445137541851,0.0326749574819244,-0.31288930059813,0.924240801870591,FALSE,0
GOBP_POSITIVE_REGULATION_OF_AMYLOID_PRECURSOR_PROTEIN_CATABOLIC_PROCESS,-2.96093642062421,0.0221801308158235,-1.18411226343739,0.591008320082414,FALSE,0
GOBP_POSITIVE_REGULATION_OF_ANION_TRANSPORT,0.102772293113755,0.954669202163272,1.238063663633,0.566358104735134,FALSE,0
GOBP_POSITIVE_REGULATION_OF_AXON_EXTENSION,2.56369983392484,0.0515712013061236,0.159361109598666,0.964403570629082,FALSE,0
GOBP_POSITIVE_REGULATION_OF_BINDING,-0.071910008037421,0.969342430797268,-1.77464347592588,0.354114486607515,FALSE,0
GOBP_POSITIVE_REGULATION_OF_BIOMINERALIZATION,2.35716529077378,0.076203987630441,1.59068923426017,0.421175530368541,FALSE,0
GOBP_POSITIVE_REGULATION_OF_BLOOD_CIRCULATION,2.75191867675207,0.0345095018456615,0.702518260709961,0.78916228274468,FALSE,0
GOBP_POSITIVE_REGULATION_OF_BLOOD_PRESSURE,1.21430307581507,0.416081612621721,2.48109880303648,0.155342616927101,FALSE,0
GOBP_POSITIVE_REGULATION_OF_BONE_MINERALIZATION,2.05527551540156,0.127770866719131,2.77645578510182,0.0984268691042031,FALSE,0
GOBP_POSITIVE_REGULATION_OF_BROWN_FAT_CELL_DIFFERENTIATION,-4.21360233900966,0.000743733482244094,-0.595145737264403,0.832971121261343,FALSE,0
GOBP_POSITIVE_REGULATION_OF_B_CELL_ACTIVATION,-2.53562266737435,0.0548351931445117,-1.38808088550863,0.505072882876512,FALSE,0
GOBP_POSITIVE_REGULATION_OF_B_CELL_PROLIFERATION,-2.83115717033532,0.0291231987616594,-1.29622660156399,0.540865017153317,FALSE,0
GOBP_POSITIVE_REGULATION_OF_CALCINEURIN_MEDIATED_SIGNALING,0.0151008736436308,0.993159571215954,1.38527660153363,0.505169269302551,FALSE,0
GOBP_POSITIVE_REGULATION_OF_CALCIUM_ION_DEPENDENT_EXOCYTOSIS,0.956456637479317,0.536817506913875,1.84760984074943,0.328402734588529,FALSE,0
GOBP_POSITIVE_REGULATION_OF_CALCIUM_ION_TRANSMEMBRANE_TRANSPORT,-1.22028427825443,0.41392510843902,-0.269119081266509,0.937263661933633,FALSE,0
GOBP_POSITIVE_REGULATION_OF_CALCIUM_ION_TRANSPORT,0.324052072888023,0.853973096164156,0.212660434214799,0.953248241191266,FALSE,0
GOBP_POSITIVE_REGULATION_OF_CALCIUM_ION_TRANSPORT_INTO_CYTOSOL,-1.45002203475861,0.315420454949445,-0.49414618983089,0.87005680256244,FALSE,0
GOBP_POSITIVE_REGULATION_OF_CANONICAL_WNT_SIGNALING_PATHWAY,-3.13164262339634,0.0151418844463945,-1.28062102899136,0.548824457320158,FALSE,0
GOBP_POSITIVE_REGULATION_OF_CARBOHYDRATE_METABOLIC_PROCESS,-1.96845543315455,0.148386198354212,-0.642607898692811,0.814496607641144,FALSE,0
GOBP_POSITIVE_REGULATION_OF_CARTILAGE_DEVELOPMENT,1.20669214028168,0.417854205449779,1.54392215736437,0.439790623091399,FALSE,0
GOBP_POSITIVE_REGULATION_OF_CELLULAR_AMIDE_METABOLIC_PROCESS,-2.08751358097767,0.121757440320889,-0.580421443309924,0.839152602759288,FALSE,0
GOBP_POSITIVE_REGULATION_OF_CELLULAR_CARBOHYDRATE_METABOLIC_PROCESS,-2.82511684281874,0.0293826976468408,-1.41271222241195,0.49399662817417,FALSE,0
GOBP_POSITIVE_REGULATION_OF_CELLULAR_RESPONSE_TO_INSULIN_STIMULUS,-2.86008076831735,0.0274299931056383,-1.72580229955885,0.371901053649393,FALSE,0
GOBP_POSITIVE_REGULATION_OF_CELLULAR_RESPONSE_TO_TRANSFORMING_GROWTH_FACTOR_BETA_STIMULUS,-2.7454854672511,0.035074409533691,-2.0063274637243,0.283753886610491,FALSE,0
GOBP_POSITIVE_REGULATION_OF_CELL_ADHESION_MEDIATED_BY_INTEGRIN,-0.58348237713715,0.727580507416758,-0.0849702966056827,0.984217016751534,FALSE,0
GOBP_POSITIVE_REGULATION_OF_CELL_MATRIX_ADHESION,-0.729007325935707,0.650778271240744,-0.996089132277792,0.672037015474633,FALSE,0
GOBP_POSITIVE_REGULATION_OF_CELL_SUBSTRATE_JUNCTION_ORGANIZATION,-0.921184964717065,0.555563334587539,-2.68703730884039,0.111638014331363,FALSE,0
GOBP_POSITIVE_REGULATION_OF_CHOLESTEROL_EFFLUX,-2.64303379355667,0.0439332324106143,-1.78028514611264,0.353208542341132,FALSE,0
GOBP_POSITIVE_REGULATION_OF_CHONDROCYTE_DIFFERENTIATION,1.36701631397494,0.350393730180202,0.267101571275185,0.937316859359414,FALSE,0
GOBP_POSITIVE_REGULATION_OF_CHROMOSOME_ORGANIZATION,-0.827776995901287,0.601991326856973,-0.887158537111456,0.712529368528361,FALSE,0
GOBP_POSITIVE_REGULATION_OF_CILIUM_ASSEMBLY,-2.85856333674388,0.0274299931056383,-1.614869624444,0.411193440396687,FALSE,0
GOBP_POSITIVE_REGULATION_OF_COAGULATION,1.14200671147467,0.446008333243383,0.472700723876428,0.875494923816982,FALSE,0
GOBP_POSITIVE_REGULATION_OF_COLD_INDUCED_THERMOGENESIS,-3.3015238328107,0.0102089451285659,-1.14647520930703,0.606805299915815,FALSE,0
GOBP_POSITIVE_REGULATION_OF_COLLAGEN_METABOLIC_PROCESS,2.37082885687948,0.0742369817854839,0.0963652617810313,0.981924155983184,FALSE,0
GOBP_POSITIVE_REGULATION_OF_CYCLIN_DEPENDENT_PROTEIN_KINASE_ACTIVITY,-1.19053413613969,0.425901750438231,-3.19744191379971,0.0513048141659372,FALSE,0
GOBP_POSITIVE_REGULATION_OF_CYSTEINE_TYPE_ENDOPEPTIDASE_ACTIVITY,-0.0536440543863352,0.975755140108218,-1.6496777371388,0.400319894191124,FALSE,0
GOBP_POSITIVE_REGULATION_OF_CYTOKINE_PRODUCTION_INVOLVED_IN_INFLAMMATORY_RESPONSE,-0.319738863770547,0.856451433890824,-1.20147173330935,0.582828773394764,FALSE,0
GOBP_POSITIVE_REGULATION_OF_CYTOSKELETON_ORGANIZATION,-1.43625166918287,0.320868037426466,-2.29367957504591,0.199662327824712,FALSE,0
GOBP_POSITIVE_REGULATION_OF_CYTOSOLIC_CALCIUM_ION_CONCENTRATION_INVOLVED_IN_PHOSPHOLIPASE_C_ACTIVATING_G_PROTEIN_COUPLED_SIGNALING_PATHWAY,-2.12967246031004,0.113959947877482,-0.0943045701978419,0.982922166040421,FALSE,0
GOBP_POSITIVE_REGULATION_OF_DEFENSE_RESPONSE,-0.326368106543487,0.853415489079069,-0.968242934916893,0.679290261734771,FALSE,0
GOBP_POSITIVE_REGULATION_OF_DENDRITE_DEVELOPMENT,2.14862793963765,0.110834430467684,0.530829814935706,0.857193877261564,FALSE,0
GOBP_POSITIVE_REGULATION_OF_DENDRITE_MORPHOGENESIS,0.261325662611033,0.885232794264418,0.624630505192728,0.82193359680701,FALSE,0
GOBP_POSITIVE_REGULATION_OF_DIGESTIVE_SYSTEM_PROCESS,0.431819406120685,0.806155278250919,0.367873727328999,0.908025609980713,FALSE,0
GOBP_POSITIVE_REGULATION_OF_DNA_BINDING_TRANSCRIPTION_FACTOR_ACTIVITY,-1.33114526773009,0.366069147346362,-0.000558772982245322,0.999582073671829,FALSE,0
GOBP_POSITIVE_REGULATION_OF_DNA_TEMPLATED_TRANSCRIPTION_ELONGATION,-2.94691168241282,0.0229216097351428,-0.955871700083767,0.684097532223887,FALSE,0
GOBP_POSITIVE_REGULATION_OF_DNA_TEMPLATED_TRANSCRIPTION_INITIATION,-1.21546215148617,0.416081612621721,-2.62455165712496,0.122086421220707,FALSE,0
GOBP_POSITIVE_REGULATION_OF_DOUBLE_STRAND_BREAK_REPAIR_VIA_HOMOLOGOUS_RECOMBINATION,-0.240892301260524,0.893831281227147,-0.0988837472552111,0.98101584539611,FALSE,0
GOBP_POSITIVE_REGULATION_OF_ENDOTHELIAL_CELL_CHEMOTAXIS,0.971434293917744,0.530646583808558,1.14374708242029,0.607532632320092,FALSE,0
GOBP_POSITIVE_REGULATION_OF_ENDOTHELIAL_CELL_MIGRATION,-0.604844379809668,0.715691840618536,-0.676387600355057,0.800565313359311,FALSE,0
GOBP_POSITIVE_REGULATION_OF_ENDOTHELIAL_CELL_PROLIFERATION,-0.614689350376169,0.710679947017901,-1.69742235061249,0.382869085743875,FALSE,0
GOBP_POSITIVE_REGULATION_OF_EPIDERMAL_CELL_DIFFERENTIATION,1.49807976439699,0.296626033512379,0.129085710652267,0.972891856973141,FALSE,0
GOBP_POSITIVE_REGULATION_OF_EPIDERMIS_DEVELOPMENT,1.12155408984426,0.455583114698377,0.380830090284848,0.904733514156596,FALSE,0
GOBP_POSITIVE_REGULATION_OF_EPITHELIAL_CELL_DIFFERENTIATION,2.28656832861927,0.0864169877855476,0.0755070537558779,0.986755057587697,FALSE,0
GOBP_POSITIVE_REGULATION_OF_EPITHELIAL_CELL_MIGRATION,-0.284221163467191,0.876272200325015,-0.971597201442692,0.678351279630559,FALSE,0
GOBP_POSITIVE_REGULATION_OF_ERBB_SIGNALING_PATHWAY,0.590205094833448,0.724453410532139,0.0708098000641339,0.987078627842916,FALSE,0
GOBP_POSITIVE_REGULATION_OF_ERYTHROCYTE_DIFFERENTIATION,-2.58497078538387,0.0492097099439931,-2.9276365084006,0.0769838697309795,FALSE,0
GOBP_POSITIVE_REGULATION_OF_ESTABLISHMENT_OF_PROTEIN_LOCALIZATION_TO_MITOCHONDRION,-0.844341697178706,0.593854053536291,-1.12225302003324,0.61660746965924,FALSE,0
GOBP_POSITIVE_REGULATION_OF_EXOCYTOSIS,-0.670837150070897,0.682085366223087,-1.14576992570876,0.606805299915815,FALSE,0
GOBP_POSITIVE_REGULATION_OF_EXOSOMAL_SECRETION,-1.17463893830052,0.431881498807036,-0.0824803084043941,0.984889961529468,FALSE,0
GOBP_POSITIVE_REGULATION_OF_EXTRACELLULAR_MATRIX_ORGANIZATION,-0.254405780317488,0.889150509888609,-0.225237971226265,0.948122856797163,FALSE,0
GOBP_POSITIVE_REGULATION_OF_FATTY_ACID_BIOSYNTHETIC_PROCESS,0.0779268904383153,0.96646726388392,0.428833055770727,0.887500695025167,FALSE,0
GOBP_POSITIVE_REGULATION_OF_FATTY_ACID_TRANSPORT,3.05473486992097,0.0180055688930276,0.317075024727645,0.922310588249655,FALSE,0
GOBP_POSITIVE_REGULATION_OF_FAT_CELL_DIFFERENTIATION,-4.88396011229745,7.23477065097832e-05,-3.07230182231611,0.0602820893463735,FALSE,0
GOBP_POSITIVE_REGULATION_OF_FILOPODIUM_ASSEMBLY,-1.92377823788556,0.159482347947842,-3.4449717440081,0.0341077633344233,FALSE,0
GOBP_POSITIVE_REGULATION_OF_FOCAL_ADHESION_ASSEMBLY,-0.948288598525319,0.540260617121475,-1.80493060676913,0.342169954780177,FALSE,0
GOBP_POSITIVE_REGULATION_OF_GLUCOSE_IMPORT,-1.46369904184517,0.309840042225525,-2.1742779445171,0.228573312174918,FALSE,0
GOBP_POSITIVE_REGULATION_OF_GLUCOSE_METABOLIC_PROCESS,-3.06349250694284,0.0176835965605651,-1.74586244263591,0.362443909693227,FALSE,0
GOBP_POSITIVE_REGULATION_OF_GLUCOSE_TRANSMEMBRANE_TRANSPORT,-2.40334544955325,0.0701759996780934,-0.96006207210848,0.682810326117272,FALSE,0
GOBP_POSITIVE_REGULATION_OF_GLYCOLYTIC_PROCESS,-0.338553309240248,0.848076513623918,-0.578411907819428,0.839269613799489,FALSE,0
GOBP_POSITIVE_REGULATION_OF_GLYCOPROTEIN_METABOLIC_PROCESS,-0.535881741803581,0.7512112916496,-2.69350170764897,0.110714909385704,FALSE,0
GOBP_POSITIVE_REGULATION_OF_GTPASE_ACTIVITY,-0.312767029238344,0.860399230149146,-1.18295063773212,0.591036083905457,FALSE,0
GOBP_POSITIVE_REGULATION_OF_HEART_RATE,2.59559713748504,0.0481389225785963,1.00047266950344,0.670729907323604,FALSE,0
GOBP_POSITIVE_REGULATION_OF_HEMOPOIESIS,-1.2911838042699,0.382652721489086,-2.71242847179163,0.106867511564043,FALSE,0
GOBP_POSITIVE_REGULATION_OF_HISTONE_DEACETYLATION,-4.41533530532197,0.000373595296564672,-0.240023825279198,0.944486636544988,FALSE,0
GOBP_POSITIVE_REGULATION_OF_HISTONE_H3_K4_METHYLATION,-2.4744610236711,0.0612361024419941,-0.889395077651485,0.711824061813035,FALSE,0
GOBP_POSITIVE_REGULATION_OF_HISTONE_METHYLATION,-3.55297522286818,0.00537330369143675,-0.965990666907891,0.679290261734771,FALSE,0
GOBP_POSITIVE_REGULATION_OF_HOMOTYPIC_CELL_CELL_ADHESION,0.814496569232655,0.608620206060769,1.42851183337667,0.488651508849366,FALSE,0
GOBP_POSITIVE_REGULATION_OF_HORMONE_SECRETION,3.09211956887987,0.0166172966774208,0.220296779635266,0.949746730254486,FALSE,0
GOBP_POSITIVE_REGULATION_OF_HUMORAL_IMMUNE_RESPONSE,-0.503641746488715,0.769266579048923,-0.116313099274798,0.976843650536404,FALSE,0
GOBP_POSITIVE_REGULATION_OF_INFLAMMATORY_RESPONSE,-0.462633123972656,0.791324952165715,-1.76286418561914,0.357218747670554,FALSE,0
GOBP_POSITIVE_REGULATION_OF_INNATE_IMMUNE_RESPONSE,-0.733345110633087,0.648838370069278,-0.0877634123211447,0.984098144405812,FALSE,0
GOBP_POSITIVE_REGULATION_OF_INTERFERON_ALPHA_PRODUCTION,0.157885763013725,0.934047201782848,1.14082366322979,0.608497663331097,FALSE,0
GOBP_POSITIVE_REGULATION_OF_INTERFERON_GAMMA_PRODUCTION,0.153479988179004,0.935698245171468,0.660951635871984,0.806886413471614,FALSE,0
GOBP_POSITIVE_REGULATION_OF_INTERLEUKIN_10_PRODUCTION,-2.15395984901444,0.110035471059718,-0.395361255948721,0.899613522243946,FALSE,0
GOBP_POSITIVE_REGULATION_OF_INTERLEUKIN_2_PRODUCTION,0.0439225307850376,0.980195449890252,0.607663320567079,0.828423224282586,FALSE,0
GOBP_POSITIVE_REGULATION_OF_INTERLEUKIN_6_PRODUCTION,-0.737494347256123,0.646884226483597,-0.66769805195219,0.803846416516554,FALSE,0
GOBP_POSITIVE_REGULATION_OF_INTRACELLULAR_PROTEIN_TRANSPORT,-0.98859693432288,0.52218575116644,-2.12653177845824,0.241355976791699,FALSE,0
GOBP_POSITIVE_REGULATION_OF_INTRACELLULAR_TRANSPORT,-0.949705127678462,0.539908136308763,-2.1326469530494,0.241224025535675,FALSE,0
GOBP_POSITIVE_REGULATION_OF_INTRINSIC_APOPTOTIC_SIGNALING_PATHWAY,-0.595944336630506,0.72055237258477,-3.07994388849413,0.0602820893463735,FALSE,0
GOBP_POSITIVE_REGULATION_OF_ION_TRANSPORT,0.653115095955789,0.692939228263669,0.593979307432662,0.833506344454803,FALSE,0
GOBP_POSITIVE_REGULATION_OF_I_KAPPAB_KINASE_NF_KAPPAB_SIGNALING,0.806151627823192,0.611815692572414,1.42838937426302,0.488651508849366,FALSE,0
GOBP_POSITIVE_REGULATION_OF_JUN_KINASE_ACTIVITY,-2.63133130927043,0.0448150984540327,-0.243081125432497,0.943661529755349,FALSE,0
GOBP_POSITIVE_REGULATION_OF_LEUKOCYTE_CHEMOTAXIS,-0.294438186329129,0.870732943511345,-1.08986422600574,0.630338187754104,FALSE,0
GOBP_POSITIVE_REGULATION_OF_LEUKOCYTE_DEGRANULATION,-0.402417198728309,0.818683487677186,-1.70951949241338,0.378291795005023,FALSE,0
GOBP_POSITIVE_REGULATION_OF_LIPID_BIOSYNTHETIC_PROCESS,-0.401804801209809,0.818683487677186,-0.424943768765967,0.888686105772225,FALSE,0
GOBP_POSITIVE_REGULATION_OF_LIPID_CATABOLIC_PROCESS,-2.31503552584055,0.0821455326399856,-0.462216548204341,0.877149044185235,FALSE,0
GOBP_POSITIVE_REGULATION_OF_LIPID_KINASE_ACTIVITY,-1.31829828726555,0.371417335921687,-0.386426153790779,0.903038291127209,FALSE,0
GOBP_POSITIVE_REGULATION_OF_LONG_TERM_SYNAPTIC_POTENTIATION,0.928434115765753,0.551740390008977,1.10496405066355,0.621899980085959,FALSE,0
GOBP_POSITIVE_REGULATION_OF_LYASE_ACTIVITY,1.03765934872809,0.495742204907845,0.688207829122123,0.795388919473679,FALSE,0
GOBP_POSITIVE_REGULATION_OF_LYMPHOCYTE_APOPTOTIC_PROCESS,1.17166638341044,0.432514251938534,0.419958209483467,0.891715338138253,FALSE,0
GOBP_POSITIVE_REGULATION_OF_LYMPHOCYTE_CHEMOTAXIS,-0.273158343409823,0.880493025151611,-2.35754999371693,0.180596787144469,FALSE,0
GOBP_POSITIVE_REGULATION_OF_LYMPHOCYTE_DIFFERENTIATION,-2.37397180346041,0.0739387814215345,-1.36721659706981,0.511980786011372,FALSE,0
GOBP_POSITIVE_REGULATION_OF_MACROPHAGE_ACTIVATION,0.152427450352924,0.935698245171468,0.428840194691095,0.887500695025167,FALSE,0
GOBP_POSITIVE_REGULATION_OF_MACROPHAGE_CHEMOTAXIS,-0.58284197952932,0.72782337202245,-1.5718027389667,0.427848958227243,FALSE,0
GOBP_POSITIVE_REGULATION_OF_MACROPHAGE_DERIVED_FOAM_CELL_DIFFERENTIATION,2.99408248207335,0.0205714520157496,1.50267241967203,0.454826976998477,FALSE,0
GOBP_POSITIVE_REGULATION_OF_MAP_KINASE_ACTIVITY,-0.342007742616812,0.847380840929081,-0.478774377456947,0.874018014757804,FALSE,0
GOBP_POSITIVE_REGULATION_OF_MAST_CELL_ACTIVATION,-1.54312808674671,0.279159232548186,-0.336170047252901,0.916422909223141,FALSE,0
GOBP_POSITIVE_REGULATION_OF_MEIOTIC_CELL_CYCLE,0.960871880300313,0.53412598691409,0.801306333010492,0.744161026054853,FALSE,0
GOBP_POSITIVE_REGULATION_OF_MEMBRANE_PERMEABILITY,-2.21197735071589,0.0991991356562769,-0.154604279926037,0.966106928287192,FALSE,0
GOBP_POSITIVE_REGULATION_OF_MEMBRANE_PROTEIN_ECTODOMAIN_PROTEOLYSIS,-1.81583492437059,0.189961961738647,-0.0379804705521119,0.992506159342816,FALSE,0
GOBP_POSITIVE_REGULATION_OF_MICROTUBULE_POLYMERIZATION_OR_DEPOLYMERIZATION,-1.93691480877678,0.156848134327977,-1.30780146853288,0.537195063265708,FALSE,0
GOBP_POSITIVE_REGULATION_OF_MIRNA_TRANSCRIPTION,-3.27197176645664,0.01080382003782,-1.77426909298425,0.354114486607515,FALSE,0
GOBP_POSITIVE_REGULATION_OF_MITOTIC_NUCLEAR_DIVISION,0.435672463795443,0.804659443580271,0.912035613928538,0.699975937031591,FALSE,0
GOBP_POSITIVE_REGULATION_OF_MONOCYTE_CHEMOTAXIS,1.10959006547858,0.460410385794899,0.674283813136472,0.801457805500927,FALSE,0
GOBP_POSITIVE_REGULATION_OF_MORPHOGENESIS_OF_AN_EPITHELIUM,0.406030546585036,0.817365901362193,0.0443976678132396,0.991419049904123,FALSE,0
GOBP_POSITIVE_REGULATION_OF_MRNA_PROCESSING,-2.11101266663243,0.117052249865444,-1.36931420181518,0.51121022120537,FALSE,0
GOBP_POSITIVE_REGULATION_OF_MRNA_SPLICING_VIA_SPLICEOSOME,-2.94166440667979,0.0231519345059047,-1.09999712816838,0.62560082611193,FALSE,0
GOBP_POSITIVE_REGULATION_OF_MULTICELLULAR_ORGANISM_GROWTH,-2.15955311172573,0.109021781922955,-0.297423199904282,0.927457951883697,FALSE,0
GOBP_POSITIVE_REGULATION_OF_MUSCLE_CELL_DIFFERENTIATION,-2.22042717392599,0.0978969730179418,-0.357442146836521,0.910954146321084,FALSE,0
GOBP_POSITIVE_REGULATION_OF_MYELINATION,-0.400349544051781,0.819172066902841,-1.03681221184412,0.651668597524745,FALSE,0
GOBP_POSITIVE_REGULATION_OF_MYELOID_CELL_DIFFERENTIATION,-1.98015195500378,0.145719623264146,-3.87400388604606,0.0159270716111883,FALSE,0
GOBP_POSITIVE_REGULATION_OF_MYOBLAST_DIFFERENTIATION,-3.18189068397249,0.0134842710494422,-0.345096312274179,0.914040179429268,FALSE,0
GOBP_POSITIVE_REGULATION_OF_NATURAL_KILLER_CELL_MEDIATED_CYTOTOXICITY,-0.439079087619147,0.802670764820042,-0.16560565828004,0.963092106885598,FALSE,0
GOBP_POSITIVE_REGULATION_OF_NATURAL_KILLER_CELL_MEDIATED_IMMUNITY,-0.420142310527823,0.811306149436733,-0.0834761059191278,0.984863846267242,FALSE,0
GOBP_POSITIVE_REGULATION_OF_NERVOUS_SYSTEM_PROCESS,0.998374769662442,0.517172361366138,0.172454153809544,0.961293634587947,FALSE,0
GOBP_POSITIVE_REGULATION_OF_NEUROBLAST_PROLIFERATION,-0.637357263277184,0.701748368199932,-0.292879328636565,0.929400307003233,FALSE,0
GOBP_POSITIVE_REGULATION_OF_NEURON_APOPTOTIC_PROCESS,-0.138649741332186,0.94011984162059,-1.42091813954784,0.490445308677943,FALSE,0
GOBP_POSITIVE_REGULATION_OF_NEUROTRANSMITTER_SECRETION,1.06797365649403,0.4803041738309,0.956217926139648,0.684097532223887,FALSE,0
GOBP_POSITIVE_REGULATION_OF_NEUROTRANSMITTER_TRANSPORT,0.953409098902253,0.538442767269793,0.903616160298883,0.702052223136288,FALSE,0
GOBP_POSITIVE_REGULATION_OF_NF_KAPPAB_TRANSCRIPTION_FACTOR_ACTIVITY,0.440184198266593,0.802392364025602,1.20361005117795,0.581659881237586,FALSE,0
GOBP_POSITIVE_REGULATION_OF_NITRIC_OXIDE_METABOLIC_PROCESS,-0.414351735701639,0.81389499787964,-1.77385203644491,0.354114486607515,FALSE,0
GOBP_POSITIVE_REGULATION_OF_NITRIC_OXIDE_SYNTHASE_BIOSYNTHETIC_PROCESS,1.13390627522165,0.450114897473269,1.30399933365602,0.537459360880975,FALSE,0
GOBP_POSITIVE_REGULATION_OF_NUCLEAR_DIVISION,0.994853561158977,0.519083205634083,1.58088130636745,0.423459731894361,FALSE,0
GOBP_POSITIVE_REGULATION_OF_NUCLEAR_TRANSCRIBED_MRNA_CATABOLIC_PROCESS_DEADENYLATION_DEPENDENT_DECAY,-4.4946242227758,0.000287079032594071,-0.110082709436419,0.979324902785417,FALSE,0
GOBP_POSITIVE_REGULATION_OF_NUCLEOCYTOPLASMIC_TRANSPORT,-3.27600467589744,0.0107448268783174,-1.48225073252316,0.466298863515239,FALSE,0
GOBP_POSITIVE_REGULATION_OF_OLIGODENDROCYTE_DIFFERENTIATION,1.12124153805366,0.455583114698377,0.231414218922718,0.946981753522957,FALSE,0
GOBP_POSITIVE_REGULATION_OF_ORGANIC_ACID_TRANSPORT,1.17683399688163,0.43135814271492,1.17551467710004,0.59369512130076,FALSE,0
GOBP_POSITIVE_REGULATION_OF_ORGAN_GROWTH,-1.79098627992455,0.198317662971026,-1.83627631861629,0.333114829033326,FALSE,0
GOBP_POSITIVE_REGULATION_OF_OSSIFICATION,1.71941845137621,0.220880750660432,3.32916502544897,0.041811252186622,FALSE,0
GOBP_POSITIVE_REGULATION_OF_OSTEOBLAST_DIFFERENTIATION,2.04046366626381,0.130991256275407,0.451336826147029,0.8807559713027,FALSE,0
GOBP_POSITIVE_REGULATION_OF_PATTERN_RECOGNITION_RECEPTOR_SIGNALING_PATHWAY,1.2066898726497,0.417854205449779,0.375354330066978,0.905355298706468,FALSE,0
GOBP_POSITIVE_REGULATION_OF_PEPTIDYL_SERINE_PHOSPHORYLATION,0.36430052034651,0.837644342996325,1.45960418318123,0.476331223452325,FALSE,0
GOBP_POSITIVE_REGULATION_OF_PEPTIDYL_TYROSINE_PHOSPHORYLATION,-0.82502919336576,0.603945266985805,-0.700935127901445,0.789648513324866,FALSE,0
GOBP_POSITIVE_REGULATION_OF_PHAGOCYTOSIS,-0.153448180282729,0.935698245171468,-1.32507909024937,0.527210618630965,FALSE,0
GOBP_POSITIVE_REGULATION_OF_PHOSPHATIDYLINOSITOL_3_KINASE_SIGNALING,-0.345590884683802,0.846164159015171,-0.593003807601045,0.833506344454803,FALSE,0
GOBP_POSITIVE_REGULATION_OF_PHOSPHOPROTEIN_PHOSPHATASE_ACTIVITY,-0.0689333820659781,0.970592476559655,-0.579519822333981,0.839152602759288,FALSE,0
GOBP_POSITIVE_REGULATION_OF_POTASSIUM_ION_TRANSPORT,0.569311084470542,0.733732559071343,1.1732172939145,0.59369512130076,FALSE,0
GOBP_POSITIVE_REGULATION_OF_PROTEASOMAL_UBIQUITIN_DEPENDENT_PROTEIN_CATABOLIC_PROCESS,-0.379232671615659,0.829621251350169,-3.43112528696757,0.0347552617611551,FALSE,0
GOBP_POSITIVE_REGULATION_OF_PROTEIN_CATABOLIC_PROCESS,-0.641071791707961,0.699786325739072,-4.09403778942252,0.0127284462146949,FALSE,0
GOBP_POSITIVE_REGULATION_OF_PROTEIN_CONTAINING_COMPLEX_ASSEMBLY,-0.809234124832132,0.609951643848217,-2.19183477174481,0.223164511107693,FALSE,0
GOBP_POSITIVE_REGULATION_OF_PROTEIN_CONTAINING_COMPLEX_DISASSEMBLY,0.182887918394779,0.925200131501614,0.500211856312784,0.867377902551732,FALSE,0
GOBP_POSITIVE_REGULATION_OF_PROTEIN_DEACETYLATION,-3.99118801543837,0.00149783801835665,-0.621943813712547,0.822929716199511,FALSE,0
GOBP_POSITIVE_REGULATION_OF_PROTEIN_DEPOLYMERIZATION,1.68214530148859,0.232983767798205,0.333056557046587,0.917303102784516,FALSE,0
GOBP_POSITIVE_REGULATION_OF_PROTEIN_IMPORT,-3.47158140791534,0.00680730317409102,-1.83280565167846,0.333803244117566,FALSE,0
GOBP_POSITIVE_REGULATION_OF_PROTEIN_LOCALIZATION_TO_NUCLEUS,-1.82559173470049,0.187241627120217,-0.982695356301917,0.676007884135415,FALSE,0
GOBP_POSITIVE_REGULATION_OF_PROTEIN_MODIFICATION_BY_SMALL_PROTEIN_CONJUGATION_OR_REMOVAL,-0.477800242660767,0.783044462394481,-0.87608669186711,0.717275736809776,FALSE,0
GOBP_POSITIVE_REGULATION_OF_PROTEIN_POLYMERIZATION,-1.41837190007899,0.330048182908614,-2.40117206738723,0.169910626563442,FALSE,0
GOBP_POSITIVE_REGULATION_OF_PROTEIN_POLYUBIQUITINATION,-0.595925998543284,0.72055237258477,-1.83040742558702,0.334521647773534,FALSE,0
GOBP_POSITIVE_REGULATION_OF_PROTEIN_SERINE_THREONINE_KINASE_ACTIVITY,-0.432304536406305,0.80606506846218,-1.98518104467982,0.28881929772838,FALSE,0
GOBP_POSITIVE_REGULATION_OF_PROTEIN_TYROSINE_KINASE_ACTIVITY,-2.14453243656497,0.111259310249551,-1.18162639251671,0.591643999049965,FALSE,0
GOBP_POSITIVE_REGULATION_OF_PROTEOLYSIS_INVOLVED_IN_CELLULAR_PROTEIN_CATABOLIC_PROCESS,-0.252929330168463,0.889650738518018,-2.73832853660223,0.102640802685041,FALSE,0
GOBP_POSITIVE_REGULATION_OF_RECEPTOR_MEDIATED_ENDOCYTOSIS,0.209865167610333,0.910905306283779,0.0290656890654397,0.994253361460453,FALSE,0
GOBP_POSITIVE_REGULATION_OF_RELEASE_OF_SEQUESTERED_CALCIUM_ION_INTO_CYTOSOL,-1.58805674768286,0.263129854588812,-0.488665989791051,0.872646323787657,FALSE,0
GOBP_POSITIVE_REGULATION_OF_REPRODUCTIVE_PROCESS,0.177675099338905,0.926828608532561,0.803065890950556,0.744161026054853,FALSE,0
GOBP_POSITIVE_REGULATION_OF_RESPONSE_TO_DNA_DAMAGE_STIMULUS,-1.32239086311778,0.369849349589477,-0.750783126306501,0.768012698739432,FALSE,0
GOBP_POSITIVE_REGULATION_OF_RESPONSE_TO_ENDOPLASMIC_RETICULUM_STRESS,-1.73365854278598,0.216552081367675,-2.23120084005315,0.21530625128843,FALSE,0
GOBP_POSITIVE_REGULATION_OF_RESPONSE_TO_WOUNDING,1.15925468909343,0.438916412316611,0.00706835875372695,0.999072973005151,FALSE,0
GOBP_POSITIVE_REGULATION_OF_RHO_PROTEIN_SIGNAL_TRANSDUCTION,0.551382253423457,0.742974245105336,0.716334629537917,0.783187786878163,FALSE,0
GOBP_POSITIVE_REGULATION_OF_RNA_SPLICING,-4.53671119839095,0.000245170779474485,-1.42248402086677,0.490439828764222,FALSE,0
GOBP_POSITIVE_REGULATION_OF_SIGNALING_RECEPTOR_ACTIVITY,-1.17820765004991,0.430671874119305,-0.337037967511706,0.916121946305815,FALSE,0
GOBP_POSITIVE_REGULATION_OF_SIGNAL_TRANSDUCTION_BY_P53_CLASS_MEDIATOR,-0.6736867171223,0.680699579415788,-1.27311708311192,0.552457494900601,FALSE,0
GOBP_POSITIVE_REGULATION_OF_SMAD_PROTEIN_SIGNAL_TRANSDUCTION,3.96384959538523,0.0016439069301444,0.0313580165706514,0.993713150658648,FALSE,0
GOBP_POSITIVE_REGULATION_OF_SMALL_MOLECULE_METABOLIC_PROCESS,-1.13597540606698,0.44951342046415,-0.603665889770859,0.830252791898785,FALSE,0
GOBP_POSITIVE_REGULATION_OF_SMOOTHENED_SIGNALING_PATHWAY,-2.1971655236732,0.101470497789486,-1.0041194587426,0.668657657844831,FALSE,0
GOBP_POSITIVE_REGULATION_OF_SMOOTH_MUSCLE_CELL_MIGRATION,1.83823375779956,0.183556876528986,0.20652175743917,0.95459222084748,FALSE,0
GOBP_POSITIVE_REGULATION_OF_SMOOTH_MUSCLE_CELL_PROLIFERATION,0.273677072238285,0.880301431469419,0.424282992327621,0.888686105772225,FALSE,0
GOBP_POSITIVE_REGULATION_OF_SODIUM_ION_TRANSMEMBRANE_TRANSPORT,-2.12661618256379,0.114255450768406,-0.977728982055987,0.676007884135415,FALSE,0
GOBP_POSITIVE_REGULATION_OF_SODIUM_ION_TRANSPORT,-0.89085594659967,0.571100280870253,-0.807797255312361,0.743969841281928,FALSE,0
GOBP_POSITIVE_REGULATION_OF_SPROUTING_ANGIOGENESIS,1.23907048436204,0.405961029870184,0.331799350834565,0.917790594178572,FALSE,0
GOBP_POSITIVE_REGULATION_OF_STEROID_BIOSYNTHETIC_PROCESS,-2.25533308920952,0.0918985179568884,-0.215284515635226,0.952290052486689,FALSE,0
GOBP_POSITIVE_REGULATION_OF_STEROID_METABOLIC_PROCESS,-2.02415232522418,0.134697091099277,-0.666881090306116,0.803999935719581,FALSE,0
GOBP_POSITIVE_REGULATION_OF_STEROL_TRANSPORT,-1.74902286163957,0.211890369853448,-1.66634324879361,0.394881885403515,FALSE,0
GOBP_POSITIVE_REGULATION_OF_STRESS_ACTIVATED_PROTEIN_KINASE_SIGNALING_CASCADE,0.100066126736035,0.95670959390214,0.280900287753269,0.931812924507904,FALSE,0
GOBP_POSITIVE_REGULATION_OF_STRESS_FIBER_ASSEMBLY,-0.114330883648072,0.9497392160504,-2.13692010463884,0.240576487173323,FALSE,0
GOBP_POSITIVE_REGULATION_OF_SUPRAMOLECULAR_FIBER_ORGANIZATION,-1.29871262700959,0.379318598377934,-1.96171063088572,0.295668437145621,FALSE,0
GOBP_POSITIVE_REGULATION_OF_SYNAPSE_ASSEMBLY,0.732670689241805,0.649237809222414,0.804791978825302,0.744161026054853,FALSE,0
GOBP_POSITIVE_REGULATION_OF_SYNCYTIUM_FORMATION_BY_PLASMA_MEMBRANE_FUSION,0.903121680388251,0.5637762033253,0.392370724008386,0.901341812940693,FALSE,0
GOBP_POSITIVE_REGULATION_OF_TELOMERE_CAPPING,-0.63001756278111,0.70325555596463,-0.866953162306084,0.71984886571082,FALSE,0
GOBP_POSITIVE_REGULATION_OF_TELOMERE_MAINTENANCE,-0.573966414057215,0.730966533603433,-0.158472330088589,0.964403570629082,FALSE,0
GOBP_POSITIVE_REGULATION_OF_TOLL_LIKE_RECEPTOR_SIGNALING_PATHWAY,2.50978413831303,0.0573823670640345,0.482627921764942,0.873631163209826,FALSE,0
GOBP_POSITIVE_REGULATION_OF_TORC1_SIGNALING,-3.29149996203158,0.0104081478862297,-0.485201942212647,0.873579624856969,FALSE,0
GOBP_POSITIVE_REGULATION_OF_TOR_SIGNALING,-4.16495786994919,0.000876202417164151,-1.87257587701485,0.319085421390079,FALSE,0
GOBP_POSITIVE_REGULATION_OF_TRANSCRIPTION_BY_RNA_POLYMERASE_III,-2.56007557368859,0.0519113465678584,-0.880854488652838,0.715634447989624,FALSE,0
GOBP_POSITIVE_REGULATION_OF_TRANSCRIPTION_ELONGATION_FROM_RNA_POLYMERASE_II_PROMOTER,-3.69432404370568,0.00358111325224373,-0.574678050643037,0.839563810561272,FALSE,0
GOBP_POSITIVE_REGULATION_OF_TRANSCRIPTION_FROM_RNA_POLYMERASE_II_PROMOTER_INVOLVED_IN_CELLULAR_RESPONSE_TO_CHEMICAL_STIMULUS,-3.97124767461071,0.00160060472466656,-1.19233916486286,0.586707047908455,FALSE,0
GOBP_POSITIVE_REGULATION_OF_TRANSLATION,-1.41422522415533,0.331787725040183,-0.688163273969841,0.795388919473679,FALSE,0
GOBP_POSITIVE_REGULATION_OF_TRANSLATIONAL_INITIATION,-1.43723248603437,0.32054002716822,-0.334022391456101,0.917303102784516,FALSE,0
GOBP_POSITIVE_REGULATION_OF_TRANSMEMBRANE_TRANSPORT,-1.44669857348938,0.31669765528808,-0.152884034502217,0.966619708255492,FALSE,0
GOBP_POSITIVE_REGULATION_OF_TYPE_2_IMMUNE_RESPONSE,0.174128272189212,0.928872976047482,1.52236223214072,0.447553476477342,FALSE,0
GOBP_POSITIVE_REGULATION_OF_T_CELL_PROLIFERATION,0.524047837051654,0.756773478337783,0.501786780259245,0.866768634639725,FALSE,0
GOBP_POSITIVE_REGULATION_OF_T_CELL_RECEPTOR_SIGNALING_PATHWAY,-1.81440151636293,0.190302498144156,-0.987041920764005,0.674711244420758,FALSE,0
GOBP_POSITIVE_REGULATION_OF_T_HELPER_CELL_DIFFERENTIATION,0.55944396538156,0.73864109651208,1.14801743659494,0.606269788910373,FALSE,0
GOBP_POSITIVE_REGULATION_OF_UBIQUITIN_DEPENDENT_PROTEIN_CATABOLIC_PROCESS,-0.36360626077082,0.837894903556497,-2.86379279826891,0.0881122341851409,FALSE,0
GOBP_POSITIVE_REGULATION_OF_UBIQUITIN_PROTEIN_TRANSFERASE_ACTIVITY,0.267677062470677,0.883299146378229,0.28235347314437,0.931635894679924,FALSE,0
GOBP_POSITIVE_REGULATION_OF_VACUOLE_ORGANIZATION,1.94424562307809,0.155175596988282,1.54299872342284,0.440009480591467,FALSE,0
GOBP_POSITIVE_REGULATION_OF_VASCULAR_ENDOTHELIAL_CELL_PROLIFERATION,-2.52307203497161,0.0559819334954596,-0.0587641030007257,0.988756283300366,FALSE,0
GOBP_POSITIVE_REGULATION_OF_VASCULAR_ENDOTHELIAL_GROWTH_FACTOR_PRODUCTION,-1.71081489131124,0.223496077105102,-0.414372639832298,0.89256941769718,FALSE,0
GOBP_POSITIVE_REGULATION_OF_WNT_SIGNALING_PATHWAY,-1.70226578430254,0.226897618852599,-1.37952490531792,0.507343589064913,FALSE,0
GOBP_POSITIVE_REGULATION_OF_WOUND_HEALING,2.34010792742051,0.0785209794426262,0.847306900298848,0.729028158138777,FALSE,0
GOBP_POSITIVE_T_CELL_SELECTION,-0.839462692069676,0.596373057239464,-0.991827779988504,0.67238145901751,FALSE,0
GOBP_POSTREPLICATION_REPAIR,-2.10311214554247,0.118701415309737,-1.88994220171365,0.316705757374023,FALSE,0
GOBP_POSTSYNAPSE_ASSEMBLY,1.94884201372479,0.153793540871309,2.92116206239732,0.0769838697309795,FALSE,0
GOBP_POSTSYNAPSE_ORGANIZATION,2.52064221164395,0.0561600053238805,1.49924794864182,0.456944593473552,FALSE,0
GOBP_POSTSYNAPTIC_MEMBRANE_ORGANIZATION,0.0167019137056169,0.993159571215954,1.22042471717389,0.576631896179233,FALSE,0
GOBP_POSTSYNAPTIC_SIGNAL_TRANSDUCTION,1.57386298704659,0.268502095168655,2.01318787709682,0.281764608205245,FALSE,0
GOBP_POSTSYNAPTIC_SPECIALIZATION_ASSEMBLY,2.59033596254547,0.0486102580895812,1.0768090580088,0.636777105984657,FALSE,0
GOBP_POSTSYNAPTIC_SPECIALIZATION_ORGANIZATION,1.83964605102269,0.183491232523703,2.13487592805497,0.241135539127979,FALSE,0
GOBP_POST_EMBRYONIC_ANIMAL_ORGAN_DEVELOPMENT,-0.574818773649749,0.730752010342134,-2.24495695821406,0.213371724274237,FALSE,0
GOBP_POST_EMBRYONIC_DEVELOPMENT,-0.337294264626242,0.848437926876711,-2.13950477221851,0.240086209753709,FALSE,0
GOBP_POTASSIUM_ION_EXPORT_ACROSS_PLASMA_MEMBRANE,-0.75211556072449,0.640410866321923,-0.330420712478305,0.918705679717018,FALSE,0
GOBP_POTASSIUM_ION_HOMEOSTASIS,1.71777125712566,0.221433689590116,0.820461440727825,0.740018657201796,FALSE,0
GOBP_POTASSIUM_ION_IMPORT_ACROSS_PLASMA_MEMBRANE,0.0113158534732567,0.994656720552319,1.39786610008002,0.500793293788836,FALSE,0
GOBP_POTASSIUM_ION_TRANSPORT,0.103681129074988,0.954205460801378,0.35054377001231,0.913506942060763,FALSE,0
GOBP_PRESYNAPSE_ORGANIZATION,1.37590912125407,0.346653696399141,1.55780124643234,0.434109384208092,FALSE,0
GOBP_PRESYNAPTIC_ENDOCYTOSIS,-1.17878261980306,0.430409379995123,-2.64763163562509,0.118270692332919,FALSE,0
GOBP_PRIMARY_ALCOHOL_METABOLIC_PROCESS,2.20223968157909,0.100751253402958,1.26645112746664,0.555819606521751,FALSE,0
GOBP_PRODUCTION_OF_MOLECULAR_MEDIATOR_INVOLVED_IN_INFLAMMATORY_RESPONSE,0.328705012893268,0.852857596138396,0.186210800984313,0.958165734572316,FALSE,0
GOBP_PROGRAMMED_NECROTIC_CELL_DEATH,-1.7473369844263,0.212551620205833,-0.877778842971591,0.716595965615028,FALSE,0
GOBP_PROSTAGLANDIN_TRANSPORT,2.15724607481558,0.1093979604484,0.431273824359835,0.887437506632853,FALSE,0
GOBP_PROSTANOID_BIOSYNTHETIC_PROCESS,1.37833221694247,0.34571459405675,0.875303773114607,0.717393200453916,FALSE,0
GOBP_PROSTANOID_METABOLIC_PROCESS,1.74564383039494,0.212999673368312,1.02840980617265,0.656606251557113,FALSE,0
GOBP_PROSTATE_GLAND_MORPHOGENESIS,0.315097147758514,0.859142089672055,1.19228390808032,0.586707047908455,FALSE,0
GOBP_PROTEIN_ACETYLATION,-2.96563994041895,0.0220119596791353,-0.224130404631262,0.948122856797163,FALSE,0
GOBP_PROTEIN_AUTOPHOSPHORYLATION,-0.85573136439026,0.58867689462735,-1.71106597622217,0.377372190571847,FALSE,0
GOBP_PROTEIN_AUTOPROCESSING,1.16967757688814,0.433344180246413,0.909522064478225,0.699975937031591,FALSE,0
GOBP_PROTEIN_CATABOLIC_PROCESS_IN_THE_VACUOLE,3.19509588252352,0.0130388835755473,0.0824831287948891,0.984889961529468,FALSE,0
GOBP_PROTEIN_COMPLEX_OLIGOMERIZATION,-0.937436839013758,0.545637289434463,-1.83511134697939,0.333484858671168,FALSE,0
GOBP_PROTEIN_CONTAINING_COMPLEX_LOCALIZATION,-0.115222596241955,0.9497392160504,-0.321034448035252,0.921566992797259,FALSE,0
GOBP_PROTEIN_DEMANNOSYLATION,-0.863019492268128,0.584688307593271,-0.624540899874127,0.82193359680701,FALSE,0
GOBP_PROTEIN_DEMETHYLATION,-4.97416499175967,5.19094298515681e-05,-0.326709708372697,0.919520090817997,FALSE,0
GOBP_PROTEIN_DEPHOSPHORYLATION,-0.947844211238225,0.540422616005261,-1.64862840605737,0.400319894191124,FALSE,0
GOBP_PROTEIN_DESTABILIZATION,-1.19302005488999,0.424576473330217,-2.06089883533744,0.266723894805951,FALSE,0
GOBP_PROTEIN_EXPORT_FROM_NUCLEUS,-0.687089684257829,0.673788026068242,-0.0484426043746606,0.99028539221611,FALSE,0
GOBP_PROTEIN_HETEROTETRAMERIZATION,-1.61124106375805,0.254779633035323,-2.02403724732525,0.278278709608242,FALSE,0
GOBP_PROTEIN_HOMOOLIGOMERIZATION,-1.22228862575874,0.413110308277322,-1.34906428584764,0.518029926744887,FALSE,0
GOBP_PROTEIN_HOMOTETRAMERIZATION,-2.1500845998082,0.110656231404408,-0.220013832600454,0.94975793122631,FALSE,0
GOBP_PROTEIN_IMPORT,-1.57166226438781,0.269269774610502,-1.08336745023207,0.633828004520543,FALSE,0
GOBP_PROTEIN_INSERTION_INTO_ER_MEMBRANE,-0.917872103912674,0.556325362532231,-0.76588502566629,0.760197753327446,FALSE,0
GOBP_PROTEIN_K11_LINKED_UBIQUITINATION,-1.48592774817005,0.300445644818456,-0.526728511019107,0.857934812831941,FALSE,0
GOBP_PROTEIN_K48_LINKED_DEUBIQUITINATION,-2.19615138610448,0.101537663913209,-0.448284155663015,0.882169729475433,FALSE,0
GOBP_PROTEIN_K63_LINKED_UBIQUITINATION,-2.85814139024781,0.0274299931056383,-1.02103574058545,0.660440749610967,FALSE,0
GOBP_PROTEIN_KINASE_A_SIGNALING,-2.20193297327874,0.100758878062146,-1.8471322504465,0.328402734588529,FALSE,0
GOBP_PROTEIN_KINASE_B_SIGNALING,-0.116499712018368,0.9497392160504,-0.602583116382038,0.830610227179675,FALSE,0
GOBP_PROTEIN_KINASE_C_ACTIVATING_G_PROTEIN_COUPLED_RECEPTOR_SIGNALING_PATHWAY,-0.760974385257733,0.63533591625583,-0.827753063111682,0.735691610613224,FALSE,0
GOBP_PROTEIN_LIPID_COMPLEX_SUBUNIT_ORGANIZATION,-0.78647412189149,0.621436170662264,-0.838299607593242,0.730488718145235,FALSE,0
GOBP_PROTEIN_LOCALIZATION_TO_CELL_JUNCTION,5.69993089127686,3.33857126866741e-06,1.05188805324455,0.647752925393424,FALSE,0
GOBP_PROTEIN_LOCALIZATION_TO_CHROMATIN,-0.890498149728061,0.571224398980897,-1.72792077951775,0.371607641586472,FALSE,0
GOBP_PROTEIN_LOCALIZATION_TO_CHROMOSOME_CENTROMERIC_REGION,2.10803248012487,0.11765172797769,0.920636638788421,0.696739423485465,FALSE,0
GOBP_PROTEIN_LOCALIZATION_TO_CILIARY_MEMBRANE,-0.041617474878063,0.981287592070703,-1.94082686961482,0.299489652916657,FALSE,0
GOBP_PROTEIN_LOCALIZATION_TO_CONDENSED_CHROMOSOME,2.91108205166624,0.0246604793124936,0.880084448401303,0.715950577894792,FALSE,0
GOBP_PROTEIN_LOCALIZATION_TO_CYTOSKELETON,-1.36757439857775,0.350393730180202,-2.37088917408685,0.177836012934913,FALSE,0
GOBP_PROTEIN_LOCALIZATION_TO_GOLGI_APPARATUS,-3.06214578870804,0.017735511976276,-0.40230654860313,0.896493499377199,FALSE,0
GOBP_PROTEIN_LOCALIZATION_TO_MICROTUBULE,-0.81847094852904,0.60667192827021,-1.65272590361069,0.399773643932649,FALSE,0
GOBP_PROTEIN_LOCALIZATION_TO_MICROTUBULE_ORGANIZING_CENTER,-3.07865860908931,0.0171305014399416,-1.92487638216292,0.304220455807419,FALSE,0
GOBP_PROTEIN_LOCALIZATION_TO_NUCLEUS,-1.22420857105775,0.412356034558877,-2.02970175471652,0.276539584694698,FALSE,0
GOBP_PROTEIN_LOCALIZATION_TO_PHAGOPHORE_ASSEMBLY_SITE,-3.01758928145708,0.0196139524525931,-1.01411938538624,0.663232698747818,FALSE,0
GOBP_PROTEIN_LOCALIZATION_TO_POSTSYNAPSE,2.04534219314619,0.130147379226898,1.81871777774864,0.336825271712895,FALSE,0
GOBP_PROTEIN_LOCALIZATION_TO_SYNAPSE,3.92362385417387,0.00185376035166641,1.67053123318158,0.393349169372969,FALSE,0
GOBP_PROTEIN_LOCALIZATION_TO_VACUOLE,2.1645101659479,0.108040995566715,0.35250475444392,0.912861946488461,FALSE,0
GOBP_PROTEIN_MONOUBIQUITINATION,-1.37999760417857,0.345439324449263,-0.67158802582873,0.802453634254088,FALSE,0
GOBP_PROTEIN_NEDDYLATION,-0.250542073848456,0.890740546934538,-0.122561526804429,0.974635478211834,FALSE,0
GOBP_PROTEIN_PEPTIDYL_PROLYL_ISOMERIZATION,-0.754019073886101,0.639494124121786,-1.71385323873559,0.375781899656843,FALSE,0
GOBP_PROTEIN_POLYUBIQUITINATION,-1.02183407691757,0.504315111908199,-1.6081174232456,0.412907835155858,FALSE,0
GOBP_PROTEIN_QUALITY_CONTROL_FOR_MISFOLDED_OR_INCOMPLETELY_SYNTHESIZED_PROTEINS,-2.1023722239961,0.118763632114906,-0.413320053885877,0.892849361932455,FALSE,0
GOBP_PROTEIN_REFOLDING,-0.910705073543861,0.560101776260306,-0.122472785411791,0.974635478211834,FALSE,0
GOBP_PROTEIN_STABILIZATION,-2.32635735535486,0.0806359143497035,-0.523221852923276,0.859176134255858,FALSE,0
GOBP_PROTEIN_SUMOYLATION,-0.880276783411089,0.575825224843051,-3.05076406818599,0.0630291743815711,FALSE,0
GOBP_PROTEIN_TETRAMERIZATION,-2.47232875769458,0.0613837655609926,-0.528935792690592,0.857292129350181,FALSE,0
GOBP_PROTEIN_TRIMERIZATION,0.769663868750798,0.630940865107985,0.178683936941207,0.959535618650881,FALSE,0
GOBP_PULMONARY_VALVE_DEVELOPMENT,0.374234641452077,0.832194203430277,1.3466859465438,0.518421421760829,FALSE,0
GOBP_PULMONARY_VALVE_MORPHOGENESIS,1.54806921304954,0.277179020272358,1.04806139982109,0.648922743525771,FALSE,0
GOBP_PURINE_CONTAINING_COMPOUND_CATABOLIC_PROCESS,1.66685432454033,0.23692454369533,3.17739253499009,0.0530027182297964,FALSE,0
GOBP_PURINE_NUCLEOSIDE_METABOLIC_PROCESS,0.518705120227879,0.759790604699818,2.62665056281459,0.122004526706,FALSE,0
GOBP_PURINE_NUCLEOTIDE_CATABOLIC_PROCESS,1.78313966580668,0.200707793457267,3.16658532974122,0.0537237767660048,FALSE,0
GOBP_PURINE_RIBONUCLEOSIDE_METABOLIC_PROCESS,1.39521204992083,0.339452473994035,2.14277221064932,0.239169330995619,FALSE,0
GOBP_PYRIDINE_CONTAINING_COMPOUND_BIOSYNTHETIC_PROCESS,2.60683101209257,0.0470068455955514,0.0382118045980025,0.992506159342816,FALSE,0
GOBP_PYRIDINE_NUCLEOTIDE_BIOSYNTHETIC_PROCESS,2.93632393442957,0.0233444469413578,1.06316911071349,0.644330569524334,FALSE,0
GOBP_PYRIDINE_NUCLEOTIDE_METABOLIC_PROCESS,1.72886047557117,0.218170036230688,0.317835986080739,0.922310588249655,FALSE,0
GOBP_PYRIMIDINE_CONTAINING_COMPOUND_CATABOLIC_PROCESS,-2.39076924865186,0.071783362465996,-1.75900562905698,0.358566745766996,FALSE,0
GOBP_PYRIMIDINE_CONTAINING_COMPOUND_METABOLIC_PROCESS,-1.09058432903053,0.46923571677435,-1.6115223349739,0.411867046563292,FALSE,0
GOBP_PYRIMIDINE_DEOXYRIBONUCLEOTIDE_METABOLIC_PROCESS,-2.09122427089923,0.121064057585382,-0.693938306872783,0.792490545623209,FALSE,0
GOBP_PYRIMIDINE_NUCLEOBASE_METABOLIC_PROCESS,-0.877424582578633,0.577392651927835,-1.02199596056342,0.660440749610967,FALSE,0
GOBP_PYRIMIDINE_NUCLEOSIDE_METABOLIC_PROCESS,-3.33434345633469,0.00936690877963724,-2.376428054068,0.176738759147311,FALSE,0
GOBP_PYRIMIDINE_NUCLEOSIDE_MONOPHOSPHATE_BIOSYNTHETIC_PROCESS,-4.26366180716039,0.000620049827312931,-1.0208984603374,0.660440749610967,FALSE,0
GOBP_PYRIMIDINE_NUCLEOSIDE_MONOPHOSPHATE_METABOLIC_PROCESS,-4.46605319599237,0.000315261453847516,-0.202185281976508,0.956122449467863,FALSE,0
GOBP_PYRIMIDINE_NUCLEOSIDE_TRIPHOSPHATE_BIOSYNTHETIC_PROCESS,0.187889161399106,0.923027441381127,1.38152692826683,0.505839888295449,FALSE,0
GOBP_PYRIMIDINE_NUCLEOSIDE_TRIPHOSPHATE_METABOLIC_PROCESS,1.27773812376205,0.388863021624848,0.750519193195828,0.768012698739432,FALSE,0
GOBP_PYRIMIDINE_NUCLEOTIDE_CATABOLIC_PROCESS,-1.12040332411401,0.455583114698377,-1.96337969682771,0.29519842127935,FALSE,0
GOBP_PYRIMIDINE_NUCLEOTIDE_METABOLIC_PROCESS,-1.17522670724319,0.431760167892076,-0.746202408335674,0.76937846383621,FALSE,0
GOBP_PYRUVATE_METABOLIC_PROCESS,-0.295195941346984,0.870268500430009,-1.35034044646014,0.517422178723134,FALSE,0
GOBP_QUATERNARY_AMMONIUM_GROUP_TRANSPORT,-1.93375958557467,0.157350046562937,-0.285585443948676,0.93110497563752,FALSE,0
GOBP_QUINONE_METABOLIC_PROCESS,4.12039825120791,0.00102497096723617,3.27669887536152,0.0449521197336392,FALSE,0
GOBP_RAB_PROTEIN_SIGNAL_TRANSDUCTION,-2.86319682394633,0.0272656423411056,-1.22715755084932,0.573820397959116,FALSE,0
GOBP_REACTIVE_OXYGEN_SPECIES_METABOLIC_PROCESS,0.886541680375117,0.572777727326035,0.649151588124718,0.813066756715847,FALSE,0
GOBP_RECEPTOR_CATABOLIC_PROCESS,0.454568403895885,0.79540018937393,1.55657646702385,0.43431190903968,FALSE,0
GOBP_RECEPTOR_INTERNALIZATION,-0.830581451265937,0.600337511972715,-0.283170369142193,0.931635894679924,FALSE,0
GOBP_RECEPTOR_LOCALIZATION_TO_SYNAPSE,3.92291043703432,0.00185376035166641,0.568191898329521,0.841584357591767,FALSE,0
GOBP_RECEPTOR_METABOLIC_PROCESS,-0.380414570200731,0.829293014147641,-0.621878270164015,0.822929716199511,FALSE,0
GOBP_RECOMBINATIONAL_REPAIR,-0.316521707790156,0.858613783347818,-0.0630133381558526,0.988756283300366,FALSE,0
GOBP_REFLEX,4.07017875135033,0.00119621479171186,2.44126828965559,0.162472841455124,FALSE,0
GOBP_REGENERATION,-0.0318634053457971,0.985617637312313,-1.30680084682776,0.537195063265708,FALSE,0
GOBP_REGULATION_OF_ACTIN_FILAMENT_BASED_MOVEMENT,2.42975117809793,0.0664365734922912,0.495718552733547,0.868739123146472,FALSE,0
GOBP_REGULATION_OF_ACTIN_NUCLEATION,-3.11575834710657,0.015666669907106,-0.670780266653086,0.803026340593614,FALSE,0
GOBP_REGULATION_OF_ACTIVIN_RECEPTOR_SIGNALING_PATHWAY,2.21315915465176,0.0991991356562769,0.0244449851595505,0.996226016827634,FALSE,0
GOBP_REGULATION_OF_ACUTE_INFLAMMATORY_RESPONSE,0.577544623969341,0.73017685808483,0.268924692572999,0.937263661933633,FALSE,0
GOBP_REGULATION_OF_ADENYLATE_CYCLASE_ACTIVITY,-0.105538180806641,0.953341879541787,-0.139707978205203,0.971134967200731,FALSE,0
GOBP_REGULATION_OF_ALPHA_BETA_T_CELL_ACTIVATION,-0.502177617272526,0.769465592498763,-0.686669044132363,0.796098287240193,FALSE,0
GOBP_REGULATION_OF_ALPHA_BETA_T_CELL_DIFFERENTIATION,-0.691476074773275,0.671616302325889,-0.280721972886031,0.931812924507904,FALSE,0
GOBP_REGULATION_OF_ALTERNATIVE_MRNA_SPLICING_VIA_SPLICEOSOME,-3.52294722361818,0.00581341627052746,-0.0276927818840953,0.994757631248731,FALSE,0
GOBP_REGULATION_OF_AMINO_ACID_TRANSPORT,-1.81797002680771,0.189268125951894,-0.0687594866654016,0.987389867485698,FALSE,0
GOBP_REGULATION_OF_AMYLOID_PRECURSOR_PROTEIN_CATABOLIC_PROCESS,-1.21414100596968,0.416081612621721,-2.47560522426088,0.155342616927101,FALSE,0
GOBP_REGULATION_OF_ANDROGEN_RECEPTOR_SIGNALING_PATHWAY,-1.05007835608411,0.490168257948832,-3.09774692914984,0.0596136343005209,FALSE,0
GOBP_REGULATION_OF_ANIMAL_ORGAN_FORMATION,0.941097172323181,0.543440570774902,0.7867993596462,0.74868882651768,FALSE,0
GOBP_REGULATION_OF_ANTIGEN_PROCESSING_AND_PRESENTATION,-2.03632541469524,0.132187312555294,-0.911932868765203,0.699975937031591,FALSE,0
GOBP_REGULATION_OF_ANTIGEN_RECEPTOR_MEDIATED_SIGNALING_PATHWAY,-0.263424269086871,0.884593621311678,-3.11582128481987,0.0581551831807039,FALSE,0
GOBP_REGULATION_OF_ARP2_3_COMPLEX_MEDIATED_ACTIN_NUCLEATION,-3.051871001736,0.0180833378193152,-0.214276614000108,0.952979180622796,FALSE,0
GOBP_REGULATION_OF_ASTROCYTE_DIFFERENTIATION,0.349301167381637,0.843312016852852,0.711494744069768,0.785940626096475,FALSE,0
GOBP_REGULATION_OF_AUTOPHAGY_OF_MITOCHONDRION,-1.56552507303515,0.271576440073676,-2.02956860985688,0.276539584694698,FALSE,0
GOBP_REGULATION_OF_BICELLULAR_TIGHT_JUNCTION_ASSEMBLY,-0.805932838580666,0.611826358858111,-0.243543741297074,0.943661529755349,FALSE,0
GOBP_REGULATION_OF_BLOOD_CIRCULATION,0.40893359390427,0.816600289271232,1.19480311800525,0.585959343214898,FALSE,0
GOBP_REGULATION_OF_BONE_MINERALIZATION,3.07731200295738,0.0171805964991403,0.22641370317209,0.948122856797163,FALSE,0
GOBP_REGULATION_OF_BRANCHING_INVOLVED_IN_URETERIC_BUD_MORPHOGENESIS,0.519415534448408,0.75978051351781,0.973523252673544,0.677677936436345,FALSE,0
GOBP_REGULATION_OF_BROWN_FAT_CELL_DIFFERENTIATION,-1.49181322793649,0.298831571242628,-1.67624949665729,0.390892293084883,FALSE,0
GOBP_REGULATION_OF_B_CELL_ACTIVATION,-2.07720554118596,0.123833589840483,-1.39179879632801,0.50434679066389,FALSE,0
GOBP_REGULATION_OF_B_CELL_APOPTOTIC_PROCESS,-2.48140917607206,0.0604864471288459,-0.506977178855177,0.865192457076751,FALSE,0
GOBP_REGULATION_OF_B_CELL_MEDIATED_IMMUNITY,-2.55896413148649,0.0520274846872085,-0.099262389653296,0.98101584539611,FALSE,0
GOBP_REGULATION_OF_B_CELL_PROLIFERATION,-1.93689767540037,0.156848134327977,-1.69275394192198,0.384029952301151,FALSE,0
GOBP_REGULATION_OF_B_CELL_RECEPTOR_SIGNALING_PATHWAY,-1.4400091225617,0.31939319062788,-1.94915215017672,0.297412538723901,FALSE,0
GOBP_REGULATION_OF_CALCIUM_ION_IMPORT,2.13044144380168,0.113959947877482,1.25330620352991,0.561709673064708,FALSE,0
GOBP_REGULATION_OF_CALCIUM_ION_TRANSMEMBRANE_TRANSPORT,-1.3205963283104,0.370465980154609,-0.531012126751554,0.857193877261564,FALSE,0
GOBP_REGULATION_OF_CALCIUM_ION_TRANSPORT_INTO_CYTOSOL,-0.950283421562631,0.539880323857496,-0.665145662640034,0.805011186205589,FALSE,0
GOBP_REGULATION_OF_CANONICAL_WNT_SIGNALING_PATHWAY,-2.16190423289133,0.108527874465034,-0.813963672996384,0.741320604057187,FALSE,0
GOBP_REGULATION_OF_CARBOHYDRATE_BIOSYNTHETIC_PROCESS,-2.49523024004218,0.0590720008358685,-1.16282874825033,0.598098533694878,FALSE,0
GOBP_REGULATION_OF_CARBOHYDRATE_CATABOLIC_PROCESS,-1.3677666936898,0.350393730180202,-1.29189390566475,0.542572275743289,FALSE,0
GOBP_REGULATION_OF_CARBOHYDRATE_METABOLIC_PROCESS,-2.45073369228456,0.0638321019226579,-0.869305973722667,0.719226586813006,FALSE,0
GOBP_REGULATION_OF_CARDIAC_MUSCLE_CELL_DIFFERENTIATION,-1.57293569934302,0.268792449999854,-0.729856401840797,0.777461731540365,FALSE,0
GOBP_REGULATION_OF_CARDIAC_MUSCLE_CELL_MEMBRANE_REPOLARIZATION,2.4632297478318,0.0624097118117862,1.30633290836144,0.537195063265708,FALSE,0
GOBP_REGULATION_OF_CARDIAC_MUSCLE_CONTRACTION,2.47136278879006,0.0614952302046663,0.715394918055966,0.783388715799765,FALSE,0
GOBP_REGULATION_OF_CARDIAC_MUSCLE_CONTRACTION_BY_REGULATION_OF_THE_RELEASE_OF_SEQUESTERED_CALCIUM_ION,-0.871282857710417,0.58041580946991,-0.513957592376016,0.862554896176139,FALSE,0
GOBP_REGULATION_OF_CARDIOCYTE_DIFFERENTIATION,0.112871399033844,0.950650600907577,1.66343062656481,0.395691037709846,FALSE,0
GOBP_REGULATION_OF_CARTILAGE_DEVELOPMENT,1.83803220314579,0.183556876528986,1.54386619917332,0.439790623091399,FALSE,0
GOBP_REGULATION_OF_CD4_POSITIVE_ALPHA_BETA_T_CELL_ACTIVATION,-0.531281061395081,0.753394423838764,-0.36553369828581,0.908149461719654,FALSE,0
GOBP_REGULATION_OF_CD8_POSITIVE_ALPHA_BETA_T_CELL_ACTIVATION,-4.69182318623757,0.000145234572684275,-0.117896799834821,0.976843650536404,FALSE,0
GOBP_REGULATION_OF_CELLULAR_AMINE_METABOLIC_PROCESS,0.0159293824583719,0.993159571215954,1.2364955980191,0.566947193048953,FALSE,0
GOBP_REGULATION_OF_CELLULAR_CARBOHYDRATE_METABOLIC_PROCESS,-3.26984484746596,0.0108640353792714,-2.05876122836153,0.267300541186132,FALSE,0
GOBP_REGULATION_OF_CELLULAR_PROTEIN_CATABOLIC_PROCESS,-0.702483112620427,0.66535332428517,-1.63453345058824,0.406533479251225,FALSE,0
GOBP_REGULATION_OF_CELLULAR_RESPONSE_TO_HEAT,-1.74101708534772,0.213776418722345,-1.2087686197922,0.58044058681269,FALSE,0
GOBP_REGULATION_OF_CELLULAR_RESPONSE_TO_INSULIN_STIMULUS,-1.35728509157202,0.355245702301128,-2.74717604344269,0.101320505427746,FALSE,0
GOBP_REGULATION_OF_CELLULAR_RESPONSE_TO_VASCULAR_ENDOTHELIAL_GROWTH_FACTOR_STIMULUS,3.49995284271963,0.00623968252084615,1.86753497146798,0.321074873791374,FALSE,0
GOBP_REGULATION_OF_CELL_CELL_ADHESION_MEDIATED_BY_CADHERIN,-2.3574225517684,0.076203987630441,-1.04117275133251,0.651012341520366,FALSE,0
GOBP_REGULATION_OF_CELL_COMMUNICATION_BY_ELECTRICAL_COUPLING,1.65462410265759,0.240747123606621,2.02044773920043,0.279609102341825,FALSE,0
GOBP_REGULATION_OF_CELL_CYCLE_CHECKPOINT,-1.19152137350498,0.425346338311147,-2.6424767387818,0.119407819286322,FALSE,0
GOBP_REGULATION_OF_CELL_CYCLE_G2_M_PHASE_TRANSITION,-0.62972594585367,0.70325555596463,-0.295172495851204,0.928157167567391,FALSE,0
GOBP_REGULATION_OF_CELL_FATE_COMMITMENT,0.141180641245602,0.938392024898046,2.21866300122244,0.217497784975987,FALSE,0
GOBP_REGULATION_OF_CELL_JUNCTION_ASSEMBLY,0.443087388473811,0.801351233053737,0.173460499876765,0.961135239359009,FALSE,0
GOBP_REGULATION_OF_CELL_KILLING,-0.146783405742778,0.936926717673644,-0.294524456703386,0.928318622937242,FALSE,0
GOBP_REGULATION_OF_CELL_MATRIX_ADHESION,-0.177803540357584,0.926828608532561,-1.73302305677336,0.368530490063513,FALSE,0
GOBP_REGULATION_OF_CELL_MATURATION,0.808649257176769,0.610066054916265,1.34268318725244,0.519127702405832,FALSE,0
GOBP_REGULATION_OF_CELL_MIGRATION_INVOLVED_IN_SPROUTING_ANGIOGENESIS,0.0240478855130539,0.989655773188813,0.22100912133858,0.949504427270755,FALSE,0
GOBP_REGULATION_OF_CELL_SHAPE,-0.134971452124338,0.94203212968218,-1.71424973264,0.375781899656843,FALSE,0
GOBP_REGULATION_OF_CELL_SUBSTRATE_JUNCTION_ORGANIZATION,-1.05981312499999,0.484980915449424,-1.85064264297534,0.327546133759612,FALSE,0
GOBP_REGULATION_OF_CENTRIOLE_REPLICATION,-0.171740550964698,0.930117152473751,-0.800306539146543,0.744161026054853,FALSE,0
GOBP_REGULATION_OF_CENTROSOME_CYCLE,-1.38318151243642,0.344388140567797,-1.62946213671504,0.407815319774927,FALSE,0
GOBP_REGULATION_OF_CHOLESTEROL_EFFLUX,-2.67427074317087,0.041198580560855,-1.58415980258365,0.421905054266098,FALSE,0
GOBP_REGULATION_OF_CHOLESTEROL_METABOLIC_PROCESS,-1.08642787347166,0.470611634255552,-0.804202015729414,0.744161026054853,FALSE,0
GOBP_REGULATION_OF_CHONDROCYTE_DIFFERENTIATION,3.17842653872965,0.0135908576588538,0.381600599439645,0.904733514156596,FALSE,0
GOBP_REGULATION_OF_CHROMATIN_ASSEMBLY_OR_DISASSEMBLY,-4.00833468796838,0.0014414581036122,-0.441504708005152,0.884517238478148,FALSE,0
GOBP_REGULATION_OF_CHROMOSOME_ORGANIZATION,-0.177559425849359,0.926828608532561,-0.846851933633281,0.729028158138777,FALSE,0
GOBP_REGULATION_OF_CILIUM_ASSEMBLY,-2.24456498855441,0.0939477389735487,-1.85816132440484,0.323251489013788,FALSE,0
GOBP_REGULATION_OF_CILIUM_MOVEMENT,0.0774880280158997,0.96646726388392,2.25222292359021,0.209826645360768,FALSE,0
GOBP_REGULATION_OF_CLATHRIN_DEPENDENT_ENDOCYTOSIS,-2.89794345308997,0.0252263849666592,-2.60664623238542,0.125899157026579,FALSE,0
GOBP_REGULATION_OF_COLLAGEN_METABOLIC_PROCESS,2.14483023582387,0.111259310249551,0.755741537371688,0.766742197525781,FALSE,0
GOBP_REGULATION_OF_COLLATERAL_SPROUTING,2.75549561214363,0.0342118302844537,0.144044334318211,0.969864615468961,FALSE,0
GOBP_REGULATION_OF_COMPLEMENT_ACTIVATION,1.44969668159243,0.315420454949445,0.340147742321772,0.914728051345934,FALSE,0
GOBP_REGULATION_OF_CYCLASE_ACTIVITY,0.678543243186151,0.678118413212828,0.177071297027047,0.960014671845472,FALSE,0
GOBP_REGULATION_OF_CYCLIN_DEPENDENT_PROTEIN_KINASE_ACTIVITY,-2.38523511777994,0.0725767767313864,-0.18718066264436,0.958165734572316,FALSE,0
GOBP_REGULATION_OF_CYSTEINE_TYPE_ENDOPEPTIDASE_ACTIVITY_INVOLVED_IN_APOPTOTIC_SIGNALING_PATHWAY,0.768697140713897,0.631060301875547,0.16462158510968,0.963092106885598,FALSE,0
GOBP_REGULATION_OF_CYTOPLASMIC_TRANSLATION,-2.01854850184216,0.135770703830913,-0.680542797572059,0.79833397128596,FALSE,0
GOBP_REGULATION_OF_CYTOPLASMIC_TRANSPORT,-1.568393347183,0.270390480613353,-2.82508425134457,0.0933728461663203,FALSE,0
GOBP_REGULATION_OF_DEFENSE_RESPONSE_TO_BACTERIUM,3.2165848325628,0.0122633244911008,1.41836148902614,0.491812183852758,FALSE,0
GOBP_REGULATION_OF_DENDRITIC_SPINE_MORPHOGENESIS,2.04071942227017,0.130991256275407,1.79866271545049,0.344657401885684,FALSE,0
GOBP_REGULATION_OF_DEPHOSPHORYLATION,-1.18456976354971,0.428667585960001,-2.13638153596886,0.240576487173323,FALSE,0
GOBP_REGULATION_OF_DIGESTIVE_SYSTEM_PROCESS,-1.33710528089646,0.363576937271257,-0.810997178875121,0.742469813596719,FALSE,0
GOBP_REGULATION_OF_DNA_DEPENDENT_DNA_REPLICATION,-0.0910802932184481,0.960251527511727,-0.0582446812533256,0.988756283300366,FALSE,0
GOBP_REGULATION_OF_DNA_METHYLATION,0.723450420612606,0.653231647638294,0.280938536849992,0.931812924507904,FALSE,0
GOBP_REGULATION_OF_DNA_METHYLATION_DEPENDENT_HETEROCHROMATIN_ASSEMBLY,-1.80291742610152,0.193961876929974,-1.70070618668156,0.381548093150972,FALSE,0
GOBP_REGULATION_OF_DNA_REPAIR,-0.895705146601185,0.567969753918126,-0.454226561170341,0.880155452677397,FALSE,0
GOBP_REGULATION_OF_DNA_REPLICATION,-1.44196939765631,0.318740619619529,-0.708614637869556,0.786536671564594,FALSE,0
GOBP_REGULATION_OF_DNA_STRAND_ELONGATION,-0.18235707465998,0.925200131501614,-0.440931118840662,0.884680295772416,FALSE,0
GOBP_REGULATION_OF_DNA_TEMPLATED_TRANSCRIPTION_ELONGATION,-2.68362851942246,0.0402783305308981,-2.46450112178983,0.156022155430319,FALSE,0
GOBP_REGULATION_OF_DNA_TEMPLATED_TRANSCRIPTION_INITIATION,-1.03789536153724,0.495719640887611,-1.8861547856338,0.316943443176782,FALSE,0
GOBP_REGULATION_OF_DNA_TEMPLATED_TRANSCRIPTION_IN_RESPONSE_TO_STRESS,-5.12225970147172,2.93294520427311e-05,-1.85740844503754,0.323251489013788,FALSE,0
GOBP_REGULATION_OF_DOUBLE_STRAND_BREAK_REPAIR,-0.842993552220723,0.594804926165234,-0.141033302868216,0.971031708067888,FALSE,0
GOBP_REGULATION_OF_DOUBLE_STRAND_BREAK_REPAIR_VIA_NONHOMOLOGOUS_END_JOINING,0.726879415060854,0.651776921101015,1.30343187655631,0.537559954309829,FALSE,0
GOBP_REGULATION_OF_ENDOPLASMIC_RETICULUM_STRESS_INDUCED_INTRINSIC_APOPTOTIC_SIGNALING_PATHWAY,-1.73284205465321,0.216810319670236,-1.9561850561255,0.297412538723901,FALSE,0
GOBP_REGULATION_OF_ENDOPLASMIC_RETICULUM_UNFOLDED_PROTEIN_RESPONSE,-3.02478278033078,0.0194371787761469,-3.07397277552227,0.0602820893463735,FALSE,0
GOBP_REGULATION_OF_ENDOTHELIAL_CELL_CHEMOTAXIS,1.65200934482855,0.241281667047682,1.17904496407693,0.592472729660488,FALSE,0
GOBP_REGULATION_OF_ENDOTHELIAL_CELL_DEVELOPMENT,-1.26995116018377,0.392786150530929,-1.11182405209743,0.62036030822513,FALSE,0
GOBP_REGULATION_OF_ENDOTHELIAL_CELL_DIFFERENTIATION,-0.403079837745477,0.818683487677186,-0.0434563326021975,0.991625900934931,FALSE,0
GOBP_REGULATION_OF_ENDOTHELIAL_CELL_MIGRATION,-1.55273909972072,0.276215370506918,-0.139251067608749,0.971134967200731,FALSE,0
GOBP_REGULATION_OF_EPIDERMIS_DEVELOPMENT,1.89913160266059,0.165814439547469,0.336964131534651,0.916121946305815,FALSE,0
GOBP_REGULATION_OF_EPITHELIAL_CELL_APOPTOTIC_PROCESS,-1.82545118321132,0.187241627120217,-1.07932628600416,0.635916841970717,FALSE,0
GOBP_REGULATION_OF_EPITHELIAL_CELL_DIFFERENTIATION_INVOLVED_IN_KIDNEY_DEVELOPMENT,2.91114938087565,0.0246604793124936,0.720752054012721,0.781363452139301,FALSE,0
GOBP_REGULATION_OF_EPITHELIAL_CELL_MIGRATION,-0.741034459424518,0.644922158267544,-0.115018901499479,0.97731403441157,FALSE,0
GOBP_REGULATION_OF_EPITHELIAL_TO_MESENCHYMAL_TRANSITION,-0.885126114419109,0.573470818060493,-0.520717246564995,0.859571152806983,FALSE,0
GOBP_REGULATION_OF_ERAD_PATHWAY,-1.49467767456586,0.297945866560563,-0.910316889408524,0.699975937031591,FALSE,0
GOBP_REGULATION_OF_ERBB_SIGNALING_PATHWAY,1.41472140868956,0.331625554556194,0.175686170396436,0.960481725523716,FALSE,0
GOBP_REGULATION_OF_ERYTHROCYTE_DIFFERENTIATION,-2.84696213519349,0.0280926716228875,-2.78295817695143,0.0979822155713847,FALSE,0
GOBP_REGULATION_OF_ESTABLISHMENT_OR_MAINTENANCE_OF_CELL_POLARITY,-2.07403455909967,0.124320764780328,-2.78889765177099,0.0979822155713847,FALSE,0
GOBP_REGULATION_OF_EXECUTION_PHASE_OF_APOPTOSIS,0.609169840251969,0.713561245083984,0.294138499326985,0.928456502329029,FALSE,0
GOBP_REGULATION_OF_EXIT_FROM_MITOSIS,-0.366938834453834,0.836099942589153,-0.23340415681544,0.946834138103978,FALSE,0
GOBP_REGULATION_OF_EXOSOMAL_SECRETION,-1.23715527546052,0.406567430620569,-0.0620685372485213,0.988756283300366,FALSE,0
GOBP_REGULATION_OF_EXTRACELLULAR_MATRIX_ASSEMBLY,-1.14956765708533,0.442923678507748,-0.305541987338393,0.925448482784054,FALSE,0
GOBP_REGULATION_OF_EXTRACELLULAR_MATRIX_ORGANIZATION,0.581877955417803,0.727925138009757,1.05238124661426,0.647621817170422,FALSE,0
GOBP_REGULATION_OF_EXTRINSIC_APOPTOTIC_SIGNALING_PATHWAY_VIA_DEATH_DOMAIN_RECEPTORS,-0.632411343149392,0.702960688762133,-3.25756523399273,0.0458051415683957,FALSE,0
GOBP_REGULATION_OF_FATTY_ACID_BETA_OXIDATION,-1.47993917726373,0.303026240843109,-0.60588445989443,0.829028577906175,FALSE,0
GOBP_REGULATION_OF_FATTY_ACID_BIOSYNTHETIC_PROCESS,-1.25124817527375,0.401034300243032,-0.760645753689149,0.763512162148604,FALSE,0
GOBP_REGULATION_OF_FATTY_ACID_OXIDATION,-3.35324697420548,0.00901858677307941,-0.0587194222969757,0.988756283300366,FALSE,0
GOBP_REGULATION_OF_FATTY_ACID_TRANSPORT,2.05137988936251,0.128740891670849,0.0357713348952073,0.992839618955888,FALSE,0
GOBP_REGULATION_OF_FAT_CELL_DIFFERENTIATION,-4.3963594995982,0.000388225989965398,-1.26463494212369,0.556563602434935,FALSE,0
GOBP_REGULATION_OF_FILOPODIUM_ASSEMBLY,-0.456958800664712,0.794239269105066,-3.97759569294655,0.0143919395555522,FALSE,0
GOBP_REGULATION_OF_FLAGELLATED_SPERM_MOTILITY,0.681693481444337,0.676584881724271,0.278607149979238,0.932326883230601,FALSE,0
GOBP_REGULATION_OF_GASTRULATION,-1.62380613255548,0.250649937328782,-1.59004687130407,0.421175530368541,FALSE,0
GOBP_REGULATION_OF_GENERATION_OF_PRECURSOR_METABOLITES_AND_ENERGY,-2.41293988757202,0.0685281631781822,-0.981102720740956,0.676007884135415,FALSE,0
GOBP_REGULATION_OF_GENE_EXPRESSION_BY_GENOMIC_IMPRINTING,-1.3857884977048,0.343286479594723,-0.00130923067390398,0.999582073671829,FALSE,0
GOBP_REGULATION_OF_GENE_EXPRESSION_EPIGENETIC,-3.27407521293289,0.0107448268783174,-1.11356163504396,0.62036030822513,FALSE,0
GOBP_REGULATION_OF_GENE_SILENCING_BY_RNA,-1.33513791248278,0.364157493505075,-1.81223400507579,0.339247819271654,FALSE,0
GOBP_REGULATION_OF_GLIAL_CELL_DIFFERENTIATION,1.24124066814028,0.405220992976711,0.0299702146718024,0.994091292598224,FALSE,0
GOBP_REGULATION_OF_GLUCAN_BIOSYNTHETIC_PROCESS,-3.39305782317172,0.00814379114740501,-2.76837668891233,0.0985223290095397,FALSE,0
GOBP_REGULATION_OF_GLUCOSE_IMPORT,-1.39822203989438,0.338902077620415,-1.99922513722501,0.287263096525648,FALSE,0
GOBP_REGULATION_OF_GLUCOSE_METABOLIC_PROCESS,-3.22966369592907,0.0119623296879216,-1.62941931499263,0.407815319774927,FALSE,0
GOBP_REGULATION_OF_GLUCOSE_TRANSMEMBRANE_TRANSPORT,-2.29670008057443,0.0849757216860566,-1.84008987841683,0.331095981390644,FALSE,0
GOBP_REGULATION_OF_GLYCOGEN_METABOLIC_PROCESS,-3.6786339288463,0.00373799144547838,-2.70157676603523,0.108724940637131,FALSE,0
GOBP_REGULATION_OF_GLYCOLYTIC_PROCESS,-0.927809667457339,0.551911456009695,-0.69363253416334,0.792490545623209,FALSE,0
GOBP_REGULATION_OF_GLYCOPROTEIN_METABOLIC_PROCESS,-1.18760377725419,0.427548122884038,-3.61953113997932,0.0244487926240537,FALSE,0
GOBP_REGULATION_OF_GRANULOCYTE_DIFFERENTIATION,-0.84264016391562,0.594927288051155,-2.25345928577088,0.209826645360768,FALSE,0
GOBP_REGULATION_OF_G_PROTEIN_COUPLED_RECEPTOR_SIGNALING_PATHWAY,0.407086886276429,0.817272813857736,0.243697659760525,0.943661529755349,FALSE,0
GOBP_REGULATION_OF_HEART_CONTRACTION,0.810545600324292,0.609685203595273,1.95048848430207,0.297412538723901,FALSE,0
GOBP_REGULATION_OF_HEART_GROWTH,-2.40402280261245,0.0701049180207233,-1.79740825650566,0.345286500214447,FALSE,0
GOBP_REGULATION_OF_HEART_RATE,1.38572386981069,0.343286479594723,1.50211384102303,0.455017152597645,FALSE,0
GOBP_REGULATION_OF_HEART_RATE_BY_CARDIAC_CONDUCTION,2.3247054630879,0.0807970343528311,0.772125952716657,0.756373687845848,FALSE,0
GOBP_REGULATION_OF_HETEROTYPIC_CELL_CELL_ADHESION,-0.369338272024426,0.834763715506115,-2.19465926100214,0.223164511107693,FALSE,0
GOBP_REGULATION_OF_HIPPO_SIGNALING,1.66254414707215,0.238252183054788,0.68315443115909,0.797675747101096,FALSE,0
GOBP_REGULATION_OF_HISTONE_DEACETYLATION,-4.53342692792576,0.000246957736881575,-1.42915453222832,0.488651508849366,FALSE,0
GOBP_REGULATION_OF_HISTONE_H3_K4_METHYLATION,-3.08351085066487,0.0169348830078674,-1.96386525715041,0.29519842127935,FALSE,0
GOBP_REGULATION_OF_HISTONE_METHYLATION,-4.00737623761509,0.0014414581036122,-0.958197393633406,0.683377620375335,FALSE,0
GOBP_REGULATION_OF_HISTONE_MODIFICATION,-5.15215793750515,2.65179701950147e-05,-1.04802652466604,0.648922743525771,FALSE,0
GOBP_REGULATION_OF_HORMONE_BIOSYNTHETIC_PROCESS,-0.282572626872463,0.876874431680746,-1.49658713191962,0.458695684202227,FALSE,0
GOBP_REGULATION_OF_HUMORAL_IMMUNE_RESPONSE,0.371709728355094,0.834021702391207,0.11713590749002,0.976843650536404,FALSE,0
GOBP_REGULATION_OF_ICOSANOID_SECRETION,2.88233806510549,0.0260811119271134,0.424611437883306,0.888686105772225,FALSE,0
GOBP_REGULATION_OF_INCLUSION_BODY_ASSEMBLY,-0.326309448795573,0.853415489079069,-0.556297170108199,0.846723937434802,FALSE,0
GOBP_REGULATION_OF_INFLAMMATORY_RESPONSE_TO_ANTIGENIC_STIMULUS,-0.788006993243872,0.621163410026175,-0.776798343108057,0.75414994860531,FALSE,0
GOBP_REGULATION_OF_INSULIN_LIKE_GROWTH_FACTOR_RECEPTOR_SIGNALING_PATHWAY,2.14692905947024,0.11100521301163,2.19991081156846,0.222335352337557,FALSE,0
GOBP_REGULATION_OF_INSULIN_RECEPTOR_SIGNALING_PATHWAY,-1.61073997138205,0.2549216405887,-3.0453150912335,0.0635010619739917,FALSE,0
GOBP_REGULATION_OF_INSULIN_SECRETION,-2.14931068530038,0.110795614353562,-0.307265224382189,0.925448482784054,FALSE,0
GOBP_REGULATION_OF_INTEGRIN_MEDIATED_SIGNALING_PATHWAY,0.567119156367276,0.734403905736009,0.377192761519904,0.904733514156596,FALSE,0
GOBP_REGULATION_OF_INTRACELLULAR_ESTROGEN_RECEPTOR_SIGNALING_PATHWAY,-2.4545494152017,0.063268685336003,-0.326169202651562,0.91958287411047,FALSE,0
GOBP_REGULATION_OF_INTRACELLULAR_PROTEIN_TRANSPORT,-0.959010954937735,0.535069623620655,-1.34830385851458,0.518318478335277,FALSE,0
GOBP_REGULATION_OF_INTRACELLULAR_STEROID_HORMONE_RECEPTOR_SIGNALING_PATHWAY,-2.06463206934601,0.126001161253848,-1.69552981666202,0.382869085743875,FALSE,0
GOBP_REGULATION_OF_INTRINSIC_APOPTOTIC_SIGNALING_PATHWAY,-0.214873412086528,0.907985573772071,-3.0025781553284,0.0688761345646978,FALSE,0
GOBP_REGULATION_OF_INTRINSIC_APOPTOTIC_SIGNALING_PATHWAY_IN_RESPONSE_TO_DNA_DAMAGE,-1.00158563445348,0.515949297415055,-2.95187715648424,0.0742475779034282,FALSE,0
GOBP_REGULATION_OF_INTRINSIC_APOPTOTIC_SIGNALING_PATHWAY_IN_RESPONSE_TO_DNA_DAMAGE_BY_P53_CLASS_MEDIATOR,-2.61722392809963,0.0459667070146321,-1.08425156989838,0.633470215007988,FALSE,0
GOBP_REGULATION_OF_JNK_CASCADE,-0.970875032336453,0.530696814454548,-2.22330928338064,0.216391257050274,FALSE,0
GOBP_REGULATION_OF_JUN_KINASE_ACTIVITY,-2.80632021112451,0.0305711917522683,-0.596781089834873,0.832744988827932,FALSE,0
GOBP_REGULATION_OF_KIDNEY_DEVELOPMENT,1.48947237620647,0.299034583218515,0.974133046304135,0.677677936436345,FALSE,0
GOBP_REGULATION_OF_LEUKOCYTE_DEGRANULATION,-0.898392692840477,0.566276784540825,-2.86210189637526,0.088222137681765,FALSE,0
GOBP_REGULATION_OF_LEUKOCYTE_MEDIATED_CYTOTOXICITY,-1.09580720113436,0.466506498357972,-0.61615579611763,0.826184488747091,FALSE,0
GOBP_REGULATION_OF_LEUKOCYTE_MEDIATED_IMMUNITY,-1.85248362224799,0.179168411733021,-0.997560296549029,0.671955663947742,FALSE,0
GOBP_REGULATION_OF_LEUKOCYTE_PROLIFERATION,-0.917987219412981,0.556325362532231,-0.0850321982116941,0.984217016751534,FALSE,0
GOBP_REGULATION_OF_LIPID_BIOSYNTHETIC_PROCESS,-1.11751103623688,0.456424594831892,-0.868746012268688,0.719349493398508,FALSE,0
GOBP_REGULATION_OF_LIPID_CATABOLIC_PROCESS,-2.7241416457512,0.0367608096648211,-0.931185711522663,0.692303502593144,FALSE,0
GOBP_REGULATION_OF_LIPID_KINASE_ACTIVITY,-1.67519702291962,0.235084698773196,-1.55494198268734,0.435416241742986,FALSE,0
GOBP_REGULATION_OF_LIPOPROTEIN_METABOLIC_PROCESS,-2.2298099815364,0.0966567034319644,-0.8295734952975,0.734506104539134,FALSE,0
GOBP_REGULATION_OF_LIPOPROTEIN_PARTICLE_CLEARANCE,0.0314656822373705,0.985617637312313,2.06249356937149,0.266044590508459,FALSE,0
GOBP_REGULATION_OF_LONG_TERM_SYNAPTIC_POTENTIATION,-0.145677318083066,0.936952000242148,-0.706745413238695,0.787429233520024,FALSE,0
GOBP_REGULATION_OF_LOW_DENSITY_LIPOPROTEIN_PARTICLE_CLEARANCE,2.02627418711466,0.134259452204771,1.10415490295884,0.622430427579581,FALSE,0
GOBP_REGULATION_OF_LYASE_ACTIVITY,0.708058609718472,0.662263048891628,0.31089665738041,0.925213416970114,FALSE,0
GOBP_REGULATION_OF_LYMPHOCYTE_APOPTOTIC_PROCESS,1.37837871905366,0.34571459405675,0.876812069723346,0.716796361346722,FALSE,0
GOBP_REGULATION_OF_LYMPHOCYTE_CHEMOTAXIS,-0.18690472776879,0.923670013902065,-1.84023120948575,0.331095981390644,FALSE,0
GOBP_REGULATION_OF_LYMPHOCYTE_DIFFERENTIATION,-1.01334031692783,0.508840409949007,-0.488234456905274,0.872646323787657,FALSE,0
GOBP_REGULATION_OF_LYMPHOCYTE_MEDIATED_IMMUNITY,-2.21720914268898,0.0985674296729711,-0.204047568839617,0.955524334573716,FALSE,0
GOBP_REGULATION_OF_MACROAUTOPHAGY,-1.55001624071431,0.277064377583427,-0.2321846701838,0.946981753522957,FALSE,0
GOBP_REGULATION_OF_MACROPHAGE_DERIVED_FOAM_CELL_DIFFERENTIATION,0.906715191142969,0.562098657060321,0.846179322169684,0.729028158138777,FALSE,0
GOBP_REGULATION_OF_MAMMARY_GLAND_EPITHELIAL_CELL_PROLIFERATION,-0.976596760970346,0.528414273484019,-1.61716856322656,0.410534963288858,FALSE,0
GOBP_REGULATION_OF_MAP_KINASE_ACTIVITY,-0.16176266768415,0.93291396744366,-1.35894413746679,0.514336402052169,FALSE,0
GOBP_REGULATION_OF_MAST_CELL_ACTIVATION,-0.40008800935406,0.819172066902841,-1.792570139512,0.347615353764153,FALSE,0
GOBP_REGULATION_OF_MAST_CELL_ACTIVATION_INVOLVED_IN_IMMUNE_RESPONSE,-0.116482145409178,0.9497392160504,-2.38942167992754,0.172648598274817,FALSE,0
GOBP_REGULATION_OF_MEIOTIC_CELL_CYCLE,1.65829346489436,0.239608955041742,1.26171315202987,0.558225295634625,FALSE,0
GOBP_REGULATION_OF_MEIOTIC_NUCLEAR_DIVISION,1.87196151424672,0.173557388730759,0.996375154865723,0.672037015474633,FALSE,0
GOBP_REGULATION_OF_MEMBRANE_REPOLARIZATION,2.45949668007695,0.0628301905499387,0.606490254665846,0.829028577906175,FALSE,0
GOBP_REGULATION_OF_MESENCHYMAL_CELL_PROLIFERATION,0.10887602994901,0.951826290683298,1.50874785331226,0.452806413991646,FALSE,0
GOBP_REGULATION_OF_MICROGLIAL_CELL_ACTIVATION,0.975669821398373,0.528517889836825,0.0181952289201393,0.997339457172524,FALSE,0
GOBP_REGULATION_OF_MICROTUBULE_BASED_PROCESS,-1.04270602993792,0.494174996112973,-2.24096038279315,0.213646899143169,FALSE,0
GOBP_REGULATION_OF_MICROTUBULE_CYTOSKELETON_ORGANIZATION,-1.06026591735152,0.484908023149418,-3.30174289079731,0.0429128888270347,FALSE,0
GOBP_REGULATION_OF_MICROTUBULE_POLYMERIZATION,-3.07402819123954,0.0173431356728199,-1.23037816027163,0.571713287389077,FALSE,0
GOBP_REGULATION_OF_MICROTUBULE_POLYMERIZATION_OR_DEPOLYMERIZATION,-0.880523637395826,0.575825224843051,-1.51962835410162,0.448717552314125,FALSE,0
GOBP_REGULATION_OF_MIRNA_TRANSCRIPTION,-3.69550787950595,0.00358111325224373,-1.61054258175994,0.411867046563292,FALSE,0
GOBP_REGULATION_OF_MITOCHONDRIAL_MEMBRANE_PERMEABILITY,-0.993421591851716,0.519235346332899,-0.708360360126359,0.786536671564594,FALSE,0
GOBP_REGULATION_OF_MITOCHONDRION_ORGANIZATION,-0.67442027106827,0.680289919226258,-1.88024797924976,0.317756488624444,FALSE,0
GOBP_REGULATION_OF_MITOTIC_CELL_CYCLE_SPINDLE_ASSEMBLY_CHECKPOINT,-0.89132009110177,0.570888825039769,-1.47829488695109,0.467262538932857,FALSE,0
GOBP_REGULATION_OF_MITOTIC_SPINDLE_ASSEMBLY,-1.74362199947839,0.213353044643717,-1.70184927931915,0.380946763012554,FALSE,0
GOBP_REGULATION_OF_MONOCYTE_CHEMOTAXIS,1.30435077837505,0.377519352939434,1.90721236895931,0.309535589478411,FALSE,0
GOBP_REGULATION_OF_MORPHOGENESIS_OF_A_BRANCHING_STRUCTURE,-0.00135317533363263,0.999308478955595,-0.914747209363792,0.699934146711686,FALSE,0
GOBP_REGULATION_OF_MRNA_3_END_PROCESSING,-3.38627258240916,0.00827213959529968,-2.04871403479986,0.268773266055975,FALSE,0
GOBP_REGULATION_OF_MRNA_POLYADENYLATION,-3.4063451755471,0.00792066351808476,-1.45806850999687,0.476797465635676,FALSE,0
GOBP_REGULATION_OF_MRNA_PROCESSING,-4.11619898748522,0.00103835057227076,-0.864936091264742,0.7210777587387,FALSE,0
GOBP_REGULATION_OF_MRNA_SPLICING_VIA_SPLICEOSOME,-3.9526766735445,0.00170782893722682,-0.305236499470643,0.925448482784054,FALSE,0
GOBP_REGULATION_OF_MULTICELLULAR_ORGANISM_GROWTH,-2.54525361535726,0.0537535887494465,-0.40363732860417,0.896493499377199,FALSE,0
GOBP_REGULATION_OF_MUSCLE_CELL_DIFFERENTIATION,-0.491760021385877,0.774512308541187,-1.20471066852728,0.581659881237586,FALSE,0
GOBP_REGULATION_OF_MUSCLE_ORGAN_DEVELOPMENT,0.442568966027149,0.80142886317391,1.25551996794078,0.561022716541806,FALSE,0
GOBP_REGULATION_OF_MYELOID_CELL_APOPTOTIC_PROCESS,-1.31608027230766,0.372460371413114,-1.83022054656748,0.334521647773534,FALSE,0
GOBP_REGULATION_OF_MYELOID_CELL_DIFFERENTIATION,-1.45224674804333,0.31455701391087,-2.76967342155502,0.0985223290095397,FALSE,0
GOBP_REGULATION_OF_MYELOID_LEUKOCYTE_MEDIATED_IMMUNITY,-0.756001239496008,0.637982882941887,-1.72520080768532,0.371901053649393,FALSE,0
GOBP_REGULATION_OF_MYOBLAST_DIFFERENTIATION,-4.66572567233734,0.000153735025664555,-0.575929433614529,0.839269613799489,FALSE,0
GOBP_REGULATION_OF_MYOBLAST_FUSION,0.402120437206753,0.818683487677186,1.43864034443366,0.485204101617243,FALSE,0
GOBP_REGULATION_OF_MYOTUBE_DIFFERENTIATION,-2.42987494755541,0.0664365734922912,-2.73397790447363,0.103178734412668,FALSE,0
GOBP_REGULATION_OF_NATURAL_KILLER_CELL_ACTIVATION,-3.44690584557276,0.00712127000853321,-1.66500494579091,0.395664936647479,FALSE,0
GOBP_REGULATION_OF_NECROTIC_CELL_DEATH,-2.69132227067936,0.0396592296771474,-0.770792591078766,0.757224836421647,FALSE,0
GOBP_REGULATION_OF_NEURAL_PRECURSOR_CELL_PROLIFERATION,-1.89813313299012,0.166007174925217,-0.268336257194783,0.937316859359414,FALSE,0
GOBP_REGULATION_OF_NEUROBLAST_PROLIFERATION,-0.276685256927131,0.879753160150464,-0.644530570984367,0.814496607641144,FALSE,0
GOBP_REGULATION_OF_NEURON_MIGRATION,1.52182284796035,0.286548171422563,1.20334378946744,0.581659881237586,FALSE,0
GOBP_REGULATION_OF_NEURON_PROJECTION_ARBORIZATION,-1.03156605860482,0.498711425690891,-0.114054212057193,0.977596945510003,FALSE,0
GOBP_REGULATION_OF_NEURON_PROJECTION_REGENERATION,0.831510602988067,0.600250949855802,0.382432646333912,0.904714877182479,FALSE,0
GOBP_REGULATION_OF_NOTCH_SIGNALING_PATHWAY,-1.09683051026958,0.46589650261185,-3.27239882398188,0.0452643032480514,FALSE,0
GOBP_REGULATION_OF_NUCLEAR_TRANSCRIBED_MRNA_CATABOLIC_PROCESS_DEADENYLATION_DEPENDENT_DECAY,-2.04807241149024,0.129613225515261,-0.042087248629475,0.991831479224714,FALSE,0
GOBP_REGULATION_OF_NUCLEOCYTOPLASMIC_TRANSPORT,-2.15709109217209,0.1093979604484,-1.05988828456386,0.645289032795841,FALSE,0
GOBP_REGULATION_OF_NUCLEOTIDE_BIOSYNTHETIC_PROCESS,-0.571749268363396,0.731967821002697,-0.166906045407746,0.963092106885598,FALSE,0
GOBP_REGULATION_OF_NUCLEOTIDE_METABOLIC_PROCESS,-0.873829932923439,0.578824648372322,-0.52886419702063,0.857292129350181,FALSE,0
GOBP_REGULATION_OF_ORGANELLE_ASSEMBLY,-1.03998696973866,0.494980147664305,-2.66898074629615,0.114928289268823,FALSE,0
GOBP_REGULATION_OF_ORGAN_GROWTH,-1.8296575951475,0.186108297476187,-2.68493004966097,0.111638014331363,FALSE,0
GOBP_REGULATION_OF_OSSIFICATION,1.31327910431842,0.373463304010072,0.655992730852243,0.809095944496687,FALSE,0
GOBP_REGULATION_OF_OSTEOBLAST_DIFFERENTIATION,2.14383601890181,0.11133940561868,0.295900093581873,0.927922195811533,FALSE,0
GOBP_REGULATION_OF_OXIDATIVE_PHOSPHORYLATION,-2.19025070917795,0.102607962614097,-0.544206235573701,0.851593480510014,FALSE,0
GOBP_REGULATION_OF_OXIDATIVE_STRESS_INDUCED_INTRINSIC_APOPTOTIC_SIGNALING_PATHWAY,-1.36241775563513,0.35263841049671,-1.87271640069704,0.319085421390079,FALSE,0
GOBP_REGULATION_OF_PATTERN_RECOGNITION_RECEPTOR_SIGNALING_PATHWAY,-0.126067832301157,0.945697063973167,-0.809212215024711,0.743552564067454,FALSE,0
GOBP_REGULATION_OF_PEPTIDE_TRANSPORT,-1.47697188924344,0.304499854496051,-0.358031425888506,0.910954146321084,FALSE,0
GOBP_REGULATION_OF_PEPTIDYL_SERINE_PHOSPHORYLATION_OF_STAT_PROTEIN,1.69665256503918,0.228691944877208,2.98358573472307,0.0703464605629899,FALSE,0
GOBP_REGULATION_OF_PEPTIDYL_THREONINE_PHOSPHORYLATION,-0.351838256877196,0.842242058775054,-0.812763950830786,0.741320604057187,FALSE,0
GOBP_REGULATION_OF_PHOSPHATASE_ACTIVITY,-0.613150676777734,0.711548976745217,-1.67568747834593,0.391033961456648,FALSE,0
GOBP_REGULATION_OF_PHOSPHATIDYLINOSITOL_3_KINASE_ACTIVITY,-2.78669688987715,0.0318068781084125,-0.625901007712649,0.821846429493218,FALSE,0
GOBP_REGULATION_OF_PHOSPHATIDYLINOSITOL_3_KINASE_SIGNALING,-0.66100091313078,0.688073674576104,-0.541037755766921,0.853016192166345,FALSE,0
GOBP_REGULATION_OF_PHOSPHOLIPASE_ACTIVITY,0.0601126964177298,0.973470016301119,0.458623802414375,0.877610369803671,FALSE,0
GOBP_REGULATION_OF_PHOSPHOLIPASE_C_ACTIVITY,-1.15663172818661,0.440518766721521,-0.560674704688743,0.844808464220615,FALSE,0
GOBP_REGULATION_OF_PHOSPHOLIPID_BIOSYNTHETIC_PROCESS,0.69147652732545,0.671616302325889,0.0157621905536414,0.998293050288374,FALSE,0
GOBP_REGULATION_OF_PHOSPHOPROTEIN_PHOSPHATASE_ACTIVITY,-0.422710473395835,0.809807305106197,-1.76252409735669,0.357218747670554,FALSE,0
GOBP_REGULATION_OF_PLATELET_DERIVED_GROWTH_FACTOR_RECEPTOR_SIGNALING_PATHWAY,-2.3830852903511,0.0728164291362857,-0.732016860902623,0.777026371755424,FALSE,0
GOBP_REGULATION_OF_POLYSACCHARIDE_METABOLIC_PROCESS,-2.05990113363433,0.126902540039212,-1.47817953631036,0.467262538932857,FALSE,0
GOBP_REGULATION_OF_POSTSYNAPSE_ORGANIZATION,3.28943255731351,0.0104636864857504,2.14039908195187,0.240086209753709,FALSE,0
GOBP_REGULATION_OF_POSTSYNAPTIC_MEMBRANE_POTENTIAL,0.429887251164736,0.807233051486641,0.546154345590948,0.851081871981032,FALSE,0
GOBP_REGULATION_OF_POTASSIUM_ION_TRANSPORT,0.740476582026898,0.645221661700076,1.75511856864251,0.359856992537607,FALSE,0
GOBP_REGULATION_OF_PRESYNAPSE_ORGANIZATION,2.36955066471381,0.0743732534989973,1.42852198275501,0.488651508849366,FALSE,0
GOBP_REGULATION_OF_PRODUCTION_OF_SMALL_RNA_INVOLVED_IN_GENE_SILENCING_BY_RNA,-0.496906280722566,0.772231709231875,-1.13132354930612,0.612256723604666,FALSE,0
GOBP_REGULATION_OF_PROTEASOMAL_PROTEIN_CATABOLIC_PROCESS,-0.830025407562961,0.600622895162497,-1.50684094706159,0.453768269607933,FALSE,0
GOBP_REGULATION_OF_PROTEASOMAL_UBIQUITIN_DEPENDENT_PROTEIN_CATABOLIC_PROCESS,-1.50214182040213,0.294805698937043,-1.87090870842592,0.319547340061517,FALSE,0
GOBP_REGULATION_OF_PROTEIN_DEACETYLATION,-4.37216414036981,0.000419493388497765,-1.17370890905733,0.59369512130076,FALSE,0
GOBP_REGULATION_OF_PROTEIN_DEPHOSPHORYLATION,-0.262830667493985,0.884593621311678,-2.36145958714513,0.180137588189197,FALSE,0
GOBP_REGULATION_OF_PROTEIN_EXIT_FROM_ENDOPLASMIC_RETICULUM,0.390313519013025,0.824769506183011,0.393054149281488,0.900914464255331,FALSE,0
GOBP_REGULATION_OF_PROTEIN_EXPORT_FROM_NUCLEUS,-1.40731229215098,0.335136812040257,-0.60130280262317,0.83141307363852,FALSE,0
GOBP_REGULATION_OF_PROTEIN_IMPORT,-1.52689726996592,0.284578897124038,-0.680007103164183,0.798386729914363,FALSE,0
GOBP_REGULATION_OF_PROTEIN_K63_LINKED_UBIQUITINATION,-1.60457601251933,0.257656775974982,-0.385376378147004,0.903263133854242,FALSE,0
GOBP_REGULATION_OF_PROTEIN_KINASE_A_SIGNALING,-3.567914517964,0.00511818918779605,-0.47091106520966,0.875722233235354,FALSE,0
GOBP_REGULATION_OF_PROTEIN_LOCALIZATION_TO_NUCLEUS,-0.772147387035334,0.63006110604357,-0.425018483501679,0.888686105772225,FALSE,0
GOBP_REGULATION_OF_PROTEIN_MODIFICATION_BY_SMALL_PROTEIN_CONJUGATION_OR_REMOVAL,-1.24613773105436,0.403151195742097,-1.53434440493576,0.442563618950217,FALSE,0
GOBP_REGULATION_OF_PROTEIN_POLYUBIQUITINATION,-0.715122101324708,0.657704844580294,-1.03599788331622,0.651668645757715,FALSE,0
GOBP_REGULATION_OF_PROTEIN_SECRETION,-1.7468244026084,0.212677170485423,-1.56345774217527,0.431621231512383,FALSE,0
GOBP_REGULATION_OF_PROTEIN_SUMOYLATION,-1.70566438974986,0.225609668612661,-2.93131011994193,0.0769838697309795,FALSE,0
GOBP_REGULATION_OF_PROTEIN_TARGETING,-0.443535210503511,0.801351233053737,-1.64986286224481,0.400319894191124,FALSE,0
GOBP_REGULATION_OF_REACTIVE_OXYGEN_SPECIES_BIOSYNTHETIC_PROCESS,0.893475845046632,0.5692891305354,0.0574266745028291,0.988756283300366,FALSE,0
GOBP_REGULATION_OF_REACTIVE_OXYGEN_SPECIES_METABOLIC_PROCESS,0.216789481885331,0.907323317626842,0.447970723931701,0.882169729475433,FALSE,0
GOBP_REGULATION_OF_RECEPTOR_BINDING,2.85810470883169,0.0274299931056383,0.623106404654506,0.822872612021011,FALSE,0
GOBP_REGULATION_OF_RECEPTOR_LOCALIZATION_TO_SYNAPSE,2.77390856176971,0.0326749574819244,1.05948935738796,0.645289032795841,FALSE,0
GOBP_REGULATION_OF_RECEPTOR_MEDIATED_ENDOCYTOSIS,-0.629566567311557,0.70325555596463,-0.365443792523564,0.908149461719654,FALSE,0
GOBP_REGULATION_OF_RELEASE_OF_SEQUESTERED_CALCIUM_ION_INTO_CYTOSOL,-1.3045417927479,0.377519352939434,-0.516216009932766,0.861504688750137,FALSE,0
GOBP_REGULATION_OF_REPRODUCTIVE_PROCESS,0.950299805503042,0.539880323857496,0.306237276063254,0.925448482784054,FALSE,0
GOBP_REGULATION_OF_RESPIRATORY_BURST,0.542305330123632,0.748372199134776,1.91940005272351,0.305744598840971,FALSE,0
GOBP_REGULATION_OF_RESPIRATORY_SYSTEM_PROCESS,-1.92571940201237,0.159285965612514,-0.0794416162386116,0.985414892936254,FALSE,0
GOBP_REGULATION_OF_RESPONSE_TO_DNA_DAMAGE_STIMULUS,-0.00783892740356142,0.996843094635607,-1.27060209289938,0.553706442976395,FALSE,0
GOBP_REGULATION_OF_RESPONSE_TO_ENDOPLASMIC_RETICULUM_STRESS,-1.77110516447564,0.204631887828044,-2.11319247636174,0.247044435859322,FALSE,0
GOBP_REGULATION_OF_RESPONSE_TO_OXIDATIVE_STRESS,-0.166096485299645,0.931585905024067,-1.13898827006594,0.609306254179401,FALSE,0
GOBP_REGULATION_OF_RETINOIC_ACID_RECEPTOR_SIGNALING_PATHWAY,-1.20719844960686,0.417854205449779,-0.827082017578005,0.736118959771865,FALSE,0
GOBP_REGULATION_OF_RHO_PROTEIN_SIGNAL_TRANSDUCTION,-0.0637445207139976,0.971822459043761,-0.901493930943452,0.703424720162831,FALSE,0
GOBP_REGULATION_OF_SEQUESTERING_OF_TRIGLYCERIDE,1.39833204738853,0.338902077620415,2.2194714158771,0.217497784975987,FALSE,0
GOBP_REGULATION_OF_SHORT_TERM_NEURONAL_SYNAPTIC_PLASTICITY,2.4591920261627,0.0628301905499387,0.311504228526708,0.924868510292352,FALSE,0
GOBP_REGULATION_OF_SIGNAL_TRANSDUCTION_BY_P53_CLASS_MEDIATOR,-0.183905112574572,0.925052285659176,-1.71415637753738,0.375781899656843,FALSE,0
GOBP_REGULATION_OF_SKELETAL_MUSCLE_TISSUE_DEVELOPMENT,0.380375147180047,0.829293014147641,0.24418322915127,0.943661529755349,FALSE,0
GOBP_REGULATION_OF_SMOOTHENED_SIGNALING_PATHWAY,-0.0406949611211218,0.981453647811408,-0.0972700680845024,0.981363141921737,FALSE,0
GOBP_REGULATION_OF_SMOOTH_MUSCLE_CELL_DIFFERENTIATION,0.033688413355433,0.98498600546941,0.798778239263021,0.744203619505292,FALSE,0
GOBP_REGULATION_OF_SMOOTH_MUSCLE_CONTRACTION,-1.5470644893055,0.277362416202131,-0.0530733483793307,0.989063125592946,FALSE,0
GOBP_REGULATION_OF_SPINDLE_ASSEMBLY,-2.04082463172047,0.130991256275407,-1.43638950229495,0.485880214607589,FALSE,0
GOBP_REGULATION_OF_SPINDLE_ORGANIZATION,-0.988766967447545,0.52218575116644,-2.06481198923569,0.265251873913607,FALSE,0
GOBP_REGULATION_OF_STEM_CELL_DIFFERENTIATION,-0.968541731164517,0.530973892016088,-0.473654122434454,0.875494923816982,FALSE,0
GOBP_REGULATION_OF_STEM_CELL_POPULATION_MAINTENANCE,-2.33647188464669,0.0790487688153676,-0.308316072066032,0.925448482784054,FALSE,0
GOBP_REGULATION_OF_STEM_CELL_PROLIFERATION,-0.511707337916737,0.76444739587584,-2.13951739498813,0.240086209753709,FALSE,0
GOBP_REGULATION_OF_STEROID_BIOSYNTHETIC_PROCESS,-0.996191182032125,0.518404021248301,-1.96053046494793,0.295825264095379,FALSE,0
GOBP_REGULATION_OF_STEROID_HORMONE_SECRETION,0.0422554198555717,0.981116412122236,0.298524288007239,0.927246148023696,FALSE,0
GOBP_REGULATION_OF_STEROID_METABOLIC_PROCESS,-3.3326658928606,0.00938868900725853,-1.33354613911489,0.522927517331215,FALSE,0
GOBP_REGULATION_OF_STRESS_ACTIVATED_PROTEIN_KINASE_SIGNALING_CASCADE,-0.473634844640494,0.785395850266953,-0.502195680105804,0.866768634639725,FALSE,0
GOBP_REGULATION_OF_STRIATED_MUSCLE_CELL_DIFFERENTIATION,-0.152518946385713,0.935698245171468,-0.98662886561095,0.674711244420758,FALSE,0
GOBP_REGULATION_OF_STRIATED_MUSCLE_CONTRACTION,1.52969800665059,0.283637011569226,0.540562840282116,0.853016192166345,FALSE,0
GOBP_REGULATION_OF_SUPEROXIDE_ANION_GENERATION,-0.208768636672979,0.911316762974053,-1.62618164551801,0.409583266550643,FALSE,0
GOBP_REGULATION_OF_SYNAPSE_ASSEMBLY,2.27128577355604,0.0890095234035012,1.2942177222329,0.542414365817179,FALSE,0
GOBP_REGULATION_OF_SYNAPSE_STRUCTURE_OR_ACTIVITY,3.01753401544042,0.0196139524525931,0.289122480989696,0.929844250228499,FALSE,0
GOBP_REGULATION_OF_SYNAPTIC_TRANSMISSION_GABAERGIC,0.242622138001511,0.893685105396831,0.452564370031691,0.8807559713027,FALSE,0
GOBP_REGULATION_OF_SYNCYTIUM_FORMATION_BY_PLASMA_MEMBRANE_FUSION,0.0464695082285347,0.9790990626234,1.33772049683903,0.520757503143208,FALSE,0
GOBP_REGULATION_OF_TELOMERE_CAPPING,-0.639812364629532,0.700337203046667,-0.619018677927583,0.82456657379836,FALSE,0
GOBP_REGULATION_OF_TELOMERE_MAINTENANCE,-1.39391874959775,0.340056349800573,-0.374190676243854,0.905762145675523,FALSE,0
GOBP_REGULATION_OF_THE_FORCE_OF_HEART_CONTRACTION,3.79186759814165,0.00278938915929665,0.326931809045595,0.919520090817997,FALSE,0
GOBP_REGULATION_OF_TISSUE_REMODELING,-0.193573673153825,0.920523446159832,-3.07928729757252,0.0602820893463735,FALSE,0
GOBP_REGULATION_OF_TOLERANCE_INDUCTION,-2.4408607936526,0.0650946513833719,-0.608631522132348,0.827935869423261,FALSE,0
GOBP_REGULATION_OF_TOLL_LIKE_RECEPTOR_SIGNALING_PATHWAY,-0.227530705015663,0.901224575006952,-1.10665228221947,0.621825238693696,FALSE,0
GOBP_REGULATION_OF_TRANSCRIPTION_BY_RNA_POLYMERASE_III,-3.30690454257558,0.010056330856818,-1.15563199828595,0.602396442216364,FALSE,0
GOBP_REGULATION_OF_TRANSCRIPTION_ELONGATION_FROM_RNA_POLYMERASE_II_PROMOTER,-2.85984363907821,0.0274299931056383,-2.49938478101046,0.151055645531107,FALSE,0
GOBP_REGULATION_OF_TRANSCRIPTION_INVOLVED_IN_G1_S_TRANSITION_OF_MITOTIC_CELL_CYCLE,-0.203577771536495,0.913754025775719,-1.57476644486471,0.426989207965387,FALSE,0
GOBP_REGULATION_OF_TRANSLATIONAL_ELONGATION,-1.51082765162491,0.291017495573098,-1.552306444441,0.435544779182678,FALSE,0
GOBP_REGULATION_OF_TRANSLATIONAL_FIDELITY,0.052682416740883,0.975992184859471,0.194138894505173,0.957347602336641,FALSE,0
GOBP_REGULATION_OF_TRANSLATION_IN_RESPONSE_TO_STRESS,-0.251382012176432,0.890211424656688,-1.47251161693467,0.470158491581116,FALSE,0
GOBP_REGULATION_OF_TUMOR_NECROSIS_FACTOR_MEDIATED_SIGNALING_PATHWAY,-0.815791088898228,0.607880546309305,-1.88254311058014,0.317756488624444,FALSE,0
GOBP_REGULATION_OF_T_CELL_APOPTOTIC_PROCESS,2.85316891789592,0.0276917023402061,2.35697287983748,0.180596787144469,FALSE,0
GOBP_REGULATION_OF_T_CELL_CHEMOTAXIS,-0.76773947692508,0.631212906480017,-1.88632814950926,0.316943443176782,FALSE,0
GOBP_REGULATION_OF_T_CELL_DIFFERENTIATION,-1.51831939654805,0.287767946391107,-0.0202655010717807,0.997339457172524,FALSE,0
GOBP_REGULATION_OF_T_CELL_RECEPTOR_SIGNALING_PATHWAY,-0.452046192200461,0.796866123789664,-3.07506336025486,0.0602820893463735,FALSE,0
GOBP_REGULATION_OF_T_HELPER_17_TYPE_IMMUNE_RESPONSE,0.141216944896104,0.938392024898046,1.1746920343975,0.59369512130076,FALSE,0
GOBP_REGULATION_OF_T_HELPER_1_TYPE_IMMUNE_RESPONSE,1.41786839876642,0.330223357852374,0.53152219488175,0.857193877261564,FALSE,0
GOBP_REGULATION_OF_UBIQUITIN_DEPENDENT_PROTEIN_CATABOLIC_PROCESS,-1.48639667587964,0.300301914479627,-1.5888099566686,0.421175530368541,FALSE,0
GOBP_REGULATION_OF_UBIQUITIN_PROTEIN_LIGASE_ACTIVITY,-1.12275733855503,0.455110641162167,-1.69840174485591,0.382768801690331,FALSE,0
GOBP_REGULATION_OF_URINE_VOLUME,0.0862222845733155,0.962893724584556,0.713432789097201,0.784887067154318,FALSE,0
GOBP_REGULATION_OF_VASCULAR_ASSOCIATED_SMOOTH_MUSCLE_CELL_DIFFERENTIATION,-0.370874373483821,0.834327060858817,-1.70909814066662,0.378310629099799,FALSE,0
GOBP_REGULATION_OF_VASCULAR_ENDOTHELIAL_GROWTH_FACTOR_RECEPTOR_SIGNALING_PATHWAY,-1.0455127327591,0.49288104117629,-1.41413300313209,0.49399662817417,FALSE,0
GOBP_REGULATION_OF_VASCULAR_PERMEABILITY,-2.5496526599189,0.0533350782032799,-0.173196559199717,0.961135239359009,FALSE,0
GOBP_REGULATION_OF_VASOCONSTRICTION,-0.396338107022106,0.820821331970439,-0.343399555901245,0.914138493012088,FALSE,0
GOBP_REGULATION_OF_VESICLE_FUSION,1.17977511409968,0.430299652442282,1.37709222777079,0.507350069717677,FALSE,0
GOBP_REGULATION_OF_VIRAL_ENTRY_INTO_HOST_CELL,-0.306889687740951,0.863393032767848,-0.11641417280437,0.976843650536404,FALSE,0
GOBP_REGULATION_OF_VIRAL_GENOME_REPLICATION,-1.8619052108796,0.176373096529139,-0.0563618642548482,0.988756283300366,FALSE,0
GOBP_REGULATION_OF_VIRAL_PROCESS,-1.18472188713111,0.428667585960001,-0.376602718181852,0.904867434376431,FALSE,0
GOBP_REGULATION_OF_VIRAL_TRANSCRIPTION,-0.518913628990662,0.759790604699818,-0.952480450677503,0.685443593621372,FALSE,0
GOBP_REGULATION_OF_VOLTAGE_GATED_CALCIUM_CHANNEL_ACTIVITY,-4.60917082905552,0.000192743307424588,-0.763780648665959,0.761328973086734,FALSE,0
GOBP_REGULATION_OF_WNT_SIGNALING_PATHWAY_PLANAR_CELL_POLARITY_PATHWAY,-2.00873628585367,0.138227738886367,-0.642621977120702,0.814496607641144,FALSE,0
GOBP_RELEASE_OF_SEQUESTERED_CALCIUM_ION_INTO_CYTOSOL_BY_ENDOPLASMIC_RETICULUM,-2.01611793599856,0.136313533145066,-0.442935183933964,0.884517238478148,FALSE,0
GOBP_RENAL_ABSORPTION,-0.537825681094627,0.750523967397984,-1.10826670957022,0.62167576185823,FALSE,0
GOBP_RENAL_SYSTEM_PROCESS,-0.690265686061379,0.672044005781919,-0.510998650946332,0.863164127305296,FALSE,0
GOBP_RENAL_SYSTEM_VASCULATURE_DEVELOPMENT,1.53684454627227,0.281463216095436,0.589136128137671,0.835311222590214,FALSE,0
GOBP_RENAL_TUBULE_DEVELOPMENT,0.884872560729822,0.573470818060493,0.179355087892542,0.959472027972145,FALSE,0
GOBP_RENAL_VESICLE_DEVELOPMENT,-0.415114857184627,0.81376940607615,-0.141943910098209,0.970758077352485,FALSE,0
GOBP_RENAL_WATER_HOMEOSTASIS,4.35043738085335,0.000451338922930763,0.18564277599281,0.958165734572316,FALSE,0
GOBP_REPLACEMENT_OSSIFICATION,0.427816177269245,0.807781784936849,2.32784447475552,0.189464790734558,FALSE,0
GOBP_RESPIRATORY_CHAIN_COMPLEX_IV_ASSEMBLY,1.86193709759409,0.176373096529139,0.0519712055842019,0.98957210204868,FALSE,0
GOBP_RESPIRATORY_ELECTRON_TRANSPORT_CHAIN,0.343727402600165,0.8469840624465,0.452790927240321,0.8807559713027,FALSE,0
GOBP_RESPIRATORY_GASEOUS_EXCHANGE_BY_RESPIRATORY_SYSTEM,0.949163849685428,0.540025865818955,0.976612122894625,0.676007884135415,FALSE,0
GOBP_RESPONSE_TO_ACETYLCHOLINE,2.08930435281768,0.121390182959052,1.25968730597008,0.558727387194428,FALSE,0
GOBP_RESPONSE_TO_ACTIVITY,1.5906632062085,0.262109426280633,1.20530185307963,0.581659881237586,FALSE,0
GOBP_RESPONSE_TO_AMINO_ACID_STARVATION,-4.82878146489251,8.73239015209611e-05,-0.321351495839583,0.921566992797259,FALSE,0
GOBP_RESPONSE_TO_ARSENIC_CONTAINING_SUBSTANCE,-3.06387567499276,0.0176835965605651,-0.69028110961259,0.794171503520136,FALSE,0
GOBP_RESPONSE_TO_ATP,-0.298233015437769,0.868404912609602,-1.3943228691089,0.50348262913591,FALSE,0
GOBP_RESPONSE_TO_AUDITORY_STIMULUS,0.0218010234806233,0.990534442012535,4.06120598679151,0.0127284462146949,FALSE,0
GOBP_RESPONSE_TO_CAMP,0.253750093734652,0.889353985627314,0.476342422307975,0.874187562930622,FALSE,0
GOBP_RESPONSE_TO_CARBOHYDRATE,-1.72515299119839,0.219299400165,-1.21972681378099,0.576631896179233,FALSE,0
GOBP_RESPONSE_TO_CATECHOLAMINE,2.61682106250327,0.0459746925523201,0.143814827518483,0.969864615468961,FALSE,0
GOBP_RESPONSE_TO_COCAINE,0.456971891334953,0.794239269105066,0.253204227947535,0.942868179510715,FALSE,0
GOBP_RESPONSE_TO_COLD,-0.528497768406918,0.754538750471096,-1.08517645638246,0.632817856097518,FALSE,0
GOBP_RESPONSE_TO_COPPER_ION,2.3750494473617,0.0738281812399798,1.01848305987285,0.661734012215524,FALSE,0
GOBP_RESPONSE_TO_CORTICOSTEROID,-0.0640699389154836,0.971750388972975,-0.518365021954081,0.860401984027257,FALSE,0
GOBP_RESPONSE_TO_CORTICOSTERONE,-1.92131361633933,0.160096670134259,-0.580840230149591,0.839152602759288,FALSE,0
GOBP_RESPONSE_TO_DEXAMETHASONE,0.423700371721928,0.809505637143581,0.981528928182845,0.676007884135415,FALSE,0
GOBP_RESPONSE_TO_DIETARY_EXCESS,-1.64229446089968,0.244277391519321,-1.84946022792433,0.328089441206201,FALSE,0
GOBP_RESPONSE_TO_DOPAMINE,1.63864147078358,0.245426661288926,0.67686933831298,0.800546621685669,FALSE,0
GOBP_RESPONSE_TO_DSRNA,0.273834759573625,0.880301431469419,1.8755287726035,0.319085421390079,FALSE,0
GOBP_RESPONSE_TO_ENDOPLASMIC_RETICULUM_STRESS,-1.37235224345838,0.348642296430474,-2.02929176938172,0.276539584694698,FALSE,0
GOBP_RESPONSE_TO_EPIDERMAL_GROWTH_FACTOR,-1.47029664111915,0.307474691166344,-1.93741707394888,0.299721092353335,FALSE,0
GOBP_RESPONSE_TO_ESTRADIOL,-0.736902775350413,0.646906449816421,-1.37672589524705,0.507350069717677,FALSE,0
GOBP_RESPONSE_TO_ESTROGEN,-0.994027005143037,0.519235346332899,-3.0059541124542,0.0686742724619456,FALSE,0
GOBP_RESPONSE_TO_FATTY_ACID,0.732230106063578,0.649261100503106,0.501810297924003,0.866768634639725,FALSE,0
GOBP_RESPONSE_TO_FLUID_SHEAR_STRESS,-1.69732101320621,0.228483017347225,-2.54272228112019,0.140878321623066,FALSE,0
GOBP_RESPONSE_TO_GROWTH_HORMONE,-0.862248858856204,0.585155595195386,-1.2287350291507,0.572565167586597,FALSE,0
GOBP_RESPONSE_TO_HEPATOCYTE_GROWTH_FACTOR,-0.786503625088392,0.621436170662264,-1.25982287783362,0.558727387194428,FALSE,0
GOBP_RESPONSE_TO_HYDROGEN_PEROXIDE,-0.261405620608742,0.885232794264418,-0.781743699571481,0.751397689561115,FALSE,0
GOBP_RESPONSE_TO_IMMOBILIZATION_STRESS,-0.527105622232916,0.755203808129799,-1.11200465871017,0.62036030822513,FALSE,0
GOBP_RESPONSE_TO_INSULIN,-2.09582175037552,0.12013635237923,-2.56519812266819,0.134949057237382,FALSE,0
GOBP_RESPONSE_TO_INTERFERON_BETA,1.5830057073959,0.264852799108433,1.24020303660696,0.565828323536395,FALSE,0
GOBP_RESPONSE_TO_INTERLEUKIN_4,-2.53468287156367,0.0549303932907407,-0.741702637929163,0.772198815241728,FALSE,0
GOBP_RESPONSE_TO_INTERLEUKIN_6,-0.157930285697978,0.934047201782848,-1.68759732853445,0.385467764701928,FALSE,0
GOBP_RESPONSE_TO_IONIZING_RADIATION,0.181414197799673,0.925806071535568,0.125800194971905,0.973632923755468,FALSE,0
GOBP_RESPONSE_TO_IRON_ION,-0.614356989424438,0.710679947017901,-1.61009854392474,0.411867046563292,FALSE,0
GOBP_RESPONSE_TO_ISCHEMIA,-0.532577418065768,0.753183677543094,-0.093686825855439,0.982922166040421,FALSE,0
GOBP_RESPONSE_TO_LEPTIN,-0.339497582672094,0.847793443261036,-0.0501369766252304,0.989982210877703,FALSE,0
GOBP_RESPONSE_TO_LEUKEMIA_INHIBITORY_FACTOR,-2.45893078469264,0.0628301905499387,-0.465095025875891,0.876991344257482,FALSE,0
GOBP_RESPONSE_TO_LITHIUM_ION,-1.65999200542656,0.239223776239694,-2.0583784536752,0.267300541186132,FALSE,0
GOBP_RESPONSE_TO_MAGNESIUM_ION,2.67311010687497,0.0412887235550713,1.82803913508633,0.335085190499978,FALSE,0
GOBP_RESPONSE_TO_MANGANESE_ION,-1.25909201393152,0.397394085683878,-0.133477117896687,0.97197528734556,FALSE,0
GOBP_RESPONSE_TO_MECHANICAL_STIMULUS,-0.786236073849955,0.621463133692635,-1.20330981210862,0.581659881237586,FALSE,0
GOBP_RESPONSE_TO_MISFOLDED_PROTEIN,-0.214917412376791,0.907985573772071,-1.00583234116935,0.668011837225367,FALSE,0
GOBP_RESPONSE_TO_MITOCHONDRIAL_DEPOLARISATION,-2.86803394702707,0.0269380587838676,-1.91010914018428,0.308265260006537,FALSE,0
GOBP_RESPONSE_TO_MONOSACCHARIDE,-1.91947102475259,0.160503710010968,-1.2623529043649,0.558190702817989,FALSE,0
GOBP_RESPONSE_TO_MURAMYL_DIPEPTIDE,-0.87290110688401,0.579420683638693,-0.187264123879808,0.958165734572316,FALSE,0
GOBP_RESPONSE_TO_MUSCLE_STRETCH,-1.99260750245453,0.142767411433103,-2.80494879544362,0.096442914346935,FALSE,0
GOBP_RESPONSE_TO_POTASSIUM_ION,0.0644222853539762,0.971750388972975,1.74739597905378,0.362443909693227,FALSE,0
GOBP_RESPONSE_TO_PROSTAGLANDIN_E,1.12896934291976,0.452522585455215,0.373872686491287,0.905762145675523,FALSE,0
GOBP_RESPONSE_TO_PROTOZOAN,-0.949964260050831,0.539880323857496,-0.0550198824186297,0.988756283300366,FALSE,0
GOBP_RESPONSE_TO_PURINE_CONTAINING_COMPOUND,-0.574009061729443,0.730966533603433,-0.341418869774107,0.914728051345934,FALSE,0
GOBP_RESPONSE_TO_RETINOIC_ACID,-0.216672042920761,0.907323317626842,-0.345102372149071,0.914040179429268,FALSE,0
GOBP_RESPONSE_TO_STEROL,-2.34328652760519,0.0779569765355589,-0.496125242268048,0.868739123146472,FALSE,0
GOBP_RESPONSE_TO_STEROL_DEPLETION,-0.765698303368141,0.632552921065321,-1.96049644724008,0.295825264095379,FALSE,0
GOBP_RESPONSE_TO_TEMPERATURE_STIMULUS,-0.77542300419181,0.628335404825375,-1.56326653520416,0.431621231512383,FALSE,0
GOBP_RESPONSE_TO_TOPOLOGICALLY_INCORRECT_PROTEIN,-0.869510572367341,0.581032392364722,-0.596116885857074,0.832744988827932,FALSE,0
GOBP_RESPONSE_TO_TOXIC_SUBSTANCE,0.984123998233901,0.524015614031408,0.289197720374595,0.929844250228499,FALSE,0
GOBP_RESPONSE_TO_TUMOR_CELL,-1.36902352724254,0.35007451282505,-0.108671969772056,0.9793804787535,FALSE,0
GOBP_RESPONSE_TO_UV,-0.214377869872687,0.908004044419393,-1.88130025919363,0.317756488624444,FALSE,0
GOBP_RESPONSE_TO_UV_B,-0.151151240964292,0.935698245171468,-0.697681544195152,0.790641626884788,FALSE,0
GOBP_RESPONSE_TO_VITAMIN_A,-0.415294114336062,0.81376940607615,-3.00200332438654,0.0688761345646978,FALSE,0
GOBP_RETINA_DEVELOPMENT_IN_CAMERA_TYPE_EYE,-0.529637568582909,0.754250868890229,-0.405286012472653,0.896493499377199,FALSE,0
GOBP_RETINA_HOMEOSTASIS,-0.860567234038243,0.586035705060919,-0.303905596795003,0.925906616607774,FALSE,0
GOBP_RETINA_LAYER_FORMATION,-0.70883798041807,0.662061889684651,-2.05335549862534,0.268447221349599,FALSE,0
GOBP_RETINA_MORPHOGENESIS_IN_CAMERA_TYPE_EYE,-2.70441644658651,0.0385890058213629,-0.469670405615675,0.875722233235354,FALSE,0
GOBP_RETINOIC_ACID_RECEPTOR_SIGNALING_PATHWAY,-1.74086346312302,0.213776418722345,-2.02512000946185,0.278278709608242,FALSE,0
GOBP_RETINOL_METABOLIC_PROCESS,1.25062675559586,0.401034300243032,0.0581371526339075,0.988756283300366,FALSE,0
GOBP_REVERSE_CHOLESTEROL_TRANSPORT,-1.80518275500961,0.193415594443266,-0.611529565856035,0.827465215018372,FALSE,0
GOBP_RHO_PROTEIN_SIGNAL_TRANSDUCTION,-0.058702618919076,0.973470016301119,-1.77660566312193,0.354103759030053,FALSE,0
GOBP_RHYTHMIC_PROCESS,-1.37885151293666,0.34571459405675,-0.417814210316001,0.892221015318677,FALSE,0
GOBP_RIBONUCLEOSIDE_TRIPHOSPHATE_BIOSYNTHETIC_PROCESS,-0.94701873665203,0.540554844388001,-0.0643488986791467,0.988756283300366,FALSE,0
GOBP_RIBONUCLEOTIDE_CATABOLIC_PROCESS,0.509794032144072,0.765898177658443,2.68141629514322,0.112107038283212,FALSE,0
GOBP_RIBOSOMAL_SMALL_SUBUNIT_ASSEMBLY,-1.40277379879367,0.336754280584567,-2.05608200199608,0.267948581867982,FALSE,0
GOBP_RIBOSOMAL_SMALL_SUBUNIT_BIOGENESIS,-1.89285160220236,0.16736430865504,-0.374385085497153,0.905762145675523,FALSE,0
GOBP_RIG_I_SIGNALING_PATHWAY,-1.65900774000876,0.239368685448983,-0.0570970252295273,0.988756283300366,FALSE,0
GOBP_RNA_DECAPPING,-3.12194662125487,0.0154407680660891,-0.794368840968572,0.746017267032982,FALSE,0
GOBP_RNA_INTERFERENCE,-1.03618054397286,0.496245079995877,-2.66319667355048,0.115563225015995,FALSE,0
GOBP_RNA_MEDIATED_GENE_SILENCING_BY_INHIBITION_OF_TRANSLATION,-0.377139572803317,0.830224670584886,-0.116290487768355,0.976843650536404,FALSE,0
GOBP_RNA_POLYADENYLATION,-1.57671918801485,0.267366604541106,-0.566788008113761,0.842507992043697,FALSE,0
GOBP_RNA_POLYMERASE_II_PREINITIATION_COMPLEX_ASSEMBLY,-1.12239253284548,0.455226530757493,-1.02103003070688,0.660440749610967,FALSE,0
GOBP_RNA_SURVEILLANCE,-0.736705875458082,0.646906449816421,-0.845682520411732,0.729028158138777,FALSE,0
GOBP_ROOF_OF_MOUTH_DEVELOPMENT,-0.532232551752958,0.753300904843831,-0.148964784128561,0.967892727352685,FALSE,0
GOBP_RRNA_CATABOLIC_PROCESS,-3.35656781856057,0.00896998582331861,-1.81974248029204,0.336825271712895,FALSE,0
GOBP_SALIVARY_GLAND_DEVELOPMENT,1.66709760791638,0.23692454369533,0.223576144882703,0.948122856797163,FALSE,0
GOBP_SCF_DEPENDENT_PROTEASOMAL_UBIQUITIN_DEPENDENT_PROTEIN_CATABOLIC_PROCESS,-0.191256368068017,0.921718527761897,-0.89202271276652,0.709665148671223,FALSE,0
GOBP_SCHWANN_CELL_DEVELOPMENT,-0.948450849310675,0.540260617121475,-0.0313240526494228,0.993713150658648,FALSE,0
GOBP_SECONDARY_ALCOHOL_METABOLIC_PROCESS,-1.96934028473359,0.148326460875962,-0.300149538790151,0.927246148023696,FALSE,0
GOBP_SECONDARY_PALATE_DEVELOPMENT,1.4577941760317,0.312296406724978,2.00909764052373,0.283031610478454,FALSE,0
GOBP_SEGMENTATION,0.164009090505801,0.93198934688683,1.6012917356246,0.416974890581524,FALSE,0
GOBP_SELECTIVE_AUTOPHAGY,-2.58666564489379,0.0490164457539945,-1.68521679633564,0.386763731627726,FALSE,0
GOBP_SENSORY_PERCEPTION_OF_BITTER_TASTE,3.2313472316038,0.0119354840550286,0.597772075210001,0.832743293663509,FALSE,0
GOBP_SENSORY_PERCEPTION_OF_LIGHT_STIMULUS,1.30989456742651,0.374603517554933,2.07224592637761,0.26223437066083,FALSE,0
GOBP_SENSORY_PERCEPTION_OF_MECHANICAL_STIMULUS,1.0517885127588,0.489174357654982,0.212282582285516,0.953248241191266,FALSE,0
GOBP_SENSORY_PERCEPTION_OF_PAIN,0.56772437748286,0.734403905736009,0.21197781492217,0.953248241191266,FALSE,0
GOBP_SENSORY_PERCEPTION_OF_TASTE,2.27582369914587,0.0882884069768596,0.806048515930995,0.744161026054853,FALSE,0
GOBP_SEQUESTERING_OF_CALCIUM_ION,-1.14861652719663,0.443289105138257,-0.976633581152249,0.676007884135415,FALSE,0
GOBP_SEQUESTERING_OF_TRIGLYCERIDE,0.997506877684723,0.517529803566022,0.437644801932869,0.884948567315646,FALSE,0
GOBP_SERINE_FAMILY_AMINO_ACID_METABOLIC_PROCESS,-1.39638668813889,0.339091746443103,-0.255295231448982,0.942125142377584,FALSE,0
GOBP_SERINE_PHOSPHORYLATION_OF_STAT_PROTEIN,2.39093573469906,0.071783362465996,2.78074942684514,0.0979822155713847,FALSE,0
GOBP_SERTOLI_CELL_DIFFERENTIATION,-3.93095228462806,0.00183049252953302,-1.33624761205657,0.521261061981402,FALSE,0
GOBP_SEX_DETERMINATION,-2.12595930645675,0.114255450768406,-3.31248914050336,0.0429128888270347,FALSE,0
GOBP_SEX_DIFFERENTIATION,-2.59849037880529,0.0478773496037737,-0.981772031456366,0.676007884135415,FALSE,0
GOBP_SIALYLATION,-0.149108766833318,0.936336626945396,-1.72646224438053,0.371901053649393,FALSE,0
GOBP_SIGNALING_RECEPTOR_LIGAND_PRECURSOR_PROCESSING,2.56996006998508,0.0507467067427099,0.991339077972954,0.67238145901751,FALSE,0
GOBP_SIGNAL_TRANSDUCTION_BY_P53_CLASS_MEDIATOR,-1.26866554340283,0.393216176162554,-1.59765973512317,0.418019025679391,FALSE,0
GOBP_SIGNAL_TRANSDUCTION_INVOLVED_IN_REGULATION_OF_GENE_EXPRESSION,1.29879550397556,0.379318598377934,0.160883462471255,0.964172002544361,FALSE,0
GOBP_SIGNAL_TRANSDUCTION_IN_RESPONSE_TO_DNA_DAMAGE,-1.23459880341286,0.407513249162222,-0.309236420120625,0.925435441961455,FALSE,0
GOBP_SINGLE_FERTILIZATION,0.0980454931466592,0.957526925027146,0.9725234124508,0.677677936436345,FALSE,0
GOBP_SINGLE_STRANDED_VIRAL_RNA_REPLICATION_VIA_DOUBLE_STRANDED_DNA_INTERMEDIATE,-0.112222712318348,0.950650600907577,-2.13679127453544,0.240576487173323,FALSE,0
GOBP_SKELETAL_MUSCLE_CELL_DIFFERENTIATION,-3.87305048805379,0.00217882876526433,-0.807877035543502,0.743969841281928,FALSE,0
GOBP_SKELETAL_MUSCLE_CONTRACTION,-2.96862495579586,0.0218785289444945,-0.113268536647918,0.977987339021279,FALSE,0
GOBP_SKELETAL_MUSCLE_ORGAN_DEVELOPMENT,-1.35198381060346,0.356830703814569,-0.957860985859626,0.683451545909392,FALSE,0
GOBP_SKIN_DEVELOPMENT,1.69979406794215,0.227858371803029,0.422951646070022,0.889742245883426,FALSE,0
GOBP_SMOOTH_MUSCLE_CELL_DIFFERENTIATION,-1.89001340709898,0.168262238002612,-0.550219831361133,0.849678302169891,FALSE,0
GOBP_SNO_S_RNA_METABOLIC_PROCESS,-2.42888087845835,0.0664827098042495,-2.0125416404462,0.281764608205245,FALSE,0
GOBP_SNRNA_TRANSCRIPTION,-5.58669594616136,5.41652321199433e-06,-1.48951381868817,0.461333645645975,FALSE,0
GOBP_SNRNA_TRANSCRIPTION_BY_RNA_POLYMERASE_II,-2.26910717127821,0.0893177155318791,-1.44603377629702,0.482249336664721,FALSE,0
GOBP_SODIUM_ION_IMPORT_ACROSS_PLASMA_MEMBRANE,-0.208702495170934,0.911316762974053,-1.78411618267364,0.351669398800872,FALSE,0
GOBP_SOMATIC_DIVERSIFICATION_OF_IMMUNE_RECEPTORS,-3.10853915197531,0.0159750472081763,-0.0772962871267751,0.986160944250904,FALSE,0
GOBP_SOMATIC_DIVERSIFICATION_OF_IMMUNOGLOBULINS,-2.99568708795209,0.0205530116425682,-0.47771535847242,0.874018014757804,FALSE,0
GOBP_SOMATIC_DIVERSIFICATION_OF_IMMUNOGLOBULINS_INVOLVED_IN_IMMUNE_RESPONSE,-3.57416579369194,0.00503922535193715,-0.990786103599023,0.67238145901751,FALSE,0
GOBP_SOMITOGENESIS,0.607015184266697,0.714346035964672,0.307390887383725,0.925448482784054,FALSE,0
GOBP_SPECIFICATION_OF_ANIMAL_ORGAN_IDENTITY,1.4411315266711,0.319108487083403,2.43700079573745,0.162905259719097,FALSE,0
GOBP_SPERMATID_DIFFERENTIATION,-4.13545833863951,0.000975410261905709,-1.58398098592027,0.421905054266098,FALSE,0
GOBP_SPERMATID_NUCLEUS_DIFFERENTIATION,-1.68625083969261,0.231686048987512,-0.866433453212705,0.720070006032347,FALSE,0
GOBP_SPERM_EGG_RECOGNITION,0.312248272389693,0.860658141848522,0.922106549304381,0.696138910160274,FALSE,0
GOBP_SPERM_FLAGELLUM_ASSEMBLY,-1.75559199300426,0.209232576464016,-1.96983217719941,0.293532788538832,FALSE,0
GOBP_SPERM_MOTILITY,-0.867473712193223,0.582027913169441,-0.0167530263318164,0.997706319462694,FALSE,0
GOBP_SPHINGOID_METABOLIC_PROCESS,3.92090438964795,0.00185400277624315,0.49709069553725,0.868330554733344,FALSE,0
GOBP_SPHINGOLIPID_MEDIATED_SIGNALING_PATHWAY,-1.02213800162533,0.504239645432766,-0.615292527729701,0.826367282704912,FALSE,0
GOBP_SPHINGOMYELIN_METABOLIC_PROCESS,1.12524563372205,0.453984112914314,1.0795481616814,0.635916841970717,FALSE,0
GOBP_SPINAL_CORD_DEVELOPMENT,-2.00849742719455,0.138227738886367,-0.502096698073547,0.866768634639725,FALSE,0
GOBP_SPINAL_CORD_PATTERNING,-1.42981966364454,0.324373801409625,-0.159860080629354,0.964403570629082,FALSE,0
GOBP_SPLEEN_DEVELOPMENT,-2.79585632065529,0.0313189932502103,-2.3405767282539,0.186230602463269,FALSE,0
GOBP_SPLICEOSOMAL_SNRNP_ASSEMBLY,-4.20568736157176,0.000761495695882505,-1.52450916291817,0.447490931535903,FALSE,0
GOBP_SRP_DEPENDENT_COTRANSLATIONAL_PROTEIN_TARGETING_TO_MEMBRANE,-0.753463757010656,0.639499951259796,-1.110815864412,0.620526578027105,FALSE,0
GOBP_STABILIZATION_OF_MEMBRANE_POTENTIAL,-1.40284700155501,0.336754280584567,-0.596097857568844,0.832744988827932,FALSE,0
GOBP_STARTLE_RESPONSE,3.60892866109946,0.00461554766804257,0.378249079056078,0.904733514156596,FALSE,0
GOBP_STEM_CELL_DIVISION,-2.48726557175552,0.0600352350950069,-0.562156836461685,0.844488994974907,FALSE,0
GOBP_STEM_CELL_PROLIFERATION,-0.649577231968553,0.695171914683657,-0.710138478068433,0.786233147714044,FALSE,0
GOBP_STEROID_HORMONE_BIOSYNTHETIC_PROCESS,2.5043647722853,0.0580547329982059,0.201260637081844,0.956297356475256,FALSE,0
GOBP_STEROID_HORMONE_MEDIATED_SIGNALING_PATHWAY,-3.19607688634202,0.0130388835755473,-1.17003770146532,0.594944496808498,FALSE,0
GOBP_STEROL_BIOSYNTHETIC_PROCESS,-0.151425223239697,0.935698245171468,-1.0393028846162,0.651253773143813,FALSE,0
GOBP_STORE_OPERATED_CALCIUM_ENTRY,0.921734529816077,0.555330727674186,0.163640013532191,0.963092106885598,FALSE,0
GOBP_STRESS_ACTIVATED_PROTEIN_KINASE_SIGNALING_CASCADE,-0.327989558527569,0.852975821906748,-1.24352999327392,0.565191468285374,FALSE,0
GOBP_STRESS_RESPONSE_TO_METAL_ION,1.17405966225878,0.431927422264007,2.45911422698667,0.157912493342845,FALSE,0
GOBP_STRIATED_MUSCLE_CELL_APOPTOTIC_PROCESS,-1.3471281949846,0.359156271179999,-1.75270829964411,0.361080927499749,FALSE,0
GOBP_STRIATED_MUSCLE_CONTRACTION,0.601808752738829,0.717766727705501,0.196512234081467,0.957347602336641,FALSE,0
GOBP_STRIATUM_DEVELOPMENT,1.82519235458617,0.187241627120217,0.318471537312868,0.922310588249655,FALSE,0
GOBP_SULFATION,1.628145110726,0.24930599085151,1.62108317522046,0.410534963288858,FALSE,0
GOBP_SULFUR_AMINO_ACID_METABOLIC_PROCESS,-0.506708416242931,0.767910052663437,-0.0322332372582234,0.993713150658648,FALSE,0
GOBP_SULFUR_COMPOUND_CATABOLIC_PROCESS,-0.92700234595747,0.552398136821474,-0.586458481042641,0.836106991834509,FALSE,0
GOBP_SYNAPSE_ASSEMBLY,2.51663772378053,0.056666035497793,1.05802905601955,0.645873531265313,FALSE,0
GOBP_SYNAPTIC_TRANSMISSION_GLUTAMATERGIC,0.628355463039807,0.703946173957977,1.30462972475762,0.537459360880975,FALSE,0
GOBP_SYNAPTIC_VESICLE_CYTOSKELETAL_TRANSPORT,2.57917178113387,0.0497506545860232,0.570678717238579,0.840181157006206,FALSE,0
GOBP_SYNAPTIC_VESICLE_LOCALIZATION,2.51425350746598,0.0569227701341474,1.47811067941297,0.467262538932857,FALSE,0
GOBP_SYNAPTIC_VESICLE_PRIMING,-0.96809926983517,0.530989706905601,-0.0131468611460756,0.998505312289428,FALSE,0
GOBP_SYNAPTIC_VESICLE_RECYCLING,-1.19942786739681,0.421211635761023,-2.36208871063325,0.180137588189197,FALSE,0
GOBP_SYNAPTONEMAL_COMPLEX_ORGANIZATION,-1.26930967718644,0.393013988044173,-1.24388319918269,0.565191468285374,FALSE,0
GOBP_SYNCYTIUM_FORMATION,1.16729637875068,0.434307431372453,1.31489319270411,0.533537869574997,FALSE,0
GOBP_TELENCEPHALON_DEVELOPMENT,0.886959294835751,0.572623734371318,0.195535839498773,0.957347602336641,FALSE,0
GOBP_TELOMERASE_RNA_LOCALIZATION,0.20311858612957,0.913754025775719,1.0573181121335,0.645873531265313,FALSE,0
GOBP_TELOMERE_MAINTENANCE,-1.6900743409089,0.230284870655639,-0.41786626636534,0.892221015318677,FALSE,0
GOBP_TERPENOID_BIOSYNTHETIC_PROCESS,3.72274469085671,0.00331104505490141,0.39414324838767,0.900553489346514,FALSE,0
GOBP_TERTIARY_ALCOHOL_METABOLIC_PROCESS,2.46908534975328,0.0617237084018321,1.7700749563109,0.354697192505237,FALSE,0
GOBP_TETRAPYRROLE_METABOLIC_PROCESS,2.11360676896786,0.116727111155532,0.19184669927759,0.958165734572316,FALSE,0
GOBP_THYMUS_DEVELOPMENT,-1.95188438012464,0.152885491746238,-1.75750883088816,0.359251660908727,FALSE,0
GOBP_THYROID_GLAND_DEVELOPMENT,-3.41408817662925,0.00774598432235315,-0.529984318931089,0.857193877261564,FALSE,0
GOBP_THYROID_HORMONE_GENERATION,4.40954221806359,0.000380986878695488,0.943607435483105,0.687794422484834,FALSE,0
GOBP_THYROID_HORMONE_METABOLIC_PROCESS,4.58641346660197,0.000209509098557553,1.10559316843245,0.621899980085959,FALSE,0
GOBP_TIGHT_JUNCTION_ORGANIZATION,-1.09209382569273,0.468511027372807,-0.533207486855939,0.856321962878496,FALSE,0
GOBP_TISSUE_REGENERATION,0.141642319922972,0.938392024898046,0.907280878808649,0.700948123658313,FALSE,0
GOBP_TISSUE_REMODELING,-0.145144439797473,0.936952000242148,-2.31346147436364,0.194270327393161,FALSE,0
GOBP_TOLL_LIKE_RECEPTOR_2_SIGNALING_PATHWAY,2.21588700827591,0.0987494707355639,0.75065601333986,0.768012698739432,FALSE,0
GOBP_TOLL_LIKE_RECEPTOR_4_SIGNALING_PATHWAY,0.513294040256401,0.763612094535512,1.16205171141302,0.598584348361738,FALSE,0
GOBP_TONGUE_DEVELOPMENT,-0.525016779912717,0.756331643292293,-2.55950370204956,0.136464981613248,FALSE,0
GOBP_TOXIN_METABOLIC_PROCESS,-1.48337445104104,0.30128627040677,-0.762101455036774,0.762428258228904,FALSE,0
GOBP_TRABECULA_FORMATION,2.97798617251566,0.0213425369048671,1.40029579936785,0.500368377665618,FALSE,0
GOBP_TRABECULA_MORPHOGENESIS,2.48004045261875,0.0605560559000934,0.839479099828226,0.730488718145235,FALSE,0
GOBP_TRACHEA_DEVELOPMENT,-1.44587434846916,0.316789495286621,-1.87523665174557,0.319085421390079,FALSE,0
GOBP_TRANSCRIPTION_BY_RNA_POLYMERASE_III,-2.53172255099443,0.0551349882650945,-0.317324726601869,0.922310588249655,FALSE,0
GOBP_TRANSCRIPTION_ELONGATION_FROM_RNA_POLYMERASE_II_PROMOTER,-3.65891492668263,0.00392821237692152,-2.53110494271859,0.14348472679647,FALSE,0
GOBP_TRANSCRIPTION_INITIATION_FROM_RNA_POLYMERASE_II_PROMOTER,-0.603337944655398,0.716823592379736,-1.02653343513322,0.658238169328675,FALSE,0
GOBP_TRANSCRIPTION_PREINITIATION_COMPLEX_ASSEMBLY,-2.80219545541487,0.0308551621658652,-1.59765101465322,0.418019025679391,FALSE,0
GOBP_TRANSFORMING_GROWTH_FACTOR_BETA1_PRODUCTION,0.439167249449438,0.802670764820042,0.836695662957007,0.731404320025931,FALSE,0
GOBP_TRANSLATIONAL_ELONGATION,-0.591334770145421,0.723832312677013,-1.44403189713688,0.482523656335172,FALSE,0
GOBP_TRANSLATIONAL_TERMINATION,2.9102682297189,0.0246604793124936,0.668275158221143,0.803735665135456,FALSE,0
GOBP_TRANSLESION_SYNTHESIS,-1.78310842147832,0.200707793457267,-2.82054419687412,0.0939814857710825,FALSE,0
GOBP_TRANSPORT_ALONG_MICROTUBULE,0.632421131413264,0.702960688762133,0.469146037690653,0.875827473683478,FALSE,0
GOBP_TRICARBOXYLIC_ACID_CYCLE,1.6614279314319,0.238625976970098,1.17701660333565,0.59324005648028,FALSE,0
GOBP_TRNA_METHYLATION,-0.609255782859488,0.713561245083984,-0.700891613119013,0.789648513324866,FALSE,0
GOBP_TRNA_WOBBLE_BASE_MODIFICATION,-2.39507325745778,0.0712416019961796,-0.134287030001602,0.971690304457821,FALSE,0
GOBP_TROPHECTODERMAL_CELL_DIFFERENTIATION,-4.06362771595988,0.00121355314088863,-0.8841947009483,0.713716599293729,FALSE,0
GOBP_TROPHOBLAST_CELL_MIGRATION,0.207797979483607,0.911531940389414,0.0835295910171535,0.984863846267242,FALSE,0
GOBP_TROPHOBLAST_GIANT_CELL_DIFFERENTIATION,0.335916329942641,0.849255365327992,1.45959354757238,0.476331223452325,FALSE,0
GOBP_TUBE_FORMATION,-3.08624025464157,0.0168072117988493,-1.28974030333347,0.543486505448282,FALSE,0
GOBP_TUMOR_NECROSIS_FACTOR_SUPERFAMILY_CYTOKINE_PRODUCTION,-0.368578056273217,0.835047841415329,-1.98140435112661,0.289331729526532,FALSE,0
GOBP_TYPE_2_IMMUNE_RESPONSE,-0.291058775909589,0.872981470317812,-0.424478962237399,0.888686105772225,FALSE,0
GOBP_TYPE_B_PANCREATIC_CELL_DEVELOPMENT,2.13792104445061,0.112465889388301,0.546568794138468,0.851081871981032,FALSE,0
GOBP_T_CELL_APOPTOTIC_PROCESS,3.60273394586004,0.00469869893324072,0.00374190536173541,0.999418868339789,FALSE,0
GOBP_T_CELL_CHEMOTAXIS,-0.7646376597335,0.633277614870684,-1.42677877120984,0.488918153472989,FALSE,0
GOBP_T_CELL_DIFFERENTIATION,-2.09734927925888,0.119852281551026,-0.432659130790969,0.886556256894219,FALSE,0
GOBP_T_CELL_LINEAGE_COMMITMENT,-1.53258561364764,0.282649414266937,-1.45831673273297,0.476797465635676,FALSE,0
GOBP_T_CELL_RECEPTOR_SIGNALING_PATHWAY,-0.123841272980008,0.946616729908517,-0.46075509101735,0.877149044185235,FALSE,0
GOBP_T_CELL_SELECTION,-0.654611238078607,0.692001422906536,-1.13151569035865,0.612256723604666,FALSE,0
GOBP_T_CELL_TOLERANCE_INDUCTION,-0.985386620374942,0.52334326178353,-0.135920561313736,0.971519965788287,FALSE,0
GOBP_T_HELPER_1_CELL_DIFFERENTIATION,0.289452423547638,0.873706648246875,0.786649062737756,0.74868882651768,FALSE,0
GOBP_UBIQUINONE_METABOLIC_PROCESS,2.18312302780344,0.103935147311862,1.88547908618772,0.316943443176782,FALSE,0
GOBP_UBIQUITIN_DEPENDENT_ERAD_PATHWAY,-1.27828169698621,0.388638635199506,-1.91407367528273,0.308108709823519,FALSE,0
GOBP_UBIQUITIN_DEPENDENT_PROTEIN_CATABOLIC_PROCESS_VIA_THE_MULTIVESICULAR_BODY_SORTING_PATHWAY,-0.627963279092793,0.704090926527843,-1.26204612259681,0.558195236279737,FALSE,0
GOBP_URONIC_ACID_METABOLIC_PROCESS,-1.01035376723542,0.510204853088761,-0.191661339211308,0.958165734572316,FALSE,0
GOBP_VACUOLAR_LOCALIZATION,-0.123945634686918,0.946616729908517,-2.18051569145324,0.226430494027671,FALSE,0
GOBP_VASCULAR_ASSOCIATED_SMOOTH_MUSCLE_CELL_DIFFERENTIATION,-1.61413281214204,0.253636171354072,-0.712540457319252,0.785545950099189,FALSE,0
GOBP_VASCULAR_ASSOCIATED_SMOOTH_MUSCLE_CELL_MIGRATION,2.20571362966152,0.100144421186907,0.0274089545247296,0.994790880183398,FALSE,0
GOBP_VASCULAR_ASSOCIATED_SMOOTH_MUSCLE_CELL_PROLIFERATION,-0.486367931857303,0.778131385690222,-0.716793496562852,0.783187786878163,FALSE,0
GOBP_VASCULAR_ENDOTHELIAL_CELL_PROLIFERATION,-2.21080810227356,0.0992323947723581,-1.604515758188,0.415008724161335,FALSE,0
GOBP_VASCULAR_ENDOTHELIAL_GROWTH_FACTOR_PRODUCTION,-1.94062158380877,0.155943425328946,-0.491771028641358,0.870982287766441,FALSE,0
GOBP_VASCULAR_ENDOTHELIAL_GROWTH_FACTOR_RECEPTOR_SIGNALING_PATHWAY,-1.24544611868665,0.403151195742097,-1.55410360407619,0.435525933889087,FALSE,0
GOBP_VASCULAR_ENDOTHELIAL_GROWTH_FACTOR_SIGNALING_PATHWAY,0.285516975243918,0.87538431410302,0.75537396102855,0.766856052693219,FALSE,0
GOBP_VASCULAR_PROCESS_IN_CIRCULATORY_SYSTEM,-0.459126948244923,0.793084704939438,-0.385434926270222,0.903263133854242,FALSE,0
GOBP_VASCULAR_TRANSPORT,-1.17373727327836,0.431927422264007,-0.949240075965456,0.685591606264776,FALSE,0
GOBP_VASCULAR_WOUND_HEALING,0.741336717001525,0.644840597699025,0.391432191087542,0.901361100928477,FALSE,0
GOBP_VASCULOGENESIS,-1.43739891639669,0.32054002716822,-3.37150070989456,0.0383966569293,FALSE,0
GOBP_VASOCONSTRICTION,1.12450279077933,0.454128543974759,0.00199455109685873,0.999582073671829,FALSE,0
GOBP_VASODILATION,0.39778444943396,0.819981556462795,0.840062052506149,0.730488718145235,FALSE,0
GOBP_VENOUS_BLOOD_VESSEL_DEVELOPMENT,3.01124620144066,0.0199057281231957,1.06615652863469,0.643073214082679,FALSE,0
GOBP_VENTRICULAR_CARDIAC_MUSCLE_CELL_ACTION_POTENTIAL,3.10350652094073,0.0161665374377282,2.25273253715372,0.209826645360768,FALSE,0
GOBP_VENTRICULAR_CARDIAC_MUSCLE_CELL_MEMBRANE_REPOLARIZATION,1.20849750071217,0.417854205449779,2.73132382489226,0.103178734412668,FALSE,0
GOBP_VENTRICULAR_CARDIAC_MUSCLE_TISSUE_DEVELOPMENT,1.54739653197336,0.277302815514749,1.33203940884341,0.523177392399279,FALSE,0
GOBP_VENTRICULAR_CARDIAC_MUSCLE_TISSUE_MORPHOGENESIS,1.44077696859255,0.319108487083403,0.482376063992018,0.873631163209826,FALSE,0
GOBP_VENTRICULAR_SYSTEM_DEVELOPMENT,-2.15193939026415,0.110329177263751,-0.274796570147405,0.934490230178999,FALSE,0
GOBP_VESICLE_CARGO_LOADING,0.204392842426201,0.913754025775719,0.130997104914831,0.972891856973141,FALSE,0
GOBP_VESICLE_DOCKING,1.65757926364965,0.239734727626807,1.09440760110424,0.628290808225621,FALSE,0
GOBP_VESICLE_DOCKING_INVOLVED_IN_EXOCYTOSIS,3.09094416661591,0.0166504762938177,0.477500481797495,0.874018014757804,FALSE,0
GOBP_VESICLE_MEDIATED_TRANSPORT_TO_THE_PLASMA_MEMBRANE,-0.00439866746501917,0.998429456953052,-1.46421604133317,0.473928013926357,FALSE,0
GOBP_VESICLE_TARGETING_TO_FROM_OR_WITHIN_GOLGI,1.9557724120076,0.152125894830223,0.739179253341512,0.77337293400654,FALSE,0
GOBP_VESICLE_TRANSPORT_ALONG_MICROTUBULE,3.20179747685035,0.0128090031276528,1.72276321137352,0.373145795088811,FALSE,0
GOBP_VIRAL_BUDDING,-1.5362001921849,0.281508716981159,-0.533438465452167,0.856321962878496,FALSE,0
GOBP_VIRAL_GENE_EXPRESSION,-1.10911917707068,0.460445920505648,-1.58225286036043,0.422759260571473,FALSE,0
GOBP_VIRAL_GENOME_REPLICATION,-1.78148238866816,0.201315891028921,-0.773527838991008,0.755655692122914,FALSE,0
GOBP_VIRAL_TRANSCRIPTION,-1.67509714560775,0.235084698773196,-2.92251482911662,0.0769838697309795,FALSE,0
GOBP_VIRION_ASSEMBLY,-1.85077215089788,0.179759567274449,-0.801524204924617,0.744161026054853,FALSE,0
GOBP_VISUAL_BEHAVIOR,-0.620458660631228,0.708276609840185,-0.779832372317189,0.752582208435019,FALSE,0
GOBP_VOCALIZATION_BEHAVIOR,2.45796500657064,0.0629047236940859,1.9483808507013,0.297412538723901,FALSE,0
GOBP_WALKING_BEHAVIOR,3.66884873965867,0.00385484168470508,1.12116584673509,0.616642821291008,FALSE,0
GOBP_WOUND_HEALING_SPREADING_OF_EPIDERMAL_CELLS,3.12328577436814,0.0154249210587766,1.21893791525942,0.576631896179233,FALSE,0
GOBP_XENOBIOTIC_TRANSPORT,1.91693120344001,0.161151760232689,1.92323388641903,0.304307627509136,FALSE,0
GOBP_ZINC_ION_HOMEOSTASIS,4.57883773409227,0.000213793521949935,0.0456652115874789,0.991081029721648,FALSE,0
HALLMARK_ADIPOGENESIS,-0.651475947760498,0.694183511739692,-0.879303010153864,0.716088696197558,FALSE,0
HALLMARK_ALLOGRAFT_REJECTION,1.10081857591664,0.464805106892237,1.09535966973346,0.628175532285375,FALSE,0
HALLMARK_BILE_ACID_METABOLISM,-1.23818122412146,0.406284683949197,-0.188183390913409,0.958165734572316,FALSE,0
HALLMARK_CHOLESTEROL_HOMEOSTASIS,-0.169830779532572,0.930761061355691,-0.761956699073975,0.762428258228904,FALSE,0
HALLMARK_COAGULATION,3.76404390540461,0.0029684430651245,0.549438909855873,0.850218514394499,FALSE,0
HALLMARK_DNA_REPAIR,-2.04631749897973,0.129930144031465,-0.240533387150784,0.944486636544988,FALSE,0
HALLMARK_EPITHELIAL_MESENCHYMAL_TRANSITION,6.01905045333471,1.00372994971301e-06,0.0232840288750783,0.99636137213074,FALSE,0
HALLMARK_ESTROGEN_RESPONSE_EARLY,-2.5676953932784,0.0510299663707108,-3.10392691947603,0.0592834224893838,FALSE,0
HALLMARK_HYPOXIA,-3.11120323496144,0.0158577840676441,-1.25032557224949,0.562856133911906,FALSE,0
HALLMARK_IL2_STAT5_SIGNALING,-0.520816966030386,0.758917518297202,-2.95115006478304,0.0742475779034282,FALSE,0
HALLMARK_IL6_JAK_STAT3_SIGNALING,-0.0975749549018632,0.957605820826525,-0.740577160202213,0.772841470319709,FALSE,0
HALLMARK_INFLAMMATORY_RESPONSE,1.4590337731776,0.311821482163424,1.04683330827107,0.649261809646522,FALSE,0
HALLMARK_KRAS_SIGNALING_DN,-0.858952876097333,0.586863538138652,-0.107207185285871,0.979873179793631,FALSE,0
HALLMARK_MITOTIC_SPINDLE,-0.614705852132215,0.710679947017901,-1.9962664234239,0.287908780347604,FALSE,0
HALLMARK_MYC_TARGETS_V2,-0.800276350777133,0.615111125368051,-0.053496690482922,0.988913627557372,FALSE,0
HALLMARK_NOTCH_SIGNALING,-0.0670029505252805,0.970999656912878,-0.940061312608866,0.6889177799283,FALSE,0
HALLMARK_OXIDATIVE_PHOSPHORYLATION,0.663689994496214,0.686472947248645,0.613296621560438,0.826884222807897,FALSE,0
HALLMARK_P53_PATHWAY,-2.84988314054867,0.0279049606636923,-1.9920366102239,0.288465139636001,FALSE,0
HALLMARK_PEROXISOME,1.60191316344327,0.258148166116805,0.0735316114875213,0.987078627842916,FALSE,0
HALLMARK_TNFA_SIGNALING_VIA_NFKB,-2.07732722970164,0.123833589840483,-1.29171236091353,0.542572275743289,FALSE,0
HALLMARK_UNFOLDED_PROTEIN_RESPONSE,-0.66533034622478,0.685773083152102,-0.11064907598153,0.979210332304095,FALSE,0
HALLMARK_UV_RESPONSE_UP,-2.16003651640265,0.108964181997094,-0.85581683984308,0.72517860019822,FALSE,0
HALLMARK_WNT_BETA_CATENIN_SIGNALING,-0.485603809521971,0.77842864326295,-1.82845517791208,0.335085190499978,FALSE,0
KEGG_ACUTE_MYELOID_LEUKEMIA,-2.27251344408177,0.0888569286216471,-1.91332569354472,0.308232955775001,FALSE,0
KEGG_ADHERENS_JUNCTION,-0.244894431258878,0.892129979823031,-2.14809367890945,0.2373813850733,FALSE,0
KEGG_ALANINE_ASPARTATE_AND_GLUTAMATE_METABOLISM,-0.800168567516035,0.615111125368051,-0.274077233135773,0.934932385441961,FALSE,0
KEGG_ALPHA_LINOLENIC_ACID_METABOLISM,0.399746588575446,0.819172066902841,1.53512877979946,0.442563618950217,FALSE,0
KEGG_AMINOACYL_TRNA_BIOSYNTHESIS,0.702733413647262,0.66535332428517,2.3137125134889,0.194270327393161,FALSE,0
KEGG_AMINO_SUGAR_AND_NUCLEOTIDE_SUGAR_METABOLISM,-0.600866339161708,0.717766727705501,-0.0053245252692782,0.999253721001256,FALSE,0
KEGG_ARACHIDONIC_ACID_METABOLISM,0.147011018955732,0.936926717673644,2.07497946927551,0.261539699060142,FALSE,0
KEGG_ARGININE_AND_PROLINE_METABOLISM,-1.7888570372774,0.198826035881869,-0.869476198125873,0.719226586813006,FALSE,0
KEGG_ASCORBATE_AND_ALDARATE_METABOLISM,-1.21431586918008,0.416081612621721,-2.01116391760192,0.28234073939768,FALSE,0
KEGG_AUTOIMMUNE_THYROID_DISEASE,0.112664261414139,0.950650600907577,2.38055179094457,0.17546373439175,FALSE,0
KEGG_AXON_GUIDANCE,-0.0586458800443231,0.973470016301119,-1.05763412643049,0.645873531265313,FALSE,0
KEGG_BASAL_TRANSCRIPTION_FACTORS,-0.79617870252392,0.617506254177135,-0.903932668674679,0.702052223136288,FALSE,0
KEGG_BASE_EXCISION_REPAIR,-1.41001422321261,0.333864704620525,-2.09911561965527,0.25226784887267,FALSE,0
KEGG_BLADDER_CANCER,-0.906603829183873,0.562098657060321,-1.48002304413157,0.467262538932857,FALSE,0
KEGG_BUTANOATE_METABOLISM,-2.5971668695605,0.0480145514495629,-0.619177859066081,0.82456657379836,FALSE,0
KEGG_B_CELL_RECEPTOR_SIGNALING_PATHWAY,-1.67100392344167,0.236297446118065,-2.23075182835885,0.21530625128843,FALSE,0
KEGG_CITRATE_CYCLE_TCA_CYCLE,0.38996614031642,0.824818672454367,1.21585826605972,0.578223057917172,FALSE,0
KEGG_COLORECTAL_CANCER,-0.627771667019791,0.704090926527843,-3.24289617432667,0.0473746524910557,FALSE,0
KEGG_COMPLEMENT_AND_COAGULATION_CASCADES,3.55072966236822,0.00540454792285452,0.0692749518180106,0.987251808896911,FALSE,0
KEGG_CYSTEINE_AND_METHIONINE_METABOLISM,-0.879774124486829,0.575967147282051,-1.35791194743443,0.514336402052169,FALSE,0
KEGG_CYTOKINE_CYTOKINE_RECEPTOR_INTERACTION,0.774930059858142,0.62852281512606,0.45908962223264,0.877610369803671,FALSE,0
KEGG_DNA_REPLICATION,-4.40567447313757,0.000381264022080923,-0.62470645400018,0.82193359680701,FALSE,0
KEGG_DORSO_VENTRAL_AXIS_FORMATION,-2.24326243011189,0.0940577000041046,-0.302081508242704,0.92658194309153,FALSE,0
KEGG_DRUG_METABOLISM_CYTOCHROME_P450,-1.63371781195522,0.247429645085317,-0.129059094492994,0.972891856973141,FALSE,0
KEGG_DRUG_METABOLISM_OTHER_ENZYMES,-2.12721814625022,0.114255450768406,-0.0697649018969152,0.987078627842916,FALSE,0
KEGG_ENDOCYTOSIS,-0.822548668072502,0.605158065589309,-1.94789896417179,0.297412538723901,FALSE,0
KEGG_ENDOMETRIAL_CANCER,-0.013727394480465,0.993808729685751,-2.408059732401,0.168443541503459,FALSE,0
KEGG_ERBB_SIGNALING_PATHWAY,-1.49022431544696,0.299034583218515,-0.425502808178426,0.888686105772225,FALSE,0
KEGG_ETHER_LIPID_METABOLISM,3.18781964053572,0.0132753371005418,2.94228641464821,0.0757149685316076,FALSE,0
KEGG_FATTY_ACID_METABOLISM,-1.35281681216088,0.356830703814569,-0.728530528966026,0.778057090983467,FALSE,0
KEGG_FRUCTOSE_AND_MANNOSE_METABOLISM,-2.61347238795844,0.0463344477686031,-0.791213049564068,0.747088827949816,FALSE,0
KEGG_GALACTOSE_METABOLISM,2.46945327974839,0.0617148867587119,0.512785874305831,0.863022421004042,FALSE,0
KEGG_GLYCEROLIPID_METABOLISM,2.39142757342974,0.0717737880008702,0.638893418573631,0.816036067326111,FALSE,0
KEGG_GLYCEROPHOSPHOLIPID_METABOLISM,1.27874181334404,0.388546739404086,0.393182527460965,0.900914464255331,FALSE,0
KEGG_GLYCOLYSIS_GLUCONEOGENESIS,-2.07330446489408,0.124384557498161,-2.14948781645918,0.236898943644761,FALSE,0
KEGG_GLYCOSYLPHOSPHATIDYLINOSITOL_GPI_ANCHOR_BIOSYNTHESIS,1.55966623229254,0.273397031818719,0.486949742035355,0.872665684599042,FALSE,0
KEGG_GLYOXYLATE_AND_DICARBOXYLATE_METABOLISM,2.16905177321291,0.107184845272324,1.05087813845746,0.647977552161087,FALSE,0
KEGG_GNRH_SIGNALING_PATHWAY,0.699785998204092,0.666960097506813,0.830167043403626,0.734506104539134,FALSE,0
KEGG_HEDGEHOG_SIGNALING_PATHWAY,3.45840545429861,0.00695536591846781,0.348076221026784,0.913778320724151,FALSE,0
KEGG_HOMOLOGOUS_RECOMBINATION,-3.11636986255674,0.0156601851251455,-1.62100167486573,0.410534963288858,FALSE,0
KEGG_INOSITOL_PHOSPHATE_METABOLISM,-2.81548058097342,0.029898647712674,-1.27611097107615,0.551331838628817,FALSE,0
KEGG_INSULIN_SIGNALING_PATHWAY,-2.41025292798825,0.0689769761771583,-1.32864985523094,0.524617777248024,FALSE,0
KEGG_JAK_STAT_SIGNALING_PATHWAY,-1.25440329306373,0.400045166395155,-0.631424933673945,0.820396282085935,FALSE,0
KEGG_LEISHMANIA_INFECTION,0.410228307295233,0.816032671653108,0.20321290180977,0.955758960773828,FALSE,0
KEGG_LYSOSOME,3.75525122136328,0.0030225100231478,0.8105236638928,0.742469813596719,FALSE,0
KEGG_MAPK_SIGNALING_PATHWAY,-0.905618374188508,0.562734194575884,-1.67381633966133,0.391928826177603,FALSE,0
KEGG_METABOLISM_OF_XENOBIOTICS_BY_CYTOCHROME_P450,-1.1520442040524,0.442289771665608,-0.187468484103883,0.958165734572316,FALSE,0
KEGG_MTOR_SIGNALING_PATHWAY,-2.62064688888447,0.0456918369767791,-1.64596350699107,0.401272713887959,FALSE,0
KEGG_NEUROACTIVE_LIGAND_RECEPTOR_INTERACTION,0.73758166710866,0.646884226483597,0.329207965557034,0.918954499445458,FALSE,0
KEGG_NON_SMALL_CELL_LUNG_CANCER,-0.0133085348640379,0.993820924498385,-2.2748458619495,0.205038944171382,FALSE,0
KEGG_NOTCH_SIGNALING_PATHWAY,-1.26021352044002,0.396768000512778,-2.56471274879668,0.134949057237382,FALSE,0
KEGG_NUCLEOTIDE_EXCISION_REPAIR,-3.55500754500182,0.00534658924174282,-0.195659090460384,0.957347602336641,FALSE,0
KEGG_OTHER_GLYCAN_DEGRADATION,0.624686772711641,0.705685707587206,0.746998138839397,0.76932594420403,FALSE,0
KEGG_OXIDATIVE_PHOSPHORYLATION,0.706051298915829,0.663460007552173,0.363442077236027,0.908582706322539,FALSE,0
KEGG_P53_SIGNALING_PATHWAY,1.25138698893058,0.401034300243032,0.258648883390054,0.94058380558136,FALSE,0
KEGG_PARKINSONS_DISEASE,0.450981334505203,0.797078797342316,0.162951563363552,0.963092106885598,FALSE,0
KEGG_PENTOSE_AND_GLUCURONATE_INTERCONVERSIONS,-0.190231119761844,0.922007635477408,-0.914250689895878,0.699944937516913,FALSE,0
KEGG_PEROXISOME,0.114352268520609,0.9497392160504,1.25058319848789,0.562856133911906,FALSE,0
KEGG_PHENYLALANINE_METABOLISM,2.03492275622727,0.132389537805297,2.05113491701205,0.268773266055975,FALSE,0
KEGG_PHOSPHATIDYLINOSITOL_SIGNALING_SYSTEM,-1.95646022451604,0.15205978428231,-1.37824806743882,0.507343589064913,FALSE,0
KEGG_PORPHYRIN_AND_CHLOROPHYLL_METABOLISM,0.576642342354133,0.73017685808483,0.198233228873136,0.956965337452104,FALSE,0
KEGG_PPAR_SIGNALING_PATHWAY,-0.678652271615143,0.678118413212828,-1.74367411662627,0.363033091972193,FALSE,0
KEGG_PRIMARY_BILE_ACID_BIOSYNTHESIS,0.920590443784812,0.555563334587539,0.479034661606944,0.874018014757804,FALSE,0
KEGG_PROPANOATE_METABOLISM,-3.75841704366464,0.00300490210315319,-0.512045730183318,0.863022421004042,FALSE,0
KEGG_PROTEASOME,0.646636812232801,0.697119833104357,0.841336797012082,0.730488718145235,FALSE,0
KEGG_PROTEIN_EXPORT,-0.105511182866409,0.953341879541787,-1.49009003624374,0.461333645645975,FALSE,0
KEGG_PROXIMAL_TUBULE_BICARBONATE_RECLAMATION,0.313750732819352,0.859908655569969,0.197304456092486,0.957285595654699,FALSE,0
KEGG_PYRUVATE_METABOLISM,-2.67997444522232,0.0406333808848081,-0.0468340562122579,0.990884445234491,FALSE,0
KEGG_REGULATION_OF_AUTOPHAGY,0.897349927420157,0.566961088914285,2.42739392181024,0.164933577028271,FALSE,0
KEGG_RENAL_CELL_CARCINOMA,-1.20834378069703,0.417854205449779,-3.5634207155769,0.0277735600443208,FALSE,0
KEGG_RNA_POLYMERASE,-0.425727471489164,0.808671009653429,-0.195079103162262,0.957347602336641,FALSE,0
KEGG_SNARE_INTERACTIONS_IN_VESICULAR_TRANSPORT,-0.599847653423218,0.718408294739268,-1.44372727115298,0.482523656335172,FALSE,0
KEGG_SPHINGOLIPID_METABOLISM,2.91307093065295,0.0246033723453396,0.950404589921794,0.685591606264776,FALSE,0
KEGG_SPLICEOSOME,-4.07520997767301,0.00117768250142865,-0.538177426629297,0.853673999610252,FALSE,0
KEGG_STEROID_HORMONE_BIOSYNTHESIS,0.924083127583593,0.553927420827696,1.30710998615167,0.537195063265708,FALSE,0
KEGG_SYSTEMIC_LUPUS_ERYTHEMATOSUS,0.777488729311991,0.627285585332369,3.8046351607435,0.016208457165718,FALSE,0
KEGG_TIGHT_JUNCTION,-0.234162050804731,0.897094268259082,-1.47516586306082,0.46899193847571,FALSE,0
KEGG_TOLL_LIKE_RECEPTOR_SIGNALING_PATHWAY,1.09716828610656,0.46589650261185,1.51364502328653,0.450981329162476,FALSE,0
KEGG_TYPE_II_DIABETES_MELLITUS,-4.21966836938903,0.000728187493224895,-0.88077596912293,0.715634447989624,FALSE,0
KEGG_TYROSINE_METABOLISM,1.60729739760842,0.256474219164964,1.87057117623365,0.319547340061517,FALSE,0
KEGG_T_CELL_RECEPTOR_SIGNALING_PATHWAY,-0.695443631899788,0.669806639752936,-2.98693158501091,0.070256684411362,FALSE,0
KEGG_UBIQUITIN_MEDIATED_PROTEOLYSIS,-0.0364432082613956,0.983923090826081,-1.3236133764504,0.527908794675839,FALSE,0
KEGG_VASOPRESSIN_REGULATED_WATER_REABSORPTION,-0.00575056094666548,0.998084078050975,-0.81404870898944,0.741320604057187,FALSE,0
KEGG_VEGF_SIGNALING_PATHWAY,-1.1961980821851,0.42276058723556,-1.21007576453239,0.580059480341016,FALSE,0
REACTOME_ABC_FAMILY_PROTEINS_MEDIATED_TRANSPORT,0.34132995410188,0.847447253804624,1.33665703947259,0.521261061981402,FALSE,0
REACTOME_ABC_TRANSPORTERS_IN_LIPID_HOMEOSTASIS,-1.68248753599514,0.232983767798205,-1.10685228096119,0.621825238693696,FALSE,0
REACTOME_ABERRANT_REGULATION_OF_MITOTIC_EXIT_IN_CANCER_DUE_TO_RB1_DEFECTS,-1.63223037980594,0.247748161959158,-1.54290793892342,0.440009480591467,FALSE,0
REACTOME_ABORTIVE_ELONGATION_OF_HIV_1_TRANSCRIPT_IN_THE_ABSENCE_OF_TAT,-1.14117963211106,0.44646100912276,-1.13709223887763,0.609594985360682,FALSE,0
REACTOME_ACTIVATED_NOTCH1_TRANSMITS_SIGNAL_TO_THE_NUCLEUS,-1.54850180536129,0.277064377583427,-3.53882012727656,0.0283210141596646,FALSE,0
REACTOME_ACTIVATED_TAK1_MEDIATES_P38_MAPK_ACTIVATION,0.339715500699018,0.847793443261036,0.616675893446173,0.826184488747091,FALSE,0
REACTOME_ACTIVATION_OF_GENE_EXPRESSION_BY_SREBF_SREBP,-1.12535912064959,0.453984112914314,-0.400657914671848,0.897265193191151,FALSE,0
REACTOME_ACTIVATION_OF_THE_PRE_REPLICATIVE_COMPLEX,-3.24041748373149,0.011683610698313,-0.0213697779051753,0.997123188170121,FALSE,0
REACTOME_ACYL_CHAIN_REMODELLING_OF_PC,0.565810421054059,0.735080247652794,1.03322135253115,0.653570499991891,FALSE,0
REACTOME_ACYL_CHAIN_REMODELLING_OF_PG,0.162181878106343,0.93291396744366,0.307777246110145,0.925448482784054,FALSE,0
REACTOME_AGGREPHAGY,-0.536772711463931,0.750972247556985,-2.33439077682362,0.186874689776419,FALSE,0
REACTOME_AMINO_ACIDS_REGULATE_MTORC1,-2.89815056837557,0.0252263849666592,-0.150634057159403,0.967066936593711,FALSE,0
REACTOME_AMYLOID_FIBER_FORMATION,0.0915271707901835,0.960251527511727,1.73380246936048,0.368530490063513,FALSE,0
REACTOME_ANCHORING_FIBRIL_FORMATION,6.03672951545866,1.00372994971301e-06,1.14494190373233,0.607061780253819,FALSE,0
REACTOME_ANTIGEN_ACTIVATES_B_CELL_RECEPTOR_BCR_LEADING_TO_GENERATION_OF_SECOND_MESSENGERS,-0.0773912958321516,0.96646726388392,-1.70023841994042,0.38160646311244,FALSE,0
REACTOME_ANTIGEN_PRESENTATION_FOLDING_ASSEMBLY_AND_PEPTIDE_LOADING_OF_CLASS_I_MHC,-3.04032964650557,0.018691371253331,-0.628496884337057,0.821091033375432,FALSE,0
REACTOME_ANTIGEN_PROCESSING_CROSS_PRESENTATION,0.716750365790058,0.656901563320551,0.285956253728095,0.93110497563752,FALSE,0
REACTOME_APC_CDC20_MEDIATED_DEGRADATION_OF_NEK2A,-1.17532706046379,0.431760167892076,-1.11327273677292,0.62036030822513,FALSE,0
REACTOME_APC_C_CDC20_MEDIATED_DEGRADATION_OF_CYCLIN_B,-2.42613404847498,0.0669310018590906,-1.22236228569381,0.576566043881162,FALSE,0
REACTOME_APC_C_CDH1_MEDIATED_DEGRADATION_OF_CDC20_AND_OTHER_APC_C_CDH1_TARGETED_PROTEINS_IN_LATE_MITOSIS_EARLY_G1,0.632151038846914,0.703005405182884,0.487092039060154,0.872665684599042,FALSE,0
REACTOME_APC_C_MEDIATED_DEGRADATION_OF_CELL_CYCLE_PROTEINS,1.14894316591752,0.443226869402259,0.625489754815541,0.82185470350116,FALSE,0
REACTOME_ARACHIDONIC_ACID_METABOLISM,-0.617665514760788,0.709800160291399,-0.0547261956983476,0.988756283300366,FALSE,0
REACTOME_ASSEMBLY_OF_COLLAGEN_FIBRILS_AND_OTHER_MULTIMERIC_STRUCTURES,5.85616813911302,1.7420857363627e-06,0.481975634497674,0.873631163209826,FALSE,0
REACTOME_ASSEMBLY_OF_THE_HIV_VIRION,-1.13552634829248,0.449548570414178,-0.512174918688936,0.863022421004042,FALSE,0
REACTOME_ASSOCIATION_OF_TRIC_CCT_WITH_TARGET_PROTEINS_DURING_BIOSYNTHESIS,0.204042942394547,0.913754025775719,0.0810324841356314,0.985190027994718,FALSE,0
REACTOME_ASYMMETRIC_LOCALIZATION_OF_PCP_PROTEINS,0.887071008589388,0.572623734371318,1.17695510421238,0.59324005648028,FALSE,0
REACTOME_AUF1_HNRNP_D0_BINDS_AND_DESTABILIZES_MRNA,0.649460900685207,0.695171914683657,0.571720937255655,0.840181157006206,FALSE,0
REACTOME_AUTOPHAGY,-2.23255601544223,0.0960629791220375,-1.68029971741686,0.388858472951121,FALSE,0
REACTOME_A_TETRASACCHARIDE_LINKER_SEQUENCE_IS_REQUIRED_FOR_GAG_SYNTHESIS,-0.28044397937185,0.877759184536559,-0.190996942068475,0.958165734572316,FALSE,0
REACTOME_BILE_ACID_AND_BILE_SALT_METABOLISM,0.547939620142287,0.745077611591841,0.730827690544353,0.777122142386372,FALSE,0
REACTOME_BMAL1_CLOCK_NPAS2_ACTIVATES_CIRCADIAN_GENE_EXPRESSION,-3.06865324159818,0.0175622726500869,-0.183397109819854,0.958245341663965,FALSE,0
REACTOME_BUDDING_AND_MATURATION_OF_HIV_VIRION,-1.94428141857247,0.155175596988282,-0.684282857085115,0.797269901361779,FALSE,0
REACTOME_BUTYRATE_RESPONSE_FACTOR_1_BRF1_BINDS_AND_DESTABILIZES_MRNA,-3.44921959457123,0.00711256922379333,-0.460407527959993,0.877149044185235,FALSE,0
REACTOME_CALNEXIN_CALRETICULIN_CYCLE,-0.405684364839259,0.817365901362193,-1.20956837453865,0.580059480341016,FALSE,0
REACTOME_CARGO_RECOGNITION_FOR_CLATHRIN_MEDIATED_ENDOCYTOSIS,-0.0911471551798377,0.960251527511727,-1.10968428602563,0.621377832957653,FALSE,0
REACTOME_CASPASE_ACTIVATION_VIA_DEATH_RECEPTORS_IN_THE_PRESENCE_OF_LIGAND,2.17721212413651,0.105283808096805,0.322397731439646,0.921566992797259,FALSE,0
REACTOME_CD209_DC_SIGN_SIGNALING,-0.415087474794533,0.81376940607615,-2.47414509713214,0.155342616927101,FALSE,0
REACTOME_CD28_CO_STIMULATION,-0.258032142382326,0.886813189797871,-1.13729398456372,0.609594985360682,FALSE,0
REACTOME_CDC42_GTPASE_CYCLE,-0.83760676330744,0.597402207366218,-0.984027820577903,0.675980989832083,FALSE,0
REACTOME_CDT1_ASSOCIATION_WITH_THE_CDC6_ORC_ORIGIN_COMPLEX,0.177431424926582,0.926828608532561,0.894175943959383,0.708519428077492,FALSE,0
REACTOME_CELLULAR_HEXOSE_TRANSPORT,-1.62476548425689,0.25027535399229,-1.25336505808697,0.561709673064708,FALSE,0
REACTOME_CELLULAR_RESPONSE_TO_HYPOXIA,0.116183459316911,0.9497392160504,0.55955262044414,0.844808464220615,FALSE,0
REACTOME_CELL_CELL_JUNCTION_ORGANIZATION,1.31361664965572,0.37340615222291,0.0830797058659421,0.984889961529468,FALSE,0
REACTOME_CELL_CYCLE_CHECKPOINTS,0.251417491547998,0.890211424656688,0.451733305531701,0.8807559713027,FALSE,0
REACTOME_CIRCADIAN_CLOCK,-4.5487993133734,0.000235426523684315,-0.67388753278709,0.801611402935668,FALSE,0
REACTOME_CITRIC_ACID_CYCLE_TCA_CYCLE,0.979231683001133,0.526747875201081,1.46425736331703,0.473928013926357,FALSE,0
REACTOME_CLASS_B_2_SECRETIN_FAMILY_RECEPTORS,1.69468433615532,0.228968032657834,0.389936602915632,0.902288456099446,FALSE,0
REACTOME_CLASS_C_3_METABOTROPIC_GLUTAMATE_PHEROMONE_RECEPTORS,2.12466512728025,0.114547582149826,0.498897590236456,0.868042639925081,FALSE,0
REACTOME_CLASS_I_PEROXISOMAL_MEMBRANE_PROTEIN_IMPORT,0.66379039507541,0.686472947248645,0.353971231165462,0.911914591234641,FALSE,0
REACTOME_CLEC7A_DECTIN_1_SIGNALING,1.01228132708467,0.509506492703389,0.710693036727928,0.785940626096475,FALSE,0
REACTOME_COLLAGEN_BIOSYNTHESIS_AND_MODIFYING_ENZYMES,5.28349817636356,1.76374299843465e-05,0.0993056750095604,0.98101584539611,FALSE,0
REACTOME_COLLAGEN_FORMATION,6.15588354741842,6.40707842616187e-07,0.522075803466,0.859571152806983,FALSE,0
REACTOME_COMPLEMENT_CASCADE,1.78459629034519,0.200371107125423,0.346406342873169,0.914040179429268,FALSE,0
REACTOME_COMPLEX_I_BIOGENESIS,-0.135254076033965,0.941989381878875,-0.146894403629756,0.968444521034857,FALSE,0
REACTOME_CONSTITUTIVE_SIGNALING_BY_AKT1_E17K_IN_CANCER,-1.25801210552867,0.397844497902169,-1.38507727007023,0.505169269302551,FALSE,0
REACTOME_CONSTITUTIVE_SIGNALING_BY_LIGAND_RESPONSIVE_EGFR_CANCER_VARIANTS,-1.38557655834132,0.343286479594723,-2.11340873777897,0.247044435859322,FALSE,0
REACTOME_CONVERSION_FROM_APC_C_CDC20_TO_APC_C_CDH1_IN_LATE_ANAPHASE,-2.07765532174927,0.123833589840483,-0.755132329083797,0.766856052693219,FALSE,0
REACTOME_COSTIMULATION_BY_THE_CD28_FAMILY,-0.407539223733016,0.817065493526567,-1.46393433073387,0.473928013926357,FALSE,0
REACTOME_CROSSLINKING_OF_COLLAGEN_FIBRILS,5.38774442513744,1.08049356505683e-05,1.50419834996155,0.454408569486614,FALSE,0
REACTOME_CROSS_PRESENTATION_OF_SOLUBLE_EXOGENOUS_ANTIGENS_ENDOSOMES,1.35656885583208,0.3554277955972,1.06572194325809,0.643233168016209,FALSE,0
REACTOME_CYCLIN_D_ASSOCIATED_EVENTS_IN_G1,-0.834458097431422,0.598848442250488,-2.6956614285999,0.110336090416955,FALSE,0
REACTOME_CYTOCHROME_P450_ARRANGED_BY_SUBSTRATE_TYPE,-1.9651164239422,0.149450372739593,-0.118628450845952,0.97669174767398,FALSE,0
REACTOME_CYTOSOLIC_SENSORS_OF_PATHOGEN_ASSOCIATED_DNA,-1.69197855107731,0.22959034727459,-1.64205815998146,0.402260836974483,FALSE,0
REACTOME_CYTOSOLIC_SULFONATION_OF_SMALL_MOLECULES,3.71160502360762,0.00342074949735062,0.885594905762124,0.713338124534855,FALSE,0
REACTOME_DAG_AND_IP3_SIGNALING,2.02657431539134,0.134259452204771,0.125802773890527,0.973632923755468,FALSE,0
REACTOME_DAP12_INTERACTIONS,0.593942872877889,0.721918703602971,0.177630506230683,0.95974152484007,FALSE,0
REACTOME_DEACTIVATION_OF_THE_BETA_CATENIN_TRANSACTIVATING_COMPLEX,-3.45314405848504,0.0070445059662599,-4.2510901064235,0.0109259439800943,FALSE,0
REACTOME_DEATH_RECEPTOR_SIGNALLING,1.12487111919162,0.454010204205479,0.237599682734993,0.945042147754162,FALSE,0
REACTOME_DECTIN_1_MEDIATED_NONCANONICAL_NF_KB_SIGNALING,0.576719167848418,0.73017685808483,0.773395698243927,0.755655692122914,FALSE,0
REACTOME_DEFECTIVE_C1GALT1C1_CAUSES_TNPS,0.427170481768649,0.808160135287612,0.704341639820589,0.788371970994892,FALSE,0
REACTOME_DEFECTIVE_CFTR_CAUSES_CYSTIC_FIBROSIS,0.252558327816133,0.889777357990243,0.837036391824566,0.731379685130934,FALSE,0
REACTOME_DEFECTIVE_GALNT3_CAUSES_HFTC,0.295563211108765,0.870142084635494,0.0896613648310039,0.983922183605425,FALSE,0
REACTOME_DEGRADATION_OF_AXIN,0.410249566960476,0.816032671653108,0.698826190383377,0.790641626884788,FALSE,0
REACTOME_DEGRADATION_OF_DVL,0.0475600814410009,0.978905963528227,0.845650763361903,0.729028158138777,FALSE,0
REACTOME_DEGRADATION_OF_GLI1_BY_THE_PROTEASOME,0.218226942253515,0.906860136682325,0.813182187821554,0.741320604057187,FALSE,0
REACTOME_DEPOLYMERISATION_OF_THE_NUCLEAR_LAMINA,-1.80729510492945,0.192655089905855,-1.33594104559579,0.521261061981402,FALSE,0
REACTOME_DEPOSITION_OF_NEW_CENPA_CONTAINING_NUCLEOSOMES_AT_THE_CENTROMERE,1.59119756458308,0.261946560440754,2.8837973337225,0.0837341748812966,FALSE,0
REACTOME_DISEASES_ASSOCIATED_WITH_GLYCOSAMINOGLYCAN_METABOLISM,3.64828336149555,0.00404561799605791,0.75869767591924,0.765245685432218,FALSE,0
REACTOME_DISEASES_ASSOCIATED_WITH_O_GLYCOSYLATION_OF_PROTEINS,3.52116194251759,0.00583725596278892,0.116440974546923,0.976843650536404,FALSE,0
REACTOME_DISEASES_OF_CARBOHYDRATE_METABOLISM,-2.16275586673107,0.108370001858176,-1.50446198160234,0.454408569486614,FALSE,0
REACTOME_DISEASES_OF_DNA_REPAIR,-1.56970874809363,0.269931787814263,-1.11297797421805,0.62036030822513,FALSE,0
REACTOME_DISEASES_OF_METABOLISM,2.89934886310657,0.0252263849666592,0.137770340795872,0.971134967200731,FALSE,0
REACTOME_DISEASES_OF_PROGRAMMED_CELL_DEATH,2.93276925302873,0.0235350264834348,2.56521313225935,0.134949057237382,FALSE,0
REACTOME_DNA_DAMAGE_BYPASS,-3.82474113726487,0.00251512437977577,-1.78744597588193,0.350276879733193,FALSE,0
REACTOME_DNA_DAMAGE_RECOGNITION_IN_GG_NER,-1.46168369184164,0.310511488220663,-1.10715584125011,0.621825238693696,FALSE,0
REACTOME_DNA_STRAND_ELONGATION,-2.69340546712861,0.0394549510037841,-0.0143619770251378,0.998505312289428,FALSE,0
REACTOME_DOPAMINE_NEUROTRANSMITTER_RELEASE_CYCLE,0.641638925423149,0.699474271266682,0.748476230640379,0.769084176417027,FALSE,0
REACTOME_DOWNREGULATION_OF_ERBB2_SIGNALING,-0.790773830783025,0.619896812234336,-1.8822209526461,0.317756488624444,FALSE,0
REACTOME_DOWNREGULATION_OF_SMAD2_3_SMAD4_TRANSCRIPTIONAL_ACTIVITY,-1.45244662758796,0.31455701391087,-1.96787011354491,0.293532788538832,FALSE,0
REACTOME_DOWNSTREAM_SIGNALING_EVENTS_OF_B_CELL_RECEPTOR_BCR,0.832217989402268,0.600063630537841,0.624149114734368,0.822083660957614,FALSE,0
REACTOME_DOWNSTREAM_SIGNAL_TRANSDUCTION,-1.22300053331297,0.412758264777857,-1.94649326354285,0.297412538723901,FALSE,0
REACTOME_DUAL_INCISION_IN_GG_NER,-3.29705332203754,0.0103292330011886,-0.502605142327996,0.866768634639725,FALSE,0
REACTOME_DUAL_INCISION_IN_TC_NER,-2.4254530034394,0.0669750606908487,-0.30537848723233,0.925448482784054,FALSE,0
REACTOME_E2F_MEDIATED_REGULATION_OF_DNA_REPLICATION,-0.791768509437806,0.619579946672325,-0.376295272500164,0.904910948126053,FALSE,0
REACTOME_E3_UBIQUITIN_LIGASES_UBIQUITINATE_TARGET_PROTEINS,-2.56160956788872,0.0517324902921713,-0.387503851656087,0.902818094634204,FALSE,0
REACTOME_EGFR_DOWNREGULATION,-1.09953703987542,0.465422098586627,-0.70612636559959,0.787438181548174,FALSE,0
REACTOME_ELASTIC_FIBRE_FORMATION,6.44232764779108,2.01935095276242e-07,1.28300811057688,0.54731661797452,FALSE,0
REACTOME_ENDOSOMAL_SORTING_COMPLEX_REQUIRED_FOR_TRANSPORT_ESCRT,-1.46304116456996,0.310098882527755,-1.48848408351393,0.461777304499653,FALSE,0
REACTOME_EPHA_MEDIATED_GROWTH_CONE_COLLAPSE,-1.25339822155757,0.40044544756409,-2.46758610623621,0.156022155430319,FALSE,0
REACTOME_EPHRIN_SIGNALING,-1.12511453286586,0.453984112914314,-0.845295970188931,0.729028158138777,FALSE,0
REACTOME_ERK_MAPK_TARGETS,-2.39733453261134,0.0709807192676126,-2.75449290859363,0.100302435020534,FALSE,0
REACTOME_ER_QUALITY_CONTROL_COMPARTMENT_ERQC,-1.64955156921805,0.242016898839987,-0.970069900890888,0.679016604205585,FALSE,0
REACTOME_ESR_MEDIATED_SIGNALING,-1.19259295905511,0.424731121540291,-0.117711449297984,0.976843650536404,FALSE,0
REACTOME_FATTY_ACID_METABOLISM,-0.226333326349329,0.90186287295441,-0.195557056973419,0.957347602336641,FALSE,0
REACTOME_FATTY_ACYL_COA_BIOSYNTHESIS,2.09115280849946,0.121064057585382,0.0935690033107784,0.982922166040421,FALSE,0
REACTOME_FCERI_MEDIATED_NF_KB_ACTIVATION,0.138128045313699,0.940169610316347,0.572102035403749,0.840181157006206,FALSE,0
REACTOME_FCGR_ACTIVATION,-0.191622736028775,0.921718527761897,-1.83249547067969,0.333803244117566,FALSE,0
REACTOME_FC_EPSILON_RECEPTOR_FCERI_SIGNALING,0.420871021664814,0.810855310701829,0.15221452312004,0.966731287111023,FALSE,0
REACTOME_FERTILIZATION,-0.56715625268742,0.734403905736009,-0.113966767808463,0.977596945510003,FALSE,0
REACTOME_FGFR1_MUTANT_RECEPTOR_ACTIVATION,-0.480418706416792,0.781302790259843,-0.879933304291222,0.715950577894792,FALSE,0
REACTOME_FGFR2_MUTANT_RECEPTOR_ACTIVATION,1.87587847126641,0.172692078992461,0.059522826699976,0.988756283300366,FALSE,0
REACTOME_FLT3_SIGNALING,-0.53812140930803,0.750523967397984,-3.8542291705184,0.0159270716111883,FALSE,0
REACTOME_FLT3_SIGNALING_IN_DISEASE,-2.94866691251712,0.0228234964957095,-3.41840259407457,0.0355511997610402,FALSE,0
REACTOME_FORMATION_OF_RNA_POL_II_ELONGATION_COMPLEX,-2.03173439140595,0.132999181710033,-1.0084861501856,0.666129913296547,FALSE,0
REACTOME_FORMATION_OF_TC_NER_PRE_INCISION_COMPLEX,-1.23452908693919,0.407513249162222,-0.210599092859442,0.95328933337118,FALSE,0
REACTOME_FORMATION_OF_THE_CORNIFIED_ENVELOPE,1.48344404102827,0.30128627040677,0.947501235034099,0.685965492865406,FALSE,0
REACTOME_FORMATION_OF_THE_EARLY_ELONGATION_COMPLEX,-1.51447685833306,0.28930818776354,-1.21160302759754,0.579334350492302,FALSE,0
REACTOME_FOXO_MEDIATED_TRANSCRIPTION,-3.46087697912953,0.00693079596514761,-1.09100556768434,0.630311610491721,FALSE,0
REACTOME_FOXO_MEDIATED_TRANSCRIPTION_OF_CELL_DEATH_GENES,-5.90147633631344,1.54582893565011e-06,-1.50917229088338,0.452806413991646,FALSE,0
REACTOME_FRS_MEDIATED_FGFR3_SIGNALING,4.7148273757262,0.00013251321608185,0.00945218413222544,0.99898820402944,FALSE,0
REACTOME_GAB1_SIGNALOSOME,-0.69451927670048,0.67006654653459,-0.338173386032288,0.915431339767712,FALSE,0
REACTOME_GABA_RECEPTOR_ACTIVATION,3.15185543593567,0.0144525280152301,0.0197279071467118,0.997339457172524,FALSE,0
REACTOME_GABA_SYNTHESIS_RELEASE_REUPTAKE_AND_DEGRADATION,2.24192291273837,0.0942461593774178,0.0697246193825134,0.987078627842916,FALSE,0
REACTOME_GAP_FILLING_DNA_REPAIR_SYNTHESIS_AND_LIGATION_IN_GG_NER,-5.54050408644642,5.8968304474993e-06,-0.1657318569631,0.963092106885598,FALSE,0
REACTOME_GASTRIN_CREB_SIGNALLING_PATHWAY_VIA_PKC_AND_MAPK,-0.17762653482324,0.926828608532561,-1.90567023329875,0.309760921854781,FALSE,0
REACTOME_GENERATION_OF_SECOND_MESSENGER_MOLECULES,-0.406149877808601,0.817365901362193,-0.699357101136903,0.790641626884788,FALSE,0
REACTOME_GENE_AND_PROTEIN_EXPRESSION_BY_JAK_STAT_SIGNALING_AFTER_INTERLEUKIN_12_STIMULATION,-0.432398346789168,0.80606506846218,-1.59809682844385,0.418019025679391,FALSE,0
REACTOME_GLOBAL_GENOME_NUCLEOTIDE_EXCISION_REPAIR_GG_NER,-2.14456967838791,0.111259310249551,-0.218430097965244,0.950538122767762,FALSE,0
REACTOME_GLUCOSE_METABOLISM,-0.112145153919309,0.950650600907577,-1.4697457188994,0.471123667891424,FALSE,0
REACTOME_GLUTAMATE_NEUROTRANSMITTER_RELEASE_CYCLE,-0.881903580378617,0.575179636188176,-0.909994211475396,0.699975937031591,FALSE,0
REACTOME_GLYCOGEN_BREAKDOWN_GLYCOGENOLYSIS,-1.05779271634723,0.485847841975761,-0.672870990291193,0.801781188065863,FALSE,0
REACTOME_GLYCOGEN_METABOLISM,-2.80331560028767,0.0307912514248251,-0.987265275523811,0.674711244420758,FALSE,0
REACTOME_GLYCOGEN_STORAGE_DISEASES,-2.87192940503364,0.0267169685756275,-1.38316033521611,0.505839888295449,FALSE,0
REACTOME_GLYCOLYSIS,-0.793923668906665,0.618980891595966,-1.73789503322376,0.365977186261451,FALSE,0
REACTOME_GLYCOSPHINGOLIPID_METABOLISM,2.71305182070543,0.0377631173670879,0.916482604601994,0.698958506713063,FALSE,0
REACTOME_GRB2_EVENTS_IN_ERBB2_SIGNALING,0.459948875349607,0.792549349244709,1.03891202207127,0.651253773143813,FALSE,0
REACTOME_GROWTH_HORMONE_RECEPTOR_SIGNALING,-4.06669152502986,0.00120358624150012,-1.82087017750248,0.336643919781943,FALSE,0
REACTOME_G_ALPHA_S_SIGNALLING_EVENTS,-0.00100748519291369,0.999390237300247,-0.320800729879877,0.921566992797259,FALSE,0
REACTOME_HDR_THROUGH_HOMOLOGOUS_RECOMBINATION_HRR,-3.86088161405597,0.00225475582727221,-0.977265986803642,0.676007884135415,FALSE,0
REACTOME_HDR_THROUGH_SINGLE_STRAND_ANNEALING_SSA,-3.09754659059679,0.0163902599399936,-0.216858685565779,0.951306728613259,FALSE,0
REACTOME_HEDGEHOG_OFF_STATE,-0.180391178253261,0.925896615682625,-0.171127998083992,0.96176483996594,FALSE,0
REACTOME_HEME_SIGNALING,-3.74013254159065,0.00311519996377043,-2.29668594351346,0.199150626429675,FALSE,0
REACTOME_HIV_ELONGATION_ARREST_AND_RECOVERY,-1.94150481790651,0.155778647996513,-1.28052830684004,0.548824457320158,FALSE,0
REACTOME_HIV_INFECTION,-0.579995856976169,0.72883978180053,-0.462757038994246,0.877149044185235,FALSE,0
REACTOME_HIV_LIFE_CYCLE,-1.99735449927767,0.141509994533292,-0.751545334514488,0.768012698739432,FALSE,0
REACTOME_HIV_TRANSCRIPTION_ELONGATION,-2.03414231365627,0.13255671815094,-1.09955673148626,0.62560082611193,FALSE,0
REACTOME_HIV_TRANSCRIPTION_INITIATION,-0.857457281605625,0.587930154351779,-0.798884984473025,0.744203619505292,FALSE,0
REACTOME_HOMOLOGOUS_DNA_PAIRING_AND_STRAND_EXCHANGE,-2.56258821689157,0.051686602234234,-0.658824512281364,0.807460997265582,FALSE,0
REACTOME_HSF1_DEPENDENT_TRANSACTIVATION,0.355353224268715,0.840698769487097,1.03165111727335,0.654014319421926,FALSE,0
REACTOME_HS_GAG_BIOSYNTHESIS,-0.430433829951695,0.806995437880664,-1.61862678462148,0.410534963288858,FALSE,0
REACTOME_HS_GAG_DEGRADATION,-1.17472130645719,0.431881498807036,-0.627411314187968,0.821273806534233,FALSE,0
REACTOME_HYALURONAN_METABOLISM,1.32596864404063,0.368180787024229,0.545158061552332,0.851374847774066,FALSE,0
REACTOME_IMMUNOREGULATORY_INTERACTIONS_BETWEEN_A_LYMPHOID_AND_A_NON_LYMPHOID_CELL,-0.0412088062053219,0.98142480332422,-1.52167218396454,0.447553476477342,FALSE,0
REACTOME_INACTIVATION_OF_CSF3_G_CSF_SIGNALING,-1.58731390300477,0.263164378828048,-2.19868482822906,0.222509547739589,FALSE,0
REACTOME_INFECTION_WITH_MYCOBACTERIUM_TUBERCULOSIS,-1.60063823745466,0.258411023938136,-3.70165089281962,0.0215713217567514,FALSE,0
REACTOME_INFLAMMASOMES,-0.238235882699105,0.895287608743717,-0.49080720824885,0.871695994449269,FALSE,0
REACTOME_INHIBITION_OF_THE_PROTEOLYTIC_ACTIVITY_OF_APC_C_REQUIRED_FOR_THE_ONSET_OF_ANAPHASE_BY_MITOTIC_SPINDLE_CHECKPOINT_COMPONENTS,-0.0475234433845081,0.978905963528227,-0.751649141546279,0.768012698739432,FALSE,0
REACTOME_INITIAL_TRIGGERING_OF_COMPLEMENT,1.36800585051399,0.350393730180202,0.194228580797511,0.957347602336641,FALSE,0
REACTOME_INITIATION_OF_NUCLEAR_ENVELOPE_NE_REFORMATION,-0.453992483046042,0.795718546264954,-2.03028149997793,0.276539584694698,FALSE,0
REACTOME_INLB_MEDIATED_ENTRY_OF_LISTERIA_MONOCYTOGENES_INTO_HOST_CELL,-0.869875733117106,0.581032392364722,-1.88784660108514,0.316869019442748,FALSE,0
REACTOME_INOSITOL_PHOSPHATE_METABOLISM,-3.05766317329815,0.017946691194197,-1.47400660304063,0.469621761440098,FALSE,0
REACTOME_INSERTION_OF_TAIL_ANCHORED_PROTEINS_INTO_THE_ENDOPLASMIC_RETICULUM_MEMBRANE,-0.606242608847824,0.71474190449078,-3.2940961980813,0.0429764376136606,FALSE,0
REACTOME_INTERACTION_BETWEEN_L1_AND_ANKYRINS,2.37358718283735,0.0739387814215345,1.2834583792408,0.547176242463754,FALSE,0
REACTOME_INTERLEUKIN_10_SIGNALING,1.33839058070913,0.363018854154197,1.74556008871974,0.362443909693227,FALSE,0
REACTOME_INTERLEUKIN_12_SIGNALING,-0.495473818929445,0.772930319676894,-1.30683860579669,0.537195063265708,FALSE,0
REACTOME_INTERLEUKIN_17_SIGNALING,-0.885272655938158,0.573470818060493,-1.85959463242529,0.323102715278539,FALSE,0
REACTOME_INTERLEUKIN_1_FAMILY_SIGNALING,0.295563231584528,0.870142084635494,1.27170823655792,0.55316253860125,FALSE,0
REACTOME_INTERLEUKIN_1_SIGNALING,0.443299298716407,0.801351233053737,1.0118610485101,0.664066676072766,FALSE,0
REACTOME_INTERLEUKIN_2_FAMILY_SIGNALING,-2.40126584873167,0.0703989451193664,-0.792494589199075,0.746330506750105,FALSE,0
REACTOME_INTERLEUKIN_3_INTERLEUKIN_5_AND_GM_CSF_SIGNALING,-1.67202285821103,0.235965825359531,-2.41805064202777,0.166268995927824,FALSE,0
REACTOME_INTERLEUKIN_4_AND_INTERLEUKIN_13_SIGNALING,-0.10854802352731,0.951826290683298,-0.677667394454017,0.80026240790604,FALSE,0
REACTOME_INTERLEUKIN_7_SIGNALING,-3.34054309390752,0.00925875498395388,-0.367503079673242,0.908025609980713,FALSE,0
REACTOME_INTERLEUKIN_RECEPTOR_SHC_SIGNALING,-2.74106926169317,0.0354295150937954,-1.29614296275685,0.540865017153317,FALSE,0
REACTOME_INTRA_GOLGI_TRAFFIC,-0.964538393429406,0.532682935945909,-1.11670276662463,0.619524665664819,FALSE,0
REACTOME_INTRINSIC_PATHWAY_OF_FIBRIN_CLOT_FORMATION,3.89131339989254,0.00204530283530465,0.0720067363421848,0.987078627842916,FALSE,0
REACTOME_ION_CHANNEL_TRANSPORT,-0.158866512753354,0.934047201782848,-0.109870902018184,0.979324902785417,FALSE,0
REACTOME_ION_HOMEOSTASIS,1.2851619063662,0.385760391300851,0.471328030223591,0.875560254997585,FALSE,0
REACTOME_ION_TRANSPORT_BY_P_TYPE_ATPASES,-0.479128872305545,0.782250529067297,-0.174205731840583,0.96085771157629,FALSE,0
REACTOME_IRON_UPTAKE_AND_TRANSPORT,-0.370867235768578,0.834327060858817,-1.57316336675142,0.42749789350518,FALSE,0
REACTOME_JNK_C_JUN_KINASES_PHOSPHORYLATION_AND_ACTIVATION_MEDIATED_BY_ACTIVATED_HUMAN_TAK1,0.596415895492023,0.720490433560161,2.50591165950129,0.14971149583914,FALSE,0
REACTOME_KERATAN_SULFATE_KERATIN_METABOLISM,4.35749881014942,0.000442737315641934,0.318602063798902,0.922310588249655,FALSE,0
REACTOME_KERATINIZATION,0.855148302226403,0.588745251645346,1.13348219061537,0.611966938703094,FALSE,0
REACTOME_LAGGING_STRAND_SYNTHESIS,-5.12311938421675,2.93294520427311e-05,-0.0957927925471826,0.982204324643096,FALSE,0
REACTOME_LAMININ_INTERACTIONS,3.2507686714658,0.0113094703018891,0.31219233520639,0.92466907148101,FALSE,0
REACTOME_LATE_ENDOSOMAL_MICROAUTOPHAGY,-1.86073508129728,0.176453298990959,-0.108508101316945,0.9793804787535,FALSE,0
REACTOME_LISTERIA_MONOCYTOGENES_ENTRY_INTO_HOST_CELLS,-0.820770306389936,0.605809398323653,-4.04343317355367,0.0127284462146949,FALSE,0
REACTOME_LONG_TERM_POTENTIATION,1.07411419214721,0.477687164205126,0.344413929552451,0.914070970605463,FALSE,0
REACTOME_MAPK6_MAPK4_SIGNALING,0.0874472908489129,0.962273399842833,0.588509534169764,0.835311222590214,FALSE,0
REACTOME_MAPK_TARGETS_NUCLEAR_EVENTS_MEDIATED_BY_MAP_KINASES,-2.33907670638014,0.0786237820098098,-3.01800548300834,0.0663363416096053,FALSE,0
REACTOME_MATURATION_OF_SARS_COV_2_NUCLEOPROTEIN,-0.280327183755808,0.877759184536559,-0.477631487078963,0.874018014757804,FALSE,0
REACTOME_MECP2_REGULATES_NEURONAL_RECEPTORS_AND_CHANNELS,-0.91017354194864,0.560366604848706,-0.833734518245062,0.732941274766101,FALSE,0
REACTOME_METABOLIC_DISORDERS_OF_BIOLOGICAL_OXIDATION_ENZYMES,1.22775656965918,0.410607712994291,1.38475462147759,0.505169269302551,FALSE,0
REACTOME_METABOLISM_OF_COFACTORS,2.43754648129365,0.0654685078386765,1.39135771561056,0.50434679066389,FALSE,0
REACTOME_METABOLISM_OF_NITRIC_OXIDE_NOS3_ACTIVATION_AND_REGULATION,1.4033012126232,0.336754280584567,0.563406405431115,0.844450381905564,FALSE,0
REACTOME_METABOLISM_OF_POLYAMINES,1.35376747048219,0.356677955002312,0.953234341390277,0.685150971589699,FALSE,0
REACTOME_METABOLISM_OF_PORPHYRINS,1.65229975582789,0.241281667047682,0.28930501973746,0.929844250228499,FALSE,0
REACTOME_METABOLISM_OF_STEROIDS,1.53005789450528,0.283568369816077,0.539218543685816,0.853447291517439,FALSE,0
REACTOME_METABOLISM_OF_STEROID_HORMONES,0.692343383512633,0.671584759205186,2.92710949013782,0.0769838697309795,FALSE,0
REACTOME_METABOLISM_OF_VITAMINS_AND_COFACTORS,0.21636429636324,0.907323317626842,2.02778972036076,0.277185909872625,FALSE,0
REACTOME_MET_ACTIVATES_PTK2_SIGNALING,3.88574358805005,0.00207623028118631,0.0317509718822418,0.993713150658648,FALSE,0
REACTOME_MITOCHONDRIAL_BIOGENESIS,-2.9072429337918,0.0248094734369839,-0.0737255634433614,0.987078627842916,FALSE,0
REACTOME_MITOCHONDRIAL_CALCIUM_ION_TRANSPORT,-3.02064098226196,0.0195600157010621,-0.795397790678346,0.745454524327783,FALSE,0
REACTOME_MITOCHONDRIAL_TRNA_AMINOACYLATION,0.523700144798276,0.756893061113757,2.47631187635331,0.155342616927101,FALSE,0
REACTOME_MITOPHAGY,-2.39025948116866,0.07182352840883,-1.12501587037978,0.61653222968522,FALSE,0
REACTOME_MOLECULES_ASSOCIATED_WITH_ELASTIC_FIBRES,6.57110763581016,2.01935095276242e-07,1.47078484554813,0.470797708627197,FALSE,0
REACTOME_MRNA_CAPPING,-1.61532359821285,0.253256034348551,-0.411768807394138,0.893428844677352,FALSE,0
REACTOME_MRNA_DECAY_BY_5_TO_3_EXORIBONUCLEASE,-2.91147545114672,0.0246604793124936,-0.363612003806184,0.908582706322539,FALSE,0
REACTOME_MRNA_SPLICING,-3.6036651732324,0.00469638492816884,-0.00579407174075016,0.999072973005151,FALSE,0
REACTOME_MRNA_SPLICING_MINOR_PATHWAY,-2.37994402098215,0.0732590929502579,-0.0754250771634716,0.986755057587697,FALSE,0
REACTOME_MTORC1_MEDIATED_SIGNALLING,-0.481604150235005,0.780790958231476,-1.06208111712021,0.644681774127555,FALSE,0
REACTOME_MTOR_SIGNALLING,-1.63191156423888,0.247794098956205,-0.757701097175247,0.765502784821206,FALSE,0
REACTOME_MYD88_INDEPENDENT_TLR4_CASCADE,-0.564459308553987,0.735763434856141,-2.00602709644884,0.283753886610491,FALSE,0
REACTOME_MYOGENESIS,-3.17045453111828,0.0139078289833775,-0.454588894786726,0.880038050530459,FALSE,0
REACTOME_NA_CL_DEPENDENT_NEUROTRANSMITTER_TRANSPORTERS,0.94625250640122,0.540707572427921,3.2957676510181,0.0429764376136606,FALSE,0
REACTOME_NEDDYLATION,-0.31879089987622,0.85708285765471,-0.00737988146947411,0.999072973005151,FALSE,0
REACTOME_NEGATIVE_REGULATION_OF_MAPK_PATHWAY,-1.5085562705749,0.292033449421509,-1.35063828533706,0.517422178723134,FALSE,0
REACTOME_NEGATIVE_REGULATION_OF_MET_ACTIVITY,-2.11879741885348,0.115844317947812,-4.36460362007772,0.00817609287936087,FALSE,0
REACTOME_NEGATIVE_REGULATION_OF_NOTCH4_SIGNALING,0.612391354775299,0.712028628515116,0.687856870693391,0.795388919473679,FALSE,0
REACTOME_NEGATIVE_REGULATION_OF_THE_PI3K_AKT_NETWORK,-0.0148553198305115,0.993162604179087,-1.08188615921141,0.634454136279655,FALSE,0
REACTOME_NEPHRIN_FAMILY_INTERACTIONS,-0.790335753164515,0.619918391704399,-0.956576687407566,0.684097532223887,FALSE,0
REACTOME_NETRIN_1_SIGNALING,-2.54899624503678,0.0533842901531475,-0.931078205152378,0.692303502593144,FALSE,0
REACTOME_NEUREXINS_AND_NEUROLIGINS,1.7504904220345,0.211438508097185,0.167827794914342,0.963092106885598,FALSE,0
REACTOME_NGF_STIMULATED_TRANSCRIPTION,-1.52629227681651,0.284792628590466,-2.83699119663359,0.0911131886625571,FALSE,0
REACTOME_NICOTINAMIDE_SALVAGING,2.31688587993771,0.0819728234119857,2.29468451089006,0.199662327824712,FALSE,0
REACTOME_NICOTINATE_METABOLISM,4.00942689847627,0.0014414581036122,0.25207465533326,0.943301202547513,FALSE,0
REACTOME_NOTCH1_INTRACELLULAR_DOMAIN_REGULATES_TRANSCRIPTION,-1.92949735620497,0.15836243147142,-1.34915756768766,0.518029926744887,FALSE,0
REACTOME_NOTCH2_ACTIVATION_AND_TRANSMISSION_OF_SIGNAL_TO_THE_NUCLEUS,-1.39852545411417,0.338902077620415,-3.33473569149391,0.0413692738731437,FALSE,0
REACTOME_NOTCH3_ACTIVATION_AND_TRANSMISSION_OF_SIGNAL_TO_THE_NUCLEUS,-0.677480924806902,0.67885690140314,-2.60029522556946,0.126756550284428,FALSE,0
REACTOME_NOTCH3_INTRACELLULAR_DOMAIN_REGULATES_TRANSCRIPTION,0.649256421648564,0.695171914683657,0.219326735583324,0.950160617294252,FALSE,0
REACTOME_NOTCH4_INTRACELLULAR_DOMAIN_REGULATES_TRANSCRIPTION,-1.26729886893656,0.393806207507926,-0.248969979806923,0.943301202547513,FALSE,0
REACTOME_NOTCH_HLH_TRANSCRIPTION_PATHWAY,-1.64296727032039,0.244054104003107,-2.74487854959161,0.101600981920889,FALSE,0
REACTOME_NRAGE_SIGNALS_DEATH_THROUGH_JNK,0.381388635520705,0.828975900452977,1.12453288042535,0.61653222968522,FALSE,0
REACTOME_NUCLEAR_ENVELOPE_BREAKDOWN,-1.47476821270103,0.305660306982464,-0.334079286307953,0.917303102784516,FALSE,0
REACTOME_NUCLEAR_ENVELOPE_NE_REASSEMBLY,-0.519182747241348,0.75978051351781,-2.97051615198052,0.0713519451039882,FALSE,0
REACTOME_NUCLEAR_EVENTS_KINASE_AND_TRANSCRIPTION_FACTOR_ACTIVATION,-2.20300507384631,0.100625721957829,-3.03534965982745,0.0639314235681207,FALSE,0
REACTOME_NUCLEOTIDE_CATABOLISM,1.43960630608359,0.319503895680841,1.71151391405189,0.37733239778019,FALSE,0
REACTOME_NUCLEOTIDE_EXCISION_REPAIR,-1.69860725359613,0.228203089890531,-0.224202654934132,0.948122856797163,FALSE,0
REACTOME_NUCLEOTIDE_SALVAGE,-4.74467655404901,0.000116882166552609,-1.01250190272689,0.663689179602887,FALSE,0
REACTOME_N_GLYCAN_ANTENNAE_ELONGATION_IN_THE_MEDIAL_TRANS_GOLGI,1.62594186669222,0.249895547411769,1.19814071890098,0.584189660987096,FALSE,0
REACTOME_N_GLYCAN_TRIMMING_IN_THE_ER_AND_CALNEXIN_CALRETICULIN_CYCLE,-0.945803574692528,0.54090234312245,-1.81659519450873,0.336825271712895,FALSE,0
REACTOME_OLFACTORY_SIGNALING_PATHWAY,1.09254063256432,0.468331381324984,0.729128936890554,0.777698887572694,FALSE,0
REACTOME_ONCOGENE_INDUCED_SENESCENCE,-1.06255641683802,0.483416587869364,-2.30868165690519,0.196066427106999,FALSE,0
REACTOME_ORC1_REMOVAL_FROM_CHROMATIN,0.533783909188801,0.752394901364952,0.906606000889023,0.701166646115443,FALSE,0
REACTOME_ORGANELLE_BIOGENESIS_AND_MAINTENANCE,-0.91741243435108,0.556325362532231,-1.62158722372653,0.410534963288858,FALSE,0
REACTOME_OVARIAN_TUMOR_DOMAIN_PROTEASES,-1.65257559337658,0.241281667047682,-2.4839735242729,0.155185395448169,FALSE,0
REACTOME_O_GLYCOSYLATION_OF_TSR_DOMAIN_CONTAINING_PROTEINS,3.25876233788885,0.0111229697756929,1.28694015289561,0.545294428310809,FALSE,0
REACTOME_P130CAS_LINKAGE_TO_MAPK_SIGNALING_FOR_INTEGRINS,0.830994411195762,0.600337298722731,0.928017849505219,0.693272617466683,FALSE,0
REACTOME_P75NTR_SIGNALS_VIA_NF_KB,-0.0817101596099001,0.965052666111585,-1.42356441177851,0.490355091998056,FALSE,0
REACTOME_PCP_CE_PATHWAY,1.68286572689805,0.232983767798205,0.793095930693358,0.746188807949694,FALSE,0
REACTOME_PD_1_SIGNALING,-0.506311619833095,0.76807221412646,-0.0155122029934902,0.998293050288374,FALSE,0
REACTOME_PEPTIDE_LIGAND_BINDING_RECEPTORS,0.63092634116756,0.70325555596463,0.397758114897727,0.898419586663029,FALSE,0
REACTOME_PEROXISOMAL_LIPID_METABOLISM,-0.161938012915091,0.93291396744366,-0.777963295327531,0.753724231398461,FALSE,0
REACTOME_PHASE_0_RAPID_DEPOLARISATION,0.0171884124932516,0.993146227958634,0.0233331003496983,0.99636137213074,FALSE,0
REACTOME_PHASE_4_RESTING_MEMBRANE_POTENTIAL,-2.23768990503695,0.0951444886144696,-0.0705153499444216,0.987078627842916,FALSE,0
REACTOME_PHOSPHORYLATION_OF_THE_APC_C,-1.76977407784744,0.204876609831203,-1.18503951770231,0.590947171481427,FALSE,0
REACTOME_PI3K_AKT_SIGNALING_IN_CANCER,-1.56969368097107,0.269931787814263,-0.184121849400498,0.958245341663965,FALSE,0
REACTOME_PINK1_PRKN_MEDIATED_MITOPHAGY,-2.7580270582376,0.0339865468000318,-0.417004932956053,0.892221015318677,FALSE,0
REACTOME_PIWI_INTERACTING_RNA_PIRNA_BIOGENESIS,-1.60182044516757,0.258148166116805,-0.137563731406839,0.971134967200731,FALSE,0
REACTOME_PI_METABOLISM,0.286199811736023,0.875163995248142,0.992115133400972,0.67238145901751,FALSE,0
REACTOME_PLATELET_ADHESION_TO_EXPOSED_COLLAGEN,-0.107920121041991,0.95215255505318,-1.14928930962059,0.606146520070532,FALSE,0
REACTOME_POTENTIAL_THERAPEUTICS_FOR_SARS,-2.30105531180903,0.0843257361561265,-1.36787930367282,0.511956297799559,FALSE,0
REACTOME_PRE_NOTCH_PROCESSING_IN_GOLGI,-1.33940590502365,0.362779456133165,-0.0233875865589495,0.99636137213074,FALSE,0
REACTOME_PROCESSING_OF_INTRONLESS_PRE_MRNAS,1.02499512728959,0.503137853342378,1.45595326133504,0.477190323372686,FALSE,0
REACTOME_PROCESSIVE_SYNTHESIS_ON_THE_C_STRAND_OF_THE_TELOMERE,-5.10003441844476,3.12242461387904e-05,-0.211275840054999,0.953248241191266,FALSE,0
REACTOME_PROTEIN_PROTEIN_INTERACTIONS_AT_SYNAPSES,1.2456152212618,0.403151195742097,0.95049176526034,0.685591606264776,FALSE,0
REACTOME_PROTEIN_UBIQUITINATION,-1.50244106304537,0.294761383273359,-0.492343754312285,0.870890371309012,FALSE,0
REACTOME_PTEN_REGULATION,-0.872065570542198,0.579939963359815,-0.742981554959211,0.771146460701361,FALSE,0
REACTOME_PURINERGIC_SIGNALING_IN_LEISHMANIASIS_INFECTION,0.831100857881875,0.600337298722731,0.10457196074821,0.980530670795016,FALSE,0
REACTOME_PURINE_CATABOLISM,0.361520755019057,0.838658829489553,0.574310926546992,0.839563810561272,FALSE,0
REACTOME_RAB_REGULATION_OF_TRAFFICKING,-1.00474350908821,0.513954339056403,-2.07548256911455,0.261539699060142,FALSE,0
REACTOME_RAF_INDEPENDENT_MAPK1_3_ACTIVATION,-1.89397214405568,0.167123530864186,-1.34031029371996,0.519495834647018,FALSE,0
REACTOME_RAP1_SIGNALLING,-0.467773126693545,0.788864323737281,-2.5671547202757,0.134949057237382,FALSE,0
REACTOME_RA_BIOSYNTHESIS_PATHWAY,1.69199037696179,0.22959034727459,0.129575734768654,0.972891856973141,FALSE,0
REACTOME_RECEPTOR_TYPE_TYROSINE_PROTEIN_PHOSPHATASES,0.63321673261937,0.702805294832691,2.65549338275081,0.116767409302069,FALSE,0
REACTOME_RECOGNITION_OF_DNA_DAMAGE_BY_PCNA_CONTAINING_REPLICATION_COMPLEX,-4.23711984168293,0.000685741719237908,-1.03617790462285,0.651668645757715,FALSE,0
REACTOME_REGULATION_OF_BETA_CELL_DEVELOPMENT,-0.267021486074858,0.883498425551673,-0.379671598124155,0.904733514156596,FALSE,0
REACTOME_REGULATION_OF_CHOLESTEROL_BIOSYNTHESIS_BY_SREBP_SREBF,-0.660216843401166,0.688220402354998,-0.846618337399235,0.729028158138777,FALSE,0
REACTOME_REGULATION_OF_FZD_BY_UBIQUITINATION,-2.61439140634906,0.0462564273301005,-0.104573374850321,0.980530670795016,FALSE,0
REACTOME_REGULATION_OF_IFNA_SIGNALING,0.952965114486268,0.538633073210793,1.79229422656213,0.347615353764153,FALSE,0
REACTOME_REGULATION_OF_INSULIN_LIKE_GROWTH_FACTOR_IGF_TRANSPORT_AND_UPTAKE_BY_INSULIN_LIKE_GROWTH_FACTOR_BINDING_PROTEINS_IGFBPS,5.79352556289536,2.36593078857709e-06,0.543709404514436,0.851849176503558,FALSE,0
REACTOME_REGULATION_OF_KIT_SIGNALING,-0.815940762316291,0.607880546309305,-2.99659113723592,0.0694250217274989,FALSE,0
REACTOME_REGULATION_OF_LIPID_METABOLISM_BY_PPARALPHA,-4.40257766532464,0.000382500177239094,-1.04716239199658,0.649205995702641,FALSE,0
REACTOME_REGULATION_OF_MECP2_EXPRESSION_AND_ACTIVITY,-0.735403282396962,0.647659068666202,-1.65952599856494,0.397639720822112,FALSE,0
REACTOME_REGULATION_OF_PLK1_ACTIVITY_AT_G2_M_TRANSITION,-0.0955004121006804,0.958929752433341,-2.74323773163971,0.101777492166501,FALSE,0
REACTOME_REGULATION_OF_PTEN_GENE_TRANSCRIPTION,-2.55284940888031,0.0528988857153802,-1.93562540094733,0.29996052361199,FALSE,0
REACTOME_REGULATION_OF_PTEN_STABILITY_AND_ACTIVITY,0.780504574269154,0.625083336253895,0.327790600098366,0.919263050681769,FALSE,0
REACTOME_REGULATION_OF_RAS_BY_GAPS,0.461523916552641,0.791917141953759,0.311524374103791,0.924868510292352,FALSE,0
REACTOME_REGULATION_OF_RUNX1_EXPRESSION_AND_ACTIVITY,-0.614602831692895,0.710679947017901,-0.859925931460691,0.722803692479933,FALSE,0
REACTOME_REGULATION_OF_RUNX2_EXPRESSION_AND_ACTIVITY,0.581828954494916,0.727925138009757,1.04166855361658,0.651012341520366,FALSE,0
REACTOME_REGULATION_OF_RUNX3_EXPRESSION_AND_ACTIVITY,0.84075265697262,0.595984122281883,0.913538480548613,0.699975937031591,FALSE,0
REACTOME_REGULATION_OF_SIGNALING_BY_CBL,-1.98071466907165,0.145699508436501,-2.4123219301165,0.167925529799104,FALSE,0
REACTOME_REGULATION_OF_TP53_ACTIVITY,-1.26694259260619,0.393903909251049,-0.750976518005952,0.768012698739432,FALSE,0
REACTOME_REGULATION_OF_TP53_ACTIVITY_THROUGH_PHOSPHORYLATION,-2.0675109259836,0.125437278354353,-0.840386785324691,0.730488718145235,FALSE,0
REACTOME_REGULATION_OF_TP53_EXPRESSION_AND_DEGRADATION,-0.158968228973643,0.934047201782848,-1.49853994629086,0.457267881561368,FALSE,0
REACTOME_RESOLUTION_OF_ABASIC_SITES_AP_SITES,-3.53089150055117,0.0057019199775486,-1.30995772693052,0.536179616932017,FALSE,0
REACTOME_RESOLUTION_OF_AP_SITES_VIA_THE_MULTIPLE_NUCLEOTIDE_PATCH_REPLACEMENT_PATHWAY,-4.06926873832718,0.00119621479171186,-0.28377935742866,0.931635894679924,FALSE,0
REACTOME_RESOLUTION_OF_D_LOOP_STRUCTURES,-0.551120125832769,0.742974245105336,-1.28482378964595,0.546741681848029,FALSE,0
REACTOME_RESOLUTION_OF_D_LOOP_STRUCTURES_THROUGH_SYNTHESIS_DEPENDENT_STRAND_ANNEALING_SDSA,-0.952357239710048,0.538789333343594,-1.57950854798232,0.423827210836986,FALSE,0
REACTOME_RESPIRATORY_ELECTRON_TRANSPORT,0.0923502319781954,0.960172190955865,0.249545118624568,0.943301202547513,FALSE,0
REACTOME_RESPIRATORY_ELECTRON_TRANSPORT_ATP_SYNTHESIS_BY_CHEMIOSMOTIC_COUPLING_AND_HEAT_PRODUCTION_BY_UNCOUPLING_PROTEINS,0.196710539307575,0.918240939273688,0.301237320725253,0.926925378347899,FALSE,0
REACTOME_RESPONSE_OF_MTB_TO_PHAGOCYTOSIS,-1.59587577492752,0.259937342997238,-3.83066617637071,0.016208457165718,FALSE,0
REACTOME_RHOBTB1_GTPASE_CYCLE,-0.95886460445126,0.535069623620655,-1.45737953282324,0.476811652735158,FALSE,0
REACTOME_RHOBTB2_GTPASE_CYCLE,-0.414797192466761,0.81376940607615,-1.99255348474933,0.288465139636001,FALSE,0
REACTOME_RHOBTB_GTPASE_CYCLE,-1.02438994924088,0.503137853342378,-1.79655607592469,0.345611381936111,FALSE,0
REACTOME_RHOB_GTPASE_CYCLE,-1.0078347430562,0.512015716924029,-1.82313352348849,0.336643919781943,FALSE,0
REACTOME_RHOG_GTPASE_CYCLE,-0.0623447932088178,0.972770226737856,-2.84046917291101,0.0909214301270714,FALSE,0
REACTOME_RHOH_GTPASE_CYCLE,-0.157947907216107,0.934047201782848,-3.12279142567772,0.0576829744618018,FALSE,0
REACTOME_RHOJ_GTPASE_CYCLE,-1.2209418279913,0.413610968634888,-0.835062291542079,0.732619795679724,FALSE,0
REACTOME_RHOQ_GTPASE_CYCLE,-2.18154296754248,0.104207464404534,-1.45122591862077,0.479350074034623,FALSE,0
REACTOME_RHOU_GTPASE_CYCLE,-0.531408663831351,0.753394423838764,-3.80638158462944,0.016208457165718,FALSE,0
REACTOME_RHOV_GTPASE_CYCLE,-0.950058287057625,0.539880323857496,-2.70496135360985,0.108287703628419,FALSE,0
REACTOME_RHO_GTPASES_ACTIVATE_PKNS,1.6923717858749,0.22959034727459,1.87592761584902,0.319085421390079,FALSE,0
REACTOME_RIPK1_MEDIATED_REGULATED_NECROSIS,0.770099383265863,0.630746698912825,0.967027242334081,0.679290261734771,FALSE,0
REACTOME_RIP_MEDIATED_NFKB_ACTIVATION_VIA_ZBP1,-0.585379608831244,0.726655223755615,-2.70992518366682,0.107322364176867,FALSE,0
REACTOME_RMTS_METHYLATE_HISTONE_ARGININES,1.27933715068997,0.388357532879365,1.58868552634002,0.421175530368541,FALSE,0
REACTOME_RNA_POLYMERASE_III_TRANSCRIPTION_INITIATION_FROM_TYPE_1_PROMOTER,0.097904830170682,0.957526925027146,1.60972674390072,0.411867046563292,FALSE,0
REACTOME_RNA_POLYMERASE_II_TRANSCRIBES_SNRNA_GENES,-3.49065259665209,0.0063779082197449,-1.01093624785018,0.664654872879647,FALSE,0
REACTOME_RND1_GTPASE_CYCLE,-2.07229479203432,0.124612180254368,-1.63260477156736,0.406724190912091,FALSE,0
REACTOME_RND2_GTPASE_CYCLE,-2.08034994500721,0.123514880217303,-2.1258459380564,0.241428662057094,FALSE,0
REACTOME_RND3_GTPASE_CYCLE,-0.902897215930293,0.5637762033253,-2.47924859478171,0.155342616927101,FALSE,0
REACTOME_ROLE_OF_LAT2_NTAL_LAB_ON_CALCIUM_MOBILIZATION,-1.62052503182065,0.251271618809145,-1.24689219890398,0.563863862254628,FALSE,0
REACTOME_RORA_ACTIVATES_GENE_EXPRESSION,-2.14166680594289,0.111794032037678,-0.173174736890753,0.961135239359009,FALSE,0
REACTOME_RUNX1_INTERACTS_WITH_CO_FACTORS_WHOSE_PRECISE_EFFECT_ON_RUNX1_TARGETS_IS_NOT_KNOWN,-1.35322939405944,0.356830703814569,-4.67576280180846,0.00501381388684376,FALSE,0
REACTOME_SARS_COV_2_INFECTION,1.63869454999017,0.245426661288926,0.0179981824148183,0.997339457172524,FALSE,0
REACTOME_SARS_COV_INFECTIONS,-0.473415923835299,0.785400314460463,-0.925767168357233,0.693763816720807,FALSE,0
REACTOME_SCF_SKP2_MEDIATED_DEGRADATION_OF_P27_P21,0.450951338192579,0.797078797342316,0.782176530872169,0.751397689561115,FALSE,0
REACTOME_SEALING_OF_THE_NUCLEAR_ENVELOPE_NE_BY_ESCRT_III,-0.324546924872544,0.853973096164156,-2.58531440223976,0.130465444872858,FALSE,0
REACTOME_SELECTIVE_AUTOPHAGY,-2.02559878824389,0.134385961700142,-1.58842613104703,0.421175530368541,FALSE,0
REACTOME_SEMA4D_INDUCED_CELL_MIGRATION_AND_GROWTH_CONE_COLLAPSE,-0.079922399325151,0.965745877579193,-2.2404510105337,0.213646899143169,FALSE,0
REACTOME_SEMA4D_IN_SEMAPHORIN_SIGNALING,-0.159732681695608,0.934042994480534,-1.73686631647431,0.366460359658687,FALSE,0
REACTOME_SEROTONIN_NEUROTRANSMITTER_RELEASE_CYCLE,0.362034386154788,0.838482019559061,0.66137857140866,0.806856020993679,FALSE,0
REACTOME_SIGNALING_BY_ALK,-0.586999627241414,0.726039519709276,-2.63552743899506,0.12051901382544,FALSE,0
REACTOME_SIGNALING_BY_CSF3_G_CSF,-1.07808395327876,0.475624558821314,-2.98883801303737,0.070256684411362,FALSE,0
REACTOME_SIGNALING_BY_CTNNB1_PHOSPHO_SITE_MUTANTS,0.40621071294757,0.817365901362193,0.944357825083859,0.687563964659633,FALSE,0
REACTOME_SIGNALING_BY_CYTOSOLIC_FGFR1_FUSION_MUTANTS,-2.12977525166884,0.113959947877482,-0.0486270809744166,0.99028539221611,FALSE,0
REACTOME_SIGNALING_BY_EGFR,-1.173806894502,0.431927422264007,-2.80789380095805,0.0962839134931798,FALSE,0
REACTOME_SIGNALING_BY_EGFR_IN_CANCER,-0.963368612625219,0.533121915002025,-0.571233529634676,0.840181157006206,FALSE,0
REACTOME_SIGNALING_BY_ERBB2,-0.343115118810982,0.8469840624465,-3.53482066422275,0.0283210141596646,FALSE,0
REACTOME_SIGNALING_BY_ERBB2_ECD_MUTANTS,-0.0695771046663834,0.97051642095152,-2.35695714418904,0.180596787144469,FALSE,0
REACTOME_SIGNALING_BY_ERBB2_IN_CANCER,-0.509632656023561,0.765898177658443,-1.00948861565212,0.665382966932465,FALSE,0
REACTOME_SIGNALING_BY_ERYTHROPOIETIN,-1.8450727717166,0.181771869240389,-1.64911971409871,0.400319894191124,FALSE,0
REACTOME_SIGNALING_BY_FGFR2_IIIA_TM,0.466963782358588,0.788993750397249,0.993674453428777,0.67238145901751,FALSE,0
REACTOME_SIGNALING_BY_FGFR_IN_DISEASE,-0.447952114140319,0.798785250179432,-0.542340645499311,0.852680101046261,FALSE,0
REACTOME_SIGNALING_BY_FLT3_FUSION_PROTEINS,-1.97163427575168,0.147666599876395,-3.13338577395674,0.056171639631695,FALSE,0
REACTOME_SIGNALING_BY_FLT3_ITD_AND_TKD_MUTANTS,-1.53943371075573,0.280582579935271,-3.08585627542837,0.0602820893463735,FALSE,0
REACTOME_SIGNALING_BY_KIT_IN_DISEASE,-1.18494313354514,0.428667585960001,-1.752695199765,0.361080927499749,FALSE,0
REACTOME_SIGNALING_BY_NODAL,0.424842565287016,0.809070022264432,0.495722238642965,0.868739123146472,FALSE,0
REACTOME_SIGNALING_BY_NOTCH1,-2.08187012229171,0.123135383099585,-3.05675108144511,0.062117837774337,FALSE,0
REACTOME_SIGNALING_BY_NOTCH1_PEST_DOMAIN_MUTANTS_IN_CANCER,-1.27751949800961,0.388866112594812,-3.38439335467359,0.0373857431821673,FALSE,0
REACTOME_SIGNALING_BY_NOTCH2,-1.4065579793048,0.335470281914179,-1.77494194777509,0.354114486607515,FALSE,0
REACTOME_SIGNALING_BY_NOTCH3,-0.248961613830299,0.891084943414308,-1.98744117662327,0.288666769350844,FALSE,0
REACTOME_SIGNALING_BY_NOTCH4,0.820845810689667,0.605809398323653,0.288105904355256,0.930482826172158,FALSE,0
REACTOME_SIGNALING_BY_PTK6,-1.26298612038448,0.395447349465509,-2.0710865397169,0.262275957431478,FALSE,0
REACTOME_SIGNALING_BY_SCF_KIT,-0.432137316935718,0.80606506846218,-2.39074473902991,0.172371115682747,FALSE,0
REACTOME_SIGNALING_BY_TGF_BETA_RECEPTOR_COMPLEX,-0.450945647441987,0.797078797342316,-2.34701518645729,0.183388956401852,FALSE,0
REACTOME_SIGNALING_BY_TYPE_1_INSULIN_LIKE_GROWTH_FACTOR_1_RECEPTOR_IGF1R,0.228219101111349,0.900828666622624,0.186589393768627,0.958165734572316,FALSE,0
REACTOME_SIGNALING_BY_WNT_IN_CANCER,-0.621687075312852,0.707570429532226,-0.472671104919101,0.875494923816982,FALSE,0
REACTOME_SIGNAL_TRANSDUCTION_BY_L1,-0.184366646338031,0.925049309220255,-1.49216803784332,0.46030544711996,FALSE,0
REACTOME_SMAD2_SMAD3_SMAD4_HETEROTRIMER_REGULATES_TRANSCRIPTION,-1.10659727605104,0.461858393727399,-1.54625547696169,0.43913565663129,FALSE,0
REACTOME_SPRY_REGULATION_OF_FGF_SIGNALING,-1.33014071135883,0.366587848625537,-3.54611093504018,0.0283210141596646,FALSE,0
REACTOME_SRP_DEPENDENT_COTRANSLATIONAL_PROTEIN_TARGETING_TO_MEMBRANE,-2.27022668376916,0.0891231679349876,-0.0646340164481417,0.988756283300366,FALSE,0
REACTOME_STABILIZATION_OF_P53,0.0322309264686154,0.985581210656358,1.03764581858937,0.651668597524745,FALSE,0
REACTOME_STIMULI_SENSING_CHANNELS,-1.35755650757429,0.355210715439072,-0.0458365140116548,0.991081029721648,FALSE,0
REACTOME_SUMOYLATION,-3.06432427312222,0.0176835965605651,-0.940024305622253,0.6889177799283,FALSE,0
REACTOME_SUMOYLATION_OF_DNA_DAMAGE_RESPONSE_AND_REPAIR_PROTEINS,-2.93542561915336,0.0233662502405654,-0.166081922244109,0.963092106885598,FALSE,0
REACTOME_SUMOYLATION_OF_DNA_METHYLATION_PROTEINS,-1.56272239496401,0.27224220696016,-0.571089117843983,0.840181157006206,FALSE,0
REACTOME_SUMOYLATION_OF_TRANSCRIPTION_COFACTORS,-2.13977768387483,0.112061147301799,-1.24889905170962,0.563084283846521,FALSE,0
REACTOME_SURFACTANT_METABOLISM,-2.43393550267051,0.065898623499349,-0.653260798800455,0.811091784819555,FALSE,0
REACTOME_SYNTHESIS_OF_ACTIVE_UBIQUITIN_ROLES_OF_E1_AND_E2_ENZYMES,-0.972777442630104,0.530236236571741,-2.05023626310257,0.268773266055975,FALSE,0
REACTOME_SYNTHESIS_OF_BILE_ACIDS_AND_BILE_SALTS,0.914641103680827,0.557906492746594,0.910643896663527,0.699975937031591,FALSE,0
REACTOME_SYNTHESIS_OF_BILE_ACIDS_AND_BILE_SALTS_VIA_7ALPHA_HYDROXYCHOLESTEROL,2.29191179520732,0.0854037598316343,0.685552185859494,0.796484775814461,FALSE,0
REACTOME_SYNTHESIS_OF_GLYCOSYLPHOSPHATIDYLINOSITOL_GPI,-0.0779036346786666,0.96646726388392,-0.162838282280765,0.963092106885598,FALSE,0
REACTOME_SYNTHESIS_OF_IP3_AND_IP4_IN_THE_CYTOSOL,-3.44769809946442,0.00711777643339824,-1.87640131792911,0.319085421390079,FALSE,0
REACTOME_SYNTHESIS_OF_LEUKOTRIENES_LT_AND_EOXINS_EX,-2.63967537672738,0.04408679590565,-2.55819085631955,0.136464981613248,FALSE,0
REACTOME_SYNTHESIS_OF_PA,0.975409746223801,0.528517889836825,3.36068970752682,0.0390169829443483,FALSE,0
REACTOME_SYNTHESIS_OF_PIPS_AT_THE_GOLGI_MEMBRANE,0.685587646467902,0.674546604280229,1.71763036551221,0.375113487286031,FALSE,0
REACTOME_SYNTHESIS_OF_PIPS_AT_THE_PLASMA_MEMBRANE,0.37891486092012,0.829621251350169,0.441531003668066,0.884517238478148,FALSE,0
REACTOME_SYNTHESIS_SECRETION_AND_DEACYLATION_OF_GHRELIN,0.212615523799,0.908868759918364,0.0297148749565214,0.994101563901999,FALSE,0
REACTOME_S_PHASE,-1.39665357929946,0.339061587119849,-0.181138977995764,0.959368151772777,FALSE,0
REACTOME_TAK1_ACTIVATES_NFKB_BY_PHOSPHORYLATION_AND_ACTIVATION_OF_IKKS_COMPLEX,-0.414949022564903,0.81376940607615,-1.63309483978489,0.406629311943628,FALSE,0
REACTOME_TBC_RABGAPS,-3.13541913564331,0.0150687956429818,-1.33493564947687,0.521913458817491,FALSE,0
REACTOME_TCF_DEPENDENT_SIGNALING_IN_RESPONSE_TO_WNT,0.310511801133935,0.86137958718196,1.03208249738623,0.654014319421926,FALSE,0
REACTOME_TCR_SIGNALING,0.43819082267102,0.803010790034949,0.76820716116967,0.75878478428133,FALSE,0
REACTOME_TELOMERE_EXTENSION_BY_TELOMERASE,1.00053709387375,0.516448537196771,0.966466617752747,0.679290261734771,FALSE,0
REACTOME_TERMINATION_OF_TRANSLESION_DNA_SYNTHESIS,-5.69524551722949,3.33857126866741e-06,-1.12148332430736,0.61660746965924,FALSE,0
REACTOME_TGF_BETA_RECEPTOR_SIGNALING_ACTIVATES_SMADS,-1.42990236912093,0.324373801409625,-0.641970416736496,0.814647783787223,FALSE,0
REACTOME_THE_CANONICAL_RETINOID_CYCLE_IN_RODS_TWILIGHT_VISION,1.02475108417655,0.503137853342378,1.84638363842391,0.328402734588529,FALSE,0
REACTOME_THE_NLRP3_INFLAMMASOME,-0.601116840516304,0.717766727705501,-0.398094720757723,0.898358165732329,FALSE,0
REACTOME_THE_PHOTOTRANSDUCTION_CASCADE,0.774788667289578,0.62852281512606,0.773818651667619,0.755655692122914,FALSE,0
REACTOME_TNFR2_NON_CANONICAL_NF_KB_PATHWAY,1.13551049106273,0.449548570414178,1.46985919659864,0.471123667891424,FALSE,0
REACTOME_TNFS_BIND_THEIR_PHYSIOLOGICAL_RECEPTORS,1.53651046736564,0.281463216095436,1.38146523493744,0.505839888295449,FALSE,0
REACTOME_TNF_RECEPTOR_SUPERFAMILY_TNFSF_MEMBERS_MEDIATING_NON_CANONICAL_NF_KB_PATHWAY,2.86797844042076,0.0269380587838676,3.06998644062867,0.0604096572283829,FALSE,0
REACTOME_TOLL_LIKE_RECEPTOR_9_TLR9_CASCADE,-1.49522862103872,0.297756129924306,-1.37874224907864,0.507343589064913,FALSE,0
REACTOME_TOLL_LIKE_RECEPTOR_TLR1_TLR2_CASCADE,-1.30075803364358,0.37863219997843,-1.80201546856617,0.34340626505611,FALSE,0
REACTOME_TP53_REGULATES_METABOLIC_GENES,-0.853339618647586,0.589462367133614,-1.16689340191226,0.595461464338454,FALSE,0
REACTOME_TP53_REGULATES_TRANSCRIPTION_OF_ADDITIONAL_CELL_CYCLE_GENES_WHOSE_EXACT_ROLE_IN_THE_P53_PATHWAY_REMAIN_UNCERTAIN,-2.35292205573352,0.0766651034285599,-1.50037148629464,0.456253813699418,FALSE,0
REACTOME_TP53_REGULATES_TRANSCRIPTION_OF_CELL_CYCLE_GENES,-0.478198906475568,0.782881488293016,-2.20704929012961,0.220772753419877,FALSE,0
REACTOME_TP53_REGULATES_TRANSCRIPTION_OF_CELL_DEATH_GENES,-1.65408773925079,0.240899750988896,-0.088593674401348,0.983922183605425,FALSE,0
REACTOME_TP53_REGULATES_TRANSCRIPTION_OF_DNA_REPAIR_GENES,-3.08852771905878,0.0167322476085093,-1.04798987755452,0.648922743525771,FALSE,0
REACTOME_TP53_REGULATES_TRANSCRIPTION_OF_GENES_INVOLVED_IN_CYTOCHROME_C_RELEASE,-2.19374102490373,0.101948153119547,-0.9262453656152,0.693763816720807,FALSE,0
REACTOME_TRAF6_MEDIATED_INDUCTION_OF_TAK1_COMPLEX_WITHIN_TLR4_COMPLEX,-1.9023355593692,0.164789056663425,-0.182891429369005,0.958245341663965,FALSE,0
REACTOME_TRAF6_MEDIATED_NF_KB_ACTIVATION,-2.4560371737322,0.0631173158947437,-2.85165029785908,0.0893518539882346,FALSE,0
REACTOME_TRAFFICKING_OF_AMPA_RECEPTORS,2.28843859973646,0.0860579338556389,1.87447743380385,0.319085421390079,FALSE,0
REACTOME_TRANSCRIPTIONAL_ACTIVATION_OF_MITOCHONDRIAL_BIOGENESIS,-2.82980300261636,0.0291755826594126,-1.17657190522601,0.593332971526754,FALSE,0
REACTOME_TRANSCRIPTIONAL_ACTIVITY_OF_SMAD2_SMAD3_SMAD4_HETEROTRIMER,-0.492099753689229,0.774512308541187,-2.41080079486401,0.167925529799104,FALSE,0
REACTOME_TRANSCRIPTIONAL_REGULATION_BY_E2F6,-0.0532122768912819,0.975755140108218,-0.946772893125357,0.686173027976691,FALSE,0
REACTOME_TRANSCRIPTIONAL_REGULATION_BY_THE_AP_2_TFAP2_FAMILY_OF_TRANSCRIPTION_FACTORS,-4.39284200768451,0.000391878947118909,-0.814505960854679,0.741320604057187,FALSE,0
REACTOME_TRANSCRIPTIONAL_REGULATION_BY_VENTX,-1.98750426118909,0.143811582779747,-3.22796214799141,0.0488803981509807,FALSE,0
REACTOME_TRANSCRIPTIONAL_REGULATION_OF_WHITE_ADIPOCYTE_DIFFERENTIATION,-3.78189941234145,0.00286203954949017,-1.30460832389574,0.537459360880975,FALSE,0
REACTOME_TRANSCRIPTION_OF_E2F_TARGETS_UNDER_NEGATIVE_CONTROL_BY_DREAM_COMPLEX,-0.499392493039723,0.77135431015464,-1.29882785577516,0.539761361519543,FALSE,0
REACTOME_TRANSCRIPTION_OF_THE_HIV_GENOME,-1.69345253323847,0.229330630021162,-0.806963035367985,0.744161026054853,FALSE,0
REACTOME_TRANSFERRIN_ENDOCYTOSIS_AND_RECYCLING,2.08287903060395,0.122910527050057,0.78414786475262,0.750567873681476,FALSE,0
REACTOME_TRANSLATION_OF_SARS_COV_2_STRUCTURAL_PROTEINS,1.66784478181985,0.23692454369533,0.201811047212652,0.956243570165787,FALSE,0
REACTOME_TRANSLESION_SYNTHESIS_BY_POLH,-4.4153342287876,0.000373595296564672,-1.80827455971412,0.340616137666103,FALSE,0
REACTOME_TRANSLESION_SYNTHESIS_BY_POLK,-4.57811200799209,0.000213793521949935,-0.815775657648736,0.741320604057187,FALSE,0
REACTOME_TRANSLESION_SYNTHESIS_BY_Y_FAMILY_DNA_POLYMERASES_BYPASSES_LESIONS_ON_DNA_TEMPLATE,-4.94574956684324,5.80363353681357e-05,-1.90444368791303,0.310301859362798,FALSE,0
REACTOME_TRANSPORT_OF_VITAMINS_NUCLEOSIDES_AND_RELATED_MOLECULES,1.14808102566583,0.443289105138257,0.767755254988487,0.758798746613997,FALSE,0
REACTOME_TRISTETRAPROLIN_TTP_ZFP36_BINDS_AND_DESTABILIZES_MRNA,-3.70359161372351,0.00350805932995465,-0.407413328281581,0.895335543369068,FALSE,0
REACTOME_TRNA_AMINOACYLATION,1.0177244807616,0.506546111642842,2.23568915609542,0.215035165468522,FALSE,0
REACTOME_TRNA_MODIFICATION_IN_THE_NUCLEUS_AND_CYTOSOL,0.34334553937926,0.8469840624465,1.35990978543326,0.514336402052169,FALSE,0
REACTOME_TRP_CHANNELS,1.56158533484903,0.272493519277783,0.43981384383268,0.884919062063229,FALSE,0
REACTOME_UCH_PROTEINASES,0.635680577959668,0.701933497954421,0.789791304824334,0.748027336660967,FALSE,0
REACTOME_UNBLOCKING_OF_NMDA_RECEPTORS_GLUTAMATE_BINDING_AND_ACTIVATION,2.00477007337219,0.139207526282914,0.619444718486305,0.82456657379836,FALSE,0
REACTOME_UPTAKE_AND_ACTIONS_OF_BACTERIAL_TOXINS,0.23639808340845,0.896141772274362,0.0699404846537028,0.987078627842916,FALSE,0
REACTOME_VISUAL_PHOTOTRANSDUCTION,0.807850887107176,0.610562778537669,0.481703303548813,0.873631163209826,FALSE,0
REACTOME_VITAMIN_B5_PANTOTHENATE_METABOLISM,1.2153183258945,0.416081612621721,1.29970273722592,0.539761361519543,FALSE,0
REACTOME_WNT_LIGAND_BIOGENESIS_AND_TRAFFICKING,2.64110234936435,0.0440472702706271,1.81685802523027,0.336825271712895,FALSE,0
REACTOME_XENOBIOTICS,-1.28490161667585,0.385760391300851,-0.84956488252996,0.728536548049774,FALSE,0
REACTOME_ZBP1_DAI_MEDIATED_INDUCTION_OF_TYPE_I_IFNS,-2.02052049120821,0.135405532394845,-2.1656036512123,0.230896158760543,FALSE,0
REACTOME_ZINC_TRANSPORTERS,4.70137405344594,0.000140061816458647,0.444636102953392,0.884040888958226,FALSE,0
