pathway,family
HALLMARK_TNFA_SIGNALING_VIA_NFKB,1
HALLMARK_HYPOXIA,2
HALLMARK_CHOLESTEROL_HOMEOSTASIS,3
HALLMARK_MITOTIC_SPINDLE,4
HALLMARK_WNT_BETA_CATENIN_SIGNALING,5
HALLMARK_TGF_BETA_SIGNALING,6
HALLMARK_IL6_JAK_STAT3_SIGNALING,7
HALLMARK_DNA_REPAIR,8
HALLMARK_G2M_CHECKPOINT,9
HALLMARK_APOPTOSIS,10
HALLMARK_NOTCH_SIGNALING,11
HALLMARK_ADIPOGENESIS,12
HALLMARK_ESTROGEN_RESPONSE_EARLY,13
HALLMARK_ESTROGEN_RESPONSE_LATE,13
HALLMARK_ANDROGEN_RESPONSE,14
HALLMARK_MYOGENESIS,15
HALLMARK_PROTEIN_SECRETION,16
HALLMARK_INTERFERON_ALPHA_RESPONSE,17
HALLMARK_INTERFERON_GAMMA_RESPONSE,17
HALLMARK_APICAL_JUNCTION,18
HALLMARK_APICAL_SURFACE,19
HALLMARK_HEDGEHOG_SIGNALING,20
HALLMARK_COMPLEMENT,21
HALLMARK_UNFOLDED_PROTEIN_RESPONSE,22
HALLMARK_PI3K_AKT_MTOR_SIGNALING,23
HALLMARK_MTORC1_SIGNALING,24
HALLMARK_E2F_TARGETS,25
HALLMARK_MYC_TARGETS_V1,26
HALLMARK_MYC_TARGETS_V2,27
HALLMARK_EPITHELIAL_MESENCHYMAL_TRANSITION,28
HALLMARK_INFLAMMATORY_RESPONSE,29
HALLMARK_XENOBIOTIC_METABOLISM,30
HALLMARK_FATTY_ACID_METABOLISM,31
HALLMARK_OXIDATIVE_PHOSPHORYLATION,32
HALLMARK_GLYCOLYSIS,33
HALLMARK_REACTIVE_OXYGEN_SPECIES_PATHWAY,34
HALLMARK_P53_PATHWAY,35
HALLMARK_UV_RESPONSE_UP,36
HALLMARK_UV_RESPONSE_DN,37
HALLMARK_ANGIOGENESIS,38
HALLMARK_HEME_METABOLISM,39
HALLMARK_COAGULATION,40
HALLMARK_IL2_STAT5_SIGNALING,41
HALLMARK_BILE_ACID_METABOLISM,42
HALLMARK_PEROXISOME,43
HALLMARK_ALLOGRAFT_REJECTION,44
HALLMARK_SPERMATOGENESIS,45
HALLMARK_KRAS_SIGNALING_UP,46
HALLMARK_KRAS_SIGNALING_DN,47
HALLMARK_PANCREAS_BETA_CELLS,48
KEGG_N_GLYCAN_BIOSYNTHESIS,49
KEGG_OTHER_GLYCAN_DEGRADATION,50
KEGG_O_GLYCAN_BIOSYNTHESIS,51
KEGG_GLYCOSAMINOGLYCAN_DEGRADATION,52
KEGG_GLYCOSAMINOGLYCAN_BIOSYNTHESIS_KERATAN_SULFATE,53
KEGG_GLYCEROLIPID_METABOLISM,54
KEGG_GLYCOSYLPHOSPHATIDYLINOSITOL_GPI_ANCHOR_BIOSYNTHESIS,55
KEGG_GLYCEROPHOSPHOLIPID_METABOLISM,56
KEGG_ETHER_LIPID_METABOLISM,57
KEGG_ARACHIDONIC_ACID_METABOLISM,58
KEGG_LINOLEIC_ACID_METABOLISM,57
KEGG_ALPHA_LINOLENIC_ACID_METABOLISM,57
KEGG_SPHINGOLIPID_METABOLISM,59
KEGG_GLYCOSPHINGOLIPID_BIOSYNTHESIS_LACTO_AND_NEOLACTO_SERIES,60
KEGG_GLYCOSPHINGOLIPID_BIOSYNTHESIS_GANGLIO_SERIES,61
KEGG_NICOTINATE_AND_NICOTINAMIDE_METABOLISM,62
KEGG_PANTOTHENATE_AND_COA_BIOSYNTHESIS,63
KEGG_AMINOACYL_TRNA_BIOSYNTHESIS,64
KEGG_BASAL_TRANSCRIPTION_FACTORS,65
KEGG_SNARE_INTERACTIONS_IN_VESICULAR_TRANSPORT,66
KEGG_LYSOSOME,67
KEGG_CARDIAC_MUSCLE_CONTRACTION,68
KEGG_RENIN_ANGIOTENSIN_SYSTEM,69
KEGG_TASTE_TRANSDUCTION,70
KEGG_PROXIMAL_TUBULE_BICARBONATE_RECLAMATION,71
KEGG_PATHOGENIC_ESCHERICHIA_COLI_INFECTION,72
KEGG_SYSTEMIC_LUPUS_ERYTHEMATOSUS,73
KEGG_PRIMARY_IMMUNODEFICIENCY,74
KEGG_HYPERTROPHIC_CARDIOMYOPATHY_HCM,75
KEGG_ARRHYTHMOGENIC_RIGHT_VENTRICULAR_CARDIOMYOPATHY_ARVC,75
KEGG_DILATED_CARDIOMYOPATHY,75
KEGG_GLYCOLYSIS_GLUCONEOGENESIS,76
KEGG_CITRATE_CYCLE_TCA_CYCLE,77
KEGG_PENTOSE_PHOSPHATE_PATHWAY,78
KEGG_PENTOSE_AND_GLUCURONATE_INTERCONVERSIONS,79
KEGG_FRUCTOSE_AND_MANNOSE_METABOLISM,80
KEGG_GALACTOSE_METABOLISM,81
KEGG_ASCORBATE_AND_ALDARATE_METABOLISM,79
KEGG_FATTY_ACID_METABOLISM,82
KEGG_STEROID_BIOSYNTHESIS,83
KEGG_PRIMARY_BILE_ACID_BIOSYNTHESIS,84
KEGG_STEROID_HORMONE_BIOSYNTHESIS,85
KEGG_OXIDATIVE_PHOSPHORYLATION,86
KEGG_PURINE_METABOLISM,87
KEGG_PYRIMIDINE_METABOLISM,87
KEGG_ALANINE_ASPARTATE_AND_GLUTAMATE_METABOLISM,88
KEGG_GLYCINE_SERINE_AND_THREONINE_METABOLISM,89
KEGG_CYSTEINE_AND_METHIONINE_METABOLISM,90
KEGG_VALINE_LEUCINE_AND_ISOLEUCINE_DEGRADATION,91
KEGG_LYSINE_DEGRADATION,92
KEGG_ARGININE_AND_PROLINE_METABOLISM,93
KEGG_HISTIDINE_METABOLISM,94
KEGG_TYROSINE_METABOLISM,95
KEGG_PHENYLALANINE_METABOLISM,95
KEGG_TRYPTOPHAN_METABOLISM,96
KEGG_BETA_ALANINE_METABOLISM,97
KEGG_SELENOAMINO_ACID_METABOLISM,98
KEGG_GLUTATHIONE_METABOLISM,99
KEGG_STARCH_AND_SUCROSE_METABOLISM,79
KEGG_AMINO_SUGAR_AND_NUCLEOTIDE_SUGAR_METABOLISM,100
KEGG_GLYCOSAMINOGLYCAN_BIOSYNTHESIS_CHONDROITIN_SULFATE,101
KEGG_GLYCOSAMINOGLYCAN_BIOSYNTHESIS_HEPARAN_SULFATE,102
KEGG_INOSITOL_PHOSPHATE_METABOLISM,103
KEGG_PYRUVATE_METABOLISM,104
KEGG_GLYOXYLATE_AND_DICARBOXYLATE_METABOLISM,105
KEGG_PROPANOATE_METABOLISM,106
KEGG_BUTANOATE_METABOLISM,107
KEGG_ONE_CARBON_POOL_BY_FOLATE,108
KEGG_RETINOL_METABOLISM,109
KEGG_PORPHYRIN_AND_CHLOROPHYLL_METABOLISM,79
KEGG_TERPENOID_BACKBONE_BIOSYNTHESIS,110
KEGG_NITROGEN_METABOLISM,111
KEGG_METABOLISM_OF_XENOBIOTICS_BY_CYTOCHROME_P450,109
KEGG_DRUG_METABOLISM_CYTOCHROME_P450,109
KEGG_DRUG_METABOLISM_OTHER_ENZYMES,112
KEGG_BIOSYNTHESIS_OF_UNSATURATED_FATTY_ACIDS,113
KEGG_ABC_TRANSPORTERS,114
KEGG_RIBOSOME,115
KEGG_RNA_DEGRADATION,116
KEGG_RNA_POLYMERASE,117
KEGG_DNA_REPLICATION,118
KEGG_SPLICEOSOME,119
KEGG_PROTEASOME,120
KEGG_PROTEIN_EXPORT,121
KEGG_PPAR_SIGNALING_PATHWAY,122
KEGG_BASE_EXCISION_REPAIR,123
KEGG_NUCLEOTIDE_EXCISION_REPAIR,124
KEGG_MISMATCH_REPAIR,118
KEGG_HOMOLOGOUS_RECOMBINATION,125
KEGG_MAPK_SIGNALING_PATHWAY,126
KEGG_ERBB_SIGNALING_PATHWAY,127
KEGG_CALCIUM_SIGNALING_PATHWAY,128
KEGG_CYTOKINE_CYTOKINE_RECEPTOR_INTERACTION,129
KEGG_CHEMOKINE_SIGNALING_PATHWAY,130
KEGG_PHOSPHATIDYLINOSITOL_SIGNALING_SYSTEM,103
KEGG_NEUROACTIVE_LIGAND_RECEPTOR_INTERACTION,131
KEGG_CELL_CYCLE,132
KEGG_OOCYTE_MEIOSIS,133
KEGG_P53_SIGNALING_PATHWAY,134
KEGG_UBIQUITIN_MEDIATED_PROTEOLYSIS,135
KEGG_REGULATION_OF_AUTOPHAGY,136
KEGG_ENDOCYTOSIS,137
KEGG_PEROXISOME,138
KEGG_MTOR_SIGNALING_PATHWAY,139
KEGG_APOPTOSIS,140
KEGG_VASCULAR_SMOOTH_MUSCLE_CONTRACTION,141
KEGG_WNT_SIGNALING_PATHWAY,142
KEGG_DORSO_VENTRAL_AXIS_FORMATION,143
KEGG_NOTCH_SIGNALING_PATHWAY,144
KEGG_HEDGEHOG_SIGNALING_PATHWAY,145
KEGG_TGF_BETA_SIGNALING_PATHWAY,146
KEGG_AXON_GUIDANCE,147
KEGG_VEGF_SIGNALING_PATHWAY,148
KEGG_FOCAL_ADHESION,149
KEGG_ECM_RECEPTOR_INTERACTION,150
KEGG_CELL_ADHESION_MOLECULES_CAMS,151
KEGG_ADHERENS_JUNCTION,152
KEGG_TIGHT_JUNCTION,153
KEGG_GAP_JUNCTION,154
KEGG_COMPLEMENT_AND_COAGULATION_CASCADES,155
KEGG_ANTIGEN_PROCESSING_AND_PRESENTATION,156
KEGG_TOLL_LIKE_RECEPTOR_SIGNALING_PATHWAY,157
KEGG_NOD_LIKE_RECEPTOR_SIGNALING_PATHWAY,158
KEGG_RIG_I_LIKE_RECEPTOR_SIGNALING_PATHWAY,159
KEGG_CYTOSOLIC_DNA_SENSING_PATHWAY,160
KEGG_JAK_STAT_SIGNALING_PATHWAY,161
KEGG_HEMATOPOIETIC_CELL_LINEAGE,162
KEGG_NATURAL_KILLER_CELL_MEDIATED_CYTOTOXICITY,163
KEGG_T_CELL_RECEPTOR_SIGNALING_PATHWAY,164
KEGG_B_CELL_RECEPTOR_SIGNALING_PATHWAY,164
KEGG_FC_EPSILON_RI_SIGNALING_PATHWAY,148
KEGG_FC_GAMMA_R_MEDIATED_PHAGOCYTOSIS,165
KEGG_LEUKOCYTE_TRANSENDOTHELIAL_MIGRATION,166
KEGG_INTESTINAL_IMMUNE_NETWORK_FOR_IGA_PRODUCTION,167
KEGG_LONG_TERM_POTENTIATION,168
KEGG_NEUROTROPHIN_SIGNALING_PATHWAY,169
KEGG_LONG_TERM_DEPRESSION,170
KEGG_REGULATION_OF_ACTIN_CYTOSKELETON,171
KEGG_INSULIN_SIGNALING_PATHWAY,172
KEGG_GNRH_SIGNALING_PATHWAY,141
KEGG_PROGESTERONE_MEDIATED_OOCYTE_MATURATION,133
KEGG_MELANOGENESIS,173
KEGG_ADIPOCYTOKINE_SIGNALING_PATHWAY,174
KEGG_TYPE_II_DIABETES_MELLITUS,175
KEGG_TYPE_I_DIABETES_MELLITUS,176
KEGG_MATURITY_ONSET_DIABETES_OF_THE_YOUNG,177
KEGG_ALDOSTERONE_REGULATED_SODIUM_REABSORPTION,178
KEGG_VASOPRESSIN_REGULATED_WATER_REABSORPTION,179
KEGG_ALZHEIMERS_DISEASE,86
KEGG_PARKINSONS_DISEASE,86
KEGG_AMYOTROPHIC_LATERAL_SCLEROSIS_ALS,180
KEGG_HUNTINGTONS_DISEASE,86
KEGG_PRION_DISEASES,181
KEGG_VIBRIO_CHOLERAE_INFECTION,182
KEGG_EPITHELIAL_CELL_SIGNALING_IN_HELICOBACTER_PYLORI_INFECTION,183
KEGG_LEISHMANIA_INFECTION,184
KEGG_COLORECTAL_CANCER,185
KEGG_RENAL_CELL_CARCINOMA,186
KEGG_PANCREATIC_CANCER,187
KEGG_ENDOMETRIAL_CANCER,185
KEGG_GLIOMA,187
KEGG_PROSTATE_CANCER,187
KEGG_THYROID_CANCER,188
KEGG_BASAL_CELL_CARCINOMA,145
KEGG_MELANOMA,187
KEGG_BLADDER_CANCER,189
KEGG_CHRONIC_MYELOID_LEUKEMIA,187
KEGG_ACUTE_MYELOID_LEUKEMIA,185
KEGG_SMALL_CELL_LUNG_CANCER,190
KEGG_NON_SMALL_CELL_LUNG_CANCER,187
KEGG_ASTHMA,176
KEGG_AUTOIMMUNE_THYROID_DISEASE,176
KEGG_ALLOGRAFT_REJECTION,176
KEGG_GRAFT_VERSUS_HOST_DISEASE,176
KEGG_VIRAL_MYOCARDITIS,191
REACTOME_APOPTOSIS,192
REACTOME_INTRINSIC_PATHWAY_FOR_APOPTOSIS,193
REACTOME_TRANSLESION_SYNTHESIS_BY_Y_FAMILY_DNA_POLYMERASES_BYPASSES_LESIONS_ON_DNA_TEMPLATE,194
REACTOME_RECOGNITION_OF_DNA_DAMAGE_BY_PCNA_CONTAINING_REPLICATION_COMPLEX,194
REACTOME_TRANSLESION_SYNTHESIS_BY_POLH,194
REACTOME_RESOLUTION_OF_AP_SITES_VIA_THE_MULTIPLE_NUCLEOTIDE_PATCH_REPLACEMENT_PATHWAY,118
REACTOME_ACTIVATION_OF_BAD_AND_TRANSLOCATION_TO_MITOCHONDRIA,193
REACTOME_APOPTOTIC_CLEAVAGE_OF_CELLULAR_PROTEINS,195
REACTOME_APOPTOTIC_FACTOR_MEDIATED_RESPONSE,196
REACTOME_OPIOID_SIGNALLING,197
REACTOME_PKA_MEDIATED_PHOSPHORYLATION_OF_CREB,197
REACTOME_CA_DEPENDENT_EVENTS,197
REACTOME_G_PROTEIN_MEDIATED_EVENTS,197
REACTOME_NEUROTRANSMITTER_RELEASE_CYCLE,198
REACTOME_NEUROTRANSMITTER_RECEPTORS_AND_POSTSYNAPTIC_SIGNAL_TRANSMISSION,199
REACTOME_TRANSMISSION_ACROSS_CHEMICAL_SYNAPSES,199
REACTOME_FORMATION_OF_RNA_POL_II_ELONGATION_COMPLEX,200
REACTOME_IRS_MEDIATED_SIGNALLING,201
REACTOME_RAF_INDEPENDENT_MAPK1_3_ACTIVATION,202
REACTOME_FORMATION_OF_THE_EARLY_ELONGATION_COMPLEX,200
REACTOME_E2F_MEDIATED_REGULATION_OF_DNA_REPLICATION,203
REACTOME_ACTIVATION_OF_BH3_ONLY_PROTEINS,193
REACTOME_EFFECTS_OF_PIP2_HYDROLYSIS,204
REACTOME_GPVI_MEDIATED_ACTIVATION_CASCADE,205
REACTOME_DOWNSTREAM_SIGNALING_EVENTS_OF_B_CELL_RECEPTOR_BCR,120
REACTOME_ANTIVIRAL_MECHANISM_BY_IFN_STIMULATED_GENES,206
REACTOME_PROLACTIN_RECEPTOR_SIGNALING,207
REACTOME_SIGNALING_BY_NODAL,208
REACTOME_FERTILIZATION,209
REACTOME_MEIOTIC_SYNAPSIS,210
REACTOME_ROS_AND_RNS_PRODUCTION_IN_PHAGOCYTES,182
REACTOME_SIGNALING_BY_FGFR_IN_DISEASE,201
REACTOME_SIGNALING_BY_ERBB2,211
REACTOME_SIGNALING_BY_ERBB2_IN_CANCER,211
REACTOME_CELLULAR_RESPONSE_TO_HYPOXIA,120
REACTOME_CONSTITUTIVE_SIGNALING_BY_LIGAND_RESPONSIVE_EGFR_CANCER_VARIANTS,212
REACTOME_SIGNALING_BY_ERBB4,213
REACTOME_ANTIGEN_PROCESSING_CROSS_PRESENTATION,120
REACTOME_CROSS_PRESENTATION_OF_SOLUBLE_EXOGENOUS_ANTIGENS_ENDOSOMES,120
REACTOME_SHC1_EVENTS_IN_ERBB2_SIGNALING,211
REACTOME_NUCLEAR_SIGNALING_BY_ERBB4,213
REACTOME_INTERLEUKIN_7_SIGNALING,214
REACTOME_MITOCHONDRIAL_PROTEIN_IMPORT,215
REACTOME_SPRY_REGULATION_OF_FGF_SIGNALING,201
REACTOME_INWARDLY_RECTIFYING_K_CHANNELS,216
REACTOME_POTASSIUM_CHANNELS,217
REACTOME_VOLTAGE_GATED_POTASSIUM_CHANNELS,217
REACTOME_TRANSCRIPTION_OF_E2F_TARGETS_UNDER_NEGATIVE_CONTROL_BY_DREAM_COMPLEX,218
REACTOME_TRANSCRIPTION_OF_E2F_TARGETS_UNDER_NEGATIVE_CONTROL_BY_P107_RBL1_AND_P130_RBL2_IN_COMPLEX_WITH_HDAC1,218
REACTOME_RORA_ACTIVATES_GENE_EXPRESSION,219
REACTOME_BMAL1_CLOCK_NPAS2_ACTIVATES_CIRCADIAN_GENE_EXPRESSION,219
REACTOME_ABC_TRANSPORTERS_IN_LIPID_HOMEOSTASIS,114
REACTOME_ELEVATION_OF_CYTOSOLIC_CA2_LEVELS,220
REACTOME_CASPASE_ACTIVATION_VIA_DEATH_RECEPTORS_IN_THE_PRESENCE_OF_LIGAND,221
REACTOME_INTRINSIC_PATHWAY_OF_FIBRIN_CLOT_FORMATION,222
REACTOME_COMMON_PATHWAY_OF_FIBRIN_CLOT_FORMATION,222
REACTOME_FORMATION_OF_FIBRIN_CLOT_CLOTTING_CASCADE,222
REACTOME_INHIBITION_OF_THE_PROTEOLYTIC_ACTIVITY_OF_APC_C_REQUIRED_FOR_THE_ONSET_OF_ANAPHASE_BY_MITOTIC_SPINDLE_CHECKPOINT_COMPONENTS,223
REACTOME_THE_CITRIC_ACID_TCA_CYCLE_AND_RESPIRATORY_ELECTRON_TRANSPORT,86
REACTOME_SIGNALING_BY_SCF_KIT,224
REACTOME_REGULATION_OF_KIT_SIGNALING,224
REACTOME_COLLAGEN_DEGRADATION,225
REACTOME_TRANSLOCATION_OF_SLC2A4_GLUT4_TO_THE_PLASMA_MEMBRANE,226
REACTOME_BETA_DEFENSINS,227
REACTOME_DEFENSINS,227
REACTOME_REPRODUCTION,210
REACTOME_DEGRADATION_OF_THE_EXTRACELLULAR_MATRIX,225
REACTOME_COLLAGEN_FORMATION,225
REACTOME_ACYL_CHAIN_REMODELLING_OF_PC,57
REACTOME_ACYL_CHAIN_REMODELLING_OF_PS,57
REACTOME_ACYL_CHAIN_REMODELLING_OF_PE,57
REACTOME_ACYL_CHAIN_REMODELLING_OF_PI,57
REACTOME_ACYL_CHAIN_REMODELLING_OF_PG,57
REACTOME_SYNTHESIS_OF_PA,228
REACTOME_SYNTHESIS_OF_PC,229
REACTOME_GLYCEROPHOSPHOLIPID_BIOSYNTHESIS,56
REACTOME_INOSITOL_PHOSPHATE_METABOLISM,103
REACTOME_PI_METABOLISM,230
REACTOME_PHOSPHOLIPID_METABOLISM,56
REACTOME_DAG_AND_IP3_SIGNALING,197
REACTOME_MEIOSIS,210
REACTOME_CELL_CELL_COMMUNICATION,231
REACTOME_SIGNALING_BY_ACTIVIN,208
REACTOME_G0_AND_EARLY_G1,218
REACTOME_PHASE_II_CONJUGATION_OF_COMPOUNDS,232
REACTOME_CYTOSOLIC_SULFONATION_OF_SMALL_MOLECULES,233
REACTOME_GLUCURONIDATION,79
REACTOME_GLUTATHIONE_CONJUGATION,99
REACTOME_ELASTIC_FIBRE_FORMATION,234
REACTOME_POLO_LIKE_KINASE_MEDIATED_EVENTS,235
REACTOME_EUKARYOTIC_TRANSLATION_ELONGATION,115
REACTOME_SIGNALING_BY_NOTCH,236
REACTOME_TELOMERE_MAINTENANCE,210
REACTOME_GAP_JUNCTION_TRAFFICKING_AND_REGULATION,237
REACTOME_METABOLISM_OF_NUCLEOTIDES,238
REACTOME_MITOCHONDRIAL_BIOGENESIS,239
REACTOME_TRANSPORT_OF_THE_SLBP_DEPENDANT_MATURE_MRNA,206
REACTOME_TRANSPORT_OF_MATURE_MRNAS_DERIVED_FROM_INTRONLESS_TRANSCRIPTS,206
REACTOME_ACTIVATION_OF_MATRIX_METALLOPROTEINASES,240
REACTOME_RECYCLING_OF_BILE_ACIDS_AND_SALTS,241
REACTOME_ZBP1_DAI_MEDIATED_INDUCTION_OF_TYPE_I_IFNS,242
REACTOME_SULFUR_AMINO_ACID_METABOLISM,243
REACTOME_HIV_LIFE_CYCLE,244
REACTOME_BUDDING_AND_MATURATION_OF_HIV_VIRION,245
REACTOME_SYNTHESIS_OF_GLYCOSYLPHOSPHATIDYLINOSITOL_GPI,55
REACTOME_HIV_INFECTION,244
REACTOME_HOST_INTERACTIONS_OF_HIV_FACTORS,244
REACTOME_GLYCOSAMINOGLYCAN_METABOLISM,246
REACTOME_POST_TRANSLATIONAL_MODIFICATION_SYNTHESIS_OF_GPI_ANCHORED_PROTEINS,247
REACTOME_RESPIRATORY_ELECTRON_TRANSPORT_ATP_SYNTHESIS_BY_CHEMIOSMOTIC_COUPLING_AND_HEAT_PRODUCTION_BY_UNCOUPLING_PROTEINS,86
REACTOME_GLUCAGON_SIGNALING_IN_METABOLIC_REGULATION,216
REACTOME_TRIGLYCERIDE_CATABOLISM,248
REACTOME_INTEGRATION_OF_ENERGY_METABOLISM,249
REACTOME_KERATAN_SULFATE_KERATIN_METABOLISM,53
REACTOME_HEPARAN_SULFATE_HEPARIN_HS_GAG_METABOLISM,250
REACTOME_GAMMA_CARBOXYLATION_HYPUSINE_FORMATION_AND_ARYLSULFATASE_ACTIVATION,251
REACTOME_SIGNALING_BY_EGFR_IN_CANCER,212
REACTOME_PKA_ACTIVATION_IN_GLUCAGON_SIGNALLING,197
REACTOME_NEF_MEDIATES_DOWN_MODULATION_OF_CELL_SURFACE_RECEPTORS_BY_RECRUITING_THEM_TO_CLATHRIN_ADAPTERS,252
REACTOME_THE_ROLE_OF_NEF_IN_HIV_1_REPLICATION_AND_DISEASE_PATHOGENESIS,252
REACTOME_COLLAGEN_BIOSYNTHESIS_AND_MODIFYING_ENZYMES,225
REACTOME_MTOR_SIGNALLING,253
REACTOME_REGULATION_OF_CHOLESTEROL_BIOSYNTHESIS_BY_SREBP_SREBF,254
REACTOME_SYNTHESIS_OF_PIPS_AT_THE_PLASMA_MEMBRANE,230
REACTOME_SYNTHESIS_OF_PIPS_AT_THE_GOLGI_MEMBRANE,255
REACTOME_SYNTHESIS_OF_PIPS_AT_THE_EARLY_ENDOSOME_MEMBRANE,255
REACTOME_SPHINGOLIPID_DE_NOVO_BIOSYNTHESIS,59
REACTOME_GLYCOSPHINGOLIPID_METABOLISM,256
REACTOME_MYD88_INDEPENDENT_TLR4_CASCADE,257
REACTOME_MTORC1_MEDIATED_SIGNALLING,253
REACTOME_SIGNALING_BY_NTRKS,258
REACTOME_COMPLEMENT_CASCADE,259
REACTOME_INITIAL_TRIGGERING_OF_COMPLEMENT,259
REACTOME_CREATION_OF_C4_AND_C2_ACTIVATORS,259
REACTOME_SIGNALLING_TO_RAS,260
REACTOME_HIV_TRANSCRIPTION_INITIATION,65
REACTOME_HIV_TRANSCRIPTION_ELONGATION,200
REACTOME_TRANSCRIPTION_OF_THE_HIV_GENOME,65
REACTOME_ABORTIVE_ELONGATION_OF_HIV_1_TRANSCRIPT_IN_THE_ABSENCE_OF_TAT,200
REACTOME_HIV_ELONGATION_ARREST_AND_RECOVERY,200
REACTOME_TOLL_LIKE_RECEPTOR_9_TLR9_CASCADE,257
REACTOME_TOLL_LIKE_RECEPTOR_TLR1_TLR2_CASCADE,257
REACTOME_INFLUENZA_INFECTION,115
REACTOME_EXPORT_OF_VIRAL_RIBONUCLEOPROTEINS_FROM_NUCLEUS,206
REACTOME_NS1_MEDIATED_EFFECTS_ON_HOST_PATHWAYS,206
REACTOME_VIRAL_MESSENGER_RNA_SYNTHESIS,206
REACTOME_NOD1_2_SIGNALING_PATHWAY,261
REACTOME_NUCLEOTIDE_BINDING_DOMAIN_LEUCINE_RICH_REPEAT_CONTAINING_RECEPTOR_NLR_SIGNALING_PATHWAYS,261
REACTOME_TOLL_LIKE_RECEPTOR_CASCADES,257
REACTOME_TICAM1_RIP1_MEDIATED_IKK_COMPLEX_RECRUITMENT,262
REACTOME_DDX58_IFIH1_MEDIATED_INDUCTION_OF_INTERFERON_ALPHA_BETA,159
REACTOME_REGULATION_OF_GLUCOKINASE_BY_GLUCOKINASE_REGULATORY_PROTEIN,206
REACTOME_SIGNALING_BY_TGF_BETA_RECEPTOR_COMPLEX,263
REACTOME_TELOMERE_EXTENSION_BY_TELOMERASE,264
REACTOME_APC_C_CDC20_MEDIATED_DEGRADATION_OF_CYCLIN_B,223
REACTOME_APC_C_MEDIATED_DEGRADATION_OF_CELL_CYCLE_PROTEINS,120
REACTOME_APC_C_CDH1_MEDIATED_DEGRADATION_OF_CDC20_AND_OTHER_APC_C_CDH1_TARGETED_PROTEINS_IN_LATE_MITOSIS_EARLY_G1,120
REACTOME_POLYMERASE_SWITCHING_ON_THE_C_STRAND_OF_THE_TELOMERE,118
REACTOME_PROCESSIVE_SYNTHESIS_ON_THE_C_STRAND_OF_THE_TELOMERE,118
REACTOME_TELOMERE_C_STRAND_LAGGING_STRAND_SYNTHESIS,118
REACTOME_PLASMA_LIPOPROTEIN_ASSEMBLY_REMODELING_AND_CLEARANCE,265
REACTOME_ASSEMBLY_OF_THE_HIV_VIRION,266
REACTOME_INTERACTIONS_OF_VPR_WITH_HOST_CELLULAR_PROTEINS,206
REACTOME_ACTIVATION_OF_ATR_IN_RESPONSE_TO_REPLICATION_STRESS,267
REACTOME_CONVERSION_FROM_APC_C_CDC20_TO_APC_C_CDH1_IN_LATE_ANAPHASE,223
REACTOME_PHOSPHORYLATION_OF_THE_APC_C,223
REACTOME_INTERACTIONS_OF_REV_WITH_HOST_CELLULAR_PROTEINS,206
REACTOME_SIGNALING_BY_EGFR,268
REACTOME_CHONDROITIN_SULFATE_DERMATAN_SULFATE_METABOLISM,250
REACTOME_APC_CDC20_MEDIATED_DEGRADATION_OF_NEK2A,223
REACTOME_SRP_DEPENDENT_COTRANSLATIONAL_PROTEIN_TARGETING_TO_MEMBRANE,115
REACTOME_DARPP_32_EVENTS,269
REACTOME_GAB1_SIGNALOSOME,270
REACTOME_NUCLEAR_IMPORT_OF_REV_PROTEIN,206
REACTOME_EXTENSION_OF_TELOMERES,118
REACTOME_RIP_MEDIATED_NFKB_ACTIVATION_VIA_ZBP1,242
REACTOME_SEROTONIN_NEUROTRANSMITTER_RELEASE_CYCLE,198
REACTOME_NOREPINEPHRINE_NEUROTRANSMITTER_RELEASE_CYCLE,198
REACTOME_EGFR_DOWNREGULATION,268
REACTOME_CYTOSOLIC_SENSORS_OF_PATHOGEN_ASSOCIATED_DNA,271
REACTOME_SIGNALING_BY_CYTOSOLIC_FGFR1_FUSION_MUTANTS,272
REACTOME_FGFR1_MUTANT_RECEPTOR_ACTIVATION,272
REACTOME_FGFR2_MUTANT_RECEPTOR_ACTIVATION,201
REACTOME_ORGANELLE_BIOGENESIS_AND_MAINTENANCE,273
REACTOME_SYNTHESIS_OF_IP3_AND_IP4_IN_THE_CYTOSOL,103
REACTOME_REGULATION_OF_BETA_CELL_DEVELOPMENT,177
REACTOME_DOWNSTREAM_SIGNAL_TRANSDUCTION,274
REACTOME_SIGNALING_BY_PDGF,274
REACTOME_SCF_SKP2_MEDIATED_DEGRADATION_OF_P27_P21,120
REACTOME_SIGNALLING_TO_ERKS,260
REACTOME_CELLULAR_HEXOSE_TRANSPORT,275
REACTOME_METABOLISM_OF_PORPHYRINS,276
REACTOME_SIGNALING_BY_FGFR,201
REACTOME_FGFR2_LIGAND_BINDING_AND_ACTIVATION,201
REACTOME_FGFR1_LIGAND_BINDING_AND_ACTIVATION,201
REACTOME_GAP_JUNCTION_ASSEMBLY,237
REACTOME_TRANSPORT_OF_CONNEXONS_TO_THE_PLASMA_MEMBRANE,237
REACTOME_PRE_NOTCH_PROCESSING_IN_GOLGI,277
REACTOME_PRE_NOTCH_EXPRESSION_AND_PROCESSING,236
REACTOME_CHOLESTEROL_BIOSYNTHESIS,83
REACTOME_SNRNP_ASSEMBLY,206
REACTOME_SYNTHESIS_OF_BILE_ACIDS_AND_BILE_SALTS,84
REACTOME_SYNTHESIS_OF_BILE_ACIDS_AND_BILE_SALTS_VIA_7ALPHA_HYDROXYCHOLESTEROL,84
REACTOME_P75NTR_SIGNALS_VIA_NF_KB,278
REACTOME_NRAGE_SIGNALS_DEATH_THROUGH_JNK,279
REACTOME_P75_NTR_RECEPTOR_MEDIATED_SIGNALLING,279
REACTOME_SYNTHESIS_OF_BILE_ACIDS_AND_BILE_SALTS_VIA_27_HYDROXYCHOLESTEROL,84
REACTOME_BILE_ACID_AND_BILE_SALT_METABOLISM,84
REACTOME_SIGNALING_BY_VEGF,280
REACTOME_DEGRADATION_OF_BETA_CATENIN_BY_THE_DESTRUCTION_COMPLEX,120
REACTOME_METABOLISM_OF_STEROID_HORMONES,281
REACTOME_BETA_CATENIN_PHOSPHORYLATION_CASCADE,282
REACTOME_GRB2_EVENTS_IN_ERBB2_SIGNALING,211
REACTOME_PI3K_EVENTS_IN_ERBB2_SIGNALING,211
REACTOME_COBALAMIN_CBL_VITAMIN_B12_TRANSPORT_AND_METABOLISM,283
REACTOME_METABOLISM_OF_FOLATE_AND_PTERINES,108
REACTOME_NICOTINATE_METABOLISM,284
REACTOME_METABOLISM_OF_WATER_SOLUBLE_VITAMINS_AND_COFACTORS,285
REACTOME_METABOLISM_OF_VITAMINS_AND_COFACTORS,285
REACTOME_A_TETRASACCHARIDE_LINKER_SEQUENCE_IS_REQUIRED_FOR_GAG_SYNTHESIS,250
REACTOME_NICOTINAMIDE_SALVAGING,284
REACTOME_SIGNALING_BY_NOTCH1,286
REACTOME_SIGNALING_BY_NOTCH2,287
REACTOME_NUCLEAR_EVENTS_KINASE_AND_TRANSCRIPTION_FACTOR_ACTIVATION,258
REACTOME_ERK_MAPK_TARGETS,288
REACTOME_IMMUNOREGULATORY_INTERACTIONS_BETWEEN_A_LYMPHOID_AND_A_NON_LYMPHOID_CELL,289
REACTOME_VITAMIN_B5_PANTOTHENATE_METABOLISM,63
REACTOME_NEGATIVE_REGULATION_OF_THE_PI3K_AKT_NETWORK,290
REACTOME_ER_TO_GOLGI_ANTEROGRADE_TRANSPORT,291
REACTOME_TRANS_GOLGI_NETWORK_VESICLE_BUDDING,292
REACTOME_SIGNALING_BY_BMP,293
REACTOME_SIGNALING_BY_ALK,294
REACTOME_TCF_DEPENDENT_SIGNALING_IN_RESPONSE_TO_WNT,236
REACTOME_FORMATION_OF_THE_BETA_CATENIN_TCF_TRANSACTIVATING_COMPLEX,210
REACTOME_G_PROTEIN_ACTIVATION,216
REACTOME_METABOLISM_OF_NITRIC_OXIDE_NOS3_ACTIVATION_AND_REGULATION,295
REACTOME_ASSEMBLY_OF_COLLAGEN_FIBRILS_AND_OTHER_MULTIMERIC_STRUCTURES,225
REACTOME_METABOLISM_OF_ANGIOTENSINOGEN_TO_ANGIOTENSINS,69
REACTOME_KERATAN_SULFATE_BIOSYNTHESIS,53
REACTOME_CHONDROITIN_SULFATE_BIOSYNTHESIS,101
REACTOME_HS_GAG_BIOSYNTHESIS,250
REACTOME_TCR_SIGNALING,120
REACTOME_HS_GAG_DEGRADATION,250
REACTOME_GENERATION_OF_SECOND_MESSENGER_MOLECULES,296
REACTOME_CELL_SURFACE_INTERACTIONS_AT_THE_VASCULAR_WALL,297
REACTOME_SIGNALING_BY_HIPPO,298
REACTOME_FCGAMMA_RECEPTOR_FCGR_DEPENDENT_PHAGOCYTOSIS,259
REACTOME_FCGR_ACTIVATION,259
REACTOME_ROLE_OF_PHOSPHOLIPIDS_IN_PHAGOCYTOSIS,259
REACTOME_MICRORNA_MIRNA_BIOGENESIS,299
REACTOME_COPII_MEDIATED_VESICLE_TRANSPORT,300
REACTOME_REGULATION_OF_PYRUVATE_DEHYDROGENASE_PDH_COMPLEX,301
REACTOME_CELL_DEATH_SIGNALLING_VIA_NRAGE_NRIF_AND_NADE,279
REACTOME_NRIF_SIGNALS_CELL_DEATH_FROM_THE_NUCLEUS,278
REACTOME_METABOLISM_OF_AMINE_DERIVED_HORMONES,302
REACTOME_GLUTAMATE_NEUROTRANSMITTER_RELEASE_CYCLE,198
REACTOME_REGULATION_OF_GENE_EXPRESSION_IN_LATE_STAGE_BRANCHING_MORPHOGENESIS_PANCREATIC_BUD_PRECURSOR_CELLS,303
REACTOME_REGULATION_OF_GENE_EXPRESSION_IN_BETA_CELLS,177
REACTOME_BASIGIN_INTERACTIONS,304
REACTOME_TIE2_SIGNALING,305
REACTOME_GENE_SILENCING_BY_RNA,306
REACTOME_BIOLOGICAL_OXIDATIONS,232
REACTOME_CYTOCHROME_P450_ARRANGED_BY_SUBSTRATE_TYPE,307
REACTOME_PHASE_I_FUNCTIONALIZATION_OF_COMPOUNDS,307
REACTOME_ENDOGENOUS_STEROLS,307
REACTOME_XENOBIOTICS,308
REACTOME_EPIGENETIC_REGULATION_OF_GENE_EXPRESSION,210
REACTOME_NOTCH1_INTRACELLULAR_DOMAIN_REGULATES_TRANSCRIPTION,286
REACTOME_ACTIVATED_NOTCH1_TRANSMITS_SIGNAL_TO_THE_NUCLEUS,287
REACTOME_DOPAMINE_NEUROTRANSMITTER_RELEASE_CYCLE,198
REACTOME_MOLECULES_ASSOCIATED_WITH_ELASTIC_FIBRES,234
REACTOME_MHC_CLASS_II_ANTIGEN_PRESENTATION,309
REACTOME_SYNTHESIS_OF_LEUKOTRIENES_LT_AND_EOXINS_EX,310
REACTOME_ARACHIDONIC_ACID_METABOLISM,58
REACTOME_HYALURONAN_METABOLISM,311
REACTOME_TRANSCRIPTIONAL_ACTIVATION_OF_MITOCHONDRIAL_BIOGENESIS,239
REACTOME_INTEGRIN_CELL_SURFACE_INTERACTIONS,150
REACTOME_SCAVENGING_OF_HEME_FROM_PLASMA,259
REACTOME_DAP12_INTERACTIONS,312
REACTOME_BINDING_AND_UPTAKE_OF_LIGANDS_BY_SCAVENGER_RECEPTORS,259
REACTOME_DOWNREGULATION_OF_TGF_BETA_RECEPTOR_SIGNALING,313
REACTOME_TGF_BETA_RECEPTOR_SIGNALING_ACTIVATES_SMADS,313
REACTOME_TGF_BETA_RECEPTOR_SIGNALING_IN_EMT_EPITHELIAL_TO_MESENCHYMAL_TRANSITION,314
REACTOME_TRANSCRIPTIONAL_ACTIVITY_OF_SMAD2_SMAD3_SMAD4_HETEROTRIMER,263
REACTOME_DOWNREGULATION_OF_SMAD2_3_SMAD4_TRANSCRIPTIONAL_ACTIVITY,263
REACTOME_SMAD2_SMAD3_SMAD4_HETEROTRIMER_REGULATES_TRANSCRIPTION,263
REACTOME_VISUAL_PHOTOTRANSDUCTION,315
REACTOME_ANCHORING_FIBRIL_FORMATION,316
REACTOME_PI3K_AKT_SIGNALING_IN_CANCER,290
REACTOME_CONSTITUTIVE_SIGNALING_BY_ABERRANT_PI3K_IN_CANCER,290
REACTOME_CROSSLINKING_OF_COLLAGEN_FIBRILS,316
REACTOME_SIGNALING_BY_TYPE_1_INSULIN_LIKE_GROWTH_FACTOR_1_RECEPTOR_IGF1R,201
REACTOME_SELENOAMINO_ACID_METABOLISM,115
REACTOME_DAP12_SIGNALING,312
REACTOME_ACTIVATION_OF_GENE_EXPRESSION_BY_SREBF_SREBP,254
REACTOME_THE_CANONICAL_RETINOID_CYCLE_IN_RODS_TWILIGHT_VISION,317
REACTOME_FC_EPSILON_RECEPTOR_FCERI_SIGNALING,120
REACTOME_SEPARATION_OF_SISTER_CHROMATIDS,318
REACTOME_RESOLUTION_OF_SISTER_CHROMATID_COHESION,318
REACTOME_THE_PHOTOTRANSDUCTION_CASCADE,319
REACTOME_MITOTIC_METAPHASE_AND_ANAPHASE,318
REACTOME_OXIDATIVE_STRESS_INDUCED_SENESCENCE,210
REACTOME_SENESCENCE_ASSOCIATED_SECRETORY_PHENOTYPE_SASP,210
REACTOME_CELLULAR_SENESCENCE,210
REACTOME_ONCOGENE_INDUCED_SENESCENCE,320
REACTOME_DNA_DAMAGE_TELOMERE_STRESS_INDUCED_SENESCENCE,210
REACTOME_REGULATION_OF_PLK1_ACTIVITY_AT_G2_M_TRANSITION,273
REACTOME_SIGNALING_BY_NOTCH1_PEST_DOMAIN_MUTANTS_IN_CANCER,286
REACTOME_ACETYLCHOLINE_NEUROTRANSMITTER_RELEASE_CYCLE,198
REACTOME_INSULIN_PROCESSING,321
REACTOME_STIMULI_SENSING_CHANNELS,322
REACTOME_EPH_EPHRIN_SIGNALING,323
REACTOME_SIGNALING_BY_NOTCH1_HD_DOMAIN_MUTANTS_IN_CANCER,287
REACTOME_ROLE_OF_LAT2_NTAL_LAB_ON_CALCIUM_MOBILIZATION,259
REACTOME_FCERI_MEDIATED_MAPK_ACTIVATION,259
REACTOME_FCERI_MEDIATED_CA_2_MOBILIZATION,259
REACTOME_FCERI_MEDIATED_NF_KB_ACTIVATION,120
REACTOME_NOTCH2_ACTIVATION_AND_TRANSMISSION_OF_SIGNAL_TO_THE_NUCLEUS,287
REACTOME_PEPTIDE_HORMONE_METABOLISM,324
REACTOME_NUCLEAR_ENVELOPE_BREAKDOWN,206
REACTOME_SUMOYLATION,325
REACTOME_INITIATION_OF_NUCLEAR_ENVELOPE_NE_REFORMATION,326
REACTOME_NUCLEAR_ENVELOPE_NE_REASSEMBLY,327
REACTOME_LAMININ_INTERACTIONS,328
REACTOME_SYNDECAN_INTERACTIONS,329
REACTOME_NON_INTEGRIN_MEMBRANE_ECM_INTERACTIONS,329
REACTOME_ECM_PROTEOGLYCANS,150
REACTOME_SCAVENGING_BY_CLASS_A_RECEPTORS,330
REACTOME_SUMOYLATION_OF_DNA_DAMAGE_RESPONSE_AND_REPAIR_PROTEINS,206
REACTOME_HDACS_DEACETYLATE_HISTONES,210
REACTOME_PKMTS_METHYLATE_HISTONE_LYSINES,331
REACTOME_HDMS_DEMETHYLATE_HISTONES,332
REACTOME_HATS_ACETYLATE_HISTONES,333
REACTOME_RMTS_METHYLATE_HISTONE_ARGININES,334
REACTOME_GLYCOGEN_STORAGE_DISEASES,335
REACTOME_SUMOYLATION_OF_TRANSCRIPTION_FACTORS,336
REACTOME_SUMOYLATION_OF_UBIQUITINYLATION_PROTEINS,206
REACTOME_WNT_LIGAND_BIOGENESIS_AND_TRAFFICKING,145
REACTOME_CHROMATIN_MODIFYING_ENZYMES,333
REACTOME_TRP_CHANNELS,337
REACTOME_DEFECTS_IN_VITAMIN_AND_COFACTOR_METABOLISM,283
REACTOME_DETOXIFICATION_OF_REACTIVE_OXYGEN_SPECIES,338
REACTOME_NUCLEAR_PORE_COMPLEX_NPC_DISASSEMBLY,206
REACTOME_GLYCOGEN_SYNTHESIS,335
REACTOME_REGULATION_OF_HSF1_MEDIATED_HEAT_SHOCK_RESPONSE,339
REACTOME_HSP90_CHAPERONE_CYCLE_FOR_STEROID_HORMONE_RECEPTORS_SHR_IN_THE_PRESENCE_OF_LIGAND,340
REACTOME_HSF1_ACTIVATION,341
REACTOME_CELLULAR_RESPONSE_TO_HEAT_STRESS,339
REACTOME_ATTENUATION_PHASE,341
REACTOME_HSF1_DEPENDENT_TRANSACTIVATION,341
REACTOME_NOTCH_HLH_TRANSCRIPTION_PATHWAY,286
REACTOME_METABOLISM_OF_POLYAMINES,120
REACTOME_AMINO_ACID_TRANSPORT_ACROSS_THE_PLASMA_MEMBRANE,342
REACTOME_INTEGRIN_SIGNALING,343
REACTOME_GRB2_SOS_PROVIDES_LINKAGE_TO_MAPK_SIGNALING_FOR_INTEGRINS,343
REACTOME_DISEASES_ASSOCIATED_WITH_GLYCOSAMINOGLYCAN_METABOLISM,250
REACTOME_DEFECTIVE_B4GALT7_CAUSES_EDS_PROGEROID_TYPE,250
REACTOME_P130CAS_LINKAGE_TO_MAPK_SIGNALING_FOR_INTEGRINS,343
REACTOME_CLASS_B_2_SECRETIN_FAMILY_RECEPTORS,344
REACTOME_NETRIN_1_SIGNALING,345
REACTOME_NEPHRIN_FAMILY_INTERACTIONS,346
REACTOME_SEMAPHORIN_INTERACTIONS,347
REACTOME_L1CAM_INTERACTIONS,348
REACTOME_NCAM_SIGNALING_FOR_NEURITE_OUT_GROWTH,349
REACTOME_PEPTIDE_LIGAND_BINDING_RECEPTORS,350
REACTOME_AMINE_LIGAND_BINDING_RECEPTORS,351
REACTOME_SIGNALING_BY_ROBO_RECEPTORS,115
REACTOME_DEACTIVATION_OF_THE_BETA_CATENIN_TRANSACTIVATING_COMPLEX,352
REACTOME_DISEASES_ASSOCIATED_WITH_N_GLYCOSYLATION_OF_PROTEINS,353
REACTOME_DISEASES_OF_GLYCOSYLATION,354
REACTOME_TRNA_AMINOACYLATION,64
REACTOME_MITOCHONDRIAL_TRNA_AMINOACYLATION,64
REACTOME_CHEMOKINE_RECEPTORS_BIND_CHEMOKINES,355
REACTOME_RECRUITMENT_OF_MITOTIC_CENTROSOME_PROTEINS_AND_COMPLEXES,273
REACTOME_RECRUITMENT_OF_NUMA_TO_MITOTIC_CENTROSOMES,273
REACTOME_ENERGY_DEPENDENT_REGULATION_OF_MTOR_BY_LKB1_AMPK,253
REACTOME_ATF4_ACTIVATES_GENES_IN_RESPONSE_TO_ENDOPLASMIC_RETICULUM_STRESS,356
REACTOME_PERK_REGULATES_GENE_EXPRESSION,356
REACTOME_IRE1ALPHA_ACTIVATES_CHAPERONES,357
REACTOME_UNFOLDED_PROTEIN_RESPONSE_UPR,357
REACTOME_TRANSCRIPTIONAL_REGULATION_OF_WHITE_ADIPOCYTE_DIFFERENTIATION,358
REACTOME_REGULATION_OF_INSULIN_LIKE_GROWTH_FACTOR_IGF_TRANSPORT_AND_UPTAKE_BY_INSULIN_LIKE_GROWTH_FACTOR_BINDING_PROTEINS_IGFBPS,359
REACTOME_GLUCAGON_LIKE_PEPTIDE_1_GLP1_REGULATES_INSULIN_SECRETION,216
REACTOME_OLFACTORY_SIGNALING_PATHWAY,360
REACTOME_SYNTHESIS_SECRETION_AND_INACTIVATION_OF_GLUCAGON_LIKE_PEPTIDE_1_GLP_1,361
REACTOME_ABC_FAMILY_PROTEINS_MEDIATED_TRANSPORT,120
REACTOME_NUCLEAR_RECEPTOR_TRANSCRIPTION_PATHWAY,362
REACTOME_BETA_CATENIN_INDEPENDENT_WNT_SIGNALING,363
REACTOME_COSTIMULATION_BY_THE_CD28_FAMILY,364
REACTOME_RECEPTOR_TYPE_TYROSINE_PROTEIN_PHOSPHATASES,365
REACTOME_CD28_CO_STIMULATION,364
REACTOME_CD28_DEPENDENT_PI3K_AKT_SIGNALING,364
REACTOME_CTLA4_INHIBITORY_SIGNALING,366
REACTOME_GLYOXYLATE_METABOLISM_AND_GLYCINE_DEGRADATION,367
REACTOME_SUMOYLATION_OF_TRANSCRIPTION_COFACTORS,368
REACTOME_PD_1_SIGNALING,296
REACTOME_COOPERATION_OF_PREFOLDIN_AND_TRIC_CCT_IN_ACTIN_AND_TUBULIN_FOLDING,237
REACTOME_FORMATION_OF_TUBULIN_FOLDING_INTERMEDIATES_BY_CCT_TRIC,237
REACTOME_POST_CHAPERONIN_TUBULIN_FOLDING_PATHWAY,237
REACTOME_ASSOCIATION_OF_TRIC_CCT_WITH_TARGET_PROTEINS_DURING_BIOSYNTHESIS,369
REACTOME_STRIATED_MUSCLE_CONTRACTION,370
REACTOME_DISEASES_ASSOCIATED_WITH_O_GLYCOSYLATION_OF_PROTEINS,371
REACTOME_PEROXISOMAL_LIPID_METABOLISM,372
REACTOME_SIGNAL_REGULATORY_PROTEIN_FAMILY_INTERACTIONS,373
REACTOME_PROTEIN_FOLDING,369
REACTOME_EICOSANOID_LIGAND_BINDING_RECEPTORS,374
REACTOME_NITRIC_OXIDE_STIMULATES_GUANYLATE_CYCLASE,375
REACTOME_ADP_SIGNALLING_THROUGH_P2Y_PURINOCEPTOR_12,216
REACTOME_G_BETA_GAMMA_SIGNALLING_THROUGH_PI3KGAMMA,216
REACTOME_RAP1_SIGNALLING,376
REACTOME_SIGNAL_AMPLIFICATION,216
REACTOME_PROSTACYCLIN_SIGNALLING_THROUGH_PROSTACYCLIN_RECEPTOR,216
REACTOME_EPHB_MEDIATED_FORWARD_SIGNALING,377
REACTOME_EPHA_MEDIATED_GROWTH_CONE_COLLAPSE,323
REACTOME_EPHRIN_SIGNALING,378
REACTOME_EPH_EPHRIN_MEDIATED_REPULSION_OF_CELLS,323
REACTOME_MUSCLE_CONTRACTION,379
REACTOME_G_PROTEIN_BETA_GAMMA_SIGNALLING,216
REACTOME_TRAFFICKING_OF_AMPA_RECEPTORS,380
REACTOME_SEMA3A_PAK_DEPENDENT_AXON_REPULSION,381
REACTOME_CRMPS_IN_SEMA3A_SIGNALING,381
REACTOME_ADRENALINE_NORADRENALINE_INHIBITS_INSULIN_SECRETION,216
REACTOME_REGULATION_OF_LIPID_METABOLISM_BY_PPARALPHA,358
REACTOME_CIRCADIAN_CLOCK,219
REACTOME_INCRETIN_SYNTHESIS_SECRETION_AND_INACTIVATION,361
REACTOME_SEMA4D_IN_SEMAPHORIN_SIGNALING,382
REACTOME_SIALIC_ACID_METABOLISM,383
REACTOME_SUMOYLATION_OF_SUMOYLATION_PROTEINS,206
REACTOME_CA2_PATHWAY,363
REACTOME_PCP_CE_PATHWAY,120
REACTOME_SUMOYLATION_OF_INTRACELLULAR_RECEPTORS,362
REACTOME_G_ALPHA_Q_SIGNALLING_EVENTS,384
REACTOME_G_ALPHA_12_13_SIGNALLING_EVENTS,279
REACTOME_SEMA4D_INDUCED_CELL_MIGRATION_AND_GROWTH_CONE_COLLAPSE,382
REACTOME_OTHER_SEMAPHORIN_INTERACTIONS,385
REACTOME_TRAFFICKING_OF_GLUR2_CONTAINING_AMPA_RECEPTORS,380
REACTOME_NUCLEOTIDE_LIKE_PURINERGIC_RECEPTORS,386
REACTOME_PLATELET_HOMEOSTASIS,387
REACTOME_PLATELET_CALCIUM_HOMEOSTASIS,220
REACTOME_CGMP_EFFECTS,375
REACTOME_G_ALPHA_S_SIGNALLING_EVENTS,388
REACTOME_ADP_SIGNALLING_THROUGH_P2Y_PURINOCEPTOR_1,216
REACTOME_G_ALPHA_Z_SIGNALLING_EVENTS,216
REACTOME_ADHERENS_JUNCTIONS_INTERACTIONS,231
REACTOME_NCAM1_INTERACTIONS,349
REACTOME_TIGHT_JUNCTION_INTERACTIONS,389
REACTOME_GLUCAGON_TYPE_LIGAND_RECEPTORS,216
REACTOME_CLASS_C_3_METABOTROPIC_GLUTAMATE_PHEROMONE_RECEPTORS,70
REACTOME_CELL_CELL_JUNCTION_ORGANIZATION,231
REACTOME_SYNTHESIS_SECRETION_AND_DEACYLATION_OF_GHRELIN,390
REACTOME_REGULATION_OF_INSULIN_SECRETION,249
REACTOME_TRANSPORT_OF_BILE_SALTS_AND_ORGANIC_ACIDS_METAL_IONS_AND_AMINE_COMPOUNDS,391
REACTOME_TRANSPORT_OF_INORGANIC_CATIONS_ANIONS_AND_AMINO_ACIDS_OLIGOPEPTIDES,392
REACTOME_TRANSPORT_OF_VITAMINS_NUCLEOSIDES_AND_RELATED_MOLECULES,393
REACTOME_SLC_MEDIATED_TRANSMEMBRANE_TRANSPORT,392
REACTOME_METAL_ION_SLC_TRANSPORTERS,394
REACTOME_ERCC6_CSB_AND_EHMT2_G9A_POSITIVELY_REGULATE_RRNA_EXPRESSION,210
REACTOME_SPHINGOLIPID_METABOLISM,59
REACTOME_THROMBOXANE_SIGNALLING_THROUGH_TP_RECEPTOR,216
REACTOME_DEADENYLATION_DEPENDENT_MRNA_DECAY,116
REACTOME_DEADENYLATION_OF_MRNA,395
REACTOME_MRNA_DECAY_BY_5_TO_3_EXORIBONUCLEASE,396
REACTOME_VASOPRESSIN_REGULATES_RENAL_WATER_HOMEOSTASIS_VIA_AQUAPORINS,216
REACTOME_PLATELET_SENSITIZATION_BY_LDL,366
REACTOME_LYSOSOME_VESICLE_BIOGENESIS,292
REACTOME_GOLGI_ASSOCIATED_VESICLE_BIOGENESIS,292
REACTOME_ZINC_TRANSPORTERS,394
REACTOME_RECYCLING_PATHWAY_OF_L1,348
REACTOME_UNBLOCKING_OF_NMDA_RECEPTORS_GLUTAMATE_BINDING_AND_ACTIVATION,397
REACTOME_DEPOLYMERISATION_OF_THE_NUCLEAR_LAMINA,326
REACTOME_NA_CL_DEPENDENT_NEUROTRANSMITTER_TRANSPORTERS,398
REACTOME_CREB1_PHOSPHORYLATION_THROUGH_NMDA_RECEPTOR_MEDIATED_ACTIVATION_OF_RAS_SIGNALING,397
REACTOME_ACTIVATION_OF_NMDA_RECEPTORS_AND_POSTSYNAPTIC_EVENTS,399
REACTOME_RAS_ACTIVATION_UPON_CA2_INFLUX_THROUGH_NMDA_RECEPTOR,397
REACTOME_INTERACTION_BETWEEN_L1_AND_ANKYRINS,400
REACTOME_SIGNAL_TRANSDUCTION_BY_L1,401
REACTOME_SMOOTH_MUSCLE_CONTRACTION,402
REACTOME_AQUAPORIN_MEDIATED_TRANSPORT,216
REACTOME_TAK1_ACTIVATES_NFKB_BY_PHOSPHORYLATION_AND_ACTIVATION_OF_IKKS_COMPLEX,261
REACTOME_BIOSYNTHESIS_OF_THE_N_GLYCAN_PRECURSOR_DOLICHOL_LIPID_LINKED_OLIGOSACCHARIDE_LLO_AND_TRANSFER_TO_A_NASCENT_PROTEIN,383
REACTOME_SYNTHESIS_OF_SUBSTRATES_IN_N_GLYCAN_BIOSYTHESIS,383
REACTOME_CELL_EXTRACELLULAR_MATRIX_INTERACTIONS,403
REACTOME_INTERLEUKIN_1_FAMILY_SIGNALING,120
REACTOME_CELL_JUNCTION_ORGANIZATION,231
REACTOME_INTERLEUKIN_12_FAMILY_SIGNALING,404
REACTOME_INTERLEUKIN_17_SIGNALING,257
REACTOME_OTHER_INTERLEUKIN_SIGNALING,405
REACTOME_MAPK_TARGETS_NUCLEAR_EVENTS_MEDIATED_BY_MAP_KINASES,288
REACTOME_ACTIVATED_TAK1_MEDIATES_P38_MAPK_ACTIVATION,261
REACTOME_JNK_C_JUN_KINASES_PHOSPHORYLATION_AND_ACTIVATION_MEDIATED_BY_ACTIVATED_HUMAN_TAK1,261
REACTOME_BUTYRATE_RESPONSE_FACTOR_1_BRF1_BINDS_AND_DESTABILIZES_MRNA,406
REACTOME_AUF1_HNRNP_D0_BINDS_AND_DESTABILIZES_MRNA,120
REACTOME_TRISTETRAPROLIN_TTP_ZFP36_BINDS_AND_DESTABILIZES_MRNA,406
REACTOME_REGULATION_OF_MRNA_STABILITY_BY_PROTEINS_THAT_BIND_AU_RICH_ELEMENTS,120
REACTOME_KSRP_KHSRP_BINDS_AND_DESTABILIZES_MRNA,406
REACTOME_ACTIVATION_OF_KAINATE_RECEPTORS_UPON_GLUTAMATE_BINDING,216
REACTOME_INTERLEUKIN_2_FAMILY_SIGNALING,407
REACTOME_TRANSCRIPTIONAL_REGULATION_OF_PLURIPOTENT_STEM_CELLS,408
REACTOME_MITOTIC_G2_G2_M_PHASES,273
REACTOME_MITOTIC_G1_PHASE_AND_G1_S_TRANSITION,409
REACTOME_SUMOYLATION_OF_CHROMATIN_ORGANIZATION_PROTEINS,206
REACTOME_THROMBIN_SIGNALLING_THROUGH_PROTEINASE_ACTIVATED_RECEPTORS_PARS,216
REACTOME_SUMOYLATION_OF_RNA_BINDING_PROTEINS,206
REACTOME_ASYMMETRIC_LOCALIZATION_OF_PCP_PROTEINS,120
REACTOME_SUMOYLATION_OF_DNA_REPLICATION_PROTEINS,206
REACTOME_DEGRADATION_OF_AXIN,120
REACTOME_DEGRADATION_OF_DVL,120
REACTOME_DISASSEMBLY_OF_THE_DESTRUCTION_COMPLEX_AND_RECRUITMENT_OF_AXIN_TO_THE_MEMBRANE,282
REACTOME_REGULATION_OF_FZD_BY_UBIQUITINATION,410
REACTOME_SUMOYLATION_OF_DNA_METHYLATION_PROTEINS,411
REACTOME_SIGNALING_BY_WNT_IN_CANCER,282
REACTOME_SIGNALING_BY_CTNNB1_PHOSPHO_SITE_MUTANTS,282
REACTOME_INTERCONVERSION_OF_NUCLEOTIDE_DI_AND_TRIPHOSPHATES,412
REACTOME_PRESYNAPTIC_FUNCTION_OF_KAINATE_RECEPTORS,216
REACTOME_DEFECTIVE_GALNT3_CAUSES_HFTC,413
REACTOME_DEFECTIVE_C1GALT1C1_CAUSES_TNPS,413
REACTOME_WNT5A_DEPENDENT_INTERNALIZATION_OF_FZD4,414
REACTOME_INTERLEUKIN_3_INTERLEUKIN_5_AND_GM_CSF_SIGNALING,407
REACTOME_O_LINKED_GLYCOSYLATION,51
REACTOME_O_GLYCOSYLATION_OF_TSR_DOMAIN_CONTAINING_PROTEINS,371
REACTOME_MITOPHAGY,415
REACTOME_PINK1_PRKN_MEDIATED_MITOPHAGY,415
REACTOME_RIPK1_MEDIATED_REGULATED_NECROSIS,416
REACTOME_REGULATED_NECROSIS,416
REACTOME_VEGFR2_MEDIATED_VASCULAR_PERMEABILITY,417
REACTOME_VEGFR2_MEDIATED_CELL_PROLIFERATION,418
REACTOME_MISCELLANEOUS_TRANSPORT_AND_BINDING_EVENTS,419
REACTOME_POSITIVE_EPIGENETIC_REGULATION_OF_RRNA_EXPRESSION,210
REACTOME_B_WICH_COMPLEX_POSITIVELY_REGULATES_RRNA_EXPRESSION,210
REACTOME_NEGATIVE_EPIGENETIC_REGULATION_OF_RRNA_EXPRESSION,210
REACTOME_MYOGENESIS,420
REACTOME_DISEASES_OF_IMMUNE_SYSTEM,421
REACTOME_N_GLYCAN_TRIMMING_IN_THE_ER_AND_CALNEXIN_CALRETICULIN_CYCLE,422
REACTOME_UPTAKE_AND_ACTIONS_OF_BACTERIAL_TOXINS,423
REACTOME_CASPASE_ACTIVATION_VIA_EXTRINSIC_APOPTOTIC_SIGNALLING_PATHWAY,221
REACTOME_PROGRAMMED_CELL_DEATH,192
REACTOME_REGULATION_OF_TNFR1_SIGNALING,424
REACTOME_TNFR1_INDUCED_NFKAPPAB_SIGNALING_PATHWAY,424
REACTOME_HEDGEHOG_LIGAND_BIOGENESIS,120
REACTOME_SIGNALING_BY_HEDGEHOG,120
REACTOME_MISMATCH_REPAIR,118
REACTOME_SIGNALING_BY_RETINOIC_ACID,425
REACTOME_RA_BIOSYNTHESIS_PATHWAY,425
REACTOME_MITOCHONDRIAL_TRANSLATION,426
REACTOME_AFLATOXIN_ACTIVATION_AND_DETOXIFICATION,427
REACTOME_PHASE_4_RESTING_MEMBRANE_POTENTIAL,428
REACTOME_CARDIAC_CONDUCTION,379
REACTOME_PHASE_0_RAPID_DEPOLARISATION,429
REACTOME_PHASE_2_PLATEAU_PHASE,430
REACTOME_TRANSCRIPTIONAL_REGULATION_BY_SMALL_RNAS,306
REACTOME_ION_HOMEOSTASIS,379
REACTOME_METABOLIC_DISORDERS_OF_BIOLOGICAL_OXIDATION_ENZYMES,431
REACTOME_PIWI_INTERACTING_RNA_PIRNA_BIOGENESIS,432
REACTOME_IRAK4_DEFICIENCY_TLR2_4,421
REACTOME_DECTIN_1_MEDIATED_NONCANONICAL_NF_KB_SIGNALING,120
REACTOME_CLEC7A_DECTIN_1_SIGNALING,120
REACTOME_DISEASES_ASSOCIATED_WITH_GLYCOSYLATION_PRECURSOR_BIOSYNTHESIS,433
REACTOME_DEGRADATION_OF_GLI1_BY_THE_PROTEASOME,120
REACTOME_HEDGEHOG_OFF_STATE,120
REACTOME_ACTIVATION_OF_ANTERIOR_HOX_GENES_IN_HINDBRAIN_DEVELOPMENT_DURING_EARLY_EMBRYOGENESIS,210
REACTOME_CILIUM_ASSEMBLY,273
REACTOME_ABC_TRANSPORTER_DISORDERS,120
REACTOME_SLC_TRANSPORTER_DISORDERS,434
REACTOME_DISORDERS_OF_TRANSMEMBRANE_TRANSPORTERS,434
REACTOME_ANCHORING_OF_THE_BASAL_BODY_TO_THE_PLASMA_MEMBRANE,273
REACTOME_VXPX_CARGO_TARGETING_TO_CILIUM,435
REACTOME_CARGO_TRAFFICKING_TO_THE_PERICILIARY_MEMBRANE,436
REACTOME_BBSOME_MEDIATED_CARGO_TARGETING_TO_CILIUM,436
REACTOME_INTRAFLAGELLAR_TRANSPORT,437
REACTOME_PYROPTOSIS,438
REACTOME_DECTIN_2_FAMILY,413
REACTOME_C_TYPE_LECTIN_RECEPTORS_CLRS,120
REACTOME_CD209_DC_SIGN_SIGNALING,439
REACTOME_RHO_GTPASES_ACTIVATE_PKNS,210
REACTOME_RHO_GTPASES_ACTIVATE_CIT,382
REACTOME_RHO_GTPASES_ACTIVATE_IQGAPS,237
REACTOME_RHO_GTPASES_ACTIVATE_ROCKS,382
REACTOME_RHO_GTPASES_ACTIVATE_PAKS,382
REACTOME_TP53_REGULATES_METABOLIC_GENES,440
REACTOME_HEDGEHOG_ON_STATE,120
REACTOME_REGULATION_OF_TP53_ACTIVITY,441
REACTOME_TP53_REGULATES_TRANSCRIPTION_OF_CELL_DEATH_GENES,442
REACTOME_ACTIVATION_OF_SMO,443
REACTOME_CONSTITUTIVE_SIGNALING_BY_EGFRVIII,212
REACTOME_PCNA_DEPENDENT_LONG_PATCH_BASE_EXCISION_REPAIR,118
REACTOME_PHOSPHOLIPASE_C_MEDIATED_CASCADE_FGFR2,201
REACTOME_PHOSPHOLIPASE_C_MEDIATED_CASCADE_FGFR4,201
REACTOME_DOWNSTREAM_SIGNALING_OF_ACTIVATED_FGFR1,201
REACTOME_SHC_MEDIATED_CASCADE_FGFR1,201
REACTOME_PI_3K_CASCADE_FGFR1,201
REACTOME_FRS_MEDIATED_FGFR1_SIGNALING,201
REACTOME_PI_3K_CASCADE_FGFR2,201
REACTOME_DOWNSTREAM_SIGNALING_OF_ACTIVATED_FGFR2,201
REACTOME_FRS_MEDIATED_FGFR2_SIGNALING,201
REACTOME_SHC_MEDIATED_CASCADE_FGFR3,201
REACTOME_FRS_MEDIATED_FGFR3_SIGNALING,201
REACTOME_DOWNSTREAM_SIGNALING_OF_ACTIVATED_FGFR3,201
REACTOME_PI_3K_CASCADE_FGFR3,201
REACTOME_FRS_MEDIATED_FGFR4_SIGNALING,201
REACTOME_DOWNSTREAM_SIGNALING_OF_ACTIVATED_FGFR4,201
REACTOME_SHC_MEDIATED_CASCADE_FGFR4,201
REACTOME_PI_3K_CASCADE_FGFR4,201
REACTOME_NEGATIVE_REGULATION_OF_FGFR1_SIGNALING,201
REACTOME_NEGATIVE_REGULATION_OF_FGFR2_SIGNALING,201
REACTOME_NEGATIVE_REGULATION_OF_FGFR3_SIGNALING,201
REACTOME_NEGATIVE_REGULATION_OF_FGFR4_SIGNALING,201
REACTOME_SIGNALING_BY_FGFR1,201
REACTOME_SIGNALING_BY_FGFR2,201
REACTOME_SIGNALING_BY_FGFR3,201
REACTOME_SIGNALING_BY_FGFR4,201
REACTOME_SIGNALING_BY_FGFR2_IN_DISEASE,201
REACTOME_SIGNALING_BY_FGFR1_IN_DISEASE,272
REACTOME_TRANSLESION_SYNTHESIS_BY_POLK,194
REACTOME_TERMINATION_OF_TRANSLESION_DNA_SYNTHESIS,194
REACTOME_REGULATION_OF_RAS_BY_GAPS,120
REACTOME_DISEASES_OF_CARBOHYDRATE_METABOLISM,335
REACTOME_RHO_GTPASES_ACTIVATE_WASPS_AND_WAVES,444
REACTOME_RHO_GTPASES_ACTIVATE_FORMINS,318
REACTOME_TNFR2_NON_CANONICAL_NF_KB_PATHWAY,120
REACTOME_RHO_GTPASES_ACTIVATE_NADPH_OXIDASES,445
REACTOME_DISEASES_OF_METABOLISM,354
REACTOME_TNFS_BIND_THEIR_PHYSIOLOGICAL_RECEPTORS,446
REACTOME_RAF_ACTIVATION,447
REACTOME_MAP2K_AND_MAPK_ACTIVATION,448
REACTOME_CONSTITUTIVE_SIGNALING_BY_AKT1_E17K_IN_CANCER,449
REACTOME_NEGATIVE_REGULATION_OF_MAPK_PATHWAY,447
REACTOME_TNF_RECEPTOR_SUPERFAMILY_TNFSF_MEMBERS_MEDIATING_NON_CANONICAL_NF_KB_PATHWAY,450
REACTOME_DEFECTIVE_CFTR_CAUSES_CYSTIC_FIBROSIS,120
REACTOME_SURFACTANT_METABOLISM,451
REACTOME_MAP3K8_TPL2_DEPENDENT_MAPK1_3_ACTIVATION,452
REACTOME_HDR_THROUGH_SINGLE_STRAND_ANNEALING_SSA,453
REACTOME_HDR_THROUGH_HOMOLOGOUS_RECOMBINATION_HRR,453
REACTOME_REGULATION_OF_TLR_BY_ENDOGENOUS_LIGAND,421
REACTOME_MAPK6_MAPK4_SIGNALING,120
REACTOME_DEUBIQUITINATION,454
REACTOME_UCH_PROTEINASES,120
REACTOME_UB_SPECIFIC_PROCESSING_PROTEASES,454
REACTOME_OVARIAN_TUMOR_DOMAIN_PROTEASES,455
REACTOME_METALLOPROTEASE_DUBS,456
REACTOME_DNA_DOUBLE_STRAND_BREAK_REPAIR,457
REACTOME_RESOLUTION_OF_D_LOOP_STRUCTURES,453
REACTOME_HOMOLOGY_DIRECTED_REPAIR,457
REACTOME_RESOLUTION_OF_D_LOOP_STRUCTURES_THROUGH_SYNTHESIS_DEPENDENT_STRAND_ANNEALING_SDSA,453
REACTOME_NONHOMOLOGOUS_END_JOINING_NHEJ,457
REACTOME_HOMOLOGOUS_DNA_PAIRING_AND_STRAND_EXCHANGE,453
REACTOME_DNA_DOUBLE_STRAND_BREAK_RESPONSE,457
REACTOME_PROCESSING_OF_DNA_DOUBLE_STRAND_BREAK_ENDS,457
REACTOME_CARGO_CONCENTRATION_IN_THE_ER,300
REACTOME_DNA_DAMAGE_RECOGNITION_IN_GG_NER,458
REACTOME_FORMATION_OF_INCISION_COMPLEX_IN_GG_NER,124
REACTOME_GAP_FILLING_DNA_REPAIR_SYNTHESIS_AND_LIGATION_IN_GG_NER,194
REACTOME_NUCLEOTIDE_EXCISION_REPAIR,124
REACTOME_GLOBAL_GENOME_NUCLEOTIDE_EXCISION_REPAIR_GG_NER,124
REACTOME_DUAL_INCISION_IN_GG_NER,124
REACTOME_DEPOSITION_OF_NEW_CENPA_CONTAINING_NUCLEOSOMES_AT_THE_CENTROMERE,210
REACTOME_RESPIRATORY_ELECTRON_TRANSPORT,86
REACTOME_INFLAMMASOMES,459
REACTOME_FORMATION_OF_TC_NER_PRE_INCISION_COMPLEX,124
REACTOME_TRANSCRIPTION_COUPLED_NUCLEOTIDE_EXCISION_REPAIR_TC_NER,124
REACTOME_DUAL_INCISION_IN_TC_NER,124
REACTOME_TRNA_MODIFICATION_IN_THE_NUCLEUS_AND_CYTOSOL,460
REACTOME_FANCONI_ANEMIA_PATHWAY,461
REACTOME_INTERLEUKIN_6_FAMILY_SIGNALING,462
REACTOME_INTERLEUKIN_10_SIGNALING,463
REACTOME_TRNA_PROCESSING_IN_THE_NUCLEUS,206
REACTOME_ERBB2_REGULATES_CELL_MOTILITY,211
REACTOME_INTERLEUKIN_4_AND_INTERLEUKIN_13_SIGNALING,464
REACTOME_IL_6_TYPE_CYTOKINE_RECEPTOR_LIGAND_INTERACTIONS,462
REACTOME_RRNA_MODIFICATION_IN_THE_NUCLEUS_AND_CYTOSOL,465
REACTOME_TP53_REGULATES_TRANSCRIPTION_OF_CELL_CYCLE_GENES,466
REACTOME_NEUREXINS_AND_NEUROLIGINS,467
REACTOME_PROTEIN_PROTEIN_INTERACTIONS_AT_SYNAPSES,467
REACTOME_TP53_REGULATES_TRANSCRIPTION_OF_DNA_REPAIR_GENES,200
REACTOME_COMPLEX_I_BIOGENESIS,468
REACTOME_SIGNALING_BY_MODERATE_KINASE_ACTIVITY_BRAF_MUTANTS,448
REACTOME_SIGNALING_BY_BRAF_AND_RAF1_FUSIONS,448
REACTOME_ONCOGENIC_MAPK_SIGNALING,448
REACTOME_ANTIMICROBIAL_PEPTIDES,227
REACTOME_TP53_REGULATES_TRANSCRIPTION_OF_GENES_INVOLVED_IN_CYTOCHROME_C_RELEASE,442
REACTOME_FGFR2_ALTERNATIVE_SPLICING,200
REACTOME_TP53_REGULATES_TRANSCRIPTION_OF_GENES_INVOLVED_IN_G2_CELL_CYCLE_ARREST,469
REACTOME_TP53_REGULATES_TRANSCRIPTION_OF_ADDITIONAL_CELL_CYCLE_GENES_WHOSE_EXACT_ROLE_IN_THE_P53_PATHWAY_REMAIN_UNCERTAIN,466
REACTOME_REGULATION_OF_TP53_ACTIVITY_THROUGH_PHOSPHORYLATION,441
REACTOME_REGULATION_OF_TP53_ACTIVITY_THROUGH_ACETYLATION,470
REACTOME_REGULATION_OF_TP53_ACTIVITY_THROUGH_METHYLATION,471
REACTOME_KERATINIZATION,472
REACTOME_REGULATION_OF_TP53_EXPRESSION_AND_DEGRADATION,473
REACTOME_METABOLISM_OF_FAT_SOLUBLE_VITAMINS,315
REACTOME_SIGNALING_BY_MET,474
REACTOME_NEGATIVE_REGULATION_OF_MET_ACTIVITY,268
REACTOME_PTEN_REGULATION,475
REACTOME_RNA_POLYMERASE_II_TRANSCRIBES_SNRNA_GENES,476
REACTOME_COPI_MEDIATED_ANTEROGRADE_TRANSPORT,291
REACTOME_FORMATION_OF_THE_CORNIFIED_ENVELOPE,472
REACTOME_COPI_DEPENDENT_GOLGI_TO_ER_RETROGRADE_TRAFFIC,477
REACTOME_COPI_INDEPENDENT_GOLGI_TO_ER_RETROGRADE_TRAFFIC,340
REACTOME_INTRA_GOLGI_TRAFFIC,478
REACTOME_RETROGRADE_TRANSPORT_AT_THE_TRANS_GOLGI_NETWORK,479
REACTOME_INTRA_GOLGI_AND_RETROGRADE_GOLGI_TO_ER_TRAFFIC,477
REACTOME_COOPERATION_OF_PDCL_PHLP1_AND_TRIC_CCT_IN_G_PROTEIN_BETA_FOLDING,216
REACTOME_CDT1_ASSOCIATION_WITH_THE_CDC6_ORC_ORIGIN_COMPLEX,120
REACTOME_MITOTIC_PROPHASE,306
REACTOME_MITOTIC_PROMETAPHASE,318
REACTOME_ORC1_REMOVAL_FROM_CHROMATIN,120
REACTOME_ACTIVATION_OF_THE_PRE_REPLICATIVE_COMPLEX,267
REACTOME_DNA_REPLICATION_PRE_INITIATION,236
REACTOME_SWITCHING_OF_ORIGINS_TO_A_POST_REPLICATIVE_STATE,120
REACTOME_PROCESSIVE_SYNTHESIS_ON_THE_LAGGING_STRAND,118
REACTOME_LAGGING_STRAND_SYNTHESIS,118
REACTOME_DNA_STRAND_ELONGATION,118
REACTOME_G1_S_SPECIFIC_TRANSCRIPTION,218
REACTOME_CYCLIN_D_ASSOCIATED_EVENTS_IN_G1,409
REACTOME_SYNTHESIS_OF_DNA,120
REACTOME_S_PHASE,120
REACTOME_CYCLIN_A_B1_B2_ASSOCIATED_EVENTS_DURING_G2_M_TRANSITION,480
REACTOME_DNA_REPLICATION,236
REACTOME_G2_M_DNA_DAMAGE_CHECKPOINT,457
REACTOME_G2_M_CHECKPOINTS,457
REACTOME_STABILIZATION_OF_P53,120
REACTOME_G1_S_DNA_DAMAGE_CHECKPOINTS,120
REACTOME_MITOTIC_SPINDLE_CHECKPOINT,318
REACTOME_CELL_CYCLE_CHECKPOINTS,457
REACTOME_CYCLIN_A_CDK2_ASSOCIATED_EVENTS_AT_S_PHASE_ENTRY,120
REACTOME_GLYCOLYSIS,206
REACTOME_GLYCOGEN_BREAKDOWN_GLYCOGENOLYSIS,481
REACTOME_GLUCONEOGENESIS,482
REACTOME_PYRUVATE_METABOLISM,301
REACTOME_GLUCOSE_METABOLISM,206
REACTOME_BRANCHED_CHAIN_AMINO_ACID_CATABOLISM,91
REACTOME_METABOLISM_OF_CARBOHYDRATES,246
REACTOME_CITRIC_ACID_CYCLE_TCA_CYCLE,77
REACTOME_PYRUVATE_METABOLISM_AND_CITRIC_ACID_TCA_CYCLE,301
REACTOME_MRNA_CAPPING,200
REACTOME_MRNA_SPLICING_MINOR_PATHWAY,483
REACTOME_MRNA_SPLICING,119
REACTOME_TRANSPORT_OF_MATURE_TRANSCRIPT_TO_CYTOPLASM,484
REACTOME_PROCESSING_OF_CAPPED_INTRON_CONTAINING_PRE_MRNA,119
REACTOME_TRNA_PROCESSING,206
REACTOME_RRNA_PROCESSING,115
REACTOME_EUKARYOTIC_TRANSLATION_INITIATION,115
REACTOME_ACTIVATION_OF_THE_MRNA_UPON_BINDING_OF_THE_CAP_BINDING_COMPLEX_AND_EIFS_AND_SUBSEQUENT_BINDING_TO_43S,485
REACTOME_TRANSLATION,426
REACTOME_RNA_POLYMERASE_I_TRANSCRIPTION_INITIATION,486
REACTOME_RNA_POLYMERASE_I_PROMOTER_ESCAPE,210
REACTOME_RNA_POLYMERASE_III_CHAIN_ELONGATION,117
REACTOME_RNA_POLYMERASE_II_TRANSCRIPTION_TERMINATION,484
REACTOME_RNA_POLYMERASE_I_TRANSCRIPTION_TERMINATION,486
REACTOME_RNA_POLYMERASE_I_TRANSCRIPTION,210
REACTOME_BASE_EXCISION_REPAIR,210
REACTOME_CHROMOSOME_MAINTENANCE,210
REACTOME_DEATH_RECEPTOR_SIGNALLING,279
REACTOME_DNA_DAMAGE_BYPASS,194
REACTOME_BASE_EXCISION_REPAIR_AP_SITE_FORMATION,210
REACTOME_RESOLUTION_OF_ABASIC_SITES_AP_SITES,118
REACTOME_RNA_POLYMERASE_III_TRANSCRIPTION_TERMINATION,117
REACTOME_RNA_POLYMERASE_III_TRANSCRIPTION,117
REACTOME_PURINE_CATABOLISM,487
REACTOME_INSULIN_RECEPTOR_SIGNALLING_CASCADE,201
REACTOME_SIGNALING_BY_INSULIN_RECEPTOR,201
REACTOME_PROCESSING_OF_CAPPED_INTRONLESS_PRE_MRNA,488
REACTOME_FATTY_ACYL_COA_BIOSYNTHESIS,489
REACTOME_APOPTOTIC_EXECUTION_PHASE,195
REACTOME_SYNTHESIS_OF_VERY_LONG_CHAIN_FATTY_ACYL_COAS,489
REACTOME_PLATELET_ADHESION_TO_EXPOSED_COLLAGEN,490
REACTOME_TNF_SIGNALING,424
REACTOME_PLATELET_ACTIVATION_SIGNALING_AND_AGGREGATION,491
REACTOME_RESPONSE_TO_ELEVATED_PLATELET_CYTOSOLIC_CA2,491
REACTOME_PLATELET_AGGREGATION_PLUG_FORMATION,343
REACTOME_RNA_POLYMERASE_III_TRANSCRIPTION_INITIATION_FROM_TYPE_1_PROMOTER,117
REACTOME_RNA_POLYMERASE_III_TRANSCRIPTION_INITIATION_FROM_TYPE_3_PROMOTER,117
REACTOME_MITOCHONDRIAL_FATTY_ACID_BETA_OXIDATION,492
REACTOME_INSULIN_RECEPTOR_RECYCLING,182
REACTOME_PROCESSING_OF_INTRONLESS_PRE_MRNAS,488
REACTOME_THE_NLRP3_INFLAMMASOME,459
REACTOME_INTERFERON_GAMMA_SIGNALING,493
REACTOME_GASTRIN_CREB_SIGNALLING_PATHWAY_VIA_PKC_AND_MAPK,494
REACTOME_SIGNALING_BY_PTK6,495
REACTOME_SYNAPTIC_ADHESION_LIKE_MOLECULES,496
REACTOME_SIGNALING_BY_FGFR2_IIIA_TM,200
REACTOME_PROTEIN_UBIQUITINATION,497
REACTOME_THE_ROLE_OF_GTSE1_IN_G2_M_PROGRESSION_AFTER_G2_CHECKPOINT,120
REACTOME_RET_SIGNALING,498
REACTOME_TRANSCRIPTIONAL_REGULATION_BY_VENTX,223
REACTOME_TBC_RABGAPS,499
REACTOME_AURKA_ACTIVATION_BY_TPX2,273
REACTOME_INTERLEUKIN_20_FAMILY_SIGNALING,500
REACTOME_GOLGI_TO_ER_RETROGRADE_TRANSPORT,477
REACTOME_CARGO_RECOGNITION_FOR_CLATHRIN_MEDIATED_ENDOCYTOSIS,501
REACTOME_CLATHRIN_MEDIATED_ENDOCYTOSIS,501
REACTOME_DOWNREGULATION_OF_ERBB2_SIGNALING,211
REACTOME_TRANSCRIPTIONAL_REGULATION_BY_THE_AP_2_TFAP2_FAMILY_OF_TRANSCRIPTION_FACTORS,502
REACTOME_SYNTHESIS_OF_ACTIVE_UBIQUITIN_ROLES_OF_E1_AND_E2_ENZYMES,503
REACTOME_E3_UBIQUITIN_LIGASES_UBIQUITINATE_TARGET_PROTEINS,497
REACTOME_RAB_GERANYLGERANYLATION,504
REACTOME_MET_ACTIVATES_PTK2_SIGNALING,474
REACTOME_INLB_MEDIATED_ENTRY_OF_LISTERIA_MONOCYTOGENES_INTO_HOST_CELL,268
REACTOME_MET_PROMOTES_CELL_MOTILITY,474
REACTOME_RAB_GEFS_EXCHANGE_GTP_FOR_GDP_ON_RABS,505
REACTOME_LISTERIA_MONOCYTOGENES_ENTRY_INTO_HOST_CELLS,268
REACTOME_TRANSCRIPTIONAL_REGULATION_BY_RUNX3,120
REACTOME_TRANSCRIPTIONAL_REGULATION_BY_RUNX2,120
REACTOME_TRANSCRIPTIONAL_REGULATION_BY_RUNX1,236
REACTOME_GABA_SYNTHESIS_RELEASE_REUPTAKE_AND_DEGRADATION,506
REACTOME_REGULATION_OF_RUNX1_EXPRESSION_AND_ACTIVITY,507
REACTOME_DIGESTION,508
REACTOME_RUNX1_REGULATES_GENES_INVOLVED_IN_MEGAKARYOCYTE_DIFFERENTIATION_AND_PLATELET_FUNCTION,210
REACTOME_ESR_MEDIATED_SIGNALING,509
REACTOME_RUNX1_REGULATES_TRANSCRIPTION_OF_GENES_INVOLVED_IN_DIFFERENTIATION_OF_HSCS,236
REACTOME_RUNX1_INTERACTS_WITH_CO_FACTORS_WHOSE_PRECISE_EFFECT_ON_RUNX1_TARGETS_IS_NOT_KNOWN,510
REACTOME_REGULATION_OF_RUNX2_EXPRESSION_AND_ACTIVITY,120
REACTOME_RUNX2_REGULATES_OSTEOBLAST_DIFFERENTIATION,511
REACTOME_RUNX2_REGULATES_BONE_DEVELOPMENT,511
REACTOME_REGULATION_OF_RUNX3_EXPRESSION_AND_ACTIVITY,120
REACTOME_REGULATION_OF_PTEN_GENE_TRANSCRIPTION,475
REACTOME_COLLAGEN_CHAIN_TRIMERIZATION,225
REACTOME_REGULATION_OF_PTEN_STABILITY_AND_ACTIVITY,120
REACTOME_MITOCHONDRIAL_CALCIUM_ION_TRANSPORT,512
REACTOME_GENE_AND_PROTEIN_EXPRESSION_BY_JAK_STAT_SIGNALING_AFTER_INTERLEUKIN_12_STIMULATION,404
REACTOME_NEDDYLATION,513
REACTOME_TRANSCRIPTIONAL_REGULATION_BY_E2F6,514
REACTOME_CARBOXYTERMINAL_POST_TRANSLATIONAL_MODIFICATIONS_OF_TUBULIN,515
REACTOME_NUCLEOTIDE_CATABOLISM,487
REACTOME_NUCLEOTIDE_SALVAGE,516
REACTOME_METABOLISM_OF_STEROIDS,254
REACTOME_DIGESTION_AND_ABSORPTION,508
REACTOME_ASSEMBLY_OF_ACTIVE_LPL_AND_LIPC_LIPASE_COMPLEXES,265
REACTOME_PLASMA_LIPOPROTEIN_ASSEMBLY,517
REACTOME_PLASMA_LIPOPROTEIN_REMODELING,265
REACTOME_LDL_CLEARANCE,518
REACTOME_PLASMA_LIPOPROTEIN_CLEARANCE,518
REACTOME_G_BETA_GAMMA_SIGNALLING_THROUGH_CDC42,216
REACTOME_FATTY_ACID_METABOLISM,519
REACTOME_METABOLISM_OF_COFACTORS,520
REACTOME_TRIGLYCERIDE_METABOLISM,248
REACTOME_RHOA_GTPASE_CYCLE,521
REACTOME_GLYCOGEN_METABOLISM,481
REACTOME_TRANSCRIPTIONAL_REGULATION_BY_MECP2,522
REACTOME_SIGNALING_BY_NTRK2_TRKB,212
REACTOME_SIGNALING_BY_ERYTHROPOIETIN,523
REACTOME_SIGNALING_BY_NUCLEAR_RECEPTORS,509
REACTOME_SIGNALING_BY_TGFB_FAMILY_MEMBERS,263
REACTOME_RAB_REGULATION_OF_TRAFFICKING,505
REACTOME_INTERLEUKIN_37_SIGNALING,524
REACTOME_EXTRA_NUCLEAR_ESTROGEN_SIGNALING,525
REACTOME_ER_QUALITY_CONTROL_COMPARTMENT_ERQC,422
REACTOME_CALNEXIN_CALRETICULIN_CYCLE,422
REACTOME_REGULATION_OF_EXPRESSION_OF_SLITS_AND_ROBOS,115
REACTOME_SIGNALING_BY_NOTCH3,303
REACTOME_RHOB_GTPASE_CYCLE,521
REACTOME_RHOC_GTPASE_CYCLE,521
REACTOME_CDC42_GTPASE_CYCLE,526
REACTOME_RAC1_GTPASE_CYCLE,526
REACTOME_RAC2_GTPASE_CYCLE,527
REACTOME_RHOD_GTPASE_CYCLE,528
REACTOME_RHOQ_GTPASE_CYCLE,529
REACTOME_RHOH_GTPASE_CYCLE,530
REACTOME_RHOG_GTPASE_CYCLE,527
REACTOME_RHOJ_GTPASE_CYCLE,529
REACTOME_RHOBTB2_GTPASE_CYCLE,531
REACTOME_RHOU_GTPASE_CYCLE,532
REACTOME_RHOBTB1_GTPASE_CYCLE,531
REACTOME_RAC3_GTPASE_CYCLE,527
REACTOME_RHOV_GTPASE_CYCLE,532
REACTOME_NOTCH3_ACTIVATION_AND_TRANSMISSION_OF_SIGNAL_TO_THE_NUCLEUS,287
REACTOME_NOTCH3_INTRACELLULAR_DOMAIN_REGULATES_TRANSCRIPTION,303
REACTOME_SIGNALING_BY_NOTCH4,120
REACTOME_NOTCH4_INTRACELLULAR_DOMAIN_REGULATES_TRANSCRIPTION,303
REACTOME_ESTROGEN_DEPENDENT_GENE_EXPRESSION,509
REACTOME_BIOSYNTHESIS_OF_SPECIALIZED_PRORESOLVING_MEDIATORS_SPMS,533
REACTOME_INTERLEUKIN_12_SIGNALING,404
REACTOME_INTERLEUKIN_1_SIGNALING,120
REACTOME_REGULATION_OF_MECP2_EXPRESSION_AND_ACTIVITY,522
REACTOME_MECP2_REGULATES_NEURONAL_RECEPTORS_AND_CHANNELS,534
REACTOME_NR1H2_AND_NR1H3_MEDIATED_SIGNALING,535
REACTOME_NR1H3_NR1H2_REGULATE_GENE_EXPRESSION_LINKED_TO_CHOLESTEROL_TRANSPORT_AND_EFFLUX,535
REACTOME_NGF_STIMULATED_TRANSCRIPTION,258
REACTOME_PEROXISOMAL_PROTEIN_IMPORT,138
REACTOME_BLOOD_GROUP_SYSTEMS_BIOSYNTHESIS,60
REACTOME_SIGNALING_BY_NTRK3_TRKC,212
REACTOME_RHOF_GTPASE_CYCLE,528
REACTOME_INTERFERON_ALPHA_BETA_SIGNALING,536
REACTOME_MEIOTIC_RECOMBINATION,210
REACTOME_INTERLEUKIN_RECEPTOR_SHC_SIGNALING,407
REACTOME_REGULATION_OF_SIGNALING_BY_CBL,537
REACTOME_REGULATION_OF_IFNA_SIGNALING,536
REACTOME_INTERFERON_SIGNALING,493
REACTOME_O_LINKED_GLYCOSYLATION_OF_MUCINS,51
REACTOME_ENDOSOMAL_SORTING_COMPLEX_REQUIRED_FOR_TRANSPORT_ESCRT,245
REACTOME_IRON_UPTAKE_AND_TRANSPORT,182
REACTOME_TRANSFERRIN_ENDOCYTOSIS_AND_RECYCLING,182
REACTOME_NONSENSE_MEDIATED_DECAY_NMD,115
REACTOME_TRAF6_MEDIATED_IRF7_ACTIVATION,159
REACTOME_TRAF6_MEDIATED_NF_KB_ACTIVATION,538
REACTOME_NEGATIVE_REGULATORS_OF_DDX58_IFIH1_SIGNALING,539
REACTOME_ION_TRANSPORT_BY_P_TYPE_ATPASES,540
REACTOME_ACTIVATION_OF_IRF3_IRF7_MEDIATED_BY_TBK1_IKK_EPSILON,541
REACTOME_IKK_COMPLEX_RECRUITMENT_MEDIATED_BY_RIP1,262
REACTOME_TRAF6_MEDIATED_INDUCTION_OF_TAK1_COMPLEX_WITHIN_TLR4_COMPLEX,541
REACTOME_TRANSPORT_TO_THE_GOLGI_AND_SUBSEQUENT_MODIFICATION,291
REACTOME_CLASS_I_PEROXISOMAL_MEMBRANE_PROTEIN_IMPORT,542
REACTOME_NEGATIVE_REGULATION_OF_NOTCH4_SIGNALING,120
REACTOME_FLT3_SIGNALING,543
REACTOME_PROTEIN_LOCALIZATION,215
REACTOME_INSERTION_OF_TAIL_ANCHORED_PROTEINS_INTO_THE_ENDOPLASMIC_RETICULUM_MEMBRANE,544
REACTOME_HCMV_INFECTION,306
REACTOME_HCMV_EARLY_EVENTS,306
REACTOME_ASSEMBLY_AND_CELL_SURFACE_PRESENTATION_OF_NMDA_RECEPTORS,399
REACTOME_HCMV_LATE_EVENTS,306
REACTOME_AUTOPHAGY,545
REACTOME_CHAPERONE_MEDIATED_AUTOPHAGY,546
REACTOME_FOXO_MEDIATED_TRANSCRIPTION,547
REACTOME_FOXO_MEDIATED_TRANSCRIPTION_OF_CELL_DEATH_GENES,548
REACTOME_FOXO_MEDIATED_TRANSCRIPTION_OF_OXIDATIVE_STRESS_METABOLIC_AND_NEURONAL_GENES,547
REACTOME_LATE_ENDOSOMAL_MICROAUTOPHAGY,546
REACTOME_POSTMITOTIC_NUCLEAR_PORE_COMPLEX_NPC_REFORMATION,206
REACTOME_TRANSCRIPTIONAL_REGULATION_OF_GRANULOPOIESIS,210
REACTOME_NEGATIVE_REGULATION_OF_NMDA_RECEPTOR_MEDIATED_NEURONAL_TRANSMISSION,397
REACTOME_FOXO_MEDIATED_TRANSCRIPTION_OF_CELL_CYCLE_GENES,549
REACTOME_ACTIVATION_OF_AMPK_DOWNSTREAM_OF_NMDARS,237
REACTOME_EGR2_AND_SOX10_MEDIATED_INITIATION_OF_SCHWANN_CELL_MYELINATION,550
REACTOME_LONG_TERM_POTENTIATION,397
REACTOME_RESPONSE_OF_EIF2AK4_GCN2_TO_AMINO_ACID_DEFICIENCY,115
REACTOME_ESTROGEN_DEPENDENT_NUCLEAR_EVENTS_DOWNSTREAM_OF_ESR_MEMBRANE_SIGNALING,525
REACTOME_INFECTION_WITH_MYCOBACTERIUM_TUBERCULOSIS,551
REACTOME_RESPONSE_OF_MTB_TO_PHAGOCYTOSIS,551
REACTOME_AMINO_ACIDS_REGULATE_MTORC1,552
REACTOME_DISEASES_OF_PROGRAMMED_CELL_DEATH,210
REACTOME_AGGREPHAGY,545
REACTOME_RAS_PROCESSING,553
REACTOME_RESPONSE_OF_EIF2AK1_HRI_TO_HEME_DEFICIENCY,554
REACTOME_DEFECTS_OF_CONTACT_ACTIVATION_SYSTEM_CAS_AND_KALLIKREIN_KININ_SYSTEM_KKS,555
REACTOME_SENSORY_PROCESSING_OF_SOUND,556
REACTOME_ABERRANT_REGULATION_OF_MITOTIC_G1_S_TRANSITION_IN_CANCER_DUE_TO_RB1_DEFECTS,557
REACTOME_ADORA2B_MEDIATED_ANTI_INFLAMMATORY_CYTOKINES_PRODUCTION,388
REACTOME_PURINERGIC_SIGNALING_IN_LEISHMANIASIS_INFECTION,459
REACTOME_SENSORY_PROCESSING_OF_SOUND_BY_OUTER_HAIR_CELLS_OF_THE_COCHLEA,556
REACTOME_ANTI_INFLAMMATORY_RESPONSE_FAVOURING_LEISHMANIA_PARASITE_INFECTION,388
REACTOME_SELECTIVE_AUTOPHAGY,545
REACTOME_FCGR3A_MEDIATED_IL10_SYNTHESIS,259
REACTOME_PARASITE_INFECTION,259
REACTOME_SIGNALING_BY_ERBB2_ECD_MUTANTS,212
REACTOME_SEALING_OF_THE_NUCLEAR_ENVELOPE_NE_BY_ESCRT_III,237
REACTOME_SIGNALING_BY_KIT_IN_DISEASE,224
REACTOME_INHIBITION_OF_DNA_RECOMBINATION_AT_TELOMERE,210
REACTOME_SIGNALING_BY_PDGFR_IN_DISEASE,305
REACTOME_SIGNALING_BY_CSF3_G_CSF,558
REACTOME_DISEASES_OF_MITOTIC_CELL_CYCLE,557
REACTOME_DISEASES_OF_DNA_REPAIR,453
REACTOME_SARS_COV_1_INFECTION,559
REACTOME_POTENTIAL_THERAPEUTICS_FOR_SARS,560
REACTOME_SARS_COV_INFECTIONS,560
REACTOME_FLT3_SIGNALING_IN_DISEASE,561
REACTOME_TRANSLATION_OF_SARS_COV_1_STRUCTURAL_PROTEINS,559
REACTOME_ABERRANT_REGULATION_OF_MITOTIC_EXIT_IN_CANCER_DUE_TO_RB1_DEFECTS,223
REACTOME_SARS_COV_2_INFECTION,559
REACTOME_MATURATION_OF_SARS_COV_2_SPIKE_PROTEIN,559
REACTOME_MATURATION_OF_SARS_COV_2_NUCLEOPROTEIN,562
REACTOME_TRANSLATION_OF_SARS_COV_2_STRUCTURAL_PROTEINS,559
REACTOME_RND3_GTPASE_CYCLE,563
REACTOME_RND2_GTPASE_CYCLE,563
REACTOME_RND1_GTPASE_CYCLE,563
REACTOME_SIGNALING_BY_ALK_IN_CANCER,564
REACTOME_SIGNALING_BY_FLT3_FUSION_PROTEINS,561
REACTOME_SIGNALING_BY_FLT3_ITD_AND_TKD_MUTANTS,561
REACTOME_INACTIVATION_OF_CSF3_G_CSF_SIGNALING,558
REACTOME_NEGATIVE_REGULATION_OF_FLT3,543
REACTOME_RHOBTB_GTPASE_CYCLE,531
REACTOME_CYTOPROTECTION_BY_HMOX1,565
REACTOME_REGULATION_OF_HMOX1_EXPRESSION_AND_ACTIVITY,120
REACTOME_HEME_SIGNALING,219
REACTOME_SENSORY_PERCEPTION,566
REACTOME_CELLULAR_RESPONSE_TO_STARVATION,115
REACTOME_CELLULAR_RESPONSE_TO_CHEMICAL_STRESS,565
REACTOME_SENSORY_PERCEPTION_OF_TASTE,70
REACTOME_NUCLEAR_EVENTS_STIMULATED_BY_ALK_SIGNALING_IN_CANCER,564
REACTOME_DEFECTIVE_INTRINSIC_PATHWAY_FOR_APOPTOSIS,567
REACTOME_N_GLYCAN_ANTENNAE_ELONGATION_IN_THE_MEDIAL_TRANS_GOLGI,568
REACTOME_TERMINATION_OF_O_GLYCAN_BIOSYNTHESIS,413
REACTOME_AMYLOID_FIBER_FORMATION,210
REACTOME_GABA_RECEPTOR_ACTIVATION,216
REACTOME_GABA_B_RECEPTOR_ACTIVATION,216
REACTOME_GROWTH_HORMONE_RECEPTOR_SIGNALING,207
REACTOME_ANTIGEN_PRESENTATION_FOLDING_ASSEMBLY_AND_PEPTIDE_LOADING_OF_CLASS_I_MHC,569
REACTOME_KINESINS,477
REACTOME_FACTORS_INVOLVED_IN_MEGAKARYOCYTE_DEVELOPMENT_AND_PLATELET_PRODUCTION,570
REACTOME_ANTIGEN_ACTIVATES_B_CELL_RECEPTOR_BCR_LEADING_TO_GENERATION_OF_SECOND_MESSENGERS,259
REACTOME_SIGNALING_BY_THE_B_CELL_RECEPTOR_BCR,120
REACTOME_ION_CHANNEL_TRANSPORT,322
GOBP_MITOCHONDRIAL_GENOME_MAINTENANCE,571
GOBP_REGULATION_OF_DNA_RECOMBINATION,572
GOBP_RIBOSOMAL_LARGE_SUBUNIT_ASSEMBLY,573
GOBP_RIBOSOMAL_SMALL_SUBUNIT_ASSEMBLY,574
GOBP_VERY_LONG_CHAIN_FATTY_ACID_METABOLIC_PROCESS,575
GOBP_TRANSITION_METAL_ION_TRANSPORT,576
GOBP_MITOTIC_SISTER_CHROMATID_SEGREGATION,577
GOBP_CELL_CYCLE_CHECKPOINT_SIGNALING,578
GOBP_DNA_REPLICATION_CHECKPOINT_SIGNALING,579
GOBP_REGULATION_OF_TRANSCRIPTION_INVOLVED_IN_G1_S_TRANSITION_OF_MITOTIC_CELL_CYCLE,580
GOBP_SULFUR_AMINO_ACID_METABOLIC_PROCESS,243
GOBP_SULFUR_AMINO_ACID_BIOSYNTHETIC_PROCESS,243
GOBP_RRNA_MODIFICATION,581
GOBP_NUCLEAR_TRANSCRIBED_MRNA_CATABOLIC_PROCESS_NONSENSE_MEDIATED_DECAY,582
GOBP_PROTEIN_POLYUBIQUITINATION,583
GOBP_SPLICEOSOMAL_COMPLEX_ASSEMBLY,584
GOBP_MITOCHONDRIAL_FISSION,585
GOBP_POLYSACCHARIDE_BIOSYNTHETIC_PROCESS,586
GOBP_POLYSACCHARIDE_CATABOLIC_PROCESS,587
GOBP_MITOTIC_CYTOKINESIS,588
GOBP_NUCLEAR_TRANSCRIBED_MRNA_CATABOLIC_PROCESS_DEADENYLATION_DEPENDENT_DECAY,589
GOBP_NUCLEAR_TRANSCRIBED_MRNA_POLY_A_TAIL_SHORTENING,590
GOBP_NUCLEAR_TRANSCRIBED_MRNA_CATABOLIC_PROCESS_EXONUCLEOLYTIC,406
GOBP_RESPONSE_TO_REACTIVE_OXYGEN_SPECIES,591
GOBP_RESPONSE_TO_OXYGEN_RADICAL,592
GOBP_ALTERNATIVE_MRNA_SPLICING_VIA_SPLICEOSOME,593
GOBP_REGULATION_OF_ALTERNATIVE_MRNA_SPLICING_VIA_SPLICEOSOME,593
GOBP_SPLICEOSOMAL_SNRNP_ASSEMBLY,594
GOBP_PROTEIN_PEPTIDYL_PROLYL_ISOMERIZATION,595
GOBP_AUTOPHAGY_OF_MITOCHONDRION,596
GOBP_MITOPHAGY,596
GOBP_MATURATION_OF_5_8S_RRNA,597
GOBP_MATURATION_OF_SSU_RRNA_FROM_TRICISTRONIC_RRNA_TRANSCRIPT_SSU_RRNA_5_8S_RRNA_LSU_RRNA,598
GOBP_MATURATION_OF_LSU_RRNA_FROM_TRICISTRONIC_RRNA_TRANSCRIPT_SSU_RRNA_5_8S_RRNA_LSU_RRNA,599
GOBP_MATURATION_OF_5_8S_RRNA_FROM_TRICISTRONIC_RRNA_TRANSCRIPT_SSU_RRNA_5_8S_RRNA_LSU_RRNA,597
GOBP_CLEAVAGE_INVOLVED_IN_RRNA_PROCESSING,597
GOBP_MATURATION_OF_LSU_RRNA,599
GOBP_ENDONUCLEOLYTIC_CLEAVAGE_INVOLVED_IN_RRNA_PROCESSING,597
GOBP_EMBRYONIC_AXIS_SPECIFICATION,600
GOBP_TELOMERE_MAINTENANCE_VIA_RECOMBINATION,601
GOBP_TELOMERE_MAINTENANCE,602
GOBP_RECOMBINATIONAL_REPAIR,603
GOBP_DNA_DOUBLE_STRAND_BREAK_PROCESSING,604
GOBP_DNA_SYNTHESIS_INVOLVED_IN_DNA_REPAIR,605
GOBP_DNA_CATABOLIC_PROCESS_ENDONUCLEOLYTIC,606
GOBP_SISTER_CHROMATID_SEGREGATION,577
GOBP_CYTOKINESIS,607
GOBP_NUCLEAR_TRANSCRIBED_MRNA_CATABOLIC_PROCESS,589
GOBP_MITOCHONDRIAL_RNA_METABOLIC_PROCESS,608
GOBP_MITOCHONDRIAL_RNA_PROCESSING,608
GOBP_RNA_5_END_PROCESSING,609
GOBP_RESPONSE_TO_ACID_CHEMICAL,610
GOBP_NEUROTRANSMITTER_UPTAKE,611
GOBP_REGULATION_OF_NEUROTRANSMITTER_LEVELS,612
GOBP_ACTION_POTENTIAL,613
GOBP_RNA_METHYLATION,614
GOBP_PSEUDOURIDINE_SYNTHESIS,615
GOBP_CILIUM_OR_FLAGELLUM_DEPENDENT_CELL_MOTILITY,616
GOBP_OVARIAN_FOLLICLE_DEVELOPMENT,617
GOBP_OOCYTE_MATURATION,618
GOBP_RESPONSE_TO_PROTOZOAN,619
GOBP_BRANCHING_INVOLVED_IN_BLOOD_VESSEL_MORPHOGENESIS,620
GOBP_VASCULOGENESIS,621
GOBP_GANGLIOSIDE_METABOLIC_PROCESS,61
GOBP_GANGLIOSIDE_BIOSYNTHETIC_PROCESS,61
GOBP_MICROTUBULE_BUNDLE_FORMATION,622
GOBP_OSTEOBLAST_DIFFERENTIATION,623
GOBP_METANEPHROS_DEVELOPMENT,624
GOBP_TEMPERATURE_HOMEOSTASIS,625
GOBP_REGULATION_OF_CHROMATIN_ASSEMBLY_OR_DISASSEMBLY,626
GOBP_ACROSOME_ASSEMBLY,627
GOBP_LONG_CHAIN_FATTY_ACID_METABOLIC_PROCESS,58
GOBP_CELLULAR_GLUCOSE_HOMEOSTASIS,628
GOBP_GASTRIC_ACID_SECRETION,629
GOBP_GASTRULATION_WITH_MOUTH_FORMING_SECOND,630
GOBP_FORMATION_OF_PRIMARY_GERM_LAYER,631
GOBP_ENDODERM_FORMATION,632
GOBP_CELL_FATE_SPECIFICATION,633
GOBP_CELL_FATE_DETERMINATION,634
GOBP_MESODERMAL_CELL_FATE_COMMITMENT,635
GOBP_ENDODERMAL_CELL_FATE_COMMITMENT,636
GOBP_MORPHOGENESIS_OF_A_POLARIZED_EPITHELIUM,637
GOBP_EYE_PHOTORECEPTOR_CELL_DIFFERENTIATION,638
GOBP_NEURAL_CREST_CELL_MIGRATION,639
GOBP_SOMITOGENESIS,640
GOBP_ORGAN_INDUCTION,641
GOBP_MORPHOGENESIS_OF_A_BRANCHING_STRUCTURE,642
GOBP_NEURON_MIGRATION,643
GOBP_IMMUNOLOGICAL_SYNAPSE_FORMATION,644
GOBP_MYELOID_DENDRITIC_CELL_ACTIVATION,645
GOBP_MICROGLIAL_CELL_ACTIVATION,646
GOBP_LEUKOCYTE_HOMEOSTASIS,647
GOBP_PLASMA_MEMBRANE_REPAIR,648
GOBP_NATURAL_KILLER_CELL_DIFFERENTIATION,649
GOBP_NEUTROPHIL_HOMEOSTASIS,650
GOBP_B_CELL_HOMEOSTASIS,647
GOBP_B_CELL_APOPTOTIC_PROCESS,651
GOBP_MESONEPHROS_DEVELOPMENT,624
GOBP_BLASTOCYST_DEVELOPMENT,652
GOBP_BLASTOCYST_FORMATION,653
GOBP_TROPHECTODERMAL_CELL_DIFFERENTIATION,653
GOBP_BLASTOCYST_GROWTH,654
GOBP_RELEASE_OF_CYTOCHROME_C_FROM_MITOCHONDRIA,655
GOBP_EPITHELIAL_TO_MESENCHYMAL_TRANSITION,656
GOBP_NEURAL_TUBE_FORMATION,657
GOBP_PHAGOLYSOSOME_ASSEMBLY,658
GOBP_RECEPTOR_RECYCLING,659
GOBP_ENDOTHELIAL_CELL_DEVELOPMENT,660
GOBP_PLACENTA_DEVELOPMENT,661
GOBP_EMBRYONIC_PLACENTA_DEVELOPMENT,661
GOBP_MATERNAL_PLACENTA_DEVELOPMENT,662
GOBP_RETINA_HOMEOSTASIS,663
GOBP_CELL_KILLING,664
GOBP_LEUKOCYTE_MEDIATED_CYTOTOXICITY,664
GOBP_REGULATION_OF_LEUKOCYTE_MEDIATED_CYTOTOXICITY,664
GOBP_T_CELL_MEDIATED_CYTOTOXICITY,665
GOBP_REGULATION_OF_T_CELL_MEDIATED_CYTOTOXICITY,665
GOBP_POSITIVE_REGULATION_OF_T_CELL_MEDIATED_CYTOTOXICITY,665
GOBP_REGULATION_OF_RECEPTOR_RECYCLING,659
GOBP_ENDOTHELIAL_CELL_PROLIFERATION,666
GOBP_NEGATIVE_REGULATION_OF_ENDOTHELIAL_CELL_PROLIFERATION,667
GOBP_POSITIVE_REGULATION_OF_ENDOTHELIAL_CELL_PROLIFERATION,666
GOBP_POSTSYNAPTIC_MEMBRANE_ORGANIZATION,668
GOBP_LYMPH_VESSEL_DEVELOPMENT,669
GOBP_LYMPHANGIOGENESIS,669
GOBP_REGULATION_OF_CELL_MATRIX_ADHESION,670
GOBP_NEGATIVE_REGULATION_OF_CELL_MATRIX_ADHESION,671
GOBP_POSITIVE_REGULATION_OF_CELL_MATRIX_ADHESION,672
GOBP_POSITIVE_REGULATION_OF_NEUROTRANSMITTER_SECRETION,673
GOBP_SYNAPTIC_TRANSMISSION_DOPAMINERGIC,674
GOBP_STARTLE_RESPONSE,675
GOBP_BLOOD_VESSEL_REMODELING,676
GOBP_RESPONSE_TO_AMPHETAMINE,677
GOBP_RENAL_SYSTEM_PROCESS_INVOLVED_IN_REGULATION_OF_BLOOD_VOLUME,678
GOBP_REGULATION_OF_SYSTEMIC_ARTERIAL_BLOOD_PRESSURE_BY_HORMONE,679
GOBP_REGULATION_OF_SYSTEMIC_ARTERIAL_BLOOD_PRESSURE_BY_CIRCULATORY_RENIN_ANGIOTENSIN,679
GOBP_MORPHOGENESIS_OF_AN_EPITHELIAL_SHEET,680
GOBP_RESPONSE_TO_DIETARY_EXCESS,681
GOBP_REGULATION_OF_THE_FORCE_OF_HEART_CONTRACTION,682
GOBP_REGULATION_OF_HEART_RATE,683
GOBP_REGULATION_OF_SODIUM_ION_TRANSPORT,684
GOBP_SPROUTING_ANGIOGENESIS,685
GOBP_CELL_MIGRATION_INVOLVED_IN_SPROUTING_ANGIOGENESIS,685
GOBP_BLOOD_VESSEL_ENDOTHELIAL_CELL_PROLIFERATION_INVOLVED_IN_SPROUTING_ANGIOGENESIS,686
GOBP_POSITIVE_REGULATION_OF_NEUROBLAST_PROLIFERATION,687
GOBP_POSITIVE_REGULATION_OF_MESENCHYMAL_CELL_PROLIFERATION,688
GOBP_CHONDROCYTE_DIFFERENTIATION,689
GOBP_CHONDROCYTE_DEVELOPMENT,690
GOBP_EPITHELIAL_CELL_DEVELOPMENT,691
GOBP_COLUMNAR_CUBOIDAL_EPITHELIAL_CELL_DIFFERENTIATION,692
GOBP_COLUMNAR_CUBOIDAL_EPITHELIAL_CELL_DEVELOPMENT,692
GOBP_GLANDULAR_EPITHELIAL_CELL_DIFFERENTIATION,692
GOBP_GLANDULAR_EPITHELIAL_CELL_DEVELOPMENT,692
GOBP_OSTEOBLAST_DEVELOPMENT,693
GOBP_REGULATION_OF_OXIDATIVE_PHOSPHORYLATION,694
GOBP_LENS_DEVELOPMENT_IN_CAMERA_TYPE_EYE,695
GOBP_LENS_MORPHOGENESIS_IN_CAMERA_TYPE_EYE,696
GOBP_REGULATION_OF_RECEPTOR_INTERNALIZATION,697
GOBP_NEGATIVE_REGULATION_OF_RECEPTOR_INTERNALIZATION,698
GOBP_POSITIVE_REGULATION_OF_RECEPTOR_INTERNALIZATION,697
GOBP_AUDITORY_RECEPTOR_CELL_MORPHOGENESIS,699
GOBP_TRNA_WOBBLE_BASE_MODIFICATION,700
GOBP_STORE_OPERATED_CALCIUM_ENTRY,701
GOBP_CYTOPLASMIC_TRANSLATION,115
GOBP_CYTOPLASMIC_TRANSLATIONAL_INITIATION,702
GOBP_SOMATIC_DIVERSIFICATION_OF_IMMUNE_RECEPTORS,703
GOBP_SOMATIC_DIVERSIFICATION_OF_IMMUNOGLOBULINS_INVOLVED_IN_IMMUNE_RESPONSE,703
GOBP_ACTIVATION_OF_INNATE_IMMUNE_RESPONSE,704
GOBP_PATTERN_RECOGNITION_RECEPTOR_SIGNALING_PATHWAY,705
GOBP_TOLL_LIKE_RECEPTOR_SIGNALING_PATHWAY,705
GOBP_INNATE_IMMUNE_RESPONSE_IN_MUCOSA,706
GOBP_NATURAL_KILLER_CELL_MEDIATED_IMMUNITY,664
GOBP_POSITIVE_REGULATION_OF_DEFENSE_RESPONSE_TO_VIRUS_BY_HOST,707
GOBP_HEMATOPOIETIC_PROGENITOR_CELL_DIFFERENTIATION,708
GOBP_ORGAN_OR_TISSUE_SPECIFIC_IMMUNE_RESPONSE,706
GOBP_LYMPHOCYTE_HOMEOSTASIS,647
GOBP_MYELOID_CELL_HOMEOSTASIS,709
GOBP_CELL_ACTIVATION_INVOLVED_IN_IMMUNE_RESPONSE,710
GOBP_MYELOID_LEUKOCYTE_ACTIVATION,711
GOBP_MYELOID_CELL_ACTIVATION_INVOLVED_IN_IMMUNE_RESPONSE,712
GOBP_MAST_CELL_ACTIVATION_INVOLVED_IN_IMMUNE_RESPONSE,712
GOBP_MACROPHAGE_ACTIVATION_INVOLVED_IN_IMMUNE_RESPONSE,713
GOBP_NEUTROPHIL_ACTIVATION_INVOLVED_IN_IMMUNE_RESPONSE,714
GOBP_LYMPHOCYTE_ACTIVATION_INVOLVED_IN_IMMUNE_RESPONSE,710
GOBP_T_CELL_ACTIVATION_INVOLVED_IN_IMMUNE_RESPONSE,710
GOBP_T_CELL_DIFFERENTIATION_INVOLVED_IN_IMMUNE_RESPONSE,715
GOBP_T_HELPER_CELL_LINEAGE_COMMITMENT,716
GOBP_B_CELL_ACTIVATION_INVOLVED_IN_IMMUNE_RESPONSE,703
GOBP_LYMPHOID_PROGENITOR_CELL_DIFFERENTIATION,717
GOBP_NATURAL_KILLER_CELL_ACTIVATION_INVOLVED_IN_IMMUNE_RESPONSE,718
GOBP_MATURE_B_CELL_DIFFERENTIATION,719
GOBP_RESPONSE_TO_TUMOR_CELL,720
GOBP_T_CELL_LINEAGE_COMMITMENT,716
GOBP_CYTOKINE_PRODUCTION_INVOLVED_IN_IMMUNE_RESPONSE,721
GOBP_T_CELL_CYTOKINE_PRODUCTION,722
GOBP_DENDRITIC_CELL_CYTOKINE_PRODUCTION,723
GOBP_IMMUNOGLOBULIN_PRODUCTION,724
GOBP_IMMUNOGLOBULIN_PRODUCTION_INVOLVED_IN_IMMUNOGLOBULIN_MEDIATED_IMMUNE_RESPONSE,703
GOBP_DENDRITIC_CELL_CHEMOTAXIS,725
GOBP_IMMUNE_RESPONSE_TO_TUMOR_CELL,720
GOBP_FC_RECEPTOR_MEDIATED_STIMULATORY_SIGNALING_PATHWAY,726
GOBP_INFLAMMATORY_RESPONSE_TO_ANTIGENIC_STIMULUS,727
GOBP_ACUTE_INFLAMMATORY_RESPONSE_TO_ANTIGENIC_STIMULUS,728
GOBP_MYELOID_LEUKOCYTE_MEDIATED_IMMUNITY,712
GOBP_NEUTROPHIL_MEDIATED_IMMUNITY,714
GOBP_HUMORAL_IMMUNE_RESPONSE_MEDIATED_BY_CIRCULATING_IMMUNOGLOBULIN,729
GOBP_T_CELL_MEDIATED_IMMUNITY,665
GOBP_ANTIGEN_PROCESSING_AND_PRESENTATION_OF_PEPTIDE_ANTIGEN_VIA_MHC_CLASS_I,569
GOBP_ANTIGEN_PROCESSING_AND_PRESENTATION_OF_EXOGENOUS_PEPTIDE_ANTIGEN,730
GOBP_ANTIGEN_PROCESSING_AND_PRESENTATION_OF_ENDOGENOUS_PEPTIDE_ANTIGEN,569
GOBP_PEPTIDE_ANTIGEN_ASSEMBLY_WITH_MHC_PROTEIN_COMPLEX,176
GOBP_ANTIGEN_PROCESSING_AND_PRESENTATION_OF_PEPTIDE_OR_POLYSACCHARIDE_ANTIGEN_VIA_MHC_CLASS_II,730
GOBP_TOLERANCE_INDUCTION,731
GOBP_T_CELL_TOLERANCE_INDUCTION,731
GOBP_LEUKOCYTE_MIGRATION_INVOLVED_IN_INFLAMMATORY_RESPONSE,732
GOBP_ACUTE_INFLAMMATORY_RESPONSE,733
GOBP_PRODUCTION_OF_MOLECULAR_MEDIATOR_INVOLVED_IN_INFLAMMATORY_RESPONSE,734
GOBP_CYTOKINE_PRODUCTION_INVOLVED_IN_INFLAMMATORY_RESPONSE,734
GOBP_CHRONIC_INFLAMMATORY_RESPONSE,735
GOBP_MONOCYTE_CHEMOTAXIS,736
GOBP_SOMATIC_DIVERSIFICATION_OF_IMMUNE_RECEPTORS_VIA_SOMATIC_MUTATION,737
GOBP_MYELOID_LEUKOCYTE_DIFFERENTIATION,738
GOBP_REGULATION_OF_ANTIGEN_PROCESSING_AND_PRESENTATION,739
GOBP_REGULATION_OF_IMMUNOGLOBULIN_PRODUCTION,703
GOBP_POSITIVE_REGULATION_OF_IMMUNOGLOBULIN_PRODUCTION,703
GOBP_REGULATION_OF_TOLERANCE_INDUCTION,731
GOBP_REGULATION_OF_ACUTE_INFLAMMATORY_RESPONSE,740
GOBP_POSITIVE_REGULATION_OF_ACUTE_INFLAMMATORY_RESPONSE,740
GOBP_REGULATION_OF_LEUKOCYTE_MIGRATION,741
GOBP_NEGATIVE_REGULATION_OF_LEUKOCYTE_MIGRATION,742
GOBP_POSITIVE_REGULATION_OF_LEUKOCYTE_MIGRATION,741
GOBP_REGULATION_OF_LEUKOCYTE_CHEMOTAXIS,741
GOBP_NEGATIVE_REGULATION_OF_LEUKOCYTE_CHEMOTAXIS,742
GOBP_POSITIVE_REGULATION_OF_LEUKOCYTE_CHEMOTAXIS,741
GOBP_REGULATION_OF_CELLULAR_EXTRAVASATION,743
GOBP_POSITIVE_REGULATION_OF_CELLULAR_EXTRAVASATION,743
GOBP_NEGATIVE_REGULATION_OF_IMMUNE_EFFECTOR_PROCESS,744
GOBP_POSITIVE_REGULATION_OF_IMMUNE_EFFECTOR_PROCESS,745
GOBP_REGULATION_OF_PRODUCTION_OF_MOLECULAR_MEDIATOR_OF_IMMUNE_RESPONSE,721
GOBP_NEGATIVE_REGULATION_OF_PRODUCTION_OF_MOLECULAR_MEDIATOR_OF_IMMUNE_RESPONSE,746
GOBP_POSITIVE_REGULATION_OF_PRODUCTION_OF_MOLECULAR_MEDIATOR_OF_IMMUNE_RESPONSE,721
GOBP_REGULATION_OF_LEUKOCYTE_MEDIATED_IMMUNITY,745
GOBP_NEGATIVE_REGULATION_OF_LEUKOCYTE_MEDIATED_IMMUNITY,744
GOBP_POSITIVE_REGULATION_OF_LEUKOCYTE_MEDIATED_IMMUNITY,745
GOBP_REGULATION_OF_LYMPHOCYTE_MEDIATED_IMMUNITY,745
GOBP_NEGATIVE_REGULATION_OF_LYMPHOCYTE_MEDIATED_IMMUNITY,744
GOBP_POSITIVE_REGULATION_OF_LYMPHOCYTE_MEDIATED_IMMUNITY,745
GOBP_REGULATION_OF_T_CELL_MEDIATED_IMMUNITY,665
GOBP_NEGATIVE_REGULATION_OF_T_CELL_MEDIATED_IMMUNITY,744
GOBP_POSITIVE_REGULATION_OF_T_CELL_MEDIATED_IMMUNITY,665
GOBP_REGULATION_OF_B_CELL_MEDIATED_IMMUNITY,703
GOBP_NEGATIVE_REGULATION_OF_B_CELL_MEDIATED_IMMUNITY,747
GOBP_POSITIVE_REGULATION_OF_B_CELL_MEDIATED_IMMUNITY,703
GOBP_REGULATION_OF_NATURAL_KILLER_CELL_MEDIATED_IMMUNITY,664
GOBP_NEGATIVE_REGULATION_OF_NATURAL_KILLER_CELL_MEDIATED_IMMUNITY,748
GOBP_POSITIVE_REGULATION_OF_NATURAL_KILLER_CELL_MEDIATED_IMMUNITY,664
GOBP_NEGATIVE_REGULATION_OF_CYTOKINE_PRODUCTION_INVOLVED_IN_IMMUNE_RESPONSE,746
GOBP_POSITIVE_REGULATION_OF_CYTOKINE_PRODUCTION_INVOLVED_IN_IMMUNE_RESPONSE,721
GOBP_POSITIVE_REGULATION_OF_T_CELL_CYTOKINE_PRODUCTION,722
GOBP_CYTOPLASMIC_PATTERN_RECOGNITION_RECEPTOR_SIGNALING_PATHWAY,749
GOBP_MYD88_DEPENDENT_TOLL_LIKE_RECEPTOR_SIGNALING_PATHWAY,750
GOBP_INNATE_IMMUNE_RESPONSE_ACTIVATING_SIGNAL_TRANSDUCTION,704
GOBP_REGULATION_OF_MYELOID_LEUKOCYTE_DIFFERENTIATION,738
GOBP_NEGATIVE_REGULATION_OF_MYELOID_LEUKOCYTE_DIFFERENTIATION,751
GOBP_POSITIVE_REGULATION_OF_MYELOID_LEUKOCYTE_DIFFERENTIATION,752
GOBP_NEGATIVE_REGULATION_OF_PEPTIDE_SECRETION,753
GOBP_POSITIVE_REGULATION_OF_PEPTIDE_SECRETION,754
GOBP_REGULATION_OF_ADAPTIVE_IMMUNE_RESPONSE,745
GOBP_NEGATIVE_REGULATION_OF_ADAPTIVE_IMMUNE_RESPONSE,744
GOBP_POSITIVE_REGULATION_OF_ADAPTIVE_IMMUNE_RESPONSE,745
GOBP_REGULATION_OF_T_HELPER_1_TYPE_IMMUNE_RESPONSE,755
GOBP_POSITIVE_REGULATION_OF_T_HELPER_1_TYPE_IMMUNE_RESPONSE,755
GOBP_POSITIVE_REGULATION_OF_TYPE_2_IMMUNE_RESPONSE,756
GOBP_NEGATIVE_REGULATION_OF_RESPONSE_TO_BIOTIC_STIMULUS,757
GOBP_POSITIVE_REGULATION_OF_RESPONSE_TO_BIOTIC_STIMULUS,758
GOBP_REGULATION_OF_RESPONSE_TO_TUMOR_CELL,720
GOBP_REGULATION_OF_INFLAMMATORY_RESPONSE_TO_ANTIGENIC_STIMULUS,727
GOBP_NEGATIVE_REGULATION_OF_INFLAMMATORY_RESPONSE_TO_ANTIGENIC_STIMULUS,727
GOBP_REGULATION_OF_MYELOID_LEUKOCYTE_MEDIATED_IMMUNITY,712
GOBP_POSITIVE_REGULATION_OF_MYELOID_LEUKOCYTE_MEDIATED_IMMUNITY,759
GOBP_REGULATION_OF_B_CELL_APOPTOTIC_PROCESS,651
GOBP_REGULATION_OF_HUMORAL_IMMUNE_RESPONSE,760
GOBP_NEGATIVE_REGULATION_OF_HUMORAL_IMMUNE_RESPONSE,747
GOBP_POSITIVE_REGULATION_OF_HUMORAL_IMMUNE_RESPONSE,760
GOBP_REGULATION_OF_HUMORAL_IMMUNE_RESPONSE_MEDIATED_BY_CIRCULATING_IMMUNOGLOBULIN,747
GOBP_RESPONSE_TO_ISCHEMIA,761
GOBP_HEART_MORPHOGENESIS,762
GOBP_SKELETAL_MUSCLE_CONTRACTION,763
GOBP_RENAL_SYSTEM_PROCESS,764
GOBP_HEART_PROCESS,683
GOBP_RESPIRATORY_SYSTEM_PROCESS,765
GOBP_VASCULAR_PROCESS_IN_CIRCULATORY_SYSTEM,766
GOBP_REGULATION_OF_SYSTEMIC_ARTERIAL_BLOOD_PRESSURE_MEDIATED_BY_A_CHEMICAL_SIGNAL,679
GOBP_RENAL_SYSTEM_PROCESS_INVOLVED_IN_REGULATION_OF_SYSTEMIC_ARTERIAL_BLOOD_PRESSURE,678
GOBP_REGULATION_OF_SYSTEMIC_ARTERIAL_BLOOD_PRESSURE,767
GOBP_REGULATION_OF_SYSTEMIC_ARTERIAL_BLOOD_PRESSURE_BY_RENIN_ANGIOTENSIN,679
GOBP_NEGATIVE_REGULATION_OF_SYSTEMIC_ARTERIAL_BLOOD_PRESSURE,768
GOBP_RENAL_WATER_HOMEOSTASIS,769
GOBP_HEART_FIELD_SPECIFICATION,641
GOBP_EMBRYONIC_HEART_TUBE_MORPHOGENESIS,770
GOBP_OUTFLOW_TRACT_SEPTUM_MORPHOGENESIS,771
GOBP_OUTFLOW_TRACT_MORPHOGENESIS,771
GOBP_REGULATION_OF_ANIMAL_ORGAN_FORMATION,641
GOBP_ENDOTHELIUM_DEVELOPMENT,660
GOBP_MORPHOGENESIS_OF_AN_ENDOTHELIUM,772
GOBP_CARDIAC_CONDUCTION_SYSTEM_DEVELOPMENT,773
GOBP_HEART_VALVE_DEVELOPMENT,774
GOBP_ATRIOVENTRICULAR_VALVE_DEVELOPMENT,775
GOBP_PULMONARY_VALVE_DEVELOPMENT,774
GOBP_HEART_VALVE_MORPHOGENESIS,774
GOBP_AORTIC_VALVE_MORPHOGENESIS,774
GOBP_PULMONARY_VALVE_MORPHOGENESIS,774
GOBP_ENDOCARDIAL_CUSHION_DEVELOPMENT,776
GOBP_EPITHELIAL_TO_MESENCHYMAL_TRANSITION_INVOLVED_IN_ENDOCARDIAL_CUSHION_FORMATION,776
GOBP_ENDOCARDIAL_CUSHION_MORPHOGENESIS,776
GOBP_CARDIAC_CHAMBER_DEVELOPMENT,762
GOBP_CARDIAC_CHAMBER_MORPHOGENESIS,762
GOBP_CARDIAC_VENTRICLE_MORPHOGENESIS,777
GOBP_CARDIAC_ATRIUM_MORPHOGENESIS,775
GOBP_CARDIAC_LEFT_VENTRICLE_MORPHOGENESIS,778
GOBP_CARDIAC_RIGHT_VENTRICLE_MORPHOGENESIS,779
GOBP_VENTRICULAR_CARDIAC_MUSCLE_TISSUE_DEVELOPMENT,777
GOBP_CARDIAC_ATRIUM_DEVELOPMENT,775
GOBP_CARDIAC_VENTRICLE_DEVELOPMENT,762
GOBP_REGULATION_OF_MEMBRANE_DEPOLARIZATION,780
GOBP_ENDOCARDIAL_CUSHION_FORMATION,776
GOBP_CARDIAC_SEPTUM_DEVELOPMENT,762
GOBP_VENTRICULAR_SEPTUM_DEVELOPMENT,762
GOBP_ATRIAL_SEPTUM_DEVELOPMENT,775
GOBP_MUSCLE_HYPERTROPHY_IN_RESPONSE_TO_STRESS,781
GOBP_PHYSIOLOGICAL_CARDIAC_MUSCLE_HYPERTROPHY,782
GOBP_TYPE_B_PANCREATIC_CELL_DEVELOPMENT,692
GOBP_AMINO_ACID_TRANSMEMBRANE_TRANSPORT,342
GOBP_METANEPHROS_MORPHOGENESIS,783
GOBP_CILIUM_MOVEMENT,616
GOBP_REGULATION_OF_CILIUM_MOVEMENT,784
GOBP_EPITHELIAL_CELL_MORPHOGENESIS,785
GOBP_AXIS_ELONGATION,786
GOBP_NEURAL_RETINA_DEVELOPMENT,787
GOBP_CHONDROCYTE_DIFFERENTIATION_INVOLVED_IN_ENDOCHONDRAL_BONE_MORPHOGENESIS,788
GOBP_GROWTH_PLATE_CARTILAGE_DEVELOPMENT,788
GOBP_POLYSACCHARIDE_METABOLIC_PROCESS,586
GOBP_MONOSACCHARIDE_METABOLIC_PROCESS,789
GOBP_FUCOSE_METABOLIC_PROCESS,790
GOBP_GLUCOSE_METABOLIC_PROCESS,789
GOBP_GLUCOSE_CATABOLIC_PROCESS,791
GOBP_AMINOGLYCAN_METABOLIC_PROCESS,246
GOBP_AMINOGLYCAN_BIOSYNTHETIC_PROCESS,246
GOBP_AMINOGLYCAN_CATABOLIC_PROCESS,52
GOBP_GLYCOSAMINOGLYCAN_CATABOLIC_PROCESS,52
GOBP_PROTEOGLYCAN_METABOLIC_PROCESS,102
GOBP_AMINO_SUGAR_METABOLIC_PROCESS,792
GOBP_N_ACETYLGLUCOSAMINE_METABOLIC_PROCESS,792
GOBP_URONIC_ACID_METABOLIC_PROCESS,79
GOBP_ETHANOL_METABOLIC_PROCESS,793
GOBP_CELLULAR_GLUCAN_METABOLIC_PROCESS,586
GOBP_CELLULAR_ALDEHYDE_METABOLIC_PROCESS,794
GOBP_ACETYL_COA_METABOLIC_PROCESS,795
GOBP_ACETYL_COA_BIOSYNTHETIC_PROCESS,795
GOBP_LACTATE_METABOLIC_PROCESS,796
GOBP_PYRUVATE_METABOLIC_PROCESS,797
GOBP_TRICARBOXYLIC_ACID_CYCLE,77
GOBP_2_OXOGLUTARATE_METABOLIC_PROCESS,798
GOBP_REGULATION_OF_CARBOHYDRATE_METABOLIC_PROCESS,789
GOBP_REGULATION_OF_GLYCOLYTIC_PROCESS,797
GOBP_REGULATION_OF_GLUCONEOGENESIS,789
GOBP_ENERGY_RESERVE_METABOLIC_PROCESS,586
GOBP_OXIDATIVE_PHOSPHORYLATION,86
GOBP_MITOCHONDRIAL_ELECTRON_TRANSPORT_NADH_TO_UBIQUINONE,468
GOBP_REGULATION_OF_NUCLEOTIDE_METABOLIC_PROCESS,797
GOBP_PURINE_NUCLEOBASE_METABOLIC_PROCESS,799
GOBP_PURINE_NUCLEOTIDE_CATABOLIC_PROCESS,800
GOBP_PYRIMIDINE_NUCLEOBASE_METABOLIC_PROCESS,801
GOBP_PYRIMIDINE_NUCLEOSIDE_METABOLIC_PROCESS,802
GOBP_PYRIMIDINE_NUCLEOTIDE_METABOLIC_PROCESS,803
GOBP_PYRIMIDINE_NUCLEOTIDE_CATABOLIC_PROCESS,803
GOBP_DNA_REPLICATION,804
GOBP_DNA_DEPENDENT_DNA_REPLICATION,804
GOBP_DNA_LIGATION,805
GOBP_DNA_UNWINDING_INVOLVED_IN_DNA_REPLICATION,806
GOBP_DNA_REPLICATION_INITIATION,267
GOBP_DNA_STRAND_ELONGATION_INVOLVED_IN_DNA_REPLICATION,807
GOBP_REGULATION_OF_DNA_REPLICATION,804
GOBP_RNA_DEPENDENT_DNA_BIOSYNTHETIC_PROCESS,602
GOBP_REGULATION_OF_DNA_REPAIR,572
GOBP_BASE_EXCISION_REPAIR,123
GOBP_NUCLEOTIDE_EXCISION_REPAIR,808
GOBP_MISMATCH_REPAIR,809
GOBP_POSTREPLICATION_REPAIR,605
GOBP_DOUBLE_STRAND_BREAK_REPAIR,603
GOBP_DOUBLE_STRAND_BREAK_REPAIR_VIA_NONHOMOLOGOUS_END_JOINING,810
GOBP_DNA_MODIFICATION,811
GOBP_DNA_METHYLATION,811
GOBP_DNA_CATABOLIC_PROCESS,606
GOBP_APOPTOTIC_DNA_FRAGMENTATION,606
GOBP_MITOTIC_RECOMBINATION,601
GOBP_DNA_PACKAGING,812
GOBP_CHROMATIN_ASSEMBLY_OR_DISASSEMBLY,812
GOBP_NUCLEOSOME_ASSEMBLY,812
GOBP_CHROMATIN_REMODELING,812
GOBP_DNA_METHYLATION_DEPENDENT_HETEROCHROMATIN_ASSEMBLY,626
GOBP_REGULATION_OF_GENE_EXPRESSION_BY_GENOMIC_IMPRINTING,813
GOBP_DNA_TEMPLATED_TRANSCRIPTION_INITIATION,814
GOBP_DNA_TEMPLATED_TRANSCRIPTION_TERMINATION,815
GOBP_DNA_TEMPLATED_TRANSCRIPTION_ELONGATION,816
GOBP_REGULATION_OF_TRANSCRIPTION_BY_RNA_POLYMERASE_I,817
GOBP_REGULATION_OF_TRANSCRIPTION_BY_RNA_POLYMERASE_III,818
GOBP_TRANSCRIPTION_BY_RNA_POLYMERASE_I,817
GOBP_TRANSCRIPTION_INITIATION_FROM_RNA_POLYMERASE_II_PROMOTER,814
GOBP_TRANSCRIPTION_ELONGATION_FROM_RNA_POLYMERASE_II_PROMOTER,816
GOBP_MRNA_SPLICE_SITE_SELECTION,584
GOBP_MRNA_CLEAVAGE,488
GOBP_TRANSCRIPTION_BY_RNA_POLYMERASE_III,818
GOBP_MITOCHONDRIAL_TRANSCRIPTION,819
GOBP_TRNA_METABOLIC_PROCESS,614
GOBP_TRNA_MODIFICATION,614
GOBP_RNA_CATABOLIC_PROCESS,589
GOBP_MRNA_CATABOLIC_PROCESS,589
GOBP_RNA_LOCALIZATION,820
GOBP_RNA_EXPORT_FROM_NUCLEUS,820
GOBP_MRNA_EXPORT_FROM_NUCLEUS,820
GOBP_TRANSLATIONAL_INITIATION,821
GOBP_TRANSLATIONAL_ELONGATION,822
GOBP_TRANSLATIONAL_TERMINATION,823
GOBP_REGULATION_OF_TRANSLATIONAL_INITIATION,821
GOBP_REGULATION_OF_TRANSLATIONAL_ELONGATION,822
GOBP_REGULATION_OF_TRANSLATIONAL_FIDELITY,824
GOBP_PROTEIN_FOLDING,825
GOBP_DE_NOVO_PROTEIN_FOLDING,826
GOBP_PROTEIN_DEPHOSPHORYLATION,827
GOBP_PROTEIN_ADP_RIBOSYLATION,828
GOBP_PROTEIN_ACETYLATION,829
GOBP_N_TERMINAL_PROTEIN_AMINO_ACID_ACETYLATION,830
GOBP_PROTEIN_METHYLATION,831
GOBP_PROTEIN_DEMETHYLATION,332
GOBP_PROTEIN_N_LINKED_GLYCOSYLATION,49
GOBP_OLIGOSACCHARIDE_LIPID_INTERMEDIATE_BIOSYNTHETIC_PROCESS,353
GOBP_N_GLYCAN_PROCESSING,832
GOBP_PROTEIN_O_LINKED_GLYCOSYLATION,833
GOBP_GPI_ANCHOR_METABOLIC_PROCESS,55
GOBP_MEMBRANE_PROTEIN_ECTODOMAIN_PROTEOLYSIS,834
GOBP_PROTEIN_MONOUBIQUITINATION,835
GOBP_PROTEIN_QUALITY_CONTROL_FOR_MISFOLDED_OR_INCOMPLETELY_SYNTHESIZED_PROTEINS,836
GOBP_GLYCOPROTEIN_CATABOLIC_PROCESS,837
GOBP_PROTEIN_DEGLYCOSYLATION,422
GOBP_CELLULAR_AMINO_ACID_METABOLIC_PROCESS,838
GOBP_ARGININE_METABOLIC_PROCESS,839
GOBP_GLUTAMATE_METABOLIC_PROCESS,840
GOBP_GLUTAMINE_METABOLIC_PROCESS,841
GOBP_METHIONINE_METABOLIC_PROCESS,243
GOBP_TYROSINE_METABOLIC_PROCESS,842
GOBP_CELLULAR_MODIFIED_AMINO_ACID_METABOLIC_PROCESS,843
GOBP_AMINO_ACID_BETAINE_METABOLIC_PROCESS,844
GOBP_THYROID_HORMONE_GENERATION,845
GOBP_POLYAMINE_METABOLIC_PROCESS,846
GOBP_POLYAMINE_BIOSYNTHETIC_PROCESS,846
GOBP_PROTEIN_EXPORT_FROM_NUCLEUS,847
GOBP_PROTEIN_TARGETING_TO_MEMBRANE,848
GOBP_COTRANSLATIONAL_PROTEIN_TARGETING_TO_MEMBRANE,849
GOBP_SRP_DEPENDENT_COTRANSLATIONAL_PROTEIN_TARGETING_TO_MEMBRANE,849
GOBP_PROTEIN_TARGETING_TO_LYSOSOME,850
GOBP_PROTEIN_TARGETING_TO_VACUOLE,850
GOBP_PROTEIN_TARGETING_TO_PEROXISOME,542
GOBP_PROTEIN_TARGETING_TO_MITOCHONDRION,851
GOBP_FATTY_ACID_BIOSYNTHETIC_PROCESS,852
GOBP_FATTY_ACID_BETA_OXIDATION,853
GOBP_UNSATURATED_FATTY_ACID_BIOSYNTHETIC_PROCESS,854
GOBP_NEUTRAL_LIPID_METABOLIC_PROCESS,855
GOBP_TRIGLYCERIDE_METABOLIC_PROCESS,855
GOBP_MEMBRANE_LIPID_METABOLIC_PROCESS,856
GOBP_PHOSPHATIDYLCHOLINE_BIOSYNTHETIC_PROCESS,857
GOBP_PHOSPHATIDYLSERINE_METABOLIC_PROCESS,858
GOBP_PHOSPHATIDYLINOSITOL_BIOSYNTHETIC_PROCESS,859
GOBP_GLYCEROL_ETHER_METABOLIC_PROCESS,860
GOBP_SPHINGOLIPID_METABOLIC_PROCESS,856
GOBP_CERAMIDE_METABOLIC_PROCESS,856
GOBP_GLYCOSYLCERAMIDE_METABOLIC_PROCESS,861
GOBP_SPHINGOMYELIN_METABOLIC_PROCESS,862
GOBP_GLYCOSPHINGOLIPID_METABOLIC_PROCESS,863
GOBP_GLYCOSPHINGOLIPID_BIOSYNTHETIC_PROCESS,863
GOBP_ICOSANOID_METABOLIC_PROCESS,58
GOBP_LEUKOTRIENE_METABOLIC_PROCESS,864
GOBP_PROSTANOID_METABOLIC_PROCESS,854
GOBP_STEROID_BIOSYNTHETIC_PROCESS,865
GOBP_BILE_ACID_BIOSYNTHETIC_PROCESS,84
GOBP_C21_STEROID_HORMONE_BIOSYNTHETIC_PROCESS,866
GOBP_GLUCOCORTICOID_BIOSYNTHETIC_PROCESS,867
GOBP_STEROID_CATABOLIC_PROCESS,868
GOBP_ISOPRENOID_METABOLIC_PROCESS,869
GOBP_TERPENOID_METABOLIC_PROCESS,869
GOBP_ONE_CARBON_METABOLIC_PROCESS,870
GOBP_NADH_METABOLIC_PROCESS,791
GOBP_NADP_METABOLIC_PROCESS,871
GOBP_NADPH_REGENERATION,871
GOBP_UBIQUINONE_METABOLIC_PROCESS,872
GOBP_GLUTATHIONE_METABOLIC_PROCESS,99
GOBP_ATP_BIOSYNTHETIC_PROCESS,873
GOBP_FOLIC_ACID_CONTAINING_COMPOUND_METABOLIC_PROCESS,108
GOBP_VITAMIN_METABOLIC_PROCESS,874
GOBP_WATER_SOLUBLE_VITAMIN_METABOLIC_PROCESS,874
GOBP_FAT_SOLUBLE_VITAMIN_METABOLIC_PROCESS,875
GOBP_PORPHYRIN_CONTAINING_COMPOUND_METABOLIC_PROCESS,876
GOBP_SUPEROXIDE_METABOLIC_PROCESS,877
GOBP_XENOBIOTIC_METABOLIC_PROCESS,878
GOBP_POTASSIUM_ION_TRANSPORT,879
GOBP_SODIUM_ION_TRANSPORT,684
GOBP_PHOSPHATE_ION_TRANSPORT,880
GOBP_CHLORIDE_TRANSPORT,881
GOBP_COPPER_ION_TRANSPORT,882
GOBP_IRON_ION_TRANSPORT,576
GOBP_MANGANESE_ION_TRANSPORT,883
GOBP_ZINC_ION_TRANSPORT,394
GOBP_WATER_TRANSPORT,884
GOBP_DICARBOXYLIC_ACID_TRANSPORT,885
GOBP_NEUROTRANSMITTER_TRANSPORT,612
GOBP_SEROTONIN_TRANSPORT,886
GOBP_MITOCHONDRIAL_TRANSPORT,851
GOBP_MITOCHONDRIAL_CALCIUM_ION_TRANSMEMBRANE_TRANSPORT,512
GOBP_OLIGOPEPTIDE_TRANSPORT,887
GOBP_EXTRACELLULAR_TRANSPORT,888
GOBP_NUCLEOTIDE_TRANSPORT,889
GOBP_AMINO_ACID_TRANSPORT,342
GOBP_CELLULAR_COPPER_ION_HOMEOSTASIS,890
GOBP_CELLULAR_IRON_ION_HOMEOSTASIS,576
GOBP_CELLULAR_SODIUM_ION_HOMEOSTASIS,891
GOBP_CELL_VOLUME_HOMEOSTASIS,892
GOBP_REGULATION_OF_PH,893
GOBP_ENDOPLASMIC_RETICULUM_TO_GOLGI_VESICLE_MEDIATED_TRANSPORT,894
GOBP_RETROGRADE_VESICLE_MEDIATED_TRANSPORT_GOLGI_TO_ENDOPLASMIC_RETICULUM,895
GOBP_INTRA_GOLGI_VESICLE_MEDIATED_TRANSPORT,896
GOBP_POST_GOLGI_VESICLE_MEDIATED_TRANSPORT,897
GOBP_GOLGI_TO_PLASMA_MEMBRANE_TRANSPORT,897
GOBP_GOLGI_TO_ENDOSOME_TRANSPORT,898
GOBP_GOLGI_TO_VACUOLE_TRANSPORT,899
GOBP_RECEPTOR_MEDIATED_ENDOCYTOSIS,900
GOBP_VESICLE_BUDDING_FROM_MEMBRANE,901
GOBP_VESICLE_TARGETING,902
GOBP_VESICLE_DOCKING_INVOLVED_IN_EXOCYTOSIS,903
GOBP_PINOCYTOSIS,904
GOBP_PHAGOCYTOSIS_RECOGNITION,729
GOBP_ACTIVATION_OF_CYSTEINE_TYPE_ENDOPEPTIDASE_ACTIVITY_INVOLVED_IN_APOPTOTIC_PROCESS,905
GOBP_CELLULAR_COMPONENT_DISASSEMBLY_INVOLVED_IN_EXECUTION_PHASE_OF_APOPTOSIS,606
GOBP_INFLAMMATORY_CELL_APOPTOTIC_PROCESS,906
GOBP_SUBSTRATE_DEPENDENT_CELL_MIGRATION,907
GOBP_REGULATION_OF_MUSCLE_CONTRACTION,683
GOBP_SMOOTH_MUSCLE_CONTRACTION,908
GOBP_REGULATION_OF_SMOOTH_MUSCLE_CONTRACTION,908
GOBP_STRIATED_MUSCLE_CONTRACTION,683
GOBP_REGULATION_OF_STRIATED_MUSCLE_CONTRACTION,683
GOBP_SYNCYTIUM_FORMATION,909
GOBP_ACUTE_PHASE_RESPONSE,733
GOBP_COMPLEMENT_ACTIVATION,729
GOBP_COMPLEMENT_ACTIVATION_ALTERNATIVE_PATHWAY,910
GOBP_CELLULAR_DEFENSE_RESPONSE,911
GOBP_RESPONSE_TO_OSMOTIC_STRESS,912
GOBP_HYPEROSMOTIC_RESPONSE,913
GOBP_DNA_DAMAGE_RESPONSE_SIGNAL_TRANSDUCTION_BY_P53_CLASS_MEDIATOR_RESULTING_IN_CELL_CYCLE_ARREST,914
GOBP_ER_NUCLEUS_SIGNALING_PATHWAY,915
GOBP_RESPONSE_TO_STEROL_DEPLETION,916
GOBP_NUCLEUS_ORGANIZATION,917
GOBP_NUCLEAR_ENVELOPE_ORGANIZATION,918
GOBP_NUCLEOLUS_ORGANIZATION,919
GOBP_MITOCHONDRIAL_MEMBRANE_ORGANIZATION,920
GOBP_INNER_MITOCHONDRIAL_MEMBRANE_ORGANIZATION,921
GOBP_PLASMA_MEMBRANE_ORGANIZATION,922
GOBP_MICROTUBULE_DEPOLYMERIZATION,923
GOBP_MICROTUBULE_NUCLEATION,924
GOBP_ENDOPLASMIC_RETICULUM_ORGANIZATION,925
GOBP_GOLGI_ORGANIZATION,926
GOBP_PEROXISOME_ORGANIZATION,542
GOBP_ENDOSOME_ORGANIZATION,927
GOBP_VACUOLE_ORGANIZATION,928
GOBP_VACUOLAR_TRANSPORT,929
GOBP_VACUOLAR_ACIDIFICATION,893
GOBP_PROTEIN_CATABOLIC_PROCESS_IN_THE_VACUOLE,930
GOBP_LYSOSOMAL_TRANSPORT,929
GOBP_CELL_CELL_JUNCTION_ASSEMBLY,931
GOBP_SPINDLE_ORGANIZATION,932
GOBP_MITOTIC_SPINDLE_ORGANIZATION,932
GOBP_SISTER_CHROMATID_COHESION,933
GOBP_REGULATION_OF_SISTER_CHROMATID_COHESION,933
GOBP_MITOTIC_SISTER_CHROMATID_COHESION,933
GOBP_MITOTIC_CHROMOSOME_CONDENSATION,934
GOBP_MITOTIC_METAPHASE_PLATE_CONGRESSION,935
GOBP_REGULATION_OF_MITOTIC_NUCLEAR_DIVISION,936
GOBP_MITOTIC_CELL_CYCLE_CHECKPOINT_SIGNALING,578
GOBP_MITOTIC_G2_DNA_DAMAGE_CHECKPOINT_SIGNALING,937
GOBP_REGULATION_OF_EXIT_FROM_MITOSIS,938
GOBP_NUCLEAR_MIGRATION,939
GOBP_HOMOLOGOUS_CHROMOSOME_PAIRING_AT_MEIOSIS,940
GOBP_MALE_MEIOTIC_NUCLEAR_DIVISION,941
GOBP_MALE_MEIOSIS_I,941
GOBP_FEMALE_MEIOTIC_NUCLEAR_DIVISION,942
GOBP_HOMOPHILIC_CELL_ADHESION_VIA_PLASMA_MEMBRANE_ADHESION_MOLECULES,943
GOBP_HETEROPHILIC_CELL_CELL_ADHESION_VIA_PLASMA_MEMBRANE_CELL_ADHESION_MOLECULES,944
GOBP_NEURON_CELL_CELL_ADHESION,945
GOBP_CELL_MATRIX_ADHESION,670
GOBP_ESTABLISHMENT_OR_MAINTENANCE_OF_CELL_POLARITY,946
GOBP_ESTABLISHMENT_OF_TISSUE_POLARITY,637
GOBP_REGULATION_OF_EPIDERMAL_GROWTH_FACTOR_ACTIVATED_RECEPTOR_ACTIVITY,947
GOBP_TRANSFORMING_GROWTH_FACTOR_BETA_RECEPTOR_SIGNALING_PATHWAY,948
GOBP_G_PROTEIN_COUPLED_RECEPTOR_SIGNALING_PATHWAY_COUPLED_TO_CYCLIC_NUCLEOTIDE_SECOND_MESSENGER,351
GOBP_ADENYLATE_CYCLASE_MODULATING_G_PROTEIN_COUPLED_RECEPTOR_SIGNALING_PATHWAY,949
GOBP_ADENYLATE_CYCLASE_ACTIVATING_G_PROTEIN_COUPLED_RECEPTOR_SIGNALING_PATHWAY,949
GOBP_ACTIVATION_OF_ADENYLATE_CYCLASE_ACTIVITY,950
GOBP_ADENYLATE_CYCLASE_INHIBITING_G_PROTEIN_COUPLED_RECEPTOR_SIGNALING_PATHWAY,951
GOBP_NEGATIVE_REGULATION_OF_ADENYLATE_CYCLASE_ACTIVITY,952
GOBP_PHOSPHOLIPASE_C_ACTIVATING_G_PROTEIN_COUPLED_RECEPTOR_SIGNALING_PATHWAY,953
GOBP_ACTIVATION_OF_PHOSPHOLIPASE_C_ACTIVITY,954
GOBP_PROTEIN_KINASE_C_ACTIVATING_G_PROTEIN_COUPLED_RECEPTOR_SIGNALING_PATHWAY,955
GOBP_SEROTONIN_RECEPTOR_SIGNALING_PATHWAY,351
GOBP_DOPAMINE_RECEPTOR_SIGNALING_PATHWAY,956
GOBP_G_PROTEIN_COUPLED_ACETYLCHOLINE_RECEPTOR_SIGNALING_PATHWAY,957
GOBP_GAMMA_AMINOBUTYRIC_ACID_SIGNALING_PATHWAY,958
GOBP_GLUTAMATE_RECEPTOR_SIGNALING_PATHWAY,959
GOBP_G_PROTEIN_COUPLED_GLUTAMATE_RECEPTOR_SIGNALING_PATHWAY,960
GOBP_NEUROPEPTIDE_SIGNALING_PATHWAY,961
GOBP_NOTCH_SIGNALING_PATHWAY,962
GOBP_SMOOTHENED_SIGNALING_PATHWAY,963
GOBP_INTEGRIN_MEDIATED_SIGNALING_PATHWAY,964
GOBP_I_KAPPAB_KINASE_NF_KAPPAB_SIGNALING,965
GOBP_ACTIVATION_OF_NF_KAPPAB_INDUCING_KINASE_ACTIVITY,966
GOBP_I_KAPPAB_PHOSPHORYLATION,967
GOBP_JNK_CASCADE,968
GOBP_TYROSINE_PHOSPHORYLATION_OF_STAT_PROTEIN,969
GOBP_NITRIC_OXIDE_MEDIATED_SIGNAL_TRANSDUCTION,970
GOBP_RHO_PROTEIN_SIGNAL_TRANSDUCTION,971
GOBP_NEUROTRANSMITTER_SECRETION,612
GOBP_SYNAPTIC_TRANSMISSION_CHOLINERGIC,972
GOBP_ENSHEATHMENT_OF_NEURONS,973
GOBP_NEUROMUSCULAR_SYNAPTIC_TRANSMISSION,974
GOBP_GERM_CELL_DEVELOPMENT,975
GOBP_SPERMATID_NUCLEUS_DIFFERENTIATION,976
GOBP_FEMALE_GAMETE_GENERATION,618
GOBP_SINGLE_FERTILIZATION,977
GOBP_BINDING_OF_SPERM_TO_ZONA_PELLUCIDA,978
GOBP_ACROSOME_REACTION,979
GOBP_FUSION_OF_SPERM_TO_EGG_PLASMA_MEMBRANE_INVOLVED_IN_SINGLE_FERTILIZATION,980
GOBP_BLASTODERM_SEGMENTATION,600
GOBP_TRIPARTITE_REGIONAL_SUBDIVISION,600
GOBP_GASTRULATION,631
GOBP_SEGMENT_SPECIFICATION,981
GOBP_ECTODERM_DEVELOPMENT,982
GOBP_NEUROBLAST_PROLIFERATION,687
GOBP_AXONAL_FASCICULATION,983
GOBP_SYNAPSE_ASSEMBLY,984
GOBP_PERIPHERAL_NERVOUS_SYSTEM_DEVELOPMENT,985
GOBP_SALIVARY_GLAND_DEVELOPMENT,986
GOBP_ENDODERM_DEVELOPMENT,632
GOBP_MESODERM_DEVELOPMENT,631
GOBP_MYOBLAST_FUSION,909
GOBP_NEUROMUSCULAR_JUNCTION_DEVELOPMENT,987
GOBP_SEX_DETERMINATION,988
GOBP_SEX_DIFFERENTIATION,989
GOBP_DOSAGE_COMPENSATION,990
GOBP_EMBRYO_IMPLANTATION,991
GOBP_CELL_AGING,992
GOBP_RESPONSE_TO_NUTRIENT,993
GOBP_RESPIRATORY_GASEOUS_EXCHANGE_BY_RESPIRATORY_SYSTEM,765
GOBP_DIGESTION,994
GOBP_EXCRETION,995
GOBP_BODY_FLUID_SECRETION,996
GOBP_LACTATION,996
GOBP_HEMOSTASIS,997
GOBP_PHOTOTRANSDUCTION,998
GOBP_PHOTOTRANSDUCTION_VISIBLE_LIGHT,999
GOBP_LEARNING,1000
GOBP_MEMORY,1001
GOBP_LONG_TERM_MEMORY,1002
GOBP_MATING_BEHAVIOR,1003
GOBP_MATING,1004
GOBP_COPULATION,1004
GOBP_RHYTHMIC_BEHAVIOR,1005
GOBP_CIRCADIAN_RHYTHM,1006
GOBP_GROOMING_BEHAVIOR,1007
GOBP_LOCOMOTORY_BEHAVIOR,1008
GOBP_FEEDING_BEHAVIOR,1009
GOBP_VISUAL_BEHAVIOR,1000
GOBP_CHEMOSENSORY_BEHAVIOR,1010
GOBP_REGULATION_OF_HEART_CONTRACTION,683
GOBP_TRNA_PROCESSING,614
GOBP_CELL_RECOGNITION,1011
GOBP_NEURON_RECOGNITION,983
GOBP_MOTOR_NEURON_AXON_GUIDANCE,1012
GOBP_MITOCHONDRIAL_FUSION,1013
GOBP_AXO_DENDRITIC_TRANSPORT,1014
GOBP_ANTEROGRADE_AXONAL_TRANSPORT,1014
GOBP_RETROGRADE_AXONAL_TRANSPORT,1015
GOBP_ACTIN_POLYMERIZATION_OR_DEPOLYMERIZATION,1016
GOBP_NEGATIVE_REGULATION_OF_DNA_REPLICATION,1017
GOBP_BILE_ACID_METABOLIC_PROCESS,84
GOBP_C21_STEROID_HORMONE_METABOLIC_PROCESS,866
GOBP_ANDROGEN_METABOLIC_PROCESS,1018
GOBP_ESTROGEN_METABOLIC_PROCESS,1019
GOBP_GLUCOCORTICOID_METABOLIC_PROCESS,867
GOBP_REGULATION_OF_BLOOD_PRESSURE,767
GOBP_OPSONIZATION,1020
GOBP_SULFATE_TRANSPORT,1021
GOBP_REGULATION_OF_G_PROTEIN_COUPLED_RECEPTOR_SIGNALING_PATHWAY,1022
GOBP_INSULIN_RECEPTOR_SIGNALING_PATHWAY,1023
GOBP_ISOPRENOID_BIOSYNTHETIC_PROCESS,1024
GOBP_ASSOCIATIVE_LEARNING,1000
GOBP_ENDOSOME_TO_LYSOSOME_TRANSPORT,929
GOBP_HISTONE_MRNA_METABOLIC_PROCESS,1025
GOBP_DETERMINATION_OF_ADULT_LIFESPAN,1026
GOBP_ADULT_LOCOMOTORY_BEHAVIOR,1008
GOBP_GLIAL_CELL_MIGRATION,1027
GOBP_ASYMMETRIC_CELL_DIVISION,1028
GOBP_REGULATION_OF_CELL_SHAPE,1029
GOBP_REGULATION_OF_CELL_SIZE,1030
GOBP_RESPIRATORY_CHAIN_COMPLEX_IV_ASSEMBLY,1031
GOBP_FIBROBLAST_GROWTH_FACTOR_RECEPTOR_SIGNALING_PATHWAY,1032
GOBP_REGULATION_OF_SMOOTHENED_SIGNALING_PATHWAY,963
GOBP_REGULATION_OF_NOTCH_SIGNALING_PATHWAY,962
GOBP_ATTACHMENT_OF_SPINDLE_MICROTUBULES_TO_KINETOCHORE,1033
GOBP_EXTRINSIC_APOPTOTIC_SIGNALING_PATHWAY_VIA_DEATH_DOMAIN_RECEPTORS,1034
GOBP_INTRINSIC_APOPTOTIC_SIGNALING_PATHWAY_IN_RESPONSE_TO_DNA_DAMAGE,1035
GOBP_INTRINSIC_APOPTOTIC_SIGNALING_PATHWAY_IN_RESPONSE_TO_OXIDATIVE_STRESS,1036
GOBP_APOPTOTIC_MITOCHONDRIAL_CHANGES,655
GOBP_CARBOHYDRATE_TRANSPORT,1037
GOBP_CELLULAR_AMINO_ACID_BIOSYNTHETIC_PROCESS,1038
GOBP_PHOSPHOLIPID_BIOSYNTHETIC_PROCESS,859
GOBP_AEROBIC_RESPIRATION,86
GOBP_FATTY_ACID_CATABOLIC_PROCESS,853
GOBP_CELLULAR_AMINO_ACID_CATABOLIC_PROCESS,838
GOBP_GLUTAMINE_FAMILY_AMINO_ACID_METABOLIC_PROCESS,840
GOBP_GLUTAMINE_FAMILY_AMINO_ACID_CATABOLIC_PROCESS,840
GOBP_ASPARTATE_FAMILY_AMINO_ACID_METABOLIC_PROCESS,243
GOBP_ASPARTATE_FAMILY_AMINO_ACID_BIOSYNTHETIC_PROCESS,243
GOBP_ASPARTATE_FAMILY_AMINO_ACID_CATABOLIC_PROCESS,1039
GOBP_SERINE_FAMILY_AMINO_ACID_METABOLIC_PROCESS,1040
GOBP_SERINE_FAMILY_AMINO_ACID_BIOSYNTHETIC_PROCESS,1040
GOBP_AROMATIC_AMINO_ACID_FAMILY_METABOLIC_PROCESS,842
GOBP_AROMATIC_AMINO_ACID_FAMILY_CATABOLIC_PROCESS,842
GOBP_BRANCHED_CHAIN_AMINO_ACID_METABOLIC_PROCESS,91
GOBP_BRANCHED_CHAIN_AMINO_ACID_CATABOLIC_PROCESS,91
GOBP_GLUTAMINE_FAMILY_AMINO_ACID_BIOSYNTHETIC_PROCESS,1041
GOBP_VITAMIN_BIOSYNTHETIC_PROCESS,1042
GOBP_VITAMIN_CATABOLIC_PROCESS,1043
GOBP_NUCLEOBASE_METABOLIC_PROCESS,799
GOBP_NUCLEOSIDE_METABOLIC_PROCESS,1044
GOBP_RIBONUCLEOSIDE_METABOLIC_PROCESS,1044
GOBP_NUCLEOSIDE_MONOPHOSPHATE_METABOLIC_PROCESS,1045
GOBP_NUCLEOSIDE_MONOPHOSPHATE_BIOSYNTHETIC_PROCESS,1045
GOBP_NUCLEOSIDE_MONOPHOSPHATE_CATABOLIC_PROCESS,1046
GOBP_PURINE_NUCLEOSIDE_MONOPHOSPHATE_METABOLIC_PROCESS,1045
GOBP_PURINE_NUCLEOSIDE_MONOPHOSPHATE_BIOSYNTHETIC_PROCESS,1045
GOBP_PYRIMIDINE_NUCLEOSIDE_MONOPHOSPHATE_METABOLIC_PROCESS,1047
GOBP_PYRIMIDINE_NUCLEOSIDE_MONOPHOSPHATE_BIOSYNTHETIC_PROCESS,1047
GOBP_NUCLEOSIDE_DIPHOSPHATE_METABOLIC_PROCESS,797
GOBP_NUCLEOSIDE_TRIPHOSPHATE_METABOLIC_PROCESS,873
GOBP_NUCLEOSIDE_TRIPHOSPHATE_BIOSYNTHETIC_PROCESS,873
GOBP_PYRIMIDINE_NUCLEOSIDE_TRIPHOSPHATE_METABOLIC_PROCESS,1048
GOBP_PYRIMIDINE_NUCLEOSIDE_TRIPHOSPHATE_BIOSYNTHETIC_PROCESS,1048
GOBP_PURINE_DEOXYRIBONUCLEOTIDE_METABOLIC_PROCESS,1049
GOBP_RIBONUCLEOSIDE_MONOPHOSPHATE_BIOSYNTHETIC_PROCESS,1045
GOBP_RIBONUCLEOSIDE_MONOPHOSPHATE_CATABOLIC_PROCESS,1046
GOBP_RIBONUCLEOSIDE_MONOPHOSPHATE_METABOLIC_PROCESS,1045
GOBP_DEOXYRIBONUCLEOSIDE_MONOPHOSPHATE_METABOLIC_PROCESS,1046
GOBP_NUCLEOSIDE_CATABOLIC_PROCESS,802
GOBP_PYRIMIDINE_RIBONUCLEOSIDE_MONOPHOSPHATE_METABOLIC_PROCESS,1047
GOBP_RIBONUCLEOSIDE_DIPHOSPHATE_METABOLIC_PROCESS,797
GOBP_CYCLIC_NUCLEOTIDE_METABOLIC_PROCESS,1050
GOBP_CYCLIC_NUCLEOTIDE_BIOSYNTHETIC_PROCESS,1050
GOBP_RIBONUCLEOSIDE_TRIPHOSPHATE_METABOLIC_PROCESS,873
GOBP_DEOXYRIBONUCLEOSIDE_TRIPHOSPHATE_METABOLIC_PROCESS,1051
GOBP_RIBONUCLEOSIDE_TRIPHOSPHATE_BIOSYNTHETIC_PROCESS,873
GOBP_PYRIMIDINE_RIBONUCLEOSIDE_TRIPHOSPHATE_METABOLIC_PROCESS,1048
GOBP_PYRIMIDINE_RIBONUCLEOTIDE_METABOLIC_PROCESS,1048
GOBP_PYRIMIDINE_DEOXYRIBONUCLEOTIDE_METABOLIC_PROCESS,803
GOBP_PYRIMIDINE_RIBONUCLEOTIDE_BIOSYNTHETIC_PROCESS,1048
GOBP_NUCLEOTIDE_SUGAR_METABOLIC_PROCESS,100
GOBP_NUCLEOTIDE_SUGAR_BIOSYNTHETIC_PROCESS,100
GOBP_GLYCOLIPID_BIOSYNTHETIC_PROCESS,863
GOBP_GLUCAN_BIOSYNTHETIC_PROCESS,586
GOBP_RIBONUCLEOTIDE_CATABOLIC_PROCESS,800
GOBP_DEOXYRIBONUCLEOTIDE_BIOSYNTHETIC_PROCESS,1051
GOBP_RESPONSE_TO_TEMPERATURE_STIMULUS,1052
GOBP_CELLULAR_RESPONSE_TO_STARVATION,1053
GOBP_RESPONSE_TO_PH,1054
GOBP_MRNA_TRANSCRIPTION,1055
GOBP_SNRNA_TRANSCRIPTION,1056
GOBP_RRNA_TRANSCRIPTION,1057
GOBP_AMINE_METABOLIC_PROCESS,1058
GOBP_AMINE_BIOSYNTHETIC_PROCESS,1059
GOBP_AMINE_CATABOLIC_PROCESS,1060
GOBP_OLIGOSACCHARIDE_METABOLIC_PROCESS,60
GOBP_OLIGOSACCHARIDE_BIOSYNTHETIC_PROCESS,60
GOBP_PHOSPHOLIPID_CATABOLIC_PROCESS,1061
GOBP_TOXIN_METABOLIC_PROCESS,1062
GOBP_RESPONSE_TO_HEAT,1052
GOBP_RESPONSE_TO_COLD,1063
GOBP_RESPONSE_TO_UV,1064
GOBP_RNA_MODIFICATION,614
GOBP_FERTILIZATION,977
GOBP_DETECTION_OF_ABIOTIC_STIMULUS,998
GOBP_DETECTION_OF_LIGHT_STIMULUS,998
GOBP_DETECTION_OF_VISIBLE_LIGHT,998
GOBP_DETECTION_OF_BIOTIC_STIMULUS,1065
GOBP_RESPONSE_TO_MECHANICAL_STIMULUS,1066
GOBP_RESPONSE_TO_FUNGUS,1067
GOBP_RESPONSE_TO_TOXIC_SUBSTANCE,1068
GOBP_PHOTOPERIODISM,1069
GOBP_ENTRAINMENT_OF_CIRCADIAN_CLOCK,1069
GOBP_RESPONSE_TO_SALT_STRESS,913
GOBP_CATECHOL_CONTAINING_COMPOUND_METABOLIC_PROCESS,1058
GOBP_CATECHOL_CONTAINING_COMPOUND_BIOSYNTHETIC_PROCESS,1059
GOBP_RESPONSE_TO_CARBOHYDRATE,628
GOBP_HORMONE_MEDIATED_SIGNALING_PATHWAY,1070
GOBP_POST_EMBRYONIC_DEVELOPMENT,1071
GOBP_AXIS_SPECIFICATION,600
GOBP_SPECIFICATION_OF_SYMMETRY,770
GOBP_EMBRYONIC_PATTERN_SPECIFICATION,600
GOBP_EPIDERMAL_CELL_DIFFERENTIATION,1072
GOBP_HORMONE_TRANSPORT,754
GOBP_ANTERIOR_POSTERIOR_AXIS_SPECIFICATION,600
GOBP_ANTERIOR_POSTERIOR_PATTERN_SPECIFICATION,640
GOBP_DORSAL_VENTRAL_PATTERN_FORMATION,1073
GOBP_PROXIMAL_DISTAL_PATTERN_FORMATION,1074
GOBP_CELL_CELL_RECOGNITION,978
GOBP_OOCYTE_DIFFERENTIATION,618
GOBP_GLIAL_CELL_DIFFERENTIATION,1075
GOBP_CARDIOBLAST_DIFFERENTIATION,1076
GOBP_RESPONSE_TO_IRON_ION,1077
GOBP_RESPONSE_TO_MANGANESE_ION,1078
GOBP_RESPONSE_TO_ZINC_ION,1079
GOBP_SPECIFICATION_OF_ANIMAL_ORGAN_IDENTITY,641
GOBP_REGULATION_OF_PROTON_TRANSPORT,1080
GOBP_RESPONSE_TO_X_RAY,1081
GOBP_BODY_MORPHOGENESIS,1082
GOBP_RESPONSE_TO_IONIZING_RADIATION,1083
GOBP_RESPONSE_TO_UV_B,1084
GOBP_RESPONSE_TO_LITHIUM_ION,1085
GOBP_VASCULAR_TRANSPORT,1086
GOBP_NADH_DEHYDROGENASE_COMPLEX_ASSEMBLY,468
GOBP_MULTICELLULAR_ORGANISM_AGING,1026
GOBP_RESPONSE_TO_LEAD_ION,1087
GOBP_REGULATION_OF_HYDROGEN_PEROXIDE_METABOLIC_PROCESS,1088
GOBP_MEMBRANE_INVAGINATION,729
GOBP_RESPONSE_TO_GAMMA_RADIATION,1083
GOBP_HISTONE_MONOUBIQUITINATION,1089
GOBP_RESPONSE_TO_ACIDIC_PH,1054
GOBP_REGULATION_OF_CELL_FATE_COMMITMENT,1090
GOBP_EXIT_FROM_MITOSIS,938
GOBP_POSITIVE_REGULATION_OF_HEART_RATE,1091
GOBP_MESENCHYMAL_CELL_PROLIFERATION,688
GOBP_REGULATION_OF_MESENCHYMAL_CELL_PROLIFERATION,688
GOBP_NEGATIVE_REGULATION_OF_PEPTIDASE_ACTIVITY,1092
GOBP_REGULATION_OF_SIGNALING_RECEPTOR_ACTIVITY,1093
GOBP_REGULATION_OF_GASTRULATION,1094
GOBP_NEGATIVE_REGULATION_OF_AUTOPHAGY,1095
GOBP_POSITIVE_REGULATION_OF_AUTOPHAGY,1096
GOBP_REGULATION_OF_PHOSPHOLIPASE_ACTIVITY,954
GOBP_POSITIVE_REGULATION_OF_PHOSPHOLIPASE_ACTIVITY,954
GOBP_REGULATION_OF_CALCIUM_ION_TRANSPORT_INTO_CYTOSOL,1097
GOBP_NEGATIVE_REGULATION_OF_CALCIUM_ION_TRANSPORT_INTO_CYTOSOL,1098
GOBP_POSITIVE_REGULATION_OF_CALCIUM_ION_TRANSPORT_INTO_CYTOSOL,1099
GOBP_REGULATION_OF_TRANSPOSITION,1100
GOBP_REGULATION_OF_PLATELET_ACTIVATION,1101
GOBP_NEGATIVE_REGULATION_OF_PLATELET_ACTIVATION,1101
GOBP_REGULATION_OF_CELLULAR_KETONE_METABOLIC_PROCESS,1102
GOBP_REGULATION_OF_KETONE_BIOSYNTHETIC_PROCESS,866
GOBP_REGULATION_OF_DOUBLE_STRAND_BREAK_REPAIR_VIA_HOMOLOGOUS_RECOMBINATION,572
GOBP_VASCULAR_ENDOTHELIAL_GROWTH_FACTOR_PRODUCTION,1103
GOBP_POSITIVE_REGULATION_OF_VASCULAR_ENDOTHELIAL_GROWTH_FACTOR_PRODUCTION,1103
GOBP_MIRNA_METABOLIC_PROCESS,1104
GOBP_REGULATION_OF_LAMELLIPODIUM_ASSEMBLY,1105
GOBP_POSITIVE_REGULATION_OF_LAMELLIPODIUM_ASSEMBLY,1105
GOBP_REGULATION_OF_ENDOTHELIAL_CELL_MIGRATION,1106
GOBP_POSITIVE_REGULATION_OF_ENDOTHELIAL_CELL_MIGRATION,1106
GOBP_REGULATION_OF_EPITHELIAL_CELL_MIGRATION,1106
GOBP_NEGATIVE_REGULATION_OF_EPITHELIAL_CELL_MIGRATION,685
GOBP_POSITIVE_REGULATION_OF_EPITHELIAL_CELL_MIGRATION,1106
GOBP_REGULATION_OF_PLATELET_DERIVED_GROWTH_FACTOR_RECEPTOR_SIGNALING_PATHWAY,1107
GOBP_CELL_COMMUNICATION_BY_ELECTRICAL_COUPLING,1108
GOBP_REGULATION_OF_CELL_COMMUNICATION_BY_ELECTRICAL_COUPLING,1108
GOBP_NEGATIVE_REGULATION_OF_MUSCLE_CELL_APOPTOTIC_PROCESS,1109
GOBP_MUSCLE_CELL_APOPTOTIC_PROCESS,1109
GOBP_STRIATED_MUSCLE_CELL_APOPTOTIC_PROCESS,1109
GOBP_POSITIVE_REGULATION_OF_MUSCLE_CELL_APOPTOTIC_PROCESS,1110
GOBP_NEGATIVE_REGULATION_OF_STRIATED_MUSCLE_CELL_APOPTOTIC_PROCESS,1109
GOBP_EPITHELIAL_STRUCTURE_MAINTENANCE,1111
GOBP_REGULATION_OF_CELLULAR_CARBOHYDRATE_METABOLIC_PROCESS,789
GOBP_POSITIVE_REGULATION_OF_CELLULAR_CARBOHYDRATE_METABOLIC_PROCESS,1112
GOBP_REGULATION_OF_COLLAGEN_METABOLIC_PROCESS,1113
GOBP_POSITIVE_REGULATION_OF_COLLAGEN_METABOLIC_PROCESS,1113
GOBP_REGULATION_OF_EPITHELIAL_TO_MESENCHYMAL_TRANSITION,656
GOBP_POSITIVE_REGULATION_OF_EPITHELIAL_TO_MESENCHYMAL_TRANSITION,656
GOBP_NEGATIVE_REGULATION_OF_EPITHELIAL_TO_MESENCHYMAL_TRANSITION,1114
GOBP_POSITIVE_REGULATION_OF_CELL_DEVELOPMENT,1115
GOBP_NEGATIVE_REGULATION_OF_CELL_DEVELOPMENT,1116
GOBP_PROTEIN_KINASE_A_SIGNALING,1117
GOBP_REGULATION_OF_PROTEIN_KINASE_A_SIGNALING,1117
GOBP_REGULATION_OF_MACROPHAGE_DERIVED_FOAM_CELL_DIFFERENTIATION,1118
GOBP_POSITIVE_REGULATION_OF_MACROPHAGE_DERIVED_FOAM_CELL_DIFFERENTIATION,1118
GOBP_REGULATION_OF_MACROPHAGE_CHEMOTAXIS,1119
GOBP_POSITIVE_REGULATION_OF_MACROPHAGE_CHEMOTAXIS,1119
GOBP_FIBROBLAST_MIGRATION,1120
GOBP_REGULATION_OF_FIBROBLAST_MIGRATION,1120
GOBP_POSITIVE_REGULATION_OF_SODIUM_ION_TRANSPORT,1121
GOBP_NEGATIVE_REGULATION_OF_SODIUM_ION_TRANSPORT,1122
GOBP_REGULATION_OF_CELL_MORPHOGENESIS_INVOLVED_IN_DIFFERENTIATION,1123
GOBP_POSITIVE_REGULATION_OF_CELL_MORPHOGENESIS_INVOLVED_IN_DIFFERENTIATION,1123
GOBP_REGULATION_OF_PEPTIDYL_THREONINE_PHOSPHORYLATION,1124
GOBP_POSITIVE_REGULATION_OF_PEPTIDYL_THREONINE_PHOSPHORYLATION,1124
GOBP_NEGATIVE_REGULATION_OF_PEPTIDYL_THREONINE_PHOSPHORYLATION,1125
GOBP_REGULATION_OF_TUMOR_NECROSIS_FACTOR_MEDIATED_SIGNALING_PATHWAY,1126
GOBP_NEGATIVE_REGULATION_OF_TUMOR_NECROSIS_FACTOR_MEDIATED_SIGNALING_PATHWAY,1126
GOBP_REGULATION_OF_CELL_SUBSTRATE_ADHESION,670
GOBP_POSITIVE_REGULATION_OF_CELL_SUBSTRATE_ADHESION,670
GOBP_NEGATIVE_REGULATION_OF_CELL_SUBSTRATE_ADHESION,671
GOBP_T_CELL_CHEMOTAXIS,1127
GOBP_REGULATION_OF_T_CELL_CHEMOTAXIS,1127
GOBP_REGULATION_OF_MITOCHONDRION_ORGANIZATION,655
GOBP_POSITIVE_REGULATION_OF_MITOCHONDRION_ORGANIZATION,655
GOBP_NEGATIVE_REGULATION_OF_MITOCHONDRION_ORGANIZATION,1128
GOBP_REGULATION_OF_GLUCOSE_TRANSMEMBRANE_TRANSPORT,1037
GOBP_POSITIVE_REGULATION_OF_GLUCOSE_TRANSMEMBRANE_TRANSPORT,1037
GOBP_NEGATIVE_REGULATION_OF_GLUCOSE_TRANSMEMBRANE_TRANSPORT,1129
GOBP_REGULATION_OF_MYOTUBE_DIFFERENTIATION,1130
GOBP_NEGATIVE_REGULATION_OF_MYOTUBE_DIFFERENTIATION,1131
GOBP_TELOMERE_MAINTENANCE_VIA_TELOMERE_LENGTHENING,602
GOBP_REGULATION_OF_KERATINOCYTE_PROLIFERATION,1132
GOBP_RETINA_LAYER_FORMATION,787
GOBP_REGULATION_OF_CHROMATIN_ASSEMBLY,626
GOBP_POSITIVE_REGULATION_OF_PATHWAY_RESTRICTED_SMAD_PROTEIN_PHOSPHORYLATION,1133
GOBP_REGULATION_OF_TRIGLYCERIDE_BIOSYNTHETIC_PROCESS,1134
GOBP_REGULATION_OF_CHOLESTEROL_EFFLUX,1135
GOBP_POSITIVE_REGULATION_OF_CHOLESTEROL_EFFLUX,1135
GOBP_CHOLESTEROL_STORAGE,1136
GOBP_REGULATION_OF_CARDIAC_MUSCLE_CONTRACTION_BY_REGULATION_OF_THE_RELEASE_OF_SEQUESTERED_CALCIUM_ION,1137
GOBP_REGULATION_OF_CARDIAC_MUSCLE_CONTRACTION_BY_CALCIUM_ION_SIGNALING,1137
GOBP_REGULATION_OF_LIPID_STORAGE,1138
GOBP_POSITIVE_REGULATION_OF_LIPID_STORAGE,1138
GOBP_NEGATIVE_REGULATION_OF_LIPID_STORAGE,1136
GOBP_REGULATION_OF_SEQUESTERING_OF_TRIGLYCERIDE,1139
GOBP_POSITIVE_REGULATION_OF_STEROID_BIOSYNTHETIC_PROCESS,1140
GOBP_REGULATION_OF_GLUCOSE_METABOLIC_PROCESS,789
GOBP_POSITIVE_REGULATION_OF_GLUCOSE_METABOLIC_PROCESS,1112
GOBP_REGULATION_OF_INOSITOL_PHOSPHATE_BIOSYNTHETIC_PROCESS,1141
GOBP_REGULATION_OF_PHOSPHATASE_ACTIVITY,1142
GOBP_POSITIVE_REGULATION_OF_PHOSPHATASE_ACTIVITY,1143
GOBP_NEGATIVE_REGULATION_OF_PHOSPHATASE_ACTIVITY,1142
GOBP_CELLULAR_COMPONENT_ASSEMBLY_INVOLVED_IN_MORPHOGENESIS,1144
GOBP_MACROPHAGE_CYTOKINE_PRODUCTION,1145
GOBP_REGULATION_OF_NECROTIC_CELL_DEATH,1146
GOBP_POSITIVE_REGULATION_OF_PEPTIDASE_ACTIVITY,905
GOBP_REGULATION_OF_GLUCAN_BIOSYNTHETIC_PROCESS,586
GOBP_TRANSPORT_ALONG_MICROTUBULE,1014
GOBP_POSITIVE_REGULATION_OF_NEURON_PROJECTION_DEVELOPMENT,1147
GOBP_NEGATIVE_REGULATION_OF_NEURON_PROJECTION_DEVELOPMENT,1148
GOBP_REGULATION_OF_LIPOPROTEIN_PARTICLE_CLEARANCE,1149
GOBP_REGULATION_OF_LOW_DENSITY_LIPOPROTEIN_PARTICLE_CLEARANCE,1149
GOBP_RESPONSE_TO_AUDITORY_STIMULUS,1150
GOBP_ASTROCYTE_DEVELOPMENT,1151
GOBP_OLIGODENDROCYTE_DEVELOPMENT,1152
GOBP_GLIAL_CELL_PROLIFERATION,1153
GOBP_REGULATION_OF_GLIOGENESIS,1154
GOBP_NEGATIVE_REGULATION_OF_GLIOGENESIS,1155
GOBP_POSITIVE_REGULATION_OF_GLIOGENESIS,1154
GOBP_NEURAL_CREST_FORMATION,1156
GOBP_MESENCHYMAL_CELL_DEVELOPMENT,639
GOBP_NEURAL_CREST_CELL_DIFFERENTIATION,639
GOBP_SCHWANN_CELL_DIFFERENTIATION,985
GOBP_SCHWANN_CELL_DEVELOPMENT,985
GOBP_DOPAMINE_SECRETION,1157
GOBP_GLUTAMATE_SECRETION,1158
GOBP_REGULATION_OF_GLUTAMATE_SECRETION,1158
GOBP_PHOSPHATIDYLINOSITOL_3_KINASE_SIGNALING,1159
GOBP_REGULATION_OF_PHOSPHATIDYLINOSITOL_3_KINASE_SIGNALING,1159
GOBP_POSITIVE_REGULATION_OF_PHOSPHATIDYLINOSITOL_3_KINASE_SIGNALING,1159
GOBP_RESPONSE_TO_ISOQUINOLINE_ALKALOID,1160
GOBP_RESPONSE_TO_PURINE_CONTAINING_COMPOUND,1161
GOBP_RESPONSE_TO_AMINE,677
GOBP_NEGATIVE_REGULATION_OF_MUSCLE_HYPERTROPHY,1162
GOBP_POSITIVE_REGULATION_OF_MUSCLE_HYPERTROPHY,1162
GOBP_REGULATION_OF_MUSCLE_HYPERTROPHY,1162
GOBP_MUSCLE_CELL_MIGRATION,1163
GOBP_REGULATION_OF_SKELETAL_MUSCLE_CONTRACTION,763
GOBP_PHASIC_SMOOTH_MUSCLE_CONTRACTION,1164
GOBP_RESPONSE_TO_ACTIVITY,1165
GOBP_VASCULAR_ASSOCIATED_SMOOTH_MUSCLE_CONTRACTION,1166
GOBP_RESPONSE_TO_MUSCLE_ACTIVITY,1165
GOBP_STRIATED_MUSCLE_CELL_PROLIFERATION,1167
GOBP_SKELETAL_MUSCLE_CELL_PROLIFERATION,1168
GOBP_STRIATED_MUSCLE_ADAPTATION,781
GOBP_MUSCLE_HYPERTROPHY,1162
GOBP_MYOTUBE_DIFFERENTIATION,1130
GOBP_MYOTUBE_CELL_DEVELOPMENT,1169
GOBP_SMOOTH_MUSCLE_CELL_MIGRATION,1163
GOBP_POSITIVE_REGULATION_OF_SMOOTH_MUSCLE_CELL_MIGRATION,1163
GOBP_NEGATIVE_REGULATION_OF_SMOOTH_MUSCLE_CELL_MIGRATION,1163
GOBP_HEPARAN_SULFATE_PROTEOGLYCAN_BIOSYNTHETIC_PROCESS,102
GOBP_GAS_TRANSPORT,1170
GOBP_OXYGEN_TRANSPORT,1170
GOBP_MAGNESIUM_ION_TRANSPORT,1171
GOBP_ORGANIC_CATION_TRANSPORT,1172
GOBP_QUATERNARY_AMMONIUM_GROUP_TRANSPORT,1173
GOBP_INORGANIC_ANION_TRANSPORT,881
GOBP_BICARBONATE_TRANSPORT,1174
GOBP_MONOCARBOXYLIC_ACID_TRANSPORT,1175
GOBP_BILE_ACID_AND_BILE_SALT_TRANSPORT,1176
GOBP_PROSTAGLANDIN_TRANSPORT,1177
GOBP_C4_DICARBOXYLATE_TRANSPORT,1178
GOBP_ORGANOPHOSPHATE_ESTER_TRANSPORT,1179
GOBP_ACIDIC_AMINO_ACID_TRANSPORT,885
GOBP_NEUTRAL_AMINO_ACID_TRANSPORT,342
GOBP_L_AMINO_ACID_TRANSPORT,342
GOBP_GAMMA_AMINOBUTYRIC_ACID_TRANSPORT,1180
GOBP_L_GLUTAMATE_TRANSMEMBRANE_TRANSPORT,885
GOBP_PEPTIDE_TRANSPORT,754
GOBP_AMINE_TRANSPORT,1157
GOBP_MONOAMINE_TRANSPORT,1157
GOBP_ORGANIC_HYDROXY_COMPOUND_TRANSPORT,1181
GOBP_PURINE_NUCLEOTIDE_TRANSPORT,889
GOBP_ATP_TRANSPORT,889
GOBP_DOPAMINE_TRANSPORT,1157
GOBP_NOREPINEPHRINE_TRANSPORT,1182
GOBP_FATTY_ACID_TRANSPORT,1183
GOBP_LONG_CHAIN_FATTY_ACID_TRANSPORT,1183
GOBP_PHOSPHOLIPID_TRANSPORT,1179
GOBP_STEROL_TRANSPORT,1135
GOBP_NUCLEOBASE_CONTAINING_COMPOUND_TRANSPORT,820
GOBP_COENZYME_A_METABOLIC_PROCESS,1184
GOBP_DETECTION_OF_TEMPERATURE_STIMULUS,1185
GOBP_CARBOHYDRATE_BIOSYNTHETIC_PROCESS,789
GOBP_CARBOHYDRATE_CATABOLIC_PROCESS,797
GOBP_ORGANIC_ACID_CATABOLIC_PROCESS,838
GOBP_RRNA_METABOLIC_PROCESS,1186
GOBP_SNRNA_METABOLIC_PROCESS,1187
GOBP_SNO_S_RNA_METABOLIC_PROCESS,1188
GOBP_RRNA_CATABOLIC_PROCESS,1189
GOBP_SYNAPTIC_VESICLE_EXOCYTOSIS,612
GOBP_SYNAPTIC_VESICLE_PRIMING,1190
GOBP_TERPENOID_BIOSYNTHETIC_PROCESS,1024
GOBP_STEROL_METABOLIC_PROCESS,1191
GOBP_STEROL_BIOSYNTHETIC_PROCESS,1191
GOBP_GLYCOSIDE_METABOLIC_PROCESS,1192
GOBP_SNRNA_PROCESSING,1187
GOBP_ENDOSOMAL_TRANSPORT,1193
GOBP_IRON_SULFUR_CLUSTER_ASSEMBLY,1194
GOBP_TELOMERE_CAPPING,1195
GOBP_POSITIVE_REGULATION_OF_MACROAUTOPHAGY,1096
GOBP_REGULATION_OF_MACROAUTOPHAGY,1096
GOBP_NEGATIVE_REGULATION_OF_MACROAUTOPHAGY,1196
GOBP_RNA_INTERFERENCE,1197
GOBP_GAP_JUNCTION_ASSEMBLY,1198
GOBP_O_GLYCAN_PROCESSING,51
GOBP_MORPHOGENESIS_OF_EMBRYONIC_EPITHELIUM,657
GOBP_CALCIUM_INDEPENDENT_CELL_CELL_ADHESION_VIA_PLASMA_MEMBRANE_CELL_ADHESION_MOLECULES,389
GOBP_CALCIUM_DEPENDENT_CELL_CELL_ADHESION_VIA_PLASMA_MEMBRANE_CELL_ADHESION_MOLECULES,1199
GOBP_DENDRITE_DEVELOPMENT,1200
GOBP_SOMATIC_DIVERSIFICATION_OF_IMMUNOGLOBULINS,703
GOBP_CYTOSOLIC_TRANSPORT,1193
GOBP_PROTEIN_PROCESSING,1201
GOBP_PROTEIN_AUTOPROCESSING,1202
GOBP_BASE_CONVERSION_OR_SUBSTITUTION_EDITING,1203
GOBP_MRNA_MODIFICATION,1204
GOBP_HISTONE_METHYLATION,831
GOBP_HISTONE_PHOSPHORYLATION,1205
GOBP_HISTONE_UBIQUITINATION,1089
GOBP_HISTONE_DEACETYLATION,1206
GOBP_HISTONE_DEUBIQUITINATION,1207
GOBP_RAC_PROTEIN_SIGNAL_TRANSDUCTION,1208
GOBP_PROTEIN_SUMOYLATION,1209
GOBP_POLY_A_PLUS_MRNA_EXPORT_FROM_NUCLEUS,1210
GOBP_CYTOCHROME_COMPLEX_ASSEMBLY,1031
GOBP_PROTEIN_IMPORT,1211
GOBP_PLASMA_MEMBRANE_PHOSPHOLIPID_SCRAMBLING,1179
GOBP_STEM_CELL_DIVISION,1212
GOBP_CALCIUM_ION_REGULATED_EXOCYTOSIS,1213
GOBP_REGULATION_OF_EXOCYTOSIS,612
GOBP_REGULATION_OF_CALCIUM_ION_DEPENDENT_EXOCYTOSIS,1213
GOBP_PEPTIDYL_LYSINE_METHYLATION,831
GOBP_PEPTIDYL_LYSINE_TRIMETHYLATION,1214
GOBP_PEPTIDYL_LYSINE_DIMETHYLATION,1215
GOBP_PROTEIN_HYDROXYLATION,1216
GOBP_PEPTIDE_CROSS_LINKING,1217
GOBP_PEPTIDYL_ARGININE_MODIFICATION,1218
GOBP_PEPTIDYL_ASPARAGINE_MODIFICATION,1219
GOBP_PEPTIDYL_CYSTEINE_MODIFICATION,1220
GOBP_PEPTIDYL_GLUTAMIC_ACID_MODIFICATION,515
GOBP_PEPTIDYL_PROLINE_MODIFICATION,595
GOBP_PEPTIDYL_THREONINE_MODIFICATION,1221
GOBP_PEPTIDYL_ARGININE_METHYLATION,1218
GOBP_PEPTIDYL_L_CYSTEINE_S_PALMITOYLATION,1220
GOBP_PROTEIN_PALMITOYLATION,1220
GOBP_PEPTIDYL_LYSINE_ACETYLATION,829
GOBP_C_TERMINAL_PROTEIN_AMINO_ACID_MODIFICATION,1222
GOBP_ETHER_METABOLIC_PROCESS,860
GOBP_PHENOL_CONTAINING_COMPOUND_METABOLIC_PROCESS,1058
GOBP_VIRION_ASSEMBLY,245
GOBP_VIRAL_RELEASE_FROM_HOST_CELL,245
GOBP_VIRAL_GENOME_REPLICATION,1223
GOBP_VIRAL_GENE_EXPRESSION,1224
GOBP_VIRAL_TRANSLATION,1225
GOBP_VIRAL_PROTEIN_PROCESSING,559
GOBP_VIRAL_TRANSCRIPTION,1224
GOBP_REPRODUCTIVE_BEHAVIOR,1003
GOBP_NONRIBOSOMAL_PEPTIDE_BIOSYNTHETIC_PROCESS,1226
GOBP_REGULATION_OF_FATTY_ACID_METABOLIC_PROCESS,1102
GOBP_REGULATION_OF_STEROID_METABOLIC_PROCESS,865
GOBP_TRANSMISSION_OF_NERVE_IMPULSE,1227
GOBP_NEURONAL_ACTION_POTENTIAL,1227
GOBP_REGULATION_OF_VASOCONSTRICTION,766
GOBP_SENSORY_PERCEPTION_OF_PAIN,1228
GOBP_PYRIDINE_NUCLEOTIDE_METABOLIC_PROCESS,284
GOBP_PYRIDINE_NUCLEOTIDE_BIOSYNTHETIC_PROCESS,284
GOBP_ARACHIDONIC_ACID_METABOLIC_PROCESS,58
GOBP_LEUKOTRIENE_BIOSYNTHETIC_PROCESS,864
GOBP_EPOXYGENASE_P450_PATHWAY,308
GOBP_GLYCOLIPID_CATABOLIC_PROCESS,1229
GOBP_ALDITOL_METABOLIC_PROCESS,1230
GOBP_TRIGLYCERIDE_BIOSYNTHETIC_PROCESS,1134
GOBP_TRIGLYCERIDE_CATABOLIC_PROCESS,1231
GOBP_NAD_METABOLIC_PROCESS,791
GOBP_DEOXYRIBOSE_PHOSPHATE_METABOLIC_PROCESS,803
GOBP_CALCIUM_MEDIATED_SIGNALING,1232
GOBP_B_CELL_MEDIATED_IMMUNITY,729
GOBP_ANTIMICROBIAL_HUMORAL_RESPONSE,1233
GOBP_ANTIBACTERIAL_HUMORAL_RESPONSE,1233
GOBP_SECONDARY_METABOLIC_PROCESS,1234
GOBP_POLYOL_METABOLIC_PROCESS,1235
GOBP_CYTOLYSIS,1236
GOBP_ANTIGEN_PROCESSING_AND_PRESENTATION,730
GOBP_ANTIGEN_PROCESSING_AND_PRESENTATION_OF_ENDOGENOUS_ANTIGEN,569
GOBP_ANTIGEN_PROCESSING_AND_PRESENTATION_OF_EXOGENOUS_ANTIGEN,730
GOBP_ANTIGEN_PROCESSING_AND_PRESENTATION_OF_EXOGENOUS_PEPTIDE_ANTIGEN_VIA_MHC_CLASS_II,730
GOBP_AXONAL_TRANSPORT_OF_MITOCHONDRION,1237
GOBP_LIPID_STORAGE,1138
GOBP_CAMP_MEDIATED_SIGNALING,1238
GOBP_CGMP_MEDIATED_SIGNALING,1239
GOBP_CYCLIC_NUCLEOTIDE_MEDIATED_SIGNALING,1238
GOBP_TRANSLESION_SYNTHESIS,605
GOBP_HEMOGLOBIN_METABOLIC_PROCESS,1240
GOBP_SPINAL_CORD_DEVELOPMENT,1241
GOBP_SPINAL_CORD_PATTERNING,1242
GOBP_CELL_DIFFERENTIATION_IN_SPINAL_CORD,1241
GOBP_DORSAL_SPINAL_CORD_DEVELOPMENT,1243
GOBP_VENTRAL_SPINAL_CORD_DEVELOPMENT,1241
GOBP_SPINAL_CORD_MOTOR_NEURON_DIFFERENTIATION,1241
GOBP_NEURAL_TUBE_PATTERNING,1244
GOBP_CELL_DIFFERENTIATION_IN_HINDBRAIN,1245
GOBP_CELL_PROLIFERATION_IN_HINDBRAIN,1246
GOBP_CELL_MIGRATION_IN_HINDBRAIN,1247
GOBP_DIENCEPHALON_DEVELOPMENT,1248
GOBP_TELENCEPHALON_DEVELOPMENT,1249
GOBP_DENTATE_GYRUS_DEVELOPMENT,1250
GOBP_PALLIUM_DEVELOPMENT,1249
GOBP_SUBPALLIUM_DEVELOPMENT,1251
GOBP_CRANIAL_NERVE_DEVELOPMENT,1252
GOBP_HINDBRAIN_MORPHOGENESIS,1245
GOBP_VENTRICULAR_SYSTEM_DEVELOPMENT,1253
GOBP_CRANIAL_NERVE_MORPHOGENESIS,1252
GOBP_NERVE_DEVELOPMENT,1252
GOBP_CEREBELLAR_PURKINJE_CELL_LAYER_DEVELOPMENT,1245
GOBP_CEREBELLAR_PURKINJE_CELL_LAYER_MORPHOGENESIS,1245
GOBP_CEREBELLAR_CORTEX_DEVELOPMENT,1245
GOBP_CEREBELLAR_CORTEX_MORPHOGENESIS,1245
GOBP_CEREBELLAR_CORTEX_FORMATION,1245
GOBP_DEVELOPMENTAL_MATURATION,1254
GOBP_STRIATUM_DEVELOPMENT,1251
GOBP_LIMBIC_SYSTEM_DEVELOPMENT,1249
GOBP_SUBSTANTIA_NIGRA_DEVELOPMENT,1255
GOBP_HIPPOCAMPUS_DEVELOPMENT,1249
GOBP_GLIAL_CELL_DEVELOPMENT,1075
GOBP_CEREBRAL_CORTEX_CELL_MIGRATION,1027
GOBP_CEREBRAL_CORTEX_RADIALLY_ORIENTED_CELL_MIGRATION,1027
GOBP_CELL_PROLIFERATION_IN_FOREBRAIN,1256
GOBP_HYPOTHALAMUS_DEVELOPMENT,1257
GOBP_FOREBRAIN_REGIONALIZATION,1258
GOBP_FOREBRAIN_GENERATION_OF_NEURONS,1259
GOBP_FOREBRAIN_NEURON_DIFFERENTIATION,1259
GOBP_FOREBRAIN_NEURON_DEVELOPMENT,1259
GOBP_FOREBRAIN_CELL_MIGRATION,1027
GOBP_CEREBRAL_CORTEX_NEURON_DIFFERENTIATION,1260
GOBP_DORSAL_VENTRAL_NEURAL_TUBE_PATTERNING,1244
GOBP_NEURAL_TUBE_DEVELOPMENT,657
GOBP_CENTRAL_NERVOUS_SYSTEM_PROJECTION_NEURON_AXONOGENESIS,1261
GOBP_CENTRAL_NERVOUS_SYSTEM_NEURON_DIFFERENTIATION,1262
GOBP_CENTRAL_NERVOUS_SYSTEM_NEURON_DEVELOPMENT,1262
GOBP_CENTRAL_NERVOUS_SYSTEM_NEURON_AXONOGENESIS,1261
GOBP_PITUITARY_GLAND_DEVELOPMENT,1248
GOBP_CEREBRAL_CORTEX_DEVELOPMENT,1249
GOBP_OLFACTORY_LOBE_DEVELOPMENT,1263
GOBP_TELENCEPHALON_GLIAL_CELL_MIGRATION,1027
GOBP_METENCEPHALON_DEVELOPMENT,1264
GOBP_MEMBRANE_DOCKING,903
GOBP_NEGATIVE_REGULATION_OF_CELL_CELL_ADHESION,1265
GOBP_POSITIVE_REGULATION_OF_CELL_CELL_ADHESION,1266
GOBP_DIGESTIVE_SYSTEM_PROCESS,994
GOBP_OVULATION_CYCLE_PROCESS,1267
GOBP_GLAND_MORPHOGENESIS,1268
GOBP_DNA_STRAND_ELONGATION,1269
GOBP_EXTRACELLULAR_MATRIX_DISASSEMBLY,1270
GOBP_ELECTRON_TRANSPORT_CHAIN,86
GOBP_RESPIRATORY_ELECTRON_TRANSPORT_CHAIN,86
GOBP_SIGNAL_TRANSDUCTION_INVOLVED_IN_REGULATION_OF_GENE_EXPRESSION,1271
GOBP_CD40_SIGNALING_PATHWAY,1272
GOBP_ADAPTATION_OF_SIGNALING_PATHWAY,1273
GOBP_CELLULAR_ANION_HOMEOSTASIS,1274
GOBP_CELLULAR_MONOVALENT_INORGANIC_CATION_HOMEOSTASIS,893
GOBP_ESTABLISHMENT_OF_CELL_POLARITY,946
GOBP_MAINTENANCE_OF_CELL_POLARITY,1275
GOBP_LAMELLIPODIUM_ASSEMBLY,1105
GOBP_MICROVILLUS_ASSEMBLY,1276
GOBP_ACTIN_FILAMENT_POLYMERIZATION,1016
GOBP_ACTIN_FILAMENT_DEPOLYMERIZATION,1277
GOBP_ACTIN_FILAMENT_BASED_MOVEMENT,613
GOBP_INSULIN_SECRETION,754
GOBP_REGULATION_OF_ENDOCYTOSIS,697
GOBP_NATURAL_KILLER_CELL_ACTIVATION,1278
GOBP_WATER_HOMEOSTASIS,1279
GOBP_SPHINGOLIPID_BIOSYNTHETIC_PROCESS,856
GOBP_PROTEIN_IMPORT_INTO_MITOCHONDRIAL_MATRIX,1280
GOBP_PROTEOGLYCAN_BIOSYNTHETIC_PROCESS,102
GOBP_PLATELET_ACTIVATION,997
GOBP_POSITIVE_REGULATION_OF_WNT_SIGNALING_PATHWAY,1281
GOBP_NEGATIVE_REGULATION_OF_WNT_SIGNALING_PATHWAY,1282
GOBP_B_CELL_DIFFERENTIATION,1283
GOBP_COLLAGEN_FIBRIL_ORGANIZATION,1284
GOBP_HEPARAN_SULFATE_PROTEOGLYCAN_METABOLIC_PROCESS,102
GOBP_HEPARIN_METABOLIC_PROCESS,1285
GOBP_CHONDROITIN_SULFATE_BIOSYNTHETIC_PROCESS,101
GOBP_HYALURONAN_METABOLIC_PROCESS,1286
GOBP_KERATINOCYTE_DIFFERENTIATION,1072
GOBP_T_CELL_DIFFERENTIATION,1287
GOBP_MEGAKARYOCYTE_DIFFERENTIATION,1288
GOBP_MONOCYTE_DIFFERENTIATION,1289
GOBP_MACROPHAGE_DIFFERENTIATION,1290
GOBP_LIPID_MODIFICATION,853
GOBP_CHROMOSOME_CONDENSATION,934
GOBP_MAINTENANCE_OF_GASTROINTESTINAL_EPITHELIUM,1111
GOBP_REGULATION_OF_OSSIFICATION,1291
GOBP_NEGATIVE_REGULATION_OF_OSSIFICATION,1292
GOBP_BONE_MINERALIZATION,1291
GOBP_POSITIVE_REGULATION_OF_CELL_GROWTH,1293
GOBP_NEGATIVE_REGULATION_OF_CELL_GROWTH,1294
GOBP_OSTEOCLAST_DIFFERENTIATION,738
GOBP_MELANOCYTE_DIFFERENTIATION,1295
GOBP_STABILIZATION_OF_MEMBRANE_POTENTIAL,428
GOBP_ADRENAL_GLAND_DEVELOPMENT,1296
GOBP_DNA_DAMAGE_RESPONSE_SIGNAL_TRANSDUCTION_BY_P53_CLASS_MEDIATOR,1297
GOBP_SLEEP,1005
GOBP_UBIQUITIN_DEPENDENT_ERAD_PATHWAY,1298
GOBP_REGULATION_OF_COMPLEMENT_ACTIVATION,747
GOBP_TRNA_METHYLATION,614
GOBP_MATURATION_OF_SSU_RRNA,598
GOBP_REGULATION_OF_BONE_MINERALIZATION,1291
GOBP_POSITIVE_REGULATION_OF_BONE_MINERALIZATION,1291
GOBP_NEGATIVE_REGULATION_OF_BONE_MINERALIZATION,1292
GOBP_REGULATION_OF_BMP_SIGNALING_PATHWAY,1299
GOBP_NEGATIVE_REGULATION_OF_TRANSFORMING_GROWTH_FACTOR_BETA_RECEPTOR_SIGNALING_PATHWAY,948
GOBP_POSITIVE_REGULATION_OF_BMP_SIGNALING_PATHWAY,1300
GOBP_NEGATIVE_REGULATION_OF_BMP_SIGNALING_PATHWAY,1299
GOBP_NEGATIVE_REGULATION_OF_AXON_EXTENSION,1301
GOBP_INTRACELLULAR_ESTROGEN_RECEPTOR_SIGNALING_PATHWAY,1302
GOBP_ANDROGEN_RECEPTOR_SIGNALING_PATHWAY,1303
GOBP_INTRACELLULAR_RECEPTOR_SIGNALING_PATHWAY,1070
GOBP_ADULT_BEHAVIOR,1008
GOBP_MALE_GENITALIA_DEVELOPMENT,1304
GOBP_FEMALE_GENITALIA_DEVELOPMENT,1305
GOBP_COLLAGEN_CATABOLIC_PROCESS,1306
GOBP_NEUTROPHIL_CHEMOTAXIS,1307
GOBP_LEUKOCYTE_CHEMOTAXIS,1307
GOBP_REGULATION_OF_CELLULAR_PH,893
GOBP_CYTOSKELETON_DEPENDENT_INTRACELLULAR_TRANSPORT,1014
GOBP_OVULATION,1308
GOBP_SEQUESTERING_OF_TRIGLYCERIDE,1139
GOBP_REGULATION_OF_NUCLEOTIDE_BIOSYNTHETIC_PROCESS,1309
GOBP_POSITIVE_REGULATION_OF_NUCLEOTIDE_BIOSYNTHETIC_PROCESS,1309
GOBP_REGULATION_OF_ACTIN_FILAMENT_LENGTH,1016
GOBP_NEGATIVE_REGULATION_OF_ACTIN_FILAMENT_DEPOLYMERIZATION,1277
GOBP_NEGATIVE_REGULATION_OF_ACTIN_FILAMENT_POLYMERIZATION,1277
GOBP_POSITIVE_REGULATION_OF_ACTIN_FILAMENT_POLYMERIZATION,1310
GOBP_PROSTATE_GLAND_DEVELOPMENT,1311
GOBP_GRANULOCYTE_DIFFERENTIATION,1312
GOBP_REGULATION_OF_GRANULOCYTE_DIFFERENTIATION,1312
GOBP_REGULATION_OF_EPITHELIAL_CELL_DIFFERENTIATION,1313
GOBP_NEGATIVE_REGULATION_OF_EPITHELIAL_CELL_DIFFERENTIATION,1314
GOBP_POSITIVE_REGULATION_OF_EPITHELIAL_CELL_DIFFERENTIATION,1313
GOBP_POLARIZED_EPITHELIAL_CELL_DIFFERENTIATION,1315
GOBP_CORTICAL_CYTOSKELETON_ORGANIZATION,1316
GOBP_CORTICAL_ACTIN_CYTOSKELETON_ORGANIZATION,1316
GOBP_THYROID_GLAND_DEVELOPMENT,1317
GOBP_MAMMARY_GLAND_DEVELOPMENT,1318
GOBP_REGULATION_OF_B_CELL_PROLIFERATION,1319
GOBP_NEGATIVE_REGULATION_OF_B_CELL_PROLIFERATION,1320
GOBP_POSITIVE_REGULATION_OF_B_CELL_PROLIFERATION,1319
GOBP_MIDBRAIN_DEVELOPMENT,1255
GOBP_HINDBRAIN_DEVELOPMENT,1264
GOBP_NOTOCHORD_DEVELOPMENT,1321
GOBP_REGULATION_OF_VASCULAR_ENDOTHELIAL_GROWTH_FACTOR_RECEPTOR_SIGNALING_PATHWAY,1322
GOBP_ENDOPLASMIC_RETICULUM_UNFOLDED_PROTEIN_RESPONSE,1323
GOBP_PANCREAS_DEVELOPMENT,692
GOBP_ENDOCRINE_PANCREAS_DEVELOPMENT,692
GOBP_MICROTUBULE_ORGANIZING_CENTER_ORGANIZATION,1324
GOBP_ACTOMYOSIN_STRUCTURE_ORGANIZATION,1325
GOBP_DSRNA_PROCESSING,1326
GOBP_REGULATION_OF_HISTONE_MODIFICATION,831
GOBP_NEGATIVE_REGULATION_OF_HISTONE_MODIFICATION,1327
GOBP_POSITIVE_REGULATION_OF_HISTONE_MODIFICATION,831
GOBP_REGULATION_OF_HISTONE_METHYLATION,831
GOBP_NEGATIVE_REGULATION_OF_HISTONE_METHYLATION,1327
GOBP_POSITIVE_REGULATION_OF_HISTONE_METHYLATION,831
GOBP_REGULATION_OF_HISTONE_DEACETYLATION,1206
GOBP_POSITIVE_REGULATION_OF_HISTONE_DEACETYLATION,1206
GOBP_EMBRYONIC_CAMERA_TYPE_EYE_DEVELOPMENT,1328
GOBP_STRESS_ACTIVATED_PROTEIN_KINASE_SIGNALING_CASCADE,968
GOBP_REGENERATION,1329
GOBP_ANIMAL_ORGAN_REGENERATION,1330
GOBP_NEURON_PROJECTION_REGENERATION,1331
GOBP_MICROTUBULE_POLYMERIZATION_OR_DEPOLYMERIZATION,1332
GOBP_REGULATION_OF_MICROTUBULE_POLYMERIZATION_OR_DEPOLYMERIZATION,1332
GOBP_NEGATIVE_REGULATION_OF_MICROTUBULE_POLYMERIZATION_OR_DEPOLYMERIZATION,923
GOBP_POSITIVE_REGULATION_OF_MICROTUBULE_POLYMERIZATION_OR_DEPOLYMERIZATION,1332
GOBP_REGULATION_OF_MICROTUBULE_POLYMERIZATION,1332
GOBP_REGULATION_OF_MICROTUBULE_DEPOLYMERIZATION,923
GOBP_CYTOPLASMIC_MICROTUBULE_ORGANIZATION,1333
GOBP_RNA_3_END_PROCESSING,1334
GOBP_MRNA_3_END_PROCESSING,1334
GOBP_DEVELOPMENTAL_INDUCTION,641
GOBP_ANAPHASE_PROMOTING_COMPLEX_DEPENDENT_CATABOLIC_PROCESS,223
GOBP_SCF_DEPENDENT_PROTEASOMAL_UBIQUITIN_DEPENDENT_PROTEIN_CATABOLIC_PROCESS,1335
GOBP_RRNA_METHYLATION,581
GOBP_PSEUDOPODIUM_ORGANIZATION,1336
GOBP_REGULATION_OF_CYCLASE_ACTIVITY,952
GOBP_POSITIVE_REGULATION_OF_CYCLASE_ACTIVITY,1337
GOBP_RETINAL_GANGLION_CELL_AXON_GUIDANCE,1338
GOBP_LYMPHOCYTE_COSTIMULATION,1339
GOBP_REPLICATION_FORK_PROCESSING,1340
GOBP_NEGATIVE_REGULATION_OF_CELLULAR_CATABOLIC_PROCESS,1095
GOBP_NEGATIVE_REGULATION_OF_PROTEIN_CONTAINING_COMPLEX_ASSEMBLY,1277
GOBP_POSITIVE_REGULATION_OF_PROTEIN_CONTAINING_COMPLEX_ASSEMBLY,1310
GOBP_REGULATION_OF_VESICLE_FUSION,1341
GOBP_REGULATION_OF_CELL_KILLING,664
GOBP_NEGATIVE_REGULATION_OF_CELL_KILLING,748
GOBP_POSITIVE_REGULATION_OF_CELL_KILLING,664
GOBP_NEGATIVE_REGULATION_OF_CELL_PROJECTION_ORGANIZATION,1148
GOBP_NEGATIVE_REGULATION_OF_DEFENSE_RESPONSE,1342
GOBP_POSITIVE_REGULATION_OF_DEFENSE_RESPONSE,1343
GOBP_N_TERMINAL_PROTEIN_AMINO_ACID_MODIFICATION,830
GOBP_KERATINIZATION,1072
GOBP_REGULATION_OF_MRNA_3_END_PROCESSING,1334
GOBP_NUCLEAR_MEMBRANE_REASSEMBLY,918
GOBP_CHROMATIN_DISASSEMBLY,1344
GOBP_PROTEIN_CONTAINING_COMPLEX_LOCALIZATION,1345
GOBP_RUFFLE_ORGANIZATION,1346
GOBP_ACTIN_CYTOSKELETON_REORGANIZATION,1347
GOBP_DNA_INTEGRITY_CHECKPOINT_SIGNALING,578
GOBP_MITOTIC_INTRA_S_DNA_DAMAGE_CHECKPOINT_SIGNALING,1348
GOBP_MEMBRANE_RAFT_ORGANIZATION,1349
GOBP_RECEPTOR_INTERNALIZATION,900
GOBP_ZYMOGEN_ACTIVATION,1350
GOBP_PLASMINOGEN_ACTIVATION,1350
GOBP_KILLING_OF_CELLS_OF_ANOTHER_ORGANISM,1351
GOBP_REGULATION_OF_MYELINATION,973
GOBP_POSITIVE_REGULATION_OF_MYELINATION,1352
GOBP_REGULATION_OF_NERVOUS_SYSTEM_PROCESS,1353
GOBP_NEGATIVE_REGULATION_OF_NERVOUS_SYSTEM_PROCESS,1354
GOBP_POSITIVE_REGULATION_OF_NERVOUS_SYSTEM_PROCESS,1352
GOBP_PROTEIN_DESTABILIZATION,1355
GOBP_HEAT_GENERATION,1356
GOBP_LIPOPOLYSACCHARIDE_MEDIATED_SIGNALING_PATHWAY,1357
GOBP_REGULATION_OF_LIPOPOLYSACCHARIDE_MEDIATED_SIGNALING_PATHWAY,1357
GOBP_CELLULAR_RESPONSE_TO_EXTRACELLULAR_STIMULUS,1053
GOBP_CELLULAR_RESPONSE_TO_NUTRIENT,1358
GOBP_TOR_SIGNALING,1359
GOBP_REGULATION_OF_PROTEIN_AUTOPHOSPHORYLATION,1360
GOBP_POSITIVE_REGULATION_OF_PROTEIN_AUTOPHOSPHORYLATION,1360
GOBP_RESPONSE_TO_CORTICOSTEROID,1361
GOBP_REGULATION_OF_FATTY_ACID_BETA_OXIDATION,1362
GOBP_REGULATION_OF_TOR_SIGNALING,1359
GOBP_NEGATIVE_REGULATION_OF_TOR_SIGNALING,1359
GOBP_POSITIVE_REGULATION_OF_TOR_SIGNALING,1363
GOBP_ARF_PROTEIN_SIGNAL_TRANSDUCTION,1364
GOBP_POSITIVE_REGULATION_OF_INSULIN_SECRETION,754
GOBP_RESPONSE_TO_MAGNESIUM_ION,1365
GOBP_MITOCHONDRIAL_DNA_METABOLIC_PROCESS,571
GOBP_CARDIOLIPIN_METABOLIC_PROCESS,1366
GOBP_REGULATION_OF_NUCLEASE_ACTIVITY,1367
GOBP_NEGATIVE_REGULATION_OF_NF_KAPPAB_TRANSCRIPTION_FACTOR_ACTIVITY,1368
GOBP_NEGATIVE_REGULATION_OF_PROTEIN_BINDING,1369
GOBP_POSITIVE_REGULATION_OF_PROTEIN_BINDING,1370
GOBP_RESPONSE_TO_FOOD,1371
GOBP_REGULATION_OF_RESPONSE_TO_FOOD,1371
GOBP_REGULATION_OF_APPETITE,1371
GOBP_REGULATION_OF_RESPONSE_TO_EXTRACELLULAR_STIMULUS,1371
GOBP_ACTIVATION_OF_PROTEIN_KINASE_ACTIVITY,1372
GOBP_ACTIVATION_OF_PROTEIN_KINASE_B_ACTIVITY,1373
GOBP_TRANSPOSITION,1100
GOBP_TELOMERE_ORGANIZATION,602
GOBP_REGULATION_OF_TELOMERE_MAINTENANCE,602
GOBP_NEGATIVE_REGULATION_OF_TELOMERE_MAINTENANCE,1374
GOBP_POSITIVE_REGULATION_OF_TELOMERE_MAINTENANCE,602
GOBP_NEGATIVE_REGULATION_OF_TELOMERE_MAINTENANCE_VIA_TELOMERASE,1374
GOBP_REGULATION_OF_SYNAPTIC_TRANSMISSION_GABAERGIC,1375
GOBP_REGULATION_OF_ACTIN_FILAMENT_BUNDLE_ASSEMBLY,1325
GOBP_NEGATIVE_REGULATION_OF_ACTIN_FILAMENT_BUNDLE_ASSEMBLY,1376
GOBP_POSITIVE_REGULATION_OF_ACTIN_FILAMENT_BUNDLE_ASSEMBLY,1325
GOBP_REGULATION_OF_PROTEIN_POLYMERIZATION,1016
GOBP_NEGATIVE_REGULATION_OF_PROTEIN_POLYMERIZATION,1277
GOBP_POSITIVE_REGULATION_OF_PROTEIN_POLYMERIZATION,1310
GOBP_GONADOTROPIN_SECRETION,1377
GOBP_MYELIN_ASSEMBLY,1378
GOBP_AXON_ENSHEATHMENT_IN_CENTRAL_NERVOUS_SYSTEM,1152
GOBP_REGULATION_OF_ICOSANOID_SECRETION,1177
GOBP_REGULATION_OF_CHONDROCYTE_DIFFERENTIATION,1379
GOBP_NEGATIVE_REGULATION_OF_CHONDROCYTE_DIFFERENTIATION,1379
GOBP_POSITIVE_REGULATION_OF_CHONDROCYTE_DIFFERENTIATION,1380
GOBP_REGULATION_OF_HORMONE_METABOLIC_PROCESS,1381
GOBP_RESPONSE_TO_FOLLICLE_STIMULATING_HORMONE,1382
GOBP_RESPONSE_TO_ESTRADIOL,1383
GOBP_INTRACELLULAR_LIPID_TRANSPORT,1384
GOBP_INTRACELLULAR_STEROL_TRANSPORT,1384
GOBP_REGULATION_OF_LIPID_TRANSPORT,1135
GOBP_NEGATIVE_REGULATION_OF_LIPID_TRANSPORT,1385
GOBP_POSITIVE_REGULATION_OF_LIPID_TRANSPORT,1135
GOBP_REGULATION_OF_STEROL_TRANSPORT,1135
GOBP_POSITIVE_REGULATION_OF_STEROL_TRANSPORT,1135
GOBP_NEGATIVE_REGULATION_OF_INTRACELLULAR_TRANSPORT,1386
GOBP_POSITIVE_REGULATION_OF_INTRACELLULAR_TRANSPORT,1387
GOBP_DNA_GEOMETRIC_CHANGE,1388
GOBP_NEGATIVE_REGULATION_OF_TRANSPORTER_ACTIVITY,1389
GOBP_POSITIVE_REGULATION_OF_TRANSPORTER_ACTIVITY,1390
GOBP_NEGATIVE_REGULATION_OF_ION_TRANSMEMBRANE_TRANSPORTER_ACTIVITY,1389
GOBP_REGULATION_OF_PROTEASOMAL_UBIQUITIN_DEPENDENT_PROTEIN_CATABOLIC_PROCESS,1391
GOBP_NEGATIVE_REGULATION_OF_PROTEASOMAL_UBIQUITIN_DEPENDENT_PROTEIN_CATABOLIC_PROCESS,1392
GOBP_POSITIVE_REGULATION_OF_PROTEASOMAL_UBIQUITIN_DEPENDENT_PROTEIN_CATABOLIC_PROCESS,1391
GOBP_ENDOCYTIC_RECYCLING,1393
GOBP_REGULATION_OF_CYTOKINESIS,607
GOBP_POSITIVE_REGULATION_OF_CYTOKINESIS,607
GOBP_ENDOPLASMIC_RETICULUM_CALCIUM_ION_HOMEOSTASIS,1394
GOBP_NEGATIVE_REGULATION_OF_TYPE_I_INTERFERON_PRODUCTION,1395
GOBP_POSITIVE_REGULATION_OF_TYPE_I_INTERFERON_PRODUCTION,1396
GOBP_RAB_PROTEIN_SIGNAL_TRANSDUCTION,1397
GOBP_RESPONSE_TO_MURAMYL_DIPEPTIDE,1398
GOBP_CYTOKINETIC_PROCESS,648
GOBP_MAINTENANCE_OF_PROTEIN_LOCATION_IN_CELL,1399
GOBP_ENDOSOME_TRANSPORT_VIA_MULTIVESICULAR_BODY_SORTING_PATHWAY,245
GOBP_LATE_ENDOSOME_TO_VACUOLE_TRANSPORT_VIA_MULTIVESICULAR_BODY_SORTING_PATHWAY,245
GOBP_NEGATIVE_REGULATION_OF_PHOSPHOPROTEIN_PHOSPHATASE_ACTIVITY,1142
GOBP_POSITIVE_REGULATION_OF_PHOSPHOPROTEIN_PHOSPHATASE_ACTIVITY,1143
GOBP_RESPONSE_TO_RETINOIC_ACID,1400
GOBP_PROTEIN_EXIT_FROM_ENDOPLASMIC_RETICULUM,1401
GOBP_MICROVILLUS_ORGANIZATION,1276
GOBP_MITOCHONDRIAL_TRANSLATION,1402
GOBP_RESPONSE_TO_PROGESTERONE,1403
GOBP_CHEMOKINE_PRODUCTION,1404
GOBP_GRANULOCYTE_MACROPHAGE_COLONY_STIMULATING_FACTOR_PRODUCTION,1405
GOBP_TYPE_I_INTERFERON_PRODUCTION,1396
GOBP_INTERFERON_ALPHA_PRODUCTION,1406
GOBP_INTERFERON_BETA_PRODUCTION,1396
GOBP_INTERFERON_GAMMA_PRODUCTION,1407
GOBP_INTERLEUKIN_1_PRODUCTION,1408
GOBP_INTERLEUKIN_10_PRODUCTION,1409
GOBP_INTERLEUKIN_12_PRODUCTION,1410
GOBP_INTERLEUKIN_13_PRODUCTION,1411
GOBP_INTERLEUKIN_17_PRODUCTION,1412
GOBP_INTERLEUKIN_2_PRODUCTION,1413
GOBP_INTERLEUKIN_4_PRODUCTION,1414
GOBP_INTERLEUKIN_5_PRODUCTION,1411
GOBP_INTERLEUKIN_6_PRODUCTION,1415
GOBP_INTERLEUKIN_8_PRODUCTION,1416
GOBP_NEGATIVE_REGULATION_OF_CHEMOKINE_PRODUCTION,1417
GOBP_NEGATIVE_REGULATION_OF_INTERFERON_GAMMA_PRODUCTION,1418
GOBP_NEGATIVE_REGULATION_OF_INTERLEUKIN_1_BETA_PRODUCTION,1419
GOBP_NEGATIVE_REGULATION_OF_INTERLEUKIN_1_PRODUCTION,1419
GOBP_NEGATIVE_REGULATION_OF_INTERLEUKIN_10_PRODUCTION,1420
GOBP_NEGATIVE_REGULATION_OF_INTERLEUKIN_12_PRODUCTION,1421
GOBP_NEGATIVE_REGULATION_OF_INTERLEUKIN_2_PRODUCTION,1422
GOBP_NEGATIVE_REGULATION_OF_INTERLEUKIN_6_PRODUCTION,1423
GOBP_NEGATIVE_REGULATION_OF_INTERLEUKIN_8_PRODUCTION,1424
GOBP_POSITIVE_REGULATION_OF_CHEMOKINE_PRODUCTION,1404
GOBP_POSITIVE_REGULATION_OF_INTERFERON_ALPHA_PRODUCTION,1406
GOBP_POSITIVE_REGULATION_OF_INTERFERON_BETA_PRODUCTION,1396
GOBP_POSITIVE_REGULATION_OF_INTERFERON_GAMMA_PRODUCTION,1407
GOBP_POSITIVE_REGULATION_OF_INTERLEUKIN_1_BETA_PRODUCTION,1408
GOBP_POSITIVE_REGULATION_OF_INTERLEUKIN_1_PRODUCTION,1408
GOBP_POSITIVE_REGULATION_OF_INTERLEUKIN_10_PRODUCTION,1409
GOBP_POSITIVE_REGULATION_OF_INTERLEUKIN_12_PRODUCTION,1410
GOBP_POSITIVE_REGULATION_OF_INTERLEUKIN_17_PRODUCTION,1412
GOBP_POSITIVE_REGULATION_OF_INTERLEUKIN_2_PRODUCTION,1413
GOBP_POSITIVE_REGULATION_OF_INTERLEUKIN_4_PRODUCTION,1414
GOBP_POSITIVE_REGULATION_OF_INTERLEUKIN_6_PRODUCTION,1415
GOBP_POSITIVE_REGULATION_OF_INTERLEUKIN_8_PRODUCTION,1416
GOBP_REGULATION_OF_MONOOXYGENASE_ACTIVITY,1425
GOBP_POSITIVE_REGULATION_OF_MONOOXYGENASE_ACTIVITY,1425
GOBP_NEGATIVE_REGULATION_OF_ATP_DEPENDENT_ACTIVITY,1426
GOBP_POSITIVE_REGULATION_OF_ATP_DEPENDENT_ACTIVITY,1427
GOBP_REGULATION_OF_DNA_TEMPLATED_TRANSCRIPTION_ELONGATION,816
GOBP_NEGATIVE_REGULATION_OF_DNA_TEMPLATED_TRANSCRIPTION_ELONGATION,1428
GOBP_POSITIVE_REGULATION_OF_DNA_TEMPLATED_TRANSCRIPTION_ELONGATION,816
GOBP_POSITIVE_REGULATION_OF_CREB_TRANSCRIPTION_FACTOR_ACTIVITY,1429
GOBP_RECEPTOR_CATABOLIC_PROCESS,1430
GOBP_REGULATION_OF_NATURAL_KILLER_CELL_ACTIVATION,1278
GOBP_POSITIVE_REGULATION_OF_NATURAL_KILLER_CELL_ACTIVATION,1278
GOBP_GLOMERULUS_DEVELOPMENT,1431
GOBP_RESPONSE_TO_INSULIN,1023
GOBP_CELLULAR_RESPONSE_TO_INSULIN_STIMULUS,1023
GOBP_REGULATION_OF_ESTABLISHMENT_OR_MAINTENANCE_OF_CELL_POLARITY,1432
GOBP_REGULATION_OF_POLYSACCHARIDE_METABOLIC_PROCESS,586
GOBP_REGULATION_OF_MICROTUBULE_BASED_PROCESS,1332
GOBP_REGULATION_OF_ORGANIC_ACID_TRANSPORT,1433
GOBP_NEGATIVE_REGULATION_OF_ORGANIC_ACID_TRANSPORT,1434
GOBP_POSITIVE_REGULATION_OF_ORGANIC_ACID_TRANSPORT,1433
GOBP_NEGATIVE_REGULATION_OF_VIRAL_TRANSCRIPTION,1435
GOBP_TRANSFORMING_GROWTH_FACTOR_BETA1_PRODUCTION,1436
GOBP_CIRCADIAN_REGULATION_OF_GENE_EXPRESSION,1437
GOBP_ACTIVIN_RECEPTOR_SIGNALING_PATHWAY,1438
GOBP_REGULATION_OF_ACTIVIN_RECEPTOR_SIGNALING_PATHWAY,1438
GOBP_REGULATION_OF_SUPEROXIDE_ANION_GENERATION,877
GOBP_SECRETION_BY_TISSUE,1439
GOBP_INOSITOL_PHOSPHATE_BIOSYNTHETIC_PROCESS,1141
GOBP_COLLAGEN_METABOLIC_PROCESS,1306
GOBP_COLLAGEN_BIOSYNTHETIC_PROCESS,1113
GOBP_POSITIVE_REGULATION_OF_TRANSCRIPTION_ELONGATION_FROM_RNA_POLYMERASE_II_PROMOTER,816
GOBP_PROTEIN_CONTAINING_COMPLEX_DISASSEMBLY,1277
GOBP_PROTEIN_DNA_COMPLEX_DISASSEMBLY,1344
GOBP_MUSCLE_CELL_PROLIFERATION,1440
GOBP_REGULATION_OF_MAST_CELL_ACTIVATION,712
GOBP_POSITIVE_REGULATION_OF_MAST_CELL_ACTIVATION,1441
GOBP_REGULATION_OF_MAST_CELL_ACTIVATION_INVOLVED_IN_IMMUNE_RESPONSE,712
GOBP_POSITIVE_REGULATION_OF_MAST_CELL_ACTIVATION_INVOLVED_IN_IMMUNE_RESPONSE,1441
GOBP_TETRAPYRROLE_METABOLIC_PROCESS,876
GOBP_TETRAPYRROLE_BIOSYNTHETIC_PROCESS,876
GOBP_MYELOID_CELL_APOPTOTIC_PROCESS,906
GOBP_REGULATION_OF_MYELOID_CELL_APOPTOTIC_PROCESS,906
GOBP_REGULATION_OF_CHROMOSOME_ORGANIZATION,1442
GOBP_REGULATION_OF_MITOTIC_SISTER_CHROMATID_SEGREGATION,1443
GOBP_CELLULAR_PIGMENTATION,1444
GOBP_T_CELL_DIFFERENTIATION_IN_THYMUS,1445
GOBP_REGULATION_OF_T_CELL_DIFFERENTIATION_IN_THYMUS,1445
GOBP_MITOCHONDRIAL_RESPIRATORY_CHAIN_COMPLEX_ASSEMBLY,468
GOBP_NEGATIVE_REGULATION_OF_RNA_SPLICING,1446
GOBP_POSITIVE_REGULATION_OF_RNA_SPLICING,1447
GOBP_REGULATION_OF_PEPTIDYL_SERINE_PHOSPHORYLATION,1448
GOBP_NEGATIVE_REGULATION_OF_PEPTIDYL_SERINE_PHOSPHORYLATION,1449
GOBP_POSITIVE_REGULATION_OF_PEPTIDYL_SERINE_PHOSPHORYLATION,1448
GOBP_REGULATION_OF_PEPTIDYL_SERINE_PHOSPHORYLATION_OF_STAT_PROTEIN,718
GOBP_REGULATION_OF_INTRACELLULAR_STEROID_HORMONE_RECEPTOR_SIGNALING_PATHWAY,1302
GOBP_NEGATIVE_REGULATION_OF_INTRACELLULAR_STEROID_HORMONE_RECEPTOR_SIGNALING_PATHWAY,1302
GOBP_REGULATION_OF_INTRACELLULAR_ESTROGEN_RECEPTOR_SIGNALING_PATHWAY,1302
GOBP_V_D_J_RECOMBINATION,1450
GOBP_REGULATION_OF_INTRACELLULAR_PROTEIN_TRANSPORT,1387
GOBP_RESPONSE_TO_VITAMIN_A,1451
GOBP_RESPONSE_TO_HYDROPEROXIDE,1452
GOBP_RESPONSE_TO_ATP,1453
GOBP_TUMOR_NECROSIS_FACTOR_MEDIATED_SIGNALING_PATHWAY,1126
GOBP_REGULATION_OF_PROTEIN_SUMOYLATION,1209
GOBP_REGULATION_OF_CELLULAR_AMINE_METABOLIC_PROCESS,1454
GOBP_RESPONSE_TO_VITAMIN,993
GOBP_ACTIN_MYOSIN_FILAMENT_SLIDING,1455
GOBP_RESPONSE_TO_VITAMIN_D,1358
GOBP_CHOLESTEROL_EFFLUX,1135
GOBP_SECRETORY_GRANULE_ORGANIZATION,627
GOBP_CARBOHYDRATE_HOMEOSTASIS,628
GOBP_HISTONE_H2A_UBIQUITINATION,1089
GOBP_MULTICELLULAR_ORGANISMAL_RESPONSE_TO_STRESS,1456
GOBP_UNSATURATED_FATTY_ACID_METABOLIC_PROCESS,58
GOBP_REGULATION_OF_WATER_LOSS_VIA_SKIN,1279
GOBP_RESPONSE_TO_TESTOSTERONE,1457
GOBP_MAMMARY_GLAND_EPITHELIAL_CELL_PROLIFERATION,1458
GOBP_REGULATION_OF_MAMMARY_GLAND_EPITHELIAL_CELL_PROLIFERATION,1458
GOBP_MITOCHONDRIAL_CYTOCHROME_C_OXIDASE_ASSEMBLY,1031
GOBP_MEMBRANE_PROTEIN_PROTEOLYSIS,834
GOBP_INTEGRIN_ACTIVATION,1459
GOBP_REGULATION_OF_INTEGRIN_ACTIVATION,1459
GOBP_CELL_ADHESION_MEDIATED_BY_INTEGRIN,1460
GOBP_REGULATION_OF_CELL_ADHESION_MEDIATED_BY_INTEGRIN,1460
GOBP_POSITIVE_REGULATION_OF_CELL_ADHESION_MEDIATED_BY_INTEGRIN,1460
GOBP_CELL_CELL_ADHESION_MEDIATED_BY_INTEGRIN,1461
GOBP_NEGATIVE_REGULATION_OF_KINASE_ACTIVITY,1462
GOBP_OSTEOBLAST_PROLIFERATION,1463
GOBP_REGULATION_OF_OSTEOBLAST_PROLIFERATION,1463
GOBP_RESPONSE_TO_GLUCAGON,1464
GOBP_NUCLEOSIDE_BISPHOSPHATE_METABOLIC_PROCESS,1465
GOBP_NUCLEOSIDE_BISPHOSPHATE_BIOSYNTHETIC_PROCESS,1465
GOBP_P_BODY_ASSEMBLY,1466
GOBP_STRESS_GRANULE_ASSEMBLY,1467
GOBP_PROTEIN_LOCALIZATION_TO_GOLGI_APPARATUS,1468
GOBP_ERYTHROCYTE_HOMEOSTASIS,709
GOBP_REGULATION_OF_TISSUE_REMODELING,1469
GOBP_NEGATIVE_REGULATION_OF_TISSUE_REMODELING,1470
GOBP_HOMOTYPIC_CELL_CELL_ADHESION,997
GOBP_REGULATION_OF_HOMOTYPIC_CELL_CELL_ADHESION,1101
GOBP_POSITIVE_REGULATION_OF_HOMOTYPIC_CELL_CELL_ADHESION,1471
GOBP_HETEROTYPIC_CELL_CELL_ADHESION,1472
GOBP_REGULATION_OF_HETEROTYPIC_CELL_CELL_ADHESION,1472
GOBP_POSITIVE_REGULATION_OF_HETEROTYPIC_CELL_CELL_ADHESION,1472
GOBP_REGULATION_OF_TOLL_LIKE_RECEPTOR_SIGNALING_PATHWAY,705
GOBP_NEGATIVE_REGULATION_OF_TOLL_LIKE_RECEPTOR_SIGNALING_PATHWAY,705
GOBP_POSITIVE_REGULATION_OF_TOLL_LIKE_RECEPTOR_SIGNALING_PATHWAY,1473
GOBP_TOLL_LIKE_RECEPTOR_2_SIGNALING_PATHWAY,1474
GOBP_TOLL_LIKE_RECEPTOR_3_SIGNALING_PATHWAY,1475
GOBP_TOLL_LIKE_RECEPTOR_4_SIGNALING_PATHWAY,1476
GOBP_REGULATION_OF_TOLL_LIKE_RECEPTOR_4_SIGNALING_PATHWAY,1476
GOBP_TOLL_LIKE_RECEPTOR_9_SIGNALING_PATHWAY,1477
GOBP_LIPID_TRANSLOCATION,1179
GOBP_AMYLOID_BETA_FORMATION,1478
GOBP_CARBOHYDRATE_TRANSMEMBRANE_TRANSPORT,1037
GOBP_REGULATION_OF_TRANSCRIPTION_ELONGATION_FROM_RNA_POLYMERASE_II_PROMOTER,816
GOBP_NEGATIVE_REGULATION_OF_CELLULAR_AMIDE_METABOLIC_PROCESS,1479
GOBP_POSITIVE_REGULATION_OF_CELLULAR_AMIDE_METABOLIC_PROCESS,1480
GOBP_NEGATIVE_REGULATION_OF_GTPASE_ACTIVITY,1481
GOBP_RESPONSE_TO_MONOSACCHARIDE,628
GOBP_PRIMARY_ALCOHOL_METABOLIC_PROCESS,869
GOBP_DIOL_METABOLIC_PROCESS,1482
GOBP_DIOL_BIOSYNTHETIC_PROCESS,1482
GOBP_ARP2_3_COMPLEX_MEDIATED_ACTIN_NUCLEATION,1483
GOBP_REGULATION_OF_ARP2_3_COMPLEX_MEDIATED_ACTIN_NUCLEATION,1483
GOBP_CELL_JUNCTION_MAINTENANCE,1484
GOBP_ADHERENS_JUNCTION_ORGANIZATION,1485
GOBP_RESPONSE_TO_TYPE_I_INTERFERON,1486
GOBP_RESPONSE_TO_INTERFERON_GAMMA,1487
GOBP_GLIAL_CELL_APOPTOTIC_PROCESS,1488
GOBP_PROTEIN_CONTAINING_COMPLEX_REMODELING,1489
GOBP_LOW_DENSITY_LIPOPROTEIN_PARTICLE_REMODELING,1489
GOBP_HIGH_DENSITY_LIPOPROTEIN_PARTICLE_REMODELING,1490
GOBP_PLASMA_LIPOPROTEIN_PARTICLE_CLEARANCE,1149
GOBP_LOW_DENSITY_LIPOPROTEIN_PARTICLE_CLEARANCE,1149
GOBP_LIPID_DROPLET_ORGANIZATION,1491
GOBP_SMOOTH_MUSCLE_CELL_APOPTOTIC_PROCESS,1110
GOBP_PROTEIN_LOCALIZATION_TO_CELL_SURFACE,1492
GOBP_RESPONSE_TO_FLUID_SHEAR_STRESS,1493
GOBP_STEROID_ESTERIFICATION,1494
GOBP_LIPID_OXIDATION,853
GOBP_SUBSTRATE_ADHESION_DEPENDENT_CELL_SPREADING,1123
GOBP_MICROTUBULE_ANCHORING,1495
GOBP_PROTEIN_LOCALIZATION_TO_PHAGOPHORE_ASSEMBLY_SITE,1496
GOBP_PROTEIN_LOCALIZATION_TO_CHROMOSOME,1497
GOBP_PROTEIN_LOCALIZATION_TO_NUCLEUS,1211
GOBP_TOOTH_MINERALIZATION,1498
GOBP_CENTROMERE_COMPLEX_ASSEMBLY,1499
GOBP_PIRNA_METABOLIC_PROCESS,432
GOBP_CELLULAR_RESPONSE_TO_HEAT,1052
GOBP_RESPONSE_TO_TUMOR_NECROSIS_FACTOR,1500
GOBP_CELLULAR_RESPONSE_TO_REACTIVE_OXYGEN_SPECIES,591
GOBP_CELLULAR_RESPONSE_TO_UNFOLDED_PROTEIN,1323
GOBP_CELLULAR_CARBOHYDRATE_BIOSYNTHETIC_PROCESS,586
GOBP_PHOSPHATIDYLCHOLINE_CATABOLIC_PROCESS,1061
GOBP_CELLULAR_RESPONSE_TO_UV,1064
GOBP_NUCLEOBASE_CONTAINING_SMALL_MOLECULE_CATABOLIC_PROCESS,802
GOBP_NCRNA_CATABOLIC_PROCESS,1189
GOBP_RESPONSE_TO_PROSTAGLANDIN,1501
GOBP_RESPONSE_TO_PROSTAGLANDIN_E,1501
GOBP_RESPONSE_TO_GONADOTROPIN,1382
GOBP_DNA_REPLICATION_INDEPENDENT_CHROMATIN_ORGANIZATION,1502
GOBP_NUCLEOSOME_ORGANIZATION,812
GOBP_CELLULAR_HORMONE_METABOLIC_PROCESS,869
GOBP_IRON_ION_TRANSMEMBRANE_TRANSPORT,1503
GOBP_NEGATIVE_REGULATION_OF_TRANSMEMBRANE_TRANSPORT,1389
GOBP_POSITIVE_REGULATION_OF_TRANSMEMBRANE_TRANSPORT,1390
GOBP_NEGATIVE_REGULATION_OF_ION_TRANSMEMBRANE_TRANSPORT,1389
GOBP_POSITIVE_REGULATION_OF_ION_TRANSMEMBRANE_TRANSPORT,1390
GOBP_RESPONSE_TO_ENDOPLASMIC_RETICULUM_STRESS,1298
GOBP_SOMATIC_STEM_CELL_POPULATION_MAINTENANCE,1504
GOBP_REGULATION_OF_RAC_PROTEIN_SIGNAL_TRANSDUCTION,1208
GOBP_REGULATION_OF_RHO_PROTEIN_SIGNAL_TRANSDUCTION,971
GOBP_NEGATIVE_REGULATION_OF_RHO_PROTEIN_SIGNAL_TRANSDUCTION,1505
GOBP_POSITIVE_REGULATION_OF_RHO_PROTEIN_SIGNAL_TRANSDUCTION,1506
GOBP_SPERM_EGG_RECOGNITION,978
GOBP_EMBRYONIC_HEART_TUBE_DEVELOPMENT,770
GOBP_CARDIOCYTE_DIFFERENTIATION,1507
GOBP_POSITIVE_REGULATION_OF_HISTONE_ACETYLATION,1508
GOBP_NEGATIVE_REGULATION_OF_HISTONE_ACETYLATION,1509
GOBP_AXONEME_ASSEMBLY,622
GOBP_RESPONSE_TO_NICOTINE,1510
GOBP_APPENDAGE_MORPHOGENESIS,1511
GOBP_EMBRYONIC_APPENDAGE_MORPHOGENESIS,1511
GOBP_EMBRYONIC_FORELIMB_MORPHOGENESIS,1512
GOBP_EMBRYONIC_HINDLIMB_MORPHOGENESIS,1512
GOBP_FORELIMB_MORPHOGENESIS,1512
GOBP_HINDLIMB_MORPHOGENESIS,1512
GOBP_TUBE_FORMATION,657
GOBP_REGULATION_OF_TUBE_SIZE,766
GOBP_EMBRYONIC_HEMOPOIESIS,1513
GOBP_SYNAPTIC_TRANSMISSION_GLUTAMATERGIC,1514
GOBP_MULTICELLULAR_ORGANISM_GROWTH,1515
GOBP_ORGAN_GROWTH,1167
GOBP_PROTEIN_MANNOSYLATION,1516
GOBP_ENDOCRINE_SYSTEM_DEVELOPMENT,1517
GOBP_EXOCRINE_SYSTEM_DEVELOPMENT,986
GOBP_SEGMENTATION,640
GOBP_REGULATION_OF_DEPHOSPHORYLATION,1142
GOBP_REGULATION_OF_PROTEIN_DEPHOSPHORYLATION,1142
GOBP_NEGATIVE_REGULATION_OF_DEPHOSPHORYLATION,1142
GOBP_POSITIVE_REGULATION_OF_DEPHOSPHORYLATION,1143
GOBP_POSITIVE_REGULATION_OF_PROTEIN_DEPHOSPHORYLATION,1143
GOBP_NEGATIVE_REGULATION_OF_PROTEIN_DEPHOSPHORYLATION,1142
GOBP_WOUND_HEALING_SPREADING_OF_EPIDERMAL_CELLS,680
GOBP_HAIR_CELL_DIFFERENTIATION,699
GOBP_HIPPO_SIGNALING,1518
GOBP_REGULATION_OF_HIPPO_SIGNALING,1518
GOBP_PEPTIDYL_TYROSINE_DEPHOSPHORYLATION,827
GOBP_LONG_CHAIN_FATTY_ACYL_COA_METABOLIC_PROCESS,489
GOBP_FATTY_ACYL_COA_METABOLIC_PROCESS,489
GOBP_LONG_CHAIN_FATTY_ACYL_COA_BIOSYNTHETIC_PROCESS,489
GOBP_PEROXISOME_PROLIFERATOR_ACTIVATED_RECEPTOR_SIGNALING_PATHWAY,1519
GOBP_PROTEIN_LOCALIZATION_TO_MICROTUBULE,1520
GOBP_THIOESTER_METABOLIC_PROCESS,1465
GOBP_THIOESTER_BIOSYNTHETIC_PROCESS,1465
GOBP_PROTEIN_LOCALIZATION_TO_SYNAPSE,1521
GOBP_PHOSPHATE_ION_TRANSMEMBRANE_TRANSPORT,880
GOBP_RESPONSE_TO_INTERFERON_ALPHA,1522
GOBP_RESPONSE_TO_INTERFERON_BETA,1523
GOBP_CELLULAR_RESPONSE_TO_INTERFERON_BETA,1523
GOBP_VESICLE_CARGO_LOADING,901
GOBP_VITAMIN_TRANSMEMBRANE_TRANSPORT,1524
GOBP_DNA_DEALKYLATION,1525
GOBP_HISTONE_H2A_MONOUBIQUITINATION,1089
GOBP_MONOUBIQUITINATED_PROTEIN_DEUBIQUITINATION,1207
GOBP_REGULATION_OF_CHROMATIN_BINDING,1526
GOBP_NON_CANONICAL_WNT_SIGNALING_PATHWAY,637
GOBP_CALCIUM_MEDIATED_SIGNALING_USING_INTRACELLULAR_CALCIUM_SOURCE,1527
GOBP_PURINERGIC_NUCLEOTIDE_RECEPTOR_SIGNALING_PATHWAY,386
GOBP_CERAMIDE_TRANSPORT,1528
GOBP_MAINTENANCE_OF_BLOOD_BRAIN_BARRIER,1529
GOBP_MULTICELLULAR_ORGANISMAL_SIGNALING,613
GOBP_EXPLORATION_BEHAVIOR,1530
GOBP_LOCOMOTORY_EXPLORATION_BEHAVIOR,1530
GOBP_CD4_POSITIVE_ALPHA_BETA_T_CELL_ACTIVATION,715
GOBP_SODIUM_ION_TRANSMEMBRANE_TRANSPORT,684
GOBP_RESPONSE_TO_HEPATOCYTE_GROWTH_FACTOR,1531
GOBP_CD4_POSITIVE_ALPHA_BETA_T_CELL_CYTOKINE_PRODUCTION,722
GOBP_ENDOTHELIAL_CELL_CHEMOTAXIS,1532
GOBP_INSULIN_SECRETION_INVOLVED_IN_CELLULAR_RESPONSE_TO_GLUCOSE_STIMULUS,1533
GOBP_POSITIVE_REGULATION_OF_INSULIN_SECRETION_INVOLVED_IN_CELLULAR_RESPONSE_TO_GLUCOSE_STIMULUS,1533
GOBP_REGULATION_OF_URINE_VOLUME,1534
GOBP_RENAL_SODIUM_EXCRETION,995
GOBP_MODULATION_OF_PROCESS_OF_ANOTHER_ORGANISM,1535
GOBP_HOMOLOGOUS_RECOMBINATION,1536
GOBP_EPITHELIAL_CELL_DIFFERENTIATION_INVOLVED_IN_KIDNEY_DEVELOPMENT,1431
GOBP_MEGAKARYOCYTE_DEVELOPMENT,1537
GOBP_RESPONSE_TO_POTASSIUM_ION,1538
GOBP_NUCLEOTIDE_BINDING_DOMAIN_LEUCINE_RICH_REPEAT_CONTAINING_RECEPTOR_SIGNALING_PATHWAY,1539
GOBP_ENTEROENDOCRINE_CELL_DIFFERENTIATION,692
GOBP_VASCULAR_ASSOCIATED_SMOOTH_MUSCLE_CELL_DIFFERENTIATION,1540
GOBP_RESPONSE_TO_IMMOBILIZATION_STRESS,1541
GOBP_AORTA_DEVELOPMENT,1542
GOBP_AORTA_MORPHOGENESIS,1542
GOBP_SKELETAL_MUSCLE_CELL_DIFFERENTIATION,1543
GOBP_CELLULAR_RESPONSE_TO_VASCULAR_ENDOTHELIAL_GROWTH_FACTOR_STIMULUS,1544
GOBP_STEROID_HORMONE_SECRETION,1545
GOBP_CORTICOSTEROID_HORMONE_SECRETION,1545
GOBP_RESPONSE_TO_TOPOLOGICALLY_INCORRECT_PROTEIN,1323
GOBP_CELLULAR_RESPONSE_TO_TOPOLOGICALLY_INCORRECT_PROTEIN,1323
GOBP_PEPTIDYL_THREONINE_DEPHOSPHORYLATION,1546
GOBP_ENDODERMAL_CELL_DIFFERENTIATION,632
GOBP_CHONDROCYTE_PROLIFERATION,1547
GOBP_RESPONSE_TO_MUSCLE_STRETCH,1548
GOBP_POSITIVE_REGULATION_OF_TRANSCRIPTION_FROM_RNA_POLYMERASE_II_PROMOTER_IN_RESPONSE_TO_STRESS,1549
GOBP_PROTEIN_LOCALIZATION_TO_ENDOSOME,1550
GOBP_OSTEOCLAST_DEVELOPMENT,1551
GOBP_CD8_POSITIVE_ALPHA_BETA_T_CELL_ACTIVATION,1552
GOBP_REPLACEMENT_OSSIFICATION,1553
GOBP_PHOSPHATIDYLINOSITOL_3_PHOSPHATE_BIOSYNTHETIC_PROCESS,1554
GOBP_RESPONSE_TO_PLATELET_DERIVED_GROWTH_FACTOR,1555
GOBP_HISTONE_H3_K9_TRIMETHYLATION,1556
GOBP_GRANULOCYTE_ACTIVATION,714
GOBP_MULTIVESICULAR_BODY_ORGANIZATION,245
GOBP_RESPONSE_TO_INCREASED_OXYGEN_LEVELS,1557
GOBP_INTERSTRAND_CROSS_LINK_REPAIR,1558
GOBP_LYMPH_VESSEL_MORPHOGENESIS,669
GOBP_RESPONSE_TO_STEROL,1559
GOBP_CELLULAR_RESPONSE_TO_STEROL,1559
GOBP_DENDRITIC_CELL_MIGRATION,725
GOBP_POST_ANAL_TAIL_MORPHOGENESIS,1560
GOBP_PLATELET_MORPHOGENESIS,1561
GOBP_SODIUM_ION_EXPORT_ACROSS_PLASMA_MEMBRANE,891
GOBP_SYNAPTIC_VESICLE_RECYCLING,1562
GOBP_CELL_DEATH_IN_RESPONSE_TO_OXIDATIVE_STRESS,1563
GOBP_CELL_DEATH_IN_RESPONSE_TO_HYDROGEN_PEROXIDE,1564
GOBP_NEURON_DEATH_IN_RESPONSE_TO_OXIDATIVE_STRESS,1565
GOBP_IRE1_MEDIATED_UNFOLDED_PROTEIN_RESPONSE,1566
GOBP_PERK_MEDIATED_UNFOLDED_PROTEIN_RESPONSE,915
GOBP_ERAD_PATHWAY,1298
GOBP_PROTEIN_DEMANNOSYLATION,422
GOBP_SIGNAL_TRANSDUCTION_IN_ABSENCE_OF_LIGAND,1567
GOBP_NIK_NF_KAPPAB_SIGNALING,1568
GOBP_COLLAGEN_ACTIVATED_SIGNALING_PATHWAY,1569
GOBP_P38MAPK_CASCADE,1570
GOBP_PEPTIDYL_TYROSINE_AUTOPHOSPHORYLATION,1571
GOBP_VASCULAR_ENDOTHELIAL_GROWTH_FACTOR_SIGNALING_PATHWAY,1544
GOBP_NODAL_SIGNALING_PATHWAY,1438
GOBP_FC_RECEPTOR_SIGNALING_PATHWAY,726
GOBP_FC_GAMMA_RECEPTOR_SIGNALING_PATHWAY,726
GOBP_FC_EPSILON_RECEPTOR_SIGNALING_PATHWAY,1572
GOBP_ERBB_SIGNALING_PATHWAY,1573
GOBP_NEUROTROPHIN_SIGNALING_PATHWAY,1574
GOBP_TORC1_SIGNALING,1359
GOBP_CYTOPLASMIC_PATTERN_RECOGNITION_RECEPTOR_SIGNALING_PATHWAY_IN_RESPONSE_TO_VIRUS,749
GOBP_RIG_I_SIGNALING_PATHWAY,749
GOBP_REGULATION_OF_VIRAL_INDUCED_CYTOPLASMIC_PATTERN_RECOGNITION_RECEPTOR_SIGNALING_PATHWAY,749
GOBP_REGULATION_OF_RIG_I_SIGNALING_PATHWAY,749
GOBP_SINGLE_STRANDED_VIRAL_RNA_REPLICATION_VIA_DOUBLE_STRANDED_DNA_INTERMEDIATE,1575
GOBP_VIRAL_RNA_GENOME_REPLICATION,1575
GOBP_ESTABLISHMENT_OF_MITOTIC_SPINDLE_LOCALIZATION,1576
GOBP_REGULATION_OF_MULTICELLULAR_ORGANISM_GROWTH,1515
GOBP_POSITIVE_REGULATION_OF_MULTICELLULAR_ORGANISM_GROWTH,1515
GOBP_POSITIVE_REGULATION_OF_EMBRYONIC_DEVELOPMENT,1577
GOBP_REGULATION_OF_MEIOTIC_NUCLEAR_DIVISION,1578
GOBP_REGULATION_OF_GENE_EXPRESSION_EPIGENETIC,1579
GOBP_RNA_MEDIATED_GENE_SILENCING_BY_INHIBITION_OF_TRANSLATION,1479
GOBP_REGULATION_OF_FIBROBLAST_GROWTH_FACTOR_RECEPTOR_SIGNALING_PATHWAY,1032
GOBP_NEGATIVE_REGULATION_OF_FIBROBLAST_GROWTH_FACTOR_RECEPTOR_SIGNALING_PATHWAY,1032
GOBP_PROTEIN_REFOLDING,1580
GOBP_FLUID_TRANSPORT,884
GOBP_GLIOGENESIS,1075
GOBP_REGULATION_OF_CATECHOLAMINE_METABOLIC_PROCESS,1454
GOBP_INTRACILIARY_TRANSPORT,437
GOBP_CELL_MIGRATION_INVOLVED_IN_GASTRULATION,1581
GOBP_T_HELPER_1_TYPE_IMMUNE_RESPONSE,755
GOBP_TYPE_2_IMMUNE_RESPONSE,756
GOBP_T_CELL_PROLIFERATION,1266
GOBP_B_CELL_PROLIFERATION,1319
GOBP_POSITIVE_REGULATION_OF_T_CELL_PROLIFERATION,1266
GOBP_POSITIVE_REGULATION_OF_ACTIVATED_T_CELL_PROLIFERATION,1582
GOBP_MACROPHAGE_ACTIVATION,1583
GOBP_REGULATION_OF_T_CELL_PROLIFERATION,1266
GOBP_NEGATIVE_REGULATION_OF_T_CELL_PROLIFERATION,1265
GOBP_NEUROTRANSMITTER_METABOLIC_PROCESS,1584
GOBP_RETROGRADE_TRANSPORT_ENDOSOME_TO_GOLGI,1193
GOBP_CELLULAR_RESPONSE_TO_GLUCOSE_STARVATION,1585
GOBP_LIPOPROTEIN_METABOLIC_PROCESS,1586
GOBP_LIPOPROTEIN_BIOSYNTHETIC_PROCESS,1586
GOBP_LIPOPROTEIN_CATABOLIC_PROCESS,1587
GOBP_NEGATIVE_REGULATION_OF_PROTEIN_CATABOLIC_PROCESS,1392
GOBP_XENOBIOTIC_CATABOLIC_PROCESS,1588
GOBP_CELLULAR_KETONE_METABOLIC_PROCESS,1102
GOBP_KETONE_BIOSYNTHETIC_PROCESS,866
GOBP_CELLULAR_MODIFIED_AMINO_ACID_CATABOLIC_PROCESS,1589
GOBP_RESPONSE_TO_COCAINE,1590
GOBP_TISSUE_REGENERATION,1591
GOBP_ESTABLISHMENT_OF_PLANAR_POLARITY_OF_EMBRYONIC_EPITHELIUM,1592
GOBP_RIBOSOME_ASSEMBLY,573
GOBP_RIBOSOMAL_LARGE_SUBUNIT_BIOGENESIS,573
GOBP_RIBOSOMAL_SMALL_SUBUNIT_BIOGENESIS,598
GOBP_PURINE_NUCLEOSIDE_METABOLIC_PROCESS,1044
GOBP_MOLTING_CYCLE,1593
GOBP_REGULATION_OF_FATTY_ACID_BIOSYNTHETIC_PROCESS,1594
GOBP_VASOCONSTRICTION,766
GOBP_VASODILATION,1595
GOBP_KERATAN_SULFATE_METABOLIC_PROCESS,53
GOBP_VITAMIN_D_METABOLIC_PROCESS,875
GOBP_CELLULAR_MODIFIED_AMINO_ACID_BIOSYNTHETIC_PROCESS,1226
GOBP_THYROID_HORMONE_METABOLIC_PROCESS,845
GOBP_DOPAMINE_METABOLIC_PROCESS,1058
GOBP_INDOLE_CONTAINING_COMPOUND_METABOLIC_PROCESS,96
GOBP_PIGMENT_METABOLIC_PROCESS,876
GOBP_HORMONE_METABOLIC_PROCESS,869
GOBP_HORMONE_BIOSYNTHETIC_PROCESS,866
GOBP_PROGESTERONE_METABOLIC_PROCESS,1596
GOBP_RIBONUCLEOSIDE_CATABOLIC_PROCESS,802
GOBP_PHOTORECEPTOR_CELL_DEVELOPMENT,638
GOBP_EYE_PHOTORECEPTOR_CELL_DEVELOPMENT,638
GOBP_EAR_MORPHOGENESIS,1597
GOBP_INNER_EAR_MORPHOGENESIS,1597
GOBP_MIDDLE_EAR_MORPHOGENESIS,1598
GOBP_ODONTOGENESIS_OF_DENTIN_CONTAINING_TOOTH,1599
GOBP_ODONTOGENESIS,1599
GOBP_REGULATION_OF_ODONTOGENESIS,1600
GOBP_MECHANORECEPTOR_DIFFERENTIATION,699
GOBP_INNER_EAR_AUDITORY_RECEPTOR_CELL_DIFFERENTIATION,699
GOBP_SERINE_PHOSPHORYLATION_OF_STAT_PROTEIN,718
GOBP_POSITIVE_REGULATION_OF_TYROSINE_PHOSPHORYLATION_OF_STAT_PROTEIN,969
GOBP_BENZENE_CONTAINING_COMPOUND_METABOLIC_PROCESS,1601
GOBP_RESPONSE_TO_HYDROGEN_PEROXIDE,591
GOBP_NEURON_MATURATION,1602
GOBP_SUPEROXIDE_ANION_GENERATION,877
GOBP_PTERIDINE_CONTAINING_COMPOUND_METABOLIC_PROCESS,108
GOBP_RETINOL_METABOLIC_PROCESS,869
GOBP_RETINOIC_ACID_METABOLIC_PROCESS,1603
GOBP_RETINAL_METABOLIC_PROCESS,1604
GOBP_RESPONSE_TO_STARVATION,1053
GOBP_FEAR_RESPONSE,1456
GOBP_REGULATION_OF_HAIR_CYCLE,1605
GOBP_MUSCLE_CELL_FATE_COMMITMENT,1606
GOBP_OVULATION_CYCLE,1267
GOBP_FIBRINOLYSIS,1607
GOBP_EMBRYONIC_DIGIT_MORPHOGENESIS,1511
GOBP_HYDROGEN_PEROXIDE_METABOLIC_PROCESS,1608
GOBP_HYDROGEN_PEROXIDE_CATABOLIC_PROCESS,1608
GOBP_CIRCADIAN_SLEEP_WAKE_CYCLE,1005
GOBP_REGULATION_OF_CIRCADIAN_SLEEP_WAKE_CYCLE,1005
GOBP_REGULATION_OF_CIRCADIAN_RHYTHM,1006
GOBP_EATING_BEHAVIOR,1009
GOBP_LONG_CHAIN_FATTY_ACID_BIOSYNTHETIC_PROCESS,533
GOBP_NUCLEOSOME_MOBILIZATION,1269
GOBP_SIGNAL_TRANSDUCTION_IN_RESPONSE_TO_DNA_DAMAGE,578
GOBP_INTRINSIC_APOPTOTIC_SIGNALING_PATHWAY_IN_RESPONSE_TO_DNA_DAMAGE_BY_P53_CLASS_MEDIATOR,1035
GOBP_DNA_DAMAGE_RESPONSE_SIGNAL_TRANSDUCTION_RESULTING_IN_TRANSCRIPTION,1609
GOBP_ATP_SYNTHESIS_COUPLED_ELECTRON_TRANSPORT,86
GOBP_SNRNA_TRANSCRIPTION_BY_RNA_POLYMERASE_II,1056
GOBP_AMIDE_TRANSPORT,754
GOBP_XENOBIOTIC_TRANSPORT,1610
GOBP_ACTIVATION_OF_JANUS_KINASE_ACTIVITY,1611
GOBP_AMYLOID_PRECURSOR_PROTEIN_METABOLIC_PROCESS,1478
GOBP_AMYLOID_PRECURSOR_PROTEIN_BIOSYNTHETIC_PROCESS,1612
GOBP_AMYLOID_PRECURSOR_PROTEIN_CATABOLIC_PROCESS,1478
GOBP_CYTOPLASMIC_SEQUESTERING_OF_TRANSCRIPTION_FACTOR,1613
GOBP_GOLGI_TO_PLASMA_MEMBRANE_PROTEIN_TRANSPORT,897
GOBP_MYELOID_DENDRITIC_CELL_DIFFERENTIATION,645
GOBP_T_CELL_HOMEOSTASIS,647
GOBP_REGULATION_OF_MACROPHAGE_ACTIVATION,1583
GOBP_NEGATIVE_REGULATION_OF_MACROPHAGE_ACTIVATION,1614
GOBP_POSITIVE_REGULATION_OF_MACROPHAGE_ACTIVATION,1583
GOBP_AMINO_ACID_ACTIVATION,64
GOBP_DNA_METHYLATION_INVOLVED_IN_GAMETE_GENERATION,432
GOBP_AMINO_ACID_IMPORT,342
GOBP_CELLULAR_METABOLIC_COMPOUND_SALVAGE,516
GOBP_RECEPTOR_METABOLIC_PROCESS,900
GOBP_RECEPTOR_CLUSTERING,668
GOBP_REGULATION_OF_VASCULAR_PERMEABILITY,1615
GOBP_NEGATIVE_REGULATION_OF_VASCULAR_PERMEABILITY,1615
GOBP_POSITIVE_REGULATION_OF_VASCULAR_PERMEABILITY,1616
GOBP_POSITIVE_REGULATION_OF_I_KAPPAB_KINASE_NF_KAPPAB_SIGNALING,965
GOBP_NEGATIVE_REGULATION_OF_I_KAPPAB_KINASE_NF_KAPPAB_SIGNALING,1617
GOBP_STRESS_FIBER_ASSEMBLY,1325
GOBP_UBIQUITIN_DEPENDENT_PROTEIN_CATABOLIC_PROCESS_VIA_THE_MULTIVESICULAR_BODY_SORTING_PATHWAY,245
GOBP_PEPTIDE_CATABOLIC_PROCESS,1618
GOBP_NUCLEOTIDE_SALVAGE,516
GOBP_MYELIN_MAINTENANCE,1619
GOBP_NEGATIVE_REGULATION_OF_PROTEIN_CONTAINING_COMPLEX_DISASSEMBLY,1277
GOBP_POSITIVE_REGULATION_OF_PROTEIN_CONTAINING_COMPLEX_DISASSEMBLY,1620
GOBP_REGULATION_OF_PROTEIN_CONTAINING_COMPLEX_DISASSEMBLY,1277
GOBP_ERYTHROCYTE_MATURATION,1621
GOBP_REGULATION_OF_CARBOHYDRATE_BIOSYNTHETIC_PROCESS,789
GOBP_REGULATION_OF_POTASSIUM_ION_TRANSPORT,879
GOBP_NEGATIVE_REGULATION_OF_POTASSIUM_ION_TRANSPORT,1622
GOBP_POSITIVE_REGULATION_OF_POTASSIUM_ION_TRANSPORT,1623
GOBP_POSITIVE_REGULATION_OF_ION_TRANSPORT,1390
GOBP_NEGATIVE_REGULATION_OF_ION_TRANSPORT,1389
GOBP_ANOIKIS,1624
GOBP_APOPTOTIC_CELL_CLEARANCE,1625
GOBP_RESPONSE_TO_ALKALOID,1590
GOBP_APICAL_JUNCTION_ASSEMBLY,931
GOBP_LEUKOCYTE_DEGRANULATION,712
GOBP_REGULATION_OF_LEUKOCYTE_DEGRANULATION,712
GOBP_POSITIVE_REGULATION_OF_LEUKOCYTE_DEGRANULATION,1441
GOBP_RESPONSE_TO_DSRNA,1626
GOBP_CD4_POSITIVE_ALPHA_BETA_T_CELL_DIFFERENTIATION,715
GOBP_POSITIVE_T_CELL_SELECTION,716
GOBP_CD4_POSITIVE_OR_CD8_POSITIVE_ALPHA_BETA_T_CELL_LINEAGE_COMMITMENT,716
GOBP_REGULATION_OF_CD4_POSITIVE_ALPHA_BETA_T_CELL_DIFFERENTIATION,715
GOBP_NEGATIVE_REGULATION_OF_CD4_POSITIVE_ALPHA_BETA_T_CELL_DIFFERENTIATION,1627
GOBP_POSITIVE_REGULATION_OF_CD4_POSITIVE_ALPHA_BETA_T_CELL_DIFFERENTIATION,715
GOBP_POSITIVE_REGULATION_OF_DNA_BINDING,1628
GOBP_NEGATIVE_REGULATION_OF_DNA_BINDING,1629
GOBP_REGULATION_OF_PROTEIN_BINDING,1369
GOBP_STEROID_HORMONE_MEDIATED_SIGNALING_PATHWAY,1070
GOBP_SKELETAL_MUSCLE_TISSUE_REGENERATION,1591
GOBP_REGULATION_OF_MAP_KINASE_ACTIVITY,1630
GOBP_POSITIVE_REGULATION_OF_MAP_KINASE_ACTIVITY,1630
GOBP_NEGATIVE_REGULATION_OF_MAP_KINASE_ACTIVITY,1462
GOBP_NEGATIVE_REGULATION_OF_MAPK_CASCADE,1631
GOBP_NEGATIVE_REGULATION_OF_DNA_BINDING_TRANSCRIPTION_FACTOR_ACTIVITY,1368
GOBP_REGULATION_OF_CELLULAR_RESPIRATION,694
GOBP_REGULATION_OF_ATP_DEPENDENT_ACTIVITY,1427
GOBP_REGULATION_OF_GENERATION_OF_PRECURSOR_METABOLITES_AND_ENERGY,797
GOBP_REGULATION_OF_CARBOHYDRATE_CATABOLIC_PROCESS,797
GOBP_PIGMENTATION,1444
GOBP_REGULATION_OF_RNA_SPLICING,593
GOBP_HISTONE_EXCHANGE,1632
GOBP_RNA_STABILIZATION,1633
GOBP_PROTEIN_KINASE_B_SIGNALING,1634
GOBP_MUSCLE_ADAPTATION,1162
GOBP_SKELETAL_MUSCLE_ADAPTATION,1635
GOBP_REGULATION_OF_MUSCLE_ADAPTATION,1162
GOBP_REGULATION_OF_JUN_KINASE_ACTIVITY,1636
GOBP_POSITIVE_REGULATION_OF_JUN_KINASE_ACTIVITY,1636
GOBP_NEGATIVE_REGULATION_OF_JUN_KINASE_ACTIVITY,1637
GOBP_REGULATION_OF_DNA_DAMAGE_RESPONSE_SIGNAL_TRANSDUCTION_BY_P53_CLASS_MEDIATOR,1297
GOBP_NEGATIVE_REGULATION_OF_NEURON_APOPTOTIC_PROCESS,1638
GOBP_POSITIVE_REGULATION_OF_NEURON_APOPTOTIC_PROCESS,1639
GOBP_BLOOD_VESSEL_ENDOTHELIAL_CELL_MIGRATION,1106
GOBP_POSITIVE_REGULATION_OF_BLOOD_VESSEL_ENDOTHELIAL_CELL_MIGRATION,1106
GOBP_NEGATIVE_REGULATION_OF_BLOOD_VESSEL_ENDOTHELIAL_CELL_MIGRATION,685
GOBP_ENDOTHELIAL_CELL_MIGRATION,1106
GOBP_PROTEIN_ACYLATION,829
GOBP_POSITIVE_REGULATION_OF_GTPASE_ACTIVITY,1640
GOBP_REGULATION_OF_LIPID_KINASE_ACTIVITY,1641
GOBP_REGULATION_OF_PHOSPHATIDYLINOSITOL_3_KINASE_ACTIVITY,1641
GOBP_REGULATION_OF_TRANSLATION_IN_RESPONSE_TO_STRESS,1642
GOBP_REGULATION_OF_INSULIN_LIKE_GROWTH_FACTOR_RECEPTOR_SIGNALING_PATHWAY,1643
GOBP_PEROXISOMAL_TRANSPORT,542
GOBP_REGULATION_OF_RESPIRATORY_GASEOUS_EXCHANGE,765
GOBP_EAR_DEVELOPMENT,1597
GOBP_TONGUE_DEVELOPMENT,1644
GOBP_SKIN_DEVELOPMENT,1072
GOBP_KERATINOCYTE_PROLIFERATION,1132
GOBP_REGULATION_OF_DNA_TEMPLATED_TRANSCRIPTION_IN_RESPONSE_TO_STRESS,1549
GOBP_RESPONSE_TO_ESTROGEN,1645
GOBP_NCRNA_3_END_PROCESSING,1187
GOBP_RNA_POLYADENYLATION,1334
GOBP_INOSITOL_PHOSPHATE_METABOLIC_PROCESS,1235
GOBP_DICARBOXYLIC_ACID_METABOLIC_PROCESS,1646
GOBP_DICARBOXYLIC_ACID_CATABOLIC_PROCESS,1647
GOBP_LINOLEIC_ACID_METABOLIC_PROCESS,1648
GOBP_ENGULFMENT_OF_APOPTOTIC_CELL,1625
GOBP_REGULATION_OF_PHOSPHOPROTEIN_PHOSPHATASE_ACTIVITY,1142
GOBP_POST_TRANSLATIONAL_PROTEIN_MODIFICATION,1222
GOBP_REVERSE_CHOLESTEROL_TRANSPORT,1490
GOBP_REGULATION_OF_BIOLOGICAL_PROCESS_INVOLVED_IN_SYMBIOTIC_INTERACTION,1649
GOBP_POSITIVE_REGULATION_BY_HOST_OF_VIRAL_TRANSCRIPTION,1650
GOBP_REGULATION_OF_CAMP_MEDIATED_SIGNALING,1238
GOBP_CELLULAR_COMPONENT_MAINTENANCE,1484
GOBP_HISTONE_H3_ACETYLATION,829
GOBP_HISTONE_H4_ACETYLATION,829
GOBP_HISTONE_H2A_ACETYLATION,1651
GOBP_HISTONE_H3_K9_ACETYLATION,1652
GOBP_HISTONE_H4_K5_ACETYLATION,1653
GOBP_HISTONE_H4_K16_ACETYLATION,1653
GOBP_REGULATION_OF_DNA_METHYLATION,1654
GOBP_REGULATION_OF_DIGESTIVE_SYSTEM_PROCESS,1655
GOBP_REGULATION_OF_ENDOCRINE_PROCESS,1545
GOBP_REGULATION_OF_EXCRETION,995
GOBP_REGULATION_OF_RESPIRATORY_SYSTEM_PROCESS,765
GOBP_REGULATION_OF_ANION_TRANSPORT,1433
GOBP_REGULATION_OF_VACUOLE_ORGANIZATION,1656
GOBP_POSITIVE_REGULATION_OF_VACUOLE_ORGANIZATION,1656
GOBP_MEMBRANE_BIOGENESIS,1657
GOBP_HISTONE_H3_K14_ACETYLATION,1658
GOBP_LIPID_DIGESTION,1659
GOBP_CELLULAR_LIPID_CATABOLIC_PROCESS,853
GOBP_CELLULAR_POLYSACCHARIDE_CATABOLIC_PROCESS,587
GOBP_CELLULAR_CARBOHYDRATE_METABOLIC_PROCESS,789
GOBP_SULFUR_COMPOUND_BIOSYNTHETIC_PROCESS,1660
GOBP_SULFUR_COMPOUND_CATABOLIC_PROCESS,1661
GOBP_CELLULAR_CARBOHYDRATE_CATABOLIC_PROCESS,587
GOBP_CELLULAR_RESPONSE_TO_LEPTIN_STIMULUS,1662
GOBP_RESPONSE_TO_LEPTIN,1662
GOBP_CELL_CELL_ADHESION_MEDIATED_BY_CADHERIN,1663
GOBP_TYPE_B_PANCREATIC_CELL_PROLIFERATION,1664
GOBP_FIBROBLAST_APOPTOTIC_PROCESS,1665
GOBP_PROTEIN_LOCALIZATION_TO_CYTOSKELETON,1666
GOBP_BIOLOGICAL_PROCESS_INVOLVED_IN_SYMBIOTIC_INTERACTION,1667
GOBP_ADHESION_OF_SYMBIONT_TO_HOST,1668
GOBP_ENTRY_INTO_HOST,1667
GOBP_MOTILE_CILIUM_ASSEMBLY,1669
GOBP_SECONDARY_METABOLITE_BIOSYNTHETIC_PROCESS,1234
GOBP_MULTI_MULTICELLULAR_ORGANISM_PROCESS,1670
GOBP_DNA_METHYLATION_OR_DEMETHYLATION,811
GOBP_PROTEIN_TRANSMEMBRANE_IMPORT_INTO_INTRACELLULAR_ORGANELLE,1280
GOBP_MITOTIC_DNA_INTEGRITY_CHECKPOINT_SIGNALING,578
GOBP_METAPHASE_ANAPHASE_TRANSITION_OF_CELL_CYCLE,1443
GOBP_CELL_CYCLE_DNA_REPLICATION,1671
GOBP_MODULATION_BY_HOST_OF_VIRAL_PROCESS,1672
GOBP_SUPPRESSION_OF_VIRAL_RELEASE_BY_HOST,1673
GOBP_AUTOPHAGY_OF_NUCLEUS,1674
GOBP_MITOTIC_G2_M_TRANSITION_CHECKPOINT,937
GOBP_MITOTIC_G1_S_TRANSITION_CHECKPOINT_SIGNALING,914
GOBP_MODULATION_BY_HOST_OF_VIRAL_GENOME_REPLICATION,1672
GOBP_CELL_CYCLE_G2_M_PHASE_TRANSITION,937
GOBP_CELL_CYCLE_G1_S_PHASE_TRANSITION,1675
GOBP_ESTROUS_CYCLE,1676
GOBP_LIPOPROTEIN_LOCALIZATION,1677
GOBP_DNA_DEPENDENT_DNA_REPLICATION_MAINTENANCE_OF_FIDELITY,1340
GOBP_ACTIN_NUCLEATION,1483
GOBP_GLYCEROLIPID_BIOSYNTHETIC_PROCESS,859
GOBP_G0_TO_G1_TRANSITION,1678
GOBP_PLASMA_MEMBRANE_FUSION,980
GOBP_PROTEIN_INSERTION_INTO_ER_MEMBRANE,1679
GOBP_REGULATED_EXOCYTOSIS,612
GOBP_TRANSCYTOSIS,1680
GOBP_T_CELL_SELECTION,716
GOBP_THYMIC_T_CELL_SELECTION,1681
GOBP_T_HELPER_1_CELL_DIFFERENTIATION,1682
GOBP_T_HELPER_2_CELL_DIFFERENTIATION,756
GOBP_REGULATORY_T_CELL_DIFFERENTIATION,1683
GOBP_REGULATION_OF_VIRAL_GENOME_REPLICATION,1223
GOBP_POSITIVE_REGULATION_OF_VIRAL_GENOME_REPLICATION,1684
GOBP_NEGATIVE_REGULATION_OF_VIRAL_GENOME_REPLICATION,1223
GOBP_REGULATION_OF_INNATE_IMMUNE_RESPONSE,758
GOBP_POSITIVE_REGULATION_OF_INNATE_IMMUNE_RESPONSE,758
GOBP_INTERMEDIATE_FILAMENT_BASED_PROCESS,1685
GOBP_INTERMEDIATE_FILAMENT_ORGANIZATION,1685
GOBP_PROTEIN_NEDDYLATION,1686
GOBP_CELLULAR_EXTRAVASATION,743
GOBP_REGULATION_OF_BONE_RESORPTION,1469
GOBP_MEIOTIC_CHROMOSOME_SEGREGATION,940
GOBP_DEVELOPMENT_OF_PRIMARY_SEXUAL_CHARACTERISTICS,989
GOBP_HOMOLOGOUS_CHROMOSOME_SEGREGATION,940
GOBP_CELL_FATE_COMMITMENT,633
GOBP_APICAL_PROTEIN_LOCALIZATION,1687
GOBP_MAINTENANCE_OF_PROTEIN_LOCATION,1399
GOBP_REGULATION_OF_ISOTYPE_SWITCHING,703
GOBP_ESTABLISHMENT_OF_EPITHELIAL_CELL_APICAL_BASAL_POLARITY,1315
GOBP_SARCOMERE_ORGANIZATION,1144
GOBP_CELL_CELL_JUNCTION_ORGANIZATION,931
GOBP_CELL_CELL_JUNCTION_MAINTENANCE,1688
GOBP_MRNA_CIS_SPLICING_VIA_SPLICEOSOME,584
GOBP_LATE_ENDOSOME_TO_VACUOLE_TRANSPORT,245
GOBP_CELLULAR_RESPIRATION,86
GOBP_MHC_CLASS_II_BIOSYNTHETIC_PROCESS,1689
GOBP_FAT_CELL_DIFFERENTIATION,1690
GOBP_MYOBLAST_DIFFERENTIATION,1691
GOBP_BONE_RESORPTION,1469
GOBP_CELL_REDOX_HOMEOSTASIS,1692
GOBP_RESPONSE_TO_ETHANOL,1693
GOBP_PHOTORECEPTOR_CELL_MAINTENANCE,663
GOBP_REGULATION_OF_CHOLESTEROL_BIOSYNTHETIC_PROCESS,1694
GOBP_MAST_CELL_ACTIVATION,712
GOBP_REGULATION_OF_B_CELL_DIFFERENTIATION,1695
GOBP_REGULATION_OF_T_CELL_DIFFERENTIATION,1287
GOBP_NEGATIVE_REGULATION_OF_T_CELL_DIFFERENTIATION,1627
GOBP_POSITIVE_REGULATION_OF_REGULATORY_T_CELL_DIFFERENTIATION,1683
GOBP_REGULATION_OF_FAT_CELL_DIFFERENTIATION,1690
GOBP_NEGATIVE_REGULATION_OF_FAT_CELL_DIFFERENTIATION,1696
GOBP_POSITIVE_REGULATION_OF_FAT_CELL_DIFFERENTIATION,1690
GOBP_REGULATION_OF_ENDOTHELIAL_CELL_DIFFERENTIATION,1697
GOBP_POSITIVE_REGULATION_OF_EPIDERMAL_CELL_DIFFERENTIATION,1698
GOBP_REGULATION_OF_KERATINOCYTE_DIFFERENTIATION,1698
GOBP_POSITIVE_REGULATION_OF_KERATINOCYTE_DIFFERENTIATION,1698
GOBP_REGULATION_OF_LYMPHOCYTE_DIFFERENTIATION,1287
GOBP_NEGATIVE_REGULATION_OF_LYMPHOCYTE_DIFFERENTIATION,1627
GOBP_POSITIVE_REGULATION_OF_LYMPHOCYTE_DIFFERENTIATION,1287
GOBP_REGULATION_OF_T_HELPER_CELL_DIFFERENTIATION,715
GOBP_NEGATIVE_REGULATION_OF_T_HELPER_CELL_DIFFERENTIATION,1627
GOBP_POSITIVE_REGULATION_OF_T_HELPER_CELL_DIFFERENTIATION,715
GOBP_REGULATION_OF_MYELOID_CELL_DIFFERENTIATION,738
GOBP_NEGATIVE_REGULATION_OF_MYELOID_CELL_DIFFERENTIATION,751
GOBP_POSITIVE_REGULATION_OF_MYELOID_CELL_DIFFERENTIATION,752
GOBP_REGULATION_OF_ERYTHROCYTE_DIFFERENTIATION,1699
GOBP_POSITIVE_REGULATION_OF_ERYTHROCYTE_DIFFERENTIATION,1699
GOBP_REGULATION_OF_MACROPHAGE_DIFFERENTIATION,1290
GOBP_POSITIVE_REGULATION_OF_MACROPHAGE_DIFFERENTIATION,1290
GOBP_REGULATION_OF_MEGAKARYOCYTE_DIFFERENTIATION,1288
GOBP_REGULATION_OF_MONOCYTE_DIFFERENTIATION,1289
GOBP_REGULATION_OF_MYOBLAST_DIFFERENTIATION,1691
GOBP_NEGATIVE_REGULATION_OF_MYOBLAST_DIFFERENTIATION,1691
GOBP_POSITIVE_REGULATION_OF_MYOBLAST_DIFFERENTIATION,1700
GOBP_REGULATION_OF_NEURON_DIFFERENTIATION,1701
GOBP_NEGATIVE_REGULATION_OF_NEURON_DIFFERENTIATION,1702
GOBP_POSITIVE_REGULATION_OF_NEURON_DIFFERENTIATION,1701
GOBP_REGULATION_OF_OSTEOBLAST_DIFFERENTIATION,623
GOBP_NEGATIVE_REGULATION_OF_OSTEOBLAST_DIFFERENTIATION,1703
GOBP_POSITIVE_REGULATION_OF_OSTEOBLAST_DIFFERENTIATION,623
GOBP_REGULATION_OF_OSTEOCLAST_DIFFERENTIATION,738
GOBP_NEGATIVE_REGULATION_OF_OSTEOCLAST_DIFFERENTIATION,751
GOBP_POSITIVE_REGULATION_OF_OSTEOCLAST_DIFFERENTIATION,752
GOBP_REGULATION_OF_EPIDERMIS_DEVELOPMENT,1698
GOBP_POSITIVE_REGULATION_OF_EPIDERMIS_DEVELOPMENT,1698
GOBP_REGULATION_OF_GLIAL_CELL_DIFFERENTIATION,1154
GOBP_NEGATIVE_REGULATION_OF_GLIAL_CELL_DIFFERENTIATION,1155
GOBP_POSITIVE_REGULATION_OF_GLIAL_CELL_DIFFERENTIATION,1154
GOBP_NEGATIVE_REGULATION_OF_FATTY_ACID_BIOSYNTHETIC_PROCESS,1704
GOBP_NEGATIVE_REGULATION_OF_GLUCONEOGENESIS,1705
GOBP_POSITIVE_REGULATION_OF_GLUCONEOGENESIS,1706
GOBP_POSITIVE_REGULATION_OF_FATTY_ACID_BIOSYNTHETIC_PROCESS,1594
GOBP_POSITIVE_REGULATION_OF_CILIUM_ASSEMBLY,1707
GOBP_POSITIVE_REGULATION_OF_TRANSLATION,1480
GOBP_RESPIRATORY_BURST,1708
GOBP_POSITIVE_REGULATION_OF_PROTEIN_CATABOLIC_PROCESS,1391
GOBP_NEGATIVE_REGULATION_OF_CYCLIN_DEPENDENT_PROTEIN_SERINE_THREONINE_KINASE_ACTIVITY,1709
GOBP_NEGATIVE_REGULATION_OF_DNA_REPAIR,1710
GOBP_POSITIVE_REGULATION_OF_DNA_REPAIR,572
GOBP_POSITIVE_REGULATION_OF_DNA_REPLICATION,1711
GOBP_NEGATIVE_REGULATION_OF_G_PROTEIN_COUPLED_RECEPTOR_SIGNALING_PATHWAY,1022
GOBP_POSITIVE_REGULATION_OF_G_PROTEIN_COUPLED_RECEPTOR_SIGNALING_PATHWAY,1712
GOBP_NEGATIVE_REGULATION_OF_NOTCH_SIGNALING_PATHWAY,1713
GOBP_POSITIVE_REGULATION_OF_NOTCH_SIGNALING_PATHWAY,962
GOBP_REGULATION_OF_ADENYLATE_CYCLASE_ACTIVITY,952
GOBP_POSITIVE_REGULATION_OF_AXON_EXTENSION,1714
GOBP_NEGATIVE_REGULATION_OF_BLOOD_PRESSURE,768
GOBP_POSITIVE_REGULATION_OF_BLOOD_PRESSURE,1715
GOBP_POSITIVE_REGULATION_OF_OSSIFICATION,1291
GOBP_POSITIVE_REGULATION_OF_BONE_RESORPTION,1716
GOBP_NEGATIVE_REGULATION_OF_ENDOCYTOSIS,698
GOBP_POSITIVE_REGULATION_OF_ENDOCYTOSIS,697
GOBP_NEGATIVE_REGULATION_OF_GENE_EXPRESSION_EPIGENETIC,1579
GOBP_POSITIVE_REGULATION_OF_GLYCOLYTIC_PROCESS,1717
GOBP_NEGATIVE_REGULATION_OF_INNATE_IMMUNE_RESPONSE,757
GOBP_POSITIVE_REGULATION_OF_ISOTYPE_SWITCHING,703
GOBP_NEGATIVE_REGULATION_OF_LIPID_METABOLIC_PROCESS,1718
GOBP_POSITIVE_REGULATION_OF_LIPID_METABOLIC_PROCESS,1719
GOBP_POSITIVE_REGULATION_OF_MEMBRANE_POTENTIAL,1720
GOBP_POSITIVE_REGULATION_OF_MITOTIC_NUCLEAR_DIVISION,936
GOBP_PH_REDUCTION,893
GOBP_NEGATIVE_REGULATION_OF_SMOOTHENED_SIGNALING_PATHWAY,1721
GOBP_POSITIVE_REGULATION_OF_SMOOTHENED_SIGNALING_PATHWAY,963
GOBP_POSITIVE_REGULATION_OF_VASOCONSTRICTION,766
GOBP_NEGATIVE_REGULATION_OF_DNA_RECOMBINATION,1722
GOBP_POSITIVE_REGULATION_OF_DNA_RECOMBINATION,572
GOBP_NEGATIVE_REGULATION_OF_CARBOHYDRATE_METABOLIC_PROCESS,1705
GOBP_POSITIVE_REGULATION_OF_CARBOHYDRATE_METABOLIC_PROCESS,1112
GOBP_NEGATIVE_REGULATION_OF_EXOCYTOSIS,1723
GOBP_POSITIVE_REGULATION_OF_EXOCYTOSIS,1724
GOBP_NEGATIVE_REGULATION_OF_FATTY_ACID_METABOLIC_PROCESS,1704
GOBP_POSITIVE_REGULATION_OF_FATTY_ACID_METABOLIC_PROCESS,1594
GOBP_NEGATIVE_REGULATION_OF_GROWTH,1294
GOBP_POSITIVE_REGULATION_OF_GROWTH,1293
GOBP_NEGATIVE_REGULATION_OF_MITOTIC_CELL_CYCLE,578
GOBP_POSITIVE_REGULATION_OF_MITOTIC_CELL_CYCLE,1725
GOBP_NEGATIVE_REGULATION_OF_MUSCLE_CONTRACTION,1726
GOBP_POSITIVE_REGULATION_OF_MUSCLE_CONTRACTION,908
GOBP_NEGATIVE_REGULATION_OF_STEROID_METABOLIC_PROCESS,1718
GOBP_POSITIVE_REGULATION_OF_STEROID_METABOLIC_PROCESS,1140
GOBP_POSITIVE_REGULATION_OF_TRANSCRIPTION_BY_RNA_POLYMERASE_I,817
GOBP_POSITIVE_REGULATION_OF_TRANSCRIPTION_BY_RNA_POLYMERASE_III,818
GOBP_NEGATIVE_REGULATION_OF_TRANSLATIONAL_INITIATION,1727
GOBP_POSITIVE_REGULATION_OF_TRANSLATIONAL_INITIATION,821
GOBP_POSITIVE_REGULATION_OF_NATURAL_KILLER_CELL_MEDIATED_CYTOTOXICITY,664
GOBP_POSITIVE_REGULATION_OF_CALCIUM_ION_DEPENDENT_EXOCYTOSIS,1213
GOBP_NEGATIVE_REGULATION_OF_NUCLEOTIDE_METABOLIC_PROCESS,1728
GOBP_POSITIVE_REGULATION_OF_NUCLEOTIDE_METABOLIC_PROCESS,1717
GOBP_NEGATIVE_REGULATION_OF_SMOOTH_MUSCLE_CONTRACTION,1726
GOBP_POSITIVE_REGULATION_OF_SMOOTH_MUSCLE_CONTRACTION,908
GOBP_REGULATION_OF_EMBRYONIC_DEVELOPMENT,1577
GOBP_ADP_METABOLIC_PROCESS,797
GOBP_AMP_METABOLIC_PROCESS,1045
GOBP_ATP_METABOLIC_PROCESS,86
GOBP_GMP_METABOLIC_PROCESS,1045
GOBP_GTP_METABOLIC_PROCESS,1729
GOBP_IMP_METABOLIC_PROCESS,1045
GOBP_CAMP_METABOLIC_PROCESS,1050
GOBP_NUCLEOBASE_BIOSYNTHETIC_PROCESS,799
GOBP_PURINE_RIBONUCLEOSIDE_METABOLIC_PROCESS,1044
GOBP_PYRIMIDINE_NUCLEOSIDE_CATABOLIC_PROCESS,802
GOBP_PIGMENT_BIOSYNTHETIC_PROCESS,876
GOBP_ALCOHOL_CATABOLIC_PROCESS,1730
GOBP_ALCOHOL_BIOSYNTHETIC_PROCESS,1731
GOBP_POLYOL_BIOSYNTHETIC_PROCESS,1235
GOBP_POLYOL_CATABOLIC_PROCESS,1730
GOBP_ALDEHYDE_BIOSYNTHETIC_PROCESS,1732
GOBP_PHENOL_CONTAINING_COMPOUND_BIOSYNTHETIC_PROCESS,1234
GOBP_REGULATION_OF_FATTY_ACID_OXIDATION,1362
GOBP_GLUCOSE_IMPORT,1037
GOBP_REGULATION_OF_GLUCOSE_IMPORT,1037
GOBP_POSITIVE_REGULATION_OF_GLUCOSE_IMPORT,1037
GOBP_REGULATION_OF_JNK_CASCADE,968
GOBP_NEGATIVE_REGULATION_OF_JNK_CASCADE,1637
GOBP_POSITIVE_REGULATION_OF_JNK_CASCADE,968
GOBP_PHOSPHATIDYLETHANOLAMINE_METABOLIC_PROCESS,1733
GOBP_DIACYLGLYCEROL_METABOLIC_PROCESS,1734
GOBP_MONOSACCHARIDE_BIOSYNTHETIC_PROCESS,789
GOBP_MONOSACCHARIDE_CATABOLIC_PROCESS,791
GOBP_DEOXYRIBOSE_PHOSPHATE_CATABOLIC_PROCESS,803
GOBP_RIBOSE_PHOSPHATE_BIOSYNTHETIC_PROCESS,873
GOBP_NEGATIVE_REGULATION_OF_RECEPTOR_SIGNALING_PATHWAY_VIA_JAK_STAT,1735
GOBP_ORGANOPHOSPHATE_CATABOLIC_PROCESS,800
GOBP_ICOSANOID_BIOSYNTHETIC_PROCESS,854
GOBP_PROSTANOID_BIOSYNTHETIC_PROCESS,854
GOBP_NEUTRAL_LIPID_BIOSYNTHETIC_PROCESS,1134
GOBP_NEUTRAL_LIPID_CATABOLIC_PROCESS,1231
GOBP_MEMBRANE_LIPID_CATABOLIC_PROCESS,1229
GOBP_MEMBRANE_LIPID_BIOSYNTHETIC_PROCESS,856
GOBP_PHOSPHATIDYLCHOLINE_METABOLIC_PROCESS,857
GOBP_PHOSPHATIDYLGLYCEROL_METABOLIC_PROCESS,1366
GOBP_PHOSPHATIDIC_ACID_METABOLIC_PROCESS,228
GOBP_GLYCEROPHOSPHOLIPID_BIOSYNTHETIC_PROCESS,859
GOBP_GLYCEROPHOSPHOLIPID_CATABOLIC_PROCESS,1061
GOBP_PHOSPHATIDYLINOSITOL_METABOLIC_PROCESS,859
GOBP_S_ADENOSYLMETHIONINE_METABOLIC_PROCESS,1736
GOBP_GLYCEROLIPID_CATABOLIC_PROCESS,1231
GOBP_CERAMIDE_BIOSYNTHETIC_PROCESS,856
GOBP_CERAMIDE_CATABOLIC_PROCESS,1229
GOBP_SPHINGOID_METABOLIC_PROCESS,1482
GOBP_PHOTORECEPTOR_CELL_DIFFERENTIATION,638
GOBP_DEVELOPMENT_OF_PRIMARY_FEMALE_SEXUAL_CHARACTERISTICS,617
GOBP_REGULATION_OF_RAS_PROTEIN_SIGNAL_TRANSDUCTION,971
GOBP_REGULATION_OF_VIRAL_ENTRY_INTO_HOST_CELL,1649
GOBP_NEGATIVE_REGULATION_OF_VIRAL_ENTRY_INTO_HOST_CELL,1649
GOBP_REGULATION_OF_CENTRIOLE_REPLICATION,1324
GOBP_REGULATION_OF_CENTROSOME_CYCLE,1324
GOBP_REGULATION_OF_ORGAN_GROWTH,1167
GOBP_NEGATIVE_REGULATION_OF_ORGAN_GROWTH,1737
GOBP_POSITIVE_REGULATION_OF_ORGAN_GROWTH,1167
GOBP_REGULATION_OF_INSULIN_RECEPTOR_SIGNALING_PATHWAY,1738
GOBP_GAMMA_DELTA_T_CELL_ACTIVATION,1739
GOBP_ALPHA_BETA_T_CELL_ACTIVATION,715
GOBP_ALPHA_BETA_T_CELL_DIFFERENTIATION,715
GOBP_ALPHA_BETA_T_CELL_PROLIFERATION,1740
GOBP_REGULATION_OF_ALPHA_BETA_T_CELL_ACTIVATION,715
GOBP_POSITIVE_REGULATION_OF_ALPHA_BETA_T_CELL_ACTIVATION,715
GOBP_NEGATIVE_REGULATION_OF_ALPHA_BETA_T_CELL_ACTIVATION,1627
GOBP_REGULATION_OF_ALPHA_BETA_T_CELL_DIFFERENTIATION,715
GOBP_POSITIVE_REGULATION_OF_ALPHA_BETA_T_CELL_DIFFERENTIATION,715
GOBP_NEGATIVE_REGULATION_OF_ALPHA_BETA_T_CELL_DIFFERENTIATION,1627
GOBP_POSITIVE_REGULATION_OF_ALPHA_BETA_T_CELL_PROLIFERATION,1740
GOBP_TETRAHYDROFOLATE_METABOLIC_PROCESS,108
GOBP_FEMALE_SEX_DIFFERENTIATION,617
GOBP_MALE_SEX_DIFFERENTIATION,989
GOBP_RESPONSE_TO_ANTIBIOTIC,1741
GOBP_RESPONSE_TO_ARSENIC_CONTAINING_SUBSTANCE,1742
GOBP_RESPONSE_TO_CADMIUM_ION,1743
GOBP_RESPONSE_TO_COPPER_ION,1744
GOBP_DECIDUALIZATION,662
GOBP_MUSCLE_CELL_CELLULAR_HOMEOSTASIS,1745
GOBP_ACID_SECRETION,629
GOBP_VIRAL_BUDDING,245
GOBP_PROTEIN_AUTOPHOSPHORYLATION,1746
GOBP_REGULATION_OF_VIRAL_TRANSCRIPTION,1435
GOBP_MICROTUBULE_POLYMERIZATION,1332
GOBP_TRANSPORT_OF_VIRUS,1747
GOBP_REGULATION_OF_NUCLEOCYTOPLASMIC_TRANSPORT,1748
GOBP_NEGATIVE_REGULATION_OF_NUCLEOCYTOPLASMIC_TRANSPORT,1386
GOBP_POSITIVE_REGULATION_OF_NUCLEOCYTOPLASMIC_TRANSPORT,1748
GOBP_REGULATION_OF_PROTEIN_EXPORT_FROM_NUCLEUS,847
GOBP_POSITIVE_REGULATION_OF_PROTEIN_EXPORT_FROM_NUCLEUS,847
GOBP_CARBOHYDRATE_PHOSPHORYLATION,1749
GOBP_PHOSPHOLIPID_DEPHOSPHORYLATION,1750
GOBP_FILOPODIUM_ASSEMBLY,1751
GOBP_BONE_REMODELING,1469
GOBP_REGULATION_OF_BONE_REMODELING,1469
GOBP_NEGATIVE_REGULATION_OF_BONE_REMODELING,1470
GOBP_PHOSPHATIDYLINOSITOL_PHOSPHATE_BIOSYNTHETIC_PROCESS,859
GOBP_PHOSPHATIDYLINOSITOL_DEPHOSPHORYLATION,1750
GOBP_REGULATION_OF_HORMONE_SECRETION,754
GOBP_REGULATION_OF_HORMONE_BIOSYNTHETIC_PROCESS,1381
GOBP_POSITIVE_REGULATION_OF_HORMONE_SECRETION,754
GOBP_NEGATIVE_REGULATION_OF_HORMONE_SECRETION,753
GOBP_POSITIVE_REGULATION_OF_LIPID_BIOSYNTHETIC_PROCESS,1719
GOBP_REGULATION_OF_LIPID_BIOSYNTHETIC_PROCESS,1719
GOBP_REGULATION_OF_MITOCHONDRIAL_MEMBRANE_PERMEABILITY,920
GOBP_CELLULAR_TRANSITION_METAL_ION_HOMEOSTASIS,576
GOBP_PORE_COMPLEX_ASSEMBLY,1752
GOBP_NUCLEOTIDE_PHOSPHORYLATION,797
GOBP_CARBOXYLIC_ACID_TRANSPORT,1175
GOBP_FATTY_ACYL_COA_BIOSYNTHETIC_PROCESS,489
GOBP_VESICLE_TRANSPORT_ALONG_MICROTUBULE,1014
GOBP_ANTIGEN_PROCESSING_AND_PRESENTATION_OF_PEPTIDE_ANTIGEN,730
GOBP_PLATELET_DERIVED_GROWTH_FACTOR_RECEPTOR_SIGNALING_PATHWAY,1107
GOBP_INSULIN_LIKE_GROWTH_FACTOR_RECEPTOR_SIGNALING_PATHWAY,1643
GOBP_VASCULAR_ENDOTHELIAL_GROWTH_FACTOR_RECEPTOR_SIGNALING_PATHWAY,1322
GOBP_NEUROTROPHIN_TRK_RECEPTOR_SIGNALING_PATHWAY,1574
GOBP_EPHRIN_RECEPTOR_SIGNALING_PATHWAY,323
GOBP_INOSITOL_PHOSPHATE_MEDIATED_SIGNALING,1753
GOBP_INOSITOL_LIPID_MEDIATED_SIGNALING,1159
GOBP_REGULATION_OF_MRNA_SPLICING_VIA_SPLICEOSOME,593
GOBP_NEGATIVE_REGULATION_OF_MRNA_SPLICING_VIA_SPLICEOSOME,1446
GOBP_POSITIVE_REGULATION_OF_MRNA_SPLICING_VIA_SPLICEOSOME,1447
GOBP_FOCAL_ADHESION_ASSEMBLY,670
GOBP_EMBRYONIC_EYE_MORPHOGENESIS,1328
GOBP_DEVELOPMENTAL_PIGMENTATION,1295
GOBP_ASTROCYTE_ACTIVATION,1151
GOBP_FIBROBLAST_PROLIFERATION,1754
GOBP_POSITIVE_REGULATION_OF_FIBROBLAST_PROLIFERATION,1754
GOBP_NEGATIVE_REGULATION_OF_FIBROBLAST_PROLIFERATION,1755
GOBP_REGULATION_OF_SYNAPTIC_PLASTICITY,1756
GOBP_REGULATION_OF_NEURONAL_SYNAPTIC_PLASTICITY,1757
GOBP_REGULATION_OF_LONG_TERM_NEURONAL_SYNAPTIC_PLASTICITY,1757
GOBP_REGULATION_OF_SHORT_TERM_NEURONAL_SYNAPTIC_PLASTICITY,1758
GOBP_VESICLE_TARGETING_TO_FROM_OR_WITHIN_GOLGI,902
GOBP_VESICLE_TARGETING_ROUGH_ER_TO_CIS_GOLGI,902
GOBP_SPERM_CAPACITATION,1759
GOBP_EOSINOPHIL_CHEMOTAXIS,1760
GOBP_MACROPHAGE_CHEMOTAXIS,1119
GOBP_LYMPHOCYTE_CHEMOTAXIS,1761
GOBP_REGULATION_OF_RECEPTOR_MEDIATED_ENDOCYTOSIS,697
GOBP_POSITIVE_REGULATION_OF_RECEPTOR_MEDIATED_ENDOCYTOSIS,697
GOBP_NEGATIVE_REGULATION_OF_RECEPTOR_MEDIATED_ENDOCYTOSIS,698
GOBP_RESPONSE_TO_PAIN,1762
GOBP_BEHAVIORAL_RESPONSE_TO_PAIN,1762
GOBP_CLATHRIN_COAT_ASSEMBLY,1763
GOBP_VESICLE_DOCKING,903
GOBP_ORGANELLE_FUSION,1764
GOBP_LUNG_ALVEOLUS_DEVELOPMENT,1765
GOBP_ISOTYPE_SWITCHING_TO_IGG_ISOTYPES,1766
GOBP_ORGANELLE_INHERITANCE,1767
GOBP_MITOCHONDRION_DISTRIBUTION,1768
GOBP_MESODERM_MORPHOGENESIS,631
GOBP_MESODERMAL_CELL_DIFFERENTIATION,635
GOBP_PARAXIAL_MESODERM_DEVELOPMENT,1769
GOBP_RETINOIC_ACID_RECEPTOR_SIGNALING_PATHWAY,1770
GOBP_REGULATION_OF_RETINOIC_ACID_RECEPTOR_SIGNALING_PATHWAY,1770
GOBP_CELL_MATURATION,1254
GOBP_OOGENESIS,618
GOBP_AUTONOMIC_NERVOUS_SYSTEM_DEVELOPMENT,1771
GOBP_ENTERIC_NERVOUS_SYSTEM_DEVELOPMENT,1772
GOBP_SYMPATHETIC_NERVOUS_SYSTEM_DEVELOPMENT,1771
GOBP_PARASYMPATHETIC_NERVOUS_SYSTEM_DEVELOPMENT,1773
GOBP_SYNAPTIC_VESICLE_TRANSPORT,1774
GOBP_SYNAPTIC_VESICLE_MEMBRANE_ORGANIZATION,1775
GOBP_RHYTHMIC_PROCESS,1006
GOBP_SPERMATID_DIFFERENTIATION,975
GOBP_POSITIVE_REGULATION_OF_BEHAVIOR,1776
GOBP_POSITIVE_REGULATION_OF_VIRAL_PROCESS,1684
GOBP_NEGATIVE_REGULATION_OF_VIRAL_PROCESS,1223
GOBP_ANATOMICAL_STRUCTURE_ARRANGEMENT,1773
GOBP_LYMPH_NODE_DEVELOPMENT,1777
GOBP_SPLEEN_DEVELOPMENT,1778
GOBP_THYMUS_DEVELOPMENT,1779
GOBP_DIGESTIVE_TRACT_MORPHOGENESIS,1780
GOBP_EMBRYONIC_DIGESTIVE_TRACT_MORPHOGENESIS,1781
GOBP_EMBRYONIC_ORGAN_MORPHOGENESIS,1597
GOBP_EMBRYONIC_DIGESTIVE_TRACT_DEVELOPMENT,1781
GOBP_POST_EMBRYONIC_ANIMAL_ORGAN_DEVELOPMENT,1782
GOBP_DEVELOPMENTAL_CELL_GROWTH,1030
GOBP_EYE_MORPHOGENESIS,1783
GOBP_CAMERA_TYPE_EYE_MORPHOGENESIS,1783
GOBP_EMBRYONIC_CAMERA_TYPE_EYE_MORPHOGENESIS,1328
GOBP_REGULATION_OF_MUSCLE_ORGAN_DEVELOPMENT,1784
GOBP_POSITIVE_REGULATION_OF_DEVELOPMENTAL_GROWTH,1293
GOBP_NEGATIVE_REGULATION_OF_DEVELOPMENTAL_GROWTH,1294
GOBP_REGULATION_OF_SKELETAL_MUSCLE_TISSUE_DEVELOPMENT,1784
GOBP_POSITIVE_REGULATION_OF_SKELETAL_MUSCLE_TISSUE_DEVELOPMENT,1784
GOBP_MUSCLE_ORGAN_MORPHOGENESIS,777
GOBP_ANIMAL_ORGAN_FORMATION,641
GOBP_SMOOTH_MUSCLE_CELL_PROLIFERATION,1440
GOBP_POSITIVE_REGULATION_OF_SMOOTH_MUSCLE_CELL_PROLIFERATION,1440
GOBP_NEGATIVE_REGULATION_OF_SMOOTH_MUSCLE_CELL_PROLIFERATION,1785
GOBP_NEURON_FATE_COMMITMENT,1786
GOBP_NEURON_FATE_SPECIFICATION,1786
GOBP_COLLATERAL_SPROUTING,1787
GOBP_REGULATION_OF_COLLATERAL_SPROUTING,1787
GOBP_AXON_EXTENSION,1030
GOBP_RESPONSE_TO_AXON_INJURY,1331
GOBP_EMBRYONIC_CRANIAL_SKELETON_MORPHOGENESIS,1788
GOBP_EMBRYONIC_SKELETAL_SYSTEM_MORPHOGENESIS,1788
GOBP_SKELETAL_SYSTEM_MORPHOGENESIS,1788
GOBP_EMBRYONIC_SKELETAL_SYSTEM_DEVELOPMENT,1788
GOBP_ASTROCYTE_DIFFERENTIATION,1151
GOBP_OLIGODENDROCYTE_DIFFERENTIATION,1075
GOBP_REGULATION_OF_ASTROCYTE_DIFFERENTIATION,1155
GOBP_REGULATION_OF_OLIGODENDROCYTE_DIFFERENTIATION,1154
GOBP_POSITIVE_REGULATION_OF_OLIGODENDROCYTE_DIFFERENTIATION,1154
GOBP_EPIDERMIS_MORPHOGENESIS,1789
GOBP_APPENDAGE_DEVELOPMENT,1511
GOBP_CARDIAC_MUSCLE_TISSUE_DEVELOPMENT,1507
GOBP_SMOOTH_MUSCLE_TISSUE_DEVELOPMENT,1790
GOBP_PIGMENT_GRANULE_ORGANIZATION,1444
GOBP_BRANCHING_MORPHOGENESIS_OF_AN_EPITHELIAL_TUBE,642
GOBP_MESENCHYMAL_CELL_DIFFERENTIATION,656
GOBP_TISSUE_REMODELING,1469
GOBP_CALCIUM_ION_REGULATED_EXOCYTOSIS_OF_NEUROTRANSMITTER,1791
GOBP_ANIMAL_ORGAN_MATURATION,1792
GOBP_GENITALIA_DEVELOPMENT,1304
GOBP_DENDRITE_MORPHOGENESIS,1200
GOBP_REGULATION_OF_DENDRITE_MORPHOGENESIS,1200
GOBP_HAIR_FOLLICLE_MATURATION,1793
GOBP_ERYTHROCYTE_DEVELOPMENT,1621
GOBP_NEGATIVE_REGULATION_OF_AXON_EXTENSION_INVOLVED_IN_AXON_GUIDANCE,1301
GOBP_ARTERY_MORPHOGENESIS,1542
GOBP_BRAIN_MORPHOGENESIS,1794
GOBP_NEURAL_NUCLEUS_DEVELOPMENT,1255
GOBP_STEM_CELL_DIFFERENTIATION,639
GOBP_HOMEOSTASIS_OF_NUMBER_OF_CELLS,709
GOBP_HOMEOSTASIS_OF_NUMBER_OF_CELLS_WITHIN_A_TISSUE,1795
GOBP_CHEMICAL_HOMEOSTASIS_WITHIN_A_TISSUE,1796
GOBP_CHROMOSOME_LOCALIZATION,935
GOBP_3_PHOSPHOADENOSINE_5_PHOSPHOSULFATE_METABOLIC_PROCESS,233
GOBP_CATECHOLAMINE_SECRETION,1157
GOBP_AMYLOID_BETA_METABOLIC_PROCESS,1478
GOBP_ARACHIDONIC_ACID_SECRETION,1183
GOBP_CHONDROITIN_SULFATE_PROTEOGLYCAN_BIOSYNTHETIC_PROCESS,101
GOBP_CHONDROITIN_SULFATE_PROTEOGLYCAN_METABOLIC_PROCESS,101
GOBP_HYDROGEN_PEROXIDE_BIOSYNTHETIC_PROCESS,1088
GOBP_POSITIVE_REGULATION_OF_EPITHELIAL_CELL_PROLIFERATION,666
GOBP_NEGATIVE_REGULATION_OF_EPITHELIAL_CELL_PROLIFERATION,667
GOBP_REGULATION_OF_MRNA_PROCESSING,593
GOBP_POSITIVE_REGULATION_OF_MRNA_PROCESSING,1447
GOBP_NEGATIVE_REGULATION_OF_MRNA_PROCESSING,1446
GOBP_NEGATIVE_REGULATION_OF_DEFENSE_RESPONSE_TO_VIRUS,1797
GOBP_REGULATION_OF_DEFENSE_RESPONSE_TO_VIRUS,707
GOBP_REGULATION_OF_DEFENSE_RESPONSE_TO_VIRUS_BY_HOST,707
GOBP_REGULATION_OF_PROTEIN_SECRETION,754
GOBP_NEGATIVE_REGULATION_OF_PROTEIN_SECRETION,753
GOBP_POSITIVE_REGULATION_OF_PROTEIN_SECRETION,754
GOBP_NEGATIVE_REGULATION_OF_INFLAMMATORY_RESPONSE,1342
GOBP_POSITIVE_REGULATION_OF_INFLAMMATORY_RESPONSE,1343
GOBP_REGULATION_OF_PEPTIDYL_TYROSINE_PHOSPHORYLATION,969
GOBP_POSITIVE_REGULATION_OF_PEPTIDYL_TYROSINE_PHOSPHORYLATION,969
GOBP_NEGATIVE_REGULATION_OF_PEPTIDYL_TYROSINE_PHOSPHORYLATION,1798
GOBP_REGULATION_OF_LIPOPROTEIN_METABOLIC_PROCESS,1799
GOBP_REGULATION_OF_PHAGOCYTOSIS,1800
GOBP_NEGATIVE_REGULATION_OF_PHAGOCYTOSIS,1801
GOBP_POSITIVE_REGULATION_OF_PHAGOCYTOSIS,1800
GOBP_POSITIVE_REGULATION_OF_NEUROGENESIS,1115
GOBP_REGULATION_OF_AXONOGENESIS,1030
GOBP_NEGATIVE_REGULATION_OF_AXONOGENESIS,1301
GOBP_POSITIVE_REGULATION_OF_AXONOGENESIS,1714
GOBP_REGULATION_OF_DENDRITE_DEVELOPMENT,1200
GOBP_POSITIVE_REGULATION_OF_DENDRITE_MORPHOGENESIS,1802
GOBP_NEGATIVE_REGULATION_OF_IMMUNE_RESPONSE,757
GOBP_RNA_DESTABILIZATION,589
GOBP_REGULATION_OF_VIRAL_PROCESS,1223
GOBP_REGULATION_OF_BEHAVIOR,1776
GOBP_REGULATION_OF_INSULIN_SECRETION,754
GOBP_ACTIVATED_T_CELL_PROLIFERATION,1582
GOBP_CIRCADIAN_SLEEP_WAKE_CYCLE_SLEEP,1005
GOBP_REGULATION_OF_SYNAPSE_STRUCTURE_OR_ACTIVITY,984
GOBP_NEGATIVE_REGULATION_OF_SYNAPTIC_TRANSMISSION,1803
GOBP_POSITIVE_REGULATION_OF_SYNAPTIC_TRANSMISSION,1756
GOBP_REGULATION_OF_STEROID_BIOSYNTHETIC_PROCESS,865
GOBP_REGULATION_OF_COAGULATION,1804
GOBP_NEGATIVE_REGULATION_OF_COAGULATION,1804
GOBP_POSITIVE_REGULATION_OF_COAGULATION,1805
GOBP_PROTEIN_STABILIZATION,1806
GOBP_DEFENSE_RESPONSE_TO_GRAM_NEGATIVE_BACTERIUM,1807
GOBP_DEFENSE_RESPONSE_TO_GRAM_POSITIVE_BACTERIUM,1807
GOBP_DEFENSE_RESPONSE_TO_FUNGUS,1067
GOBP_REGULATION_OF_CALCIUM_MEDIATED_SIGNALING,1753
GOBP_NEGATIVE_REGULATION_OF_CALCIUM_MEDIATED_SIGNALING,1808
GOBP_POSITIVE_REGULATION_OF_CALCIUM_MEDIATED_SIGNALING,1753
GOBP_ANTIGEN_RECEPTOR_MEDIATED_SIGNALING_PATHWAY,1809
GOBP_T_CELL_RECEPTOR_SIGNALING_PATHWAY,1809
GOBP_B_CELL_RECEPTOR_SIGNALING_PATHWAY,729
GOBP_REGULATION_OF_ANTIGEN_RECEPTOR_MEDIATED_SIGNALING_PATHWAY,1810
GOBP_REGULATION_OF_B_CELL_RECEPTOR_SIGNALING_PATHWAY,1811
GOBP_REGULATION_OF_T_CELL_RECEPTOR_SIGNALING_PATHWAY,1810
GOBP_POSITIVE_REGULATION_OF_ANTIGEN_RECEPTOR_MEDIATED_SIGNALING_PATHWAY,1812
GOBP_NEGATIVE_REGULATION_OF_ANTIGEN_RECEPTOR_MEDIATED_SIGNALING_PATHWAY,1810
GOBP_NEGATIVE_REGULATION_OF_T_CELL_RECEPTOR_SIGNALING_PATHWAY,1810
GOBP_POSITIVE_REGULATION_OF_T_CELL_RECEPTOR_SIGNALING_PATHWAY,1812
GOBP_REGULATION_OF_B_CELL_ACTIVATION,729
GOBP_NEGATIVE_REGULATION_OF_CELL_ACTIVATION,1265
GOBP_NEGATIVE_REGULATION_OF_B_CELL_ACTIVATION,1320
GOBP_POSITIVE_REGULATION_OF_B_CELL_ACTIVATION,729
GOBP_WHITE_FAT_CELL_DIFFERENTIATION,1813
GOBP_BROWN_FAT_CELL_DIFFERENTIATION,1814
GOBP_MULTICELLULAR_ORGANISMAL_MOVEMENT,763
GOBP_NEUROMUSCULAR_PROCESS_CONTROLLING_POSTURE,1815
GOBP_NEUROMUSCULAR_PROCESS_CONTROLLING_BALANCE,1816
GOBP_ENDOCRINE_PROCESS,1545
GOBP_INTESTINAL_ABSORPTION,1659
GOBP_LEUKOCYTE_TETHERING_OR_ROLLING,1817
GOBP_NEUROMUSCULAR_PROCESS,1816
GOBP_SENSORY_PERCEPTION_OF_TASTE,70
GOBP_DETECTION_OF_CHEMICAL_STIMULUS_INVOLVED_IN_SENSORY_PERCEPTION_OF_TASTE,70
GOBP_SENSORY_PERCEPTION_OF_BITTER_TASTE,70
GOBP_POSITIVE_CHEMOTAXIS,1818
GOBP_NEGATIVE_CHEMOTAXIS,1301
GOBP_REGULATION_OF_CHEMOTAXIS,741
GOBP_POSITIVE_REGULATION_OF_CHEMOTAXIS,741
GOBP_NEGATIVE_REGULATION_OF_CHEMOTAXIS,1301
GOBP_REGULATION_OF_POSITIVE_CHEMOTAXIS,1818
GOBP_PIGMENT_CELL_DIFFERENTIATION,1295
GOBP_SENSORY_PERCEPTION_OF_TEMPERATURE_STIMULUS,1185
GOBP_SENSORY_PERCEPTION_OF_LIGHT_STIMULUS,1819
GOBP_SENSORY_PERCEPTION_OF_MECHANICAL_STIMULUS,1820
GOBP_DETECTION_OF_TEMPERATURE_STIMULUS_INVOLVED_IN_SENSORY_PERCEPTION,1185
GOBP_DETECTION_OF_LIGHT_STIMULUS_INVOLVED_IN_SENSORY_PERCEPTION,1821
GOBP_DETECTION_OF_TEMPERATURE_STIMULUS_INVOLVED_IN_SENSORY_PERCEPTION_OF_PAIN,1185
GOBP_DETECTION_OF_MECHANICAL_STIMULUS_INVOLVED_IN_SENSORY_PERCEPTION,1822
GOBP_DETECTION_OF_MECHANICAL_STIMULUS,1822
GOBP_REGULATION_OF_LIPID_CATABOLIC_PROCESS,1823
GOBP_NEGATIVE_REGULATION_OF_LIPID_CATABOLIC_PROCESS,1824
GOBP_POSITIVE_REGULATION_OF_LIPID_CATABOLIC_PROCESS,1823
GOBP_REGULATION_OF_NITRIC_OXIDE_SYNTHASE_ACTIVITY,1425
GOBP_POSITIVE_REGULATION_OF_NITRIC_OXIDE_SYNTHASE_ACTIVITY,1425
GOBP_REGULATION_OF_LIPOPROTEIN_LIPASE_ACTIVITY,1825
GOBP_ACTIN_FILAMENT_SEVERING,1826
GOBP_BARBED_END_ACTIN_FILAMENT_CAPPING,1277
GOBP_MRNA_TRANSPORT,820
GOBP_REGULATION_OF_MEMBRANE_PROTEIN_ECTODOMAIN_PROTEOLYSIS,834
GOBP_POSITIVE_REGULATION_OF_MEMBRANE_PROTEIN_ECTODOMAIN_PROTEOLYSIS,834
GOBP_POSITIVE_REGULATION_OF_SECRETION,754
GOBP_NEGATIVE_REGULATION_OF_SECRETION,753
GOBP_NEGATIVE_REGULATION_OF_DNA_METABOLIC_PROCESS,1722
GOBP_POSITIVE_REGULATION_OF_DNA_METABOLIC_PROCESS,572
GOBP_NEGATIVE_REGULATION_OF_LIPID_BIOSYNTHETIC_PROCESS,1718
GOBP_REGULATION_OF_SMALL_GTPASE_MEDIATED_SIGNAL_TRANSDUCTION,971
GOBP_POSITIVE_REGULATION_OF_SMALL_GTPASE_MEDIATED_SIGNAL_TRANSDUCTION,1506
GOBP_NEGATIVE_REGULATION_OF_SMALL_GTPASE_MEDIATED_SIGNAL_TRANSDUCTION,1505
GOBP_CHAPERONE_COFACTOR_DEPENDENT_PROTEIN_REFOLDING,826
GOBP_POSITIVE_REGULATION_OF_DNA_BINDING_TRANSCRIPTION_FACTOR_ACTIVITY,1827
GOBP_POSITIVE_REGULATION_OF_NF_KAPPAB_TRANSCRIPTION_FACTOR_ACTIVITY,1827
GOBP_POSITIVE_REGULATION_OF_BINDING,1370
GOBP_NEGATIVE_REGULATION_OF_BINDING,1369
GOBP_REGULATION_OF_DNA_BINDING,1628
GOBP_RNA_POLYMERASE_II_PREINITIATION_COMPLEX_ASSEMBLY,814
GOBP_REGULATION_OF_ACTIN_NUCLEATION,1483
GOBP_POSITIVE_REGULATION_OF_ACTIN_NUCLEATION,1483
GOBP_CHAPERONE_MEDIATED_PROTEIN_COMPLEX_ASSEMBLY,1828
GOBP_SMOOTH_MUSCLE_CELL_DIFFERENTIATION,1540
GOBP_STRIATED_MUSCLE_CELL_DIFFERENTIATION,1507
GOBP_REGULATION_OF_MUSCLE_CELL_DIFFERENTIATION,1829
GOBP_NEGATIVE_REGULATION_OF_MUSCLE_CELL_DIFFERENTIATION,1131
GOBP_POSITIVE_REGULATION_OF_MUSCLE_CELL_DIFFERENTIATION,1829
GOBP_REGULATION_OF_SMOOTH_MUSCLE_CELL_DIFFERENTIATION,1540
GOBP_NEGATIVE_REGULATION_OF_SMOOTH_MUSCLE_CELL_DIFFERENTIATION,1540
GOBP_REGULATION_OF_STRIATED_MUSCLE_CELL_DIFFERENTIATION,1829
GOBP_NEGATIVE_REGULATION_OF_STRIATED_MUSCLE_CELL_DIFFERENTIATION,1131
GOBP_POSITIVE_REGULATION_OF_STRIATED_MUSCLE_CELL_DIFFERENTIATION,1829
GOBP_GLUCOSE_6_PHOSPHATE_METABOLIC_PROCESS,871
GOBP_NUCLEAR_EXPORT,820
GOBP_IMPORT_INTO_NUCLEUS,1211
GOBP_VITAMIN_TRANSPORT,1524
GOBP_PROTEIN_INSERTION_INTO_MEMBRANE,1830
GOBP_SEQUESTERING_OF_CALCIUM_ION,1097
GOBP_CARTILAGE_DEVELOPMENT,689
GOBP_CYTOPLASMIC_SEQUESTERING_OF_PROTEIN,1613
GOBP_SPINDLE_ASSEMBLY,932
GOBP_ESTABLISHMENT_OF_RNA_LOCALIZATION,820
GOBP_NEGATIVE_REGULATION_OF_LYMPHOCYTE_ACTIVATION,1265
GOBP_PROTEIN_POLYMERIZATION,1016
GOBP_PROTEIN_COMPLEX_OLIGOMERIZATION,1831
GOBP_PROTEIN_HOMOOLIGOMERIZATION,1831
GOBP_PROTEIN_DEPOLYMERIZATION,1277
GOBP_PROTEIN_TETRAMERIZATION,1832
GOBP_REGULATION_OF_RELEASE_OF_SEQUESTERED_CALCIUM_ION_INTO_CYTOSOL,1097
GOBP_POSITIVE_REGULATION_OF_RELEASE_OF_SEQUESTERED_CALCIUM_ION_INTO_CYTOSOL,1099
GOBP_POSITIVE_REGULATION_OF_SEQUESTERING_OF_CALCIUM_ION,1098
GOBP_PROTEIN_HOMOTETRAMERIZATION,1832
GOBP_PROTEIN_HETEROTETRAMERIZATION,1833
GOBP_PROTEIN_HETEROOLIGOMERIZATION,1833
GOBP_ESTABLISHMENT_OF_SPINDLE_ORIENTATION,1576
GOBP_CENTROSOME_DUPLICATION,1324
GOBP_CENTROSOME_SEPARATION,1834
GOBP_REGULATION_OF_CELL_DIVISION,607
GOBP_CHROMOSOME_SEPARATION,1443
GOBP_MEIOTIC_CHROMOSOME_SEPARATION,1835
GOBP_METAPHASE_PLATE_CONGRESSION,935
GOBP_ATTACHMENT_OF_MITOTIC_SPINDLE_MICROTUBULES_TO_KINETOCHORE,1033
GOBP_MEIOTIC_CELL_CYCLE,940
GOBP_REGULATION_OF_LYASE_ACTIVITY,952
GOBP_REGULATION_OF_OXIDOREDUCTASE_ACTIVITY,1425
GOBP_NEGATIVE_REGULATION_OF_TRANSFERASE_ACTIVITY,1462
GOBP_POSITIVE_REGULATION_OF_LYASE_ACTIVITY,1337
GOBP_NEGATIVE_REGULATION_OF_LYASE_ACTIVITY,952
GOBP_POSITIVE_REGULATION_OF_OXIDOREDUCTASE_ACTIVITY,1425
GOBP_NEGATIVE_REGULATION_OF_OXIDOREDUCTASE_ACTIVITY,1836
GOBP_KINETOCHORE_ASSEMBLY,1499
GOBP_KINETOCHORE_ORGANIZATION,1499
GOBP_RESPONSE_TO_MINERALOCORTICOID,1837
GOBP_NEURON_APOPTOTIC_PROCESS,1638
GOBP_RESPONSE_TO_CORTICOSTERONE,1837
GOBP_REGULATION_OF_UBIQUITIN_PROTEIN_TRANSFERASE_ACTIVITY,1838
GOBP_POSITIVE_REGULATION_OF_UBIQUITIN_PROTEIN_TRANSFERASE_ACTIVITY,1838
GOBP_NEGATIVE_REGULATION_OF_UBIQUITIN_PROTEIN_TRANSFERASE_ACTIVITY,1839
GOBP_REGULATION_OF_MEIOTIC_CELL_CYCLE,1578
GOBP_POSITIVE_REGULATION_OF_MEIOTIC_CELL_CYCLE,1578
GOBP_NEGATIVE_REGULATION_OF_MEIOTIC_CELL_CYCLE,1840
GOBP_MYOBLAST_PROLIFERATION,1841
GOBP_MAINTENANCE_OF_PROTEIN_LOCATION_IN_NUCLEUS,1399
GOBP_POSITIVE_REGULATION_OF_CYTOSOLIC_CALCIUM_ION_CONCENTRATION_INVOLVED_IN_PHOSPHOLIPASE_C_ACTIVATING_G_PROTEIN_COUPLED_SIGNALING_PATHWAY,953
GOBP_REGULATION_OF_FILOPODIUM_ASSEMBLY,1751
GOBP_POSITIVE_REGULATION_OF_FILOPODIUM_ASSEMBLY,1751
GOBP_NEGATIVE_REGULATION_OF_CYTOSKELETON_ORGANIZATION,1277
GOBP_POSITIVE_REGULATION_OF_CYTOSKELETON_ORGANIZATION,1310
GOBP_POSITIVE_REGULATION_OF_STRESS_FIBER_ASSEMBLY,1325
GOBP_KERATINOCYTE_MIGRATION,1842
GOBP_MITOCHONDRIAL_CALCIUM_ION_HOMEOSTASIS,512
GOBP_HISTONE_H3_K9_METHYLATION,1556
GOBP_HISTONE_H3_K4_METHYLATION,1843
GOBP_REGULATION_OF_HISTONE_H3_K4_METHYLATION,1843
GOBP_REGULATION_OF_HISTONE_H3_K9_METHYLATION,1556
GOBP_POSITIVE_REGULATION_OF_HISTONE_H3_K4_METHYLATION,1843
GOBP_REGULATION_OF_NEUROTRANSMITTER_UPTAKE,611
GOBP_REGULATION_OF_NEUROTRANSMITTER_TRANSPORT,612
GOBP_POSITIVE_REGULATION_OF_NEUROTRANSMITTER_TRANSPORT,673
GOBP_RESPONSE_TO_CAMP,1161
GOBP_RESPONSE_TO_CALCIUM_ION,1844
GOBP_RESPONSE_TO_ELECTRICAL_STIMULUS,1845
GOBP_HISTAMINE_TRANSPORT,1846
GOBP_MITOCHONDRION_LOCALIZATION,1237
GOBP_NUCLEUS_LOCALIZATION,939
GOBP_VESICLE_LOCALIZATION,1847
GOBP_MAINTENANCE_OF_LOCATION_IN_CELL,1097
GOBP_SPINDLE_LOCALIZATION,1576
GOBP_ESTABLISHMENT_OF_MITOCHONDRION_LOCALIZATION,1237
GOBP_BIOLOGICAL_PROCESS_INVOLVED_IN_INTERACTION_WITH_HOST,1667
GOBP_BIOLOGICAL_PROCESS_INVOLVED_IN_INTERACTION_WITH_SYMBIONT,1672
GOBP_BIOLOGICAL_PROCESS_INVOLVED_IN_INTRASPECIES_INTERACTION_BETWEEN_ORGANISMS,1848
GOBP_NITRIC_OXIDE_SYNTHASE_BIOSYNTHETIC_PROCESS,1849
GOBP_POSITIVE_REGULATION_OF_NITRIC_OXIDE_SYNTHASE_BIOSYNTHETIC_PROCESS,1849
GOBP_POSITIVE_REGULATION_OF_CELL_DIVISION,607
GOBP_NEGATIVE_REGULATION_OF_CELL_DIVISION,1850
GOBP_REGULATION_OF_NUCLEAR_DIVISION,936
GOBP_NEGATIVE_REGULATION_OF_NUCLEAR_DIVISION,1443
GOBP_POSITIVE_REGULATION_OF_NUCLEAR_DIVISION,936
GOBP_RESPONSE_TO_MISFOLDED_PROTEIN,836
GOBP_REGULATION_OF_HAIR_FOLLICLE_DEVELOPMENT,1605
GOBP_MODULATION_BY_HOST_OF_SYMBIONT_PROCESS,1672
GOBP_PROTEIN_AUTOUBIQUITINATION,1851
GOBP_KILLING_BY_HOST_OF_SYMBIONT_CELLS,1852
GOBP_PIGMENT_GRANULE_LOCALIZATION,1853
GOBP_REGULATION_OF_MITOCHONDRIAL_MEMBRANE_POTENTIAL,1854
GOBP_MITOCHONDRIAL_DEPOLARIZATION,780
GOBP_POSITIVE_REGULATION_OF_FOCAL_ADHESION_ASSEMBLY,672
GOBP_POSITIVE_REGULATION_OF_PROTEIN_KINASE_B_SIGNALING,1634
GOBP_NEGATIVE_REGULATION_OF_PROTEIN_KINASE_B_SIGNALING,1855
GOBP_MEMBRANE_DEPOLARIZATION,780
GOBP_ESTABLISHMENT_OF_PIGMENT_GRANULE_LOCALIZATION,1853
GOBP_SULFATION,233
GOBP_REGULATION_OF_CALCIUM_ION_TRANSPORT,1097
GOBP_NEGATIVE_REGULATION_OF_CALCIUM_ION_TRANSPORT,1389
GOBP_POSITIVE_REGULATION_OF_CALCIUM_ION_TRANSPORT,1099
GOBP_REGULATION_OF_SENSORY_PERCEPTION,1228
GOBP_SYNAPTIC_TRANSMISSION_GABAERGIC,1375
GOBP_NEGATIVE_REGULATION_OF_AMINE_TRANSPORT,1434
GOBP_POSITIVE_REGULATION_OF_AMINE_TRANSPORT,1433
GOBP_REGULATION_OF_AMINO_ACID_TRANSPORT,1433
GOBP_NEGATIVE_REGULATION_OF_AMINO_ACID_TRANSPORT,1434
GOBP_POSITIVE_REGULATION_OF_AMINO_ACID_TRANSPORT,1433
GOBP_NEGATIVE_REGULATION_OF_NERVOUS_SYSTEM_DEVELOPMENT,1116
GOBP_POSITIVE_REGULATION_OF_NERVOUS_SYSTEM_DEVELOPMENT,1115
GOBP_REGULATION_OF_SYNAPSE_ASSEMBLY,984
GOBP_POSITIVE_REGULATION_OF_SYNAPSE_ASSEMBLY,984
GOBP_REGULATION_OF_SYNAPTIC_TRANSMISSION_GLUTAMATERGIC,1514
GOBP_POSITIVE_REGULATION_OF_SYNAPTIC_TRANSMISSION_GLUTAMATERGIC,1514
GOBP_REGULATION_OF_TRANSMISSION_OF_NERVE_IMPULSE,1856
GOBP_REGULATION_OF_TELOMERASE_ACTIVITY,602
GOBP_POSITIVE_REGULATION_OF_TELOMERASE_ACTIVITY,602
GOBP_REGULATION_OF_CHROMOSOME_SEGREGATION,1443
GOBP_MUSCLE_CELL_DEVELOPMENT,1507
GOBP_STRIATED_MUSCLE_CELL_DEVELOPMENT,1144
GOBP_CARDIAC_MYOFIBRIL_ASSEMBLY,1857
GOBP_CARDIAC_CELL_DEVELOPMENT,1507
GOBP_CARDIAC_MUSCLE_CELL_DIFFERENTIATION,1507
GOBP_CARDIAC_MUSCLE_TISSUE_MORPHOGENESIS,777
GOBP_VENTRICULAR_CARDIAC_MUSCLE_TISSUE_MORPHOGENESIS,777
GOBP_NEGATIVE_REGULATION_OF_CARDIAC_MUSCLE_TISSUE_GROWTH,1737
GOBP_MONOVALENT_INORGANIC_CATION_HOMEOSTASIS,893
GOBP_ZINC_ION_HOMEOSTASIS,394
GOBP_COPPER_ION_HOMEOSTASIS,890
GOBP_IRON_ION_HOMEOSTASIS,576
GOBP_POTASSIUM_ION_HOMEOSTASIS,1858
GOBP_TRANSITION_METAL_ION_HOMEOSTASIS,576
GOBP_SODIUM_ION_HOMEOSTASIS,995
GOBP_ANION_HOMEOSTASIS,1274
GOBP_MONOVALENT_INORGANIC_ANION_HOMEOSTASIS,1274
GOBP_LIPID_HOMEOSTASIS,1859
GOBP_FATTY_ACID_HOMEOSTASIS,1860
GOBP_ACYLGLYCEROL_HOMEOSTASIS,1861
GOBP_PHOSPHOLIPID_HOMEOSTASIS,1862
GOBP_STEROL_HOMEOSTASIS,1859
GOBP_RESPONSE_TO_HYPEROXIA,1557
GOBP_REGULATION_OF_CARDIAC_MUSCLE_CONTRACTION,683
GOBP_RELAXATION_OF_CARDIAC_MUSCLE,1863
GOBP_DIGESTIVE_SYSTEM_DEVELOPMENT,1780
GOBP_REFLEX,1864
GOBP_SERTOLI_CELL_DIFFERENTIATION,1865
GOBP_ROOF_OF_MOUTH_DEVELOPMENT,1866
GOBP_ANATOMICAL_STRUCTURE_REGRESSION,1867
GOBP_PHARYNGEAL_SYSTEM_DEVELOPMENT,1868
GOBP_CARDIAC_MUSCLE_CELL_PROLIFERATION,1167
GOBP_PERICARDIUM_DEVELOPMENT,1869
GOBP_RETINA_DEVELOPMENT_IN_CAMERA_TYPE_EYE,787
GOBP_RETINA_MORPHOGENESIS_IN_CAMERA_TYPE_EYE,787
GOBP_REGULATION_OF_CARDIAC_MUSCLE_CELL_PROLIFERATION,1167
GOBP_POSITIVE_REGULATION_OF_CARDIAC_MUSCLE_CELL_PROLIFERATION,1167
GOBP_REGULATION_OF_ACROSOME_REACTION,979
GOBP_CARDIAC_MUSCLE_CONTRACTION,683
GOBP_REGULATION_OF_PROTEIN_GLYCOSYLATION,1870
GOBP_ANGIOGENESIS_INVOLVED_IN_WOUND_HEALING,1871
GOBP_UTERUS_DEVELOPMENT,1872
GOBP_SYNAPSE_MATURATION,1873
GOBP_REGULATION_OF_POSTSYNAPTIC_MEMBRANE_POTENTIAL,1874
GOBP_AUDITORY_RECEPTOR_CELL_DEVELOPMENT,699
GOBP_INNER_EAR_RECEPTOR_CELL_DEVELOPMENT,699
GOBP_INNER_EAR_RECEPTOR_CELL_STEREOCILIUM_ORGANIZATION,699
GOBP_MATERNAL_PROCESS_INVOLVED_IN_FEMALE_PREGNANCY,662
GOBP_REGULATION_OF_SYNCYTIUM_FORMATION_BY_PLASMA_MEMBRANE_FUSION,909
GOBP_POSITIVE_REGULATION_OF_SYNCYTIUM_FORMATION_BY_PLASMA_MEMBRANE_FUSION,909
GOBP_POSITIVE_REGULATION_OF_POSTTRANSCRIPTIONAL_GENE_SILENCING,1326
GOBP_NEGATIVE_REGULATION_OF_POSTTRANSCRIPTIONAL_GENE_SILENCING,1875
GOBP_REGULATION_OF_LIPASE_ACTIVITY,954
GOBP_NEGATIVE_REGULATION_OF_LIPASE_ACTIVITY,1876
GOBP_POSITIVE_REGULATION_OF_LIPASE_ACTIVITY,954
GOBP_DEFINITIVE_HEMOPOIESIS,1877
GOBP_HEMATOPOIETIC_STEM_CELL_DIFFERENTIATION,1878
GOBP_CAMERA_TYPE_EYE_PHOTORECEPTOR_CELL_DIFFERENTIATION,638
GOBP_MESENCHYMAL_TO_EPITHELIAL_TRANSITION,783
GOBP_REGULATION_OF_GLIAL_CELL_PROLIFERATION,1153
GOBP_REGULATION_OF_FEEDING_BEHAVIOR,1776
GOBP_REGULATION_OF_RESPIRATORY_BURST,1708
GOBP_LONG_TERM_SYNAPTIC_POTENTIATION,1756
GOBP_LONG_TERM_SYNAPTIC_DEPRESSION,1803
GOBP_REGULATION_OF_MEMBRANE_REPOLARIZATION,1879
GOBP_REGULATION_OF_RYANODINE_SENSITIVE_CALCIUM_RELEASE_CHANNEL_ACTIVITY,1098
GOBP_CARDIAC_EPITHELIAL_TO_MESENCHYMAL_TRANSITION,776
GOBP_HEAD_MORPHOGENESIS,1082
GOBP_FACE_DEVELOPMENT,1082
GOBP_REGULATION_OF_RESPONSE_TO_INTERFERON_GAMMA,1880
GOBP_INTERFERON_GAMMA_MEDIATED_SIGNALING_PATHWAY,1880
GOBP_REGULATION_OF_TYPE_I_INTERFERON_MEDIATED_SIGNALING_PATHWAY,1486
GOBP_NEGATIVE_REGULATION_OF_TYPE_I_INTERFERON_MEDIATED_SIGNALING_PATHWAY,1486
GOBP_POSITIVE_REGULATION_OF_TYPE_I_INTERFERON_MEDIATED_SIGNALING_PATHWAY,1881
GOBP_TRABECULA_FORMATION,1882
GOBP_BONE_DEVELOPMENT,1883
GOBP_BONE_MORPHOGENESIS,1553
GOBP_ENDOCHONDRAL_BONE_MORPHOGENESIS,1553
GOBP_CARTILAGE_DEVELOPMENT_INVOLVED_IN_ENDOCHONDRAL_BONE_MORPHOGENESIS,788
GOBP_CELL_ADHESION_MOLECULE_PRODUCTION,1884
GOBP_REGULATION_OF_DNA_STRAND_ELONGATION,1269
GOBP_INNERVATION,1885
GOBP_PATHWAY_RESTRICTED_SMAD_PROTEIN_PHOSPHORYLATION,1133
GOBP_REGULATION_OF_SMAD_PROTEIN_SIGNAL_TRANSDUCTION,1886
GOBP_POSITIVE_REGULATION_OF_SMAD_PROTEIN_SIGNAL_TRANSDUCTION,1886
GOBP_SMAD_PROTEIN_SIGNAL_TRANSDUCTION,1133
GOBP_CYTOSOLIC_CALCIUM_ION_TRANSPORT,1097
GOBP_CALCIUM_ION_TRANSPORT_INTO_CYTOSOL,1097
GOBP_CARDIAC_SEPTUM_MORPHOGENESIS,762
GOBP_VENTRICULAR_SEPTUM_MORPHOGENESIS,762
GOBP_RESPONSE_TO_GROWTH_HORMONE,1887
GOBP_HEART_GROWTH,1167
GOBP_REGULATION_OF_HEART_GROWTH,1167
GOBP_POSITIVE_REGULATION_OF_HEART_GROWTH,1167
GOBP_LUNG_MORPHOGENESIS,1888
GOBP_LUNG_EPITHELIUM_DEVELOPMENT,1889
GOBP_TRACHEA_DEVELOPMENT,1890
GOBP_EPITHELIAL_TUBE_BRANCHING_INVOLVED_IN_LUNG_MORPHOGENESIS,1888
GOBP_MAMMARY_GLAND_MORPHOGENESIS,1318
GOBP_BRANCHING_INVOLVED_IN_MAMMARY_GLAND_DUCT_MORPHOGENESIS,1318
GOBP_BRANCHING_INVOLVED_IN_SALIVARY_GLAND_MORPHOGENESIS,986
GOBP_POSITIVE_REGULATION_OF_DIGESTIVE_SYSTEM_PROCESS,1891
GOBP_NEGATIVE_REGULATION_OF_DIGESTIVE_SYSTEM_PROCESS,1655
GOBP_LUNG_CELL_DIFFERENTIATION,1889
GOBP_REGULATION_OF_CELL_PROJECTION_ASSEMBLY,1892
GOBP_PROSTATE_GLAND_MORPHOGENESIS,1311
GOBP_SKELETAL_MUSCLE_ORGAN_DEVELOPMENT,1543
GOBP_RESPIRATORY_SYSTEM_DEVELOPMENT,1893
GOBP_NEGATIVE_REGULATION_OF_NECROTIC_CELL_DEATH,1146
GOBP_DEVELOPMENTAL_GROWTH_INVOLVED_IN_MORPHOGENESIS,1030
GOBP_APOPTOTIC_PROCESS_INVOLVED_IN_MORPHOGENESIS,1894
GOBP_NEUROEPITHELIAL_CELL_DIFFERENTIATION,1895
GOBP_MORPHOGENESIS_OF_AN_EPITHELIAL_FOLD,1896
GOBP_MORPHOGENESIS_OF_AN_EPITHELIAL_BUD,1896
GOBP_INTESTINAL_EPITHELIAL_CELL_DIFFERENTIATION,1897
GOBP_BRANCH_ELONGATION_OF_AN_EPITHELIUM,786
GOBP_MAMMARY_GLAND_DUCT_MORPHOGENESIS,1318
GOBP_ADIPOSE_TISSUE_DEVELOPMENT,1898
GOBP_REGULATION_OF_MICROTUBULE_BASED_MOVEMENT,784
GOBP_MAMMARY_GLAND_EPITHELIAL_CELL_DIFFERENTIATION,1899
GOBP_EMBRYONIC_PLACENTA_MORPHOGENESIS,1900
GOBP_PLACENTA_BLOOD_VESSEL_DEVELOPMENT,1901
GOBP_REGULATION_OF_MORPHOGENESIS_OF_A_BRANCHING_STRUCTURE,1902
GOBP_CELL_DIFFERENTIATION_INVOLVED_IN_EMBRYONIC_PLACENTA_DEVELOPMENT,1903
GOBP_TROPHOBLAST_GIANT_CELL_DIFFERENTIATION,1903
GOBP_LABYRINTHINE_LAYER_DEVELOPMENT,1900
GOBP_LABYRINTHINE_LAYER_MORPHOGENESIS,1900
GOBP_LABYRINTHINE_LAYER_BLOOD_VESSEL_DEVELOPMENT,1901
GOBP_MAMMARY_GLAND_ALVEOLUS_DEVELOPMENT,1904
GOBP_REGULATION_OF_RESPONSE_TO_CYTOKINE_STIMULUS,1905
GOBP_POSITIVE_REGULATION_OF_RESPONSE_TO_CYTOKINE_STIMULUS,1906
GOBP_NEGATIVE_REGULATION_OF_RESPONSE_TO_CYTOKINE_STIMULUS,1905
GOBP_REGULATION_OF_ANDROGEN_RECEPTOR_SIGNALING_PATHWAY,1303
GOBP_CELL_FATE_COMMITMENT_INVOLVED_IN_FORMATION_OF_PRIMARY_GERM_LAYER,635
GOBP_REGULATION_OF_CANONICAL_WNT_SIGNALING_PATHWAY,1282
GOBP_ARTERY_DEVELOPMENT,1542
GOBP_VENOUS_BLOOD_VESSEL_DEVELOPMENT,1907
GOBP_HEART_FORMATION,641
GOBP_REGULATION_OF_GENE_SILENCING_BY_RNA,1326
GOBP_LEFT_RIGHT_PATTERN_FORMATION,1908
GOBP_CELL_MIGRATION_INVOLVED_IN_HEART_DEVELOPMENT,1909
GOBP_CORONARY_VASCULATURE_DEVELOPMENT,1910
GOBP_CORONARY_VASCULATURE_MORPHOGENESIS,1910
GOBP_ENDOCRINE_HORMONE_SECRETION,1545
GOBP_KIDNEY_MORPHOGENESIS,624
GOBP_DENDRITIC_SPINE_DEVELOPMENT,1911
GOBP_DENDRITIC_SPINE_MORPHOGENESIS,1911
GOBP_REGULATION_OF_DENDRITIC_SPINE_DEVELOPMENT,1802
GOBP_POSITIVE_REGULATION_OF_DENDRITIC_SPINE_DEVELOPMENT,1802
GOBP_REGULATION_OF_DENDRITIC_SPINE_MORPHOGENESIS,1911
GOBP_POSITIVE_REGULATION_OF_DENDRITIC_SPINE_MORPHOGENESIS,1802
GOBP_CELL_DIFFERENTIATION_INVOLVED_IN_KIDNEY_DEVELOPMENT,1431
GOBP_HEPATICOBILIARY_SYSTEM_DEVELOPMENT,1912
GOBP_REGULATION_OF_MRNA_CATABOLIC_PROCESS,589
GOBP_MEMBRANE_FUSION,1764
GOBP_ESTABLISHMENT_OF_ENDOTHELIAL_BARRIER,660
GOBP_REGULATION_OF_CARTILAGE_DEVELOPMENT,1379
GOBP_POSITIVE_REGULATION_OF_CARTILAGE_DEVELOPMENT,1380
GOBP_NEGATIVE_REGULATION_OF_CARTILAGE_DEVELOPMENT,1379
GOBP_REGULATION_OF_WOUND_HEALING,1804
GOBP_VASCULAR_WOUND_HEALING,1871
GOBP_NEGATIVE_REGULATION_OF_WOUND_HEALING,1804
GOBP_REGULATION_OF_CELL_GROWTH_INVOLVED_IN_CARDIAC_MUSCLE_CELL_DEVELOPMENT,782
GOBP_SOMITE_DEVELOPMENT,640
GOBP_CHAPERONE_MEDIATED_PROTEIN_FOLDING,826
GOBP_POSITIVE_REGULATION_OF_MYELOID_LEUKOCYTE_CYTOKINE_PRODUCTION_INVOLVED_IN_IMMUNE_RESPONSE,1145
GOBP_MYELOID_LEUKOCYTE_CYTOKINE_PRODUCTION,1145
GOBP_REGULATION_OF_PROTEIN_TYROSINE_KINASE_ACTIVITY,1913
GOBP_POSITIVE_REGULATION_OF_PROTEIN_TYROSINE_KINASE_ACTIVITY,1913
GOBP_NEGATIVE_REGULATION_OF_PROTEIN_TYROSINE_KINASE_ACTIVITY,1798
GOBP_REGULATION_OF_PROTEASOMAL_PROTEIN_CATABOLIC_PROCESS,1391
GOBP_3_UTR_MEDIATED_MRNA_DESTABILIZATION,1914
GOBP_REGULATION_OF_INSULIN_SECRETION_INVOLVED_IN_CELLULAR_RESPONSE_TO_GLUCOSE_STIMULUS,1533
GOBP_MAMMARY_GLAND_EPITHELIUM_DEVELOPMENT,1318
GOBP_ESTABLISHMENT_OR_MAINTENANCE_OF_BIPOLAR_CELL_POLARITY,1315
GOBP_RETINA_VASCULATURE_DEVELOPMENT_IN_CAMERA_TYPE_EYE,1915
GOBP_CARDIAC_NEURAL_CREST_CELL_DIFFERENTIATION_INVOLVED_IN_HEART_DEVELOPMENT,1909
GOBP_CELL_SURFACE_RECEPTOR_SIGNALING_PATHWAY_INVOLVED_IN_HEART_DEVELOPMENT,1916
GOBP_CELL_PROLIFERATION_INVOLVED_IN_HEART_MORPHOGENESIS,1917
GOBP_RENAL_TUBULE_DEVELOPMENT,624
GOBP_CARDIAC_CONDUCTION,613
GOBP_ESTABLISHMENT_OR_MAINTENANCE_OF_MONOPOLAR_CELL_POLARITY,1315
GOBP_NEURAL_PRECURSOR_CELL_PROLIFERATION,687
GOBP_TRABECULA_MORPHOGENESIS,1882
GOBP_HEART_TRABECULA_MORPHOGENESIS,1882
GOBP_REGULATION_OF_EXTENT_OF_CELL_GROWTH,1030
GOBP_RENAL_SYSTEM_VASCULATURE_DEVELOPMENT,1918
GOBP_CONNECTIVE_TISSUE_DEVELOPMENT,689
GOBP_TROPHOBLAST_CELL_MIGRATION,1919
GOBP_PROTEIN_LOCALIZATION_TO_LYSOSOME,850
GOBP_HEMATOPOIETIC_STEM_CELL_HOMEOSTASIS,1920
GOBP_PROTEIN_LOCALIZATION_TO_CILIUM,1921
GOBP_MYELOID_CELL_DEVELOPMENT,1621
GOBP_GANGLION_DEVELOPMENT,1922
GOBP_ACTIN_FILAMENT_BUNDLE_ORGANIZATION,1325
GOBP_CYTOSKELETON_DEPENDENT_CYTOKINESIS,588
GOBP_HISTONE_H3_K9_MODIFICATION,1556
GOBP_CHAPERONE_MEDIATED_AUTOPHAGY,1923
GOBP_LEUKOCYTE_ADHESION_TO_VASCULAR_ENDOTHELIAL_CELL,1817
GOBP_ANTIFUNGAL_INNATE_IMMUNE_RESPONSE,1067
GOBP_MICROTUBULE_ORGANIZING_CENTER_LOCALIZATION,1924
GOBP_ANTIMICROBIAL_HUMORAL_IMMUNE_RESPONSE_MEDIATED_BY_ANTIMICROBIAL_PEPTIDE,1233
GOBP_SELECTIVE_AUTOPHAGY,596
GOBP_ESTABLISHMENT_OF_PROTEIN_LOCALIZATION_TO_PLASMA_MEMBRANE,897
GOBP_MIDBODY_ABSCISSION,648
GOBP_MEIOSIS_I_CELL_CYCLE_PROCESS,940
GOBP_SECONDARY_PALATE_DEVELOPMENT,1925
GOBP_POSITIVE_REGULATION_OF_SMALL_MOLECULE_METABOLIC_PROCESS,1112
GOBP_NEGATIVE_REGULATION_OF_SMALL_MOLECULE_METABOLIC_PROCESS,1718
GOBP_REGULATION_OF_PROGRAMMED_NECROTIC_CELL_DEATH,1146
GOBP_NEGATIVE_REGULATION_OF_PROGRAMMED_NECROTIC_CELL_DEATH,1146
GOBP_REGULATION_OF_MITOCHONDRIAL_GENE_EXPRESSION,1926
GOBP_DETECTION_OF_STIMULUS_INVOLVED_IN_SENSORY_PERCEPTION_OF_PAIN,1185
GOBP_REGULATION_OF_PATTERN_RECOGNITION_RECEPTOR_SIGNALING_PATHWAY,705
GOBP_POSITIVE_REGULATION_OF_PATTERN_RECOGNITION_RECEPTOR_SIGNALING_PATHWAY,1473
GOBP_PROTEIN_LOCALIZATION_TO_POSTSYNAPSE,1521
GOBP_INTRACELLULAR_PROTEIN_TRANSMEMBRANE_TRANSPORT,1280
GOBP_PROTEIN_DNA_COMPLEX_ASSEMBLY,812
GOBP_PROTEIN_LIPID_COMPLEX_ASSEMBLY,517
GOBP_NEURON_CELLULAR_HOMEOSTASIS,1927
GOBP_INTRINSIC_APOPTOTIC_SIGNALING_PATHWAY_IN_RESPONSE_TO_ENDOPLASMIC_RETICULUM_STRESS,1928
GOBP_HISTONE_LYSINE_DEMETHYLATION,332
GOBP_GLYCOSYLATION,833
GOBP_INTERLEUKIN_6_MEDIATED_SIGNALING_PATHWAY,1929
GOBP_ENAMEL_MINERALIZATION,1498
GOBP_CHROMOSOME_ORGANIZATION_INVOLVED_IN_MEIOTIC_CELL_CYCLE,940
GOBP_SYNAPTONEMAL_COMPLEX_ORGANIZATION,1930
GOBP_PROTEIN_LOCALIZATION_TO_CHROMOSOME_TELOMERIC_REGION,1931
GOBP_ESTABLISHMENT_OF_PROTEIN_LOCALIZATION_TO_CHROMOSOME,1931
GOBP_ESTABLISHMENT_OF_PROTEIN_LOCALIZATION_TO_TELOMERE,1931
GOBP_PROTEIN_TRIMERIZATION,1932
GOBP_LYMPHOCYTE_APOPTOTIC_PROCESS,1933
GOBP_REGULATION_OF_LYMPHOCYTE_APOPTOTIC_PROCESS,1933
GOBP_NEGATIVE_REGULATION_OF_LYMPHOCYTE_APOPTOTIC_PROCESS,1933
GOBP_POSITIVE_REGULATION_OF_LYMPHOCYTE_APOPTOTIC_PROCESS,1934
GOBP_T_CELL_APOPTOTIC_PROCESS,1933
GOBP_REGULATION_OF_T_CELL_APOPTOTIC_PROCESS,1933
GOBP_NEGATIVE_REGULATION_OF_T_CELL_APOPTOTIC_PROCESS,1933
GOBP_THYMOCYTE_APOPTOTIC_PROCESS,1935
GOBP_ACTIN_MEDIATED_CELL_CONTRACTION,613
GOBP_PEPTIDYL_SERINE_DEPHOSPHORYLATION,1936
GOBP_NECROTIC_CELL_DEATH,1146
GOBP_PYROPTOSIS,1937
GOBP_AXONEMAL_DYNEIN_COMPLEX_ASSEMBLY,622
GOBP_RENAL_ABSORPTION,1938
GOBP_SARCOPLASMIC_RETICULUM_CALCIUM_ION_TRANSPORT,1137
GOBP_CELLULAR_RESPONSE_TO_HYDROGEN_PEROXIDE,591
GOBP_REGULATION_OF_STRESS_ACTIVATED_PROTEIN_KINASE_SIGNALING_CASCADE,968
GOBP_NEGATIVE_REGULATION_OF_STRESS_ACTIVATED_PROTEIN_KINASE_SIGNALING_CASCADE,1637
GOBP_POSITIVE_REGULATION_OF_STRESS_ACTIVATED_PROTEIN_KINASE_SIGNALING_CASCADE,968
GOBP_LENS_FIBER_CELL_DIFFERENTIATION,695
GOBP_G1_TO_G0_TRANSITION,1939
GOBP_HEPATOCYTE_DIFFERENTIATION,1940
GOBP_NEGATIVE_REGULATION_OF_ERK1_AND_ERK2_CASCADE,1631
GOBP_POSITIVE_REGULATION_OF_ERK1_AND_ERK2_CASCADE,1941
GOBP_INTERLEUKIN_1_MEDIATED_SIGNALING_PATHWAY,1942
GOBP_REGULATION_OF_MICROTUBULE_CYTOSKELETON_ORGANIZATION,1332
GOBP_CALCIUM_ION_IMPORT,1943
GOBP_TRNA_THREONYLCARBAMOYLADENOSINE_METABOLIC_PROCESS,1944
GOBP_PLATELET_AGGREGATION,997
GOBP_PROTEIN_KINASE_C_SIGNALING,1945
GOBP_PROTEIN_K63_LINKED_UBIQUITINATION,1946
GOBP_PROTEIN_K63_LINKED_DEUBIQUITINATION,1947
GOBP_RESPONSE_TO_FATTY_ACID,1948
GOBP_RESPONSE_TO_INTERLEUKIN_1,1949
GOBP_REGULATION_OF_NEURON_PROJECTION_REGENERATION,1331
GOBP_NEGATIVE_REGULATION_OF_NEURON_PROJECTION_REGENERATION,1331
GOBP_MITOCHONDRION_MORPHOGENESIS,1950
GOBP_PROTEIN_LOCALIZATION_TO_MITOCHONDRION,851
GOBP_DENDRITE_SELF_AVOIDANCE,1951
GOBP_TRANSEPITHELIAL_TRANSPORT,1952
GOBP_PROTEIN_MODIFICATION_BY_SMALL_PROTEIN_REMOVAL,1953
GOBP_REGULATION_OF_LEUKOCYTE_PROLIFERATION,1266
GOBP_NEGATIVE_REGULATION_OF_LEUKOCYTE_PROLIFERATION,1265
GOBP_POSITIVE_REGULATION_OF_LEUKOCYTE_PROLIFERATION,1266
GOBP_RESPONSE_TO_INTERLEUKIN_4,1954
GOBP_RESPONSE_TO_CHOLESTEROL,1559
GOBP_RESPONSE_TO_INTERLEUKIN_6,1929
GOBP_HETEROCHROMATIN_ORGANIZATION,1579
GOBP_BASEMENT_MEMBRANE_ASSEMBLY,1955
GOBP_METAL_ION_EXPORT,1956
GOBP_INCLUSION_BODY_ASSEMBLY,1957
GOBP_RESPONSE_TO_EPIDERMAL_GROWTH_FACTOR,1958
GOBP_REGULATION_OF_PROTEIN_EXIT_FROM_ENDOPLASMIC_RETICULUM,1401
GOBP_REGULATION_OF_GLYCOGEN_METABOLIC_PROCESS,586
GOBP_POSITIVE_REGULATION_OF_GLYCOGEN_METABOLIC_PROCESS,1959
GOBP_TRANSCRIPTION_PREINITIATION_COMPLEX_ASSEMBLY,814
GOBP_REGULATION_OF_PRODUCTION_OF_SMALL_RNA_INVOLVED_IN_GENE_SILENCING_BY_RNA,1326
GOBP_HISTONE_H3_DEACETYLATION,1960
GOBP_3_UTR_MEDIATED_MRNA_STABILIZATION,1633
GOBP_PROTEIN_K48_LINKED_UBIQUITINATION,1961
GOBP_PROTEIN_LOCALIZATION_TO_ENDOPLASMIC_RETICULUM,849
GOBP_BONE_MATURATION,1792
GOBP_PROTEIN_K11_LINKED_UBIQUITINATION,223
GOBP_DEMETHYLATION,332
GOBP_OXIDATIVE_DEMETHYLATION,1962
GOBP_RNA_SURVEILLANCE,406
GOBP_REGULATION_OF_PHOSPHOLIPID_BIOSYNTHETIC_PROCESS,1963
GOBP_PROTEIN_K48_LINKED_DEUBIQUITINATION,1947
GOBP_PROTEIN_LOCALIZATION_TO_CHROMATIN,1497
GOBP_CELLULAR_RESPONSE_TO_BIOTIC_STIMULUS,1964
GOBP_CELLULAR_RESPONSE_TO_MOLECULE_OF_BACTERIAL_ORIGIN,1964
GOBP_CELLULAR_RESPONSE_TO_ACID_CHEMICAL,610
GOBP_CELLULAR_RESPONSE_TO_INORGANIC_SUBSTANCE,1844
GOBP_CELLULAR_RESPONSE_TO_ARSENIC_CONTAINING_SUBSTANCE,1742
GOBP_CELLULAR_RESPONSE_TO_MECHANICAL_STIMULUS,1066
GOBP_CELLULAR_RESPONSE_TO_CADMIUM_ION,1743
GOBP_CELLULAR_RESPONSE_TO_CALCIUM_ION,1844
GOBP_CELLULAR_RESPONSE_TO_COPPER_ION,1744
GOBP_CELLULAR_RESPONSE_TO_ZINC_ION,1079
GOBP_CELLULAR_RESPONSE_TO_VITAMIN,1358
GOBP_CELLULAR_RESPONSE_TO_RETINOIC_ACID,1400
GOBP_CELLULAR_RESPONSE_TO_VITAMIN_D,1358
GOBP_CELLULAR_RESPONSE_TO_ALKALOID,1965
GOBP_CELLULAR_RESPONSE_TO_ATP,1453
GOBP_CELLULAR_RESPONSE_TO_CAMP,1161
GOBP_CELLULAR_RESPONSE_TO_CARBOHYDRATE_STIMULUS,628
GOBP_CELLULAR_RESPONSE_TO_INTERFERON_GAMMA,1487
GOBP_CELLULAR_RESPONSE_TO_INTERLEUKIN_1,1949
GOBP_CELLULAR_RESPONSE_TO_DSRNA,1626
GOBP_CELLULAR_RESPONSE_TO_EXOGENOUS_DSRNA,1626
GOBP_CELLULAR_RESPONSE_TO_GONADOTROPIN_STIMULUS,1382
GOBP_CELLULAR_RESPONSE_TO_PEPTIDE_HORMONE_STIMULUS,1023
GOBP_CELLULAR_RESPONSE_TO_GROWTH_HORMONE_STIMULUS,1887
GOBP_CELLULAR_RESPONSE_TO_PROSTAGLANDIN_STIMULUS,1501
GOBP_CELLULAR_RESPONSE_TO_PROSTAGLANDIN_E_STIMULUS,1501
GOBP_CELLULAR_RESPONSE_TO_STEROID_HORMONE_STIMULUS,1070
GOBP_CELLULAR_RESPONSE_TO_CORTICOSTEROID_STIMULUS,1966
GOBP_CELLULAR_RESPONSE_TO_ESTROGEN_STIMULUS,1967
GOBP_CELLULAR_RESPONSE_TO_ESTRADIOL_STIMULUS,1383
GOBP_CELLULAR_RESPONSE_TO_CHOLESTEROL,1559
GOBP_CELLULAR_RESPONSE_TO_FATTY_ACID,1948
GOBP_CELLULAR_RESPONSE_TO_LIPOPROTEIN_PARTICLE_STIMULUS,1968
GOBP_CELLULAR_RESPONSE_TO_LOW_DENSITY_LIPOPROTEIN_PARTICLE_STIMULUS,1968
GOBP_HEMATOPOIETIC_STEM_CELL_PROLIFERATION,1969
GOBP_CELLULAR_RESPONSE_TO_OXYGEN_RADICAL,592
GOBP_CELLULAR_RESPONSE_TO_OXYGEN_LEVELS,1970
GOBP_PROTEIN_LOCALIZATION_TO_CHROMOSOME_CENTROMERIC_REGION,1971
GOBP_CELLULAR_RESPONSE_TO_XENOBIOTIC_STIMULUS,878
GOBP_CELLULAR_RESPONSE_TO_PH,1054
GOBP_CELLULAR_RESPONSE_TO_ACIDIC_PH,1054
GOBP_CELLULAR_RESPONSE_TO_OSMOTIC_STRESS,912
GOBP_CELLULAR_RESPONSE_TO_RADIATION,1064
GOBP_CELLULAR_RESPONSE_TO_IONIZING_RADIATION,1083
GOBP_CELLULAR_RESPONSE_TO_GAMMA_RADIATION,1083
GOBP_CELLULAR_RESPONSE_TO_LIGHT_STIMULUS,1064
GOBP_CELLULAR_RESPONSE_TO_FLUID_SHEAR_STRESS,1493
GOBP_CELLULAR_RESPONSE_TO_STEROL_DEPLETION,916
GOBP_SEMAPHORIN_PLEXIN_SIGNALING_PATHWAY,1972
GOBP_DOPAMINERGIC_NEURON_DIFFERENTIATION,1973
GOBP_INOSITOL_PHOSPHATE_CATABOLIC_PROCESS,1730
GOBP_RESPONSE_TO_DEXAMETHASONE,1966
GOBP_CELLULAR_RESPONSE_TO_DEXAMETHASONE_STIMULUS,1966
GOBP_RESPONSE_TO_TRANSFORMING_GROWTH_FACTOR_BETA,948
GOBP_OTIC_VESICLE_DEVELOPMENT,1974
GOBP_TRANSFORMING_GROWTH_FACTOR_BETA_PRODUCTION,1436
GOBP_MONOCYTE_CHEMOTACTIC_PROTEIN_1_PRODUCTION,1975
GOBP_GRANULOCYTE_CHEMOTAXIS,1307
GOBP_REGULATION_OF_GRANULOCYTE_CHEMOTAXIS,1976
GOBP_POSITIVE_REGULATION_OF_GRANULOCYTE_CHEMOTAXIS,1976
GOBP_VOCALIZATION_BEHAVIOR,1977
GOBP_POSITIVE_REGULATION_OF_TRANSFORMING_GROWTH_FACTOR_BETA_PRODUCTION,1436
GOBP_MONONUCLEAR_CELL_MIGRATION,1761
GOBP_REGULATION_OF_MONONUCLEAR_CELL_MIGRATION,1127
GOBP_NEGATIVE_REGULATION_OF_MONONUCLEAR_CELL_MIGRATION,742
GOBP_POSITIVE_REGULATION_OF_MONONUCLEAR_CELL_MIGRATION,1127
GOBP_ORGANISM_EMERGENCE_FROM_PROTECTIVE_STRUCTURE,1978
GOBP_ANATOMICAL_STRUCTURE_MATURATION,1254
GOBP_TUMOR_NECROSIS_FACTOR_SUPERFAMILY_CYTOKINE_PRODUCTION,1415
GOBP_BASEMENT_MEMBRANE_ORGANIZATION,1955
GOBP_ICOSANOID_TRANSPORT,1183
GOBP_RESPONSE_TO_NITRIC_OXIDE,1979
GOBP_NUCLEAR_MEMBRANE_ORGANIZATION,918
GOBP_RESPONSE_TO_BMP,1299
GOBP_RESPONSE_TO_FIBROBLAST_GROWTH_FACTOR,1032
GOBP_ENDOPLASMIC_RETICULUM_TUBULAR_NETWORK_ORGANIZATION,1980
GOBP_PODOSOME_ASSEMBLY,1981
GOBP_REGULATION_OF_PODOSOME_ASSEMBLY,1981
GOBP_PROTEIN_TRANSMEMBRANE_TRANSPORT,1280
GOBP_TAIL_ANCHORED_MEMBRANE_PROTEIN_INSERTION_INTO_ER_MEMBRANE,1679
GOBP_PROTEIN_DNA_COMPLEX_SUBUNIT_ORGANIZATION,812
GOBP_PROTEIN_LIPID_COMPLEX_SUBUNIT_ORGANIZATION,1489
GOBP_RIBONUCLEOPROTEIN_COMPLEX_SUBUNIT_ORGANIZATION,1982
GOBP_RESPONSE_TO_CATECHOLAMINE,956
GOBP_ADRENERGIC_RECEPTOR_SIGNALING_PATHWAY,1983
GOBP_ADENYLATE_CYCLASE_ACTIVATING_ADRENERGIC_RECEPTOR_SIGNALING_PATHWAY,1983
GOBP_LEUKOCYTE_APOPTOTIC_PROCESS,1933
GOBP_DNA_BIOSYNTHETIC_PROCESS,602
GOBP_NEGATIVE_REGULATION_OF_PROTEIN_SERINE_THREONINE_KINASE_ACTIVITY,1462
GOBP_POSITIVE_REGULATION_OF_PROTEIN_SERINE_THREONINE_KINASE_ACTIVITY,1630
GOBP_MULTIVESICULAR_BODY_SORTING_PATHWAY,245
GOBP_NEPHRON_DEVELOPMENT,624
GOBP_NEPHRON_EPITHELIUM_DEVELOPMENT,624
GOBP_GLOMERULAR_EPITHELIUM_DEVELOPMENT,1431
GOBP_NEPHRON_MORPHOGENESIS,624
GOBP_COLLECTING_DUCT_DEVELOPMENT,1984
GOBP_KIDNEY_EPITHELIUM_DEVELOPMENT,624
GOBP_KIDNEY_MESENCHYME_DEVELOPMENT,1985
GOBP_METANEPHRIC_MESENCHYME_DEVELOPMENT,1985
GOBP_NEPHRON_TUBULE_FORMATION,1986
GOBP_RENAL_VESICLE_DEVELOPMENT,783
GOBP_STEM_CELL_PROLIFERATION,1987
GOBP_REGULATION_OF_STEM_CELL_PROLIFERATION,1987
GOBP_GLOMERULAR_MESANGIUM_DEVELOPMENT,1918
GOBP_CELL_PROLIFERATION_INVOLVED_IN_KIDNEY_DEVELOPMENT,1918
GOBP_MESENCHYME_MORPHOGENESIS,776
GOBP_METANEPHRIC_TUBULE_DEVELOPMENT,783
GOBP_MESONEPHRIC_TUBULE_MORPHOGENESIS,624
GOBP_EPITHELIAL_TUBE_FORMATION,657
GOBP_NEPHRIC_DUCT_DEVELOPMENT,1988
GOBP_URETER_DEVELOPMENT,1989
GOBP_CELL_DIFFERENTIATION_INVOLVED_IN_METANEPHROS_DEVELOPMENT,783
GOBP_METANEPHRIC_EPITHELIUM_DEVELOPMENT,783
GOBP_METANEPHRIC_NEPHRON_DEVELOPMENT,783
GOBP_METANEPHRIC_GLOMERULUS_DEVELOPMENT,1990
GOBP_METANEPHRIC_NEPHRON_MORPHOGENESIS,783
GOBP_METANEPHRIC_RENAL_VESICLE_MORPHOGENESIS,783
GOBP_GLOMERULAR_EPITHELIAL_CELL_DIFFERENTIATION,1431
GOBP_MONOCARBOXYLIC_ACID_CATABOLIC_PROCESS,853
GOBP_MONOCARBOXYLIC_ACID_BIOSYNTHETIC_PROCESS,852
GOBP_SIGNAL_TRANSDUCTION_BY_P53_CLASS_MEDIATOR,1297
GOBP_INTRINSIC_APOPTOTIC_SIGNALING_PATHWAY_BY_P53_CLASS_MEDIATOR,1035
GOBP_MODIFIED_AMINO_ACID_TRANSPORT,1991
GOBP_SULFUR_COMPOUND_TRANSPORT,1021
GOBP_PROTEIN_ACTIVATION_CASCADE,1992
GOBP_ORGANELLE_TRANSPORT_ALONG_MICROTUBULE,1014
GOBP_EMBRYONIC_SKELETAL_JOINT_DEVELOPMENT,1993
GOBP_PURINE_CONTAINING_COMPOUND_BIOSYNTHETIC_PROCESS,873
GOBP_PURINE_CONTAINING_COMPOUND_CATABOLIC_PROCESS,800
GOBP_PYRIDINE_CONTAINING_COMPOUND_METABOLIC_PROCESS,284
GOBP_PYRIDINE_CONTAINING_COMPOUND_BIOSYNTHETIC_PROCESS,284
GOBP_PYRIMIDINE_CONTAINING_COMPOUND_METABOLIC_PROCESS,803
GOBP_PYRIMIDINE_CONTAINING_COMPOUND_BIOSYNTHETIC_PROCESS,1048
GOBP_PYRIMIDINE_CONTAINING_COMPOUND_CATABOLIC_PROCESS,803
GOBP_PURINE_CONTAINING_COMPOUND_TRANSMEMBRANE_TRANSPORT,889
GOBP_T_HELPER_17_TYPE_IMMUNE_RESPONSE,1994
GOBP_T_HELPER_17_CELL_DIFFERENTIATION,1994
GOBP_CHEMOKINE_C_X_C_MOTIF_LIGAND_2_PRODUCTION,1995
GOBP_LIVER_MORPHOGENESIS,1996
GOBP_ENDOTHELIAL_CELL_APOPTOTIC_PROCESS,1997
GOBP_CLATHRIN_DEPENDENT_ENDOCYTOSIS,1998
GOBP_REACTIVE_OXYGEN_SPECIES_METABOLIC_PROCESS,1999
GOBP_MAINTENANCE_OF_PROTEIN_LOCALIZATION_IN_ORGANELLE,1399
GOBP_ESTABLISHMENT_OF_PROTEIN_LOCALIZATION_TO_ENDOPLASMIC_RETICULUM,849
GOBP_PROTEIN_LOCALIZATION_TO_PLASMA_MEMBRANE,2000
GOBP_PROTEIN_LOCALIZATION_TO_VACUOLE,850
GOBP_ESTABLISHMENT_OF_PROTEIN_LOCALIZATION_TO_VACUOLE,850
GOBP_LAMELLIPODIUM_MORPHOGENESIS,2001
GOBP_LYMPHOCYTE_MIGRATION,1761
GOBP_EOSINOPHIL_MIGRATION,1760
GOBP_T_CELL_MIGRATION,1127
GOBP_MRNA_METHYLATION,1204
GOBP_REGULATION_OF_NITRIC_OXIDE_METABOLIC_PROCESS,2002
GOBP_LYTIC_VACUOLE_ORGANIZATION,2003
GOBP_HISTONE_H3_K4_TRIMETHYLATION,1214
GOBP_EXTRACELLULAR_MATRIX_ASSEMBLY,2004
GOBP_CARDIAC_MUSCLE_CELL_ACTION_POTENTIAL,613
GOBP_CARDIAC_MUSCLE_CELL_ACTION_POTENTIAL_INVOLVED_IN_CONTRACTION,613
GOBP_CARDIAC_MUSCLE_CELL_CONTRACTION,613
GOBP_VENTRICULAR_CARDIAC_MUSCLE_CELL_ACTION_POTENTIAL,613
GOBP_MEMBRANE_REPOLARIZATION,1879
GOBP_MEMBRANE_DEPOLARIZATION_DURING_ACTION_POTENTIAL,2005
GOBP_MEMBRANE_REPOLARIZATION_DURING_ACTION_POTENTIAL,1879
GOBP_MEMBRANE_DEPOLARIZATION_DURING_CARDIAC_MUSCLE_CELL_ACTION_POTENTIAL,2005
GOBP_MEMBRANE_REPOLARIZATION_DURING_CARDIAC_MUSCLE_CELL_ACTION_POTENTIAL,1879
GOBP_CELL_CELL_SIGNALING_INVOLVED_IN_CARDIAC_CONDUCTION,2006
GOBP_ATRIAL_CARDIAC_MUSCLE_CELL_TO_AV_NODE_CELL_SIGNALING,2006
GOBP_CELL_COMMUNICATION_BY_ELECTRICAL_COUPLING_INVOLVED_IN_CARDIAC_CONDUCTION,1108
GOBP_CELL_COMMUNICATION_INVOLVED_IN_CARDIAC_CONDUCTION,613
GOBP_BUNDLE_OF_HIS_CELL_TO_PURKINJE_MYOCYTE_COMMUNICATION,2007
GOBP_REGULATION_OF_HEART_RATE_BY_CARDIAC_CONDUCTION,613
GOBP_AMINO_ACID_IMPORT_ACROSS_PLASMA_MEMBRANE,342
GOBP_REGULATION_OF_NEUTROPHIL_CHEMOTAXIS,1976
GOBP_REGULATION_OF_MONOCYTE_CHEMOTAXIS,736
GOBP_POSITIVE_REGULATION_OF_MONOCYTE_CHEMOTAXIS,736
GOBP_REGULATION_OF_PROTEIN_KINASE_C_SIGNALING,1945
GOBP_TUBULIN_DEACETYLATION,2008
GOBP_REGULATION_OF_CELL_MIGRATION_INVOLVED_IN_SPROUTING_ANGIOGENESIS,685
GOBP_POSITIVE_REGULATION_OF_CELL_MIGRATION_INVOLVED_IN_SPROUTING_ANGIOGENESIS,2009
GOBP_NEGATIVE_REGULATION_OF_CELL_MIGRATION_INVOLVED_IN_SPROUTING_ANGIOGENESIS,685
GOBP_POSITIVE_REGULATION_OF_CELL_CYCLE_PROCESS,1725
GOBP_RELAXATION_OF_MUSCLE,1863
GOBP_FOAM_CELL_DIFFERENTIATION,1118
GOBP_REGULATION_OF_INCLUSION_BODY_ASSEMBLY,1957
GOBP_REGULATION_OF_PEPTIDE_TRANSPORT,754
GOBP_NEGATIVE_REGULATION_OF_CANONICAL_WNT_SIGNALING_PATHWAY,1282
GOBP_REGULATION_OF_TRANSMEMBRANE_RECEPTOR_PROTEIN_SERINE_THREONINE_KINASE_SIGNALING_PATHWAY,2010
GOBP_POSITIVE_REGULATION_OF_TRANSMEMBRANE_RECEPTOR_PROTEIN_SERINE_THREONINE_KINASE_SIGNALING_PATHWAY,2010
GOBP_NEGATIVE_REGULATION_OF_TRANSMEMBRANE_RECEPTOR_PROTEIN_SERINE_THREONINE_KINASE_SIGNALING_PATHWAY,948
GOBP_COCHLEA_DEVELOPMENT,2011
GOBP_COCHLEA_MORPHOGENESIS,2011
GOBP_COPII_COATED_VESICLE_CARGO_LOADING,901
GOBP_COPII_COATED_VESICLE_BUDDING,901
GOBP_EPITHELIAL_CELL_CELL_ADHESION,2012
GOBP_REGULATION_OF_MITOCHONDRIAL_FISSION,585
GOBP_POSITIVE_REGULATION_OF_MITOCHONDRIAL_FISSION,585
GOBP_ESTABLISHMENT_OF_PROTEIN_LOCALIZATION_TO_MEMBRANE,848
GOBP_ESTABLISHMENT_OF_PROTEIN_LOCALIZATION_TO_MITOCHONDRIAL_MEMBRANE,1830
GOBP_ESTABLISHMENT_OF_EPITHELIAL_CELL_POLARITY,1315
GOBP_REGULATION_OF_SPINDLE_ASSEMBLY,2013
GOBP_ORGANELLE_MEMBRANE_FUSION,1764
GOBP_REGULATION_OF_ESTABLISHMENT_OF_PLANAR_POLARITY,637
GOBP_REGULATION_OF_CHOLESTEROL_METABOLIC_PROCESS,1694
GOBP_REGULATION_OF_KIDNEY_DEVELOPMENT,1902
GOBP_REGULATION_OF_BRANCHING_INVOLVED_IN_URETERIC_BUD_MORPHOGENESIS,1902
GOBP_REGULATION_OF_RELEASE_OF_CYTOCHROME_C_FROM_MITOCHONDRIA,655
GOBP_POSITIVE_REGULATION_OF_RELEASE_OF_CYTOCHROME_C_FROM_MITOCHONDRIA,655
GOBP_NEGATIVE_REGULATION_OF_RELEASE_OF_CYTOCHROME_C_FROM_MITOCHONDRIA,1128
GOBP_REGULATION_OF_TRIGLYCERIDE_METABOLIC_PROCESS,1134
GOBP_POSITIVE_REGULATION_OF_TRIGLYCERIDE_METABOLIC_PROCESS,1134
GOBP_POSITIVE_REGULATION_OF_LIPID_KINASE_ACTIVITY,1641
GOBP_REGULATION_OF_SPINDLE_ORGANIZATION,2013
GOBP_REGULATION_OF_MUSCLE_SYSTEM_PROCESS,683
GOBP_POSITIVE_REGULATION_OF_CANONICAL_WNT_SIGNALING_PATHWAY,1281
GOBP_REGULATION_OF_MITOTIC_CELL_CYCLE_SPINDLE_ASSEMBLY_CHECKPOINT,2014
GOBP_REGULATION_OF_CALCIUM_ION_IMPORT,1943
GOBP_POSITIVE_REGULATION_OF_CALCIUM_ION_IMPORT,1943
GOBP_NEGATIVE_REGULATION_OF_CELLULAR_RESPONSE_TO_GROWTH_FACTOR_STIMULUS,1299
GOBP_POSITIVE_REGULATION_OF_WOUND_HEALING,1805
GOBP_NUCLEIC_ACID_PHOSPHODIESTER_BOND_HYDROLYSIS,2015
GOBP_MITOTIC_SPINDLE_ASSEMBLY,932
GOBP_REGULATION_OF_DNA_METHYLATION_DEPENDENT_HETEROCHROMATIN_ASSEMBLY,626
GOBP_REGULATION_OF_PROTEIN_DEACETYLATION,1206
GOBP_POSITIVE_REGULATION_OF_PROTEIN_DEACETYLATION,1206
GOBP_REGULATION_OF_PROTEIN_TARGETING_TO_MEMBRANE,2016
GOBP_POSITIVE_REGULATION_OF_PROTEIN_TARGETING_TO_MEMBRANE,2016
GOBP_POSITIVE_REGULATION_OF_INTRACELLULAR_PROTEIN_TRANSPORT,1387
GOBP_NEGATIVE_REGULATION_OF_INTRACELLULAR_PROTEIN_TRANSPORT,1386
GOBP_REGULATION_OF_SUPEROXIDE_METABOLIC_PROCESS,877
GOBP_REGULATION_OF_DNA_DEPENDENT_DNA_REPLICATION,804
GOBP_REGULATION_OF_PLATELET_AGGREGATION,1101
GOBP_REGULATION_OF_BROWN_FAT_CELL_DIFFERENTIATION,1814
GOBP_POSITIVE_REGULATION_OF_BROWN_FAT_CELL_DIFFERENTIATION,1814
GOBP_REGULATION_OF_CELL_AGING,992
GOBP_NEGATIVE_REGULATION_OF_CELL_AGING,2017
GOBP_PHAGOSOME_MATURATION,658
GOBP_CELLULAR_SENESCENCE,992
GOBP_REPLICATIVE_SENESCENCE,2018
GOBP_CATECHOLAMINE_UPTAKE,611
GOBP_RNA_PHOSPHODIESTER_BOND_HYDROLYSIS,2015
GOBP_RNA_PHOSPHODIESTER_BOND_HYDROLYSIS_ENDONUCLEOLYTIC,2015
GOBP_RNA_PHOSPHODIESTER_BOND_HYDROLYSIS_EXONUCLEOLYTIC,2019
GOBP_EPIBOLY,680
GOBP_SPHINGOLIPID_MEDIATED_SIGNALING_PATHWAY,2020
GOBP_REGULATION_OF_MEMBRANE_PERMEABILITY,920
GOBP_INFLAMMATORY_RESPONSE_TO_WOUNDING,2021
GOBP_SENSORY_ORGAN_MORPHOGENESIS,1783
GOBP_ACTIVATION_OF_GTPASE_ACTIVITY,1640
GOBP_WALKING_BEHAVIOR,2022
GOBP_TELOMERASE_RNA_LOCALIZATION,1931
GOBP_IMMUNOLOGICAL_MEMORY_PROCESS,2023
GOBP_REGULATION_OF_PLASMA_LIPOPROTEIN_PARTICLE_LEVELS,1489
GOBP_ENERGY_HOMEOSTASIS,2024
GOBP_DENDRITIC_CELL_DIFFERENTIATION,645
GOBP_REGULATION_OF_MEMBRANE_LIPID_DISTRIBUTION,1179
GOBP_DENDRITIC_SPINE_MAINTENANCE,2025
GOBP_RESPONSE_TO_THYROID_HORMONE,2026
GOBP_CELLULAR_RESPONSE_TO_THYROID_HORMONE_STIMULUS,2026
GOBP_CRANIOFACIAL_SUTURE_MORPHOGENESIS,2027
GOBP_RECEPTOR_LOCALIZATION_TO_SYNAPSE,1521
GOBP_NEURONAL_STEM_CELL_POPULATION_MAINTENANCE,2028
GOBP_MESENCHYMAL_CELL_APOPTOTIC_PROCESS,2029
GOBP_AMMONIUM_ION_METABOLIC_PROCESS,2030
GOBP_RUFFLE_ASSEMBLY,1346
GOBP_AMELOGENESIS,1498
GOBP_EXTRINSIC_APOPTOTIC_SIGNALING_PATHWAY,2031
GOBP_INTRINSIC_APOPTOTIC_SIGNALING_PATHWAY,2032
GOBP_EXECUTION_PHASE_OF_APOPTOSIS,2033
GOBP_ACTIVATION_OF_CYSTEINE_TYPE_ENDOPEPTIDASE_ACTIVITY,2034
GOBP_RENAL_FILTRATION,2035
GOBP_CELLULAR_RESPONSE_TO_TOXIC_SUBSTANCE,1068
GOBP_AMYLOID_BETA_CLEARANCE,2036
GOBP_RENAL_TUBULAR_SECRETION,995
GOBP_HEPATOCYTE_APOPTOTIC_PROCESS,2037
GOBP_PROGRAMMED_NECROTIC_CELL_DEATH,1146
GOBP_RESPONSE_TO_ALCOHOL,1693
GOBP_CELLULAR_RESPONSE_TO_ALCOHOL,2038
GOBP_PLASMA_MEMBRANE_TUBULATION,2039
GOBP_MITOCHONDRIAL_OUTER_MEMBRANE_PERMEABILIZATION,920
GOBP_AUTOPHAGOSOME_MATURATION,2040
GOBP_LIVER_REGENERATION,1330
GOBP_SYNAPTIC_VESICLE_LOCALIZATION,1774
GOBP_DENDRITE_EXTENSION,2041
GOBP_NEURON_PROJECTION_GUIDANCE,2042
GOBP_STRESS_RESPONSE_TO_METAL_ION,1744
GOBP_MANNOSYLATION,1516
GOBP_SIALYLATION,383
GOBP_MYELOID_LEUKOCYTE_MIGRATION,1307
GOBP_GRANULOCYTE_MIGRATION,1307
GOBP_LAMELLIPODIUM_ORGANIZATION,1105
GOBP_POTASSIUM_ION_EXPORT_ACROSS_PLASMA_MEMBRANE,1956
GOBP_RECEPTOR_SIGNALING_PATHWAY_VIA_STAT,2043
GOBP_CALCINEURIN_MEDIATED_SIGNALING,1753
GOBP_SPERM_MOTILITY,616
GOBP_CENTRIOLE_ASSEMBLY,1324
GOBP_DETECTION_OF_OTHER_ORGANISM,1065
GOBP_DETECTION_OF_EXTERNAL_BIOTIC_STIMULUS,1065
GOBP_CELLULAR_RESPONSE_TO_VIRUS,749
GOBP_ANION_TRANSMEMBRANE_TRANSPORT,881
GOBP_IMPORT_INTO_CELL,2044
GOBP_INORGANIC_ANION_TRANSMEMBRANE_TRANSPORT,881
GOBP_POSTSYNAPTIC_SPECIALIZATION_ASSEMBLY,2045
GOBP_L_GLUTAMATE_IMPORT_ACROSS_PLASMA_MEMBRANE,885
GOBP_SODIUM_ION_IMPORT_ACROSS_PLASMA_MEMBRANE,2046
GOBP_MAINTENANCE_OF_CELL_NUMBER,1504
GOBP_MACROMOLECULE_DEACYLATION,1206
GOBP_IMPORT_ACROSS_PLASMA_MEMBRANE,2044
GOBP_CELL_CELL_ADHESION_VIA_PLASMA_MEMBRANE_ADHESION_MOLECULES,943
GOBP_CELL_AGGREGATION,2047
GOBP_BONE_CELL_DEVELOPMENT,1551
GOBP_DETOXIFICATION,1068
GOBP_SKIN_EPIDERMIS_DEVELOPMENT,1593
GOBP_RESPONSE_TO_MITOCHONDRIAL_DEPOLARISATION,2048
GOBP_NCRNA_TRANSCRIPTION,1057
GOBP_REGULATION_OF_RENAL_SYSTEM_PROCESS,995
GOBP_NEUROTRANSMITTER_REUPTAKE,611
GOBP_NUCLEAR_CHROMOSOME_SEGREGATION,577
GOBP_MODULATION_OF_EXCITATORY_POSTSYNAPTIC_POTENTIAL,2049
GOBP_INTESTINAL_LIPID_ABSORPTION,1659
GOBP_BONE_GROWTH,788
GOBP_CELLULAR_OXIDANT_DETOXIFICATION,1068
GOBP_VESICLE_MEDIATED_TRANSPORT_TO_THE_PLASMA_MEMBRANE,1393
GOBP_NEUROTRANSMITTER_RECEPTOR_TRANSPORT_TO_PLASMA_MEMBRANE,2050
GOBP_REGULATION_OF_ACTION_POTENTIAL,2051
GOBP_REGULATION_OF_CARDIAC_MUSCLE_CELL_ACTION_POTENTIAL,2051
GOBP_POSTSYNAPTIC_SIGNAL_TRANSDUCTION,957
GOBP_VESICLE_MEDIATED_TRANSPORT_BETWEEN_ENDOSOMAL_COMPARTMENTS,2052
GOBP_AXONAL_TRANSPORT,1014
GOBP_REGULATION_OF_POSTSYNAPTIC_NEUROTRANSMITTER_RECEPTOR_ACTIVITY,2053
GOBP_VESICLE_MEDIATED_TRANSPORT_IN_SYNAPSE,612
GOBP_POSTSYNAPSE_ASSEMBLY,2045
GOBP_REGULATION_OF_POSTSYNAPTIC_MEMBRANE_NEUROTRANSMITTER_RECEPTOR_LEVELS,1521
GOBP_POSTSYNAPTIC_SPECIALIZATION_ORGANIZATION,2045
GOBP_MICROTUBULE_BASED_TRANSPORT,1014
GOBP_TRNA_5_END_PROCESSING,609
GOBP_PRESYNAPSE_ORGANIZATION,2054
GOBP_POSTSYNAPSE_ORGANIZATION,1911
GOBP_REGULATION_OF_PRESYNAPSE_ORGANIZATION,2054
GOBP_REGULATION_OF_POSTSYNAPSE_ORGANIZATION,1911
GOBP_VESICLE_FUSION_TO_PLASMA_MEMBRANE,1775
GOBP_REGULATION_OF_PRESYNAPTIC_CYTOSOLIC_CALCIUM_ION_CONCENTRATION,1927
GOBP_SYNAPTIC_VESICLE_CYTOSKELETAL_TRANSPORT,1774
GOBP_ACTIN_FILAMENT_BASED_TRANSPORT,2055
GOBP_VESICLE_CYTOSKELETAL_TRAFFICKING,1014
GOBP_MAINTENANCE_OF_SYNAPSE_STRUCTURE,1484
GOBP_SYNAPTIC_MEMBRANE_ADHESION,2056
GOBP_MODIFICATION_OF_SYNAPTIC_STRUCTURE,2057
GOBP_CHEMICAL_SYNAPTIC_TRANSMISSION_POSTSYNAPTIC,1874
GOBP_INORGANIC_ION_IMPORT_ACROSS_PLASMA_MEMBRANE,2044
GOBP_NEUROTRANSMITTER_RECEPTOR_INTERNALIZATION,2058
GOBP_REGULATION_OF_NEUROTRANSMITTER_RECEPTOR_ACTIVITY,2059
GOBP_CARDIAC_MUSCLE_CELL_MEMBRANE_REPOLARIZATION,1879
GOBP_REGULATION_OF_CARDIAC_MUSCLE_CELL_MEMBRANE_REPOLARIZATION,1879
GOBP_VENTRICULAR_CARDIAC_MUSCLE_CELL_MEMBRANE_REPOLARIZATION,1879
GOBP_NEUROTRANSMITTER_RECEPTOR_TRANSPORT,2050
GOBP_NEUROTRANSMITTER_RECEPTOR_LOCALIZATION_TO_POSTSYNAPTIC_SPECIALIZATION_MEMBRANE,2060
GOBP_VASCULAR_ENDOTHELIAL_CELL_PROLIFERATION,2061
GOBP_NEURON_PROJECTION_ORGANIZATION,1911
GOBP_REGULATION_OF_CALCINEURIN_MEDIATED_SIGNALING,1753
GOBP_NEGATIVE_REGULATION_OF_CALCINEURIN_MEDIATED_SIGNALING,1808
GOBP_POSITIVE_REGULATION_OF_CALCINEURIN_MEDIATED_SIGNALING,1753
GOBP_REGULATION_OF_ACTOMYOSIN_STRUCTURE_ORGANIZATION,1325
GOBP_REGULATION_OF_ACTIN_FILAMENT_ORGANIZATION,1016
GOBP_POSITIVE_REGULATION_OF_ANIMAL_ORGAN_MORPHOGENESIS,641
GOBP_BIOMINERALIZATION,1291
GOBP_REGULATION_OF_BIOMINERALIZATION,1291
GOBP_NEGATIVE_REGULATION_OF_BIOMINERALIZATION,1292
GOBP_POSITIVE_REGULATION_OF_BIOMINERALIZATION,1291
GOBP_RNA_DECAPPING,2062
GOBP_INTERMEMBRANE_LIPID_TRANSFER,2063
GOBP_NEGATIVE_REGULATION_OF_PLASMA_MEMBRANE_BOUNDED_CELL_PROJECTION_ASSEMBLY,2064
GOBP_POSITIVE_REGULATION_OF_PLASMA_MEMBRANE_BOUNDED_CELL_PROJECTION_ASSEMBLY,1892
GOBP_POSITIVE_REGULATION_OF_COLD_INDUCED_THERMOGENESIS,625
GOBP_NEGATIVE_REGULATION_OF_COLD_INDUCED_THERMOGENESIS,2065
GOBP_STEROID_HORMONE_BIOSYNTHETIC_PROCESS,866
GOBP_TIGHT_JUNCTION_ORGANIZATION,931
GOBP_OLEFINIC_COMPOUND_METABOLIC_PROCESS,869
GOBP_OLEFINIC_COMPOUND_BIOSYNTHETIC_PROCESS,866
GOBP_SPERM_FLAGELLUM_ASSEMBLY,1669
GOBP_MITOTIC_NUCLEAR_DIVISION,577
GOBP_EXOCYTIC_PROCESS,903
GOBP_MITOCHONDRIAL_GENE_EXPRESSION,1402
GOBP_NEURON_PROJECTION_ARBORIZATION,2066
GOBP_EXTRACELLULAR_VESICLE_BIOGENESIS,2067
GOBP_EXPORT_ACROSS_PLASMA_MEMBRANE,1956
GOBP_POSITIVE_REGULATION_OF_LYMPHOCYTE_CHEMOTAXIS,1127
GOBP_PRESYNAPTIC_ENDOCYTOSIS,1562
GOBP_LIPID_EXPORT_FROM_CELL,1545
GOBP_LIPID_IMPORT_INTO_CELL,2068
GOBP_ANTIVIRAL_INNATE_IMMUNE_RESPONSE,2069
GOBP_SIGNALING_RECEPTOR_LIGAND_PRECURSOR_PROCESSING,2070
GOBP_INTEGRATED_STRESS_RESPONSE_SIGNALING,915
GOBP_DEFENSE_RESPONSE_TO_SYMBIONT,2071
GOBP_INFLAMMASOME_COMPLEX_ASSEMBLY,2072
GOBP_FACULTATIVE_HETEROCHROMATIN_ASSEMBLY,626
GOBP_REGULATION_OF_NEURON_PROJECTION_ARBORIZATION,2066
GOBP_NEUROINFLAMMATORY_RESPONSE,646
GOBP_PROTEIN_LOCALIZATION_TO_CELL_CELL_JUNCTION,2073
GOBP_CELL_SUBSTRATE_JUNCTION_ORGANIZATION,670
GOBP_REGULATION_OF_CELL_SUBSTRATE_JUNCTION_ORGANIZATION,670
GOBP_POSITIVE_REGULATION_OF_CELL_SUBSTRATE_JUNCTION_ORGANIZATION,672
GOBP_NEGATIVE_REGULATION_OF_CELL_SUBSTRATE_JUNCTION_ORGANIZATION,671
GOBP_CELL_JUNCTION_DISASSEMBLY,2074
GOBP_POSITIVE_REGULATION_OF_DENDRITE_DEVELOPMENT,2075
GOBP_NEGATIVE_REGULATION_OF_CYTOKINE_PRODUCTION_INVOLVED_IN_INFLAMMATORY_RESPONSE,734
GOBP_POSITIVE_REGULATION_OF_CYTOKINE_PRODUCTION_INVOLVED_IN_INFLAMMATORY_RESPONSE,2076
GOBP_REGULATION_OF_SUBSTRATE_ADHESION_DEPENDENT_CELL_SPREADING,1123
GOBP_POSITIVE_REGULATION_OF_SUBSTRATE_ADHESION_DEPENDENT_CELL_SPREADING,1123
GOBP_REGULATION_OF_RUFFLE_ASSEMBLY,1346
GOBP_REGULATION_OF_CELLULAR_RESPONSE_TO_HEAT,2077
GOBP_REGULATION_OF_PROTEIN_K63_LINKED_UBIQUITINATION,2078
GOBP_REGULATION_OF_CELLULAR_RESPONSE_TO_INSULIN_STIMULUS,1738
GOBP_NEGATIVE_REGULATION_OF_CELLULAR_RESPONSE_TO_INSULIN_STIMULUS,1738
GOBP_POSITIVE_REGULATION_OF_CELLULAR_RESPONSE_TO_INSULIN_STIMULUS,2079
GOBP_POSITIVE_REGULATION_OF_G1_S_TRANSITION_OF_MITOTIC_CELL_CYCLE,1725
GOBP_REGULATION_OF_ENDOPLASMIC_RETICULUM_UNFOLDED_PROTEIN_RESPONSE,1566
GOBP_REGULATION_OF_EXECUTION_PHASE_OF_APOPTOSIS,2033
GOBP_REGULATION_OF_RECEPTOR_BINDING,2080
GOBP_REGULATION_OF_NUCLEAR_TRANSCRIBED_MRNA_CATABOLIC_PROCESS_DEADENYLATION_DEPENDENT_DECAY,2081
GOBP_POSITIVE_REGULATION_OF_NUCLEAR_TRANSCRIBED_MRNA_CATABOLIC_PROCESS_DEADENYLATION_DEPENDENT_DECAY,2081
GOBP_REGULATION_OF_PROTEIN_LOCALIZATION_TO_NUCLEUS,1748
GOBP_NEGATIVE_REGULATION_OF_PROTEIN_LOCALIZATION_TO_NUCLEUS,2082
GOBP_POSITIVE_REGULATION_OF_PROTEIN_LOCALIZATION_TO_NUCLEUS,1748
GOBP_REGULATION_OF_AMYLOID_BETA_CLEARANCE,2036
GOBP_REGULATION_OF_LONG_TERM_SYNAPTIC_POTENTIATION,2083
GOBP_POSITIVE_REGULATION_OF_LONG_TERM_SYNAPTIC_POTENTIATION,2083
GOBP_REGULATION_OF_PHOSPHOLIPASE_C_ACTIVITY,954
GOBP_REGULATION_OF_MRNA_POLYADENYLATION,1334
GOBP_REGULATION_OF_DEFENSE_RESPONSE_TO_BACTERIUM,2084
GOBP_REGULATION_OF_P38MAPK_CASCADE,1570
GOBP_POSITIVE_REGULATION_OF_P38MAPK_CASCADE,1570
GOBP_REGULATION_OF_POTASSIUM_ION_TRANSMEMBRANE_TRANSPORTER_ACTIVITY,879
GOBP_POSITIVE_REGULATION_OF_POTASSIUM_ION_TRANSMEMBRANE_TRANSPORTER_ACTIVITY,1623
GOBP_REGULATION_OF_CALCIUM_ION_TRANSMEMBRANE_TRANSPORTER_ACTIVITY,1097
GOBP_POSITIVE_REGULATION_OF_CALCIUM_ION_TRANSMEMBRANE_TRANSPORTER_ACTIVITY,1099
GOBP_REGULATION_OF_MITOCHONDRIAL_OUTER_MEMBRANE_PERMEABILIZATION_INVOLVED_IN_APOPTOTIC_SIGNALING_PATHWAY,920
GOBP_REGULATION_OF_RESPONSE_TO_REACTIVE_OXYGEN_SPECIES,1564
GOBP_NEGATIVE_REGULATION_OF_RESPONSE_TO_REACTIVE_OXYGEN_SPECIES,1564
GOBP_GLUCOSAMINE_CONTAINING_COMPOUND_METABOLIC_PROCESS,792
GOBP_REGULATION_OF_AUTOPHAGOSOME_MATURATION,2085
GOBP_NEGATIVE_REGULATION_OF_SIGNAL_TRANSDUCTION_IN_ABSENCE_OF_LIGAND,1567
GOBP_CARBOHYDRATE_DERIVATIVE_CATABOLIC_PROCESS,2086
GOBP_REGULATION_OF_ERBB_SIGNALING_PATHWAY,1573
GOBP_NEGATIVE_REGULATION_OF_ERBB_SIGNALING_PATHWAY,2087
GOBP_POSITIVE_REGULATION_OF_ERBB_SIGNALING_PATHWAY,1573
GOBP_REGULATION_OF_EXTRACELLULAR_MATRIX_ASSEMBLY,2004
GOBP_NEGATIVE_REGULATION_OF_NEURON_DEATH,1638
GOBP_POSITIVE_REGULATION_OF_NEURON_DEATH,1639
GOBP_REGULATION_OF_NIK_NF_KAPPAB_SIGNALING,1568
GOBP_NEGATIVE_REGULATION_OF_NIK_NF_KAPPAB_SIGNALING,2088
GOBP_POSITIVE_REGULATION_OF_NIK_NF_KAPPAB_SIGNALING,1568
GOBP_CARBOHYDRATE_DERIVATIVE_TRANSPORT,2089
GOBP_NUCLEOSIDE_PHOSPHATE_CATABOLIC_PROCESS,800
GOBP_NUCLEOSIDE_PHOSPHATE_BIOSYNTHETIC_PROCESS,873
GOBP_REGULATION_OF_FLAGELLATED_SPERM_MOTILITY,784
GOBP_NEGATIVE_REGULATION_OF_VASCULATURE_DEVELOPMENT,2090
GOBP_NEGATIVE_REGULATION_OF_POTASSIUM_ION_TRANSMEMBRANE_TRANSPORT,1622
GOBP_REGULATION_OF_VOLTAGE_GATED_CALCIUM_CHANNEL_ACTIVITY,2091
GOBP_POSITIVE_REGULATION_OF_TRANSCRIPTION_FROM_RNA_POLYMERASE_II_PROMOTER_INVOLVED_IN_CELLULAR_RESPONSE_TO_CHEMICAL_STIMULUS,2092
GOBP_REGULATION_OF_HEMATOPOIETIC_PROGENITOR_CELL_DIFFERENTIATION,1878
GOBP_REGULATION_OF_ENDOTHELIAL_CELL_DEVELOPMENT,1697
GOBP_FATTY_ACID_DERIVATIVE_METABOLIC_PROCESS,489
GOBP_FATTY_ACID_DERIVATIVE_CATABOLIC_PROCESS,2093
GOBP_FATTY_ACID_DERIVATIVE_BIOSYNTHETIC_PROCESS,489
GOBP_ALPHA_AMINO_ACID_METABOLIC_PROCESS,838
GOBP_ALPHA_AMINO_ACID_CATABOLIC_PROCESS,838
GOBP_ORGANIC_HYDROXY_COMPOUND_CATABOLIC_PROCESS,1730
GOBP_ORGANIC_HYDROXY_COMPOUND_BIOSYNTHETIC_PROCESS,1731
GOBP_REGULATION_OF_LYMPHOCYTE_CHEMOTAXIS,1127
GOBP_RESPONSE_TO_KETONE,2038
GOBP_CELLULAR_RESPONSE_TO_KETONE,2038
GOBP_GLYCOSYL_COMPOUND_METABOLIC_PROCESS,1044
GOBP_GLYCOSYL_COMPOUND_CATABOLIC_PROCESS,802
GOBP_GLYCOSYL_COMPOUND_BIOSYNTHETIC_PROCESS,2094
GOBP_QUINONE_METABOLIC_PROCESS,872
GOBP_REGULATION_OF_MITOTIC_SPINDLE_ASSEMBLY,2013
GOBP_NUCLEOTIDE_TRANSMEMBRANE_TRANSPORT,889
GOBP_REGULATION_OF_MYOBLAST_FUSION,909
GOBP_REGULATION_OF_SIGNAL_TRANSDUCTION_BY_P53_CLASS_MEDIATOR,1297
GOBP_NEGATIVE_REGULATION_OF_SIGNAL_TRANSDUCTION_BY_P53_CLASS_MEDIATOR,2095
GOBP_POSITIVE_REGULATION_OF_SIGNAL_TRANSDUCTION_BY_P53_CLASS_MEDIATOR,2096
GOBP_NEGATIVE_REGULATION_OF_PROTEASOMAL_PROTEIN_CATABOLIC_PROCESS,1392
GOBP_POSITIVE_REGULATION_OF_MUSCLE_TISSUE_DEVELOPMENT,1784
GOBP_REGULATION_OF_PROTEIN_DEPOLYMERIZATION,1277
GOBP_POSITIVE_REGULATION_OF_PROTEIN_DEPOLYMERIZATION,1620
GOBP_REGULATION_OF_CELL_JUNCTION_ASSEMBLY,984
GOBP_NEGATIVE_REGULATION_OF_CELL_JUNCTION_ASSEMBLY,671
GOBP_POSITIVE_REGULATION_OF_CELL_JUNCTION_ASSEMBLY,984
GOBP_REGULATION_OF_CELL_CYCLE_CHECKPOINT,2014
GOBP_REGULATION_OF_PROTEIN_ACETYLATION,1508
GOBP_NEGATIVE_REGULATION_OF_PROTEIN_ACETYLATION,1509
GOBP_POSITIVE_REGULATION_OF_PROTEIN_ACETYLATION,1508
GOBP_NEGATIVE_REGULATION_OF_CELL_CYCLE_PHASE_TRANSITION,578
GOBP_POSITIVE_REGULATION_OF_CELL_CYCLE_PHASE_TRANSITION,1725
GOBP_NEGATIVE_REGULATION_OF_MITOTIC_CELL_CYCLE_PHASE_TRANSITION,578
GOBP_POSITIVE_REGULATION_OF_MITOTIC_CELL_CYCLE_PHASE_TRANSITION,1725
GOBP_TOXIN_TRANSPORT,2097
GOBP_FATTY_ACID_TRANSMEMBRANE_TRANSPORT,2068
GOBP_POSITIVE_REGULATION_OF_AMYLOID_BETA_FORMATION,2098
GOBP_REGULATION_OF_CILIUM_ASSEMBLY,2099
GOBP_NEGATIVE_REGULATION_OF_CILIUM_ASSEMBLY,2064
GOBP_REGULATION_OF_CILIUM_DEPENDENT_CELL_MOTILITY,784
GOBP_REGULATION_OF_HEMATOPOIETIC_STEM_CELL_DIFFERENTIATION,1878
GOBP_REGULATION_OF_EXTRINSIC_APOPTOTIC_SIGNALING_PATHWAY_VIA_DEATH_DOMAIN_RECEPTORS,1034
GOBP_NEGATIVE_REGULATION_OF_EXTRINSIC_APOPTOTIC_SIGNALING_PATHWAY_VIA_DEATH_DOMAIN_RECEPTORS,1034
GOBP_RESPONSE_TO_SALT,2100
GOBP_NEGATIVE_REGULATION_OF_METAPHASE_ANAPHASE_TRANSITION_OF_CELL_CYCLE,1443
GOBP_POSITIVE_REGULATION_OF_METAPHASE_ANAPHASE_TRANSITION_OF_CELL_CYCLE,2101
GOBP_REGULATION_OF_LEUKOCYTE_DIFFERENTIATION,1287
GOBP_REGULATION_OF_MITOCHONDRIAL_MEMBRANE_PERMEABILITY_INVOLVED_IN_APOPTOTIC_PROCESS,920
GOBP_REGULATION_OF_ORGANELLE_ASSEMBLY,2099
GOBP_NEGATIVE_REGULATION_OF_ORGANELLE_ASSEMBLY,2064
GOBP_POSITIVE_REGULATION_OF_ORGANELLE_ASSEMBLY,1707
GOBP_REGULATION_OF_INTRINSIC_APOPTOTIC_SIGNALING_PATHWAY_IN_RESPONSE_TO_DNA_DAMAGE_BY_P53_CLASS_MEDIATOR,2095
GOBP_CELLULAR_RESPONSE_TO_REACTIVE_NITROGEN_SPECIES,1979
GOBP_REGULATION_OF_OXIDATIVE_STRESS_INDUCED_INTRINSIC_APOPTOTIC_SIGNALING_PATHWAY,1036
GOBP_NEGATIVE_REGULATION_OF_OXIDATIVE_STRESS_INDUCED_INTRINSIC_APOPTOTIC_SIGNALING_PATHWAY,1036
GOBP_REGULATION_OF_INTRINSIC_APOPTOTIC_SIGNALING_PATHWAY_IN_RESPONSE_TO_DNA_DAMAGE,2095
GOBP_NEGATIVE_REGULATION_OF_INTRINSIC_APOPTOTIC_SIGNALING_PATHWAY_IN_RESPONSE_TO_DNA_DAMAGE,2095
GOBP_REGULATION_OF_ENDOPLASMIC_RETICULUM_STRESS_INDUCED_INTRINSIC_APOPTOTIC_SIGNALING_PATHWAY,1928
GOBP_NEGATIVE_REGULATION_OF_ENDOPLASMIC_RETICULUM_STRESS_INDUCED_INTRINSIC_APOPTOTIC_SIGNALING_PATHWAY,1928
GOBP_REGULATION_OF_INTRINSIC_APOPTOTIC_SIGNALING_PATHWAY_BY_P53_CLASS_MEDIATOR,2095
GOBP_NEGATIVE_REGULATION_OF_INTRINSIC_APOPTOTIC_SIGNALING_PATHWAY_BY_P53_CLASS_MEDIATOR,2095
GOBP_REGULATION_OF_DELAYED_RECTIFIER_POTASSIUM_CHANNEL_ACTIVITY,1622
GOBP_REGULATION_OF_CHROMATIN_ORGANIZATION,626
GOBP_NEURON_PROJECTION_EXTENSION_INVOLVED_IN_NEURON_PROJECTION_GUIDANCE,1301
GOBP_SEMAPHORIN_PLEXIN_SIGNALING_PATHWAY_INVOLVED_IN_NEURON_PROJECTION_GUIDANCE,1972
GOBP_REGULATION_OF_SODIUM_ION_TRANSMEMBRANE_TRANSPORT,684
GOBP_POSITIVE_REGULATION_OF_SODIUM_ION_TRANSMEMBRANE_TRANSPORT,1121
GOBP_NEGATIVE_REGULATION_OF_RNA_CATABOLIC_PROCESS,1633
GOBP_NEGATIVE_REGULATION_OF_MRNA_CATABOLIC_PROCESS,1633
GOBP_MITOTIC_CYTOKINETIC_PROCESS,648
GOBP_PROTEIN_LOCALIZATION_TO_CELL_JUNCTION,1521
GOBP_REGULATION_OF_PROTEIN_LOCALIZATION_TO_SYNAPSE,2060
GOBP_L_ALPHA_AMINO_ACID_TRANSMEMBRANE_TRANSPORT,342
GOBP_CHLORIDE_TRANSMEMBRANE_TRANSPORT,881
GOBP_REGULATION_OF_CELLULAR_RESPONSE_TO_VASCULAR_ENDOTHELIAL_GROWTH_FACTOR_STIMULUS,1544
GOBP_PROTON_TRANSMEMBRANE_TRANSPORT,2102
GOBP_REGULATION_OF_NEUTROPHIL_MIGRATION,1976
GOBP_POSITIVE_REGULATION_OF_NEUTROPHIL_MIGRATION,1976
GOBP_TERTIARY_ALCOHOL_METABOLIC_PROCESS,867
GOBP_SECONDARY_ALCOHOL_METABOLIC_PROCESS,1191
GOBP_CALCIUM_ION_IMPORT_INTO_CYTOSOL,2103
GOBP_REGULATION_OF_RECEPTOR_LOCALIZATION_TO_SYNAPSE,2060
GOBP_MITOCHONDRIAL_OUTER_MEMBRANE_PERMEABILIZATION_INVOLVED_IN_PROGRAMMED_CELL_DEATH,920
GOBP_REGULATION_OF_NEUROBLAST_PROLIFERATION,687
GOBP_APOPTOTIC_PROCESS_INVOLVED_IN_DEVELOPMENT,1894
GOBP_REGULATION_OF_LAMELLIPODIUM_ORGANIZATION,1105
GOBP_POSITIVE_REGULATION_OF_LAMELLIPODIUM_ORGANIZATION,1105
GOBP_REGULATION_OF_CELL_CYCLE_G2_M_PHASE_TRANSITION,937
GOBP_NEGATIVE_REGULATION_OF_CELL_CYCLE_G2_M_PHASE_TRANSITION,937
GOBP_POSITIVE_REGULATION_OF_CELL_CYCLE_G2_M_PHASE_TRANSITION,2104
GOBP_LATE_ENDOSOME_TO_LYSOSOME_TRANSPORT,648
GOBP_REGULATION_OF_CELL_CYCLE_G1_S_PHASE_TRANSITION,1675
GOBP_NEGATIVE_REGULATION_OF_CELL_CYCLE_G1_S_PHASE_TRANSITION,1675
GOBP_POSITIVE_REGULATION_OF_CELL_CYCLE_G1_S_PHASE_TRANSITION,1725
GOBP_MICROTUBULE_CYTOSKELETON_ORGANIZATION_INVOLVED_IN_MITOSIS,932
GOBP_REGULATION_OF_RESPONSE_TO_OXIDATIVE_STRESS,1563
GOBP_NEGATIVE_REGULATION_OF_RESPONSE_TO_OXIDATIVE_STRESS,1564
GOBP_REGULATION_OF_MIRNA_TRANSCRIPTION,2105
GOBP_NEGATIVE_REGULATION_OF_MIRNA_TRANSCRIPTION,2106
GOBP_POSITIVE_REGULATION_OF_MIRNA_TRANSCRIPTION,2105
GOBP_NEGATIVE_REGULATION_OF_AUTOPHAGOSOME_ASSEMBLY,1196
GOBP_NEGATIVE_REGULATION_OF_SUPRAMOLECULAR_FIBER_ORGANIZATION,1277
GOBP_POSITIVE_REGULATION_OF_SUPRAMOLECULAR_FIBER_ORGANIZATION,1310
GOBP_REGULATION_OF_PROTEIN_POLYUBIQUITINATION,2078
GOBP_POSITIVE_REGULATION_OF_PROTEIN_POLYUBIQUITINATION,2078
GOBP_REGULATION_OF_ALCOHOL_BIOSYNTHETIC_PROCESS,1141
GOBP_POSITIVE_REGULATION_OF_ALCOHOL_BIOSYNTHETIC_PROCESS,1141
GOBP_REGULATION_OF_AMYLOID_PRECURSOR_PROTEIN_CATABOLIC_PROCESS,1478
GOBP_NEGATIVE_REGULATION_OF_AMYLOID_PRECURSOR_PROTEIN_CATABOLIC_PROCESS,1478
GOBP_POSITIVE_REGULATION_OF_AMYLOID_PRECURSOR_PROTEIN_CATABOLIC_PROCESS,2098
GOBP_ORGANELLE_DISASSEMBLY,596
GOBP_REGULATION_OF_GLYCOPROTEIN_METABOLIC_PROCESS,1612
GOBP_NEGATIVE_REGULATION_OF_GLYCOPROTEIN_METABOLIC_PROCESS,1612
GOBP_POSITIVE_REGULATION_OF_GLYCOPROTEIN_METABOLIC_PROCESS,1870
GOBP_REGULATION_OF_RESPONSE_TO_WOUNDING,1804
GOBP_NEGATIVE_REGULATION_OF_RESPONSE_TO_WOUNDING,1804
GOBP_POSITIVE_REGULATION_OF_RESPONSE_TO_WOUNDING,1805
GOBP_NEGATIVE_REGULATION_OF_LEUKOCYTE_CELL_CELL_ADHESION,1265
GOBP_POSITIVE_REGULATION_OF_LEUKOCYTE_CELL_CELL_ADHESION,1266
GOBP_MEIOTIC_CELL_CYCLE_PROCESS,940
GOBP_NEGATIVE_REGULATION_OF_PROTEOLYSIS_INVOLVED_IN_CELLULAR_PROTEIN_CATABOLIC_PROCESS,1392
GOBP_POSITIVE_REGULATION_OF_PROTEOLYSIS_INVOLVED_IN_CELLULAR_PROTEIN_CATABOLIC_PROCESS,1391
GOBP_REGULATION_OF_EXTRACELLULAR_MATRIX_ORGANIZATION,2107
GOBP_POSITIVE_REGULATION_OF_EXTRACELLULAR_MATRIX_ORGANIZATION,2107
GOBP_REGULATION_OF_PROTEIN_LOCALIZATION_TO_PLASMA_MEMBRANE,2108
GOBP_PROTEIN_LOCALIZATION_TO_CONDENSED_CHROMOSOME,1971
GOBP_REGULATION_OF_ACTIN_FILAMENT_BASED_MOVEMENT,2051
GOBP_REGULATION_OF_AUTOPHAGY_OF_MITOCHONDRION,596
GOBP_REGULATION_OF_CALCIUM_ION_TRANSMEMBRANE_TRANSPORT,1097
GOBP_NEGATIVE_REGULATION_OF_CALCIUM_ION_TRANSMEMBRANE_TRANSPORT,1389
GOBP_REGULATION_OF_OXIDATIVE_STRESS_INDUCED_CELL_DEATH,1563
GOBP_NEGATIVE_REGULATION_OF_OXIDATIVE_STRESS_INDUCED_CELL_DEATH,1563
GOBP_NEGATIVE_REGULATION_OF_OXIDATIVE_STRESS_INDUCED_NEURON_DEATH,1565
GOBP_POSITIVE_REGULATION_OF_OXIDATIVE_STRESS_INDUCED_CELL_DEATH,2109
GOBP_REGULATION_OF_LEUKOCYTE_TETHERING_OR_ROLLING,1817
GOBP_REGULATION_OF_REGULATED_SECRETORY_PATHWAY,612
GOBP_NEGATIVE_REGULATION_OF_REGULATED_SECRETORY_PATHWAY,1723
GOBP_POSITIVE_REGULATION_OF_REGULATED_SECRETORY_PATHWAY,1724
GOBP_REGULATION_OF_MRNA_METABOLIC_PROCESS,589
GOBP_NEGATIVE_REGULATION_OF_MRNA_METABOLIC_PROCESS,1633
GOBP_POSITIVE_REGULATION_OF_MRNA_METABOLIC_PROCESS,589
GOBP_REGULATION_OF_PROTEIN_MATURATION,2110
GOBP_NEGATIVE_REGULATION_OF_PROTEIN_MATURATION,2110
GOBP_POSITIVE_REGULATION_OF_PROTEIN_MATURATION,2111
GOBP_REGULATION_OF_PROTEIN_MODIFICATION_BY_SMALL_PROTEIN_CONJUGATION_OR_REMOVAL,2112
GOBP_NEGATIVE_REGULATION_OF_PROTEIN_MODIFICATION_BY_SMALL_PROTEIN_CONJUGATION_OR_REMOVAL,2113
GOBP_POSITIVE_REGULATION_OF_PROTEIN_MODIFICATION_BY_SMALL_PROTEIN_CONJUGATION_OR_REMOVAL,2112
GOBP_RESPONSE_TO_DOPAMINE,956
GOBP_REGULATION_OF_GOLGI_ORGANIZATION,2114
GOBP_REGULATION_OF_CELLULAR_PROTEIN_CATABOLIC_PROCESS,1391
GOBP_NEGATIVE_REGULATION_OF_CELLULAR_PROTEIN_CATABOLIC_PROCESS,1392
GOBP_POSITIVE_REGULATION_OF_CELLULAR_PROTEIN_CATABOLIC_PROCESS,1391
GOBP_REACTIVE_OXYGEN_SPECIES_BIOSYNTHETIC_PROCESS,2115
GOBP_REGULATION_OF_SYNAPTIC_VESICLE_RECYCLING,2116
GOBP_REGULATION_OF_REACTIVE_OXYGEN_SPECIES_BIOSYNTHETIC_PROCESS,2115
GOBP_NEGATIVE_REGULATION_OF_REACTIVE_OXYGEN_SPECIES_BIOSYNTHETIC_PROCESS,2117
GOBP_POSITIVE_REGULATION_OF_REACTIVE_OXYGEN_SPECIES_BIOSYNTHETIC_PROCESS,2115
GOBP_REGULATION_OF_CELL_MATURATION,2118
GOBP_PROTEIN_LOCALIZATION_TO_CILIARY_MEMBRANE,2119
GOBP_LIPOSACCHARIDE_METABOLIC_PROCESS,863
GOBP_MUCOPOLYSACCHARIDE_METABOLIC_PROCESS,246
GOBP_ENDOPLASMIC_RETICULUM_TO_CYTOSOL_TRANSPORT,1401
GOBP_RELEASE_OF_SEQUESTERED_CALCIUM_ION_INTO_CYTOSOL_BY_ENDOPLASMIC_RETICULUM,1137
GOBP_REGULATION_OF_BLOOD_CIRCULATION,683
GOBP_NEGATIVE_REGULATION_OF_BLOOD_CIRCULATION,2120
GOBP_POSITIVE_REGULATION_OF_BLOOD_CIRCULATION,1091
GOBP_REGULATION_OF_PROTEIN_TARGETING,2121
GOBP_REGULATION_OF_EXOSOMAL_SECRETION,2067
GOBP_POSITIVE_REGULATION_OF_EXOSOMAL_SECRETION,2067
GOBP_NEGATIVE_REGULATION_OF_TUMOR_NECROSIS_FACTOR_SUPERFAMILY_CYTOKINE_PRODUCTION,1423
GOBP_POSITIVE_REGULATION_OF_TUMOR_NECROSIS_FACTOR_SUPERFAMILY_CYTOKINE_PRODUCTION,1415
GOBP_NEGATIVE_REGULATION_OF_RESPONSE_TO_ENDOPLASMIC_RETICULUM_STRESS,1928
GOBP_REGULATION_OF_ATP_METABOLIC_PROCESS,797
GOBP_NEGATIVE_REGULATION_OF_ATP_METABOLIC_PROCESS,1728
GOBP_POSITIVE_REGULATION_OF_ATP_METABOLIC_PROCESS,1717
GOBP_REGULATION_OF_CYTOPLASMIC_TRANSPORT,2052
GOBP_REGULATION_OF_SPROUTING_ANGIOGENESIS,2122
GOBP_POSITIVE_REGULATION_OF_SPROUTING_ANGIOGENESIS,2122
GOBP_NEGATIVE_REGULATION_OF_HEMOPOIESIS,1627
GOBP_POSITIVE_REGULATION_OF_HEMOPOIESIS,1287
GOBP_REGULATION_OF_AEROBIC_RESPIRATION,694
GOBP_REGULATION_OF_PHOSPHOLIPID_METABOLIC_PROCESS,1963
GOBP_REGULATION_OF_ESTABLISHMENT_OF_PROTEIN_LOCALIZATION_TO_MITOCHONDRION,2121
GOBP_POSITIVE_REGULATION_OF_ESTABLISHMENT_OF_PROTEIN_LOCALIZATION_TO_MITOCHONDRION,2121
GOBP_REGULATION_OF_CARDIAC_CONDUCTION,2123
GOBP_NEGATIVE_REGULATION_OF_ANION_TRANSPORT,1434
GOBP_POSITIVE_REGULATION_OF_ANION_TRANSPORT,1433
GOBP_POSITIVE_REGULATION_OF_VOLTAGE_GATED_POTASSIUM_CHANNEL_ACTIVITY,1623
GOBP_ORGANIC_ACID_TRANSMEMBRANE_TRANSPORT,342
GOBP_NEGATIVE_REGULATION_OF_PROTEIN_LOCALIZATION,2124
GOBP_REGULATION_OF_CELLULAR_RESPONSE_TO_TRANSFORMING_GROWTH_FACTOR_BETA_STIMULUS,948
GOBP_POSITIVE_REGULATION_OF_CELLULAR_RESPONSE_TO_TRANSFORMING_GROWTH_FACTOR_BETA_STIMULUS,2125
GOBP_REGULATION_OF_DENDRITE_EXTENSION,2041
GOBP_NEGATIVE_REGULATION_OF_VIRAL_LIFE_CYCLE,1649
GOBP_POSITIVE_REGULATION_OF_VIRAL_LIFE_CYCLE,2126
GOBP_REGULATION_OF_ANION_TRANSMEMBRANE_TRANSPORT,2127
GOBP_REGULATION_OF_MICROGLIAL_CELL_ACTIVATION,646
GOBP_POSITIVE_REGULATION_OF_VASCULATURE_DEVELOPMENT,2128
GOBP_EPITHELIAL_CELL_APOPTOTIC_PROCESS,1997
GOBP_REGULATION_OF_CYCLIN_DEPENDENT_PROTEIN_KINASE_ACTIVITY,2129
GOBP_POSITIVE_REGULATION_OF_CYCLIN_DEPENDENT_PROTEIN_KINASE_ACTIVITY,2129
GOBP_REGULATION_OF_EPITHELIAL_CELL_APOPTOTIC_PROCESS,1997
GOBP_NEGATIVE_REGULATION_OF_EPITHELIAL_CELL_APOPTOTIC_PROCESS,1997
GOBP_POSITIVE_REGULATION_OF_EPITHELIAL_CELL_APOPTOTIC_PROCESS,2130
GOBP_POSITIVE_REGULATION_OF_TORC1_SIGNALING,1363
GOBP_REGULATION_OF_ERAD_PATHWAY,2131
GOBP_REGULATION_OF_TELOMERE_CAPPING,1195
GOBP_POSITIVE_REGULATION_OF_TELOMERE_CAPPING,1195
GOBP_REGULATION_OF_TELOMERE_MAINTENANCE_VIA_TELOMERE_LENGTHENING,602
GOBP_NEGATIVE_REGULATION_OF_TELOMERE_MAINTENANCE_VIA_TELOMERE_LENGTHENING,1374
GOBP_POSITIVE_REGULATION_OF_TELOMERE_MAINTENANCE_VIA_TELOMERE_LENGTHENING,602
GOBP_REGULATION_OF_PROTEIN_LOCALIZATION_TO_CELL_PERIPHERY,2108
GOBP_NEGATIVE_REGULATION_OF_PROTEIN_LOCALIZATION_TO_CELL_PERIPHERY,2132
GOBP_POSITIVE_REGULATION_OF_PROTEIN_LOCALIZATION_TO_CELL_PERIPHERY,2108
GOBP_POSITIVE_REGULATION_OF_NITRIC_OXIDE_METABOLIC_PROCESS,2002
GOBP_POSITIVE_REGULATION_OF_CALCIUM_ION_TRANSMEMBRANE_TRANSPORT,1099
GOBP_REGULATION_OF_PROTEIN_IMPORT,1748
GOBP_POSITIVE_REGULATION_OF_PROTEIN_IMPORT,1748
GOBP_RESPONSE_TO_AMYLOID_BETA,2133
GOBP_CELLULAR_RESPONSE_TO_AMYLOID_BETA,2133
GOBP_REGULATION_OF_UBIQUITIN_PROTEIN_LIGASE_ACTIVITY,1839
GOBP_NEGATIVE_REGULATION_OF_VASCULAR_ASSOCIATED_SMOOTH_MUSCLE_CELL_PROLIFERATION,1785
GOBP_POSITIVE_REGULATION_OF_VASCULAR_ASSOCIATED_SMOOTH_MUSCLE_CELL_PROLIFERATION,1440
GOBP_VASCULAR_ASSOCIATED_SMOOTH_MUSCLE_CELL_MIGRATION,1163
GOBP_EXCITATORY_SYNAPSE_ASSEMBLY,2045
GOBP_INHIBITORY_SYNAPSE_ASSEMBLY,2134
GOBP_POSITIVE_REGULATION_OF_TELOMERASE_RNA_LOCALIZATION_TO_CAJAL_BODY,1931
GOBP_CRANIAL_SKELETAL_SYSTEM_DEVELOPMENT,1788
GOBP_REGULATION_OF_RECEPTOR_SIGNALING_PATHWAY_VIA_STAT,2043
GOBP_NEGATIVE_REGULATION_OF_RECEPTOR_SIGNALING_PATHWAY_VIA_STAT,1735
GOBP_POSITIVE_REGULATION_OF_RECEPTOR_SIGNALING_PATHWAY_VIA_STAT,2043
GOBP_MIDBRAIN_DOPAMINERGIC_NEURON_DIFFERENTIATION,1973
GOBP_NEGATIVE_REGULATION_OF_ESTABLISHMENT_OF_PROTEIN_LOCALIZATION,2124
GOBP_REGULATION_OF_LEUKOCYTE_ADHESION_TO_VASCULAR_ENDOTHELIAL_CELL,1817
GOBP_POSITIVE_REGULATION_OF_LEUKOCYTE_ADHESION_TO_VASCULAR_ENDOTHELIAL_CELL,1817
GOBP_AUTOPHAGOSOME_ORGANIZATION,928
GOBP_REGULATION_OF_VASCULAR_ASSOCIATED_SMOOTH_MUSCLE_CELL_DIFFERENTIATION,1540
GOBP_RESPONSE_TO_ACETYLCHOLINE,957
GOBP_LYSOSOMAL_PROTEIN_CATABOLIC_PROCESS,930
GOBP_REGULATION_OF_MEMBRANE_INVAGINATION,2135
GOBP_POSITIVE_REGULATION_OF_DOUBLE_STRAND_BREAK_REPAIR_VIA_HOMOLOGOUS_RECOMBINATION,1651
GOBP_REGULATION_OF_CARDIOCYTE_DIFFERENTIATION,2136
GOBP_POSITIVE_REGULATION_OF_CARDIOCYTE_DIFFERENTIATION,2136
GOBP_SEMI_LUNAR_VALVE_DEVELOPMENT,774
GOBP_REGULATION_OF_MORPHOGENESIS_OF_AN_EPITHELIUM,1902
GOBP_POSITIVE_REGULATION_OF_MORPHOGENESIS_OF_AN_EPITHELIUM,1902
GOBP_REGULATION_OF_PROTEIN_LOCALIZATION_TO_MEMBRANE,2108
GOBP_NEGATIVE_REGULATION_OF_PROTEIN_LOCALIZATION_TO_MEMBRANE,2132
GOBP_POSITIVE_REGULATION_OF_PROTEIN_LOCALIZATION_TO_MEMBRANE,2108
GOBP_PROTEIN_LOCALIZATION_TO_MICROTUBULE_ORGANIZING_CENTER,1666
GOBP_NON_MOTILE_CILIUM_ASSEMBLY,2137
GOBP_MACROPHAGE_MIGRATION,1119
GOBP_REGULATION_OF_MACROPHAGE_MIGRATION,1119
GOBP_POSITIVE_REGULATION_OF_MACROPHAGE_MIGRATION,1119
GOBP_POSITIVE_REGULATION_OF_VASCULAR_ENDOTHELIAL_CELL_PROLIFERATION,2061
GOBP_POSITIVE_REGULATION_OF_MEMBRANE_PERMEABILITY,920
GOBP_REGULATION_OF_CHROMOSOME_SEPARATION,1443
GOBP_POSITIVE_REGULATION_OF_CHROMOSOME_SEPARATION,2101
GOBP_REGULATION_OF_RESPONSE_TO_ENDOPLASMIC_RETICULUM_STRESS,1928
GOBP_POSITIVE_REGULATION_OF_RESPONSE_TO_ENDOPLASMIC_RETICULUM_STRESS,2131
GOBP_REGULATION_OF_AMYLOID_FIBRIL_FORMATION,2138
GOBP_REGULATION_OF_LIPID_LOCALIZATION,1135
GOBP_NEGATIVE_REGULATION_OF_LIPID_LOCALIZATION,1385
GOBP_POSITIVE_REGULATION_OF_LIPID_LOCALIZATION,1135
GOBP_AMYLOID_FIBRIL_FORMATION,2138
GOBP_RESPONSE_TO_NERVE_GROWTH_FACTOR,2139
GOBP_NEURON_PROJECTION_EXTENSION,1030
GOBP_NEUTROPHIL_MIGRATION,1307
GOBP_EMBRYONIC_BRAIN_DEVELOPMENT,2140
GOBP_MITOCHONDRIAL_TRANSMEMBRANE_TRANSPORT,2141
GOBP_POTASSIUM_ION_IMPORT_ACROSS_PLASMA_MEMBRANE,1858
GOBP_RESPONSE_TO_ANGIOTENSIN,2142
GOBP_LIGAND_GATED_ION_CHANNEL_SIGNALING_PATHWAY,959
GOBP_RESPONSE_TO_LEUKEMIA_INHIBITORY_FACTOR,2143
GOBP_RESPONSE_TO_LECTIN,704
GOBP_ADAPTIVE_THERMOGENESIS,625
GOBP_VACUOLAR_LOCALIZATION,712
GOBP_RESPONSE_TO_CHEMOKINE,355
GOBP_VASCULAR_ASSOCIATED_SMOOTH_MUSCLE_CELL_PROLIFERATION,1440
GOBP_RESPONSE_TO_AMINO_ACID_STARVATION,2144
GOBP_REGULATION_OF_DNA_DAMAGE_CHECKPOINT,2145
GOBP_REGULATION_OF_PROTEIN_LOCALIZATION_TO_CELL_SURFACE,1492
GOBP_POSITIVE_REGULATION_OF_PROTEIN_LOCALIZATION_TO_CELL_SURFACE,1492
GOBP_REGULATION_OF_ANIMAL_ORGAN_MORPHOGENESIS,637
GOBP_REGULATION_OF_STEM_CELL_POPULATION_MAINTENANCE,2146
GOBP_REGULATION_OF_CELL_CELL_ADHESION_MEDIATED_BY_CADHERIN,1663
GOBP_REGULATION_OF_NON_CANONICAL_WNT_SIGNALING_PATHWAY,2147
GOBP_REGULATION_OF_UBIQUITIN_DEPENDENT_PROTEIN_CATABOLIC_PROCESS,1391
GOBP_NEGATIVE_REGULATION_OF_UBIQUITIN_DEPENDENT_PROTEIN_CATABOLIC_PROCESS,1392
GOBP_POSITIVE_REGULATION_OF_UBIQUITIN_DEPENDENT_PROTEIN_CATABOLIC_PROCESS,1391
GOBP_REGULATION_OF_WNT_SIGNALING_PATHWAY_PLANAR_CELL_POLARITY_PATHWAY,2147
GOBP_REGULATION_OF_LEUKOCYTE_APOPTOTIC_PROCESS,1933
GOBP_NEGATIVE_REGULATION_OF_LEUKOCYTE_APOPTOTIC_PROCESS,1933
GOBP_POSITIVE_REGULATION_OF_LEUKOCYTE_APOPTOTIC_PROCESS,1934
GOBP_REGULATION_OF_CYSTEINE_TYPE_ENDOPEPTIDASE_ACTIVITY,905
GOBP_NEGATIVE_REGULATION_OF_CYSTEINE_TYPE_ENDOPEPTIDASE_ACTIVITY,1092
GOBP_REGULATION_OF_DNA_TEMPLATED_TRANSCRIPTION_INITIATION,814
GOBP_POSITIVE_REGULATION_OF_DNA_TEMPLATED_TRANSCRIPTION_INITIATION,814
GOBP_REGULATION_OF_NEURAL_PRECURSOR_CELL_PROLIFERATION,687
GOBP_NEGATIVE_REGULATION_OF_NEURAL_PRECURSOR_CELL_PROLIFERATION,2148
GOBP_POSITIVE_REGULATION_OF_NEURAL_PRECURSOR_CELL_PROLIFERATION,687
GOBP_REGULATION_OF_FATTY_ACID_TRANSPORT,1177
GOBP_POSITIVE_REGULATION_OF_FATTY_ACID_TRANSPORT,1177
GOBP_REGULATION_OF_ANOIKIS,1624
GOBP_REGULATION_OF_RRNA_PROCESSING,2149
GOBP_REGULATION_OF_REPRODUCTIVE_PROCESS,2150
GOBP_NEGATIVE_REGULATION_OF_REPRODUCTIVE_PROCESS,2151
GOBP_POSITIVE_REGULATION_OF_REPRODUCTIVE_PROCESS,2150
GOBP_REGULATION_OF_ACTIN_CYTOSKELETON_REORGANIZATION,2152
GOBP_POSITIVE_REGULATION_OF_ACTIN_CYTOSKELETON_REORGANIZATION,2152
GOBP_NEGATIVE_REGULATION_OF_SIGNALING_RECEPTOR_ACTIVITY,1093
GOBP_POSITIVE_REGULATION_OF_SIGNALING_RECEPTOR_ACTIVITY,2153
GOBP_REGULATION_OF_DNA_BIOSYNTHETIC_PROCESS,602
GOBP_NEGATIVE_REGULATION_OF_DNA_BIOSYNTHETIC_PROCESS,1374
GOBP_REGULATION_OF_SYNAPTIC_VESICLE_EXOCYTOSIS,612
GOBP_REGULATION_OF_NMDA_RECEPTOR_ACTIVITY,2154
GOBP_REGULATION_OF_AMPA_RECEPTOR_ACTIVITY,2059
GOBP_REGULATION_OF_T_HELPER_17_TYPE_IMMUNE_RESPONSE,1994
GOBP_REGULATION_OF_T_HELPER_17_CELL_DIFFERENTIATION,1994
GOBP_NEGATIVE_REGULATION_OF_ENDOTHELIAL_CELL_APOPTOTIC_PROCESS,1997
GOBP_POSITIVE_REGULATION_OF_ENDOTHELIAL_CELL_APOPTOTIC_PROCESS,2130
GOBP_REGULATION_OF_CLATHRIN_DEPENDENT_ENDOCYTOSIS,1998
GOBP_REGULATION_OF_REACTIVE_OXYGEN_SPECIES_METABOLIC_PROCESS,1999
GOBP_NEGATIVE_REGULATION_OF_REACTIVE_OXYGEN_SPECIES_METABOLIC_PROCESS,2117
GOBP_POSITIVE_REGULATION_OF_REACTIVE_OXYGEN_SPECIES_METABOLIC_PROCESS,1999
GOBP_REGULATION_OF_LYMPHOCYTE_MIGRATION,1127
GOBP_POSITIVE_REGULATION_OF_LYMPHOCYTE_MIGRATION,1127
GOBP_REGULATION_OF_T_CELL_MIGRATION,1127
GOBP_POSITIVE_REGULATION_OF_T_CELL_MIGRATION,1127
GOBP_POSITIVE_REGULATION_OF_EXCITATORY_POSTSYNAPTIC_POTENTIAL,2049
GOBP_REGULATION_OF_CAMP_DEPENDENT_PROTEIN_KINASE_ACTIVITY,2155
GOBP_REGULATION_OF_CD4_POSITIVE_ALPHA_BETA_T_CELL_ACTIVATION,715
GOBP_NEGATIVE_REGULATION_OF_CD4_POSITIVE_ALPHA_BETA_T_CELL_ACTIVATION,1627
GOBP_POSITIVE_REGULATION_OF_CD4_POSITIVE_ALPHA_BETA_T_CELL_ACTIVATION,715
GOBP_POSITIVE_REGULATION_OF_DNA_BIOSYNTHETIC_PROCESS,602
GOBP_REGULATION_OF_EARLY_ENDOSOME_TO_LATE_ENDOSOME_TRANSPORT,2052
GOBP_POSITIVE_REGULATION_OF_STEM_CELL_PROLIFERATION,1987
GOBP_POSITIVE_REGULATION_OF_SODIUM_ION_TRANSMEMBRANE_TRANSPORTER_ACTIVITY,1121
GOBP_REGULATION_OF_TRANSCRIPTION_REGULATORY_REGION_DNA_BINDING,1628
GOBP_NEGATIVE_REGULATION_OF_TRANSCRIPTION_REGULATORY_REGION_DNA_BINDING,1629
GOBP_POSITIVE_REGULATION_OF_TRANSCRIPTION_REGULATORY_REGION_DNA_BINDING,1628
GOBP_REGULATION_OF_EPITHELIAL_CELL_DIFFERENTIATION_INVOLVED_IN_KIDNEY_DEVELOPMENT,2156
GOBP_REGULATION_OF_CARDIAC_MUSCLE_CELL_DIFFERENTIATION,2136
GOBP_REGULATION_OF_STEM_CELL_DIFFERENTIATION,2157
GOBP_NEGATIVE_REGULATION_OF_STEM_CELL_DIFFERENTIATION,2157
GOBP_POSITIVE_REGULATION_OF_STEM_CELL_DIFFERENTIATION,2158
GOBP_REGULATION_OF_PEPTIDYL_LYSINE_ACETYLATION,1508
GOBP_NEGATIVE_REGULATION_OF_PEPTIDYL_LYSINE_ACETYLATION,1509
GOBP_POSITIVE_REGULATION_OF_PEPTIDYL_LYSINE_ACETYLATION,1508
GOBP_REGULATION_OF_CYTOPLASMIC_TRANSLATION,2159
GOBP_POSITIVE_REGULATION_OF_CYTOPLASMIC_TRANSLATION,2159
GOBP_NEGATIVE_REGULATION_OF_CELLULAR_SENESCENCE,2017
GOBP_REGULATION_OF_DOUBLE_STRAND_BREAK_REPAIR,572
GOBP_POSITIVE_REGULATION_OF_DOUBLE_STRAND_BREAK_REPAIR,572
GOBP_REGULATION_OF_BICELLULAR_TIGHT_JUNCTION_ASSEMBLY,2160
GOBP_NEGATIVE_REGULATION_OF_ANOIKIS,1624
GOBP_REGULATION_OF_STEROID_HORMONE_SECRETION,1545
GOBP_REGULATION_OF_SKELETAL_MUSCLE_CELL_DIFFERENTIATION,2161
GOBP_REGULATION_OF_RESPONSE_TO_DNA_DAMAGE_STIMULUS,572
GOBP_NEGATIVE_REGULATION_OF_RESPONSE_TO_DNA_DAMAGE_STIMULUS,1710
GOBP_POSITIVE_REGULATION_OF_RESPONSE_TO_DNA_DAMAGE_STIMULUS,572
GOBP_REGULATION_OF_ENDOTHELIAL_CELL_CHEMOTAXIS,1532
GOBP_POSITIVE_REGULATION_OF_ENDOTHELIAL_CELL_CHEMOTAXIS,1532
GOBP_REGULATION_OF_DOUBLE_STRAND_BREAK_REPAIR_VIA_NONHOMOLOGOUS_END_JOINING,810
GOBP_REGULATION_OF_INTEGRIN_MEDIATED_SIGNALING_PATHWAY,2162
GOBP_POSITIVE_REGULATION_OF_CYSTEINE_TYPE_ENDOPEPTIDASE_ACTIVITY,905
GOBP_REACTIVE_NITROGEN_SPECIES_METABOLIC_PROCESS,2002
GOBP_REGULATION_OF_ENDOCYTIC_RECYCLING,2163
GOBP_REGULATION_OF_ATP_BIOSYNTHETIC_PROCESS,1309
GOBP_REGULATION_OF_CD8_POSITIVE_ALPHA_BETA_T_CELL_ACTIVATION,1552
GOBP_REGULATION_OF_VASCULOGENESIS,2164
GOBP_REGULATION_OF_NEURON_MIGRATION,2165
GOBP_POSITIVE_REGULATION_OF_NEURON_MIGRATION,2165
GOBP_NEGATIVE_REGULATION_OF_APOPTOTIC_SIGNALING_PATHWAY,2031
GOBP_POSITIVE_REGULATION_OF_APOPTOTIC_SIGNALING_PATHWAY,2166
GOBP_REGULATION_OF_EXTRINSIC_APOPTOTIC_SIGNALING_PATHWAY,2031
GOBP_NEGATIVE_REGULATION_OF_EXTRINSIC_APOPTOTIC_SIGNALING_PATHWAY,2031
GOBP_POSITIVE_REGULATION_OF_EXTRINSIC_APOPTOTIC_SIGNALING_PATHWAY,2167
GOBP_REGULATION_OF_EXTRINSIC_APOPTOTIC_SIGNALING_PATHWAY_IN_ABSENCE_OF_LIGAND,1567
GOBP_REGULATION_OF_INTRINSIC_APOPTOTIC_SIGNALING_PATHWAY,2032
GOBP_NEGATIVE_REGULATION_OF_INTRINSIC_APOPTOTIC_SIGNALING_PATHWAY,2032
GOBP_POSITIVE_REGULATION_OF_INTRINSIC_APOPTOTIC_SIGNALING_PATHWAY,2166
GOBP_NEGATIVE_REGULATION_OF_CHROMOSOME_ORGANIZATION,1443
GOBP_POSITIVE_REGULATION_OF_CHROMOSOME_ORGANIZATION,1442
GOBP_REGULATION_OF_CATION_CHANNEL_ACTIVITY,1390
GOBP_NEGATIVE_REGULATION_OF_CATION_CHANNEL_ACTIVITY,1389
GOBP_POSITIVE_REGULATION_OF_CATION_CHANNEL_ACTIVITY,1390
GOBP_REGULATION_OF_CYSTEINE_TYPE_ENDOPEPTIDASE_ACTIVITY_INVOLVED_IN_APOPTOTIC_SIGNALING_PATHWAY,2168
