pathway,k,z_meta,delta_mean,concord,P_meta,FDR_meta
REACTOME_MOLECULES_ASSOCIATED_WITH_ELASTIC_FIBRES,4,6.57110763581016,0.207327555589757,0.75,4.99423393283467e-11,2.01935095276242e-07
GOBP_LEFT_RIGHT_PATTERN_FORMATION,4,-6.45335572107873,-0.228424985925132,1,1.09400154982028e-10,2.01935095276242e-07
REACTOME_ELASTIC_FIBRE_FORMATION,4,6.44232764779108,0.174655194753243,0.75,1.17654939955084e-10,2.01935095276242e-07
REACTOME_ECM_PROTEOGLYCANS,4,6.27532106031827,0.25361732896219,0.75,3.48913549458608e-10,4.49138966540594e-07
GOBP_CELLULAR_RESPONSE_TO_ESTROGEN_STIMULUS,2,-6.21693380515766,-0.375029097193762,1,5.06963498375755e-10,5.22071010627353e-07
REACTOME_COLLAGEN_FORMATION,4,6.15588354741842,0.266138988808623,0.75,7.46600709981962e-10,6.40707842616187e-07
REACTOME_INTEGRIN_CELL_SURFACE_INTERACTIONS,4,6.09205841334865,0.222737120714793,0.75,1.11467992804175e-09,8.19926707069564e-07
REACTOME_ANCHORING_FIBRIL_FORMATION,4,6.03672951545866,0.313401206937507,1,1.5726900801963e-09,1.00372994971301e-06
HALLMARK_EPITHELIAL_MESENCHYMAL_TRANSITION,4,6.01905045333471,0.218718090422538,0.75,1.75443184063257e-09,1.00372994971301e-06
GOBP_TORC1_SIGNALING,4,-5.94618836815918,-0.260877574747917,1,2.74458294905085e-09,1.41318576046628e-06
REACTOME_RESPONSE_OF_EIF2AK1_HRI_TO_HEME_DEFICIENCY,4,-5.90863837472406,-0.387635112533672,1,3.44946993867023e-09,1.54582893565011e-06
REACTOME_FOXO_MEDIATED_TRANSCRIPTION_OF_CELL_DEATH_GENES,4,-5.90147633631344,-0.402800517168576,1,3.60263104055183e-09,1.54582893565011e-06
GOBP_PLASMINOGEN_ACTIVATION,4,5.85634178231694,0.237352772784253,1,4.73173940214053e-09,1.74208573636271e-06
REACTOME_ASSEMBLY_OF_COLLAGEN_FIBRILS_AND_OTHER_MULTIMERIC_STRUCTURES,4,5.85616813911302,0.272595315825934,0.75,4.73668679531519e-09,1.74208573636271e-06
REACTOME_REGULATION_OF_INSULIN_LIKE_GROWTH_FACTOR_IGF_TRANSPORT_AND_UPTAKE_BY_INSULIN_LIKE_GROWTH_FACTOR_BINDING_PROTEINS_IGFBPS,4,5.79352556289536,0.150375566990991,0.75,6.89239887913309e-09,2.36593078857709e-06
REACTOME_NR1H2_AND_NR1H3_MEDIATED_SIGNALING,4,-5.78086040687335,-0.21416034732199,1,7.43195398073437e-09,2.39169569042508e-06
GOBP_NEGATIVE_REGULATION_OF_CARDIAC_MUSCLE_CELL_PROLIFERATION,1,-5.72345686655539,-0.392085590058663,1,1.0437807704446e-08,3.16142775707015e-06
GOBP_PROTEIN_LOCALIZATION_TO_CELL_JUNCTION,4,5.69993089127686,0.119676784339621,1,1.19856006578584e-08,3.33857126866741e-06
REACTOME_TERMINATION_OF_TRANSLESION_DNA_SYNTHESIS,4,-5.69524551722949,-0.200452131894894,1,1.23194511758945e-08,3.33857126866741e-06
REACTOME_TELOMERE_C_STRAND_LAGGING_STRAND_SYNTHESIS,4,-5.65217534435156,-0.259945650065564,1,1.58429848089841e-08,4.05125517895635e-06
GOBP_CAMP_MEDIATED_SIGNALING,4,-5.64495037975911,-0.180239823360037,1,1.65228896403347e-08,4.05125517895635e-06
GOBP_SNRNA_TRANSCRIPTION,4,-5.58669594616135,-0.250741076731155,1,2.31430395540641e-08,5.41652321199436e-06
GOBP_NEGATIVE_REGULATION_OF_VASCULAR_PERMEABILITY,4,-5.57049690732262,-0.300406766153438,1,2.54013825883972e-08,5.56877044525257e-06
REACTOME_DEGRADATION_OF_THE_EXTRACELLULAR_MATRIX,4,5.56672878393485,0.213669195580874,0.75,2.59565917044206e-08,5.56877044525257e-06
GOBP_BRANCHED_CHAIN_AMINO_ACID_CATABOLIC_PROCESS,4,-5.54901549454699,-0.302171968423428,1,2.87282720054856e-08,5.8968304474993e-06
REACTOME_GAP_FILLING_DNA_REPAIR_SYNTHESIS_AND_LIGATION_IN_GG_NER,4,-5.54050408644642,-0.258121098959946,1,3.01602200881872e-08,5.8968304474993e-06
GOBP_ADIPOSE_TISSUE_DEVELOPMENT,4,-5.53613783314109,-0.178323710963524,1,3.09214259239621e-08,5.8968304474993e-06
GOBP_NUCLEOSOME_ASSEMBLY,4,-5.52177144576075,-0.204431559469608,1,3.35598849469872e-08,6.17142312828704e-06
REACTOME_HDMS_DEMETHYLATE_HISTONES,3,-5.51181430286611,-0.32255883604454,0.666666666666667,3.55153521864324e-08,6.30581201406692e-06
GOBP_NEGATIVE_REGULATION_OF_HISTONE_MODIFICATION,4,-5.49165481186588,-0.18789218767134,1,3.98185068668205e-08,6.83418306190863e-06
GOBP_SNRNA_METABOLIC_PROCESS,4,-5.48227374292823,-0.196479026708888,1,4.19893837028974e-08,6.97430118342641e-06
GOBP_NEGATIVE_REGULATION_OF_TOR_SIGNALING,4,-5.43560925969325,-0.293252890510237,1,5.46095095906842e-08,8.78701140257602e-06
HALLMARK_ANGIOGENESIS,4,5.38873306352245,0.206231454212482,0.75,7.09561033319351e-08,1.08049356505683e-05
REACTOME_CROSSLINKING_OF_COLLAGEN_FIBRILS,4,5.38774442513744,0.308641491587556,0.75,7.13474096172696e-08,1.08049356505683e-05
GOBP_BRANCHED_CHAIN_AMINO_ACID_METABOLIC_PROCESS,4,-5.3692269285287,-0.29006490134803,1,7.9074869059281e-08,1.16330428796068e-05
GOBP_SPLICEOSOMAL_TRI_SNRNP_COMPLEX_ASSEMBLY,2,-5.34174313291002,-0.351495446463255,1,9.20570388681042e-08,1.31667136981075e-05
REACTOME_COLLAGEN_BIOSYNTHESIS_AND_MODIFYING_ENZYMES,4,5.28349817636356,0.293418236841954,0.75,1.26740126125621e-07,1.76374299843465e-05
GOBP_3_UTR_MEDIATED_MRNA_STABILIZATION,4,-5.25882647405388,-0.204333664399058,1,1.44977613554136e-07,1.96444666365854e-05
GOBP_PROTEIN_N_LINKED_GLYCOSYLATION,4,5.23856933198857,0.178561142084136,0.75,1.61826181649223e-07,2.13652053669704e-05
GOBP_POSITIVE_REGULATION_OF_P38MAPK_CASCADE,4,-5.22670136586283,-0.232612481342539,1,1.72560871280446e-07,2.22128981555754e-05
REACTOME_PERK_REGULATES_GENE_EXPRESSION,4,-5.22184223048956,-0.276100625880865,1,1.77151870415935e-07,2.22476824578452e-05
GOBP_NEGATIVE_REGULATION_OF_COAGULATION,4,5.19338673222275,0.155465090101101,1,2.06502598061922e-07,2.51655902120139e-05
GOBP_POSITIVE_REGULATION_OF_HISTONE_MODIFICATION,4,-5.18610289041859,-0.194904209670284,1,2.14740200810239e-07,2.51655902120139e-05
REACTOME_DISEASES_OF_GLYCOSYLATION,4,5.18260300762449,0.128286386760642,0.75,2.18810449672999e-07,2.51655902120139e-05
GOBP_HISTONE_LYSINE_DEMETHYLATION,3,-5.18164610306955,-0.279933031340081,1,2.19936212767649e-07,2.51655902120139e-05
REACTOME_POLYMERASE_SWITCHING_ON_THE_C_STRAND_OF_THE_TELOMERE,4,-5.1717228431336,-0.243767408777327,1,2.3194544220419e-07,2.59627626502038e-05
REACTOME_SYNDECAN_INTERACTIONS,4,5.16191378253015,0.195392857335661,0.75,2.44437873827442e-07,2.65179701950149e-05
GOBP_REGULATION_OF_SMAD_PROTEIN_SIGNAL_TRANSDUCTION,4,5.15295927762252,0.197208083422908,0.75,2.56407660478559e-07,2.65179701950149e-05
GOBP_HOMOTYPIC_CELL_CELL_ADHESION,4,5.15284173959121,0.103751139719582,0.75,2.56568481060573e-07,2.65179701950149e-05
GOBP_REGULATION_OF_HISTONE_MODIFICATION,4,-5.15215793750515,-0.178953170491082,1,2.57506022480238e-07,2.65179701950149e-05
GOBP_NEGATIVE_REGULATION_OF_NERVOUS_SYSTEM_PROCESS,4,-5.1304952664762,-0.127357236007607,0.75,2.88980827192634e-07,2.91757309649975e-05
REACTOME_LAGGING_STRAND_SYNTHESIS,4,-5.12311938421675,-0.253872905691303,1,3.00521936307585e-07,2.93294520427311e-05
GOBP_REGULATION_OF_DNA_TEMPLATED_TRANSCRIPTION_IN_RESPONSE_TO_STRESS,4,-5.12225970147172,-0.247934073756341,1,3.01895699798941e-07,2.93294520427311e-05
KEGG_ECM_RECEPTOR_INTERACTION,4,5.10845927616991,0.168957915073518,0.75,3.24796388120339e-07,3.07891607771315e-05
REACTOME_ATF4_ACTIVATES_GENES_IN_RESPONSE_TO_ENDOPLASMIC_RETICULUM_STRESS,4,-5.10609744479628,-0.264655209634045,1,3.28880140365553e-07,3.07891607771315e-05
REACTOME_PROCESSIVE_SYNTHESIS_ON_THE_C_STRAND_OF_THE_TELOMERE,4,-5.10003441844476,-0.248123732024115,1,3.39591723397217e-07,3.12242461387905e-05
GOBP_ZYMOGEN_ACTIVATION,4,5.07987450121878,0.179097374426241,1,3.77684287271344e-07,3.41174806168448e-05
GOBP_CALCIUM_MEDIATED_SIGNALING_USING_INTRACELLULAR_CALCIUM_SOURCE,4,5.04900604090618,0.152514560334814,0.75,4.44114695617061e-07,3.94266649609008e-05
REACTOME_NEGATIVE_REGULATORS_OF_DDX58_IFIH1_SIGNALING,4,-5.02945196806988,-0.172485113807313,1,4.9188369677585e-07,4.29272738084551e-05
REACTOME_BRANCHED_CHAIN_AMINO_ACID_CATABOLISM,4,-5.02259254427491,-0.285364496698791,1,5.09786196481838e-07,4.37481520947497e-05
GOBP_OLIGOSACCHARIDE_LIPID_INTERMEDIATE_BIOSYNTHETIC_PROCESS,3,4.99061723615273,0.174052105523365,0.666666666666667,6.01866577107764e-07,4.98164092322004e-05
GOBP_LUNG_CELL_DIFFERENTIATION,4,-4.98895918724727,-0.230587299727957,0.75,6.07054691402879e-07,4.98164092322004e-05
GOBP_NEGATIVE_REGULATION_OF_PROTEIN_MATURATION,4,4.98683452547687,0.105727729976024,0.75,6.1376589826309e-07,4.98164092322004e-05
GOBP_REGULATION_OF_PROTEIN_MATURATION,4,4.98513116106351,0.0928251243395723,1,6.19197939572893e-07,4.98164092322004e-05
GOBP_PROTEIN_DEMETHYLATION,3,-4.97416499175967,-0.254163428029004,1,6.5529480294269e-07,5.19094298515679e-05
REACTOME_DISEASES_ASSOCIATED_WITH_N_GLYCOSYLATION_OF_PROTEINS,3,4.96762669071911,0.166960007874758,1,6.77772780555009e-07,5.28765461678445e-05
REACTOME_TRANSLESION_SYNTHESIS_BY_Y_FAMILY_DNA_POLYMERASES_BYPASSES_LESIONS_ON_DNA_TEMPLATE,4,-4.94574956684324,-0.176581793678385,1,7.58514230572233e-07,5.8036335368136e-05
GOBP_ANTEROGRADE_AXONAL_TRANSPORT,4,4.94311488136897,0.149999079183482,1,7.68841467716274e-07,5.8036335368136e-05
REACTOME_NON_INTEGRIN_MEMBRANE_ECM_INTERACTIONS,4,4.94087559326217,0.166198663959859,0.75,7.77725216624856e-07,5.8036335368136e-05
REACTOME_SHC_MEDIATED_CASCADE_FGFR3,4,4.93711140429903,0.163940628846609,0.75,7.92881831303621e-07,5.83221221340335e-05
GOBP_EPITHELIAL_TO_MESENCHYMAL_TRANSITION_INVOLVED_IN_ENDOCARDIAL_CUSHION_FORMATION,4,4.93061911110476,0.16208950269503,0.75,8.19694187179351e-07,5.94451460533306e-05
REACTOME_NUCLEAR_RECEPTOR_TRANSCRIPTION_PATHWAY,4,-4.91228994470508,-0.119189238971403,1,9.0018801243916e-07,6.43759455006838e-05
GOBP_P38MAPK_CASCADE,4,-4.90363494827619,-0.177140635269328,1,9.40792571590292e-07,6.63580952208002e-05
GOBP_POSITIVE_REGULATION_OF_FAT_CELL_DIFFERENTIATION,4,-4.88396011229746,-0.148105827884741,0.75,1.03976117337811e-06,7.23477065097825e-05
GOBP_CYTOPLASM_ORGANIZATION,2,-4.8607355486819,-0.343994907471822,1,1.16950396975653e-06,8.02903458703516e-05
GOBP_REGULATION_OF_RNA_SPLICING,4,-4.85760046865405,-0.178904078194607,1,1.18816852526947e-06,8.04984175870066e-05
GOBP_REGULATION_OF_CAMP_MEDIATED_SIGNALING,4,-4.84276652646398,-0.195586650290454,1,1.28043710567437e-06,8.45531965142766e-05
GOBP_ANTIGEN_PROCESSING_AND_PRESENTATION_OF_ENDOGENOUS_ANTIGEN,4,-4.84270089970575,-0.141504616837785,0.75,1.28086023074647e-06,8.45531965142766e-05
GOBP_ANTIGEN_PROCESSING_AND_PRESENTATION_OF_ENDOGENOUS_PEPTIDE_ANTIGEN,4,-4.8321638726965,-0.174218577969462,1,1.35057012227304e-06,8.71602506703308e-05
GOBP_PLATELET_AGGREGATION,4,4.83162836794105,0.121985113991236,0.75,1.35420859460603e-06,8.71602506703308e-05
GOBP_RESPONSE_TO_AMINO_ACID_STARVATION,4,-4.82878146489251,-0.232708221935786,1,1.37371062792733e-06,8.73239015209608e-05
GOBP_NEGATIVE_REGULATION_OF_TRANSLATIONAL_INITIATION,3,-4.82452682712987,-0.213371985439588,1,1.4033602840067e-06,8.81207573457376e-05
GOBP_MRNA_CIS_SPLICING_VIA_SPLICEOSOME,4,-4.80975147045088,-0.277839437348852,1,1.51118070676417e-06,9.32152253003546e-05
GOBP_POSITIVE_REGULATION_OF_PROTEIN_ACETYLATION,4,-4.80849623094993,-0.154037284460503,1,1.52069895615261e-06,9.32152253003546e-05
GOBP_LIGAND_GATED_ION_CHANNEL_SIGNALING_PATHWAY,4,4.79456296324223,0.15312025185925,1,1.63029855369831e-06,9.84702776664354e-05
GOBP_PURINE_NUCLEOTIDE_TRANSPORT,4,4.79135912476482,0.152911026201602,0.75,1.65655313325701e-06,9.84702776664354e-05
REACTOME_KERATAN_SULFATE_BIOSYNTHESIS,4,4.79048319966427,0.151334224827529,1,1.6638015453447e-06,9.84702776664354e-05
GOBP_TRANSPOSITION,4,-4.77639512421899,-0.184381776819896,1,1.78465561333705e-06,0.000104422633557642
REACTOME_NR1H3_NR1H2_REGULATE_GENE_EXPRESSION_LINKED_TO_CHOLESTEROL_TRANSPORT_AND_EFFLUX,4,-4.76906660357607,-0.160404400160434,1,1.85081466160885e-06,0.000107076906658696
GOBP_REGULATION_OF_P38MAPK_CASCADE,4,-4.75574870168994,-0.164874017474658,1,1.97712289740388e-06,0.000113113397763695
KEGG_N_GLYCAN_BIOSYNTHESIS,4,4.7469469750809,0.159815979430234,1,2.06510061865832e-06,0.000116848385554634
REACTOME_NUCLEOTIDE_SALVAGE,4,-4.744676554049,-0.264178153902266,1,2.08839761562247e-06,0.00011688216655261
REACTOME_COMMON_PATHWAY_OF_FIBRIN_CLOT_FORMATION,4,4.72638352157579,0.167004994883778,1,2.28553794281363e-06,0.000126540159866101
REACTOME_FRS_MEDIATED_FGFR3_SIGNALING,4,4.7148273757262,0.154404410088925,0.75,2.41915756684675e-06,0.00013251321608185
REACTOME_ZINC_TRANSPORTERS,3,4.70137405344594,0.181915624366434,1,2.5841663553256e-06,0.000140061816458647
GOBP_REGULATION_OF_CD8_POSITIVE_ALPHA_BETA_T_CELL_ACTIVATION,4,-4.69182318623757,-0.218739378122722,1,2.70781102693541e-06,0.000145234572684275
GOBP_SNRNA_PROCESSING,4,-4.68810702025015,-0.15661579615289,1,2.75743814601438e-06,0.000146182477041544
GOBP_REGULATION_OF_MEGAKARYOCYTE_DIFFERENTIATION,4,-4.68627195788292,-0.199518364251968,1,2.78226505148015e-06,0.000146182477041544
GOBP_MRNA_SPLICE_SITE_SELECTION,4,-4.67841804210109,-0.232288443837352,1,2.89096679864821e-06,0.000148236129995901
REACTOME_PCNA_DEPENDENT_LONG_PATCH_BASE_EXCISION_REPAIR,4,-4.67765747542716,-0.229716381961882,1,2.90170716900672e-06,0.000148236129995901
GOBP_G_PROTEIN_COUPLED_GLUTAMATE_RECEPTOR_SIGNALING_PATHWAY,3,4.67556814978097,0.28854095928607,1,2.93140905836385e-06,0.000148236129995901
GOBP_ENDODERMAL_CELL_DIFFERENTIATION,4,4.67521144236898,0.155878628507185,0.75,2.93650908129383e-06,0.000148236129995901
GOBP_REGULATION_OF_MYOBLAST_DIFFERENTIATION,4,-4.66572567233734,-0.0857665928380657,1,3.07529765846751e-06,0.000153735025664555
REACTOME_RESPONSE_TO_ELEVATED_PLATELET_CYTOSOLIC_CA2,4,4.6598474085024,0.110521340298968,0.75,3.16443883437715e-06,0.000156670149598153
GOBP_GLUTAMATE_RECEPTOR_SIGNALING_PATHWAY,4,4.64892218279828,0.137379093433691,1,3.33674061117599e-06,0.000163627403875668
GOBP_PYRIMIDINE_RIBONUCLEOSIDE_MONOPHOSPHATE_METABOLIC_PROCESS,3,-4.6296133012002,-0.214049808203881,1,3.66349231930718e-06,0.000177955867472761
GOBP_HEMOSTASIS,4,4.61346208155402,0.088169296539831,0.75,3.9601653796685e-06,0.000190569079812272
GOBP_REGULATION_OF_VOLTAGE_GATED_CALCIUM_CHANNEL_ACTIVITY,4,-4.60917082905552,-0.0359916080929919,0.75,4.04278057911352e-06,0.000192743307424588
GOBP_ISOPRENOID_BIOSYNTHETIC_PROCESS,4,4.59943128120364,0.14605457150444,1,4.23645909176281e-06,0.000200124108839328
GOBP_THYROID_HORMONE_METABOLIC_PROCESS,4,4.58641346660197,0.172766285442666,1,4.50925171835755e-06,0.000209509098557553
GOBP_CELLULAR_RESPONSE_TO_GLUCOSE_STARVATION,4,-4.58607750342036,-0.259481010563562,0.75,4.5165099902677e-06,0.000209509098557553
GOBP_ZINC_ION_HOMEOSTASIS,4,4.57883773409227,0.138283401484693,1,4.6756673365718e-06,0.000213793521949934
REACTOME_TRANSLESION_SYNTHESIS_BY_POLK,4,-4.5781120079921,-0.229229885927331,1,4.69191454269617e-06,0.000213793521949934
REACTOME_GAP_JUNCTION_TRAFFICKING_AND_REGULATION,4,4.57595522799999,0.113620675551601,0.75,4.74051928317166e-06,0.00021411345428992
GOBP_NEGATIVE_REGULATION_OF_HISTONE_METHYLATION,4,-4.56168425447493,-0.203992048147208,1,5.07449175965912e-06,0.000227204852786824
GOBP_DEFINITIVE_HEMOPOIESIS,4,-4.55103901140057,-0.165104531322134,0.75,5.33816483211431e-06,0.00023517953515915
GOBP_NEGATIVE_REGULATION_OF_REPRODUCTIVE_PROCESS,4,4.55081108337346,0.156624157628735,1,5.34395137184317e-06,0.00023517953515915
REACTOME_CIRCADIAN_CLOCK,4,-4.5487993133734,-0.209476806672319,1,5.39528642352866e-06,0.000235426523684314
GOBP_HISTONE_H3_K4_TRIMETHYLATION,4,-4.53724814121448,-0.194097314825732,1,5.69930323808615e-06,0.000245170779474485
GOBP_POSITIVE_REGULATION_OF_RNA_SPLICING,4,-4.53671119839095,-0.236002190199277,1,5.71382667254577e-06,0.000245170779474485
GOBP_REGULATION_OF_HISTONE_DEACETYLATION,4,-4.53342692792576,-0.230609591341034,1,5.80343487330949e-06,0.000246957736881575
GOBP_DEMETHYLATION,4,-4.53029963888169,-0.175474231001678,1,5.89000902280332e-06,0.000248587348019789
GOBP_PEPTIDYL_LYSINE_METHYLATION,4,-4.51387534102691,-0.148017728446694,1,6.36536406500959e-06,0.00026646552496532
REACTOME_O_LINKED_GLYCOSYLATION,4,4.50866181104912,0.135739271222142,0.75,6.52378033746089e-06,0.000270894717399888
GOBP_POSITIVE_REGULATION_OF_NUCLEAR_TRANSCRIBED_MRNA_CATABOLIC_PROCESS_DEADENYLATION_DEPENDENT_DECAY,2,-4.4946242227758,-0.289761663188396,1,6.96929094469975e-06,0.000287079032594072
REACTOME_SHC_MEDIATED_CASCADE_FGFR1,4,4.48773033559421,0.123590008023832,0.75,7.19859654066241e-06,0.000294171218951355
GOBP_HISTONE_H3_K4_METHYLATION,4,-4.48573490848367,-0.151496503387442,1,7.26630395465059e-06,0.000294599992618078
GOBP_CELLULAR_RESPONSE_TO_ARSENIC_CONTAINING_SUBSTANCE,4,-4.47356553548631,-0.281492970566738,0.75,7.69259664938567e-06,0.000308249796043279
KEGG_MISMATCH_REPAIR,4,-4.47273050719702,-0.196910448661113,1,7.72270803837309e-06,0.000308249796043279
GOBP_PYRIMIDINE_NUCLEOSIDE_MONOPHOSPHATE_METABOLIC_PROCESS,4,-4.46605319599237,-0.211697416701902,1,7.96758064141832e-06,0.000315261453847515
GOBP_NUCLEOLUS_ORGANIZATION,2,-4.46462717974401,-0.242472912715605,1,8.02082937541745e-06,0.000315261453847515
GOBP_INTEGRIN_MEDIATED_SIGNALING_PATHWAY,4,4.45765381207423,0.113720096531157,0.75,8.28615783147737e-06,0.000323222929350583
GOBP_LACTATE_METABOLIC_PROCESS,2,-4.44756352185902,-0.192421554416979,0.5,8.68497803319027e-06,0.000336232720999223
GOBP_STEROL_HOMEOSTASIS,4,-4.44316469416723,-0.11639253361682,1,8.86452581682839e-06,0.000340622712170518
REACTOME_FRS_MEDIATED_FGFR2_SIGNALING,4,4.44104963604282,0.127069945792536,0.75,8.95211407570697e-06,0.000341440262043075
GOBP_COLLAGEN_FIBRIL_ORGANIZATION,4,4.43063394264061,0.229980329546188,0.75,9.39564657890168e-06,0.000355721942902682
GOBP_POSITIVE_REGULATION_OF_HISTONE_ACETYLATION,4,-4.42243613252386,-0.158956480859566,1,9.75942033010608e-06,0.000366797483793549
GOBP_POSITIVE_REGULATION_OF_HISTONE_DEACETYLATION,4,-4.41533530532197,-0.273048099337356,0.75,1.00853540063551e-05,0.000373595296564672
REACTOME_TRANSLESION_SYNTHESIS_BY_POLH,4,-4.4153342287876,-0.189105277072466,1,1.0085404199357e-05,0.000373595296564672
GOBP_THYROID_HORMONE_GENERATION,4,4.40954221806359,0.173105014244908,1,1.03589363016835e-05,0.000380986878695488
GOBP_REGULATION_OF_COAGULATION,4,4.40750089971649,0.111950443528592,0.75,1.04570166561457e-05,0.000381264022080923
KEGG_DNA_REPLICATION,4,-4.40567447313757,-0.226585311421635,1,1.05455231224535e-05,0.000381264022080923
GOBP_COLLAGEN_CATABOLIC_PROCESS,4,4.40479061103678,0.189344659401651,0.75,1.05886104403908e-05,0.000381264022080923
REACTOME_REGULATION_OF_LIPID_METABOLISM_BY_PPARALPHA,4,-4.40257766532464,-0.112870064309437,1,1.06972277184753e-05,0.000382500177239094
GOBP_GLUCAN_BIOSYNTHETIC_PROCESS,4,-4.39887376489734,-0.15635571736546,1,1.08814094106764e-05,0.000386402600383262
GOBP_REGULATION_OF_FAT_CELL_DIFFERENTIATION,4,-4.3963594995982,-0.127821347285625,1,1.10081558622933e-05,0.000388225989965398
REACTOME_TRANSCRIPTIONAL_REGULATION_BY_THE_AP_2_TFAP2_FAMILY_OF_TRANSCRIPTION_FACTORS,4,-4.39284200768451,-0.252790475370634,0.75,1.11878433145232e-05,0.00039187894711891
REACTOME_GLUCAGON_LIKE_PEPTIDE_1_GLP1_REGULATES_INSULIN_SECRETION,4,4.38966566891716,0.108995332237733,0.75,1.13525063139276e-05,0.00039495983115144
REACTOME_COLLAGEN_DEGRADATION,4,4.37941633420619,0.245275270183088,0.75,1.18997596714446e-05,0.000411220554015223
GOBP_HISTONE_H3_K9_ACETYLATION,3,-4.37464208134414,-0.251445327208957,1,1.21631880705563e-05,0.000417521702501964
GOBP_REGULATION_OF_PROTEIN_DEACETYLATION,4,-4.37216414036982,-0.183315422160826,1,1.23020978176659e-05,0.000419493388497761
GOBP_CELLULAR_GLUCAN_METABOLIC_PROCESS,4,-4.36949897530983,-0.150727509129462,1,1.24531924435264e-05,0.000421851894024456
REACTOME_KERATAN_SULFATE_KERATIN_METABOLISM,4,4.35749881014942,0.138046406212967,1,1.3155721362054e-05,0.000442737315641934
GOBP_COLLAGEN_METABOLIC_PROCESS,4,4.35350497781829,0.143651925285234,0.75,1.33978051816865e-05,0.000447956486237037
GOBP_RENAL_WATER_HOMEOSTASIS,4,4.35043738085335,0.179258365024336,0.75,1.35866251804755e-05,0.000451338922930763
REACTOME_COLLAGEN_CHAIN_TRIMERIZATION,4,4.33495798439194,0.291430024633221,0.75,1.45787965023314e-05,0.00048119373840067
KEGG_O_GLYCAN_BIOSYNTHESIS,4,4.33003117983814,0.229975089044209,0.75,1.49088230638021e-05,0.000488952420098834
GOBP_AUTOPHAGY_OF_NUCLEUS,3,-4.32671408409189,-0.261707578880814,1,1.5135021384652e-05,0.000493229272845401
GOBP_LUNG_EPITHELIUM_DEVELOPMENT,4,-4.31871310238374,-0.159868741144163,1,1.56941638072055e-05,0.000508234273228308
GOBP_REGULATION_OF_TRANSPOSITION,4,-4.31390374092804,-0.172121262324411,1,1.6039680626485e-05,0.000516176972161069
REACTOME_FORMATION_OF_FIBRIN_CLOT_CLOTTING_CASCADE,4,4.30811067770985,0.138043924023353,1,1.64654992204238e-05,0.000526589164509083
GOBP_POSITIVE_REGULATION_BY_HOST_OF_VIRAL_TRANSCRIPTION,4,-4.30354837829644,-0.203010311243317,1,1.68084123707423e-05,0.000534237748746619
REACTOME_FRS_MEDIATED_FGFR1_SIGNALING,4,4.29728543505845,0.125292698176055,0.75,1.72902490662277e-05,0.000546180935227034
GOBP_HISTONE_METHYLATION,4,-4.28186410182663,-0.125426202717852,1,1.853341626906e-05,0.000581881465667013
GOBP_AXONAL_TRANSPORT,4,4.27056663754682,0.146106715458474,1,1.94976950909543e-05,0.000608446254686811
GOBP_ENGULFMENT_OF_APOPTOTIC_CELL,3,4.26669376762821,0.170092064944282,1,1.98391186714373e-05,0.0006153712171038
GOBP_PYRIMIDINE_NUCLEOSIDE_MONOPHOSPHATE_BIOSYNTHETIC_PROCESS,3,-4.26366180716039,-0.226382238332961,1,2.01103750555952e-05,0.000620049827312931
GOBP_NEGATIVE_REGULATION_OF_CALCIUM_MEDIATED_SIGNALING,4,4.24784887069136,0.107730014168684,0.75,2.15832906196369e-05,0.000661502163098276
GOBP_ANTIGEN_PROCESSING_AND_PRESENTATION_OF_PEPTIDE_ANTIGEN_VIA_MHC_CLASS_I,4,-4.23745373804791,-0.136816369738349,1,2.26068980692071e-05,0.000685741719237908
REACTOME_RECOGNITION_OF_DNA_DAMAGE_BY_PCNA_CONTAINING_REPLICATION_COMPLEX,4,-4.23711984168293,-0.195813059156679,1,2.26405306409875e-05,0.000685741719237908
GOBP_REGULATION_OF_RUFFLE_ASSEMBLY,4,4.23415787273415,0.139342668795549,1,2.29409746366953e-05,0.000690778236282715
GOBP_NEGATIVE_REGULATION_OF_PROTEIN_LOCALIZATION_TO_CELL_PERIPHERY,4,4.22940810278103,0.0943595037703381,0.75,2.3430696526034e-05,0.000701422421003193
KEGG_TYPE_II_DIABETES_MELLITUS,4,-4.21966836938903,-0.11672393181044,1,2.44661946645771e-05,0.000728187493224898
GOBP_POSITIVE_REGULATION_OF_BROWN_FAT_CELL_DIFFERENTIATION,2,-4.21360233900966,-0.187778250283489,0.5,2.51329628880311e-05,0.000743733482244094
GOBP_NUCLEOTIDE_TRANSPORT,4,4.21092923738252,0.122515794034976,0.75,2.54322406498137e-05,0.000748289183462234
GOBP_SPLICEOSOMAL_SNRNP_ASSEMBLY,4,-4.20568736157176,-0.184561757329614,1,2.60289847495282e-05,0.000761495695882505
GOBP_NEURON_RECOGNITION,4,4.20230341393132,0.218005073262653,1,2.64212669655444e-05,0.000767804416960552
GOBP_MUCOPOLYSACCHARIDE_METABOLIC_PROCESS,4,4.20126421156712,0.0974100323143474,0.75,2.65428600153386e-05,0.000767804416960552
GOBP_PROTEIN_TARGETING_TO_LYSOSOME,4,4.18218622395088,0.173285417830486,0.75,2.88719328123785e-05,0.000830511631569479
GOBP_INTESTINAL_EPITHELIAL_CELL_DIFFERENTIATION,4,-4.1751676525975,-0.188473551509069,1,2.9776667919303e-05,0.000851778128424951
REACTOME_COPI_DEPENDENT_GOLGI_TO_ER_RETROGRADE_TRAFFIC,4,4.16788477050379,0.111618051491654,0.75,3.07439272709772e-05,0.000874588295681005
GOBP_REGULATION_OF_CALCIUM_ION_DEPENDENT_EXOCYTOSIS,4,4.16558621705922,0.109549818711593,1,3.10553528685265e-05,0.000876202417164151
GOBP_POSITIVE_REGULATION_OF_TOR_SIGNALING,4,-4.16495786994919,-0.159192423237721,1,3.11410064752456e-05,0.000876202417164151
REACTOME_PROCESSIVE_SYNTHESIS_ON_THE_LAGGING_STRAND,3,-4.14761541736458,-0.266799935467436,1,3.35956116779493e-05,0.000937922986834729
REACTOME_ADP_SIGNALLING_THROUGH_P2Y_PURINOCEPTOR_1,4,4.14691219190096,0.113937369932391,1,3.36989226188434e-05,0.000937922986834729
GOBP_POSITIVE_REGULATION_OF_NATURAL_KILLER_CELL_ACTIVATION,4,-4.14007334197269,-0.188862377386638,1,3.47194799262839e-05,0.000961132269572234
GOBP_SPERMATID_DIFFERENTIATION,4,-4.13545833863951,-0.112096089519858,1,3.5424688090186e-05,0.000975410261905709
GOBP_NEGATIVE_REGULATION_OF_PROTEASOMAL_UBIQUITIN_DEPENDENT_PROTEIN_CATABOLIC_PROCESS,4,-4.13002542158975,-0.231292155928975,0.75,3.62723123574555e-05,0.000993436895364566
REACTOME_SUMOYLATION_OF_INTRACELLULAR_RECEPTORS,4,-4.12269720931402,-0.114324617921458,1,3.74461783041122e-05,0.00102016069887764
GOBP_QUINONE_METABOLIC_PROCESS,4,4.12039825120791,0.155172081531496,1,3.78218069090838e-05,0.00102497096723617
GOBP_REGULATION_OF_MRNA_PROCESSING,4,-4.11619898748522,-0.187236101962786,1,3.8517179899731e-05,0.00103835057227076
GOBP_BASEMENT_MEMBRANE_ASSEMBLY,3,4.11376158924086,0.123738151201724,0.666666666666667,3.89263467172404e-05,0.00104391541274516
REACTOME_NCAM_SIGNALING_FOR_NEURITE_OUT_GROWTH,4,4.11123157146411,0.137763916881026,0.75,3.93554234283571e-05,0.00104995375768192
REACTOME_NCAM1_INTERACTIONS,4,4.10949908887214,0.183326763833058,0.75,3.96518279129689e-05,0.00105240856661792
REACTOME_DARPP_32_EVENTS,4,4.10163073901509,0.141375978650981,1,4.10248600892694e-05,0.00107781767808079
GOBP_POSITIVE_REGULATION_OF_TRANSCRIPTION_FROM_RNA_POLYMERASE_II_PROMOTER_IN_RESPONSE_TO_STRESS,4,-4.10161402677154,-0.269216706672389,0.5,4.10278238306146e-05,0.00107781767808079
GOBP_SPLICEOSOMAL_COMPLEX_ASSEMBLY,4,-4.09263184147738,-0.162600083577911,1,4.26504598986592e-05,0.00111475745186902
GOBP_REGULATION_OF_PROTEIN_ACETYLATION,4,-4.08003001481154,-0.144913460161291,1,4.50298860509991e-05,0.00116600198027917
GOBP_RIBONUCLEOSIDE_MONOPHOSPHATE_CATABOLIC_PROCESS,2,-4.07985411796244,-0.217097211637907,1,4.50639724365031e-05,0.00116600198027917
GOBP_POSITIVE_REGULATION_OF_PATHWAY_RESTRICTED_SMAD_PROTEIN_PHOSPHORYLATION,4,4.07686677970079,0.114222503286827,0.75,4.56466277721047e-05,0.00117517243199283
KEGG_SPLICEOSOME,4,-4.07520997767301,-0.187313330572158,1,4.59728457539636e-05,0.00117768250142865
GOBP_REFLEX,3,4.07017875135033,0.167445815279774,1,4.69770791181864e-05,0.00119621479171186
REACTOME_RESOLUTION_OF_AP_SITES_VIA_THE_MULTIPLE_NUCLEOTIDE_PATCH_REPLACEMENT_PATHWAY,4,-4.06926873832718,-0.185158522326567,1,4.71609249791238e-05,0.00119621479171186
REACTOME_GROWTH_HORMONE_RECEPTOR_SIGNALING,4,-4.06669152502986,-0.153574794588035,0.75,4.7685296808317e-05,0.00120358624150012
GOBP_TROPHECTODERMAL_CELL_DIFFERENTIATION,4,-4.06362771595988,-0.193690864688164,1,4.83158659705124e-05,0.00121355314088863
GOBP_SPHINGOSINE_BIOSYNTHETIC_PROCESS,1,4.05955731164031,0.293712057313408,1,4.91658396341469e-05,0.00122371670801504
GOBP_NEGATIVE_REGULATION_OF_MRNA_METABOLIC_PROCESS,4,-4.05941488607936,-0.155052077003726,1,4.91958358048384e-05,0.00122371670801504
GOBP_ENDODERM_FORMATION,4,4.04604119947136,0.115969222760018,0.75,5.20910690257551e-05,0.00128950439621929
GOBP_REGULATION_OF_TRIGLYCERIDE_METABOLIC_PROCESS,4,-4.04223349908755,-0.131157725378366,1,5.29444708126354e-05,0.00130435923547493
GOBP_HISTONE_DEACETYLATION,4,-4.03799487221218,-0.129004239257598,1,5.39100312776834e-05,0.00132182262404187
GOBP_TOOTH_MINERALIZATION,4,4.03456142466599,0.168213770802106,1,5.47043787137653e-05,0.00133129056618213
GOBP_REGULATION_OF_TOR_SIGNALING,4,-4.0340943838755,-0.176199371795893,1,5.48132841387863e-05,0.00133129056618213
GOBP_REGULATION_OF_HOMOTYPIC_CELL_CELL_ADHESION,4,4.02446215115384,0.100516284214077,0.75,5.71056770070127e-05,0.00138045601365778
GOBP_CHROMATIN_REMODELING,4,-4.02231062593501,-0.144978980118541,1,5.76299854347153e-05,0.00138662053739883
GOBP_ADAPTATION_OF_SIGNALING_PATHWAY,4,-4.01278194602155,-0.186533537675554,1,6.00073399327293e-05,0.0014371060154122
GOBP_FATTY_ACYL_COA_BIOSYNTHETIC_PROCESS,4,4.0115730937222,0.205755587330187,1,6.03154962863076e-05,0.00143779856656573
REACTOME_NICOTINATE_METABOLISM,4,4.00942689847627,0.108597725009412,0.75,6.08662917948237e-05,0.00144145810361221
GOBP_REGULATION_OF_CHROMATIN_ASSEMBLY_OR_DISASSEMBLY,4,-4.00833468796838,-0.138950411764861,1,6.11484198259059e-05,0.00144145810361221
GOBP_REGULATION_OF_HISTONE_METHYLATION,4,-4.00737623761509,-0.139391422566941,1,6.13970159436471e-05,0.00144145810361221
REACTOME_GOLGI_TO_ER_RETROGRADE_TRANSPORT,4,4.00583993680812,0.130435129476045,0.75,6.17974879858455e-05,0.00144145810361221
GOBP_DNA_DAMAGE_RESPONSE_SIGNAL_TRANSDUCTION_BY_P53_CLASS_MEDIATOR_RESULTING_IN_CELL_CYCLE_ARREST,4,-4.00556751296399,-0.116986343979514,0.75,6.18687591567874e-05,0.00144145810361221
GOBP_CELL_PROLIFERATION_IN_HINDBRAIN,4,-4.00168467218391,-0.169306726282051,1,6.28930796592266e-05,0.00145872282506918
GOBP_CARDIAC_MUSCLE_CELL_ACTION_POTENTIAL,4,4.00056861612767,0.118221297035274,1,6.31904605760568e-05,0.00145904789913057
GOBP_ACETYL_COA_METABOLIC_PROCESS,4,-3.99419385865065,-0.124209078779783,1,6.49147360689487e-05,0.00149216953579918
GOBP_REGULATION_OF_WOUND_HEALING,4,3.99247820320731,0.0787941153302834,0.75,6.53863449031111e-05,0.00149633017736053
GOBP_POSITIVE_REGULATION_OF_PROTEIN_DEACETYLATION,4,-3.99118801543837,-0.237335021724637,0.75,6.57431330644015e-05,0.00149783801835665
REACTOME_GLUCAGON_SIGNALING_IN_METABOLIC_REGULATION,4,3.98836772502162,0.110592919339314,0.75,6.65294817283981e-05,0.00150723748716666
GOBP_PEPTIDYL_ASPARAGINE_MODIFICATION,4,3.98761397552928,0.227199065490217,0.75,6.67411433431733e-05,0.00150723748716666
GOBP_CYCLIC_NUCLEOTIDE_MEDIATED_SIGNALING,4,-3.98137068355162,-0.115526481258869,1,6.8518995759963e-05,0.00154063017103952
GOBP_POSITIVE_REGULATION_OF_TRANSCRIPTION_FROM_RNA_POLYMERASE_II_PROMOTER_INVOLVED_IN_CELLULAR_RESPONSE_TO_CHEMICAL_STIMULUS,4,-3.97124767461071,-0.228765987681101,0.5,7.14972007522452e-05,0.00160060472466657
GOBP_POSITIVE_REGULATION_OF_SMAD_PROTEIN_SIGNAL_TRANSDUCTION,4,3.96384959538523,0.186436386224527,1,7.37507284644312e-05,0.0016439069301444
GOBP_NUCLEOSOME_ORGANIZATION,4,-3.95988039801348,-0.166677174043382,1,7.49873095078678e-05,0.00166426576144833
GOBP_REGULATION_OF_MRNA_SPLICING_VIA_SPLICEOSOME,4,-3.9526766735445,-0.168297099021303,1,7.72818299424842e-05,0.00170782893722683
GOBP_RNA_STABILIZATION,4,-3.94800476532332,-0.158965047097614,1,7.88052363880975e-05,0.00173405197505262
GOBP_3_UTR_MEDIATED_MRNA_DESTABILIZATION,3,-3.93981186675395,-0.214414015310255,1,8.15455324878033e-05,0.00178671466714766
GOBP_OSTEOCLAST_DEVELOPMENT,4,3.93829100721262,0.199269113627538,0.75,8.20640289245763e-05,0.00179045629208747
REACTOME_REGULATION_OF_GENE_EXPRESSION_IN_LATE_STAGE_BRANCHING_MORPHOGENESIS_PANCREATIC_BUD_PRECURSOR_CELLS,2,-3.93268141676557,-0.270423576785748,1,8.40035377778116e-05,0.0018250388861517
GOBP_SERTOLI_CELL_DIFFERENTIATION,4,-3.93095228462806,-0.198270838530128,0.75,8.46100644841439e-05,0.00183049252953301
REACTOME_MISCELLANEOUS_TRANSPORT_AND_BINDING_EVENTS,4,3.92727569066996,0.224935450391911,1,8.59134830289618e-05,0.00184984964184098
GOBP_BASEMENT_MEMBRANE_ORGANIZATION,4,3.926409458595,0.16054147272118,0.75,8.62233276445594e-05,0.00184984964184098
GOBP_MYOBLAST_DIFFERENTIATION,4,-3.92530949564235,-0.0650666040745351,0.75,8.66182977638533e-05,0.00185061251114556
GOBP_PROTEIN_LOCALIZATION_TO_SYNAPSE,4,3.92362385417387,0.127008747029572,1,8.72268895578191e-05,0.00185376035166642
GOBP_RECEPTOR_LOCALIZATION_TO_SYNAPSE,4,3.92291043703432,0.163625988479235,0.5,8.74856798319944e-05,0.00185376035166642
GOBP_POSITIVE_REGULATION_OF_PEPTIDYL_LYSINE_ACETYLATION,4,-3.92139774787026,-0.121663345179583,1,8.80368056811479e-05,0.00185400277624315
GOBP_SPHINGOID_METABOLIC_PROCESS,2,3.92090438964795,0.20752721956064,1,8.82172616390703e-05,0.00185400277624315
GOBP_CALCIUM_DEPENDENT_CELL_CELL_ADHESION_VIA_PLASMA_MEMBRANE_CELL_ADHESION_MOLECULES,4,3.91323517882094,0.163427914904861,0.75,9.10677631551937e-05,0.00190612972555322
GOBP_NEGATIVE_REGULATION_OF_MRNA_CATABOLIC_PROCESS,4,-3.90972731675053,-0.148884473923545,1,9.2400367574189e-05,0.00192619227789271
GOBP_PROTEIN_METHYLATION,4,-3.90850550388314,-0.115133865815929,1,9.28688320397775e-05,0.00192815167811619
GOBP_EPIBOLY,4,3.90186811498327,0.106019247492525,1,9.54531631711785e-05,0.00197025882596769
GOBP_MITOTIC_DNA_INTEGRITY_CHECKPOINT_SIGNALING,4,-3.90133866599862,-0.115257250224041,1,9.56622075144536e-05,0.00197025882596769
REACTOME_INTRINSIC_PATHWAY_OF_FIBRIN_CLOT_FORMATION,4,3.89131339989254,0.212901855705236,1,9.97030514005572e-05,0.00204530283530466
GOBP_NEGATIVE_REGULATION_OF_OXIDOREDUCTASE_ACTIVITY,4,3.88595989624004,0.128468679570271,1,0.000101926333515447,0.00207623028118631
REACTOME_MET_ACTIVATES_PTK2_SIGNALING,4,3.88574358805005,0.165145415944644,0.75,0.000102017141413893,0.00207623028118631
GOBP_SKELETAL_MUSCLE_CELL_DIFFERENTIATION,4,-3.87305048805379,-0.155265187361961,0.75,0.000107481551054018,0.00217882876526433
GOBP_NCRNA_CATABOLIC_PROCESS,4,-3.87168186180839,-0.175474687369747,1,0.000108086968308661,0.00218250901890705
REACTOME_OPIOID_SIGNALLING,4,3.86388250875365,0.0946405688231544,1,0.00011159891529345,0.00224462037049209
GOBP_CELLULAR_RESPONSE_TO_STEROL,4,-3.86149989837582,-0.149223801304415,1,0.000112693059198908,0.00225475582727221
REACTOME_HDR_THROUGH_HOMOLOGOUS_RECOMBINATION_HRR,4,-3.86088161405597,-0.131448728228306,1,0.00011297863729583,0.00225475582727221
GOBP_PROTEIN_O_LINKED_GLYCOSYLATION,4,3.85885072436908,0.117458612009922,0.75,0.000113921491948817,0.00226479444804809
GOBP_NATURAL_KILLER_CELL_ACTIVATION_INVOLVED_IN_IMMUNE_RESPONSE,4,3.85200589048668,0.0916070073294737,1,0.000117154204114206,0.00231432918421683
GOBP_REGULATION_OF_PEPTIDYL_LYSINE_ACETYLATION,4,-3.85167618295347,-0.133829151062471,1,0.000117312083332801,0.00231432918421683
REACTOME_PLATELET_ACTIVATION_SIGNALING_AND_AGGREGATION,4,3.84740376844704,0.0744722425945339,0.75,0.000119376142575066,0.00234606014549241
GOBP_NUCLEAR_TRANSCRIBED_MRNA_CATABOLIC_PROCESS_EXONUCLEOLYTIC,4,-3.84584241905606,-0.172381042099146,1,0.000120138958259823,0.00235207412958111
GOBP_PROTEIN_PROCESSING,4,3.84109624962847,0.0866585025370621,1,0.000122486072163185,0.00238894236957667
GOBP_POSITIVE_REGULATION_OF_NEURAL_PRECURSOR_CELL_PROLIFERATION,4,-3.83624699082303,-0.0752651512423101,0.75,0.000124928770612269,0.00242738958446255
GOBP_REGULATION_OF_MRNA_METABOLIC_PROCESS,4,-3.83020954268404,-0.153634544572664,1,0.000128034183496331,0.00247837598053612
GOBP_OUTFLOW_TRACT_SEPTUM_MORPHOGENESIS,4,3.82660491787554,0.106750558908037,1,0.000129922787718553,0.00250551473394318
REACTOME_DNA_DAMAGE_BYPASS,4,-3.82474113726487,-0.144689358592562,1,0.000130909561813926,0.00251512437977577
REACTOME_LYSOSOME_VESICLE_BIOGENESIS,4,3.82159927989379,0.111119191916199,0.75,0.00013258901532505,0.00253792133795049
GOBP_NEGATIVE_REGULATION_OF_PEPTIDYL_LYSINE_ACETYLATION,4,-3.81433942835745,-0.13452796014185,0.75,0.000136547685388564,0.00260401493357672
GOBP_NEGATIVE_REGULATION_OF_RESPONSE_TO_WOUNDING,4,3.81268602790339,0.103124375073196,0.75,0.000137464692413107,0.00261182915584903
REACTOME_KINESINS,4,3.8086784771283,0.12350763579135,0.75,0.000139711484894245,0.00264475895485466
GOBP_O_GLYCAN_PROCESSING,4,3.8054593997156,0.167020558699545,0.75,0.000141541231704595,0.00266958169247971
GOBP_CALCIUM_ION_IMPORT,4,3.80071973739825,0.11242468247729,0.75,0.000144276411813935,0.00271123811835748
GOBP_TOR_SIGNALING,4,-3.79407377022795,-0.16485266583086,1,0.000148195612794546,0.00277476076465134
GOBP_REGULATION_OF_THE_FORCE_OF_HEART_CONTRACTION,4,3.79186759814165,0.0311181402761914,0.5,0.000149518626522795,0.00278938915929664
REACTOME_CHONDROITIN_SULFATE_BIOSYNTHESIS,4,3.79022641919973,0.0920952978850288,0.75,0.000150510025293532,0.00279774772648518
GOBP_CALCIUM_ION_REGULATED_EXOCYTOSIS_OF_NEUROTRANSMITTER,3,3.787277777805,0.12945056318117,1,0.000152306797887999,0.0028209629580047
GOBP_FATTY_ACYL_COA_METABOLIC_PROCESS,4,3.78222476171984,0.159988696186148,1,0.000155432916966822,0.00286203954949017
REACTOME_TRANSCRIPTIONAL_REGULATION_OF_WHITE_ADIPOCYTE_DIFFERENTIATION,4,-3.78189941234145,-0.164668251366162,1,0.000155636254390609,0.00286203954949017
REACTOME_GAMMA_CARBOXYLATION_HYPUSINE_FORMATION_AND_ARYLSULFATASE_ACTIVATION,4,3.77891832835621,0.148761977467822,0.75,0.000157511069830068,0.0028862081799111
REACTOME_REGULATION_OF_TP53_ACTIVITY_THROUGH_METHYLATION,4,-3.77658142659298,-0.113909762885797,1,0.000158995596375906,0.00290307916928915
GOBP_MEMBRANE_DEPOLARIZATION_DURING_CARDIAC_MUSCLE_CELL_ACTION_POTENTIAL,4,3.77431639640098,0.177465856596675,1,0.000160447023950883,0.00291922871492261
GOBP_NEGATIVE_REGULATION_OF_EPITHELIAL_TO_MESENCHYMAL_TRANSITION,4,-3.77342001201935,-0.0744145306736956,0.5,0.000161024861675872,0.00291928003114324
GOBP_VASCULAR_ASSOCIATED_SMOOTH_MUSCLE_CONTRACTION,4,3.7718113697004,0.131750903328823,0.75,0.000162066756832392,0.00291928003114324
REACTOME_BASE_EXCISION_REPAIR,4,-3.77168214868362,-0.152632732288232,1,0.000162150726142351,0.00291928003114324
GOBP_NEGATIVE_REGULATION_OF_RNA_CATABOLIC_PROCESS,4,-3.76900974939237,-0.144105158938835,1,0.000163896486596451,0.00294042860447779
GOBP_REGULATION_OF_CHROMATIN_ORGANIZATION,4,-3.76659221816445,-0.135466006073523,1,0.000165490973316627,0.00294853645277969
GOBP_ACETYL_COA_BIOSYNTHETIC_PROCESS,4,-3.76658811057104,-0.133061179366923,1,0.000165493694863727,0.00294853645277969
HALLMARK_COAGULATION,4,3.76404390540461,0.130833066509458,1,0.000167187509979822,0.0029684430651245
REACTOME_G_PROTEIN_ACTIVATION,4,3.76275988316995,0.12043638162494,1,0.000168048532553838,0.00297347729938045
REACTOME_TRANSCRIPTIONAL_REGULATION_OF_GRANULOPOIESIS,4,-3.75919001176128,-0.24156635544926,0.75,0.00017046434151288,0.00300490210315319
KEGG_PROPANOATE_METABOLISM,4,-3.75841704366464,-0.153529138116359,1,0.000170991710278478,0.00300490210315319
GOBP_CIRCADIAN_REGULATION_OF_GENE_EXPRESSION,4,-3.75650205015072,-0.154645073119876,0.75,0.000172304860557091,0.00301767934356619
KEGG_LYSOSOME,4,3.75525122136328,0.134077780032172,0.75,0.000173167694082074,0.0030225100231478
GOBP_CD8_POSITIVE_ALPHA_BETA_T_CELL_ACTIVATION,4,-3.7534154519743,-0.096627021162294,0.75,0.000174441386430061,0.00303445506327157
GOBP_MYOBLAST_PROLIFERATION,3,-3.75007862512953,-0.0678781448524859,0.666666666666667,0.000176779132812399,0.00306221263932788
REACTOME_CELLULAR_RESPONSE_TO_STARVATION,4,-3.74867187562276,-0.234458249848564,0.75,0.000177773488151379,0.00306221263932788
REACTOME_SIGNAL_AMPLIFICATION,4,3.74860450180057,0.101739031822591,1,0.000177821242796473,0.00306221263932788
REACTOME_ENERGY_DEPENDENT_REGULATION_OF_MTOR_BY_LKB1_AMPK,4,-3.74523673887113,-0.157332526720285,0.75,0.000180223747274283,0.00309025403302114
GOBP_REGULATION_OF_CALCINEURIN_MEDIATED_SIGNALING,4,3.74464374675628,0.0908799975881343,1,0.000180649925022211,0.00309025403302114
GOBP_RNA_DESTABILIZATION,4,-3.74341628690792,-0.170344150697926,1,0.000181535101034459,0.00309511336167692
GOBP_HISTONE_H3_ACETYLATION,4,-3.74155310723202,-0.18732736371194,1,0.000182886519133773,0.00310786365353068
REACTOME_HEME_SIGNALING,4,-3.74013254159065,-0.152977367553654,1,0.000183923245093457,0.00311519996377043
REACTOME_PRESYNAPTIC_FUNCTION_OF_KAINATE_RECEPTORS,4,3.72455342009907,0.0880977897893087,0.75,0.000195661278324895,0.00330314728555701
GOBP_TERPENOID_BIOSYNTHETIC_PROCESS,4,3.72274469085671,0.131239978549135,1,0.000197068769848285,0.0033110450549014
GOBP_MITOTIC_G1_S_TRANSITION_CHECKPOINT_SIGNALING,4,-3.72230137275458,-0.0606059027448818,0.5,0.000197415193601617,0.0033110450549014
GOBP_NEGATIVE_REGULATION_OF_PEPTIDASE_ACTIVITY,4,3.71949845789733,0.0514574378575283,0.75,0.000199618766168574,0.00333713320455191
GOBP_NEGATIVE_REGULATION_OF_WOUND_HEALING,4,3.71430144555583,0.100416682499222,0.75,0.000203765784632027,0.00339543697433756
REACTOME_CYTOSOLIC_SULFONATION_OF_SMALL_MOLECULES,4,3.71160502360762,0.190507312968426,0.75,0.000205949183177062,0.00342074949735063
GOBP_NUCLEOTIDE_EXCISION_REPAIR,4,-3.70778079527698,-0.160227172927838,1,0.00020908352016628,0.00346164323259221
REACTOME_TRISTETRAPROLIN_TTP_ZFP36_BINDS_AND_DESTABILIZES_MRNA,3,-3.70359161372351,-0.145659251269966,1,0.000212568364914712,0.00350805932995465
GOBP_RESPONSE_TO_STARVATION,4,-3.69947657195158,-0.160827975647498,1,0.000216044581634569,0.00355403690363065
GOBP_PROTEIN_LOCALIZATION_TO_CELL_CELL_JUNCTION,4,3.69741536439227,0.0476582538799973,0.5,0.000217805801872618,0.00357159896128061
GOBP_REGULATION_OF_MIRNA_TRANSCRIPTION,4,-3.69550787950595,-0.131272021739693,1,0.000219447674022897,0.00358111325224373
GOBP_EMBRYONIC_PLACENTA_MORPHOGENESIS,4,-3.69434596381539,-0.120717072258953,1,0.000220453483090672,0.00358111325224373
GOBP_POSITIVE_REGULATION_OF_TRANSCRIPTION_ELONGATION_FROM_RNA_POLYMERASE_II_PROMOTER,4,-3.69432404370569,-0.210134678113248,1,0.000220472499701158,0.00358111325224373
GOBP_REGULATION_OF_SYSTEMIC_ARTERIAL_BLOOD_PRESSURE_BY_CIRCULATORY_RENIN_ANGIOTENSIN,4,3.69065663248293,0.123798017150211,0.75,0.000223675905585504,0.00362121025304678
GOBP_ENDOPLASMIC_RETICULUM_CALCIUM_ION_HOMEOSTASIS,4,3.68989384047587,0.0454397984420331,0.5,0.000224347654053588,0.00362121025304678
GOBP_NEGATIVE_REGULATION_OF_PROTEIN_LOCALIZATION_TO_MEMBRANE,4,3.6877731316703,0.0879060989168407,0.75,0.000226225209093848,0.00364010500507569
REACTOME_NEUROTRANSMITTER_RECEPTORS_AND_POSTSYNAPTIC_SIGNAL_TRANSMISSION,4,3.68613493601908,0.0844887876715662,1,0.000227685660739477,0.00365219148644103
REACTOME_SHC_MEDIATED_CASCADE_FGFR4,4,3.68278102594946,0.104557024430383,0.75,0.000230703319734685,0.00368910370594376
GOBP_REGULATION_OF_GLYCOGEN_METABOLIC_PROCESS,4,-3.6786339288463,-0.115188311853935,1,0.00023448654824034,0.00373799144547836
REACTOME_FOXO_MEDIATED_TRANSCRIPTION_OF_CELL_CYCLE_GENES,4,-3.67034130298053,-0.270491180491616,0.5,0.000242226819999601,0.00384946264252452
GOBP_WALKING_BEHAVIOR,4,3.66884873965867,0.117311898020477,1,0.000243645172894639,0.00385484168470508
REACTOME_MEIOTIC_SYNAPSIS,4,-3.66841101186256,-0.165859414911084,1,0.000244062612005021,0.00385484168470508
GOBP_PTERIDINE_CONTAINING_COMPOUND_METABOLIC_PROCESS,4,-3.66627255788737,-0.13326674406333,1,0.000246111611333166,0.00387531708487606
GOBP_BIOMINERALIZATION,4,3.66340478349767,0.0845538286428222,0.75,0.000248884759507752,0.0039070354472726
GOBP_RENAL_TUBULAR_SECRETION,4,-3.66222715152776,-0.11759496454394,0.75,0.000250032000422202,0.00391311480296024
GOBP_NEGATIVE_REGULATION_OF_PLATELET_ACTIVATION,4,3.66139303317755,0.133828240807598,0.75,0.00025084759142631,0.00391398257046689
GOBP_RIBONUCLEOPROTEIN_COMPLEX_SUBUNIT_ORGANIZATION,4,-3.65974148878024,-0.146501317599689,1,0.000252469818347508,0.00392739303526079
GOBP_TRANSCRIPTION_ELONGATION_FROM_RNA_POLYMERASE_II_PROMOTER,4,-3.65891492668263,-0.160516998626547,1,0.000253285396997076,0.00392821237692152
GOBP_ENDOCARDIAL_CUSHION_FORMATION,4,3.65728471453041,0.121921875386252,0.75,0.000254901193958822,0.00394140014322516
KEGG_VALINE_LEUCINE_AND_ISOLEUCINE_DEGRADATION,4,-3.65138019001878,-0.181542339600595,1,0.000260834775258968,0.00402107262816894
REACTOME_VASOPRESSIN_REGULATES_RENAL_WATER_HOMEOSTASIS_VIA_AQUAPORINS,4,3.65036132876949,0.103937186873889,0.75,0.000261871660636179,0.00402500650930056
REACTOME_DISEASES_ASSOCIATED_WITH_GLYCOSAMINOGLYCAN_METABOLISM,4,3.64828336149555,0.153737035732147,0.75,0.000263998377680221,0.00404561799605791
GOBP_P_BODY_ASSEMBLY,4,-3.6468749976652,-0.137851556183777,1,0.000265448976766726,0.00405577679932306
GOBP_ESTABLISHMENT_OF_EPITHELIAL_CELL_APICAL_BASAL_POLARITY,3,3.63730740872022,0.202190228489527,0.666666666666667,0.00027550304924159,0.00419327477456049
GOBP_REGULATION_OF_AMYLOID_FIBRIL_FORMATION,3,3.63677121408243,0.15884956159825,1,0.000276076936992816,0.00419327477456049
GOBP_TETRAPYRROLE_BIOSYNTHETIC_PROCESS,4,3.63328797673639,0.179265554473687,1,0.000279832402149468,0.00423781481961063
GOBP_ZINC_ION_TRANSPORT,4,3.62067406160691,0.134530151604348,1,0.000293836492159954,0.00443497184483872
REACTOME_BINDING_AND_UPTAKE_OF_LIGANDS_BY_SCAVENGER_RECEPTORS,4,3.62002568289189,0.157797368371318,0.75,0.000294573775671944,0.00443497184483872
GOBP_STARTLE_RESPONSE,4,3.60892866109946,0.0630361639947142,0.75,0.000307464138694621,0.00461554766804257
REACTOME_MRNA_SPLICING,4,-3.6036651732324,-0.139063203625164,1,0.00031376119931833,0.00469638492816884
GOBP_T_CELL_APOPTOTIC_PROCESS,4,3.60273394586004,0.0509167844269681,0.75,0.000314887782161649,0.00469869893324072
GOBP_T_CELL_HOMEOSTASIS,4,3.60203084624121,0.0970537778810229,1,0.000315740887726022,0.00469869893324072
GOBP_INOSITOL_PHOSPHATE_CATABOLIC_PROCESS,4,-3.59825065164877,-0.257631263985876,1,0.000320364793852172,0.00475377038485543
GOBP_FIBRINOLYSIS,4,3.59424864417921,0.19037068863339,1,0.000325329043844816,0.00481356105389931
GOBP_CELLULAR_RESPONSE_TO_STARVATION,4,-3.59328432960146,-0.166942637455129,1,0.000326535935162488,0.00481757458496175
GOBP_ORGANIC_ACID_CATABOLIC_PROCESS,4,-3.59024791818814,-0.100300835367513,1,0.00033036359235032,0.00486012039146228
REACTOME_ACTIVATION_OF_BAD_AND_TRANSLOCATION_TO_MITOCHONDRIA,3,3.58854112989419,0.0729223008463747,0.666666666666667,0.000332533538297288,0.00487810595069155
GOBP_POSITIVE_REGULATION_OF_RECEPTOR_SIGNALING_PATHWAY_VIA_STAT,4,-3.58427067519681,-0.101848533859256,1,0.000338021404988929,0.00494452333604545
GOBP_DIOL_BIOSYNTHETIC_PROCESS,3,3.58251921798157,0.138059315453942,1,0.00034029657300756,0.00496370270372784
GOBP_ACTIVATION_OF_JANUS_KINASE_ACTIVITY,3,-3.58104708817571,-0.1119643382748,0.666666666666667,0.000342219964281314,0.00497765705108612
GOBP_AXONAL_TRANSPORT_OF_MITOCHONDRION,4,3.57760693305582,0.231744447214376,1,0.000346754376157535,0.00501499184319562
GOBP_STRIATED_MUSCLE_CELL_PROLIFERATION,4,-3.57699697185056,-0.151730224847537,0.75,0.00034756419845432,0.00501499184319562
REACTOME_THROMBOXANE_SIGNALLING_THROUGH_TP_RECEPTOR,4,3.57688827374041,0.125712491004167,1,0.000347708698392083,0.00501499184319562
GOBP_NUCLEAR_TRANSCRIBED_MRNA_POLY_A_TAIL_SHORTENING,4,-3.57562343569139,-0.210412569733431,1,0.000349394271842415,0.005025226552281
GOBP_SOMATIC_DIVERSIFICATION_OF_IMMUNOGLOBULINS_INVOLVED_IN_IMMUNE_RESPONSE,4,-3.57416579369194,-0.099669798241878,0.75,0.000351346261671282,0.00503922535193714
GOBP_HYALURONAN_METABOLIC_PROCESS,4,3.57143801865971,0.144994748231706,0.75,0.000355026572135254,0.00507786616645673
REACTOME_PROCESSING_OF_CAPPED_INTRON_CONTAINING_PRE_MRNA,4,-3.57005115304241,-0.142175577165027,1,0.000356911524723862,0.00509068543158771
GOBP_REGULATION_OF_PROTEIN_KINASE_A_SIGNALING,4,-3.567914517964,-0.138168238036277,1,0.000359833848510812,0.00511818918779606
GOBP_REGULATION_OF_UNSATURATED_FATTY_ACID_BIOSYNTHETIC_PROCESS,1,-3.55903019116011,-0.269491089776255,1,0.000372226745432181,0.00527987744416061
KEGG_NUCLEOTIDE_EXCISION_REPAIR,4,-3.55500754500182,-0.152917691235841,1,0.00037796824315292,0.00534658924174282
GOBP_POSITIVE_REGULATION_OF_HISTONE_METHYLATION,4,-3.55297522286818,-0.129843140763296,1,0.000380900339361897,0.00537330369143674
KEGG_COMPLEMENT_AND_COAGULATION_CASCADES,4,3.55072966236823,0.154296079280961,1,0.000384164797002281,0.00540454792285449
GOBP_CELL_FATE_COMMITMENT_INVOLVED_IN_FORMATION_OF_PRIMARY_GERM_LAYER,4,-3.54607522755862,-0.142992119708016,1,0.00039101456594711,0.00547459826552678
REACTOME_COPI_MEDIATED_ANTEROGRADE_TRANSPORT,4,3.54590275366974,0.0948232372395351,0.75,0.000391270569375384,0.00547459826552678
GOBP_KIDNEY_MESENCHYME_DEVELOPMENT,4,3.54301536828235,0.130519809308235,1,0.000395579648874474,0.00551989054757362
REACTOME_KSRP_KHSRP_BINDS_AND_DESTABILIZES_MRNA,4,-3.53782755606323,-0.138266856589793,1,0.000403433443970766,0.00561426703514993
GOBP_PROTEIN_LOCALIZATION_TO_LYSOSOME,4,3.5370825273924,0.109515547885359,0.75,0.00040457322655598,0.00561495294753839
GOBP_NEGATIVE_REGULATION_OF_SIGNAL_TRANSDUCTION_IN_ABSENCE_OF_LIGAND,4,3.53545509742258,0.100220676336661,1,0.00040707342149408,0.00563446518084144
GOBP_GLYCOSYLATION,4,3.5344564834198,0.118687087303576,0.75,0.000408614713801651,0.00564063582135308
REACTOME_RESOLUTION_OF_ABASIC_SITES_AP_SITES,4,-3.53089150055117,-0.146979945387795,1,0.000414161598679972,0.0057019199775486
GOBP_NUCLEAR_TRANSCRIBED_MRNA_CATABOLIC_PROCESS_DEADENYLATION_DEPENDENT_DECAY,4,-3.52657958767806,-0.180190493279799,1,0.000420964622247443,0.00578012490653889
REACTOME_MISMATCH_REPAIR,2,-3.52323235374184,-0.206541412555364,1,0.000426317436883608,0.00581341627052744
GOBP_PIGMENT_CELL_DIFFERENTIATION,4,3.52323121060571,0.085021226331312,0.75,0.000426319275766578,0.00581341627052744
GOBP_REGULATION_OF_ALTERNATIVE_MRNA_SPLICING_VIA_SPLICEOSOME,4,-3.52294722361819,-0.119914500299233,1,0.000426776335261094,0.00581341627052744
REACTOME_DISEASES_ASSOCIATED_WITH_O_GLYCOSYLATION_OF_PROTEINS,4,3.52116194251759,0.107160500317656,0.75,0.000429660130102349,0.00583725596278891
GOBP_CRANIOFACIAL_SUTURE_MORPHOGENESIS,3,3.51889596735193,0.0948433462035357,0.666666666666667,0.000433346601148847,0.00587184644556688
GOBP_REGULATION_OF_MRNA_CATABOLIC_PROCESS,4,-3.51139695419428,-0.12965621364896,1,0.000445758239981174,0.0060241710699818
GOBP_RESPONSE_TO_ELECTRICAL_STIMULUS,4,-3.5047927700803,-0.128848876055675,1,0.000456962825299081,0.00615942823943709
GOBP_REGULATION_OF_RESPONSE_TO_EXTRACELLULAR_STIMULUS,4,-3.50144690189903,-0.12575138203211,1,0.000462739170111893,0.00622100257677843
GOBP_REGULATION_OF_CELLULAR_RESPONSE_TO_VASCULAR_ENDOTHELIAL_GROWTH_FACTOR_STIMULUS,4,3.49995284271963,0.129765621949668,0.75,0.000465340471548829,0.00623968252084614
GOBP_NEGATIVE_REGULATION_OF_PROTEASOMAL_PROTEIN_CATABOLIC_PROCESS,4,-3.4983782226355,-0.172237139379493,0.75,0.000468096799667482,0.00626033875711134
GOBP_REGULATION_OF_NUCLEOBASE_CONTAINING_COMPOUND_TRANSPORT,2,-3.49501455140482,-0.264168381670847,1,0.000474035910396045,0.00632334430732962
GOBP_TRIGLYCERIDE_BIOSYNTHETIC_PROCESS,4,-3.49282897953307,-0.130387077367325,1,0.000477932489540847,0.0063588485494724
GOBP_AXO_DENDRITIC_TRANSPORT,4,3.49182251458409,0.115593104978651,1,0.000479736909121219,0.00636640552851845
REACTOME_RNA_POLYMERASE_II_TRANSCRIBES_SNRNA_GENES,4,-3.49065259665209,-0.105337122358939,1,0.0004818423572501,0.0063779082197449
GOBP_CELL_DIFFERENTIATION_IN_HINDBRAIN,4,-3.47583290045013,-0.126108628517511,1,0.000509269493530976,0.00672366313382306
GOBP_POSITIVE_REGULATION_OF_PROTEIN_IMPORT,4,-3.47158140791534,-0.146843123329006,1,0.000517402426931846,0.006807303174091
GOBP_MORPHOGENESIS_OF_AN_EPITHELIAL_SHEET,4,3.47114257392714,0.0817482338434422,0.75,0.000518248755922252,0.006807303174091
REACTOME_METABOLISM_OF_FOLATE_AND_PTERINES,3,-3.46947356927354,-0.113281516625917,0.666666666666667,0.000521479374357983,0.00683230864775892
GOBP_DNA_TEMPLATED_TRANSCRIPTION_ELONGATION,4,-3.46735982417309,-0.143440407118858,1,0.00052559779640595,0.00686054413344347
REACTOME_DEFECTIVE_INTRINSIC_PATHWAY_FOR_APOPTOSIS,4,3.46700133892685,0.113896805914961,1,0.000526299268345343,0.00686054413344347
GOBP_HISTONE_H3_K14_ACETYLATION,3,-3.46497169171807,-0.178592016878308,1,0.000530287295031307,0.00689507394473787
GOBP_REGULATION_OF_CHROMATIN_ASSEMBLY,4,-3.46359650500505,-0.126014622927023,1,0.000533005365247893,0.00691295875481462
GOBP_PROTEOGLYCAN_METABOLIC_PROCESS,4,3.46189749349606,0.117594698763927,0.75,0.000536381405414959,0.0069268459481186
GOBP_POSITIVE_REGULATION_OF_LAMELLIPODIUM_ORGANIZATION,4,3.46170424564912,0.11200138816049,0.75,0.000536766660186312,0.0069268459481186
REACTOME_FOXO_MEDIATED_TRANSCRIPTION,4,-3.46087697912953,-0.215327792075941,0.75,0.000538418797059437,0.00693079596514761
GOBP_PLASMA_MEMBRANE_ORGANIZATION,4,3.45944438356059,0.0461643203464725,0.75,0.000541291050166394,0.00695039306061537
KEGG_HEDGEHOG_SIGNALING_PATHWAY,4,3.45840545429861,0.0998138952382307,1,0.000543382953315,0.00695536591846781
REACTOME_REGULATION_OF_PYRUVATE_DEHYDROGENASE_PDH_COMPLEX,4,-3.45791160342456,-0.174887537386411,1,0.000544379969924748,0.00695536591846781
GOBP_REGULATION_OF_EXTRINSIC_APOPTOTIC_SIGNALING_PATHWAY_IN_ABSENCE_OF_LIGAND,4,3.45387152888539,0.0887265979937595,1,0.000552600553920639,0.00704292141618161
REACTOME_DEACTIVATION_OF_THE_BETA_CATENIN_TRANSACTIVATING_COMPLEX,4,-3.45314405848504,-0.127792601457621,1,0.000554093011523648,0.0070445059662599
GOBP_RIBONUCLEOSIDE_CATABOLIC_PROCESS,3,-3.44969372819228,-0.166103705207588,1,0.000561222882326358,0.00711256922379333
REACTOME_BUTYRATE_RESPONSE_FACTOR_1_BRF1_BINDS_AND_DESTABILIZES_MRNA,3,-3.44921959457123,-0.113936535007485,0.666666666666667,0.000562209297744006,0.00711256922379333
GOBP_CALCIUM_ION_REGULATED_EXOCYTOSIS,4,3.44798200084709,0.0955846120495169,0.75,0.000564791673574677,0.00711777643339827
REACTOME_SYNTHESIS_OF_IP3_AND_IP4_IN_THE_CYTOSOL,4,-3.44769809946442,-0.148881925106094,1,0.000565385620753524,0.00711777643339827
GOBP_REGULATION_OF_NATURAL_KILLER_CELL_ACTIVATION,4,-3.44690584557276,-0.153881518341018,1,0.000567046164983223,0.00712127000853321
GOBP_PLATELET_ACTIVATION,4,3.44594979950645,0.0816743969516159,0.75,0.000569056060606588,0.00712912325076234
KEGG_RNA_DEGRADATION,4,-3.44324516323607,-0.112211773968716,1,0.000574778005541913,0.00718332997702745
GOBP_RENAL_SODIUM_EXCRETION,4,-3.44135917450353,-0.101469800510788,0.75,0.00057879966908341,0.00721607626176871
GOBP_AUTOPHAGY_OF_MITOCHONDRION,4,-3.43914767109265,-0.168034119338261,1,0.000583548824943076,0.00725771231795144
GOBP_DOSAGE_COMPENSATION,4,-3.43629400564222,-0.213980394566127,0.75,0.000589730625656255,0.00730904257002012
REACTOME_GLYCOSAMINOGLYCAN_METABOLISM,4,3.43593391507719,0.104171349170125,0.75,0.000590514994975407,0.00730904257002012
REACTOME_MATURATION_OF_SARS_COV_2_SPIKE_PROTEIN,4,3.43303878171208,0.135321586919738,1,0.000596856718845853,0.00736982073222373
GOBP_CARDIAC_MUSCLE_CELL_ACTION_POTENTIAL_INVOLVED_IN_CONTRACTION,4,3.43036056748855,0.111045474192097,1,0.000602779677262996,0.00742514966083054
GOBP_PARAXIAL_MESODERM_DEVELOPMENT,3,-3.42650168250167,-0.102204387612267,0.666666666666667,0.000611409973989484,0.00751348438203306
REACTOME_TRANSPORT_OF_MATURE_TRANSCRIPT_TO_CYTOPLASM,4,-3.42515574738096,-0.125381318410608,1,0.000614447072350717,0.00753282851317581
KEGG_BIOSYNTHESIS_OF_UNSATURATED_FATTY_ACIDS,4,3.42329772673542,0.19837618698755,1,0.000618662760532157,0.00756583500631644
GOBP_GLYCOSIDE_METABOLIC_PROCESS,4,3.42267655138028,0.187472637628759,0.5,0.000620078145788607,0.00756583500631644
GOBP_NEGATIVE_REGULATION_OF_MYOBLAST_DIFFERENTIATION,4,-3.41668550748588,-0.0551436533897743,0.5,0.000633884603295477,0.00771145852195821
GOBP_RNA_CATABOLIC_PROCESS,4,-3.41620320181897,-0.129591193146911,1,0.000635008431406153,0.00771145852195821
GOBP_THYROID_GLAND_DEVELOPMENT,4,-3.41408817662925,-0.103451590962658,1,0.000639958604760215,0.00774598432235315
REACTOME_METABOLISM_OF_ANGIOTENSINOGEN_TO_ANGIOTENSINS,4,3.41370458497759,0.170185787063544,0.75,0.000640860229427547,0.00774598432235315
GOBP_CELL_COMMUNICATION_BY_ELECTRICAL_COUPLING,4,3.41293141390944,0.0759794310042298,0.75,0.000642681144857796,0.00774980143998312
GOBP_REGULATION_OF_MRNA_POLYADENYLATION,4,-3.4063451755471,-0.233056984229283,0.75,0.000658388810592402,0.00792066351808476
GOBP_REGULATION_OF_IMMUNOGLOBULIN_PRODUCTION,4,-3.40289858597871,-0.0941539079244987,1,0.000666750239248568,0.00800255706734471
GOBP_ALTERNATIVE_MRNA_SPLICING_VIA_SPLICEOSOME,4,-3.39847072620833,-0.118099674349681,1,0.00067763714584118,0.00811431084636334
GOBP_CELLULAR_TRANSITION_METAL_ION_HOMEOSTASIS,4,3.39757592675481,0.0953251605087102,1,0.000679857190593585,0.00812200620502638
KEGG_MELANOMA,4,3.39561643744493,0.0517000501473438,0.75,0.000684742422136087,0.00814379114740501
GOBP_PORPHYRIN_CONTAINING_COMPOUND_METABOLIC_PROCESS,4,3.39496531917099,0.124122462651878,1,0.000686372943901819,0.00814379114740501
GOBP_VESICLE_CYTOSKELETAL_TRAFFICKING,4,3.39457284146565,0.119208138533873,1,0.000687357523920695,0.00814379114740501
GOBP_MACROMOLECULE_DEACYLATION,4,-3.39356477268498,-0.103710324136986,1,0.000689892411377437,0.00814379114740501
GOBP_PROTEOGLYCAN_BIOSYNTHETIC_PROCESS,4,3.39334257621967,0.147356663018222,0.75,0.000690452313505421,0.00814379114740501
GOBP_REGULATION_OF_GLUCAN_BIOSYNTHETIC_PROCESS,4,-3.39305782317172,-0.113275090799268,1,0.000691170466384927,0.00814379114740501
GOBP_AMINOGLYCAN_METABOLIC_PROCESS,4,3.39044744168022,0.0868519888280295,0.75,0.000697786329879096,0.0082029721747659
GOBP_MEDIUM_CHAIN_FATTY_ACID_METABOLIC_PROCESS,3,3.38910936010681,0.0519684572230857,0.666666666666667,0.000701200392040183,0.00822432988294966
GOBP_POSITIVE_REGULATION_OF_SKELETAL_MUSCLE_TISSUE_DEVELOPMENT,3,-3.38765215197673,-0.113898269091181,1,0.000704936054413453,0.00824935396403379
GOBP_REGULATION_OF_MRNA_3_END_PROCESSING,4,-3.38627258240916,-0.216758215781286,0.75,0.000708489718688514,0.00827213959529968
GOBP_REGULATION_OF_CARDIAC_MUSCLE_CELL_ACTION_POTENTIAL,4,3.38467557842486,0.0895446524817164,0.75,0.000712624262619349,0.00828672506847737
GOBP_PARTURITION,2,-3.38454716012661,-0.130576996982949,1,0.000712957701560589,0.00828672506847737
REACTOME_O_LINKED_GLYCOSYLATION_OF_MUCINS,4,3.38249048189015,0.137624446775811,0.75,0.000718317670265789,0.00831809204334082
GOBP_RNA_EXPORT_FROM_NUCLEUS,4,-3.3822727289649,-0.165227242738535,1,0.000718887348861268,0.00831809204334082
GOBP_REGULATION_OF_BIOMINERALIZATION,4,3.37978867090311,0.103513110554228,0.75,0.000725415839992936,0.00837481201821441
REACTOME_ACTIVATION_OF_KAINATE_RECEPTORS_UPON_GLUTAMATE_BINDING,4,3.37272029018252,0.0932813880252144,0.75,0.000744295210798968,0.00857354818882301
GOBP_VIRAL_TRANSLATION,4,-3.36995028295323,-0.223467956410642,1,0.000751817468831636,0.00864086639958503
GOBP_MRNA_TRANSPORT,4,-3.36652737835969,-0.149394972477914,1,0.000761210255822885,0.00872933542813371
GOBP_POSITIVE_REGULATION_OF_REGULATORY_T_CELL_DIFFERENTIATION,4,-3.36286123170634,-0.0935500164771932,0.75,0.000771391293873663,0.00882643060478998
GOBP_CARBOHYDRATE_DERIVATIVE_TRANSPORT,4,3.36223947742714,0.0681826499562518,0.75,0.000773130417520383,0.00882671512153537
GOBP_CARDIAC_MUSCLE_CELL_PROLIFERATION,4,-3.35830252197606,-0.180995076530685,0.75,0.000784227338420331,0.00893359859629709
GOBP_RRNA_CATABOLIC_PROCESS,3,-3.35656781856058,-0.133442212182127,1,0.000789163639146106,0.00896998582331854
REACTOME_COOPERATION_OF_PDCL_PHLP1_AND_TRIC_CCT_IN_G_PROTEIN_BETA_FOLDING,4,3.35472683154229,0.071332623083717,0.75,0.000794433915187755,0.00901000050506993
GOBP_COENZYME_A_METABOLIC_PROCESS,4,-3.35342479820435,-0.179734766423737,0.75,0.000798181005091429,0.00901858677307942
GOBP_REGULATION_OF_FATTY_ACID_OXIDATION,4,-3.35324697420548,-0.158462374244486,0.75,0.000798694031564229,0.00901858677307942
GOBP_AMYLOID_FIBRIL_FORMATION,4,3.35232148938678,0.0754018696152048,1,0.000801369021689589,0.00902519734866299
GOBP_PHOTORECEPTOR_CELL_DEVELOPMENT,4,-3.35183272522129,-0.124664958667805,1,0.000802785081702787,0.00902519734866299
GOBP_PARASYMPATHETIC_NERVOUS_SYSTEM_DEVELOPMENT,4,3.34777740881432,0.0598126059198205,0.75,0.000814624122945788,0.00912217329292891
GOBP_POSITIVE_REGULATION_OF_G1_S_TRANSITION_OF_MITOTIC_CELL_CYCLE,4,3.34766509486807,0.125353583262514,1,0.000814954304670285,0.00912217329292891
GOBP_NEGATIVE_REGULATION_OF_MRNA_PROCESSING,4,-3.34696581720909,-0.193913083763862,1,0.000817012843367229,0.00912537772342269
KEGG_FOCAL_ADHESION,4,3.34517780799706,0.0754699747987104,0.75,0.000822298357128828,0.00916453298886652
GOBP_MOTOR_NEURON_AXON_GUIDANCE,4,3.34412826997832,0.0753490698560377,0.75,0.000825415642355753,0.00917940635526948
GOBP_NEGATIVE_REGULATION_OF_CARDIAC_MUSCLE_TISSUE_GROWTH,4,-3.34110220959474,-0.166605469805048,1,0.000834464975391239,0.00925875498395392
REACTOME_INTERLEUKIN_7_SIGNALING,4,-3.34054309390751,-0.170780701909393,0.75,0.000836147031955443,0.00925875498395392
KEGG_ARRHYTHMOGENIC_RIGHT_VENTRICULAR_CARDIOMYOPATHY_ARVC,4,3.33616793503147,0.0678177395053409,1,0.000849418362105215,0.00934706101529052
REACTOME_RESPONSE_OF_EIF2AK4_GCN2_TO_AMINO_ACID_DEFICIENCY,4,-3.33613523630804,-0.255414570493692,0.75,0.000849518279746923,0.00934706101529052
KEGG_REGULATION_OF_ACTIN_CYTOSKELETON,4,3.33611903478218,0.0641133819170749,0.75,0.000849567790863461,0.00934706101529052
GOBP_REGULATION_OF_CELLULAR_PH,4,3.33458267991902,0.0659904810166299,1,0.000854274998576635,0.00936690877963727
GOBP_PYRIMIDINE_NUCLEOSIDE_METABOLIC_PROCESS,4,-3.33434345633469,-0.154764597555187,0.75,0.000855010123602548,0.00936690877963727
GOBP_REGULATION_OF_STEROID_METABOLIC_PROCESS,4,-3.3326658928606,-0.129048869877355,0.75,0.000860181716949606,0.00938868900725853
GOBP_CELLULAR_CARBOHYDRATE_BIOSYNTHETIC_PROCESS,4,-3.33243535022285,-0.110725603361929,1,0.000860894696651103,0.00938868900725853
GOBP_ENAMEL_MINERALIZATION,3,3.33192711101692,0.10741243857374,1,0.000862468421136781,0.00938868900725853
GOBP_HISTONE_H2A_UBIQUITINATION,4,-3.33108502919615,-0.161709656247282,1,0.000865081736794381,0.00939726975264613
GOBP_REGULATION_OF_CARDIAC_MUSCLE_CELL_PROLIFERATION,4,-3.33014311675954,-0.174463935956157,0.75,0.000868013565278471,0.00940926704761863
GOBP_POSITIVE_REGULATION_OF_PROTEIN_MATURATION,4,3.32832400131607,0.13043435854336,1,0.000873701900549164,0.00945103169312531
GOBP_HETEROTYPIC_CELL_CELL_ADHESION,4,3.32364935618108,0.0862499156602702,1,0.000888478320259456,0.00958280545827467
REACTOME_FRS_MEDIATED_FGFR4_SIGNALING,4,3.32329558898528,0.0966540945493968,0.75,0.000889605944660185,0.00958280545827467
GOBP_CHROMATIN_ASSEMBLY_OR_DISASSEMBLY,4,-3.3221130989253,-0.129497061855772,1,0.000893384738497476,0.00960341966288832
GOBP_BILE_ACID_AND_BILE_SALT_TRANSPORT,4,3.31826093698786,0.0959029051510172,0.75,0.000905798227941425,0.00971657307431333
REACTOME_METALLOPROTEASE_DUBS,4,-3.31481452545672,-0.17381701563477,1,0.000917039490524606,0.00981670756073014
GOBP_INTERLEUKIN_13_PRODUCTION,4,-3.30758639548744,-0.146908363407414,1,0.000941036800176932,0.0100526939504378
GOBP_REGULATION_OF_TRANSCRIPTION_BY_RNA_POLYMERASE_III,4,-3.30690454257558,-0.140017857529149,0.75,0.000943330317312699,0.010056330856818
GOBP_NUCLEOSIDE_CATABOLIC_PROCESS,4,-3.3018804459689,-0.162031224452714,1,0.000960389952169233,0.0102089451285659
GOBP_POSITIVE_REGULATION_OF_COLD_INDUCED_THERMOGENESIS,4,-3.3015238328107,-0.135740028556047,0.75,0.000961611650292186,0.0102089451285659
GOBP_POSITIVE_REGULATION_OF_REACTIVE_OXYGEN_SPECIES_BIOSYNTHETIC_PROCESS,3,3.30053813352935,0.051432384077058,0.666666666666667,0.000964995985832221,0.0102237949198562
REACTOME_DUAL_INCISION_IN_GG_NER,4,-3.29705332203754,-0.13014058032806,1,0.00097704950001971,0.0103292330011886
GOBP_CYTOPLASMIC_TRANSLATION,4,-3.29650459588023,-0.21173047696535,0.75,0.000978960129069731,0.0103292330011886
GOBP_CELLULAR_RESPONSE_TO_STEROL_DEPLETION,2,-3.29519934679084,-0.213837133408551,1,0.000983518833256746,0.0103561113955808
GOBP_CARDIAC_ATRIUM_MORPHOGENESIS,4,3.29440802519701,0.0908786141970416,0.75,0.000986292160280806,0.0103641190475222
GOBP_CERAMIDE_METABOLIC_PROCESS,4,3.29348403018663,0.0734286679482757,1,0.000989539627751198,0.0103770662796149
GOBP_MAINTENANCE_OF_CELL_NUMBER,4,-3.29175564696977,-0.105613845247442,1,0.000995640787436232,0.0104081478862297
GOBP_POSITIVE_REGULATION_OF_TORC1_SIGNALING,4,-3.29149996203158,-0.174874116800862,1,0.000996546301788939,0.0104081478862297
GOBP_REGULATION_OF_POSTSYNAPSE_ORGANIZATION,4,3.28943255731351,0.0996596415433032,1,0.0010038961204041,0.0104636864857504
GOBP_RETINOIC_ACID_METABOLIC_PROCESS,4,3.28675808450894,0.11847186125496,1,0.00101347857432257,0.010542224604418
REACTOME_FACTORS_INVOLVED_IN_MEGAKARYOCYTE_DEVELOPMENT_AND_PLATELET_PRODUCTION,4,3.28387417425618,0.0584541114304297,0.75,0.00102390624990166,0.01062922032408
GOBP_MITOCHONDRIAL_GENOME_MAINTENANCE,4,-3.28237665370817,-0.15543010893458,0.75,0.00102936008675394,0.0106643361905353
GOBP_PERK_MEDIATED_UNFOLDED_PROTEIN_RESPONSE,4,-3.27928446003471,-0.169195811591622,1,0.00104070675336958,0.0107448268783174
REACTOME_ASSEMBLY_OF_ACTIVE_LPL_AND_LIPC_LIPASE_COMPLEXES,4,3.27736353254148,0.0473497935200276,0.75,0.00104781367688173,0.0107448268783174
REACTOME_ACTIVATION_OF_THE_MRNA_UPON_BINDING_OF_THE_CAP_BINDING_COMPLEX_AND_EIFS_AND_SUBSEQUENT_BINDING_TO_43S,4,-3.27640944188351,-0.27067286812619,0.75,0.00105136022648433,0.0107448268783174
GOBP_BRANCHING_INVOLVED_IN_SALIVARY_GLAND_MORPHOGENESIS,4,3.27639525212406,0.155845596259817,0.75,0.00105141305643594,0.0107448268783174
GOBP_POSITIVE_REGULATION_OF_NUCLEOCYTOPLASMIC_TRANSPORT,4,-3.27600467589744,-0.157968225015438,1,0.00105286817700132,0.0107448268783174
GOBP_NEGATIVE_REGULATION_OF_CHONDROCYTE_DIFFERENTIATION,4,3.27556844965255,0.129858052018289,0.75,0.00105449557259408,0.0107448268783174
REACTOME_RECYCLING_OF_BILE_ACIDS_AND_SALTS,4,-3.27537887922521,-0.0528626787020735,0.75,0.00105520351354064,0.0107448268783174
GOBP_AMINO_SUGAR_METABOLIC_PROCESS,4,3.27455865823954,0.0829353901622271,0.75,0.00105827165656509,0.0107448268783174
GOBP_DEVELOPMENTAL_PIGMENTATION,4,3.27417771751,0.0654489263170534,0.75,0.00105969941971502,0.0107448268783174
GOBP_ORGANELLE_DISASSEMBLY,4,-3.27417569009556,-0.155946129211947,1,0.00105970702321518,0.0107448268783174
GOBP_REGULATION_OF_GENE_EXPRESSION_EPIGENETIC,4,-3.27407521293289,-0.128678687753981,1,0.00106008391030981,0.0107448268783174
GOBP_POSITIVE_REGULATION_OF_MIRNA_TRANSCRIPTION,4,-3.27197176645664,-0.108164244258189,0.5,0.00106800240808903,0.0108038200378201
GOBP_REGULATION_OF_CELLULAR_CARBOHYDRATE_METABOLIC_PROCESS,4,-3.26984484746596,-0.0783399291216606,1,0.0010760648753988,0.0108640353792714
REACTOME_REGULATION_OF_INSULIN_SECRETION,4,3.26895040859705,0.0439965479067735,0.75,0.00107947219214901,0.0108771082531805
GOBP_LIPID_EXPORT_FROM_CELL,4,3.26769899208183,0.0995558109557731,1,0.00108425614665301,0.0109039744123366
GOBP_CELLULAR_RESPONSE_TO_GONADOTROPIN_STIMULUS,4,3.26390571798317,0.113106430692477,1,0.00109887726191203,0.0110294717769689
GOBP_PHOSPHATIDYLCHOLINE_BIOSYNTHETIC_PROCESS,4,-3.26261807793685,-0.128178662771195,1,0.00110388175740491,0.0110581462429531
GOBP_INTERMEDIATE_FILAMENT_ORGANIZATION,4,3.2606084368086,0.0660003185010579,0.75,0.00111173448700296,0.0110998473310116
REACTOME_EXTENSION_OF_TELOMERES,4,-3.26044993372599,-0.150288252144389,1,0.00111235603472557,0.0110998473310116
GOBP_HORMONE_MEDIATED_SIGNALING_PATHWAY,4,-3.25895875964078,-0.0844015973219063,1,0.00111821921632073,0.0111229697756929
REACTOME_O_GLYCOSYLATION_OF_TSR_DOMAIN_CONTAINING_PROTEINS,4,3.25876233788885,0.113853054046534,0.75,0.00111899365776052,0.0111229697756929
GOBP_B_CELL_ACTIVATION_INVOLVED_IN_IMMUNE_RESPONSE,4,-3.25807905391034,-0.0554868640303154,0.75,0.00112169153882239,0.0111283039179123
GOBP_CELLULAR_RESPONSE_TO_ZINC_ION,4,3.25655437286856,0.13379848075411,1,0.00112773329064511,0.0111667282952532
REACTOME_ESTROGEN_DEPENDENT_GENE_EXPRESSION,4,-3.25423147411568,-0.112858947883617,1,0.00113699594272317,0.0112368370615769
REACTOME_IRAK4_DEFICIENCY_TLR2_4,4,3.25284291317841,0.160454682977381,1,0.00114256641853945,0.0112702576418767
GOBP_PATHWAY_RESTRICTED_SMAD_PROTEIN_PHOSPHORYLATION,4,3.25101130702051,0.0987844727995514,0.75,0.00114995284138125,0.0113094703018891
REACTOME_LAMININ_INTERACTIONS,4,3.2507686714658,0.112599379325893,0.75,0.00115093463550008,0.0113094703018891
GOBP_HEPARAN_SULFATE_PROTEOGLYCAN_METABOLIC_PROCESS,4,3.2483044371331,0.124306155329988,0.75,0.0011609498319041,0.0113861536847128
REACTOME_ACTIVATION_OF_THE_PRE_REPLICATIVE_COMPLEX,4,-3.24041748373149,-0.177703343080971,1,0.00119354811173288,0.011683610698313
REACTOME_PEPTIDE_HORMONE_METABOLISM,4,3.23940576699083,0.0734303667683926,0.75,0.00119779038508051,0.011702889360113
REACTOME_DOWNSTREAM_SIGNALING_OF_ACTIVATED_FGFR1,4,3.23886162937811,0.0822443299822676,0.75,0.00120007778870641,0.0117030313144873
GOBP_POSITIVE_REGULATION_OF_PROTEIN_EXPORT_FROM_NUCLEUS,4,-3.23661790936009,-0.208378741211627,0.75,0.00120955245678569,0.0117731296786192
GOBP_SUBPALLIUM_DEVELOPMENT,4,3.23152347415485,0.119978647572088,0.75,0.00123132209689264,0.0119354840550286
GOBP_SENSORY_PERCEPTION_OF_BITTER_TASTE,4,3.2313472316038,0.127695304824567,1,0.00123208165581225,0.0119354840550286
GOBP_CHONDROITIN_SULFATE_BIOSYNTHETIC_PROCESS,3,3.23109104030881,0.127294414730733,1,0.001233186544431,0.0119354840550286
GOBP_REGULATION_OF_GLUCOSE_METABOLIC_PROCESS,4,-3.22966369592907,-0.0944041817138256,1,0.00123935909045013,0.0119623296879215
GOBP_SULFUR_COMPOUND_TRANSPORT,4,3.22937598852026,0.0956196804496564,1,0.00124060673011266,0.0119623296879215
GOBP_NEGATIVE_REGULATION_OF_PROTEOLYSIS_INVOLVED_IN_CELLULAR_PROTEIN_CATABOLIC_PROCESS,4,-3.22748165878579,-0.167495809974208,0.75,0.00124885046969988,0.0120193104083826
REACTOME_NONSENSE_MEDIATED_DECAY_NMD,4,-3.22639625741714,-0.233148849581088,0.75,0.0012535966811595,0.0120396516619988
REACTOME_COBALAMIN_CBL_VITAMIN_B12_TRANSPORT_AND_METABOLISM,4,-3.22593002867424,-0.0903671667092577,1,0.00125564050155241,0.0120396516619988
GOBP_CENTROSOME_SEPARATION,2,3.22415715214123,0.164986650310595,1,0.00126344043705542,0.0120919234394021
GOBP_POSITIVE_REGULATION_OF_DNA_REPLICATION,4,-3.22195203944778,-0.0961060226679667,1,0.00127320445490285,0.0121627638929402
GOBP_POSITIVE_REGULATION_OF_DENDRITIC_SPINE_MORPHOGENESIS,4,3.21985654860106,0.12975725781559,0.75,0.00128254758408306,0.0122293287230439
GOBP_POSITIVE_REGULATION_OF_LAMELLIPODIUM_ASSEMBLY,4,3.21876617031369,0.118920088215384,0.75,0.00128743423050201,0.0122532326300459
GOBP_POSITIVE_REGULATION_OF_MRNA_METABOLIC_PROCESS,4,-3.21820771179088,-0.162527324519029,0.75,0.00128994367151543,0.0122544648793965
GOBP_POSITIVE_REGULATION_OF_GLYCOGEN_METABOLIC_PROCESS,3,-3.21733939212002,-0.0968037113788807,0.666666666666667,0.00129385444648636,0.0122633244911008
GOBP_REGULATION_OF_DEFENSE_RESPONSE_TO_BACTERIUM,4,3.2165848325628,0.151559487670752,1,0.00129726174742447,0.0122633244911008
GOBP_FOLIC_ACID_CONTAINING_COMPOUND_METABOLIC_PROCESS,4,-3.2161868392279,-0.153603958386284,0.75,0.00129906226658355,0.0122633244911008
GOBP_NEGATIVE_REGULATION_OF_DNA_BINDING_TRANSCRIPTION_FACTOR_ACTIVITY,4,-3.21589080381467,-0.0599229032075893,0.75,0.00130040302430395,0.0122633244911008
GOBP_POSITIVE_REGULATION_OF_AXONOGENESIS,4,3.2092240502341,0.0884010174604491,0.75,0.00133093735349298,0.0125283298594796
GOBP_CELLULAR_AMINO_ACID_CATABOLIC_PROCESS,4,-3.20705975810472,-0.0833517478564297,1,0.001340991366392,0.0125999353021029
GOBP_VESICLE_TRANSPORT_ALONG_MICROTUBULE,4,3.20179747685035,0.110230887075098,0.75,0.00136572979551007,0.0128090031276527
GOBP_STEROID_HORMONE_MEDIATED_SIGNALING_PATHWAY,4,-3.19607688634202,-0.108832062425244,1,0.00139309983610062,0.0130388835755473
GOBP_PROTEIN_CATABOLIC_PROCESS_IN_THE_VACUOLE,4,3.19509588252352,0.14382490982859,1,0.00139784392404035,0.0130388835755473
GOBP_INORGANIC_ANION_TRANSPORT,4,3.19478532155289,0.0731512060515238,1,0.00139934888386594,0.0130388835755473
REACTOME_MHC_CLASS_II_ANTIGEN_PRESENTATION,4,3.19457488166062,0.121023586904544,0.75,0.00140036951199799,0.0130388835755473
GOBP_HEART_TRABECULA_MORPHOGENESIS,4,3.19205477092074,0.096532865153689,1,0.00141264542948435,0.0131294428094132
GOBP_FAT_CELL_DIFFERENTIATION,4,-3.1895382760268,-0.0960049297206811,1,0.00142500266965603,0.0132204301730791
KEGG_ETHER_LIPID_METABOLISM,4,3.18781964053572,0.107848937348469,0.75,0.00143349920914765,0.0132753371005418
GOBP_EXCRETION,4,-3.18301479727844,-0.0776315157557536,1,0.00145750165455018,0.0134733860310213
GOBP_POSITIVE_REGULATION_OF_MYOBLAST_DIFFERENTIATION,4,-3.18189068397249,-0.0913975812025581,1,0.00146317033426543,0.0134842710494423
GOBP_NEGATIVE_REGULATION_OF_BMP_SIGNALING_PATHWAY,4,3.18174296045474,0.0650869293904022,0.5,0.00146391678318863,0.0134842710494423
REACTOME_EUKARYOTIC_TRANSLATION_INITIATION,4,-3.17917105271339,-0.237092112062349,0.75,0.00147696903913922,0.0135802028259425
GOBP_REGULATION_OF_CHONDROCYTE_DIFFERENTIATION,4,3.17842653872965,0.126883819978307,0.75,0.00148076736193765,0.0135908576588537
GOBP_NEGATIVE_REGULATION_OF_TELOMERE_MAINTENANCE_VIA_TELOMERASE,3,-3.17765014743557,-0.096521755440356,0.666666666666667,0.00148473790016401,0.0136030523984778
REACTOME_MYOGENESIS,4,-3.17045453111828,-0.103831844011253,1,0.0015220065085116,0.0139078289833775
GOBP_CELLULAR_RESPONSE_TO_ACIDIC_PH,3,-3.17018757140055,-0.147818621622466,1,0.00152340562179548,0.0139078289833775
GOBP_NUCLEAR_BODY_ORGANIZATION,2,-3.1666149062936,-0.203027696563739,1,0.00154224402244056,0.0140548928699937
GOBP_TRANSITION_METAL_ION_HOMEOSTASIS,4,3.16555742884393,0.0855746899317506,0.75,0.00154786103440782,0.0140643887938892
KEGG_ONE_CARBON_POOL_BY_FOLATE,3,-3.16539058671445,-0.121128731396173,1,0.00154874896992332,0.0140643887938892
GOBP_FIBROBLAST_GROWTH_FACTOR_RECEPTOR_SIGNALING_PATHWAY,4,3.16446683992651,0.069140635204015,0.75,0.00155367365378876,0.0140842704988703
GOBP_REGULATION_OF_LYSOSOMAL_LUMEN_PH,2,3.16320748360686,0.18764750274603,1,0.00156041077330201,0.0141125969688822
REACTOME_DEFECTS_OF_CONTACT_ACTIVATION_SYSTEM_CAS_AND_KALLIKREIN_KININ_SYSTEM_KKS,3,3.16285894010445,0.221819160476366,1,0.00156228010725634,0.0141125969688822
REACTOME_G_PROTEIN_BETA_GAMMA_SIGNALLING,4,3.16151182162788,0.080185176507887,0.75,0.00156952447471579,0.01415320756622
GOBP_MEIOTIC_CHROMOSOME_SEPARATION,3,3.16044286784198,0.108127021100838,0.666666666666667,0.00157529495818656,0.0141620581022265
GOBP_INNER_EAR_RECEPTOR_CELL_STEREOCILIUM_ORGANIZATION,4,-3.15991981242169,-0.118734988626893,1,0.00157812565561695,0.0141620581022265
GOBP_REGULATION_OF_FIBROBLAST_GROWTH_FACTOR_RECEPTOR_SIGNALING_PATHWAY,4,3.15980321478534,0.0872000635398345,0.75,0.00157875730252049,0.0141620581022265
GOBP_RESPONSE_TO_OXYGEN_RADICAL,4,3.15833223633723,-0.00737769489244196,0.5,0.0015867460826935,0.0142089662257197
GOBP_MRNA_EXPORT_FROM_NUCLEUS,4,-3.15384235080585,-0.149746862113583,1,0.00161136106164494,0.0143807295168273
GOBP_GLUCOSE_METABOLIC_PROCESS,4,-3.15381481575322,-0.103599442113461,0.75,0.00161151309598162,0.0143807295168273
REACTOME_GABA_RECEPTOR_ACTIVATION,4,3.15185543593567,0.0836844869991265,1,0.00162236573952282,0.0144525280152301
GOBP_GLUCOSE_CATABOLIC_PROCESS,4,-3.14663318690452,-0.13560267485831,0.5,0.00165162020860861,0.0146584940421994
GOBP_ENERGY_RESERVE_METABOLIC_PROCESS,4,-3.14661253244743,-0.129493875010493,1,0.00165173687019875,0.0146584940421994
GOBP_INTRACELLULAR_RECEPTOR_SIGNALING_PATHWAY,4,-3.1462073453792,-0.096483071143774,0.75,0.00165402700301376,0.0146584940421994
REACTOME_MEIOSIS,4,-3.14542973479225,-0.110018649903281,1,0.00165843027367058,0.0146722637098451
REACTOME_NEGATIVE_EPIGENETIC_REGULATION_OF_RRNA_EXPRESSION,4,-3.14118558172353,-0.133589913299914,1,0.00168265372825058,0.0148610361007928
GOBP_WATER_SOLUBLE_VITAMIN_METABOLIC_PROCESS,4,-3.13927374466293,-0.10707698862448,1,0.00169367149026044,0.0149327303139572
GOBP_MISMATCH_REPAIR,4,-3.13543550650571,-0.0928930603754664,1,0.00171599154922359,0.0150687956429818
REACTOME_TBC_RABGAPS,4,-3.13541913564331,-0.145376302182356,1,0.00171608732547491,0.0150687956429818
GOBP_HISTONE_DEUBIQUITINATION,4,-3.13505710533317,-0.185124916249272,1,0.00171820660799499,0.0150687956429818
GOBP_NEGATIVE_REGULATION_OF_PHOSPHOPROTEIN_PHOSPHATASE_ACTIVITY,4,-3.1346128997941,-0.181748132033816,0.75,0.00172081022297015,0.0150687956429818
REACTOME_TRANSMISSION_ACROSS_CHEMICAL_SYNAPSES,4,3.13189523328479,0.0531121938750013,0.75,0.00173681840115358,0.0151418844463945
GOBP_POSITIVE_REGULATION_OF_CANONICAL_WNT_SIGNALING_PATHWAY,4,-3.13164262339634,-0.0522848559718159,0.75,0.00173831331221792,0.0151418844463945
GOBP_REGULATION_OF_MYOBLAST_PROLIFERATION,1,-3.13145485040855,-0.224115009598453,1,0.00173942529380346,0.0151418844463945
GOBP_CELLULAR_RESPONSE_TO_GROWTH_HORMONE_STIMULUS,4,-3.13120267180705,-0.161330736451836,1,0.00174091971106342,0.0151418844463945
REACTOME_GAP_JUNCTION_ASSEMBLY,4,3.12799134582854,0.117300403488115,0.75,0.00176005363564536,0.0152824893253591
GOBP_PYRIMIDINE_NUCLEOSIDE_CATABOLIC_PROCESS,3,-3.12603683848516,-0.151236656159531,1,0.00177179355471368,0.015358526958284
GOBP_PHARYNGEAL_SYSTEM_DEVELOPMENT,4,3.1253279482143,0.101682556218496,1,0.00177606932541619,0.0153697158933915
GOBP_MYELOID_LEUKOCYTE_CYTOKINE_PRODUCTION,4,-3.12407221844725,-0.15491659976729,1,0.00178366672545062,0.0154095637069551
GOBP_WOUND_HEALING_SPREADING_OF_EPIDERMAL_CELLS,4,3.12328577436814,0.0501767700201337,0.5,0.00178844006061169,0.0154249210587766
GOBP_ENDOCARDIAL_CUSHION_MORPHOGENESIS,4,3.12236234545287,0.0963019319958497,0.75,0.00179405981369299,0.0154407680660892
GOBP_RNA_DECAPPING,3,-3.12194662125487,-0.132677773295159,1,0.00179659509970568,0.0154407680660892
GOBP_NEGATIVE_REGULATION_OF_UBIQUITIN_DEPENDENT_PROTEIN_CATABOLIC_PROCESS,4,-3.12150796469158,-0.189851439545299,0.75,0.00179927380843921,0.0154407680660892
GOBP_MRNA_CATABOLIC_PROCESS,4,-3.11897648734848,-0.119092798057563,1,0.00181480442824892,0.0155481331132341
KEGG_HOMOLOGOUS_RECOMBINATION,4,-3.11636986255674,-0.143624115592514,1,0.00183092473205237,0.0156601851251456
GOBP_REGULATION_OF_ACTIN_NUCLEATION,4,-3.11575834710657,-0.0665804503348509,0.75,0.0018347255688454,0.0156666699071061
GOBP_REGULATION_OF_PROTEIN_TARGETING_TO_MEMBRANE,4,3.11313644479823,0.0916109062293848,0.75,0.00185110416309105,0.015780356516152
HALLMARK_HYPOXIA,4,-3.11120323496144,-0.210596355833327,0.75,0.00186326652960278,0.0158577840676441
GOBP_SOMATIC_DIVERSIFICATION_OF_IMMUNE_RECEPTORS,4,-3.10853915197531,-0.0786656847638172,0.75,0.00188014733116233,0.0159750472081763
GOBP_OTIC_VESICLE_DEVELOPMENT,3,-3.1066358046617,-0.126316656294491,1,0.00189229368884362,0.0160517631035515
GOBP_NEGATIVE_REGULATION_OF_STEROL_TRANSPORT,2,3.10501728656564,0.152288338615806,1,0.00190267904320766,0.0161133131471649
GOBP_VENTRICULAR_CARDIAC_MUSCLE_CELL_ACTION_POTENTIAL,4,3.10350652094073,0.0825881679432711,0.75,0.00191242020433509,0.0161665374377282
GOBP_ANION_TRANSMEMBRANE_TRANSPORT,4,3.10281050764594,0.0557327495052654,1,0.00191692337256882,0.0161665374377282
GOBP_NUCLEAR_TRANSCRIBED_MRNA_CATABOLIC_PROCESS,4,-3.10258521944465,-0.133032970863442,1,0.001918383059711,0.0161665374377282
REACTOME_SYNTHESIS_OF_PC,4,-3.09879865210571,-0.174219552065466,1,0.0019430702309521,0.0163478245411313
REACTOME_HDR_THROUGH_SINGLE_STRAND_ANNEALING_SSA,4,-3.09754659059679,-0.121377721635684,1,0.00195129721173356,0.0163902599399937
GOBP_CARBOHYDRATE_HOMEOSTASIS,4,-3.09372523214874,-0.0853215719324813,1,0.0019766045467373,0.0165757928520364
GOBP_POSITIVE_REGULATION_OF_HORMONE_SECRETION,4,3.09211956887987,0.0493069785193362,0.75,0.00198732782890976,0.0166172966774209
GOBP_MITOCHONDRIAL_OUTER_MEMBRANE_PERMEABILIZATION_INVOLVED_IN_PROGRAMMED_CELL_DEATH,4,-3.09201794579289,-0.097840714409619,1,0.00198800830322223,0.0166172966774209
GOBP_VESICLE_DOCKING_INVOLVED_IN_EXOCYTOSIS,4,3.09094416661591,0.110714521313118,1,0.0019952114727686,0.0166504762938177
GOBP_MUSCLE_ORGAN_MORPHOGENESIS,4,3.0891001209692,0.0370903494377758,0.75,0.00200763769072654,0.0167270654847103
REACTOME_TP53_REGULATES_TRANSCRIPTION_OF_DNA_REPAIR_GENES,4,-3.08852771905878,-0.152264712039243,1,0.00201150927746499,0.0167322476085093
REACTOME_REPRODUCTION,4,-3.08709537397817,-0.0718918517364994,1,0.00202122735291687,0.0167859671615629
GOBP_TUBE_FORMATION,4,-3.08624025464158,-0.0778998949066738,0.75,0.00202704962654601,0.0168072117988493
GOBP_REGULATION_OF_HISTONE_H3_K4_METHYLATION,4,-3.08351085066487,-0.107587591675301,1,0.00204573649852273,0.0169348830078674
REACTOME_PHASE_2_PLATEAU_PHASE,1,3.08080620732776,0.379578512518087,1,0.00206440963555036,0.0170420436178464
GOBP_ESTABLISHMENT_OF_RNA_LOCALIZATION,4,-3.08067765254227,-0.140838492328345,1,0.00206530107157432,0.0170420436178464
GOBP_PROTEIN_LOCALIZATION_TO_MICROTUBULE_ORGANIZING_CENTER,4,-3.07865860908931,-0.138699381959692,1,0.00207934810642134,0.0171305014399416
GOBP_REGULATION_OF_BONE_MINERALIZATION,4,3.07731200295737,0.109813680267691,0.75,0.00208876547066651,0.0171805964991403
GOBP_REGULATION_OF_MICROTUBULE_POLYMERIZATION,4,-3.07402819123954,-0.110903677292343,0.75,0.00211189474982677,0.0173431356728199
REACTOME_DEADENYLATION_DEPENDENT_MRNA_DECAY,4,-3.07222784027104,-0.119600694610979,1,0.00212467484370352,0.0174203037742507
KEGG_LONG_TERM_POTENTIATION,4,3.07088862990996,0.069819262402591,1,0.00213422740883276,0.017470805926995
REACTOME_BMAL1_CLOCK_NPAS2_ACTIVATES_CIRCADIAN_GENE_EXPRESSION,4,-3.06865324159818,-0.0997763856017591,0.75,0.0021502601641265,0.0175622726500869
REACTOME_ADP_SIGNALLING_THROUGH_P2Y_PURINOCEPTOR_12,4,3.06838068028247,0.0675568716052411,1,0.00215222257568553,0.0175622726500869
GOBP_NEGATIVE_REGULATION_OF_DNA_RECOMBINATION,4,-3.06700845733097,-0.100757609589106,1,0.00216212739679817,0.0176151803261294
REACTOME_SUMOYLATION,4,-3.06432427312222,-0.118905868737192,1,0.00218162298443653,0.0176835965605651
GOBP_CELLULAR_RESPONSE_TO_REACTIVE_NITROGEN_SPECIES,4,-3.06411538082141,-0.204471594705599,1,0.00218314693482101,0.0176835965605651
GOBP_CD4_POSITIVE_ALPHA_BETA_T_CELL_DIFFERENTIATION,4,-3.06395488126207,-0.104627678371729,1,0.00218431850421365,0.0176835965605651
GOBP_RESPONSE_TO_ARSENIC_CONTAINING_SUBSTANCE,4,-3.06387567499276,-0.124085819255113,0.75,0.00218489688414096,0.0176835965605651
GOBP_POSITIVE_REGULATION_OF_GLUCOSE_METABOLIC_PROCESS,4,-3.06349250694284,-0.0839415294626626,1,0.0021876968361002,0.0176835965605651
GOBP_PROTEIN_LOCALIZATION_TO_GOLGI_APPARATUS,4,-3.06214578870804,-0.112482816895653,0.75,0.00219756392325968,0.017735511976276
GOBP_REGULATION_OF_WATER_LOSS_VIA_SKIN,4,3.05783213041081,0.0733694452407591,0.75,0.0022294442955388,0.0179466911941971
REACTOME_INOSITOL_PHOSPHATE_METABOLISM,4,-3.05766317329815,-0.139391093857526,1,0.00223070156618491,0.0179466911941971
GOBP_GANGLIOSIDE_METABOLIC_PROCESS,4,3.05704158383336,0.107165593402854,1,0.00223533263111777,0.0179558934752346
GOBP_ERYTHROCYTE_HOMEOSTASIS,4,-3.0557598151125,-0.110684080455945,0.75,0.00224491009490703,0.0180047384403058
GOBP_HORMONE_METABOLIC_PROCESS,4,3.05507820737989,0.0654786637046504,1,0.00225001841428781,0.0180055688930276
GOBP_POSITIVE_REGULATION_OF_FATTY_ACID_TRANSPORT,4,3.05473486992096,0.143885238411888,0.75,0.00225259559361572,0.0180055688930276
GOBP_HEPARAN_SULFATE_PROTEOGLYCAN_BIOSYNTHETIC_PROCESS,4,3.05434779013893,0.118266991800763,0.75,0.00225550435735149,0.0180055688930276
GOBP_REGULATION_OF_ARP2_3_COMPLEX_MEDIATED_ACTIN_NUCLEATION,4,-3.051871001736,-0.100928425704748,0.75,0.00227419812679822,0.0180833378193151
GOBP_3_PHOSPHOADENOSINE_5_PHOSPHOSULFATE_METABOLIC_PROCESS,3,3.05169872530696,0.0918561721215813,0.666666666666667,0.0022755036626401,0.0180833378193151
GOBP_NECROTIC_CELL_DEATH,4,-3.05166197248129,-0.131250037618274,1,0.00227578226974484,0.0180833378193151
GOBP_UTERUS_DEVELOPMENT,4,-3.04557135394406,-0.121334168555714,0.75,0.00232238665351434,0.0184252216932902
REACTOME_DDX58_IFIH1_MEDIATED_INDUCTION_OF_INTERFERON_ALPHA_BETA,4,-3.04256213638921,-0.0862128452962216,1,0.00234573382794013,0.0185818207385596
REACTOME_ANTIGEN_PRESENTATION_FOLDING_ASSEMBLY_AND_PEPTIDE_LOADING_OF_CLASS_I_MHC,4,-3.04032964650557,-0.150692108688728,1,0.00236319337462002,0.018691371253331
GOBP_CD4_POSITIVE_OR_CD8_POSITIVE_ALPHA_BETA_T_CELL_LINEAGE_COMMITMENT,4,-3.03981493458149,-0.192417339515681,0.75,0.00236723560391675,0.0186946259579254
GOBP_MEMBRANE_DEPOLARIZATION_DURING_ACTION_POTENTIAL,4,3.03803478322694,0.120855317905158,1,0.00238126466901502,0.0187766183472563
GOBP_POSITIVE_REGULATION_OF_EXTRINSIC_APOPTOTIC_SIGNALING_PATHWAY,4,3.03452517543843,0.0731879582777497,0.75,0.00240914647548109,0.0189674238566546
GOBP_DEVELOPMENTAL_CELL_GROWTH,4,3.03329315276659,0.0861998873768872,1,0.00241900483033951,0.0190159631624704
GOBP_PHENOL_CONTAINING_COMPOUND_METABOLIC_PROCESS,4,3.03038901906687,0.0623295742722807,0.75,0.00244238929166296,0.0191434556183988
GOBP_INTERMEDIATE_FILAMENT_BASED_PROCESS,4,3.03035569288027,0.0181284045210058,0.75,0.00244265883497534,0.0191434556183988
GOBP_REGULATION_OF_ENDOCYTIC_RECYCLING,3,-3.02886150693386,-0.154935854839882,1,0.00245477186935065,0.0192091494761193
GOBP_REGULATION_OF_ENDOPLASMIC_RETICULUM_UNFOLDED_PROTEIN_RESPONSE,4,-3.02478278033078,-0.189990093492972,0.75,0.00248811755078438,0.0194371787761469
GOBP_MUSCLE_HYPERTROPHY_IN_RESPONSE_TO_STRESS,4,3.02437645944203,0.0817083952286806,0.75,0.00249146202995862,0.0194371787761469
GOBP_REGULATION_OF_RESPONSE_TO_WOUNDING,4,3.02277760709118,0.0566370007948922,0.75,0.00250466236018838,0.019510599837534
GOBP_PROTEIN_TARGETING_TO_PEROXISOME,4,-3.02157924838405,-0.167685598437292,1,0.00251459807741187,0.0195421136202052
GOBP_INORGANIC_ANION_TRANSMEMBRANE_TRANSPORT,4,3.02137458432181,0.0860004597264623,1,0.00251629856869219,0.0195421136202052
REACTOME_MITOCHONDRIAL_CALCIUM_ION_TRANSPORT,4,-3.02064098226196,-0.100122869009576,0.75,0.00252240249087303,0.0195600157010621
GOBP_PHOTORECEPTOR_CELL_DIFFERENTIATION,4,-3.01899564878232,-0.115060890411805,1,0.00253614173949218,0.0196139524525931
REACTOME_METABOLISM_OF_FAT_SOLUBLE_VITAMINS,4,3.01886097032952,0.0952039116257692,1,0.00253726938821723,0.0196139524525931
GOBP_PROTEIN_DNA_COMPLEX_ASSEMBLY,4,-3.01771179694831,-0.114415108659325,1,0.00254690996472675,0.0196139524525931
GOBP_PROTEIN_LOCALIZATION_TO_PHAGOPHORE_ASSEMBLY_SITE,3,-3.01758928145708,-0.207029439163373,1,0.00254793973809282,0.0196139524525931
GOBP_REGULATION_OF_SYNAPSE_STRUCTURE_OR_ACTIVITY,4,3.01753401544042,0.108204655788089,1,0.00254840438741208,0.0196139524525931
GOBP_CELLULAR_RESPONSE_TO_PROSTAGLANDIN_STIMULUS,4,3.01637478374189,0.177759301111143,0.75,0.0025581685119984,0.0196597159228056
GOBP_NEGATIVE_REGULATION_OF_SYSTEMIC_ARTERIAL_BLOOD_PRESSURE,4,-3.0158502700287,-0.063077122735889,0.75,0.00256259768517824,0.0196644045916285
GOBP_ODONTOGENESIS,4,3.011896844032,0.0852708897807078,0.75,0.00259620806106874,0.0198926715869686
GOBP_VENOUS_BLOOD_VESSEL_DEVELOPMENT,3,3.01124620144066,0.0837242870833404,0.666666666666667,0.00260177802037495,0.0199057281231956
GOBP_NUCLEOSIDE_MONOPHOSPHATE_BIOSYNTHETIC_PROCESS,4,-3.01052572679638,-0.161298853738653,1,0.00260795853722282,0.0199184454723355
GOBP_SPHINGOLIPID_METABOLIC_PROCESS,4,3.0101511550826,0.0737948554564367,1,0.0026111770623085,0.0199184454723355
REACTOME_RRNA_PROCESSING,4,-3.00761833588767,-0.163506539799449,0.75,0.00263303590111648,0.0200554761166401
GOBP_NEGATIVE_REGULATION_OF_AXONOGENESIS,4,3.00708734958775,0.117880579705957,0.75,0.0026376395968528,0.0200608660032423
GOBP_OVULATION,4,3.00484554752407,0.0931997020352199,0.75,0.00265715742865866,0.0201711613390874
GOBP_MAMMARY_GLAND_EPITHELIAL_CELL_DIFFERENTIATION,4,-3.00426636526928,-0.154467039464703,0.75,0.00266222138323633,0.0201711613390874
GOBP_CIRCADIAN_RHYTHM,4,-3.00407529441465,-0.0923751490550529,1,0.00266389390378315,0.0201711613390874
GOBP_REGULATION_OF_TYPE_I_INTERFERON_MEDIATED_SIGNALING_PATHWAY,4,-3.00343965155666,-0.0953694161727318,0.75,0.00266946485695739,0.0201836630667748
REACTOME_MET_PROMOTES_CELL_MOTILITY,4,3.00133767630736,0.137478736564793,0.75,0.0026879630685111,0.0202937270377766
GOBP_BLASTOCYST_FORMATION,4,-2.99952369058929,-0.117983393729157,0.75,0.0027040209431176,0.0203850715023609
GOBP_KILLING_BY_HOST_OF_SYMBIONT_CELLS,4,2.99709146052226,0.151704829991705,1,0.00272568924167642,0.0205183829026197
GOBP_GRANULOCYTE_DIFFERENTIATION,4,-2.99598416230127,-0.127144437428074,0.75,0.00273560641486109,0.0205530116425681
GOBP_SOMATIC_DIVERSIFICATION_OF_IMMUNOGLOBULINS,4,-2.99568708795209,-0.0696116943489338,0.75,0.00273827267174243,0.0205530116425681
GOBP_POSITIVE_REGULATION_OF_MYELOID_LEUKOCYTE_CYTOKINE_PRODUCTION_INVOLVED_IN_IMMUNE_RESPONSE,4,-2.99466437253902,-0.141645259941312,0.75,0.00274746975784477,0.0205714520157496
GOBP_DEOXYRIBONUCLEOSIDE_TRIPHOSPHATE_METABOLIC_PROCESS,1,-2.99445567925327,-0.307919711855001,1,0.00274934996024221,0.0205714520157496
GOBP_POSITIVE_REGULATION_OF_MACROPHAGE_DERIVED_FOAM_CELL_DIFFERENTIATION,4,2.99408248207335,0.167268854193897,1,0.00275271517553923,0.0205714520157496
REACTOME_ANTIMICROBIAL_PEPTIDES,4,2.99204393643387,0.163770561841204,1,0.00277116377114849,0.0206793076197733
GOBP_LONG_CHAIN_FATTY_ACYL_COA_BIOSYNTHETIC_PROCESS,4,2.99157189769068,0.206893059073978,1,0.00277545173708623,0.0206813328426296
GOBP_CALCINEURIN_MEDIATED_SIGNALING,4,2.98918879085439,0.0683138061866698,0.75,0.00279719238173383,0.0208132132565715
GOBP_ADAPTIVE_THERMOGENESIS,4,-2.98350891979615,-0.116687540189111,0.75,0.00284963729558198,0.0211728462264814
GOBP_DENDRITE_SELF_AVOIDANCE,3,2.98167922801781,0.0983660944103398,1,0.00286672191908129,0.0212690938924345
REACTOME_APOPTOTIC_CLEAVAGE_OF_CELLULAR_PROTEINS,4,2.97989903335804,0.062676756781144,0.5,0.00288343406514831,0.0213425369048671
GOBP_RESPONSE_TO_FOOD,4,-2.97923974733632,-0.0889902668154962,1,0.00288964585688199,0.0213425369048671
GOBP_PH_REDUCTION,4,2.97923257379532,0.0760453768804329,0.75,0.00288971351310056,0.0213425369048671
GOBP_REGULATION_OF_ISOTYPE_SWITCHING,4,-2.97839476611131,-0.0918966077262845,0.75,0.00289762512877084,0.0213425369048671
REACTOME_CELL_JUNCTION_ORGANIZATION,4,2.97832014091213,0.0551734251142996,0.75,0.002898330790234,0.0213425369048671
GOBP_TRABECULA_FORMATION,4,2.97798617251566,0.189862307210951,0.75,0.00290149074255331,0.0213425369048671
GOBP_CYTOPLASMIC_PATTERN_RECOGNITION_RECEPTOR_SIGNALING_PATHWAY_IN_RESPONSE_TO_VIRUS,4,-2.97218838890382,-0.110592460314734,1,0.00295685191376033,0.0217187311040684
GOBP_POSITIVE_REGULATION_OF_PRODUCTION_OF_MOLECULAR_MEDIATOR_OF_IMMUNE_RESPONSE,4,-2.97088248044792,-0.0624460395370338,0.75,0.00296945386920989,0.0217802250321392
GOBP_CENTRAL_NERVOUS_SYSTEM_PROJECTION_NEURON_AXONOGENESIS,4,-2.97040807604684,-0.0667759492821225,0.75,0.00297404397081923,0.0217828625970814
GOBP_SKELETAL_MUSCLE_CONTRACTION,4,-2.96862495579586,-0.0749958797396771,1,0.00299135451095827,0.0218785289444945
GOBP_HISTONE_H3_DEACETYLATION,4,-2.96716646954788,-0.14017224701817,1,0.00300558179054289,0.0219514051624189
GOBP_PROTEIN_ACETYLATION,4,-2.96563994041895,-0.112332217887089,1,0.00302053890861206,0.0220119596791353
GOBP_REGULATION_OF_CALCIUM_MEDIATED_SIGNALING,4,2.96544814913215,0.071420841984244,0.75,0.00302242289631942,0.0220119596791353
GOBP_EMBRYONIC_DIGESTIVE_TRACT_DEVELOPMENT,4,2.96420314037339,0.136458000289043,1,0.0030346788452073,0.0220386255201757
GOBP_POSITIVE_REGULATION_OF_BONE_RESORPTION,3,2.96402028177802,0.0859205189423009,0.666666666666667,0.003036482730242,0.0220386255201757
GOBP_NEGATIVE_REGULATION_OF_PHAGOCYTOSIS,4,2.96377288225672,0.0948629209487788,0.75,0.00303892486294907,0.0220386255201757
GOBP_OVARIAN_FOLLICLE_DEVELOPMENT,4,-2.96098829651723,-0.0868835319505668,1,0.003066535916281,0.0221801308158235
GOBP_POSITIVE_REGULATION_OF_AMYLOID_PRECURSOR_PROTEIN_CATABOLIC_PROCESS,4,-2.96093642062421,-0.0690103530332472,0.75,0.00306705246472448,0.0221801308158235
GOBP_COLLATERAL_SPROUTING,4,2.95878130502783,0.114735882579607,0.75,0.00308858203921065,0.022304500588914
GOBP_INTRACILIARY_TRANSPORT,4,-2.95674089147213,-0.160054560078266,1,0.00310909265148212,0.0224211737569768
REACTOME_ACTIVATION_OF_IRF3_IRF7_MEDIATED_BY_TBK1_IKK_EPSILON,4,-2.95381283708175,-0.206625397016299,1,0.00313874300915787,0.0225608934751843
GOBP_CERAMIDE_BIOSYNTHETIC_PROCESS,4,2.95361619443217,0.0687966827918686,1,0.00314074347897099,0.0225608934751843
GOBP_BROWN_FAT_CELL_DIFFERENTIATION,4,-2.95318673314537,-0.163621083051578,0.75,0.00314511648305085,0.0225608934751843
GOBP_POSITIVE_REGULATION_OF_T_CELL_MEDIATED_CYTOTOXICITY,4,-2.95310065039637,-0.108539458261407,1,0.00314599369104337,0.0225608934751843
REACTOME_EFFECTS_OF_PIP2_HYDROLYSIS,4,2.95045971058386,0.0644335022389097,1,0.00317301424662577,0.0227230185756274
REACTOME_FLT3_SIGNALING_IN_DISEASE,4,-2.94866691251712,-0.196528605877137,1,0.00319147746686945,0.0228234964957095
GOBP_POSITIVE_REGULATION_OF_DNA_TEMPLATED_TRANSCRIPTION_ELONGATION,4,-2.94691168241282,-0.17376001108023,0.75,0.00320964859565701,0.0229216097351428
GOBP_RETROGRADE_AXONAL_TRANSPORT,4,2.94643540460909,0.0796586257368872,0.75,0.00321459552742343,0.0229251417876776
GOBP_RUFFLE_ASSEMBLY,4,2.94481565785446,0.0868128184121866,0.75,0.00323147131139287,0.0230136179562405
REACTOME_FGFR1_LIGAND_BINDING_AND_ACTIVATION,4,2.94242338718161,0.105001661339844,0.75,0.00325654353977535,0.0231336705311768
REACTOME_SIGNALING_BY_PDGF,4,2.94235011478083,0.127863216984418,0.75,0.00325731426201266,0.0231336705311768
GOBP_POSITIVE_REGULATION_OF_MRNA_SPLICING_VIA_SPLICEOSOME,4,-2.94166440667979,-0.231128039808247,0.75,0.00326453500218587,0.0231519345059047
REACTOME_COPI_INDEPENDENT_GOLGI_TO_ER_RETROGRADE_TRAFFIC,4,2.94125257919455,0.143738356020083,0.75,0.00326887869213298,0.0231519345059047
GOBP_REGULATION_OF_PH,4,2.93889379500241,0.0573982852712189,0.75,0.00329385922507345,0.0232968147663505
GOBP_VESICLE_LOCALIZATION,4,2.93821506062079,0.049583256164907,0.75,0.00330107946072994,0.0233158547919046
GOBP_EMBRYONIC_HEMOPOIESIS,4,-2.93718085940039,-0.109241704710894,0.75,0.00331210880051606,0.0233318643670468
GOBP_REGULATION_OF_RENAL_SYSTEM_PROCESS,4,-2.93715277390799,-0.0943667582122366,0.75,0.00331240878856306,0.0233318643670468
GOBP_PYRIDINE_NUCLEOTIDE_BIOSYNTHETIC_PROCESS,4,2.93632393442957,0.0765070985425974,0.5,0.00332127297611637,0.0233444469413578
GOBP_NEGATIVE_REGULATION_OF_LEUKOCYTE_CHEMOTAXIS,4,2.93613816426042,0.143970025208681,0.75,0.00332326269334148,0.0233444469413578
REACTOME_SUMOYLATION_OF_DNA_DAMAGE_RESPONSE_AND_REPAIR_PROTEINS,4,-2.93542561915336,-0.150067093998788,1,0.00333090457886483,0.0233662502405654
REACTOME_DISEASES_OF_PROGRAMMED_CELL_DEATH,4,2.93276925302873,0.0639440037204857,0.75,0.00335953475729745,0.0235350264834348
GOBP_MEGAKARYOCYTE_DIFFERENTIATION,4,-2.9311252437549,-0.11780252489336,1,0.00337736587980045,0.0236277947215931
REACTOME_HATS_ACETYLATE_HISTONES,4,-2.92963334697045,-0.125725790192198,1,0.00339362170864662,0.0237093055330006
GOBP_SYNAPTIC_VESICLE_TRANSPORT,4,2.9269243439438,0.0951389857663052,0.75,0.00342332145259601,0.0238843931699415
GOBP_NEGATIVE_REGULATION_OF_MIRNA_TRANSCRIPTION,4,-2.92440130890449,-0.116479004075817,1,0.00345119496890998,0.0240462826724188
GOBP_NEGATIVE_REGULATION_OF_RNA_SPLICING,3,-2.92203227654521,-0.161052579415942,1,0.00347755500468147,0.024197203674466
REACTOME_RNA_POLYMERASE_III_TRANSCRIPTION_INITIATION_FROM_TYPE_3_PROMOTER,4,-2.92037063235606,-0.0980853707265661,1,0.00349615317882994,0.0242704602581888
GOBP_DNA_SYNTHESIS_INVOLVED_IN_DNA_REPAIR,4,-2.91989865862398,-0.122312080005683,1,0.00350145228879315,0.0242704602581888
GOBP_NEGATIVE_REGULATION_OF_CYCLIN_DEPENDENT_PROTEIN_SERINE_THREONINE_KINASE_ACTIVITY,4,-2.91952116736626,-0.146126109871391,0.75,0.00350569585123094,0.0242704602581888
GOBP_HISTONE_H3_K9_MODIFICATION,4,-2.91925283937127,-0.128849795284715,1,0.00350871510144266,0.0242704602581888
GOBP_LYMPHOCYTE_COSTIMULATION,4,2.91888983232638,0.099560549628509,1,0.00351280345443767,0.0242704602581888
GOBP_AMINOGLYCAN_BIOSYNTHETIC_PROCESS,4,2.91857391453467,0.0740557630974686,0.75,0.00351636499370923,0.0242704602581888
GOBP_REGULATION_OF_LIPOPOLYSACCHARIDE_MEDIATED_SIGNALING_PATHWAY,4,2.91520835588242,0.0941658840910052,0.5,0.00355451151201939,0.0245009100072127
GOBP_POSITIVE_REGULATION_OF_TYPE_I_INTERFERON_MEDIATED_SIGNALING_PATHWAY,3,-2.91334844605651,-0.144612090375248,1,0.0035757535833741,0.0246033723453398
KEGG_SPHINGOLIPID_METABOLISM,4,2.91307093065295,0.113642426499949,1,0.00357893297468624,0.0246033723453398
REACTOME_MRNA_DECAY_BY_5_TO_3_EXORIBONUCLEASE,3,-2.91147545114672,-0.102541940923819,1,0.00359726173581622,0.0246604793124936
GOBP_REGULATION_OF_EPITHELIAL_CELL_DIFFERENTIATION_INVOLVED_IN_KIDNEY_DEVELOPMENT,3,2.91114938087566,0.103942858566214,1,0.00360101810031939,0.0246604793124936
GOBP_PROTEIN_LOCALIZATION_TO_CONDENSED_CHROMOSOME,3,2.91108205166624,0.0812021368506846,0.666666666666667,0.00360179418429594,0.0246604793124936
GOBP_NEURAL_CREST_CELL_MIGRATION,4,2.91063795856711,0.117863021945682,1,0.0036069169268322,0.0246604793124936
GOBP_TRANSLATIONAL_TERMINATION,3,2.9102682297189,0.0986427586364099,0.666666666666667,0.00361118691039429,0.0246604793124936
GOBP_MEMBRANE_RAFT_ORGANIZATION,4,2.90901571629665,0.110235711448602,1,0.00362568632793636,0.0247267005331713
REACTOME_MITOCHONDRIAL_BIOGENESIS,4,-2.9072429337918,-0.0656984081377423,0.75,0.00364629902330739,0.0248094734369839
GOBP_PLASMA_MEMBRANE_REPAIR,4,2.9071433584881,0.0697911468069645,1,0.00364745997121709,0.0248094734369839
GOBP_NEGATIVE_REGULATION_OF_FIBROBLAST_PROLIFERATION,4,-2.90432265297794,-0.0922307984676671,0.75,0.00368048650452945,0.0250010884060978
GOBP_LIVER_MORPHOGENESIS,4,-2.90224274362317,-0.0749852622173679,0.75,0.0037050132547003,0.0251236000123736
REACTOME_G_PROTEIN_MEDIATED_EVENTS,4,2.90188968603426,0.0798513817667691,0.75,0.00370919130922418,0.0251236000123736
GOBP_REGULATION_OF_SKELETAL_MUSCLE_CONTRACTION,2,-2.90155467510243,-0.187856188797488,1,0.00371315976100531,0.0251236000123736
REACTOME_DISEASES_OF_METABOLISM,4,2.89934886310657,0.0600560861424131,0.75,0.00373938575063986,0.0252263849666593
KEGG_RIBOSOME,4,-2.89891485425906,-0.232849999939938,0.75,0.00374456567709499,0.0252263849666593
REACTOME_G_BETA_GAMMA_SIGNALLING_THROUGH_PI3KGAMMA,4,2.89870227849524,0.050236388488805,0.75,0.00374710516276782,0.0252263849666593
REACTOME_AMINO_ACIDS_REGULATE_MTORC1,4,-2.89815056837557,-0.152474043835342,1,0.00375370334134631,0.0252263849666593
GOBP_REGULATION_OF_CLATHRIN_DEPENDENT_ENDOCYTOSIS,4,-2.89794345308997,-0.130457846847269,0.75,0.00375618306220263,0.0252263849666593
GOBP_HYDROGEN_PEROXIDE_CATABOLIC_PROCESS,4,2.89781292419091,0.159680174234142,1,0.0037577466050549,0.0252263849666593
GOBP_PROTEIN_DNA_COMPLEX_SUBUNIT_ORGANIZATION,4,-2.89622681645321,-0.119740914067684,1,0.00377679314944165,0.0253212342792644
GOBP_NEGATIVE_REGULATION_OF_TRANSMEMBRANE_RECEPTOR_PROTEIN_SERINE_THREONINE_KINASE_SIGNALING_PATHWAY,4,2.89479491079772,0.043065451253936,0.5,0.00379406329222459,0.0254039426419563
REACTOME_OTHER_INTERLEUKIN_SIGNALING,4,2.89190613274697,0.0986124874438011,0.75,0.00382912331262799,0.0255669701305005
GOBP_INOSITOL_PHOSPHATE_MEDIATED_SIGNALING,4,2.89155497131572,0.0856562273254892,0.75,0.00383340523443118,0.0255669701305005
REACTOME_TRANSCRIPTIONAL_REGULATION_OF_PLURIPOTENT_STEM_CELLS,4,-2.8913564054322,-0.077680150138218,0.75,0.00383582839234479,0.0255669701305005
GOBP_REGULATION_OF_EXTENT_OF_CELL_GROWTH,4,2.89115619358196,0.0904976179099654,0.75,0.00383827304542181,0.0255669701305005
GOBP_POSITIVE_REGULATION_OF_RECEPTOR_INTERNALIZATION,4,-2.88994304191042,-0.073696561559617,0.75,0.0038531163291918,0.0256326821434219
REACTOME_INFLUENZA_INFECTION,4,-2.88822904511333,-0.183990965357712,0.75,0.00387417650161139,0.0257299013595316
GOBP_ADULT_BEHAVIOR,4,2.88794112216355,0.0437741406198855,0.75,0.00387772450087329,0.0257299013595316
REACTOME_DOWNSTREAM_SIGNALING_OF_ACTIVATED_FGFR2,4,2.88497506878319,0.066747656964865,0.75,0.00391444659840136,0.0259401358238978
GOBP_NEGATIVE_REGULATION_OF_LIPID_STORAGE,4,-2.88257650678176,-0.0648507020817648,0.75,0.00394437337669582,0.0260811119271133
GOBP_REGULATION_OF_ICOSANOID_SECRETION,4,2.88233806510549,0.156547893803422,0.75,0.0039473597311533,0.0260811119271133
REACTOME_INTERFERON_GAMMA_SIGNALING,4,-2.8820543202532,-0.109901795866909,1,0.00395091615908883,0.0260811119271133
GOBP_ALCOHOL_CATABOLIC_PROCESS,4,-2.87676730966866,-0.0749487398085733,1,0.00401771742803993,0.0264881268079099
REACTOME_SIGNALING_BY_NTRK2_TRKB,4,2.87599968625109,0.0712025846655277,0.75,0.00402750112165947,0.0265186742652489
GOBP_CARDIAC_CONDUCTION,4,2.87461379483899,0.0830931972637822,1,0.00404521969858975,0.0266013234074567
GOBP_PEPTIDE_CROSS_LINKING,4,2.87281022545884,0.0170798270282405,0.5,0.0040683842288761,0.0267169685756275
REACTOME_GLYCOGEN_STORAGE_DISEASES,3,-2.87192940503364,-0.083943502877341,0.666666666666667,0.00407974093569407,0.0267169685756275
GOBP_REGULATION_OF_INTEGRIN_ACTIVATION,4,2.87165392499511,0.0872031665127224,1,0.0040832986922212,0.0267169685756275
GOBP_NEGATIVE_REGULATION_OF_PROTEIN_ACETYLATION,4,-2.87163364275086,-0.101539894109798,1,0.00408356074364321,0.0267169685756275
GOBP_RESPONSE_TO_MITOCHONDRIAL_DEPOLARISATION,4,-2.86803394702707,-0.226486853355532,0.75,0.00413031214115827,0.0269380587838677
REACTOME_TNF_RECEPTOR_SUPERFAMILY_TNFSF_MEMBERS_MEDIATING_NON_CANONICAL_NF_KB_PATHWAY,3,2.86797844042076,0.0456637251821845,0.666666666666667,0.00413103682552941,0.0269380587838677
GOBP_TETRAHYDROFOLATE_METABOLIC_PROCESS,4,-2.86782440842445,-0.195970078000822,0.75,0.00413304844421353,0.0269380587838677
GOBP_AMINOGLYCAN_CATABOLIC_PROCESS,4,2.86493742383101,0.122258273209709,0.75,0.00417091654986706,0.0271505048233445
GOBP_RAB_PROTEIN_SIGNAL_TRANSDUCTION,4,-2.86319682394633,-0.184219104763696,0.5,0.00419389954052354,0.0272656423411057
GOBP_MODULATION_OF_PROCESS_OF_ANOTHER_ORGANISM,4,2.86179190453295,0.158611641716975,1,0.00421253390576108,0.0273522535696895
GOBP_POSITIVE_REGULATION_OF_CELLULAR_RESPONSE_TO_INSULIN_STIMULUS,4,-2.86008076831735,-0.113990849672698,1,0.00423533124993981,0.0274299931056382
GOBP_REGULATION_OF_TRANSCRIPTION_ELONGATION_FROM_RNA_POLYMERASE_II_PROMOTER,4,-2.8598436390782,-0.127312148905802,1,0.00423849931834498,0.0274299931056382
GOBP_NUCLEOTIDE_TRANSMEMBRANE_TRANSPORT,3,2.8595589759849,0.0598109895359467,0.666666666666667,0.0042423052820771,0.0274299931056382
GOBP_POSITIVE_REGULATION_OF_CILIUM_ASSEMBLY,4,-2.85856333674388,-0.140555363188138,1,0.00425564143456807,0.0274299931056382
GOBP_PROTEIN_K63_LINKED_UBIQUITINATION,4,-2.85814139024781,-0.159062079138238,0.75,0.00426130468553463,0.0274299931056382
GOBP_NEUROTRANSMITTER_RECEPTOR_TRANSPORT_TO_PLASMA_MEMBRANE,2,2.85812338261808,0.148702309917588,1,0.00426154653103626,0.0274299931056382
GOBP_REGULATION_OF_RECEPTOR_BINDING,4,2.85810470883169,0.120286611060903,1,0.00426179733628094,0.0274299931056382
GOBP_CELLULAR_RESPONSE_TO_PH,4,-2.85766801770187,-0.140387990442053,1,0.00426766629730209,0.0274334753618083
KEGG_VIBRIO_CHOLERAE_INFECTION,4,2.85590007052446,0.0456532220040866,0.75,0.0042915018054628,0.0275522977510324
GOBP_CELLULAR_RESPONSE_TO_ESTRADIOL_STIMULUS,4,-2.8552089349913,-0.0844834678662715,0.75,0.00430085248460109,0.0275779445120934
GOBP_REGULATION_OF_T_CELL_APOPTOTIC_PROCESS,4,2.85316891789592,0.0621295120366531,0.75,0.00432856062201578,0.0276917023402061
KEGG_DILATED_CARDIOMYOPATHY,4,2.85311101285824,0.0604821670670253,0.75,0.00432934946278226,0.0276917023402061
GOBP_ATRIAL_CARDIAC_MUSCLE_CELL_TO_AV_NODE_CELL_SIGNALING,4,2.85129439242713,0.163516621824368,1,0.00435416357786638,0.0278158663305632
HALLMARK_P53_PATHWAY,4,-2.84988314054867,-0.143876552772318,0.75,0.00437352947282963,0.0279049606636924
GOBP_WATER_HOMEOSTASIS,4,2.84828240288892,0.0716173998752758,0.75,0.00439559006653127,0.0280110065007048
GOBP_REGULATION_OF_ERYTHROCYTE_DIFFERENTIATION,4,-2.84696213519349,-0.101495967237392,1,0.00441386120468363,0.0280926716228875
GOBP_REGULATION_OF_SYSTEMIC_ARTERIAL_BLOOD_PRESSURE_BY_RENIN_ANGIOTENSIN,4,2.84547604906486,0.0982396931292673,0.75,0.00443450942070013,0.0281892456878827
GOBP_FACULTATIVE_HETEROCHROMATIN_ASSEMBLY,4,-2.84473590466726,-0.115768444822976,1,0.00444482587472271,0.0282199857323641
GOBP_NEURON_PROJECTION_EXTENSION,4,2.8430041393491,0.0804449160198723,1,0.0044690489999388,0.0283388341141439
GOBP_REGULATION_OF_EXCRETION,4,-2.84029592161682,-0.0920667201296303,0.75,0.00450717015563929,0.0285454109857155
GOBP_MITOTIC_G2_DNA_DAMAGE_CHECKPOINT_SIGNALING,4,-2.83915944097841,-0.15460358470394,0.75,0.00452325494367022,0.028583421602038
REACTOME_DOWNSTREAM_SIGNALING_OF_ACTIVATED_FGFR3,4,2.83879681030255,0.0693065509543924,0.75,0.00452839824513484,0.028583421602038
GOBP_POSITIVE_REGULATION_OF_ATP_DEPENDENT_ACTIVITY,4,2.83869624000072,0.0650273979848362,0.75,0.00452982560249816,0.028583421602038
GOBP_NEUROTROPHIN_TRK_RECEPTOR_SIGNALING_PATHWAY,4,-2.83635513493258,-0.0829571451917908,0.75,0.00456316742674833,0.028758566805786
GOBP_CARDIAC_CONDUCTION_SYSTEM_DEVELOPMENT,4,2.83444727128612,0.118546116146745,1,0.00459050327897639,0.0288954784638746
REACTOME_ABERRANT_REGULATION_OF_MITOTIC_G1_S_TRANSITION_IN_CANCER_DUE_TO_RB1_DEFECTS,4,2.83375657119103,-0.0149723167734314,0.5,0.00460043613101236,0.0289226442473536
GOBP_POSITIVE_REGULATION_OF_B_CELL_PROLIFERATION,4,-2.83115717033532,-0.0672681091641436,0.75,0.00463799242271524,0.0291231987616595
GOBP_DNA_PACKAGING,4,-2.8306334766478,-0.108355894451073,1,0.00464559229550391,0.0291353894391591
REACTOME_TRANSCRIPTIONAL_ACTIVATION_OF_MITOCHONDRIAL_BIOGENESIS,4,-2.82980300261636,-0.0693649056098363,0.5,0.00465766730356132,0.0291755826594127
GOBP_CELL_FATE_DETERMINATION,4,-2.82852661262453,-0.091782529854462,1,0.00467628129306573,0.0292563533237037
REACTOME_CRMPS_IN_SEMA3A_SIGNALING,3,2.82814047966415,0.150011599071345,0.666666666666667,0.00468192564356805,0.0292563533237037
REACTOME_G_BETA_GAMMA_SIGNALLING_THROUGH_CDC42,4,2.82667899356986,0.104962349512259,1,0.00470334500880145,0.0293545738791742
GOBP_POSITIVE_REGULATION_OF_CELLULAR_CARBOHYDRATE_METABOLIC_PROCESS,4,-2.82511684281874,-0.0380012488277534,0.75,0.0047263377524585,0.0293826976468409
KEGG_GLYCINE_SERINE_AND_THREONINE_METABOLISM,4,-2.82499077373144,-0.0847391119118477,0.75,0.00472819774822336,0.0293826976468409
GOBP_MEMBRANE_PROTEIN_ECTODOMAIN_PROTEOLYSIS,4,2.82448440689103,0.0730837035004506,0.75,0.00473567525099748,0.0293826976468409
REACTOME_ACTIVATION_OF_SMO,3,-2.82445293832196,-0.0794983396076492,0.666666666666667,0.00473614029941584,0.0293826976468409
GOBP_PEPTIDYL_SERINE_DEPHOSPHORYLATION,4,-2.82443647738282,-0.15579336923166,0.5,0.00473638357872945,0.0293826976468409
REACTOME_HDACS_DEACETYLATE_HISTONES,4,-2.82301569668189,-0.145084901560658,1,0.00475742423366486,0.0294777104442122
GOBP_ODONTOGENESIS_OF_DENTIN_CONTAINING_TOOTH,4,2.8219401713842,0.0649566273786383,1,0.00477340814395313,0.0295412001601138
GOBP_ENDOPLASMIC_RETICULUM_UNFOLDED_PROTEIN_RESPONSE,4,-2.82106559540577,-0.135900890415626,0.75,0.00478644145908156,0.0295862990069759
GOBP_POSITIVE_REGULATION_OF_AUTOPHAGY,4,-2.81808005462447,-0.164833411110658,0.75,0.00483117626911206,0.0297927771072592
GOBP_BRANCHING_INVOLVED_IN_MAMMARY_GLAND_DUCT_MORPHOGENESIS,4,-2.81806402083824,-0.0219471848665833,0.5,0.00483141753438754,0.0297927771072592
GOBP_ADULT_LOCOMOTORY_BEHAVIOR,4,2.81680788482831,0.0445906140200117,0.75,0.00485035291304035,0.0298737645325894
REACTOME_INTERFERON_ALPHA_BETA_SIGNALING,4,-2.8159581903058,-0.0967455049818925,1,0.00486319951128622,0.0298986477126739
KEGG_INOSITOL_PHOSPHATE_METABOLISM,4,-2.81548058097342,-0.140639117163293,1,0.00487043403108505,0.0298986477126739
GOBP_ORGANOPHOSPHATE_ESTER_TRANSPORT,4,2.81538961311897,0.0644731384015352,0.75,0.00487181305708554,0.0298986477126739
KEGG_ALDOSTERONE_REGULATED_SODIUM_REABSORPTION,4,-2.81254646622393,-0.0722756895428658,1,0.00491509215073455,0.0301283446239669
GOBP_EYE_PHOTORECEPTOR_CELL_DIFFERENTIATION,4,-2.81093100990788,-0.139049348612041,1,0.00493983767851873,0.0302440240269833
REACTOME_SYNTHESIS_OF_VERY_LONG_CHAIN_FATTY_ACYL_COAS,4,2.80798730877356,0.169337019245962,1,0.00498521914116728,0.0304856215651667
GOBP_PROTEIN_ACYLATION,4,-2.80679755886802,-0.10224293279573,1,0.00500366760885889,0.0305621405907644
GOBP_REGULATION_OF_JUN_KINASE_ACTIVITY,4,-2.80632021112451,-0.0433527461724903,0.75,0.00501108678168857,0.0305711917522683
REACTOME_GLYCOGEN_METABOLISM,4,-2.80331560028767,-0.170248274778786,0.75,0.00505801470235458,0.0307912514248253
GOBP_REGULATION_OF_PRODUCTION_OF_MOLECULAR_MEDIATOR_OF_IMMUNE_RESPONSE,4,-2.80324526263771,-0.0537887587432828,0.75,0.00505911802396624,0.0307912514248253
GOBP_TRANSCRIPTION_PREINITIATION_COMPLEX_ASSEMBLY,4,-2.80219545541487,-0.0929609246701726,1,0.00507561125548414,0.0308551621658652
GOBP_NEGATIVE_REGULATION_OF_SMOOTH_MUSCLE_CONTRACTION,1,-2.79885562635146,-0.279084917820083,1,0.0051284061811463,0.0311393436635876
GOBP_NEGATIVE_REGULATION_OF_TELOMERE_MAINTENANCE,4,-2.79816568522933,-0.112608562137868,0.75,0.00513937420482641,0.0311691846650779
GOBP_GANGLIOSIDE_BIOSYNTHETIC_PROCESS,3,2.79599157706974,0.0925875196625661,1,0.0051740748879981,0.0313189932502101
GOBP_SPLEEN_DEVELOPMENT,4,-2.79585632065529,-0.134870483208257,1,0.00517624067895297,0.0313189932502101
GOBP_PURINE_CONTAINING_COMPOUND_TRANSMEMBRANE_TRANSPORT,4,2.79275466890018,0.0546966213850209,0.75,0.00522613114134603,0.0315691296218609
GOBP_CEREBELLAR_CORTEX_FORMATION,4,-2.7917875329104,-0.0836344048590889,0.75,0.00524177626182559,0.0315691296218609
GOBP_LIPID_DROPLET_ORGANIZATION,3,-2.79152199776841,-0.098005957753795,1,0.00524607915529547,0.0315691296218609
GOBP_HORMONE_BIOSYNTHETIC_PROCESS,4,2.79151904120327,0.0472358114840694,1,0.00524612708323811,0.0315691296218609
GOBP_COPII_COATED_VESICLE_CARGO_LOADING,2,-2.79117159344859,-0.262856879059965,1,0.00525176220439877,0.0315691296218609
GOBP_PROTEIN_TARGETING_TO_VACUOLE,4,2.7910110014157,0.0882008566238382,0.75,0.00525436863195471,0.0315691296218609
GOBP_DNA_DEALKYLATION,4,-2.79034230647311,-0.106382546710011,1,0.0052652341973043,0.0315975418204194
REACTOME_SIGNALING_BY_BMP,4,2.78848682117502,0.0577204777239738,0.75,0.00529549019309163,0.0317421175835027
GOBP_DICARBOXYLIC_ACID_CATABOLIC_PROCESS,3,-2.78675936506657,-0.062350819375471,0.666666666666667,0.00532379957829609,0.0318068781084126
GOBP_CELLULAR_RESPONSE_TO_EXTRACELLULAR_STIMULUS,4,-2.78670762909823,-0.0979705580954589,1,0.00532464952647993,0.0318068781084126
GOBP_REGULATION_OF_PHOSPHATIDYLINOSITOL_3_KINASE_ACTIVITY,4,-2.78669688987715,-0.0972676898407474,1,0.00532482597192691,0.0318068781084126
REACTOME_TRAFFICKING_OF_GLUR2_CONTAINING_AMPA_RECEPTORS,4,2.78339654111288,0.13503305471807,1,0.00537930155248051,0.032080595675312
GOBP_DIOL_METABOLIC_PROCESS,4,2.7831669255348,0.0897293675134737,0.75,0.00538311024732366,0.032080595675312
GOBP_CHOLESTEROL_EFFLUX,4,-2.78162849766294,-0.0779674766819854,1,0.00540869143208432,0.0321957828714476
GOBP_BLASTOCYST_DEVELOPMENT,4,-2.78124754338439,-0.0863814773662569,1,0.00541504292138677,0.0321963695175756
GOBP_MACROPHAGE_DIFFERENTIATION,4,2.7797522533482,0.0787956674221895,0.75,0.00544003839875384,0.0322836895249362
GOBP_BONE_MINERALIZATION,4,2.77961912164967,0.0730167728514856,0.75,0.00544226888864724,0.0322836895249362
GOBP_POSITIVE_REGULATION_OF_CIRCADIAN_RHYTHM,3,-2.77455546029219,-0.0841823182927777,0.666666666666667,0.00552772081873309,0.0326749574819245
GOBP_POSITIVE_REGULATION_OF_AMYLOID_BETA_FORMATION,4,-2.77445137541851,-0.0918828557893453,0.75,0.00552948993599817,0.0326749574819245
GOBP_AMYLOID_BETA_CLEARANCE,4,2.77396801252294,0.094283905277444,0.75,0.0055377122913536,0.0326749574819245
GOBP_REGULATION_OF_RECEPTOR_LOCALIZATION_TO_SYNAPSE,3,2.77390856176971,0.101671863269886,0.333333333333333,0.00553872435365429,0.0326749574819245
GOBP_REGULATION_OF_PROTEIN_AUTOPHOSPHORYLATION,4,2.77383617477921,0.115161546391116,0.75,0.00553995686186058,0.0326749574819245
GOBP_MAINTENANCE_OF_PROTEIN_LOCATION_IN_NUCLEUS,4,-2.77338502713864,-0.140322118033706,1,0.00554764397624007,0.0326828590774143
GOBP_EXIT_FROM_MITOSIS,4,-2.77268820953554,-0.16967277220046,0.5,0.00555953598245042,0.0327154865984425
GOBP_PEPTIDYL_GLUTAMIC_ACID_MODIFICATION,4,2.77032666246971,0.148797105611675,0.5,0.00560000981622176,0.032916039433477
GOBP_INNER_EAR_RECEPTOR_CELL_DEVELOPMENT,4,-2.76787819676306,-0.0758996427113598,1,0.00564225384635813,0.0331265279987435
KEGG_TASTE_TRANSDUCTION,4,2.76429386529035,0.0973249408797839,1,0.00570461381235528,0.0334545062868079
REACTOME_RECYCLING_PATHWAY_OF_L1,4,2.7635253504439,0.0865527071405327,0.75,0.00571806504209115,0.0334952410713622
REACTOME_FGFR2_LIGAND_BINDING_AND_ACTIVATION,4,2.76205504727815,0.083396595136138,0.75,0.00574387933422096,0.0336082212407997
REACTOME_PINK1_PRKN_MEDIATED_MITOPHAGY,4,-2.7580270582376,-0.165624114325173,0.75,0.00581513842121345,0.0339865468000318
GOBP_REGULATION_OF_COLLATERAL_SPROUTING,4,2.75549561214363,0.155129564106469,0.75,0.00586032905629991,0.0342118302844538
GOBP_MONOVALENT_INORGANIC_ANION_HOMEOSTASIS,4,2.75477373236499,0.118134914799483,1,0.00587327372309452,0.0342485689696644
GOBP_POSITIVE_REGULATION_OF_BLOOD_CIRCULATION,4,2.75191867675207,0.00892482142758836,0.5,0.00592472317567777,0.0345095018456616
GOBP_REGULATION_OF_RYANODINE_SENSITIVE_CALCIUM_RELEASE_CHANNEL_ACTIVITY,4,-2.75098288558626,-0.0951299970037508,0.75,0.00594167474685975,0.0345691336402044
GOBP_TRIGLYCERIDE_METABOLIC_PROCESS,4,-2.74966752929687,-0.0638772131296461,1,0.00596557592130372,0.0346690185313689
GOBP_POSITIVE_REGULATION_OF_CELLULAR_RESPONSE_TO_TRANSFORMING_GROWTH_FACTOR_BETA_STIMULUS,4,-2.7454854672511,-0.128234422483762,1,0.00604214434965701,0.035074409533691
GOBP_ANATOMICAL_STRUCTURE_ARRANGEMENT,4,2.74427697267508,0.0838526496677592,1,0.00606443468743505,0.0351641601414449
GOBP_NCRNA_3_END_PROCESSING,4,-2.74150420856149,-0.111109506744387,1,0.00611585772725821,0.0354224425620388
REACTOME_INTERLEUKIN_RECEPTOR_SHC_SIGNALING,4,-2.74106926169317,-0.125617491023248,1,0.00612395968799339,0.0354295150937954
GOBP_PEPTIDYL_LYSINE_ACETYLATION,4,-2.73688661803051,-0.109145350036758,1,0.00620236660026189,0.0358400411334687
GOBP_RESPONSE_TO_FOLLICLE_STIMULATING_HORMONE,4,2.73654342836912,0.113932061568987,1,0.00620883990892486,0.0358400411334687
GOBP_CEREBELLAR_PURKINJE_CELL_LAYER_DEVELOPMENT,4,-2.73390195196228,-0.0902438344652523,1,0.00625886787817868,0.0360607037258409
REACTOME_EUKARYOTIC_TRANSLATION_ELONGATION,4,-2.7337859160169,-0.230010171142051,0.75,0.00626107382616076,0.0360607037258409
GOBP_AXON_ENSHEATHMENT_IN_CENTRAL_NERVOUS_SYSTEM,4,2.73321166369252,0.120254076745579,0.5,0.00627200118695296,0.0360832783370065
GOBP_IMMUNOGLOBULIN_PRODUCTION,4,-2.73208677339655,-0.0572073815023527,0.75,0.00629345631974452,0.0361103707806914
REACTOME_RNA_POLYMERASE_III_TRANSCRIPTION,4,-2.73201352427917,-0.0807836114092466,1,0.00629485569492769,0.0361103707806914
GOBP_CELLULAR_CARBOHYDRATE_METABOLIC_PROCESS,4,-2.73186208898593,-0.0885543406370733,1,0.00629774965256572,0.0361103707806914
GOBP_INTEGRATED_STRESS_RESPONSE_SIGNALING,4,-2.73118209634214,-0.15643627177062,1,0.00631075921007864,0.0361447154312513
GOBP_NEGATIVE_REGULATION_OF_NATURAL_KILLER_CELL_MEDIATED_IMMUNITY,4,-2.72780924099568,-0.13403320434572,0.75,0.00637564660297472,0.0364757826207965
GOBP_POSITIVE_REGULATION_OF_MEMBRANE_POTENTIAL,3,2.72587865542469,0.045066758426349,0.666666666666667,0.00641305702496333,0.0366490905899403
GOBP_CELLULAR_GLUCOSE_HOMEOSTASIS,4,-2.72502378750664,-0.0766137747841498,1,0.00642968545092144,0.0367033818035416
GOBP_REGULATION_OF_LIPID_CATABOLIC_PROCESS,4,-2.7241416457512,-0.0296619781581199,0.5,0.00644688505094844,0.0367608096648212
GOBP_MITOTIC_INTRA_S_DNA_DAMAGE_CHECKPOINT_SIGNALING,3,-2.7232574495188,-0.177741837687734,1,0.00646416623467799,0.0367985135882364
GOBP_MODULATION_BY_HOST_OF_VIRAL_GENOME_REPLICATION,3,-2.72307226783258,-0.108287325711833,1,0.0064677907938151,0.0367985135882364
GOBP_MONOSACCHARIDE_METABOLIC_PROCESS,4,-2.71910226509577,-0.0882575148593069,1,0.00654593664442795,0.0372020174196021
KEGG_PATHOGENIC_ESCHERICHIA_COLI_INFECTION,4,2.71756163145113,0.0808849811765327,1,0.00657649059698192,0.0373344543372215
REACTOME_SIGNALLING_TO_RAS,4,2.71524954336809,0.0779752677942603,0.75,0.00662258477896612,0.0375547235979037
REACTOME_GLYCOSPHINGOLIPID_METABOLISM,4,2.71305182070543,0.107301572633135,0.75,0.00666666803004134,0.0377631173670878
GOBP_CELLULAR_RESPONSE_TO_LIPOPROTEIN_PARTICLE_STIMULUS,4,2.71211500183645,0.121685811197083,0.75,0.00668553937161328,0.0378283980488316
GOBP_POSITIVE_REGULATION_OF_PROTEIN_TARGETING_TO_MEMBRANE,4,2.71149582702592,0.0956739217767904,0.75,0.00669803841468059,0.0378575189870366
KEGG_RENIN_ANGIOTENSIN_SYSTEM,4,2.71100870436984,0.147159432967039,0.75,0.00670788653137053,0.0378716093750294
GOBP_RETINA_MORPHOGENESIS_IN_CAMERA_TYPE_EYE,4,-2.70441644658651,-0.103159197889464,1,0.00684244752668564,0.0385890058213629
GOBP_GLYCOSAMINOGLYCAN_CATABOLIC_PROCESS,4,2.70275940214059,0.141343116349774,0.75,0.00687665028786377,0.0387165044682983
GOBP_ANTIVIRAL_INNATE_IMMUNE_RESPONSE,3,-2.70259299552004,-0.0736924256960319,0.666666666666667,0.00688009353048998,0.0387165044682983
GOBP_VESICLE_TARGETING,4,2.70175886334044,0.0355246594319035,0.75,0.00689737653001245,0.0387713883766748
GOBP_PEROXISOMAL_TRANSPORT,4,-2.700496413198,-0.134477944728619,1,0.00692360835782734,0.0388764006918789
REACTOME_METABOLISM_OF_AMINE_DERIVED_HORMONES,4,2.69853909428066,0.0635230934670105,0.5,0.0069644557310445,0.0390520537938423
GOBP_NEGATIVE_REGULATION_OF_DIGESTIVE_SYSTEM_PROCESS,3,-2.6982713685005,-0.0824410464479124,0.666666666666667,0.00697005970800954,0.0390520537938423
GOBP_SOMATIC_STEM_CELL_POPULATION_MAINTENANCE,4,-2.69742213933959,-0.17467422262952,0.75,0.006987862394115,0.0391092428992371
GOBP_MYELOID_CELL_APOPTOTIC_PROCESS,4,-2.69570826562091,-0.0560158551964743,0.75,0.00702391535126042,0.0392683389181758
GOBP_REGULATION_OF_CIRCADIAN_SLEEP_WAKE_CYCLE,4,-2.69371208695452,-0.0235046293609754,0.5,0.00706611737538546,0.0394549510037842
REACTOME_DNA_STRAND_ELONGATION,4,-2.69340546712861,-0.142386840944377,1,0.00707261988279138,0.0394549510037842
GOBP_REGULATION_OF_NECROTIC_CELL_DEATH,4,-2.69132227067936,-0.138905741753744,1,0.00711694080825096,0.0396592296771474
GOBP_NEGATIVE_REGULATION_OF_ALCOHOL_BIOSYNTHETIC_PROCESS,1,2.69024142630954,0.220352192204069,1,0.00714003435718437,0.0397138197469231
GOBP_URETER_DEVELOPMENT,3,-2.69014195957594,-0.0941530494865266,1,0.00714216296089548,0.0397138197469231
GOBP_TOXIN_TRANSPORT,4,-2.68734410080632,-0.10037720323958,1,0.00720227143408397,0.0400048496376465
GOBP_REGULATION_OF_PROTEIN_KINASE_C_SIGNALING,4,-2.68499927285011,-0.15031406370393,1,0.00725299640019863,0.0402046328966668
REACTOME_PROSTACYCLIN_SIGNALLING_THROUGH_PROSTACYCLIN_RECEPTOR,4,2.68495618918035,0.0652476377455033,0.75,0.00725393140835466,0.0402046328966668
GOBP_EYE_PHOTORECEPTOR_CELL_DEVELOPMENT,4,-2.68460006883514,-0.135041471845183,1,0.00726166412777241,0.0402046328966668
GOBP_REGULATION_OF_DNA_TEMPLATED_TRANSCRIPTION_ELONGATION,4,-2.68362851942246,-0.12611154292031,0.75,0.00728279777126938,0.040278330530898
REACTOME_SENSORY_PROCESSING_OF_SOUND,4,2.6823991243574,0.0655223116219598,0.75,0.00730961930235948,0.0403832937637864
KEGG_PYRUVATE_METABOLISM,4,-2.67997444522232,-0.124467702065063,1,0.00736277808613826,0.040633380884808
GOBP_INSULIN_SECRETION_INVOLVED_IN_CELLULAR_RESPONSE_TO_GLUCOSE_STIMULUS,4,-2.67925972463615,-0.0694800429156312,0.75,0.00737851370084128,0.0406766242458584
REACTOME_SUMOYLATION_OF_RNA_BINDING_PROTEINS,4,-2.67492931711096,-0.166309772439397,0.75,0.00747450071011097,0.0411617156752528
GOBP_REGULATION_OF_CHOLESTEROL_EFFLUX,4,-2.67427074317087,-0.0746553242676906,1,0.00748919623324144,0.0411985805608549
GOBP_RESPONSE_TO_MAGNESIUM_ION,4,2.67311010687497,0.0347642824613386,0.75,0.00751515793421876,0.0412887235550713
GOBP_LYMPHOID_PROGENITOR_CELL_DIFFERENTIATION,4,-2.67282176312823,-0.0729982711263665,0.75,0.00752162025532276,0.0412887235550713
REACTOME_PYRUVATE_METABOLISM,4,-2.67124347151992,-0.109505701236585,1,0.00755708107482759,0.0414392017617543
GOBP_REGULATION_OF_CELL_ADHESION_MEDIATED_BY_INTEGRIN,4,-2.67032761501351,-0.120125440085035,0.75,0.00757772705947975,0.0415082091800651
REACTOME_ER_TO_GOLGI_ANTEROGRADE_TRANSPORT,4,2.66944265969082,0.0719547656147823,0.75,0.00759772446787445,0.0415735210255957
GOBP_MEMBRANE_LIPID_CATABOLIC_PROCESS,4,2.66779187714229,0.133484539892116,0.75,0.00763515381226226,0.0417339776850726
GOBP_DNA_METHYLATION_OR_DEMETHYLATION,4,-2.66370696435602,-0.0547950056061277,1,0.0077284853954749,0.042199333299364
REACTOME_HCMV_LATE_EVENTS,4,-2.66321925830348,-0.142814313062521,1,0.00773969648817787,0.0422157809508769
GOBP_VACUOLAR_ACIDIFICATION,4,2.6618131674916,0.09835062570449,0.75,0.0077721004766461,0.0423476670415352
REACTOME_TRANSPORT_TO_THE_GOLGI_AND_SUBSEQUENT_MODIFICATION,4,2.65982776025921,0.0776411561327382,0.75,0.007818062073757,0.0425530672492334
GOBP_HOMOLOGOUS_CHROMOSOME_PAIRING_AT_MEIOSIS,4,-2.65800551935321,-0.0894975029529637,1,0.00786046057137846,0.0427376581584737
GOBP_RESPONSE_TO_LEAD_ION,4,2.65765771389667,0.078791517100185,0.75,0.00786857640983358,0.0427376581584737
GOBP_NEGATIVE_REGULATION_OF_MONOOXYGENASE_ACTIVITY,1,2.65578723737131,0.213878600269074,1,0.00791235176002823,0.0429301361563597
GOBP_NEGATIVE_REGULATION_OF_JNK_CASCADE,4,-2.65342150906712,-0.00738269242301549,0.5,0.00796802998146116,0.0431867224995195
REACTOME_L1CAM_INTERACTIONS,4,2.65297216302771,0.0523139865224816,0.75,0.00797864505743952,0.0431987838073145
REACTOME_REGULATION_OF_GLUCOKINASE_BY_GLUCOKINASE_REGULATORY_PROTEIN,4,-2.65180367412706,-0.162532558754742,0.75,0.00800630803061468,0.0432129534427811
KEGG_ADIPOCYTOKINE_SIGNALING_PATHWAY,4,-2.651668113616,-0.126340795102959,0.75,0.00800952286274959,0.0432129534427811
GOBP_RESPONSE_TO_FIBROBLAST_GROWTH_FACTOR,4,2.65156811157073,0.0487195073247033,0.75,0.00801189516282606,0.0432129534427811
GOBP_NEGATIVE_REGULATION_OF_T_CELL_APOPTOTIC_PROCESS,4,2.6514443440613,0.0349158544111789,0.5,0.00801483211067314,0.0432129534427811
GOBP_MITOPHAGY,4,-2.65004835052058,-0.187284630691323,0.75,0.00804802523295205,0.0433465292096968
GOBP_POSITIVE_REGULATION_OF_CYTOKINE_PRODUCTION_INVOLVED_IN_IMMUNE_RESPONSE,4,-2.64869698085371,-0.0501563914752663,0.75,0.00808027449851286,0.0434341862654106
GOBP_POSITIVE_REGULATION_OF_MITOTIC_CELL_CYCLE_PHASE_TRANSITION,4,2.64865947515615,0.035225170226928,0.75,0.00808117118707775,0.0434341862654106
GOBP_REGULATION_OF_HAIR_CYCLE,4,-2.64821771663505,-0.0921347383694301,1,0.00809173948331716,0.0434456377472367
REACTOME_ADHERENS_JUNCTIONS_INTERACTIONS,4,2.64533611724771,0.0933327779575897,1,0.00816098078037532,0.0437717604564089
GOBP_CELL_COMMUNICATION_INVOLVED_IN_CARDIAC_CONDUCTION,4,2.64430649919967,0.0751212895664181,0.75,0.00818584953599727,0.0438594581278355
KEGG_LONG_TERM_DEPRESSION,4,2.64309987923797,0.0513995166000979,0.75,0.00821507978342567,0.0439332324106144
GOBP_POSITIVE_REGULATION_OF_CHOLESTEROL_EFFLUX,4,-2.64303379355667,-0.0780895779412199,1,0.00821668339705217,0.0439332324106144
GOBP_HEPATICOBILIARY_SYSTEM_DEVELOPMENT,4,-2.64231972754151,-0.0887251923982483,0.5,0.00823402856495178,0.043980304025868
GOBP_REGULATION_OF_ACTION_POTENTIAL,4,2.64132839456419,0.0687871768352595,0.75,0.00825816306095857,0.0440472702706271
REACTOME_WNT_LIGAND_BIOGENESIS_AND_TRAFFICKING,4,2.64110234936435,0.0735815768447586,1,0.0082636750983542,0.0440472702706271
GOBP_MEMBRANE_DEPOLARIZATION,4,2.64063701929216,0.0791185020158819,1,0.00827503238283928,0.0440621941460594
GOBP_POSITIVE_REGULATION_OF_T_CELL_MEDIATED_IMMUNITY,4,-2.64004606316187,-0.0456766773195563,0.75,0.00828947594502932,0.04408679590565
REACTOME_SYNTHESIS_OF_LEUKOTRIENES_LT_AND_EOXINS_EX,4,-2.63967537672738,-0.114048217448161,1,0.00829854740198985,0.04408679590565
GOBP_HOMOPHILIC_CELL_ADHESION_VIA_PLASMA_MEMBRANE_ADHESION_MOLECULES,4,2.63939807725373,0.0951684107371307,0.75,0.00830533929471363,0.04408679590565
GOBP_INTRINSIC_APOPTOTIC_SIGNALING_PATHWAY_IN_RESPONSE_TO_ENDOPLASMIC_RETICULUM_STRESS,4,-2.63822105922082,-0.147377769010568,0.75,0.00833422337103999,0.0441746260711322
GOBP_NEGATIVE_REGULATION_OF_HISTONE_ACETYLATION,3,-2.63802498340442,-0.0721378336985497,0.666666666666667,0.00833904380290164,0.0441746260711322
REACTOME_CHROMATIN_MODIFYING_ENZYMES,4,-2.63666996440239,-0.113416550469347,1,0.00837242454035885,0.0443058725162464
GOBP_SKELETAL_MUSCLE_TISSUE_REGENERATION,4,2.63317126846021,0.0984722868807186,1,0.00845916790616576,0.0447189482021022
GOBP_CARDIAC_MUSCLE_CELL_CONTRACTION,4,2.63186852294455,0.0684070183996789,1,0.00849167173256089,0.0448150984540327
GOBP_PROTEIN_NITROSYLATION,1,-2.63146017980111,-0.187640810848045,1,0.00850188296075447,0.0448150984540327
GOBP_POSITIVE_REGULATION_OF_JUN_KINASE_ACTIVITY,4,-2.63133130927043,-0.0779513094539432,1,0.00850510783879154,0.0448150984540327
REACTOME_BIOSYNTHESIS_OF_THE_N_GLYCAN_PRECURSOR_DOLICHOL_LIPID_LINKED_OLIGOSACCHARIDE_LLO_AND_TRANSFER_TO_A_NASCENT_PROTEIN,4,2.63104922526637,0.0596772712682418,1,0.00851217057448902,0.0448150984540327
GOBP_ENDOPLASMIC_RETICULUM_TO_GOLGI_VESICLE_MEDIATED_TRANSPORT,4,2.63066352497099,0.0555889926659214,0.75,0.00852183611158016,0.0448201574448685
GOBP_PSEUDOPODIUM_ORGANIZATION,2,-2.62948164996441,-0.12063339316314,1,0.00855151469026149,0.0449303562654657
GOBP_RESPONSE_TO_GONADOTROPIN,4,2.62833091218575,0.0635170129053081,1,0.0085805001239872,0.0449911001177078
GOBP_RIBONUCLEOSIDE_MONOPHOSPHATE_BIOSYNTHETIC_PROCESS,4,-2.62832887067364,-0.167811560642836,0.75,0.0085805516247017,0.0449911001177078
GOBP_DNA_MODIFICATION,4,-2.62761866928289,-0.0444427613800929,0.75,0.00859848447570467,0.0450392640543269
GOBP_CYTOKINETIC_PROCESS,4,2.62427672822237,0.0900279767557194,0.75,0.00868332029115393,0.0453915012330592
GOBP_TRANSLATIONAL_INITIATION,4,-2.62427510931053,-0.152149120144612,1,0.00868336156818088,0.0453915012330592
GOBP_STEROL_METABOLIC_PROCESS,4,-2.62347834304862,-0.087753510450751,1,0.00870369783081923,0.0454516634187507
GOBP_HYDROGEN_PEROXIDE_METABOLIC_PROCESS,4,2.62213072657992,0.099874853643691,1,0.00873819061025889,0.0455855556760112
GOBP_NEGATIVE_REGULATION_OF_MRNA_SPLICING_VIA_SPLICEOSOME,3,-2.62157832872993,-0.182092810503325,1,0.00875236471470699,0.0456132853401076
KEGG_MTOR_SIGNALING_PATHWAY,4,-2.62064688888447,-0.153656330119313,0.75,0.00877631127792473,0.045691836976779
GOBP_INTERLEUKIN_17_PRODUCTION,4,-2.6201624487777,-0.0687296338731562,0.75,0.00878878896724983,0.0457105801943125
GOBP_BLOOD_VESSEL_ENDOTHELIAL_CELL_PROLIFERATION_INVOLVED_IN_SPROUTING_ANGIOGENESIS,4,-2.61928317853053,-0.0736835518111199,0.75,0.00881147676701863,0.0457823348873652
GOBP_OSTEOBLAST_DEVELOPMENT,4,-2.61798184390233,-0.0727014213384796,0.75,0.0088451511230864,0.0459109708999716
GOBP_REGULATION_OF_INTRINSIC_APOPTOTIC_SIGNALING_PATHWAY_IN_RESPONSE_TO_DNA_DAMAGE_BY_P53_CLASS_MEDIATOR,2,-2.61722392809963,-0.122392602843061,0.5,0.008864816481944,0.0459667070146321
GOBP_RESPONSE_TO_CATECHOLAMINE,4,2.61682106250327,0.0557008205134466,1,0.00887528537521967,0.04597469255232
REACTOME_REGULATION_OF_FZD_BY_UBIQUITINATION,3,-2.61439140634906,-0.0943333682968947,1,0.00893865705835113,0.0462564273301005
KEGG_FRUCTOSE_AND_MANNOSE_METABOLISM,4,-2.61347238795844,-0.141206229803499,0.75,0.00896273256506673,0.046334447768603
REACTOME_SELENOAMINO_ACID_METABOLISM,4,-2.61301987658444,-0.196206197106728,0.75,0.00897460826062954,0.0463493058515361
GOBP_INFLAMMATORY_CELL_APOPTOTIC_PROCESS,4,-2.61083423530878,-0.0663688964992435,0.75,0.00903216624640307,0.0465998236500295
GOBP_REGULATION_OF_CARDIAC_CONDUCTION,4,2.60870310449693,0.144937902311687,1,0.00908860587278386,0.0468440757146788
GOBP_HISTONE_H4_K16_ACETYLATION,3,-2.60740123448338,-0.163788692376664,1,0.00912323856090618,0.0469755553501059
GOBP_PYRIDINE_CONTAINING_COMPOUND_BIOSYNTHETIC_PROCESS,4,2.60683101209257,0.0576926038574241,0.5,0.00913844483222896,0.0470068455955514
GOBP_POSITIVE_REGULATION_OF_CELL_DIVISION,4,2.60607663590299,0.0572018662933765,0.75,0.00915859674449001,0.0470634876620549
REACTOME_ORGANIC_CATION_ANION_ZWITTERION_TRANSPORT,3,-2.6050673785537,-0.13987220048876,1,0.00918561941581196,0.0471552885064963
GOBP_NEGATIVE_CHEMOTAXIS,4,2.6037529596181,0.106584750666146,1,0.00922091941257078,0.0472893566288117
GOBP_POLYOL_CATABOLIC_PROCESS,4,-2.60103237612298,-0.185148841114376,1,0.00929436819203346,0.0476186087768958
GOBP_ANTIGEN_PROCESSING_AND_PRESENTATION,4,-2.59975353578404,-0.0670807370315653,1,0.00932907362479274,0.0477489066541331
GOBP_SEX_DIFFERENTIATION,4,-2.59849037880529,-0.0553965171231882,1,0.009363466896679,0.0478773496037738
KEGG_BUTANOATE_METABOLISM,4,-2.5971668695605,-0.0650430189944054,0.75,0.00939962475454639,0.0480145514495629
GOBP_TRANSFORMING_GROWTH_FACTOR_BETA_PRODUCTION,4,2.59661296395834,0.0482635941989219,0.75,0.00941479421733381,0.0480443760406856
GOBP_POSITIVE_REGULATION_OF_HEART_RATE,4,2.59559713748504,0.00814816390264683,0.25,0.0094426707718746,0.0481389225785963
GOBP_PHOSPHATE_ION_TRANSMEMBRANE_TRANSPORT,3,2.59513640891128,0.0946056551444494,1,0.00945533844654181,0.0481558236016259
GOBP_POSITIVE_REGULATION_OF_B_CELL_MEDIATED_IMMUNITY,4,-2.59437330641362,-0.0664545140736647,0.75,0.0094763532004504,0.0482151607007106
GOBP_RNA_LOCALIZATION,4,-2.59129645106752,-0.124048172213266,1,0.00956150860818558,0.0485683832613706
KEGG_HISTIDINE_METABOLISM,4,-2.5911837086093,-0.0706133070767276,0.75,0.00956464179977274,0.0485683832613706
GOBP_POSTSYNAPTIC_SPECIALIZATION_ASSEMBLY,3,2.59033596254547,0.100198734910796,1,0.00958823059199741,0.0486102580895812
GOBP_POSITIVE_REGULATION_OF_CELL_CYCLE_G2_M_PHASE_TRANSITION,4,2.59020893250548,0.00707545651368482,0.5,0.00959176970654777,0.0486102580895812
GOBP_RRNA_MODIFICATION,4,-2.588977649601,-0.0626970104347507,0.75,0.00962613421215143,0.0487364454851207
GOBP_SELECTIVE_AUTOPHAGY,4,-2.58666564489379,-0.182179476340698,0.75,0.00969095781269497,0.0490164457539945
GOBP_POSITIVE_REGULATION_OF_ERYTHROCYTE_DIFFERENTIATION,4,-2.58497078538387,-0.103180932458935,1,0.00973872488501241,0.0492097099439931
GOBP_NEGATIVE_REGULATION_OF_CELLULAR_RESPONSE_TO_GROWTH_FACTOR_STIMULUS,4,2.58416756325389,0.0529455345055493,0.5,0.00976143569887003,0.0492363911226087
GOBP_LIPOPROTEIN_LOCALIZATION,3,2.58410771412646,0.107381465704611,0.666666666666667,0.00976312979921995,0.0492363911226087
GOBP_HISTONE_UBIQUITINATION,4,-2.58206047266724,-0.134552494887491,1,0.00982123739882526,0.0494809700259797
GOBP_PEPTIDE_ANTIGEN_ASSEMBLY_WITH_MHC_CLASS_II_PROTEIN_COMPLEX,2,-2.58071421667316,-0.235747620899714,1,0.00985961643756218,0.0496257722746898
GOBP_CELLULAR_PIGMENTATION,4,2.57939953384121,0.0929310283704493,0.75,0.00989722429631865,0.0497506545860234
GOBP_SYNAPTIC_VESICLE_CYTOSKELETAL_TRANSPORT,3,2.57917178113387,0.0874214502708413,1,0.00990375236952301,0.0497506545860234
GOBP_CELLULAR_RESPONSE_TO_LOW_DENSITY_LIPOPROTEIN_PARTICLE_STIMULUS,4,2.57808426696394,0.120568729047845,1,0.00993497669567067,0.0498588645282732
GOBP_FIBROBLAST_APOPTOTIC_PROCESS,4,-2.57576449975442,-0.120282578350315,1,0.0100018742488531,0.0501036721814803
REACTOME_PLASMA_LIPOPROTEIN_ASSEMBLY,4,2.5757180079759,0.101973927959867,0.75,0.0100032190721619,0.0501036721814803
GOBP_LIPID_OXIDATION,4,-2.57146694785703,-0.104939834611408,1,0.0101268681370031,0.05067370654755
GOBP_HISTONE_H4_ACETYLATION,4,-2.57064288679316,-0.114229960364333,1,0.0101509941767822,0.050745115549759
HALLMARK_TGF_BETA_SIGNALING,4,2.56999516569383,0.0415607912901518,0.75,0.0101699934171643,0.05074670674271
GOBP_SIGNALING_RECEPTOR_LIGAND_PRECURSOR_PROCESSING,4,2.56996006998508,0.0789896617952253,0.75,0.0101710237635418,0.05074670674271
HALLMARK_ESTROGEN_RESPONSE_EARLY,4,-2.5676953932784,-0.104328272179443,0.75,0.0102377073724887,0.0510299663707109
GOBP_POSITIVE_REGULATION_OF_AXON_EXTENSION,4,2.56369983392484,0.0620861272308702,0.75,0.0103563064965103,0.0515712013061234
REACTOME_HOMOLOGOUS_DNA_PAIRING_AND_STRAND_EXCHANGE,4,-2.56258821689157,-0.101297463070662,1,0.0103895189963939,0.0516866022342339
GOBP_ACTIN_MEDIATED_CELL_CONTRACTION,4,2.56214120692753,0.0609984501318537,1,0.0104029012988331,0.051703222768042
REACTOME_E3_UBIQUITIN_LIGASES_UBIQUITINATE_TARGET_PROTEINS,4,-2.56160956788872,-0.14452498585481,1,0.0104188371398294,0.0517324902921712
GOBP_POSITIVE_REGULATION_OF_TRANSCRIPTION_BY_RNA_POLYMERASE_III,3,-2.56007557368859,-0.15184570836011,0.666666666666667,0.0104649403257792,0.0519113465678586
GOBP_REGULATION_OF_B_CELL_MEDIATED_IMMUNITY,4,-2.55896413148649,-0.0504464043320044,0.75,0.0104984572907379,0.0520274846872084
REACTOME_REGULATION_OF_PTEN_GENE_TRANSCRIPTION,4,-2.55284940888031,-0.144566514501029,1,0.0106845680994359,0.0528988857153801
GOBP_REGULATION_OF_VASCULAR_PERMEABILITY,4,-2.5496526599189,-0.14519255044395,0.75,0.0107830290172101,0.0533350782032801
REACTOME_NETRIN_1_SIGNALING,4,-2.54899624503678,-0.105399900292664,1,0.0108033463467818,0.0533842901531474
GOBP_RESPONSE_TO_TYPE_I_INTERFERON,4,-2.54834345755598,-0.0879159865280058,1,0.0108235851429594,0.0534330200394037
KEGG_TGF_BETA_SIGNALING_PATHWAY,4,2.54661718989556,0.0614874625509586,0.75,0.0108772682442296,0.0536466036298257
GOBP_INTRACELLULAR_STEROL_TRANSPORT,4,-2.54583705229655,-0.100748214375928,1,0.0109016063393548,0.0537151875993664
GOBP_REGULATION_OF_MULTICELLULAR_ORGANISM_GROWTH,4,-2.54525361535726,-0.0395561555389899,0.75,0.010919839547858,0.0537535887494465
GOBP_VITAMIN_BIOSYNTHETIC_PROCESS,4,2.54338270539616,0.106745682269688,0.75,0.0109784909919355,0.0539906877912855
REACTOME_EGR2_AND_SOX10_MEDIATED_INITIATION_OF_SCHWANN_CELL_MYELINATION,4,2.54028617700183,0.0843137618537175,0.75,0.0110761797567857,0.0544191312668794
GOBP_COCHLEA_DEVELOPMENT,4,2.5396917158856,0.0535847891387307,0.75,0.0110950218263339,0.0544597401180107
GOBP_T_CELL_DIFFERENTIATION_INVOLVED_IN_IMMUNE_RESPONSE,4,-2.53898063128706,-0.0980253824090731,1,0.0111175977963939,0.0545185819558402
GOBP_LIPID_MODIFICATION,4,-2.5382536155311,-0.0863268680974418,1,0.0111407217369254,0.0545799964066879
GOBP_NEGATIVE_REGULATION_OF_TRANSFORMING_GROWTH_FACTOR_BETA_RECEPTOR_SIGNALING_PATHWAY,4,2.53747559046125,0.0633057606938592,0.5,0.0111655154263009,0.0546089731032402
GOBP_REGULATION_OF_ALCOHOL_BIOSYNTHETIC_PROCESS,4,2.53740247748364,0.0519742249397042,0.75,0.0111678478690448,0.0546089731032402
GOBP_POSITIVE_REGULATION_OF_B_CELL_ACTIVATION,4,-2.53562266737435,-0.0593570855920189,0.75,0.0112247608417781,0.0548351931445116
GOBP_RESPONSE_TO_INTERLEUKIN_4,4,-2.53468287156367,-0.132486002593435,0.5,0.0112549164734378,0.0549303932907406
GOBP_POSITIVE_REGULATION_OF_CELL_GROWTH,4,2.53348358791683,0.0912657434438272,1,0.0112935028687461,0.0550125531475056
GOBP_REGULATION_OF_MITOCHONDRIAL_MEMBRANE_POTENTIAL,4,2.53316627651164,0.0379111707878869,1,0.0113037318470911,0.0550125531475056
GOBP_NEGATIVE_REGULATION_OF_REACTIVE_OXYGEN_SPECIES_METABOLIC_PROCESS,4,-2.53316407269323,-0.120742082873583,0.75,0.0113038029190252,0.0550125531475056
GOBP_NEGATIVE_REGULATION_OF_DNA_METABOLIC_PROCESS,4,-2.53206569518767,-0.0975486017035608,1,0.0113392744070412,0.0551330726363126
GOBP_TRANSCRIPTION_BY_RNA_POLYMERASE_III,4,-2.53172255099443,-0.0752055825875353,0.75,0.0113503762985046,0.0551349882650946
REACTOME_INTERFERON_SIGNALING,4,-2.53090858237101,-0.0758066521534062,1,0.0113767495782481,0.0552110118552302
GOBP_RETROGRADE_VESICLE_MEDIATED_TRANSPORT_GOLGI_TO_ENDOPLASMIC_RETICULUM,4,2.52974056817864,0.0606350009822243,0.75,0.0114146892776182,0.0553429708949683
GOBP_HETEROCHROMATIN_ORGANIZATION,4,-2.52896970602622,-0.113790392290359,1,0.0114397900757358,0.0554124920978023
GOBP_DEVELOPMENTAL_GROWTH_INVOLVED_IN_MORPHOGENESIS,4,2.52769745427055,0.0772310178523581,1,0.0114813242809684,0.0555614085739721
REACTOME_EPHB_MEDIATED_FORWARD_SIGNALING,4,2.52517736544617,0.136840362836256,0.75,0.0115639909516822,0.0558745029584954
REACTOME_G_ALPHA_Q_SIGNALLING_EVENTS,4,2.52506388663413,0.0721875393123971,1,0.0115677258018559,0.0558745029584954
GOBP_POSITIVE_REGULATION_OF_ACTIVATED_T_CELL_PROLIFERATION,4,2.52427102316363,0.121192863892966,0.75,0.0115938506513081,0.0559482071261346
GOBP_MODULATION_BY_HOST_OF_SYMBIONT_PROCESS,4,-2.5232136642577,-0.0389831978816533,0.5,0.0116287720808752,0.0559819334954596
GOBP_REGULATION_OF_RESPONSE_TO_FOOD,3,-2.52319035758443,-0.0844862727949959,1,0.0116295428812776,0.0559819334954596
GOBP_POSITIVE_REGULATION_OF_VASCULAR_ENDOTHELIAL_CELL_PROLIFERATION,3,-2.52307203497161,-0.0922901089778902,1,0.0116334567566793,0.0559819334954596
GOBP_NEUTROPHIL_HOMEOSTASIS,4,2.52210375914464,0.108973420804593,0.75,0.0116655293219292,0.0560750561570787
GOBP_REGULATION_OF_LIPID_TRANSPORT,4,2.52179444370998,0.0527884334280453,0.75,0.0116757914128661,0.0560750561570787
REACTOME_THROMBIN_SIGNALLING_THROUGH_PROTEINASE_ACTIVATED_RECEPTORS_PARS,4,2.52150264322334,0.0569820697886812,1,0.0116854797546214,0.0560750561570787
GOBP_POSTSYNAPSE_ORGANIZATION,4,2.52064221164395,0.0914103488263862,1,0.011714089282938,0.0561600053238805
GOBP_NEUROMUSCULAR_PROCESS_CONTROLLING_POSTURE,3,2.51683360217479,0.089152752474271,1,0.0118414738996869,0.056666035497793
GOBP_SYNAPSE_ASSEMBLY,4,2.51663772378053,0.085248465715965,1,0.0118480584331646,0.056666035497793
GOBP_MEMBRANE_LIPID_BIOSYNTHETIC_PROCESS,4,2.51650104323894,0.0564232367761166,1,0.0118526549293306,0.056666035497793
GOBP_CELLULAR_MODIFIED_AMINO_ACID_CATABOLIC_PROCESS,4,-2.51499809210999,-0.0293300001403485,0.75,0.0119033027943846,0.0568553859817126
GOBP_SYNAPTIC_VESICLE_LOCALIZATION,4,2.51425350746598,0.0695767833575365,0.75,0.011928465522382,0.0569227701341474
GOBP_CELL_PROLIFERATION_INVOLVED_IN_HEART_MORPHOGENESIS,4,-2.51311976981283,-0.0888793681283412,0.5,0.0119668699895246,0.0570531607185759
GOBP_CELLULAR_RESPONSE_TO_COPPER_ION,4,2.51214919683901,0.0476187175676336,0.5,0.0119998344301695,0.057144081588816
REACTOME_ACTIVATION_OF_NMDA_RECEPTORS_AND_POSTSYNAPTIC_EVENTS,4,2.51181709734041,0.0731733717503786,0.75,0.0120111322935303,0.057144081588816
GOBP_GLYCOLIPID_CATABOLIC_PROCESS,3,2.5115790933462,0.132268874312664,1,0.0120192348729244,0.057144081588816
GOBP_POSITIVE_REGULATION_OF_TOLL_LIKE_RECEPTOR_SIGNALING_PATHWAY,4,2.50978413831303,0.16279560811544,1,0.0120804983292704,0.0573823670640345
GOBP_ESTABLISHMENT_OF_PROTEIN_LOCALIZATION_TO_VACUOLE,4,2.50890100965429,0.0778340356781168,0.75,0.0121107417794807,0.0574730040760794
REACTOME_INTEGRATION_OF_ENERGY_METABOLISM,4,2.50767491432947,0.0257580140403966,0.75,0.012152841647041,0.0576196884351879
GOBP_CARDIAC_RIGHT_VENTRICLE_MORPHOGENESIS,4,2.50540680741642,0.0699714973486927,1,0.0122310625598959,0.0579372043430578
GOBP_STEROID_HORMONE_BIOSYNTHETIC_PROCESS,4,2.5043647722853,0.0774974501180947,1,0.0122671488642548,0.0580547329982059
GOBP_PHOSPHATIDYLINOSITOL_METABOLIC_PROCESS,4,-2.50348752533285,-0.0965161750946004,1,0.0122976015526003,0.0581454089938832
GOBP_REGULATION_OF_MONOOXYGENASE_ACTIVITY,4,2.50238681451263,0.0586519104832191,0.75,0.0123359062725593,0.0582730104563377
GOBP_NEGATIVE_REGULATION_OF_CELLULAR_PROTEIN_CATABOLIC_PROCESS,4,-2.50151192032318,-0.123727728291753,0.75,0.0123664279280955,0.0583636456478126
GOBP_NEGATIVE_REGULATION_OF_CANONICAL_WNT_SIGNALING_PATHWAY,4,-2.50082084084324,-0.0670820421133774,1,0.0123905842702093,0.058424101105593
GOBP_NEGATIVE_REGULATION_OF_MYOTUBE_DIFFERENTIATION,1,-2.49848971885721,-0.197514236260955,1,0.0124723760335895,0.0587559599240184
REACTOME_DNA_DOUBLE_STRAND_BREAK_RESPONSE,4,-2.49807062589331,-0.115464830770016,0.75,0.0124871312923012,0.0587716992907302
GOBP_NEGATIVE_REGULATION_OF_WNT_SIGNALING_PATHWAY,4,-2.4974578189187,-0.0831235800667036,1,0.0125087345835101,0.0588196112972543
GOBP_CENTRAL_NERVOUS_SYSTEM_NEURON_AXONOGENESIS,4,-2.49530248576653,-0.0768403727435976,1,0.0125849796958603,0.0590720008358683
GOBP_REGULATION_OF_CARBOHYDRATE_BIOSYNTHETIC_PROCESS,4,-2.49523024004218,-0.0509907343647232,0.75,0.0125875425068123,0.0590720008358683
GOBP_CELL_DIFFERENTIATION_INVOLVED_IN_METANEPHROS_DEVELOPMENT,4,2.49496864789928,0.110470131527697,0.75,0.0125968259696608,0.0590720008358683
GOBP_KERATINOCYTE_MIGRATION,4,2.4937190932391,0.075875632920946,1,0.0126412542321601,0.0592264040413034
GOBP_NEGATIVE_REGULATION_OF_GENE_EXPRESSION_EPIGENETIC,4,-2.4897660376137,-0.107541205765881,1,0.0127827211180265,0.05982679110309
GOBP_MEMBRANE_LIPID_METABOLIC_PROCESS,4,2.48949036020244,0.0555923782368355,0.75,0.0127926387656831,0.05982679110309
REACTOME_CARGO_CONCENTRATION_IN_THE_ER,4,2.48758380183644,0.106268161226702,0.75,0.0128614148467159,0.060035235095007
GOBP_POSITIVE_REGULATION_OF_MACROAUTOPHAGY,4,-2.48742557307856,-0.155006759171798,0.75,0.0128671373748446,0.060035235095007
GOBP_STEM_CELL_DIVISION,4,-2.48726557175552,-0.104034200389671,0.75,0.0128729263005936,0.060035235095007
GOBP_CELLULAR_RESPONSE_TO_OXYGEN_RADICAL,4,2.48671553308657,-0.0142699976532821,0.5,0.0128928445484992,0.060035235095007
GOBP_MICROTUBULE_ORGANIZING_CENTER_LOCALIZATION,4,2.48664204299955,0.0494660596519239,0.5,0.0128955078685333,0.060035235095007
REACTOME_TRANSCRIPTION_COUPLED_NUCLEOTIDE_EXCISION_REPAIR_TC_NER,4,-2.48623772712632,-0.114516056853388,1,0.0129101691993123,0.0600491971158616
GOBP_NEGATIVE_REGULATION_OF_CELLULAR_CATABOLIC_PROCESS,4,-2.48571887407989,-0.0832315209596084,1,0.0129290054896356,0.0600825354387488
GOBP_EMBRYO_IMPLANTATION,4,2.48505599626719,0.0567051723296582,0.75,0.0129531057843518,0.0601402539978605
REACTOME_SPHINGOLIPID_METABOLISM,4,2.48429170713687,0.0962803068850881,1,0.0129809424165709,0.0601676329359528
GOBP_NEGATIVE_REGULATION_OF_SMOOTHENED_SIGNALING_PATHWAY,4,2.48425245928158,0.0348235344048424,0.75,0.0129823733136228,0.0601676329359528
GOBP_HEMATOPOIETIC_STEM_CELL_PROLIFERATION,4,-2.48285216450275,-0.122695597744461,1,0.013033516592135,0.0603503389684381
GOBP_REGULATION_OF_ODONTOGENESIS,3,2.48210364881195,0.0651270027069364,1,0.0130609278186414,0.0604229266290967
GOBP_REGULATION_OF_B_CELL_APOPTOTIC_PROCESS,4,-2.48140917607206,-0.100579129715733,0.75,0.0130864055353533,0.0604864471288459
GOBP_KETONE_BIOSYNTHETIC_PROCESS,4,2.48079697764894,0.0796346749159635,1,0.0131089013424278,0.0605360834189784
GOBP_POSITIVE_REGULATION_OF_ACTIN_NUCLEATION,2,-2.48017826868188,-0.11133171386134,0.5,0.013131671124314,0.0605560559000934
GOBP_TRABECULA_MORPHOGENESIS,4,2.48004045261875,0.107430955353595,0.75,0.0131367478035355,0.0605560559000934
GOBP_TYPE_B_PANCREATIC_CELL_PROLIFERATION,4,-2.47852245679092,-0.122410330893914,0.5,0.0131927805952218,0.0607402031069382
GOBP_NEGATIVE_REGULATION_OF_LIPID_CATABOLIC_PROCESS,4,-2.47824569169572,-0.0482021572163366,0.75,0.013203019390547,0.0607402031069382
GOBP_PHOTOPERIODISM,4,-2.47800078784536,-0.0986273452170291,0.75,0.0132120853524511,0.0607402031069382
GOBP_NEGATIVE_REGULATION_OF_CELL_CYCLE_G2_M_PHASE_TRANSITION,4,-2.47509970287993,-0.117498900102306,1,0.0133198985374274,0.0611812288753022
GOBP_POSITIVE_REGULATION_OF_HISTONE_H3_K4_METHYLATION,4,-2.4744610236711,-0.112080322687901,1,0.0133437379957113,0.0612361024419941
GOBP_NEUTRAL_LIPID_BIOSYNTHETIC_PROCESS,4,-2.47359216645481,-0.0929110291626383,0.75,0.0133762296678814,0.0613305490293154
GOBP_REGULATION_OF_LAMELLIPODIUM_ORGANIZATION,4,2.472789492825,0.0674456005973439,0.75,0.0134063084658623,0.061377493527734
GOBP_REGULATION_OF_TRIGLYCERIDE_BIOSYNTHETIC_PROCESS,2,-2.47268285999743,-0.0697037086079147,0.5,0.0134103088402992,0.061377493527734
GOBP_PROTEIN_TETRAMERIZATION,4,-2.47232875769458,-0.0547973562737245,1,0.0134236007033749,0.0613837655609924
GOBP_REGULATION_OF_CARDIAC_MUSCLE_CONTRACTION,4,2.47136278879006,0.046173066041551,0.75,0.0134599192931946,0.0614952302046663
GOBP_REGULATION_OF_VASCULOGENESIS,4,2.47086646241978,0.0806050477716158,1,0.0134786139671536,0.061526049039782
KEGG_GALACTOSE_METABOLISM,4,2.46945327974839,0.0722139680658901,0.75,0.0135319687610382,0.061714886758712
GOBP_TERTIARY_ALCOHOL_METABOLIC_PROCESS,4,2.46908534975328,0.135813422491259,0.75,0.0135458905601224,0.061723708401832
GOBP_REGULATION_OF_LAMELLIPODIUM_ASSEMBLY,4,2.46829980767505,0.0680620755776701,0.75,0.0135756563957156,0.0618046461375241
GOBP_CELLULAR_DEFENSE_RESPONSE,4,2.4676039981648,0.0625795043587573,0.75,0.0136020703220357,0.0618701944241714
GOBP_MAMMARY_GLAND_DUCT_MORPHOGENESIS,4,-2.46494300464251,-0.0216409537224417,0.75,0.0137035047430895,0.0622765630381003
GOBP_CARBOHYDRATE_TRANSMEMBRANE_TRANSPORT,4,-2.46391218664928,-0.108734023052602,1,0.0137429776730339,0.0623735594911375
GOBP_REGULATION_OF_DNA_DAMAGE_RESPONSE_SIGNAL_TRANSDUCTION_BY_P53_CLASS_MEDIATOR,4,2.46375317646468,0.0974954813033934,0.75,0.0137490755530086,0.0623735594911375
GOBP_REGULATION_OF_CARDIAC_MUSCLE_CELL_MEMBRANE_REPOLARIZATION,4,2.4632297478318,0.12815375314476,1,0.0137691653948706,0.062409711811786
GOBP_SPHINGOLIPID_BIOSYNTHETIC_PROCESS,4,2.46255567565081,0.0664300116187263,1,0.0137950753091747,0.0624721572268606
GOBP_REGULATION_OF_MEMBRANE_REPOLARIZATION,4,2.45949668007695,0.127139680865021,1,0.0139131984435535,0.0628301905499387
GOBP_CELLULAR_RESPONSE_TO_INTERFERON_BETA,4,2.45927210883538,0.0730950782162462,1,0.0139219053438547,0.0628301905499387
GOBP_NUCLEOTIDE_SALVAGE,3,-2.45923253840378,-0.155891583171544,0.666666666666667,0.013923440036016,0.0628301905499387
GOBP_REGULATION_OF_SHORT_TERM_NEURONAL_SYNAPTIC_PLASTICITY,2,2.4591920261627,0.164832553426177,1,0.0139250114098659,0.0628301905499387
GOBP_RESPONSE_TO_LEUKEMIA_INHIBITORY_FACTOR,4,-2.45893078469264,-0.0946622396559739,0.5,0.013935148107988,0.0628301905499387
GOBP_VOCALIZATION_BEHAVIOR,4,2.45796500657064,0.119637404375233,0.75,0.0139726788331846,0.0629047236940857
GOBP_CYTOPLASMIC_PATTERN_RECOGNITION_RECEPTOR_SIGNALING_PATHWAY,4,-2.45787675918991,-0.0741736299191838,0.5,0.0139761126249823,0.0629047236940857
GOBP_NEGATIVE_REGULATION_OF_ORGANIC_ACID_TRANSPORT,4,-2.45635052663187,-0.0605428103888326,0.75,0.0140356177834996,0.0631173158947439
REACTOME_TRAF6_MEDIATED_NF_KB_ACTIVATION,4,-2.4560371737322,-0.0706715018750677,0.75,0.0140478625005587,0.0631173158947439
REACTOME_EPIGENETIC_REGULATION_OF_GENE_EXPRESSION,4,-2.45507750960893,-0.0981658504354527,1,0.0140854214341912,0.063230893604752
GOBP_REGULATION_OF_INTRACELLULAR_ESTROGEN_RECEPTOR_SIGNALING_PATHWAY,4,-2.4545494152017,-0.0908237798827203,1,0.0141061275520939,0.063268685336003
GOBP_REGULATION_OF_TRANSCRIPTION_BY_RNA_POLYMERASE_I,4,2.45113959549905,0.0955552570200283,1,0.0142404714197696,0.0638156547784103
GOBP_REGULATION_OF_CARBOHYDRATE_METABOLIC_PROCESS,4,-2.45073369228456,-0.0631498666240953,1,0.0142565385921648,0.063832101922658
GOBP_ESTABLISHMENT_OR_MAINTENANCE_OF_MONOPOLAR_CELL_POLARITY,4,2.45014035714999,0.115141789210189,0.75,0.0142800537988562,0.0638818392791576
GOBP_REGULATION_OF_CELL_SIZE,4,2.44972947168421,0.0507486202012979,0.75,0.0142963581602745,0.0638992605618517
GOBP_PYRIMIDINE_RIBONUCLEOTIDE_BIOSYNTHETIC_PROCESS,4,-2.44741396935655,-0.122457894590923,0.75,0.0143885470811445,0.0641511222901021
GOBP_LABYRINTHINE_LAYER_MORPHOGENESIS,4,-2.44740350579726,-0.0824843790008732,1,0.0143889648623399,0.0641511222901021
GOBP_G_PROTEIN_COUPLED_ACETYLCHOLINE_RECEPTOR_SIGNALING_PATHWAY,4,2.4470641800862,0.145750269100878,1,0.0144025190069516,0.0641511222901021
GOBP_REGULATION_OF_PROTEIN_LOCALIZATION_TO_MEMBRANE,4,2.44706356285655,0.0656237666768899,0.75,0.0144025436720447,0.0641511222901021
GOBP_NUCLEAR_TRANSCRIBED_MRNA_CATABOLIC_PROCESS_NONSENSE_MEDIATED_DECAY,4,-2.44497859310865,-0.111710706392492,1,0.0144860739868629,0.0644674113728238
GOBP_NEGATIVE_REGULATION_OF_GLIAL_CELL_DIFFERENTIATION,4,-2.4431932050506,-0.0643350591487419,0.75,0.0145579413640483,0.0647312954088816
GOBP_REGULATION_OF_TOLERANCE_INDUCTION,4,-2.4408607936526,-0.050989465349436,0.75,0.0146523016028992,0.065094651383372
GOBP_SIGNAL_TRANSDUCTION_IN_ABSENCE_OF_LIGAND,4,2.43976748982177,0.0412398837080581,0.75,0.0146967176918395,0.0651658710433993
REACTOME_INTRA_GOLGI_AND_RETROGRADE_GOLGI_TO_ER_TRAFFIC,4,2.43954054036348,0.0704169095170337,0.75,0.0147059525027976,0.0651658710433993
GOBP_ORGANELLE_TRANSPORT_ALONG_MICROTUBULE,4,2.43953198644957,0.110900931469894,1,0.014706300670505,0.0651658710433993
REACTOME_METABOLISM_OF_COFACTORS,4,2.43754648129365,0.0924509971186724,1,0.0147873129959956,0.0654685078386768
GOBP_MITOTIC_CELL_CYCLE_CHECKPOINT_SIGNALING,4,-2.43639458621764,-0.0860591489744932,1,0.0148344925200692,0.0656209639053575
GOBP_MATING_BEHAVIOR,4,-2.43568807107773,-0.0903388602354648,1,0.0148634956775839,0.0656928233853045
KEGG_SELENOAMINO_ACID_METABOLISM,4,-2.43446283911818,-0.100365100611273,1,0.0149139111529814,0.0658591153745294
REACTOME_SURFACTANT_METABOLISM,4,-2.43393550267051,-0.0582787634715566,0.75,0.0149356561708565,0.0658986234993489
GOBP_EMBRYONIC_CAMERA_TYPE_EYE_DEVELOPMENT,4,-2.43298877375243,-0.103966349096907,1,0.0149747651716949,0.0660146111892611
GOBP_CHONDROCYTE_DIFFERENTIATION,4,2.43045955021897,0.0685064838895057,0.75,0.0150796891831568,0.0664202905081901
GOBP_REGULATION_OF_MYOTUBE_DIFFERENTIATION,4,-2.42987494755541,-0.148100739578521,0.75,0.0151040331657438,0.0664365734922912
GOBP_REGULATION_OF_ACTIN_FILAMENT_BASED_MOVEMENT,4,2.42975117809793,0.00657505186526489,0.5,0.0151091916021505,0.0664365734922912
GOBP_POSITIVE_REGULATION_OF_IMMUNOGLOBULIN_PRODUCTION,4,-2.42921912711493,-0.0781974842450632,1,0.0151313839817635,0.06647738576971
GOBP_SNO_S_RNA_METABOLIC_PROCESS,3,-2.42888087845835,-0.0997388119128239,1,0.0151455075937822,0.0664827098042495
REACTOME_APC_C_CDC20_MEDIATED_DEGRADATION_OF_CYCLIN_B,4,-2.42613404847498,-0.173965389279567,0.75,0.015260632391255,0.0669310018590904
REACTOME_DUAL_INCISION_IN_TC_NER,4,-2.4254530034394,-0.115231977444275,1,0.0152892951897416,0.0669750606908488
GOBP_NEGATIVE_REGULATION_OF_DNA_TEMPLATED_TRANSCRIPTION_ELONGATION,3,-2.42476482995963,-0.167382177045537,1,0.0153183061318159,0.0669750606908488
REACTOME_IL_6_TYPE_CYTOKINE_RECEPTOR_LIGAND_INTERACTIONS,4,2.42437903684598,0.00149814711879476,0.75,0.0153345909845928,0.0669750606908488
GOBP_CALCIUM_MEDIATED_SIGNALING,4,2.42414343496515,0.0641789002024614,1,0.0153445435547349,0.0669750606908488
GOBP_MONOUBIQUITINATED_PROTEIN_DEUBIQUITINATION,4,-2.42406918679358,-0.173377502145729,1,0.0153476812109639,0.0669750606908488
GOBP_REGULATION_OF_NEUTROPHIL_MIGRATION,4,2.42398205343792,0.124114631616577,1,0.0153513641029679,0.0669750606908488
GOBP_CYTOSKELETON_DEPENDENT_CYTOKINESIS,4,2.42373691097507,0.068439875164672,0.75,0.0153617297875107,0.0669750606908488
GOBP_REGULATION_OF_RECEPTOR_RECYCLING,4,2.42288152005651,0.0872510657738127,0.75,0.015397947692084,0.0670761697686469
GOBP_T_HELPER_17_CELL_DIFFERENTIATION,4,-2.41982760718173,-0.191113659612797,0.75,0.0155278666080939,0.0675849409679421
GOBP_RESPONSE_TO_ZINC_ION,4,2.4190897275682,0.0969967002968992,1,0.0155594016485149,0.0676572756231733
GOBP_CYTOPLASMIC_TRANSLATIONAL_INITIATION,4,-2.41882415025633,-0.190031334542393,0.75,0.0155707655104798,0.0676572756231733
GOBP_EMBRYONIC_DIGESTIVE_TRACT_MORPHOGENESIS,4,2.41644538851061,0.099655834629159,0.75,0.0156728770976276,0.0680435448361587
GOBP_FEMALE_MEIOTIC_NUCLEAR_DIVISION,4,2.41551272552381,0.0691483704260953,0.5,0.0157130734133094,0.06816058551401
GOBP_OXIDATIVE_DEMETHYLATION,3,-2.4133871410021,-0.0923728266717933,1,0.0158050218021708,0.0685017316998128
GOBP_REGULATION_OF_GENERATION_OF_PRECURSOR_METABOLITES_AND_ENERGY,4,-2.41293988757202,-0.0840817582227023,0.75,0.0158244292132178,0.0685281631781821
KEGG_INSULIN_SIGNALING_PATHWAY,4,-2.41025292798825,-0.126487891991024,0.75,0.0159414646826215,0.0689769761771582
GOBP_REGULATION_OF_HEART_GROWTH,4,-2.40402280261245,-0.0877733249425506,0.75,0.0162157617717385,0.0701049180207233
GOBP_POSITIVE_REGULATION_OF_GLUCOSE_TRANSMEMBRANE_TRANSPORT,4,-2.40334544955326,-0.113116954891791,1,0.0162458325143304,0.0701759996780932
GOBP_MEMBRANE_PROTEIN_PROTEOLYSIS,4,2.40215581892422,0.0546665968076288,0.75,0.0162987641805896,0.0703456301474066
GOBP_STEROID_ESTERIFICATION,3,-2.4014964757527,-0.0393973640439937,0.666666666666667,0.0163281663498953,0.0703989451193663
REACTOME_INTERLEUKIN_2_FAMILY_SIGNALING,4,-2.40126584873167,-0.110574774487822,1,0.0163384617241489,0.0703989451193663
GOBP_PROTEIN_K63_LINKED_DEUBIQUITINATION,4,-2.40012267948816,-0.128894240811303,1,0.0163895779590026,0.0705601479188163
GOBP_DEVELOPMENT_OF_PRIMARY_FEMALE_SEXUAL_CHARACTERISTICS,4,-2.39858993490849,-0.0458553841941403,0.75,0.0164583343037034,0.0707969618460891
REACTOME_ERK_MAPK_TARGETS,4,-2.39733453261134,-0.106767172052608,1,0.0165148381593708,0.0709807192676127
GOBP_KERATAN_SULFATE_METABOLIC_PROCESS,3,2.396496280679,0.0487901148045951,0.666666666666667,0.0165526614755851,0.0710839482383548
REACTOME_RHO_GTPASES_ACTIVATE_FORMINS,4,2.39566869186132,0.028869861807389,0.5,0.0165900782671574,0.0711852608313278
GOBP_TRNA_WOBBLE_BASE_MODIFICATION,2,-2.39507325745777,-0.173045950855951,1,0.0166170448625776,0.0712416019961797
GOBP_NEUROEPITHELIAL_CELL_DIFFERENTIATION,4,2.39299064088368,0.0268755039899303,0.5,0.0167116673696452,0.0715876666275398
GOBP_NEGATIVE_REGULATION_OF_DNA_BIOSYNTHETIC_PROCESS,4,-2.39243905488049,-0.113923894807321,0.75,0.0167368074727978,0.071635761992881
KEGG_GLYCEROLIPID_METABOLISM,4,2.39142757342974,0.071516824720096,0.5,0.0167829949025146,0.0717737880008702
GOBP_SERINE_PHOSPHORYLATION_OF_STAT_PROTEIN,4,2.39093573469906,0.0556802908611235,0.75,0.0168054942143386,0.0717833624659961
GOBP_PYRIMIDINE_CONTAINING_COMPOUND_CATABOLIC_PROCESS,4,-2.39076924865186,-0.0772489166004375,0.75,0.0168131161650789,0.0717833624659961
REACTOME_MITOPHAGY,4,-2.39025948116866,-0.193187339770943,0.75,0.0168364728664707,0.07182352840883
GOBP_ISOPRENOID_METABOLIC_PROCESS,4,2.38858153834252,0.0506161966675742,1,0.0169135547151699,0.0720926268447099
GOBP_POSITIVE_REGULATION_OF_BLOOD_VESSEL_ENDOTHELIAL_CELL_PROLIFERATION_INVOLVED_IN_SPROUTING_ANGIOGENESIS,1,-2.38536682955978,-0.169310572297725,1,0.0170620985122362,0.0725767767313863
GOBP_REGULATION_OF_CYCLIN_DEPENDENT_PROTEIN_KINASE_ACTIVITY,4,-2.38523511777994,-0.112335118932164,0.75,0.0170682089250374,0.0725767767313863
GOBP_EPITHELIAL_TUBE_FORMATION,4,-2.38520887931636,-0.0699229944960254,0.75,0.0170694264171118,0.0725767767313863
KEGG_HYPERTROPHIC_CARDIOMYOPATHY_HCM,4,2.38482212982741,0.0401327552777987,1,0.0170873808378648,0.0725799291822194
GOBP_CEREBRAL_CORTEX_RADIALLY_ORIENTED_CELL_MIGRATION,4,2.38458581387128,0.111977650780359,0.75,0.0170983597005306,0.0725799291822194
GOBP_REGULATION_OF_PLATELET_DERIVED_GROWTH_FACTOR_RECEPTOR_SIGNALING_PATHWAY,4,-2.3830852903511,-0.166515214894907,0.75,0.0171682161529328,0.0728164291362857
GOBP_POSITIVE_REGULATION_OF_HEART_GROWTH,4,-2.38251588723024,-0.0566094745166431,0.75,0.0171947900133987,0.0728691142213908
GOBP_CERAMIDE_CATABOLIC_PROCESS,3,2.38173588298419,0.118641146410725,1,0.0172312511252151,0.0729635789833328
REACTOME_MRNA_SPLICING_MINOR_PATHWAY,4,-2.37994402098215,-0.0884602016376666,1,0.0173152682308145,0.0732590929502579
GOBP_FUCOSE_METABOLIC_PROCESS,2,2.37838150661647,0.0685493169555384,0.5,0.0173888246683158,0.0735099000140872
GOBP_POSITIVE_REGULATION_OF_CARDIAC_MUSCLE_CELL_PROLIFERATION,4,-2.37651410494632,-0.108648436540684,0.75,0.0174770931899919,0.0736971846988763
GOBP_MYELOID_CELL_HOMEOSTASIS,4,-2.37643866344144,-0.0858305802931592,0.75,0.0174806674073529,0.0736971846988763
REACTOME_RNA_POLYMERASE_III_TRANSCRIPTION_TERMINATION,4,-2.37623947389061,-0.0801388017197526,0.75,0.0174901075572459,0.0736971846988763
GOBP_DNA_INTEGRITY_CHECKPOINT_SIGNALING,4,-2.37623375502141,-0.0932694366373626,1,0.0174903786564433,0.0736971846988763
GOBP_RESPONSE_TO_COPPER_ION,4,2.3750494473617,0.0407223799585789,0.5,0.0175465994139579,0.0738281812399798
GOBP_INTERMEMBRANE_LIPID_TRANSFER,4,-2.37497488136368,-0.0681737105515461,1,0.0175501444625627,0.0738281812399798
GOBP_POSITIVE_REGULATION_OF_LYMPHOCYTE_DIFFERENTIATION,4,-2.37397180346042,-0.0819364950002827,1,0.0175978942908139,0.0739387814215344
REACTOME_INTERACTION_BETWEEN_L1_AND_ANKYRINS,4,2.37358718283735,0.0861546423118142,1,0.0176162336878389,0.0739387814215344
GOBP_REGULATION_OF_DENDRITE_EXTENSION,4,2.37339634215173,0.127196972333652,1,0.0176253395286442,0.0739387814215344
REACTOME_PLATELET_CALCIUM_HOMEOSTASIS,4,2.37297714156367,0.0547701030848726,0.5,0.0176453559010956,0.0739387814215344
GOBP_REGULATION_OF_CALCIUM_ION_TRANSMEMBRANE_TRANSPORTER_ACTIVITY,4,-2.37291687778603,-0.0177702097622283,0.75,0.0176482350683756,0.0739387814215344
GOBP_REGULATION_OF_INSULIN_SECRETION_INVOLVED_IN_CELLULAR_RESPONSE_TO_GLUCOSE_STIMULUS,4,-2.37226870003243,-0.0395452930786185,0.75,0.0176792285039762,0.0740084126560758
GOBP_POSITIVE_REGULATION_OF_COLLAGEN_METABOLIC_PROCESS,4,2.37082885687948,0.0303600468746244,0.5,0.0177482471505012,0.0742369817854841
GOBP_REGULATION_OF_APPETITE,4,-2.37021279057105,-0.0682196340557503,1,0.0177778502430491,0.0743004471602758
GOBP_REGULATION_OF_PRESYNAPSE_ORGANIZATION,4,2.36955066471381,0.114937351135642,0.75,0.0178097148114709,0.0743732534989973
GOBP_CARDIAC_CELL_FATE_COMMITMENT,1,2.36852646899176,0.234055917454046,1,0.0178591024373965,0.0745190587116324
GOBP_KINETOCHORE_ORGANIZATION,4,2.36523984268198,0.0198804453601931,0.75,0.0180183977293476,0.0751228582254338
GOBP_POSITIVE_REGULATION_OF_CELL_CYCLE_G1_S_PHASE_TRANSITION,4,2.36334432080005,0.0658636061892273,0.75,0.0181108340784314,0.0754471558817503
GOBP_SYMPATHETIC_NERVOUS_SYSTEM_DEVELOPMENT,4,2.36288846824156,0.0743733818548902,0.75,0.0181331258709136,0.0754789532007553
GOBP_DENDRITE_EXTENSION,4,2.35881257903082,0.132485947743631,0.75,0.0183335124565122,0.0761891211728519
REACTOME_SIGNALING_BY_FGFR1,4,2.35843284590272,0.0233142441726597,0.75,0.0183522799600018,0.0761891211728519
REACTOME_POLO_LIKE_KINASE_MEDIATED_EVENTS,3,2.35809092877521,0.0737655863331213,0.666666666666667,0.0183691928743956,0.0761891211728519
GOBP_PEPTIDYL_ARGININE_METHYLATION,2,2.35807340524249,0.14799875141002,1,0.0183700600425242,0.0761891211728519
GOBP_LONG_CHAIN_FATTY_ACYL_COA_METABOLIC_PROCESS,4,2.35791861380025,0.152643844079416,1,0.0183777215957821,0.0761891211728519
GOBP_REGULATION_OF_CELL_CELL_ADHESION_MEDIATED_BY_CADHERIN,4,-2.3574225517684,-0.111732248089507,0.75,0.0184022935172855,0.0762039876304406
GOBP_POSITIVE_REGULATION_OF_BIOMINERALIZATION,4,2.35716529077378,0.0929754113130709,1,0.0184150479956873,0.0762039876304406
GOBP_CHONDROITIN_SULFATE_PROTEOGLYCAN_METABOLIC_PROCESS,4,2.35695041852077,0.0247935495329419,0.5,0.0184257068556804,0.0762039876304406
GOBP_APOPTOTIC_DNA_FRAGMENTATION,4,2.35632281481654,0.0519090722457324,0.75,0.0184568704191122,0.0762716097817085
GOBP_CHLORIDE_TRANSMEMBRANE_TRANSPORT,4,2.35500456311611,0.0773800763891632,0.75,0.0185224782418123,0.0764363496553255
GOBP_PODOSOME_ASSEMBLY,4,2.35487828865941,0.11017502413924,1,0.0185287734696265,0.0764363496553255
GOBP_PROTEIN_EXIT_FROM_ENDOPLASMIC_RETICULUM,4,2.35462772916588,0.00825856118085292,0.5,0.0185412702892798,0.0764363496553255
GOBP_APOPTOTIC_CELL_CLEARANCE,4,2.35426993600124,0.058652510062496,1,0.0185591282446153,0.0764487610652195
REACTOME_TP53_REGULATES_TRANSCRIPTION_OF_ADDITIONAL_CELL_CYCLE_GENES_WHOSE_EXACT_ROLE_IN_THE_P53_PATHWAY_REMAIN_UNCERTAIN,4,-2.35292205573352,-0.178889840606893,0.75,0.0186265380441112,0.0766651034285599
GOBP_RESPONSE_TO_ACIDIC_PH,4,-2.35138513205161,-0.120158399591241,1,0.0187036635404113,0.0769210571641996
GOBP_EPHRIN_RECEPTOR_SIGNALING_PATHWAY,4,-2.35072660348928,-0.0298577007742549,0.5,0.0187367950498895,0.0769958162105994
GOBP_NEGATIVE_REGULATION_OF_CYTOKINE_PRODUCTION_INVOLVED_IN_IMMUNE_RESPONSE,4,-2.34973599548179,-0.0796162330512854,1,0.0187867306488969,0.0771394546341068
GOBP_REGULATION_OF_OXIDOREDUCTASE_ACTIVITY,4,2.3493740386713,0.0477003502659769,0.75,0.018805005560701,0.0771529670374894
REACTOME_AQUAPORIN_MEDIATED_TRANSPORT,4,2.34833895285509,0.0783080752993497,0.75,0.0188573520590911,0.0773061351530735
GOBP_GLYCOSPHINGOLIPID_METABOLIC_PROCESS,4,2.3475624199343,0.0633728075604285,0.75,0.0188967066086499,0.0774058411518998
GOBP_DNA_METHYLATION_INVOLVED_IN_GAMETE_GENERATION,3,-2.34681142874828,-0.100675219974206,0.666666666666667,0.0189348350097372,0.0775003700040834
GOBP_NEGATIVE_REGULATION_OF_TELOMERE_MAINTENANCE_VIA_TELOMERE_LENGTHENING,4,-2.34647582504866,-0.098549237925902,0.75,0.0189518956063193,0.0775085865583303
GOBP_RNA_PHOSPHODIESTER_BOND_HYDROLYSIS_EXONUCLEOLYTIC,4,-2.3454243973389,-0.118316015098237,1,0.0190054325598593,0.0776658509926313
GOBP_ENDODERMAL_CELL_FATE_COMMITMENT,2,-2.34335636399974,-0.11637538131013,0.5,0.0191111193253727,0.077956976535559
GOBP_RESPONSE_TO_STEROL,4,-2.34328652760519,-0.0619516400204946,1,0.0191146972618626,0.077956976535559
GOBP_ACID_SECRETION,4,-2.34314219211517,-0.0603148556144033,0.75,0.0191220938753954,0.077956976535559
GOBP_POSITIVE_REGULATION_OF_WOUND_HEALING,4,2.34010792742051,0.0191755321214681,0.5,0.019278167961559,0.0785209794426262
GOBP_CALCIUM_ION_TRANSMEMBRANE_TRANSPORT_VIA_HIGH_VOLTAGE_GATED_CALCIUM_CHANNEL,1,-2.33986061694023,-0.157338729681371,1,0.0192909378510239,0.0785209794426262
REACTOME_MAPK_TARGETS_NUCLEAR_EVENTS_MEDIATED_BY_MAP_KINASES,4,-2.33907670638014,-0.110279144455322,1,0.0193314639783296,0.0786237820098098
REACTOME_REGULATION_OF_HSF1_MEDIATED_HEAT_SHOCK_RESPONSE,4,-2.33787770442657,-0.0935701928661281,1,0.0193935931653763,0.0788142156341929
GOBP_REGULATION_OF_STEM_CELL_POPULATION_MAINTENANCE,4,-2.33647188464669,-0.0545395959424122,0.75,0.0194666612658547,0.0790487688153674
GOBP_NEGATIVE_REGULATION_OF_PEPTIDYL_SERINE_PHOSPHORYLATION,4,-2.33539882501089,-0.146262205996338,0.75,0.0195225957561523,0.0792134322682648
GOBP_PROTEIN_MODIFICATION_BY_SMALL_PROTEIN_REMOVAL,4,-2.33499468109577,-0.129892237189581,1,0.0195436985993476,0.079236617392158
GOBP_CIRCADIAN_SLEEP_WAKE_CYCLE,4,-2.33320309575817,-0.013212096916633,0.5,0.0196374884456794,0.079546346922491
GOBP_MESENCHYMAL_TO_EPITHELIAL_TRANSITION,4,2.33294578168972,0.122901670604408,0.75,0.0196509911216564,0.079546346922491
GOBP_RUFFLE_ORGANIZATION,4,2.33236471473859,0.0696576315382422,0.75,0.0196815127158925,0.0796073126269682
GOBP_IRON_ION_TRANSMEMBRANE_TRANSPORT,4,-2.33073776489659,-0.135435418490335,1,0.0197671915503747,0.0798911061953528
GOBP_HISTONE_H4_K5_ACETYLATION,1,-2.32930915387179,-0.302798675249345,1,0.0198426937887556,0.0801333571123942
REACTOME_TRAF3_DEPENDENT_IRF_ACTIVATION_PATHWAY,2,-2.32692580279131,-0.179109362036207,1,0.0199692146227749,0.0805811019535017
GOBP_PROTEIN_STABILIZATION,4,-2.32635735535486,-0.0879647761019437,1,0.0199994946109146,0.0806359143497035
REACTOME_VIRAL_MESSENGER_RNA_SYNTHESIS,4,-2.32608308079176,-0.14054973855044,0.75,0.0200141189626959,0.0806359143497035
GOBP_AUTONOMIC_NERVOUS_SYSTEM_DEVELOPMENT,4,2.32518814901583,0.0226629075369081,0.5,0.0200619017642759,0.0807652323567292
GOBP_REGULATION_OF_HEART_RATE_BY_CARDIAC_CONDUCTION,4,2.3247054630879,0.080084887826265,0.75,0.0200877149659553,0.080797034352831
GOBP_REGULATION_OF_TRANSLATIONAL_INITIATION,4,-2.32445380131071,-0.145700540637064,1,0.0201011848914307,0.080797034352831
GOBP_IMMUNOGLOBULIN_PRODUCTION_INVOLVED_IN_IMMUNOGLOBULIN_MEDIATED_IMMUNE_RESPONSE,4,-2.32415844582456,-0.0511539188788754,0.75,0.0201170035292551,0.0807975438160177
GOBP_CELL_FATE_SPECIFICATION,4,-2.3235477893667,-0.0317090348191691,0.75,0.0201497434973875,0.0808659620171849
GOBP_REGULATION_OF_PLATELET_ACTIVATION,4,2.32196511015387,0.11941636019886,0.75,0.0202348143728391,0.0811441271072807
GOBP_NEGATIVE_REGULATION_OF_NEUROINFLAMMATORY_RESPONSE,1,2.31967023197148,0.18555441134593,1,0.0203587233598264,0.0815774837196467
GOBP_POSITIVE_REGULATION_OF_SMOOTH_MUSCLE_CONTRACTION,4,-2.31862197501936,-0.089740750524206,0.75,0.0204155425169005,0.0817415462049151
GOBP_POSITIVE_REGULATION_OF_PROTEIN_AUTOPHOSPHORYLATION,4,2.31711366029953,0.141868832735402,0.5,0.0204975410762918,0.0819728234119859
REACTOME_NICOTINAMIDE_SALVAGING,3,2.31688587993771,0.0928613863010129,1,0.020509949139608,0.0819728234119859
GOBP_DEVELOPMENT_OF_PRIMARY_SEXUAL_CHARACTERISTICS,4,-2.31668190287303,-0.0488456226516796,1,0.0205210661056613,0.0819728234119859
GOBP_SKELETAL_MUSCLE_CELL_PROLIFERATION,2,-2.31631512580339,-0.0963330342606952,0.5,0.0205410690646531,0.0819891198557355
GOBP_POSITIVE_REGULATION_OF_LIPID_CATABOLIC_PROCESS,4,-2.31503552584055,-0.07033841974225,0.75,0.0206109879379255,0.0821455326399856
HALLMARK_COMPLEMENT,4,2.31501405000694,0.0619113570803517,0.75,0.0206121631716569,0.0821455326399856
GOBP_NEGATIVE_REGULATION_OF_FAT_CELL_DIFFERENTIATION,4,-2.31468114112142,-0.0995066450604413,0.75,0.020630388600491,0.0821545791987068
GOBP_CELL_VOLUME_HOMEOSTASIS,4,2.31279493305811,0.0309779423770051,0.75,0.0207339165083557,0.0825030418095235
GOBP_DEOXYRIBONUCLEOSIDE_MONOPHOSPHATE_METABOLIC_PROCESS,4,-2.31021023598205,-0.0930695759658927,1,0.0208765176269125,0.0830063237536465
GOBP_NEGATIVE_REGULATION_OF_EXECUTION_PHASE_OF_APOPTOSIS,2,-2.30935933669189,-0.0815030643845956,0.5,0.0209236495091446,0.0831295303415013
GOBP_GLYCOPROTEIN_CATABOLIC_PROCESS,4,-2.30889948606328,-0.0743174060459854,0.75,0.0209491595231874,0.0831667096259767
REACTOME_ACTIVATION_OF_ATR_IN_RESPONSE_TO_REPLICATION_STRESS,4,-2.30709931976619,-0.1556594856945,1,0.0210492838754967,0.0834775356349552
GOBP_HISTONE_H2A_MONOUBIQUITINATION,3,-2.30690925725556,-0.104306823768147,0.333333333333333,0.021059879353235,0.0834775356349552
GOBP_C21_STEROID_HORMONE_BIOSYNTHETIC_PROCESS,4,2.30276063398671,0.0473720943205418,0.75,0.021292314556897,0.0842188601202675
GOBP_REGULATION_OF_HEMATOPOIETIC_PROGENITOR_CELL_DIFFERENTIATION,4,-2.30254620224599,-0.093038279790004,0.5,0.0213043890320897,0.0842188601202675
GOBP_REGULATION_OF_NITRIC_OXIDE_SYNTHASE_ACTIVITY,4,2.30218583220489,0.0646950382412108,0.75,0.0213246946060453,0.0842188601202675
GOBP_LABYRINTHINE_LAYER_BLOOD_VESSEL_DEVELOPMENT,4,2.30209491229337,0.115828683750724,1,0.0213298202826048,0.0842188601202675
GOBP_MITOTIC_G2_M_TRANSITION_CHECKPOINT,4,-2.30203370881734,-0.121012057216651,1,0.0213332712775827,0.0842188601202675
GOBP_DORSAL_SPINAL_CORD_DEVELOPMENT,3,-2.30182504991942,-0.0829734685315291,1,0.0213450402907262,0.0842188601202675
REACTOME_POTENTIAL_THERAPEUTICS_FOR_SARS,4,-2.30105531180904,-0.110759919512677,1,0.0213885048397555,0.0843257361561263
GOBP_POSITIVE_REGULATION_OF_GLIAL_CELL_DIFFERENTIATION,4,2.29991501995395,0.00994471450359459,0.5,0.0214530349798237,0.0845154377284713
GOBP_CELL_PROLIFERATION_IN_FOREBRAIN,3,-2.29787044033796,-0.0922932932756517,1,0.0215691641354073,0.0849079710498563
GOBP_COLLECTING_DUCT_DEVELOPMENT,3,2.29709595092236,0.0777548357974924,1,0.021613296713008,0.0849757216860565
GOBP_LYSOSOMAL_PROTEIN_CATABOLIC_PROCESS,3,2.29688601326716,0.0985770513684492,1,0.0216252730822202,0.0849757216860565
GOBP_REGULATION_OF_GLUCOSE_TRANSMEMBRANE_TRANSPORT,4,-2.29670008057443,-0.115633169804459,1,0.0216358848573354,0.0849757216860565
GOBP_VERY_LONG_CHAIN_FATTY_ACID_METABOLIC_PROCESS,4,2.29620613680471,0.116134715864921,1,0.0216640978311027,0.0849858604620877
GOBP_RNA_DEPENDENT_DNA_BIOSYNTHETIC_PROCESS,4,-2.29588307559206,-0.11132066596862,1,0.0216825676883856,0.0849858604620877
GOBP_REGULATORY_T_CELL_DIFFERENTIATION,4,-2.2956281706162,-0.0306020989696449,0.75,0.0216971506312748,0.0849858604620877
GOBP_POSITIVE_REGULATION_OF_MYOTUBE_DIFFERENTIATION,1,-2.2952789532733,-0.165106645211323,1,0.021717142979846,0.0849858604620877
REACTOME_RHO_GTPASES_ACTIVATE_NADPH_OXIDASES,4,2.29521173698354,0.0520330989663238,0.75,0.0217209928856297,0.0849858604620877
GOBP_NEGATIVE_REGULATION_OF_EXOCYTOSIS,4,-2.29467123135585,-0.0751655224328235,1,0.0217519726906252,0.0850424505573493
REACTOME_PROCESSING_OF_DNA_DOUBLE_STRAND_BREAK_ENDS,4,-2.29321378509866,-0.108191497670252,1,0.0218356998955223,0.0852905607648188
REACTOME_CELLULAR_RESPONSE_TO_HEAT_STRESS,4,-2.29299031128423,-0.0853157525773751,1,0.0218485627595253,0.0852905607648188
REACTOME_TELOMERE_MAINTENANCE,4,-2.29259886758978,-0.117981358200971,1,0.0218711096428556,0.0853138966295934
REACTOME_SYNTHESIS_OF_BILE_ACIDS_AND_BILE_SALTS_VIA_7ALPHA_HYDROXYCHOLESTEROL,4,2.29191179520732,0.103988030345418,0.5,0.0219107334895298,0.0854037598316345
GOBP_POLARIZED_EPITHELIAL_CELL_DIFFERENTIATION,4,2.29004097821309,0.122869853001605,0.5,0.0220189412810795,0.0857606116915872
REACTOME_TRAFFICKING_OF_AMPA_RECEPTORS,4,2.28843859973646,0.109342738297411,1,0.0221119919384366,0.0860579338556388
GOBP_POSITIVE_REGULATION_OF_EPITHELIAL_CELL_DIFFERENTIATION,4,2.28656832861927,0.0233222699716896,0.75,0.0222210316232404,0.0864169877855475
GOBP_REGULATION_OF_EPIDERMAL_GROWTH_FACTOR_ACTIVATED_RECEPTOR_ACTIVITY,4,2.28615997187105,0.00842390305472159,0.5,0.0222449015491925,0.0864445268504092
REACTOME_RHO_GTPASES_ACTIVATE_IQGAPS,4,2.28479662190142,0.0900528723646704,0.75,0.0223247558404445,0.0866894176639883
GOBP_NUCLEOSIDE_MONOPHOSPHATE_METABOLIC_PROCESS,4,-2.28381750943746,-0.105565765656424,1,0.0223822581977169,0.0868200918415464
REACTOME_DEFENSINS,4,2.2836496236864,0.13482957857089,1,0.0223921308925177,0.0868200918415464
GOBP_NEPHRON_TUBULE_FORMATION,3,-2.28218037056154,-0.120096940447825,1,0.0224786935102497,0.0870901376104406
HALLMARK_APICAL_JUNCTION,4,2.27916807290009,0.0309214161043596,0.75,0.0226570762013106,0.0877152521507881
REACTOME_IRE1ALPHA_ACTIVATES_CHAPERONES,4,2.278273081124,0.0442472838321614,0.75,0.0227103124527724,0.0878552958822878
GOBP_METANEPHRIC_MESENCHYME_DEVELOPMENT,3,2.27701380589503,0.0508339975757143,0.666666666666667,0.0227854012003865,0.0880796026882809
GOBP_SENSORY_PERCEPTION_OF_TASTE,4,2.27582369914587,0.064020132980944,1,0.0228565637017196,0.0882884069768597
GOBP_REGULATION_OF_AXONOGENESIS,4,2.27546120049719,0.0684369992936156,0.75,0.022878277656624,0.0883060357226064
GOBP_POSITIVE_REGULATION_OF_NOTCH_SIGNALING_PATHWAY,4,-2.27400906501249,-0.0993006180926163,0.75,0.0229654414954102,0.0885760736028968
KEGG_ACUTE_MYELOID_LEUKEMIA,4,-2.27251344408177,-0.199611472740883,0.75,0.0230555169233872,0.0888569286216471
REACTOME_ACTIVATION_OF_BH3_ONLY_PROTEINS,4,2.27202692907393,0.0489878934000749,0.5,0.0230848838923406,0.08890356556594
GOBP_REGULATION_OF_SYNAPSE_ASSEMBLY,4,2.27128577355604,0.133090676619611,0.75,0.0231296838830617,0.0890095234035014
GOBP_CD4_POSITIVE_ALPHA_BETA_T_CELL_ACTIVATION,4,-2.27086972696784,-0.0785492953698277,1,0.0231548653641857,0.089039881822399
REACTOME_SRP_DEPENDENT_COTRANSLATIONAL_PROTEIN_TARGETING_TO_MEMBRANE,4,-2.27022668376916,-0.183999158863746,0.75,0.023193832789451,0.0891231679349876
GOBP_SNRNA_TRANSCRIPTION_BY_RNA_POLYMERASE_II,2,-2.26910717127821,-0.201686078605447,1,0.0232618093859487,0.0893177155318791
GOBP_REGULATION_OF_AMPA_RECEPTOR_ACTIVITY,4,-2.26814329600386,0.00975891888775985,0.75,0.0233204742210082,0.0894762457257611
GOBP_NEGATIVE_REGULATION_OF_FATTY_ACID_BIOSYNTHETIC_PROCESS,4,-2.26745498910347,-0.142118658014846,0.75,0.023362445563689,0.0895705377568388
GOBP_CELLULAR_RESPONSE_TO_OXYGEN_LEVELS,4,-2.26614184399599,-0.11168715825218,0.75,0.0234426999804672,0.0898113558031442
GOBP_POSITIVE_REGULATION_OF_LYMPHOCYTE_MEDIATED_IMMUNITY,4,-2.26506361341083,-0.0208275166639995,0.75,0.0235087761139535,0.0899975377031573
GOBP_TELOMERE_MAINTENANCE_VIA_TELOMERE_LENGTHENING,4,-2.26339684595146,-0.0920557434815664,1,0.0236112370111559,0.0903226295471337
GOBP_CELLULAR_MONOVALENT_INORGANIC_CATION_HOMEOSTASIS,4,2.26297053015958,0.0499486869816372,0.75,0.0236375059929266,0.0903559898719964
GOBP_ESTABLISHMENT_OF_MITOCHONDRION_LOCALIZATION,4,2.26087650178076,0.130723892283203,0.75,0.0237669056002104,0.0907832321479848
GOBP_INTRINSIC_APOPTOTIC_SIGNALING_PATHWAY_IN_RESPONSE_TO_DNA_DAMAGE_BY_P53_CLASS_MEDIATOR,4,-2.25980199122809,-0.0826501988842199,0.5,0.0238335427767046,0.090970282992774
GOBP_NEGATIVE_REGULATION_OF_VOLTAGE_GATED_CALCIUM_CHANNEL_ACTIVITY,1,-2.25601070900856,-0.137317759692551,1,0.0240699604673302,0.091804612182432
GOBP_POSITIVE_REGULATION_OF_STEROID_BIOSYNTHETIC_PROCESS,4,-2.25533308920952,-0.147427706554476,0.75,0.0241124291628969,0.0918985179568884
GOBP_CYTOKINE_PRODUCTION_INVOLVED_IN_IMMUNE_RESPONSE,4,-2.25480667580425,-0.0390566297356765,0.75,0.0241454660739341,0.0919563645079042
GOBP_NEGATIVE_REGULATION_OF_PROTEIN_DEPHOSPHORYLATION,4,-2.25439899011053,-0.123843204402552,0.75,0.0241710787715061,0.0919858718362785
GOBP_NEGATIVE_REGULATION_OF_GLUCOSE_IMPORT,1,2.25160625814935,0.164552363397432,1,0.0243471652365491,0.0925341575250683
GOBP_PURINE_NUCLEOBASE_METABOLIC_PROCESS,4,-2.25154414651597,-0.147805469901,0.5,0.0243510940855443,0.0925341575250683
REACTOME_CHOLESTEROL_BIOSYNTHESIS,4,2.24772018354156,0.0829524531510486,0.75,0.0245940381608977,0.0933884236655327
REACTOME_EICOSANOID_LIGAND_BINDING_RECEPTORS,2,2.24610941275354,0.0713543857083587,0.5,0.0246970005867074,0.0937102844664379
GOBP_COLLAGEN_BIOSYNTHETIC_PROCESS,4,2.24490450260182,0.0743120565943501,0.75,0.0247742638368267,0.0939342301147428
GOBP_REGULATION_OF_CILIUM_ASSEMBLY,4,-2.24456498855441,-0.118551275196221,0.75,0.0247960724927273,0.0939477389735487
GOBP_RRNA_TRANSCRIPTION,4,2.243676725923,0.0703434551249452,0.75,0.0248532086432008,0.0940577000041046
GOBP_CARDIAC_MUSCLE_CONTRACTION,4,2.24326994876164,0.0357060022550863,1,0.0248794120095179,0.0940577000041046
KEGG_DORSO_VENTRAL_AXIS_FORMATION,4,-2.24326243011189,-0.0854219947741899,0.75,0.0248798965635251,0.0940577000041046
GOBP_REGULATION_OF_GOLGI_ORGANIZATION,3,-2.24230134433235,-0.162857439995711,1,0.0249419029366025,0.0942229333973339
REACTOME_GABA_SYNTHESIS_RELEASE_REUPTAKE_AND_DEGRADATION,4,2.24192291273837,0.0394724427283804,0.5,0.0249663549020777,0.0942461593774178
REACTOME_DISEASES_OF_IMMUNE_SYSTEM,4,2.2386705081525,0.0587970229040087,0.75,0.0251773628113828,0.0949730704145129
REACTOME_PHASE_4_RESTING_MEMBRANE_POTENTIAL,3,-2.23768990503695,-0.00910534819726037,0.666666666666667,0.0252412840255129,0.0951444886144697
GOBP_EMBRYONIC_PLACENTA_DEVELOPMENT,4,-2.23623047934922,-0.0499149463539069,0.75,0.025336677657418,0.095434201359214
REACTOME_PI_3K_CASCADE_FGFR3,4,2.23443838287353,0.0740300381302555,0.75,0.0254542425668436,0.0958069407724253
GOBP_ACTIVATION_OF_PROTEIN_KINASE_B_ACTIVITY,4,2.23297873356272,0.0462227953681962,0.75,0.0255503468156898,0.0960629791220377
GOBP_PROTEIN_LOCALIZATION_TO_CELL_SURFACE,4,2.23274627932728,0.0638429829863609,1,0.0255656806923083,0.0960629791220377
REACTOME_AUTOPHAGY,4,-2.23255601544223,-0.121884447003076,1,0.0255782374007212,0.0960629791220377
GOBP_REGULATION_OF_LIPOPROTEIN_METABOLIC_PROCESS,2,-2.2298099815364,-0.0840160350313229,0.5,0.0257600604658353,0.0966567034319643
GOBP_CELLULAR_METABOLIC_COMPOUND_SALVAGE,4,-2.22960211307587,-0.163476353326735,0.75,0.0257738694527261,0.0966567034319643
GOBP_POSITIVE_REGULATION_OF_PEPTIDYL_THREONINE_PHOSPHORYLATION,4,2.22871064238625,0.0744614140210315,0.75,0.0258331636981632,0.0967403090896785
GOBP_INTRACELLULAR_ESTROGEN_RECEPTOR_SIGNALING_PATHWAY,4,-2.22870199314959,-0.069616252041506,1,0.0258337395607512,0.0967403090896785
GOBP_POSITIVE_REGULATION_OF_VASCULAR_ENDOTHELIAL_GROWTH_FACTOR_RECEPTOR_SIGNALING_PATHWAY,1,-2.22806180852193,-0.15012323139928,1,0.0258763936173272,0.0968296153601873
GOBP_BEHAVIORAL_RESPONSE_TO_PAIN,2,2.2277259773177,0.0891009075297899,0.5,0.0258987936346519,0.096843056227177
GOBP_REGULATION_OF_MEMBRANE_DEPOLARIZATION,4,2.22734212591002,0.0811449013868675,0.75,0.0259244171427366,0.0968685224005449
REACTOME_SLC_TRANSPORTER_DISORDERS,4,-2.22680481536068,-0.068347942387008,1,0.0259603214333736,0.0969323386950257
GOBP_HISTONE_MONOUBIQUITINATION,4,-2.22593890369552,-0.112679961397501,0.75,0.0260182740569926,0.0970783283474311
REACTOME_POST_TRANSLATIONAL_MODIFICATION_SYNTHESIS_OF_GPI_ANCHORED_PROTEINS,4,2.22530240314353,0.0426116389412113,0.75,0.0260609442385814,0.0971671266361012
GOBP_REGULATION_OF_RESPIRATORY_GASEOUS_EXCHANGE,4,-2.22252431083645,-0.0609226409665034,0.75,0.0262478929590539,0.0977933435934648
GOBP_RESPIRATORY_BURST,4,2.22217219736202,0.0864882766987273,1,0.0262716706142088,0.0977968360030832
GOBP_EXCITATORY_SYNAPSE_ASSEMBLY,4,2.22194804350861,0.0832361734591269,0.75,0.0262868170573446,0.0977968360030832
GOBP_WATER_TRANSPORT,4,-2.2212918111847,0.0525916626267841,0.5,0.0263312031435123,0.0978912382569998
GOBP_SECRETORY_GRANULE_ORGANIZATION,4,2.2205380873677,0.0376693515016486,0.75,0.0263822632320057,0.0978969730179417
GOBP_CELLULAR_COMPONENT_DISASSEMBLY_INVOLVED_IN_EXECUTION_PHASE_OF_APOPTOSIS,4,2.22048935465572,0.0476191461674872,0.75,0.0263855675118925,0.0978969730179417
GOBP_POSITIVE_REGULATION_OF_MUSCLE_CELL_DIFFERENTIATION,4,-2.22042717392599,-0.0444999906927924,0.75,0.0263897841423389,0.0978969730179417
GOBP_PROTEIN_LOCALIZATION_TO_ENDOSOME,4,2.21787923764507,0.114491174754218,0.75,0.0265630675142673,0.0984688514261786
GOBP_REGULATION_OF_LYMPHOCYTE_MEDIATED_IMMUNITY,4,-2.21720914268898,-0.00473731056483286,0.5,0.0266088031162225,0.0985674296729711
GOBP_NUCLEUS_ORGANIZATION,4,-2.21617487757236,-0.123196884795818,0.75,0.026679527719596,0.0987494707355638
GOBP_TOLL_LIKE_RECEPTOR_2_SIGNALING_PATHWAY,4,2.21588700827591,0.112183064188869,1,0.0266992415144328,0.0987494707355638
GOBP_ENDODERM_DEVELOPMENT,4,2.21565000717532,0.0484774204314633,0.75,0.0267154812069607,0.0987494707355638
GOBP_INTRINSIC_APOPTOTIC_SIGNALING_PATHWAY_IN_RESPONSE_TO_OXIDATIVE_STRESS,4,-2.2142687422815,-0.101222473455361,1,0.026810297512145,0.0990288535796517
GOBP_REGULATION_OF_ACTIVIN_RECEPTOR_SIGNALING_PATHWAY,4,2.21315915465176,0.0260802355382555,0.75,0.0268866749888492,0.0991991356562769
GOBP_NEGATIVE_REGULATION_OF_CHEMOTAXIS,4,2.21301971401341,0.116733553391781,1,0.0268962865360346,0.0991991356562769
GOBP_POSITIVE_REGULATION_OF_LEUKOCYTE_ADHESION_TO_VASCULAR_ENDOTHELIAL_CELL,4,2.21212364893333,0.173026147425219,0.75,0.0269581224977008,0.0991991356562769
GOBP_POSITIVE_REGULATION_OF_MEMBRANE_PERMEABILITY,4,-2.21197735071589,-0.0683438454504159,1,0.0269682299405442,0.0991991356562769
GOBP_NEGATIVE_REGULATION_OF_OSTEOCLAST_DIFFERENTIATION,4,2.21195224437308,0.134066611288804,0.5,0.026969964814964,0.0991991356562769
GOBP_REGULATION_OF_MYELINATION,4,-2.21192290086314,-0.0739480227815275,0.75,0.0269719926041538,0.0991991356562769
REACTOME_METAL_ION_SLC_TRANSPORTERS,4,2.21146484805157,0.107602530873073,1,0.027003663503919,0.0992323947723581
GOBP_ADHERENS_JUNCTION_ORGANIZATION,4,2.21085908414993,0.0589654761956725,0.5,0.0270455968095747,0.0992323947723581
GOBP_VASCULAR_ENDOTHELIAL_CELL_PROLIFERATION,4,-2.21080810227356,-0.00175434262598369,0.75,0.0270491285340213,0.0992323947723581
GOBP_EXECUTION_PHASE_OF_APOPTOSIS,4,2.21067827001974,0.0138132902643976,0.5,0.0270581243465509,0.0992323947723581
KEGG_TRYPTOPHAN_METABOLISM,4,-2.20976450690677,-0.0799112086705451,1,0.0271215102092772,0.0993940612580559
GOBP_ADENYLATE_CYCLASE_ACTIVATING_G_PROTEIN_COUPLED_RECEPTOR_SIGNALING_PATHWAY,4,2.2089654736902,0.0372799808545369,0.75,0.0271770424873177,0.0995215580958649
GOBP_REGULATION_OF_GLUCONEOGENESIS,4,-2.20870801282948,-0.0849832243439151,1,0.0271949567374018,0.0995215580958649
GOBP_POSITIVE_REGULATION_OF_GLUCONEOGENESIS,2,-2.20594467079486,-0.116326556392792,1,0.027387873959926,0.100144421186907
GOBP_VASCULAR_ASSOCIATED_SMOOTH_MUSCLE_CELL_MIGRATION,4,2.20571362966152,0.111777040369943,0.75,0.0274040569921055,0.100144421186907
GOBP_RESPONSE_TO_CALCIUM_ION,4,2.20530229685205,0.0295179069703963,0.75,0.0274328887829995,0.100178683931677
GOBP_POSITIVE_REGULATION_OF_INTERLEUKIN_17_PRODUCTION,4,-2.20461966865187,-0.064668385994445,0.75,0.0274807943923552,0.100282502003003
REACTOME_NUCLEAR_EVENTS_KINASE_AND_TRANSCRIPTION_FACTOR_ACTIVATION,4,-2.20300507384631,-0.0791858860251341,0.5,0.027594391028249,0.100625721957829
GOBP_PRIMARY_ALCOHOL_METABOLIC_PROCESS,4,2.20223968157909,0.0552534748728688,1,0.0276483824156885,0.100751253402958
GOBP_PROTEIN_KINASE_A_SIGNALING,4,-2.20193297327874,-0.0593830388300671,1,0.0276700434219994,0.100758878062146
GOBP_AMELOGENESIS,4,2.20121231195665,0.0753229087720858,0.75,0.0277209971014312,0.100823961618764
GOBP_VIRAL_PROTEIN_PROCESSING,4,2.20112636952248,0.0692427074449772,1,0.0277270789769216,0.100823961618764
GOBP_REGULATION_OF_CATION_CHANNEL_ACTIVITY,4,-2.20033236046073,-0.00406903731997678,0.75,0.027783322942308,0.100957184071944
GOBP_POSITIVE_REGULATION_OF_SYNAPTIC_TRANSMISSION_GLUTAMATERGIC,4,-2.19903244507044,-0.0381672861038376,0.75,0.027875615364469,0.101221116721898
GOBP_PIGMENT_METABOLIC_PROCESS,4,2.19854355371194,0.0636698520592555,0.75,0.027910394395426,0.101275983609618
GOBP_ALPHA_AMINO_ACID_CATABOLIC_PROCESS,4,-2.19811300237394,-0.0553740185878992,0.75,0.0279410541735491,0.101315836577186
GOBP_POSITIVE_REGULATION_OF_SMOOTHENED_SIGNALING_PATHWAY,4,-2.1971655236732,-0.0793079466161473,0.75,0.0280086268753973,0.101470497789487
GOBP_REGULATION_OF_PROTEIN_LOCALIZATION_TO_CELL_PERIPHERY,4,2.19696255517177,0.0500808096407351,0.75,0.0280231205781025,0.101470497789487
GOBP_SULFATE_TRANSPORT,3,2.19622711428136,0.11506802964611,0.666666666666667,0.0280756915693206,0.101537663913209
GOBP_PROTEIN_K48_LINKED_DEUBIQUITINATION,4,-2.19615138610448,-0.122415002982684,1,0.0280811096159272,0.101537663913209
GOBP_CEREBRAL_CORTEX_NEURON_DIFFERENTIATION,4,-2.19538643851095,-0.033647249221641,0.5,0.0281358890870205,0.101664345901101
GOBP_POSITIVE_REGULATION_OF_ENDOTHELIAL_CELL_DIFFERENTIATION,1,-2.19426044003445,-0.173767583112262,1,0.0282166917029124,0.101884814571035
REACTOME_TP53_REGULATES_TRANSCRIPTION_OF_GENES_INVOLVED_IN_CYTOCHROME_C_RELEASE,4,-2.19374102490373,0.0280240788633384,0.5,0.0282540327251104,0.101948153119547
GOBP_STRESS_GRANULE_ASSEMBLY,4,-2.19309241059256,-0.0890184249443597,0.5,0.0283007217219711,0.102045109346239
GOBP_REGULATION_OF_BMP_SIGNALING_PATHWAY,4,2.19190977607543,0.0228143824212993,0.5,0.0283860220429585,0.102281054932955
GOBP_REGULATION_OF_OXIDATIVE_PHOSPHORYLATION,4,-2.19025070917795,-0.105082721013813,0.75,0.0285060594454693,0.102607962614097
GOBP_HUMORAL_IMMUNE_RESPONSE_MEDIATED_BY_CIRCULATING_IMMUNOGLOBULIN,4,2.1901052566139,0.147482886845269,0.75,0.0285166040980332,0.102607962614097
GOBP_DIACYLGLYCEROL_METABOLIC_PROCESS,4,2.18807949305311,0.011915541677245,0.75,0.0286638123933134,0.103065621517577
GOBP_CYTOPLASMIC_MICROTUBULE_ORGANIZATION,4,-2.18746085998161,-0.123502499155153,1,0.0287088974951525,0.103155696582373
GOBP_NUCLEAR_EXPORT,4,-2.18661311285504,-0.116658295509928,0.75,0.0287707792733916,0.103171293441429
REACTOME_PROTEIN_FOLDING,4,2.18658514691146,0.0501320791538244,0.75,0.028772822618531,0.103171293441429
REACTOME_PI3K_EVENTS_IN_ERBB2_SIGNALING,3,-2.18657793395949,-0.110059686629244,1,0.0287733496566114,0.103171293441429
GOBP_PHOSPHATIDYLETHANOLAMINE_METABOLIC_PROCESS,3,-2.18391167468465,-0.0908678005924998,1,0.0289687389777052,0.10379960820891
GOBP_UBIQUINONE_METABOLIC_PROCESS,3,2.18312302780344,0.118874949716101,1,0.0290267511816776,0.103935147311862
GOBP_REGULATION_OF_FATTY_ACID_METABOLIC_PROCESS,4,-2.18252191498292,-0.0880198067375187,0.75,0.029071035665859,0.10402137779257
REACTOME_RHOQ_GTPASE_CYCLE,4,-2.18154296754248,-0.0654563765528926,0.75,0.0291432800043754,0.104207464404534
REACTOME_CASPASE_ACTIVATION_VIA_DEATH_RECEPTORS_IN_THE_PRESENCE_OF_LIGAND,3,2.17721212413651,0.0546646007006947,0.666666666666667,0.0294647441187601,0.105283808096805
GOBP_DETECTION_OF_CHEMICAL_STIMULUS_INVOLVED_IN_SENSORY_PERCEPTION_OF_TASTE,4,2.17264694257924,0.0806246789991521,1,0.0298068999269875,0.106404680942066
GOBP_GERM_CELL_DEVELOPMENT,4,-2.17247621194382,-0.0612606863916255,1,0.029819762011925,0.106404680942066
KEGG_GLYOXYLATE_AND_DICARBOXYLATE_METABOLISM,3,2.16905177321292,0.110048808807755,1,0.0300787534927372,0.107184845272324
GOBP_REGULATION_OF_SYSTEMIC_ARTERIAL_BLOOD_PRESSURE_MEDIATED_BY_A_CHEMICAL_SIGNAL,4,2.16903488889684,0.0296473771441432,0.75,0.0300800352337363,0.107184845272324
GOBP_RRNA_METABOLIC_PROCESS,4,-2.16691364210618,-0.0959976503769906,0.75,0.030241439540092,0.107685457947395
REACTOME_CELL_CELL_COMMUNICATION,4,2.16519963640984,0.0221628134893187,0.75,0.0303724001826534,0.108040995566715
REACTOME_CARBOXYTERMINAL_POST_TRANSLATIONAL_MODIFICATIONS_OF_TUBULIN,4,2.1647111099053,0.0987705452141528,0.5,0.0304098157376572,0.108040995566715
REACTOME_SIGNALING_BY_NUCLEAR_RECEPTORS,4,-2.16461985579739,-0.0863327511295783,0.75,0.0304168091480407,0.108040995566715
GOBP_PROTEIN_LOCALIZATION_TO_VACUOLE,4,2.1645101659479,0.0479845918547711,0.75,0.030425217240578,0.108040995566715
GOBP_2_OXOGLUTARATE_METABOLIC_PROCESS,3,-2.16334477664025,-0.0644828310684207,0.666666666666667,0.030514671576782,0.108283972397554
REACTOME_DISEASES_OF_CARBOHYDRATE_METABOLISM,4,-2.16275586673107,-0.111130368994237,0.75,0.0305599616815055,0.108370001858176
GOBP_REGULATION_OF_CANONICAL_WNT_SIGNALING_PATHWAY,4,-2.16190423289133,-0.0424857011122062,0.75,0.0306255586711389,0.108527874465034
HALLMARK_UV_RESPONSE_UP,4,-2.16003651640265,-0.11266102829789,0.75,0.0307698428090454,0.108964181997094
GOBP_POSITIVE_REGULATION_OF_MULTICELLULAR_ORGANISM_GROWTH,4,-2.15955311172573,-0.0328235259386139,0.75,0.0308072815494075,0.109021781922955
GOBP_PEPTIDYL_ARGININE_MODIFICATION,4,2.15787847312898,0.0968065297448279,0.75,0.0309372815944123,0.109397960448401
GOBP_POSITIVE_REGULATION_OF_PROTEIN_LOCALIZATION_TO_MEMBRANE,4,2.15752534713258,0.0673748365135366,0.75,0.0309647543504313,0.109397960448401
GOBP_PROSTAGLANDIN_TRANSPORT,4,2.15724607481558,0.0859897131697239,0.75,0.0309864962109549,0.109397960448401
GOBP_REGULATION_OF_NUCLEOCYTOPLASMIC_TRANSPORT,4,-2.15709109217209,-0.134798730286371,0.75,0.0309985675459733,0.109397960448401
GOBP_POSITIVE_REGULATION_OF_DNA_METABOLIC_PROCESS,4,-2.155869884182,-0.0713263132291585,1,0.031093826653823,0.109617977464262
GOBP_CEREBELLAR_PURKINJE_CELL_LAYER_MORPHOGENESIS,4,-2.15574619320904,-0.0763528581447555,0.5,0.0311034890416173,0.109617977464262
GOBP_POSITIVE_REGULATION_OF_INTERLEUKIN_10_PRODUCTION,4,-2.15395984901443,-0.0167269323440429,0.5,0.0312433207786576,0.110035471059718
GOBP_POSITIVE_REGULATION_OF_DNA_DAMAGE_RESPONSE_SIGNAL_TRANSDUCTION_BY_P53_CLASS_MEDIATOR,3,2.1535367497732,0.028426161021272,0.666666666666667,0.0312765191085527,0.110077099719711
GOBP_NEGATIVE_REGULATION_OF_INTERLEUKIN_12_PRODUCTION,4,2.15286270947773,0.108815289599793,1,0.0313294699558128,0.110188142624645
GOBP_VENTRICULAR_SYSTEM_DEVELOPMENT,4,-2.15193939026415,-0.0977094264424195,1,0.0314021283302894,0.110329177263751
GOBP_NEGATIVE_REGULATION_OF_MUSCLE_CELL_APOPTOTIC_PROCESS,4,-2.15180869786253,-0.10145190364042,0.75,0.0314124245229479,0.110329177263751
GOBP_MITOCHONDRIAL_OUTER_MEMBRANE_PERMEABILIZATION,4,-2.15086104904303,-0.0633719195032471,0.75,0.0314871687444015,0.110516313473022
GOBP_PROTEIN_HOMOTETRAMERIZATION,4,-2.1500845998082,-0.0613306081141616,1,0.0315485235388758,0.110656231404408
GOBP_REGULATION_OF_INSULIN_SECRETION,4,-2.14931068530038,-0.0567301758263911,1,0.0316097800515407,0.110795614353562
GOBP_RNA_3_END_PROCESSING,4,-2.14885575921412,-0.0922584822919117,0.75,0.0316458357271482,0.110834430467684
GOBP_POSITIVE_REGULATION_OF_DENDRITE_DEVELOPMENT,3,2.14862793963765,0.0946727864029158,1,0.0316639050724342,0.110834430467684
GOBP_POSITIVE_REGULATION_OF_LEUKOCYTE_MEDIATED_IMMUNITY,4,-2.14781961050697,-0.0202568803352561,0.75,0.0317280885210296,0.110982272855989
GOBP_ACTION_POTENTIAL,4,2.1474393067642,0.0714689747997982,1,0.031758324203928,0.110982272855989
REACTOME_RHOF_GTPASE_CYCLE,4,2.14728242571912,0.0675742839031236,0.75,0.0317708040764667,0.110982272855989
GOBP_REGULATION_OF_INSULIN_LIKE_GROWTH_FACTOR_RECEPTOR_SIGNALING_PATHWAY,4,2.14692905947024,0.0341783770051506,0.5,0.0317989297324051,0.11100521301163
GOBP_CELLULAR_RESPONSE_TO_STEROID_HORMONE_STIMULUS,4,-2.14586666808826,-0.0889854755438835,0.75,0.0318836177894767,0.111225439023046
GOBP_PHOSPHOLIPID_DEPHOSPHORYLATION,4,-2.14509888715979,-0.0985655839844012,1,0.0319449414044204,0.111259310249551
GOBP_REGULATION_OF_COLLAGEN_METABOLIC_PROCESS,4,2.14483023582387,0.0442309877324039,0.75,0.031966422785487,0.111259310249551
REACTOME_GLOBAL_GENOME_NUCLEOTIDE_EXCISION_REPAIR_GG_NER,4,-2.14456967838791,-0.100485605917578,1,0.031987268805116,0.111259310249551
GOBP_POSITIVE_REGULATION_OF_PROTEIN_TYROSINE_KINASE_ACTIVITY,4,-2.14453243656497,-0.0516148035859059,0.75,0.0319902493061863,0.111259310249551
GOBP_NEGATIVE_REGULATION_OF_CELLULAR_AMIDE_METABOLIC_PROCESS,4,-2.14439354598436,-0.089280655207041,0.75,0.0320013669604942,0.111259310249551
GOBP_REGULATION_OF_OSTEOBLAST_DIFFERENTIATION,4,2.14383601890181,0.0395999001680765,0.75,0.0320460281854503,0.11133940561868
GOBP_LYMPH_VESSEL_MORPHOGENESIS,4,-2.14262821834435,-0.0811447293347811,1,0.0321429634298492,0.111600889211257
REACTOME_RORA_ACTIVATES_GENE_EXPRESSION,4,-2.1416668059429,-0.0541667765949296,0.75,0.0322203036597229,0.111794032037677
REACTOME_PKA_MEDIATED_PHOSPHORYLATION_OF_CREB,4,2.13990591789209,0.0953366851785305,0.75,0.0323623707654728,0.112061147301799
GOBP_BLOOD_VESSEL_REMODELING,4,-2.13980725177413,-0.0802807852183529,1,0.0323703469259418,0.112061147301799
REACTOME_SUMOYLATION_OF_TRANSCRIPTION_COFACTORS,4,-2.13977768387483,-0.157990162190515,0.75,0.0323727375203336,0.112061147301799
REACTOME_SIGNAL_REGULATORY_PROTEIN_FAMILY_INTERACTIONS,3,2.13963415669704,0.0595924064576378,0.666666666666667,0.0323843439862258,0.112061147301799
GOBP_TYPE_B_PANCREATIC_CELL_DEVELOPMENT,4,2.13792104445061,0.0347062942847465,0.75,0.0325231519322548,0.112465889388301
GOBP_POSITIVE_REGULATION_OF_TELOMERASE_ACTIVITY,4,-2.13627705857331,-0.136579029823762,0.75,0.0326568376768645,0.112852387381326
GOBP_STRIATED_MUSCLE_CELL_DIFFERENTIATION,4,2.13560016385207,0.0333659071428786,0.75,0.03271201806446,0.112967257554597
GOBP_LEUKOTRIENE_METABOLIC_PROCESS,4,-2.13424147774453,-0.0274642842969695,0.75,0.032823019027781,0.113274614593864
KEGG_APOPTOSIS,4,2.13349597255397,0.0289156817756236,0.5,0.0328840616874299,0.113409265658792
GOBP_REGULATION_OF_MITOCHONDRIAL_MEMBRANE_PERMEABILITY_INVOLVED_IN_APOPTOTIC_PROCESS,4,-2.13052699090131,-0.0652743760111042,0.75,0.0331281299047882,0.113959947877482
GOBP_SMOOTH_MUSCLE_CELL_MIGRATION,4,2.13044674322974,0.0929277233477882,0.75,0.0331347482094905,0.113959947877482
GOBP_REGULATION_OF_CALCIUM_ION_IMPORT,4,2.13044144380168,0.057554201924907,0.75,0.0331351853115919,0.113959947877482
GOBP_REGULATION_OF_LYMPHOCYTE_MIGRATION,4,2.13001484548759,0.0999080495681761,0.75,0.0331703877570743,0.113959947877482
REACTOME_SIGNALING_BY_CYTOSOLIC_FGFR1_FUSION_MUTANTS,4,-2.12977525166884,-0.167903815817971,1,0.0331901728201826,0.113959947877482
REACTOME_TRANSLOCATION_OF_SLC2A4_GLUT4_TO_THE_PLASMA_MEMBRANE,4,2.12972644192195,0.063071762975164,0.75,0.0331942046460302,0.113959947877482
GOBP_POSITIVE_REGULATION_OF_CYTOSOLIC_CALCIUM_ION_CONCENTRATION_INVOLVED_IN_PHOSPHOLIPASE_C_ACTIVATING_G_PROTEIN_COUPLED_SIGNALING_PATHWAY,4,-2.12967246031004,-0.0430139691005174,0.5,0.0331986641709503,0.113959947877482
REACTOME_SIGNALLING_TO_ERKS,4,2.12939517969829,0.0484343150056003,0.75,0.0332215789378519,0.113962631546302
GOBP_ERYTHROCYTE_MATURATION,2,-2.12903870943967,-0.0816016154386914,1,0.0332510579063816,0.113987814354167
KEGG_DRUG_METABOLISM_OTHER_ENZYMES,4,-2.12721814625022,-0.0866481227267168,1,0.0334019620777963,0.114255450768406
GOBP_NEGATIVE_REGULATION_OF_SMOOTH_MUSCLE_CELL_MIGRATION,4,2.12689288645929,0.0324990005927976,0.75,0.0334289840493898,0.114255450768406
GOBP_PHOSPHATIDYLSERINE_METABOLIC_PROCESS,4,2.12669233592681,-0.000957285101758545,0.5,0.0334456547295109,0.114255450768406
GOBP_POSITIVE_REGULATION_OF_SODIUM_ION_TRANSMEMBRANE_TRANSPORT,4,-2.12661618256379,-0.0992122094609831,1,0.0334519868091584,0.114255450768406
GOBP_TRNA_THREONYLCARBAMOYLADENOSINE_METABOLIC_PROCESS,3,-2.12638750589151,-0.0487106636204483,1,0.0334710072208619,0.114255450768406
GOBP_CALCIUM_ION_IMPORT_INTO_CYTOSOL,4,2.12618981009967,0.127111322724034,0.5,0.0334874582225604,0.114255450768406
GOBP_OSTEOBLAST_DIFFERENTIATION,4,2.12599693788442,0.048169131057906,0.75,0.0335035145018782,0.114255450768406
GOBP_SEX_DETERMINATION,4,-2.12595930645675,-0.118379177119539,0.5,0.033506648021032,0.114255450768406
REACTOME_CLASS_C_3_METABOTROPIC_GLUTAMATE_PHEROMONE_RECEPTORS,4,2.12466512728025,0.170106893704816,0.75,0.033614565280324,0.114547582149827
GOBP_PROTEIN_LOCALIZATION_TO_CILIUM,4,-2.12385428530202,-0.102154874964851,1,0.0336823300393046,0.114702590854748
GOBP_PHOSPHATIDYLINOSITOL_BIOSYNTHETIC_PROCESS,4,-2.12244561037908,-0.108438445209536,1,0.03380033549492,0.115028372414635
GOBP_CENTROMERE_COMPLEX_ASSEMBLY,4,2.12213448149436,-0.00779471234075014,0.5,0.0338264465394943,0.115041197643234
GOBP_RESPONSE_TO_ETHANOL,4,2.12049312289145,0.0451900184072698,1,0.0339644808817097,0.115434397399289
REACTOME_NEGATIVE_REGULATION_OF_MET_ACTIVITY,4,-2.11879741885348,-0.0938518657879529,1,0.0341075909902665,0.115844317947812
GOBP_PHOSPHATIDYLINOSITOL_DEPHOSPHORYLATION,4,-2.11721635663934,-0.11730268550533,1,0.0342414898329794,0.116222433190515
REACTOME_NUCLEAR_IMPORT_OF_REV_PROTEIN,4,-2.1151948182486,-0.174597345960448,0.75,0.0344133464101968,0.116591302205503
GOBP_NEGATIVE_REGULATION_OF_PRODUCTION_OF_MOLECULAR_MEDIATOR_OF_IMMUNE_RESPONSE,4,-2.1150164923623,-0.0369457860160749,1,0.0344285416982564,0.116591302205503
GOBP_LAMELLIPODIUM_MORPHOGENESIS,4,-2.11488813536037,-0.082316340072981,0.75,0.0344394826464346,0.116591302205503
KEGG_GLYCOSAMINOGLYCAN_BIOSYNTHESIS_HEPARAN_SULFATE,4,2.11487338567459,0.130047137802833,0.5,0.0344407400766305,0.116591302205503
REACTOME_BLOOD_GROUP_SYSTEMS_BIOSYNTHESIS,4,-2.11409859455099,-0.0696058284848563,0.75,0.0345068472132524,0.116727111155532
GOBP_POLYSACCHARIDE_METABOLIC_PROCESS,4,-2.11368373029043,-0.0697339993702445,1,0.0345422890209845,0.116727111155532
GOBP_TETRAPYRROLE_METABOLIC_PROCESS,4,2.11360676896786,0.0750774767005118,1,0.0345488672365569,0.116727111155532
GOBP_ALDEHYDE_BIOSYNTHETIC_PROCESS,4,2.11284370900165,0.00152840777094042,0.5,0.0346141471834395,0.116833782946512
GOBP_MITOTIC_CYTOKINESIS,4,2.11270738185618,0.0534760092371567,0.75,0.0346258210868862,0.116833782946512
GOBP_NEGATIVE_REGULATION_OF_POSTTRANSCRIPTIONAL_GENE_SILENCING,3,-2.11191857946304,-0.119443231365906,1,0.034693433494457,0.116920915050763
GOBP_REGULATION_OF_HEPATOCYTE_PROLIFERATION,2,-2.11187631630024,-0.0804368991016871,0.5,0.0346970592731727,0.116920915050763
GOBP_POSITIVE_REGULATION_OF_MRNA_PROCESSING,4,-2.11101266663243,-0.185892923697613,0.75,0.0347712231387007,0.117052249865444
GOBP_POSITIVE_REGULATION_OF_CELL_CYCLE_PHASE_TRANSITION,4,2.11089311784982,0.0133713611867708,0.5,0.0347814997658049,0.117052249865444
GOBP_PIGMENTATION,4,2.1100468570246,0.0568105280296056,0.75,0.0348543200527078,0.117220701470537
GOBP_CELLULAR_HORMONE_METABOLIC_PROCESS,4,2.10940396203414,0.051852059472199,1,0.0349097278015066,0.117330410215377
GOBP_PROTEIN_LOCALIZATION_TO_CHROMOSOME_CENTROMERIC_REGION,4,2.10803248012487,0.03786089067586,0.75,0.035028180032977,0.11765172797769
GOBP_RIBONUCLEOSIDE_MONOPHOSPHATE_METABOLIC_PROCESS,4,-2.10770889097698,-0.125949971397236,0.75,0.0350561777759247,0.117655892730449
REACTOME_PLATELET_HOMEOSTASIS,4,2.10749008226507,0.0223525685365909,0.5,0.0350751204780033,0.117655892730449
GOBP_PROXIMAL_DISTAL_PATTERN_FORMATION,4,-2.10558875601279,-0.0421607162975906,0.75,0.0352400901996857,0.118132307576941
GOBP_CENTRAL_NERVOUS_SYSTEM_NEURON_DIFFERENTIATION,4,-2.10523329984273,-0.0285716753924282,0.75,0.0352710049311843,0.118159013917156
GOBP_POSTREPLICATION_REPAIR,4,-2.10311214554248,-0.0866316327392479,1,0.0354559675172607,0.118701415309737
GOBP_RHYTHMIC_BEHAVIOR,4,-2.10259313047222,-0.0101668238714891,0.5,0.0355013509443823,0.118763632114906
GOBP_PROTEIN_QUALITY_CONTROL_FOR_MISFOLDED_OR_INCOMPLETELY_SYNTHESIZED_PROTEINS,4,-2.1023722239961,-0.167637693158197,0.75,0.0355206823571481,0.118763632114906
REACTOME_ENDOGENOUS_STEROLS,4,-2.10173661625292,0.0411239906690137,0.5,0.0355763541679655,0.118872581188095
GOBP_DEFENSE_RESPONSE_TO_GRAM_NEGATIVE_BACTERIUM,4,2.10022306242581,0.104139970673742,1,0.035709223545666,0.119239164744899
REACTOME_TRANS_GOLGI_NETWORK_VESICLE_BUDDING,4,2.09980610362957,0.0467543145301937,0.75,0.0357459011177923,0.119264928885445
GOBP_POSITIVE_REGULATION_OF_ADAPTIVE_IMMUNE_RESPONSE,4,-2.0996088372474,-0.0116591046380976,0.75,0.0357632647502674,0.119264928885445
GOBP_T_CELL_DIFFERENTIATION,4,-2.09734927925888,-0.0540871299175136,1,0.0359626675075424,0.119852281551026
GOBP_NAD_METABOLIC_PROCESS,4,-2.0961210063675,-0.117099552958904,0.75,0.0360714580102767,0.12013635237923
GOBP_RESPONSE_TO_INSULIN,4,-2.09582175037552,-0.0814477455297653,0.75,0.0360980061590204,0.12013635237923
GOBP_PEPTIDYL_TYROSINE_AUTOPHOSPHORYLATION,4,-2.09537560116283,-0.121218965125175,0.75,0.0361376166982188,0.12013635237923
GOBP_REGULATION_OF_LIPID_STORAGE,4,-2.0953348876474,-0.0606177983825118,0.75,0.0361412332172124,0.12013635237923
GOBP_REGULATION_OF_SODIUM_ION_TRANSMEMBRANE_TRANSPORT,4,-2.09502971178158,-0.0318630611946435,0.75,0.036168351345525,0.120148929727812
GOBP_NEUTROPHIL_MIGRATION,4,2.09127297515153,0.111059920494786,1,0.0365036009372553,0.121064057585381
GOBP_PYRIMIDINE_DEOXYRIBONUCLEOTIDE_METABOLIC_PROCESS,4,-2.09122427089923,-0.0758912631256173,0.75,0.0365079646122394,0.121064057585381
REACTOME_FATTY_ACYL_COA_BIOSYNTHESIS,4,2.09115280849946,0.122005485069077,1,0.036514368116158,0.121064057585381
REACTOME_ACTIVATION_OF_ANTERIOR_HOX_GENES_IN_HINDBRAIN_DEVELOPMENT_DURING_EARLY_EMBRYOGENESIS,4,-2.09000619711496,-0.0867543069281523,0.75,0.0366172430229081,0.121327016940125
GOBP_RESPONSE_TO_ACETYLCHOLINE,4,2.08930435281768,0.0768302898204996,0.75,0.0366803348168758,0.121390182959052
GOBP_REGULATION_OF_AMYLOID_BETA_CLEARANCE,4,2.08926963790138,0.10511878335536,0.75,0.0366834578916847,0.121390182959052
GOBP_POSITIVE_REGULATION_OF_MUSCLE_TISSUE_DEVELOPMENT,4,-2.08819476364251,-0.0216948296881071,0.75,0.0367802694771028,0.121632374783303
GOBP_POSITIVE_REGULATION_OF_CELLULAR_AMIDE_METABOLIC_PROCESS,4,-2.08751358097767,-0.0985621112314026,0.75,0.0368417347096416,0.121757440320889
GOBP_POSITIVE_REGULATION_OF_ACTIN_CYTOSKELETON_REORGANIZATION,4,2.08646778546156,0.0805901905363914,1,0.0369362703470235,0.12199156896525
REACTOME_TRANSPORT_OF_CONNEXONS_TO_THE_PLASMA_MEMBRANE,4,2.08434364210629,0.103343362617634,0.75,0.0371289202667824,0.122549237470297
REACTOME_TRANSFERRIN_ENDOCYTOSIS_AND_RECYCLING,4,2.08287903060395,0.0822056945659916,0.75,0.0372622514517651,0.122910527050057
REACTOME_SIGNALING_BY_NOTCH1,4,-2.08187012229171,-0.0654007512420771,0.5,0.037354334511857,0.123135383099585
REACTOME_RND2_GTPASE_CYCLE,4,-2.08034994500721,-0.0484456020068458,0.75,0.0374934468400939,0.123514880217302
GOBP_PEPTIDE_CATABOLIC_PROCESS,4,-2.07979407929599,-0.0347144926202644,0.75,0.0375444244054428,0.12360373482329
GOBP_ANTIGEN_PROCESSING_AND_PRESENTATION_OF_PEPTIDE_ANTIGEN,4,-2.07890980443815,-0.0371323172844864,0.5,0.0376256413941683,0.123749820087402
GOBP_TEMPERATURE_HOMEOSTASIS,4,-2.07857053864035,-0.0932070345196781,0.75,0.0376568412095445,0.123749820087402
GOBP_REGULATION_OF_NEURONAL_SYNAPTIC_PLASTICITY,4,2.07852643377834,0.0966418414338458,1,0.0376608988302505,0.123749820087402
GOBP_INTRINSIC_APOPTOTIC_SIGNALING_PATHWAY_IN_RESPONSE_TO_DNA_DAMAGE,4,-2.07824356044271,-0.0696323570804263,0.5,0.0376869318515062,0.123756385270029
REACTOME_CONVERSION_FROM_APC_C_CDC20_TO_APC_C_CDH1_IN_LATE_ANAPHASE,3,-2.07765532174927,-0.135146332442668,1,0.0377411168756021,0.123833589840482
HALLMARK_TNFA_SIGNALING_VIA_NFKB,4,-2.07732722970164,-0.147796818208787,0.5,0.0377713675314118,0.123833589840482
GOBP_REGULATION_OF_B_CELL_ACTIVATION,4,-2.07720554118596,-0.0247308913191695,0.75,0.0377825926664202,0.123833589840482
GOBP_POSITIVE_REGULATION_OF_INTERLEUKIN_12_PRODUCTION,4,-2.07690366310615,-0.0678824948023226,0.75,0.037810451607985,0.123846065731244
GOBP_PHOTORECEPTOR_CELL_MAINTENANCE,4,-2.07506860924263,-0.0558419200092573,0.75,0.0379801765275749,0.1242800635701
GOBP_BILE_ACID_METABOLIC_PROCESS,4,-2.07465053780497,-0.0672515866255006,0.75,0.0380189346315171,0.1242800635701
GOBP_VIRAL_RELEASE_FROM_HOST_CELL,4,-2.07444409774099,-0.109949666983502,1,0.038038085450656,0.1242800635701
REACTOME_DOWNREGULATION_OF_TGF_BETA_RECEPTOR_SIGNALING,4,-2.07442886395214,-0.0787692684544987,0.5,0.0380394989680477,0.1242800635701
GOBP_REGULATION_OF_ESTABLISHMENT_OR_MAINTENANCE_OF_CELL_POLARITY,4,-2.07403455909967,-0.0883307641249814,1,0.0380761013902848,0.124320764780328
REACTOME_SNRNP_ASSEMBLY,4,-2.07332633987687,-0.10332161380203,1,0.0381419189781579,0.124384557498162
KEGG_GLYCOLYSIS_GLUCONEOGENESIS,4,-2.07330446489408,-0.105829696209889,0.75,0.0381439534452509,0.124384557498162
REACTOME_RND1_GTPASE_CYCLE,4,-2.07229479203432,-0.0429159686711863,1,0.0382379578174212,0.124612180254368
GOBP_AROMATIC_AMINO_ACID_FAMILY_CATABOLIC_PROCESS,2,2.07138024999039,0.161674614764016,1,0.0383232750832411,0.124811222899183
KEGG_OOCYTE_MEIOSIS,4,2.07068015593918,0.0360466910758441,0.75,0.0383886958896465,0.124945256090891
REACTOME_APOPTOTIC_EXECUTION_PHASE,4,2.06961363482745,0.0214656680105543,0.5,0.0384885401975631,0.125191088741158
GOBP_PYRIMIDINE_RIBONUCLEOTIDE_METABOLIC_PROCESS,4,-2.06911577045841,-0.100981168600142,0.75,0.0385352241854264,0.125197572059671
GOBP_GLUCOSE_IMPORT,4,-2.06907378521756,-0.124630635763689,0.75,0.0385391632772535,0.125197572059671
GOBP_NERVE_DEVELOPMENT,4,2.06856767682656,0.0355530356807252,1,0.0385866737388833,0.125272877100574
GOBP_ORGANELLE_INHERITANCE,2,-2.06789416315862,-0.0736779408179111,0.5,0.0386499764038999,0.125399324829036
REACTOME_REGULATION_OF_TP53_ACTIVITY_THROUGH_PHOSPHORYLATION,4,-2.0675109259836,-0.0932542144700104,1,0.0386860357402821,0.125437278354353
GOBP_REGULATION_OF_PEROXISOME_PROLIFERATOR_ACTIVATED_RECEPTOR_SIGNALING_PATHWAY,1,-2.0671698126238,-0.129225097771089,1,0.0387181556287721,0.125446525161607
GOBP_INTERLEUKIN_4_PRODUCTION,4,-2.06680453285164,-0.0900957762309329,0.75,0.0387525761949057,0.125446525161607
GOBP_FATTY_ACID_BETA_OXIDATION,4,-2.06670481301733,-0.100722348223111,1,0.0387619773804849,0.125446525161607
GOBP_REGULATION_OF_INTRACELLULAR_STEROID_HORMONE_RECEPTOR_SIGNALING_PATHWAY,4,-2.06463206934601,-0.0878655775946375,0.5,0.0389578265131339,0.126001161253848
KEGG_ALZHEIMERS_DISEASE,4,2.06224201518868,0.0719134907185001,1,0.039184700448791,0.126587680281667
REACTOME_EPH_EPHRIN_SIGNALING,4,2.06201950244644,0.102339907151733,0.75,0.0392058792637847,0.126587680281667
GOBP_POSITIVE_REGULATION_OF_NEUROGENESIS,4,2.06194550145214,0.0435243536133411,0.75,0.0392129248493413,0.126587680281667
GOBP_GAMMA_AMINOBUTYRIC_ACID_TRANSPORT,4,-2.06141275553774,-0.10436317541585,0.75,0.0392636789732253,0.12667210716362
REACTOME_GLYOXYLATE_METABOLISM_AND_GLYCINE_DEGRADATION,4,-2.06030905292974,-0.0322080338616256,0.75,0.0393690050248736,0.126902540039212
GOBP_REGULATION_OF_POLYSACCHARIDE_METABOLIC_PROCESS,4,-2.05990113363433,-0.0596132630120202,1,0.0394079933217748,0.126902540039212
GOBP_NEURON_MATURATION,4,-2.05985407782886,-0.035240435433567,0.75,0.0394124929510948,0.126902540039212
GOBP_POSITIVE_REGULATION_OF_EPITHELIAL_CELL_APOPTOTIC_PROCESS,4,-2.05963247829707,-0.0641834404247877,0.75,0.0394336888838104,0.126902540039212
GOBP_REGULATION_OF_DNA_RECOMBINATION,4,-2.05773488903598,-0.0643392028220911,0.75,0.0396155893099224,0.127408288167889
GOBP_NUCLEOSIDE_MONOPHOSPHATE_CATABOLIC_PROCESS,4,-2.05745072031656,-0.125053520653187,0.75,0.0396428905664429,0.12741650657092
REACTOME_CELL_SURFACE_INTERACTIONS_AT_THE_VASCULAR_WALL,4,2.05713957900381,0.0583991133567526,0.75,0.0396728015030039,0.127433097279456
GOBP_REGULATION_OF_PROTEIN_LOCALIZATION_TO_PLASMA_MEMBRANE,4,2.05665585890881,0.0475540379920428,0.75,0.03971934098321,0.127475223768267
GOBP_LIPID_IMPORT_INTO_CELL,4,-2.05648873520096,-0.0867412026278617,1,0.0397354309862243,0.127475223768267
GOBP_POSITIVE_REGULATION_OF_BONE_MINERALIZATION,4,2.05527551540156,0.113058640992906,0.75,0.0398524008450039,0.127770866719131
GOBP_AXON_EXTENSION,4,2.05493370726646,0.0507320425785943,0.75,0.0398854082111279,0.127797116912942
GOBP_NEGATIVE_REGULATION_OF_MACROPHAGE_ACTIVATION,3,2.05195009346237,0.098384492002897,1,0.0401745128087405,0.128643387097142
GOBP_REGULATION_OF_FATTY_ACID_TRANSPORT,4,2.05137988936251,0.0771870184445297,0.75,0.0402299659542427,0.128740891670849
GOBP_NEGATIVE_REGULATION_OF_NOTCH_SIGNALING_PATHWAY,4,-2.04920853524419,-0.0958801170165636,1,0.0404417278198302,0.12933817176665
GOBP_REGULATION_OF_NUCLEAR_TRANSCRIBED_MRNA_CATABOLIC_PROCESS_DEADENYLATION_DEPENDENT_DECAY,4,-2.04807241149024,-0.195906388459845,0.75,0.0405529047009293,0.129613225515261
GOBP_CARDIAC_MUSCLE_CELL_MEMBRANE_REPOLARIZATION,4,2.04687197700868,0.108953466947277,1,0.0406706562023959,0.129908938452938
HALLMARK_DNA_REPAIR,4,-2.04631749897973,-0.114610695599668,1,0.0407251431326052,0.129930144031465
GOBP_IRE1_MEDIATED_UNFOLDED_PROTEIN_RESPONSE,4,-2.04629085260122,-0.13555852895765,0.75,0.0407277631514438,0.129930144031465
GOBP_PROTEIN_LOCALIZATION_TO_POSTSYNAPSE,4,2.04534219314619,0.123799567528694,0.5,0.0408211337058536,0.130147379226898
GOBP_GOLGI_TO_VACUOLE_TRANSPORT,4,2.0448718410864,0.050305941060181,0.75,0.0408674947155938,0.130214560823387
GOBP_POSITIVE_REGULATION_OF_TRANSPORTER_ACTIVITY,4,-2.04304345861365,-0.0153664925319215,0.5,0.0410481362533331,0.130709247723199
GOBP_MEMBRANE_INVAGINATION,4,2.04249350056148,0.067126513935781,1,0.0411026034793498,0.130737431799875
GOBP_FOREBRAIN_REGIONALIZATION,4,2.04244137709882,0.0452020561203552,0.5,0.041107768903476,0.130737431799875
GOBP_INTEGRIN_ACTIVATION,4,2.04178066123242,0.0692246228387927,0.75,0.0411732933885688,0.130864992381321
GOBP_REGULATION_OF_SPINDLE_ASSEMBLY,4,-2.04082463172047,-0.102075844538133,1,0.0412682613231142,0.130991256275407
GOBP_REGULATION_OF_DENDRITIC_SPINE_MORPHOGENESIS,4,2.04071942227016,0.0792788183108985,1,0.0412787237091571,0.130991256275407
GOBP_POSITIVE_REGULATION_OF_OSTEOBLAST_DIFFERENTIATION,4,2.04046366626381,0.0902615116839424,1,0.0413041663266111,0.130991256275407
GOBP_NEGATIVE_REGULATION_OF_RESPONSE_TO_ENDOPLASMIC_RETICULUM_STRESS,4,-2.04035701817522,-0.207385396110183,0.75,0.0413147796059937,0.130991256275407
GOBP_REGULATION_OF_ANTIGEN_PROCESSING_AND_PRESENTATION,4,-2.03632541469525,-0.0618274877093822,0.75,0.0417176894352986,0.132187312555294
GOBP_CYTOCHROME_COMPLEX_ASSEMBLY,4,2.03586390833953,0.0786979084194021,0.75,0.0417640228669142,0.132252739078562
REACTOME_EXPORT_OF_VIRAL_RIBONUCLEOPROTEINS_FROM_NUCLEUS,4,-2.03548233688318,-0.149422716943975,0.75,0.0418023640376281,0.132292791905192
KEGG_PHENYLALANINE_METABOLISM,4,2.03492275622727,0.0731010315032276,0.75,0.0418586458626963,0.132389537805297
REACTOME_HIV_TRANSCRIPTION_ELONGATION,4,-2.03414231365627,-0.142488470389712,1,0.041937248760513,0.13255671815094
GOBP_POSITIVE_REGULATION_OF_CELL_CYCLE_PROCESS,4,2.03332681817391,0.0224190954272848,0.75,0.0420195154659213,0.132735266953392
GOBP_COMPLEMENT_ACTIVATION,4,2.03287408845307,0.149878018839608,0.75,0.042065245498595,0.13279825203695
REACTOME_CA_DEPENDENT_EVENTS,4,2.03208573973441,0.0853439607852421,0.75,0.0421449767766497,0.132968434695447
REACTOME_FORMATION_OF_RNA_POL_II_ELONGATION_COMPLEX,4,-2.03173439140595,-0.132689558720162,0.75,0.0421805522883051,0.132999181710032
GOBP_ADRENAL_GLAND_DEVELOPMENT,4,-2.03134792044875,-0.0478618889132548,0.75,0.042219713456746,0.133041190078816
GOBP_BUNDLE_OF_HIS_CELL_TO_PURKINJE_MYOCYTE_COMMUNICATION,3,2.0302697196179,0.0449028915347048,0.666666666666667,0.0423291303833891,0.133304398987199
REACTOME_INSULIN_PROCESSING,4,2.02968080978889,0.0692757051444767,0.75,0.0423889947822219,0.133411328932555
REACTOME_DAG_AND_IP3_SIGNALING,4,2.02657431539134,0.0649795032321869,0.75,0.0427059654884309,0.134259452204771
GOBP_CELL_FATE_COMMITMENT,4,-2.02641790056981,-0.0451426256769642,0.75,0.0427219781058979,0.134259452204771
GOBP_REGULATION_OF_LOW_DENSITY_LIPOPROTEIN_PARTICLE_CLEARANCE,2,2.02627418711466,0.0809890878688701,0.5,0.042736694923989,0.134259452204771
REACTOME_SELECTIVE_AUTOPHAGY,4,-2.02559878824389,-0.103428939811572,1,0.0428059158223391,0.134385961700142
GOBP_RNA_METHYLATION,4,-2.02537216368928,-0.0758167575570432,1,0.0428291635560173,0.134385961700142
GOBP_POSITIVE_REGULATION_OF_STEROID_METABOLIC_PROCESS,4,-2.02415232522418,-0.101018681356305,1,0.042954481177901,0.134697091099277
REACTOME_BETA_CATENIN_INDEPENDENT_WNT_SIGNALING,4,2.02321219539699,0.0341084087382444,0.75,0.0430512748668892,0.13488631924228
GOBP_DETECTION_OF_BIOTIC_STIMULUS,4,2.02305750932655,0.148267978158609,0.75,0.0430672186510601,0.13488631924228
REACTOME_NEF_MEDIATES_DOWN_MODULATION_OF_CELL_SURFACE_RECEPTORS_BY_RECRUITING_THEM_TO_CLATHRIN_ADAPTERS,4,2.02236173352432,0.10036421157149,0.75,0.0431389952920431,0.135028988911082
GOBP_POSITIVE_REGULATION_OF_CELL_AGING,1,-2.02070973614688,-0.134817935961478,1,0.0433098213786023,0.135405532394845
REACTOME_ZBP1_DAI_MEDIATED_INDUCTION_OF_TYPE_I_IFNS,4,-2.02052049120821,-0.137801129093221,0.75,0.043329426838251,0.135405532394845
GOBP_NEGATIVE_REGULATION_OF_PEPTIDYL_THREONINE_PHOSPHORYLATION,4,-2.02043596969485,-0.0509062680465437,1,0.0433381855480101,0.135405532394845
GOBP_POSITIVE_REGULATION_OF_TYROSINE_PHOSPHORYLATION_OF_STAT_PROTEIN,4,-2.01941562200834,-0.0389141671188572,0.75,0.0434440391882899,0.135577030398574
REACTOME_RNA_POLYMERASE_I_PROMOTER_ESCAPE,4,-2.01939927288647,-0.125653458373727,0.75,0.0434457370669347,0.135577030398574
GOBP_REGULATION_OF_CYTOPLASMIC_TRANSLATION,4,-2.01854850184216,-0.138870500193173,0.75,0.0435341681928213,0.135770703830913
GOBP_EXTRACELLULAR_MATRIX_ASSEMBLY,4,2.01786079954186,0.0548808562499642,0.75,0.0436057606515296,0.135911659560972
GOBP_INOSITOL_PHOSPHATE_METABOLIC_PROCESS,4,-2.01714529942018,-0.0873908081220718,1,0.0436803524979987,0.13606178766618
GOBP_RELEASE_OF_SEQUESTERED_CALCIUM_ION_INTO_CYTOSOL_BY_ENDOPLASMIC_RETICULUM,4,-2.01611793599856,-0.0855345362613383,1,0.0437876449450261,0.136313533145066
GOBP_MUSCLE_CELL_DEVELOPMENT,4,2.01327439893347,0.0373006838759916,1,0.0440857700924162,0.137158688946133
GOBP_NEGATIVE_REGULATION_OF_SECRETION,4,-2.01259207158812,-0.0461051352992469,0.75,0.0441575617387492,0.137299085382137
KEGG_ALLOGRAFT_REJECTION,4,-2.0117781802035,-0.0489392738212987,0.5,0.0442433250377188,0.13748272819506
GOBP_PEPTIDYL_THREONINE_DEPHOSPHORYLATION,3,2.01117836723675,0.0879849420224872,1,0.0443066198995868,0.137596372655593
GOBP_HEPATOCYTE_DIFFERENTIATION,2,-2.01054188651574,-0.132564562255389,1,0.0443738676523844,0.137722148608877
GOBP_REGULATION_OF_WNT_SIGNALING_PATHWAY_PLANAR_CELL_POLARITY_PATHWAY,3,-2.00873628585367,-0.0692406458779274,0.666666666666667,0.0445651083867833,0.138227738886367
GOBP_SPINAL_CORD_DEVELOPMENT,4,-2.00849742719455,-0.0810114184073204,1,0.0445904591746465,0.138227738886367
REACTOME_REGULATION_OF_EXPRESSION_OF_SLITS_AND_ROBOS,4,-2.00698031006629,-0.139702644852567,0.75,0.0447517595710296,0.138644290030825
GOBP_POSITIVE_REGULATION_OF_DEFENSE_RESPONSE_TO_VIRUS_BY_HOST,4,-2.00518273820111,-0.0627040537790106,0.75,0.0449435147757671,0.139154634744693
REACTOME_UNBLOCKING_OF_NMDA_RECEPTORS_GLUTAMATE_BINDING_AND_ACTIVATION,4,2.00477007337219,0.151341166772564,0.75,0.0449876332753484,0.139207526282914
GOBP_CELL_COMMUNICATION_BY_ELECTRICAL_COUPLING_INVOLVED_IN_CARDIAC_CONDUCTION,4,2.00195413793551,0.0555959055030214,0.75,0.0452896642476788,0.140057946673452
REACTOME_HIV_LIFE_CYCLE,4,-1.99735449927767,-0.122095245832462,0.75,0.045786686908616,0.141509994533292
REACTOME_TRANSLATION,4,-1.99697961834692,-0.123392567752172,0.75,0.0458273971215091,0.141550850497091
GOBP_NEGATIVE_REGULATION_OF_MYELOID_LEUKOCYTE_DIFFERENTIATION,4,1.994770534499,0.0569489096989453,0.75,0.0460679124332436,0.142208441917729
GOBP_ALPHA_BETA_T_CELL_DIFFERENTIATION,4,-1.99417597314944,-0.0688759498813113,1,0.0461328269201144,0.142323502583385
GOBP_RESPONSE_TO_MUSCLE_STRETCH,4,-1.99260750245453,-0.0944031325176595,0.5,0.0463044430167571,0.142767411433103
REACTOME_SCAVENGING_BY_CLASS_A_RECEPTORS,4,1.99120673390273,0.145120053856377,0.5,0.0464581638577787,0.143100304859402
GOBP_INSULIN_RECEPTOR_SIGNALING_PATHWAY,4,-1.99111727511151,-0.100283258795595,0.75,0.0464679956739018,0.143100304859402
GOBP_PROTEIN_TRANSMEMBRANE_TRANSPORT,4,-1.99075372144187,-0.13542772826052,0.75,0.0465079694450398,0.143137797174244
GOBP_HEPARIN_METABOLIC_PROCESS,3,1.98920060843455,0.0767338694858347,0.666666666666667,0.0466790647899989,0.143578557110935
REACTOME_GABA_B_RECEPTOR_ACTIVATION,4,1.98847763622714,0.0404185510642373,1,0.0467588899677406,0.143738223548595
GOBP_NEUROTRANSMITTER_RECEPTOR_TRANSPORT,4,1.98795044454131,0.068636034534288,1,0.0468171709222389,0.143789194369028
GOBP_NEGATIVE_REGULATION_OF_SIGNALING_RECEPTOR_ACTIVITY,4,1.98782251807359,0.0914214641522993,0.75,0.0468313223843194,0.143789194369028
REACTOME_TRANSCRIPTIONAL_REGULATION_BY_VENTX,4,-1.98750426118909,-0.0598935848658342,0.75,0.0468665441647729,0.143811582779747
GOBP_GAP_JUNCTION_ASSEMBLY,3,1.98597742455555,0.0410980108064533,0.666666666666667,0.0470358306840142,0.144245081710535
KEGG_LYSINE_DEGRADATION,4,-1.98481306385241,-0.071435932885096,1,0.0471652734909613,0.144524171585139
GOBP_NEGATIVE_REGULATION_OF_MACROAUTOPHAGY,4,-1.98465405485107,-0.116657344753415,1,0.0471829738657252,0.144524171585139
GOBP_NEGATIVE_REGULATION_OF_NEURON_PROJECTION_REGENERATION,2,1.98133033970847,0.0587585798281015,0.5,0.047554240102638,0.145574781384354
REACTOME_REGULATION_OF_SIGNALING_BY_CBL,4,-1.98071466907165,-0.126277973486523,1,0.0476232807726999,0.145699508436501
GOBP_ALCOHOL_BIOSYNTHETIC_PROCESS,4,1.98016599258021,0.0300004854687277,1,0.0476848797785169,0.145719623264146
GOBP_POSITIVE_REGULATION_OF_MYELOID_CELL_DIFFERENTIATION,4,-1.98015195500378,-0.0292416775948862,0.75,0.0476864566323724,0.145719623264146
REACTOME_CGMP_EFFECTS,4,-1.97961649203119,-0.097189876555795,0.75,0.0477466384127505,0.145748542315202
GOBP_EAR_MORPHOGENESIS,4,-1.97956407852745,-0.0518482294041261,1,0.0477525327026112,0.145748542315202
REACTOME_CREB1_PHOSPHORYLATION_THROUGH_NMDA_RECEPTOR_MEDIATED_ACTIVATION_OF_RAS_SIGNALING,4,1.97751449528014,0.0952692197678194,1,0.0479835036791795,0.146366741969251
GOBP_DNA_BIOSYNTHETIC_PROCESS,4,-1.97686763324425,-0.0885319787187726,1,0.0480565942582302,0.146480275232776
KEGG_STEROID_BIOSYNTHESIS,4,1.97668170595194,0.0473167443835062,0.75,0.0480776199540476,0.146480275232776
GOBP_MRNA_TRANSCRIPTION,4,-1.97574620701382,-0.114395045500041,0.75,0.0481835287134431,0.146647343118646
REACTOME_INTERACTIONS_OF_REV_WITH_HOST_CELLULAR_PROTEINS,4,-1.97569425223763,-0.166280737860944,0.75,0.0481894163054476,0.146647343118646
REACTOME_SENSORY_PROCESSING_OF_SOUND_BY_OUTER_HAIR_CELLS_OF_THE_COCHLEA,4,1.97537902452217,0.0661049131768421,0.75,0.0482251513353867,0.146669405921976
GOBP_CELLULAR_RESPONSE_TO_UNFOLDED_PROTEIN,4,-1.97390657077032,-0.111385569349177,0.75,0.048392367492132,0.147091086314633
REACTOME_PHOSPHOLIPASE_C_MEDIATED_CASCADE_FGFR2,4,1.97200476691826,0.0656721096377135,0.75,0.0486090623455035,0.147662573461356
REACTOME_SIGNALING_BY_FLT3_FUSION_PROTEINS,4,-1.97163427575168,-0.189045783485004,0.75,0.0486513714438594,0.147666599876394
GOBP_B_CELL_HOMEOSTASIS,4,-1.97149096716922,-0.0800185698942096,1,0.048667745191346,0.147666599876394
GOBP_SECONDARY_ALCOHOL_METABOLIC_PROCESS,4,-1.96934028473359,-0.0833843581484108,1,0.0489140280767883,0.148326460875962
GOBP_POSITIVE_REGULATION_OF_CARBOHYDRATE_METABOLIC_PROCESS,4,-1.96845543315455,-0.0294997349706309,0.75,0.0490156591447435,0.148386198354212
GOBP_MITOCHONDRIAL_FUSION,4,-1.96844552693079,-0.0657694781869776,0.5,0.0490167979426339,0.148386198354212
GOBP_BRANCHING_INVOLVED_IN_BLOOD_VESSEL_MORPHOGENESIS,4,-1.96841608007466,-0.0675470487616787,1,0.0490201832201428,0.148386198354212
REACTOME_CYTOCHROME_P450_ARRANGED_BY_SUBSTRATE_TYPE,4,-1.9651164239422,-0.0194292270372449,0.75,0.049400764110077,0.149450372739592
GOBP_PENTOSE_PHOSPHATE_SHUNT,1,1.96363729127392,0.247483922081415,1,0.0495721695679629,0.149880857959742
GOBP_B_CELL_APOPTOTIC_PROCESS,4,-1.96286104419748,-0.088776824931264,0.75,0.0496623223616684,0.150065315633938
GOBP_NEGATIVE_REGULATION_OF_PHOSPHATASE_ACTIVITY,4,-1.96182548666972,-0.127581212919393,0.75,0.0497828053375393,0.150341152306739
GOBP_CORONARY_VASCULATURE_MORPHOGENESIS,4,-1.95953696932997,-0.069544609838318,1,0.0500499347591502,0.15105926968046
KEGG_PHOSPHATIDYLINOSITOL_SIGNALING_SYSTEM,4,-1.95646022451604,-0.101989066137724,1,0.0504109636375808,0.15205978428231
GOBP_APICAL_PROTEIN_LOCALIZATION,2,1.95601272028707,0.0575696733655001,0.5,0.050463655661265,0.152125894830223
GOBP_VESICLE_TARGETING_TO_FROM_OR_WITHIN_GOLGI,4,1.9557724120076,-0.00510560127077213,0.5,0.0504919701427172,0.152125894830223
REACTOME_G_ALPHA_Z_SIGNALLING_EVENTS,4,1.95491809809573,0.0530214697815583,0.75,0.0505927380479567,0.152340355677736
GOBP_FOCAL_ADHESION_ASSEMBLY,4,-1.95385586110924,-0.0910163258067266,1,0.0507182658011274,0.152524596981205
GOBP_REGULATION_OF_NEUROTRANSMITTER_UPTAKE,4,-1.95383533665811,-0.103243592650477,1,0.0507206938044676,0.152524596981205
GOBP_HISTONE_PHOSPHORYLATION,4,-1.95364857579378,-0.0745453414251371,1,0.0507427917321431,0.152524596981205
GOBP_REGULATION_OF_AUTOPHAGOSOME_MATURATION,2,-1.95331630616292,-0.0960188521576914,0.5,0.0507821264925699,0.152553774393374
GOBP_CEREBRAL_CORTEX_CELL_MIGRATION,4,1.95246246796924,0.0790424836007644,0.75,0.0508833227688818,0.15276864661048
GOBP_THYMUS_DEVELOPMENT,4,-1.95188438012464,-0.0713592025986999,0.75,0.0509519331591658,0.152885491746238
GOBP_CELL_CELL_ADHESION_MEDIATED_BY_CADHERIN,4,-1.95116089234358,-0.0989986860602268,0.75,0.0510379094926227,0.153054278379449
GOBP_POSTSYNAPSE_ASSEMBLY,4,1.94884201372479,0.0904390172216406,0.75,0.0513142946624411,0.153793540871309
GOBP_NEGATIVE_REGULATION_OF_NF_KAPPAB_TRANSCRIPTION_FACTOR_ACTIVITY,4,-1.94580797510872,-0.0139411509568482,0.5,0.0516778102903574,0.154792929136155
REACTOME_BUDDING_AND_MATURATION_OF_HIV_VIRION,4,-1.94428141857247,-0.118951077737342,0.75,0.0518615241302917,0.155175596988282
GOBP_POSITIVE_REGULATION_OF_VACUOLE_ORGANIZATION,4,1.94424562307809,0.0495873862460714,0.75,0.0518658384961806,0.155175596988282
REACTOME_TIGHT_JUNCTION_INTERACTIONS,4,-1.94313716446637,-0.0575711888141284,0.75,0.0519995876907199,0.155485410580439
GOBP_MEIOTIC_CHROMOSOME_SEGREGATION,4,1.94192385444521,0.0327764439445408,0.75,0.0521463191173268,0.155778647996512
GOBP_CELLULAR_RESPONSE_TO_TOPOLOGICALLY_INCORRECT_PROTEIN,4,-1.94156999245587,-0.123360784423368,0.75,0.0521891785211861,0.155778647996512
REACTOME_HIV_ELONGATION_ARREST_AND_RECOVERY,4,-1.94150481790651,-0.137090977503822,1,0.0521970756080932,0.155778647996512
GOBP_MULTICELLULAR_ORGANISMAL_SIGNALING,4,1.9413266183729,0.0667714135072098,1,0.0522186728378288,0.155778647996512
GOBP_VASCULAR_ENDOTHELIAL_GROWTH_FACTOR_PRODUCTION,4,-1.94062158380877,-0.0577145562352936,1,0.0523041941237308,0.155943425328946
GOBP_NEGATIVE_REGULATION_OF_ANION_TRANSPORT,4,-1.9392329758319,0.0176472069833302,0.5,0.052472975966985,0.156356107207179
GOBP_ATTACHMENT_OF_MITOTIC_SPINDLE_MICROTUBULES_TO_KINETOCHORE,1,-1.93731736060926,-0.230734878064493,1,0.052706561395276,0.156848134327977
GOBP_POSITIVE_REGULATION_OF_MICROTUBULE_POLYMERIZATION_OR_DEPOLYMERIZATION,4,-1.93691480877678,-0.0597252301813661,0.75,0.0527557579289913,0.156848134327977
GOBP_REGULATION_OF_B_CELL_PROLIFERATION,4,-1.93689767540037,-0.0220772932696075,0.75,0.0527578526788566,0.156848134327977
GOBP_CELL_CYCLE_CHECKPOINT_SIGNALING,4,-1.93688054363203,-0.0822380080727418,1,0.052759947301623,0.156848134327977
REACTOME_SUMOYLATION_OF_SUMOYLATION_PROTEINS,4,-1.93587916319123,-0.137385617743296,0.75,0.0528825023203652,0.157012098883564
GOBP_ANTIMICROBIAL_HUMORAL_IMMUNE_RESPONSE_MEDIATED_BY_ANTIMICROBIAL_PEPTIDE,4,1.93569774497854,0.0739869499872972,0.75,0.0529047308173787,0.157012098883564
GOBP_AUTOPHAGOSOME_ORGANIZATION,4,-1.93559148658987,-0.104286473118091,0.75,0.0529177538869379,0.157012098883564
GOBP_POSITIVE_REGULATION_OF_TELOMERASE_RNA_LOCALIZATION_TO_CAJAL_BODY,2,1.93543387407917,0.0916147743766973,0.5,0.0529370758714054,0.157012098883564
GOBP_CORTICAL_ACTIN_CYTOSKELETON_ORGANIZATION,4,1.93483697414456,0.0906016807879474,0.75,0.0530103042930101,0.157104480609684
REACTOME_FORMATION_OF_INCISION_COMPLEX_IN_GG_NER,4,-1.93468268911555,-0.111134801202891,1,0.0530292459311771,0.157104480609684
GOBP_QUATERNARY_AMMONIUM_GROUP_TRANSPORT,2,-1.93375958557467,-0.0941947483505862,1,0.053142693915896,0.157350046562937
GOBP_REGULATION_OF_RECEPTOR_INTERNALIZATION,4,-1.93317201972201,-0.0409169255527389,0.75,0.0532150103936369,0.157397779967745
GOBP_NEGATIVE_REGULATION_OF_LYMPHOCYTE_MEDIATED_IMMUNITY,4,-1.93295477568162,-0.0307182780996947,0.75,0.0532417691814222,0.157397779967745
REACTOME_DNA_DOUBLE_STRAND_BREAK_REPAIR,4,-1.93279781984308,-0.0781852653938114,1,0.0532611090315669,0.157397779967745
GOBP_NEGATIVE_REGULATION_OF_LIPID_METABOLIC_PROCESS,4,-1.93263571392782,-0.0687824591593288,0.75,0.0532810896259039,0.157397779967745
GOBP_INNATE_IMMUNE_RESPONSE_IN_MUCOSA,4,1.93217925786202,0.119071572663086,0.5,0.0533373844039924,0.157473734114769
REACTOME_NOTCH1_INTRACELLULAR_DOMAIN_REGULATES_TRANSCRIPTION,4,-1.92949735620497,-0.117025182098138,0.75,0.0536691479739032,0.15836243147142
GOBP_VESICLE_TARGETING_ROUGH_ER_TO_CIS_GOLGI,3,1.92829530379736,-0.00261088982391535,0.666666666666667,0.0538184056227776,0.15871189607771
REACTOME_SEMA3A_PAK_DEPENDENT_AXON_REPULSION,4,1.92720715624183,0.0965726366542089,1,0.0539538184941851,0.159020155367235
GOBP_ACTIN_FILAMENT_SEVERING,3,1.92675565790053,0.0414881088653797,0.666666666666667,0.0540100879407405,0.159094932955877
GOBP_NEGATIVE_REGULATION_OF_BONE_REMODELING,4,1.92589346810597,0.0956836498835465,1,0.0541176772187536,0.159285965612514
GOBP_REGULATION_OF_RESPIRATORY_SYSTEM_PROCESS,3,-1.92571940201237,-0.0775049198031308,1,0.0541394199284175,0.159285965612514
GOBP_POSITIVE_REGULATION_OF_MEIOTIC_NUCLEAR_DIVISION,1,1.92549271629978,0.115123400367193,1,0.0541677463172486,0.159285965612514
GOBP_REGULATION_OF_CELLULAR_KETONE_METABOLIC_PROCESS,4,-1.92496986230586,-0.0585404586246648,0.75,0.0542331287215121,0.159387203074809
REACTOME_HOMOLOGY_DIRECTED_REPAIR,4,-1.92446023513428,-0.0861758497394222,1,0.054296920485409,0.159464683051654
GOBP_NEGATIVE_REGULATION_OF_HUMORAL_IMMUNE_RESPONSE,4,1.92426454641554,0.123382952627684,0.75,0.0543214321368425,0.159464683051654
GOBP_POSITIVE_REGULATION_OF_FILOPODIUM_ASSEMBLY,4,-1.92377823788556,-0.0195572546928371,0.5,0.0543823863374882,0.159482347947842
GOBP_EMBRYONIC_EYE_MORPHOGENESIS,4,1.92372233749323,0.0567610675259587,0.75,0.0543893965811636,0.159482347947842
GOBP_PIGMENT_BIOSYNTHETIC_PROCESS,4,1.92238352590005,0.0799358650571792,0.5,0.0545575169473889,0.159884265658569
REACTOME_SENSORY_PERCEPTION,4,1.92141063824651,0.0705742080517329,1,0.0546799584232892,0.16009667013426
GOBP_RESPONSE_TO_CORTICOSTERONE,4,-1.92131361633933,-0.0100110098062156,0.75,0.0546921815432438,0.16009667013426
GOBP_REGULATION_OF_CIRCADIAN_RHYTHM,4,-1.92098098037856,-0.0728919656404102,0.75,0.0547341053510037,0.160128357075181
GOBP_CARDIOBLAST_DIFFERENTIATION,3,-1.92049807893514,-0.0768261501840321,1,0.0547950155776,0.160215522549155
GOBP_RESPONSE_TO_MONOSACCHARIDE,4,-1.91947102475259,-0.0638455630159707,0.75,0.054924749861978,0.160503710010967
REACTOME_PI_3K_CASCADE_FGFR1,4,1.91894685109166,0.0544875308112521,0.75,0.0549910604940739,0.160606336065789
GOBP_NEGATIVE_REGULATION_OF_SODIUM_ION_TRANSPORT,3,-1.9178741196448,-0.0610591734633861,1,0.0551269745588641,0.160912013607478
GOBP_XENOBIOTIC_TRANSPORT,4,1.91693120344001,0.0397763342189661,0.75,0.0552466722928617,0.161151760232689
GOBP_TUBULIN_DEACETYLATION,4,-1.91673422490712,-0.0836684040100396,1,0.0552717049079295,0.161151760232689
GOBP_NEGATIVE_REGULATION_OF_B_CELL_ACTIVATION,4,-1.91597792076632,-0.0138127032416436,0.75,0.0553679061250932,0.161340887740863
GOBP_NEGATIVE_REGULATION_OF_NERVOUS_SYSTEM_DEVELOPMENT,4,1.91481699961502,0.0639499266878265,0.75,0.0555158457346397,0.161680480592568
GOBP_NEGATIVE_REGULATION_OF_RECEPTOR_MEDIATED_ENDOCYTOSIS,4,1.9144161868489,0.0999573410756634,0.75,0.0555669989175032,0.16173797480284
GOBP_RENAL_FILTRATION,4,1.91336715599316,0.0677674710974311,0.75,0.0557010659780866,0.16203660379727
GOBP_DENDRITE_DEVELOPMENT,4,1.91234669154409,0.052265874855752,0.75,0.0558317406876747,0.162325032637401
GOBP_DNA_STRAND_ELONGATION_INVOLVED_IN_DNA_REPLICATION,3,-1.91188487909181,-0.129257284272671,0.666666666666667,0.0558909615653962,0.162405508521572
GOBP_RESPONSE_TO_NUTRIENT,4,1.91099344077869,0.0341432150708898,0.75,0.0560054238234396,0.162646321075516
GOBP_REPRODUCTIVE_BEHAVIOR,4,-1.90793142050942,-0.0432093527150994,0.75,0.0564000806089966,0.163700121226451
GOBP_REGULATION_OF_CELLULAR_RESPIRATION,4,-1.90689292770683,-0.0921894482882673,0.75,0.0565344541952133,0.163997692761213
GOBP_BONE_MATURATION,4,1.9065933258139,0.0650239679693475,0.5,0.0565732700406686,0.164017887071736
GOBP_POST_TRANSLATIONAL_PROTEIN_MODIFICATION,4,1.90454266192105,0.0275115828725748,0.75,0.0568395460203781,0.164697142633048
GOBP_DIGESTIVE_TRACT_MORPHOGENESIS,4,-1.90367886538408,0.00125851671720235,0.75,0.0569520205823537,0.164789056663425
GOBP_SODIUM_ION_HOMEOSTASIS,4,-1.90299274316417,-0.00231305548002681,0.75,0.0570414921488372,0.164789056663425
REACTOME_GLUTATHIONE_CONJUGATION,4,-1.90287315474923,0.0204092867455681,0.5,0.0570570986523081,0.164789056663425
GOBP_NEUTROPHIL_CHEMOTAXIS,4,1.902798334224,0.108743424799773,1,0.0570668646718001,0.164789056663425
GOBP_LUNG_MORPHOGENESIS,4,1.90271607948682,0.049031690298758,0.75,0.0570776026533825,0.164789056663425
GOBP_NEGATIVE_REGULATION_OF_I_KAPPAB_KINASE_NF_KAPPAB_SIGNALING,4,-1.90237995641225,-0.0640924528452267,0.5,0.0571214994595791,0.164789056663425
GOBP_NEURAL_TUBE_FORMATION,4,-1.90235719579777,-0.0799224194395487,1,0.0571244729519816,0.164789056663425
REACTOME_TRAF6_MEDIATED_INDUCTION_OF_TAK1_COMPLEX_WITHIN_TLR4_COMPLEX,2,-1.9023355593692,0.00137247950222552,0.5,0.0571272996978468,0.164789056663425
GOBP_LOCOMOTORY_BEHAVIOR,4,1.90080360947634,0.0416255303241326,0.75,0.0573277411317244,0.165274657943588
GOBP_REGULATION_OF_EPIDERMIS_DEVELOPMENT,4,1.89913160266059,0.0473954928532678,0.75,0.0575471748827594,0.16581443954747
REACTOME_SIGNALING_BY_ROBO_RECEPTORS,4,-1.89885757282657,-0.105727580193573,0.75,0.0575832050085888,0.165825460061087
GOBP_REGULATION_OF_NEURAL_PRECURSOR_CELL_PROLIFERATION,4,-1.89813313299012,-0.045408746668542,0.75,0.0576785465024689,0.166007174925217
REACTOME_RNA_POLYMERASE_II_TRANSCRIPTION_TERMINATION,4,-1.89787813891267,-0.0339897703830946,0.75,0.0577121367669227,0.166011057102171
GOBP_NEGATIVE_REGULATION_OF_CALCIUM_ION_TRANSMEMBRANE_TRANSPORT,4,-1.89564601101852,-0.0836848510887455,1,0.0580068688127178,0.166675738543771
GOBP_T_HELPER_CELL_LINEAGE_COMMITMENT,3,-1.89563785637026,-0.134691947621858,0.666666666666667,0.0580079478482109,0.166675738543771
GOBP_HINDBRAIN_MORPHOGENESIS,4,-1.89497844293097,-0.0617558934621474,0.75,0.0580952576658159,0.166833509047009
REACTOME_RAF_INDEPENDENT_MAPK1_3_ACTIVATION,4,-1.89397214405568,-0.154793061326908,0.75,0.0582287073937365,0.167123530864186
GOBP_PROTEIN_ACTIVATION_CASCADE,4,1.89358493439907,0.0954637714368605,1,0.0582801247805633,0.16717791782458
GOBP_RIBOSOMAL_SMALL_SUBUNIT_BIOGENESIS,4,-1.89285160220236,-0.0892866998732533,0.75,0.0583776069808608,0.16736430865504
GOBP_GRANULOCYTE_MIGRATION,4,1.89254547366095,0.110169582774654,0.75,0.0584183408480214,0.167387889274603
GOBP_SMOOTH_MUSCLE_CELL_DIFFERENTIATION,4,-1.89001340709898,-0.0507754503278507,0.75,0.0587561670088749,0.168262238002612
GOBP_PHOSPHATIDYLCHOLINE_METABOLIC_PROCESS,4,-1.88888934857498,-0.0609345254789073,1,0.0589066570070635,0.168562177876758
GOBP_POSITIVE_REGULATION_OF_POSTTRANSCRIPTIONAL_GENE_SILENCING,4,-1.8887422230447,-0.0866807390210592,0.75,0.0589263779720653,0.168562177876758
GOBP_DETECTION_OF_TEMPERATURE_STIMULUS,4,-1.88842902920699,0.00951123761661583,0.75,0.0589683772788463,0.168588658861066
GOBP_NEGATIVE_REGULATION_OF_TYROSINE_PHOSPHORYLATION_OF_STAT_PROTEIN,1,-1.88812938277055,-0.164416083925598,1,0.0590085831370499,0.168609985889384
GOBP_MITOCHONDRIAL_CALCIUM_ION_HOMEOSTASIS,4,1.88416374202038,0.0589161556598745,1,0.0595428303184461,0.170042170443527
GOBP_CELL_RECOGNITION,4,1.8820276802187,0.0984110934487534,0.75,0.059832257442752,0.170773998654507
GOBP_POSITIVE_REGULATION_OF_NEURON_MIGRATION,2,-1.88153940349723,-0.0731174572121202,0.5,0.0598985804146111,0.170868582024838
GOBP_NEGATIVE_REGULATION_OF_VASCULAR_ASSOCIATED_SMOOTH_MUSCLE_CELL_MIGRATION,1,1.87919828674264,0.145625078892247,1,0.0602174234946521,0.171683008623457
GOBP_GLYCEROL_ETHER_METABOLIC_PROCESS,3,1.87809924898558,-0.0214844645083836,0.666666666666667,0.0603675890650182,0.172015891585932
GOBP_ATTACHMENT_OF_SPINDLE_MICROTUBULES_TO_KINETOCHORE,4,1.8777533351695,0.0124347620786297,0.75,0.0604149167172413,0.172055534389975
REACTOME_FGFR2_MUTANT_RECEPTOR_ACTIVATION,4,1.87587847126641,0.0312866070400319,0.75,0.0606719694887087,0.172692078992461
GOBP_GAMMA_DELTA_T_CELL_ACTIVATION,4,-1.87526708679504,-0.103650166367541,0.5,0.0607559889179419,0.172835683391427
GOBP_FEMALE_SEX_DIFFERENTIATION,4,-1.87477824370465,-0.0472148177374566,1,0.0608232374529682,0.172931446518682
GOBP_NEGATIVE_REGULATION_OF_BLOOD_PRESSURE,4,-1.87331988185196,-0.0458788739078284,1,0.0610242260130009,0.173331987028753
KEGG_PYRIMIDINE_METABOLISM,4,-1.87318909852646,-0.0927150199296269,0.75,0.0610422771632177,0.173331987028753
GOBP_UNSATURATED_FATTY_ACID_BIOSYNTHETIC_PROCESS,4,1.8730237548988,0.115989826831014,0.75,0.061065104771831,0.173331987028753
GOBP_REGULATION_OF_DENDRITE_DEVELOPMENT,4,1.87202032727024,0.0494232994915341,0.75,0.0612037913289327,0.173557388730759
GOBP_REGULATION_OF_MEIOTIC_NUCLEAR_DIVISION,4,1.87196151424672,0.0594392445336864,0.75,0.0612119281287741,0.173557388730759
REACTOME_RUNX1_REGULATES_GENES_INVOLVED_IN_MEGAKARYOCYTE_DIFFERENTIATION_AND_PLATELET_FUNCTION,4,-1.87155984897802,-0.0618789291635656,0.75,0.0612675225976903,0.173619413239135
GOBP_POSITIVE_REGULATION_OF_NUCLEOTIDE_BIOSYNTHETIC_PROCESS,4,1.87061367317213,0.0503729304359107,0.75,0.0613986480216577,0.173895290794013
GOBP_REGULATION_OF_ESTABLISHMENT_OF_PROTEIN_LOCALIZATION_TO_MITOCHONDRION,4,-1.86857813602618,-0.119852732124421,0.75,0.0616815299713588,0.174600438605017
GOBP_ASTROCYTE_DEVELOPMENT,4,1.86826414501528,0.0703934021910324,0.75,0.0617252617149429,0.174628226686946
GOBP_ACTIVATED_T_CELL_PROLIFERATION,4,1.867524588352,0.0965400695360882,0.75,0.0618283664095536,0.174823865262379
GOBP_CELLULAR_RESPONSE_TO_CARBOHYDRATE_STIMULUS,4,-1.86504005278735,-0.0684008034537808,0.75,0.062175790244688,0.175709738732107
GOBP_MANNOSYLATION,4,1.86407785555627,0.0709689581283926,0.75,0.0623107718007934,0.175981587105608
GOBP_ADENYLATE_CYCLASE_MODULATING_G_PROTEIN_COUPLED_RECEPTOR_SIGNALING_PATHWAY,4,1.86386730719011,0.0394882334919882,1,0.0623403408196987,0.175981587105608
GOBP_DNA_TEMPLATED_TRANSCRIPTION_INITIATION,4,-1.86329088228452,-0.0573934161973791,1,0.0624213522478062,0.176113722040523
GOBP_RESPIRATORY_CHAIN_COMPLEX_IV_ASSEMBLY,2,1.86193709759409,0.136005883479538,1,0.0626119571711369,0.176373096529139
GOBP_REGULATION_OF_VIRAL_GENOME_REPLICATION,4,-1.8619052108796,-0.00879172334424606,0.5,0.062616452428423,0.176373096529139
HALLMARK_PROTEIN_SECRETION,4,1.86177346174561,0.0712697343751291,1,0.0626350287067193,0.176373096529139
GOBP_DNA_REPLICATION,4,-1.86162829811428,-0.0672136925929228,1,0.0626555016702685,0.176373096529139
GOBP_EXTRACELLULAR_TRANSPORT,4,-1.86142237237257,-0.0532868462276244,0.75,0.0626845536314476,0.176373096529139
GOBP_REGULATION_OF_MITOCHONDRIAL_GENE_EXPRESSION,4,-1.86117821882733,-0.103171027217907,0.75,0.0627190131951284,0.17637367500913
REACTOME_LATE_ENDOSOMAL_MICROAUTOPHAGY,4,-1.86073508129728,-0.108548459833246,0.75,0.0627815971550663,0.176453298990959
REACTOME_RNA_POLYMERASE_I_TRANSCRIPTION_INITIATION,4,-1.85975730853814,-0.0976341483705693,1,0.0629198698911162,0.176745450119671
GOBP_EMBRYONIC_AXIS_SPECIFICATION,4,1.85853076209169,0.0752482842931291,1,0.0630936791112011,0.177107048098373
GOBP_POSITIVE_REGULATION_OF_ALCOHOL_BIOSYNTHETIC_PROCESS,4,1.85836366509501,0.0605736029380259,0.75,0.0631173884755321,0.177107048098373
REACTOME_BASE_EXCISION_REPAIR_AP_SITE_FORMATION,4,-1.85687382609377,-0.0852554311720489,1,0.0633291071766925,0.177604342512413
GOBP_CAMERA_TYPE_EYE_PHOTORECEPTOR_CELL_DIFFERENTIATION,4,-1.85303010879464,-0.10679707151711,1,0.0638780432392728,0.179046295394129
GOBP_REGULATION_OF_LEUKOCYTE_MEDIATED_IMMUNITY,4,-1.85248362224799,-0.00440533979828128,0.5,0.0639564072179633,0.179168411733021
GOBP_VIRION_ASSEMBLY,4,-1.85077215089788,-0.0686112528138961,1,0.0642023391372524,0.17975956727445
GOBP_POSITIVE_REGULATION_OF_DENDRITIC_SPINE_DEVELOPMENT,4,1.84725104647891,0.0856362761432518,0.75,0.0647107642458771,0.18108463320762
GOBP_GOLGI_TO_PLASMA_MEMBRANE_PROTEIN_TRANSPORT,4,-1.84673433771459,-0.059340798716098,1,0.0647856525008742,0.181195722285172
REACTOME_SIGNALING_BY_ERYTHROPOIETIN,4,-1.8450727717166,-0.112037513207228,1,0.0650269534163519,0.181771869240389
GOBP_REGULATION_OF_EXTRINSIC_APOPTOTIC_SIGNALING_PATHWAY,4,1.84398552391003,0.0290121981797434,0.75,0.0651852498933125,0.182115491969976
GOBP_POSITIVE_REGULATION_OF_LIPID_TRANSPORT,4,1.84299485648319,0.0566020802584013,0.75,0.0653297614655825,0.182329345985666
GOBP_CELL_CELL_ADHESION_VIA_PLASMA_MEMBRANE_ADHESION_MOLECULES,4,1.84297530132189,0.0629833765150751,0.75,0.0653326166913096,0.182329345985666
GOBP_ACUTE_PHASE_RESPONSE,4,1.8417784703207,0.0888347507269926,1,0.0655075605309082,0.182718542347587
GOBP_POSTSYNAPTIC_SPECIALIZATION_ORGANIZATION,4,1.83964605102269,0.136629229047979,0.75,0.0658202187747677,0.183491232523703
REACTOME_NONHOMOLOGOUS_END_JOINING_NHEJ,4,-1.83900289501403,-0.10870456067701,1,0.0659147602614742,0.183523695962477
GOBP_NEGATIVE_REGULATION_OF_BLOOD_VESSEL_ENDOTHELIAL_CELL_PROLIFERATION_INVOLVED_IN_SPROUTING_ANGIOGENESIS,1,-1.83884737471751,-0.132938322489665,1,0.065937637948533,0.183523695962477
GOBP_REGULATION_OF_BONE_RESORPTION,4,1.83883953403616,0.0575798673346431,1,0.0659387915188545,0.183523695962477
GOBP_MONOCARBOXYLIC_ACID_CATABOLIC_PROCESS,4,-1.83856491227081,-0.0965622055621846,0.75,0.0659792060933319,0.183536970380641
GOBP_POSITIVE_REGULATION_OF_SMOOTH_MUSCLE_CELL_MIGRATION,4,1.83823375779956,0.157460272968901,0.75,0.0660279674217245,0.183556876528987
GOBP_REGULATION_OF_CARTILAGE_DEVELOPMENT,4,1.83803220314579,0.0430532477080697,0.75,0.0660576601686176,0.183556876528987
GOBP_NEURON_PROJECTION_ORGANIZATION,4,1.83776302999151,0.0643041407551342,0.75,0.0660973315358379,0.183568047507028
HALLMARK_ANDROGEN_RESPONSE,4,1.83715881734944,-0.00085266401103285,0.25,0.0661864532983554,0.183716467942443
GOBP_NEGATIVE_REGULATION_OF_CELL_KILLING,4,-1.83632383914719,-0.077490537715216,0.75,0.0663097760581963,0.183959610411451
GOBP_AMINO_ACID_TRANSMEMBRANE_TRANSPORT,4,1.83386222377717,0.0248282671982073,0.75,0.0666744483413753,0.184871693327809
GOBP_POSITIVE_REGULATION_OF_GLIOGENESIS,4,1.83303392765455,0.0155280464106172,0.5,0.066797525752746,0.185058764402285
REACTOME_CELL_EXTRACELLULAR_MATRIX_INTERACTIONS,4,1.83292451523072,0.0662142901908839,0.75,0.066813797441027,0.185058764402285
REACTOME_INTERACTIONS_OF_VPR_WITH_HOST_CELLULAR_PROTEINS,4,-1.8320926069095,-0.12878394274056,0.75,0.0669376246535008,0.185302058785417
GOBP_MUSCLE_CELL_APOPTOTIC_PROCESS,4,-1.83176136074793,-0.0702427532432453,0.75,0.066986982275936,0.185339049832775
GOBP_REGULATION_OF_ORGAN_GROWTH,4,-1.8296575951475,-0.0946204452468437,0.75,0.0673011555448942,0.186108297476187
GOBP_POSITIVE_REGULATION_OF_EPITHELIAL_TO_MESENCHYMAL_TRANSITION,4,1.82915030333256,0.0751184428561253,0.75,0.067377094946706,0.186126881083985
GOBP_NEGATIVE_REGULATION_OF_AMINO_ACID_TRANSPORT,3,-1.8291297569403,-0.0299470651566508,0.666666666666667,0.0673801721383856,0.186126881083985
GOBP_NEGATIVE_REGULATION_OF_AXON_EXTENSION,4,1.82761702449006,0.104346196271249,1,0.0676070489311587,0.186653455735408
GOBP_FACE_DEVELOPMENT,4,-1.82590356885439,-0.0862460930723401,1,0.067864788536188,0.187241627120217
GOBP_POSITIVE_REGULATION_OF_PROTEIN_LOCALIZATION_TO_NUCLEUS,4,-1.82559173470049,-0.0890797776171302,1,0.06791178173576,0.187241627120217
GOBP_REGULATION_OF_EPITHELIAL_CELL_APOPTOTIC_PROCESS,4,-1.82545118321132,-0.0764221215600463,0.75,0.0679329714999388,0.187241627120217
GOBP_STRIATUM_DEVELOPMENT,3,1.82519235458617,0.0345083415647463,0.666666666666667,0.0679720071384792,0.187241627120217
GOBP_BLASTOCYST_GROWTH,4,-1.82499415372075,-0.10751100898524,1,0.0680019115779384,0.187241627120217
GOBP_MATURATION_OF_LSU_RRNA,4,-1.82387122741873,-0.130746083955523,0.75,0.0681715424567233,0.18760837632799
GOBP_FATTY_ACID_CATABOLIC_PROCESS,4,-1.82300834887754,-0.0998592718681408,1,0.0683021264086799,0.187867333802507
REACTOME_PI_3K_CASCADE_FGFR2,4,1.82246154076905,0.0669521095660885,0.75,0.0683849841577217,0.187994812294773
REACTOME_PLATELET_AGGREGATION_PLUG_FORMATION,4,1.82147961261342,0.0265511232188371,0.5,0.0685339829937144,0.188303883903221
GOBP_REGULATION_OF_SODIUM_ION_TRANSPORT,4,-1.82061431403095,-0.0473797601372756,1,0.0686655054132326,0.18848976634927
GOBP_RIBOSOMAL_LARGE_SUBUNIT_ASSEMBLY,4,-1.82055288819334,-0.153241483964225,0.75,0.0686748498099108,0.18848976634927
GOBP_NEGATIVE_REGULATION_OF_AXON_EXTENSION_INVOLVED_IN_AXON_GUIDANCE,4,1.81879921162846,0.13971734119501,0.75,0.0689420687272413,0.189122382459545
REACTOME_ADRENALINE_NORADRENALINE_INHIBITS_INSULIN_SECRETION,4,1.81844457309084,0.0185829871642131,0.5,0.0689962109821351,0.189170122655492
GOBP_REGULATION_OF_AMINO_ACID_TRANSPORT,4,-1.81797002680771,-0.03174105982824,0.75,0.0690687140539151,0.189268125951894
REACTOME_INTRINSIC_PATHWAY_FOR_APOPTOSIS,4,1.8167276504567,0.0570329258878245,0.75,0.0692588257230008,0.189688134919006
GOBP_POSITIVE_REGULATION_OF_MEMBRANE_PROTEIN_ECTODOMAIN_PROTEOLYSIS,3,-1.81583492437059,-0.124049266024325,0.666666666666667,0.0693956981997273,0.189961961738647
GOBP_MAMMARY_GLAND_ALVEOLUS_DEVELOPMENT,4,-1.81453639990486,-0.120371905523055,0.75,0.0695951840258955,0.190302498144157
GOBP_POSITIVE_REGULATION_OF_T_CELL_RECEPTOR_SIGNALING_PATHWAY,2,-1.81440151636293,-0.129819339793915,1,0.0696159324770944,0.190302498144157
GOBP_CYTOPLASMIC_SEQUESTERING_OF_TRANSCRIPTION_FACTOR,3,-1.81389045741374,-0.0954120122494965,1,0.069694592163903,0.190302498144157
GOBP_T_CELL_DIFFERENTIATION_IN_THYMUS,4,1.8137357811075,0.0625608831278638,0.75,0.069718413561139,0.190302498144157
GOBP_MYOTUBE_CELL_DEVELOPMENT,4,1.81371368239338,0.0778234370971332,0.75,0.0697218174867879,0.190302498144157
GOBP_DICARBOXYLIC_ACID_TRANSPORT,4,1.81358361100196,0.0625813644795131,1,0.0697418555055396,0.190302498144157
GOBP_NEGATIVE_REGULATION_OF_STRESS_ACTIVATED_PROTEIN_KINASE_SIGNALING_CASCADE,4,-1.81259654917307,-0.0263912805199289,0.75,0.0698940704456536,0.190616826655016
GOBP_CELL_SURFACE_RECEPTOR_SIGNALING_PATHWAY_INVOLVED_IN_HEART_DEVELOPMENT,4,1.80997122516254,0.0794351349940346,0.75,0.0703002495647599,0.191623073059263
REACTOME_DEPOLYMERISATION_OF_THE_NUCLEAR_LAMINA,2,-1.80729510492945,-0.130881606594865,1,0.0707162788739688,0.192655089905855
GOBP_REVERSE_CHOLESTEROL_TRANSPORT,4,-1.80518275500961,-0.0271707239264848,0.5,0.0710460885816582,0.193415594443265
GOBP_RETINAL_GANGLION_CELL_AXON_GUIDANCE,4,-1.80502635311489,-0.0398896683303175,0.75,0.0710705582999918,0.193415594443265
REACTOME_ACTIVATION_OF_MATRIX_METALLOPROTEINASES,4,1.80356459974978,0.0735077502709387,0.75,0.0712995898333178,0.193936390941233
REACTOME_RAS_ACTIVATION_UPON_CA2_INFLUX_THROUGH_NMDA_RECEPTOR,4,1.80323798408775,0.0907547362985435,1,0.0713508474733999,0.193961876929974
GOBP_REGULATION_OF_DNA_METHYLATION_DEPENDENT_HETEROCHROMATIN_ASSEMBLY,2,-1.80291742610152,-0.143163670353543,1,0.0714011838111095,0.193961876929974
GOBP_C4_DICARBOXYLATE_TRANSPORT,4,1.8027851130177,0.0578749001958214,1,0.0714219690540359,0.193961876929974
GOBP_NEGATIVE_REGULATION_OF_LIPOPROTEIN_PARTICLE_CLEARANCE,1,1.80204898052962,0.127865787563435,1,0.0715376996690887,0.194161312124453
GOBP_POSITIVE_REGULATION_OF_T_CELL_MIGRATION,4,1.80183846779108,0.0988960243713034,0.75,0.0715708235409229,0.194161312124453
GOBP_REGULATION_OF_TRANSCRIPTION_REGULATORY_REGION_DNA_BINDING,4,1.80031650315747,0.0830127967776928,1,0.0718106765110035,0.194709411982705
GOBP_TOLERANCE_INDUCTION,4,-1.7995066885039,-0.0362481134577653,0.75,0.0719385668577699,0.194953516184556
GOBP_RESPONSE_TO_PROSTAGLANDIN,4,1.79811035084019,0.0839389647950956,0.5,0.0721595222679528,0.195449437221299
GOBP_RNA_MODIFICATION,4,-1.79648822532066,-0.0477702437382164,1,0.0724169036968478,0.196043447494779
GOBP_POSITIVE_REGULATION_OF_ORGAN_GROWTH,4,-1.79098627992455,-0.0538589271940249,0.75,0.0732954967243858,0.198317662971026
GOBP_NEGATIVE_REGULATION_OF_CELL_DIVISION,3,-1.7900492129623,-0.0704532719113814,1,0.0734460002593577,0.198572962523007
KEGG_GLIOMA,4,1.78991869698718,0.00453673124707148,0.75,0.0734669826386343,0.198572962523007
GOBP_TELOMERE_ORGANIZATION,4,-1.78913897414068,-0.0838276493838915,1,0.0735924368080617,0.198807689991978
KEGG_ARGININE_AND_PROLINE_METABOLISM,4,-1.7888570372774,-0.0556422397527544,0.75,0.0736378423823505,0.198826035881868
REACTOME_DEFECTS_IN_VITAMIN_AND_COFACTOR_METABOLISM,4,-1.78790565767064,-0.0591302393522371,1,0.0737912299679031,0.19913576682638
GOBP_HYPOTHALAMUS_DEVELOPMENT,4,1.78681443233269,0.0577879844850751,1,0.0739674859351934,0.199506854416087
REACTOME_COMPLEMENT_CASCADE,4,1.78459629034518,0.129680930505662,0.75,0.0743268235792499,0.200371107125423
GOBP_MORPHOGENESIS_OF_A_POLARIZED_EPITHELIUM,4,1.78361697258429,0.0522452897391074,0.75,0.0744859257636927,0.200694940741629
GOBP_PURINE_NUCLEOTIDE_CATABOLIC_PROCESS,4,1.78313966580669,-0.0180932215533941,0.5,0.0745635709050958,0.200707793457267
GOBP_TRANSLESION_SYNTHESIS,4,-1.78310842147832,-0.0523322612631026,0.75,0.0745686558329291,0.200707793457267
GOBP_VIRAL_GENOME_REPLICATION,4,-1.78148238866816,-0.00593645163126246,0.75,0.0748336794386007,0.201315891028921
GOBP_SEMAPHORIN_PLEXIN_SIGNALING_PATHWAY_INVOLVED_IN_NEURON_PROJECTION_GUIDANCE,4,1.78031690075241,0.0500857268847992,0.5,0.0750241127549962,0.201644003417606
GOBP_ENDOPLASMIC_RETICULUM_TO_CYTOSOL_TRANSPORT,4,1.78025663950602,-0.0505637105317224,0.25,0.0750339698093094,0.201644003417606
GOBP_GANGLION_DEVELOPMENT,4,1.7797802878609,0.0800261766954377,0.75,0.0751119248402536,0.201748200835924
REACTOME_THE_ROLE_OF_NEF_IN_HIV_1_REPLICATION_AND_DISEASE_PATHOGENESIS,4,1.77953863075037,0.0713337313580059,0.75,0.0751514973460812,0.201749249131894
GOBP_NUCLEOTIDE_SUGAR_METABOLIC_PROCESS,4,1.77882835180168,0.0448223336952702,0.75,0.0752679074719394,0.201951919536732
GOBP_CELLULAR_RESPONSE_TO_PROSTAGLANDIN_E_STIMULUS,3,1.77859956710606,0.0569142513482268,0.666666666666667,0.0753054351350796,0.201951919536732
GOBP_NEGATIVE_REGULATION_OF_ENDOPLASMIC_RETICULUM_STRESS_INDUCED_INTRINSIC_APOPTOTIC_SIGNALING_PATHWAY,3,1.77793749637841,-0.0206315901791074,0.333333333333333,0.0754141209829148,0.202138109807927
GOBP_AORTA_DEVELOPMENT,4,1.77651816911879,0.0331266319543739,0.75,0.0756475499266452,0.202658290620341
GOBP_INTRACELLULAR_PROTEIN_TRANSMEMBRANE_TRANSPORT,4,-1.77472439205585,-0.138320888099382,0.75,0.0759434057453527,0.20334508381842
GOBP_NEGATIVE_REGULATION_OF_TRANSPORTER_ACTIVITY,4,-1.7734022968679,-0.0296422115072423,0.75,0.0761620686836082,0.203824579860654
GOBP_GRANULOCYTE_CHEMOTAXIS,4,1.77267367136607,0.111196563579185,1,0.0762827962794105,0.204041619762434
GOBP_REGULATION_OF_RESPONSE_TO_ENDOPLASMIC_RETICULUM_STRESS,4,-1.77110516447564,-0.158256048945858,0.75,0.0765432153732401,0.204631887828044
GOBP_POSITIVE_REGULATION_OF_LIPID_METABOLIC_PROCESS,4,-1.77056684752693,-0.0407818736533689,1,0.076632759013199,0.204764959086124
GOBP_CARDIAC_EPITHELIAL_TO_MESENCHYMAL_TRANSITION,4,1.77008705911418,0.0611577212956553,0.75,0.0767126389811188,0.204872084083911
REACTOME_PHOSPHORYLATION_OF_THE_APC_C,3,-1.76977407784744,-0.11223616781106,0.666666666666667,0.076764783803094,0.204876609831204
REACTOME_ROS_AND_RNS_PRODUCTION_IN_PHAGOCYTES,4,1.76959931659538,0.0611416616712282,0.75,0.0767939127935954,0.204876609831204
REACTOME_PHASE_I_FUNCTIONALIZATION_OF_COMPOUNDS,4,-1.76826521481485,-0.0141990191864742,0.5,0.0770165762897045,0.205353718947792
GOBP_BASE_EXCISION_REPAIR,4,-1.76805019770858,-0.0924604601678992,0.75,0.0770525121396649,0.205353718947792
GOBP_MICROVILLUS_ORGANIZATION,4,1.76745789919809,0.0548793169456965,0.75,0.077151573775341,0.205511357149111
GOBP_MEIOTIC_CELL_CYCLE_PROCESS,4,1.766615262291,0.0186573129316557,0.75,0.07729268320995,0.205731801116019
GOBP_REGULATION_OF_MORPHOGENESIS_OF_AN_EPITHELIUM,4,1.76648663049377,0.0793694465915315,0.75,0.0773142426023492,0.205731801116019
GOBP_NADH_METABOLIC_PROCESS,4,-1.76562945369569,-0.114141763389731,0.75,0.077458035262848,0.206007966719217
GOBP_REGULATION_OF_HEMATOPOIETIC_STEM_CELL_DIFFERENTIATION,3,-1.76528732349058,-0.0844597010665214,0.666666666666667,0.0775154889037851,0.206054337824259
GOBP_GLYCOLIPID_BIOSYNTHETIC_PROCESS,4,1.76498690203309,0.0282141414828462,0.75,0.0775659670497263,0.20608212814192
GOBP_VACUOLAR_TRANSPORT,4,1.76416312112656,0.0116672647905784,0.75,0.0777045197590265,0.206343771139364
GOBP_ORGANIC_ACID_TRANSMEMBRANE_TRANSPORT,4,1.76344437396542,0.0261966411214586,0.75,0.0778255713111238,0.206558694165452
REACTOME_FOXO_MEDIATED_TRANSCRIPTION_OF_OXIDATIVE_STRESS_METABOLIC_AND_NEURONAL_GENES,4,-1.76292302563711,-0.0967408924143182,0.5,0.0779134729708389,0.206662350120446
GOBP_AMYLOID_PRECURSOR_PROTEIN_BIOSYNTHETIC_PROCESS,2,-1.76273675397115,-0.106547516229961,1,0.0779448988024676,0.206662350120446
GOBP_TOLL_LIKE_RECEPTOR_3_SIGNALING_PATHWAY,4,1.76115543563369,0.123174995050577,0.75,0.0782120984212717,0.207264073479736
GOBP_HYDROGEN_PEROXIDE_BIOSYNTHETIC_PROCESS,3,1.75949158457152,0.0306982698803868,0.666666666666667,0.0784940483706764,0.207904246430356
GOBP_POSITIVE_REGULATION_OF_NERVOUS_SYSTEM_DEVELOPMENT,4,1.75773188832024,0.053231319993082,0.75,0.078793139344148,0.20858913855168
GOBP_REGULATION_OF_HUMORAL_IMMUNE_RESPONSE_MEDIATED_BY_CIRCULATING_IMMUNOGLOBULIN,4,1.75696093470378,0.125806199702104,1,0.0789244680920493,0.20882943792701
GOBP_CHONDROCYTE_DIFFERENTIATION_INVOLVED_IN_ENDOCHONDRAL_BONE_MORPHOGENESIS,3,-1.75616620119398,-0.132664680140204,0.666666666666667,0.0790600339784679,0.209080695919431
GOBP_SPERM_FLAGELLUM_ASSEMBLY,4,-1.75559199300426,-0.0969696036402439,1,0.0791581003985051,0.209232576464016
REACTOME_NEUREXINS_AND_NEUROLIGINS,4,1.7504904220345,0.0745444648339278,1,0.0800337254382238,0.211438508097185
GOBP_ESTROGEN_METABOLIC_PROCESS,4,1.74984225935491,0.0705546313969234,0.75,0.0801455363645568,0.211625316277489
GOBP_POSITIVE_REGULATION_OF_STEROL_TRANSPORT,4,-1.74902286163957,-0.0465681401339904,0.5,0.0802870676993742,0.211890369853448
GOBP_PROGRAMMED_NECROTIC_CELL_DEATH,4,-1.7473369844263,-0.0788553650549865,0.75,0.0805789012704965,0.212551620205833
GOBP_REGULATION_OF_PROTEIN_SECRETION,4,-1.7468244026084,-0.0425290554530921,1,0.080667802283556,0.212677170485422
GOBP_PHASIC_SMOOTH_MUSCLE_CONTRACTION,4,-1.7460310109399,-0.0891045742860483,1,0.0808055633580838,0.212931343772146
GOBP_PROSTANOID_METABOLIC_PROCESS,4,1.74564383039494,0.121542724369987,0.75,0.0808728610283648,0.212999673368312
GOBP_RELAXATION_OF_CARDIAC_MUSCLE,4,1.745326395118,0.060748125731693,0.75,0.0809280698891525,0.21300694170413
GOBP_POSITIVE_REGULATION_OF_CYTOKINESIS,4,1.74515232223562,0.024095620592669,0.75,0.0809583579170679,0.21300694170413
GOBP_CEREBELLAR_CORTEX_MORPHOGENESIS,4,-1.74456688444308,-0.0274521670104969,0.75,0.081060289424253,0.213166205436914
GOBP_PHOSPHATIDIC_ACID_METABOLIC_PROCESS,4,1.74363345564004,0.0136651059929294,0.5,0.0812230256610775,0.213353044643717
GOBP_REGULATION_OF_MITOTIC_SPINDLE_ASSEMBLY,4,-1.74362199947839,-0.0840408638423815,1,0.0812250246020803,0.213353044643717
GOBP_CELL_ADHESION_MOLECULE_PRODUCTION,2,-1.74344653409559,-0.13494734594224,1,0.0812556458625615,0.213353044643717
REACTOME_SIGNALING_BY_FGFR2_IN_DISEASE,4,1.74245503079822,0.0278959355474033,0.75,0.0814288537075358,0.213611014542368
GOBP_ATP_METABOLIC_PROCESS,4,1.74223835820844,0.010550724296495,0.5,0.0814667445727892,0.213611014542368
GOBP_NATURAL_KILLER_CELL_DIFFERENTIATION,4,-1.74217200153089,-0.115186914425888,0.5,0.0814783516335621,0.213611014542368
GOBP_ENDOCARDIAL_CUSHION_DEVELOPMENT,4,1.74125405159818,0.0439422296208981,0.5,0.0816390564806958,0.213776418722345
GOBP_PHOSPHOLIPID_CATABOLIC_PROCESS,4,1.74109317578862,0.0665355041554877,0.5,0.0816672473620981,0.213776418722345
GOBP_REGULATION_OF_CELLULAR_RESPONSE_TO_HEAT,4,-1.74101708534771,-0.137076084500307,0.5,0.0816805837310207,0.213776418722345
GOBP_RETINOIC_ACID_RECEPTOR_SIGNALING_PATHWAY,4,-1.74086346312302,-0.0768416988184228,0.75,0.0817075144776803,0.213776418722345
GOBP_PHYSIOLOGICAL_CARDIAC_MUSCLE_HYPERTROPHY,4,1.73796763614528,0.0901930761631221,1,0.0822165165736789,0.214998904945593
GOBP_GLOMERULUS_DEVELOPMENT,4,1.73583541979463,0.0727808632212269,0.75,0.0825929393167133,0.215780355605254
GOBP_LIPOSACCHARIDE_METABOLIC_PROCESS,4,1.73580024281108,0.0353426900317655,0.75,0.0825991611765306,0.215780355605254
GOBP_REGULATION_OF_T_CELL_MIGRATION,4,1.73511930745469,0.0904007009183362,0.75,0.0827196751547205,0.215985602115444
GOBP_POSITIVE_REGULATION_OF_RESPONSE_TO_ENDOPLASMIC_RETICULUM_STRESS,4,-1.73365854278598,-0.146357027261883,0.75,0.0829786864514319,0.216552081367675
GOBP_REGULATION_OF_ENDOPLASMIC_RETICULUM_STRESS_INDUCED_INTRINSIC_APOPTOTIC_SIGNALING_PATHWAY,4,-1.73284205465321,-0.190953510783463,0.75,0.0831237457743109,0.216810319670236
GOBP_INNERVATION,4,1.73257635512049,0.110206642177871,0.75,0.0831709949001486,0.216810319670236
GOBP_CD40_SIGNALING_PATHWAY,4,1.73239105065063,0.0312377975607636,0.5,0.0832039603162531,0.216810319670236
GOBP_PEROXISOME_ORGANIZATION,4,-1.73180882277332,-0.0705125993953872,1,0.0833076067563743,0.216970595441867
GOBP_PYRIDINE_NUCLEOTIDE_METABOLIC_PROCESS,4,1.72886047557117,0.043009040531911,0.5,0.0838340694082244,0.218170036230688
GOBP_ADRENERGIC_RECEPTOR_SIGNALING_PATHWAY,4,1.72875538390371,-0.000851218151828977,0.25,0.0838528843854209,0.218170036230688
GOBP_REGULATION_OF_RELEASE_OF_CYTOCHROME_C_FROM_MITOCHONDRIA,4,1.72821074574036,0.0415596044217221,0.75,0.0839504478878481,0.21831356372451
GOBP_POSITIVE_REGULATION_OF_PROTEIN_LOCALIZATION_TO_CELL_SURFACE,4,1.72694765353688,0.0329448479925045,0.75,0.08417706502136,0.21879238152195
GOBP_GLUCOSAMINE_CONTAINING_COMPOUND_METABOLIC_PROCESS,4,1.72601000769243,0.0423798208796116,0.5,0.0843456123271289,0.219119857655089
GOBP_BONE_CELL_DEVELOPMENT,4,1.72548150815033,0.0755446052185863,1,0.0844407334825015,0.219256347302774
GOBP_RESPONSE_TO_CARBOHYDRATE,4,-1.72515299119839,-0.0597352441445686,0.75,0.0844999048217828,0.219299400165
GOBP_POSITIVE_REGULATION_OF_CELL_DEVELOPMENT,4,1.72455516248267,0.0329080158272589,0.75,0.0846076697396127,0.219468459188547
GOBP_DETECTION_OF_TEMPERATURE_STIMULUS_INVOLVED_IN_SENSORY_PERCEPTION,4,-1.72243543801557,0.0303923556941852,0.75,0.084990668741116,0.220232768530099
GOBP_PROTEIN_TRANSMEMBRANE_IMPORT_INTO_INTRACELLULAR_ORGANELLE,4,-1.72239734692701,-0.105489834971951,0.75,0.0849975639712769,0.220232768530099
GOBP_ACTIVATION_OF_CYSTEINE_TYPE_ENDOPEPTIDASE_ACTIVITY,4,1.72194218272412,0.130403892089299,1,0.0850799925787059,0.220232768530099
GOBP_REGULATION_OF_SYNAPTIC_VESICLE_RECYCLING,4,1.72190046235668,0.12903818281926,0.75,0.0850875512208572,0.220232768530099
GOBP_REGULATION_OF_DNA_BIOSYNTHETIC_PROCESS,4,-1.72168975360759,-0.0881056069371529,1,0.0851257344464256,0.220232768530099
GOBP_REGULATION_OF_NEUTROPHIL_CHEMOTAXIS,4,1.7215065112002,0.0863578364404102,1,0.0851589516689507,0.220232768530099
GOBP_RESPONSE_TO_VITAMIN_D,4,-1.72089272710234,-0.0568879765784036,1,0.0852702915871255,0.22041000571391
GOBP_FOREBRAIN_CELL_MIGRATION,4,1.71977517669571,0.0516786964208914,0.75,0.0854733165067704,0.220823937126623
GOBP_POSITIVE_REGULATION_OF_OSSIFICATION,4,1.71941845137621,0.0578835057765061,0.75,0.0855382048585942,0.220880750660432
GOBP_ECTODERM_DEVELOPMENT,4,1.71916502905396,0.0808273264404554,0.75,0.0855843265774343,0.220889071452235
GOBP_POTASSIUM_ION_HOMEOSTASIS,4,1.71777125712567,0.111922196416405,0.75,0.0858383461685514,0.221433689590116
GOBP_ACUTE_INFLAMMATORY_RESPONSE,4,1.71744575716025,0.068178972018683,1,0.0858977572948036,0.221475990140683
GOBP_POSITIVE_REGULATION_OF_MITOTIC_CELL_CYCLE,4,1.71678699654684,0.00195817661593169,0.5,0.0860180977157684,0.221675267837083
REACTOME_CREATION_OF_C4_AND_C2_ACTIVATORS,2,1.71642083761506,0.214436810097692,1,0.0860850454101184,0.221736817817259
GOBP_CALCIUM_INDEPENDENT_CELL_CELL_ADHESION_VIA_PLASMA_MEMBRANE_CELL_ADHESION_MOLECULES,4,-1.71577426440501,-0.0131397701335394,0.5,0.0862033662256941,0.221930566348049
GOBP_OSTEOCLAST_DIFFERENTIATION,4,1.71445294102493,0.0580971587279566,0.75,0.086445572691645,0.222332293828041
GOBP_I_KAPPAB_PHOSPHORYLATION,4,1.71445188436214,0.100829250573244,0.75,0.08644576660395,0.222332293828041
GOBP_ENTRAINMENT_OF_CIRCADIAN_CLOCK,4,-1.71374450392511,-0.0439216186076971,0.5,0.0865756595994296,0.22255520283448
GOBP_CELL_DIFFERENTIATION_INVOLVED_IN_KIDNEY_DEVELOPMENT,4,1.71183789560324,0.0904673771251889,1,0.0869265462674028,0.223345701961505
GOBP_ENDOCRINE_SYSTEM_DEVELOPMENT,4,-1.71113747014498,-0.0737446633149011,0.75,0.0870557385155126,0.223496077105101
REACTOME_TRAF6_MEDIATED_IRF7_ACTIVATION,4,-1.71087807103352,-0.0257248199741209,0.75,0.0871036235347055,0.223496077105101
GOBP_POSITIVE_REGULATION_OF_VASCULAR_ENDOTHELIAL_GROWTH_FACTOR_PRODUCTION,4,-1.71081489131124,-0.0777124990303369,1,0.0871152897164378,0.223496077105101
GOBP_TRANSEPITHELIAL_TRANSPORT,4,1.70973322292232,0.0502769570093897,0.75,0.0873152162563578,0.223897434513937
REACTOME_RHO_GTPASES_ACTIVATE_PAKS,4,1.706146158941,0.096852660772763,0.75,0.08798087024275,0.225492036276715
GOBP_REGULATION_OF_PROTEIN_SUMOYLATION,4,-1.70566438974987,-0.0369822651085508,0.5,0.0880705833970573,0.225609668612661
GOBP_PROTON_TRANSMEMBRANE_TRANSPORT,4,1.70415083085435,0.0243266795806353,0.5,0.0883529123499375,0.226220360860183
GOBP_DNA_METHYLATION_DEPENDENT_HETEROCHROMATIN_ASSEMBLY,4,-1.70241894850626,-0.0695931200264919,0.75,0.0886768604557476,0.226897618852599
GOBP_POSITIVE_REGULATION_OF_WNT_SIGNALING_PATHWAY,4,-1.70226578430254,-0.0247502246111572,0.75,0.0887055557875861,0.226897618852599
GOBP_TERPENOID_METABOLIC_PROCESS,4,1.70004632271958,0.0353714520692857,0.75,0.0891222126420808,0.22785018515098
GOBP_SKIN_DEVELOPMENT,4,1.69979406794215,0.0199823727222125,0.75,0.0891696677380274,0.227858371803029
GOBP_SYNAPSE_MATURATION,4,1.6991175249056,0.125767168036172,0.75,0.0892970420058656,0.228070669289783
REACTOME_NUCLEOTIDE_EXCISION_REPAIR,4,-1.69860725359613,-0.0915657330163552,1,0.0893932088384542,0.228203089890531
GOBP_NEGATIVE_REGULATION_OF_ORGAN_GROWTH,4,-1.69767692463347,-0.11626271407903,0.75,0.0895687552892469,0.228483017347225
REACTOME_PKMTS_METHYLATE_HISTONE_LYSINES,4,-1.69743718883536,-0.0767774482229407,1,0.0896140366799659,0.228483017347225
GOBP_RESPONSE_TO_FLUID_SHEAR_STRESS,4,-1.69732101320621,-0.107087443024903,0.75,0.0896359866073789,0.228483017347225
GOBP_REGULATION_OF_PEPTIDYL_SERINE_PHOSPHORYLATION_OF_STAT_PROTEIN,4,1.69665256503918,0.0361737782471635,0.75,0.0897623656237788,0.228691944877208
GOBP_PIRNA_METABOLIC_PROCESS,3,-1.69627325246273,-0.0396217409000211,0.666666666666667,0.0898341434831616,0.228696977495412
REACTOME_SMOOTH_MUSCLE_CONTRACTION,4,1.69617273360469,0.045174453427192,0.75,0.0898531725525769,0.228696977495412
GOBP_POSITIVE_REGULATION_OF_CELL_SUBSTRATE_ADHESION,4,1.6952858048243,0.0220813845705237,0.75,0.0900212163287642,0.228931709307029
REACTOME_DOWNSTREAM_SIGNALING_OF_ACTIVATED_FGFR4,4,1.695216702552,0.0259409302583873,0.75,0.0900343195468504,0.228931709307029
REACTOME_CLASS_B_2_SECRETIN_FAMILY_RECEPTORS,4,1.69468433615532,0.0506021457683036,1,0.0901353186872392,0.228968032657834
GOBP_REGULATION_OF_TELOMERASE_ACTIVITY,4,-1.69467262407381,-0.0802720549348015,0.75,0.0901375416969176,0.228968032657834
GOBP_POSITIVE_REGULATION_OF_STRIATED_MUSCLE_CELL_DIFFERENTIATION,4,-1.69390544006366,-0.0220396417453105,0.75,0.0902832530618813,0.229225083834136
REACTOME_TRANSCRIPTION_OF_THE_HIV_GENOME,4,-1.69345253323847,-0.108689687498044,0.75,0.0903693626554551,0.229330630021162
REACTOME_RHO_GTPASES_ACTIVATE_PKNS,4,1.6923717858749,0.0615337086460942,0.75,0.090575108374402,0.22959034727459
GOBP_DOPAMINE_TRANSPORT,4,1.69213064081004,0.070447728235815,1,0.0906210673998592,0.22959034727459
REACTOME_RA_BIOSYNTHESIS_PATHWAY,3,1.69199037696179,0.0762469413869275,1,0.0906478084420335,0.22959034727459
REACTOME_CYTOSOLIC_SENSORS_OF_PATHOGEN_ASSOCIATED_DNA,4,-1.69197855107731,-0.0983561876207778,0.75,0.0906500633150596,0.22959034727459
REACTOME_SIGNALING_BY_ALK_IN_CANCER,4,1.69091597210281,0.0215422421761428,0.5,0.090852852317675,0.22999082427911
GOBP_TELOMERE_MAINTENANCE,4,-1.6900743409089,-0.0762919038910984,1,0.091013733110162,0.230284870655638
GOBP_MIDDLE_EAR_MORPHOGENESIS,4,-1.68975200054078,-0.068725896849233,1,0.0910754102541325,0.230327744301831
GOBP_NEGATIVE_REGULATION_OF_ORGANELLE_ASSEMBLY,4,-1.68891886243229,-0.0553421658537503,1,0.0912349799874033,0.230618022560206
GOBP_REGULATION_OF_PLATELET_AGGREGATION,4,1.68709072485108,0.0548906091714472,0.75,0.0915859082510958,0.231391482622617
GOBP_SPERMATID_NUCLEUS_DIFFERENTIATION,3,-1.68625083969261,-0.132135216616577,0.666666666666667,0.091747495413777,0.231686048987512
REACTOME_PCP_CE_PATHWAY,4,1.68286572689805,0.0486666484383185,0.75,0.0924010876902378,0.232983767798205
REACTOME_TERMINATION_OF_O_GLYCAN_BIOSYNTHESIS,4,1.68277660976754,0.0758503339068896,0.75,0.0924183446699617,0.232983767798205
GOBP_CARBOHYDRATE_DERIVATIVE_CATABOLIC_PROCESS,4,1.6827433215501,0.017836749949202,0.5,0.0924247913907723,0.232983767798205
REACTOME_ABC_TRANSPORTERS_IN_LIPID_HOMEOSTASIS,4,-1.68248753599514,-0.134658795819796,1,0.0924743398284122,0.232983767798205
GOBP_CELLULAR_RESPONSE_TO_VITAMIN_D,4,-1.68232709216984,-0.0656583886264669,0.75,0.0925054304229577,0.232983767798205
GOBP_POSITIVE_REGULATION_OF_PROTEIN_DEPOLYMERIZATION,3,1.68214530148859,0.056207079294396,0.666666666666667,0.0925406677257906,0.232983767798205
GOBP_REGULATION_OF_RESPONSE_TO_INTERFERON_GAMMA,3,-1.68195209549564,-0.0490290440542377,1,0.0925781295232333,0.232983767798205
GOBP_MORPHOGENESIS_OF_AN_EPITHELIAL_BUD,2,1.67960156252397,0.086423714561525,1,0.0930348634804654,0.234018813903721
GOBP_NEURAL_TUBE_DEVELOPMENT,4,-1.67933183918053,-0.0681261747222554,1,0.093087389110047,0.23403660474982
REACTOME_PYRUVATE_METABOLISM_AND_CITRIC_ACID_TCA_CYCLE,4,-1.67852981884089,-0.0767528869271639,1,0.0932437142862315,0.234315219550906
GOBP_CELL_CELL_SIGNALING_INVOLVED_IN_CARDIAC_CONDUCTION,4,1.67760494659851,0.113764253073949,1,0.093424246503926,0.234654363535958
KEGG_GAP_JUNCTION,4,1.67688392540181,0.0096191671027142,0.75,0.0935651820651714,0.234770543333607
GOBP_MICROTUBULE_ORGANIZING_CENTER_ORGANIZATION,4,-1.67674221692343,-0.0729033735245148,1,0.0935929013836824,0.234770543333607
GOBP_RESPONSE_TO_CADMIUM_ION,4,1.67666868245625,0.0114345197281669,0.5,0.0936072879129724,0.234770543333607
GOBP_DENDRITIC_SPINE_MAINTENANCE,4,-1.6756044459555,-0.0395913037039336,0.75,0.0938156973854405,0.235084698773196
GOBP_NEGATIVE_REGULATION_OF_STRIATED_MUSCLE_CELL_APOPTOTIC_PROCESS,4,-1.67527679147895,-0.127120267992325,0.75,0.0938799368445666,0.235084698773196
GOBP_REGULATION_OF_LIPID_KINASE_ACTIVITY,4,-1.67519702291962,-0.0620231246471648,0.75,0.0938955814903133,0.235084698773196
GOBP_VIRAL_TRANSCRIPTION,4,-1.67509714560775,-0.0903014622862801,0.75,0.0939151729222108,0.235084698773196
REACTOME_RNA_POLYMERASE_I_TRANSCRIPTION_TERMINATION,4,-1.6738851309636,-0.102161694364484,0.75,0.0941531769794765,0.235499163457434
REACTOME_SUMOYLATION_OF_CHROMATIN_ORGANIZATION_PROTEINS,4,-1.67378824566931,-0.126019532770431,0.75,0.0941722232586631,0.235499163457434
GOBP_POSITIVE_REGULATION_OF_IMMUNE_EFFECTOR_PROCESS,4,-1.67299634092222,-0.0294331895712162,1,0.0943280163713777,0.235774250629235
REACTOME_INTERLEUKIN_3_INTERLEUKIN_5_AND_GM_CSF_SIGNALING,4,-1.67202285821103,-0.0981864408051571,1,0.0945198147297237,0.235965825359531
REACTOME_TRANSPORT_OF_THE_SLBP_DEPENDANT_MATURE_MRNA,4,-1.67198275810878,-0.125835061296433,0.75,0.0945277220649353,0.235965825359531
GOBP_RNA_5_END_PROCESSING,4,-1.67190962945406,-0.0583255843361932,0.75,0.0945421436622087,0.235965825359531
KEGG_B_CELL_RECEPTOR_SIGNALING_PATHWAY,4,-1.67100392344167,-0.0802048333125993,0.75,0.0947209028525318,0.236297446118065
GOBP_NEGATIVE_REGULATION_OF_CELL_PROJECTION_ORGANIZATION,4,1.67028630639276,0.0460426406276886,0.75,0.0948627311572743,0.236536659917097
GOBP_POSITIVE_REGULATION_OF_DNA_BIOSYNTHETIC_PROCESS,4,-1.66986435759611,-0.0815540316172872,1,0.094946203622949,0.23663020447946
GOBP_PEPTIDYL_LYSINE_DIMETHYLATION,4,-1.66884049548581,-0.103784385800578,0.75,0.0951489948683238,0.236924543695331
GOBP_NEGATIVE_REGULATION_OF_INNATE_IMMUNE_RESPONSE,4,-1.66839060733279,-0.0389302779615911,1,0.0952382116124352,0.236924543695331
REACTOME_APOPTOSIS,4,1.66799848043711,0.0123860719225797,0.75,0.0953160284354191,0.236924543695331
GOBP_REGULATION_OF_CATECHOLAMINE_METABOLIC_PROCESS,4,-1.66795894609581,-0.0528892663926675,0.75,0.0953238767738748,0.236924543695331
REACTOME_TRANSLATION_OF_SARS_COV_2_STRUCTURAL_PROTEINS,4,1.66784478181985,0.0564549395553431,0.75,0.0953465435163897,0.236924543695331
GOBP_RIBONUCLEOSIDE_METABOLIC_PROCESS,4,-1.66767120762985,-0.0945132665448588,0.75,0.0953810140686247,0.236924543695331
GOBP_L_GLUTAMATE_IMPORT_ACROSS_PLASMA_MEMBRANE,4,1.66728821125774,0.0555156929008025,0.75,0.095457109625999,0.236924543695331
GOBP_SALIVARY_GLAND_DEVELOPMENT,4,1.66709760791638,0.0863587229718837,0.75,0.0954949977257856,0.236924543695331
GOBP_LYMPHOCYTE_APOPTOTIC_PROCESS,4,1.66698161352169,0.00377080832088458,0.5,0.0955180609652496,0.236924543695331
GOBP_PURINE_CONTAINING_COMPOUND_CATABOLIC_PROCESS,4,1.66685432454033,-0.0276076757461472,0.25,0.0955433750471112,0.236924543695331
REACTOME_HCMV_INFECTION,4,-1.66671818161525,-0.0662184435078053,0.75,0.0955704558662268,0.236924543695331
GOBP_NEGATIVE_REGULATION_OF_ADENYLATE_CYCLASE_ACTIVITY,4,-1.66636109510741,-0.00512353053417746,0.5,0.0956415147970934,0.236986602353337
GOBP_MICROGLIAL_CELL_ACTIVATION,4,1.66606402434663,0.0987289988716141,0.75,0.0957006630390986,0.237019102447484
GOBP_COLLAGEN_ACTIVATED_SIGNALING_PATHWAY,3,1.66576551588127,0.0659573415637346,0.666666666666667,0.0957601270300584,0.237052352922005
GOBP_NEGATIVE_REGULATION_OF_PROTEIN_CATABOLIC_PROCESS,4,-1.66277349302489,-0.0817255835457742,0.75,0.0963577844981493,0.238252183054788
GOBP_REGULATION_OF_HIPPO_SIGNALING,4,1.66254414707215,-0.0070553790186579,0.5,0.0964037193004357,0.238252183054788
GOBP_MACROPHAGE_CYTOKINE_PRODUCTION,4,-1.66249371427539,-0.102009703356491,0.75,0.0964138226372093,0.238252183054788
GOBP_FAT_SOLUBLE_VITAMIN_METABOLIC_PROCESS,4,1.66241347510876,0.0545407555301407,0.75,0.0964298989097259,0.238252183054788
GOBP_TRICARBOXYLIC_ACID_CYCLE,4,1.6614279314319,0.0602342221233525,1,0.0966275319445823,0.238625976970098
GOBP_RESPONSE_TO_LITHIUM_ION,4,-1.65999200542656,-0.0775741825724198,0.5,0.0969160608343368,0.239223776239693
GOBP_DIGESTIVE_SYSTEM_DEVELOPMENT,4,-1.65961938091102,-0.0172618232930217,0.75,0.0969910469101024,0.239288632742673
GOBP_NEURAL_CREST_FORMATION,3,-1.65939967551908,-0.0950863346983137,0.666666666666667,0.0970352816404545,0.239288632742673
GOBP_RIG_I_SIGNALING_PATHWAY,4,-1.65900774000876,-0.0609516410963813,1,0.0971142326476838,0.239368685448982
GOBP_REGULATION_OF_MEIOTIC_CELL_CYCLE,4,1.65829346489436,0.0102973778432622,0.75,0.0972582474339173,0.239608955041742
GOBP_GLIAL_CELL_PROLIFERATION,4,1.65806238643069,0.0508932293228319,0.5,0.0973048748621689,0.239609182527646
GOBP_VESICLE_DOCKING,4,1.65757926364965,0.0559832271929392,1,0.0974024179831577,0.239734727626806
GOBP_REGULATION_OF_T_CELL_MEDIATED_CYTOTOXICITY,4,-1.65732725648815,-0.0500194928135575,0.5,0.0974533295682749,0.239745434279526
GOBP_AXONAL_FASCICULATION,4,1.65582487540791,0.215421310737242,0.75,0.0977572886812632,0.240350346937235
GOBP_RESPONSE_TO_TUMOR_NECROSIS_FACTOR,4,-1.65565069956486,-0.0538505385400794,0.75,0.0977925765844839,0.240350346937235
GOBP_REGULATION_OF_CELL_COMMUNICATION_BY_ELECTRICAL_COUPLING,3,1.65462410265759,0.0496949245017031,1,0.0980007712331482,0.240747123606622
REACTOME_TP53_REGULATES_TRANSCRIPTION_OF_CELL_DEATH_GENES,4,-1.65408773925079,-0.0692776604110463,1,0.0981096868952639,0.240899750988896
GOBP_CARDIAC_MUSCLE_TISSUE_MORPHOGENESIS,4,1.65337513655022,0.00602151892119449,0.5,0.0982545398166855,0.241140431609206
GOBP_PLACENTA_DEVELOPMENT,4,-1.65289902223429,-0.0631362099688188,0.75,0.0983514161786935,0.241263192903332
REACTOME_OVARIAN_TUMOR_DOMAIN_PROTEASES,4,-1.65257559337658,-0.0687638216745374,0.75,0.0984172686874823,0.241281667047682
REACTOME_METABOLISM_OF_PORPHYRINS,4,1.65229975582789,0.0783363485779827,0.5,0.0984734590703739,0.241281667047682
GOBP_REGULATION_OF_ENDOTHELIAL_CELL_CHEMOTAXIS,4,1.65200934482855,0.0703812595289729,1,0.0985326458667672,0.241281667047682
GOBP_NUCLEOBASE_CONTAINING_SMALL_MOLECULE_CATABOLIC_PROCESS,4,-1.65194194215415,-0.104814389112884,0.75,0.0985463868326423,0.241281667047682
KEGG_TYPE_I_DIABETES_MELLITUS,4,-1.65120622280087,-0.0416217601755296,0.5,0.0986964729047978,0.241352508936977
GOBP_RNA_PHOSPHODIESTER_BOND_HYDROLYSIS,4,-1.65116419876932,-0.0701113109324523,1,0.0987050512753384,0.241352508936977
GOBP_REGULATION_OF_PROTEIN_GLYCOSYLATION,1,-1.65111085255635,-0.138704055753892,1,0.0987159417015485,0.241352508936977
REACTOME_ER_QUALITY_CONTROL_COMPARTMENT_ERQC,4,-1.64955156921805,-0.122757898897855,0.75,0.0990346874841432,0.242016898839987
GOBP_RIBOSOMAL_LARGE_SUBUNIT_BIOGENESIS,4,-1.64859117709931,-0.116171375328558,0.75,0.0992314174731964,0.242382622661048
REACTOME_CHROMOSOME_MAINTENANCE,4,-1.64808254249511,-0.0931068730141613,1,0.0993357341615908,0.242522377998118
GOBP_BLASTODERM_SEGMENTATION,4,1.64778398185071,0.139196252614655,0.75,0.0993970071874682,0.242556962089229
GOBP_POSITIVE_REGULATION_OF_NON_CANONICAL_WNT_SIGNALING_PATHWAY,2,1.64753159524635,0.0318675757840061,0.5,0.0994488275211321,0.242568457084941
GOBP_MYELOID_LEUKOCYTE_DIFFERENTIATION,4,1.64713052652166,0.0275208839349529,0.75,0.0995312197928464,0.242618805608671
GOBP_REGULATION_OF_ADENYLATE_CYCLASE_ACTIVATING_G_PROTEIN_COUPLED_RECEPTOR_SIGNALING_PATHWAY,1,1.64689956067893,0.104632013415081,1,0.099578692226901,0.242618805608671
GOBP_FLAVONOID_METABOLIC_PROCESS,1,1.64674325997398,0.0686654342099287,1,0.0996108283271958,0.242618805608671
KEGG_GLYCOSPHINGOLIPID_BIOSYNTHESIS_GANGLIO_SERIES,3,1.6456869173493,0.039592591049999,0.666666666666667,0.0998282338839968,0.243033369394184
GOBP_MITOCHONDRIAL_CYTOCHROME_C_OXIDASE_ASSEMBLY,2,1.64462044714588,0.13328734772361,1,0.100048107521859,0.2433768173134
GOBP_DNA_DEPENDENT_DNA_REPLICATION_MAINTENANCE_OF_FIDELITY,4,-1.64454420086111,-0.0127955945716558,0.5,0.100063841960083,0.2433768173134
REACTOME_NOTCH_HLH_TRANSCRIPTION_PATHWAY,4,-1.64296727032039,-0.0991559548726569,0.5,0.100389705239577,0.244054104003107
GOBP_RESPONSE_TO_DIETARY_EXCESS,4,-1.64229446089968,-0.0543672574157818,0.5,0.100528994490083,0.24427739151932
GOBP_REGULATION_OF_SISTER_CHROMATID_COHESION,4,1.64121992178053,0.0201842459767043,0.5,0.100751771766859,0.244703241899792
GOBP_MYELOID_DENDRITIC_CELL_ACTIVATION,4,1.64076174755569,0.110616963634478,0.75,0.10084688163383,0.244818761684389
GOBP_S_ADENOSYLMETHIONINE_METABOLIC_PROCESS,2,-1.64053160503313,-0.0819225817235221,0.5,0.10089468263925,0.244819378373939
GOBP_DENDRITIC_SPINE_MORPHOGENESIS,4,1.63979939877111,0.0790359471468708,1,0.101046883256552,0.245073199193587
REACTOME_SARS_COV_2_INFECTION,4,1.63869454999017,0.026275914085685,0.75,0.101276889663864,0.245426661288926
GOBP_RESPONSE_TO_DOPAMINE,4,1.63864147078358,0.0239423034318297,0.75,0.101287950133806,0.245426661288926
GOBP_MATERNAL_PROCESS_INVOLVED_IN_FEMALE_PREGNANCY,4,1.63828617102285,0.0539927453874004,0.75,0.10136201110134,0.245490590386078
GOBP_MULTICELLULAR_ORGANISMAL_MOVEMENT,4,-1.63480508673659,-0.0553500618655348,1,0.102089914101509,0.247024436863627
GOBP_MIDBRAIN_DEVELOPMENT,4,1.63479857227908,0.0520952579947195,0.75,0.102091280179801,0.247024436863627
KEGG_DRUG_METABOLISM_CYTOCHROME_P450,4,-1.63371781195522,-0.00780982244248253,0.75,0.102318116541833,0.247429645085317
GOBP_NEGATIVE_REGULATION_OF_NITRIC_OXIDE_METABOLIC_PROCESS,1,1.6335050450838,0.138709123297473,1,0.102362820523221,0.247429645085317
GOBP_SKELETAL_MUSCLE_ADAPTATION,4,-1.63331431279991,-0.142066898725988,0.75,0.102402908074735,0.247429645085317
GOBP_REGULATION_OF_SYSTEMIC_ARTERIAL_BLOOD_PRESSURE_BY_HORMONE,4,1.63281393630725,0.056204344425582,1,0.102508135109071,0.247567724050942
REACTOME_ABERRANT_REGULATION_OF_MITOTIC_EXIT_IN_CANCER_DUE_TO_RB1_DEFECTS,3,-1.63223037980594,-0.123581346744005,0.666666666666667,0.102630963188752,0.247748161959159
REACTOME_MTOR_SIGNALLING,4,-1.63191156423888,-0.101360322229398,0.5,0.102698117532053,0.247794098956205
GOBP_RESPONSE_TO_NERVE_GROWTH_FACTOR,4,1.63074507333134,0.0581489303267224,0.75,0.102944121581381,0.248271326474254
GOBP_NEGATIVE_REGULATION_OF_REGULATED_SECRETORY_PATHWAY,4,-1.62868465592529,-0.0423520502824835,0.5,0.103379792653045,0.24920531478021
GOBP_SULFATION,4,1.628145110726,0.152839794399444,0.75,0.103494120218854,0.24930599085151
GOBP_RESPONSE_TO_SALT,4,-1.62803061871176,-0.125020319075724,0.75,0.103518393560017,0.24930599085151
REACTOME_N_GLYCAN_ANTENNAE_ELONGATION_IN_THE_MEDIAL_TRANS_GOLGI,4,1.62594186669222,0.105389872079401,0.75,0.103962022670493,0.249895547411769
GOBP_POSITIVE_REGULATION_OF_NEUROINFLAMMATORY_RESPONSE,1,1.62584818713531,0.122635290070344,1,0.103981954567598,0.249895547411769
GOBP_PROTEIN_KINASE_C_SIGNALING,4,-1.62584525203909,-0.0501360034097505,0.5,0.103982579107601,0.249895547411769
GOBP_LINOLEIC_ACID_METABOLIC_PROCESS,4,1.62576637063639,0.0640023702005733,0.75,0.103999364883794,0.249895547411769
GOBP_MESENCHYMAL_CELL_DEVELOPMENT,4,1.62573586457103,0.0484305505625817,0.75,0.104005857079709,0.249895547411769
REACTOME_CELLULAR_HEXOSE_TRANSPORT,4,-1.62476548425689,-0.10797921639925,0.75,0.104212538154878,0.25027535399229
GOBP_REGULATION_OF_GASTRULATION,2,-1.62380613255548,-0.119343590060112,1,0.104417190827391,0.250649937328781
GOBP_CELL_DIFFERENTIATION_IN_SPINAL_CORD,4,-1.62335582639321,-0.0523170534043005,1,0.104513361915658,0.250756900348546
GOBP_NEGATIVE_REGULATION_OF_AUTOPHAGOSOME_ASSEMBLY,3,-1.62289450659474,-0.0554220770440546,0.666666666666667,0.104611958095545,0.250756900348546
REACTOME_NEGATIVE_REGULATION_OF_FGFR3_SIGNALING,4,1.6227181332088,-0.00111935526409794,0.25,0.104649673240334,0.250756900348546
GOBP_REGULATION_OF_PROTEIN_LOCALIZATION_TO_CELL_SURFACE,4,1.62268597712176,0.0305047815684099,1,0.104656550563027,0.250756900348546
REACTOME_SUMOYLATION_OF_UBIQUITINYLATION_PROTEINS,4,-1.62169829282116,-0.120358624414293,0.75,0.104867964535281,0.251146581112633
GOBP_REGULATION_OF_BEHAVIOR,4,-1.62120785458042,0.000680859417440566,0.75,0.104973068814088,0.251215902815841
REACTOME_EXTRA_NUCLEAR_ESTROGEN_SIGNALING,4,1.62110795230209,0.012556491568318,0.5,0.104994488805533,0.251215902815841
GOBP_NEGATIVE_REGULATION_OF_PROTEIN_TYROSINE_KINASE_ACTIVITY,4,1.62087563184226,-0.000288726305704267,0.25,0.105044313920173,0.251218380109135
REACTOME_ROLE_OF_LAT2_NTAL_LAB_ON_CALCIUM_MOBILIZATION,4,-1.62052503182065,-0.112297828804317,1,0.105119541649724,0.251271618809144
GOBP_NEGATIVE_REGULATION_OF_HEMOPOIESIS,4,1.6203171101835,0.0341199546595036,0.75,0.105164175283299,0.251271618809144
REACTOME_PYROPTOSIS,4,-1.61861816038699,0.0140703778549061,0.5,0.105529445246,0.252027418168671
REACTOME_INTERLEUKIN_6_FAMILY_SIGNALING,4,1.616327656333,-0.0363843531241482,0.25,0.106023490380925,0.253063348335358
GOBP_REGULATION_OF_KERATINOCYTE_PROLIFERATION,4,1.61615174824366,0.0675834409504505,0.75,0.106061508197262,0.253063348335358
GOBP_NEGATIVE_REGULATION_OF_NUCLEOCYTOPLASMIC_TRANSPORT,4,1.61559851456782,-0.0463549777659374,0.25,0.106181145288435,0.253231457661025
REACTOME_MRNA_CAPPING,4,-1.61532359821285,-0.130447066745687,1,0.106240635889079,0.253256034348551
GOBP_LOCOMOTORY_EXPLORATION_BEHAVIOR,2,1.61473153785876,0.0400874727067483,0.5,0.106368844694512,0.253444322689516
GOBP_VASCULAR_ASSOCIATED_SMOOTH_MUSCLE_CELL_DIFFERENTIATION,4,-1.61413281214204,-0.0861539857915795,0.75,0.106498621570694,0.253636171354071
GOBP_CHEMICAL_HOMEOSTASIS_WITHIN_A_TISSUE,3,1.61273521931925,0.0470520024928491,1,0.106802045440956,0.254241207570726
GOBP_CELLULAR_RESPONSE_TO_OSMOTIC_STRESS,4,1.61209714195546,0.0507014108868004,0.75,0.106940802585089,0.254453878239659
GOBP_PROTEIN_HETEROTETRAMERIZATION,2,-1.61124106375805,-0.133316807318538,1,0.107127190817921,0.254779633035323
GOBP_REGULATION_OF_INSULIN_RECEPTOR_SIGNALING_PATHWAY,4,-1.61073997138205,-0.0398253365832515,0.75,0.107236409694139,0.2549216405887
GOBP_NEGATIVE_REGULATION_OF_TRANSCRIPTION_REGULATORY_REGION_DNA_BINDING,4,1.60998407447925,0.083845626045065,0.75,0.10740133303379,0.255195876230266
KEGG_TYROSINE_METABOLISM,4,1.60729739760842,0.0205423103784076,0.75,0.107989144911564,0.256474219164964
REACTOME_PKA_ACTIVATION_IN_GLUCAGON_SIGNALLING,4,1.60516696461857,0.0705403512906696,0.75,0.108457065480021,0.257466772778527
GOBP_REGULATION_OF_PROTEIN_K63_LINKED_UBIQUITINATION,3,-1.60457601251933,-0.183049703070027,0.666666666666667,0.108587143885358,0.257656775974981
GOBP_POSITIVE_REGULATION_OF_OXIDATIVE_STRESS_INDUCED_CELL_DEATH,4,-1.60365007066062,-0.0885904900569921,0.75,0.108791207304477,0.258008762641377
GOBP_REGULATION_OF_PROTEIN_BINDING,4,1.60330117970511,0.0279659630491948,0.75,0.108868176173371,0.258008762641377
REACTOME_FCGAMMA_RECEPTOR_FCGR_DEPENDENT_PHAGOCYTOSIS,4,1.60292209043511,0.037788895512093,0.75,0.108951855915423,0.258008762641377
GOBP_REGULATION_OF_NEURON_DIFFERENTIATION,4,1.6028409137517,0.0236636856738349,0.5,0.108969781377216,0.258008762641377
GOBP_LIPID_HOMEOSTASIS,4,-1.60264050991288,-0.0358417789912459,0.75,0.109014044605901,0.258008762641377
GOBP_SEMAPHORIN_PLEXIN_SIGNALING_PATHWAY,4,1.60254051131495,0.0825134705612403,0.75,0.109036136629955,0.258008762641377
HALLMARK_PEROXISOME,4,1.60191316344327,0.00994676593131835,0.75,0.10917481321002,0.258148166116805
REACTOME_PIWI_INTERACTING_RNA_PIRNA_BIOGENESIS,4,-1.60182044516757,-0.0664249559142861,0.75,0.109195320606409,0.258148166116805
GOBP_CHONDROITIN_SULFATE_PROTEOGLYCAN_BIOSYNTHETIC_PROCESS,4,1.60109205499877,0.0249160102955519,0.5,0.10935653167191,0.258399495303485
GOBP_EMBRYONIC_FORELIMB_MORPHOGENESIS,4,1.60088677017039,0.124800393181758,0.75,0.109402000342124,0.258399495303485
REACTOME_INFECTION_WITH_MYCOBACTERIUM_TUBERCULOSIS,4,-1.60063823745466,-0.0968535534244051,0.5,0.109457068014969,0.258411023938136
KEGG_AMYOTROPHIC_LATERAL_SCLEROSIS_ALS,4,1.6001663887938,0.099147015384467,0.75,0.109561676344461,0.258539446149234
GOBP_NEGATIVE_REGULATION_OF_OXIDATIVE_STRESS_INDUCED_NEURON_DEATH,4,1.59989392492741,0.0263244202539334,0.75,0.109622117267281,0.258563573893371
GOBP_NUCLEOBASE_METABOLIC_PROCESS,4,-1.59875163456253,-0.116374549639453,0.75,0.109875799561263,0.259043265540726
GOBP_NEURAL_NUCLEUS_DEVELOPMENT,4,1.59686657828972,0.0504694655006483,0.75,0.110295451168048,0.259913628404704
GOBP_LEUKOCYTE_ADHESION_TO_VASCULAR_ENDOTHELIAL_CELL,4,1.59624405118179,0.130169313221986,0.75,0.110434316053062,0.259937342997238
REACTOME_REGULATION_OF_TLR_BY_ENDOGENOUS_LIGAND,4,1.59595962828879,0.0584577279460071,0.75,0.110497807188811,0.259937342997238
REACTOME_RESPONSE_OF_MTB_TO_PHAGOCYTOSIS,4,-1.59587577492752,-0.102204577576477,0.5,0.110516531103493,0.259937342997238
GOBP_NEGATIVE_REGULATION_OF_ERK1_AND_ERK2_CASCADE,4,-1.59584010248966,-0.0430145404073424,0.75,0.110524497288499,0.259937342997238
GOBP_NEGATIVE_REGULATION_OF_ATP_DEPENDENT_ACTIVITY,4,-1.59569041388326,-0.0803621176362846,0.75,0.11055792992114,0.259937342997238
REACTOME_FORMATION_OF_TUBULIN_FOLDING_INTERMEDIATES_BY_CCT_TRIC,4,1.5937909898768,0.0259059531191595,0.75,0.110982856284367,0.260817310364311
GOBP_REGULATION_OF_SPROUTING_ANGIOGENESIS,4,1.5930218810386,-0.00925611805730867,0.5,0.111155282453982,0.261103352808191
REACTOME_DEPOSITION_OF_NEW_CENPA_CONTAINING_NUCLEOSOMES_AT_THE_CENTROMERE,4,1.59119756458308,0.0341418113352248,0.5,0.1115651208092,0.261946560440754
GOBP_RESPONSE_TO_ACTIVITY,4,1.5906632062085,-0.00314252707434791,0.75,0.111685391582775,0.262109426280633
GOBP_MEGAKARYOCYTE_DEVELOPMENT,2,-1.59032635427296,-0.0863603559380247,0.5,0.111761261124191,0.262167987940072
GOBP_ORGANISM_EMERGENCE_FROM_PROTECTIVE_STRUCTURE,4,-1.58887870081569,-0.0885875518941288,0.75,0.112087780699559,0.262814199827882
GOBP_POSITIVE_REGULATION_OF_RELEASE_OF_SEQUESTERED_CALCIUM_ION_INTO_CYTOSOL,4,-1.58805674768286,-0.0357900555545784,1,0.112273507580427,0.263129854588812
GOBP_POSITIVE_REGULATION_OF_MUSCLE_CELL_APOPTOTIC_PROCESS,4,-1.58765849980446,-0.0453305403874983,0.75,0.112363582103536,0.263164378828048
GOBP_REGULATION_OF_ACTIN_CYTOSKELETON_REORGANIZATION,4,1.58749923604767,0.0566863414139123,0.75,0.1123996198533,0.263164378828048
REACTOME_INACTIVATION_OF_CSF3_G_CSF_SIGNALING,4,-1.58731390300477,-0.165004594659528,0.75,0.112441567959158,0.263164378828048
GOBP_INSULIN_SECRETION,4,-1.58597018536749,-0.0369645993544274,1,0.112746073012035,0.263661958647633
GOBP_GASTRIC_ACID_SECRETION,3,-1.5859238691341,0.0154664088310969,0.333333333333333,0.112756580489821,0.263661958647633
GOBP_ANTIMICROBIAL_HUMORAL_RESPONSE,4,1.58408998560623,0.0754782042256709,0.75,0.113173242982081,0.264516127151491
GOBP_POSITIVE_REGULATION_OF_CARDIOCYTE_DIFFERENTIATION,2,-1.58327515968901,-0.093833784563964,1,0.113358762099489,0.264829521801393
GOBP_RESPONSE_TO_INTERFERON_BETA,4,1.5830057073959,0.0663475432619735,0.75,0.11342016353352,0.264852799108432
GOBP_IRON_ION_HOMEOSTASIS,4,1.58276086267439,0.0496095656466512,0.75,0.113475980234423,0.264863020048524
GOBP_NEGATIVE_REGULATION_OF_GLUCOSE_TRANSMEMBRANE_TRANSPORT,4,1.5816797008373,0.0280526117006681,0.75,0.113722709026985,0.265318635604869
GOBP_NEURON_DEATH_IN_RESPONSE_TO_OXIDATIVE_STRESS,4,1.58033816367652,0.0519954910655425,0.75,0.1140294444336,0.265913772368029
REACTOME_RNA_POLYMERASE_I_TRANSCRIPTION,4,-1.5782197322069,-0.0924631260320964,0.75,0.114515138605569,0.266925508682696
GOBP_BICARBONATE_TRANSPORT,4,1.57762338353295,0.0179233099150147,0.5,0.114652157107522,0.267123962419289
GOBP_MUSCLE_CELL_MIGRATION,4,1.57723617857561,0.081565682270395,0.75,0.114741191297938,0.267210490272766
GOBP_RNA_POLYADENYLATION,4,-1.57671918801485,-0.0861142350238647,0.75,0.114860153281205,0.267366604541106
REACTOME_FORMATION_OF_THE_BETA_CATENIN_TCF_TRANSACTIVATING_COMPLEX,4,-1.57646158015284,-0.0939715099047201,0.75,0.114919466283554,0.267383792089481
GOBP_POSTSYNAPTIC_SIGNAL_TRANSDUCTION,4,1.57386298704659,0.0295903169742286,0.75,0.115519128436873,0.268502095168655
GOBP_MITOCHONDRIAL_TRANSLATION,4,-1.57376602587553,-0.0595723289375189,0.75,0.115541551122501,0.268502095168655
GOBP_POSITIVE_REGULATION_OF_OXIDOREDUCTASE_ACTIVITY,4,1.57370120307882,0.03867236365193,0.75,0.115556543580062,0.268502095168655
GOBP_REGULATION_OF_CARDIAC_MUSCLE_CELL_DIFFERENTIATION,3,-1.57293569934302,-0.0642805573766944,1,0.11573370783641,0.268792449999854
GOBP_PROTEIN_IMPORT,4,-1.57166226438781,-0.0879704413201761,0.75,0.116028898044025,0.269269774610502
GOBP_IMMUNOLOGICAL_MEMORY_PROCESS,4,-1.57159795893056,-0.067403746143338,0.75,0.116043820132201,0.269269774610502
GOBP_ETHER_METABOLIC_PROCESS,4,1.57074127027828,0.0465322605322788,0.75,0.116242758738559,0.269609894029207
REACTOME_DISEASES_OF_DNA_REPAIR,4,-1.56970874809363,-0.0614914044325857,0.75,0.116482885086285,0.269931787814263
REACTOME_PI3K_AKT_SIGNALING_IN_CANCER,4,-1.56969368097107,-0.0612198393434318,0.75,0.116486392022391,0.269931787814263
GOBP_MUSCLE_CELL_PROLIFERATION,4,-1.56853373016122,-0.048353275442994,0.75,0.116756624521622,0.270390480613353
GOBP_REGULATION_OF_CYTOPLASMIC_TRANSPORT,4,-1.568393347183,-0.113728090901178,0.75,0.116789362766381,0.270390480613353
GOBP_LYMPHOCYTE_ACTIVATION_INVOLVED_IN_IMMUNE_RESPONSE,4,-1.56816486706189,-0.031523474845456,0.75,0.116842661265989,0.270392297913968
GOBP_HEART_GROWTH,4,-1.56750070133454,-0.0764706354573083,0.75,0.116997702415481,0.270629456306069
GOBP_REGULATION_OF_AUTOPHAGY_OF_MITOCHONDRION,4,-1.56552507303515,-0.116314055887583,0.5,0.117459843084886,0.271576440073676
GOBP_KILLING_OF_CELLS_OF_ANOTHER_ORGANISM,4,1.56470739876629,0.077191951511632,0.75,0.117651532862703,0.271827337155757
GOBP_ESTABLISHMENT_OF_PROTEIN_LOCALIZATION_TO_PLASMA_MEMBRANE,4,-1.56461187241866,-0.0217057822311896,0.75,0.117673943390985,0.271827337155757
GOBP_PEPTIDYL_LYSINE_TRIMETHYLATION,4,-1.56394217472845,-0.111459505584023,0.75,0.117831148876275,0.272068424019703
GOBP_NEGATIVE_REGULATION_OF_INTRACELLULAR_TRANSPORT,4,1.5633101057547,-0.0300735222971707,0.5,0.117979672472396,0.27224220696016
GOBP_PHAGOLYSOSOME_ASSEMBLY,3,-1.5631587023299,-0.0342476406152989,0.666666666666667,0.118015271050969,0.27224220696016
GOBP_GLUCOSE_6_PHOSPHATE_METABOLIC_PROCESS,4,1.56285296817726,0.0670507950213985,1,0.118087182175468,0.27224220696016
REACTOME_SUMOYLATION_OF_DNA_METHYLATION_PROTEINS,4,-1.56272239496402,-0.136640242587483,0.75,0.118117904515245,0.27224220696016
GOBP_PIGMENT_GRANULE_ORGANIZATION,4,1.56244443731174,0.0719310664062417,0.75,0.118183325557775,0.272271115569121
GOBP_CARTILAGE_DEVELOPMENT,4,1.56164065838932,0.0412571739545151,0.75,0.118372665585046,0.272493519277783
REACTOME_TRP_CHANNELS,4,1.56158533484903,0.0539803048549614,0.75,0.118385706472014,0.272493519277783
KEGG_GLYCOSYLPHOSPHATIDYLINOSITOL_GPI_ANCHOR_BIOSYNTHESIS,4,1.55966623229254,0.0166714598233852,0.5,0.118838775904678,0.273397031818719
GOBP_REGULATION_OF_T_CELL_MEDIATED_IMMUNITY,4,-1.55933881019619,0.00128801638074574,0.75,0.118916210585271,0.273397031818719
GOBP_IMPORT_INTO_NUCLEUS,4,-1.55924868563313,-0.0935944246312491,0.75,0.118937531806939,0.273397031818719
REACTOME_MRNA_DECAY_BY_3_TO_5_EXORIBONUCLEASE,2,-1.5568250066842,-0.10000430013905,1,0.119512038347122,0.274595040361146
REACTOME_METABOLISM_OF_CARBOHYDRATES,4,1.5556661244781,0.0100535994433619,0.75,0.119787505887483,0.275088859749135
GOBP_RESPONSE_TO_SALT_STRESS,4,1.55529633639289,0.0745533090433928,0.75,0.119875509496501,0.275088859749135
GOBP_NEGATIVE_REGULATION_OF_MICROTUBULE_POLYMERIZATION_OR_DEPOLYMERIZATION,4,-1.55524705923537,-0.0374729299127793,0.75,0.119887240488844,0.275088859749135
GOBP_POSITIVE_REGULATION_OF_POTASSIUM_ION_TRANSMEMBRANE_TRANSPORTER_ACTIVITY,4,-1.55307200519221,-0.00374679620490006,0.75,0.120405933284079,0.276155969033285
GOBP_REGULATION_OF_ENDOTHELIAL_CELL_MIGRATION,4,-1.55273909972072,-0.0609778464498734,0.75,0.120485477210825,0.276215370506917
HALLMARK_REACTIVE_OXYGEN_SPECIES_PATHWAY,4,1.55245013342595,0.0358448186292863,0.75,0.120554555720888,0.276250737608745
GOBP_FORMATION_OF_PRIMARY_GERM_LAYER,4,1.55177681784873,0.0351639559212242,0.75,0.120715634681648,0.276496798476783
GOBP_POSITIVE_REGULATION_OF_ISOTYPE_SWITCHING,4,-1.55100951725149,-0.030196062503679,0.75,0.120899403204795,0.276794587417292
GOBP_HETEROPHILIC_CELL_CELL_ADHESION_VIA_PLASMA_MEMBRANE_CELL_ADHESION_MOLECULES,4,1.55064779906621,0.0917008689348352,0.75,0.120986110611258,0.276869992683275
GOBP_REGULATION_OF_MACROAUTOPHAGY,4,-1.55001624071431,-0.0853936065688319,0.75,0.121137617989391,0.277064377583428
GOBP_GOLGI_TO_PLASMA_MEMBRANE_TRANSPORT,4,-1.54979872640239,-0.0549757207643013,0.75,0.12118983282683,0.277064377583428
GOBP_REGULATION_OF_LIPOPROTEIN_LIPASE_ACTIVITY,4,1.5493493275694,0.0164584322393935,0.5,0.121297767869511,0.277064377583428
GOBP_MESONEPHRIC_TUBULE_MORPHOGENESIS,4,1.54911529374693,0.0310528700492272,0.75,0.121354007063724,0.277064377583428
GOBP_MITOCHONDRIAL_TRANSMEMBRANE_TRANSPORT,4,1.54906449405808,-0.0127280674947065,0.5,0.121366217110601,0.277064377583428
GOBP_GLYCEROLIPID_BIOSYNTHETIC_PROCESS,4,-1.54886926974679,-0.0881793696985133,0.75,0.121413149529009,0.277064377583428
REACTOME_NOD1_2_SIGNALING_PATHWAY,4,-1.54863489042564,-0.0619392362619654,0.75,0.121469513660022,0.277064377583428
REACTOME_ACTIVATED_NOTCH1_TRANSMITS_SIGNAL_TO_THE_NUCLEUS,4,-1.54850180536129,-0.0375652843504143,0.75,0.121501527400152,0.277064377583428
GOBP_PULMONARY_VALVE_MORPHOGENESIS,4,1.54806921304954,0.0168362442614607,0.5,0.121605633481309,0.277179020272359
REACTOME_SIGNALING_BY_MET,4,1.54758308275355,0.0575154895632201,0.75,0.121722707041374,0.27730281551475
GOBP_VENTRICULAR_CARDIAC_MUSCLE_TISSUE_DEVELOPMENT,4,1.54739653197336,0.0217831261951708,0.75,0.121767656997252,0.27730281551475
GOBP_REGULATION_OF_SMOOTH_MUSCLE_CONTRACTION,4,-1.5470644893055,-0.0215557338952849,0.75,0.121847695756306,0.277362416202131
GOBP_CHLORIDE_TRANSPORT,4,1.54439973273841,0.0410952182008387,0.75,0.122491524758873,0.278704755184903
GOBP_REGULATION_OF_CD4_POSITIVE_ALPHA_BETA_T_CELL_DIFFERENTIATION,4,-1.54341071858129,-0.0762826364144387,0.75,0.12273115466538,0.27912664106539
GOBP_POSITIVE_REGULATION_OF_MAST_CELL_ACTIVATION,4,-1.54312808674671,-0.0691688489947847,0.75,0.122799701247162,0.279159232548185
GOBP_POSITIVE_REGULATION_OF_DNA_RECOMBINATION,4,-1.54124596254245,-0.0529402011954281,0.75,0.123256935000394,0.280075003670357
GOBP_MITOCHONDRIAL_RNA_METABOLIC_PROCESS,4,-1.53957584298191,-0.0404661692891164,0.75,0.123663777620642,0.280582579935271
REACTOME_SIGNALING_BY_FLT3_ITD_AND_TKD_MUTANTS,4,-1.53943371075573,-0.148700480789451,0.75,0.123698449499961,0.280582579935271
GOBP_RIBONUCLEOSIDE_DIPHOSPHATE_METABOLIC_PROCESS,4,1.53927559589334,-0.00934138425211652,0.5,0.123737029114664,0.280582579935271
GOBP_MOTILE_CILIUM_ASSEMBLY,4,-1.53926075448643,-0.0393241879484326,1,0.123740650861383,0.280582579935271
GOBP_ACTIN_FILAMENT_BASED_MOVEMENT,4,1.53921107350051,0.0483595286869001,1,0.123752775108371,0.280582579935271
GOBP_MESODERM_DEVELOPMENT,4,-1.53814998230432,-0.0324043557127506,1,0.124011947362894,0.280953315657107
GOBP_MUSCLE_CELL_CELLULAR_HOMEOSTASIS,4,-1.53809487145125,-0.0680109645075839,0.75,0.124025419788037,0.280953315657107
GOBP_RENAL_SYSTEM_VASCULATURE_DEVELOPMENT,4,1.53684454627227,0.0868056290712173,1,0.124331381852833,0.281463216095437
REACTOME_TNFS_BIND_THEIR_PHYSIOLOGICAL_RECEPTORS,4,1.53651046736564,0.0428962429482068,0.75,0.124413232563486,0.281463216095437
GOBP_G_PROTEIN_COUPLED_RECEPTOR_SIGNALING_PATHWAY_INVOLVED_IN_HEART_PROCESS,1,1.53650528026945,0.149253821758431,1,0.124414503754751,0.281463216095437
GOBP_VIRAL_BUDDING,4,-1.5362001921849,-0.0926835578559782,1,0.124489288903884,0.281508716981159
REACTOME_PROCESSING_OF_CAPPED_INTRONLESS_PRE_MRNA,4,1.534843365793,0.0760642894310801,1,0.124822307689306,0.282137867555855
GOBP_PHOSPHATIDYLINOSITOL_PHOSPHATE_BIOSYNTHETIC_PROCESS,4,-1.53413998389051,-0.118991347377547,0.75,0.124995218569138,0.282330122220871
REACTOME_PLASMA_LIPOPROTEIN_REMODELING,4,1.53405131830269,0.0196690879012771,0.75,0.125017028289685,0.282330122220871
GOBP_POSITIVE_REGULATION_OF_DNA_REPAIR,4,-1.53332188740425,-0.0683723549900683,1,0.125196564338779,0.282421454285253
GOBP_MITOCHONDRIAL_GENE_EXPRESSION,4,-1.53329510234498,-0.0499815563833803,0.75,0.125203160813803,0.282421454285253
GOBP_ANIMAL_ORGAN_MATURATION,4,1.53321853114767,0.0537569498824962,0.5,0.125222019835547,0.282421454285253
GOBP_T_CELL_LINEAGE_COMMITMENT,4,-1.53258561364764,-0.101666953860327,0.75,0.125377988383314,0.282649414266937
GOBP_HEMATOPOIETIC_STEM_CELL_DIFFERENTIATION,4,-1.53073930730699,-0.0709757148771889,0.75,0.125833834934242,0.283509607092951
GOBP_NEGATIVE_REGULATION_OF_PLASMA_MEMBRANE_BOUNDED_CELL_PROJECTION_ASSEMBLY,4,1.53059436197576,0.0113864198528215,0.5,0.125869676017573,0.283509607092951
REACTOME_METABOLISM_OF_STEROIDS,4,1.53005789450528,0.040836763280389,0.75,0.126002399191685,0.283568369816077
GOBP_ANION_HOMEOSTASIS,4,1.53004371013828,0.0299150460194176,0.75,0.126005909912446,0.283568369816077
GOBP_REGULATION_OF_STRIATED_MUSCLE_CONTRACTION,4,1.52969800665059,0.0174697766902909,0.5,0.126091497277522,0.283637011569227
GOBP_POLY_A_PLUS_MRNA_EXPORT_FROM_NUCLEUS,4,-1.52863601685217,-0.0381564910108039,1,0.126354702076131,0.284104961131005
GOBP_CELL_KILLING,4,1.52830637540194,0.0468089825951932,1,0.126436487750967,0.28416476448264
GOBP_CELLULAR_RESPONSE_TO_FLUID_SHEAR_STRESS,4,-1.52764931891628,-0.110462242262732,0.75,0.12659962967321,0.284407283240557
GOBP_REGULATION_OF_NUCLEAR_DIVISION,4,1.52711323053405,0.0193858562646552,0.75,0.126732857536996,0.284578897124038
GOBP_REGULATION_OF_PROTEIN_IMPORT,4,-1.52689726996592,-0.125311904907441,0.75,0.126786558555553,0.284578897124038
REACTOME_NGF_STIMULATED_TRANSCRIPTION,4,-1.52629227681651,-0.0441734359003443,0.25,0.126937091205112,0.284792628590466
GOBP_NEGATIVE_REGULATION_OF_INTRACELLULAR_STEROID_HORMONE_RECEPTOR_SIGNALING_PATHWAY,4,-1.52560644108965,-0.0894375134640472,0.5,0.12710790705657,0.285051660903431
GOBP_NEGATIVE_REGULATION_OF_PROTEIN_KINASE_B_SIGNALING,4,-1.52410596508184,-0.0619208635489266,0.75,0.127482242845855,0.285766681938748
GOBP_NODAL_SIGNALING_PATHWAY,3,-1.5232935141149,-0.0264392600584454,0.666666666666667,0.127685289098672,0.286060085161756
GOBP_ADP_METABOLIC_PROCESS,4,1.52313775572996,-0.0251760644148559,0.5,0.127724244666319,0.286060085161756
GOBP_NEGATIVE_REGULATION_OF_FATTY_ACID_METABOLIC_PROCESS,4,-1.52266233138325,-0.0938755119615308,0.5,0.127843206671172,0.286202030934724
GOBP_REGULATION_OF_NEURON_MIGRATION,4,1.52182284796035,0.0970302456464574,0.75,0.128053474935583,0.286548171422563
GOBP_ERYTHROCYTE_DEVELOPMENT,4,-1.52159150800941,-0.0853674857799253,0.75,0.128111466674059,0.286553406561568
GOBP_CARDIOLIPIN_METABOLIC_PROCESS,2,-1.52065560835512,-0.138349482581392,1,0.128346284151224,0.286953980501368
GOBP_ESTROUS_CYCLE,4,-1.51992438254645,-0.0151493467265673,0.75,0.128529981609762,0.287239963241609
GOBP_NEGATIVE_REGULATION_OF_NEURON_APOPTOTIC_PROCESS,4,1.51948399808637,0.0164303507925776,0.5,0.128640712889532,0.287362703109849
GOBP_PERICARDIUM_DEVELOPMENT,4,1.51874325424312,0.11002274367519,0.75,0.128827134428421,0.287654343092776
GOBP_REGULATION_OF_T_CELL_DIFFERENTIATION,4,-1.51831939654805,-0.0559158332376561,0.5,0.128933900237771,0.287767946391107
GOBP_WHITE_FAT_CELL_DIFFERENTIATION,2,-1.51800551359249,-0.0694959252513715,1,0.129013008727348,0.287819749539478
GOBP_NEGATIVE_REGULATION_OF_LEUKOCYTE_CELL_CELL_ADHESION,4,-1.51716255244899,-0.0143797037561978,0.75,0.129225648367169,0.288169278234106
REACTOME_ELEVATION_OF_CYTOSOLIC_CA2_LEVELS,4,1.51621630600153,0.0260316236246837,0.5,0.129464666240729,0.288577301503686
GOBP_POSITIVE_REGULATION_OF_VASOCONSTRICTION,4,1.51553596538751,0.0526904110509952,0.5,0.129636729469559,0.288835794045331
REACTOME_FORMATION_OF_THE_EARLY_ELONGATION_COMPLEX,4,-1.51447685833306,-0.121038896195565,0.75,0.129904938844301,0.28930818776354
GOBP_POSITIVE_REGULATION_OF_SMALL_GTPASE_MEDIATED_SIGNAL_TRANSDUCTION,4,1.51267671156147,0.0885331606855431,0.5,0.130361797913127,0.29020012860125
GOBP_REGULATION_OF_TRANSLATIONAL_ELONGATION,2,-1.51082765162491,-0.0899896199476338,1,0.130832367641073,0.291017495573097
REACTOME_SENESCENCE_ASSOCIATED_SECRETORY_PHENOTYPE_SASP,4,-1.51078982236587,-0.13514407060099,0.75,0.130842008594236,0.291017495573097
GOBP_AROMATIC_AMINO_ACID_FAMILY_METABOLIC_PROCESS,4,1.50884314833629,0.0460260480269402,0.75,0.131338871184307,0.291996480020725
REACTOME_NEGATIVE_REGULATION_OF_MAPK_PATHWAY,4,-1.5085562705749,-0.112952455398454,0.5,0.131412216412825,0.292033449421509
GOBP_FATTY_ACID_TRANSPORT,4,1.50634138331522,0.0534510886449017,0.75,0.131979559780482,0.293167710659923
GOBP_REGULATION_OF_CELLULAR_RESPONSE_TO_HYPOXIA,2,-1.50455999407005,-0.12036000841071,1,0.13243723817425,0.29395294504521
GOBP_NEGATIVE_REGULATION_OF_TYPE_I_INTERFERON_MEDIATED_SIGNALING_PATHWAY,4,-1.50452112267313,-0.00184265930380109,0.75,0.132447238785179,0.29395294504521
REACTOME_SIALIC_ACID_METABOLISM,4,1.5033221735246,0.043681365646349,1,0.132755984899814,0.294395372566066
GOBP_RESPONSE_TO_CHEMOKINE,4,-1.50330296787958,-0.019165031549301,0.5,0.132760935152147,0.294395372566066
REACTOME_PROTEIN_UBIQUITINATION,4,-1.50244106304537,-0.102156116466719,0.75,0.132983238171298,0.294761383273359
GOBP_REGULATION_OF_PROTEASOMAL_UBIQUITIN_DEPENDENT_PROTEIN_CATABOLIC_PROCESS,4,-1.50214182040213,-0.111064106886322,0.75,0.133060486372051,0.294805698937043
GOBP_RESPONSE_TO_NITRIC_OXIDE,4,-1.50015868766503,-0.106672117198152,0.75,0.133573301740053,0.295814593832057
GOBP_POSITIVE_REGULATION_OF_NEUTROPHIL_MIGRATION,4,1.49962482960348,0.108390594600352,0.5,0.133711612220961,0.295928833576026
GOBP_POSITIVE_REGULATION_OF_INTERFERON_BETA_PRODUCTION,4,-1.49951595732862,-0.0667030926569333,1,0.133739832148264,0.295928833576026
GOBP_POSITIVE_REGULATION_OF_EPIDERMAL_CELL_DIFFERENTIATION,4,1.49807976439699,0.0738567316264408,0.75,0.134112527872756,0.29662603351238
GOBP_CYTOKINESIS,4,1.49592462440489,0.0222647459160457,0.75,0.134673298559801,0.297665249039293
GOBP_RECEPTOR_CLUSTERING,4,1.49582983103956,0.0751687839245453,0.75,0.134698005488746,0.297665249039293
KEGG_SMALL_CELL_LUNG_CANCER,4,1.49540415923214,-0.016495346009951,0.25,0.134808995721349,0.297756129924307
REACTOME_TOLL_LIKE_RECEPTOR_9_TLR9_CASCADE,4,-1.49522862103872,-0.0834315640905508,0.5,0.134854786363077,0.297756129924307
GOBP_REGULATION_OF_ERAD_PATHWAY,4,-1.49467767456586,-0.157020483178035,0.75,0.134998583547445,0.297945866560563
GOBP_CARBOXYLIC_ACID_TRANSPORT,4,1.49441300953556,0.0307677011202166,0.75,0.135067703314272,0.297970695957663
GOBP_NEGATIVE_REGULATION_OF_TOLL_LIKE_RECEPTOR_SIGNALING_PATHWAY,4,-1.49397961811935,-0.0675848234626185,0.5,0.135180946617288,0.298036405940441
GOBP_CELLULAR_RESPONSE_TO_INSULIN_STIMULUS,4,-1.49385602697041,-0.0750598538949289,0.75,0.135213253889468,0.298036405940441
GOBP_AORTA_MORPHOGENESIS,4,1.49238346205174,0.0302375841852268,0.5,0.135598648000088,0.298757996813203
GOBP_MORPHOGENESIS_OF_EMBRYONIC_EPITHELIUM,4,-1.49194188521941,-0.0475183556159779,0.75,0.135714381017638,0.298831571242629
GOBP_REGULATION_OF_BROWN_FAT_CELL_DIFFERENTIATION,4,-1.49181322793649,-0.140639234196029,0.75,0.135748115194506,0.298831571242629
GOBP_INTRINSIC_APOPTOTIC_SIGNALING_PATHWAY_BY_P53_CLASS_MEDIATOR,4,-1.49122449877753,-0.0494453348548274,0.5,0.135902563685801,0.298973211535043
GOBP_MICROVILLUS_ASSEMBLY,4,1.49112535820114,0.0504248839328701,1,0.135928585784334,0.298973211535043
GOBP_MITOCHONDRIAL_CALCIUM_ION_TRANSMEMBRANE_TRANSPORT,1,1.4907110912129,0.134361635568421,1,0.136037362874598,0.299034583218514
GOBP_NEGATIVE_REGULATION_OF_LYASE_ACTIVITY,4,-1.49053192379516,0.00351402209707929,0.5,0.136084428978193,0.299034583218514
KEGG_ERBB_SIGNALING_PATHWAY,4,-1.49022431544696,-0.115180481504274,0.75,0.136165264990208,0.299034583218514
GOBP_RESPONSE_TO_ANTIBIOTIC,4,1.49001712936254,0.0518728238565574,0.75,0.136219732050133,0.299034583218514
GOBP_RESPONSE_TO_AMYLOID_BETA,4,1.48984093164466,0.0539604826665803,0.75,0.136266065824006,0.299034583218514
GOBP_GLANDULAR_EPITHELIAL_CELL_DEVELOPMENT,4,1.48965516946937,0.0036699599951207,0.75,0.136314927885176,0.299034583218514
GOBP_REGULATION_OF_KIDNEY_DEVELOPMENT,4,1.48947237620647,0.012438908649126,0.75,0.136363022217338,0.299034583218514
GOBP_AMINE_METABOLIC_PROCESS,4,1.48827115233581,0.013110362000527,0.75,0.136679399477742,0.299600778165558
REACTOME_NS1_MEDIATED_EFFECTS_ON_HOST_PATHWAYS,4,-1.48777294684516,-0.0858058514521096,0.75,0.136810782445144,0.299761156940446
GOBP_REGULATION_OF_NATURAL_KILLER_CELL_MEDIATED_IMMUNITY,4,-1.48673222291444,-0.0384039849367557,0.75,0.137085548606513,0.300235427381938
GOBP_REGULATION_OF_UBIQUITIN_DEPENDENT_PROTEIN_CATABOLIC_PROCESS,4,-1.48639667587965,-0.111068779389069,0.75,0.137174228560125,0.300301914479626
GOBP_PROTEIN_K11_LINKED_UBIQUITINATION,4,-1.48592774817005,-0.125768304697676,1,0.137298233105035,0.300445644818456
GOBP_FATTY_ACID_DERIVATIVE_BIOSYNTHETIC_PROCESS,4,1.48487017148281,0.103313732513066,0.75,0.137578218962946,0.300879350927678
GOBP_COCHLEA_MORPHOGENESIS,4,-1.48473778617388,-0.0980282912012245,1,0.137613298006347,0.300879350927678
GOBP_REPLICATION_FORK_PROCESSING,4,-1.48413369436031,0.00381010181561865,0.5,0.137773455894201,0.301101665704263
REACTOME_FORMATION_OF_THE_CORNIFIED_ENVELOPE,4,1.48344404102827,0.014808339299632,0.75,0.137956473622342,0.30128627040677
GOBP_TOXIN_METABOLIC_PROCESS,4,-1.48337445104104,-0.0386889781922464,0.75,0.137974951567132,0.30128627040677
GOBP_ANAPHASE_PROMOTING_COMPLEX_DEPENDENT_CATABOLIC_PROCESS,3,-1.48313266962968,-0.125380979899824,1,0.138039165624398,0.301298712929218
GOBP_REGULATION_OF_FATTY_ACID_BETA_OXIDATION,3,-1.47993917726373,-0.00998294378364031,0.666666666666667,0.138889479197852,0.303026240843109
GOBP_REGULATION_OF_KERATINOCYTE_DIFFERENTIATION,4,1.47779734120377,0.0617510641050406,0.75,0.139462030259602,0.304146545449679
GOBP_REGULATION_OF_PEPTIDE_TRANSPORT,4,-1.47697188924344,-0.0363041838692159,1,0.139683172716969,0.304499854496051
REACTOME_NUCLEAR_ENVELOPE_BREAKDOWN,4,-1.47476821270103,-0.104911755638028,0.75,0.140274869955246,0.305660306982463
REACTOME_WNT5A_DEPENDENT_INTERNALIZATION_OF_FZD4,2,1.47450278083958,0.0638520019402469,0.5,0.140346269528465,0.305686523604936
GOBP_MHC_CLASS_II_BIOSYNTHETIC_PROCESS,4,-1.47313166742787,-0.0409727092082314,0.75,0.140715536001338,0.306361224046887
GOBP_CELLULAR_RESPONSE_TO_CHOLESTEROL,2,-1.47265287878313,-0.119504012790311,1,0.140844658569203,0.306512741746757
GOBP_POSITIVE_REGULATION_OF_LIPID_LOCALIZATION,4,1.47234260973391,0.0356122543079135,0.75,0.140928382401392,0.306565374307043
REACTOME_DEUBIQUITINATION,4,-1.47127979884343,-0.0720583938993404,1,0.141215464161183,0.307060145678181
GOBP_RESPONSE_TO_EPIDERMAL_GROWTH_FACTOR,4,-1.47029664111915,-0.138073312052617,0.75,0.141481430368201,0.307474691166345
GOBP_CELL_AGING,4,-1.47013371589501,-0.107034926590866,0.75,0.1415255424479,0.307474691166345
GOBP_ENTERIC_NERVOUS_SYSTEM_DEVELOPMENT,2,-1.46895336532609,-0.14560481265403,0.5,0.141845438584966,0.308039714582028
REACTOME_RHO_GTPASES_ACTIVATE_WASPS_AND_WAVES,4,1.46865599786974,0.0581080604940843,0.75,0.14192611801561,0.308084983837427
GOBP_CELL_CELL_JUNCTION_ORGANIZATION,4,1.46837673194309,0.0296677216842252,0.75,0.142001918369707,0.308119628186104
REACTOME_BIOSYNTHESIS_OF_SPECIALIZED_PRORESOLVING_MEDIATORS_SPMS,4,-1.46685202575294,-0.044032670140435,0.75,0.142416313435875,0.308888625897775
GOBP_NEGATIVE_REGULATION_OF_INTERLEUKIN_17_PRODUCTION,1,1.46638658985197,0.0880356183969772,1,0.142542997581797,0.309033218757336
GOBP_LEUKOCYTE_HOMEOSTASIS,4,1.46548599173118,0.063746403875412,1,0.142788371490005,0.309434901010957
GOBP_CELLULAR_RESPONSE_TO_CORTICOSTEROID_STIMULUS,4,-1.46504819405998,-0.0700260761438509,0.75,0.142907769399871,0.30950474544325
GOBP_REGULATION_OF_GLIAL_CELL_MIGRATION,1,1.46492705489083,0.112065611933916,1,0.142940820482433,0.30950474544325
GOBP_OLEFINIC_COMPOUND_BIOSYNTHETIC_PROCESS,4,1.46443868560147,0.0610411894246952,0.75,0.143074124526354,0.309620876054153
REACTOME_INTEGRIN_SIGNALING,4,1.46429003630068,-0.012368487855843,0.25,0.143114718393646,0.309620876054153
GOBP_POSITIVE_REGULATION_OF_GLUCOSE_IMPORT,4,-1.46369904184518,-0.0891385106790817,0.75,0.143276197424544,0.309840042225525
REACTOME_ENDOSOMAL_SORTING_COMPLEX_REQUIRED_FOR_TRANSPORT_ESCRT,4,-1.46304116456995,-0.127019983638591,1,0.143456115397381,0.310098882527756
GOBP_NEGATIVE_REGULATION_OF_DNA_REPLICATION,4,-1.46244861784824,-0.070611869060157,1,0.143618314900901,0.310319220908409
GOBP_NEGATIVE_REGULATION_OF_CELL_CELL_ADHESION,4,-1.46188147138027,-0.0342847206930704,0.75,0.143773693225222,0.310511488220663
REACTOME_DNA_DAMAGE_RECOGNITION_IN_GG_NER,4,-1.46168369184164,-0.0656559107533602,0.75,0.143827908216407,0.310511488220663
REACTOME_MAP2K_AND_MAPK_ACTIVATION,4,1.46099205498147,-0.00151833710616896,0.5,0.144017621809326,0.310790752177796
HALLMARK_INFLAMMATORY_RESPONSE,4,1.4590337731776,0.0323814297897257,1,0.144555812376014,0.311821482163424
GOBP_ENDOTHELIAL_CELL_APOPTOTIC_PROCESS,4,-1.45860049498343,-0.0585679599699934,0.75,0.144675097299141,0.311948105524822
GOBP_SECONDARY_PALATE_DEVELOPMENT,4,1.4577941760317,0.0461158401108562,0.75,0.144897284067969,0.312296406724977
GOBP_DENDRITIC_SPINE_DEVELOPMENT,4,1.45723208556128,0.0779993188511433,0.5,0.145052326559035,0.312499761277184
REACTOME_NEGATIVE_REGULATION_OF_FGFR2_SIGNALING,4,1.4549244071323,0.00696229232038208,0.5,0.145690190023704,0.313654041095684
GOBP_NEGATIVE_REGULATION_OF_LEUKOCYTE_MEDIATED_IMMUNITY,4,-1.45485308910498,0.00431081076755043,0.75,0.145709937133594,0.313654041095684
GOBP_EPIDERMIS_MORPHOGENESIS,4,-1.45454851502615,0.0184215103964051,0.5,0.145794293120016,0.313704477758029
REACTOME_DOWNREGULATION_OF_SMAD2_3_SMAD4_TRANSCRIPTIONAL_ACTIVITY,4,-1.45244662758796,-0.0782851931560464,0.5,0.14637745934014,0.31455701391087
GOBP_NEGATIVE_REGULATION_OF_ASTROCYTE_DIFFERENTIATION,1,-1.45228978521653,-0.101737151403869,1,0.146421046527635,0.31455701391087
GOBP_REGULATION_OF_MYELOID_CELL_DIFFERENTIATION,4,-1.45224674804333,-0.0330612329289543,0.75,0.146433008484152,0.31455701391087
GOBP_MAINTENANCE_OF_CELL_POLARITY,4,1.45224003917547,0.0452312276034465,0.75,0.146434873246136,0.31455701391087
GOBP_ORGANELLE_MEMBRANE_FUSION,4,1.45150954809785,0.0414853216796188,1,0.146638025452034,0.314862048812562
GOBP_REGULATION_OF_MEMBRANE_LIPID_DISTRIBUTION,4,1.45043658735788,0.0186212694077812,0.75,0.146936810505958,0.315372087242674
GOBP_POSITIVE_REGULATION_OF_CALCIUM_ION_TRANSPORT_INTO_CYTOSOL,4,-1.45002203475861,-0.0165887170786294,0.75,0.147052374679709,0.315420454949444
GOBP_REGULATION_OF_CYTOKINESIS,4,1.4497507678537,0.00656471326354425,0.5,0.147128032937155,0.315420454949444
GOBP_REGULATION_OF_COMPLEMENT_ACTIVATION,4,1.44969668159243,0.109798994800201,0.75,0.147143121535942,0.315420454949444
REACTOME_PLATELET_SENSITIZATION_BY_LDL,4,1.44833933199277,0.0396334726629945,0.75,0.147522172775735,0.31603355482475
GOBP_CELLULAR_RESPONSE_TO_GAMMA_RADIATION,4,-1.44823304092295,-0.0470247995857115,0.5,0.147551886929248,0.31603355482475
GOBP_POSITIVE_REGULATION_OF_TRANSMEMBRANE_TRANSPORT,4,-1.44669857348938,-0.0166547014618358,0.5,0.147981364180465,0.316697655288081
GOBP_SMOOTH_MUSCLE_TISSUE_DEVELOPMENT,4,-1.44650763895827,-0.0422899081056072,0.75,0.14803487099262,0.316697655288081
GOBP_SUBSTANTIA_NIGRA_DEVELOPMENT,4,1.44646626813606,0.0835074009287991,0.5,0.14804646655242,0.316697655288081
KEGG_PANCREATIC_CANCER,4,1.44609043883678,-0.0166318211557885,0.25,0.148151837100272,0.316789495286621
GOBP_TRACHEA_DEVELOPMENT,4,-1.44587434846916,-0.105294335835232,0.75,0.148212447882204,0.316789495286621
REACTOME_RAS_PROCESSING,4,1.444176465197,0.0179517196828695,0.5,0.148689343284789,0.317676941316755
GOBP_REGULATION_OF_ANIMAL_ORGAN_MORPHOGENESIS,4,1.44325707145359,0.0471369736239875,0.75,0.148948067867903,0.318097719391055
GOBP_REGULATION_OF_DNA_REPLICATION,4,-1.44196939765631,-0.0556994853279626,0.75,0.149311006898874,0.318740619619529
GOBP_SPECIFICATION_OF_ANIMAL_ORGAN_IDENTITY,4,1.4411315266711,0.0893223916107929,0.75,0.149547528359033,0.319108487083403
GOBP_VENTRICULAR_CARDIAC_MUSCLE_TISSUE_MORPHOGENESIS,4,1.44077696859255,0.0181679801829411,0.5,0.149647702115812,0.319108487083403
GOBP_NEGATIVE_REGULATION_OF_CELL_DEVELOPMENT,4,1.44070070573512,0.0408732791716536,0.75,0.149669255448906,0.319108487083403
GOBP_REGULATION_OF_B_CELL_RECEPTOR_SIGNALING_PATHWAY,3,-1.4400091225617,0.012413181982974,0.333333333333333,0.149864818131085,0.31939319062788
REACTOME_NUCLEOTIDE_CATABOLISM,4,1.43960630608359,0.0311114110669623,0.75,0.149978814500018,0.31950389568084
GOBP_MEMORY,4,1.43765513273298,0.0637105551914154,0.5,0.15053192944248,0.32054002716822
GOBP_VASCULOGENESIS,4,-1.43739891639669,-0.0268111451976522,0.75,0.150604676526886,0.32054002716822
GOBP_POSITIVE_REGULATION_OF_TRANSLATIONAL_INITIATION,4,-1.43723248603437,-0.0728780065146203,1,0.150651945182966,0.32054002716822
GOBP_BODY_FLUID_SECRETION,4,-1.43671547430368,-0.0552403088281844,0.5,0.150798856205343,0.320720078728341
GOBP_POSITIVE_REGULATION_OF_CYTOSKELETON_ORGANIZATION,4,-1.43625166918287,-0.0334989818925371,1,0.150930741240416,0.320868037426466
GOBP_NCRNA_TRANSCRIPTION,4,-1.43587705600507,-0.0430787515798088,1,0.151037328308787,0.32096211451174
REACTOME_TGF_BETA_RECEPTOR_SIGNALING_ACTIVATES_SMADS,4,-1.42990236912093,-0.0576193449477143,0.5,0.152745041980397,0.324373801409625
GOBP_SPINAL_CORD_PATTERNING,3,-1.42981966364454,-0.033965590888311,0.666666666666667,0.152768783922769,0.324373801409625
GOBP_NEGATIVE_REGULATION_OF_INTERFERON_GAMMA_PRODUCTION,4,-1.42914407771827,-0.0373900132095875,1,0.15296282692804,0.324651935635811
GOBP_POSITIVE_REGULATION_OF_TYPE_I_INTERFERON_PRODUCTION,4,-1.42850013562126,-0.058482181608804,1,0.153147955611527,0.324910928489392
GOBP_DOPAMINE_SECRETION,4,1.42785910311976,0.0649355298909238,1,0.15333241702722,0.32516829294611
GOBP_REGULATION_OF_NITRIC_OXIDE_METABOLIC_PROCESS,4,1.42313877408984,0.0631107765183212,0.75,0.154695930085677,0.327924801980713
GOBP_EPITHELIAL_CELL_CELL_ADHESION,3,1.42171655561607,0.0237001495383124,0.666666666666667,0.155108552011422,0.328664170496631
REACTOME_UB_SPECIFIC_PROCESSING_PROTEASES,4,-1.42125994546401,-0.0770217818477511,0.75,0.155241203353888,0.328809936680037
GOBP_MATURE_B_CELL_DIFFERENTIATION,4,-1.42003158451032,0.0103756370205095,0.5,0.155598486115759,0.329431169823208
REACTOME_MEIOTIC_RECOMBINATION,4,-1.4195557288436,-0.0341062550915651,0.75,0.155737061744187,0.329589038602884
GOBP_INTRINSIC_APOPTOTIC_SIGNALING_PATHWAY,4,-1.41868646175414,-0.0710283200845514,0.75,0.155990445907317,0.32998964912768
GOBP_POSITIVE_REGULATION_OF_PROTEIN_POLYMERIZATION,4,-1.41837190007899,-0.0555158311449056,0.75,0.156082215067484,0.330048182908614
GOBP_REGULATION_OF_T_HELPER_1_TYPE_IMMUNE_RESPONSE,4,1.41786839876642,0.0955921052957456,0.75,0.156229190081255,0.330223357852374
GOBP_EPITHELIAL_CELL_APOPTOTIC_PROCESS,4,-1.41751426814516,-0.0655619794056462,0.75,0.156332625777348,0.330306397262028
GOBP_CATECHOLAMINE_SECRETION,4,1.41655118324383,0.0809516748012831,1,0.156614189667413,0.330765571204884
GOBP_ACTIVIN_RECEPTOR_SIGNALING_PATHWAY,4,1.41597644357464,0.0194032552230814,0.5,0.156782401527294,0.330985069890953
GOBP_REGULATION_OF_ERBB_SIGNALING_PATHWAY,4,1.41472140868956,0.00404993682999301,0.5,0.15715019481785,0.331625554556193
GOBP_POSITIVE_REGULATION_OF_TRANSLATION,4,-1.41422522415533,-0.0869309424470334,0.75,0.157295784050076,0.331787725040183
GOBP_HIPPOCAMPUS_DEVELOPMENT,4,1.41402038060733,0.0358095902660256,0.75,0.157355918537216,0.331787725040183
GOBP_RESPONSE_TO_HYPEROXIA,4,-1.41160930690795,-0.0302749876732675,0.75,0.158065030508787,0.3331464765001
KEGG_WNT_SIGNALING_PATHWAY,4,1.41027383666614,0.0465750708686657,0.5,0.158458840844258,0.333839841042179
KEGG_BASE_EXCISION_REPAIR,4,-1.41001422321261,-0.0573574277469707,0.75,0.158535483161232,0.333864704620524
GOBP_LYTIC_VACUOLE_ORGANIZATION,4,1.40861795067234,0.0446402116297053,0.5,0.158948168043455,0.3345969408241
GOBP_POSITIVE_REGULATION_OF_CREB_TRANSCRIPTION_FACTOR_ACTIVITY,4,-1.40735340406033,0.0107460739216257,0.5,0.159322620860726,0.335136812040258
GOBP_REGULATION_OF_PROTEIN_EXPORT_FROM_NUCLEUS,4,-1.40731229215098,-0.0934450972817718,0.75,0.15933480595738,0.335136812040258
REACTOME_SIGNALING_BY_NOTCH2,4,-1.4065579793048,-0.0348962849734164,0.75,0.159558500758948,0.335470281914179
GOBP_MICROTUBULE_POLYMERIZATION,4,-1.40438695826495,-0.083290606545388,0.75,0.160203652321438,0.336650222213015
GOBP_POLYSACCHARIDE_BIOSYNTHETIC_PROCESS,4,-1.40422965190536,-0.0584698516399721,1,0.160250474780365,0.336650222213015
REACTOME_TRANSCRIPTIONAL_REGULATION_BY_SMALL_RNAS,4,-1.40353700937688,-0.10518681545065,0.75,0.160456763862814,0.336754280584567
REACTOME_METABOLISM_OF_NITRIC_OXIDE_NOS3_ACTIVATION_AND_REGULATION,3,1.4033012126232,0.03126935184923,0.666666666666667,0.160527036765348,0.336754280584567
GOBP_MALE_SEX_DIFFERENTIATION,4,-1.40306317633991,-0.0260039388269019,0.75,0.160598000688765,0.336754280584567
GOBP_STABILIZATION_OF_MEMBRANE_POTENTIAL,3,-1.402847001555,-0.0246707068746971,0.666666666666667,0.160662467750867,0.336754280584567
GOBP_RIBOSOMAL_SMALL_SUBUNIT_ASSEMBLY,4,-1.40277379879367,-0.0484927843141444,0.75,0.160684302512749,0.336754280584567
GOBP_GAS_TRANSPORT,4,1.40274658826687,0.013836808488267,0.5,0.160692419381682,0.336754280584567
GOBP_ONE_CARBON_METABOLIC_PROCESS,4,-1.40159802918813,-0.0868696642119827,0.75,0.161035315853268,0.337335574177574
GOBP_POSITIVE_REGULATION_OF_ENDOCYTOSIS,4,1.39871834671953,0.0298457285451743,0.75,0.161897460290015,0.338902077620415
REACTOME_NOTCH2_ACTIVATION_AND_TRANSMISSION_OF_SIGNAL_TO_THE_NUCLEUS,4,-1.39852545411417,-0.0787536999784629,0.75,0.161955334428341,0.338902077620415
GOBP_REGULATION_OF_SEQUESTERING_OF_TRIGLYCERIDE,1,1.39833204738853,0.129607331977582,1,0.162013378496715,0.338902077620415
GOBP_REGULATION_OF_GLUCOSE_IMPORT,4,-1.39822203989438,-0.112718925588567,0.75,0.162046400291602,0.338902077620415
REACTOME_METABOLISM_OF_WATER_SOLUBLE_VITAMINS_AND_COFACTORS,4,-1.39795031066643,-0.0441004491732304,0.75,0.162127989112888,0.338935045043548
GOBP_NEGATIVE_REGULATION_OF_MAPK_CASCADE,4,-1.39731892764692,-0.0343255484433437,1,0.162317686495857,0.339061587119849
GOBP_SODIUM_ION_TRANSMEMBRANE_TRANSPORT,4,-1.39697617727706,-0.0225055760782657,1,0.162420735063529,0.339061587119849
REACTOME_PLASMA_LIPOPROTEIN_ASSEMBLY_REMODELING_AND_CLEARANCE,4,1.3968747670389,0.00642275345146228,0.5,0.162451233710299,0.339061587119849
GOBP_NEGATIVE_REGULATION_OF_GTPASE_ACTIVITY,4,1.39687003090303,0.0803016596270875,1,0.162452658186238,0.339061587119849
REACTOME_S_PHASE,4,-1.39665357929946,-0.0929288460299543,1,0.162517769860514,0.339061587119849
GOBP_SERINE_FAMILY_AMINO_ACID_METABOLIC_PROCESS,4,-1.39638668813888,-0.0630595237271282,0.75,0.162598081563026,0.339091746443103
GOBP_NEGATIVE_REGULATION_OF_EPITHELIAL_CELL_DIFFERENTIATION,4,-1.39527500896279,-0.00665268073918392,0.5,0.162932925224184,0.339452473994035
GOBP_PURINE_RIBONUCLEOSIDE_METABOLIC_PROCESS,4,1.39521204992083,0.00231909982436848,0.75,0.162951904369884,0.339452473994035
GOBP_EMBRYONIC_SKELETAL_SYSTEM_DEVELOPMENT,4,1.39515590114958,0.0394771089136321,0.75,0.162968831950525,0.339452473994035
GOBP_REGULATION_OF_TELOMERE_MAINTENANCE,4,-1.39391874959775,-0.0768455520341935,0.75,0.163342141666257,0.340056349800573
GOBP_LIPID_DIGESTION,4,-1.39375753669972,-0.0341021896366058,0.75,0.163390834998372,0.340056349800573
GOBP_LYMPHOCYTE_MIGRATION,4,1.39214664682227,0.0893365171271984,0.75,0.163877995191792,0.340877134502186
GOBP_CELLULAR_RESPONSE_TO_DSRNA,4,-1.3918624375345,-0.0354482525872441,0.5,0.163964058332689,0.340877134502186
GOBP_INTERFERON_GAMMA_MEDIATED_SIGNALING_PATHWAY,4,-1.39175479181902,-0.0602373800228744,1,0.163996664076402,0.340877134502186
GOBP_CENTRIOLE_ASSEMBLY,4,-1.39157868430177,-0.0744655506486934,1,0.164050017342478,0.340877134502186
GOBP_AXIS_ELONGATION,4,-1.39128767669218,-0.00218419793846984,0.5,0.164138209224603,0.340922807300315
GOBP_MEMBRANE_REPOLARIZATION_DURING_CARDIAC_MUSCLE_CELL_ACTION_POTENTIAL,4,1.39024421552071,0.0667098587897624,0.75,0.164454731065646,0.341442504135891
REACTOME_PROLACTIN_RECEPTOR_SIGNALING,3,-1.38926121163338,-0.0480462521693934,0.666666666666667,0.164753334222462,0.341843380742894
GOBP_ALPHA_BETA_T_CELL_ACTIVATION,4,-1.38907539109905,-0.0363332205191731,1,0.1648098260342,0.341843380742894
GOBP_RECEPTOR_RECYCLING,4,1.38895319619956,0.0672779174098707,0.5,0.164846982789786,0.341843380742894
GOBP_REGULATION_OF_TELOMERE_MAINTENANCE_VIA_TELOMERE_LENGTHENING,4,-1.388306904434,-0.0662655287704978,1,0.165043610669401,0.34211334594877
GOBP_ACTIN_FILAMENT_BUNDLE_ORGANIZATION,4,1.38676516753781,0.0274812369619006,0.75,0.165513381756785,0.342949055398667
GOBP_REGULATION_OF_GENE_EXPRESSION_BY_GENOMIC_IMPRINTING,3,-1.3857884977048,-0.0801211813456147,1,0.16581149565164,0.343286479594723
GOBP_REGULATION_OF_HEART_RATE,4,1.38572386981069,0.0363800116078242,0.75,0.165831236591839,0.343286479594723
REACTOME_CONSTITUTIVE_SIGNALING_BY_LIGAND_RESPONSIVE_EGFR_CANCER_VARIANTS,4,-1.38557655834132,-0.10490350314776,0.75,0.165876240285817,0.343286479594723
GOBP_EMBRYONIC_SKELETAL_SYSTEM_MORPHOGENESIS,4,1.38448154486602,0.0382624309456266,1,0.166211055206883,0.343841190542483
REACTOME_G1_S_SPECIFIC_TRANSCRIPTION,4,1.38340478076324,-0.000911041264466278,0.5,0.166540785482623,0.344384941546196
GOBP_REGULATION_OF_CENTROSOME_CYCLE,4,-1.38318151243642,-0.0714679868321138,0.75,0.16660921696531,0.344388140567797
GOBP_L_GLUTAMATE_TRANSMEMBRANE_TRANSPORT,4,1.38203863817238,0.0359975776193769,0.75,0.166959837674759,0.344974399754147
GOBP_DNA_METHYLATION,4,-1.3816257029289,-0.0306093546655204,0.75,0.167086657751735,0.345097954578292
GOBP_NEGATIVE_REGULATION_OF_ION_TRANSMEMBRANE_TRANSPORTER_ACTIVITY,4,-1.38128078538178,-0.0193957373125627,0.75,0.167192643805117,0.345178397334623
GOBP_REGULATION_OF_POTASSIUM_ION_TRANSMEMBRANE_TRANSPORTER_ACTIVITY,4,-1.3803994576792,-0.00813292845333764,0.75,0.167463687076049,0.345425031823263
GOBP_TRANSCYTOSIS,4,1.38026653136524,0.0701821300224954,0.75,0.167504595827189,0.345425031823263
GOBP_NEGATIVE_REGULATION_OF_NECROTIC_CELL_DEATH,4,-1.38023804806538,-0.0985838683832464,0.75,0.167513362684538,0.345425031823263
GOBP_PROTEIN_MONOUBIQUITINATION,4,-1.37999760417857,-0.0761576829904085,0.75,0.167587382496457,0.345439324449263
GOBP_ESTABLISHMENT_OF_PLANAR_POLARITY_OF_EMBRYONIC_EPITHELIUM,3,1.37907577763808,0.0195005946067998,0.666666666666667,0.16787139123592,0.345714594056749
GOBP_RHYTHMIC_PROCESS,4,-1.37885151293666,-0.040515381966234,0.75,0.167940540356379,0.345714594056749
GOBP_HOMEOSTASIS_OF_NUMBER_OF_CELLS,4,-1.37867247416121,-0.0447520006253654,0.75,0.167995759999087,0.345714594056749
GOBP_REGULATION_OF_LYMPHOCYTE_APOPTOTIC_PROCESS,4,1.37837871905366,0.0129433306805128,0.75,0.168086390308043,0.345714594056749
GOBP_PROSTANOID_BIOSYNTHETIC_PROCESS,4,1.37833221694247,0.110339223337279,0.75,0.16810074065992,0.345714594056749
GOBP_LYSOSOMAL_TRANSPORT,4,1.37825756433436,-0.00157402905458846,0.75,0.168123780057895,0.345714594056749
GOBP_POSITIVE_REGULATION_OF_SEQUESTERING_OF_CALCIUM_ION,1,1.37797076593862,0.137149450977893,1,0.168212314250936,0.345758565300627
GOBP_DETOXIFICATION,4,1.37764748214726,0.0197463939877011,0.75,0.168312153382728,0.345813832210382
KEGG_RETINOL_METABOLISM,4,1.37744883121237,0.0413743840444789,0.75,0.168373524441916,0.345813832210382
GOBP_PRESYNAPSE_ORGANIZATION,4,1.37590912125407,0.0468198107104446,0.75,0.168849770939803,0.346653696399141
HALLMARK_APICAL_SURFACE,4,1.37240134369259,0.0926080740507433,0.75,0.169938532062199,0.348642296430474
GOBP_RESPONSE_TO_ENDOPLASMIC_RETICULUM_STRESS,4,-1.37235224345838,-0.0974787747821318,0.75,0.169953809291219,0.348642296430474
REACTOME_RHOC_GTPASE_CYCLE,4,1.37186938786919,0.0327405415183588,0.75,0.170104101616453,0.348732846286507
GOBP_REGULATION_OF_CELL_PROLIFERATION_INVOLVED_IN_KIDNEY_DEVELOPMENT,1,-1.37177527521826,-0.114963239212954,1,0.17013340646178,0.348732846286507
GOBP_FOREBRAIN_GENERATION_OF_NEURONS,4,1.37124353371028,0.0571411391954984,0.75,0.170299051490651,0.348933472393698
GOBP_REGULATION_OF_ADAPTIVE_IMMUNE_RESPONSE,4,-1.36945020255176,0.00826092041623842,0.5,0.170858590723891,0.349940685615478
GOBP_RESPONSE_TO_TUMOR_CELL,4,-1.36902352724254,-0.00366188341127674,0.5,0.170991920713731,0.35007451282505
GOBP_HOMEOSTASIS_OF_NUMBER_OF_CELLS_WITHIN_A_TISSUE,4,1.3681147170143,0.0395243847218006,1,0.171276170749635,0.350393730180202
REACTOME_INITIAL_TRIGGERING_OF_COMPLEMENT,4,1.36800585051399,0.119932920982441,0.75,0.171310244814765,0.350393730180202
GOBP_REGULATION_OF_CARBOHYDRATE_CATABOLIC_PROCESS,4,-1.3677666936898,-0.0590328884901936,0.5,0.171385116196233,0.350393730180202
GOBP_PROTEIN_LOCALIZATION_TO_CYTOSKELETON,4,-1.36757439857775,-0.0844332576323612,0.75,0.171445334630423,0.350393730180202
REACTOME_TRANSPORT_OF_MATURE_MRNAS_DERIVED_FROM_INTRONLESS_TRANSCRIPTS,4,-1.36706354527406,-0.100620196853667,0.75,0.171605388516,0.350393730180202
GOBP_POSITIVE_REGULATION_OF_CHONDROCYTE_DIFFERENTIATION,4,1.36701631397494,0.0518811222708755,0.75,0.171620192056167,0.350393730180202
GOBP_CHONDROCYTE_DEVELOPMENT,4,1.36700353832106,0.0549969592311832,0.75,0.171624196448722,0.350393730180202
REACTOME_TRNA_PROCESSING_IN_THE_NUCLEUS,4,-1.36627137765713,-0.0804491097915784,1,0.171853801272122,0.350723433511755
GOBP_CARDIAC_MUSCLE_CELL_DIFFERENTIATION,4,1.36519623198663,0.0465002655742647,0.5,0.172191382350954,0.351273148860959
GOBP_REGULATION_OF_SENSORY_PERCEPTION,4,1.36348476071832,0.0662788900277923,1,0.172729784046681,0.352231943784698
KEGG_TERPENOID_BACKBONE_BIOSYNTHESIS,3,1.36264838984154,0.063813600625637,1,0.17299335051168,0.352629755259161
GOBP_REGULATION_OF_OXIDATIVE_STRESS_INDUCED_INTRINSIC_APOPTOTIC_SIGNALING_PATHWAY,4,-1.36241775563513,-0.105864676846791,0.75,0.173066083380304,0.35263841049671
GOBP_ANTIGEN_PROCESSING_AND_PRESENTATION_OF_EXOGENOUS_PEPTIDE_ANTIGEN,4,-1.36208010228794,-0.0311220821856878,0.5,0.173172607064619,0.352715883613814
GOBP_REGULATION_OF_INNATE_IMMUNE_RESPONSE,4,-1.35909229702094,-0.0191284589940049,0.75,0.174117343451653,0.354499881942492
REACTOME_ANTIVIRAL_MECHANISM_BY_IFN_STIMULATED_GENES,4,-1.35816802379253,-0.062187199989745,1,0.174410374464924,0.354956133644227
REACTOME_STIMULI_SENSING_CHANNELS,4,-1.35755650757429,-0.0446690794883984,0.75,0.174604451500542,0.355210715439072
GOBP_REGULATION_OF_CELLULAR_RESPONSE_TO_INSULIN_STIMULUS,4,-1.35728509157203,-0.0472498646047963,0.75,0.174690642498826,0.355245702301128
GOBP_OVULATION_CYCLE_PROCESS,4,1.35704192894455,0.0558600616856345,0.5,0.174767888312394,0.355262478057843
REACTOME_CROSS_PRESENTATION_OF_SOLUBLE_EXOGENOUS_ANTIGENS_ENDOSOMES,4,1.35656885583208,0.0601739417549986,1,0.174918243162421,0.355427795597201
GOBP_EMBRYONIC_SKELETAL_JOINT_DEVELOPMENT,3,1.35578825144049,0.0140038721105877,0.666666666666667,0.175166550443209,0.355665896218138
REACTOME_CHONDROITIN_SULFATE_DERMATAN_SULFATE_METABOLISM,4,1.35576619550612,0.0680368664899014,0.75,0.175173570170751,0.355665896218138
GOBP_ENTEROENDOCRINE_CELL_DIFFERENTIATION,4,1.35517222421989,0.00656708034235221,0.75,0.175362691970145,0.355909539201529
REACTOME_METABOLISM_OF_POLYAMINES,4,1.35376747048219,0.0327223046244727,0.5,0.175810574829262,0.356677955002312
REACTOME_RUNX1_INTERACTS_WITH_CO_FACTORS_WHOSE_PRECISE_EFFECT_ON_RUNX1_TARGETS_IS_NOT_KNOWN,4,-1.35322939405944,-0.130594584948647,0.75,0.175982357520347,0.356830703814569
KEGG_FATTY_ACID_METABOLISM,4,-1.35281681216088,-0.0938661250175332,0.75,0.176114160420036,0.356830703814569
GOBP_NEGATIVE_REGULATION_OF_VIRAL_GENOME_REPLICATION,4,-1.35257325852628,0.00905303476173434,0.5,0.176192000300613,0.356830703814569
GOBP_DEFENSE_RESPONSE_TO_FUNGUS,4,1.35249174439013,0.129072980787051,0.75,0.176218057993024,0.356830703814569
GOBP_CELLULAR_RESPONSE_TO_HYDROGEN_PEROXIDE,4,-1.35232187162588,-0.0883198747781987,0.75,0.176272370594554,0.356830703814569
GOBP_SKELETAL_MUSCLE_ORGAN_DEVELOPMENT,4,-1.35198381060346,-0.052867912075024,0.75,0.176380494345941,0.356830703814569
GOBP_NEGATIVE_REGULATION_OF_GLUCONEOGENESIS,2,-1.35183539295253,-0.123911865048726,0.5,0.176427979120671,0.356830703814569
GOBP_INTERLEUKIN_12_PRODUCTION,4,-1.35179696846857,-0.0182956329146075,0.75,0.176440274210894,0.356830703814569
GOBP_GOLGI_ORGANIZATION,4,-1.35106992300141,-0.0531558520087908,1,0.176673035054188,0.357161153315279
REACTOME_DISASSEMBLY_OF_THE_DESTRUCTION_COMPLEX_AND_RECRUITMENT_OF_AXIN_TO_THE_MEMBRANE,4,1.35076300899217,0.0477072212647119,0.75,0.176771361066096,0.357219677444792
GOBP_INORGANIC_ION_IMPORT_ACROSS_PLASMA_MEMBRANE,4,1.34928794253132,0.0516367232936769,0.75,0.177244496962808,0.35803527456316
REACTOME_G2_M_DNA_DAMAGE_CHECKPOINT,4,-1.34744329362036,-0.0760143786898491,1,0.177837505081357,0.359092279868198
GOBP_STRIATED_MUSCLE_CELL_APOPTOTIC_PROCESS,4,-1.3471281949846,-0.0853590255175993,0.5,0.177938948879429,0.359156271179999
GOBP_ANTIGEN_PROCESSING_AND_PRESENTATION_OF_EXOGENOUS_ANTIGEN,4,-1.34543955024592,-0.0310324939056128,0.5,0.17848333031391,0.360113898035393
GOBP_NEGATIVE_REGULATION_OF_EXTRINSIC_APOPTOTIC_SIGNALING_PATHWAY,4,1.34471443696744,0.0187291380846842,0.75,0.178717470610681,0.360445067048334
GOBP_CRANIAL_NERVE_MORPHOGENESIS,4,1.34437898464478,0.0112714732769503,0.75,0.178825866000675,0.360522468299715
GOBP_ONE_CARBON_COMPOUND_TRANSPORT,2,-1.34338142905035,-0.102715873353853,0.5,0.179148497097872,0.361031550511524
GOBP_PYRIMIDINE_CONTAINING_COMPOUND_BIOSYNTHETIC_PROCESS,4,-1.34252732460386,-0.0749944118857644,0.75,0.179425076771956,0.361447464905634
GOBP_RESPONSE_TO_VITAMIN,4,1.3413922200121,0.0206823622134947,0.75,0.1797931422133,0.361840263738121
GOBP_STEROL_TRANSPORT,4,-1.34134895859102,-0.026392593267402,0.5,0.179807181118079,0.361840263738121
GOBP_FOREBRAIN_NEURON_DEVELOPMENT,4,1.34127591505942,0.0760848858966274,0.75,0.179830886561633,0.361840263738121
GOBP_SENSORY_PERCEPTION_OF_TEMPERATURE_STIMULUS,4,-1.34008175083264,0.0413705532400081,0.75,0.180218768362413,0.362479077460182
REACTOME_PRE_NOTCH_PROCESSING_IN_GOLGI,4,-1.33940590502365,-0.0639202275147395,0.5,0.180438568101968,0.362779456133165
GOBP_POSITIVE_REGULATION_OF_PROTEIN_BINDING,4,1.33876076420812,0.0205296590535374,0.5,0.180648567609202,0.363018854154197
GOBP_ALPHA_AMINO_ACID_METABOLIC_PROCESS,4,-1.33857902162764,-0.0533893699652281,0.5,0.1807077593134,0.363018854154197
REACTOME_INTERLEUKIN_10_SIGNALING,4,1.33839058070913,0.102663143693163,1,0.180769147805663,0.363018854154197
GOBP_GLUTAMATE_SECRETION,4,-1.33777187290214,0.0217214989555622,0.5,0.18097081344921,0.363282151442488
GOBP_REGULATION_OF_DIGESTIVE_SYSTEM_PROCESS,4,-1.33710528089646,-0.00508938404605844,0.25,0.181188273652756,0.363576937271256
REACTOME_NEGATIVE_REGULATION_OF_FGFR1_SIGNALING,4,1.33650017643286,0.00299606359159234,0.5,0.181385842872355,0.363831595227797
REACTOME_ADORA2B_MEDIATED_ANTI_INFLAMMATORY_CYTOKINES_PRODUCTION,4,1.33601589230898,0.0151338847707004,0.75,0.181544078882737,0.364007189317449
GOBP_REGULATION_OF_PROTEIN_LOCALIZATION_TO_SYNAPSE,4,1.33526872475561,0.0634207362510973,0.5,0.181788410878565,0.364157493505075
GOBP_CELLULAR_COPPER_ION_HOMEOSTASIS,3,1.33516851350795,0.00354039741669621,0.333333333333333,0.181821199603414,0.364157493505075
GOBP_REGULATION_OF_GENE_SILENCING_BY_RNA,4,-1.33513791248278,-0.0486809110823266,0.5,0.181831213012536,0.364157493505075
GOBP_T_HELPER_2_CELL_DIFFERENTIATION,3,-1.33488412714901,-0.0993107938161486,1,0.181914273591199,0.364182190793578
GOBP_LYMPHOCYTE_HOMEOSTASIS,4,1.33296274103764,0.044777190699448,1,0.18254403122731,0.365300900423404
GOBP_POSITIVE_REGULATION_OF_ENDOTHELIAL_CELL_APOPTOTIC_PROCESS,3,-1.33272471184107,-0.0832703248153024,1,0.18262216057762,0.365315269935573
GOBP_LEUKOTRIENE_BIOSYNTHETIC_PROCESS,3,-1.33212958661472,-0.047161179293575,0.666666666666667,0.182817609573089,0.365564222016248
GOBP_POSITIVE_REGULATION_OF_DNA_BINDING_TRANSCRIPTION_FACTOR_ACTIVITY,4,-1.33114526773009,-0.0213424711947865,0.5,0.18314121646227,0.366069147346362
REACTOME_SPRY_REGULATION_OF_FGF_SIGNALING,4,-1.33014071135883,-0.116859374773405,0.75,0.183471914140223,0.366587848625537
GOBP_POST_ANAL_TAIL_MORPHOGENESIS,3,1.32894773125827,0.0211026652094738,0.666666666666667,0.183865214862726,0.366976286438847
GOBP_PHOSPHOLIPASE_C_ACTIVATING_G_PROTEIN_COUPLED_RECEPTOR_SIGNALING_PATHWAY,4,1.32889125387974,0.0821646509464258,0.75,0.183883849746884,0.366976286438847
GOBP_T_CELL_CYTOKINE_PRODUCTION,4,-1.32869867044844,0.0232216057671778,0.5,0.183947403756659,0.366976286438847
GOBP_ORGANIC_CATION_TRANSPORT,4,-1.32864277061759,-0.0699130576277411,0.5,0.183965854175281,0.366976286438847
GOBP_MUSCLE_HYPERTROPHY,4,1.3283469325223,0.0177843577727812,0.75,0.184063521952794,0.366976286438847
GOBP_INNER_EAR_MORPHOGENESIS,4,-1.32818416557161,-0.0419547096194729,1,0.184117274088011,0.366976286438847
GOBP_HIGH_DENSITY_LIPOPROTEIN_PARTICLE_ASSEMBLY,1,-1.3280390063934,-0.105789715746997,1,0.184165221238683,0.366976286438847
REACTOME_HYALURONAN_METABOLISM,4,1.32596864404063,0.129760328269894,0.5,0.184850083765795,0.368180787024228
GOBP_NEGATIVE_REGULATION_OF_TUMOR_NECROSIS_FACTOR_MEDIATED_SIGNALING_PATHWAY,4,-1.32560951565479,-0.0231553414090958,0.5,0.184969072670928,0.368180787024228
GOBP_NON_MOTILE_CILIUM_ASSEMBLY,4,-1.32556384166218,-0.0430568856317563,0.5,0.184984209755618,0.368180787024228
GOBP_ER_NUCLEUS_SIGNALING_PATHWAY,4,-1.32442797635568,-0.120405984585868,0.75,0.185360948376074,0.368788069238178
GOBP_DETERMINATION_OF_ADULT_LIFESPAN,3,-1.32349859540346,-0.0821155962517946,0.666666666666667,0.1856696230864,0.369259516906864
GOBP_POSITIVE_REGULATION_OF_RESPONSE_TO_DNA_DAMAGE_STIMULUS,4,-1.32239086311778,-0.0604361674239043,1,0.186038029799329,0.369849349589477
GOBP_T_HELPER_17_TYPE_IMMUNE_RESPONSE,4,-1.32178110398977,-0.101441505987829,0.75,0.18624105233622,0.369913649402789
GOBP_MONOCYTE_DIFFERENTIATION,4,1.32170835988454,0.0746969031170116,0.75,0.186265283800231,0.369913649402789
GOBP_DEFENSE_RESPONSE_TO_GRAM_POSITIVE_BACTERIUM,4,1.32164647810883,0.0517365176737284,1,0.186285898796161,0.369913649402789
GOBP_REGULATION_OF_CALCIUM_ION_TRANSMEMBRANE_TRANSPORT,4,-1.3205963283104,-0.0128750361355143,0.75,0.186635997770645,0.370465980154608
GOBP_METANEPHROS_DEVELOPMENT,4,1.31925089376988,0.0534843593179407,0.75,0.187085248815822,0.371207411874103
REACTOME_MICRORNA_MIRNA_BIOGENESIS,4,1.31888080451441,-0.00219037033559946,0.75,0.187208964430534,0.371207411874103
GOBP_ESTABLISHMENT_OF_TISSUE_POLARITY,4,1.31883045311062,0.0435327254748682,0.5,0.18722580086173,0.371207411874103
GOBP_POSITIVE_REGULATION_OF_LIPID_KINASE_ACTIVITY,4,-1.31829828726555,-0.0456355285353843,1,0.18740381408517,0.371417335921686
GOBP_POSITIVE_REGULATION_OF_ALPHA_BETA_T_CELL_PROLIFERATION,4,1.31685500929572,0.0278899799223796,0.75,0.187887229701382,0.372232145337598
GOBP_POSITIVE_REGULATION_OF_CELLULAR_EXTRAVASATION,4,1.3165479059677,0.122327639638187,0.75,0.187990210397085,0.372292920513304
GOBP_REGULATION_OF_MYELOID_CELL_APOPTOTIC_PROCESS,4,-1.31608027230766,-0.028255560370821,0.75,0.188147101581959,0.372460371413114
GOBP_NEUROMUSCULAR_PROCESS_CONTROLLING_BALANCE,4,-1.31472397690366,-0.0414546878613513,0.75,0.188602685358963,0.372992835998012
REACTOME_MITOCHONDRIAL_PROTEIN_IMPORT,4,-1.31471074082617,-0.0523761751529628,0.75,0.188607135403146,0.372992835998012
GOBP_IMPORT_ACROSS_PLASMA_MEMBRANE,4,1.31463264317812,0.0223650694637582,1,0.188633393851005,0.372992835998012
REACTOME_CELL_CELL_JUNCTION_ORGANIZATION,4,1.31361664965572,0.0367020818722677,0.75,0.188975242857462,0.37340615222291
GOBP_NUCLEIC_ACID_PHOSPHODIESTER_BOND_HYDROLYSIS,4,-1.31358036408034,-0.0552821903354965,1,0.188987460223908,0.37340615222291
GOBP_REGULATION_OF_OSSIFICATION,4,1.31327910431842,0.0296473470010473,0.75,0.189088916984707,0.373463304010072
GOBP_NEGATIVE_REGULATION_OF_MITOTIC_CELL_CYCLE,4,-1.31235084094757,-0.0643644929289246,0.75,0.189401785365817,0.373929020641435
GOBP_NUCLEOBASE_CONTAINING_COMPOUND_TRANSPORT,4,-1.31214872581648,-0.0823483715337678,0.75,0.189469958215868,0.373929020641435
REACTOME_RRNA_MODIFICATION_IN_THE_NUCLEUS_AND_CYTOSOL,4,-1.31139851405108,-0.0440097476381308,1,0.189723160616104,0.374285269736521
GOBP_POSITIVE_REGULATION_OF_HETEROTYPIC_CELL_CELL_ADHESION,4,1.31100466614374,0.127802491209784,0.75,0.189856187156459,0.374362393313147
GOBP_CELLULAR_RESPONSE_TO_INTERLEUKIN_1,4,-1.3108523092697,-0.0146421498114283,0.25,0.189907665825197,0.374362393313147
GOBP_CELL_MIGRATION_INVOLVED_IN_HEART_DEVELOPMENT,4,1.31053054000724,0.0757869278818892,0.5,0.190016419706295,0.374433427121208
GOBP_SENSORY_PERCEPTION_OF_LIGHT_STIMULUS,4,1.30989456742651,0.0505672849990392,0.5,0.190231505210239,0.374603517554933
GOBP_FATTY_ACID_HOMEOSTASIS,3,-1.30984510149599,-0.0258506335725046,0.333333333333333,0.190248242067615,0.374603517554933
GOBP_NEGATIVE_REGULATION_OF_ION_TRANSPORT,4,-1.30828105392622,-0.00490022507056353,0.75,0.190777998842278,0.37550302600875
GOBP_CARDIAC_ATRIUM_DEVELOPMENT,4,1.30770375617893,0.0596583684940038,0.5,0.190973808832483,0.375744800029979
GOBP_PROGESTERONE_METABOLIC_PROCESS,3,-1.30571871143141,-0.0261991306445547,0.666666666666667,0.191648232415482,0.376927711500121
GOBP_REGULATION_OF_RELEASE_OF_SEQUESTERED_CALCIUM_ION_INTO_CYTOSOL,4,-1.3045417927479,-0.0305581510077342,1,0.192048919673343,0.377519352939434
GOBP_REGULATION_OF_MONOCYTE_CHEMOTAXIS,4,1.30435077837505,0.138593349407348,0.75,0.192114009435153,0.377519352939434
GOBP_DEVELOPMENTAL_MATURATION,4,1.30407466269054,0.0190690702699924,0.75,0.192208126856321,0.377519352939434
GOBP_NEGATIVE_REGULATION_OF_NUCLEOTIDE_METABOLIC_PROCESS,4,-1.30397435215602,-0.0922797768169075,0.75,0.192242327327092,0.377519352939434
GOBP_LIPOPROTEIN_CATABOLIC_PROCESS,1,-1.30349959340215,-0.188019703281756,1,0.192404255100922,0.377693293753202
GOBP_AUDITORY_RECEPTOR_CELL_MORPHOGENESIS,2,-1.30319511468658,-0.0576811310367363,0.5,0.192508157571112,0.377753240599716
GOBP_IMMUNOLOGICAL_SYNAPSE_FORMATION,3,1.3026825491161,0.100815297365982,0.666666666666667,0.192683162213303,0.377934719023285
GOBP_CELL_CELL_JUNCTION_ASSEMBLY,4,1.30248914011994,0.0255900596677685,0.75,0.192749227986206,0.377934719023285
GOBP_NEGATIVE_REGULATION_OF_VASCULAR_ENDOTHELIAL_GROWTH_FACTOR_PRODUCTION,1,1.30227954842241,0.0942829222156523,1,0.192820840332913,0.377934719023285
GOBP_STRESS_FIBER_ASSEMBLY,4,1.30154690084775,0.019154462166246,0.75,0.193071321673323,0.378281672487041
REACTOME_TOLL_LIKE_RECEPTOR_TLR1_TLR2_CASCADE,4,-1.30075803364358,-0.0545660492079359,0.5,0.193341290849848,0.37863219997843
GOBP_NEGATIVE_REGULATION_OF_BIOMINERALIZATION,4,1.30044035246422,0.00118621796676532,0.75,0.193450087203432,0.37863219997843
GOBP_RESPONSE_TO_HYDROPEROXIDE,3,-1.30037979098315,-0.00269436235175794,0.333333333333333,0.193470832810886,0.37863219997843
GOBP_RELEASE_OF_CYTOCHROME_C_FROM_MITOCHONDRIA,4,1.30001145602322,0.0228847813106944,0.5,0.193597042795319,0.37873524823446
GOBP_SIGNAL_TRANSDUCTION_INVOLVED_IN_REGULATION_OF_GENE_EXPRESSION,4,1.29879550397556,0.0776534908655869,0.75,0.194014118026115,0.379318598377934
GOBP_POSITIVE_REGULATION_OF_SUPRAMOLECULAR_FIBER_ORGANIZATION,4,-1.29871262700959,-0.0187210924231482,0.75,0.194042569067291,0.379318598377934
KEGG_BASAL_CELL_CARCINOMA,4,1.29796479243736,0.0512396458668686,0.75,0.194299433579014,0.379492485406475
GOBP_RESPONSE_TO_PH,4,-1.29769828262417,-0.0618865424760504,0.75,0.194391034045551,0.379492485406475
GOBP_REGULATION_OF_LIPID_LOCALIZATION,4,1.29764329610758,0.0241481968237368,1,0.194409937069583,0.379492485406475
GOBP_PROTEIN_AUTOUBIQUITINATION,4,-1.29759561243124,-0.0536367912703978,0.5,0.194426330647171,0.379492485406475
REACTOME_ACYL_CHAIN_REMODELLING_OF_PE,4,-1.29635605888394,0.0184587076518856,0.5,0.19485284332133,0.380180860273409
GOBP_REGULATION_OF_TRANSMEMBRANE_RECEPTOR_PROTEIN_SERINE_THREONINE_KINASE_SIGNALING_PATHWAY,4,1.29559500499798,0.00331238915647696,0.5,0.195115050916714,0.380548256503849
GOBP_DNA_REPLICATION_INDEPENDENT_CHROMATIN_ORGANIZATION,4,1.29519416060021,0.0546270711426139,0.75,0.195253258724477,0.380673619527578
GOBP_INTERLEUKIN_5_PRODUCTION,4,-1.29372161076662,-0.068487088382137,0.75,0.195761597881775,0.381520237506911
GOBP_DETECTION_OF_STIMULUS_INVOLVED_IN_SENSORY_PERCEPTION_OF_PAIN,4,-1.29228759766768,0.00381069162009905,0.5,0.196257565385219,0.382342112814412
GOBP_POSITIVE_REGULATION_OF_MUSCLE_CONTRACTION,4,-1.29190223256166,-0.0654439452639246,0.5,0.196391004489876,0.38245736842601
GOBP_NEGATIVE_REGULATION_OF_NEURON_PROJECTION_DEVELOPMENT,4,1.29136861872532,0.0602047086251346,1,0.196575886907637,0.382652721489086
GOBP_POSITIVE_REGULATION_OF_HEMOPOIESIS,4,-1.2911838042699,-0.0359681931574707,0.75,0.196639949710647,0.382652721489086
GOBP_CELLULAR_RESPONSE_TO_VASCULAR_ENDOTHELIAL_GROWTH_FACTOR_STIMULUS,4,1.29048318899318,0.0209576933580417,0.5,0.196882944990504,0.382980840104309
GOBP_CHAPERONE_MEDIATED_AUTOPHAGY,3,1.28988916094266,0.0379360810723435,0.666666666666667,0.197089144669623,0.383237162350412
GOBP_REGULATION_OF_HORMONE_METABOLIC_PROCESS,4,1.28824613211284,-0.00843094077466689,0.25,0.197660297991376,0.384202670576668
GOBP_NEGATIVE_REGULATION_OF_CELL_CYCLE_PHASE_TRANSITION,4,-1.28746166048045,-0.068835045110343,1,0.197933424542921,0.384588378479811
GOBP_NEGATIVE_REGULATION_OF_RESPONSE_TO_REACTIVE_OXYGEN_SPECIES,3,1.28521644882687,0.0182643010377777,0.333333333333333,0.198716657191591,0.385760391300851
REACTOME_ION_HOMEOSTASIS,4,1.2851619063662,0.0116315150502155,0.5,0.198735712248662,0.385760391300851
REACTOME_XENOBIOTICS,4,-1.28490161667585,-0.0359943023053249,0.75,0.198826665944454,0.385760391300851
GOBP_INFLAMMASOME_COMPLEX_ASSEMBLY,4,1.28487406797783,0.0689335481356339,0.75,0.198836294137203,0.385760391300851
GOBP_NEGATIVE_REGULATION_OF_INFLAMMATORY_RESPONSE,4,1.28413826061929,0.0292005889892199,0.75,0.199093582878779,0.386114070901256
GOBP_POLYOL_BIOSYNTHETIC_PROCESS,4,1.28366019224298,0.00793050155949853,0.75,0.199260878730235,0.386293021303456
GOBP_MYELOID_DENDRITIC_CELL_DIFFERENTIATION,4,1.28257437928349,0.0641519494372623,1,0.199641231038959,0.386884719089049
GOBP_TYPE_I_INTERFERON_PRODUCTION,4,-1.28213156058096,-0.0305409451638336,0.75,0.199796499328327,0.387039945463339
GOBP_MORPHOGENESIS_OF_AN_ENDOTHELIUM,4,1.28141634169523,0.07055049658417,1,0.200047467232689,0.387317431605915
REACTOME_GLUCURONIDATION,3,1.28129466502522,0.130660488556965,0.666666666666667,0.200090186069476,0.387317431605915
GOBP_CHROMOSOME_SEPARATION,4,1.27967411527019,0.0081242581280405,0.5,0.20065977179899,0.388274019163096
REACTOME_RMTS_METHYLATE_HISTONE_ARGININES,4,1.27933715068998,0.00762774563147423,0.75,0.200778355510753,0.388357532879365
KEGG_GLYCEROPHOSPHOLIPID_METABOLISM,4,1.27874181334404,-0.0571262908349404,0.5,0.200987990080597,0.388546739404086
GOBP_C21_STEROID_HORMONE_METABOLIC_PROCESS,4,1.27863080925911,0.0482072268066014,0.75,0.201027095314136,0.388546739404086
GOBP_UBIQUITIN_DEPENDENT_ERAD_PATHWAY,4,-1.27828169698621,-0.111568314789526,0.75,0.201150119014699,0.388638635199506
GOBP_PYRIMIDINE_NUCLEOSIDE_TRIPHOSPHATE_METABOLIC_PROCESS,4,1.27773812376205,0.0405599082810773,0.5,0.201341778141745,0.388863021624849
REACTOME_SIGNALING_BY_NOTCH1_PEST_DOMAIN_MUTANTS_IN_CANCER,4,-1.27751949800961,-0.0648014104364651,0.75,0.201418901202246,0.388866112594812
GOBP_CARDIAC_VENTRICLE_MORPHOGENESIS,4,1.27488631137292,0.0162207280044752,0.75,0.202349484826858,0.390421799946721
REACTOME_SEPARATION_OF_SISTER_CHROMATIDS,4,1.27481044777378,0.00530954275313079,0.5,0.202376341825169,0.390421799946721
GOBP_PROTEIN_HYDROXYLATION,4,1.27379451684759,0.0164296199101013,0.5,0.202736248911915,0.390969642564589
GOBP_DNA_DEPENDENT_DNA_REPLICATION,4,-1.27332508635019,-0.0615298837719512,0.75,0.202902708342783,0.391144157715083
GOBP_NEGATIVE_REGULATION_OF_T_CELL_PROLIFERATION,4,-1.27296340323437,0.00121724897580198,0.25,0.203031028577659,0.391245047210466
GOBP_REGULATION_OF_ACROSOME_REACTION,3,-1.27267182871429,-0.0347876314324716,0.666666666666667,0.203134518260435,0.391298030124571
GOBP_METANEPHROS_MORPHOGENESIS,4,1.27238242372398,0.0579992646034637,0.75,0.203237275885829,0.391349563775666
GOBP_REGULATION_OF_ENDOTHELIAL_CELL_DEVELOPMENT,4,-1.26995116018377,-0.109309361902666,0.75,0.204102027806726,0.392786150530928
GOBP_CELLULAR_OXIDANT_DETOXIFICATION,4,1.26985608628801,0.0188999705071915,0.75,0.204135898003644,0.392786150530928
GOBP_SYNAPTONEMAL_COMPLEX_ORGANIZATION,4,-1.26930967718644,-0.0659808376945545,1,0.20433063623893,0.393013988044173
GOBP_SIGNAL_TRANSDUCTION_BY_P53_CLASS_MEDIATOR,4,-1.26866554340283,-0.0654124584964198,0.75,0.20456037671879,0.393216176162554
GOBP_NEGATIVE_REGULATION_OF_PEPTIDYL_TYROSINE_PHOSPHORYLATION,4,1.26858675655846,-0.00728057823748899,0.25,0.204588490180517,0.393216176162554
GOBP_HEMATOPOIETIC_STEM_CELL_HOMEOSTASIS,3,-1.2674091798941,-0.0891381626934247,1,0.205009019074425,0.393806207507927
REACTOME_NOTCH4_INTRACELLULAR_DOMAIN_REGULATES_TRANSCRIPTION,4,-1.26729886893656,-0.0324359203489995,0.5,0.2050484448104,0.393806207507927
REACTOME_REGULATION_OF_TP53_ACTIVITY,4,-1.26694259260619,-0.0750250914171306,0.75,0.205175817559004,0.393903909251049
GOBP_ESTABLISHMENT_OR_MAINTENANCE_OF_BIPOLAR_CELL_POLARITY,4,1.26562238286496,0.0432888182331335,0.75,0.205648308663192,0.394663861836294
REACTOME_INSULIN_RECEPTOR_RECYCLING,4,1.26530548715562,0.0368510562602517,0.75,0.205761840340316,0.394734618447201
GOBP_NEGATIVE_REGULATION_OF_OXIDATIVE_STRESS_INDUCED_INTRINSIC_APOPTOTIC_SIGNALING_PATHWAY,4,-1.26475517767412,-0.146279605932348,0.75,0.205959103485072,0.394965893424445
GOBP_DICARBOXYLIC_ACID_METABOLIC_PROCESS,4,-1.26444637383029,-0.0222904467486048,0.75,0.206069857023093,0.395031159274722
GOBP_NOTOCHORD_DEVELOPMENT,3,-1.26385780009751,-0.0599016856833049,1,0.206281070764816,0.395288884766668
GOBP_RNA_PHOSPHODIESTER_BOND_HYDROLYSIS_ENDONUCLEOLYTIC,4,-1.26351330587142,-0.0462031939772013,1,0.206404767809974,0.395378775838376
GOBP_NUCLEOSIDE_METABOLIC_PROCESS,4,-1.26315014393012,-0.0748566986878248,0.75,0.206535226155066,0.395447349465509
REACTOME_SIGNALING_BY_PTK6,4,-1.26298612038448,-0.0605526202045141,0.75,0.206594167811657,0.395447349465509
REACTOME_CTLA4_INHIBITORY_SIGNALING,4,1.26264975339012,0.0147968206288841,0.75,0.206715079071681,0.395531751073982
HALLMARK_G2M_CHECKPOINT,4,1.26178632108803,-0.00210449746054313,0.5,0.207025685614036,0.395978920960873
GOBP_T_CELL_ACTIVATION_INVOLVED_IN_IMMUNE_RESPONSE,4,-1.26112866375704,-0.0454564154937668,0.75,0.207262494914423,0.396284658861627
KEGG_NOTCH_SIGNALING_PATHWAY,4,-1.26021352044002,-0.0787784463246938,0.5,0.207592346743334,0.396768000512778
GOBP_RESPONSE_TO_MANGANESE_ION,4,-1.25909201393152,-0.0608579989351699,0.75,0.207997098644019,0.397394085683878
GOBP_RESPONSE_TO_INTERLEUKIN_1,4,-1.25848483944266,-0.0245786526882448,0.5,0.208216466650751,0.397665647917181
REACTOME_CONSTITUTIVE_SIGNALING_BY_AKT1_E17K_IN_CANCER,4,-1.25801210552867,-0.124432147086394,0.75,0.208387378295232,0.397844497902169
GOBP_NEGATIVE_REGULATION_OF_RESPONSE_TO_BIOTIC_STIMULUS,4,-1.25682843602193,-0.0297725505672915,1,0.208815766779003,0.398514597162745
KEGG_JAK_STAT_SIGNALING_PATHWAY,4,-1.25440329306373,-0.0592230318346562,0.75,0.209695456224611,0.400045166395154
GOBP_NEGATIVE_REGULATION_OF_CATION_CHANNEL_ACTIVITY,4,-1.25411265110321,-0.0154999059951136,0.5,0.209801062653867,0.400098396890652
REACTOME_EPHA_MEDIATED_GROWTH_CONE_COLLAPSE,4,-1.25339822155757,0.00908621690273756,0.5,0.210060818386212,0.40044544756409
GOBP_RESPONSE_TO_INTERFERON_GAMMA,4,-1.2525356841461,-0.05096659518423,1,0.210374733966172,0.400895449737906
GOBP_REGULATION_OF_REGULATED_SECRETORY_PATHWAY,4,1.25224534318927,0.0272931341089045,0.75,0.210480478232315,0.400948569152124
GOBP_TOLL_LIKE_RECEPTOR_9_SIGNALING_PATHWAY,3,1.25171160886749,0.0266051040612822,0.666666666666667,0.210674968435443,0.401034300243032
GOBP_SPINDLE_LOCALIZATION,4,1.25145790557932,0.0826141877397539,1,0.210767462259377,0.401034300243032
KEGG_P53_SIGNALING_PATHWAY,4,1.25138698893058,-0.0208398849070615,0.5,0.210793321934301,0.401034300243032
GOBP_REGULATION_OF_FATTY_ACID_BIOSYNTHETIC_PROCESS,4,-1.25124817527375,-0.0743274407626157,0.75,0.210843946818477,0.401034300243032
GOBP_RIBOSE_PHOSPHATE_BIOSYNTHETIC_PROCESS,4,-1.25101524101319,-0.0411551172526393,0.75,0.210928916936611,0.401034300243032
GOBP_MALE_MEIOTIC_NUCLEAR_DIVISION,4,1.2508000705794,0.000565155732316885,0.5,0.211007429142063,0.401034300243032
GOBP_RETINOL_METABOLIC_PROCESS,4,1.25062675559586,0.00992064551542117,0.75,0.211070684338438,0.401034300243032
GOBP_CHEMOSENSORY_BEHAVIOR,2,1.24997665520831,0.0675584822336146,1,0.211308075267838,0.401337248083399
GOBP_CELL_REDOX_HOMEOSTASIS,4,1.24928173260457,0.00722848131951156,0.75,0.211562046899741,0.401671452613115
GOBP_PLACENTA_BLOOD_VESSEL_DEVELOPMENT,4,1.24847067706983,0.0324840791354436,0.5,0.211858740306113,0.402086492383404
GOBP_REGULATION_OF_PROTEIN_MODIFICATION_BY_SMALL_PROTEIN_CONJUGATION_OR_REMOVAL,4,-1.24613773105436,-0.0746957381378754,0.5,0.212713834829824,0.403151195742098
GOBP_POSITIVE_REGULATION_OF_RELEASE_OF_CYTOCHROME_C_FROM_MITOCHONDRIA,4,1.24591349633392,0.0287233347085762,0.5,0.212796154665541,0.403151195742098
REACTOME_INHIBITION_OF_DNA_RECOMBINATION_AT_TELOMERE,4,-1.24589524994057,-0.0838959815254211,1,0.212802854194571,0.403151195742098
GOBP_ACROSOME_REACTION,4,-1.24583466911134,-0.042405095120771,1,0.212825098752526,0.403151195742098
GOBP_MRNA_MODIFICATION,4,1.24564738882094,0.0202933038528068,0.75,0.212893876459529,0.403151195742098
REACTOME_PROTEIN_PROTEIN_INTERACTIONS_AT_SYNAPSES,4,1.2456152212618,0.0648540985259408,0.75,0.21290569144213,0.403151195742098
GOBP_VASCULAR_ENDOTHELIAL_GROWTH_FACTOR_RECEPTOR_SIGNALING_PATHWAY,4,-1.24544611868664,-0.114867185434673,0.75,0.21296780975306,0.403151195742098
GOBP_HISTONE_H3_K9_METHYLATION,4,-1.24509247063487,-0.0863427154623433,0.75,0.213097761480833,0.403248942985965
GOBP_POSITIVE_REGULATION_OF_MONONUCLEAR_CELL_MIGRATION,4,1.24408110822708,0.113170971806386,0.75,0.213469713234718,0.403804391420119
GOBP_CEREBELLAR_CORTEX_DEVELOPMENT,4,-1.24344722621179,-0.0208563897084957,0.75,0.213703076623244,0.404047944568121
GOBP_RESPONSE_TO_FUNGUS,4,1.24330514497391,0.109049004662584,0.75,0.21375540901215,0.404047944568121
GOBP_REGULATION_OF_GLIAL_CELL_DIFFERENTIATION,4,1.24124066814028,-0.000282692591936475,0.5,0.21451685548688,0.40522099297671
REACTOME_RESOLUTION_OF_SISTER_CHROMATID_COHESION,4,1.24119589657851,0.013798033749308,0.5,0.214533390338806,0.40522099297671
GOBP_NEGATIVE_REGULATION_OF_AMYLOID_PRECURSOR_PROTEIN_CATABOLIC_PROCESS,4,1.24097485037059,0.0668871721507294,0.75,0.214615039697218,0.405226563770068
GOBP_POSITIVE_REGULATION_OF_NUCLEOTIDE_METABOLIC_PROCESS,4,1.24055468910924,0.0284215943624605,0.5,0.214770299310095,0.405371067136245
GOBP_NEGATIVE_REGULATION_OF_TYPE_I_INTERFERON_PRODUCTION,4,-1.23946900642455,0.0133085797866467,0.75,0.215171859828597,0.405961029870183
REACTOME_GRB2_SOS_PROVIDES_LINKAGE_TO_MAPK_SIGNALING_FOR_INTEGRINS,4,1.23909347217738,-0.0256754512792673,0.5,0.215310884210441,0.405961029870183
GOBP_POSITIVE_REGULATION_OF_SPROUTING_ANGIOGENESIS,4,1.23907048436204,0.00264297512866007,0.5,0.215319396499412,0.405961029870183
GOBP_CELL_MATRIX_ADHESION,4,1.23819063852767,0.00533959875995379,0.75,0.215645381879701,0.406284683949197
HALLMARK_BILE_ACID_METABOLISM,4,-1.23818122412146,-0.0259728831311604,0.5,0.215648871865053,0.406284683949197
GOBP_PYRIDINE_CONTAINING_COMPOUND_METABOLIC_PROCESS,4,1.23756296711345,0.0300703980585376,0.5,0.215878153073539,0.406567430620569
GOBP_REGULATION_OF_EXOSOMAL_SECRETION,4,-1.23715527546052,-0.0986583740186927,0.75,0.216029441933546,0.406567430620569
REACTOME_NEGATIVE_REGULATION_OF_FLT3,3,1.23695669091806,0.106745396610848,0.666666666666667,0.216103161614979,0.406567430620569
GOBP_RESPONSE_TO_ALCOHOL,4,1.23660701966007,0.0335832080623951,0.75,0.216233012586699,0.406567430620569
REACTOME_SHC1_EVENTS_IN_ERBB2_SIGNALING,4,1.23652562060512,0.00904284327804438,0.5,0.216263248311886,0.406567430620569
GOBP_CARBOHYDRATE_BIOSYNTHETIC_PROCESS,4,-1.23650014548311,-0.0364021644390051,0.75,0.216272711685713,0.406567430620569
GOBP_SIGNAL_TRANSDUCTION_IN_RESPONSE_TO_DNA_DAMAGE,4,-1.23459880341286,-0.0736753497108355,0.75,0.216979854568901,0.407513249162222
REACTOME_FORMATION_OF_TC_NER_PRE_INCISION_COMPLEX,4,-1.2345290869392,-0.0835734686323162,1,0.217005814940887,0.407513249162222
GOBP_REGULATION_OF_PODOSOME_ASSEMBLY,2,1.23450906648826,0.0678086371603748,1,0.217013270383145,0.407513249162222
GOBP_PROTEIN_ADP_RIBOSYLATION,4,-1.23361485238452,-0.0578842655833355,1,0.217346455899509,0.407990120826311
GOBP_SMOOTHENED_SIGNALING_PATHWAY,4,-1.23331988055726,-0.022543685466991,0.5,0.217456443499066,0.408047823460892
REACTOME_SIGNALING_BY_FGFR3,4,1.23237347741411,-0.00551673098227561,0.75,0.217809603718592,0.408561620964311
GOBP_NEGATIVE_REGULATION_OF_STRIATED_MUSCLE_CELL_DIFFERENTIATION,4,1.23210999241995,0.0178306230938464,0.5,0.217907999233263,0.408597337236733
GOBP_INTESTINAL_LIPID_ABSORPTION,4,-1.23169517815962,-0.0308261496808932,0.75,0.218062971707538,0.408739075836226
GOBP_POSITIVE_REGULATION_OF_G_PROTEIN_COUPLED_RECEPTOR_SIGNALING_PATHWAY,4,1.23139150732539,0.0138515362595572,0.75,0.218176471780465,0.408803003347022
GOBP_REGULATION_OF_TRANSMISSION_OF_NERVE_IMPULSE,4,-1.23102583556414,-0.00352828411325685,0.75,0.218313201668264,0.408830575074954
GOBP_THYMOCYTE_APOPTOTIC_PROCESS,4,1.23092748543975,0.016943394162573,0.75,0.218349986687924,0.408830575074954
GOBP_NEGATIVE_REGULATION_OF_MUSCLE_CONTRACTION,4,-1.22972465460571,-0.0471152359166174,0.5,0.218800231132317,0.40952467833526
GOBP_REGULATION_OF_NEUROTRANSMITTER_LEVELS,4,1.22836520985632,0.0199962328289345,0.75,0.219309901707907,0.410329463624278
REACTOME_METABOLIC_DISORDERS_OF_BIOLOGICAL_OXIDATION_ENZYMES,4,1.22775656965918,0.0558727491280099,0.75,0.219538363541131,0.410607712994292
GOBP_REGULATION_OF_T_HELPER_17_CELL_DIFFERENTIATION,3,-1.22651087436174,-0.132220837258976,0.666666666666667,0.220006485669097,0.411333839764045
GOBP_CAMERA_TYPE_EYE_MORPHOGENESIS,4,-1.22580603269173,-0.0329084267362447,1,0.220271676471839,0.411621816729373
GOBP_ESTABLISHMENT_OF_ENDOTHELIAL_BARRIER,4,-1.225676604829,-0.0770420849976775,0.75,0.220320397534696,0.411621816729373
GOBP_REGULATION_OF_AEROBIC_RESPIRATION,4,-1.22524463351124,-0.0687699745929274,0.75,0.22048306222684,0.411776310266956
GOBP_PROTEIN_LOCALIZATION_TO_NUCLEUS,4,-1.22420857105775,-0.0786109164457641,0.75,0.220873556673797,0.412356034558877
GOBP_RAC_PROTEIN_SIGNAL_TRANSDUCTION,4,1.22391551272377,0.0358031191331021,0.5,0.220984100978622,0.412412880006858
GOBP_PLATELET_MORPHOGENESIS,4,1.22330662206192,0.0723554774803268,0.75,0.221213906949339,0.412692176406574
REACTOME_DOWNSTREAM_SIGNAL_TRANSDUCTION,4,-1.22300053331297,-0.103294061821676,0.75,0.221329494863403,0.412758264777857
GOBP_PROTEIN_HOMOOLIGOMERIZATION,4,-1.22228862575874,-0.0166264256866354,0.5,0.221598499021551,0.413110308277322
REACTOME_CELLULAR_SENESCENCE,4,-1.22178114423962,-0.0988234284297605,0.75,0.221790400924113,0.413318412724668
GOBP_POSITIVE_REGULATION_OF_NEURON_DIFFERENTIATION,4,1.22103914208704,0.00753935605900558,0.5,0.222071200014825,0.413610968634888
REACTOME_RHOJ_GTPASE_CYCLE,4,-1.2209418279913,-0.0346540231474847,0.75,0.222108045887642,0.413610968634888
GOBP_POSITIVE_REGULATION_OF_CALCIUM_ION_TRANSMEMBRANE_TRANSPORT,4,-1.22028427825443,0.00428747506603591,0.5,0.222357127586392,0.41392510843902
GOBP_NEGATIVE_REGULATION_OF_AUTOPHAGY,4,-1.2198154586383,-0.042725391845475,0.75,0.22253483987594,0.414106212692887
GOBP_DORSAL_VENTRAL_PATTERN_FORMATION,4,-1.21924556224107,-0.0282458496601375,0.75,0.222751003557579,0.414358712903892
REACTOME_GLYCEROPHOSPHOLIPID_BIOSYNTHESIS,4,-1.21803730526014,-0.0758809133924681,0.75,0.223209796633425,0.41506220399621
GOBP_NADPH_REGENERATION,4,1.21758679366459,0.050495945460875,0.75,0.223381035484796,0.415230668487803
REACTOME_HCMV_EARLY_EVENTS,4,-1.2172858774048,-0.0581297039975551,0.5,0.223495465687413,0.415293451037347
GOBP_RESPONSE_TO_AMINE,4,1.2164092694818,0.00172814038341878,0.5,0.223829054615425,0.415763276412274
GOBP_NEGATIVE_REGULATION_OF_VASCULAR_ASSOCIATED_SMOOTH_MUSCLE_CELL_PROLIFERATION,4,-1.21560410954961,-0.0627169156316337,0.75,0.224135767922173,0.416081612621722
GOBP_POSITIVE_REGULATION_OF_DNA_TEMPLATED_TRANSCRIPTION_INITIATION,4,-1.21546215148617,-0.0199562674635458,0.75,0.224189875807947,0.416081612621722
REACTOME_VITAMIN_B5_PANTOTHENATE_METABOLISM,4,1.2153183258945,0.0187377967326842,0.25,0.224244705031491,0.416081612621722
GOBP_MEMBRANE_FUSION,4,1.21503347944997,0.0422390533734011,0.75,0.224353322544456,0.416081612621722
GOBP_POSITIVE_REGULATION_OF_TRANSCRIPTION_BY_RNA_POLYMERASE_I,4,1.21450588343877,0.0323696224624626,0.75,0.22455460452716,0.416081612621722
KEGG_ASCORBATE_AND_ALDARATE_METABOLISM,3,-1.21431586918008,0.0182185143767746,0.666666666666667,0.224627128043669,0.416081612621722
GOBP_POSITIVE_REGULATION_OF_BLOOD_PRESSURE,4,1.21430307581507,0.0289707299861223,0.5,0.224632011540746,0.416081612621722
GOBP_REGULATION_OF_AMYLOID_PRECURSOR_PROTEIN_CATABOLIC_PROCESS,4,-1.21414100596968,-0.014666742000401,0.5,0.224693883585135,0.416081612621722
GOBP_GLYCEROPHOSPHOLIPID_BIOSYNTHETIC_PROCESS,4,-1.21404344393502,-0.0813501471168725,0.75,0.22473113489509,0.416081612621722
GOBP_REGULATION_OF_ATP_DEPENDENT_ACTIVITY,4,1.21368625093849,-0.00298777640493036,0.75,0.224867556613442,0.416081612621722
KEGG_PRION_DISEASES,4,1.21357402218516,0.0781327879376957,0.75,0.224910432038623,0.416081612621722
GOBP_SODIUM_ION_TRANSPORT,4,-1.21341777981501,-0.0136282299787291,0.75,0.224970131974922,0.416081612621722
REACTOME_RETROGRADE_TRANSPORT_AT_THE_TRANS_GOLGI_NETWORK,4,-1.212819270926,-0.050720464404865,0.75,0.225198925910341,0.416355213469424
GOBP_BONE_RESORPTION,4,1.21258157327054,0.0332826525268321,0.75,0.225289837455492,0.416373787888848
REACTOME_PARASITE_INFECTION,4,1.21158318305286,0.0454945701934224,1,0.225671975157717,0.416930391132791
GOBP_MYOTUBE_DIFFERENTIATION,4,1.21135866709882,0.00926212447203172,0.5,0.225757973198693,0.416939671449093
GOBP_ANTIBACTERIAL_HUMORAL_RESPONSE,4,1.21034629266999,0.0535931869792319,0.5,0.226146041195439,0.417506621052462
GOBP_NEGATIVE_REGULATION_OF_NUCLEAR_DIVISION,4,1.20906985867251,0.00306223301104859,0.5,0.22663600787806,0.417854205449779
REACTOME_SIGNALING_BY_RETINOIC_ACID,4,-1.20876683519296,-0.0515323124422414,0.75,0.226752436355522,0.417854205449779
REACTOME_DISORDERS_OF_TRANSMEMBRANE_TRANSPORTERS,4,-1.20869727377359,-0.0517875043352106,1,0.226779169446269,0.417854205449779
GOBP_VENTRICULAR_CARDIAC_MUSCLE_CELL_MEMBRANE_REPOLARIZATION,4,1.20849750071217,0.0732584155369395,1,0.226855956561474,0.417854205449779
KEGG_RENAL_CELL_CARCINOMA,4,-1.20834378069703,-0.0806605889367152,0.75,0.226915054810079,0.417854205449779
REACTOME_DIGESTION_AND_ABSORPTION,4,-1.20829064185298,0.0272711693364303,0.5,0.226935486795648,0.417854205449779
GOBP_TAIL_ANCHORED_MEMBRANE_PROTEIN_INSERTION_INTO_ER_MEMBRANE,2,-1.20783720479801,-0.103222891712032,1,0.227109887559525,0.417854205449779
GOBP_HOMOLOGOUS_CHROMOSOME_SEGREGATION,4,-1.20749049354091,-0.0496932020670081,1,0.227243303948899,0.417854205449779
KEGG_GLYCOSAMINOGLYCAN_BIOSYNTHESIS_CHONDROITIN_SULFATE,4,1.2074543776953,0.0426284242980506,0.75,0.227257204736654,0.417854205449779
REACTOME_TICAM1_RIP1_MEDIATED_IKK_COMPLEX_RECRUITMENT,4,1.20743869655311,-0.0651603762160745,0.5,0.227263240509661,0.417854205449779
GOBP_REGULATION_OF_RETINOIC_ACID_RECEPTOR_SIGNALING_PATHWAY,4,-1.20719844960686,-0.0592188411061744,0.5,0.2273557274008,0.417854205449779
GOBP_TRANSFORMING_GROWTH_FACTOR_BETA_RECEPTOR_SIGNALING_PATHWAY,4,1.2071859602393,0.0172180867036762,0.5,0.227360536115451,0.417854205449779
GOBP_BENZENE_CONTAINING_COMPOUND_METABOLIC_PROCESS,4,-1.20694361333663,-0.040807383328063,0.5,0.227453860005428,0.417854205449779
GOBP_POSITIVE_REGULATION_OF_CARTILAGE_DEVELOPMENT,4,1.20669214028168,0.0145501263001265,0.75,0.227550727092363,0.417854205449779
GOBP_POSITIVE_REGULATION_OF_PATTERN_RECOGNITION_RECEPTOR_SIGNALING_PATHWAY,4,1.2066898726497,0.100826364985299,0.75,0.227551600714931,0.417854205449779
REACTOME_SIGNALING_BY_NTRK3_TRKC,4,1.20604774168701,0.0436231177462331,0.75,0.22779908277142,0.418159528409998
GOBP_NEGATIVE_REGULATION_OF_SYNAPTIC_TRANSMISSION,4,-1.20532044008594,-0.0432290475044933,1,0.228079621796574,0.418465902794756
GOBP_DOPAMINE_RECEPTOR_SIGNALING_PATHWAY,4,1.20519371604099,-0.000963789266339752,0.5,0.228128527703414,0.418465902794756
REACTOME_CA2_PATHWAY,4,1.20482004575065,0.0104879890973314,0.75,0.228272779691924,0.418581389826822
GOBP_REGULATION_OF_DEFENSE_RESPONSE_TO_VIRUS_BY_HOST,4,-1.20443093332144,-0.0323700876540168,0.5,0.228423062016386,0.41870784845937
GOBP_T_CELL_MEDIATED_IMMUNITY,4,-1.20393501211399,-0.000185526502321013,0.5,0.228614697950254,0.418788108390465
GOBP_INFLAMMATORY_RESPONSE_TO_ANTIGENIC_STIMULUS,4,-1.20381340500742,-0.020857250893559,0.5,0.228661707346536,0.418788108390465
GOBP_SERINE_FAMILY_AMINO_ACID_BIOSYNTHETIC_PROCESS,4,-1.20366589894057,-0.0768863159697942,0.75,0.228718737684947,0.418788108390465
GOBP_POSITIVE_REGULATION_OF_CELL_KILLING,4,-1.20347597563031,-0.0163215298868253,0.75,0.228792182734974,0.418788108390465
KEGG_PENTOSE_PHOSPHATE_PATHWAY,4,1.20311136313213,0.000208406924309091,0.5,0.228933228718749,0.418897368398308
GOBP_RIBOSOME_ASSEMBLY,4,-1.20176597199332,-0.0790315693879324,0.75,0.229454212736737,0.419701506707446
GOBP_SYNAPTIC_VESICLE_RECYCLING,4,-1.19942786739681,-0.0377825069187005,1,0.230361617071867,0.421211635761023
REACTOME_RAC3_GTPASE_CYCLE,4,1.19743938931532,0.0386175141178354,0.75,0.231135338564651,0.422476343013627
GOBP_BARBED_END_ACTIN_FILAMENT_CAPPING,4,1.19706273037408,0.081872462003277,0.75,0.231282105185601,0.422566899449133
KEGG_VIRAL_MYOCARDITIS,4,1.19689106506704,0.0516812108554329,0.5,0.231349017196952,0.422566899449133
GOBP_NONRIBOSOMAL_PEPTIDE_BIOSYNTHETIC_PROCESS,3,-1.19646358318021,-0.0829931428187453,0.666666666666667,0.231515701606119,0.422721399847486
KEGG_VEGF_SIGNALING_PATHWAY,4,-1.1961980821851,-0.0566489480220397,0.75,0.231619269099149,0.42276058723556
REACTOME_SPHINGOLIPID_DE_NOVO_BIOSYNTHESIS,4,1.19547309806241,0.0796484293879461,1,0.231902240838681,0.423127086491271
REACTOME_RUNX2_REGULATES_OSTEOBLAST_DIFFERENTIATION,4,1.19349290827572,0.0487094831168092,0.75,0.232676387906479,0.424389203446851
GOBP_PROTEIN_DESTABILIZATION,4,-1.19302005488999,-0.0282578515936022,0.5,0.232861518874448,0.424576473330218
REACTOME_ESR_MEDIATED_SIGNALING,4,-1.19259295905511,-0.0638674888397522,0.75,0.233028824694372,0.42473112154029
GOBP_REGULATION_OF_CELL_CYCLE_CHECKPOINT,4,-1.19152137350499,-0.0451719305681672,1,0.233448971075413,0.425346338311146
GOBP_POSITIVE_REGULATION_OF_CYCLIN_DEPENDENT_PROTEIN_KINASE_ACTIVITY,4,-1.19053413613969,-0.0502358803180872,0.75,0.233836521361212,0.425901750438231
GOBP_POSITIVE_REGULATION_OF_INSULIN_SECRETION,4,1.18938042799818,-0.0136943197006719,0.75,0.234289999021933,0.426576805149905
GOBP_REGULATION_OF_SKELETAL_MUSCLE_CELL_DIFFERENTIATION,3,-1.18892356636134,-0.069753594083435,0.666666666666667,0.234469745606568,0.426753170777031
GOBP_REGULATION_OF_GLYCOPROTEIN_METABOLIC_PROCESS,4,-1.18760377725419,-0.0414349199581173,1,0.234989548992392,0.427548122884038
GOBP_CELLULAR_RESPONSE_TO_ATP,3,-1.18674976445559,-0.0197461472090008,0.666666666666667,0.235326339297786,0.428009650669128
REACTOME_VOLTAGE_GATED_POTASSIUM_CHANNELS,4,1.18553617705583,0.0771358277275556,0.75,0.235805519697679,0.428637762555497
GOBP_MAMMARY_GLAND_EPITHELIAL_CELL_PROLIFERATION,4,-1.18545352777538,-0.0682205147138287,0.5,0.235838178543353,0.428637762555497
REACTOME_SIGNALING_BY_KIT_IN_DISEASE,4,-1.18494313354514,-0.122578782330574,0.75,0.236039931616165,0.428667585960001
GOBP_PORE_COMPLEX_ASSEMBLY,4,-1.18473095820215,-0.0732275211095652,1,0.236123838046877,0.428667585960001
GOBP_REGULATION_OF_VIRAL_PROCESS,4,-1.18472188713111,-0.00926852038364104,0.25,0.236127425744414,0.428667585960001
GOBP_REGULATION_OF_DEPHOSPHORYLATION,4,-1.18456976354971,-0.0504576243421076,1,0.236187597857549,0.428667585960001
REACTOME_CONSTITUTIVE_SIGNALING_BY_ABERRANT_PI3K_IN_CANCER,4,-1.18402883452962,-0.0307098513052284,0.75,0.236401648857966,0.428886822767004
GOBP_DEOXYRIBOSE_PHOSPHATE_CATABOLIC_PROCESS,4,-1.18384359006421,-0.0205685844079142,0.75,0.236474983459997,0.428886822767004
GOBP_REGULATION_OF_PHOSPHOLIPID_TRANSPORT,3,1.1836249677311,0.0231021343976541,0.666666666666667,0.236561552388803,0.428892758186601
KEGG_GLYCOSAMINOGLYCAN_BIOSYNTHESIS_KERATAN_SULFATE,1,1.18322162430489,0.164468073005199,1,0.236721325008019,0.429031363064516
GOBP_OLIGOSACCHARIDE_METABOLIC_PROCESS,4,1.182226282713,0.0899706530797438,0.5,0.237115926618701,0.429551262366467
REACTOME_COOPERATION_OF_PREFOLDIN_AND_TRIC_CCT_IN_ACTIN_AND_TUBULIN_FOLDING,4,1.18167139566577,0.0209141246012371,0.75,0.237336112410417,0.429551262366467
GOBP_PHAGOSOME_MATURATION,4,1.18154949130312,0.0546457536476834,1,0.237384504862462,0.429551262366467
GOBP_CELLULAR_RESPONSE_TO_INORGANIC_SUBSTANCE,4,1.1815254167448,0.00759601194607893,0.75,0.237394062579368,0.429551262366467
GOBP_FOAM_CELL_DIFFERENTIATION,4,1.18144672755915,0.0468463089071312,1,0.237425304465909,0.429551262366467
GOBP_REGULATION_OF_GRANULOCYTE_CHEMOTAXIS,4,1.18005542623428,0.0858370194481895,0.75,0.237978171163593,0.430299652442281
GOBP_CELLULAR_ANION_HOMEOSTASIS,3,1.17998340019379,0.0353767475911611,1,0.238006817153549,0.430299652442281
GOBP_REGULATION_OF_VESICLE_FUSION,4,1.17977511409968,0.0525287682858156,1,0.238089669801526,0.430299652442281
GOBP_REGULATION_OF_LEUKOCYTE_ADHESION_TO_VASCULAR_ENDOTHELIAL_CELL,4,1.17911156060182,0.102264832977348,0.75,0.238353755810541,0.430347376218762
GOBP_POSITIVE_REGULATION_OF_ANTIGEN_RECEPTOR_MEDIATED_SIGNALING_PATHWAY,4,1.1790880530069,0.0222790781078619,0.5,0.238363115330732,0.430347376218762
GOBP_TYROSINE_PHOSPHORYLATION_OF_STAT_PROTEIN,4,-1.17907876757372,-0.0292385749070601,0.75,0.238366812386077,0.430347376218762
GOBP_PRESYNAPTIC_ENDOCYTOSIS,4,-1.17878261980306,-0.0392580861397599,0.75,0.238484746771429,0.430409379995123
GOBP_POSITIVE_REGULATION_OF_SIGNALING_RECEPTOR_ACTIVITY,4,-1.17820765004991,0.0153978075221437,0.75,0.238713833508738,0.430671874119304
GOBP_THYMIC_T_CELL_SELECTION,4,1.17717086147621,0.0893273991948709,0.5,0.239127316333734,0.43126674318823
GOBP_POSITIVE_REGULATION_OF_ORGANIC_ACID_TRANSPORT,4,1.17683399688163,0.0611415672991365,0.5,0.239261770361975,0.431358142714919
KEGG_MELANOGENESIS,4,1.17659722604136,0.0150939509626421,0.75,0.239356305499193,0.431377534832112
GOBP_ENDOCRINE_HORMONE_SECRETION,4,-1.17613410804358,-0.0657319603533013,0.75,0.239541290072841,0.431559867944387
REACTOME_APC_CDC20_MEDIATED_DEGRADATION_OF_NEK2A,4,-1.17532706046379,-0.103425829773667,0.75,0.23986389230332,0.431760167892076
GOBP_IRON_ION_TRANSPORT,4,-1.17524962863178,-0.060827582695321,0.75,0.239894860329647,0.431760167892076
GOBP_PYRIMIDINE_NUCLEOTIDE_METABOLIC_PROCESS,4,-1.17522670724319,-0.047919559887002,0.75,0.239904028032478,0.431760167892076
REACTOME_HS_GAG_DEGRADATION,4,-1.17472130645719,-0.0171573963256724,0.5,0.240106232306339,0.431881498807036
GOBP_POSITIVE_REGULATION_OF_EXOSOMAL_SECRETION,4,-1.17463893830052,-0.103491193017549,0.75,0.240139198113137,0.431881498807036
GOBP_STRESS_RESPONSE_TO_METAL_ION,4,1.17405966225878,0.0490783526126733,0.5,0.240371129048072,0.431927422264007
GOBP_NUCLEAR_CHROMOSOME_SEGREGATION,4,1.17380779369551,0.00087538979616456,0.75,0.240472021571587,0.431927422264007
REACTOME_SIGNALING_BY_EGFR,4,-1.173806894502,-0.0535294887642546,0.75,0.240472381820446,0.431927422264007
GOBP_VASCULAR_TRANSPORT,4,-1.17373727327836,0.00237082450595811,0.5,0.240500275710023,0.431927422264007
REACTOME_GENE_SILENCING_BY_RNA,4,-1.17208081493346,-0.0941333334228274,1,0.241164611648121,0.432452890870927
GOBP_REGULATION_OF_MONONUCLEAR_CELL_MIGRATION,4,1.17201065983501,0.105400127649545,0.75,0.241192776407394,0.432452890870927
KEGG_CARDIAC_MUSCLE_CONTRACTION,4,1.17199176481353,0.0157216459957535,0.75,0.241200362477617,0.432452890870927
GOBP_SISTER_CHROMATID_SEGREGATION,4,1.17196488572497,-0.00299602578349939,0.5,0.24121115432155,0.432452890870927
GOBP_CELLULAR_RESPONSE_TO_IONIZING_RADIATION,4,-1.17196078916613,-0.0795508816889512,0.5,0.241212799102991,0.432452890870927
GOBP_POSITIVE_REGULATION_OF_LYMPHOCYTE_APOPTOTIC_PROCESS,3,1.17166638341044,0.0712599135956145,0.666666666666667,0.24133102462991,0.432514251938534
GOBP_GAMMA_AMINOBUTYRIC_ACID_SIGNALING_PATHWAY,4,1.17127841372534,0.055704131543852,1,0.2414868852372,0.432642996550571
GOBP_BIOLOGICAL_PROCESS_INVOLVED_IN_INTERACTION_WITH_SYMBIONT,4,-1.17077268740135,0.00762049770942635,0.5,0.241690159048141,0.432778781632408
REACTOME_SYNTHESIS_OF_DNA,4,-1.17067166709341,-0.0668287406053975,0.75,0.241730778010255,0.432778781632408
GOBP_PROTEIN_AUTOPROCESSING,4,1.16967757688814,0.0114475396027017,0.5,0.242130745109522,0.433344180246413
GOBP_REGULATION_OF_CELLULAR_EXTRAVASATION,4,1.16894803536566,0.0886351288855153,0.75,0.242424568455183,0.433579695178298
GOBP_EPITHELIAL_CELL_DIFFERENTIATION_INVOLVED_IN_KIDNEY_DEVELOPMENT,4,1.16893268858888,0.0689603308977705,1,0.242430752071921,0.433579695178298
REACTOME_ERCC6_CSB_AND_EHMT2_G9A_POSITIVELY_REGULATE_RRNA_EXPRESSION,3,-1.16837196689391,-0.0982466045870651,0.666666666666667,0.242656757544878,0.433794543376982
GOBP_AMINO_ACID_BETAINE_METABOLIC_PROCESS,3,-1.16821666890168,-0.0881591993033772,0.666666666666667,0.242719378416991,0.433794543376982
GOBP_SYNCYTIUM_FORMATION,4,1.16729637875068,0.0399048958934091,0.75,0.243090700566209,0.434307431372453
GOBP_REPLICATIVE_SENESCENCE,3,-1.16642624103728,-0.0710308003618277,1,0.243442154093821,0.434784478470027
GOBP_CELL_SUBSTRATE_JUNCTION_ORGANIZATION,4,-1.16476401764627,-0.0779578759212227,1,0.244114527643248,0.435734773218467
REACTOME_PROGRAMMED_CELL_DEATH,4,1.16469249443314,0.000445920898993982,0.25,0.244143488198734,0.435734773218467
GOBP_NEUROTRANSMITTER_RECEPTOR_LOCALIZATION_TO_POSTSYNAPTIC_SPECIALIZATION_MEMBRANE,3,1.1622699413533,0.0213244038538251,0.666666666666667,0.245125832359687,0.437336420935561
GOBP_MECHANORECEPTOR_DIFFERENTIATION,4,-1.16150244957337,-0.0251828960733413,0.75,0.245437627590096,0.437741026831106
GOBP_MATURATION_OF_SSU_RRNA_FROM_TRICISTRONIC_RRNA_TRANSCRIPT_SSU_RRNA_5_8S_RRNA_LSU_RRNA,4,-1.16081211371667,-0.0543427464724075,0.75,0.245718315599564,0.43808989162817
REACTOME_SIGNALING_BY_BRAF_AND_RAF1_FUSIONS,4,1.16008736314875,-0.00234500015119576,0.25,0.246013238630037,0.43846388567188
GOBP_POSITIVE_REGULATION_OF_RESPONSE_TO_WOUNDING,4,1.15925468909343,-0.0197982349877975,0.25,0.246352385238882,0.43891641231661
GOBP_SOMATIC_DIVERSIFICATION_OF_IMMUNE_RECEPTORS_VIA_SOMATIC_MUTATION,2,-1.15679793434577,-0.120386144476769,1,0.247354925995704,0.440518766721521
GOBP_REGULATION_OF_PHOSPHOLIPASE_C_ACTIVITY,4,-1.15663172818661,0.00375183234987765,0.75,0.247422853633451,0.440518766721521
GOBP_REGULATION_OF_RRNA_PROCESSING,2,-1.15632744719221,-0.0560552331392538,0.5,0.247547245615899,0.440587890658924
GOBP_DNA_STRAND_ELONGATION,4,-1.15582948973125,-0.0576016677012318,0.75,0.24775090819325,0.440798004936782
GOBP_INOSITOL_LIPID_MEDIATED_SIGNALING,4,-1.15547222972037,-0.0369632849581305,0.75,0.247897098322965,0.440836828685714
REACTOME_POST_CHAPERONIN_TUBULIN_FOLDING_PATHWAY,4,1.15535773741227,0.0449556515511067,0.75,0.247943961133002,0.440836828685714
GOBP_ANTERIOR_POSTERIOR_AXIS_SPECIFICATION,4,1.155094581034,0.0473437632947496,0.75,0.248051697086498,0.440876143699821
REACTOME_DNA_REPLICATION,4,-1.15367290171352,-0.0759447907556026,0.75,0.24863429766419,0.441706512517507
GOBP_NEGATIVE_REGULATION_OF_LIPID_LOCALIZATION,4,-1.15353597530463,-0.0220442478238856,0.75,0.248690460242426,0.441706512517507
GOBP_NUCLEOSIDE_DIPHOSPHATE_METABOLIC_PROCESS,4,1.15234498692669,-0.00837369633091972,0.5,0.249179337573543,0.442289771665609
KEGG_METABOLISM_OF_XENOBIOTICS_BY_CYTOCHROME_P450,4,-1.1520442040524,0.0313196248854008,0.5,0.249302909218901,0.442289771665609
REACTOME_LDL_CLEARANCE,4,1.15194948688442,-0.00570519300133365,0.5,0.249341831059706,0.442289771665609
GOBP_NEGATIVE_REGULATION_OF_ANOIKIS,4,1.15169406132516,-0.0746121514263483,0.25,0.249446813485485,0.442289771665609
GOBP_POSITIVE_REGULATION_OF_AMINO_ACID_TRANSPORT,4,-1.15149347196022,-0.0311383664465496,0.25,0.249529279346686,0.442289771665609
GOBP_POSITIVE_REGULATION_OF_INTERLEUKIN_4_PRODUCTION,4,-1.15148141429906,-0.0858892215460346,0.75,0.249534237072945,0.442289771665609
GOBP_EXTRACELLULAR_MATRIX_DISASSEMBLY,4,1.15117942897909,0.0884512317085565,0.5,0.249658426270005,0.442357617640831
GOBP_MONOAMINE_TRANSPORT,4,1.15089905829828,0.0600910776817956,1,0.249773765263981,0.442409741088489
GOBP_ESTABLISHMENT_OF_PROTEIN_LOCALIZATION_TO_MITOCHONDRIAL_MEMBRANE,4,1.1500794106805,0.0528581603543942,0.5,0.250111165689256,0.442855017927777
GOBP_OLFACTORY_LOBE_DEVELOPMENT,4,1.14977523552448,0.089786093037522,0.75,0.250236457553675,0.442923678507749
GOBP_REGULATION_OF_EXTRACELLULAR_MATRIX_ASSEMBLY,2,-1.14956765708533,-0.0773679656292574,1,0.250321985717139,0.442923678507749
REACTOME_APC_C_MEDIATED_DEGRADATION_OF_CELL_CYCLE_PROTEINS,4,1.14894316591752,0.00657202956052356,0.5,0.250579416746937,0.443226869402259
GOBP_SEQUESTERING_OF_CALCIUM_ION,4,-1.14861652719663,-0.0434445117591453,1,0.250714139072415,0.443289105138257
REACTOME_RHO_GTPASES_ACTIVATE_CIT,4,1.14843335303998,0.0208607814526366,0.75,0.2507897114813,0.443289105138257
REACTOME_TRANSPORT_OF_VITAMINS_NUCLEOSIDES_AND_RELATED_MOLECULES,4,1.14808102566583,0.0126401427576832,0.5,0.250935116364063,0.443289105138257
GOBP_CHOLESTEROL_STORAGE,4,-1.14791448786911,-0.0366977992913017,0.75,0.251003866692507,0.443289105138257
GOBP_REGULATION_OF_DOUBLE_STRAND_BREAK_REPAIR_VIA_HOMOLOGOUS_RECOMBINATION,4,-1.1477443799832,-0.0597748373254344,0.75,0.251074104399383,0.443289105138257
REACTOME_SIGNALING_BY_INSULIN_RECEPTOR,4,1.14748700285384,0.00265053672925481,0.75,0.251180401732773,0.443289105138257
GOBP_TRNA_MODIFICATION,4,-1.14739780547996,-0.0358690097116542,1,0.251217247774992,0.443289105138257
GOBP_MONOVALENT_INORGANIC_CATION_HOMEOSTASIS,4,1.14693993285188,0.0468110989637231,0.75,0.251406447174682,0.443470982015223
GOBP_LENS_DEVELOPMENT_IN_CAMERA_TYPE_EYE,4,1.14663681642229,0.0545820594163591,1,0.251531753814043,0.443540068626202
GOBP_SUPEROXIDE_METABOLIC_PROCESS,4,1.14618334462913,0.00284413153714791,0.5,0.251719297851303,0.443718817061404
GOBP_REGULATION_OF_MYELOID_LEUKOCYTE_DIFFERENTIATION,4,1.14407189180219,0.0394986050995924,0.5,0.252593823485751,0.445108007230709
GOBP_CELLULAR_AMINO_ACID_METABOLIC_PROCESS,4,-1.14361254721522,-0.0443515024443721,1,0.252784355798523,0.445291360932807
GOBP_CELLULAR_RESPONSE_TO_XENOBIOTIC_STIMULUS,4,-1.14289599280704,-0.00457280005125881,0.5,0.253081776509402,0.445662813695934
GOBP_ORGANIC_HYDROXY_COMPOUND_BIOSYNTHETIC_PROCESS,4,1.14258306138936,0.0134006945451925,0.75,0.253211741601085,0.445739233334696
GOBP_POSITIVE_REGULATION_OF_COAGULATION,4,1.14200671147467,-0.00203341020589176,0.5,0.253451229961185,0.446008333243384
REACTOME_ABORTIVE_ELONGATION_OF_HIV_1_TRANSCRIPT_IN_THE_ABSENCE_OF_TAT,4,-1.14117963211106,-0.106399477572033,0.75,0.253795178423445,0.44646100912276
KEGG_GRAFT_VERSUS_HOST_DISEASE,4,-1.14063837303415,-0.0251540554882635,0.5,0.254020441742404,0.446704663432936
REACTOME_ASSEMBLY_AND_CELL_SURFACE_PRESENTATION_OF_NMDA_RECEPTORS,4,1.14027835800726,0.0681881485837999,0.5,0.25417035124248,0.446815684038078
GOBP_ORGANIC_HYDROXY_COMPOUND_CATABOLIC_PROCESS,4,-1.13900527305985,-0.0361644275986729,1,0.254700954860332,0.44753243191341
GOBP_REGULATION_OF_NMDA_RECEPTOR_ACTIVITY,4,-1.13888312519214,0.000357270609444973,0.5,0.254751904823889,0.44753243191341
GOBP_POSITIVE_REGULATION_OF_SMALL_MOLECULE_METABOLIC_PROCESS,4,-1.13597540606698,-0.00664148676281008,0.75,0.255966857409378,0.44951342046415
REACTOME_ASSEMBLY_OF_THE_HIV_VIRION,2,-1.13552634829248,-0.0853038529455231,0.5,0.256154848613562,0.449548570414177
REACTOME_TNFR2_NON_CANONICAL_NF_KB_PATHWAY,4,1.13551049106273,0.00424826444877247,0.5,0.256161488754165,0.449548570414177
KEGG_ABC_TRANSPORTERS,4,-1.13487839526445,-0.0502320867670502,0.75,0.25642627328458,0.449755737837154
GOBP_ICOSANOID_TRANSPORT,4,1.13481167580219,0.0629392342513475,0.5,0.256454233111261,0.449755737837154
REACTOME_EPH_EPHRIN_MEDIATED_REPULSION_OF_CELLS,4,1.13427237872439,0.0546063949563203,0.5,0.256680311643985,0.44999895289577
GOBP_POSITIVE_REGULATION_OF_NITRIC_OXIDE_SYNTHASE_BIOSYNTHETIC_PROCESS,3,1.13390627522165,-0.00128888734135777,0.666666666666667,0.256833864590496,0.450114897473269
REACTOME_FGFR2_ALTERNATIVE_SPLICING,4,-1.13169907592592,-0.0859561239153602,1,0.257760970174594,0.451559768150528
GOBP_RRNA_METHYLATION,3,-1.1315261594603,-0.0816873976689438,1,0.257833699429511,0.451559768150528
GOBP_NEGATIVE_REGULATION_OF_TISSUE_REMODELING,4,1.13110956881558,0.0844489287170082,0.75,0.258008977321177,0.451611160851806
GOBP_BILE_ACID_BIOSYNTHETIC_PROCESS,4,-1.13103951316311,-0.0224929422937947,0.5,0.258038460910082,0.451611160851806
REACTOME_PENTOSE_PHOSPHATE_PATHWAY,1,1.13010842504235,0.12609744099079,1,0.258430540099077,0.452043025876621
GOBP_GLYCEROLIPID_CATABOLIC_PROCESS,4,1.13003660207043,0.0458812758461737,1,0.258460801744178,0.452043025876621
GOBP_AMIDE_TRANSPORT,4,-1.1292785342308,-0.00657768578128895,0.75,0.258780353235541,0.452448230495687
GOBP_RESPONSE_TO_PROSTAGLANDIN_E,4,1.12896934291976,0.0729582048337687,0.5,0.258910766508267,0.452522585455216
GOBP_CELLULAR_MODIFIED_AMINO_ACID_METABOLIC_PROCESS,4,1.12857498387983,0.00431632094200393,0.75,0.25907716860251,0.452659769641779
GOBP_CARDIAC_NEURAL_CREST_CELL_DIFFERENTIATION_INVOLVED_IN_HEART_DEVELOPMENT,4,1.12827256940987,0.0552226695088775,1,0.259204824332645,0.452729186054541
GOBP_NUCLEOBASE_BIOSYNTHETIC_PROCESS,4,-1.12761432409619,-0.0813681912630566,1,0.259482834621071,0.453061076793453
GOBP_PROTEIN_LOCALIZATION_TO_PLASMA_MEMBRANE,4,1.1261447013751,0.0392580263400963,0.75,0.260104275604424,0.453984112914313
GOBP_FEMALE_GENITALIA_DEVELOPMENT,4,1.1259468115649,-0.00210424050840385,0.5,0.260188033419995,0.453984112914313
GOBP_CELL_JUNCTION_MAINTENANCE,4,1.12549357058404,0.0536579426631377,1,0.260379940179395,0.453984112914313
REACTOME_ACTIVATION_OF_GENE_EXPRESSION_BY_SREBF_SREBP,4,-1.12535912064959,-0.0062468588883932,0.5,0.260436886456307,0.453984112914313
GOBP_SPHINGOMYELIN_METABOLIC_PROCESS,3,1.12524563372205,0.000553363725720335,0.666666666666667,0.260484960556852,0.453984112914313
REACTOME_EPHRIN_SIGNALING,4,-1.12511453286586,-0.0406631194004126,0.75,0.260540503721459,0.453984112914313
REACTOME_DEATH_RECEPTOR_SIGNALLING,4,1.12487111919162,0.0103615054631071,0.5,0.260643651899668,0.454010204205478
GOBP_VASOCONSTRICTION,4,1.12450279077933,0.0361774525046643,1,0.26079978724672,0.454128543974759
GOBP_SMAD_PROTEIN_SIGNAL_TRANSDUCTION,4,1.12300404891123,0.0438722242242323,0.5,0.261435774854282,0.455082084085428
GOBP_REGULATION_OF_UBIQUITIN_PROTEIN_LIGASE_ACTIVITY,4,-1.12275733855503,-0.0916744616080372,0.5,0.261540568498514,0.455110641162166
GOBP_RNA_POLYMERASE_II_PREINITIATION_COMPLEX_ASSEMBLY,4,-1.12239253284547,-0.0133038997544428,0.75,0.261695577984498,0.455226530757493
GOBP_POSITIVE_REGULATION_OF_EPIDERMIS_DEVELOPMENT,4,1.12155408984425,0.0585861006389773,0.75,0.262052081179206,0.455583114698376
GOBP_POSITIVE_REGULATION_OF_VIRAL_GENOME_REPLICATION,4,-1.12133633807851,-0.0209987083142859,0.75,0.262144723372468,0.455583114698376
GOBP_POSITIVE_REGULATION_OF_OLIGODENDROCYTE_DIFFERENTIATION,4,1.12124153805366,0.0324256825239198,0.5,0.262185062982986,0.455583114698376
GOBP_MESODERMAL_CELL_DIFFERENTIATION,4,-1.12086093637322,-0.0514775835652803,0.75,0.262347060997776,0.455583114698376
GOBP_DNA_REPLICATION_INITIATION,4,-1.12078403125412,-0.109878979489309,0.75,0.262379803027651,0.455583114698376
GOBP_DENDRITE_MORPHOGENESIS,4,1.12052859888573,0.031782535051711,0.75,0.262488572534958,0.455583114698376
GOBP_PYRIMIDINE_NUCLEOTIDE_CATABOLIC_PROCESS,4,-1.12040332411401,-0.0365548379035948,0.75,0.262541929053816,0.455583114698376
GOBP_NEGATIVE_REGULATION_OF_INTERLEUKIN_8_PRODUCTION,2,-1.12024726785277,-0.0760983640587025,1,0.262608406374982,0.455583114698376
HALLMARK_PI3K_AKT_MTOR_SIGNALING,4,1.1197272689159,-0.0162294236093122,0.5,0.262830000994994,0.455700881620805
GOBP_PSEUDOURIDINE_SYNTHESIS,2,1.11954449223936,-0.00494839936098038,0.5,0.26290792090123,0.455700881620805
GOBP_NEUROTRANSMITTER_UPTAKE,4,1.11946503777885,0.033224262953703,1,0.262941798270618,0.455700881620805
GOBP_REGULATION_OF_OSTEOCLAST_DIFFERENTIATION,4,1.11885116266167,0.0745387823937859,0.5,0.263203640655918,0.456001193047551
GOBP_MULTICELLULAR_ORGANISMAL_RESPONSE_TO_STRESS,4,1.11820756641652,0.0470058447311206,1,0.263478353476435,0.456253652317909
GOBP_POSITIVE_REGULATION_OF_PROTEIN_KINASE_B_SIGNALING,4,1.11809462855397,0.0285153407482726,0.75,0.263526580305586,0.456253652317909
GOBP_REGULATION_OF_LIPID_BIOSYNTHETIC_PROCESS,4,-1.11751103623688,-0.0483942799852931,0.75,0.263775883478248,0.456424594831892
GOBP_MONOCYTE_CHEMOTAXIS,4,1.11744851516704,0.079339921764969,0.75,0.263802601324473,0.456424594831892
GOBP_CORTICAL_CYTOSKELETON_ORGANIZATION,4,1.1163182114824,0.0397481783098578,0.75,0.264285948922741,0.457107272758882
GOBP_NEURON_CELLULAR_HOMEOSTASIS,4,1.1149509643328,0.00527409371330931,0.75,0.264871435359181,0.457966091559578
GOBP_RESPONSE_TO_ALKALOID,4,-1.11473046112194,-0.0617227787311338,0.75,0.264965943501886,0.457975711007456
GOBP_MYOBLAST_FUSION,4,1.11404950984621,0.0509074109137187,0.75,0.265257947322834,0.458281084085028
GOBP_REGULATION_OF_MITOTIC_NUCLEAR_DIVISION,4,1.11379370424389,0.00858014876505896,0.5,0.265367698498572,0.458281084085028
GOBP_CENTROSOME_DUPLICATION,4,-1.11369598690937,-0.0514223998878736,1,0.265409631528754,0.458281084085028
GOBP_REGULATION_OF_DENDRITIC_SPINE_DEVELOPMENT,4,1.11306848424552,0.067360372148929,0.5,0.265679017871124,0.458592444860348
GOBP_REGULATION_OF_LONG_TERM_NEURONAL_SYNAPTIC_PLASTICITY,4,1.11205750511617,0.0822288378346595,0.75,0.266113426235807,0.459188348420969
GOBP_NEURON_PROJECTION_EXTENSION_INVOLVED_IN_NEURON_PROJECTION_GUIDANCE,4,1.11093322172171,0.0564692764136266,0.75,0.266597094282407,0.459868823604728
GOBP_POSITIVE_REGULATION_OF_MONOCYTE_CHEMOTAXIS,4,1.10959006547858,0.147172254017389,0.5,0.26717571415322,0.460410385794899
GOBP_CELLULAR_RESPONSE_TO_INTERFERON_GAMMA,4,-1.10957803370094,-0.0408785830119316,1,0.267180901236507,0.460410385794899
GOBP_CHROMOSOME_ORGANIZATION_INVOLVED_IN_MEIOTIC_CELL_CYCLE,4,-1.10945121201855,-0.0246407972259369,0.75,0.26723558021458,0.460410385794899
GOBP_PROTEIN_HETEROOLIGOMERIZATION,4,1.10937435499351,0.0508735326839407,0.5,0.267268720749845,0.460410385794899
GOBP_VIRAL_GENE_EXPRESSION,4,-1.10911917707067,-0.0731664267746406,0.75,0.267378773026197,0.460445920505649
GOBP_NEGATIVE_REGULATION_OF_NIK_NF_KAPPAB_SIGNALING,4,1.10776805720154,0.0919457645613633,0.5,0.267961998639808,0.461295998327105
GOBP_NEURONAL_STEM_CELL_POPULATION_MAINTENANCE,4,-1.10726254446888,-0.0726538493423436,0.5,0.268180433272383,0.461517730922293
REACTOME_SMAD2_SMAD3_SMAD4_HETEROTRIMER_REGULATES_TRANSCRIPTION,4,-1.10659727605104,-0.11046662745207,0.75,0.268468085536242,0.4618583937274
GOBP_GPI_ANCHOR_METABOLIC_PROCESS,4,1.10508437108962,-0.0055812303633055,0.5,0.269123032068544,0.462830491690359
GOBP_MITOCHONDRION_MORPHOGENESIS,4,1.10461121369811,0.0498580856037101,0.75,0.269328089975457,0.46302849258218
GOBP_CLATHRIN_DEPENDENT_ENDOCYTOSIS,4,-1.10295427994174,-0.0827892856350617,0.75,0.27004702036316,0.464109515303709
GOBP_ANATOMICAL_STRUCTURE_REGRESSION,3,-1.10244078894415,-0.015687288584033,0.666666666666667,0.270270086927392,0.464219326717553
GOBP_XENOBIOTIC_CATABOLIC_PROCESS,4,-1.1023921342433,-0.00747319491223071,0.75,0.270291229656093,0.464219326717553
GOBP_MESENCHYME_MORPHOGENESIS,4,1.10141140968686,0.0188206612744024,0.5,0.270717641880027,0.464796644895052
HALLMARK_ALLOGRAFT_REJECTION,4,1.10081857591664,0.0354132098688037,1,0.270975625366368,0.464805106892236
GOBP_MEMBRANE_REPOLARIZATION_DURING_ACTION_POTENTIAL,4,1.10076370585523,0.0716417480563071,1,0.270999511687313,0.464805106892236
GOBP_CENTRAL_NERVOUS_SYSTEM_NEURON_DEVELOPMENT,4,-1.10059556219087,-0.0144100728196707,0.75,0.271072717847884,0.464805106892236
GOBP_NEGATIVE_REGULATION_OF_VOLTAGE_GATED_POTASSIUM_CHANNEL_ACTIVITY,1,1.10057044545514,0.0881929697598461,1,0.271083654301298,0.464805106892236
REACTOME_EGFR_DOWNREGULATION,4,-1.09953703987542,-0.0639742389282525,0.5,0.271533886998297,0.465422098586627
REACTOME_HSF1_ACTIVATION,4,-1.09932887754233,0.000274755517928143,0.5,0.271624640808253,0.465422720639499
GOBP_PLATELET_DERIVED_GROWTH_FACTOR_RECEPTOR_SIGNALING_PATHWAY,4,-1.09902210240838,-0.111390081369578,0.75,0.271758425306824,0.465497049868542
GOBP_GLIAL_CELL_DEVELOPMENT,4,1.09856973733139,0.0283386544376157,1,0.271955783823954,0.46565818536613
GOBP_REGULATION_OF_ACTIN_FILAMENT_LENGTH,4,1.09839196399706,0.0319261449661528,0.5,0.272033369893439,0.46565818536613
GOBP_REGULATION_OF_INOSITOL_PHOSPHATE_BIOSYNTHETIC_PROCESS,3,1.09797434718658,0.0476216132754985,0.666666666666667,0.272215691066315,0.465815418178949
GOBP_SARCOMERE_ORGANIZATION,4,1.09738112260017,0.00723684534414241,0.5,0.272474822008445,0.46589650261185
KEGG_TOLL_LIKE_RECEPTOR_SIGNALING_PATHWAY,4,1.09716828610656,0.0101610406291018,0.5,0.272567833866839,0.46589650261185
KEGG_VASCULAR_SMOOTH_MUSCLE_CONTRACTION,4,1.09710165898497,0.0273860219128098,0.75,0.272596955106672,0.46589650261185
GOBP_KIDNEY_MORPHOGENESIS,4,1.09702204346902,0.0264249570537031,0.5,0.272631756077806,0.46589650261185
GOBP_REGULATION_OF_NOTCH_SIGNALING_PATHWAY,4,-1.09683051026958,-0.0403119674636749,0.5,0.272715490167434,0.46589650261185
GOBP_REGULATION_OF_LEUKOCYTE_MEDIATED_CYTOTOXICITY,4,-1.09580720113436,-0.00631110121702079,0.5,0.273163156447715,0.466506498357971
GOBP_GLYCOSPHINGOLIPID_BIOSYNTHETIC_PROCESS,4,1.09511271981478,0.0271383772287822,0.75,0.273467256769568,0.466870989756799
GOBP_EMBRYONIC_APPENDAGE_MORPHOGENESIS,4,-1.09466265775933,-0.0142431307498773,0.75,0.273664454039468,0.467052792127684
GOBP_CALCIUM_ION_TRANSPORT_INTO_CYTOSOL,4,-1.0933812451118,-0.023741239394568,0.75,0.274226444583932,0.467856846641043
REACTOME_OLFACTORY_SIGNALING_PATHWAY,4,1.09254063256432,0.0852382173266292,0.75,0.274595540924476,0.468331381324984
GOBP_TIGHT_JUNCTION_ORGANIZATION,4,-1.09209382569273,-0.0336587964935934,0.5,0.274791863015319,0.468511027372808
GOBP_PYRIMIDINE_CONTAINING_COMPOUND_METABOLIC_PROCESS,4,-1.09058432903053,-0.042039592047581,0.75,0.275455828198114,0.46923571677435
GOBP_MITOTIC_SISTER_CHROMATID_SEGREGATION,4,1.09052788451972,-0.00298412108484567,0.5,0.275480677020991,0.46923571677435
GOBP_GONADOTROPIN_SECRETION,4,-1.09008430706633,-0.139252477387962,0.75,0.275676008378436,0.46923571677435
GOBP_MITOCHONDRIAL_RNA_PROCESSING,4,-1.08994659140548,-0.0276391120265227,0.75,0.275736671316659,0.46923571677435
GOBP_NEGATIVE_REGULATION_OF_CELL_MIGRATION_INVOLVED_IN_SPROUTING_ANGIOGENESIS,4,-1.08991880771875,-0.0122226190580953,0.75,0.275748910971075,0.46923571677435
GOBP_ACTIN_CYTOSKELETON_REORGANIZATION,4,1.08962767437849,0.0183691056540927,0.75,0.275877187352465,0.46923571677435
GOBP_NEGATIVE_REGULATION_OF_INTRACELLULAR_PROTEIN_TRANSPORT,4,1.089587816512,-0.0495572465359226,0.5,0.275894752310844,0.46923571677435
GOBP_ALDITOL_METABOLIC_PROCESS,4,1.08947162643067,0.016192952149374,0.75,0.27594596045693,0.46923571677435
GOBP_ANDROGEN_RECEPTOR_SIGNALING_PATHWAY,4,-1.08923682541824,-0.046398904581194,0.5,0.27604946347091,0.469256747247182
GOBP_MONONUCLEAR_CELL_MIGRATION,4,1.0879482466383,0.091493624165287,0.75,0.276617955319391,0.470067937933843
REACTOME_SYNTHESIS_OF_SUBSTRATES_IN_N_GLYCAN_BIOSYTHESIS,4,1.08743453570616,0.0220459558111885,0.75,0.276844815319263,0.470282816602675
GOBP_NEGATIVE_REGULATION_OF_DNA_BINDING,4,-1.08724833850581,-0.00138205081255014,0.75,0.276927073206314,0.470282816602675
GOBP_REGULATION_OF_CHOLESTEROL_METABOLIC_PROCESS,4,-1.08642787347166,-0.078493953036324,0.75,0.277289735257604,0.470611634255552
GOBP_ELECTRON_TRANSPORT_CHAIN,4,1.08639314376427,0.0466029634564808,0.75,0.277305093621306,0.470611634255552
GOBP_MICROTUBULE_ANCHORING,4,-1.08619010499669,-0.109981566177317,0.75,0.277394894147524,0.470611634255552
GOBP_DIENCEPHALON_DEVELOPMENT,4,1.08464602314002,0.0128225743663916,0.75,0.278078462888622,0.471615943812093
GOBP_CELLULAR_IRON_ION_HOMEOSTASIS,4,1.08360217415767,0.0451782160144291,0.75,0.278541226437344,0.472245233758935
GOBP_CHROMOSOME_CONDENSATION,4,1.08157989114634,0.0421351855670285,0.5,0.279439243761908,0.473611805836098
GOBP_RESPONSE_TO_NICOTINE,4,1.07955628413775,0.0469665992317987,0.75,0.280339817300789,0.474981809569516
GOBP_SEROTONIN_RECEPTOR_SIGNALING_PATHWAY,4,1.07918274022989,0.0754540000353761,0.75,0.28050627228902,0.475107498689527
GOBP_NEGATIVE_REGULATION_OF_ENDOCYTOSIS,4,1.07813700636002,0.0589049667341708,0.75,0.280972618956609,0.475624558821314
REACTOME_SIGNALING_BY_CSF3_G_CSF,4,-1.07808395327876,-0.151472054107731,0.75,0.280996292082819,0.475624558821314
GOBP_NEGATIVE_REGULATION_OF_DEPHOSPHORYLATION,4,-1.07701517111242,-0.0853951184433897,0.5,0.281473488051574,0.476275711461569
GOBP_ASSOCIATIVE_LEARNING,4,1.07631159624459,0.0106630974813106,0.5,0.281787924166274,0.476651124025014
GOBP_BASE_CONVERSION_OR_SUBSTITUTION_EDITING,3,-1.07522729757478,-0.0363603309499226,0.666666666666667,0.282272976783078,0.477314797194111
REACTOME_C_TYPE_LECTIN_RECEPTORS_CLRS,4,1.074850206439,0.00951662632819103,0.5,0.282441798189063,0.477443473038571
GOBP_NUCLEOSIDE_PHOSPHATE_BIOSYNTHETIC_PROCESS,4,-1.07439131506501,-0.0319640343969649,1,0.282647333383771,0.477634105544155
REACTOME_LONG_TERM_POTENTIATION,4,1.07411419214721,0.079498707590728,0.75,0.282771504466348,0.477687164205127
GOBP_MESODERMAL_CELL_FATE_COMMITMENT,3,-1.07364469100733,-0.0510862211006193,0.333333333333333,0.282981959254671,0.477885899705576
GOBP_CELLULAR_RESPONSE_TO_AMYLOID_BETA,4,1.07093935407188,0.0167005512561796,0.75,0.284196699260622,0.479712195214591
GOBP_REGULATION_OF_SYNAPTIC_PLASTICITY,4,1.07082140763096,0.0379090024141181,0.75,0.284249739289127,0.479712195214591
HALLMARK_E2F_TARGETS,4,1.07046076223353,-0.00964703124433409,0.5,0.284411961599175,0.479828699303457
GOBP_AXIS_SPECIFICATION,4,-1.07006804840551,-0.0309844049003923,1,0.284588679887505,0.47996957508705
GOBP_VITAMIN_METABOLIC_PROCESS,4,-1.06941044335939,-0.0263020599528028,0.75,0.284884763574326,0.4803041738309
GOBP_ORGAN_INDUCTION,4,1.06887563944972,0.0773636312880575,0.5,0.285125710186647,0.4803041738309
HALLMARK_KRAS_SIGNALING_UP,4,1.06832846982015,0.0347544761998593,0.75,0.285372370548408,0.4803041738309
GOBP_MEMBRANE_BIOGENESIS,4,1.06818941416136,-0.0114067943496414,0.5,0.285435078881306,0.4803041738309
GOBP_NEGATIVE_REGULATION_OF_PROTEIN_SECRETION,4,-1.06818620301133,-0.0299666180832194,1,0.285436527086781,0.4803041738309
REACTOME_DIGESTION,4,-1.06809628298272,0.0372026761209985,0.5,0.285477082387565,0.4803041738309
GOBP_POSITIVE_REGULATION_OF_NEUROTRANSMITTER_SECRETION,3,1.06797365649403,0.0396876217498454,0.666666666666667,0.285532395077533,0.4803041738309
REACTOME_INTERLEUKIN_37_SIGNALING,4,-1.06797160119147,-0.0351443208614025,0.75,0.285533322217204,0.4803041738309
GOBP_REGULATION_OF_CELL_SUBSTRATE_ADHESION,4,1.06746769099561,0.00471769091762599,0.75,0.285760695730187,0.480529661108665
GOBP_MONOSACCHARIDE_CATABOLIC_PROCESS,4,-1.06713081455194,0.00570379141263088,0.75,0.285912768784775,0.480628418698272
GOBP_N_ACETYLGLUCOSAMINE_METABOLIC_PROCESS,3,1.06671423192302,0.0811581727020329,0.666666666666667,0.28610089848951,0.480787704413345
GOBP_NEGATIVE_REGULATION_OF_INFLAMMATORY_RESPONSE_TO_ANTIGENIC_STIMULUS,4,-1.06557720728098,-0.0500948801431227,1,0.286614807112506,0.481494173514615
REACTOME_NUCLEAR_PORE_COMPLEX_NPC_DISASSEMBLY,4,-1.06305246172853,-0.119077102028625,0.75,0.287758160983694,0.483257263830737
REACTOME_ONCOGENE_INDUCED_SENESCENCE,4,-1.06255641683802,-0.0844569658656026,0.75,0.287983160541816,0.483416587869366
GOBP_HEART_PROCESS,4,1.06242937886699,0.0227553044010811,0.75,0.288040802404975,0.483416587869366
GOBP_REGULATION_OF_MICROTUBULE_CYTOSKELETON_ORGANIZATION,4,-1.06026591735152,-0.0365573684264195,1,0.289023640133146,0.484908023149419
GOBP_REGULATION_OF_CELL_SUBSTRATE_JUNCTION_ORGANIZATION,4,-1.05981312499999,-0.0593989888304362,1,0.289229624523398,0.484980915449425
GOBP_APOPTOTIC_MITOCHONDRIAL_CHANGES,4,1.05972090266551,0.00603457388207594,0.5,0.289271590446163,0.484980915449425
GOBP_INTERFERON_BETA_PRODUCTION,4,-1.05949099624948,-0.0495613469652469,0.5,0.289376227591118,0.484980915449425
GOBP_NEGATIVE_REGULATION_OF_CALCIUM_ION_TRANSPORT_INTO_CYTOSOL,4,1.05934246057674,0.0470956165542799,0.75,0.289443844081585,0.484980915449425
GOBP_POSITIVE_REGULATION_OF_CD4_POSITIVE_ALPHA_BETA_T_CELL_DIFFERENTIATION,4,-1.05884400938122,-0.0519757236677088,0.75,0.289670827073765,0.485203346975542
REACTOME_GLYCOGEN_BREAKDOWN_GLYCOGENOLYSIS,3,-1.05779271634723,-0.0303442805294459,0.666666666666667,0.290149954180514,0.485847841975761
GOBP_ASPARTATE_FAMILY_AMINO_ACID_CATABOLIC_PROCESS,3,-1.05708432174776,-0.0300088182466393,0.333333333333333,0.290473105864018,0.486230826428424
GOBP_NEURON_PROJECTION_GUIDANCE,4,1.05672774887562,0.0486590730539718,0.5,0.290635856972679,0.486345150325747
GOBP_PYROPTOSIS,4,-1.05591692010357,0.00613821113732805,0.5,0.291006173127517,0.486806622947883
REACTOME_CHEMOKINE_RECEPTORS_BIND_CHEMOKINES,4,1.0546236311549,0.10344395892284,0.5,0.291597491635763,0.487593344012146
GOBP_DNA_CATABOLIC_PROCESS_ENDONUCLEOLYTIC,4,1.05447422033493,-0.0188858260367461,0.5,0.291665857362091,0.487593344012146
GOBP_NEGATIVE_REGULATION_OF_STEROID_METABOLIC_PROCESS,4,1.05399777230123,-0.00537088717213226,0.5,0.291883937050521,0.48779954296434
GOBP_NEGATIVE_REGULATION_OF_LIPID_TRANSPORT,4,1.05350225886011,0.0155450343920562,0.75,0.292110859557577,0.488020381525621
GOBP_SENSORY_PERCEPTION_OF_MECHANICAL_STIMULUS,4,1.0517885127588,0.0564894398058359,0.75,0.292896590532202,0.489174357654982
HALLMARK_INTERFERON_ALPHA_RESPONSE,4,-1.05079000319405,-0.0254570837865642,0.75,0.293355048141246,0.489781174733876
GOBP_REGULATION_OF_ANDROGEN_RECEPTOR_SIGNALING_PATHWAY,4,-1.05007835608411,-0.0429304146334804,0.75,0.293682088905059,0.490168257948832
REACTOME_SIGNALING_BY_PDGFR_IN_DISEASE,4,1.04982602514345,-0.0223356019560054,0.5,0.293798107482525,0.490202999166403
REACTOME_SIGNALING_BY_NOTCH1_HD_DOMAIN_MUTANTS_IN_CANCER,1,-1.04905904487994,-0.138570240439698,1,0.294150944026575,0.490632721345265
GOBP_SPINDLE_ORGANIZATION,4,1.0483482918387,-0.00971937477337282,0.5,0.294478167710869,0.491019457753648
GOBP_COLUMNAR_CUBOIDAL_EPITHELIAL_CELL_DEVELOPMENT,4,1.04789272510926,-0.0082228459651916,0.5,0.29468803440749,0.491210323458778
GOBP_REGULATION_OF_VASCULAR_ENDOTHELIAL_GROWTH_FACTOR_RECEPTOR_SIGNALING_PATHWAY,4,-1.04551273275909,-0.0648252731020389,0.5,0.295786058891968,0.492881041176292
GOBP_NEGATIVE_REGULATION_OF_CALCINEURIN_MEDIATED_SIGNALING,2,1.04520828904873,-0.00347642839955344,0.5,0.295926713255662,0.492955886947073
GOBP_LIMBIC_SYSTEM_DEVELOPMENT,4,1.04448902477008,0.030015802799696,0.75,0.296259194398689,0.493350126765476
GOBP_REGULATION_OF_FERTILIZATION,2,1.04333207802231,0.0586562624589602,1,0.296794519234675,0.494078334091738
GOBP_REGULATION_OF_GLIOGENESIS,4,1.04312932881593,-0.0129301852872281,0.5,0.296888398850231,0.494078334091738
GOBP_REGULATION_OF_MICROTUBULE_BASED_PROCESS,4,-1.04270602993792,-0.0341664378173598,0.75,0.297084464294333,0.494174996112973
GOBP_FC_GAMMA_RECEPTOR_SIGNALING_PATHWAY,4,1.04253383846488,0.041986525214305,0.75,0.297164245467938,0.494174996112973
GOBP_CELLULAR_RESPONSE_TO_EXOGENOUS_DSRNA,2,-1.04236868924749,-0.0464942925785952,0.5,0.297240777222097,0.494174996112973
REACTOME_MITOTIC_METAPHASE_AND_ANAPHASE,4,1.04198217544238,-0.0056319750748586,0.5,0.297419942983312,0.494174996112973
REACTOME_G_ALPHA_12_13_SIGNALLING_EVENTS,4,1.04196834106899,0.0275001202199012,0.5,0.297426357147816,0.494174996112973
GOBP_NEGATIVE_REGULATION_OF_SMOOTH_MUSCLE_CELL_PROLIFERATION,4,-1.04156327978731,-0.0531374496565046,0.75,0.297614200618729,0.494327586769624
GOBP_NEGATIVE_REGULATION_OF_PROTEIN_MODIFICATION_BY_SMALL_PROTEIN_CONJUGATION_OR_REMOVAL,4,-1.04028271446723,-0.0500525105723344,0.5,0.298208572523537,0.494980147664305
GOBP_REGULATION_OF_ORGANELLE_ASSEMBLY,4,-1.03998696973866,-0.0611432950541472,0.75,0.298345954484343,0.494980147664305
REACTOME_GLYCOGEN_SYNTHESIS,3,-1.03992324037672,-0.0231333311256148,0.333333333333333,0.298375564146566,0.494980147664305
REACTOME_TIE2_SIGNALING,4,1.03988871539078,0.00892332216109265,0.5,0.298391605816664,0.494980147664305
GOBP_NEGATIVE_REGULATION_OF_POTASSIUM_ION_TRANSPORT,4,1.03945590892016,0.0094921266841013,0.75,0.298592753638076,0.494998871435888
GOBP_NUCLEAR_MEMBRANE_ORGANIZATION,4,1.03945072575155,-0.00676362443324543,0.5,0.2985951630763,0.494998871435888
GOBP_NOREPINEPHRINE_TRANSPORT,4,1.03906186152297,0.0954233594399703,0.75,0.298775966806943,0.495139186703879
GOBP_CHRONIC_INFLAMMATORY_RESPONSE,4,1.03819195037032,0.0770650644168523,0.75,0.299180699490265,0.495650393074445
GOBP_REGULATION_OF_DNA_TEMPLATED_TRANSCRIPTION_INITIATION,4,-1.03789536153724,-0.00600945674152735,0.75,0.299318773260746,0.49571964088761
GOBP_POSITIVE_REGULATION_OF_LYASE_ACTIVITY,4,1.03765934872809,0.0468277679044723,0.75,0.299428676881608,0.495742204907846
GOBP_NEGATIVE_REGULATION_OF_CARBOHYDRATE_METABOLIC_PROCESS,4,-1.03733923167566,-0.0304366581677249,0.75,0.299577788177118,0.495829646841524
KEGG_FC_EPSILON_RI_SIGNALING_PATHWAY,4,-1.03637739882536,-0.0398827882678436,0.5,0.300026110188927,0.496245079995877
GOBP_MOLTING_CYCLE,4,-1.03624192980693,-0.0210339864660779,0.5,0.300089289870485,0.496245079995877
GOBP_RNA_INTERFERENCE,2,-1.03618054397286,-0.144332712281257,0.5,0.300117921753187,0.496245079995877
GOBP_POSITIVE_REGULATION_OF_LYMPHOCYTE_MIGRATION,4,1.03527605959461,0.0749162830733457,0.75,0.300540006926352,0.496783465702661
REACTOME_UNFOLDED_PROTEIN_RESPONSE_UPR,4,-1.03492417198165,-0.0725397749964794,0.75,0.300704325056395,0.496895561526116
GOBP_MEIOSIS_I_CELL_CYCLE_PROCESS,4,1.03321075826961,-0.0156236792303635,0.5,0.301505279344527,0.498059250351289
GOBP_PHOSPHOLIPID_TRANSPORT,4,1.03172038939365,0.0243764201337677,0.75,0.302203122944566,0.498711425690891
GOBP_REGULATION_OF_NEURON_PROJECTION_ARBORIZATION,1,-1.03156605860482,-0.128924621203066,1,0.302275447453045,0.498711425690891
GOBP_DORSAL_VENTRAL_NEURAL_TUBE_PATTERNING,4,-1.03150316155748,-0.073589040348089,0.75,0.302304926391036,0.498711425690891
GOBP_V_D_J_RECOMBINATION,4,-1.03135991424783,-0.0352336009160723,0.5,0.302372071475186,0.498711425690891
GOBP_MEMBRANE_DOCKING,4,1.03133369963599,0.019998979616754,0.75,0.302384360265481,0.498711425690891
REACTOME_FCERI_MEDIATED_CA_2_MOBILIZATION,4,1.02754385990359,0.0528965538077033,0.75,0.30416444383736,0.501486622260188
REACTOME_PROCESSING_OF_INTRONLESS_PRE_MRNAS,4,1.0249951272896,0.0501852844315831,0.75,0.305365486838037,0.503137853342378
REACTOME_THE_CANONICAL_RETINOID_CYCLE_IN_RODS_TWILIGHT_VISION,4,1.02475108417655,0.0189781080610375,0.75,0.30548065243988,0.503137853342378
REACTOME_FANCONI_ANEMIA_PATHWAY,4,-1.02466441866676,-0.0216665509989415,0.75,0.305521557413213,0.503137853342378
REACTOME_RHOBTB_GTPASE_CYCLE,4,-1.02438994924087,-0.105617290739321,0.75,0.305651127318652,0.503137853342378
GOBP_REGULATION_OF_MICROTUBULE_BASED_MOVEMENT,4,-1.02438272988415,-0.0168720456062927,0.75,0.305654535881716,0.503137853342378
GOBP_NEGATIVE_REGULATION_OF_CD4_POSITIVE_ALPHA_BETA_T_CELL_DIFFERENTIATION,4,-1.02390999564581,-0.0965044055740567,0.5,0.305877788540302,0.503344433746889
GOBP_NEURON_FATE_COMMITMENT,4,1.02296697579045,0.0566446473786892,0.75,0.306323460346245,0.503916772307608
GOBP_MRNA_3_END_PROCESSING,4,-1.02255027616013,-0.0702580591373537,0.5,0.306520529892958,0.504079913260569
GOBP_SPHINGOLIPID_MEDIATED_SIGNALING_PATHWAY,2,-1.02213800162533,-0.107136996322185,0.5,0.306715589336847,0.504239645432766
GOBP_PROTEIN_POLYUBIQUITINATION,4,-1.02183407691757,-0.060634691123742,0.75,0.30685943787306,0.504315111908199
GOBP_NEGATIVE_REGULATION_OF_ERBB_SIGNALING_PATHWAY,4,1.02084262065342,-0.0197606289579259,0.25,0.307329007916097,0.504925673822585
GOBP_REACTIVE_NITROGEN_SPECIES_METABOLIC_PROCESS,4,1.02012712149015,0.0187691159138882,0.75,0.307668175519919,0.505321670096351
GOBP_NEGATIVE_REGULATION_OF_DEVELOPMENTAL_GROWTH,4,-1.01956826487167,-0.0310968386034404,0.75,0.307933262217464,0.505442517797827
GOBP_RESPONSE_TO_PLATELET_DERIVED_GROWTH_FACTOR,4,1.01955810914758,0.0211841052686568,0.5,0.307938080856823,0.505442517797827
GOBP_CELLULAR_COMPONENT_ASSEMBLY_INVOLVED_IN_MORPHOGENESIS,4,1.01828305172544,-0.026314249747267,0.5,0.308543460377874,0.506274785686959
REACTOME_TRNA_AMINOACYLATION,4,1.0177244807616,0.00116653824154077,0.5,0.30880890984344,0.506546111642843
GOBP_MEIOTIC_CELL_CYCLE,4,1.01752115852454,-0.00328362836763821,0.5,0.308905572064193,0.506546111642843
GOBP_MICROTUBULE_CYTOSKELETON_ORGANIZATION_INVOLVED_IN_MITOSIS,4,1.01678474517828,-0.00652242960263499,0.5,0.309255840618144,0.506957852483586
REACTOME_RHO_GTPASES_ACTIVATE_ROCKS,4,1.01647791027901,0.0790222186524035,1,0.309401861382725,0.506957852483586
GOBP_REGULATION_OF_VIRAL_INDUCED_CYTOPLASMIC_PATTERN_RECOGNITION_RECEPTOR_SIGNALING_PATHWAY,4,-1.01627104543203,-0.0556394372094993,0.75,0.309500332745699,0.506957852483586
GOBP_NEUROTRANSMITTER_SECRETION,4,1.01616568751993,0.0141996596773124,0.5,0.309550492951718,0.506957852483586
GOBP_NEGATIVE_REGULATION_OF_POTASSIUM_ION_TRANSMEMBRANE_TRANSPORT,4,1.01546307016424,0.0311874051101077,0.75,0.309885141765036,0.507344545293536
GOBP_REGULATION_OF_LYMPHOCYTE_DIFFERENTIATION,4,-1.01334031692783,-0.041651860051844,0.5,0.310897636375913,0.508840409949007
REACTOME_CLEC7A_DECTIN_1_SIGNALING,4,1.01228132708467,0.00235067600069338,0.5,0.311403560407373,0.509506492703388
GOBP_REGULATION_OF_ATP_BIOSYNTHETIC_PROCESS,3,1.01186612826674,-0.0180480834982038,0.666666666666667,0.311602066445265,0.509538406077515
GOBP_PIGMENT_GRANULE_LOCALIZATION,4,1.01182657145789,0.0429259928686359,0.75,0.311620982858437,0.509538406077515
GOBP_RESPONSE_TO_ISOQUINOLINE_ALKALOID,4,-1.01160627569634,-0.0228551090078483,0.75,0.311726344074643,0.509548871631852
REACTOME_NITRIC_OXIDE_STIMULATES_GUANYLATE_CYCLASE,4,-1.01100444192209,-0.0626141319999231,0.5,0.312014303811561,0.509857711940885
GOBP_URONIC_ACID_METABOLIC_PROCESS,2,-1.01035376723541,-0.0228631545046634,0.5,0.312325829663192,0.510204853088762
REACTOME_RHOB_GTPASE_CYCLE,4,-1.0078347430562,-0.0538230983438533,1,0.313533803740817,0.512015716924029
GOBP_REGULATION_OF_KETONE_BIOSYNTHETIC_PROCESS,4,1.0068509403216,0.071646560478359,0.75,0.314006410776387,0.512624923616873
GOBP_REGULATION_OF_SUPEROXIDE_METABOLIC_PROCESS,4,1.00516239936998,0.0539859201140807,0.5,0.314818657411352,0.513788040257068
REACTOME_RAB_REGULATION_OF_TRAFFICKING,4,-1.00474350908821,-0.0574638510379113,0.75,0.315020371734708,0.513954339056403
REACTOME_INWARDLY_RECTIFYING_K_CHANNELS,4,1.00335317695919,0.0419367304322486,1,0.315690487210701,0.514746730434435
GOBP_PEPTIDE_TRANSPORT,4,-1.0033210223015,-0.0114205587747919,0.75,0.315705996254019,0.514746730434435
GOBP_REGULATION_OF_INTRINSIC_APOPTOTIC_SIGNALING_PATHWAY_IN_RESPONSE_TO_DNA_DAMAGE,4,-1.00158563445348,-0.0440252068617294,0.5,0.316543761999254,0.515949297415055
REACTOME_TRANSLATION_OF_SARS_COV_1_STRUCTURAL_PROTEINS,4,1.00098963051469,0.00309142235481268,0.5,0.316831821616105,0.516255395411811
REACTOME_TELOMERE_EXTENSION_BY_TELOMERASE,4,1.00053709387374,-0.00262581830542328,0.5,0.317050655676635,0.516448537196771
GOBP_NEGATIVE_REGULATION_OF_MUSCLE_HYPERTROPHY,4,0.999937821581629,0.0622204356743603,0.75,0.317340599512296,0.516642566058582
GOBP_POSITIVE_REGULATION_OF_FATTY_ACID_METABOLIC_PROCESS,4,-0.999876149551401,-0.0208976564302527,0.5,0.317370447940046,0.516642566058582
GOBP_PEROXISOME_PROLIFERATOR_ACTIVATED_RECEPTOR_SIGNALING_PATHWAY,4,-0.999317756028499,-0.0250014583575078,0.75,0.317640786625999,0.5169192194492
GOBP_REGULATION_OF_BONE_REMODELING,4,0.998784469787827,0.0433632403388045,0.5,0.317899110830114,0.517016950260209
REACTOME_FCGR3A_MEDIATED_IL10_SYNTHESIS,4,0.998779201791844,0.0318463427842944,0.75,0.317901663337312,0.517016950260209
GOBP_POSITIVE_REGULATION_OF_NERVOUS_SYSTEM_PROCESS,4,0.998374769662442,0.0135602695777583,0.75,0.318097663322307,0.517172361366138
GOBP_RESPONSE_TO_GLUCAGON,4,0.997533032374869,-0.0287833187937177,0.75,0.318505848365369,0.517529803566022
GOBP_SEQUESTERING_OF_TRIGLYCERIDE,2,0.997506877684723,0.0548141744508384,1,0.318518537094722,0.517529803566022
GOBP_REGULATION_OF_STEROID_BIOSYNTHETIC_PROCESS,4,-0.996191182032124,-0.0655925097069729,0.75,0.319157263033038,0.518404021248301
KEGG_GLYCOSPHINGOLIPID_BIOSYNTHESIS_LACTO_AND_NEOLACTO_SERIES,4,-0.994980745144047,0.0172614586372343,0.75,0.319745629254313,0.519083205634083
GOBP_POSITIVE_REGULATION_OF_NUCLEAR_DIVISION,4,0.994853561158976,0.0134973799126417,0.75,0.319807491700845,0.519083205634083
GOBP_RENAL_SYSTEM_PROCESS_INVOLVED_IN_REGULATION_OF_SYSTEMIC_ARTERIAL_BLOOD_PRESSURE,4,0.994638657223097,0.0679135846334991,0.75,0.319912039027431,0.519083205634083
GOBP_XENOBIOTIC_EXPORT,1,-0.994501747612845,-0.0606122289485511,1,0.319978655017009,0.519083205634083
GOBP_RESPONSE_TO_ESTROGEN,4,-0.994027005143037,-0.0515105028912204,0.75,0.320209720306797,0.519235346332899
GOBP_NEUTRAL_LIPID_METABOLIC_PROCESS,4,-0.993842721686104,-0.0314160718247056,1,0.320299443606791,0.519235346332899
GOBP_POSITIVE_REGULATION_OF_MONOOXYGENASE_ACTIVITY,4,0.993441101819698,0.00270033108478527,0.5,0.320495039851419,0.519235346332899
GOBP_REGULATION_OF_MITOCHONDRIAL_MEMBRANE_PERMEABILITY,4,-0.993421591851715,-0.0550387910853409,0.5,0.320504543551837,0.519235346332899
GOBP_NEGATIVE_REGULATION_OF_PROTEIN_BINDING,4,0.99327358013229,0.0377790443808405,0.5,0.320576649056571,0.519235346332899
GOBP_NEGATIVE_REGULATION_OF_ANTIGEN_RECEPTOR_MEDIATED_SIGNALING_PATHWAY,4,-0.992877113110876,-0.00494815561364779,0.5,0.320769844471377,0.519384883390919
GOBP_IMPORT_INTO_CELL,4,0.991231466072001,0.0179532448543804,0.75,0.321572569087552,0.520520955118455
GOBP_REGULATION_OF_SPINDLE_ORGANIZATION,4,-0.988766967447545,-0.0454137432650779,1,0.322777169382822,0.52218575116644
GOBP_POSITIVE_REGULATION_OF_INTRACELLULAR_PROTEIN_TRANSPORT,4,-0.98859693432288,-0.0639864699861094,0.75,0.322860386737534,0.52218575116644
GOBP_MITOTIC_CYTOKINETIC_PROCESS,4,0.988505160901583,0.0274401674794986,0.5,0.322905308159632,0.52218575116644
GOBP_HEMATOPOIETIC_PROGENITOR_CELL_DIFFERENTIATION,4,-0.987301028983046,-0.0466412908076527,0.75,0.32349508638095,0.522827804195223
REACTOME_BETA_DEFENSINS,3,0.987279953192179,0.0863309947516813,0.666666666666667,0.323505415452705,0.522827804195223
REACTOME_MITOCHONDRIAL_TRANSLATION,4,-0.986939167061933,-0.0221719349491681,0.75,0.323672461766466,0.522838108867416
GOBP_LIVER_REGENERATION,4,0.986760510669878,-0.0141743034314912,0.5,0.323760057886812,0.522838108867416
REACTOME_PHASE_II_CONJUGATION_OF_COMPOUNDS,4,0.986645581040931,0.0762011613809899,0.75,0.323816416620351,0.522838108867416
REACTOME_REGULATION_OF_TP53_ACTIVITY_THROUGH_ACETYLATION,4,0.986244629829671,0.00578256172391848,0.75,0.32401308351872,0.522941116885726
GOBP_ESTABLISHMENT_OF_SPINDLE_ORIENTATION,4,0.986101439498332,0.0656885657700821,1,0.32408333734363,0.522941116885726
GOBP_T_CELL_TOLERANCE_INDUCTION,3,-0.985386620374941,-0.0385494550496156,0.666666666666667,0.324434199186838,0.52334326178353
GOBP_NEGATIVE_REGULATION_OF_ACTIVATED_T_CELL_PROLIFERATION,1,0.984945869099104,0.0817448567578435,1,0.324650660772486,0.52352842227295
GOBP_RESPONSE_TO_TOXIC_SUBSTANCE,4,0.9841239982339,0.0159048993928297,0.75,0.325054548692235,0.524015614031409
GOBP_MRNA_CLEAVAGE,4,-0.982958608175445,-0.0293913816933424,0.75,0.325627810788111,0.524775460953986
GOBP_RESPONSE_TO_INTERFERON_ALPHA,4,-0.98234913085384,-0.0175215198697056,0.5,0.325927877875181,0.525094694361485
REACTOME_CYTOPROTECTION_BY_HMOX1,4,-0.981496251107844,-0.0437167684310672,0.75,0.326348082216772,0.525523427763521
GOBP_CELLULAR_RESPONSE_TO_CADMIUM_ION,4,0.981394737226915,0.0173748610554716,0.5,0.326398120409349,0.525523427763521
GOBP_MATING,4,-0.981174729253234,0.0106836320000725,0.75,0.326506583785949,0.525533729263473
GOBP_NEGATIVE_REGULATION_OF_CYTOSKELETON_ORGANIZATION,4,-0.980341682378892,-0.00429385016215188,0.75,0.32691748598572,0.526030667293897
REACTOME_CITRIC_ACID_CYCLE_TCA_CYCLE,4,0.979231683001134,0.0138697241950296,0.5,0.327465517288534,0.526747875201081
GOBP_POSITIVE_REGULATION_OF_MYELOID_LEUKOCYTE_DIFFERENTIATION,4,0.978180203395796,0.0555274025368975,0.5,0.327985205782997,0.527419058268785
GOBP_REGULATION_OF_MAMMARY_GLAND_EPITHELIAL_CELL_PROLIFERATION,2,-0.976596760970346,-0.0557058678569638,1,0.328768823289077,0.528414273484019
GOBP_LEUKOCYTE_TETHERING_OR_ROLLING,4,0.976514940207817,0.137221932093503,0.75,0.328809347881685,0.528414273484019
GOBP_ACTIVATION_OF_CYSTEINE_TYPE_ENDOPEPTIDASE_ACTIVITY_INVOLVED_IN_APOPTOTIC_PROCESS,4,-0.975977623852816,-0.00264440705805403,0.25,0.329075553039559,0.528517889836825
GOBP_REGULATION_OF_MICROGLIAL_CELL_ACTIVATION,3,0.975669821398373,0.039461816356694,0.333333333333333,0.329228111958306,0.528517889836825
GOBP_GLYCOSYL_COMPOUND_CATABOLIC_PROCESS,4,-0.975454106637741,-0.0621266591531956,0.75,0.329335055928771,0.528517889836825
REACTOME_SYNTHESIS_OF_PA,4,0.9754097462238,-0.00488731675180685,0.5,0.329357051088561,0.528517889836825
GOBP_CATECHOL_CONTAINING_COMPOUND_BIOSYNTHETIC_PROCESS,4,0.975349251413796,-0.019245137839238,0.5,0.329387047676514,0.528517889836825
REACTOME_GOLGI_ASSOCIATED_VESICLE_BIOGENESIS,4,0.97286701036999,0.0285012757757328,0.75,0.330619402842602,0.530236236571741
REACTOME_SYNTHESIS_OF_ACTIVE_UBIQUITIN_ROLES_OF_E1_AND_E2_ENZYMES,4,-0.972777442630104,-0.106291344478116,0.75,0.330663926127765,0.530236236571741
GOBP_NEURAL_PRECURSOR_CELL_PROLIFERATION,4,-0.972042987983233,-0.0336550342976041,0.75,0.331029162989539,0.530633032423899
GOBP_T_CELL_MIGRATION,4,0.971865458870659,0.0696955697060132,0.75,0.331117485565738,0.530633032423899
GOBP_RESPONSE_TO_X_RAY,4,0.971492552513631,0.0664336237017133,0.5,0.331303059976271,0.530646583808558
GOBP_POSITIVE_REGULATION_OF_ENDOTHELIAL_CELL_CHEMOTAXIS,3,0.971434293917744,0.0442539981754749,1,0.331332058058752,0.530646583808558
GOBP_REGULATION_OF_JNK_CASCADE,4,-0.970875032336453,-0.00751777996763532,0.75,0.331610512724357,0.530696814454548
GOBP_DNA_UNWINDING_INVOLVED_IN_DNA_REPLICATION,4,0.970644397386056,-0.0143840687902959,0.5,0.331725389219324,0.530696814454548
GOBP_NEGATIVE_REGULATION_OF_HORMONE_SECRETION,4,-0.970490050771221,-0.0667883485771869,0.75,0.331802281777419,0.530696814454548
GOBP_TYROSINE_METABOLIC_PROCESS,3,0.97036284747131,0.069412029380341,0.666666666666667,0.331865660708824,0.530696814454548
GOBP_POSITIVE_REGULATION_OF_METAPHASE_ANAPHASE_TRANSITION_OF_CELL_CYCLE,3,0.970336555936323,-0.0150864458369606,0.666666666666667,0.331878761418459,0.530696814454548
GOBP_POSITIVE_REGULATION_OF_PROTEIN_SECRETION,4,0.970080314805721,0.00398118982722267,0.75,0.332006460345489,0.530736188860268
REACTOME_NUCLEOTIDE_BINDING_DOMAIN_LEUCINE_RICH_REPEAT_CONTAINING_RECEPTOR_NLR_SIGNALING_PATHWAYS,4,-0.969589747926075,-0.0550473039065989,0.5,0.332251025137639,0.530962299327655
KEGG_INTESTINAL_IMMUNE_NETWORK_FOR_IGA_PRODUCTION,4,-0.969233854953162,0.00840364223866504,0.5,0.332428523090277,0.530973892016088
REACTOME_RHOD_GTPASE_CYCLE,4,0.969118510919256,0.0279885399248737,0.75,0.332486062878187,0.530973892016088
GOBP_LENS_MORPHOGENESIS_IN_CAMERA_TYPE_EYE,4,-0.96879751227617,-0.00730214693484387,0.5,0.332646228069599,0.530973892016088
GOBP_BLOOD_VESSEL_ENDOTHELIAL_CELL_MIGRATION,4,-0.968644872633413,-0.0419854747309594,0.5,0.332722406483484,0.530973892016088
GOBP_REGULATION_OF_STEM_CELL_DIFFERENTIATION,4,-0.968541731164517,-0.0596645453603724,0.5,0.332773888043488,0.530973892016088
GOBP_SYNAPTIC_VESICLE_PRIMING,3,-0.968099269835169,-0.0644638139154229,0.666666666666667,0.332994794518139,0.530989706905602
GOBP_NEGATIVE_REGULATION_OF_T_CELL_MEDIATED_IMMUNITY,4,-0.967912431324145,-0.0093790945838571,0.75,0.333088105298866,0.530989706905602
KEGG_MATURITY_ONSET_DIABETES_OF_THE_YOUNG,4,-0.967902282957183,-0.058186134258306,0.75,0.333093174073625,0.530989706905602
GOBP_REGULATION_OF_MACROPHAGE_DIFFERENTIATION,4,0.967524060492308,-0.0258838232272809,0.5,0.333282119232738,0.531074411902045
GOBP_NEGATIVE_REGULATION_OF_LIPID_BIOSYNTHETIC_PROCESS,4,-0.967383025318626,-0.067906417605561,0.75,0.333352592594175,0.531074411902045
GOBP_ESTABLISHMENT_OF_PROTEIN_LOCALIZATION_TO_TELOMERE,3,0.96658874955732,0.0320556961746934,0.333333333333333,0.333749660971042,0.531542531500122
GOBP_TRANSITION_METAL_ION_TRANSPORT,4,0.966005584868427,0.0125707352768184,0.5,0.334041386435684,0.531842640308391
GOBP_RESPONSE_TO_TESTOSTERONE,4,0.964942213237391,0.00731685637397919,0.5,0.334573756385678,0.532525586284345
REACTOME_INTRA_GOLGI_TRAFFIC,4,-0.964538393429406,-0.0580801089743328,0.75,0.334776069279659,0.532682935945909
GOBP_LIPID_STORAGE,4,-0.963645579975308,-0.0430509237090635,0.5,0.335223646743669,0.533101709068718
GOBP_MEMBRANE_REPOLARIZATION,4,0.963600360016182,0.0875587866349456,0.5,0.335246326270054,0.533101709068718
REACTOME_SIGNALING_BY_EGFR_IN_CANCER,4,-0.963368612625217,-0.107188250487411,0.75,0.335362571895817,0.533121915002027
GOBP_RESPONSE_TO_ANGIOTENSIN,4,0.962297838928392,-0.0111562674420518,0.5,0.335900014236363,0.533709190126
GOBP_FEAR_RESPONSE,4,0.962219599767882,0.0367581490121308,0.75,0.335939305728951,0.533709190126
GOBP_CELLULAR_RESPONSE_TO_FATTY_ACID,4,0.961983332692981,0.0268951402449353,0.75,0.336057976362451,0.533733041422042
GOBP_SMOOTH_MUSCLE_CONTRACTION,4,-0.961706975809855,-0.0202872645298565,0.75,0.336196817263663,0.533788902895652
REACTOME_POSTMITOTIC_NUCLEAR_PORE_COMPLEX_NPC_REFORMATION,4,-0.961099126250141,-0.130180178172656,0.75,0.336502328986223,0.534109276186825
GOBP_POSITIVE_REGULATION_OF_MEIOTIC_CELL_CYCLE,4,0.960871880300314,0.00234753772992046,0.5,0.336616591092682,0.53412598691409
GOBP_POSITIVE_REGULATION_OF_NITRIC_OXIDE_SYNTHASE_ACTIVITY,4,0.95955454283843,0.0226219116731304,0.5,0.337279456417853,0.53501291469363
GOBP_REGULATION_OF_INTRACELLULAR_PROTEIN_TRANSPORT,4,-0.959010954937734,-0.079215672040898,0.75,0.337553226427897,0.535069623620654
REACTOME_TRANSCRIPTIONAL_REGULATION_BY_RUNX2,4,0.958912060223001,0.00446581793638596,0.5,0.337603048637346,0.535069623620654
REACTOME_RHOBTB1_GTPASE_CYCLE,4,-0.95886460445126,-0.0777820391933042,0.5,0.337626958077977,0.535069623620654
GOBP_POSITIVE_REGULATION_OF_CALCIUM_ION_DEPENDENT_EXOCYTOSIS,3,0.956456637479316,0.0408564415880809,0.666666666666667,0.338841582007968,0.536817506913875
GOBP_ESTABLISHMENT_OF_PROTEIN_LOCALIZATION_TO_CHROMOSOME,4,-0.956264977417553,-0.117011638205238,0.75,0.338938379292485,0.536817506913875
KEGG_CELL_ADHESION_MOLECULES_CAMS,4,-0.955228879236255,0.0194348162475195,0.5,0.339461964475792,0.537481443753338
GOBP_REGULATION_OF_MACROPHAGE_MIGRATION,4,0.954986850620867,0.123021803884188,0.75,0.339584346695401,0.537509929644826
GOBP_ESTABLISHMENT_OF_MITOTIC_SPINDLE_LOCALIZATION,4,0.954043904529695,0.0460352377886545,1,0.340061418949101,0.538099645411469
GOBP_POSITIVE_REGULATION_OF_NEUROTRANSMITTER_TRANSPORT,4,0.953409098902254,0.0291310252641211,0.75,0.340382833067231,0.538442767269792
REACTOME_REGULATION_OF_IFNA_SIGNALING,4,0.952965114486268,-0.00213729686116608,0.5,0.340607746431218,0.538633073210793
GOBP_REGULATION_OF_BLOOD_PRESSURE,4,0.952419806931857,0.00459458020613749,0.75,0.34088411825298,0.538789333343594
REACTOME_RESOLUTION_OF_D_LOOP_STRUCTURES_THROUGH_SYNTHESIS_DEPENDENT_STRAND_ANNEALING_SDSA,4,-0.952357239710048,-0.0453549086033854,0.75,0.340915837644869,0.538789333343594
GOBP_SULFUR_AMINO_ACID_BIOSYNTHETIC_PROCESS,3,-0.950427044889635,-0.0684237761314204,0.666666666666667,0.341895307389614,0.539880323857496
GOBP_REGULATION_OF_REPRODUCTIVE_PROCESS,4,0.950299805503042,0.0214476046159197,0.75,0.341959937704624,0.539880323857496
GOBP_REGULATION_OF_CALCIUM_ION_TRANSPORT_INTO_CYTOSOL,4,-0.950283421562632,-0.0175470886224003,0.75,0.341968260375182,0.539880323857496
REACTOME_RHOV_GTPASE_CYCLE,4,-0.950058287057626,-0.00512240139733914,0.5,0.342082636727214,0.539880323857496
GOBP_RESPONSE_TO_PROTOZOAN,4,-0.94996426005083,-0.070497630173892,0.75,0.342130413040787,0.539880323857496
GOBP_POSITIVE_REGULATION_OF_INTRACELLULAR_TRANSPORT,4,-0.949705127678461,-0.0627816438797191,0.75,0.342262103570167,0.539908136308763
GOBP_ENDOCYTIC_RECYCLING,4,0.94951695666438,0.0433141082917804,0.75,0.342357752000022,0.539908136308763
GOBP_RESPIRATORY_GASEOUS_EXCHANGE_BY_RESPIRATORY_SYSTEM,4,0.949163849685428,-0.00152325958882474,0.25,0.342537284475569,0.540025865818955
GOBP_SCHWANN_CELL_DEVELOPMENT,4,-0.948450849310675,-0.0606466967043929,0.5,0.342899983333696,0.540260617121474
GOBP_POSITIVE_REGULATION_OF_FOCAL_ADHESION_ASSEMBLY,4,-0.948288598525319,-0.0367107803273979,0.75,0.342982553569696,0.540260617121474
GOBP_HEART_VALVE_DEVELOPMENT,4,-0.948252427763692,-0.0558761802401056,0.5,0.343000962783084,0.540260617121474
GOBP_PROTEIN_DEPHOSPHORYLATION,4,-0.947844211238224,-0.040899634274426,0.75,0.343208769535289,0.540422616005261
GOBP_SPERM_CAPACITATION,4,0.947512264316441,0.0197373595808528,0.5,0.343377809760855,0.540523492038716
GOBP_RIBONUCLEOSIDE_TRIPHOSPHATE_BIOSYNTHETIC_PROCESS,4,-0.94701873665203,-0.0569643806570525,0.75,0.343629231457818,0.540554844388
REACTOME_MITOTIC_PROMETAPHASE,4,0.946905908984249,-0.020093387646871,0.5,0.343686726655033,0.540554844388
REACTOME_BETA_CATENIN_PHOSPHORYLATION_CASCADE,4,0.946831297740869,0.0682826252445502,1,0.343724750740337,0.540554844388
GOBP_REGULATION_OF_PROTEIN_DEPOLYMERIZATION,4,0.946649018509672,0.0345208433367256,0.75,0.343817656898563,0.540554844388
REACTOME_NA_CL_DEPENDENT_NEUROTRANSMITTER_TRANSPORTERS,4,0.946252506401221,0.0425011379041396,0.75,0.344019811084457,0.540707572427921
REACTOME_N_GLYCAN_TRIMMING_IN_THE_ER_AND_CALNEXIN_CALRETICULIN_CYCLE,4,-0.945803574692528,-0.0856307907564473,0.75,0.344248781979466,0.54090234312245
REACTOME_SLC_MEDIATED_TRANSMEMBRANE_TRANSPORT,4,0.945462824305907,0.00999504799137306,0.75,0.344422641527498,0.540928333389074
GOBP_SECRETION_BY_TISSUE,4,-0.945359378842576,-0.0587804877016157,0.5,0.344475433129301,0.540928333389074
GOBP_NEUROTRANSMITTER_TRANSPORT,4,0.944674780606172,0.00988741617751167,0.75,0.344824936132604,0.541312071995969
GOBP_CD4_POSITIVE_ALPHA_BETA_T_CELL_CYTOKINE_PRODUCTION,4,-0.944157762019129,0.0487588038053412,0.5,0.345089035764364,0.541561549878302
REACTOME_SYNTHESIS_OF_PIPS_AT_THE_EARLY_ENDOSOME_MEMBRANE,4,-0.942334772843298,-0.14213602509698,0.75,0.346021270559133,0.542859086565805
GOBP_REGULATION_OF_ACTOMYOSIN_STRUCTURE_ORGANIZATION,4,0.941969605714155,0.0186029264432583,0.5,0.346208201343207,0.542986910970506
GOBP_REGULATION_OF_ANIMAL_ORGAN_FORMATION,4,0.941097172323181,0.0851609325930602,0.75,0.34665506449109,0.543440570774903
GOBP_GLYCEROPHOSPHOLIPID_CATABOLIC_PROCESS,4,0.940992816423044,0.0922382834096814,0.5,0.346708540492437,0.543440570774903
REACTOME_PEROXISOMAL_PROTEIN_IMPORT,4,-0.940731979547893,-0.0468265473644302,0.75,0.346842226367706,0.543484669375324
REACTOME_DEADENYLATION_OF_MRNA,4,-0.940275309042008,-0.131693196275365,0.5,0.347076361217619,0.543686091849564
REACTOME_ACYL_CHAIN_REMODELLING_OF_PS,4,-0.9391162068577,0.00436561746076425,0.5,0.347671084120384,0.544452071817475
GOBP_PROTEIN_COMPLEX_OLIGOMERIZATION,4,-0.937436839013757,-0.00988649076699954,0.75,0.348533898805584,0.545637289434464
GOBP_INTRACELLULAR_LIPID_TRANSPORT,4,-0.935652778632491,-0.0329352958361527,0.75,0.34945199089436,0.546908298211264
GOBP_REGULATION_OF_CHEMOTAXIS,4,0.935068651963709,0.083249783574786,0.75,0.349752920590439,0.547212940784007
GOBP_NEGATIVE_REGULATION_OF_VIRAL_PROCESS,4,-0.933876477727977,0.000550743368789739,0.75,0.350367613716023,0.548008154016951
GOBP_SYNAPTIC_MEMBRANE_ADHESION,4,-0.932372800606417,0.00848096508940561,0.75,0.351143896325004,0.548993078858011
GOBP_DEFENSE_RESPONSE_TO_SYMBIONT,4,-0.932243759189307,-0.0155876386776961,0.75,0.351210565499765,0.548993078858011
GOBP_NEGATIVE_REGULATION_OF_RELEASE_OF_CYTOCHROME_C_FROM_MITOCHONDRIA,4,0.931185652376113,0.0380440358829471,1,0.351757538291166,0.549681203235573
GOBP_POSITIVE_REGULATION_OF_LONG_TERM_SYNAPTIC_POTENTIATION,4,0.928434115765753,0.0551945592358017,0.5,0.353182428718118,0.551740390008977
GOBP_EAR_DEVELOPMENT,4,-0.928077715960978,-0.0458657195982916,0.75,0.353367257939632,0.55186169582383
GOBP_REGULATION_OF_GLYCOLYTIC_PROCESS,4,-0.927809667457341,-0.0575200296528383,0.5,0.353506308393857,0.551911456009693
GOBP_SULFUR_COMPOUND_CATABOLIC_PROCESS,4,-0.92700234595747,-0.0691208086732735,0.75,0.353925316250543,0.552398136821474
GOBP_POSITIVE_REGULATION_OF_TRIGLYCERIDE_METABOLIC_PROCESS,3,-0.9266546712372,-0.0250680039760921,0.666666666666667,0.354105859513903,0.552432342772079
GOBP_CYTOKINE_PRODUCTION_INVOLVED_IN_INFLAMMATORY_RESPONSE,4,-0.926359435567583,-0.0257237720447595,1,0.354259217490418,0.552432342772079
REACTOME_DECTIN_2_FAMILY,4,0.926340413141166,0.093749682017601,0.75,0.354269099987067,0.552432342772079
GOBP_B_CELL_MEDIATED_IMMUNITY,4,-0.925184839984998,0.00923731197728831,0.5,0.354869767860177,0.553201463733592
KEGG_STEROID_HORMONE_BIOSYNTHESIS,4,0.924083127583593,0.0543762402368267,0.75,0.355443037175122,0.553927420827695
GOBP_NEGATIVE_REGULATION_OF_PHOSPHATIDYLINOSITOL_3_KINASE_SIGNALING,1,-0.921938520452194,-0.0739482637714832,1,0.356560644975411,0.555330727674186
GOBP_NEGATIVE_REGULATION_OF_LYMPHOCYTE_ACTIVATION,4,-0.921833988144881,-0.00374720829536353,0.75,0.356615175885521,0.555330727674186
GOBP_STORE_OPERATED_CALCIUM_ENTRY,3,0.921734529816076,0.0276224848697786,1,0.356667064754036,0.555330727674186
GOBP_POSITIVE_REGULATION_OF_CELL_SUBSTRATE_JUNCTION_ORGANIZATION,4,-0.921184964717065,-0.020108547386147,0.75,0.356953866687126,0.555563334587539
GOBP_ORGANELLE_FUSION,4,0.920925823759427,0.0260855006952712,1,0.35708915515245,0.555563334587539
KEGG_CHEMOKINE_SIGNALING_PATHWAY,4,0.920797307869069,0.0148140127812326,0.75,0.357156260799061,0.555563334587539
KEGG_PRIMARY_BILE_ACID_BIOSYNTHESIS,3,0.920590443784813,0.0365066453601409,0.333333333333333,0.357264293289621,0.555563334587539
GOBP_INNER_MITOCHONDRIAL_MEMBRANE_ORGANIZATION,4,0.920414975782229,0.0224803530601025,0.75,0.357355945650404,0.555563334587539
GOBP_VITAMIN_TRANSMEMBRANE_TRANSPORT,4,0.919687963766981,0.0710959682007782,0.5,0.357735844220016,0.555986073615715
GOBP_B_CELL_RECEPTOR_SIGNALING_PATHWAY,4,-0.918913601102672,0.0604416358462651,0.25,0.358140765226183,0.556325362532231
GOBP_MRNA_METHYLATION,1,-0.918366398223447,-0.110304305024576,1,0.358427076202234,0.556325362532231
GOBP_POSITIVE_REGULATION_OF_ION_TRANSMEMBRANE_TRANSPORT,4,-0.91831021897628,0.0129028777248267,0.5,0.358456478812178,0.556325362532231
GOBP_CELLULAR_RESPONSE_TO_HEAT,4,-0.918234681683564,-0.0321435236271293,0.5,0.358496015260089,0.556325362532231
GOBP_REGULATION_OF_LEUKOCYTE_PROLIFERATION,4,-0.917987219412981,0.0149800546451266,0.25,0.358625556970383,0.556325362532231
GOBP_PROTEIN_INSERTION_INTO_ER_MEMBRANE,3,-0.917872103912674,-0.084557502342543,1,0.358685827737187,0.556325362532231
GOBP_MESENCHYMAL_CELL_PROLIFERATION,4,0.917759357840166,0.0381926621722189,0.5,0.358744864121287,0.556325362532231
GOBP_DOPAMINE_METABOLIC_PROCESS,4,-0.917513651444508,-0.0818083102463349,0.75,0.358873542689962,0.556325362532231
REACTOME_ORGANELLE_BIOGENESIS_AND_MAINTENANCE,4,-0.91741243435108,-0.0412962784490795,1,0.358926559396401,0.556325362532231
GOBP_REGULATION_OF_GLIAL_CELL_PROLIFERATION,4,0.916957637959831,4.28294698662495e-06,0.75,0.35916483887814,0.556527160813585
GOBP_RETROGRADE_TRANSPORT_ENDOSOME_TO_GOLGI,4,-0.91629121413706,-0.0680984351123245,0.75,0.3595141749145,0.556900868422009
REACTOME_COPII_MEDIATED_VESICLE_TRANSPORT,4,0.915001743073678,0.0364980598605015,0.75,0.360190715056862,0.557781050173769
REACTOME_SYNTHESIS_OF_BILE_ACIDS_AND_BILE_SALTS,4,0.914641103680826,0.0605852475185406,0.5,0.360380072805433,0.557906492746594
GOBP_CHAPERONE_COFACTOR_DEPENDENT_PROTEIN_REFOLDING,4,-0.913844191284661,-0.0748726023703486,0.75,0.360798722110847,0.558369939912764
GOBP_NEGATIVE_REGULATION_OF_VIRAL_ENTRY_INTO_HOST_CELL,4,-0.913658490890615,-0.0600876552313257,0.75,0.360896321621612,0.558369939912764
GOBP_RESPONSE_TO_KETONE,4,0.912730290211568,0.034216283931627,0.75,0.361384409077317,0.558844326979288
GOBP_ENTRY_INTO_HOST,4,0.912662626720643,0.0305773316725082,1,0.361420005601287,0.558844326979288
HALLMARK_ESTROGEN_RESPONSE_LATE,4,0.912399487462969,-0.0389148334138829,0.25,0.361558459245489,0.558890575399286
GOBP_PROTEIN_REFOLDING,4,-0.91070507354386,-0.0938887177604778,0.5,0.3624507901533,0.560101776260307
REACTOME_MECP2_REGULATES_NEURONAL_RECEPTORS_AND_CHANNELS,4,-0.910173541948639,-0.0601204238112312,0.5,0.362730995137063,0.560366604848707
GOBP_REGULATION_OF_TOLL_LIKE_RECEPTOR_4_SIGNALING_PATHWAY,4,-0.908971660909926,0.0350705827148481,0.5,0.363365084958801,0.56088895729346
REACTOME_MAP3K8_TPL2_DEPENDENT_MAPK1_3_ACTIVATION,4,-0.908967707148462,-0.128759065213244,0.5,0.363367172032831,0.56088895729346
GOBP_RETINA_VASCULATURE_DEVELOPMENT_IN_CAMERA_TYPE_EYE,4,-0.908913259568116,-0.00197740607567665,0.5,0.363395914067,0.56088895729346
GOBP_REGULATION_OF_EARLY_ENDOSOME_TO_LATE_ENDOSOME_TRANSPORT,3,0.908045483306257,-0.00735992346067724,0.666666666666667,0.363854191695538,0.561427999113073
REACTOME_AMINO_ACID_TRANSPORT_ACROSS_THE_PLASMA_MEMBRANE,4,-0.906845127297916,-0.116140969500248,0.75,0.364488702053162,0.562098657060322
GOBP_REGULATION_OF_MACROPHAGE_DERIVED_FOAM_CELL_DIFFERENTIATION,4,0.906715191142969,0.0475279269412662,0.75,0.364557427994606,0.562098657060322
KEGG_BLADDER_CANCER,4,-0.906603829183873,-0.0720395478346917,0.5,0.3646163361005,0.562098657060322
KEGG_MAPK_SIGNALING_PATHWAY,4,-0.905618374188508,-0.0222124266983096,0.5,0.365137879991849,0.562734194575884
GOBP_REGULATION_OF_NEUROTRANSMITTER_TRANSPORT,4,0.905308012738536,-0.00253690392441429,0.5,0.365302232643671,0.562819029288529
GOBP_NUCLEOSIDE_TRIPHOSPHATE_METABOLIC_PROCESS,4,0.904618912509023,-0.0105300157024498,0.75,0.365667312436747,0.563199236510366
GOBP_DETECTION_OF_OTHER_ORGANISM,4,0.90437456319583,0.0750329223970034,0.5,0.365796821424919,0.563199236510366
GOBP_CYTOSKELETON_DEPENDENT_INTRACELLULAR_TRANSPORT,4,0.904223031199306,0.0279820491891855,0.75,0.365877150150937,0.563199236510366
GOBP_POSITIVE_REGULATION_OF_SYNCYTIUM_FORMATION_BY_PLASMA_MEMBRANE_FUSION,4,0.90312168038825,0.0746816609974525,0.5,0.366461318663564,0.5637762033253
GOBP_LOCOMOTOR_RHYTHM,1,0.902978257776224,0.104627140157295,1,0.366537434369159,0.5637762033253
REACTOME_RND3_GTPASE_CYCLE,4,-0.902897215930293,-0.0312852737363372,1,0.366580448384755,0.5637762033253
GOBP_FC_RECEPTOR_MEDIATED_STIMULATORY_SIGNALING_PATHWAY,4,0.9009288209816,0.0389992058181436,0.75,0.367626166179575,0.565215625457938
GOBP_NEGATIVE_REGULATION_OF_INTRINSIC_APOPTOTIC_SIGNALING_PATHWAY_IN_RESPONSE_TO_DNA_DAMAGE,4,-0.900105139800422,-0.04578951617036,0.5,0.368064301040666,0.565671697404457
GOBP_INFLAMMATORY_RESPONSE_TO_WOUNDING,2,0.89976497361207,0.0426808974725403,0.5,0.368245338031703,0.565671697404457
GOBP_MITOTIC_SPINDLE_ORGANIZATION,4,0.89975173479685,-0.0259934275409335,0.5,0.368252384870798,0.565671697404457
GOBP_HEPATOCYTE_APOPTOTIC_PROCESS,4,-0.898907572913773,-0.105553075554161,0.75,0.368701893930747,0.566193275230962
GOBP_ENDOTHELIAL_CELL_CHEMOTAXIS,4,0.898413586553386,0.0784906344093045,0.75,0.368965095755629,0.566276784540825
GOBP_REGULATION_OF_LEUKOCYTE_DEGRANULATION,4,-0.898392692840477,-0.0117702809947218,0.75,0.368976230750528,0.566276784540825
KEGG_REGULATION_OF_AUTOPHAGY,4,0.897349927420157,-0.0162941293664499,0.5,0.369532222644463,0.566961088914285
GOBP_RESPONSE_TO_TRANSFORMING_GROWTH_FACTOR_BETA,4,0.896275084673072,0.00784490414978592,0.5,0.370105862603535,0.567672054377599
GOBP_REGULATION_OF_DNA_REPAIR,4,-0.895705146601185,-0.0493507804367903,0.75,0.370410260954956,0.567969753918126
GOBP_CHONDROCYTE_PROLIFERATION,4,-0.894276777621269,-0.0355895311693762,1,0.371173821726988,0.568971124761019
GOBP_HIGH_DENSITY_LIPOPROTEIN_PARTICLE_REMODELING,4,-0.893631976524782,-0.00177656228094056,0.75,0.37151883169915,0.5692891305354
GOBP_REGULATION_OF_REACTIVE_OXYGEN_SPECIES_BIOSYNTHETIC_PROCESS,4,0.893475845046631,0.0158239591741564,0.75,0.371602401967271,0.5692891305354
GOBP_REGULATION_OF_MITOTIC_CELL_CYCLE_SPINDLE_ASSEMBLY_CHECKPOINT,3,-0.891320091101771,-0.0587427118640488,1,0.372757473253778,0.570888825039768
GOBP_POSITIVE_REGULATION_OF_SODIUM_ION_TRANSPORT,4,-0.890855946599671,-0.0761070279873271,0.75,0.373006456509353,0.571100280870252
GOBP_PROTEIN_LOCALIZATION_TO_CHROMATIN,4,-0.890498149728061,-0.049106866534713,1,0.373198461482178,0.571224398980897
GOBP_DNA_DAMAGE_RESPONSE_SIGNAL_TRANSDUCTION_RESULTING_IN_TRANSCRIPTION,4,-0.890260394921156,-0.0665557497748482,0.5,0.373326081972709,0.571249924540112
REACTOME_TRIGLYCERIDE_CATABOLISM,4,0.889773765394104,-0.0125220819796701,0.75,0.373587376062205,0.571479916620408
GOBP_MAMMARY_GLAND_MORPHOGENESIS,4,-0.88892462176007,-0.000935354700078699,0.75,0.374043591887793,0.57200785703304
GOBP_RESPIRATORY_SYSTEM_PROCESS,4,-0.887970903559893,-0.0720917838961339,0.75,0.37455640279026,0.572622006522283
GOBP_EMBRYONIC_CRANIAL_SKELETON_MORPHOGENESIS,4,0.887726737391647,0.0358950752369147,0.75,0.374687759932951,0.572623734371318
REACTOME_PROTEIN_LOCALIZATION,4,-0.887111865820515,-0.0580150348419103,0.75,0.375018676259702,0.572623734371318
REACTOME_ASYMMETRIC_LOCALIZATION_OF_PCP_PROTEINS,4,0.887071008589388,0.0298241354522901,0.25,0.375040671517172,0.572623734371318
GOBP_TELENCEPHALON_DEVELOPMENT,4,0.886959294835751,0.0315635760424277,0.75,0.375100816049412,0.572623734371318
GOBP_DSRNA_PROCESSING,4,-0.886935576457637,-0.055831749185233,0.5,0.375113586334134,0.572623734371318
GOBP_REACTIVE_OXYGEN_SPECIES_METABOLIC_PROCESS,4,0.886541680375117,0.00126778712741056,0.5,0.375325704408243,0.572777727326035
REACTOME_INTERLEUKIN_17_SIGNALING,4,-0.885272655938158,-0.0753421948152498,0.5,0.376009594077265,0.573470818060493
GOBP_REGULATION_OF_EPITHELIAL_TO_MESENCHYMAL_TRANSITION,4,-0.885126114419108,0.00575347743622091,0.75,0.37608861624886,0.573470818060493
GOBP_NEGATIVE_REGULATION_OF_VIRAL_LIFE_CYCLE,4,-0.884900182551521,-0.0392000437072116,0.75,0.376210469564845,0.573470818060493
GOBP_RENAL_TUBULE_DEVELOPMENT,4,0.884872560729823,0.0154723486019912,0.5,0.376225368694571,0.573470818060493
GOBP_REGULATED_EXOCYTOSIS,4,0.884510406095487,0.0264374302427014,0.75,0.376420747530661,0.573598824810705
GOBP_PHOSPHOLIPID_BIOSYNTHETIC_PROCESS,4,-0.882849940221313,-0.0662391345948517,0.75,0.377317353766817,0.574794986551877
GOBP_SCHWANN_CELL_DIFFERENTIATION,4,-0.88201087635176,-0.0580409534236251,0.5,0.377770925646799,0.575179636188176
REACTOME_GLUTAMATE_NEUROTRANSMITTER_RELEASE_CYCLE,4,-0.881903580378617,-0.0584191730997958,1,0.377828950736085,0.575179636188176
GOBP_SULFUR_COMPOUND_BIOSYNTHETIC_PROCESS,4,0.881763019474312,0.0225493139869957,0.75,0.377904973630725,0.575179636188176
GOBP_REGULATION_OF_MICROTUBULE_POLYMERIZATION_OR_DEPOLYMERIZATION,4,-0.880523637395827,-0.0430371085352971,0.75,0.378575705904182,0.575825224843051
REACTOME_TRANSCRIPTIONAL_REGULATION_BY_RUNX1,4,-0.880508328175808,-0.0630177888489289,0.75,0.378583995570457,0.575825224843051
GOBP_PROTEIN_SUMOYLATION,4,-0.880276783411089,-0.0287755646889618,0.5,0.378709386506303,0.575825224843051
GOBP_LIPOPROTEIN_METABOLIC_PROCESS,4,-0.880152930235838,-0.0309230626799539,0.75,0.378776468546012,0.575825224843051
KEGG_CYSTEINE_AND_METHIONINE_METABOLISM,4,-0.87977412448683,-0.0722931136132736,0.75,0.37898168479153,0.57596714728205
GOBP_MATURATION_OF_SSU_RRNA,4,-0.877651255133449,-0.0575690026084167,0.75,0.380133004953734,0.577392651927835
GOBP_LACTATION,4,-0.877591368727353,-0.0319082240870249,0.5,0.380165514981871,0.577392651927835
GOBP_PYRIMIDINE_NUCLEOBASE_METABOLIC_PROCESS,4,-0.877424582578634,-0.0828738940826855,0.75,0.380256065777294,0.577392651927835
GOBP_EXTRINSIC_APOPTOTIC_SIGNALING_PATHWAY,4,0.877206541524133,-0.00545539651780458,0.25,0.380374463645545,0.577402156046849
REACTOME_SARS_COV_1_INFECTION,4,0.876952422935585,-0.0178626636191055,0.5,0.380512480454225,0.577441427014089
GOBP_ACTIVATION_OF_ADENYLATE_CYCLASE_ACTIVITY,4,0.876480641288985,0.0311862890697346,0.75,0.380768795919426,0.577527544684325
GOBP_MULTIVESICULAR_BODY_ORGANIZATION,4,-0.876435079518437,-0.0763888609707077,1,0.380793554904503,0.577527544684325
GOBP_THIOESTER_METABOLIC_PROCESS,4,-0.874914159919046,0.00667386464466751,0.25,0.381620613905239,0.578589058310969
GOBP_POSITIVE_REGULATION_OF_BEHAVIOR,4,-0.874677264420144,0.0571276745830042,0.5,0.381749534154292,0.578589058310969
GOBP_MAINTENANCE_OF_PROTEIN_LOCATION_IN_CELL,4,0.874528377893415,-0.0159584051028592,0.25,0.381830572954102,0.578589058310969
GOBP_COMPLEMENT_ACTIVATION_ALTERNATIVE_PATHWAY,4,-0.874031962272963,-0.012807807267381,0.5,0.382100847764413,0.578824648372323
GOBP_REGULATION_OF_NUCLEOTIDE_METABOLIC_PROCESS,4,-0.873829932923439,-0.0542905294544447,0.5,0.382210876765566,0.578824648372323
GOBP_RESPONSE_TO_MURAMYL_DIPEPTIDE,4,-0.87290110688401,-0.129270176976218,0.5,0.382716982920022,0.579420683638693
REACTOME_PTEN_REGULATION,4,-0.872065570542198,-0.0880372719649838,0.75,0.383172607370381,0.579939963359815
GOBP_REGULATION_OF_CARDIAC_MUSCLE_CONTRACTION_BY_REGULATION_OF_THE_RELEASE_OF_SEQUESTERED_CALCIUM_ION,4,-0.871282857710416,-0.0374730437863709,0.75,0.383599728029929,0.580415809469911
GOBP_REGULATION_OF_CHROMOSOME_SEGREGATION,4,0.870964353576353,-0.0198695165557322,0.5,0.383773616815748,0.580508329313832
KEGG_HUNTINGTONS_DISEASE,4,0.870480304808898,0.00331682360583942,0.5,0.384037977822422,0.580737605817225
REACTOME_INLB_MEDIATED_ENTRY_OF_LISTERIA_MONOCYTOGENES_INTO_HOST_CELL,3,-0.869875733117106,-0.0409342739432868,0.333333333333333,0.38436831834571,0.581032392364722
GOBP_RESPONSE_TO_TOPOLOGICALLY_INCORRECT_PROTEIN,4,-0.869510572367341,-0.0843204839962919,0.75,0.384567927898616,0.581032392364722
GOBP_SYNAPTIC_TRANSMISSION_GABAERGIC,4,0.869504131183551,0.0279834825107813,0.5,0.384571449442411,0.581032392364722
GOBP_POSITIVE_REGULATION_OF_STEM_CELL_PROLIFERATION,4,0.869184138031673,-0.0489689668661694,0.5,0.384746421909269,0.581126232446708
REACTOME_SIGNALING_BY_MODERATE_KINASE_ACTIVITY_BRAF_MUTANTS,4,0.868437790604882,-0.0155753788159873,0.5,0.385154714318564,0.581572323761375
GOBP_LONG_CHAIN_FATTY_ACID_METABOLIC_PROCESS,4,0.868097772167591,0.0549188955736458,0.75,0.385340810569783,0.581682742194024
GOBP_SPERM_MOTILITY,4,-0.867473712193222,-0.0343728592589039,0.5,0.385682509173458,0.582027913169441
GOBP_NEUROBLAST_PROLIFERATION,4,-0.867005115284681,0.00545321478463717,0.5,0.385939206962168,0.58224464595611
GOBP_REGULATION_OF_GLUTAMATE_SECRETION,4,-0.864957998966692,0.0165108706607691,0.5,0.387061842077899,0.583657541747588
GOBP_MONOSACCHARIDE_BIOSYNTHETIC_PROCESS,4,-0.864884022208753,-0.0824214567138624,0.75,0.387102448061374,0.583657541747588
GOBP_REGULATION_OF_ANION_TRANSPORT,4,-0.86453638600665,-0.0192712312761359,0.75,0.387293301026263,0.583774358016461
GOBP_REGULATION_OF_MUSCLE_HYPERTROPHY,4,0.863415873078354,0.0484785763314739,0.75,0.387908855280918,0.584531078677626
GOBP_PROTEIN_DEMANNOSYLATION,2,-0.863019492268128,-0.0792318249302821,1,0.388126749923053,0.584688307593271
GOBP_RESPONSE_TO_GROWTH_HORMONE,4,-0.862248858856204,-0.0637511675538197,0.75,0.388550588458541,0.585155595195386
GOBP_POSITIVE_REGULATION_OF_EMBRYONIC_DEVELOPMENT,3,0.861676054456583,0.0349590679206194,1,0.388865806092594,0.585430327130747
REACTOME_AMINE_LIGAND_BINDING_RECEPTORS,4,-0.861504198811806,-0.0297870299561753,0.75,0.388960409616291,0.585430327130747
GOBP_RETINA_HOMEOSTASIS,4,-0.860567234038243,-0.017736320550554,0.5,0.389476438671288,0.586035705060919
GOBP_UNSATURATED_FATTY_ACID_METABOLIC_PROCESS,4,0.859809659948721,0.0645498979378801,0.75,0.389893973473545,0.586492570673469
HALLMARK_KRAS_SIGNALING_DN,4,-0.858952876097334,-0.00945598887117302,0.75,0.390366515283083,0.586863538138651
GOBP_CONNECTIVE_TISSUE_DEVELOPMENT,4,0.858949204367386,0.010689377055121,0.75,0.39036854110019,0.586863538138651
REACTOME_HIV_TRANSCRIPTION_INITIATION,4,-0.857457281605625,-0.08376688919247,0.75,0.391192213790871,0.58793015435178
GOBP_NEUROTRANSMITTER_REUPTAKE,4,0.85723370018224,0.0314383364765278,0.75,0.391315741273112,0.587944193701563
GOBP_RESPONSE_TO_BMP,4,0.856959589042318,0.00202957398696152,0.5,0.391467218449353,0.58800020647483
REACTOME_SIGNALING_BY_HEDGEHOG,4,-0.856497175835746,-0.00539109809367726,0.5,0.391722834307197,0.588212561635392
GOBP_PROTEIN_AUTOPHOSPHORYLATION,4,-0.855731364390261,-0.0472885984047869,0.75,0.392146387370714,0.588676894627349
REACTOME_KERATINIZATION,4,0.855148302226404,0.0182474051901147,0.75,0.392469052101048,0.588745251645345
GOBP_PANCREAS_DEVELOPMENT,4,-0.855141425145406,-0.0640681323742061,0.75,0.392472858815874,0.588745251645345
REACTOME_ANTI_INFLAMMATORY_RESPONSE_FAVOURING_LEISHMANIA_PARASITE_INFECTION,4,0.85502926207699,0.00050941355755185,0.5,0.392534948319765,0.588745251645345
GOBP_MATERNAL_PLACENTA_DEVELOPMENT,4,0.854125252754056,-0.0353770054305699,0.25,0.393035593269679,0.589324481579959
GOBP_POSITIVE_REGULATION_OF_PEPTIDE_SECRETION,4,0.853667568218368,0.00692509726950349,0.75,0.393289208750553,0.589373645232232
GOBP_INTERSTRAND_CROSS_LINK_REPAIR,4,0.853652952792267,0.0541464038864204,0.75,0.393297309189736,0.589373645232232
REACTOME_TP53_REGULATES_METABOLIC_GENES,4,-0.853339618647586,-0.0636530055583156,0.75,0.393470995501696,0.589462367133614
GOBP_REGULATION_OF_SYSTEMIC_ARTERIAL_BLOOD_PRESSURE,4,0.852477861990915,-0.00740243103158841,0.5,0.393948921023979,0.589937405563257
REACTOME_POSITIVE_EPIGENETIC_REGULATION_OF_RRNA_EXPRESSION,4,-0.852354737313423,-0.0383303276089608,0.75,0.394017233973984,0.589937405563257
GOBP_ANIMAL_ORGAN_REGENERATION,4,-0.850790995750007,-0.0687163395419105,0.5,0.394885464369895,0.591065481407148
GOBP_MYELOID_LEUKOCYTE_MIGRATION,4,0.849640396289677,0.0763497379104692,0.75,0.395525045592554,0.591850758429544
GOBP_LABYRINTHINE_LAYER_DEVELOPMENT,4,-0.848792967244291,-0.0132581400512299,0.75,0.395996504179762,0.592384079030097
GOBP_NEUROTRANSMITTER_RECEPTOR_INTERNALIZATION,4,-0.848066816058845,0.00457209308887607,0.75,0.396400760946875,0.592751087972237
REACTOME_B_WICH_COMPLEX_POSITIVELY_REGULATES_RRNA_EXPRESSION,4,-0.847938752275689,-0.0501359150030219,1,0.396472081370438,0.592751087972237
GOBP_NEGATIVE_REGULATION_OF_MITOTIC_CELL_CYCLE_PHASE_TRANSITION,4,-0.847645695238105,-0.0507010828417966,0.75,0.396635317871602,0.592823004853666
GOBP_AMYLOID_BETA_METABOLIC_PROCESS,4,0.847298259529372,0.025683612503511,0.75,0.396828896524878,0.592940217123215
GOBP_POSITIVE_REGULATION_OF_AMINE_TRANSPORT,4,-0.84689183931017,-0.0278590721026075,0.5,0.397055411550506,0.593106560508719
GOBP_MAINTENANCE_OF_PROTEIN_LOCATION,4,0.846542639022898,-0.011952989074658,0.5,0.397250097793219,0.593225276547937
GOBP_NEGATIVE_REGULATION_OF_JUN_KINASE_ACTIVITY,2,-0.846020833380937,-0.0114909940698059,0.5,0.397541122288765,0.593487746785982
GOBP_POSITIVE_REGULATION_OF_SODIUM_ION_TRANSMEMBRANE_TRANSPORTER_ACTIVITY,3,-0.845464168191991,-0.0903621988409724,0.333333333333333,0.39785173052173,0.593724546131043
GOBP_N_TERMINAL_PROTEIN_AMINO_ACID_ACETYLATION,2,-0.845323296935502,-0.0577339577705807,1,0.397930357098122,0.593724546131043
GOBP_POSITIVE_REGULATION_OF_CELL_MIGRATION_INVOLVED_IN_SPROUTING_ANGIOGENESIS,4,0.844884399727735,-0.0967857610494902,0.25,0.39817538537571,0.593854053536292
GOBP_ORGAN_GROWTH,4,-0.844706114449231,-0.0501373202493931,0.75,0.398274944739709,0.593854053536292
GOBP_FATTY_ACID_DERIVATIVE_METABOLIC_PROCESS,4,0.844517810120222,0.0657300093308786,0.75,0.398380115297147,0.593854053536292
GOBP_POSITIVE_REGULATION_OF_ESTABLISHMENT_OF_PROTEIN_LOCALIZATION_TO_MITOCHONDRION,4,-0.844341697178705,-0.080696659670815,0.75,0.398478491933946,0.593854053536292
GOBP_REGULATION_OF_DOUBLE_STRAND_BREAK_REPAIR,4,-0.842993552220723,-0.0383906699961238,0.75,0.399232049879016,0.594804926165235
GOBP_REGULATION_OF_GRANULOCYTE_DIFFERENTIATION,3,-0.842640163915619,-0.102314970552992,0.666666666666667,0.399429721264875,0.594927288051155
REACTOME_SENSORY_PERCEPTION_OF_TASTE,4,0.841266924798973,0.0497135358499479,0.75,0.400198415507055,0.595745473358848
GOBP_THIOESTER_BIOSYNTHETIC_PROCESS,4,-0.841245443408728,0.0243813755650942,0.25,0.400210447144738,0.595745473358848
REACTOME_REGULATION_OF_RUNX3_EXPRESSION_AND_ACTIVITY,4,0.840752656972619,0.0116645580299899,0.5,0.400486514487341,0.595984122281883
REACTOME_TP53_REGULATES_TRANSCRIPTION_OF_GENES_INVOLVED_IN_G2_CELL_CYCLE_ARREST,4,0.840538744830677,-0.013291148650651,0.25,0.400606387317074,0.595990259547996
GOBP_CELLULAR_SENESCENCE,4,-0.839774055311058,-0.0785415880308586,0.75,0.401035082932795,0.596373057239464
GOBP_POSITIVE_T_CELL_SELECTION,4,-0.839462692069676,-0.056349337168927,0.75,0.401209716407763,0.596373057239464
GOBP_HAIR_FOLLICLE_MATURATION,3,0.839460115976983,-0.0157498924011083,0.666666666666667,0.401211161444456,0.596373057239464
GOBP_FIBROBLAST_MIGRATION,4,0.838771946367861,-0.0158383962248093,0.25,0.401597296084507,0.596774740992533
GOBP_REGULATION_OF_MITOCHONDRIAL_FISSION,4,-0.837695503378928,-0.040321817072061,1,0.402201739524049,0.597402207366219
REACTOME_CDC42_GTPASE_CYCLE,4,-0.837606763307439,-0.01283941044016,0.5,0.40225159311297,0.597402207366219
GOBP_POSITIVE_REGULATION_OF_VIRAL_PROCESS,4,-0.83678012305358,-0.0160393806495416,0.75,0.402716172200332,0.597617613030598
GOBP_POSITIVE_REGULATION_OF_NECROTIC_CELL_DEATH,1,-0.836756331873565,-0.0792219478305954,1,0.402729547812195,0.597617613030598
KEGG_STARCH_AND_SUCROSE_METABOLISM,4,0.836729154351549,-0.014246046530877,0.5,0.402744827581312,0.597617613030598
REACTOME_INTERLEUKIN_12_FAMILY_SIGNALING,4,0.836208939114176,-0.00565614180680824,0.25,0.403037370402991,0.597879406570153
GOBP_VITAMIN_CATABOLIC_PROCESS,3,-0.834507252576246,-0.0903605672805091,0.666666666666667,0.403995202172051,0.598848442250488
REACTOME_CYCLIN_D_ASSOCIATED_EVENTS_IN_G1,4,-0.834458097431421,-0.139055152519677,0.75,0.404022890459749,0.598848442250488
GOBP_HISTONE_H3_K9_TRIMETHYLATION,3,-0.834428575936132,-0.0487473489039762,1,0.404039519980228,0.598848442250488
GOBP_KERATINIZATION,4,0.834067272994049,-0.0261080789721974,0.5,0.404243075873531,0.59897772594901
GOBP_MULTI_MULTICELLULAR_ORGANISM_PROCESS,4,-0.83376259779163,0.00868043539556327,0.5,0.404414775722027,0.599059746890885
REACTOME_DOWNSTREAM_SIGNALING_EVENTS_OF_B_CELL_RECEPTOR_BCR,4,0.832217989402268,-0.00569839592505643,0.5,0.40528591153283,0.60006363053784
GOBP_ACTOMYOSIN_STRUCTURE_ORGANIZATION,4,0.8321477365578,-0.0064380085255757,0.75,0.405325559722394,0.60006363053784
GOBP_ACIDIC_AMINO_ACID_TRANSPORT,4,0.831585854801032,0.0422181428121498,0.75,0.405642749065038,0.600250949855803
GOBP_REGULATION_OF_NEURON_PROJECTION_REGENERATION,4,0.831510602988067,0.0309129222490672,0.5,0.405685240920216,0.600250949855803
REACTOME_PURINERGIC_SIGNALING_IN_LEISHMANIASIS_INFECTION,4,0.831100857881875,0.0580763005552522,0.75,0.405916655150796,0.600337298722731
REACTOME_P130CAS_LINKAGE_TO_MAPK_SIGNALING_FOR_INTEGRINS,3,0.830994411195761,0.0148131392376604,0.666666666666667,0.405976786590124,0.600337298722731
GOBP_NEGATIVE_REGULATION_OF_NEURON_DIFFERENTIATION,4,0.830600924148133,0.0380488976549846,0.5,0.406199112510389,0.600337511972716
GOBP_RECEPTOR_INTERNALIZATION,4,-0.830581451265937,-0.0153653126481817,0.75,0.406210116860155,0.600337511972716
GOBP_REGULATION_OF_PROTEASOMAL_PROTEIN_CATABOLIC_PROCESS,4,-0.83002540756296,-0.0833889498556179,0.75,0.406524418651903,0.600622895162497
GOBP_REGULATION_OF_CELL_GROWTH_INVOLVED_IN_CARDIAC_MUSCLE_CELL_DEVELOPMENT,2,0.829827156666822,0.0574746776866999,1,0.406636514378804,0.600622895162497
GOBP_NEGATIVE_REGULATION_OF_PEPTIDE_SECRETION,4,-0.828229897962735,-0.0114674970479715,0.5,0.407540314827518,0.601785225422107
GOBP_POSITIVE_REGULATION_OF_CHROMOSOME_ORGANIZATION,4,-0.827776995901287,-0.037158573734425,0.75,0.407796804831447,0.601991326856973
GOBP_CARDIAC_CHAMBER_MORPHOGENESIS,4,0.826861190231553,0.00915891283356303,0.75,0.408315742816473,0.602584625899117
GOBP_POSITIVE_REGULATION_OF_PEPTIDYL_TYROSINE_PHOSPHORYLATION,4,-0.82502919336576,-0.00945705224048993,0.5,0.409355016853847,0.603945266985805
GOBP_REGULATION_OF_CHROMOSOME_SEPARATION,4,0.824219659578263,-0.0209112112781107,0.5,0.409814758377853,0.604450355453327
GOBP_POSITIVE_REGULATION_OF_PHOSPHOLIPASE_ACTIVITY,4,-0.82338765892145,0.0277550960243663,0.5,0.410287578788009,0.604838868862092
GOBP_ACTIVATION_OF_PHOSPHOLIPASE_C_ACTIVITY,4,-0.823342760795135,0.0223119799220916,0.25,0.410313103308465,0.604838868862092
GOBP_INTRA_GOLGI_VESICLE_MEDIATED_TRANSPORT,4,0.823134445591221,0.0383180887495821,0.75,0.410431542548167,0.604840301253724
KEGG_ENDOCYTOSIS,4,-0.822548668072503,-0.0569603329696002,0.75,0.410764699793093,0.605158065589309
GOBP_BONE_REMODELING,4,0.82116783555635,0.0329381041975127,0.5,0.411550674802568,0.605809398323653
GOBP_BODY_MORPHOGENESIS,4,-0.820983449075693,-0.0374483251270221,0.75,0.411655695771552,0.605809398323653
REACTOME_SIGNALING_BY_NOTCH4,4,0.820845810689668,0.0197112452466513,0.75,0.411734100801838,0.605809398323653
REACTOME_LISTERIA_MONOCYTOGENES_ENTRY_INTO_HOST_CELLS,4,-0.820770306389936,-0.0636112549050937,0.5,0.411777115217933,0.605809398323653
GOBP_SENSORY_ORGAN_MORPHOGENESIS,4,-0.820440944008738,-0.0259805372066302,1,0.411964782469663,0.605809398323653
GOBP_NEGATIVE_REGULATION_OF_NEURON_DEATH,4,0.820341733728253,0.00334811797810381,0.75,0.412021321393341,0.605809398323653
GOBP_POSITIVE_REGULATION_OF_STRIATED_MUSCLE_CELL_APOPTOTIC_PROCESS,1,-0.820227139597347,-0.0490840727756455,1,0.412086633143279,0.605809398323653
GOBP_MACROPHAGE_ACTIVATION_INVOLVED_IN_IMMUNE_RESPONSE,3,0.82010359270025,0.022686506028206,0.333333333333333,0.412157054307829,0.605809398323653
HALLMARK_PANCREAS_BETA_CELLS,4,0.819912994785967,-0.00256176070123863,0.5,0.412265708239674,0.605809398323653
GOBP_METANEPHRIC_EPITHELIUM_DEVELOPMENT,4,0.819308902074295,0.00570286555855067,0.5,0.412610194866726,0.606142622929749
GOBP_PROTEIN_LOCALIZATION_TO_MICROTUBULE,3,-0.818470948529039,-0.020679915356143,0.666666666666667,0.413088324046487,0.606671928270211
GOBP_NEGATIVE_REGULATION_OF_CARTILAGE_DEVELOPMENT,4,0.818089480659686,0.0122906069833291,0.75,0.413306095038625,0.606818672185309
GOBP_MESODERM_MORPHOGENESIS,4,-0.817589346207162,-0.017111970235271,0.5,0.413591712954211,0.607064917332164
GOBP_LATE_ENDOSOME_TO_LYSOSOME_TRANSPORT,3,-0.817256895006607,-0.0674441121916031,0.666666666666667,0.413781634572335,0.607170600288673
REACTOME_ACETYLCHOLINE_NEUROTRANSMITTER_RELEASE_CYCLE,4,-0.816336124743107,-0.0733598194854229,0.75,0.414307918539719,0.607769650302282
REACTOME_REGULATION_OF_KIT_SIGNALING,4,-0.81594076231629,-0.0769381365378657,0.75,0.414534016994751,0.607880546309305
GOBP_REGULATION_OF_TUMOR_NECROSIS_FACTOR_MEDIATED_SIGNALING_PATHWAY,4,-0.815791088898228,-0.016619991900487,0.75,0.414619630731847,0.607880546309305
GOBP_MITOTIC_NUCLEAR_DIVISION,4,0.815239224645022,-0.0208079158854855,0.5,0.414935389413304,0.608170315994621
GOBP_POSITIVE_REGULATION_OF_HOMOTYPIC_CELL_CELL_ADHESION,2,0.814496569232654,0.0750969593976695,1,0.415360536822207,0.608620206060769
GOBP_RETINAL_METABOLIC_PROCESS,3,0.813832158686277,0.0721341201876867,0.666666666666667,0.415741109470104,0.608913063743353
GOBP_DETECTION_OF_MECHANICAL_STIMULUS_INVOLVED_IN_SENSORY_PERCEPTION,4,0.813542213807336,0.0230389118195591,0.5,0.415907253665777,0.608913063743353
GOBP_CHAPERONE_MEDIATED_PROTEIN_COMPLEX_ASSEMBLY,4,0.813528388591078,0.00710449510608133,0.5,0.415915176769348,0.608913063743353
GOBP_PLASMA_MEMBRANE_FUSION,3,-0.813036998684711,0.0352239731377657,0.333333333333333,0.416196845648426,0.609129108799626
GOBP_MIDBODY_ABSCISSION,3,0.812858228342353,0.0204449481705434,0.666666666666667,0.416299346254784,0.609129108799626
GOBP_POSITIVE_CHEMOTAXIS,4,0.812035678797822,0.0466567142858455,0.75,0.416771159069968,0.609484431945523
GOBP_NEGATIVE_REGULATION_OF_LEUKOCYTE_PROLIFERATION,4,-0.811906683144154,0.0141534987600881,0.5,0.416845179324012,0.609484431945523
GOBP_NEGATIVE_REGULATION_OF_T_CELL_DIFFERENTIATION,4,-0.811815869761919,-0.0373224588236274,0.5,0.416897294486722,0.609484431945523
GOBP_NEGATIVE_REGULATION_OF_GLIOGENESIS,4,-0.81130868544855,-0.0401998456273263,0.75,0.417188423482446,0.609685203595271
GOBP_CELLULAR_RESPONSE_TO_BIOTIC_STIMULUS,4,-0.810886172293295,-0.0208845647605057,0.5,0.417431041850813,0.609685203595271
GOBP_NEURON_FATE_SPECIFICATION,4,0.810881742687359,0.0837145719136697,0.5,0.417433585889563,0.609685203595271
GOBP_FERTILIZATION,4,0.810570463812381,0.0172318207694893,0.75,0.417612384385947,0.609685203595271
GOBP_REGULATION_OF_HEART_CONTRACTION,4,0.810545600324294,0.022347424650143,0.75,0.417626667912317,0.609685203595271
GOBP_DECIDUALIZATION,4,-0.809874112688253,-0.094507969412041,0.5,0.418012531627812,0.609951643848217
GOBP_TELOMERE_CAPPING,4,-0.809373786028694,-0.0541301257853143,0.75,0.418300175850416,0.609951643848217
GOBP_POSITIVE_REGULATION_OF_PROTEIN_CONTAINING_COMPLEX_ASSEMBLY,4,-0.809234124832133,-0.0209268380276771,0.5,0.418380489666821,0.609951643848217
GOBP_ASPARTATE_FAMILY_AMINO_ACID_METABOLIC_PROCESS,4,-0.809184883574728,-0.0469097539638528,0.5,0.418408808596484,0.609951643848217
GOBP_PROTEIN_LOCALIZATION_TO_CHROMOSOME_TELOMERIC_REGION,4,-0.808998725474636,-0.0430933123024483,1,0.418515879384497,0.609951643848217
GOBP_RESPONSE_TO_THYROID_HORMONE,4,0.808991670562758,0.0173238485090085,0.5,0.41851993740838,0.609951643848217
GOBP_REGULATION_OF_CELL_MATURATION,4,0.808649257176769,0.01739385651048,0.75,0.418716923300462,0.610066054916265
REACTOME_VISUAL_PHOTOTRANSDUCTION,4,0.807850887107175,0.058863804328899,0.75,0.419176426904382,0.61056277853767
GOBP_POSITIVE_REGULATION_OF_I_KAPPAB_KINASE_NF_KAPPAB_SIGNALING,4,0.806151627823193,0.0145789954405388,0.5,0.420155426089736,0.611815692572412
GOBP_REGULATION_OF_BICELLULAR_TIGHT_JUNCTION_ASSEMBLY,4,-0.805932838580666,-0.0656706407984011,0.75,0.420281575311932,0.611826358858111
GOBP_NEGATIVE_REGULATION_OF_OXIDATIVE_STRESS_INDUCED_CELL_DEATH,4,0.805162746406428,-0.0209313623704532,0.25,0.420725771011524,0.612299885511118
GOBP_REGULATION_OF_PHAGOCYTOSIS,4,0.804795202330714,0.0363059967517895,0.75,0.420937870683743,0.612435460907204
GOBP_ENDOTHELIAL_CELL_PROLIFERATION,4,-0.80267141483007,-0.0134221139340551,0.75,0.422164679103916,0.614046873645781
REACTOME_TRNA_PROCESSING,4,-0.802284454313589,-0.0376106186116024,0.75,0.42238843280331,0.61406153887086
GOBP_ADHESION_OF_SYMBIONT_TO_HOST,1,0.80224149358589,0.104020938957278,1,0.422413278438646,0.61406153887086
GOBP_POSITIVE_REGULATION_OF_INTERLEUKIN_1_BETA_PRODUCTION,4,0.801883262927213,0.0263761228628663,1,0.422620488629545,0.614189358157924
GOBP_EXTRACELLULAR_VESICLE_BIOGENESIS,4,-0.800874856293142,-0.0644567526540705,0.75,0.423204097611835,0.614863966874531
HALLMARK_MYC_TARGETS_V2,4,-0.800276350777132,-0.0805457617168046,0.75,0.423550701894996,0.61511112536805
KEGG_ALANINE_ASPARTATE_AND_GLUTAMATE_METABOLISM,4,-0.800168567516036,-0.0269186051964,0.5,0.423613138581299,0.61511112536805
GOBP_CARDIAC_MUSCLE_TISSUE_DEVELOPMENT,4,0.799884856676124,0.0058832297127974,0.5,0.423777512335889,0.615176321121368
GOBP_REGULATION_OF_CELLULAR_RESPONSE_TO_TRANSFORMING_GROWTH_FACTOR_BETA_STIMULUS,4,0.799579602824701,0.000409430937896813,0.5,0.423954409143815,0.615259654081596
GOBP_FUSION_OF_SPERM_TO_EGG_PLASMA_MEMBRANE_INVOLVED_IN_SINGLE_FERTILIZATION,3,-0.797542796995749,0.0278561665445159,0.333333333333333,0.42513585784741,0.616800375332859
GOBP_CRANIAL_SKELETAL_SYSTEM_DEVELOPMENT,4,0.797302909009827,0.0211394572517324,0.75,0.425275131278681,0.616828634071529
KEGG_BASAL_TRANSCRIPTION_FACTORS,4,-0.79617870252392,-0.0848864974563981,0.75,0.42592817454983,0.617506254177135
GOBP_REGULATION_OF_LEUKOCYTE_TETHERING_OR_ROLLING,4,0.796085787832996,0.106852404837619,0.75,0.425982174176963,0.617506254177135
GOBP_REGULATION_OF_ESTABLISHMENT_OF_PLANAR_POLARITY,4,0.795446451988606,0.0386363331129908,0.5,0.426353848009979,0.61787108454922
REACTOME_GLYCOLYSIS,4,-0.793923668906666,-0.0946945711669852,0.75,0.427239869631397,0.618980891595966
GOBP_IMP_METABOLIC_PROCESS,4,-0.792885979134365,-0.0955222902698437,0.75,0.427844256903702,0.619157694140047
GOBP_NEGATIVE_REGULATION_OF_CALCIUM_ION_TRANSPORT,4,-0.792847402944833,-0.0409435402459486,0.75,0.427866734634732,0.619157694140047
GOBP_POSITIVE_REGULATION_OF_VASCULAR_ASSOCIATED_SMOOTH_MUSCLE_CELL_MIGRATION,1,0.792838848700072,0.0689820719923458,1,0.427871719149994,0.619157694140047
GOBP_STEROID_BIOSYNTHETIC_PROCESS,4,0.792819203050991,0.000524676145750837,0.5,0.427883166698562,0.619157694140047
GOBP_AMINE_BIOSYNTHETIC_PROCESS,4,0.792681957307092,-0.0329415144009184,0.5,0.427963144968814,0.619157694140047
REACTOME_TRANSPORT_OF_INORGANIC_CATIONS_ANIONS_AND_AMINO_ACIDS_OLIGOPEPTIDES,4,0.792228384168622,-0.00130028119923156,0.5,0.428227521033632,0.619366153315217
REACTOME_E2F_MEDIATED_REGULATION_OF_DNA_REPLICATION,4,-0.791768509437806,-0.111270466897129,0.75,0.428495667139279,0.619579946672325
GOBP_REGULATION_OF_CARDIAC_MUSCLE_CONTRACTION_BY_CALCIUM_ION_SIGNALING,4,0.791260888650122,0.0173929114490043,0.5,0.428791766646783,0.619834027642978
GOBP_CELL_CYCLE_G2_M_PHASE_TRANSITION,4,-0.790817449802046,-0.0696389953556275,0.5,0.429050525631643,0.619896812234335
REACTOME_DOWNREGULATION_OF_ERBB2_SIGNALING,4,-0.790773830783025,-0.12280072030408,0.75,0.429075983453713,0.619896812234335
GOBP_LIPOPROTEIN_BIOSYNTHETIC_PROCESS,4,-0.790464044490735,-0.0470880500312494,0.75,0.429256812515248,0.619918391704399
REACTOME_NEPHRIN_FAMILY_INTERACTIONS,4,-0.790335753164514,-0.0750213582681214,0.75,0.429331711947541,0.619918391704399
GOBP_NEGATIVE_REGULATION_OF_BONE_MINERALIZATION,4,0.789749993570028,-0.0361288093608788,0.5,0.429673788390048,0.620238389801053
GOBP_INNATE_IMMUNE_RESPONSE_ACTIVATING_SIGNAL_TRANSDUCTION,4,0.788879207935744,0.017192190377573,0.75,0.430182609091513,0.620798838063958
GOBP_PHOSPHATE_ION_TRANSPORT,4,0.788308914649474,0.018223845378664,0.5,0.430516034477881,0.621105929259347
GOBP_REGULATION_OF_INFLAMMATORY_RESPONSE_TO_ANTIGENIC_STIMULUS,4,-0.788006993243872,-0.0315858916191632,0.75,0.430692615338077,0.621163410026176
GOBP_REGULATION_OF_PLASMA_LIPOPROTEIN_PARTICLE_LEVELS,4,-0.7878282877458,0.0140158565346905,0.5,0.430797152302092,0.621163410026176
GOBP_DNA_LIGATION,3,-0.787424045247905,-0.0340408958053295,1,0.431033675453729,0.621196452288881
GOBP_REGULATION_OF_ACTIN_FILAMENT_BUNDLE_ASSEMBLY,4,0.787336741469766,0.018204235278497,0.5,0.431084766969159,0.621196452288881
REACTOME_VXPX_CARGO_TARGETING_TO_CILIUM,3,0.787170608089891,0.00415340438130529,0.666666666666667,0.431182000481736,0.621196452288881
GOBP_RESPONSE_TO_HEPATOCYTE_GROWTH_FACTOR,4,-0.786503625088392,0.0422473734056732,0.75,0.431572496150169,0.621436170662264
GOBP_PROTEIN_LIPID_COMPLEX_SUBUNIT_ORGANIZATION,4,-0.78647412189149,0.00638581095508926,0.75,0.43158977399267,0.621436170662264
GOBP_RESPONSE_TO_MECHANICAL_STIMULUS,4,-0.786236073849956,-0.0620772928215076,0.75,0.431729195808614,0.621463133692635
REACTOME_SIGNALING_BY_VEGF,4,0.784923956515048,-0.0474574724755835,0.25,0.432498155104874,0.622396031479875
GOBP_NUCLEOSOME_MOBILIZATION,4,-0.783560141583569,-0.0561221297390817,0.75,0.433298251304712,0.62337320367923
GOBP_GASTRULATION,4,0.782720333197811,0.00459466548788183,0.5,0.433791359234156,0.623908298518623
REACTOME_ERBB2_REGULATES_CELL_MOTILITY,3,-0.782209006968505,-0.0638501508747899,0.666666666666667,0.434091752037649,0.624131848490738
KEGG_LINOLEIC_ACID_METABOLISM,4,-0.782043145849523,-0.00078976380183275,0.5,0.434189217575029,0.624131848490738
GOBP_DENDRITIC_CELL_DIFFERENTIATION,4,-0.78129623047924,0.0184555334066348,0.25,0.434628286661707,0.624588626296716
REACTOME_REGULATION_OF_PTEN_STABILITY_AND_ACTIVITY,4,0.780504574269153,-0.0262760049487578,0.5,0.435093936130115,0.625083336253896
GOBP_CELLULAR_RESPONSE_TO_PEPTIDE_HORMONE_STIMULUS,4,-0.778581904882032,-0.0548247515867461,0.75,0.43622604175315,0.626534976007523
KEGG_SYSTEMIC_LUPUS_ERYTHEMATOSUS,4,0.777488729311991,0.112945957071432,0.5,0.436870481453073,0.627285585332369
GOBP_REGULATION_OF_PHOSPHOLIPID_METABOLIC_PROCESS,4,-0.776969805388163,-0.0370045074205458,0.5,0.437176584948801,0.627550107583322
GOBP_POSITIVE_REGULATION_OF_LEUKOCYTE_MIGRATION,4,0.776555976392826,0.0824472685034668,0.75,0.437420783391365,0.627713920811718
GOBP_ACYLGLYCEROL_HOMEOSTASIS,4,-0.776363272895797,-0.0341570183135092,0.75,0.437534523556662,0.627713920811718
GOBP_RESPONSE_TO_TEMPERATURE_STIMULUS,4,-0.77542300419181,-0.0344827915749284,0.5,0.438089746227053,0.628335404825375
KEGG_CYTOKINE_CYTOKINE_RECEPTOR_INTERACTION,4,0.774930059858142,0.0426706538710201,0.75,0.438380988527888,0.62852281512606
REACTOME_THE_PHOTOTRANSDUCTION_CASCADE,4,0.774788667289578,0.0595503936695732,0.5,0.438464546889262,0.62852281512606
GOBP_REGULATION_OF_LEUKOCYTE_MIGRATION,4,0.773274125064473,0.0716494801835937,0.75,0.439360165637786,0.629631364561359
GOBP_ASTROCYTE_ACTIVATION,4,0.77229358701736,0.0558527126659594,0.5,0.439940562802423,0.630061106043569
GOBP_NEGATIVE_REGULATION_OF_INTERLEUKIN_1_PRODUCTION,4,0.772158695157311,0.124670576686193,0.75,0.440020441999855,0.630061106043569
GOBP_REGULATION_OF_PROTEIN_LOCALIZATION_TO_NUCLEUS,4,-0.772147387035334,-0.0767374260170914,0.75,0.440027138732312,0.630061106043569
GOBP_EATING_BEHAVIOR,4,0.771506089859941,0.0942896949027515,0.5,0.440407014147798,0.630341009588204
GOBP_CATECHOL_CONTAINING_COMPOUND_METABOLIC_PROCESS,4,0.771404075471788,-0.0122706177091302,0.75,0.440467460186125,0.630341009588204
GOBP_CELLULAR_EXTRAVASATION,4,0.770874707512374,0.099428798594991,0.75,0.440781200126561,0.630495104771349
GOBP_INTERLEUKIN_6_PRODUCTION,4,-0.770809191572259,0.0103592006815954,0.5,0.440820038294204,0.630495104771349
GOBP_CHEMOKINE_C_X_C_MOTIF_LIGAND_2_PRODUCTION,3,-0.770213771062481,0.0343255329972163,0.666666666666667,0.441173096370321,0.630746698912825
REACTOME_RIPK1_MEDIATED_REGULATED_NECROSIS,4,0.770099383265863,-0.0596002769671575,0.25,0.441240941830257,0.630746698912825
GOBP_PROTEIN_TRIMERIZATION,3,0.769663868750797,0.0232332719770096,0.333333333333333,0.441499308017882,0.630940865107986
REACTOME_OTHER_SEMAPHORIN_INTERACTIONS,4,0.769311916714965,0.0908771116276766,0.5,0.441708164586369,0.630972133625293
GOBP_GLUTATHIONE_METABOLIC_PROCESS,4,0.76921401232412,0.0474225908510188,0.75,0.441766273396617,0.630972133625293
GOBP_REGULATION_OF_PEPTIDYL_SERINE_PHOSPHORYLATION,4,-0.768783250774406,-0.0151940109328189,0.5,0.442021993598308,0.631060301875547
GOBP_REGULATION_OF_CYSTEINE_TYPE_ENDOPEPTIDASE_ACTIVITY_INVOLVED_IN_APOPTOTIC_SIGNALING_PATHWAY,4,0.768697140713898,0.0169644950303691,0.75,0.44207312271608,0.631060301875547
REACTOME_SYNTHESIS_OF_BILE_ACIDS_AND_BILE_SALTS_VIA_27_HYDROXYCHOLESTEROL,2,0.767876358772,0.0698480853912975,0.5,0.442560643949149,0.631212906480016
GOBP_REGULATION_OF_T_CELL_CHEMOTAXIS,4,-0.76773947692508,0.0106280251160205,0.5,0.442641977797611,0.631212906480016
REACTOME_MITOTIC_G2_G2_M_PHASES,4,0.767730955711891,-0.0392308084480981,0.5,0.442647041301389,0.631212906480016
GOBP_NEGATIVE_REGULATION_OF_CHEMOKINE_PRODUCTION,4,-0.767691674356871,0.0191954103425576,0.5,0.44267038362776,0.631212906480016
GOBP_ACTIVATION_OF_PROTEIN_KINASE_ACTIVITY,4,-0.765949076844246,-0.0325874223527743,1,0.443706602796635,0.632515309468403
GOBP_RESPONSE_TO_STEROL_DEPLETION,4,-0.76569830336814,-0.0686664960372691,0.5,0.443855836824433,0.632552921065321
GOBP_T_CELL_CHEMOTAXIS,4,-0.7646376597335,0.0270133160208038,0.5,0.444487337374763,0.633277614870685
GOBP_REGULATION_OF_RESPONSE_TO_CYTOKINE_STIMULUS,4,-0.763432205870477,-0.0170490577618141,0.75,0.445205679072299,0.634125599320406
GOBP_POSITIVE_REGULATION_OF_DNA_BINDING,4,0.762299086386578,0.00748798844215824,0.75,0.445881519058637,0.634791572184762
GOBP_NUCLEOSIDE_PHOSPHATE_CATABOLIC_PROCESS,4,0.76219589616982,-0.00531486118892307,0.75,0.445943095052089,0.634791572184762
GOBP_POSITIVE_REGULATION_OF_ACTIN_FILAMENT_POLYMERIZATION,4,-0.762028327744461,-0.0251641514573818,0.5,0.446043097332389,0.634791572184762
GOBP_AMMONIUM_ION_METABOLIC_PROCESS,4,-0.761076749533353,-0.0307631853111592,0.5,0.446611226828023,0.63533591625583
GOBP_PROTEIN_KINASE_C_ACTIVATING_G_PROTEIN_COUPLED_RECEPTOR_SIGNALING_PATHWAY,4,-0.760974385257734,-0.0604194690239477,0.75,0.446672366837464,0.63533591625583
GOBP_PHOSPHOLIPID_HOMEOSTASIS,2,-0.759649420448428,-0.0124292257673808,0.5,0.447464169898619,0.636286387961334
GOBP_LEARNING,4,0.759413553663046,0.00796397994402425,0.75,0.447605208240747,0.636311214034126
GOBP_ENDOPLASMIC_RETICULUM_TUBULAR_NETWORK_ORGANIZATION,2,0.758839614986665,0.0619151117847588,1,0.447948504777073,0.636623475323531
GOBP_ATP_BIOSYNTHETIC_PROCESS,4,-0.758473834505485,-0.0617280860830401,0.75,0.448167371288532,0.636694397117519
GOBP_AMP_METABOLIC_PROCESS,4,0.758342926324517,-0.0149665817151733,0.25,0.448245715585746,0.636694397117519
GOBP_PURINE_NUCLEOSIDE_MONOPHOSPHATE_BIOSYNTHETIC_PROCESS,4,-0.757431721029648,-0.0768383460368679,0.75,0.448791257837805,0.637293487756993
GOBP_REGULATION_OF_NEUROTRANSMITTER_RECEPTOR_ACTIVITY,4,-0.757063527687462,0.0114019231862666,0.75,0.449011803520068,0.63743087298727
GOBP_XENOBIOTIC_METABOLIC_PROCESS,4,-0.756163619181812,0.0135707969269895,0.5,0.449551102268138,0.637982882941888
GOBP_REGULATION_OF_MYELOID_LEUKOCYTE_MEDIATED_IMMUNITY,4,-0.756001239496008,-0.00529039720935164,0.75,0.449648452553138,0.637982882941888
GOBP_PROTEIN_PEPTIDYL_PROLYL_ISOMERIZATION,4,-0.754019073886102,-0.0297178398935983,0.5,0.4508377686079,0.639494124121785
GOBP_NEGATIVE_REGULATION_OF_INTERLEUKIN_1_BETA_PRODUCTION,4,0.75352279968792,0.124294671878318,0.75,0.451135815825789,0.639499951259796
GOBP_SRP_DEPENDENT_COTRANSLATIONAL_PROTEIN_TARGETING_TO_MEMBRANE,3,-0.753463757010656,-0.0720721559462454,0.666666666666667,0.451171282486237,0.639499951259796
REACTOME_NEUROTRANSMITTER_RELEASE_CYCLE,4,0.75339185922365,-0.0237559245499822,0.25,0.451214473281577,0.639499951259796
GOBP_POTASSIUM_ION_EXPORT_ACROSS_PLASMA_MEMBRANE,4,-0.75211556072449,0.0556141628031983,0.5,0.451981566947731,0.640410866321922
REACTOME_NRIF_SIGNALS_CELL_DEATH_FROM_THE_NUCLEUS,4,0.751431098266916,-0.0240408942347532,0.5,0.452393252924376,0.640500808561813
REACTOME_REGULATION_OF_TNFR1_SIGNALING,4,-0.751399397027089,-0.073137207950525,0.75,0.452412325510099,0.640500808561813
GOBP_ERAD_PATHWAY,4,-0.751208232366558,-0.102038418441635,0.75,0.452527346552541,0.640500808561813
GOBP_MYD88_DEPENDENT_TOLL_LIKE_RECEPTOR_SIGNALING_PATHWAY,4,0.751121358079106,0.0138180979663975,0.75,0.452579623028231,0.640500808561813
GOBP_EMBRYONIC_HEART_TUBE_DEVELOPMENT,4,-0.750976146454734,0.0245171230126975,0.75,0.45266701152776,0.640500808561813
GOBP_POSITIVE_REGULATION_OF_LIPASE_ACTIVITY,4,-0.74978956822964,0.0320758427422163,0.75,0.453381452520387,0.641335466765789
GOBP_REGULATION_OF_DEFENSE_RESPONSE_TO_VIRUS,4,-0.749461519485419,-0.00754885109569745,0.75,0.453579083514371,0.641438808298681
GOBP_POSITIVE_REGULATION_OF_MITOCHONDRIAL_FISSION,2,-0.748996843490075,-0.0214265844573038,0.5,0.453859107941393,0.641467470104292
GOBP_NEGATIVE_REGULATION_OF_ACTIN_FILAMENT_BUNDLE_ASSEMBLY,4,0.748823896361783,0.00971258011265362,0.75,0.453963354745764,0.641467470104292
GOBP_CHAPERONE_MEDIATED_PROTEIN_FOLDING,4,0.748807739908683,-0.0625350048375826,0.25,0.453973094010495,0.641467470104292
GOBP_REGULATION_OF_RAC_PROTEIN_SIGNAL_TRANSDUCTION,4,0.74844667458557,0.0397713170369871,0.5,0.454190778384861,0.64156987147131
REACTOME_GLUCONEOGENESIS,4,0.748274228062384,-0.0312613902030666,0.25,0.454294766242842,0.64156987147131
GOBP_POSITIVE_REGULATION_OF_CYCLASE_ACTIVITY,4,-0.747652049336237,-0.0422519094153079,0.5,0.454670060950481,0.641644819917308
GOBP_ICOSANOID_BIOSYNTHETIC_PROCESS,4,0.747430596660482,0.0851366711306797,0.75,0.454803682098862,0.641644819917308
GOBP_ANTERIOR_POSTERIOR_PATTERN_SPECIFICATION,4,-0.747421003567715,-0.0133983176166861,0.5,0.454809470923776,0.641644819917308
GOBP_NEGATIVE_REGULATION_OF_MITOCHONDRION_ORGANIZATION,4,-0.747359974905745,-0.0112424663498547,0.5,0.454846298834371,0.641644819917308
GOBP_HEMOGLOBIN_METABOLIC_PROCESS,4,0.746812869351495,0.0307140101689205,1,0.455176526176881,0.641934794107029
GOBP_ENDOSOME_TRANSPORT_VIA_MULTIVESICULAR_BODY_SORTING_PATHWAY,4,0.745964917685433,0.04095978978125,0.75,0.455688607824587,0.642324583000301
GOBP_NEGATIVE_REGULATION_OF_APOPTOTIC_SIGNALING_PATHWAY,4,0.745660664201076,-0.019557318466964,0.25,0.455872426804799,0.642324583000301
REACTOME_SIGNALING_BY_THE_B_CELL_RECEPTOR_BCR,4,0.745405818902512,-0.00290968937079634,0.5,0.456026427239906,0.642324583000301
GOBP_REGULATION_OF_OLIGODENDROCYTE_DIFFERENTIATION,4,-0.745373141341108,0.005231838415562,0.75,0.456046176075959,0.642324583000301
GOBP_REGULATION_OF_MONOCYTE_DIFFERENTIATION,4,0.745322717515229,0.040925547399776,0.75,0.456076650893203,0.642324583000301
GOBP_REGULATION_OF_EXOCYTOSIS,4,0.744374502751591,0.00451106234974163,0.75,0.456649939877506,0.642956122622171
GOBP_REGULATION_OF_DENDRITE_MORPHOGENESIS,4,0.743264302718914,-0.0110050226728702,0.5,0.457321679272447,0.64372589572822
GOBP_MAINTENANCE_OF_PROTEIN_LOCALIZATION_IN_ORGANELLE,4,-0.742803905082868,-0.111661401235359,0.75,0.457600410881997,0.643942201593715
GOBP_DETECTION_OF_ABIOTIC_STIMULUS,4,-0.742108213507629,0.00891068913388153,0.5,0.458021773825726,0.644359047384881
GOBP_VASCULAR_WOUND_HEALING,4,0.741336717001524,-0.0605385576512466,0.25,0.458489304365145,0.644840597699026
GOBP_REGULATION_OF_EPITHELIAL_CELL_MIGRATION,4,-0.741034459424519,-0.0325238768257552,0.5,0.458672546819915,0.644922158267543
GOBP_REGULATION_OF_POTASSIUM_ION_TRANSPORT,4,0.740476582026897,0.0271651333890462,0.75,0.459010865567563,0.645221661700076
GOBP_CRANIAL_NERVE_DEVELOPMENT,4,0.739677947444982,0.0037526630057847,0.75,0.459495432201544,0.645726523036504
GOBP_NEURAL_CREST_CELL_DIFFERENTIATION,4,0.739302918048829,0.0385787449130642,0.5,0.459723077795534,0.645870157590506
GOBP_AMYLOID_PRECURSOR_PROTEIN_METABOLIC_PROCESS,4,-0.737868375950556,0.00527072693155364,0.5,0.460594437797202,0.646884226483598
KEGG_NEUROACTIVE_LIGAND_RECEPTOR_INTERACTION,4,0.737581667108658,0.0631263192190065,0.75,0.460768699246694,0.646884226483598
GOBP_POSITIVE_REGULATION_OF_INTERLEUKIN_6_PRODUCTION,4,-0.737494347256123,-0.00873305511068003,0.75,0.46082177951871,0.646884226483598
GOBP_POSITIVE_REGULATION_OF_SECRETION,4,0.736961870822909,0.0124626125526543,0.75,0.46114553697356,0.64690644981642
GOBP_RESPONSE_TO_ESTRADIOL,4,-0.736902775350413,-0.0379516715068425,0.75,0.461181476163319,0.64690644981642
GOBP_RNA_SURVEILLANCE,1,-0.736705875458083,-0.113949338695532,1,0.461301233054193,0.64690644981642
GOBP_BONE_DEVELOPMENT,4,0.736641879387178,0.0164632994245989,0.75,0.46134015997784,0.64690644981642
REACTOME_REGULATION_OF_MECP2_EXPRESSION_AND_ACTIVITY,4,-0.735403282396963,-0.0472010168544399,0.5,0.462093923401297,0.647659068666202
REACTOME_BIOLOGICAL_OXIDATIONS,4,-0.735346565402071,0.0305358863778414,0.25,0.462128455676758,0.647659068666202
GOBP_FOREBRAIN_NEURON_DIFFERENTIATION,4,0.734471260380201,0.0654251368253424,1,0.46266156979117,0.648229774926459
GOBP_METANEPHRIC_TUBULE_DEVELOPMENT,4,0.733644633048965,-0.0178022736079006,0.5,0.463165351000746,0.648759083869108
GOBP_POSITIVE_REGULATION_OF_INNATE_IMMUNE_RESPONSE,4,-0.733345110633087,-0.00819818336127442,0.75,0.463347967905367,0.648838370069278
GOBP_POSITIVE_REGULATION_OF_SYNAPSE_ASSEMBLY,4,0.732670689241804,0.111704118089824,0.75,0.463759305169944,0.649237809222415
GOBP_REGULATION_OF_CELL_AGING,4,0.732447926816371,-0.0311302001171508,0.25,0.463895215172839,0.649251552847227
GOBP_RESPONSE_TO_FATTY_ACID,4,0.732230106063579,-0.0164514157719078,0.5,0.464028131647199,0.649261100503106
GOBP_CELLULAR_RESPONSE_TO_KETONE,4,0.731690567756163,0.030560409720286,0.5,0.464357454788753,0.649377892499588
REACTOME_DNA_REPLICATION_PRE_INITIATION,4,-0.731680112620579,-0.0707303708072521,0.75,0.464363837674011,0.649377892499588
GOBP_CYTOLYSIS,4,-0.731191056618908,0.00878413394641617,0.5,0.464662462087397,0.649619065242467
GOBP_CYCLIC_NUCLEOTIDE_BIOSYNTHETIC_PROCESS,4,-0.730214137908379,0.00852399057836374,0.5,0.465259302004235,0.650276912600382
REACTOME_G0_AND_EARLY_G1,4,0.729795950768703,-0.0547539279344641,0.5,0.465514919966895,0.650457618157271
KEGG_NEUROTROPHIN_SIGNALING_PATHWAY,4,0.729448375235724,-0.00556888897507158,0.25,0.465727435779341,0.650578015959801
GOBP_POSITIVE_REGULATION_OF_CELL_MATRIX_ADHESION,4,-0.729007325935707,-0.047848936072335,0.75,0.465997181212784,0.650778271240744
GOBP_NEGATIVE_REGULATION_OF_PROTEIN_LOCALIZATION,4,0.728131894201763,-0.0124321902228957,0.25,0.466532851571191,0.6513080122986
GOBP_AUDITORY_RECEPTOR_CELL_DEVELOPMENT,3,-0.727970334953011,-0.0102386785334935,0.333333333333333,0.466631745848629,0.6513080122986
GOBP_NUCLEAR_ENVELOPE_ORGANIZATION,4,0.727767398258033,-0.0296655350499046,0.5,0.466755984731372,0.6513080122986
GOBP_REGULATION_OF_DOUBLE_STRAND_BREAK_REPAIR_VIA_NONHOMOLOGOUS_END_JOINING,4,0.726879415060854,0.0107650011282451,0.5,0.467299828373869,0.651776921101014
GOBP_REGULATION_OF_DENDRITIC_CELL_DIFFERENTIATION,1,0.726721752849279,0.0738523852118702,1,0.467396425012658,0.651776921101014
KEGG_CELL_CYCLE,4,0.72637353350005,-0.0550138668457713,0.5,0.467609811603512,0.651776921101014
REACTOME_CHAPERONE_MEDIATED_AUTOPHAGY,4,-0.726148091600479,-0.0789770751706808,0.25,0.467747989745493,0.651776921101014
GOBP_MYELOID_CELL_DEVELOPMENT,4,0.72607738076482,0.00226998561099468,0.5,0.46779133458346,0.651776921101014
REACTOME_DAP12_SIGNALING,4,0.725837580668222,0.0152944990190847,0.5,0.467938345546094,0.651776921101014
GOBP_NEGATIVE_REGULATION_OF_STEM_CELL_DIFFERENTIATION,4,-0.725772728704292,-0.0595162059579807,0.5,0.467978107848213,0.651776921101014
GOBP_ENDOCRINE_PROCESS,4,0.725246001939222,-0.00623130014465073,0.5,0.468301126046807,0.652050432129531
GOBP_CELLULAR_RESPONSE_TO_VIRUS,4,-0.723915640970379,0.0179070102609697,0.75,0.469117526934658,0.653010582910666
GOBP_REGULATION_OF_DNA_METHYLATION,4,0.723450420612607,0.0103280895939348,0.75,0.469403203779702,0.653231647638293
GOBP_PROTEIN_LOCALIZATION_TO_ENDOPLASMIC_RETICULUM,4,0.723230424533621,-0.0450090119613602,0.25,0.469538329781032,0.653243139703467
GOBP_NEUROMUSCULAR_SYNAPTIC_TRANSMISSION,4,-0.722791379806418,-0.0703645930349398,0.75,0.469808064122291,0.653441848234921
GOBP_ANGIOGENESIS_INVOLVED_IN_WOUND_HEALING,4,0.722394920277367,-0.00837434239817503,0.5,0.470051709105606,0.653604172342632
REACTOME_RNA_POLYMERASE_III_CHAIN_ELONGATION,3,-0.721954824293767,-0.038150080944142,0.666666666666667,0.470322252692022,0.653803801055945
GOBP_EXOCYTIC_PROCESS,4,0.721186609301907,0.0246289656018455,0.5,0.470794709398951,0.654283929472388
GOBP_CONVERGENT_EXTENSION,3,-0.72070505849073,-0.0423586561364942,0.666666666666667,0.471090999470977,0.654519038390734
GOBP_PEPTIDYL_L_CYSTEINE_S_PALMITOYLATION,3,0.720146129782167,0.0486008869032512,0.333333333333333,0.471435027816549,0.654820328628921
GOBP_NEGATIVE_REGULATION_OF_COLD_INDUCED_THERMOGENESIS,4,-0.718530776370262,-0.0878381936154339,0.75,0.472430078558179,0.656025478558809
GOBP_NEGATIVE_REGULATION_OF_ION_TRANSMEMBRANE_TRANSPORT,4,-0.716823312397036,0.0131601956203363,0.75,0.473483125310712,0.656901563320552
REACTOME_ANTIGEN_PROCESSING_CROSS_PRESENTATION,4,0.716750365790058,0.0231065113469251,0.75,0.473528142514504,0.656901563320552
GOBP_REGULATION_OF_DELAYED_RECTIFIER_POTASSIUM_CHANNEL_ACTIVITY,3,0.716718065828954,0.0570569637842123,0.666666666666667,0.473548076392682,0.656901563320552
GOBP_REGULATION_OF_METALLOPEPTIDASE_ACTIVITY,2,0.716513010642122,0.0218473098388002,0.5,0.473674636693216,0.656901563320552
KEGG_PRIMARY_IMMUNODEFICIENCY,4,0.716473743626177,0.0384469899396034,0.5,0.473698874462849,0.656901563320552
GOBP_CELLULAR_RESPONSE_TO_TOXIC_SUBSTANCE,4,0.715454276780992,-0.000535960786996507,0.75,0.474328384289191,0.657597428838191
GOBP_REGULATION_OF_PROTEIN_POLYUBIQUITINATION,4,-0.715122101324708,-0.0411351810193862,0.5,0.474533598293997,0.657704844580293
GOBP_NEGATIVE_REGULATION_OF_PROGRAMMED_NECROTIC_CELL_DEATH,3,-0.714157418929347,-0.0362085323505378,0.666666666666667,0.475129843831673,0.658354027419076
GOBP_MONOCARBOXYLIC_ACID_TRANSPORT,4,0.712142970470858,0.0342683037750581,0.5,0.476376247580962,0.659903497119821
GOBP_RESPONSE_TO_LECTIN,4,0.709588344644239,-0.0101208380814073,0.5,0.477959449435546,0.661918559748151
GOBP_VENTRICULAR_SEPTUM_DEVELOPMENT,4,-0.70912340191726,-0.0569533210903832,0.75,0.478247901810916,0.662061889684651
GOBP_RETINA_LAYER_FORMATION,4,-0.70883798041807,-0.059170603025314,0.5,0.478425025601098,0.662061889684651
GOBP_ARP2_3_COMPLEX_MEDIATED_ACTIN_NUCLEATION,4,0.708799855574173,0.018332077599349,0.75,0.478448687418254,0.662061889684651
GOBP_REGULATION_OF_LYASE_ACTIVITY,4,0.708058609718471,0.0642351946161688,0.75,0.478908861569018,0.662263048891627
GOBP_CELLULAR_RESPONSE_TO_ACID_CHEMICAL,4,-0.708050603243392,-0.0157624004984289,0.25,0.478913833402012,0.662263048891627
GOBP_GLIAL_CELL_MIGRATION,4,0.707944188267691,0.126336599125205,0.5,0.478979917279553,0.662263048891627
GOBP_VACUOLE_ORGANIZATION,4,-0.707339404295161,-0.0440153090032691,0.75,0.479355583676687,0.66260453700705
KEGG_OXIDATIVE_PHOSPHORYLATION,4,0.70605129891583,0.0267960106239333,0.75,0.480156236298466,0.663460007552172
REACTOME_SULFUR_AMINO_ACID_METABOLISM,4,-0.705929194640122,-0.0916930831465431,0.75,0.480232170935511,0.663460007552172
GOBP_PLASMA_MEMBRANE_PHOSPHOLIPID_SCRAMBLING,3,0.705633766732143,-0.00348947815587651,0.666666666666667,0.48041591975934,0.663535829088209
GOBP_PROTEIN_INSERTION_INTO_MEMBRANE,4,0.704820143420381,0.00665940482542165,0.5,0.480922171269444,0.66405692139082
GOBP_REGULATION_OF_ENDOCRINE_PROCESS,4,-0.703754395885894,-0.0260243066612843,0.5,0.481585738440854,0.664794897381222
KEGG_AMINOACYL_TRNA_BIOSYNTHESIS,3,0.702733413647261,0.0127288553428673,0.666666666666667,0.482221900316601,0.665353324285169
GOBP_ORGANIC_HYDROXY_COMPOUND_TRANSPORT,4,0.702500657589804,0.024568707867021,0.5,0.482366991767323,0.665353324285169
GOBP_REGULATION_OF_CELLULAR_PROTEIN_CATABOLIC_PROCESS,4,-0.702483112620429,-0.0744927773410586,0.75,0.48237792960896,0.665353324285169
GOBP_TELENCEPHALON_GLIAL_CELL_MIGRATION,4,0.701581935160843,0.0908810241684286,0.5,0.482939920698346,0.665950094182053
REACTOME_VEGFR2_MEDIATED_CELL_PROLIFERATION,4,0.700594919750442,-0.0289023714884726,0.5,0.483555849754208,0.666456925763957
REACTOME_RET_SIGNALING,4,0.700578118342661,-0.0381610702592892,0.5,0.483566338056738,0.666456925763957
KEGG_GNRH_SIGNALING_PATHWAY,4,0.699785998204092,-0.00904641106967316,0.75,0.48406096026082,0.666960097506814
GOBP_REGULATION_OF_MEMBRANE_PROTEIN_ECTODOMAIN_PROTEOLYSIS,4,0.699553562249339,-0.0208974344528493,0.25,0.484206151892719,0.666981668297381
GOBP_PHOTOTRANSDUCTION_VISIBLE_LIGHT,4,0.697656084618311,0.0256853571529146,0.75,0.485392298208932,0.668436732676596
GOBP_NEGATIVE_REGULATION_OF_VIRAL_TRANSCRIPTION,3,-0.697071032042431,0.0128767235864458,0.666666666666667,0.485758341786343,0.668761952368417
GOBP_NEGATIVE_REGULATION_OF_OSSIFICATION,4,-0.696237172813728,-0.0580731714978015,0.75,0.486280311601488,0.669301610381198
KEGG_T_CELL_RECEPTOR_SIGNALING_PATHWAY,4,-0.695443631899788,-0.0445275221286538,0.75,0.486777324908814,0.669806639752936
GOBP_NEGATIVE_REGULATION_OF_ESTABLISHMENT_OF_PROTEIN_LOCALIZATION,4,0.695223991404364,-0.0300091175958861,0.5,0.486914939393908,0.669816997846441
GOBP_REGULATION_OF_STEROL_TRANSPORT,4,0.694971101972955,0.0213476135661455,0.5,0.487073411835714,0.669856035668294
REACTOME_GAB1_SIGNALOSOME,4,-0.69451927670048,-0.0714962241159486,0.75,0.48735661619189,0.67006654653459
GOBP_REGULATION_OF_LIPASE_ACTIVITY,4,0.692473351406855,0.0416601597858628,0.75,0.488640115447687,0.671584759205187
REACTOME_METABOLISM_OF_STEROID_HORMONES,4,0.692343383512633,0.0201206524692911,0.75,0.488721711544346,0.671584759205187
GOBP_REGULATION_OF_RIG_I_SIGNALING_PATHWAY,4,-0.691574744329192,-0.0413223040157398,0.75,0.489204426641456,0.671616302325889
GOBP_CORTICOSTEROID_HORMONE_SECRETION,3,0.691550203304575,0.0278454089437502,1,0.489219842943305,0.671616302325889
GOBP_REGULATION_OF_PHOSPHOLIPID_BIOSYNTHETIC_PROCESS,4,0.69147652732545,0.0165868781690501,0.5,0.489266126654925,0.671616302325889
GOBP_REGULATION_OF_ALPHA_BETA_T_CELL_DIFFERENTIATION,4,-0.691476074773274,-0.0499560708571014,0.75,0.489266410958324,0.671616302325889
GOBP_STRIATED_MUSCLE_CELL_DEVELOPMENT,4,0.690653795746199,-0.0272861950188659,0.5,0.489783131942672,0.672044005781919
GOBP_RENAL_SYSTEM_PROCESS,4,-0.690265686061379,0.0207709017407777,0.5,0.490027122447447,0.672044005781919
KEGG_NATURAL_KILLER_CELL_MEDIATED_CYTOTOXICITY,4,0.690215055283485,-0.0107514532723965,0.5,0.490058957004922,0.672044005781919
GOBP_NEGATIVE_REGULATION_OF_RESPONSE_TO_OXIDATIVE_STRESS,4,0.690149676157979,0.0766030946251898,0.75,0.490100066364557,0.672044005781919
GOBP_NEUTRAL_LIPID_CATABOLIC_PROCESS,4,0.689642445766135,-7.56455740205466e-05,0.75,0.490419067823553,0.672302390900819
GOBP_OVULATION_CYCLE,4,0.688515245095186,0.0353365553664254,0.5,0.491128373341612,0.673017218306716
GOBP_APOPTOTIC_PROCESS_INVOLVED_IN_MORPHOGENESIS,4,-0.688230907950147,-0.0489555989477036,0.75,0.491307383143562,0.673017218306716
GOBP_CELLULAR_RESPONSE_TO_RADIATION,4,-0.688190806983509,-0.0328163879667564,0.75,0.491332632281015,0.673017218306716
GOBP_PROTEIN_EXPORT_FROM_NUCLEUS,4,-0.687089684257829,-0.0644129609332927,0.75,0.492026214413787,0.673788026068242
GOBP_INDOLE_CONTAINING_COMPOUND_METABOLIC_PROCESS,4,0.686393137040909,-0.00394208434760154,0.75,0.492465231062595,0.67420991085916
GOBP_SPINDLE_ASSEMBLY,4,0.685904026677481,-0.017114795315805,0.5,0.492773630821515,0.674452797740559
REACTOME_SYNTHESIS_OF_PIPS_AT_THE_GOLGI_MEMBRANE,4,0.685587646467902,-0.0154765221950741,0.75,0.492973173802,0.674546604280228
GOBP_RESPONSE_TO_PROGESTERONE,4,0.685100588011815,0.0202777078935817,0.5,0.493280449232003,0.674787734616255
GOBP_PURINE_CONTAINING_COMPOUND_BIOSYNTHETIC_PROCESS,4,-0.684248420567034,-0.0117126612255773,0.5,0.493818311264351,0.67520826203544
REACTOME_CELLULAR_RESPONSE_TO_CHEMICAL_STRESS,4,-0.683967854095219,-0.0280407650139746,0.75,0.493995464898722,0.67520826203544
GOBP_GENITALIA_DEVELOPMENT,4,0.683841533681714,0.0295444812468097,1,0.494075236492648,0.67520826203544
GOBP_NEGATIVE_REGULATION_OF_RECEPTOR_SIGNALING_PATHWAY_VIA_STAT,4,0.683782693015169,0.0104767480966622,0.5,0.494112396843958,0.67520826203544
GOBP_CELL_CELL_ADHESION_MEDIATED_BY_INTEGRIN,4,0.682828908033629,-0.0485548958918526,0.25,0.494714960599716,0.675852303562732
GOBP_REGULATION_OF_FLAGELLATED_SPERM_MOTILITY,3,0.681693481444337,0.0415384302036155,0.666666666666667,0.49543279015926,0.676584881724271
GOBP_DETECTION_OF_EXTERNAL_BIOTIC_STIMULUS,4,0.681565082245058,0.0982381837496526,0.75,0.495514000579186,0.676584881724271
GOBP_REGULATION_OF_OSTEOBLAST_PROLIFERATION,4,-0.680927243819358,0.0653970416020831,0.5,0.495917528414889,0.676956350426369
GOBP_CELL_JUNCTION_DISASSEMBLY,4,0.680078430645654,0.148364714390534,0.75,0.496454801059132,0.67751014329538
GOBP_CELLULAR_RESPONSE_TO_LIGHT_STIMULUS,4,-0.679857099430519,-0.0190685310797456,0.5,0.496594947916792,0.677521830106932
REACTOME_PHOSPHOLIPID_METABOLISM,4,-0.679103426788396,-0.0687921918063745,0.75,0.497072331360286,0.677993492496454
KEGG_PPAR_SIGNALING_PATHWAY,4,-0.678652271615143,-0.0333135275718948,0.75,0.497358214298734,0.678118413212828
GOBP_REGULATION_OF_CYCLASE_ACTIVITY,4,0.678543243186151,0.0607575005634026,0.75,0.497427315343728,0.678118413212828
REACTOME_NOTCH3_ACTIVATION_AND_TRANSMISSION_OF_SIGNAL_TO_THE_NUCLEUS,4,-0.677480924806902,-0.0785223885082305,0.75,0.498100868809684,0.67885690140314
GOBP_SOMITE_DEVELOPMENT,4,-0.676673228297751,-0.00904979281303496,0.75,0.498613306092902,0.679180056554367
GOBP_REGULATION_OF_CELL_CYCLE_G1_S_PHASE_TRANSITION,4,0.676453616294604,0.0050529322227848,0.5,0.498752685809311,0.679180056554367
GOBP_POSITIVE_REGULATION_OF_NIK_NF_KAPPAB_SIGNALING,4,-0.676409997533256,0.0162176420842821,0.25,0.498780371508817,0.679180056554367
GOBP_DNA_DOUBLE_STRAND_BREAK_PROCESSING,2,-0.676275728459002,-0.0855908439273883,0.5,0.498865599900683,0.679180056554367
GOBP_LOW_DENSITY_LIPOPROTEIN_PARTICLE_CLEARANCE,4,-0.675441549571976,0.0169852708872704,0.5,0.499395275135289,0.679721456957865
GOBP_REGULATION_OF_MITOCHONDRION_ORGANIZATION,4,-0.674420271068269,-0.032706744096185,0.75,0.500044158712879,0.680289919226257
REACTOME_TRANSCRIPTIONAL_REGULATION_BY_MECP2,4,0.674368334618596,-0.00258584208930692,0.75,0.500077169211766,0.680289919226257
GOBP_POSITIVE_REGULATION_OF_SIGNAL_TRANSDUCTION_BY_P53_CLASS_MEDIATOR,4,-0.673686717122301,-0.0548673882559179,0.75,0.500510508383797,0.680699579415787
GOBP_SUPPRESSION_OF_VIRAL_RELEASE_BY_HOST,2,-0.672682323513751,-0.038558600767403,0.5,0.501149415565953,0.681300732739295
GOBP_ACTIN_POLYMERIZATION_OR_DEPOLYMERIZATION,4,0.672229740931817,0.0218797225314486,0.75,0.501437450085659,0.681300732739295
GOBP_NEGATIVE_REGULATION_OF_ADAPTIVE_IMMUNE_RESPONSE,4,0.672173119571345,0.0485492540004749,0.75,0.501473491460274,0.681300732739295
KEGG_GLYCOSAMINOGLYCAN_DEGRADATION,4,0.672160070470016,0.0173407615467381,0.25,0.501481797840731,0.681300732739295
GOBP_LIPID_TRANSLOCATION,4,0.671299269901656,0.00141387271546937,0.75,0.502029899678587,0.681865458571628
GOBP_POSITIVE_REGULATION_OF_EXOCYTOSIS,4,-0.670837150070898,-0.032852854522776,0.75,0.502324278251689,0.682085366223087
REACTOME_SIGNALING_BY_HIPPO,4,0.669745009931089,-0.00185641379199601,0.5,0.503020353684718,0.682850461672188
GOBP_VENTRAL_SPINAL_CORD_DEVELOPMENT,4,0.667381097974423,0.00928552132381309,0.75,0.504528736502798,0.684652866619868
GOBP_REGULATION_OF_POSTSYNAPTIC_MEMBRANE_NEUROTRANSMITTER_RECEPTOR_LEVELS,4,0.667247542457386,0.0555831377483385,0.5,0.504614027737891,0.684652866619868
GOBP_EXOCRINE_SYSTEM_DEVELOPMENT,4,0.666616476677146,0.0451917969479975,0.5,0.505017141814405,0.685019300105998
GOBP_POSITIVE_REGULATION_OF_GLIAL_CELL_PROLIFERATION,2,0.66622595958487,0.00864317382271988,0.5,0.505266682448089,0.685177284152018
HALLMARK_UNFOLDED_PROTEIN_RESPONSE,4,-0.66533034622478,-0.0910324137379567,0.75,0.505839225055677,0.685773083152102
GOBP_HISTONE_EXCHANGE,4,-0.664344296932153,-0.107286314990014,0.75,0.506469975718609,0.686409865217038
GOBP_CELLULAR_ALDEHYDE_METABOLIC_PROCESS,4,0.664179322114798,0.0264396097991947,0.75,0.506575546285637,0.686409865217038
REACTOME_CLASS_I_PEROXISOMAL_MEMBRANE_PROTEIN_IMPORT,4,0.66379039507541,-0.0471842183870783,0.5,0.506824473978509,0.686472947248645
HALLMARK_OXIDATIVE_PHOSPHORYLATION,4,0.663689994496214,0.0110285343132507,0.75,0.506888744501719,0.686472947248645
GOBP_OLIGOPEPTIDE_TRANSPORT,3,0.662787478912307,-0.0163907775342317,0.666666666666667,0.50746667393586,0.687074915618128
GOBP_NEGATIVE_REGULATION_OF_BLOOD_VESSEL_ENDOTHELIAL_CELL_MIGRATION,4,-0.662084774698452,0.00531685105797413,0.5,0.507916892822655,0.687503701667679
GOBP_TRANSCRIPTION_BY_RNA_POLYMERASE_I,4,0.661738872120385,0.0216460230747895,1,0.508138587738263,0.687623019254747
GOBP_REGULATION_OF_PHOSPHATIDYLINOSITOL_3_KINASE_SIGNALING,4,-0.66100091313078,-0.0143007947771142,0.5,0.508611727971419,0.688073674576104
REACTOME_INTERCONVERSION_OF_NUCLEOTIDE_DI_AND_TRIPHOSPHATES,4,0.660802659140521,-0.0284954918880349,0.75,0.508738877279322,0.688073674576104
REACTOME_PHOSPHOLIPASE_C_MEDIATED_CASCADE_FGFR4,3,0.660252698359522,-0.00236206503177193,0.666666666666667,0.50909167935285,0.688220402354998
REACTOME_REGULATION_OF_CHOLESTEROL_BIOSYNTHESIS_BY_SREBP_SREBF,4,-0.660216843401166,-0.0247199011153772,0.5,0.509114684903901,0.688220402354998
GOBP_CELL_DIFFERENTIATION_INVOLVED_IN_EMBRYONIC_PLACENTA_DEVELOPMENT,4,-0.65787739504014,-0.0416024517969122,0.75,0.510616917087141,0.690069949102806
GOBP_POSITIVE_REGULATION_OF_LEUKOCYTE_PROLIFERATION,4,-0.656654466056411,0.0185698486332116,0.25,0.51140311882777,0.690951104393646
GOBP_POSITIVE_REGULATION_OF_RESPONSE_TO_CYTOKINE_STIMULUS,4,-0.655632481554422,0.00603222343088373,0.5,0.512060621020974,0.691620430072203
GOBP_PALLIUM_DEVELOPMENT,4,0.655295326413819,0.0193806384288013,0.75,0.512277629269017,0.691620430072203
GOBP_POSITIVE_REGULATION_OF_TELOMERE_MAINTENANCE_VIA_TELOMERE_LENGTHENING,4,-0.655258275306718,-0.0495828424083339,1,0.512301479956376,0.691620430072203
GOBP_T_CELL_SELECTION,4,-0.654611238078608,-0.034879414118496,0.75,0.512718086694199,0.692001422906535
GOBP_POSITIVE_REGULATION_OF_CHROMOSOME_SEPARATION,3,0.653726364432937,-0.0364994342782519,0.666666666666667,0.513288114464795,0.692589229921182
GOBP_POSITIVE_REGULATION_OF_ION_TRANSPORT,4,0.653115095955788,0.0434602271308123,0.5,0.513682080847237,0.692939228263669
HALLMARK_ADIPOGENESIS,4,-0.651475947760497,-0.0672555811960404,0.75,0.514739298470023,0.694183511739693
GOBP_REGULATION_OF_SYNAPTIC_VESICLE_EXOCYTOSIS,4,0.650597071979825,6.94141862099037e-05,0.75,0.515306620972236,0.694766638226248
GOBP_POSITIVE_REGULATION_OF_DOUBLE_STRAND_BREAK_REPAIR,4,-0.650258466777686,-0.0360976250179013,0.75,0.515525280387158,0.694879494427612
GOBP_STEM_CELL_PROLIFERATION,4,-0.649577231968554,-0.07256546470747,0.75,0.515965343906188,0.695171914683656
REACTOME_AUF1_HNRNP_D0_BINDS_AND_DESTABILIZES_MRNA,4,0.649460900685207,-0.00318681242798153,0.75,0.516040510969715,0.695171914683656
REACTOME_NOTCH3_INTRACELLULAR_DOMAIN_REGULATES_TRANSCRIPTION,4,0.649256421648565,-0.0608637917883104,0.25,0.516172648168938,0.695171914683656
GOBP_OOCYTE_MATURATION,4,-0.649086807132598,-0.103715316087119,0.75,0.516282268741562,0.695171914683656
KEGG_PROTEASOME,4,0.646636812232801,0.035261560426992,0.25,0.517867027167162,0.697119833104357
GOBP_CIRCADIAN_SLEEP_WAKE_CYCLE_SLEEP,3,-0.646288239393716,0.0238388191323247,0.666666666666667,0.518092702855554,0.697119833104357
GOBP_POSITIVE_REGULATION_OF_CYTOPLASMIC_TRANSLATION,1,0.646222771202755,0.109432694629613,1,0.518135094443654,0.697119833104357
KEGG_NICOTINATE_AND_NICOTINAMIDE_METABOLISM,4,0.645008121931844,-0.041707267427942,0.25,0.518921922391879,0.697791198222366
GOBP_MAINTENANCE_OF_BLOOD_BRAIN_BARRIER,4,0.644977303380812,-0.0420210648130681,0.25,0.518941894119661,0.697791198222366
GOBP_NEGATIVE_REGULATION_OF_NEURAL_PRECURSOR_CELL_PROLIFERATION,4,0.644727027219164,-0.0126636817469198,0.5,0.519104098385801,0.697791198222366
GOBP_STEM_CELL_DIFFERENTIATION,4,-0.644615841582261,-0.00848694584850357,0.75,0.519176166321594,0.697791198222366
GOBP_ANOIKIS,4,0.64429384530911,-0.0509831372273333,0.5,0.519384905932341,0.697889582631948
GOBP_NLS_BEARING_PROTEIN_IMPORT_INTO_NUCLEUS,3,0.64291035464163,-0.0077857090516228,0.666666666666667,0.520282270152969,0.698912968697532
GOBP_EPITHELIAL_STRUCTURE_MAINTENANCE,4,0.642073138985204,-0.00419861540814423,0.5,0.520825695585873,0.699350173654023
GOBP_MULTIVESICULAR_BODY_SORTING_PATHWAY,4,0.641990459267821,0.0288137158076231,0.75,0.5208793777361,0.699350173654023
REACTOME_DOPAMINE_NEUROTRANSMITTER_RELEASE_CYCLE,4,0.641638925423149,-0.04545582541189,0.5,0.521107652860554,0.699474271266682
GOBP_POSITIVE_REGULATION_OF_PROTEIN_CATABOLIC_PROCESS,4,-0.641071791707962,-0.0472496000070803,0.75,0.521476040369163,0.699786325739072
GOBP_ENERGY_HOMEOSTASIS,4,-0.640456315421443,-0.0758198688822692,0.75,0.521875980862578,0.700140548582964
GOBP_MICROTUBULE_DEPOLYMERIZATION,4,0.640069749098219,0.0301329897066347,0.75,0.522127254798276,0.700295190142309
GOBP_REGULATION_OF_TELOMERE_CAPPING,4,-0.639812364629531,-0.0572723920415636,0.5,0.52229459306646,0.700337203046667
GOBP_POSITIVE_REGULATION_OF_MYELOID_LEUKOCYTE_MEDIATED_IMMUNITY,4,-0.639596004646623,-0.0152610509480769,0.75,0.522435280624651,0.700343467830338
HALLMARK_FATTY_ACID_METABOLISM,4,-0.638078451136941,-0.0476355773882656,0.75,0.523422613135118,0.701357294095717
GOBP_LATE_ENDOSOME_TO_VACUOLE_TRANSPORT,4,0.638014886992556,0.012464580182582,0.75,0.523463989359068,0.701357294095717
GOBP_POSITIVE_REGULATION_OF_NEUROBLAST_PROLIFERATION,4,-0.637357263277183,0.0292871374894118,0.5,0.523892159130034,0.701748368199933
GOBP_PRIMARY_ALCOHOL_CATABOLIC_PROCESS,1,-0.636900636146201,-0.0265942536702128,1,0.52418956838253,0.701861202994112
GOBP_PHENOL_CONTAINING_COMPOUND_BIOSYNTHETIC_PROCESS,4,0.636809378212589,0.0303503315080892,0.5,0.524249016646991,0.701861202994112
GOBP_PROTEIN_TARGETING_TO_MEMBRANE,4,0.636384386313697,-0.0249962970763731,0.25,0.524525915130901,0.701933497954421
GOBP_ACTIN_FILAMENT_DEPOLYMERIZATION,4,0.63599448636755,0.0246771505320225,0.5,0.524780015743708,0.701933497954421
GOBP_AMYLOID_BETA_FORMATION,4,0.635879349398879,0.018375755484197,0.75,0.524855063391584,0.701933497954421
GOBP_ADENYLATE_CYCLASE_INHIBITING_G_PROTEIN_COUPLED_RECEPTOR_SIGNALING_PATHWAY,4,0.635804581470242,0.0409964000437098,0.75,0.524903800960884,0.701933497954421
REACTOME_UCH_PROTEINASES,4,0.635680577959667,0.0201641235142726,0.25,0.524984637914639,0.701933497954421
GOBP_NEGATIVE_REGULATION_OF_T_HELPER_CELL_DIFFERENTIATION,4,-0.635239976025751,-0.0932191631769448,0.5,0.525271914534647,0.702063372133259
GOBP_CELL_MIGRATION_IN_HINDBRAIN,4,0.635113379833847,0.0155227844899433,0.75,0.525354471320537,0.702063372133259
REACTOME_N_GLYCAN_ANTENNAE_ELONGATION,3,0.634368858931342,0.0433933944081819,0.666666666666667,0.525840127739428,0.702510201157786
GOBP_DENDRITIC_CELL_CYTOKINE_PRODUCTION,3,-0.634182531709497,0.0228462310373102,0.666666666666667,0.525961706246507,0.702510201157786
REACTOME_SIGNALING_BY_TGFB_FAMILY_MEMBERS,4,0.63358080198039,-0.028051394216022,0.5,0.526354432983412,0.702805294832691
GOBP_DNA_CATABOLIC_PROCESS,4,0.633269872024429,-0.0222693001922807,0.5,0.526557424153499,0.702805294832691
REACTOME_RECEPTOR_TYPE_TYROSINE_PROTEIN_PHOSPHATASES,4,0.63321673261937,0.0275075475383452,0.75,0.526592120307734,0.702805294832691
GOBP_MAMMARY_GLAND_DEVELOPMENT,4,-0.632669923150007,-0.0402565292861081,0.75,0.526949214801156,0.702960688762133
GOBP_TRANSPORT_ALONG_MICROTUBULE,4,0.632421131413265,0.0171009079886444,0.75,0.527111729405664,0.702960688762133
GOBP_REGULATION_OF_EXTRINSIC_APOPTOTIC_SIGNALING_PATHWAY_VIA_DEATH_DOMAIN_RECEPTORS,4,-0.632411343149391,-0.0724466340455586,0.75,0.527118123773664,0.702960688762133
REACTOME_APC_C_CDH1_MEDIATED_DEGRADATION_OF_CDC20_AND_OTHER_APC_C_CDH1_TARGETED_PROTEINS_IN_LATE_MITOSIS_EARLY_G1,4,0.632151038846914,0.000776154541097733,0.5,0.52728818699093,0.703005405182884
GOBP_REGULATION_OF_MUSCLE_CONTRACTION,4,-0.631545223071826,-0.0278220330685374,0.5,0.527684089719524,0.70325555596463
REACTOME_REGULATION_OF_MRNA_STABILITY_BY_PROTEINS_THAT_BIND_AU_RICH_ELEMENTS,4,-0.630979041094032,-0.0478295773325197,0.75,0.528054228582913,0.70325555596463
REACTOME_PEPTIDE_LIGAND_BINDING_RECEPTORS,4,0.63092634116756,0.061649736457747,0.5,0.528088687646554,0.70325555596463
GOBP_CARBOHYDRATE_TRANSPORT,4,-0.630737305630719,-0.0577265013732097,0.75,0.528212302322419,0.70325555596463
GOBP_CILIUM_OR_FLAGELLUM_DEPENDENT_CELL_MOTILITY,4,-0.630726584288205,-0.0265435669530646,0.5,0.528219313696061,0.70325555596463
GOBP_APOPTOTIC_PROCESS_INVOLVED_IN_DEVELOPMENT,4,0.630592592441019,-0.0142543076861891,0.25,0.528306943559345,0.70325555596463
GOBP_NEGATIVE_REGULATION_OF_CELLULAR_SENESCENCE,4,-0.630376392691439,-0.0856227027357842,0.75,0.528448352509112,0.70325555596463
GOBP_POSITIVE_REGULATION_OF_TELOMERE_CAPPING,4,-0.630017562781112,-0.0444225518166736,0.5,0.528683093565186,0.70325555596463
KEGG_CHRONIC_MYELOID_LEUKEMIA,4,0.629850140266724,-0.0540585122288858,0.25,0.528792636980938,0.70325555596463
GOBP_REGULATION_OF_CELL_CYCLE_G2_M_PHASE_TRANSITION,4,-0.62972594585367,-0.0751476461145207,0.5,0.528873904006319,0.70325555596463
GOBP_REGULATION_OF_RECEPTOR_MEDIATED_ENDOCYTOSIS,4,-0.629566567311557,-0.00799926748760486,0.5,0.528978203194992,0.70325555596463
GOBP_DETECTION_OF_VISIBLE_LIGHT,4,0.629345357338947,0.0146064865383969,0.5,0.529122982941015,0.703266453062283
GOBP_SYNAPTIC_TRANSMISSION_GLUTAMATERGIC,4,0.628355463039806,0.0561525782586663,0.75,0.529771105862723,0.703946173957977
GOBP_UBIQUITIN_DEPENDENT_PROTEIN_CATABOLIC_PROCESS_VIA_THE_MULTIVESICULAR_BODY_SORTING_PATHWAY,4,-0.627963279092793,-0.0845764473282505,0.75,0.530027995747213,0.704090926527843
KEGG_COLORECTAL_CANCER,4,-0.627771667019791,-0.0571519311183828,0.5,0.530153529257807,0.704090926527843
GOBP_TRNA_PROCESSING,4,-0.62699100058701,-0.00940275651717541,0.5,0.530665134296652,0.704588647883822
REACTOME_SYNAPTIC_ADHESION_LIKE_MOLECULES,4,0.626125009338349,0.0883812613477577,0.75,0.531232949468803,0.70516072617037
GOBP_EMBRYONIC_PATTERN_SPECIFICATION,4,-0.625545699527116,0.00992326306356665,0.5,0.531612964614012,0.705483287318955
REACTOME_NUCLEAR_EVENTS_STIMULATED_BY_ALK_SIGNALING_IN_CANCER,4,0.624983360175826,-0.0410601236551813,0.5,0.531981979235825,0.705685707587206
GOBP_RESPONSE_TO_AMPHETAMINE,4,0.624754716641727,0.021181001393886,0.5,0.532132055284915,0.705685707587206
KEGG_OTHER_GLYCAN_DEGRADATION,3,0.624686772711641,0.0319433390906271,0.333333333333333,0.532176656158695,0.705685707587206
REACTOME_RAC2_GTPASE_CYCLE,4,0.623649095473066,0.0167100121016956,0.75,0.532858060505798,0.706407351581965
GOBP_PEPTIDYL_TYROSINE_DEPHOSPHORYLATION,4,-0.623436751987589,-0.0576142814007259,0.5,0.53299755301961,0.706410399098577
GOBP_MESENCHYMAL_CELL_APOPTOTIC_PROCESS,2,-0.622272498273439,-0.0686923362798407,0.5,0.533762701756922,0.707242447592999
REACTOME_SIGNALING_BY_WNT_IN_CANCER,4,-0.621687075312853,-0.0131195336957554,0.5,0.534147651891971,0.707570429532225
GOBP_INOSITOL_PHOSPHATE_BIOSYNTHETIC_PROCESS,4,0.620560847631464,0.0269826919999316,0.75,0.534888607058249,0.708276609840185
GOBP_VISUAL_BEHAVIOR,4,-0.620458660631228,-0.0449611434673166,0.75,0.534955862433187,0.708276609840185
GOBP_INTERLEUKIN_10_PRODUCTION,4,-0.620154763392209,0.0547830344358246,0.25,0.535155900573758,0.708359314152771
GOBP_ESTABLISHMENT_OR_MAINTENANCE_OF_CELL_POLARITY,4,0.619878984147088,0.0134538805219447,0.75,0.535337462882326,0.708417526697788
GOBP_MICROTUBULE_NUCLEATION,4,0.619653493906876,-0.0731797364387465,0.25,0.53548593993634,0.708431938523179
GOBP_ENDOSOME_ORGANIZATION,4,-0.618977790121751,-0.0521229538681524,0.75,0.535930990319229,0.708838599833987
REACTOME_ARACHIDONIC_ACID_METABOLISM,4,-0.617665514760787,0.0151159586988208,0.75,0.536795848548205,0.709800160291399
GOBP_EPITHELIAL_CELL_MORPHOGENESIS,4,0.616194133914129,-0.0122224135916762,0.5,0.537766399573701,0.710679947017901
GOBP_OLEFINIC_COMPOUND_METABOLIC_PROCESS,4,0.615957209206105,0.0246097089665048,0.75,0.537922761980324,0.710679947017901
GOBP_GMP_METABOLIC_PROCESS,4,0.615561779180512,-0.0160311772291746,0.5,0.538183783436387,0.710679947017901
REACTOME_PI_3K_CASCADE_FGFR4,4,0.615505604784083,0.0107725265163469,0.5,0.538220869040233,0.710679947017901
GOBP_CELLULAR_RESPONSE_TO_CALCIUM_ION,4,0.615198416204003,0.00707053438349582,0.75,0.538423693611174,0.710679947017901
HALLMARK_MITOTIC_SPINDLE,4,-0.614705852132215,-0.0467059439478873,0.75,0.538748994356465,0.710679947017901
GOBP_POSITIVE_REGULATION_OF_ENDOTHELIAL_CELL_PROLIFERATION,4,-0.614689350376169,-0.0324310300652876,0.75,0.538759894204845,0.710679947017901
GOBP_MAINTENANCE_OF_LOCATION_IN_CELL,4,0.614685986663053,-0.0121275748349741,0.5,0.53876211604031,0.710679947017901
REACTOME_REGULATION_OF_RUNX1_EXPRESSION_AND_ACTIVITY,2,-0.614602831692896,-0.117979458461785,0.5,0.538817043903695,0.710679947017901
HALLMARK_UV_RESPONSE_DN,4,0.614518140580613,-0.0128545940775542,0.25,0.538872989348504,0.710679947017901
GOBP_RESPONSE_TO_IRON_ION,4,-0.614356989424438,0.0301287914970188,0.75,0.538979450981725,0.710679947017901
GOBP_REGULATION_OF_PHOSPHATASE_ACTIVITY,4,-0.613150676777734,-0.0285948827059266,1,0.539776714540069,0.711548976745216
REACTOME_NEGATIVE_REGULATION_OF_NOTCH4_SIGNALING,4,0.612391354775299,0.0124927757465965,0.5,0.540278860285213,0.712028628515116
KEGG_HEMATOPOIETIC_CELL_LINEAGE,4,0.611994570273957,0.0416341768954556,0.5,0.540541349986246,0.712192275097026
GOBP_NEGATIVE_REGULATION_OF_SMALL_MOLECULE_METABOLIC_PROCESS,4,-0.610821204643327,-0.0299141177652499,0.5,0.541317953789547,0.713033037621483
GOBP_HEAD_MORPHOGENESIS,4,-0.609893297836766,-0.0313556206490519,0.5,0.541932492511977,0.713561245083985
GOBP_SUBSTRATE_DEPENDENT_CELL_MIGRATION,4,0.609442400906419,0.00885297132245486,0.75,0.542231240382816,0.713561245083985
GOBP_POSITIVE_REGULATION_OF_ALPHA_BETA_T_CELL_DIFFERENTIATION,4,-0.609408565583827,-0.0381934715099285,0.5,0.542253661746527,0.713561245083985
GOBP_TRNA_METHYLATION,4,-0.609255782859488,-0.0330457726199261,0.75,0.54235491072403,0.713561245083985
GOBP_REGULATION_OF_EXECUTION_PHASE_OF_APOPTOSIS,3,0.609169840251969,-0.00155651137685498,0.666666666666667,0.54241186895683,0.713561245083985
GOBP_BRAIN_MORPHOGENESIS,4,-0.608441657005964,-0.0734438913782315,0.5,0.542894590099104,0.714013855535194
REACTOME_SIGNALING_BY_FGFR2,4,0.608131056416684,-0.0344056910806745,0.25,0.543100555934385,0.714102339761529
GOBP_GLYCOSYL_COMPOUND_METABOLIC_PROCESS,4,0.607535147128329,0.00630194378437879,0.5,0.543495824937223,0.714276854984469
GOBP_LEUKOCYTE_MEDIATED_CYTOTOXICITY,4,0.607477555827942,0.0277409775728155,0.75,0.54353403306206,0.714276854984469
GOBP_CELLULAR_RESPONSE_TO_THYROID_HORMONE_STIMULUS,4,0.607303606365193,0.0198788148008357,0.5,0.543649445462057,0.714276854984469
GOBP_SOMITOGENESIS,4,0.607015184266697,0.037452198186822,0.5,0.543840835304236,0.714346035964672
REACTOME_INSERTION_OF_TAIL_ANCHORED_PROTEINS_INTO_THE_ENDOPLASMIC_RETICULUM_MEMBRANE,4,-0.606242608847824,-0.0934422811017061,0.75,0.544353662509294,0.71474190449078
GOBP_SARCOPLASMIC_RETICULUM_CALCIUM_ION_TRANSPORT,4,-0.606142940637049,-0.044844575719553,0.75,0.544419838689617,0.71474190449078
GOBP_POSITIVE_REGULATION_OF_ENDOTHELIAL_CELL_MIGRATION,4,-0.604844379809669,-0.0429552461106277,0.75,0.545282402553217,0.715691840618536
GOBP_TRANSCRIPTION_INITIATION_FROM_RNA_POLYMERASE_II_PROMOTER,4,-0.603337944655397,-0.0220053540129487,0.75,0.546283895222001,0.716823592379736
GOBP_ATRIAL_SEPTUM_DEVELOPMENT,4,0.602755013143649,0.0864442970485321,0.75,0.54667167818693,0.717149674136179
GOBP_STRIATED_MUSCLE_CONTRACTION,4,0.601808752738828,0.0056178576879896,0.5,0.547301448197949,0.717766727705502
GOBP_MALE_MEIOSIS_I,4,0.601419545330286,-0.0399725882693854,0.5,0.547560583735702,0.717766727705502
GOBP_REGULATION_OF_TUBE_SIZE,4,0.601140690742505,0.0156013464790613,0.75,0.547746283316384,0.717766727705502
REACTOME_THE_NLRP3_INFLAMMASOME,4,-0.601116840516303,-0.0335624944227406,0.5,0.547762167509206,0.717766727705502
KEGG_AMINO_SUGAR_AND_NUCLEOTIDE_SUGAR_METABOLISM,4,-0.600866339161707,-0.0574098577355358,0.5,0.547929014559831,0.717766727705502
GOBP_POSITIVE_REGULATION_OF_VASCULATURE_DEVELOPMENT,4,0.600792134322455,-0.0215492989347794,0.25,0.547978443699812,0.717766727705502
KEGG_SNARE_INTERACTIONS_IN_VESICULAR_TRANSPORT,4,-0.599847653423218,-0.044400948972388,0.75,0.548607771395378,0.718408294739267
KEGG_CALCIUM_SIGNALING_PATHWAY,4,0.599429094600397,0.0118849009484685,0.75,0.54888678010239,0.718590905351438
GOBP_CONNECTIVE_TISSUE_REPLACEMENT,1,0.599031949119317,0.0428890547702761,1,0.549151579539573,0.718754825381104
REACTOME_BBSOME_MEDIATED_CARGO_TARGETING_TO_CILIUM,4,-0.598194029968028,-0.00844042203272434,0.5,0.549710474467208,0.719303489969924
REACTOME_MITOTIC_SPINDLE_CHECKPOINT,4,0.597883691389358,-0.0168627479160599,0.5,0.549917542478458,0.719391622515646
REACTOME_JNK_C_JUN_KINASES_PHOSPHORYLATION_AND_ACTIVATION_MEDIATED_BY_ACTIVATED_HUMAN_TAK1,4,0.596415895492021,-0.0084916941864878,0.5,0.550897424145729,0.720490433560162
GOBP_POSITIVE_REGULATION_OF_INTRINSIC_APOPTOTIC_SIGNALING_PATHWAY,4,-0.595944336630508,-0.0347306042569254,0.5,0.551212412985567,0.72055237258477
GOBP_POSITIVE_REGULATION_OF_PROTEIN_POLYUBIQUITINATION,2,-0.595925998543283,-0.0169090131560774,0.5,0.551224664131173,0.72055237258477
HALLMARK_XENOBIOTIC_METABOLISM,4,-0.594521487294678,-0.0615860429625287,0.5,0.552163375074938,0.721596248289557
REACTOME_DAP12_INTERACTIONS,4,0.593942872877888,0.0188150504193071,0.5,0.552550322567355,0.721918703602972
GOBP_NUCLEOSIDE_BISPHOSPHATE_BIOSYNTHETIC_PROCESS,4,-0.592365048004848,0.00609960649933192,0.5,0.553606166101267,0.723114700470681
GOBP_TRANSLATIONAL_ELONGATION,4,-0.59133477014542,-0.049168579723439,0.75,0.554296136897546,0.723832312677013
GOBP_INTERLEUKIN_8_PRODUCTION,4,0.590535553497625,-0.0162241282309206,0.25,0.554831657040811,0.724347921425744
GOBP_POSITIVE_REGULATION_OF_ERBB_SIGNALING_PATHWAY,4,0.590205094833447,0.00108351810789018,0.5,0.555053156836141,0.72445341053214
REACTOME_IKK_COMPLEX_RECRUITMENT_MEDIATED_BY_RIP1,4,0.589731528947223,-0.0669047521779622,0.5,0.55537065384169,0.724684109637826
GOBP_GLYCOSYL_COMPOUND_BIOSYNTHETIC_PROCESS,2,-0.588160843032712,-0.0956181258472984,0.5,0.556424337412288,0.725875073051905
GOBP_SEROTONIN_TRANSPORT,4,-0.587829730533913,-0.00175623717349206,0.5,0.556646586242031,0.725981072077057
GOBP_NEGATIVE_REGULATION_OF_CILIUM_ASSEMBLY,3,0.58755904741466,-0.0116531914510683,0.666666666666667,0.556828305895331,0.726034172462663
REACTOME_SIGNALING_BY_FGFR,4,0.587072341480305,-0.0240483126888958,0.75,0.557155122407397,0.726039519709277
REACTOME_SIGNALING_BY_ALK,4,-0.586999627241414,-0.0757520847087914,0.75,0.557203957064498,0.726039519709277
GOBP_REGULATION_OF_PROGRAMMED_NECROTIC_CELL_DEATH,4,-0.586820264893575,-0.0377208349225337,0.5,0.557324425172427,0.726039519709277
REACTOME_OXIDATIVE_STRESS_INDUCED_SENESCENCE,4,-0.586713066518561,-0.0885025660180267,0.75,0.557396430648819,0.726039519709277
GOBP_NEGATIVE_REGULATION_OF_RESPONSE_TO_CYTOKINE_STIMULUS,4,-0.586316164700303,-0.0112690174184656,0.75,0.557663070236278,0.726203123077035
GOBP_MYELIN_ASSEMBLY,4,-0.585493572808759,-0.0268347913993032,0.75,0.558215886984941,0.726655223755615
REACTOME_RIP_MEDIATED_NFKB_ACTIVATION_VIA_ZBP1,4,-0.585379608831244,-0.0716870821788926,0.5,0.558292496635699,0.726655223755615
GOBP_PROTEIN_DEPOLYMERIZATION,4,0.584890378852014,0.00957464642216588,0.75,0.558621428241607,0.726899604249693
GOBP_ACTIN_FILAMENT_BASED_TRANSPORT,4,-0.584668169165114,-0.0084250916544257,0.75,0.558770861030335,0.726910349531378
GOBP_NEGATIVE_REGULATION_OF_MUSCLE_CELL_DIFFERENTIATION,4,0.583764285370273,-0.00824317165976636,0.25,0.559378909823967,0.727517556626321
GOBP_POSITIVE_REGULATION_OF_CELL_ADHESION_MEDIATED_BY_INTEGRIN,4,-0.58348237713715,-0.0690345327185616,0.75,0.559568617084942,0.727580507416759
GOBP_POSITIVE_REGULATION_OF_MACROPHAGE_CHEMOTAXIS,4,-0.58284197952932,0.0951626310252603,0.25,0.559999682053839,0.72782337202245
GOBP_POSITIVE_REGULATION_OF_PROTEIN_LOCALIZATION_TO_CELL_PERIPHERY,4,0.582784910114057,0.0149438909242819,0.75,0.560038104477169,0.72782337202245
REACTOME_CD28_DEPENDENT_PI3K_AKT_SIGNALING,4,-0.58252170680665,-0.0618054562868497,0.75,0.560215324667399,0.727869973937027
GOBP_POLYSACCHARIDE_CATABOLIC_PROCESS,4,-0.58218514231612,-0.0629089952155987,0.5,0.560441980037465,0.727925138009756
GOBP_REGULATION_OF_EXTRACELLULAR_MATRIX_ORGANIZATION,4,0.581877955417803,0.0389724038550204,0.5,0.560648890186101,0.727925138009756
REACTOME_REGULATION_OF_RUNX2_EXPRESSION_AND_ACTIVITY,4,0.581828954494917,0.0190569977398223,0.25,0.560681898882636,0.727925138009756
GOBP_OOCYTE_DIFFERENTIATION,4,-0.580463810572026,-0.0242567568488092,0.5,0.561601884629184,0.728839781800529
REACTOME_P75_NTR_RECEPTOR_MEDIATED_SIGNALLING,4,0.580354704346694,0.00184790331747372,0.5,0.561675444022038,0.728839781800529
REACTOME_HIV_INFECTION,4,-0.579995856976168,-0.0656700986221115,0.75,0.561917411689571,0.728839781800529
GOBP_CARDIAC_CHAMBER_DEVELOPMENT,4,0.579943678629191,0.00429592701505803,0.75,0.561952599290756,0.728839781800529
GOBP_INTERLEUKIN_1_PRODUCTION,4,0.579472582815428,0.0526431176640524,0.75,0.562270341179435,0.729068241433622
GOBP_NEGATIVE_REGULATION_OF_RECEPTOR_INTERNALIZATION,3,0.578277121580705,-0.0116889387577261,0.333333333333333,0.563077038008258,0.729930430187443
GOBP_REGULATION_OF_ACUTE_INFLAMMATORY_RESPONSE,4,0.577544623969341,0.0438874280285955,0.75,0.563571602828063,0.73017685808483
GOBP_INSULIN_LIKE_GROWTH_FACTOR_RECEPTOR_SIGNALING_PATHWAY,4,-0.577428476628248,-0.0359189895130443,0.5,0.563650041953832,0.73017685808483
GOBP_CELL_ACTIVATION_INVOLVED_IN_IMMUNE_RESPONSE,4,-0.576804320329437,-0.00131455454971317,0.5,0.5640716507175,0.73017685808483
GOBP_NEGATIVE_REGULATION_OF_ACTIN_FILAMENT_POLYMERIZATION,4,0.576776529865425,0.0449981011122913,0.5,0.564090426314426,0.73017685808483
REACTOME_DECTIN_1_MEDIATED_NONCANONICAL_NF_KB_SIGNALING,4,0.576719167848419,-0.0163620700792525,0.5,0.56412918178672,0.73017685808483
KEGG_PORPHYRIN_AND_CHLOROPHYLL_METABOLISM,4,0.576642342354133,0.0927789533269486,0.5,0.564181089367388,0.73017685808483
GOBP_NEGATIVE_REGULATION_OF_INTRINSIC_APOPTOTIC_SIGNALING_PATHWAY_BY_P53_CLASS_MEDIATOR,4,-0.576525851327328,-0.0205866070785881,0.5,0.564259801576916,0.73017685808483
REACTOME_CLATHRIN_MEDIATED_ENDOCYTOSIS,4,0.576151715811873,-0.00659247975880037,0.75,0.564512638199427,0.730320496002224
GOBP_NEGATIVE_REGULATION_OF_MYELOID_CELL_DIFFERENTIATION,4,-0.575393304686014,-0.0414552641608386,0.75,0.565025331217409,0.730752010342133
GOBP_SUBSTRATE_ADHESION_DEPENDENT_CELL_SPREADING,4,0.575084092917307,0.0198811837924109,0.5,0.565234425495621,0.730752010342133
GOBP_PROTEIN_PALMITOYLATION,4,-0.575000303068262,-0.0566790098086686,0.75,0.565291092026348,0.730752010342133
GOBP_POST_EMBRYONIC_ANIMAL_ORGAN_DEVELOPMENT,4,-0.57481877364975,-0.048348708660799,0.5,0.565413868557595,0.730752010342133
GOBP_RESPONSE_TO_PURINE_CONTAINING_COMPOUND,4,-0.574009061729444,-0.0155540449465449,0.75,0.565961669230441,0.730966533603434
GOBP_POSITIVE_REGULATION_OF_TELOMERE_MAINTENANCE,4,-0.573966414057215,-0.0270826153540094,0.75,0.565990529052269,0.730966533603434
GOBP_SYNAPTIC_VESICLE_MEMBRANE_ORGANIZATION,4,-0.573943932382032,-0.0692642742813601,0.5,0.566005742761097,0.730966533603434
GOBP_NEGATIVE_REGULATION_OF_PROTEIN_LOCALIZATION_TO_NUCLEUS,4,0.573419601102118,-0.0470467566707041,0.25,0.566360621784787,0.731241434696557
REACTOME_RECRUITMENT_OF_NUMA_TO_MITOTIC_CENTROSOMES,4,0.572374964896168,-0.0525954796218454,0.5,0.567067972740404,0.731967821002697
GOBP_DOPAMINERGIC_NEURON_DIFFERENTIATION,4,0.571818608723836,-0.0227631467265165,0.5,0.567444868993488,0.731967821002697
GOBP_POLYAMINE_METABOLIC_PROCESS,4,-0.571763720113248,-0.076651205864155,0.5,0.567482059069394,0.731967821002697
GOBP_REGULATION_OF_NUCLEOTIDE_BIOSYNTHETIC_PROCESS,4,-0.571749268363396,-0.0390533603131722,0.75,0.567491851125028,0.731967821002697
GOBP_METAL_ION_EXPORT,4,0.571013107728217,0.0732905102618135,0.75,0.567990757648431,0.732427851523108
GOBP_POSITIVE_REGULATION_OF_POTASSIUM_ION_TRANSPORT,4,0.569311084470542,0.0485730914208351,0.75,0.569145045820731,0.733732559071343
GOBP_POSITIVE_REGULATION_OF_APOPTOTIC_SIGNALING_PATHWAY,4,0.568866234088077,0.00877486965254879,0.5,0.569446921627573,0.733937972330507
GOBP_SENSORY_PERCEPTION_OF_PAIN,4,0.56772437748286,0.0639374623546827,0.75,0.57022213603901,0.734403905736009
GOBP_REACTIVE_OXYGEN_SPECIES_BIOSYNTHETIC_PROCESS,4,0.567262742961531,0.0225296871374797,0.75,0.570535685672953,0.734403905736009
GOBP_MACROPHAGE_ACTIVATION,4,0.567246671729302,0.0521577490809168,0.75,0.570546602993308,0.734403905736009
REACTOME_FERTILIZATION,3,-0.56715625268742,-0.0157949199803822,0.666666666666667,0.570608027247912,0.734403905736009
GOBP_REGULATION_OF_INTEGRIN_MEDIATED_SIGNALING_PATHWAY,2,0.567119156367276,-0.0346962792041719,0.5,0.570633228755976,0.734403905736009
HALLMARK_INTERFERON_GAMMA_RESPONSE,4,-0.567073550681111,-0.00755428116093176,0.75,0.570664211856627,0.734403905736009
GOBP_GLOMERULAR_MESANGIUM_DEVELOPMENT,4,0.566083920480703,0.0231746703962234,0.75,0.571336733454158,0.735080247652794
REACTOME_ACYL_CHAIN_REMODELLING_OF_PC,4,0.56581042105406,0.0771317535232799,0.5,0.571522661559891,0.735080247652794
GOBP_POSITIVE_REGULATION_OF_CATION_CHANNEL_ACTIVITY,4,-0.565670129458784,0.0418567283047745,0.25,0.57161804459153,0.735080247652794
GOBP_NEURONAL_ACTION_POTENTIAL,4,-0.565124881783412,-0.0211683836059526,0.75,0.571988825598606,0.735373399003052
REACTOME_MYD88_INDEPENDENT_TLR4_CASCADE,4,-0.564459308553987,-0.0634651481059392,0.5,0.572441585627638,0.73576343485614
GOBP_AMINE_CATABOLIC_PROCESS,4,0.564224740813417,-0.010864878006646,0.75,0.572601192238232,0.73576343485614
REACTOME_HSP90_CHAPERONE_CYCLE_FOR_STEROID_HORMONE_RECEPTORS_SHR_IN_THE_PRESENCE_OF_LIGAND,4,0.564048850436126,0.0179015774746879,0.5,0.572720886949584,0.73576343485614
GOBP_DENDRITIC_CELL_MIGRATION,4,0.562861617157772,0.115546591772886,0.75,0.573529118516358,0.736574325867866
GOBP_PROTEIN_CONTAINING_COMPLEX_REMODELING,4,-0.562701458041937,0.0614712467677125,0.5,0.573638191246872,0.736574325867866
GOBP_PHAGOCYTOSIS_RECOGNITION,4,-0.561688712218308,0.0424933749492972,0.25,0.574328126336067,0.737276370606933
GOBP_POSITIVE_REGULATION_OF_LIPID_STORAGE,4,-0.561162629382524,-0.0705779708173101,0.5,0.574686676267954,0.737552765728737
REACTOME_NUCLEOTIDE_LIKE_PURINERGIC_RECEPTORS,3,0.560301732391027,0.0992138623537397,0.666666666666667,0.575273645965489,0.738122103931299
GOBP_POSITIVE_REGULATION_OF_T_HELPER_CELL_DIFFERENTIATION,4,0.559443965381562,-0.0237499136226546,0.5,0.575858763262427,0.73864109651208
REACTOME_DISEASES_ASSOCIATED_WITH_GLYCOSYLATION_PRECURSOR_BIOSYNTHESIS,4,0.559288207296407,-0.0162792859215867,0.5,0.575965042240436,0.73864109651208
GOBP_MITOCHONDRIAL_DEPOLARIZATION,4,0.558982256523222,0.00334983931867478,0.75,0.57617382969234,0.738724862820184
GOBP_PEPTIDE_ANTIGEN_ASSEMBLY_WITH_MHC_PROTEIN_COMPLEX,4,0.558591225206757,0.0775876355488324,0.5,0.576440729939415,0.73888307653922
GOBP_REGULATION_OF_FIBROBLAST_MIGRATION,4,0.557960423523961,-0.0190242072026706,0.25,0.576871409446614,0.73925109189662
GOBP_POSITIVE_REGULATION_OF_NEURON_PROJECTION_DEVELOPMENT,4,0.557009048813693,0.0407039017536624,0.75,0.577521246736226,0.739899701280127
GOBP_MUSCLE_CELL_FATE_COMMITMENT,4,-0.556478403001871,0.0227099550977614,0.25,0.577883854470713,0.740180091211369
GOBP_NUCLEOTIDE_PHOSPHORYLATION,4,0.555579574736271,-0.0393602183646265,0.5,0.578498297671928,0.740782823852961
GOBP_GLUTAMATE_METABOLIC_PROCESS,4,-0.554714604273683,0.0517637198028612,0.5,0.579089885312652,0.741355996885839
GOBP_MAINTENANCE_OF_SYNAPSE_STRUCTURE,4,0.554126742683247,0.0478023388951488,0.75,0.579492109263663,0.741686520158738
GOBP_RELAXATION_OF_MUSCLE,4,-0.553485114359526,-0.0385606384758577,0.5,0.579931270810339,0.742064143489671
GOBP_MYELOID_LEUKOCYTE_MEDIATED_IMMUNITY,4,-0.553273667800161,0.00118147594817029,0.75,0.580076029270723,0.7420649626621
GOBP_ESTABLISHMENT_OF_EPITHELIAL_CELL_POLARITY,4,0.552994799073329,0.0563990552629871,0.5,0.580266971527721,0.742124847589725
GOBP_LONG_TERM_SYNAPTIC_DEPRESSION,4,-0.552422664471088,0.00282086970749587,0.5,0.580658805985531,0.742441567424758
GOBP_REGULATION_OF_RAS_PROTEIN_SIGNAL_TRANSDUCTION,4,0.551927445199182,0.0162201278361995,0.75,0.580998063901676,0.742690921308275
GOBP_POSITIVE_REGULATION_OF_RHO_PROTEIN_SIGNAL_TRANSDUCTION,4,0.551382253423457,0.0224508972171873,0.75,0.581371663532123,0.742974245105336
REACTOME_RESOLUTION_OF_D_LOOP_STRUCTURES,4,-0.551120125832768,-0.0304102809415264,0.75,0.581551329803285,0.742974245105336
GOBP_DEOXYRIBOSE_PHOSPHATE_METABOLIC_PROCESS,4,-0.550972408092121,-0.00941610061173814,0.5,0.581652589244437,0.742974245105336
GOBP_CERAMIDE_TRANSPORT,3,0.54949053271299,-0.00386763592252699,0.666666666666667,0.58266885987437,0.744087787572702
GOBP_NATURAL_KILLER_CELL_ACTIVATION,4,0.548519171101596,-0.0116594218467351,0.25,0.583335469273893,0.744754359358114
REACTOME_BILE_ACID_AND_BILE_SALT_METABOLISM,4,0.547939620142287,0.0487854292984517,0.5,0.583733362820253,0.745077611591841
GOBP_POSITIVE_REGULATION_OF_REGULATED_SECRETORY_PATHWAY,4,0.546922563311782,0.0232670774125644,0.75,0.584431933591251,0.745452694972879
GOBP_MULTICELLULAR_ORGANISM_GROWTH,4,-0.546899604615297,-0.0287510414491821,0.5,0.584447707379281,0.745452694972879
GOBP_POSITIVE_REGULATION_OF_TRANSCRIPTION_REGULATORY_REGION_DNA_BINDING,4,0.5468794545173,0.0716984852783206,0.75,0.584461551681008,0.745452694972879
GOBP_MITOTIC_RECOMBINATION,4,0.544373659906836,-0.000637856830554191,0.75,0.586184367726304,0.747285935821503
REACTOME_HEDGEHOG_LIGAND_BIOGENESIS,4,-0.544275756833324,-0.0160473737029588,0.75,0.586251727088173,0.747285935821503
GOBP_POSITIVE_REGULATION_OF_REACTIVE_OXYGEN_SPECIES_METABOLIC_PROCESS,4,0.544155785518061,0.00691284452999959,0.75,0.586334274756045,0.747285935821503
GOBP_ACUTE_INFLAMMATORY_RESPONSE_TO_ANTIGENIC_STIMULUS,4,0.542697585805309,0.0771927554472984,0.75,0.587338036719511,0.748372199134776
GOBP_REGULATION_OF_RESPIRATORY_BURST,4,0.542305330123632,0.0352263507162436,1,0.587608184353801,0.748372199134776
GOBP_CARDIAC_MYOFIBRIL_ASSEMBLY,4,-0.54228439137782,-0.0437270004878113,0.5,0.587622606545329,0.748372199134776
GOBP_NEGATIVE_REGULATION_OF_SPROUTING_ANGIOGENESIS,2,0.542053391003518,-0.00726628398593885,0.5,0.587781725875248,0.748389739498431
GOBP_GASTRULATION_WITH_MOUTH_FORMING_SECOND,4,0.539215073585091,0.0103180186220781,0.75,0.589738460627981,0.750523967397983
REACTOME_FATTY_ACIDS,3,-0.539009888025436,-0.055782601417778,0.666666666666667,0.589880031754456,0.750523967397983
REACTOME_POTASSIUM_CHANNELS,4,0.538930093303651,0.0476333539021949,0.75,0.589935091654317,0.750523967397983
GOBP_GLOMERULAR_EPITHELIUM_DEVELOPMENT,4,-0.538280190365256,-0.00179669913715121,0.75,0.590383625396308,0.750523967397983
GOBP_POSITIVE_REGULATION_OF_ACUTE_INFLAMMATORY_RESPONSE,4,-0.538214684202775,-0.0220828185375309,0.5,0.590428843508431,0.750523967397983
REACTOME_FLT3_SIGNALING,4,-0.53812140930803,-0.0740225076953259,0.5,0.590493232791964,0.750523967397983
GOBP_MITOCHONDRIAL_TRANSPORT,4,-0.537977015919085,-0.0422537614663174,0.5,0.590592916435991,0.750523967397983
GOBP_RENAL_ABSORPTION,4,-0.537825681094628,0.071407677972711,0.5,0.590697400491289,0.750523967397983
REACTOME_TRANSCRIPTIONAL_REGULATION_BY_RUNX3,4,-0.537610387477185,-0.0527549025045997,0.75,0.590846057405655,0.750523967397983
GOBP_MUSCLE_ADAPTATION,4,-0.537509753671402,-0.0291447665234094,0.5,0.590915549394333,0.750523967397983
REACTOME_AGGREPHAGY,4,-0.53677271146393,-0.0238864541835233,0.5,0.591424623419862,0.750972247556984
GOBP_MITOTIC_SISTER_CHROMATID_COHESION,4,0.536576481055155,0.020686463082036,0.5,0.591560193453317,0.750972247556984
GOBP_POSITIVE_REGULATION_OF_KERATINOCYTE_DIFFERENTIATION,2,0.535995378149323,0.0646550428965464,0.5,0.591961744713862,0.7512112916496
GOBP_POSITIVE_REGULATION_OF_GLYCOPROTEIN_METABOLIC_PROCESS,4,-0.535881741803581,-0.0517500183381721,0.75,0.592040283844257,0.7512112916496
REACTOME_CARGO_TRAFFICKING_TO_THE_PERICILIARY_MEMBRANE,4,0.535443466365132,0.00370995283781561,0.75,0.592343240273284,0.751410530713757
GOBP_NEGATIVE_REGULATION_OF_ENDOTHELIAL_CELL_APOPTOTIC_PROCESS,4,0.533987440069491,-0.0412019843180186,0.25,0.593350223831515,0.752394901364952
REACTOME_ORC1_REMOVAL_FROM_CHROMATIN,4,0.533783909188801,-0.0168810581953014,0.75,0.593491047626873,0.752394901364952
GOBP_NEPHRON_DEVELOPMENT,4,0.533687727616488,0.0125638408322958,0.5,0.593557601348696,0.752394901364952
GOBP_RESPONSE_TO_ISCHEMIA,4,-0.532577418065768,-0.0295371196860722,0.5,0.59432613747477,0.753183677543094
GOBP_ROOF_OF_MOUTH_DEVELOPMENT,4,-0.532232551752958,-0.0303531555014339,0.75,0.594564940237973,0.75330090484383
GOBP_PHOSPHATIDYLINOSITOL_3_PHOSPHATE_BIOSYNTHETIC_PROCESS,4,-0.53172990883527,-0.119706941954867,0.75,0.59491307395069,0.753394423838764
GOBP_POSITIVE_REGULATION_OF_MACROPHAGE_DIFFERENTIATION,2,-0.531538939396375,-0.0276182631714995,1,0.595045365008062,0.753394423838764
REACTOME_RHOU_GTPASE_CYCLE,4,-0.531408663831351,-0.0488508376396237,0.75,0.595135619050151,0.753394423838764
GOBP_REGULATION_OF_CD4_POSITIVE_ALPHA_BETA_T_CELL_ACTIVATION,4,-0.53128106139508,-0.0353807491482196,0.5,0.595224027223945,0.753394423838764
GOBP_AMINO_ACID_IMPORT,4,-0.530900882764341,-0.0350062286419369,0.5,0.595487466016817,0.753542630258193
GOBP_RETINA_DEVELOPMENT_IN_CAMERA_TYPE_EYE,4,-0.529637568582908,-0.0409365354082584,0.75,0.596363241467451,0.754250868890228
GOBP_ENDOCHONDRAL_BONE_MORPHOGENESIS,4,0.529457381832168,0.0200394284500927,0.75,0.596488201281661,0.754250868890228
GOBP_MODULATION_BY_HOST_OF_VIRAL_PROCESS,4,-0.529290245233136,0.0652680919693254,0.25,0.596604121451788,0.754250868890228
GOBP_AORTIC_VALVE_MORPHOGENESIS,4,0.52924847756301,-0.00286832115576196,0.5,0.596633091666323,0.754250868890228
GOBP_REGULATION_OF_CHOLESTEROL_BIOSYNTHETIC_PROCESS,4,0.528509069559878,-0.0232558064892034,0.5,0.597146053848063,0.754538750471096
GOBP_RESPONSE_TO_COLD,4,-0.528497768406918,-0.0874558877096451,0.75,0.597153895546653,0.754538750471096
GOBP_GLUCOCORTICOID_METABOLIC_PROCESS,4,-0.528208790610172,-0.0608691750414679,0.75,0.597354428764517,0.754606956258218
KEGG_EPITHELIAL_CELL_SIGNALING_IN_HELICOBACTER_PYLORI_INFECTION,4,0.527474309759375,0.0042923221639037,0.75,0.597864252069205,0.755065742924781
GOBP_RESPONSE_TO_IMMOBILIZATION_STRESS,4,-0.527105622232916,-0.0745631756801491,0.75,0.598120242678835,0.7552038081298
GOBP_TONGUE_DEVELOPMENT,3,-0.525016779912717,-0.0180222893340636,1,0.599571526155099,0.756331643292293
GOBP_INTERLEUKIN_1_MEDIATED_SIGNALING_PATHWAY,4,-0.524989473688411,-0.00322323702559465,0.5,0.599590508497098,0.756331643292293
GOBP_REGULATION_OF_UBIQUITIN_PROTEIN_TRANSFERASE_ACTIVITY,4,0.524892275501263,-0.0427758217163603,0.5,0.599658079520733,0.756331643292293
GOBP_POST_GOLGI_VESICLE_MEDIATED_TRANSPORT,4,0.524888990852877,0.017765601551346,0.75,0.599660363029445,0.756331643292293
GOBP_NEGATIVE_REGULATION_OF_ANDROGEN_RECEPTOR_SIGNALING_PATHWAY,3,-0.524763034665231,-0.00117495418174616,0.666666666666667,0.59974793155223,0.756331643292293
GOBP_POSITIVE_REGULATION_OF_T_CELL_PROLIFERATION,4,0.524047837051652,0.0556114573806354,0.75,0.600245268116433,0.756773478337784
REACTOME_MITOCHONDRIAL_TRNA_AMINOACYLATION,3,0.523700144798277,0.00944137063730093,0.333333333333333,0.600487114905748,0.756893061113756
REACTOME_SIGNALING_BY_FGFR4,4,0.521516908994194,-0.0323460551621426,0.25,0.602006729516111,0.758622772951164
HALLMARK_IL2_STAT5_SIGNALING,4,-0.520816966030387,-0.0624916227524427,0.75,0.602494283000291,0.758917518297201
GOBP_MITOCHONDRION_LOCALIZATION,4,-0.520757937986551,0.0231925046780437,0.25,0.602535407807139,0.758917518297201
GOBP_REGULATION_OF_BRANCHING_INVOLVED_IN_URETERIC_BUD_MORPHOGENESIS,4,0.519415534448407,0.00944156062760604,0.75,0.603471000717816,0.759780513517811
REACTOME_NUCLEAR_ENVELOPE_NE_REASSEMBLY,4,-0.519182747241348,-0.0510454581614185,0.75,0.603633309017109,0.759780513517811
REACTOME_AFLATOXIN_ACTIVATION_AND_DETOXIFICATION,3,0.519139806276148,0.0368743385640411,0.666666666666667,0.603663251272356,0.759780513517811
GOBP_REGULATION_OF_VIRAL_TRANSCRIPTION,4,-0.518913628990662,-0.0694102162065158,0.5,0.603820973182481,0.759790604699818
GOBP_PURINE_NUCLEOSIDE_METABOLIC_PROCESS,4,0.518705120227879,-0.0315234437889083,0.25,0.603966390568335,0.759790604699818
GOBP_METAPHASE_ANAPHASE_TRANSITION_OF_CELL_CYCLE,4,0.517733161249242,-0.0224394036463415,0.5,0.604644457959616,0.760391240151438
GOBP_NEGATIVE_REGULATION_OF_G_PROTEIN_COUPLED_RECEPTOR_SIGNALING_PATHWAY,4,-0.517425816195519,-0.036387396254017,0.75,0.604858942025528,0.760391240151438
GOBP_NEGATIVE_REGULATION_OF_PROTEIN_CONTAINING_COMPLEX_ASSEMBLY,4,-0.517385793143393,0.000451373198522959,0.5,0.604886875055407,0.760391240151438
GOBP_POSITIVE_REGULATION_OF_STEM_CELL_DIFFERENTIATION,4,0.516413063583723,-0.00370451472999368,0.5,0.605565943692261,0.761059078367452
GOBP_TOLL_LIKE_RECEPTOR_4_SIGNALING_PATHWAY,4,0.513294040256401,0.0711415750571457,0.75,0.607745652244421,0.763612094535511
GOBP_REGULATION_OF_MITOCHONDRIAL_OUTER_MEMBRANE_PERMEABILIZATION_INVOLVED_IN_APOPTOTIC_SIGNALING_PATHWAY,4,-0.512761788862125,0.00811542281391816,0.75,0.608117961835209,0.763893482676139
GOBP_NEGATIVE_REGULATION_OF_B_CELL_MEDIATED_IMMUNITY,4,-0.512273388668001,0.00827803465594293,0.5,0.608459686944663,0.76413632392148
GOBP_REGULATION_OF_STEM_CELL_PROLIFERATION,4,-0.511707337916737,-0.0753002836535876,0.75,0.608855849774096,0.76444739587584
GOBP_RIBONUCLEOTIDE_CATABOLIC_PROCESS,4,0.509794032144073,-0.0542333045441849,0.25,0.610195767107425,0.765898177658443
REACTOME_SIGNALING_BY_ERBB2_IN_CANCER,4,-0.50963265602356,-0.054155846777269,0.75,0.610308841121109,0.765898177658443
GOBP_G0_TO_G1_TRANSITION,1,0.508158968276738,0.0488593387044104,1,0.611341863689292,0.766939874309111
GOBP_POSITIVE_REGULATION_OF_TRANSMEMBRANE_RECEPTOR_PROTEIN_SERINE_THREONINE_KINASE_SIGNALING_PATHWAY,4,0.508023561658377,-0.0247782459800498,0.25,0.611436819584172,0.766939874309111
GOBP_SULFUR_AMINO_ACID_METABOLIC_PROCESS,4,-0.506708416242931,-0.0746971733659806,0.75,0.612359424400092,0.767910052663438
REACTOME_PD_1_SIGNALING,4,-0.506311619833094,-0.00731507508638978,0.5,0.612637907053286,0.76807221412646
GOBP_NEGATIVE_REGULATION_OF_GLYCOPROTEIN_METABOLIC_PROCESS,2,0.505203849384608,0.00801424286303747,0.5,0.61341566693066,0.768860094699603
KEGG_RIG_I_LIKE_RECEPTOR_SIGNALING_PATHWAY,4,-0.504840546090611,-0.0150382136957839,0.5,0.613670835131594,0.768992730613916
GOBP_NEURON_APOPTOTIC_PROCESS,4,0.50375151000075,-0.00701686185703751,0.5,0.614436006355826,0.769266579048924
GOBP_POSITIVE_REGULATION_OF_HUMORAL_IMMUNE_RESPONSE,4,-0.503641746488714,0.0112165344839689,0.5,0.614513150961872,0.769266579048924
GOBP_ACTIN_FILAMENT_POLYMERIZATION,4,0.503379903815302,0.00724410934818482,0.75,0.61469719791589,0.769266579048924
GOBP_TOLL_LIKE_RECEPTOR_SIGNALING_PATHWAY,4,0.503331236862495,0.0310554855735046,0.75,0.614731408170613,0.769266579048924
GOBP_REGULATION_OF_NON_CANONICAL_WNT_SIGNALING_PATHWAY,4,0.503110906331667,0.0125414805607882,0.5,0.614886299187709,0.769266579048924
GOBP_DEOXYRIBONUCLEOTIDE_BIOSYNTHETIC_PROCESS,3,0.503044887933394,-0.0306698164171351,0.666666666666667,0.614932713061878,0.769266579048924
GOBP_MORPHOGENESIS_OF_AN_EPITHELIAL_FOLD,4,-0.503041379737053,0.0695047512543409,0.75,0.61493517952328,0.769266579048924
REACTOME_MUSCLE_CONTRACTION,4,0.502439665976112,-0.00323042149537436,0.5,0.615358282871607,0.769465592498762
GOBP_PROTEIN_TARGETING_TO_MITOCHONDRION,4,-0.502374764090026,-0.0589995760271358,0.5,0.615403927175757,0.769465592498762
GOBP_REGULATION_OF_ALPHA_BETA_T_CELL_ACTIVATION,4,-0.502177617272526,-0.0135454271391314,0.75,0.61554258603659,0.769465592498762
GOBP_PEPTIDYL_PROLINE_MODIFICATION,4,-0.501880852802885,-0.0437837452774242,0.5,0.615751334658247,0.769539714115368
GOBP_CAMP_METABOLIC_PROCESS,4,0.49993630465594,-0.0154143262192549,0.5,0.617119928010373,0.771062972415775
REACTOME_TRANSCRIPTION_OF_E2F_TARGETS_UNDER_NEGATIVE_CONTROL_BY_DREAM_COMPLEX,4,-0.499392493039724,-0.0997025332682777,0.75,0.61750290667264,0.77135431015464
GOBP_REGULATION_OF_PEPTIDYL_TYROSINE_PHOSPHORYLATION,4,0.498628962591264,0.00580875519809715,0.5,0.618040797587889,0.771750421887669
GOBP_REGULATION_OF_ANION_TRANSMEMBRANE_TRANSPORT,4,0.498386218723337,0.039335803259695,0.75,0.618211848386884,0.771750421887669
GOBP_NEGATIVE_REGULATION_OF_ALPHA_BETA_T_CELL_DIFFERENTIATION,4,-0.497862794573568,-0.0607274736694375,0.5,0.618580752500629,0.771750421887669
GOBP_REGULATION_OF_CAMP_DEPENDENT_PROTEIN_KINASE_ACTIVITY,3,-0.497773659785306,-0.0173896848119829,0.666666666666667,0.618643583391939,0.771750421887669
GOBP_REGULATION_OF_EPITHELIAL_CELL_DIFFERENTIATION,4,0.497706183884328,-0.00826643824084713,0.5,0.618691148841299,0.771750421887669
GOBP_RESPONSE_TO_GAMMA_RADIATION,4,0.497666231839518,0.0198629093636752,0.75,0.618719312789337,0.771750421887669
GOBP_REGULATION_OF_PRODUCTION_OF_SMALL_RNA_INVOLVED_IN_GENE_SILENCING_BY_RNA,4,-0.496906280722567,0.000790599418023407,0.5,0.619255142244787,0.772231709231875
GOBP_NEGATIVE_REGULATION_OF_METAPHASE_ANAPHASE_TRANSITION_OF_CELL_CYCLE,4,0.496220006127675,-0.0043993529594172,0.5,0.619739197462599,0.772648214947924
GOBP_POSITIVE_REGULATION_OF_ATP_METABOLIC_PROCESS,4,0.495792202942252,-0.00558898007392155,0.5,0.620041026530382,0.772837386977714
REACTOME_INTERLEUKIN_12_SIGNALING,4,-0.495473818929445,-0.0378759983852056,0.75,0.620265698369572,0.772930319676894
GOBP_MALE_GENITALIA_DEVELOPMENT,4,0.494791305173646,0.0830756540639897,0.5,0.620747442530933,0.773343474858885
GOBP_NEGATIVE_REGULATION_OF_ALPHA_BETA_T_CELL_ACTIVATION,4,-0.494105026113403,-0.033972258941428,0.5,0.621232008449369,0.77375994472806
GOBP_MITOCHONDRION_DISTRIBUTION,2,-0.493813750105221,-0.0324603621370686,1,0.621437721451839,0.773828978900972
KEGG_THYROID_CANCER,4,0.492641038210186,-0.0136139139891704,0.5,0.622266245760931,0.774512308541186
REACTOME_TRANSCRIPTIONAL_ACTIVITY_OF_SMAD2_SMAD3_SMAD4_HETEROTRIMER,4,-0.492099753689229,-0.0902372983498533,0.75,0.622648826377007,0.774512308541186
GOBP_CELLULAR_RESPONSE_TO_ALKALOID,4,-0.492075579585627,-0.0702862769636308,0.5,0.62266591504362,0.774512308541186
GOBP_CILIUM_MOVEMENT,4,-0.49195556167655,-0.0167937193067222,0.75,0.62275075867742,0.774512308541186
GOBP_PROTEIN_LOCALIZATION_TO_CHROMOSOME,4,-0.491953696574289,-0.031142580839242,0.75,0.622752077203955,0.774512308541186
GOBP_REGULATION_OF_MUSCLE_CELL_DIFFERENTIATION,4,-0.491760021385878,-0.0285776649000377,0.5,0.622889001683638,0.774512308541186
GOBP_POSITIVE_REGULATION_OF_INTERLEUKIN_1_PRODUCTION,4,0.490211944753937,0.0331458250701557,0.75,0.623983929271818,0.775686444186526
GOBP_CELLULAR_RESPONSE_TO_NUTRIENT,4,-0.488791189602334,0.0180306425751611,0.75,0.624989536150282,0.776749003533141
GOBP_CELLULAR_RESPONSE_TO_LEPTIN_STIMULUS,4,-0.486705972093066,-0.0680105763457044,0.75,0.626466712422253,0.778103059691275
GOBP_POSITIVE_REGULATION_OF_VOLTAGE_GATED_POTASSIUM_CHANNEL_ACTIVITY,3,-0.486655715158418,-0.000126627502241119,0.333333333333333,0.626502333162729,0.778103059691275
GOBP_G1_TO_G0_TRANSITION,4,0.48661330666605,-0.0136282378113277,0.5,0.626532391819776,0.778103059691275
GOBP_VASCULAR_ASSOCIATED_SMOOTH_MUSCLE_CELL_PROLIFERATION,4,-0.486367931857304,0.0111104259081283,0.5,0.626706322869945,0.778131385690221
GOBP_OLIGODENDROCYTE_DEVELOPMENT,4,0.485941074771538,0.0607724531215819,0.75,0.627008944961491,0.778319444938939
HALLMARK_WNT_BETA_CATENIN_SIGNALING,4,-0.485603809521971,-0.0471267410917437,0.75,0.627248094950083,0.778428643262949
GOBP_REGULATION_OF_MUSCLE_SYSTEM_PROCESS,4,-0.485284503300106,-0.0275639273643337,0.5,0.62747454654545,0.778522033774102
GOBP_NEGATIVE_REGULATION_OF_CHOLESTEROL_EFFLUX,1,0.484116411725561,0.0311732411542599,1,0.628303254577604,0.779362432623484
GOBP_REGULATION_OF_MITOTIC_SISTER_CHROMATID_SEGREGATION,4,0.483195640987137,-0.0203394819248475,0.5,0.628956830119896,0.779985240435296
GOBP_T_CELL_MEDIATED_CYTOTOXICITY,4,-0.482747697999419,-0.0100378068634402,0.5,0.629274891310941,0.780191768687704
GOBP_NUCLEAR_MEMBRANE_REASSEMBLY,4,0.482217870137934,-0.0275316890125285,0.5,0.629651183516516,0.78047037648689
REACTOME_MTORC1_MEDIATED_SIGNALLING,4,-0.481604150235005,-0.0957826261848226,0.5,0.630087177378114,0.780790958231477
KEGG_PANTOTHENATE_AND_COA_BIOSYNTHESIS,4,-0.481426939062595,-0.095673125217293,0.75,0.630213094272678,0.780790958231477
GOBP_ENDONUCLEOLYTIC_CLEAVAGE_INVOLVED_IN_RRNA_PROCESSING,2,-0.480589431535326,-0.0243106810245165,0.5,0.630808328173647,0.781302790259842
REACTOME_FGFR1_MUTANT_RECEPTOR_ACTIVATION,4,-0.480418706416793,-0.0624552847155094,0.75,0.630929695455511,0.781302790259842
REACTOME_ION_TRANSPORT_BY_P_TYPE_ATPASES,4,-0.479128872305546,-0.0452069869360698,0.75,0.63184695094016,0.782250529067296
REACTOME_TP53_REGULATES_TRANSCRIPTION_OF_CELL_CYCLE_GENES,4,-0.478198906475568,-0.102780243767869,0.75,0.632508640764993,0.782881488293016
GOBP_POSITIVE_REGULATION_OF_PROTEIN_MODIFICATION_BY_SMALL_PROTEIN_CONJUGATION_OR_REMOVAL,4,-0.477800242660768,-0.0499153521490744,0.75,0.632792388429488,0.78304446239448
GOBP_REGULATION_OF_EMBRYONIC_DEVELOPMENT,4,0.47720804333765,-0.00380233055934788,0.5,0.633213984132658,0.783303441062736
GOBP_BIOLOGICAL_PROCESS_INVOLVED_IN_INTRASPECIES_INTERACTION_BETWEEN_ORGANISMS,4,-0.477078915034148,-0.000475902189432331,0.5,0.633305928363599,0.783303441062736
GOBP_AMINO_ACID_TRANSPORT,4,0.476366211357779,0.00155994502244651,0.5,0.633813502185765,0.783742968961216
GOBP_SYNAPTIC_VESICLE_EXOCYTOSIS,4,0.47515050448458,-0.00370364751159582,0.5,0.634679702825548,0.784625639819628
GOBP_ALPHA_BETA_T_CELL_PROLIFERATION,4,-0.474049311694259,-0.0250757351000847,0.5,0.635464743317037,0.785395850266954
KEGG_GLUTATHIONE_METABOLISM,4,0.473738721631821,0.0386380907381155,0.75,0.635686237159581,0.785395850266954
GOBP_REGULATION_OF_STRESS_ACTIVATED_PROTEIN_KINASE_SIGNALING_CASCADE,4,-0.473634844640494,-0.0140724366780111,0.5,0.635760323152586,0.785395850266954
REACTOME_SARS_COV_INFECTIONS,4,-0.4734159238353,-0.053050185868222,0.75,0.635916471350877,0.785400314460462
REACTOME_DETOXIFICATION_OF_REACTIVE_OXYGEN_SPECIES,4,0.472765404280859,0.0137444114323279,0.25,0.636380558614916,0.785785011105085
REACTOME_REGULATION_OF_GENE_EXPRESSION_IN_BETA_CELLS,4,0.472138772545959,-0.0346887753570787,0.25,0.636827739049585,0.786148652209618
GOBP_MIRNA_METABOLIC_PROCESS,3,-0.471378880863878,-0.06067195809639,0.666666666666667,0.637370194700663,0.786629705779893
REACTOME_TRANSPORT_OF_BILE_SALTS_AND_ORGANIC_ACIDS_METAL_IONS_AND_AMINE_COMPOUNDS,4,0.469810439951886,0.0439305177378087,0.75,0.63849045489716,0.787823472864959
GOBP_POSITIVE_REGULATION_OF_CHEMOKINE_PRODUCTION,4,0.469559628651648,0.0727783534022208,0.75,0.638669673712994,0.787846143259149
GOBP_CELLULAR_RESPONSE_TO_ALCOHOL,4,0.469356484444193,0.0246124850749129,0.5,0.638814847175558,0.787846143259149
GOBP_HINDBRAIN_DEVELOPMENT,4,-0.468478306155661,-0.0235124336731598,0.5,0.639442581166613,0.788431477592647
REACTOME_RAP1_SIGNALLING,4,-0.467773126693545,-0.0474498211274286,0.5,0.639946840211812,0.78886432373728
GOBP_CELLULAR_RESPONSE_TO_CAMP,4,0.467299503613288,-0.000297573962458869,0.75,0.640285611547263,0.788993750397249
REACTOME_SIGNALING_BY_FGFR2_IIIA_TM,4,0.466963782358588,0.00040428126826695,0.75,0.640525790402102,0.788993750397249
GOBP_CLEAVAGE_INVOLVED_IN_RRNA_PROCESSING,4,-0.466889838444568,-0.03017544583052,1,0.640578695791424,0.788993750397249
HALLMARK_MYC_TARGETS_V1,4,-0.466769549377679,-0.0721613248268879,0.75,0.640664764111652,0.788993750397249
GOBP_NEGATIVE_REGULATION_OF_CELL_JUNCTION_ASSEMBLY,4,-0.466302393805967,-0.0384644949179402,0.75,0.640999065539992,0.789216687820521
REACTOME_RAB_GEFS_EXCHANGE_GTP_FOR_GDP_ON_RABS,4,0.465243754704108,-0.00958707362105779,0.5,0.641756908228013,0.789889061114976
REACTOME_ESTROGEN_DEPENDENT_NUCLEAR_EVENTS_DOWNSTREAM_OF_ESR_MEMBRANE_SIGNALING,4,0.465110988296864,-0.0505074936896394,0.25,0.641851977414072,0.789889061114976
GOBP_OOGENESIS,4,-0.464248035965057,-0.0223403047385018,0.75,0.642470049165058,0.790460760609531
GOBP_REGULATION_OF_RESPONSE_TO_REACTIVE_OXYGEN_SPECIES,4,-0.463654722936231,-0.0447924012023321,0.5,0.642895141042404,0.790794811568882
GOBP_POSITIVE_REGULATION_OF_INFLAMMATORY_RESPONSE,4,-0.462633123972657,0.0157629214376511,0.5,0.643627361585149,0.791324952165715
GOBP_REGULATION_OF_ENDOCYTOSIS,4,0.462479834526902,0.0020612901880383,0.5,0.64373726009859,0.791324952165715
GOBP_INHIBITORY_SYNAPSE_ASSEMBLY,3,0.462410199048351,0.0273181987552397,0.333333333333333,0.643787186759017,0.791324952165715
REACTOME_REGULATION_OF_RAS_BY_GAPS,4,0.46152391655264,-0.00541525263180435,0.5,0.644422766515101,0.791917141953761
GOBP_REGULATION_OF_LEUKOCYTE_CHEMOTAXIS,4,0.460726592992717,0.0634106260603341,0.75,0.644994773352561,0.792254934856471
GOBP_SPROUTING_ANGIOGENESIS,4,0.460711815073291,-0.0175832834201564,0.5,0.645005377144752,0.792254934856471
GOBP_POSITIVE_REGULATION_OF_PLASMA_MEMBRANE_BOUNDED_CELL_PROJECTION_ASSEMBLY,4,0.46003631171119,0.00669714119055336,0.5,0.645490156877183,0.792549349244709
REACTOME_GRB2_EVENTS_IN_ERBB2_SIGNALING,3,0.459948875349606,-0.0291802340625511,0.666666666666667,0.6455529172135,0.792549349244709
GOBP_VASCULAR_PROCESS_IN_CIRCULATORY_SYSTEM,4,-0.459126948244923,-0.0188813856906373,0.5,0.646143005869284,0.793084704939438
GOBP_PURINERGIC_NUCLEOTIDE_RECEPTOR_SIGNALING_PATHWAY,4,-0.458805515537791,-0.0100773298866558,0.75,0.646373833641043,0.793178948860279
GOBP_MELANOCYTE_DIFFERENTIATION,4,0.458402305250739,0.0413179679964071,0.5,0.646663435795135,0.793345253969299
GOBP_RESPONSE_TO_COCAINE,4,0.456971891334951,-0.0326492362869016,0.5,0.64769124925776,0.794239269105066
GOBP_REGULATION_OF_FILOPODIUM_ASSEMBLY,4,-0.456958800664713,0.00830669625469048,0.5,0.647700658569076,0.794239269105066
GOBP_HEART_FORMATION,4,-0.456304567076947,0.03113187052592,0.5,0.648170980228045,0.7945072395638
GOBP_NEGATIVE_REGULATION_OF_EXTRINSIC_APOPTOTIC_SIGNALING_PATHWAY_VIA_DEATH_DOMAIN_RECEPTORS,4,-0.456225549825704,-0.0688991401001815,0.5,0.648227794408142,0.7945072395638
GOBP_GLUTAMINE_FAMILY_AMINO_ACID_BIOSYNTHETIC_PROCESS,3,0.455801416042598,0.0463421315745481,0.666666666666667,0.648532785760953,0.794691888120692
GOBP_REGULATION_OF_HAIR_FOLLICLE_DEVELOPMENT,4,-0.455395961967495,-0.0369217687535608,0.5,0.648824399808024,0.794860060578519
GOBP_RECEPTOR_CATABOLIC_PROCESS,4,0.454568403895884,0.00616292001910654,0.5,0.649419770077297,0.795400189373931
REACTOME_INITIATION_OF_NUCLEAR_ENVELOPE_NE_REFORMATION,4,-0.453992483046043,-0.0305694022488327,0.75,0.649834237141995,0.795718546264954
REACTOME_RUNX1_REGULATES_TRANSCRIPTION_OF_GENES_INVOLVED_IN_DIFFERENTIATION_OF_HSCS,4,-0.453107005787491,-0.0498268394153678,0.75,0.650471690882781,0.796309732847227
GOBP_CHROMOSOME_LOCALIZATION,4,0.452745534130068,-0.0187514067461497,0.5,0.650731987333313,0.796439030848402
GOBP_REGULATION_OF_T_CELL_RECEPTOR_SIGNALING_PATHWAY,4,-0.452046192200461,-0.030004854558905,0.5,0.65123570575003,0.796866123789664
GOBP_NEUROMUSCULAR_PROCESS,4,-0.451569148162247,-0.0256686471689392,0.75,0.651579399969204,0.797078797342316
KEGG_PARKINSONS_DISEASE,4,0.450981334505204,0.0115567177755095,0.75,0.652003001806922,0.797078797342316
REACTOME_SCF_SKP2_MEDIATED_DEGRADATION_OF_P27_P21,4,0.45095133819258,-0.00583336484547507,0.5,0.652024621352441,0.797078797342316
REACTOME_SIGNALING_BY_TGF_BETA_RECEPTOR_COMPLEX,4,-0.450945647441987,-0.0688399257354279,0.5,0.652028722937626,0.797078797342316
GOBP_G_PROTEIN_COUPLED_RECEPTOR_SIGNALING_PATHWAY_COUPLED_TO_CYCLIC_NUCLEOTIDE_SECOND_MESSENGER,4,0.450357735484527,0.0470110193167863,0.75,0.652452514767269,0.797407547718175
GOBP_PITUITARY_GLAND_DEVELOPMENT,4,0.448412215221097,-0.0227800030055095,0.5,0.653855727648351,0.798785250179433
GOBP_FLUID_TRANSPORT,4,-0.448037188485648,0.0943347326192432,0.5,0.654126357836337,0.798785250179433
REACTOME_SIGNALING_BY_FGFR_IN_DISEASE,4,-0.447952114140319,-0.0422793639622801,0.5,0.65418775628498,0.798785250179433
GOBP_POSITIVE_REGULATION_OF_MAST_CELL_ACTIVATION_INVOLVED_IN_IMMUNE_RESPONSE,3,0.447803371881163,-0.0390727575187867,0.666666666666667,0.654295109708398,0.798785250179433
GOBP_NEGATIVE_REGULATION_OF_LEUKOCYTE_MIGRATION,4,-0.447719779666232,0.0334574890400889,0.25,0.654355444796436,0.798785250179433
GOBP_C_TERMINAL_PROTEIN_AMINO_ACID_MODIFICATION,3,-0.447161667570255,-0.0350382037312722,0.666666666666667,0.65475833612421,0.799087620929973
GOBP_IMMUNE_RESPONSE_TO_TUMOR_CELL,4,-0.445795883321504,0.0185998249136642,0.5,0.655744695750358,0.800080595163432
GOBP_RESPIRATORY_SYSTEM_DEVELOPMENT,4,0.445604813430506,-0.0141195726138853,0.25,0.655882732993755,0.800080595163432
GOBP_PURINE_NUCLEOSIDE_MONOPHOSPHATE_METABOLIC_PROCESS,4,-0.445016605932065,-0.0534211267885913,0.75,0.656307753575707,0.800409432297801
GOBP_REGULATION_OF_PROTEIN_TARGETING,4,-0.443535210503512,-0.045560375421782,0.75,0.657378656913626,0.801351233053737
GOBP_POSITIVE_REGULATION_OF_MESENCHYMAL_CELL_PROLIFERATION,4,-0.443317439682681,-0.0298963258560147,0.5,0.657536143206025,0.801351233053737
REACTOME_INTERLEUKIN_1_SIGNALING,4,0.443299298716408,-0.0201183658435476,0.5,0.657549262975371,0.801351233053737
GOBP_REGULATION_OF_CELL_JUNCTION_ASSEMBLY,4,0.443087388473811,0.0305074722989109,0.5,0.65770252687611,0.801351233053737
GOBP_NEPHRON_MORPHOGENESIS,4,0.44266854876528,-0.00415004497238874,0.5,0.658005494662241,0.80142886317391
GOBP_REGULATION_OF_MUSCLE_ORGAN_DEVELOPMENT,4,0.442568966027149,0.0149874310590458,0.5,0.658077536123382,0.80142886317391
GOBP_TRNA_METABOLIC_PROCESS,4,-0.442005095164039,-0.021739979374267,0.75,0.658485518911344,0.801736092900097
GOBP_SMOOTH_MUSCLE_CELL_APOPTOTIC_PROCESS,4,-0.441144023607544,0.0546329378859866,0.5,0.659108734299429,0.802152619664233
GOBP_ANTIFUNGAL_INNATE_IMMUNE_RESPONSE,3,0.440750786189579,0.0697721779772103,0.666666666666667,0.659393425441798,0.802152619664233
HALLMARK_SPERMATOGENESIS,4,-0.440705212876523,-0.0234308323983803,0.75,0.659426422234559,0.802152619664233
GOBP_SYNAPTIC_TRANSMISSION_CHOLINERGIC,4,0.440671579179806,0.0205200520542127,0.5,0.659450774721053,0.802152619664233
GOBP_POSITIVE_REGULATION_OF_NF_KAPPAB_TRANSCRIPTION_FACTOR_ACTIVITY,4,0.440184198266593,0.023790299495004,0.75,0.659803703492794,0.802392364025601
GOBP_REGULATION_OF_NERVOUS_SYSTEM_PROCESS,4,-0.439534493843046,0.000323795008039104,0.75,0.660274293874385,0.802670764820042
GOBP_TRANSFORMING_GROWTH_FACTOR_BETA1_PRODUCTION,1,0.439167249449438,0.0520775775186811,1,0.660540353807982,0.802670764820042
GOBP_POSITIVE_REGULATION_OF_NATURAL_KILLER_CELL_MEDIATED_CYTOTOXICITY,4,-0.439079087619148,-0.0184089341383175,0.75,0.660604231371094,0.802670764820042
GOBP_TRANSPORT_OF_VIRUS,4,-0.439007384078284,-0.00471418942228793,0.75,0.660656185921021,0.802670764820042
GOBP_PHOSPHATIDYLGLYCEROL_METABOLIC_PROCESS,4,-0.438284010219439,-0.0102959136094124,0.5,0.661180415537793,0.803010790034948
REACTOME_TCR_SIGNALING,4,0.438190822671021,-0.0102901846989939,0.5,0.661247960720175,0.803010790034948
GOBP_NEPHRIC_DUCT_DEVELOPMENT,2,-0.437921013133456,-0.015884292419371,0.5,0.661443542469072,0.803031406322606
GOBP_MAST_CELL_ACTIVATION_INVOLVED_IN_IMMUNE_RESPONSE,4,-0.437737123897046,0.00344862106052835,0.75,0.661576854849581,0.803031406322606
GOBP_POSITIVE_REGULATION_OF_MITOTIC_NUCLEAR_DIVISION,4,0.435672463795444,-0.00190493377776356,0.5,0.663074387087025,0.804659443580271
GOBP_POSITIVE_REGULATION_OF_ACTIN_FILAMENT_BUNDLE_ASSEMBLY,4,-0.435364792489327,-0.00165023995432053,0.5,0.663297661693179,0.804740730456687
GOBP_METENCEPHALON_DEVELOPMENT,4,-0.434870293184023,-0.0349790437974403,0.5,0.663656578543612,0.804986507166327
GOBP_CELLULAR_SODIUM_ION_HOMEOSTASIS,4,-0.434638429558655,0.0133636818883523,0.5,0.663824896088812,0.805001033905156
GOBP_REGULATION_OF_FEEDING_BEHAVIOR,4,-0.43429270677641,0.0370911052051636,0.25,0.664075899298058,0.805115800679468
REACTOME_GLUCAGON_TYPE_LIGAND_RECEPTORS,4,0.433384125088679,0.00411333484321986,0.5,0.664735731479803,0.805726054941032
REACTOME_GENE_AND_PROTEIN_EXPRESSION_BY_JAK_STAT_SIGNALING_AFTER_INTERLEUKIN_12_STIMULATION,4,-0.432398346789168,-0.0118329141318388,0.75,0.665451919466914,0.80606506846218
GOBP_POSITIVE_REGULATION_OF_PROTEIN_SERINE_THREONINE_KINASE_ACTIVITY,4,-0.432304536406305,-0.00774519687237587,0.5,0.665520090538456,0.80606506846218
GOBP_MITOCHONDRIAL_FISSION,4,-0.432150080694864,-0.0323251354921677,0.75,0.665632337989815,0.80606506846218
REACTOME_SIGNALING_BY_SCF_KIT,4,-0.432137316935718,-0.0732159246611543,0.75,0.665641614119478,0.80606506846218
GOBP_POSITIVE_REGULATION_OF_DIGESTIVE_SYSTEM_PROCESS,2,0.431819406120684,0.0221423066501861,1,0.665872673995176,0.806155278250919
GOBP_ESTABLISHMENT_OF_PROTEIN_LOCALIZATION_TO_ENDOPLASMIC_RETICULUM,4,-0.430670217747416,-0.082394228000725,0.5,0.666708176852951,0.806977057502549
REACTOME_HS_GAG_BIOSYNTHESIS,4,-0.430433829951695,0.0289206966901293,0.5,0.666880090926826,0.806995437880664
GOBP_REGULATION_OF_POSTSYNAPTIC_MEMBRANE_POTENTIAL,4,0.429887251164736,0.02844996891867,0.5,0.667277659748561,0.80723305148664
GOBP_NEGATIVE_REGULATION_OF_IMMUNE_RESPONSE,4,-0.429698016756181,-0.000177354314810403,0.5,0.667415326276353,0.80723305148664
GOBP_REGULATION_OF_ANOIKIS,4,0.429443231903731,-0.0688349579970236,0.5,0.667600697913161,0.80723305148664
GOBP_SEQUESTERING_OF_METAL_ION,3,-0.429145900367887,0.0417527018142462,0.666666666666667,0.667817050523212,0.80723305148664
GOBP_REGULATION_OF_SMALL_GTPASE_MEDIATED_SIGNAL_TRANSDUCTION,4,0.429086436940307,0.0214576348607549,0.75,0.667860322263174,0.80723305148664
REACTOME_DISEASES_OF_MITOTIC_CELL_CYCLE,4,0.428671671745048,-0.0639249094685773,0.5,0.66816217901871,0.807408368872879
GOBP_HISTAMINE_TRANSPORT,2,0.428153992067642,-0.00182815391234433,0.5,0.668539009912249,0.807674181613836
GOBP_REPLACEMENT_OSSIFICATION,4,0.427816177269243,0.0529032504730327,0.5,0.668784958086191,0.807781784936851
REACTOME_DEFECTIVE_C1GALT1C1_CAUSES_TNPS,3,0.427170481768649,0.0367249038842326,0.666666666666667,0.669255159616698,0.808160135287612
GOBP_ISOTYPE_SWITCHING_TO_IGG_ISOTYPES,3,0.426945917191921,-0.0141400384954779,0.333333333333333,0.669418720059944,0.808168110102849
GOBP_LATE_ENDOSOME_TO_VACUOLE_TRANSPORT_VIA_MULTIVESICULAR_BODY_SORTING_PATHWAY,3,0.426512089108166,0.0235175466274878,0.333333333333333,0.669734740898155,0.808360098660244
GOBP_PROTEIN_CONTAINING_COMPLEX_DISASSEMBLY,4,0.426117579178937,-0.019598939457227,0.5,0.67002217130916,0.80851749708715
KEGG_RNA_POLYMERASE,4,-0.425727471489163,-0.0260140171208039,0.75,0.670306441872371,0.808671009653429
GOBP_EOSINOPHIL_CHEMOTAXIS,4,-0.425364283189078,0.0355509983955415,0.5,0.670571138780573,0.808800841785236
REACTOME_SIGNALING_BY_NODAL,4,0.424842565287016,-0.0050019993203512,0.25,0.670951445925252,0.809070022264432
REACTOME_NEGATIVE_REGULATION_OF_TCF_DEPENDENT_SIGNALING_BY_WNT_LIGAND_ANTAGONISTS,3,0.423765472316589,-0.0206089697369163,0.666666666666667,0.67173686125039,0.809505637143581
GOBP_REGULATION_OF_ORGANIC_ACID_TRANSPORT,4,-0.423742584438763,0.0130187997831381,0.5,0.671753554965818,0.809505637143581
GOBP_RESPONSE_TO_DEXAMETHASONE,4,0.423700371721928,-0.00459851186478398,0.5,0.671784344050209,0.809505637143581
GOBP_PHOSPHATIDYLCHOLINE_CATABOLIC_PROCESS,3,-0.423389491125533,-0.00625343080631681,0.666666666666667,0.672011110899408,0.80958942677142
GOBP_CLATHRIN_COAT_ASSEMBLY,3,-0.422761186767892,-0.0385587914280172,0.666666666666667,0.672469508512171,0.809807305106197
GOBP_REGULATION_OF_PHOSPHOPROTEIN_PHOSPHATASE_ACTIVITY,4,-0.422710473395835,-0.056468991715951,0.75,0.672506513232492,0.809807305106197
GOBP_NEGATIVE_REGULATION_OF_INTERLEUKIN_2_PRODUCTION,4,-0.421903433211817,-0.0355450086877281,0.75,0.673095503997841,0.810327040001142
GOBP_T_HELPER_1_TYPE_IMMUNE_RESPONSE,4,0.421015141524586,0.0651390299126448,0.5,0.673744025279869,0.810855310701829
REACTOME_FC_EPSILON_RECEPTOR_FCERI_SIGNALING,4,0.420871021664814,-0.0114072388602525,0.5,0.673849266749491,0.810855310701829
GOBP_POSITIVE_REGULATION_OF_NATURAL_KILLER_CELL_MEDIATED_IMMUNITY,4,-0.420142310527824,-0.0231050669141864,0.75,0.674381495356227,0.811306149436732
GOBP_DE_NOVO_PROTEIN_FOLDING,4,-0.419378606471832,-0.044328789507833,0.75,0.674939456630446,0.811787727678152
GOBP_NUCLEOTIDE_SUGAR_BIOSYNTHETIC_PROCESS,3,-0.419065724188441,-0.0411325546158754,0.333333333333333,0.675168099681954,0.811873083900603
GOBP_POSITIVE_REGULATION_OF_VASCULAR_PERMEABILITY,4,-0.4184553985681,-0.120727662702272,0.75,0.67561418982643,0.812219814012675
GOBP_CHROMATIN_DISASSEMBLY,4,0.41794341334865,-0.0282329756480757,0.5,0.675988490353529,0.812480097299327
GOBP_DOUBLE_STRAND_BREAK_REPAIR,4,-0.417073440044964,-0.03396465732526,0.75,0.676624691323466,0.813054967473636
GOBP_TRNA_5_END_PROCESSING,1,0.416637292596848,0.0325092077513166,1,0.676943727598935,0.813248542558776
GOBP_RESPONSE_TO_VITAMIN_A,4,-0.415294114336061,-0.0455470778970074,0.75,0.677926609304758,0.81376940607615
GOBP_RENAL_VESICLE_DEVELOPMENT,4,-0.415114857184626,-0.00136749661847643,0.75,0.678057823706368,0.81376940607615
REACTOME_CD209_DC_SIGN_SIGNALING,4,-0.415087474794534,-0.0451537388378658,0.5,0.678077868195661,0.81376940607615
REACTOME_TAK1_ACTIVATES_NFKB_BY_PHOSPHORYLATION_AND_ACTIVATION_OF_IKKS_COMPLEX,4,-0.414949022564902,-0.0450878382610553,0.5,0.678179221647108,0.81376940607615
REACTOME_RHOBTB2_GTPASE_CYCLE,4,-0.414797192466762,-0.0992326212743576,0.75,0.678290375012643,0.81376940607615
GOBP_MITOTIC_SPINDLE_ASSEMBLY,4,0.414749138134152,-0.0314543133706798,0.5,0.678325556589403,0.81376940607615
GOBP_POSITIVE_REGULATION_OF_NITRIC_OXIDE_METABOLIC_PROCESS,4,-0.414351735701638,-0.00217615743446624,0.25,0.678616530049531,0.813894997879642
GOBP_MYELOID_LEUKOCYTE_ACTIVATION,4,0.414174409102508,0.041622625558862,0.75,0.678746381995569,0.813894997879642
GOBP_ENDOPLASMIC_RETICULUM_ORGANIZATION,4,-0.413574687908057,-0.0280962913697099,1,0.679185613858531,0.814232066532614
GOBP_NUCLEOSIDE_TRIPHOSPHATE_BIOSYNTHETIC_PROCESS,4,-0.412844544894742,-0.0420311634539591,0.25,0.679720512866538,0.814373047369224
REACTOME_THE_ROLE_OF_GTSE1_IN_G2_M_PROGRESSION_AFTER_G2_CHECKPOINT,4,0.412776362094507,-0.00652404838973171,0.5,0.679770471470863,0.814373047369224
GOBP_CELLULAR_RESPONSE_TO_MECHANICAL_STIMULUS,4,0.412766502082003,-0.0111310224611174,0.25,0.67977769617264,0.814373047369224
REACTOME_PRE_NOTCH_EXPRESSION_AND_PROCESSING,4,-0.411189621333171,-0.0268679309656933,0.5,0.680933497953597,0.815567941605739
REACTOME_DEGRADATION_OF_AXIN,4,0.410249566960476,-0.0130438046645064,0.5,0.681622883743168,0.816032671653108
KEGG_LEISHMANIA_INFECTION,4,0.410228307295234,0.0401333203871786,0.5,0.681638477525736,0.816032671653108
REACTOME_AURKA_ACTIVATION_BY_TPX2,4,0.409774372880732,-0.0566321288785082,0.5,0.681971466978778,0.816241534977622
GOBP_EMBRYONIC_ORGAN_MORPHOGENESIS,4,-0.409508178827745,-0.00585735278400393,0.75,0.682166765882151,0.816285539746036
GOBP_REGULATION_OF_BLOOD_CIRCULATION,4,0.40893359390427,0.0162192600949844,0.75,0.68258839483849,0.816600289271232
GOBP_NEGATIVE_REGULATION_OF_INTERLEUKIN_6_PRODUCTION,4,0.408663300362658,0.0774918770248186,0.5,0.682786769826662,0.816647869416372
GOBP_POSITIVE_REGULATION_OF_EPITHELIAL_CELL_PROLIFERATION,4,0.407897411033448,-0.000858583520058778,0.5,0.683348993565808,0.817065493526567
GOBP_ANTIGEN_RECEPTOR_MEDIATED_SIGNALING_PATHWAY,4,-0.407593276156735,0.0120227501814356,0.5,0.683572301521926,0.817065493526567
REACTOME_COSTIMULATION_BY_THE_CD28_FAMILY,4,-0.407539223733016,-0.0194334284890748,0.75,0.683611991864915,0.817065493526567
GOBP_REGULATION_OF_G_PROTEIN_COUPLED_RECEPTOR_SIGNALING_PATHWAY,4,0.407086886276428,-0.00573896037980365,0.5,0.68394417458011,0.817272813857736
REACTOME_MITOTIC_G1_PHASE_AND_G1_S_TRANSITION,4,0.406602858929243,-0.064305849094766,0.5,0.684299697127472,0.817365901362193
REACTOME_SIGNALING_BY_CTNNB1_PHOSPHO_SITE_MUTANTS,2,0.40621071294757,0.0599916333342762,0.5,0.684587783280215,0.817365901362193
REACTOME_GENERATION_OF_SECOND_MESSENGER_MOLECULES,4,-0.4061498778086,0.00294473544832283,0.5,0.684632479324218,0.817365901362193
GOBP_POSITIVE_REGULATION_OF_MORPHOGENESIS_OF_AN_EPITHELIUM,4,0.406030546585037,0.00113831548784692,0.5,0.684720156098651,0.817365901362193
GOBP_NEGATIVE_REGULATION_OF_EPITHELIAL_CELL_APOPTOTIC_PROCESS,4,-0.405816092054738,-0.064755952640554,0.5,0.684877733931199,0.817365901362193
REACTOME_CALNEXIN_CALRETICULIN_CYCLE,4,-0.405684364839259,-0.0707390125544085,0.75,0.684974531827124,0.817365901362193
GOBP_REGULATION_OF_PROTEIN_TYROSINE_KINASE_ACTIVITY,4,0.404364738346373,-0.0138284332635206,0.5,0.685944526091638,0.818333726794681
REACTOME_RAB_GERANYLGERANYLATION,4,0.404047279772878,0.0179350650628014,0.5,0.686177952002284,0.818422408926537
GOBP_CELL_DEATH_IN_RESPONSE_TO_OXIDATIVE_STRESS,4,-0.403700763227903,-0.0425762669249814,0.75,0.686432778292168,0.818422408926537
GOBP_RESPONSE_TO_INCREASED_OXYGEN_LEVELS,4,0.403615202262541,0.0426505687593464,0.5,0.686495704826901,0.818422408926537
GOBP_REGULATION_OF_ENDOTHELIAL_CELL_DIFFERENTIATION,4,-0.403079837745476,-0.0498990361048086,0.5,0.686889492507219,0.818683487677187
GOBP_POSITIVE_REGULATION_OF_LEUKOCYTE_DEGRANULATION,4,-0.40241719872831,-0.0573292627289579,0.75,0.687377014703696,0.818683487677187
GOBP_MICROTUBULE_BUNDLE_FORMATION,4,0.402321285787872,-0.0148417408905734,0.5,0.687447591332508,0.818683487677187
GOBP_MICROTUBULE_BASED_TRANSPORT,4,0.402300930229903,0.0102442217737377,0.5,0.6874625701274,0.818683487677187
GOBP_REGULATION_OF_MYOBLAST_FUSION,4,0.402120437206753,0.0222584483282708,0.5,0.687595392680911,0.818683487677187
REACTOME_IRS_MEDIATED_SIGNALLING,4,-0.401928478932354,-0.0231907242411004,0.5,0.687736662947668,0.818683487677187
GOBP_POSITIVE_REGULATION_OF_LIPID_BIOSYNTHETIC_PROCESS,4,-0.401804801209808,-0.011232566529205,0.5,0.687827688423288,0.818683487677187
GOBP_NADP_METABOLIC_PROCESS,4,-0.401245512905117,-0.0548137956674919,0.75,0.688239375073211,0.81898417893505
GOBP_SUPEROXIDE_ANION_GENERATION,4,0.40048601331799,0.0352176921338801,0.5,0.688798583201057,0.819172066902841
GOBP_POSITIVE_REGULATION_OF_MYELINATION,3,-0.400349544051781,-0.0325048019430807,0.666666666666667,0.688899081508024,0.819172066902841
GOBP_REGULATION_OF_MAST_CELL_ACTIVATION,4,-0.400088009354059,0.0219131012603739,0.75,0.689091695486083,0.819172066902841
GOBP_MAINTENANCE_OF_GASTROINTESTINAL_EPITHELIUM,4,0.39986705551808,-0.00218488035168346,0.5,0.689254438348685,0.819172066902841
KEGG_ALPHA_LINOLENIC_ACID_METABOLISM,3,0.399746588575446,-0.0178611219705442,0.333333333333333,0.689343173959157,0.819172066902841
GOBP_MODIFIED_AMINO_ACID_TRANSPORT,4,0.399734839283478,0.0628307491844131,0.75,0.689351828683241,0.819172066902841
GOBP_CARDIAC_CELL_DEVELOPMENT,4,0.399431210652209,0.0293105854829195,0.75,0.689575500683498,0.819248789344562
GOBP_REGULATION_OF_T_CELL_DIFFERENTIATION_IN_THYMUS,4,-0.398586861963766,-0.00340615078082586,0.5,0.690197643742131,0.819798769925775
GOBP_NEGATIVE_REGULATION_OF_CELL_CYCLE_G1_S_PHASE_TRANSITION,4,0.398208134254024,-0.00477331320364018,0.5,0.69047677045927,0.819941164920383
GOBP_VASODILATION,4,0.39778444943396,-0.00913612468548892,0.5,0.690789080978496,0.819981556462795
GOBP_SKELETAL_SYSTEM_MORPHOGENESIS,4,-0.397729912370529,-0.0142453431388967,0.5,0.690829285674035,0.819981556462795
GOBP_KINETOCHORE_ASSEMBLY,2,0.396344123375827,-0.0582189482242596,0.5,0.691851180965374,0.820821331970439
GOBP_REGULATION_OF_VASOCONSTRICTION,4,-0.396338107022106,0.00849188018076385,0.75,0.691855618712703,0.820821331970439
GOBP_PINOCYTOSIS,4,0.395160455066123,-0.00444432855981687,0.5,0.692724474986656,0.821662824627111
GOBP_POSITIVE_REGULATION_OF_PEPTIDASE_ACTIVITY,4,0.394560275571897,-0.00342964228585712,0.75,0.693167435241642,0.821998877028839
GOBP_CELLULAR_KETONE_METABOLIC_PROCESS,4,-0.394277763163453,-0.0150749673883564,0.5,0.693375978800842,0.822056853521883
GOBP_NEUROINFLAMMATORY_RESPONSE,4,0.39304551780538,0.0461796728449507,0.5,0.694285862809927,0.822946111327881
REACTOME_THE_CITRIC_ACID_TCA_CYCLE_AND_RESPIRATORY_ELECTRON_TRANSPORT,4,-0.392637778336853,-0.0245488168870711,0.5,0.694587032775233,0.823113609150673
REACTOME_HEME_DEGRADATION,2,-0.391547737523054,-0.00852446674678714,0.5,0.695392409910256,0.823878398211668
GOBP_REGULATION_OF_PROTEIN_EXIT_FROM_ENDOPLASMIC_RETICULUM,4,0.390313519013024,-0.0489415252839914,0.25,0.696304727787444,0.824769506183011
KEGG_CITRATE_CYCLE_TCA_CYCLE,4,0.389966140316421,-0.0119110729886151,0.5,0.696561584818135,0.824818672454366
GOBP_POSITIVE_REGULATION_OF_CELL_CELL_ADHESION,4,0.389784470927863,0.0172094661564335,0.75,0.696695927754592,0.824818672454366
GOBP_CELL_ADHESION_MEDIATED_BY_INTEGRIN,4,-0.389607498860775,-0.0410718911169262,0.75,0.696826806210234,0.824818672454366
GOBP_POSITIVE_REGULATION_OF_CELL_JUNCTION_ASSEMBLY,4,-0.386541269107008,0.0375070922841102,0.25,0.699095844689853,0.827314296554367
GOBP_HISTONE_MRNA_METABOLIC_PROCESS,3,-0.386080249956305,0.0066604601492696,0.666666666666667,0.69943723629554,0.827528108843229
REACTOME_RAC1_GTPASE_CYCLE,4,0.385735791734429,0.0227900080360529,0.5,0.699692352451293,0.827639770910109
GOBP_NEGATIVE_REGULATION_OF_CYTOKINE_PRODUCTION_INVOLVED_IN_INFLAMMATORY_RESPONSE,4,0.385503836492118,0.0499580525689661,0.5,0.699864164606119,0.82765286714674
GOBP_LONG_CHAIN_FATTY_ACID_BIOSYNTHETIC_PROCESS,4,0.385064521751707,0.0239010296618858,0.5,0.700189612639068,0.827684804056031
GOBP_FORELIMB_MORPHOGENESIS,4,0.384782109307321,0.0671044653767446,0.5,0.700398855216454,0.827684804056031
HALLMARK_MTORC1_SIGNALING,4,0.38466165657083,-0.0536241361983535,0.25,0.700488106930987,0.827684804056031
REACTOME_TRANSCRIPTION_OF_E2F_TARGETS_UNDER_NEGATIVE_CONTROL_BY_P107_RBL1_AND_P130_RBL2_IN_COMPLEX_WITH_HDAC1,3,0.384599509849927,-0.00608368831400161,0.333333333333333,0.700534157326895,0.827684804056031
GOBP_OPSONIZATION,3,0.384126327668408,0.0899327711217199,0.666666666666667,0.700884818938467,0.827909138039496
GOBP_SPINAL_CORD_MOTOR_NEURON_DIFFERENTIATION,4,0.383056739767863,-0.0118915555771892,0.5,0.701677694341224,0.828655607376826
GOBP_CELLULAR_RESPONSE_TO_UV,4,-0.38252691517466,-0.0138317805058056,0.75,0.702070568691493,0.828929456132194
GOBP_ANATOMICAL_STRUCTURE_MATURATION,4,0.382110710020343,0.00209553952924173,0.75,0.702379248061935,0.828975900452977
GOBP_REGULATION_OF_MACROPHAGE_CHEMOTAXIS,4,0.381723059237395,0.0785046166174651,0.75,0.702666794186034,0.828975900452977
GOBP_NEGATIVE_REGULATION_OF_AMYLOID_PRECURSOR_PROTEIN_BIOSYNTHETIC_PROCESS,1,-0.381604799803819,-0.0260238290859933,1,0.70275452347138,0.828975900452977
GOBP_REGULATION_OF_CILIUM_DEPENDENT_CELL_MOTILITY,4,-0.381500582821751,-0.0379758603720376,0.75,0.702831838821204,0.828975900452977
REACTOME_NRAGE_SIGNALS_DEATH_THROUGH_JNK,4,0.381388635520705,0.0129223386018072,0.5,0.702914892479646,0.828975900452977
GOBP_FUCOSYLATION,3,-0.38063625238621,-0.0572525287675022,0.666666666666667,0.703473177190932,0.829293014147641
GOBP_RECEPTOR_METABOLIC_PROCESS,4,-0.380414570200731,-0.00978958999683592,0.5,0.703637700722744,0.829293014147641
GOBP_REGULATION_OF_SKELETAL_MUSCLE_TISSUE_DEVELOPMENT,4,0.380375147180047,0.0365899688237437,0.5,0.703666960343959,0.829293014147641
GOBP_DETECTION_OF_LIGHT_STIMULUS,4,-0.379438122818803,0.000724262464810793,0.5,0.704362545450631,0.829621251350168
GOBP_POSITIVE_REGULATION_OF_PROTEASOMAL_UBIQUITIN_DEPENDENT_PROTEIN_CATABOLIC_PROCESS,4,-0.37923267161566,-0.0552022786437742,0.75,0.704515091959465,0.829621251350168
GOBP_EPITHELIAL_TUBE_BRANCHING_INVOLVED_IN_LUNG_MORPHOGENESIS,4,0.379151293419643,0.0637003829700956,0.75,0.704575518156838,0.829621251350168
GOBP_PROTEIN_FOLDING,4,0.379053986239124,-0.0368534490908781,0.25,0.704647774637842,0.829621251350168
REACTOME_SYNTHESIS_OF_PIPS_AT_THE_PLASMA_MEMBRANE,4,0.378914860920121,-0.0752865634484763,0.25,0.70475108825124,0.829621251350168
GOBP_POSITIVE_REGULATION_OF_T_CELL_CYTOKINE_PRODUCTION,4,-0.378383260539813,0.0630822371504912,0.5,0.705145901602164,0.82979595965772
GOBP_MITOTIC_CHROMOSOME_CONDENSATION,4,0.378281060008905,0.00817521754611748,0.75,0.705221813840005,0.82979595965772
HALLMARK_MYOGENESIS,4,-0.377863862125251,-0.0864173651387717,0.75,0.705531729407855,0.829970956070606
GOBP_STEROID_CATABOLIC_PROCESS,4,-0.37738062636277,0.00564515054409069,0.5,0.705890762303271,0.830203639812595
GOBP_RNA_MEDIATED_GENE_SILENCING_BY_INHIBITION_OF_TRANSLATION,2,-0.377139572803316,-0.00214875278379009,0.5,0.706069883956344,0.830224670584886
GOBP_OUTFLOW_TRACT_MORPHOGENESIS,4,-0.374594348250428,-0.0205551753756208,0.5,0.707962176932522,0.832194203430278
GOBP_MESONEPHROS_DEVELOPMENT,4,0.374324064821276,-0.0182325664221249,0.25,0.708163230211417,0.832194203430278
GOBP_PULMONARY_VALVE_DEVELOPMENT,4,0.374234641452076,-0.0466228937300151,0.5,0.708229753239751,0.832194203430278
GOBP_MODULATION_OF_EXCITATORY_POSTSYNAPTIC_POTENTIAL,4,-0.372062671588848,-0.0334317440779175,0.5,0.709846188139594,0.833903267791643
GOBP_REGULATION_OF_HUMORAL_IMMUNE_RESPONSE,4,0.371709728355095,0.0268054526137812,0.5,0.71010898102215,0.834021702391206
GOBP_REGULATION_OF_VASCULAR_ASSOCIATED_SMOOTH_MUSCLE_CELL_DIFFERENTIATION,2,-0.370874373483821,-0.0465846674644212,0.5,0.710731103111653,0.834327060858817
REACTOME_IRON_UPTAKE_AND_TRANSPORT,4,-0.370867235768578,-0.0189784957761361,0.75,0.710736419684009,0.834327060858817
GOBP_POSITIVE_REGULATION_OF_CD4_POSITIVE_ALPHA_BETA_T_CELL_ACTIVATION,4,0.370635563743738,-0.00202302277480077,0.75,0.710908989697709,0.834327060858817
GOBP_INTERFERON_GAMMA_PRODUCTION,4,-0.370490413008779,0.0110966216155832,0.5,0.711017118479023,0.834327060858817
GOBP_REGULATION_OF_ACTIN_FILAMENT_ORGANIZATION,4,0.3698201826158,0.0109365645721365,0.75,0.711516476183882,0.834722792406199
REACTOME_RUNX2_REGULATES_BONE_DEVELOPMENT,4,0.369479328315095,0.00951668415795076,0.75,0.711770478475129,0.834763715506115
GOBP_REGULATION_OF_HETEROTYPIC_CELL_CELL_ADHESION,4,-0.369338272024427,-7.85371137449614e-05,0.75,0.711875602017353,0.834763715506115
GOBP_REGULATION_OF_BIOLOGICAL_PROCESS_INVOLVED_IN_SYMBIOTIC_INTERACTION,4,0.368635673623789,0.0124964499394033,0.5,0.712399301702465,0.83504784141533
GOBP_TUMOR_NECROSIS_FACTOR_SUPERFAMILY_CYTOKINE_PRODUCTION,4,-0.368578056273216,0.0143098808982896,0.5,0.712442254289676,0.83504784141533
REACTOME_ATTENUATION_PHASE,4,0.368013912221523,0.0358574876841443,0.75,0.712862860613995,0.835350675762736
GOBP_REGULATION_OF_EXIT_FROM_MITOSIS,3,-0.366938834453835,-0.0475269828799572,0.666666666666667,0.713664643169416,0.836099942589152
GOBP_NEGATIVE_REGULATION_OF_CELL_SUBSTRATE_JUNCTION_ORGANIZATION,4,-0.366281717419999,-0.104493323843167,0.75,0.714154870498725,0.836345457584091
GOBP_ETHANOL_METABOLIC_PROCESS,4,0.366222487675836,0.0756736991297606,0.5,0.714199063312731,0.836345457584091
GOBP_NEGATIVE_REGULATION_OF_PROTEIN_POLYMERIZATION,4,-0.364431192360898,0.0119655388548738,0.75,0.715536046441428,0.837644342996325
GOBP_POSITIVE_REGULATION_OF_PEPTIDYL_SERINE_PHOSPHORYLATION,4,0.36430052034651,0.027381075486171,0.75,0.715633611349939,0.837644342996325
GOBP_POSITIVE_REGULATION_OF_UBIQUITIN_DEPENDENT_PROTEIN_CATABOLIC_PROCESS,4,-0.36360626077082,-0.0563851351974157,0.75,0.716152050940928,0.837894903556497
GOBP_GROWTH_PLATE_CARTILAGE_DEVELOPMENT,4,-0.363578030528064,-0.0501541787659053,0.75,0.716173134696473,0.837894903556497
GOBP_NUCLEOTIDE_BINDING_DOMAIN_LEUCINE_RICH_REPEAT_CONTAINING_RECEPTOR_SIGNALING_PATHWAY,4,-0.363024765116859,-0.0443077570359724,0.5,0.716586384606,0.838029418901797
GOBP_DETECTION_OF_LIGHT_STIMULUS_INVOLVED_IN_SENSORY_PERCEPTION,3,-0.362778956410691,0.00546413078930831,0.666666666666667,0.716770012864753,0.838029418901797
GOBP_REGULATION_OF_SIGNALING_RECEPTOR_ACTIVITY,4,0.362770438762022,0.0320711775686699,0.75,0.71677637615916,0.838029418901797
REACTOME_SEROTONIN_NEUROTRANSMITTER_RELEASE_CYCLE,4,0.362034386154787,-0.0580356152836852,0.5,0.717326334464491,0.838482019559061
REACTOME_PURINE_CATABOLISM,2,0.361520755019057,0.0148524245683354,0.5,0.717710192392727,0.838658829489553
GOBP_MORPHOGENESIS_OF_A_BRANCHING_STRUCTURE,4,0.361396114208353,0.0167074452876874,0.5,0.717803352410266,0.838658829489553
GOBP_NEGATIVE_REGULATION_OF_IMMUNE_EFFECTOR_PROCESS,4,-0.3593682557538,0.00749321871151513,0.25,0.719319619005822,0.840076168407508
GOBP_CELLULAR_RESPONSE_TO_REACTIVE_OXYGEN_SPECIES,4,0.35933733001615,-0.0284681406125206,0.25,0.719342751312624,0.840076168407508
GOBP_OXYGEN_TRANSPORT,1,0.359099875660545,0.0318363185586849,1,0.719520374620694,0.840093063247608
GOBP_JNK_CASCADE,4,-0.358259159294855,0.00520451923871179,0.5,0.720149378527776,0.840299073419392
GOBP_CELLULAR_AMINO_ACID_BIOSYNTHETIC_PROCESS,4,-0.358236151106587,-0.0451964463887001,0.5,0.720166595370285,0.840299073419392
GOBP_ENDOTHELIAL_CELL_DEVELOPMENT,4,-0.357672626035521,-0.0577885473709996,0.75,0.720588320937506,0.840299073419392
GOBP_AMYLOID_PRECURSOR_PROTEIN_CATABOLIC_PROCESS,4,0.357506270557496,0.0317387330037133,0.75,0.720712832735227,0.840299073419392
REACTOME_VEGFR2_MEDIATED_VASCULAR_PERMEABILITY,4,0.357438478468901,-0.0875427490567824,0.25,0.7207635750868,0.840299073419392
KEGG_PROGESTERONE_MEDIATED_OOCYTE_MATURATION,4,0.357228948991618,-0.0491465010568534,0.5,0.720920415590154,0.840299073419392
GOBP_B_CELL_PROLIFERATION,4,-0.357104334798418,0.0246062818971611,0.5,0.721013699454743,0.840299073419392
GOBP_METHIONINE_METABOLIC_PROCESS,4,-0.356964972345786,-0.05432547568681,0.75,0.721118028508938,0.840299073419392
GOBP_VESICLE_BUDDING_FROM_MEMBRANE,4,0.35673767561576,-0.0245134944593027,0.5,0.721288197763421,0.840299073419392
GOBP_VITAMIN_D_METABOLIC_PROCESS,4,0.35668346802281,0.0410547179259929,0.75,0.721328783164442,0.840299073419392
GOBP_N_TERMINAL_PROTEIN_AMINO_ACID_MODIFICATION,3,0.356308393496949,0.0342847361911204,0.666666666666667,0.7216096241748,0.840309060597544
REACTOME_DEFECTIVE_B4GALT7_CAUSES_EDS_PROGEROID_TYPE,4,0.356236107567101,0.0579050346877872,0.5,0.721663753342851,0.840309060597544
GOBP_POSITIVE_REGULATION_OF_GRANULOCYTE_CHEMOTAXIS,4,0.35566426213496,0.0590477148930429,0.5,0.722092011891893,0.840617628132796
REACTOME_HSF1_DEPENDENT_TRANSACTIVATION,4,0.355353224268715,0.0137130615014868,0.75,0.722324986640303,0.840698769487097
GOBP_CARDIAC_VENTRICLE_DEVELOPMENT,4,0.354992549519717,-0.015600113073766,0.25,0.722595172835383,0.840823173995342
GOBP_HYPEROSMOTIC_RESPONSE,4,0.354524329886682,0.0155722848101647,0.5,0.722945973919633,0.841041305854539
HALLMARK_HEDGEHOG_SIGNALING,4,0.353568165029753,0.00266236291670261,0.75,0.7236625357826,0.841684751918817
GOBP_BIOLOGICAL_PROCESS_INVOLVED_IN_INTERACTION_WITH_HOST,4,0.353172473893885,0.0141816518489146,1,0.723959142565208,0.841839572056968
REACTOME_SCAVENGING_OF_HEME_FROM_PLASMA,1,0.352825816334242,0.0732159253480918,1,0.724219028254458,0.841942506841164
GOBP_TRIPARTITE_REGIONAL_SUBDIVISION,3,-0.352618194945637,-0.0107086606979668,0.666666666666667,0.724374695145923,0.841942506841164
GOBP_PROTEIN_MANNOSYLATION,3,0.35223288160051,0.0442253593094377,0.333333333333333,0.72466361913751,0.842088236276019
GOBP_REGULATION_OF_PEPTIDYL_THREONINE_PHOSPHORYLATION,4,-0.351838256877196,-0.000796002722518905,0.75,0.724959565836287,0.842242058775054
GOBP_NEGATIVE_REGULATION_OF_GROWTH,4,-0.350653788473377,-0.0283410909385812,0.75,0.725848098189682,0.84308410953726
GOBP_INTERLEUKIN_6_MEDIATED_SIGNALING_PATHWAY,4,0.350384011226315,-0.000100176099989701,0.5,0.726050524010548,0.843129036565249
GOBP_CELL_CYCLE_G1_S_PHASE_TRANSITION,4,0.34987985218486,-0.0166584322096357,0.25,0.726428868160114,0.843187341975047
GOBP_PEPTIDYL_CYSTEINE_MODIFICATION,4,0.349672459347549,0.0534583531506572,0.75,0.726584524670918,0.843187341975047
GOBP_CELL_PROLIFERATION_INVOLVED_IN_KIDNEY_DEVELOPMENT,4,0.34966249245089,-0.0236173303190548,0.5,0.726592005504619,0.843187341975047
GOBP_REGULATION_OF_ASTROCYTE_DIFFERENTIATION,4,0.349301167381637,-0.0407360829558086,0.5,0.726863222138853,0.843312016852851
GOBP_NEGATIVE_REGULATION_OF_PROTEIN_CONTAINING_COMPLEX_DISASSEMBLY,4,-0.34885307362229,-0.0133017441613471,0.75,0.727199616349007,0.84351223802231
GOBP_POSITIVE_REGULATION_OF_PHOSPHATIDYLINOSITOL_3_KINASE_SIGNALING,4,-0.345590884683802,-0.00525137770983123,0.5,0.729650197325182,0.846164159015172
GOBP_AMINE_TRANSPORT,4,0.344626792603393,0.0199123605128655,0.75,0.730374960805171,0.846813932264316
GOBP_LUNG_ALVEOLUS_DEVELOPMENT,4,-0.343881658745732,-0.049566045976142,0.75,0.73093528583063,0.8469840624465
GOBP_RESPIRATORY_ELECTRON_TRANSPORT_CHAIN,4,0.343727402600165,0.0011246724132774,0.75,0.731051301164676,0.8469840624465
REACTOME_TRNA_MODIFICATION_IN_THE_NUCLEUS_AND_CYTOSOL,4,0.34334553937926,0.0274316797818749,0.5,0.731338525185769,0.8469840624465
GOBP_TELOMERE_MAINTENANCE_VIA_RECOMBINATION,2,0.343323300068776,-0.0505397362069743,0.5,0.731355253970143,0.8469840624465
REACTOME_SIGNALING_BY_ERBB2,4,-0.343115118810982,-0.0903501517246187,0.75,0.731511857616032,0.8469840624465
GOBP_POSITIVE_REGULATION_OF_BMP_SIGNALING_PATHWAY,4,0.343083153412757,-0.0443611802111814,0.25,0.731535904469403,0.8469840624465
GOBP_LEUKOCYTE_CHEMOTAXIS,4,0.342722439441991,0.0565150657930857,0.75,0.731807279786913,0.8469840624465
GOBP_REGULATION_OF_OXIDATIVE_STRESS_INDUCED_CELL_DEATH,4,0.342682065147699,-0.0231681273901468,0.5,0.731837656598268,0.8469840624465
GOBP_POSITIVE_REGULATION_OF_MAP_KINASE_ACTIVITY,4,-0.342007742616812,-0.0100001378317998,0.5,0.732345065475705,0.84738084092908
REACTOME_ABC_FAMILY_PROTEINS_MEDIATED_TRANSPORT,4,0.341329954101881,-0.0253053983558145,0.5,0.732855200346798,0.847447253804624
GOBP_LYMPH_NODE_DEVELOPMENT,4,-0.341295053178342,0.0137586858730048,0.5,0.732881471587358,0.847447253804624
GOBP_NEUTROPHIL_ACTIVATION_INVOLVED_IN_IMMUNE_RESPONSE,4,-0.341244047404618,0.0440028925730436,0.5,0.732919866118485,0.847447253804624
GOBP_ALANINE_TRANSPORT,3,-0.341056826961964,-0.0449318678705959,0.333333333333333,0.733060801795649,0.847447253804624
REACTOME_ACTIVATED_TAK1_MEDIATES_P38_MAPK_ACTIVATION,4,0.339715500699018,-0.0324208226713877,0.5,0.734070787406191,0.847793443261035
GOBP_NEUROPEPTIDE_SIGNALING_PATHWAY,4,0.339619549689287,0.0572156776288211,0.5,0.734143053812568,0.847793443261035
GOBP_RESPONSE_TO_LEPTIN,4,-0.339497582672094,-0.0695145642382692,0.75,0.734234917819155,0.847793443261035
GOBP_NEGATIVE_REGULATION_OF_TRANSFERASE_ACTIVITY,4,-0.339496522920166,-0.0375027967700906,0.75,0.734235716027504,0.847793443261035
GOBP_DNA_GEOMETRIC_CHANGE,4,0.339407743219207,-0.024676399396517,0.5,0.734302586185768,0.847793443261035
GOBP_LONG_TERM_SYNAPTIC_POTENTIATION,4,0.33934721808274,0.00141060297837434,0.5,0.73434817575145,0.847793443261035
GOBP_POSITIVE_REGULATION_OF_GLYCOLYTIC_PROCESS,4,-0.338553309240248,-0.0345926093767664,0.5,0.734946261197553,0.848076513623918
GOBP_SMOOTH_MUSCLE_CELL_PROLIFERATION,4,-0.338438832039551,-0.00573759417717847,0.5,0.735032515033924,0.848076513623918
GOBP_RECEPTOR_MEDIATED_ENDOCYTOSIS,4,0.338365872342861,0.00788106401855978,0.75,0.735087488891735,0.848076513623918
GOBP_FEEDING_BEHAVIOR,4,-0.337919236521649,0.0245047665695671,0.5,0.735424050760341,0.84827473955309
GOBP_FEMALE_GAMETE_GENERATION,4,0.33742051265515,-0.00413892082564796,0.75,0.735799923540277,0.848437926876712
GOBP_POST_EMBRYONIC_DEVELOPMENT,4,-0.337294264626242,-0.0770646813087109,0.75,0.735895082818294,0.848437926876712
GOBP_CELL_MIGRATION_INVOLVED_IN_SPROUTING_ANGIOGENESIS,4,0.336763421421962,-0.035448326254867,0.5,0.736295249478252,0.848709254435531
GOBP_TROPHOBLAST_GIANT_CELL_DIFFERENTIATION,3,0.335916329942641,0.0371363316840787,0.666666666666667,0.736933962378222,0.849255365327991
GOBP_MANGANESE_ION_TRANSPORT,4,0.335345034305938,-0.00644530425726721,0.5,0.737364825943499,0.84939715656693
GOBP_PROTEIN_LOCALIZATION_TO_MITOCHONDRION,4,-0.335250416061963,-0.0374714370716735,0.5,0.737436193735568,0.84939715656693
GOBP_NEUROMUSCULAR_JUNCTION_DEVELOPMENT,4,0.33500698432013,0.0329224043254105,0.5,0.737619817628319,0.84939715656693
GOBP_EXPORT_ACROSS_PLASMA_MEMBRANE,4,-0.334878349650382,0.031155824516858,0.5,0.737716854567355,0.84939715656693
GOBP_CELLULAR_RESPONSE_TO_DEXAMETHASONE_STIMULUS,4,-0.33300657387709,-0.0496117653050222,0.75,0.739129320867466,0.850833193191725
GOBP_MATURATION_OF_5_8S_RRNA_FROM_TRICISTRONIC_RRNA_TRANSCRIPT_SSU_RRNA_5_8S_RRNA_LSU_RRNA,4,-0.332233014697374,-0.0435917940381766,0.75,0.739713316110613,0.851253296354926
GOBP_DENTATE_GYRUS_DEVELOPMENT,3,0.332085210057964,-0.0203389072726093,0.333333333333333,0.739824917690482,0.851253296354926
GOBP_NUCLEOSIDE_BISPHOSPHATE_METABOLIC_PROCESS,4,-0.33144561580354,0.0115811966649856,0.5,0.740307913745242,0.851618732769046
GOBP_LYMPH_VESSEL_DEVELOPMENT,4,-0.330485920677815,-0.0454844187753433,0.75,0.74103282924787,0.85213701500089
REACTOME_REGULATED_NECROSIS,4,-0.33041098128614,-0.0292669307228925,0.75,0.741089445168768,0.85213701500089
GOBP_NEGATIVE_REGULATION_OF_CD4_POSITIVE_ALPHA_BETA_T_CELL_ACTIVATION,4,-0.329625428620563,-0.0675399576089654,0.5,0.741683006246173,0.852499720163949
GOBP_CEREBRAL_CORTEX_DEVELOPMENT,4,0.329466900349692,0.0183627664931524,0.5,0.741802808350598,0.852499720163949
GOBP_METANEPHRIC_GLOMERULUS_DEVELOPMENT,4,0.329336204146652,0.0799250772514211,0.5,0.741901582065383,0.852499720163949
GOBP_PRODUCTION_OF_MOLECULAR_MEDIATOR_INVOLVED_IN_INFLAMMATORY_RESPONSE,4,0.328705012893268,0.0128597653536031,0.5,0.742378664962574,0.852857596138396
GOBP_STRESS_ACTIVATED_PROTEIN_KINASE_SIGNALING_CASCADE,4,-0.32798955852757,-0.0122790666804876,0.5,0.742919557420748,0.852975821906748
GOBP_CARTILAGE_DEVELOPMENT_INVOLVED_IN_ENDOCHONDRAL_BONE_MORPHOGENESIS,4,0.327938383645865,0.00850295857039773,0.5,0.742958251139629,0.852975821906748
REACTOME_ONCOGENIC_MAPK_SIGNALING,4,0.327911535591757,-0.0272810981178364,0.25,0.742978551418094,0.852975821906748
GOBP_ACTIVATION_OF_INNATE_IMMUNE_RESPONSE,4,-0.326915204063881,0.00642241359645736,0.25,0.743732021200714,0.85341548907907
GOBP_NEURON_CELL_CELL_ADHESION,4,0.326392059882853,0.0980836675307794,0.75,0.744127744190741,0.85341548907907
GOBP_KERATINOCYTE_PROLIFERATION,4,0.326389449093657,-0.00169729421767016,0.5,0.744129719244731,0.85341548907907
GOBP_POSITIVE_REGULATION_OF_DEFENSE_RESPONSE,4,-0.326368106543487,0.015792345810696,0.5,0.744145864881348,0.85341548907907
GOBP_REGULATION_OF_INCLUSION_BODY_ASSEMBLY,4,-0.326309448795572,-0.0865817712202126,0.75,0.744190240039818,0.85341548907907
REACTOME_SUMOYLATION_OF_TRANSCRIPTION_FACTORS,4,0.3257699664045,0.0357883099280951,0.5,0.744598403542449,0.853693426818096
GOBP_EYE_MORPHOGENESIS,4,0.325429670244275,-0.00305496377449605,0.75,0.744855902924458,0.853798540551655
GOBP_REGULATION_OF_RECEPTOR_SIGNALING_PATHWAY_VIA_STAT,4,-0.32483373649058,-0.0206240171805641,0.75,0.745306909911279,0.853973096164156
GOBP_ERBB_SIGNALING_PATHWAY,4,-0.324714550537905,-0.0370487943931996,0.5,0.745397121186858,0.853973096164156
REACTOME_SEALING_OF_THE_NUCLEAR_ENVELOPE_NE_BY_ESCRT_III,4,-0.324546924872545,0.00430648130773489,0.5,0.745524002156405,0.853973096164156
GOBP_POSITIVE_REGULATION_OF_CALCIUM_ION_TRANSPORT,4,0.324052072888022,0.0514793063498291,0.5,0.745898610945529,0.853973096164156
GOBP_POSITIVE_REGULATION_OF_FIBROBLAST_PROLIFERATION,4,0.323891602878721,-0.028442717624663,0.25,0.746020101538746,0.853973096164156
GOBP_VIRAL_RNA_GENOME_REPLICATION,4,0.323737907085015,-0.0218970832935253,0.25,0.74613646934657,0.853973096164156
GOBP_NEGATIVE_REGULATION_OF_ATP_METABOLIC_PROCESS,4,-0.323417697488206,-0.000305090482986859,0.5,0.746378928466334,0.853973096164156
GOBP_METANEPHRIC_RENAL_VESICLE_MORPHOGENESIS,2,0.323268075592678,-0.00695021510724652,0.5,0.746492229098851,0.853973096164156
GOBP_NEGATIVE_REGULATION_OF_INTERLEUKIN_10_PRODUCTION,4,0.3232566838642,0.0864824943872058,0.75,0.746500855668065,0.853973096164156
GOBP_MAST_CELL_ACTIVATION,4,-0.321054855995744,0.00799664934965972,0.5,0.748168820401964,0.855691083129656
GOBP_ESTABLISHMENT_OF_PIGMENT_GRANULE_LOCALIZATION,4,0.320521932698141,0.0283784284348175,0.75,0.748572706760097,0.855962884101207
GOBP_POSITIVE_REGULATION_OF_CYTOKINE_PRODUCTION_INVOLVED_IN_INFLAMMATORY_RESPONSE,4,-0.319738863770547,-0.0117919746877209,0.25,0.749166296027243,0.856451433890824
REACTOME_NEDDYLATION,4,-0.31879089987622,-0.0342846452161994,0.75,0.74988507938133,0.85708285765471
GOBP_LEUKOCYTE_DEGRANULATION,4,-0.316570252278755,0.0132313789667975,0.5,0.751569710892791,0.858613783347819
GOBP_RECOMBINATIONAL_REPAIR,4,-0.316521707790156,-0.0348520619111078,0.5,0.75160655105582,0.858613783347819
GOBP_POSITIVE_REGULATION_OF_LEUKOCYTE_APOPTOTIC_PROCESS,4,0.316365910854919,0.0703088863451772,0.75,0.751724788372881,0.858613783347819
GOBP_CELL_CELL_RECOGNITION,4,0.315830051933136,0.025762506360221,0.75,0.752131506584319,0.858887808250755
GOBP_GROOMING_BEHAVIOR,4,0.315453062380847,-0.0100047562189691,0.5,0.752417683818844,0.85902409179229
GOBP_PROSTATE_GLAND_MORPHOGENESIS,4,0.315097147758514,0.075632069914269,0.25,0.752687894059165,0.859142089672055
GOBP_POSITIVE_REGULATION_OF_MUSCLE_HYPERTROPHY,4,0.314640321122009,0.0327979662985476,0.5,0.753034761068223,0.859347514348467
KEGG_PROXIMAL_TUBULE_BICARBONATE_RECLAMATION,4,0.313750732819353,-0.0169159772148916,0.5,0.753710365657276,0.85990865556997
GOBP_LEUKOCYTE_MIGRATION_INVOLVED_IN_INFLAMMATORY_RESPONSE,4,-0.313553091342206,0.104227519296419,0.25,0.753860491598921,0.85990865556997
GOBP_POSITIVE_REGULATION_OF_GTPASE_ACTIVITY,4,-0.312767029238344,-0.0183571681850238,0.5,0.754457666366944,0.860399230149147
GOBP_SPERM_EGG_RECOGNITION,4,0.312248272389693,0.0264590059030165,0.5,0.754851848628457,0.860658141848522
GOBP_SEGMENT_SPECIFICATION,3,-0.311866994538706,-0.0379566259315834,0.666666666666667,0.755141606901919,0.860660030053778
REACTOME_NEGATIVE_REGULATION_OF_NMDA_RECEPTOR_MEDIATED_NEURONAL_TRANSMISSION,4,-0.311768410220698,0.0540218685767296,0.25,0.755216533257805,0.860660030053778
GOBP_RESPONSE_TO_MINERALOCORTICOID,4,0.31158628664764,0.0236816795587801,0.75,0.755354957431156,0.860660030053778
REACTOME_TCF_DEPENDENT_SIGNALING_IN_RESPONSE_TO_WNT,4,0.310511801133935,-0.0085176360100977,0.25,0.75617178668725,0.861379587181959
GOBP_LONG_TERM_MEMORY,4,-0.310315486822386,0.0578399452033441,0.5,0.756321055282509,0.861379587181959
GOBP_POSITIVE_REGULATION_OF_SYNAPTIC_TRANSMISSION,4,-0.309537972841597,-0.000920830133255215,0.5,0.756912331310771,0.861862360442096
GOBP_RESPONSE_TO_REACTIVE_OXYGEN_SPECIES,4,0.309104894425093,-0.0245182455163234,0.25,0.75724173617274,0.862046805119045
GOBP_STEROID_HORMONE_SECRETION,4,0.307496444389416,0.0658707888396276,0.75,0.758465528990173,0.863249117765341
GOBP_COLUMNAR_CUBOIDAL_EPITHELIAL_CELL_DIFFERENTIATION,4,-0.307243436640725,-0.0489315914062219,0.75,0.758658085683329,0.863277454847174
GOBP_REGULATION_OF_VIRAL_ENTRY_INTO_HOST_CELL,4,-0.306889687740952,-0.00932703397345243,0.5,0.758927338572009,0.863393032767847
GOBP_RESPONSE_TO_MUSCLE_ACTIVITY,3,-0.306205043808987,-0.0378899917136587,0.666666666666667,0.759448532336641,0.863795116633833
REACTOME_ROLE_OF_PHOSPHOLIPIDS_IN_PHAGOCYTOSIS,4,-0.304445256671994,-0.0605088821454644,0.25,0.76078869321269,0.865128308602504
GOBP_NEGATIVE_REGULATION_OF_OSTEOBLAST_DIFFERENTIATION,4,-0.303937257110223,-0.0261164421237773,0.5,0.761175692581534,0.865377266748138
GOBP_HAIR_CELL_DIFFERENTIATION,4,-0.303697807263017,0.0185517785904086,0.25,0.761358128702097,0.865393599268675
GOBP_AXONEMAL_DYNEIN_COMPLEX_ASSEMBLY,3,0.303451372338302,0.0131792732048418,0.333333333333333,0.761545900585665,0.865415988107612
GOBP_GLUTAMINE_FAMILY_AMINO_ACID_CATABOLIC_PROCESS,4,0.302099794384521,0.0470270369759337,0.75,0.762575989183442,0.86639535929072
GOBP_NEGATIVE_REGULATION_OF_AMINE_TRANSPORT,4,0.301092221744161,0.0565423527290239,0.5,0.763344172135573,0.867076801748525
REACTOME_HEPARAN_SULFATE_HEPARIN_HS_GAG_METABOLISM,4,0.300159677433074,0.0222257605959008,0.5,0.764055360485069,0.867693218160039
GOBP_DENDRITIC_CELL_ANTIGEN_PROCESSING_AND_PRESENTATION,1,-0.299340286359141,-0.0195224676165198,1,0.764680418874027,0.868211571506585
REACTOME_NEGATIVE_REGULATION_OF_FGFR4_SIGNALING,4,0.29870959704704,-0.0431490306095669,0.25,0.765161633819233,0.868404912609604
GOBP_POSITIVE_REGULATION_OF_INTERLEUKIN_8_PRODUCTION,4,0.298595535630497,-0.0421431635609099,0.25,0.765248672185594,0.868404912609604
GOBP_NON_CANONICAL_WNT_SIGNALING_PATHWAY,4,0.298404828927455,0.0363709971660881,0.5,0.765394203914108,0.868404912609604
GOBP_RESPONSE_TO_ATP,4,-0.298233015437768,-0.011558063603126,0.5,0.765525324982519,0.868404912609604
REACTOME_SUMOYLATION_OF_DNA_REPLICATION_PROTEINS,4,0.297049296812349,-0.0403943395571924,0.25,0.766428873316503,0.869238385177681
REACTOME_INTERLEUKIN_1_FAMILY_SIGNALING,4,0.295563231584529,-0.017571408852719,0.25,0.767563656610775,0.870142084635493
REACTOME_DEFECTIVE_GALNT3_CAUSES_HFTC,1,0.295563211108766,0.030526959080471,1,0.767563672249837,0.870142084635493
GOBP_PYRUVATE_METABOLIC_PROCESS,4,-0.295195941346984,-0.0707529077122009,0.75,0.767844202263261,0.870268500430009
GOBP_POSITIVE_REGULATION_OF_LEUKOCYTE_CHEMOTAXIS,4,-0.29443818632913,0.0444063230254618,0.25,0.768423090952719,0.870732943511344
GOBP_EMBRYONIC_DIGIT_MORPHOGENESIS,4,-0.293596105281917,-0.0122340769528628,0.75,0.769066552226459,0.871270336064695
GOBP_MAGNESIUM_ION_TRANSPORT,2,0.293079866920282,0.0111422644156982,0.5,0.769461105294163,0.871525567786988
GOBP_TYPE_2_IMMUNE_RESPONSE,4,-0.291058775909589,0.00105577760929831,0.5,0.771006367668224,0.872981470317812
GOBP_PHOSPHATIDYLINOSITOL_3_KINASE_SIGNALING,4,-0.29095518483452,-0.00859494625557814,0.5,0.771085594679629,0.872981470317812
REACTOME_BASIGIN_INTERACTIONS,4,-0.290646269365563,-0.039270282113383,0.75,0.771321869067115,0.87305700237999
GOBP_FILOPODIUM_ASSEMBLY,4,-0.289616342325469,0.0234718068980906,0.5,0.772109763224989,0.873706648246875
GOBP_T_HELPER_1_CELL_DIFFERENTIATION,4,0.289452423547638,0.0177850231190013,0.5,0.772235182787246,0.873706648246875
GOBP_L_ALPHA_AMINO_ACID_TRANSMEMBRANE_TRANSPORT,4,-0.288997245984118,-0.0505294582464442,0.5,0.772583485069269,0.87387557366983
GOBP_RESPONSE_TO_PAIN,4,-0.288813730254557,0.0217532998296023,0.25,0.772723924435567,0.87387557366983
GOBP_REGULATION_OF_HISTONE_H3_K9_METHYLATION,4,-0.28724836399444,-0.0456978641064974,0.5,0.773922156798955,0.875038468458019
GOBP_ARF_PROTEIN_SIGNAL_TRANSDUCTION,4,0.286597962813924,0.0434948912010337,0.25,0.774420174466616,0.875163995248142
GOBP_NEGATIVE_REGULATION_OF_MAP_KINASE_ACTIVITY,4,0.286382019326145,0.0116659417263041,0.5,0.774585544754892,0.875163995248142
GOBP_CELL_AGGREGATION,4,-0.286287339776345,0.0183945925615104,0.25,0.774658053915154,0.875163995248142
REACTOME_PI_METABOLISM,4,0.286199811736023,-0.0506624341910703,0.25,0.774725087928843,0.875163995248142
GOBP_NUCLEAR_MIGRATION,4,-0.285993608391427,-0.0544626874312433,0.75,0.774883016961794,0.875163995248142
GOBP_VASCULAR_ENDOTHELIAL_GROWTH_FACTOR_SIGNALING_PATHWAY,4,0.285516975243918,0.00348651219842687,0.5,0.775248101050645,0.87538431410302
GOBP_POSITIVE_REGULATION_OF_EPITHELIAL_CELL_MIGRATION,4,-0.28422116346719,-0.0178286929214637,0.5,0.776240897861975,0.876272200325016
KEGG_PROSTATE_CANCER,4,0.284046446219265,-0.0448651084996693,0.25,0.776374786926145,0.876272200325016
REACTOME_ACTIVATION_OF_AMPK_DOWNSTREAM_OF_NMDARS,4,0.283600542661034,0.0133805282574596,0.5,0.776716521194943,0.876465782956993
GOBP_METANEPHRIC_NEPHRON_MORPHOGENESIS,4,-0.282924208291852,0.0207111657085718,0.5,0.777234936892762,0.876858608689928
GOBP_REGULATION_OF_HORMONE_BIOSYNTHETIC_PROCESS,4,-0.282572626872464,-0.0793147914020988,0.75,0.777504466064206,0.876874431680746
GOBP_CELL_CELL_JUNCTION_MAINTENANCE,2,0.282262588935516,-0.0169081051537407,0.5,0.777742169411977,0.876874431680746
REACTOME_INCRETIN_SYNTHESIS_SECRETION_AND_INACTIVATION,4,0.282239513457331,0.00433581449721094,0.25,0.777759862009316,0.876874431680746
GOBP_CELLULAR_MODIFIED_AMINO_ACID_BIOSYNTHETIC_PROCESS,4,0.280896943800006,-0.0537572408741069,0.5,0.778789444814676,0.877759184536559
GOBP_NEUTROPHIL_MEDIATED_IMMUNITY,4,0.280764979521565,0.0363215009718252,0.5,0.778890665880982,0.877759184536559
REACTOME_A_TETRASACCHARIDE_LINKER_SEQUENCE_IS_REQUIRED_FOR_GAG_SYNTHESIS,4,-0.280443979371851,0.0605891110138602,0.5,0.779136899509824,0.877759184536559
REACTOME_MATURATION_OF_SARS_COV_2_NUCLEOPROTEIN,3,-0.280327183755808,-0.0423247604877434,0.666666666666667,0.779226496895826,0.877759184536559
GOBP_CGMP_MEDIATED_SIGNALING,4,-0.27959175216256,-0.0184365824305023,0.5,0.779790735660374,0.878202646088203
GOBP_NEGATIVE_REGULATION_OF_CELL_GROWTH,4,-0.27728272415392,-0.0071542177882546,0.5,0.781563023816229,0.879704879854234
GOBP_ASYMMETRIC_CELL_DIVISION,3,-0.277075353678061,0.00184389360563353,0.333333333333333,0.781722246136762,0.879704879854234
GOBP_SLEEP,4,0.276986402311246,0.071761753016052,0.75,0.781790547202721,0.879704879854234
GOBP_CELLULAR_CARBOHYDRATE_CATABOLIC_PROCESS,4,0.2769636381891,-0.0244754078655874,0.25,0.781808026842683,0.879704879854234
GOBP_REGULATION_OF_NEUROBLAST_PROLIFERATION,4,-0.27668525692713,0.0357732353747045,0.5,0.782021793359619,0.879753160150465
REACTOME_NOREPINEPHRINE_NEUROTRANSMITTER_RELEASE_CYCLE,4,-0.275833416151565,-0.0860079310476025,0.75,0.782676016597239,0.880070735593953
GOBP_NADH_DEHYDROGENASE_COMPLEX_ASSEMBLY,4,-0.275742213793833,0.0211089531999213,0.5,0.782746070146334,0.880070735593953
GOBP_ENDOTHELIAL_CELL_MIGRATION,4,-0.275650066076905,-0.0251789875302078,0.5,0.782816851625617,0.880070735593953
GOBP_POSITIVE_REGULATION_OF_ALPHA_BETA_T_CELL_ACTIVATION,4,0.275285806674637,0.00177859808532973,0.75,0.783096668007114,0.880141268107305
GOBP_POSITIVE_REGULATION_OF_EXCITATORY_POSTSYNAPTIC_POTENTIAL,4,-0.275123368506785,-0.0368953625524709,0.5,0.783221458626465,0.880141268107305
GOBP_ANIMAL_ORGAN_FORMATION,4,-0.27442534262155,0.0145072865738618,0.25,0.783757769693826,0.88030143146942
REACTOME_PLASMA_LIPOPROTEIN_CLEARANCE,4,0.274226003953087,-0.0227570987436622,0.25,0.783910945540808,0.88030143146942
GOBP_RESPONSE_TO_DSRNA,4,0.273834759573625,-0.0125266064252652,0.5,0.784211609940804,0.88030143146942
GOBP_POSITIVE_REGULATION_OF_SMOOTH_MUSCLE_CELL_PROLIFERATION,4,0.273677072238285,0.0240263764001817,0.5,0.784332798985328,0.88030143146942
GOBP_REGULATION_OF_DNA_BINDING,4,0.273644362925962,0.00910426076265004,0.75,0.784357938059386,0.88030143146942
GOBP_CARBOHYDRATE_PHOSPHORYLATION,4,-0.27360293513963,-0.050473722613952,0.75,0.784389778128122,0.88030143146942
GOBP_POSITIVE_REGULATION_OF_LYMPHOCYTE_CHEMOTAXIS,4,-0.273158343409822,0.0086187645551268,0.5,0.784731499790396,0.880493025151612
GOBP_PERIPHERAL_NERVOUS_SYSTEM_DEVELOPMENT,4,0.272466142054693,-0.0321059879237272,0.25,0.78526362150919,0.880875455412333
GOBP_NEGATIVE_REGULATION_OF_VASCULAR_ENDOTHELIAL_CELL_PROLIFERATION,1,0.272269909433449,0.0238561508838812,1,0.785414491318318,0.880875455412333
GOBP_MAMMARY_GLAND_EPITHELIUM_DEVELOPMENT,4,-0.271741269350541,-0.0102286343053063,0.5,0.785820966528663,0.881139406937301
GOBP_POSITIVE_REGULATION_OF_NEURON_DEATH,4,0.271275866873496,0.0237331817885776,0.5,0.786178866222014,0.881308586177258
GOBP_NEGATIVE_REGULATION_OF_LYMPHOCYTE_APOPTOTIC_PROCESS,4,0.271099941187835,-0.0446673510689875,0.25,0.786314166808764,0.881308586177258
GOBP_RECEPTOR_SIGNALING_PATHWAY_VIA_STAT,4,-0.27083483447975,-0.00431079765046816,0.5,0.786518066751954,0.881345272188424
REACTOME_ACYL_CHAIN_REMODELLING_OF_PI,3,-0.269943844614533,0.0452976520801385,0.333333333333333,0.787203455691451,0.881921364959809
GOBP_MYELOID_CELL_ACTIVATION_INVOLVED_IN_IMMUNE_RESPONSE,4,0.269330121273927,0.0451088715080724,0.5,0.787675654840612,0.882258417832132
GOBP_L_AMINO_ACID_TRANSPORT,4,0.268888130388963,-0.0528617277930928,0.5,0.788015771283689,0.882447413297023
GOBP_POSITIVE_REGULATION_OF_UBIQUITIN_PROTEIN_TRANSFERASE_ACTIVITY,4,0.267677062470677,-0.0412614633921908,0.5,0.788947907204015,0.883299146378229
REACTOME_REGULATION_OF_BETA_CELL_DEVELOPMENT,4,-0.267021486074858,-0.0631058572361763,0.75,0.789452618036225,0.883498425551673
GOBP_REGULATION_OF_MICROTUBULE_DEPOLYMERIZATION,4,0.266616003121397,0.0221563992789575,0.75,0.789764832818005,0.883498425551673
GOBP_REGULATION_OF_PROTEIN_CONTAINING_COMPLEX_DISASSEMBLY,4,0.266253601472842,0.0112781483404202,0.5,0.790043904315798,0.883498425551673
GOBP_VESICLE_MEDIATED_TRANSPORT_IN_SYNAPSE,4,0.266174481101541,-0.0133861538709019,0.5,0.790104835437234,0.883498425551673
GOBP_RIBONUCLEOSIDE_TRIPHOSPHATE_METABOLIC_PROCESS,4,0.2661105330457,-0.0190981599086799,0.75,0.790154083195862,0.883498425551673
REACTOME_ANCHORING_OF_THE_BASAL_BODY_TO_THE_PLASMA_MEMBRANE,4,0.266108799220913,-0.0580517094903869,0.5,0.790155418462897,0.883498425551673
GOBP_CELLULAR_RESPONSE_TO_MOLECULE_OF_BACTERIAL_ORIGIN,4,-0.265755902281171,-0.0107465445691637,0.25,0.790427207099755,0.883610440589804
GOBP_NEGATIVE_REGULATION_OF_CELL_AGING,4,0.264606083705872,-0.0759213198604264,0.25,0.791312933026439,0.884329746311465
GOBP_ENSHEATHMENT_OF_NEURONS,4,0.264474706462158,0.00595956891309183,0.5,0.791414152457416,0.884329746311465
GOBP_MULTICELLULAR_ORGANISM_AGING,4,-0.263612883872817,-0.0306654366315892,0.5,0.792078229713567,0.884593621311679
GOBP_REGULATION_OF_ANTIGEN_RECEPTOR_MEDIATED_SIGNALING_PATHWAY,4,-0.263424269086872,0.0173796536642798,0.5,0.792223586947011,0.884593621311679
GOBP_REGULATION_OF_ATP_METABOLIC_PROCESS,4,0.263345772697348,0.00670743167980398,0.5,0.792284082837862,0.884593621311679
GOBP_NIK_NF_KAPPAB_SIGNALING,4,-0.262891028180189,0.00760383694748834,0.5,0.792634571638528,0.884593621311679
GOBP_COPPER_ION_HOMEOSTASIS,3,0.262872170482397,-0.0272907344179188,0.333333333333333,0.792649106884856,0.884593621311679
GOBP_REGULATION_OF_PROTEIN_DEPHOSPHORYLATION,4,-0.262830667493984,-0.0466564398751634,0.75,0.792681097054202,0.884593621311679
GOBP_VENTRICULAR_SEPTUM_MORPHOGENESIS,4,-0.262191045496669,-0.0562153532322179,0.75,0.793174156639426,0.884952054720781
GOBP_RESPONSE_TO_HYDROGEN_PEROXIDE,4,-0.261405620608742,-0.0415024036870164,0.75,0.793779723070468,0.885232794264418
GOBP_POSITIVE_REGULATION_OF_DENDRITE_MORPHOGENESIS,4,0.261325662611032,-0.010424370875324,0.75,0.793841378057314,0.885232794264418
GOBP_POSITIVE_REGULATION_OF_TRANSFORMING_GROWTH_FACTOR_BETA_PRODUCTION,4,0.261195756260082,-0.00582927501836034,0.5,0.793941550575468,0.885232794264418
GOBP_CELL_MIGRATION_INVOLVED_IN_GASTRULATION,1,-0.260311041213227,-0.0326037477093527,1,0.794623856455464,0.885801739963019
GOBP_CYCLIC_NUCLEOTIDE_METABOLIC_PROCESS,4,-0.259923812485324,-0.044299335157439,0.5,0.794922542693193,0.885942894443128
GOBP_CYTOPLASMIC_SEQUESTERING_OF_PROTEIN,4,-0.25956466939563,-0.0234751651955624,0.5,0.795199592138897,0.886059878797486
GOBP_LIPOPOLYSACCHARIDE_MEDIATED_SIGNALING_PATHWAY,4,0.258422336173342,0.0153977220664766,0.75,0.796080980119307,0.886813189797871
REACTOME_CD28_CO_STIMULATION,4,-0.258032142382326,-0.0373844784437784,0.5,0.796382100916444,0.886813189797871
GOBP_LENS_FIBER_CELL_DIFFERENTIATION,4,0.258018867426715,0.00132383134125896,0.75,0.796392346013858,0.886813189797871
GOBP_DNA_REPLICATION_CHECKPOINT_SIGNALING,2,0.25773129122974,-0.00345769184880213,0.5,0.796614294813704,0.886822691712234
GOBP_NEGATIVE_REGULATION_OF_LIPASE_ACTIVITY,2,-0.257561503604323,0.0599673512610569,0.5,0.796745343146396,0.886822691712234
GOBP_NEGATIVE_REGULATION_OF_EPITHELIAL_CELL_MIGRATION,4,0.255971510993842,-0.00835681710200652,0.5,0.797972835557237,0.887997002438775
GOBP_POSITIVE_REGULATION_OF_EXTRACELLULAR_MATRIX_ORGANIZATION,4,-0.254405780317488,-0.00613317121608683,0.5,0.79918208579617,0.889150509888608
GOBP_RESPONSE_TO_CAMP,4,0.253750093734652,-0.000885643873112891,0.75,0.799688631085665,0.889353985627315
GOBP_FATTY_ACID_DERIVATIVE_CATABOLIC_PROCESS,2,-0.253721891775533,0.0289994447910106,0.5,0.799710420169833,0.889353985627315
GOBP_GLUTAMINE_FAMILY_AMINO_ACID_METABOLIC_PROCESS,4,0.253100870041372,-0.00447084084368876,0.75,0.800190266567726,0.889650738518018
GOBP_POSITIVE_REGULATION_OF_PROTEOLYSIS_INVOLVED_IN_CELLULAR_PROTEIN_CATABOLIC_PROCESS,4,-0.252929330168463,-0.060002243850113,0.75,0.800322824007663,0.889650738518018
REACTOME_DEFECTIVE_CFTR_CAUSES_CYSTIC_FIBROSIS,4,0.252558327816133,-0.0111881152504827,0.25,0.800609535748455,0.889777357990242
GOBP_NEGATIVE_REGULATION_OF_TUMOR_NECROSIS_FACTOR_SUPERFAMILY_CYTOKINE_PRODUCTION,4,-0.251766584976729,0.0211138682543089,0.25,0.801221486808493,0.890211424656688
REACTOME_CELL_CYCLE_CHECKPOINTS,4,0.251417491547998,-0.0408464678400723,0.5,0.801491345634662,0.890211424656688
GOBP_REGULATION_OF_TRANSLATION_IN_RESPONSE_TO_STRESS,4,-0.251382012176432,-0.052866982054776,0.5,0.801518773491631,0.890211424656688
GOBP_PROTEIN_NEDDYLATION,3,-0.250542073848456,-0.00968296729355571,0.666666666666667,0.802168171710129,0.890740546934538
GOBP_REGULATION_OF_NIK_NF_KAPPAB_SIGNALING,4,-0.250211077937566,0.0208773373861853,0.5,0.802424118724947,0.890832640645699
REACTOME_CASPASE_ACTIVATION_VIA_EXTRINSIC_APOPTOTIC_SIGNALLING_PATHWAY,4,0.249722535984889,-0.0251624585661009,0.25,0.802801929050014,0.891059955309015
GOBP_INNER_EAR_AUDITORY_RECEPTOR_CELL_DIFFERENTIATION,4,0.249118134451053,0.0201659509924377,0.75,0.803269402310115,0.891084943414309
REACTOME_SIGNALING_BY_NOTCH3,4,-0.248961613830299,-0.079453649968673,0.75,0.803390474379162,0.891084943414309
GOBP_PROTEIN_DNA_COMPLEX_DISASSEMBLY,4,0.248740288424552,-0.0445230604976226,0.25,0.803561682396056,0.891084943414309
REACTOME_RHOA_GTPASE_CYCLE,4,0.248500649697612,0.00265374930809086,0.75,0.803747067454896,0.891084943414309
GOBP_REGULATION_OF_CELL_MORPHOGENESIS_INVOLVED_IN_DIFFERENTIATION,4,0.248372979014427,0.00631884933806579,0.5,0.803845838291228,0.891084943414309
GOBP_NEGATIVE_REGULATION_OF_CYSTEINE_TYPE_ENDOPEPTIDASE_ACTIVITY,4,0.248351053557882,-0.0392553260207654,0.25,0.80386280096319,0.891084943414309
GOBP_INTERFERON_ALPHA_PRODUCTION,4,0.247434625045568,0.0117727094239805,0.5,0.804571880178215,0.891678995057604
GOBP_ADENYLATE_CYCLASE_ACTIVATING_ADRENERGIC_RECEPTOR_SIGNALING_PATHWAY,4,0.246432317734091,-0.0516834339089386,0.25,0.805347591521832,0.892025473412475
GOBP_MITOTIC_METAPHASE_PLATE_CONGRESSION,4,0.246112270567754,-0.0221325642535024,0.5,0.805595324632902,0.892025473412475
REACTOME_INTERLEUKIN_20_FAMILY_SIGNALING,4,-0.24598399426805,-0.0364262496873738,0.75,0.805694622623377,0.892025473412475
GOBP_REGULATION_OF_VACUOLE_ORGANIZATION,4,-0.245801363171544,-0.0213238176146642,0.5,0.805836001774073,0.892025473412475
GOBP_RESPONSE_TO_HEAT,4,0.24554674725007,0.00839020571181182,0.5,0.806033116710753,0.892025473412475
GOBP_SEMI_LUNAR_VALVE_DEVELOPMENT,4,-0.245363155334089,-0.0441773107836281,0.5,0.806175254939514,0.892025473412475
GOBP_MIDBRAIN_DOPAMINERGIC_NEURON_DIFFERENTIATION,3,0.245358573182016,-0.0566834841289726,0.333333333333333,0.806178802557694,0.892025473412475
HALLMARK_HEME_METABOLISM,4,-0.245240200321488,-0.0285802436748398,0.75,0.806270451206381,0.892025473412475
KEGG_ADHERENS_JUNCTION,4,-0.244894431258878,-0.0229428406251702,0.5,0.806538173640748,0.892129979823031
KEGG_FC_GAMMA_R_MEDIATED_PHAGOCYTOSIS,4,0.24354887321279,0.00312866093619665,0.5,0.80758022923974,0.893090764681147
GOBP_REGULATION_OF_SYNAPTIC_TRANSMISSION_GABAERGIC,4,0.242622138001511,0.0204776117674904,0.75,0.808298129909448,0.893685105396831
GOBP_CARDIOCYTE_DIFFERENTIATION,4,0.242064727156606,0.0322828769219164,0.75,0.808730009160019,0.893685105396831
GOBP_MONOCYTE_CHEMOTACTIC_PROTEIN_1_PRODUCTION,4,0.241882671935742,0.0615885954831496,0.5,0.808871077303795,0.893685105396831
GOBP_ARTERY_DEVELOPMENT,4,0.24177847876305,-0.0201763822250615,0.5,0.808951815699014,0.893685105396831
GOBP_METANEPHRIC_NEPHRON_DEVELOPMENT,4,-0.241657729674365,0.0181293260344884,0.5,0.809045385675801,0.893685105396831
REACTOME_ABC_TRANSPORTER_DISORDERS,4,-0.24151105097134,-0.0287129727676702,0.75,0.809159052507288,0.893685105396831
GOBP_ENDOSOME_TO_LYSOSOME_TRANSPORT,4,0.241081226383563,-0.0365406862020832,0.25,0.809492162890741,0.893831281227147
GOBP_POSITIVE_REGULATION_OF_DOUBLE_STRAND_BREAK_REPAIR_VIA_HOMOLOGOUS_RECOMBINATION,4,-0.240892301260524,-0.0496972108554411,0.5,0.809638589171376,0.893831281227147
GOBP_NEUROTROPHIN_SIGNALING_PATHWAY,4,-0.239594947789171,0.0168510015295518,0.25,0.810644281792987,0.894663805089644
REACTOME_TNFR1_INDUCED_NFKAPPAB_SIGNALING_PATHWAY,4,-0.239471227247051,-0.02822090779413,0.5,0.810740204806425,0.894663805089644
GOBP_GRANULOCYTE_ACTIVATION,4,0.238796315942585,0.0649465278826201,0.5,0.811263527056134,0.895049475211492
REACTOME_INFLAMMASOMES,4,-0.238235882699105,-0.0362788280228753,0.5,0.811698147802721,0.895287608743717
KEGG_CYTOSOLIC_DNA_SENSING_PATHWAY,4,-0.238069589396113,0.00268014776975321,0.5,0.81182712084374,0.895287608743717
GOBP_NEGATIVE_REGULATION_OF_DEFENSE_RESPONSE_TO_VIRUS,4,-0.236908313606836,-0.0256377303768115,0.5,0.8127279202438,0.896089092363025
GOBP_TRIGLYCERIDE_CATABOLIC_PROCESS,4,-0.236679628126681,-0.0112802404243645,0.5,0.812905340378691,0.89609282757651
REACTOME_UPTAKE_AND_ACTIONS_OF_BACTERIAL_TOXINS,4,0.23639808340845,-0.062077935843617,0.5,0.813123783271668,0.896141772274362
GOBP_POSITIVE_REGULATION_OF_CALCIUM_ION_TRANSMEMBRANE_TRANSPORTER_ACTIVITY,4,0.23615709823286,0.0645827499990869,0.5,0.813310768667123,0.896156034210789
GOBP_MACROPHAGE_MIGRATION,4,-0.235425600685022,0.0962898964957208,0.25,0.813878417919339,0.896589639252605
GOBP_POSITIVE_REGULATION_OF_ERK1_AND_ERK2_CASCADE,4,-0.23463072316554,0.0230006338091643,0.25,0.814495361478372,0.897022476393981
GOBP_SECONDARY_METABOLITE_BIOSYNTHETIC_PROCESS,4,0.23447047574883,0.0483318937573532,0.5,0.814619751333901,0.897022476393981
KEGG_TIGHT_JUNCTION,4,-0.234162050804732,-0.00837540586227052,0.75,0.81485917511123,0.897094268259082
GOBP_VESICLE_FUSION_TO_PLASMA_MEMBRANE,3,-0.233919815945588,-0.0331428041644459,0.333333333333333,0.815047229046922,0.897109487465285
GOBP_REGULATION_OF_MEMBRANE_INVAGINATION,2,-0.232604190496304,-0.014978406358272,1,0.816068773015474,0.898041913284179
GOBP_POSITIVE_REGULATION_OF_JNK_CASCADE,4,0.231438984945741,0.00135297939220841,0.5,0.816973781549875,0.898845726752202
GOBP_POSITIVE_REGULATION_OF_SUBSTRATE_ADHESION_DEPENDENT_CELL_SPREADING,4,0.228895836729123,0.0104296507606862,0.5,0.818949876485554,0.900804774057653
GOBP_CHEMOKINE_PRODUCTION,4,0.228626928734809,0.0602154425298542,0.75,0.819158892746375,0.900804774057653
REACTOME_CARDIAC_CONDUCTION,4,0.228472117010993,0.0199243887563452,0.75,0.819279230318895,0.900804774057653
REACTOME_SIGNALING_BY_TYPE_1_INSULIN_LIKE_GROWTH_FACTOR_1_RECEPTOR_IGF1R,4,0.228219101111348,-0.00350510245018081,0.75,0.819475912693799,0.900828666622624
GOBP_REGULATION_OF_TOLL_LIKE_RECEPTOR_SIGNALING_PATHWAY,4,-0.227530705015663,0.00295178415434571,0.25,0.820011096117221,0.901224575006952
GOBP_NEGATIVE_REGULATION_OF_BLOOD_CIRCULATION,4,0.22661543146306,-0.0515359684475008,0.25,0.820722791872635,0.901814267040589
REACTOME_FATTY_ACID_METABOLISM,4,-0.22633332634933,0.00919752814223465,0.75,0.820942180139311,0.901862872954409
GOBP_PROSTATE_GLAND_DEVELOPMENT,4,-0.226074181825654,0.0198493281936012,0.25,0.821143724697232,0.901891859741051
GOBP_ENDOSOMAL_TRANSPORT,4,0.224809624383179,-0.0114318511388943,0.5,0.822127378541006,0.902779669888599
GOBP_ARTERY_MORPHOGENESIS,4,-0.224567213209629,-0.0426217672345463,0.5,0.822315973482954,0.902794231868599
GOBP_CELL_MATURATION,4,-0.223414604816535,-0.00745888175089431,0.5,0.823212838575253,0.903586208873157
GOBP_GLUCOCORTICOID_BIOSYNTHETIC_PROCESS,3,0.222629204866879,-0.0188999067651747,0.333333333333333,0.82382410463616,0.904064431963254
REACTOME_SEMAPHORIN_INTERACTIONS,4,0.222377582745262,0.0435496249420563,0.5,0.82401996132442,0.904086678214242
GOBP_NEGATIVE_REGULATION_OF_UBIQUITIN_PROTEIN_TRANSFERASE_ACTIVITY,4,0.220137961248403,-0.0271359405596313,0.5,0.825763711077054,0.905806848814603
GOBP_REGULATION_OF_RESPONSE_TO_TUMOR_CELL,4,-0.219869507751097,0.0444907665180928,0.5,0.825972784506527,0.905843209249012
GOBP_HOMOLOGOUS_RECOMBINATION,4,-0.219277196416272,-0.0414329107094833,0.5,0.826434124278978,0.906156155432806
REACTOME_DEGRADATION_OF_GLI1_BY_THE_PROTEASOME,4,0.218226942253515,-0.000515817584645041,0.25,0.827252294037072,0.906860136682326
GOBP_COTRANSLATIONAL_PROTEIN_TARGETING_TO_MEMBRANE,4,-0.217247041268406,-0.0556285118680811,0.75,0.828015826346595,0.907323317626842
GOBP_REGULATION_OF_REACTIVE_OXYGEN_SPECIES_METABOLIC_PROCESS,4,0.21678948188533,-0.0137210851493622,0.5,0.828372409282285,0.907323317626842
GOBP_RESPONSE_TO_RETINOIC_ACID,4,-0.21667204292076,-0.025445154502343,0.5,0.828463936947923,0.907323317626842
GOBP_SODIUM_INDEPENDENT_ORGANIC_ANION_TRANSPORT,2,-0.216513400253288,-0.0342472110134929,0.5,0.828587580981652,0.907323317626842
REACTOME_METABOLISM_OF_VITAMINS_AND_COFACTORS,4,0.21636429636324,0.00179825140664116,0.5,0.828703794487916,0.907323317626842
GOBP_NEGATIVE_REGULATION_OF_SUPRAMOLECULAR_FIBER_ORGANIZATION,4,0.216327985650669,0.01794732285191,0.5,0.828732096096143,0.907323317626842
REACTOME_TNF_SIGNALING,4,-0.215141842335698,-0.0233818167650968,0.5,0.829656732169687,0.907985573772071
GOBP_RESPONSE_TO_MISFOLDED_PROTEIN,4,-0.214917412376791,-0.0716019559739909,0.75,0.829831708978922,0.907985573772071
GOBP_REGULATION_OF_INTRINSIC_APOPTOTIC_SIGNALING_PATHWAY,4,-0.214873412086528,-0.0598924262499315,0.75,0.829866014793429,0.907985573772071
KEGG_LEUKOCYTE_TRANSENDOTHELIAL_MIGRATION,4,0.214463751517556,0.0124845006607374,0.5,0.830185431415807,0.908004044419393
GOBP_RESPONSE_TO_UV,4,-0.214377869872688,-0.0233838998251457,0.5,0.830252397791023,0.908004044419393
GOBP_FATTY_ACID_TRANSMEMBRANE_TRANSPORT,4,0.214173278306632,-0.0163699870409209,0.75,0.830411933418318,0.908004044419393
GOBP_NEGATIVE_REGULATION_OF_ACTIN_FILAMENT_DEPOLYMERIZATION,4,0.213868686170388,2.13828048468889e-05,0.5,0.830649460056206,0.908070927776944
REACTOME_SYNTHESIS_SECRETION_AND_DEACYLATION_OF_GHRELIN,4,0.212615523799,0.0165961476294523,0.25,0.831626862045213,0.908868759918364
GOBP_SKIN_EPIDERMIS_DEVELOPMENT,4,-0.212480361951019,0.000863076076955431,0.5,0.831732296899462,0.908868759918364
GOBP_POSITIVE_REGULATION_OF_RECEPTOR_MEDIATED_ENDOCYTOSIS,4,0.209865167610333,0.00418336496090598,0.75,0.833772909014459,0.910905306283779
GOBP_MATURATION_OF_5_8S_RRNA,4,-0.209175020413139,-0.010152355769966,0.75,0.834311611906157,0.911300485724395
GOBP_REGULATION_OF_SUPEROXIDE_ANION_GENERATION,4,-0.20876863667298,0.0547707549982315,0.25,0.83462885613468,0.911316762974052
GOBP_SODIUM_ION_IMPORT_ACROSS_PLASMA_MEMBRANE,4,-0.208702495170935,0.0276269970435299,0.5,0.834680492170447,0.911316762974052
GOBP_REGULATION_OF_PROTON_TRANSPORT,4,0.207938505792068,0.0317538151241526,0.75,0.835276982957072,0.911531940389414
GOBP_TROPHOBLAST_CELL_MIGRATION,2,0.207797979483607,0.0141620386767099,1,0.835386710319248,0.911531940389414
REACTOME_INTRAFLAGELLAR_TRANSPORT,4,0.207769860282119,0.0173712106958689,0.5,0.835408667061108,0.911531940389414
GOBP_NITRIC_OXIDE_SYNTHASE_BIOSYNTHETIC_PROCESS,4,0.207228189471366,-0.115630232556511,0.5,0.835831653098378,0.911800250382107
GOBP_NEGATIVE_REGULATION_OF_PROTEIN_SERINE_THREONINE_KINASE_ACTIVITY,4,-0.205268851650159,-0.032411612432017,0.75,0.837362078654399,0.913276285319106
GOBP_VESICLE_CARGO_LOADING,4,0.204392842426201,0.0180347497258953,0.5,0.838046523044153,0.913754025775718
REACTOME_ASSOCIATION_OF_TRIC_CCT_WITH_TARGET_PROTEINS_DURING_BIOSYNTHESIS,4,0.204042942394547,-0.000813158183617396,0.5,0.838319941563318,0.913754025775718
GOBP_BINDING_OF_SPERM_TO_ZONA_PELLUCIDA,4,0.203663754060287,-0.0140145667568631,0.25,0.838616268557201,0.913754025775718
GOBP_REGULATION_OF_TRANSCRIPTION_INVOLVED_IN_G1_S_TRANSITION_OF_MITOTIC_CELL_CYCLE,3,-0.203577771536495,-0.0576474209367335,0.666666666666667,0.838683465113686,0.913754025775718
GOBP_OLIGODENDROCYTE_DIFFERENTIATION,4,-0.203476684651385,0.0180800055368839,0.25,0.838762467446103,0.913754025775718
GOBP_COPII_COATED_VESICLE_BUDDING,4,0.203204080926286,-0.0288526427016933,0.5,0.838975523260966,0.913754025775718
GOBP_TELOMERASE_RNA_LOCALIZATION,4,0.20311858612957,-0.058322780800845,0.5,0.83904234489563,0.913754025775718
GOBP_GLAND_MORPHOGENESIS,4,-0.201586335396588,0.0209509490075068,0.75,0.840240128695797,0.91486496567026
GOBP_NEGATIVE_REGULATION_OF_KINASE_ACTIVITY,4,-0.199223501987388,-0.0366928700992308,0.75,0.84208791596841,0.916683018884005
GOBP_ACTIVATION_OF_GTPASE_ACTIVITY,4,0.198460404202466,-0.05489331097181,0.25,0.842684861423645,0.917138945565493
GOBP_AMINO_ACID_ACTIVATION,4,0.197514573179641,-0.0269444336604918,0.5,0.843424878320105,0.917750358932845
REACTOME_RESPIRATORY_ELECTRON_TRANSPORT_ATP_SYNTHESIS_BY_CHEMIOSMOTIC_COUPLING_AND_HEAT_PRODUCTION_BY_UNCOUPLING_PROTEINS,4,0.196710539307575,0.0110148537187608,0.5,0.84405406206688,0.918240939273688
GOBP_MESENCHYMAL_CELL_DIFFERENTIATION,4,0.193889666924123,0.0276664947957356,0.5,0.846262274768988,0.920448764846962
GOBP_REGULATION_OF_TISSUE_REMODELING,4,-0.193573673153826,0.0250623648415417,0.5,0.846509714035113,0.920523446159831
GOBP_VESICLE_MEDIATED_TRANSPORT_BETWEEN_ENDOSOMAL_COMPARTMENTS,4,0.191639523188465,-0.0394938386553966,0.5,0.848024581240656,0.921718527761896
REACTOME_FCGR_ACTIVATION,1,-0.191622736028775,-0.0350655482415959,1,0.848037731765796,0.921718527761896
GOBP_MITOCHONDRIAL_TRANSCRIPTION,1,0.191419767121672,0.0240212565412771,1,0.848196734476596,0.921718527761896
GOBP_SCF_DEPENDENT_PROTEASOMAL_UBIQUITIN_DEPENDENT_PROTEIN_CATABOLIC_PROCESS,4,-0.191256368068018,0.00110338720950764,0.5,0.848324743263474,0.921718527761896
GOBP_CARBOHYDRATE_CATABOLIC_PROCESS,4,0.190428821160692,-0.00643818055415046,0.5,0.848973114846847,0.922007635477409
GOBP_RESPONSE_TO_CHOLESTEROL,4,0.190274125990918,0.0481095437132224,0.5,0.84909432772684,0.922007635477409
KEGG_PENTOSE_AND_GLUCURONATE_INTERCONVERSIONS,4,-0.190231119761843,0.0301226325817543,0.5,0.849128026302947,0.922007635477409
REACTOME_TOLL_LIKE_RECEPTOR_CASCADES,4,0.188276380083655,-0.0165982448241372,0.5,0.850660000196717,0.923027441381128
GOBP_POSITIVE_REGULATION_OF_LEUKOCYTE_CELL_CELL_ADHESION,4,0.188275075422453,0.0172992856069921,0.5,0.850661022878284,0.923027441381128
GOBP_REGULATION_OF_POSTSYNAPTIC_NEUROTRANSMITTER_RECEPTOR_ACTIVITY,2,-0.18793151826827,0.0281300636374174,0.5,0.850930334917124,0.923027441381128
REACTOME_REGULATION_OF_HMOX1_EXPRESSION_AND_ACTIVITY,4,-0.187926618348454,-0.0308618248584464,0.75,0.850934176055677,0.923027441381128
GOBP_PYRIMIDINE_NUCLEOSIDE_TRIPHOSPHATE_BIOSYNTHETIC_PROCESS,3,0.187889161399105,-0.0358378214710239,0.333333333333333,0.850963539373901,0.923027441381128
GOBP_REGULATION_OF_LYMPHOCYTE_CHEMOTAXIS,4,-0.18690472776879,0.0355306634516568,0.5,0.851735332298894,0.923670013902065
GOBP_FC_EPSILON_RECEPTOR_SIGNALING_PATHWAY,4,-0.186306870687807,-0.0143471033334517,0.5,0.852204119764728,0.923983788727855
GOBP_VITAMIN_TRANSPORT,4,-0.185944966572509,0.00395914757341584,0.5,0.852487918842504,0.924096904025274
GOBP_MITOCHONDRIAL_DNA_METABOLIC_PROCESS,1,-0.18513859981321,-0.0165555279545543,1,0.853120326630283,0.924587784007436
REACTOME_SIGNAL_TRANSDUCTION_BY_L1,4,-0.184366646338031,-0.0319450674605609,0.75,0.853725833640445,0.925049309220255
GOBP_TUMOR_NECROSIS_FACTOR_MEDIATED_SIGNALING_PATHWAY,4,0.183997483428107,-0.0104398750039101,0.5,0.854015429152192,0.925052285659176
GOBP_REGULATION_OF_SIGNAL_TRANSDUCTION_BY_P53_CLASS_MEDIATOR,4,-0.183905112574572,-0.0306386660879697,0.5,0.8540878939646,0.925052285659176
GOBP_EXTRINSIC_APOPTOTIC_SIGNALING_PATHWAY_VIA_DEATH_DOMAIN_RECEPTORS,4,0.183574480799687,-0.0419125309928707,0.25,0.854347284239403,0.925138625982899
KEGG_NOD_LIKE_RECEPTOR_SIGNALING_PATHWAY,4,0.182928733357009,0.0329358909302393,0.5,0.854853937328283,0.925200131501612
GOBP_POSITIVE_REGULATION_OF_PROTEIN_CONTAINING_COMPLEX_DISASSEMBLY,4,0.182887918394779,0.044811246333374,0.75,0.854885962738435,0.925200131501612
GOBP_FC_RECEPTOR_SIGNALING_PATHWAY,4,0.182558753804608,-0.00556096467807712,0.75,0.855144250064961,0.925200131501612
GOBP_CELLULAR_RESPONSE_TO_RETINOIC_ACID,4,-0.182454770089304,-0.0218589877716167,0.75,0.855225846746286,0.925200131501612
GOBP_REGULATION_OF_DNA_STRAND_ELONGATION,2,-0.182357074659981,-0.0488576754404415,0.5,0.855302510380205,0.925200131501612
GOBP_RESPONSE_TO_IONIZING_RADIATION,4,0.181414197799673,-0.0122052322277919,0.5,0.85604247554493,0.925806071535569
GOBP_SYNAPTIC_TRANSMISSION_DOPAMINERGIC,4,-0.180899173412804,0.0193111884805333,0.5,0.85644671766962,0.925896615682626
GOBP_AUTOPHAGOSOME_MATURATION,4,-0.180835331209481,-0.0541223305274181,0.75,0.856496829976863,0.925896615682626
GOBP_POSITIVE_REGULATION_OF_INSULIN_SECRETION_INVOLVED_IN_CELLULAR_RESPONSE_TO_GLUCOSE_STIMULUS,4,-0.180606249766775,0.0131605172646496,0.5,0.856676649954917,0.925896615682626
REACTOME_HEDGEHOG_OFF_STATE,4,-0.180391178253261,-0.00235472980847524,0.5,0.856845479457703,0.925896615682626
GOBP_LYMPHANGIOGENESIS,4,-0.179981522340507,0.017520513862936,0.5,0.857167074348492,0.926049783008893
GOBP_NEGATIVE_REGULATION_OF_LEUKOCYTE_APOPTOTIC_PROCESS,4,-0.178222215898974,-0.0386414698545879,0.75,0.858548463254745,0.926828608532561
GOBP_REGULATION_OF_CELL_MATRIX_ADHESION,4,-0.177803540357584,-0.0441576329331465,0.5,0.858877266851979,0.926828608532561
GOBP_POSITIVE_REGULATION_OF_REPRODUCTIVE_PROCESS,4,0.177675099338906,-0.0219111066016223,0.5,0.858978141921335,0.926828608532561
REACTOME_GASTRIN_CREB_SIGNALLING_PATHWAY_VIA_PKC_AND_MAPK,4,-0.177626534823239,-0.0538634453773295,0.75,0.859016284143993,0.926828608532561
GOBP_REGULATION_OF_CHROMOSOME_ORGANIZATION,4,-0.177559425849358,-0.0480718421390682,0.5,0.859068991592728,0.926828608532561
GOBP_REGULATION_OF_T_CELL_PROLIFERATION,4,-0.177530059796729,0.0341812244350502,0.25,0.859092055914563,0.926828608532561
REACTOME_CDT1_ASSOCIATION_WITH_THE_CDC6_ORC_ORIGIN_COMPLEX,4,0.177431424926582,-0.0371740146205094,0.5,0.85916952537437,0.926828608532561
KEGG_PURINE_METABOLISM,4,-0.177229682323809,-0.0231822267359229,0.75,0.859327981575926,0.926828608532561
GOBP_ORGANOPHOSPHATE_CATABOLIC_PROCESS,4,0.176634217241539,-0.0235823270893912,0.5,0.859795715186979,0.927138876962881
GOBP_PROTEIN_DEGLYCOSYLATION,4,-0.175931783546801,-0.075973959540049,0.75,0.86034753512364,0.927539668834092
GOBP_POSITIVE_REGULATION_OF_TYPE_2_IMMUNE_RESPONSE,4,0.174128272189212,0.0634580895938915,0.5,0.861764654608434,0.928872976047483
REACTOME_SWITCHING_OF_ORIGINS_TO_A_POST_REPLICATIVE_STATE,4,-0.173491229107522,-0.0411542346151079,0.75,0.862265321504427,0.929218112270049
GOBP_ANTIGEN_PROCESSING_AND_PRESENTATION_OF_EXOGENOUS_PEPTIDE_ANTIGEN_VIA_MHC_CLASS_II,4,0.172639734302307,0.0638123381096728,0.5,0.86293461735264,0.92974478860614
GOBP_TRANSMISSION_OF_NERVE_IMPULSE,4,-0.172300202630254,0.0225077438341826,0.25,0.863201525059277,0.929837793416364
GOBP_REGULATION_OF_CENTRIOLE_REPLICATION,4,-0.171740550964698,-0.0416107175216125,0.75,0.863641504365314,0.930117152473751
GOBP_PROTEIN_POLYMERIZATION,4,0.170820118025273,-0.0217930290278249,0.25,0.864365209677589,0.930537212595234
REACTOME_G2_M_CHECKPOINTS,4,-0.170750213125743,-0.0527205864703286,0.5,0.864420178194468,0.930537212595234
GOBP_HEART_FIELD_SPECIFICATION,3,0.170393626048925,0.00909003934634654,0.666666666666667,0.864700584520912,0.930537212595234
GOBP_REGULATION_OF_HYDROGEN_PEROXIDE_METABOLIC_PROCESS,3,0.170325153775999,-0.00212740217168206,0.666666666666667,0.864754430426917,0.930537212595234
HALLMARK_CHOLESTEROL_HOMEOSTASIS,4,-0.169830779532572,-0.043726123097235,0.75,0.86514321997443,0.930761061355691
GOBP_POSITIVE_REGULATION_OF_CELLULAR_PROTEIN_CATABOLIC_PROCESS,4,0.169275572137301,-0.0433091868841485,0.25,0.865579889303352,0.931036317113633
GOBP_I_KAPPAB_KINASE_NF_KAPPAB_SIGNALING,4,-0.168910059794861,-0.00276958189264463,0.5,0.865867386324514,0.931048648114706
REACTOME_SIGNALING_BY_ERBB4,4,0.168591993247485,0.028317739980913,0.5,0.866117578873698,0.931048648114706
GOBP_ATRIOVENTRICULAR_VALVE_DEVELOPMENT,4,-0.168571350335747,-0.0152139645932818,0.5,0.866133817143026,0.931048648114706
GOBP_ICOSANOID_METABOLIC_PROCESS,4,-0.168145786211386,0.0361493815076836,0.75,0.866468589904091,0.931214103405586
GOBP_CHEMICAL_SYNAPTIC_TRANSMISSION_POSTSYNAPTIC,4,-0.167874189510557,0.0087093830062996,0.5,0.866682255726038,0.931249360336679
REACTOME_CYCLIN_A_B1_B2_ASSOCIATED_EVENTS_DURING_G2_M_TRANSITION,4,0.167147859188653,-0.108940231437884,0.25,0.867253709477165,0.931354269759581
GOBP_CATECHOLAMINE_UPTAKE,4,-0.167076767578396,0.00821046254141169,0.5,0.867309645842715,0.931354269759581
GOBP_RENAL_SYSTEM_PROCESS_INVOLVED_IN_REGULATION_OF_BLOOD_VOLUME,4,0.167060388663307,0.00288646175778886,0.5,0.867322533209787,0.931354269759581
GOBP_POLYAMINE_BIOSYNTHETIC_PROCESS,1,0.166493910487384,0.0283708759238383,1,0.867768275018814,0.931585905024067
GOBP_KIDNEY_EPITHELIUM_DEVELOPMENT,4,0.166132267779895,-0.0112667774277134,0.5,0.868052860977887,0.931585905024067
GOBP_REGULATION_OF_RESPONSE_TO_OXIDATIVE_STRESS,4,-0.166096485299646,-0.026939033758639,0.5,0.868081020063211,0.931585905024067
GOBP_POSITIVE_REGULATION_OF_CALCIUM_ION_IMPORT,4,-0.165413327190624,0.0217122228127639,0.5,0.86861866458883,0.931671806172428
GOBP_SPECIFICATION_OF_SYMMETRY,4,0.165368102277824,0.0391111986476935,0.5,0.868654258682151,0.931671806172428
GOBP_T_CELL_PROLIFERATION,4,0.165291039777913,0.0292586914829306,0.75,0.868714911038933,0.931671806172428
GOBP_HINDLIMB_MORPHOGENESIS,4,0.165075146836124,0.0127543267088496,0.5,0.868884834577588,0.931671806172428
REACTOME_CONSTITUTIVE_SIGNALING_BY_EGFRVIII,4,0.164433446526329,-0.0151546910171519,0.75,0.869389935385537,0.93198934688683
GOBP_DENDRITIC_CELL_CHEMOTAXIS,4,0.164139027257937,0.0979004370997349,0.75,0.8696216991264,0.93198934688683
GOBP_SEGMENTATION,4,0.1640090905058,0.0351741440865985,0.5,0.869723987529854,0.93198934688683
REACTOME_DEGRADATION_OF_BETA_CATENIN_BY_THE_DESTRUCTION_COMPLEX,4,-0.163127071999062,-0.0319226084915833,0.5,0.870418384913598,0.932539380757411
REACTOME_ACYL_CHAIN_REMODELLING_OF_PG,3,0.162181878106344,0.014793138141491,0.333333333333333,0.871162630043256,0.93291396744366
GOBP_REGULATION_OF_LEUKOCYTE_APOPTOTIC_PROCESS,4,0.162180118095418,-0.00935628150184231,0.5,0.871164015981477,0.93291396744366
REACTOME_PEROXISOMAL_LIPID_METABOLISM,4,-0.161938012915091,-0.000978622783781332,0.5,0.871354667897424,0.93291396744366
GOBP_REGULATION_OF_MAP_KINASE_ACTIVITY,4,-0.161762667684151,-0.00185077898109479,0.5,0.871492752651778,0.93291396744366
GOBP_ANDROGEN_METABOLIC_PROCESS,4,-0.160849164945618,0.025071434498572,0.5,0.87221220132556,0.933490048768512
GOBP_MACROPHAGE_CHEMOTAXIS,4,-0.160318997147615,0.0520075591126327,0.25,0.87262979486629,0.933742895628954
REACTOME_SEMA4D_IN_SEMAPHORIN_SIGNALING,4,-0.159732681695608,0.019257003268924,0.5,0.873091655163102,0.934042994480534
GOBP_EMBRYONIC_HEART_TUBE_MORPHOGENESIS,4,-0.159025507632125,0.0381765487135764,0.5,0.873648777368338,0.934047201782848
REACTOME_REGULATION_OF_TP53_EXPRESSION_AND_DEGRADATION,4,-0.158968228973643,-0.0744816136064566,0.75,0.873693905090835,0.934047201782848
REACTOME_ION_CHANNEL_TRANSPORT,4,-0.158866512753353,-0.0345813248764426,0.5,0.87377404452651,0.934047201782848
GOBP_LYMPHOCYTE_CHEMOTAXIS,4,0.158681786846635,0.05270116655467,0.75,0.873919588340998,0.934047201782848
GOBP_MATURATION_OF_LSU_RRNA_FROM_TRICISTRONIC_RRNA_TRANSCRIPT_SSU_RRNA_5_8S_RRNA_LSU_RRNA,1,-0.158045682912047,-0.0256176077407477,1,0.874420801292567,0.934047201782848
REACTOME_RHOH_GTPASE_CYCLE,4,-0.157947907216108,0.00686604937175743,0.5,0.874497847334607,0.934047201782848
GOBP_RESPONSE_TO_INTERLEUKIN_6,4,-0.157930285697978,-0.0301057677317376,0.5,0.874511733000045,0.934047201782848
GOBP_POSITIVE_REGULATION_OF_INTERFERON_ALPHA_PRODUCTION,4,0.157885763013725,-0.0161105029343611,0.5,0.87454681681785,0.934047201782848
REACTOME_HEDGEHOG_ON_STATE,4,-0.157456674667911,0.00468173482210186,0.5,0.874884950513074,0.934214560388183
GOBP_APPENDAGE_MORPHOGENESIS,4,-0.156525756748342,-0.000973008681502766,0.5,0.875618618506237,0.934804119155839
GOBP_LEUKOCYTE_APOPTOTIC_PROCESS,4,-0.155443052280086,-0.0208767201055324,0.75,0.876472045806073,0.935515603236983
GOBP_BONE_MORPHOGENESIS,4,-0.155219299607444,-0.00028013266944008,0.5,0.876648433796551,0.935515603236983
REACTOME_NUCLEAR_SIGNALING_BY_ERBB4,4,0.154924462618166,0.0906294480579223,0.75,0.876880868101225,0.935569745100126
GOBP_REGULATION_OF_T_HELPER_CELL_DIFFERENTIATION,4,-0.154498830202008,-0.0550991168653129,0.5,0.877216433509205,0.935698245171467
GOBP_CELLULAR_COMPONENT_MAINTENANCE,4,0.154051294937778,0.0215965332494574,0.5,0.877569290757403,0.935698245171467
GOBP_POSITIVE_REGULATION_OF_INTERFERON_GAMMA_PRODUCTION,4,0.153479988179004,0.0333585187891233,0.75,0.878019770447944,0.935698245171467
GOBP_POSITIVE_REGULATION_OF_PHAGOCYTOSIS,4,-0.153448180282728,0.0232908836739323,0.25,0.878044852376381,0.935698245171467
GOBP_STRIATED_MUSCLE_ADAPTATION,4,-0.153198291567518,-0.0498044050550018,0.5,0.878241904901285,0.935698245171467
HALLMARK_GLYCOLYSIS,4,0.152999124541733,-0.0458387686419421,0.25,0.87839896567698,0.935698245171467
GOBP_GOLGI_TO_ENDOSOME_TRANSPORT,2,-0.152812086037103,-0.0206809508283771,0.5,0.878546466401333,0.935698245171467
REACTOME_GPVI_MEDIATED_ACTIVATION_CASCADE,4,0.152752856112224,0.0158703264997528,0.5,0.878593176683133,0.935698245171467
GOBP_REGULATION_OF_STRIATED_MUSCLE_CELL_DIFFERENTIATION,4,-0.152518946385714,-0.00599716746827593,0.5,0.878777648194705,0.935698245171467
GOBP_POSITIVE_REGULATION_OF_MACROPHAGE_ACTIVATION,4,0.152427450352923,0.0336047201473715,0.5,0.878849807786786,0.935698245171467
GOBP_REGULATION_OF_INTRINSIC_APOPTOTIC_SIGNALING_PATHWAY_BY_P53_CLASS_MEDIATOR,4,0.152138937322154,0.00425365388171302,0.5,0.879077354104189,0.935698245171467
GOBP_STEROL_BIOSYNTHETIC_PROCESS,4,-0.151425223239696,-0.0304147739075523,0.75,0.879640293605171,0.935698245171467
GOBP_HIPPO_SIGNALING,4,-0.151372938827151,-0.0191425166185652,0.5,0.879681535149002,0.935698245171467
GOBP_RESPONSE_TO_UV_B,4,-0.15115124096429,-0.0365773883280405,0.75,0.879856412348812,0.935698245171467
GOBP_NEGATIVE_REGULATION_OF_TRANSMEMBRANE_TRANSPORT,4,0.15101704556335,0.0099984155349515,0.5,0.879962269694382,0.935698245171467
GOBP_LAMELLIPODIUM_ORGANIZATION,4,-0.150770286540175,-0.00857926230181495,0.5,0.880156926189439,0.935698245171467
GOBP_DETECTION_OF_MECHANICAL_STIMULUS,4,-0.150442448388896,-0.0123084694676661,0.75,0.880415553365346,0.935698245171467
GOBP_PLASMA_LIPOPROTEIN_PARTICLE_CLEARANCE,4,-0.15042997398455,0.0242797020234353,0.5,0.880425394509826,0.935698245171467
GOBP_MICROTUBULE_POLYMERIZATION_OR_DEPOLYMERIZATION,4,-0.150180667028813,-0.0413442081839622,0.75,0.880622078374391,0.935698245171467
GOBP_NEGATIVE_REGULATION_OF_CHROMOSOME_ORGANIZATION,4,-0.150163283887031,-0.02575364682817,0.5,0.880635792600686,0.935698245171467
GOBP_SIALYLATION,3,-0.149108766833318,-0.0123154014153596,0.666666666666667,0.881467808295103,0.936336626945396
GOBP_ATP_TRANSPORT,2,-0.148940853342743,-0.0229604275005635,0.5,0.881600304414698,0.936336626945396
GOBP_CELLULAR_RESPIRATION,4,0.148616144181119,-0.0210201740284038,0.5,0.881856533271391,0.936415609365723
GOBP_EMBRYONIC_HINDLIMB_MORPHOGENESIS,4,0.147978905775654,0.0239977118392347,0.5,0.882359415699427,0.936644637084491
GOBP_BRANCHING_MORPHOGENESIS_OF_AN_EPITHELIAL_TUBE,4,0.147881823635432,0.0119183145957534,0.5,0.882436033112617,0.936644637084491
GOBP_NATURAL_KILLER_CELL_MEDIATED_IMMUNITY,4,0.147637818151973,-0.00866402934056923,0.5,0.882628607568128,0.936655956382583
KEGG_ARACHIDONIC_ACID_METABOLISM,4,0.147011018955732,0.0558607049121064,0.5,0.883123322953101,0.936926717673644
GOBP_REGULATION_OF_CELL_KILLING,4,-0.146783405742778,0.00365834419028432,0.5,0.883302983101843,0.936926717673644
GOBP_REGULATION_OF_MEMBRANE_PERMEABILITY,4,0.146622947946613,-0.0325911180874138,0.25,0.883429639600998,0.936926717673644
GOBP_MYELIN_MAINTENANCE,3,0.146296211989323,-0.0575004853695136,0.333333333333333,0.883687556081461,0.936952000242148
GOBP_REGULATION_OF_LONG_TERM_SYNAPTIC_POTENTIATION,4,-0.145677318083066,0.0342286316126666,0.5,0.884176127874293,0.936952000242148
GOBP_ARACHIDONIC_ACID_METABOLIC_PROCESS,4,-0.145386564930428,0.0265926048468968,0.5,0.884405671592669,0.936952000242148
GOBP_EMBRYONIC_CAMERA_TYPE_EYE_MORPHOGENESIS,4,-0.145360630287629,-0.0157889313004409,0.75,0.884426146938923,0.936952000242148
REACTOME_RECRUITMENT_OF_MITOTIC_CENTROSOME_PROTEINS_AND_COMPLEXES,4,0.145236742108784,-0.0802502562070851,0.25,0.884523957461872,0.936952000242148
GOBP_TISSUE_REMODELING,4,-0.145144439797473,0.00873253972258869,0.5,0.884596831881131,0.936952000242148
REACTOME_RAF_ACTIVATION,4,0.144979252388653,-0.0578293238087446,0.25,0.884727252899072,0.936952000242148
GOBP_INTERLEUKIN_2_PRODUCTION,4,-0.144096860544214,-0.0262555014295208,0.5,0.885423983773384,0.937497037312185
GOBP_BRANCH_ELONGATION_OF_AN_EPITHELIUM,4,0.143848935323822,0.070680574035091,0.5,0.885619759884716,0.937511542690461
GOBP_NEGATIVE_REGULATION_OF_RESPONSE_TO_DNA_DAMAGE_STIMULUS,4,0.141992319074433,-0.0122142780609046,0.5,0.887086072704628,0.938392024898046
GOBP_CYTOSOLIC_CALCIUM_ION_TRANSPORT,4,-0.141863492262372,-0.00699354993070369,0.5,0.887187831559028,0.938392024898046
GOBP_TISSUE_REGENERATION,4,0.141642319922972,0.00792897564088589,0.75,0.887362537446331,0.938392024898046
GOBP_POSITIVE_REGULATION_OF_CELL_MORPHOGENESIS_INVOLVED_IN_DIFFERENTIATION,4,0.141620618340213,0.00446833837950134,0.5,0.887379680003702,0.938392024898046
GOBP_POSITIVE_REGULATION_OF_CALCIUM_MEDIATED_SIGNALING,4,0.141293395356557,0.0411999765468124,0.5,0.887638167015011,0.938392024898046
GOBP_REGULATION_OF_T_HELPER_17_TYPE_IMMUNE_RESPONSE,4,0.141216944896106,-0.0235368208224542,0.5,0.887698560128951,0.938392024898046
GOBP_REGULATION_OF_CELL_FATE_COMMITMENT,4,0.141180641245602,0.0136500916496835,0.75,0.887727238935401,0.938392024898046
GOBP_EPITHELIAL_TO_MESENCHYMAL_TRANSITION,4,-0.138933127899962,0.021342180415411,0.75,0.889502992543726,0.940076130666593
GOBP_POSITIVE_REGULATION_OF_NEURON_APOPTOTIC_PROCESS,4,-0.138649741332187,0.0182080474895883,0.5,0.889726934980993,0.94011984162059
GOBP_POSITIVE_REGULATION_OF_ORGANELLE_ASSEMBLY,4,0.138203990306255,-0.0310772962875933,0.25,0.890079201554109,0.940169610316346
REACTOME_FCERI_MEDIATED_NF_KB_ACTIVATION,4,0.1381280453137,-0.0241736673940236,0.75,0.890139221264748,0.940169610316346
GOBP_NEGATIVE_REGULATION_OF_VASCULATURE_DEVELOPMENT,4,-0.136894473399021,0.00976555767463456,0.5,0.891114207299454,0.941006368618721
REACTOME_TGF_BETA_RECEPTOR_SIGNALING_IN_EMT_EPITHELIAL_TO_MESENCHYMAL_TRANSITION,3,0.135606582183269,0.0449789467456349,0.666666666666667,0.892132301695368,0.941888296376758
REACTOME_COMPLEX_I_BIOGENESIS,4,-0.135254076033966,0.0239075259762602,0.5,0.892410993358933,0.941989381878874
GOBP_REGULATION_OF_CELL_SHAPE,4,-0.134971452124338,-0.0244824751028358,0.5,0.892634445663111,0.94203212968218
GOBP_POSITIVE_REGULATION_OF_DEVELOPMENTAL_GROWTH,4,0.134509356461824,0.017137821960399,0.25,0.892999812938536,0.942210142243972
GOBP_KERATINOCYTE_DIFFERENTIATION,4,0.134295259536249,-0.0303334004325971,0.25,0.893169101629992,0.942210142243972
GOBP_POSITIVE_REGULATION_OF_BLOOD_VESSEL_ENDOTHELIAL_CELL_MIGRATION,4,0.133973240253272,-0.0434514722743564,0.5,0.893423734828753,0.942236805025677
GOBP_ACTIN_MYOSIN_FILAMENT_SLIDING,4,0.13358955000166,-0.011371308719326,0.5,0.893727148006985,0.942236805025677
GOBP_PURINE_DEOXYRIBONUCLEOTIDE_METABOLIC_PROCESS,2,-0.133520129742075,-0.000867831075323024,0.5,0.893782045569522,0.942236805025677
GOBP_PROTEIN_LIPID_COMPLEX_ASSEMBLY,4,0.133204087796156,-0.0115254971161679,0.5,0.894031978064738,0.942236805025677
GOBP_ATP_SYNTHESIS_COUPLED_ELECTRON_TRANSPORT,4,0.133106256356153,0.00912900738214162,0.5,0.894109347320928,0.942236805025677
GOBP_GLANDULAR_EPITHELIAL_CELL_DIFFERENTIATION,4,-0.132512470761959,-0.0270688095635945,0.5,0.894578959766692,0.94242129216678
GOBP_CARDIAC_SEPTUM_MORPHOGENESIS,4,-0.132422054673691,-0.0166866004901102,0.75,0.894650471181049,0.94242129216678
GOBP_CELLULAR_RESPONSE_TO_VITAMIN,4,-0.131701191738752,0.0199036957772022,0.25,0.89522064285909,0.942829022311608
GOBP_POSITIVE_REGULATION_OF_CHEMOTAXIS,4,0.130045207703236,0.0655725601965783,0.75,0.896530659779372,0.943857238139191
GOBP_METAPHASE_PLATE_CONGRESSION,4,0.129757888224788,-0.0309472200898594,0.5,0.896757981480513,0.943857238139191
GOBP_CORONARY_VASCULATURE_DEVELOPMENT,4,0.129475751180993,0.00337337977959034,0.5,0.896981211185367,0.943857238139191
GOBP_ARACHIDONIC_ACID_SECRETION,4,-0.129207646730714,0.01929102045885,0.5,0.897193345715878,0.943857238139191
GOBP_DOUBLE_STRAND_BREAK_REPAIR_VIA_NONHOMOLOGOUS_END_JOINING,4,-0.129089363942922,-0.0133520175205133,0.25,0.897286937934225,0.943857238139191
GOBP_PROTEIN_IMPORT_INTO_MITOCHONDRIAL_MATRIX,2,0.129076910703673,0.0142839617381591,0.5,0.897296791744288,0.943857238139191
GOBP_CELLULAR_LIPID_CATABOLIC_PROCESS,4,-0.127997576638255,-0.0140726794118306,0.5,0.898150890829551,0.944562691356487
GOBP_DEVELOPMENTAL_INDUCTION,4,-0.126356097289864,0.0365603157993034,0.25,0.899450052827844,0.945697063973167
GOBP_REGULATION_OF_PATTERN_RECOGNITION_RECEPTOR_SIGNALING_PATHWAY,4,-0.126067832301157,0.00888267947865464,0.25,0.89967823038166,0.945697063973167
GOBP_FATTY_ACID_BIOSYNTHETIC_PROCESS,4,-0.125736153505488,-0.00391888787164084,0.5,0.899940782604032,0.945697063973167
GOBP_DETOXIFICATION_OF_COPPER_ION,1,0.125706584126224,0.0223426061111892,1,0.899964189836574,0.945697063973167
GOBP_ARGININE_METABOLIC_PROCESS,4,-0.124737875500752,-0.0718373688857724,0.5,0.900731071248097,0.946309791033759
GOBP_VACUOLAR_LOCALIZATION,4,-0.123945634686918,0.0017247157483942,0.5,0.901358320246882,0.946616729908517
GOBP_T_CELL_RECEPTOR_SIGNALING_PATHWAY,4,-0.123841272980008,-0.00927630112331221,0.5,0.901440952218321,0.946616729908517
GOBP_NEGATIVE_REGULATION_OF_B_CELL_PROLIFERATION,4,0.123461246784228,0.0651072230198858,0.75,0.901741860050058,0.946616729908517
GOBP_HEART_MORPHOGENESIS,4,-0.123440098822034,-0.00770657006683793,0.5,0.901758605593567,0.946616729908517
GOBP_RESPONSE_TO_ACID_CHEMICAL,4,0.121802053208127,-0.00933080191272813,0.5,0.903055787835027,0.947663647213046
KEGG_ANTIGEN_PROCESSING_AND_PRESENTATION,4,-0.121715915844866,0.0130401175610378,0.5,0.903124007938322,0.947663647213046
GOBP_EMBRYONIC_BRAIN_DEVELOPMENT,2,-0.120960297649906,-0.0391714470266797,0.5,0.903722482111406,0.948002684901625
GOBP_REGULATION_OF_HORMONE_SECRETION,4,-0.120843065196014,-0.0147803883093093,0.5,0.903815338936119,0.948002684901625
GOBP_NEURON_PROJECTION_REGENERATION,4,0.118322785087409,0.00768330153125072,0.5,0.905811904323606,0.949739216050401
GOBP_COPPER_ION_TRANSPORT,2,0.117345462173076,-0.044473647036266,0.5,0.906586300254487,0.949739216050401
GOBP_NEGATIVE_REGULATION_OF_RHO_PROTEIN_SIGNAL_TRANSDUCTION,4,0.116685531406649,-0.0839678153229055,0.5,0.907109256210491,0.949739216050401
GOBP_PROTEIN_KINASE_B_SIGNALING,4,-0.116499712018369,-0.0150618096393329,0.5,0.907256514320492,0.949739216050401
GOBP_ACTIN_NUCLEATION,4,0.11649707131803,0.018222617252773,0.5,0.90725860704513,0.949739216050401
GOBP_REGULATION_OF_MAST_CELL_ACTIVATION_INVOLVED_IN_IMMUNE_RESPONSE,4,-0.116482145409178,0.0116967778013467,0.75,0.907270435668281,0.949739216050401
GOBP_NEUTRAL_AMINO_ACID_TRANSPORT,4,-0.116409472889381,-0.0586305066931696,0.25,0.907328028156852,0.949739216050401
KEGG_ASTHMA,4,-0.116315712356994,0.0550933877311676,0.5,0.907402333474901,0.949739216050401
REACTOME_CELLULAR_RESPONSE_TO_HYPOXIA,4,0.116183459316912,-0.0434192784964422,0.5,0.907507145522302,0.949739216050401
REACTOME_SYNTHESIS_SECRETION_AND_INACTIVATION_OF_GLUCAGON_LIKE_PEPTIDE_1_GLP_1,4,0.115946805668225,-0.00291818105015343,0.25,0.907694700264627,0.949739216050401
GOBP_BIOLOGICAL_PROCESS_INVOLVED_IN_SYMBIOTIC_INTERACTION,4,-0.115883007047941,0.00952647110204015,0.5,0.90774526336552,0.949739216050401
REACTOME_MITOTIC_PROPHASE,4,-0.115812101010739,-0.0379945266377252,0.75,0.90780145983308,0.949739216050401
GOBP_REGULATION_OF_NUCLEASE_ACTIVITY,4,0.115687465067936,0.000430038622174631,0.5,0.907900240970611,0.949739216050401
GOBP_EPITHELIAL_CELL_DEVELOPMENT,4,0.115264703991,-0.0281259456608052,0.5,0.908235313986679,0.949739216050401
GOBP_PROTEIN_CONTAINING_COMPLEX_LOCALIZATION,4,-0.115222596241955,-0.017116304586532,0.5,0.908268688745302,0.949739216050401
GOBP_CARDIAC_LEFT_VENTRICLE_MORPHOGENESIS,3,0.114608205808056,0.0369329415041156,0.666666666666667,0.908755675277962,0.949739216050401
REACTOME_FCERI_MEDIATED_MAPK_ACTIVATION,4,0.114538327026578,-0.00321814042168372,0.5,0.908811065726966,0.949739216050401
KEGG_PEROXISOME,4,0.114352268520609,-0.0121402292477629,0.5,0.908958549912795,0.949739216050401
GOBP_POSITIVE_REGULATION_OF_STRESS_FIBER_ASSEMBLY,4,-0.114330883648071,-0.00249667983660858,0.5,0.908975501397626,0.949739216050401
GOBP_REGULATION_OF_CARDIOCYTE_DIFFERENTIATION,4,0.112871399033845,0.0641787456147703,0.5,0.910132511661793,0.950650600907577
KEGG_AUTOIMMUNE_THYROID_DISEASE,4,0.112664261414141,0.00543604978740792,0.5,0.910296736056935,0.950650600907577
GOBP_SINGLE_STRANDED_VIRAL_RNA_REPLICATION_VIA_DOUBLE_STRANDED_DNA_INTERMEDIATE,4,-0.112222712318347,-0.0365325910839721,0.75,0.910646821093497,0.950650600907577
REACTOME_GLUCOSE_METABOLISM,4,-0.112145153919309,-0.0592361503162469,0.75,0.910708315561418,0.950650600907577
KEGG_NITROGEN_METABOLISM,4,-0.112035531173162,-0.00530092826037668,0.5,0.910795234106376,0.950650600907577
GOBP_NEGATIVE_REGULATION_OF_EPITHELIAL_CELL_PROLIFERATION,4,-0.11183335751558,-0.0220541197133833,0.5,0.910955537944841,0.950650600907577
GOBP_MITOCHONDRIAL_ELECTRON_TRANSPORT_NADH_TO_UBIQUINONE,4,0.111440138245261,0.0425949318119147,0.5,0.911267332550328,0.950783281722723
REACTOME_APOPTOTIC_FACTOR_MEDIATED_RESPONSE,4,0.111127174927149,0.0706598988502355,0.75,0.911515499723974,0.950849535672354
REACTOME_TRIGLYCERIDE_METABOLISM,4,-0.110128519718794,-0.0401995006500798,0.75,0.912307450254416,0.951384094883724
GOBP_CYTOSOLIC_TRANSPORT,4,0.109946926789013,-0.0366462346545312,0.25,0.912451465912191,0.951384094883724
GOBP_NUCLEUS_LOCALIZATION,4,0.109782011373137,-0.0338261384809881,0.25,0.912582257648225,0.951384094883724
GOBP_REGULATION_OF_MESENCHYMAL_CELL_PROLIFERATION,4,0.10887602994901,0.00257805044222477,0.5,0.913300818934094,0.951826290683299
GOBP_REGULATION_OF_CALCIUM_ION_TRANSPORT,4,0.108554579925936,0.0271135035485089,0.5,0.913555787742246,0.951826290683299
REACTOME_INTERLEUKIN_4_AND_INTERLEUKIN_13_SIGNALING,4,-0.108548023527309,-0.0665158386596953,0.75,0.913560988261189,0.951826290683299
REACTOME_PLATELET_ADHESION_TO_EXPOSED_COLLAGEN,1,-0.107920121041991,-0.014988057095535,1,0.914059056055131,0.95215255505318
GOBP_LONG_CHAIN_FATTY_ACID_TRANSPORT,4,0.107367904333457,0.00899218886740559,0.5,0.914497115918424,0.952416191315527
GOBP_PROTEIN_K48_LINKED_UBIQUITINATION,4,0.106965130534545,-0.0157803658377588,0.25,0.914816642804511,0.952556298038509
GOBP_REGULATION_OF_ADENYLATE_CYCLASE_ACTIVITY,4,-0.10553818080664,0.0535461726186855,0.25,0.915948775239481,0.953341879541788
KEGG_PROTEIN_EXPORT,4,-0.105511182866407,-0.0892889572704928,0.75,0.915970196876642,0.953341879541788
GOBP_GLOMERULAR_EPITHELIAL_CELL_DIFFERENTIATION,4,0.105314128089253,0.0184905160869476,0.5,0.916126552723396,0.953341879541788
GOBP_PHOTOTRANSDUCTION,4,-0.104001119378539,0.0251346276569548,0.5,0.917168460253522,0.954205460801379
GOBP_POTASSIUM_ION_TRANSPORT,4,0.103681129074988,0.0187392576464019,0.75,0.917422402749481,0.954205460801379
REACTOME_STRIATED_MUSCLE_CONTRACTION,4,0.103567754229124,-0.0933693600643362,0.5,0.917512378408939,0.954205460801379
GOBP_POSITIVE_REGULATION_OF_ANION_TRANSPORT,4,0.102772293113756,0.0147883788484391,0.5,0.918143695690915,0.954669202163272
GOBP_POSITIVE_REGULATION_OF_STRESS_ACTIVATED_PROTEIN_KINASE_SIGNALING_CASCADE,4,0.100066126736035,-0.0103378857396226,0.5,0.920291827266906,0.95670959390214
GOBP_NEGATIVE_REGULATION_OF_DNA_REPAIR,4,-0.0996167193370009,-0.0334062304000999,0.75,0.920648619741113,0.956887311878682
GOBP_POSITIVE_REGULATION_OF_GROWTH,4,0.0991307763147945,0.0246414349672141,0.5,0.921034436463989,0.957095118739269
GOBP_ENDOTHELIUM_DEVELOPMENT,4,-0.0986181942702821,-0.0324925355986127,0.75,0.921441423502957,0.957324836484407
GOBP_SINGLE_FERTILIZATION,4,0.0980454931466597,0.00935554576925136,0.75,0.921896169056456,0.957526925027146
REACTOME_RNA_POLYMERASE_III_TRANSCRIPTION_INITIATION_FROM_TYPE_1_PROMOTER,4,0.0979048301706825,0.00237939127237984,0.25,0.922007864494968,0.957526925027146
HALLMARK_IL6_JAK_STAT3_SIGNALING,4,-0.0975749549018634,-0.00751820241852693,0.5,0.922269812677944,0.957605820826525
GOBP_NEPHRON_EPITHELIUM_DEVELOPMENT,4,0.0964281104776594,-0.00446890841226601,0.5,0.923180567212854,0.958358213826408
REACTOME_REGULATION_OF_PLK1_ACTIVITY_AT_G2_M_TRANSITION,4,-0.095500412100681,-0.0804355212158367,0.75,0.923917362948496,0.958929752433341
GOBP_NEGATIVE_REGULATION_OF_T_CELL_RECEPTOR_SIGNALING_PATHWAY,4,-0.0945623058195516,0.012145129951448,0.25,0.924662491220034,0.959509707233365
REACTOME_SIGNALING_BY_ACTIVIN,3,-0.0942335516871139,-0.0456342757502707,0.666666666666667,0.924923632956622,0.959534241568021
GOBP_APPENDAGE_DEVELOPMENT,4,0.0940633401422941,-0.0195153579983642,0.5,0.925058841550525,0.959534241568021
GOBP_IRON_SULFUR_CLUSTER_ASSEMBLY,4,-0.0938081473763941,0.0457556421652712,0.5,0.925261559557878,0.959551212520345
GOBP_POSITIVE_REGULATION_OF_OSTEOCLAST_DIFFERENTIATION,4,0.093030155872816,0.0687239162722885,0.5,0.925879604178607,0.95999880827943
HALLMARK_APOPTOSIS,4,0.0927097775655426,-0.0705867307889542,0.5,0.926134129095257,0.960069384077205
REACTOME_RESPIRATORY_ELECTRON_TRANSPORT,4,0.0923502319781947,0.00981745923811054,0.5,0.926419779504513,0.960172190955865
GOBP_POSITIVE_REGULATION_OF_ANIMAL_ORGAN_MORPHOGENESIS,4,-0.0917973295893984,0.0338073607207075,0.5,0.926859065784075,0.960251527511728
GOBP_GLYCOSYLCERAMIDE_METABOLIC_PROCESS,3,0.0916733115146156,-0.0246665286736631,0.333333333333333,0.92695760240662,0.960251527511728
REACTOME_AMYLOID_FIBER_FORMATION,4,0.0915271707901836,0.00456524902392301,0.5,0.927073717672351,0.960251527511728
REACTOME_CARGO_RECOGNITION_FOR_CLATHRIN_MEDIATED_ENDOCYTOSIS,4,-0.0911471551798376,-0.00380829031443476,0.5,0.927375664137654,0.960251527511728
GOBP_REGULATION_OF_DNA_DEPENDENT_DNA_REPLICATION,4,-0.0910802932184472,-0.0367442218580503,0.75,0.927428791282933,0.960251527511728
GOBP_REGULATION_OF_CELL_PROJECTION_ASSEMBLY,4,0.0901145869544844,-0.0213354603217747,0.5,0.928196157668731,0.960852837924467
GOBP_NEURON_PROJECTION_ARBORIZATION,4,0.0897964886375659,0.0747427626706922,0.5,0.928448938580323,0.960921323567856
GOBP_REGULATION_OF_CHROMATIN_BINDING,4,0.0894387566945543,-0.0600360661031023,0.25,0.928733223486573,0.961022380975153
GOBP_HEART_VALVE_MORPHOGENESIS,4,0.0876894036672573,-0.0145861177706339,0.5,0.930123541828081,0.962267654585652
REACTOME_MAPK6_MAPK4_SIGNALING,4,0.0874472908489133,-0.0324102619809312,0.5,0.93031598065986,0.962273399842833
GOBP_MONOCARBOXYLIC_ACID_BIOSYNTHETIC_PROCESS,4,-0.0864755541638297,-0.00162106835425616,0.5,0.931088388214658,0.962878913620662
GOBP_REGULATION_OF_URINE_VOLUME,4,0.0862222845733147,0.0321555084880238,0.75,0.931289716145095,0.962893724584557
GOBP_RESPONSE_TO_OSMOTIC_STRESS,4,0.0857750169474868,-0.0148541344902782,0.5,0.931645266856103,0.963067954033743
GOBP_PLASMA_MEMBRANE_TUBULATION,3,0.0854718978473314,-0.0624917325043784,0.333333333333333,0.931886235966687,0.963123691086405
GOBP_MODIFICATION_OF_SYNAPTIC_STRUCTURE,4,-0.0849605460821645,-0.0146143919904317,0.5,0.932292756920078,0.963350472683419
GOBP_REGULATION_OF_PROTEIN_POLYMERIZATION,4,0.0843602739878611,-0.0136323907207109,0.5,0.932769991419372,0.963650217860823
GOBP_ASTROCYTE_DIFFERENTIATION,4,0.0831735329231407,-0.018542890405195,0.5,0.933713557471799,0.964431516032556
GOBP_ENDOCRINE_PANCREAS_DEVELOPMENT,4,0.0825799324499536,-0.0586808386791085,0.25,0.934185558349615,0.964725519442874
GOBP_LIPID_PHOSPHORYLATION,3,0.0821400216731555,0.0302738864809446,0.666666666666667,0.934535367941332,0.964893244341271
REACTOME_P75NTR_SIGNALS_VIA_NF_KB,4,-0.081710159609899,-0.0893095424258828,0.5,0.93487719917743,0.965052666111586
GOBP_LOW_DENSITY_LIPOPROTEIN_PARTICLE_REMODELING,4,0.0813227161865857,0.0516334976163504,0.5,0.93518530891493,0.965167129982373
GOBP_CELLULAR_POLYSACCHARIDE_CATABOLIC_PROCESS,3,-0.081099304306985,-0.0335840217632917,0.333333333333333,0.935362978949706,0.965167129982373
GOBP_COPULATION,4,0.0807380299217557,0.0562361584663586,0.25,0.935650292022193,0.965270157007067
REACTOME_SEMA4D_INDUCED_CELL_MIGRATION_AND_GROWTH_CONE_COLLAPSE,4,-0.0799223993251515,0.032023686207425,0.5,0.936298974728166,0.965745877579192
GOBP_DNA_DAMAGE_RESPONSE_SIGNAL_TRANSDUCTION_BY_P53_CLASS_MEDIATOR,4,-0.0795344379869923,-0.0290320409246114,0.5,0.936607540809201,0.965870664455553
REACTOME_INSULIN_RECEPTOR_SIGNALLING_CASCADE,4,-0.078210688692923,-0.0228578092238704,0.5,0.937660459716237,0.96646726388392
GOBP_POSITIVE_REGULATION_OF_FATTY_ACID_BIOSYNTHETIC_PROCESS,4,0.0779268904383156,-0.00126937870978057,0.5,0.937886208970902,0.96646726388392
REACTOME_SYNTHESIS_OF_GLYCOSYLPHOSPHATIDYLINOSITOL_GPI,3,-0.0779036346786656,-0.0184144830069156,0.666666666666667,0.937904708144884,0.96646726388392
REACTOME_CELL_DEATH_SIGNALLING_VIA_NRAGE_NRIF_AND_NADE,4,0.0776644858108658,-0.003656822783398,0.5,0.938094944961792,0.96646726388392
GOBP_REGULATION_OF_CILIUM_MOVEMENT,4,0.0774880280158992,-0.0178447019343326,0.5,0.938235314897289,0.96646726388392
REACTOME_ANTIGEN_ACTIVATES_B_CELL_RECEPTOR_BCR_LEADING_TO_GENERATION_OF_SECOND_MESSENGERS,4,-0.0773912958321514,-0.00830469150322741,0.5,0.938312264936049,0.96646726388392
GOBP_GLIOGENESIS,4,0.0768330890281568,-0.00391646937355432,0.5,0.938756327294502,0.966731265847878
GOBP_INCLUSION_BODY_ASSEMBLY,4,-0.0765129168029766,-0.0542283654815962,0.75,0.939011037977134,0.966800206867479
GOBP_NEGATIVE_REGULATION_OF_RECEPTOR_SIGNALING_PATHWAY_VIA_JAK_STAT,4,-0.075159550370208,-0.0226952843867224,0.5,0.940087767413257,0.967715296763467
GOBP_NEGATIVE_REGULATION_OF_CELL_MATRIX_ADHESION,4,-0.0739641285904453,-0.0607543076259745,0.75,0.941038928286148,0.968500787876349
GOBP_OSTEOBLAST_PROLIFERATION,4,-0.0726380995315141,0.0629825420138483,0.75,0.94209410774335,0.969342430797268
GOBP_POSITIVE_REGULATION_OF_BINDING,4,-0.0719100080374205,-0.0341390468934603,0.75,0.942673525409306,0.969342430797268
REACTOME_DNA_DAMAGE_TELOMERE_STRESS_INDUCED_SENESCENCE,4,-0.0718964791561049,-0.0511351684880027,0.75,0.94268429202671,0.969342430797268
GOBP_POSITIVE_REGULATION_OF_MACROPHAGE_MIGRATION,4,0.071744040199995,0.127622888685731,0.75,0.942805607430811,0.969342430797268
REACTOME_SIGNALING_BY_FGFR1_IN_DISEASE,4,0.071686607695015,-0.0376384348158961,0.25,0.942851314251468,0.969342430797268
GOBP_POLYOL_METABOLIC_PROCESS,4,-0.0713391963649384,-0.0246964319382919,0.25,0.943127800493449,0.969342430797268
GOBP_NEGATIVE_REGULATION_OF_SMOOTH_MUSCLE_CELL_DIFFERENTIATION,3,0.0712804992266295,-0.00939096114973737,0.333333333333333,0.943174515108626,0.969342430797268
REACTOME_SIGNALING_BY_ERBB2_ECD_MUTANTS,4,-0.0695771046663834,-0.0221548750903393,0.5,0.944530260597372,0.97051642095152
GOBP_POSITIVE_REGULATION_OF_TUMOR_NECROSIS_FACTOR_SUPERFAMILY_CYTOKINE_PRODUCTION,4,0.0693716613202875,0.0181384684638147,0.5,0.944693785552344,0.97051642095152
GOBP_POSITIVE_REGULATION_OF_PHOSPHOPROTEIN_PHOSPHATASE_ACTIVITY,4,-0.0689333820659786,0.0162955714420185,0.25,0.945042646662524,0.970592476559655
GOBP_NEGATIVE_REGULATION_OF_CELL_ACTIVATION,4,0.0686320633204225,0.0286981814977919,0.5,0.945282496193368,0.970592476559655
GOBP_DETECTION_OF_TEMPERATURE_STIMULUS_INVOLVED_IN_SENSORY_PERCEPTION_OF_PAIN,2,0.0685682137824139,0.00731861132847206,0.5,0.945333321022853,0.970592476559655
GOBP_PATTERN_RECOGNITION_RECEPTOR_SIGNALING_PATHWAY,4,-0.0677776997366108,0.0139762920925636,0.25,0.945962595964394,0.970999656912877
GOBP_B_CELL_DIFFERENTIATION,4,0.0673180180857502,0.0185235744401114,0.5,0.946328533067253,0.970999656912877
GOBP_POSITIVE_REGULATION_OF_VASCULAR_ASSOCIATED_SMOOTH_MUSCLE_CELL_PROLIFERATION,4,0.0672739757949353,0.0598763155045463,0.5,0.946363594249474,0.970999656912877
HALLMARK_NOTCH_SIGNALING,4,-0.0670029505252809,-0.00160761787224881,0.5,0.946579354301547,0.970999656912877
REACTOME_METABOLISM_OF_NUCLEOTIDES,4,-0.0668855635432795,-0.0502626187703888,0.5,0.946672805923994,0.970999656912877
GOBP_NEURAL_RETINA_DEVELOPMENT,4,0.0661198576482926,-0.0379781495986827,0.5,0.947282401327818,0.971431404986444
GOBP_GTP_METABOLIC_PROCESS,4,0.0657822585948792,0.0131338112362262,0.5,0.947551181228187,0.971513546822767
GOBP_AXONEME_ASSEMBLY,4,0.0653337200223774,-0.0112070830453062,0.5,0.947908294991292,0.971686205636107
GOBP_NEGATIVE_REGULATION_OF_MEIOTIC_CELL_CYCLE,3,0.0649596646079175,-0.0405762545413934,0.333333333333333,0.948206115370141,0.971750388972976
GOBP_RESPONSE_TO_POTASSIUM_ION,4,0.0644222853539763,-0.0513592126253196,0.25,0.948633985735568,0.971750388972976
GOBP_DNA_TEMPLATED_TRANSCRIPTION_TERMINATION,3,0.0641745739498907,-0.0382450667863328,0.666666666666667,0.948831222701009,0.971750388972976
GOBP_REGULATION_OF_CELL_DIVISION,4,0.0641650721583809,-0.0233886607458715,0.5,0.948838788440734,0.971750388972976
GOBP_RESPONSE_TO_CORTICOSTEROID,4,-0.064069938915483,-0.0034448870735324,0.5,0.948914537921173,0.971750388972976
GOBP_REGULATION_OF_RHO_PROTEIN_SIGNAL_TRANSDUCTION,4,-0.0637445207139983,0.00381782301108759,0.5,0.949173654404947,0.971822459043761
REACTOME_RHOG_GTPASE_CYCLE,4,-0.0623447932088183,0.00976562939849782,0.5,0.950288258009597,0.972770226737856
GOBP_SISTER_CHROMATID_COHESION,4,0.0617454917762206,-0.0158679351624898,0.5,0.950765511860019,0.973054356545535
GOBP_GLIAL_CELL_DIFFERENTIATION,4,-0.061521641292756,-0.0221569450459098,0.75,0.950943779789693,0.973054356545535
GOBP_N_GLYCAN_PROCESSING,4,0.060969892082533,0.0342624808336044,0.5,0.951383187069087,0.973310556371693
GOBP_REGULATION_OF_PHOSPHOLIPASE_ACTIVITY,4,0.0601126964177297,0.041941716869697,0.5,0.952065877971806,0.973470016301119
GOBP_REGULATION_OF_MUSCLE_ADAPTATION,4,-0.0599905272369822,-0.0167203701587133,0.5,0.952163179272819,0.973470016301119
REACTOME_SIGNALING_BY_NOTCH,4,-0.059423961758495,-0.0214180078281326,0.5,0.952614428056663,0.973470016301119
GOBP_SECONDARY_METABOLIC_PROCESS,4,0.0591597241677665,0.0515282445393115,0.5,0.952824888884851,0.973470016301119
GOBP_CELL_DEATH_IN_RESPONSE_TO_HYDROGEN_PEROXIDE,4,0.0591015943575958,0.0169701169602992,0.75,0.952871188749877,0.973470016301119
GOBP_MITOCHONDRIAL_MEMBRANE_ORGANIZATION,4,-0.0588319677599431,-0.024645671682252,0.5,0.953085945959798,0.973470016301119
GOBP_RHO_PROTEIN_SIGNAL_TRANSDUCTION,4,-0.0587026189190751,0.00308153100492637,0.5,0.953188973341706,0.973470016301119
KEGG_AXON_GUIDANCE,4,-0.0586458800443237,0.0264270837826315,0.5,0.953234166554266,0.973470016301119
GOBP_ACROSOME_ASSEMBLY,3,0.0586378096744021,-0.0628748167226681,0.666666666666667,0.953240594715526,0.973470016301119
GOBP_PEPTIDYL_THREONINE_MODIFICATION,4,-0.0581121293839096,-0.0296985901605801,0.75,0.953659312870548,0.973521412798729
GOBP_EPIDERMAL_CELL_DIFFERENTIATION,4,0.0580998885745126,-0.0294118499883723,0.25,0.953669063149503,0.973521412798729
GOBP_ANTIGEN_PROCESSING_AND_PRESENTATION_OF_PEPTIDE_OR_POLYSACCHARIDE_ANTIGEN_VIA_MHC_CLASS_II,4,-0.0576996114536704,0.045245681825145,0.5,0.953987903197314,0.973653857990678
GOBP_POSITIVE_REGULATION_OF_RESPONSE_TO_BIOTIC_STIMULUS,4,-0.0568206462569956,0.00225982738454134,0.75,0.954688067171722,0.974175358277289
GOBP_NEGATIVE_REGULATION_OF_DEFENSE_RESPONSE,4,-0.0561868514959192,-0.00114136515662753,0.5,0.955192955602231,0.974497429838694
REACTOME_CYCLIN_A_CDK2_ASSOCIATED_EVENTS_AT_S_PHASE_ENTRY,4,-0.055709753874282,-0.0633666282206117,0.5,0.955573029103757,0.974692061579882
KEGG_BETA_ALANINE_METABOLISM,4,0.0552013120987995,-0.0159711272066929,0.5,0.955978083627669,0.974912092017997
GOBP_POSITIVE_REGULATION_OF_CYSTEINE_TYPE_ENDOPEPTIDASE_ACTIVITY,4,-0.0536440543863358,-0.0115045152664947,0.25,0.957218756696924,0.975755140108217
GOBP_REGULATION_OF_CYSTEINE_TYPE_ENDOPEPTIDASE_ACTIVITY,4,0.0534928148165279,-0.0273568747131824,0.25,0.957339255400287,0.975755140108217
GOBP_NEGATIVE_REGULATION_OF_SIGNAL_TRANSDUCTION_BY_P53_CLASS_MEDIATOR,4,0.0533055086643242,-0.0287038800500686,0.5,0.957488491164619,0.975755140108217
REACTOME_TRANSCRIPTIONAL_REGULATION_BY_E2F6,4,-0.0532122768912831,-0.0389682280935589,0.5,0.957562773930243,0.975755140108217
GOBP_REGULATION_OF_TRANSLATIONAL_FIDELITY,2,0.0526824167408825,-0.00626698319824154,0.5,0.957984948976456,0.975992184859472
GOBP_NEURON_MIGRATION,4,-0.0523756986795091,0.0249176728938233,0.5,0.958229337178078,0.976048042953496
GOBP_EOSINOPHIL_MIGRATION,4,-0.0513659263853101,0.04890807649711,0.25,0.959033935720145,0.976674393794111
GOBP_ACTIVATION_OF_NF_KAPPAB_INDUCING_KINASE_ACTIVITY,4,0.0486651123426076,-0.0115904504976142,0.5,0.961186179234143,0.978672659062014
GOBP_REGULATION_OF_LEUKOCYTE_DIFFERENTIATION,4,0.0481744123310889,-0.00183134800894339,0.75,0.961577242505892,0.978877268023495
REACTOME_DEGRADATION_OF_DVL,4,0.0475600814410008,-0.0228148019070757,0.25,0.962066846401034,0.978905963528228
REACTOME_INHIBITION_OF_THE_PROTEOLYTIC_ACTIVITY_OF_APC_C_REQUIRED_FOR_THE_ONSET_OF_ANAPHASE_BY_MITOTIC_SPINDLE_CHECKPOINT_COMPONENTS,4,-0.047523443384508,-0.0290516615215525,0.5,0.962096046322881,0.978905963528228
GOBP_ORGAN_OR_TISSUE_SPECIFIC_IMMUNE_RESPONSE,4,0.0473684530670064,0.0210573946956418,0.5,0.962219571590913,0.978905963528228
GOBP_NEGATIVE_REGULATION_OF_FIBROBLAST_GROWTH_FACTOR_RECEPTOR_SIGNALING_PATHWAY,3,-0.0471848602660123,-0.012927552993568,0.666666666666667,0.962365893839559,0.978905963528228
GOBP_DIGESTION,4,-0.0464997700955729,0.0187122858590134,0.5,0.96291191732687,0.9790990626234
GOBP_REGULATION_OF_SYNCYTIUM_FORMATION_BY_PLASMA_MEMBRANE_FUSION,4,0.0464695082285343,0.0351609679190245,0.5,0.962936036730413,0.9790990626234
GOBP_NEGATIVE_REGULATION_OF_REACTIVE_OXYGEN_SPECIES_BIOSYNTHETIC_PROCESS,4,0.0451606498354539,-0.000718149174944967,0.5,0.963979259112314,0.97996627940164
GOBP_NOTCH_SIGNALING_PATHWAY,4,-0.0448949150952401,-0.0215211073217415,0.5,0.964191069925964,0.979988120617605
REACTOME_HOST_INTERACTIONS_OF_HIV_FACTORS,4,0.0446193925047002,-0.0364111389701996,0.5,0.964410685069381,0.980017883840979
GOBP_PYRIMIDINE_RIBONUCLEOSIDE_TRIPHOSPHATE_METABOLIC_PROCESS,3,0.0439464919969997,-0.00593396308613936,0.333333333333333,0.964947055821531,0.980195449890252
GOBP_POSITIVE_REGULATION_OF_INTERLEUKIN_2_PRODUCTION,4,0.0439225307850369,-0.0158690774174424,0.5,0.964966155660067,0.980195449890252
GOBP_ASPARTATE_FAMILY_AMINO_ACID_BIOSYNTHETIC_PROCESS,4,0.0426433733486986,-0.0317674495448245,0.25,0.965985819985748,0.981037670040753
GOBP_REGULATION_OF_STEROID_HORMONE_SECRETION,4,0.0422554198555719,0.0424267826803604,0.25,0.966295083321994,0.981116412122237
REACTOME_SIGNALING_BY_NTRKS,4,0.0420680575200387,-0.0120444247862436,0.75,0.966444444024856,0.981116412122237
GOBP_PROTEIN_LOCALIZATION_TO_CILIARY_MEMBRANE,2,-0.0416174748780632,-0.0166223559223188,0.5,0.966803642372242,0.981287592070703
REACTOME_IMMUNOREGULATORY_INTERACTIONS_BETWEEN_A_LYMPHOID_AND_A_NON_LYMPHOID_CELL,4,-0.0412088062053222,0.0402537079651202,0.25,0.967129433301047,0.98142480332422
GOBP_NEGATIVE_REGULATION_OF_LYMPHOCYTE_DIFFERENTIATION,4,0.0407651616935811,-0.00657445833929712,0.5,0.967483113200508,0.981453647811408
GOBP_REGULATION_OF_SMOOTHENED_SIGNALING_PATHWAY,4,-0.0406949611211222,-0.0218762622920632,0.25,0.967539078712508,0.981453647811408
GOBP_AMINO_ACID_IMPORT_ACROSS_PLASMA_MEMBRANE,4,0.0396840004490482,-0.0292510852063062,0.5,0.968345057421,0.982020542847863
GOBP_REGULATION_OF_PRESYNAPTIC_CYTOSOLIC_CALCIUM_ION_CONCENTRATION,1,0.0395155227018459,0.00474509754910107,1,0.968479377856175,0.982020542847863
GOBP_NEGATIVE_REGULATION_OF_MONONUCLEAR_CELL_MIGRATION,4,-0.0392477519227207,0.0836377955775389,0.25,0.968692862413806,0.982043620509685
GOBP_NEGATIVE_REGULATION_OF_CELL_SUBSTRATE_ADHESION,4,-0.0383807279605911,-0.0164700748261342,0.5,0.969384126518915,0.98255095815864
KEGG_UBIQUITIN_MEDIATED_PROTEOLYSIS,4,-0.0364432082613949,-0.0331077286083014,0.5,0.970928961834787,0.983923090826081
GOBP_NEGATIVE_REGULATION_OF_ENDOTHELIAL_CELL_PROLIFERATION,4,0.0359084140477082,0.0512770150838561,0.5,0.971355386755837,0.98416152821838
REACTOME_CILIUM_ASSEMBLY,4,0.0354703771415722,-0.0300200438266518,0.5,0.971704667121709,0.984199019812645
GOBP_BONE_GROWTH,4,-0.0352686660918954,-0.0206482161423053,0.5,0.971865508615645,0.984199019812645
GOBP_GRANULOCYTE_MACROPHAGE_COLONY_STIMULATING_FACTOR_PRODUCTION,3,-0.0349585205858213,0.0198688552741639,0.666666666666667,0.972112816417686,0.984199019812645
GOBP_POSITIVE_REGULATION_OF_MITOCHONDRION_ORGANIZATION,4,0.0349031542933334,-0.00493941647115485,0.5,0.972156965384951,0.984199019812645
GOBP_REGULATION_OF_SMOOTH_MUSCLE_CELL_DIFFERENTIATION,4,0.0336884133554325,-0.00307174406928528,0.5,0.973125618532316,0.984986005469411
GOBP_NEGATIVE_REGULATION_OF_CELLULAR_RESPONSE_TO_INSULIN_STIMULUS,4,-0.0332923563197702,0.00474576963581578,0.5,0.97344144915579,0.985021451348535
GOBP_POSITIVE_REGULATION_OF_TISSUE_REMODELING,1,0.0331647043269235,0.00243124651523866,1,0.973543244496542,0.985021451348535
REACTOME_STABILIZATION_OF_P53,4,0.0322309264686155,-0.00781757849031873,0.25,0.97428789322992,0.985581210656358
GOBP_REGENERATION,4,-0.0318634053457959,-0.0128390768751133,0.5,0.974580982115092,0.985617637312313
GOBP_INTESTINAL_ABSORPTION,4,0.0316042616263288,-0.00154728609913816,0.5,0.974787644802701,0.985617637312313
GOBP_REGULATION_OF_LIPOPROTEIN_PARTICLE_CLEARANCE,4,0.0314656822373713,0.0586058641937873,0.5,0.974898160192583,0.985617637312313
GOBP_FIBROBLAST_PROLIFERATION,4,-0.0304488044201046,-0.0186916725385381,0.5,0.975709122581888,0.986243869684755
GOBP_GLIAL_CELL_APOPTOTIC_PROCESS,4,0.0298840348123828,0.0458373893909185,0.75,0.976159538537526,0.986505488504362
GOBP_OXIDATIVE_PHOSPHORYLATION,4,0.0272191961162754,-0.0155147973880489,0.5,0.978284905091165,0.988269327557633
GOBP_CELL_CYCLE_DNA_REPLICATION,4,-0.0272143781769967,-0.0266059025765168,0.5,0.978288747827006,0.988269327557633
GOBP_REGULATION_OF_SUBSTRATE_ADHESION_DEPENDENT_CELL_SPREADING,4,0.0257687072448793,0.000446056128443595,0.5,0.979441821557739,0.989240082228482
GOBP_NEUROTRANSMITTER_METABOLIC_PROCESS,4,-0.0254835780394493,0.00665984886902361,0.75,0.979669247060483,0.989275731146191
GOBP_REGULATION_OF_MACROPHAGE_ACTIVATION,4,-0.0247249494088223,0.0349161941696833,0.25,0.980274354411088,0.989599650690187
GOBP_EPOXYGENASE_P450_PATHWAY,4,0.0245995147893051,0.0344468967646275,0.5,0.980374406325625,0.989599650690187
GOBP_NEGATIVE_REGULATION_OF_SMALL_GTPASE_MEDIATED_SIGNAL_TRANSDUCTION,4,-0.0242545648618442,-0.0508697755230447,0.5,0.980649554445659,0.989655773188812
GOBP_REGULATION_OF_CELL_MIGRATION_INVOLVED_IN_SPROUTING_ANGIOGENESIS,4,0.0240478855130543,-0.0552278767070765,0.25,0.980814412620414,0.989655773188812
GOBP_GLUTAMINE_METABOLIC_PROCESS,4,-0.0235815296378571,-0.0706054322558597,0.5,0.981186405268735,0.989837147478197
GOBP_NEGATIVE_REGULATION_OF_CELLULAR_RESPONSE_TO_VASCULAR_ENDOTHELIAL_GROWTH_FACTOR_STIMULUS,1,0.0231292023276476,0.0014638470741854,1,0.981547211824346,0.990007168204419
GOBP_DIGESTIVE_SYSTEM_PROCESS,4,-0.0226687606009526,0.00220909140309973,0.5,0.981914494858476,0.990183653354151
GOBP_RESPONSE_TO_AUDITORY_STIMULUS,4,0.0218010234806232,-0.0496698466303333,0.25,0.982606677762462,0.990534442012535
GOBP_NEGATIVE_REGULATION_OF_INTRINSIC_APOPTOTIC_SIGNALING_PATHWAY,4,0.0217503468087526,-0.081925921297036,0.25,0.982647102311134,0.990534442012535
GOBP_CARDIAC_SEPTUM_DEVELOPMENT,4,-0.0211849822193391,-0.00589544824036059,0.5,0.983098094048107,0.990795084410589
GOBP_SODIUM_ION_EXPORT_ACROSS_PLASMA_MEMBRANE,3,0.0205383813983785,-0.0400274031484457,0.666666666666667,0.983613894598238,0.991120928236072
REACTOME_MITOCHONDRIAL_FATTY_ACID_BETA_OXIDATION,4,-0.0179010095220434,-0.0424025709448692,0.5,0.985717823661701,0.993046580714948
GOBP_POSITIVE_REGULATION_OF_T_HELPER_1_TYPE_IMMUNE_RESPONSE,4,-0.0176035968271291,0.0573808835458324,0.5,0.985955087269207,0.993091303667673
REACTOME_PHASE_0_RAPID_DEPOLARISATION,4,0.0171884124932516,0.0263387006688415,0.75,0.986286306316009,0.993146227958634
GOBP_LAMELLIPODIUM_ASSEMBLY,4,-0.0170516893157016,-0.0124254581148108,0.75,0.986395379642738,0.993146227958634
GOBP_POSTSYNAPTIC_MEMBRANE_ORGANIZATION,4,0.0167019137056172,0.0465470356829006,0.5,0.986674420458418,0.993159571215956
GOBP_POSITIVE_REGULATION_OF_PROTEIN_DEPHOSPHORYLATION,4,0.0161608099847168,-0.0126585796995699,0.25,0.987106100479349,0.993159571215956
GOBP_NEGATIVE_REGULATION_OF_BINDING,4,-0.0159752161941481,0.0146016304291526,0.5,0.987254163784409,0.993159571215956
GOBP_REGULATION_OF_CELLULAR_AMINE_METABOLIC_PROCESS,4,0.0159293824583722,0.00134122409721008,0.5,0.987290729161746,0.993159571215956
GOBP_ESTABLISHMENT_OF_CELL_POLARITY,4,0.0156697899794783,-0.00114632158218241,0.5,0.987497828141821,0.993159571215956
GOBP_MITOCHONDRIAL_RESPIRATORY_CHAIN_COMPLEX_ASSEMBLY,4,0.0152952674475083,0.0376890961338637,0.5,0.987796618072588,0.993159571215956
GOBP_OLIGOSACCHARIDE_BIOSYNTHETIC_PROCESS,4,-0.0152214950568892,0.0811576225970518,0.5,0.987855473072407,0.993159571215956
GOBP_POSITIVE_REGULATION_OF_CALCINEURIN_MEDIATED_SIGNALING,3,0.0151008736436292,0.0435031668102169,0.333333333333333,0.987951703975165,0.993159571215956
REACTOME_NEGATIVE_REGULATION_OF_THE_PI3K_AKT_NETWORK,4,-0.0148553198305111,-0.0202230016874941,0.75,0.988147605595158,0.993162604179088
KEGG_ENDOMETRIAL_CANCER,4,-0.0137273944804649,-0.0502080841168298,0.75,0.989047467870074,0.993808729685751
GOBP_REGULATION_OF_POSITIVE_CHEMOTAXIS,4,0.0135656759573283,0.00442595899957685,0.5,0.989176488568552,0.993808729685751
KEGG_NON_SMALL_CELL_LUNG_CANCER,4,-0.0133085348640369,-0.0401032661825605,0.5,0.98938163895489,0.993820924498386
GOBP_POSITIVE_REGULATION_OF_DEPHOSPHORYLATION,4,0.0115997730082314,0.00987679682797181,0.5,0.990744927760677,0.994656720552319
GOBP_ESTABLISHMENT_OF_PROTEIN_LOCALIZATION_TO_MEMBRANE,4,0.0113971112118927,-0.0116029766059733,0.75,0.990906617789553,0.994656720552319
GOBP_POTASSIUM_ION_IMPORT_ACROSS_PLASMA_MEMBRANE,4,0.011315853473258,0.0147665047435404,0.5,0.990971447903943,0.994656720552319
GOBP_HORMONE_TRANSPORT,4,0.0112971119123219,-0.0147272760466407,0.25,0.990986400550281,0.994656720552319
GOBP_POSITIVE_REGULATION_OF_PHOSPHATASE_ACTIVITY,4,0.0106951672168492,0.0449137570588574,0.75,0.991466653886192,0.994944806248295
GOBP_NEURAL_TUBE_PATTERNING,4,0.00827812315836525,-0.0491110938224291,0.5,0.993395088775749,0.996685758399519
GOBP_REGULATION_OF_RESPONSE_TO_DNA_DAMAGE_STIMULUS,4,-0.00783892740356235,-0.021074962112319,0.5,0.993745504906694,0.996843094635606
GOBP_POSITIVE_REGULATION_OF_VIRAL_LIFE_CYCLE,4,-0.00614592820271528,-0.0371916066529645,0.25,0.995096289646115,0.998003660963741
KEGG_VASOPRESSIN_REGULATED_WATER_REABSORPTION,4,-0.00575056094666569,0.0312365335850528,0.5,0.995411741492863,0.998084078050974
GOBP_AEROBIC_RESPIRATION,4,0.00549734007986571,-0.0115460747829258,0.5,0.995613779317282,0.998084078050974
GOBP_REGULATION_OF_B_CELL_DIFFERENTIATION,4,0.00531659166217667,0.0128525812772297,0.5,0.995757993580862,0.998084078050974
GOBP_APICAL_JUNCTION_ASSEMBLY,4,0.00468985498891782,-0.0236314793924956,0.5,0.996258050829143,0.998390950509781
GOBP_VESICLE_MEDIATED_TRANSPORT_TO_THE_PLASMA_MEMBRANE,4,-0.00439866746501948,0.00961161736143664,0.5,0.996490382459067,0.998429456953052
GOBP_REGULATION_OF_DNA_DAMAGE_CHECKPOINT,1,0.00386370954641305,0.000529836195578041,1,0.996917213475594,0.998662788363003
GOBP_RESPONSE_TO_AXON_INJURY,4,0.0035223982243318,-0.00349794829717293,0.25,0.997189538651509,0.998737369499516
GOBP_REGULATION_OF_SYNAPTIC_TRANSMISSION_GLUTAMATERGIC,4,-0.00281104285438846,0.047581203003976,0.25,0.997757115260594,0.998737369499516
GOBP_EXPLORATION_BEHAVIOR,4,0.00269930806662052,0.0593930433454578,0.75,0.997846266384238,0.998737369499516
GOBP_NITRIC_OXIDE_MEDIATED_SIGNAL_TRANSDUCTION,4,0.00260081036827677,-0.0202022894577801,0.5,0.99792485590103,0.998737369499516
REACTOME_G1_S_DNA_DAMAGE_CHECKPOINTS,4,-0.00255488302160244,-0.0326879321210178,0.5,0.997961500500099,0.998737369499516
GOBP_HEAT_GENERATION,3,0.00171712218036188,-0.0385033434016634,0.333333333333333,0.998629935396552,0.999212113749873
GOBP_REGULATION_OF_MORPHOGENESIS_OF_A_BRANCHING_STRUCTURE,4,-0.00135317533363339,0.0346641500250313,0.5,0.998920322622731,0.999308478955594
REACTOME_G_ALPHA_S_SIGNALLING_EVENTS,4,-0.00100748519291365,-0.0232049919771816,0.75,0.999196143255326,0.999390237300247
GOBP_HISTONE_H2A_ACETYLATION,4,3.73312982655787e-05,0.0111463221522722,0.5,0.999970213933486,0.999970213933486
