pathway,k,z_meta,delta_mean,concord,P_meta,FDR_meta
GOBP_GAMMA_DELTA_T_CELL_ACTIVATION,3,-5.58623635004004,-0.172473428788255,1,2.32043386788894e-08,0.000119177483454776
REACTOME_RUNX1_INTERACTS_WITH_CO_FACTORS_WHOSE_PRECISE_EFFECT_ON_RUNX1_TARGETS_IS_NOT_KNOWN,3,-4.72478803074755,-0.146764442402556,1,2.30355506290578e-06,0.00524148725856696
GOBP_NEGATIVE_REGULATION_OF_NERVOUS_SYSTEM_PROCESS,3,4.6242038747561,0.0680972996776669,0.666666666666667,3.76039872438893e-06,0.00524148725856696
REACTOME_NEGATIVE_REGULATION_OF_MET_ACTIVITY,3,-4.60715509902331,-0.156014889833242,1,4.08215518579982e-06,0.00524148725856696
GOBP_RESPONSE_TO_AUDITORY_STIMULUS,3,4.46675403377788,0.210145255737223,1,7.94153474719358e-06,0.00815754449231725
GOBP_POSITIVE_REGULATION_BY_HOST_OF_VIRAL_TRANSCRIPTION,3,-4.32715473784306,-0.177670242427716,1,1.51047850966166e-05,0.0129296960427038
GOBP_NEGATIVE_REGULATION_OF_T_CELL_RECEPTOR_SIGNALING_PATHWAY,3,-4.26624011947591,-0.0843977834307282,0.666666666666667,1.98794817667968e-05,0.0145858597648955
REACTOME_LISTERIA_MONOCYTOGENES_ENTRY_INTO_HOST_CELLS,3,-4.21271829931038,-0.146283056129095,1,2.52315663630559e-05,0.0146850414115062
GOBP_NEGATIVE_REGULATION_OF_ANTIGEN_RECEPTOR_MEDIATED_SIGNALING_PATHWAY,3,-4.20360669622498,-0.100236764021598,1,2.6269523599761e-05,0.0146850414115062
GOBP_MITOCHONDRION_LOCALIZATION,3,4.18178885760435,0.097564579400044,1,2.89224499572776e-05,0.0146850414115062
GOBP_MODULATION_BY_HOST_OF_SYMBIONT_PROCESS,3,-4.15536519015356,-0.12232586822841,1,3.24768390603632e-05,0.0146850414115062
REACTOME_INTRINSIC_PATHWAY_FOR_APOPTOSIS,3,-4.1365400890783,-0.0935158557663327,1,3.52581780268808e-05,0.0146850414115062
REACTOME_RHOU_GTPASE_CYCLE,3,-4.12440100614381,-0.160097928748361,1,3.71700814543576e-05,0.0146850414115062
GOBP_ERYTHROCYTE_DEVELOPMENT,3,-4.07895700615386,-0.0961291660118828,1,4.52382013592583e-05,0.0165959572986536
GOBP_REGULATION_OF_FILOPODIUM_ASSEMBLY,3,-4.03343674120641,-0.0783120269288531,1,5.49669827511808e-05,0.0167706123532238
REACTOME_FOXO_MEDIATED_TRANSCRIPTION_OF_OXIDATIVE_STRESS_METABOLIC_AND_NEURONAL_GENES,3,4.00963235970173,0.170508697698053,0.666666666666667,6.08133571856926e-05,0.0167706123532238
GOBP_GRANULOCYTE_DIFFERENTIATION,3,-4.00872233043254,-0.0819449179302702,0.666666666666667,6.10481467676975e-05,0.0167706123532238
GOBP_NEGATIVE_REGULATION_OF_DEPHOSPHORYLATION,3,-3.99999449792752,-0.0910877092767727,1,6.33439563696499e-05,0.0167706123532238
GOBP_POSITIVE_REGULATION_OF_FILOPODIUM_ASSEMBLY,3,-3.99743007349563,-0.161304255645069,1,6.40338982765384e-05,0.0167706123532238
REACTOME_SIGNALING_BY_NTRK3_TRKC,3,-3.99276921280604,-0.0924611806694673,0.666666666666667,6.53061228708091e-05,0.0167706123532238
GOBP_MAINTENANCE_OF_PROTEIN_LOCATION,3,-3.94035627499889,-0.0860079039314194,1,8.13606847811855e-05,0.0184750920897857
GOBP_NEGATIVE_REGULATION_OF_REGULATED_SECRETORY_PATHWAY,3,-3.93661631910069,-0.138235002190981,0.666666666666667,8.26385732054312e-05,0.0184750920897857
GOBP_MICROTUBULE_ORGANIZING_CENTER_LOCALIZATION,3,-3.93633624281665,-0.248245752254025,1,8.27350307759094e-05,0.0184750920897857
GOBP_NEGATIVE_REGULATION_OF_SUPRAMOLECULAR_FIBER_ORGANIZATION,3,-3.91829277997262,-0.0375046014216476,0.666666666666667,8.91783472778393e-05,0.0190841663174576
GOBP_NEGATIVE_REGULATION_OF_MYELOID_LEUKOCYTE_DIFFERENTIATION,3,-3.90804889570383,-0.0608008172094237,0.666666666666667,9.30444786996246e-05,0.0191150577040509
GOBP_POSITIVE_REGULATION_OF_PLASMA_MEMBRANE_BOUNDED_CELL_PROJECTION_ASSEMBLY,3,-3.89516642668501,-0.0958024180079507,1,9.81313272658844e-05,0.0193847114168301
REACTOME_DEACTIVATION_OF_THE_BETA_CATENIN_TRANSACTIVATING_COMPLEX,3,-3.86169500237333,-0.0305049352286192,0.666666666666667,0.000112603084433111,0.0212436856726162
GOBP_POSITIVE_REGULATION_OF_MYELOID_CELL_DIFFERENTIATION,3,-3.85482068113918,-0.0634604742810534,1,0.000115814485754138,0.0212436856726162
GOBP_INTRINSIC_APOPTOTIC_SIGNALING_PATHWAY_IN_RESPONSE_TO_DNA_DAMAGE,3,-3.84273984305779,-0.0125070034560559,0.666666666666667,0.000121668418725078,0.0215478965024827
GOBP_PHOSPHATIDYLCHOLINE_CATABOLIC_PROCESS,2,3.78513267894361,0.209981152815904,1,0.000153626593793953,0.0257997505692375
REACTOME_APOPTOTIC_FACTOR_MEDIATED_RESPONSE,3,-3.769967520889,-0.196112322651541,1,0.000163268793482956,0.0257997505692375
GOBP_INTRACELLULAR_STEROL_TRANSPORT,3,3.75454487353205,0.144807898244464,1,0.000173656733120883,0.0257997505692375
GOBP_MYELOID_CELL_DEVELOPMENT,3,-3.74813075547714,-0.0674696094244322,1,0.000178157375524029,0.0257997505692375
KEGG_SYSTEMIC_LUPUS_ERYTHEMATOSUS,3,3.74782369250082,0.0998187934386612,1,0.000178375562024323,0.0257997505692375
GOBP_POSITIVE_REGULATION_OF_CELL_CYCLE_G1_S_PHASE_TRANSITION,3,-3.74569100405274,-0.0881709187101034,1,0.000179897910892136,0.0257997505692375
KEGG_PATHOGENIC_ESCHERICHIA_COLI_INFECTION,3,-3.74438056709234,-0.093959953549975,1,0.000180839373148861,0.0257997505692375
GOBP_RESOLUTION_OF_MEIOTIC_RECOMBINATION_INTERMEDIATES,2,-3.73607867375594,-0.357441488106719,1,0.000186912211036148,0.025945435564369
REACTOME_GOLGI_TO_ER_RETROGRADE_TRANSPORT,3,-3.72656980356152,-0.0366598502422544,0.666666666666667,0.000194103334348426,0.0262345980319346
GOBP_REGULATION_OF_SEQUESTERING_OF_TRIGLYCERIDE,2,3.70159217953032,0.342858685961092,1,0.000214250791090659,0.0279633235582078
GOBP_POSITIVE_REGULATION_OF_ERYTHROCYTE_DIFFERENTIATION,3,-3.6974420738292,-0.184694826080288,1,0.000217782893755512,0.0279633235582078
GOBP_MAINTENANCE_OF_PROTEIN_LOCATION_IN_CELL,3,-3.68354872794447,-0.0745495037325752,1,0.000230009290482298,0.0285022370288603
GOBP_REGULATION_OF_CELL_CYCLE_G1_S_PHASE_TRANSITION,3,-3.68016942465071,-0.0797589945032522,1,0.000233079041123858,0.0285022370288603
HALLMARK_TGF_BETA_SIGNALING,3,-3.66936354654251,-0.0811364042118789,0.666666666666667,0.000243155084404568,0.029042895662834
GOBP_POSITIVE_REGULATION_OF_G1_S_TRANSITION_OF_MITOTIC_CELL_CYCLE,3,-3.64900835483363,-0.0967720549568428,1,0.000263254543329762,0.0307289848759468
REACTOME_RHO_GTPASES_ACTIVATE_ROCKS,3,-3.63161880138595,-0.102575277046162,0.666666666666667,0.000281648946944583,0.0317795413326789
GOBP_PURINE_NUCLEOBASE_METABOLIC_PROCESS,3,3.62890146428397,0.127325876391596,1,0.000284629848384585,0.0317795413326789
GOBP_REGULATION_OF_CELL_PROJECTION_ASSEMBLY,3,-3.6069150046161,-0.0558575709352198,0.666666666666667,0.000309859102686398,0.0330995491672552
GOBP_NEGATIVE_REGULATION_OF_DNA_TEMPLATED_TRANSCRIPTION_ELONGATION,3,-3.60414827636982,-0.125885307783983,1,0.000313178237106045,0.0330995491672552
GOBP_FILOPODIUM_ASSEMBLY,3,-3.59345176185151,-0.0330937900348227,0.333333333333333,0.000326326084577732,0.0330995491672552
GOBP_NEGATIVE_REGULATION_OF_INTERLEUKIN_6_PRODUCTION,3,-3.58445132995856,-0.0746892546754304,1,0.000337787543301729,0.0330995491672552
GOBP_MICROVILLUS_ORGANIZATION,3,-3.58384030339584,-0.0843530903659586,0.666666666666667,0.000338579141490303,0.0330995491672552
GOBP_BARBED_END_ACTIN_FILAMENT_CAPPING,3,-3.58272912178663,-0.0729005810701899,0.666666666666667,0.000340023151296803,0.0330995491672552
REACTOME_SIGNALING_BY_MET,3,-3.58154777343414,-0.0920249386988923,0.666666666666667,0.0003415646623568,0.0330995491672552
GOBP_NEGATIVE_REGULATION_OF_TRANSFERASE_ACTIVITY,3,-3.57487810916685,-0.0189866923877353,0.666666666666667,0.000350391099173537,0.0333260867658386
GOBP_AROMATIC_AMINO_ACID_FAMILY_METABOLIC_PROCESS,3,3.56339223032729,0.0735944888353345,0.666666666666667,0.000366093032953422,0.0341864330408869
GOBP_NEGATIVE_REGULATION_OF_CYTOSKELETON_ORGANIZATION,3,-3.55141848732808,-0.0550469954132022,1,0.000383160655928089,0.0346758367122097
GOBP_POSITIVE_REGULATION_OF_PROTEIN_CATABOLIC_PROCESS,3,-3.54735241497459,0.0127107773728114,0.666666666666667,0.000389123698713972,0.0346758367122097
GOBP_NEGATIVE_REGULATION_OF_EXOCYTOSIS,3,-3.5456887059821,-0.141326643743884,1,0.000391588498697073,0.0346758367122097
REACTOME_FLT3_SIGNALING,3,-3.53570953975753,-0.0635790508199476,0.666666666666667,0.000406681576232805,0.0354019758564692
GOBP_PODOSOME_ASSEMBLY,3,-3.52223457912748,-0.0538149766709278,0.666666666666667,0.000427925307968348,0.0364470961705113
REACTOME_NA_CL_DEPENDENT_NEUROTRANSMITTER_TRANSPORTERS,3,3.51665444366172,0.125214964528878,1,0.000437022328246801,0.0364470961705113
REACTOME_RESPONSE_OF_MTB_TO_PHAGOCYTOSIS,3,-3.51486558013159,-0.0561813250696669,0.666666666666667,0.000439976628226578,0.0364470961705113
GOBP_EXTRINSIC_APOPTOTIC_SIGNALING_PATHWAY_VIA_DEATH_DOMAIN_RECEPTORS,3,-3.50321283927985,0.00215894362655103,0.666666666666667,0.000459681999742068,0.0374750277884962
GOBP_CELL_CYCLE_G1_S_PHASE_TRANSITION,3,-3.49251475767746,-0.0878943377622202,1,0.000478495154788457,0.0383992361717737
GOBP_NUCLEAR_MIGRATION,3,-3.48358270448689,-0.194424556767636,1,0.000494750232909416,0.0390928799418886
GOBP_DNA_SYNTHESIS_INVOLVED_IN_DNA_REPAIR,3,-3.47533525092208,-0.135878813445256,1,0.000510215280901984,0.0395615085261624
GOBP_NEGATIVE_REGULATION_OF_PROTEIN_DEPHOSPHORYLATION,3,-3.47226498425391,-0.0440078760727603,0.666666666666667,0.000516086657175406,0.0395615085261624
REACTOME_MITOTIC_PROMETAPHASE,3,-3.46416293719768,-0.146876773243117,1,0.000531884237819708,0.0396733200220091
GOBP_REGULATION_OF_GLYCOPROTEIN_METABOLIC_PROCESS,3,-3.46206287530139,-0.0362615920001252,0.333333333333333,0.000536051908394002,0.0396733200220091
GOBP_NEGATIVE_REGULATION_OF_CYSTEINE_TYPE_ENDOPEPTIDASE_ACTIVITY,3,-3.45862700707846,-0.0437788142463712,0.666666666666667,0.000542936221908071,0.0396733200220091
REACTOME_INFECTION_WITH_MYCOBACTERIUM_TUBERCULOSIS,3,-3.4559075063469,-0.0564364701054087,0.666666666666667,0.000548443481612665,0.0396733200220091
GOBP_NEGATIVE_REGULATION_OF_COLD_INDUCED_THERMOGENESIS,3,3.45146232865362,0.0463868818805287,0.666666666666667,0.000557557584784631,0.0397724410479704
KEGG_RENAL_CELL_CARCINOMA,3,-3.43992152832294,-0.036588197385927,0.666666666666667,0.000581882872186583,0.0409390470075382
GOBP_MYELOID_LEUKOCYTE_DIFFERENTIATION,3,-3.43569896205553,-0.01387070449063,0.333333333333333,0.00059102730616765,0.0410204897902304
KEGG_COLORECTAL_CANCER,3,-3.42917546277604,-0.0839315312991842,1,0.000605417994682996,0.0414590242758915
GOBP_ESTABLISHMENT_OF_EPITHELIAL_CELL_POLARITY,3,-3.42264021706785,-0.0895400882856843,1,0.000620161028895139,0.0419098295316504
GOBP_NEGATIVE_REGULATION_OF_MAP_KINASE_ACTIVITY,3,-3.41877652094685,-0.0318379086745327,0.666666666666667,0.000629033665299799,0.0419573624023346
GOBP_POSITIVE_REGULATION_OF_GLYCOPROTEIN_METABOLIC_PROCESS,3,-3.39077869258208,-0.117319034217236,0.666666666666667,0.000696943545127921,0.0458910518945769
GOBP_CD40_SIGNALING_PATHWAY,2,3.379833001121,0.251409357308863,1,0.000725298852170522,0.0471536063892127
REACTOME_COPI_INDEPENDENT_GOLGI_TO_ER_RETROGRADE_TRAFFIC,3,-3.36992580217393,-0.0263512569221824,0.333333333333333,0.00075188426268178,0.0482709696641703
GOBP_NEGATIVE_REGULATION_OF_PHOSPHATASE_ACTIVITY,3,-3.36059986353707,-0.0696345674246086,0.666666666666667,0.000777734091890106,0.0487888561274153
REACTOME_ACTIVATED_NOTCH1_TRANSMITS_SIGNAL_TO_THE_NUCLEUS,3,-3.36016838685531,-0.0508780494597918,0.666666666666667,0.000778949805772597,0.0487888561274153
GOBP_REGULATION_OF_MYELOID_LEUKOCYTE_DIFFERENTIATION,3,-3.34735450464067,-0.0133037341325904,0.333333333333333,0.000815868027690537,0.0491450173700034
REACTOME_EPHB_MEDIATED_FORWARD_SIGNALING,3,-3.34607553566817,-0.0922892608114539,1,0.000819640641847978,0.0491450173700034
GOBP_NEGATIVE_REGULATION_OF_MACROAUTOPHAGY,3,-3.34338866657628,-0.0308465068177628,0.666666666666667,0.00082761895644625,0.0491450173700034
GOBP_MYELOID_CELL_HOMEOSTASIS,3,-3.34218993677492,-0.0411068634354043,0.666666666666667,0.000831201621225,0.0491450173700034
GOBP_MITOCHONDRIAL_TRANSCRIPTION,2,-3.34176341180401,-0.282886175578167,1,0.000832479850309636,0.0491450173700034
GOBP_GMP_METABOLIC_PROCESS,3,3.33595554792299,0.157648410122988,1,0.000850067548946856,0.0494125588801747
GOBP_PEPTIDYL_SERINE_DEPHOSPHORYLATION,3,-3.33198097216116,0.0191797379483468,0.666666666666667,0.000862301517872008,0.0494125588801747
GOBP_FACE_DEVELOPMENT,3,-3.33083011639231,-0.0908791391840807,1,0.000865874279442313,0.0494125588801747
GOBP_REGULATION_OF_ACTIN_FILAMENT_BUNDLE_ASSEMBLY,3,-3.32383982898545,-0.0780105197603291,1,0.000887871741664121,0.0501110908262299
GOBP_REGULATION_OF_MICROTUBULE_BASED_MOVEMENT,3,3.31782691939532,0.112829132920986,1,0.000907206813484995,0.0506458064571624
GOBP_NUCLEUS_LOCALIZATION,3,-3.30073265988939,-0.183607725073273,1,0.000964327219572161,0.0529072303899148
REACTOME_COPI_DEPENDENT_GOLGI_TO_ER_RETROGRADE_TRAFFIC,3,-3.29747401138768,-0.0250481334265908,0.666666666666667,0.000975587025976251,0.0529072303899148
REACTOME_SIGNALING_BY_ALK_IN_CANCER,3,-3.28849590062177,-0.00389825393808674,0.666666666666667,0.00100724251317451,0.0529072303899148
GOBP_REGULATION_OF_RESPONSE_TO_FOOD,2,3.2879084040564,0.278678358166829,1,0.00100934672820606,0.0529072303899148
GOBP_ERYTHROCYTE_HOMEOSTASIS,3,-3.28470614418811,-0.0678007363427524,1,0.00102088785770234,0.0529072303899148
REACTOME_ER_TO_GOLGI_ANTEROGRADE_TRANSPORT,3,-3.28382929884276,0.0301950863930305,0.666666666666667,0.0010240692927228,0.0529072303899148
GOBP_GLYCEROPHOSPHOLIPID_CATABOLIC_PROCESS,3,3.2829396621546,0.127684075601116,1,0.00102730651393203,0.0529072303899148
GOBP_NEGATIVE_REGULATION_OF_ACTIN_FILAMENT_DEPOLYMERIZATION,3,-3.27982754718509,-0.0608100180372275,0.666666666666667,0.00103870557782171,0.0529072303899148
GOBP_INNATE_IMMUNE_RESPONSE_ACTIVATING_SIGNAL_TRANSDUCTION,3,-3.27936047050203,-0.134463160951918,1,0.00104042645431881,0.0529072303899148
REACTOME_RHO_GTPASES_ACTIVATE_FORMINS,3,-3.27522511704355,-0.116515239663135,1,0.00105577805340257,0.0530164051722659
GOBP_CHEMOKINE_C_X_C_MOTIF_LIGAND_2_PRODUCTION,2,3.27267685055003,0.281106863109085,1,0.00106534201807049,0.0530164051722659
REACTOME_INTRA_GOLGI_AND_RETROGRADE_GOLGI_TO_ER_TRAFFIC,3,-3.27050909126692,-0.0432532617567135,1,0.0010735409147032,0.0530164051722659
REACTOME_RECYCLING_PATHWAY_OF_L1,3,-3.257941122324,-0.0121065191603834,0.666666666666667,0.00112223687741788,0.0543705804828682
GOBP_VIRAL_TRANSCRIPTION,3,-3.25585183589794,-0.112980150201726,1,0.00113052729981654,0.0543705804828682
REACTOME_REGULATION_OF_PLK1_ACTIVITY_AT_G2_M_TRANSITION,3,-3.25530151073568,-0.138296040141206,1,0.00113272042672642,0.0543705804828682
REACTOME_FLT3_SIGNALING_IN_DISEASE,3,-3.23417762743922,-0.0527063188499072,0.666666666666667,0.0012199355672229,0.0580147136412666
GOBP_QUINONE_METABOLIC_PROCESS,3,3.2081781418347,0.074879298694158,1,0.00133578730534618,0.0629413174335595
GOBP_LEUKOCYTE_ADHESION_TO_VASCULAR_ENDOTHELIAL_CELL,3,-3.2025618639304,-0.0442043958447379,0.666666666666667,0.00136211040421177,0.0635981730548333
GOBP_LEUKOCYTE_DEGRANULATION,3,-3.17870493323232,-0.0618161185888447,1,0.0014793460109915,0.0684497397518229
REACTOME_SIGNALING_BY_ERBB2,3,-3.17455733328508,-0.0142707868812402,0.333333333333333,0.00150065241329318,0.0688156320953017
GOBP_REGULATION_OF_INTRINSIC_APOPTOTIC_SIGNALING_PATHWAY_IN_RESPONSE_TO_DNA_DAMAGE,3,-3.161987315245,-0.0795148321024309,0.666666666666667,0.00156696389925207,0.0712205892615809
REACTOME_ACTIVATION_OF_BH3_ONLY_PROTEINS,3,-3.15869621936486,-0.0631455737619068,1,0.00158476585888625,0.0713978723792964
GOBP_REGULATION_OF_ACTOMYOSIN_STRUCTURE_ORGANIZATION,3,-3.15225407303637,-0.0660243774318129,1,0.00162015232667398,0.0723574117373702
GOBP_REGULATION_OF_ERYTHROCYTE_DIFFERENTIATION,3,-3.14674597092769,-0.106940832780904,1,0.00165098330968425,0.07307231399366
GOBP_OPSONIZATION,2,3.14434078891406,0.256799319962572,1,0.00166461462952847,0.07307231399366
REACTOME_SIGNALING_BY_VEGF,3,-3.13910710738762,-0.0618426923363734,1,0.00169463494461988,0.0737597040302348
GOBP_PROTEIN_POLYMERIZATION,3,-3.12959048443624,-0.0106704509454513,0.666666666666667,0.00175050151027469,0.0755510567795866
GOBP_SEX_DETERMINATION,3,-3.12678045093587,-0.0778076554172978,0.666666666666667,0.00176731852343129,0.0756412328028592
GOBP_REGULATION_OF_B_CELL_DIFFERENTIATION,3,-3.1155005242713,-0.0566220531423391,1,0.0018363302225056,0.0779453886180887
GOBP_HEPARAN_SULFATE_PROTEOGLYCAN_METABOLIC_PROCESS,3,-3.10311450733652,-0.110667223237533,0.666666666666667,0.00191495531470077,0.0780015824589523
REACTOME_SIGNALING_BY_FLT3_FUSION_PROTEINS,3,-3.10307134190487,-0.0864978172260142,1,0.00191523464949985,0.0780015824589523
GOBP_METAPHASE_PLATE_CONGRESSION,3,-3.10290354199836,-0.127090083474627,1,0.00191632088208126,0.0780015824589523
REACTOME_NOTCH2_ACTIVATION_AND_TRANSMISSION_OF_SIGNAL_TO_THE_NUCLEUS,3,-3.10288402885822,-0.046058375644064,0.333333333333333,0.00191644723476779,0.0780015824589523
GOBP_ANTIVIRAL_INNATE_IMMUNE_RESPONSE,2,3.10242416581355,0.186716173938384,1,0.00191942718385544,0.0780015824589523
REACTOME_RESOLUTION_OF_SISTER_CHROMATID_COHESION,3,-3.09814742739522,-0.152077904059277,1,0.00194734528168795,0.0780015824589523
GOBP_HISTONE_H3_DEACETYLATION,3,-3.097320716706,-0.101125063145806,1,0.001952784772761,0.0780015824589523
GOBP_BIOLOGICAL_PROCESS_INVOLVED_IN_INTERACTION_WITH_SYMBIONT,3,-3.09635570309558,-0.0747590691373336,1,0.00195915189587322,0.0780015824589523
GOBP_POSITIVE_REGULATION_OF_PROTEASOMAL_UBIQUITIN_DEPENDENT_PROTEIN_CATABOLIC_PROCESS,3,-3.09129812634746,-0.0046524319213733,0.333333333333333,0.00199283438318613,0.0782128603954241
REACTOME_RECRUITMENT_OF_NUMA_TO_MITOTIC_CENTROSOMES,3,-3.09098825480464,-0.106026045561388,1,0.00199491524762472,0.0782128603954241
REACTOME_TNF_RECEPTOR_SUPERFAMILY_TNFSF_MEMBERS_MEDIATING_NON_CANONICAL_NF_KB_PATHWAY,3,3.08750076043801,0.112186911668928,1,0.00201847255286961,0.0785369320571086
GOBP_REGULATION_OF_ACTIN_FILAMENT_ORGANIZATION,3,-3.08144608321009,-0.0501581261203884,1,0.00205997779995252,0.0795492178989184
GOBP_REGULATION_OF_INSULIN_RECEPTOR_SIGNALING_PATHWAY,3,-3.0783845389366,-0.0731452929415349,1,0.00208126162787676,0.0796643265614279
GOBP_POSITIVE_REGULATION_OF_CALCIUM_ION_DEPENDENT_EXOCYTOSIS,2,3.07476443807473,0.325076092803283,1,0.00210668871797481,0.0796643265614279
KEGG_THYROID_CANCER,3,-3.07436785440332,-0.0114329856246568,0.666666666666667,0.00210949151330884,0.0796643265614279
GOBP_NEGATIVE_REGULATION_OF_KINASE_ACTIVITY,3,-3.07162869226838,-0.0198034954305224,0.666666666666667,0.00212894369932716,0.0797059916259177
GOBP_NEGATIVE_REGULATION_OF_DNA_REPLICATION,3,-3.06985419543475,-0.16641142636554,1,0.00214163295256555,0.0797059916259177
GOBP_MITOTIC_METAPHASE_PLATE_CONGRESSION,3,-3.0621605838923,-0.111478115895958,1,0.00219745530119091,0.0811951829274568
REACTOME_METABOLISM_OF_STEROID_HORMONES,3,3.05234180962459,0.106674066258668,1,0.00227063377540712,0.0819241100496671
GOBP_REGULATION_OF_EXTRINSIC_APOPTOTIC_SIGNALING_PATHWAY_VIA_DEATH_DOMAIN_RECEPTORS,3,-3.05219600614991,-0.0113527537744955,0.333333333333333,0.00227173706423525,0.0819241100496671
GOBP_NEGATIVE_REGULATION_OF_PROTEIN_CONTAINING_COMPLEX_DISASSEMBLY,3,-3.05179918987671,-0.029704196564355,0.666666666666667,0.00227474224409122,0.0819241100496671
GOBP_REGULATION_OF_PEPTIDYL_SERINE_PHOSPHORYLATION_OF_STAT_PROTEIN,3,3.04944087578943,0.103437668369493,1,0.00229267755691271,0.0819241100496671
GOBP_REGULATION_OF_PROTEIN_SUMOYLATION,3,-3.04660811188041,-0.0623281537827403,0.666666666666667,0.00231439233229712,0.0819241100496671
GOBP_REGULATION_OF_MICROTUBULE_CYTOSKELETON_ORGANIZATION,3,-3.04574675667331,-0.0246753015098169,0.666666666666667,0.00232103236835513,0.0819241100496671
REACTOME_SIGNALING_BY_FLT3_ITD_AND_TKD_MUTANTS,3,-3.04473687611085,-0.0687346357477053,0.666666666666667,0.00232883957695705,0.0819241100496671
GOBP_CHROMOSOME_LOCALIZATION,3,-3.04176096286617,-0.142485104258538,1,0.00235198590024598,0.0821755073718597
GOBP_POSITIVE_REGULATION_OF_DNA_TEMPLATED_TRANSCRIPTION_INITIATION,3,-3.03799232406308,-0.127829506598176,1,0.00238160020980023,0.0823052791179379
REACTOME_RND3_GTPASE_CYCLE,3,-3.03721503747221,-0.129516606469456,1,0.0023877505040056,0.0823052791179379
GOBP_POSITIVE_REGULATION_OF_BLOOD_PRESSURE,3,3.0296082505203,0.156509444892222,1,0.00244871133040825,0.0834592521062757
GOBP_POSITIVE_REGULATION_OF_POTASSIUM_ION_TRANSMEMBRANE_TRANSPORTER_ACTIVITY,3,3.02899000451781,0.0866072751723776,1,0.00245372801169152,0.0834592521062757
GOBP_ACUTE_INFLAMMATORY_RESPONSE_TO_ANTIGENIC_STIMULUS,3,3.02184381162077,0.0934575632740113,1,0.00251240145988657,0.0845203070577732
KEGG_PHENYLALANINE_METABOLISM,3,3.02118962429413,0.186383459935572,1,0.00251783624996871,0.0845203070577732
GOBP_REGULATION_OF_ENDOPLASMIC_RETICULUM_UNFOLDED_PROTEIN_RESPONSE,3,-3.01750532985494,-0.0732186010086379,1,0.00254864559216928,0.0846235047992773
GOBP_SNO_S_RNA_METABOLIC_PROCESS,2,-3.01688538337951,-0.316232533407202,1,0.00255386355994704,0.0846235047992773
GOBP_SPECIFICATION_OF_ANIMAL_ORGAN_IDENTITY,3,3.00959759701394,0.152081452094235,1,0.00261594018522903,0.0861247999444633
REACTOME_COPI_MEDIATED_ANTEROGRADE_TRANSPORT,3,-3.00292715590782,0.0381835810021655,0.666666666666667,0.00267396426426095,0.0863462756381901
GOBP_REGULATION_OF_ORGANELLE_ASSEMBLY,3,-3.00205377795398,-0.0749307335331101,0.666666666666667,0.00268164797653242,0.0863462756381901
GOBP_NADP_METABOLIC_PROCESS,3,-3.00193163308802,-0.0941038962245605,1,0.0026827241765308,0.0863462756381901
REACTOME_RHOV_GTPASE_CYCLE,3,-3.00111663292433,-0.139284994088372,1,0.00268991512891558,0.0863462756381901
GOBP_RETINAL_METABOLIC_PROCESS,2,-2.9906890776922,-0.202586849756738,1,0.00278348747984886,0.0874978741868613
GOBP_POSITIVE_REGULATION_OF_INTRINSIC_APOPTOTIC_SIGNALING_PATHWAY,3,-2.99020419845236,-0.0623930998249711,1,0.00278791005901427,0.0874978741868613
GOBP_REGULATION_OF_T_HELPER_17_CELL_DIFFERENTIATION,2,2.99018156781915,0.253557226810104,1,0.00278811662948721,0.0874978741868613
GOBP_REGULATION_OF_CYTOPLASMIC_TRANSPORT,3,-2.98839905175984,-0.0853454671571977,0.666666666666667,0.00280443126487579,0.0874978741868613
GOBP_BRANCHING_INVOLVED_IN_MAMMARY_GLAND_DUCT_MORPHOGENESIS,3,2.98768714021676,0.196233198334312,1,0.00281097142539566,0.0874978741868613
GOBP_B_CELL_HOMEOSTASIS,3,-2.9835481634851,-0.013670869246931,0.333333333333333,0.00284927188073044,0.0876536420622307
GOBP_SISTER_CHROMATID_COHESION,3,-2.98345830138467,-0.196598662988892,1,0.00285010868854995,0.0876536420622307
GOBP_NEGATIVE_REGULATION_OF_MEGAKARYOCYTE_DIFFERENTIATION,3,2.97891409508037,0.001834380364714,0.666666666666667,0.00289271865671411,0.0884345417909742
GOBP_ER_NUCLEUS_SIGNALING_PATHWAY,3,-2.97030673753332,-0.146087334073815,1,0.00297502531073553,0.0889864851717681
HALLMARK_ESTROGEN_RESPONSE_LATE,3,-2.97016406147291,-0.00415449090746316,0.666666666666667,0.00297640745518029,0.0889864851717681
GOBP_VASCULOGENESIS,3,-2.96854920009738,-0.0126105181323272,0.666666666666667,0.00299209197916482,0.0889864851717681
GOBP_TONGUE_DEVELOPMENT,2,-2.96697862321897,-0.231918764638092,1,0.00300741867910288,0.0889864851717681
GOBP_CYTOPLASMIC_MICROTUBULE_ORGANIZATION,3,-2.9667864177366,-0.0624996165827659,0.666666666666667,0.00300929925439155,0.0889864851717681
GOBP_INTRINSIC_APOPTOTIC_SIGNALING_PATHWAY_IN_RESPONSE_TO_DNA_DAMAGE_BY_P53_CLASS_MEDIATOR,3,-2.96160291671066,0.0013930034345403,0.666666666666667,0.00306042193941222,0.0889864851717681
REACTOME_RHOH_GTPASE_CYCLE,3,-2.95893517911835,-0.0612397684742019,0.666666666666667,0.00308704028281889,0.0889864851717681
GOBP_REGULATION_OF_ANTIGEN_RECEPTOR_MEDIATED_SIGNALING_PATHWAY,3,-2.95802566610079,-0.0595470399257052,0.666666666666667,0.00309616343172986,0.0889864851717681
GOBP_POSITIVE_REGULATION_OF_CELL_CYCLE_PHASE_TRANSITION,3,-2.95685495864341,-0.0721151507575423,1,0.00310794275817308,0.0889864851717681
REACTOME_SIGNALING_BY_NOTCH1_PEST_DOMAIN_MUTANTS_IN_CANCER,3,-2.95674408921565,-0.0111909492783898,0.666666666666667,0.00310906041024594,0.0889864851717681
GOBP_PLATELET_MORPHOGENESIS,3,-2.95670596613842,-0.0403669995931051,0.666666666666667,0.00310944480586583,0.0889864851717681
GOBP_CYTOSKELETON_DEPENDENT_CYTOKINESIS,3,-2.95311203471907,-0.0663545878360816,1,0.003145877668722,0.0889864851717681
GOBP_REGULATION_OF_NOTCH_SIGNALING_PATHWAY,3,-2.95280697473578,-0.0230266047580117,0.666666666666667,0.00314898800915073,0.0889864851717681
GOBP_CYTOKINESIS,3,-2.95056407919199,-0.0504982618958977,1,0.00317194240601062,0.0889864851717681
GOBP_REGULATION_OF_CELLULAR_RESPIRATION,3,2.94680213043253,0.0887365720631728,1,0.00321078585920486,0.0889864851717681
GOBP_NEGATIVE_REGULATION_OF_DNA_BINDING_TRANSCRIPTION_FACTOR_ACTIVITY,3,-2.94541747503884,-0.0432917287012598,0.666666666666667,0.00322519170886373,0.0889864851717681
GOBP_RETINA_LAYER_FORMATION,3,-2.94539164837642,-0.216524884158669,1,0.00322546096612818,0.0889864851717681
GOBP_MICROVILLUS_ASSEMBLY,3,-2.94493783702849,-0.102983880681046,0.666666666666667,0.00323019554418373,0.0889864851717681
GOBP_MAMMARY_GLAND_DUCT_MORPHOGENESIS,3,2.94400311063432,0.158855642961478,1,0.00323996743129296,0.0889864851717681
GOBP_TRANSLESION_SYNTHESIS,3,-2.94164239134139,-0.119410533545119,1,0.00326476707263304,0.0890099726971531
GOBP_ORGANISM_EMERGENCE_FROM_PROTECTIVE_STRUCTURE,3,-2.94062729914647,-0.130116691081253,1,0.00327548380836486,0.0890099726971531
GOBP_ACTIN_FILAMENT_BUNDLE_ORGANIZATION,3,-2.93866999105841,-0.0742936978661572,1,0.00329623841383835,0.0891025289130199
GOBP_REGULATION_OF_CYTOKINESIS,3,-2.93322649365349,-0.0646372507759522,1,0.00335459073003395,0.0902051203636354
GOBP_POSITIVE_REGULATION_OF_CELL_SUBSTRATE_JUNCTION_ORGANIZATION,3,-2.92906213361312,-0.111024556442918,1,0.00339986453146028,0.0909463762165624
GOBP_REGULATION_OF_OSTEOCLAST_DIFFERENTIATION,3,-2.92606540227142,-0.0125387499899804,0.333333333333333,0.00343278761678675,0.0911477917559363
REACTOME_SPHINGOLIPID_DE_NOVO_BIOSYNTHESIS,3,-2.92426657223824,-0.11858928561668,1,0.00345268928166908,0.0911477917559363
GOBP_NEGATIVE_REGULATION_OF_PROTEIN_POLYMERIZATION,3,-2.92273004087884,-0.0104346130767788,0.666666666666667,0.00346977206282969,0.0911477917559363
GOBP_REGULATION_OF_DNA_TEMPLATED_TRANSCRIPTION_ELONGATION,3,-2.92010754391384,-0.098199762735849,0.666666666666667,0.00349910611728475,0.0911477917559363
REACTOME_RAC3_GTPASE_CYCLE,3,-2.9180275253301,-0.0921951402809297,1,0.00352253253796821,0.0911477917559363
GOBP_NEGATIVE_REGULATION_OF_ACTIN_FILAMENT_POLYMERIZATION,3,-2.91726598437324,-0.0330901133003304,0.666666666666667,0.00353114509700576,0.0911477917559363
GOBP_INTERLEUKIN_6_MEDIATED_SIGNALING_PATHWAY,3,-2.91668035817272,-0.207331916051391,1,0.00353778119551352,0.0911477917559363
KEGG_AUTOIMMUNE_THYROID_DISEASE,3,2.91289030406777,0.16992321379193,1,0.00358100372798575,0.0911477917559363
GOBP_NEGATIVE_REGULATION_OF_EXTRINSIC_APOPTOTIC_SIGNALING_PATHWAY_VIA_DEATH_DOMAIN_RECEPTORS,3,-2.91271826275498,0.0161398515962014,0.333333333333333,0.00358297707066929,0.0911477917559363
GOBP_INSULIN_RECEPTOR_SIGNALING_PATHWAY,3,-2.91159699467284,-0.0587549196991111,1,0.00359586245346125,0.0911477917559363
GOBP_NEGATIVE_REGULATION_OF_MRNA_PROCESSING,3,-2.91101134435596,-0.0600782728326462,0.666666666666667,0.00360260937041571,0.0911477917559363
KEGG_ETHER_LIPID_METABOLISM,3,2.90741556658723,0.076106829337047,1,0.00364428709475475,0.0917502868561783
GOBP_POSITIVE_REGULATION_OF_OSSIFICATION,3,2.901305269101,0.0384648064897405,0.666666666666667,0.00371611666514285,0.092477843945943
GOBP_MACROPHAGE_DIFFERENTIATION,3,-2.90070172515766,-0.0528514056746255,0.666666666666667,0.00372328101248042,0.092477843945943
REACTOME_HSP90_CHAPERONE_CYCLE_FOR_STEROID_HORMONE_RECEPTORS_SHR_IN_THE_PRESENCE_OF_LIGAND,3,-2.89994869368297,-0.0327997668521191,0.666666666666667,0.00373223745124134,0.092477843945943
GOBP_REGULATION_OF_DNA_BINDING,3,-2.89886102116763,0.0217783518006207,0.333333333333333,0.0037452086333248,0.092477843945943
REACTOME_EPH_EPHRIN_SIGNALING,3,-2.88686632970902,-0.0316343253076292,0.333333333333333,0.00389099497688003,0.0956179435466786
KEGG_T_CELL_RECEPTOR_SIGNALING_PATHWAY,3,-2.88002898734098,-0.0448203706521232,1,0.00397638609459327,0.0972510427706241
GOBP_POSTSYNAPTIC_SIGNAL_TRANSDUCTION,3,2.87235810023474,0.194440943955642,1,0.00407421003866146,0.0991250232438962
REACTOME_DISEASES_OF_MITOTIC_CELL_CYCLE,3,-2.87092667113293,-0.0766701652176464,1,0.00409270452896859,0.0991250232438962
GOBP_NEGATIVE_REGULATION_OF_CALCIUM_MEDIATED_SIGNALING,3,-2.86952339056151,-0.106005279334713,1,0.00411090925836252,0.0991250232438962
HALLMARK_ESTROGEN_RESPONSE_EARLY,3,-2.86663052365729,-0.0159122165442515,0.333333333333333,0.004148670444329,0.099568090663896
HALLMARK_ANGIOGENESIS,3,-2.86511736344879,-0.0935141121171875,1,0.00416854714452829,0.0995798052758015
GOBP_POSITIVE_REGULATION_OF_MITOTIC_CELL_CYCLE_PHASE_TRANSITION,3,-2.86133363237506,-0.0706903147114509,1,0.00421862849404099,0.100309610858308
GOBP_HOMEOSTASIS_OF_NUMBER_OF_CELLS,3,-2.85791778854812,-0.0202072519302424,0.333333333333333,0.00426430857650395,0.100514280566356
KEGG_CYTOSOLIC_DNA_SENSING_PATHWAY,3,2.85776389069199,0.161753957490223,1,0.00426637717357197,0.100514280566356
REACTOME_NUCLEAR_ENVELOPE_NE_REASSEMBLY,3,-2.85592622243768,-0.0579432128067022,1,0.00429114834687561,0.100636246162343
GOBP_REGULATION_OF_ESTABLISHMENT_OR_MAINTENANCE_OF_CELL_POLARITY,3,-2.85101683738707,-0.0901869878005534,1,0.00435796617297178,0.101082104173659
GOBP_REGULATION_OF_DNA_METHYLATION_DEPENDENT_HETEROCHROMATIN_ASSEMBLY,2,-2.85089085151636,-0.249679852636486,1,0.00435969321391025,0.101082104173659
GOBP_BRANCHING_INVOLVED_IN_BLOOD_VESSEL_MORPHOGENESIS,3,-2.85019792437133,-0.0292588538194758,0.666666666666667,0.00436920310096425,0.101082104173659
GOBP_GLYCOSIDE_METABOLIC_PROCESS,3,2.84495879789192,0.133782639854306,0.666666666666667,0.00444171680586219,0.102298912622907
GOBP_REGULATION_OF_CILIUM_DEPENDENT_CELL_MOTILITY,3,2.83613951555395,0.146448758754881,0.666666666666667,0.00456624941194386,0.104697575802427
GOBP_NEGATIVE_REGULATION_OF_NOTCH_SIGNALING_PATHWAY,3,-2.83030152575271,-0.00743349059165431,0.666666666666667,0.00465041542308564,0.106153482724302
REACTOME_AURKA_ACTIVATION_BY_TPX2,3,-2.82848536788197,-0.158804570132556,1,0.00467688389962402,0.106285290745438
GOBP_REGULATION_OF_MYELOID_CELL_DIFFERENTIATION,3,-2.81890637170734,-0.0384383353150399,0.666666666666667,0.00481875717139837,0.109027034503533
GOBP_REPLACEMENT_OSSIFICATION,3,2.81451808942823,0.148279289864249,1,0.00488504282350413,0.110042017287356
GOBP_MITOTIC_CYTOKINESIS,3,-2.81193387281388,-0.0736469893357404,1,0.00492446261653438,0.110088168149853
GOBP_LEUKOCYTE_TETHERING_OR_ROLLING,3,-2.81157492009845,-0.035930734327311,0.666666666666667,0.00492996080110324,0.110088168149853
GOBP_STRESS_FIBER_ASSEMBLY,3,-2.80985251152136,-0.0792475818666146,1,0.00495642076065266,0.110199900548537
REACTOME_SPRY_REGULATION_OF_FGF_SIGNALING,3,-2.80725113991363,0.0199039329581897,0.666666666666667,0.00499662703400473,0.110584425004143
REACTOME_RHOC_GTPASE_CYCLE,3,-2.805954482241,-0.0668704162446317,1,0.00501677784773468,0.110584425004143
REACTOME_POSITIVE_EPIGENETIC_REGULATION_OF_RRNA_EXPRESSION,3,2.79377644066576,0.0451186001495185,0.666666666666667,0.00520964803270259,0.113607187890969
GOBP_NEGATIVE_REGULATION_OF_INNATE_IMMUNE_RESPONSE,3,2.79241691154075,0.18435521133484,1,0.00523159015840651,0.113607187890969
GOBP_ESTABLISHMENT_OF_CELL_POLARITY,3,-2.79061801307253,-0.0546751309583224,1,0.00526075180830751,0.113607187890969
GOBP_REGULATION_OF_LEUKOCYTE_DEGRANULATION,3,-2.78821792790124,-0.0643317796837246,1,0.00529988783617528,0.113607187890969
REACTOME_RHOG_GTPASE_CYCLE,3,-2.78812139674453,-0.0639243354870246,1,0.00530146736950226,0.113607187890969
GOBP_RNA_PHOSPHODIESTER_BOND_HYDROLYSIS_EXONUCLEOLYTIC,3,2.78742553484141,-0.0538116843685992,0.333333333333333,0.00531286630029934,0.113607187890969
REACTOME_METABOLISM_OF_WATER_SOLUBLE_VITAMINS_AND_COFACTORS,3,2.78606636355545,0.0327887659299554,0.666666666666667,0.00533519478311803,0.113607187890969
GOBP_NEGATIVE_REGULATION_OF_REACTIVE_OXYGEN_SPECIES_BIOSYNTHETIC_PROCESS,2,2.78525919344744,0.317898094937488,1,0.00534849505809205,0.113607187890969
GOBP_REGULATION_OF_CELL_CYCLE_CHECKPOINT,3,-2.7837108099961,-0.113364565608434,1,0.005374092634889,0.113607187890969
GOBP_NEGATIVE_REGULATION_OF_EXTRINSIC_APOPTOTIC_SIGNALING_PATHWAY,3,-2.78322694819043,-0.00590646578555829,0.333333333333333,0.00538211440053656,0.113607187890969
GOBP_NEGATIVE_REGULATION_OF_PHOSPHOPROTEIN_PHOSPHATASE_ACTIVITY,3,-2.78231719055055,-0.0235408861947444,0.666666666666667,0.00539722621600397,0.113607187890969
GOBP_AMINE_CATABOLIC_PROCESS,3,2.77486204631567,0.172335812299322,1,0.00552251278323659,0.115744328236565
GOBP_POSITIVE_REGULATION_OF_CARDIOCYTE_DIFFERENTIATION,2,2.77360886441721,0.207003504317694,1,0.00554382880572332,0.115744328236565
REACTOME_RND2_GTPASE_CYCLE,3,-2.77153797221878,-0.14371689773962,1,0.00557921645856253,0.116011561664685
GOBP_NEGATIVE_REGULATION_OF_AUTOPHAGY,3,-2.76751998686756,-0.0109202945979428,0.333333333333333,0.00564845818399585,0.116939445749407
GOBP_ARACHIDONIC_ACID_SECRETION,3,2.76522409370954,0.152046192522403,1,0.00568837031042539,0.116939445749407
GOBP_POSTSYNAPSE_ASSEMBLY,3,2.76367855877243,0.0733237845330003,0.666666666666667,0.00571538117314073,0.116939445749407
GOBP_NEGATIVE_REGULATION_OF_AMINE_TRANSPORT,3,-2.76365469057386,-0.0312798129340739,0.666666666666667,0.00571579921613709,0.116939445749407
GOBP_PHAGOSOME_MATURATION,3,2.76183893916553,0.147058159655494,1,0.00574768241651297,0.116939445749407
GOBP_T_CELL_HOMEOSTASIS,3,-2.75992464221453,0.00724356822747056,0.333333333333333,0.00578146958954072,0.116939445749407
GOBP_ESTABLISHMENT_OR_MAINTENANCE_OF_CELL_POLARITY,3,-2.7598257291023,-0.0561347551273075,1,0.00578322025318329,0.116939445749407
GOBP_RESPONSE_TO_LECTIN,3,-2.75745417028467,-0.184483001237924,1,0.0058253378553595,0.117329157745594
REACTOME_SIGNALING_BY_CSF3_G_CSF,3,-2.75111141547291,-0.00718128703029024,0.333333333333333,0.00593934388080017,0.118401438187415
REACTOME_EPHA_MEDIATED_GROWTH_CONE_COLLAPSE,3,-2.75024968447576,-0.0808904616143155,0.666666666666667,0.00595498698604088,0.118401438187415
GOBP_PEPTIDYL_THREONINE_MODIFICATION,3,-2.74940886405228,-0.0252200478620766,0.666666666666667,0.005970286276187,0.118401438187415
GOBP_MAINTENANCE_OF_LOCATION_IN_CELL,3,-2.74938126625752,-0.048465579625544,0.666666666666667,0.00597078903632016,0.118401438187415
GOBP_CYTOPLASMIC_SEQUESTERING_OF_PROTEIN,3,-2.74471722976481,-0.051785268260819,0.333333333333333,0.00605630570802448,0.119635331216976
GOBP_REGULATION_OF_TRANSCRIPTION_ELONGATION_FROM_RNA_POLYMERASE_II_PROMOTER,3,-2.73994254630803,-0.0625897878989572,0.666666666666667,0.00614499251960426,0.120922151650144
GOBP_PROTEIN_SUMOYLATION,3,-2.72900736692863,-0.0151498029289431,0.333333333333333,0.00635252847689246,0.124165572352041
REACTOME_TRANSCRIPTION_OF_E2F_TARGETS_UNDER_NEGATIVE_CONTROL_BY_P107_RBL1_AND_P130_RBL2_IN_COMPLEX_WITH_HDAC1,2,-2.72852668516916,-0.225377245015564,1,0.00636179426942538,0.124165572352041
GOBP_MAINTENANCE_OF_PROTEIN_LOCATION_IN_NUCLEUS,3,-2.72746294765705,-0.100887054428708,0.666666666666667,0.00638234250407687,0.124165572352041
GOBP_VENTRICULAR_CARDIAC_MUSCLE_CELL_MEMBRANE_REPOLARIZATION,3,2.71699442943585,0.0637170335171756,0.666666666666667,0.00658777164683493,0.127078689230945
GOBP_EXPLORATION_BEHAVIOR,3,2.71623070162692,0.147302427776176,1,0.00660298887687999,0.127078689230945
GOBP_REGULATION_OF_INTRINSIC_APOPTOTIC_SIGNALING_PATHWAY,3,-2.71538892636492,-0.00770907673970732,0.666666666666667,0.00661979780921246,0.127078689230945
GOBP_OLFACTORY_LOBE_DEVELOPMENT,3,2.71388841073766,0.111100188754881,1,0.00664985619772972,0.127078689230945
GOBP_ESTABLISHMENT_OF_ENDOTHELIAL_BARRIER,3,-2.71359262568495,-0.0825672607527338,0.666666666666667,0.00665579583394162,0.127078689230945
GOBP_HOMEOSTASIS_OF_NUMBER_OF_CELLS_WITHIN_A_TISSUE,3,-2.7092202741648,-0.0584564881796986,1,0.00674415478322755,0.128195114545577
REACTOME_SIGNALING_BY_NOTCH1,3,-2.70823605373869,-0.00957314026890517,0.666666666666667,0.00676418926048509,0.128195114545577
REACTOME_TRANSPORT_TO_THE_GOLGI_AND_SUBSEQUENT_MODIFICATION,3,-2.70507486838623,0.0202674547202589,0.666666666666667,0.00682889964794511,0.128945693352375
GOBP_DNA_REPLICATION_DEPENDENT_CHROMATIN_ORGANIZATION,3,2.70304053585116,-0.0106088043340498,0.666666666666667,0.00687083665913824,0.12926233363126
GOBP_REGULATION_OF_ACTIN_FILAMENT_LENGTH,3,-2.70131388431088,-0.025000735052961,0.666666666666667,0.006906612322895,0.129461171132806
GOBP_SISTER_CHROMATID_SEGREGATION,3,-2.69694369598595,-0.128961524833287,1,0.0069979101436465,0.130128890799696
REACTOME_RAP1_SIGNALLING,3,-2.69588740475169,-0.116966247331434,1,0.00702013918815558,0.130128890799696
GOBP_CELLULAR_EXTRAVASATION,3,-2.69516210241937,-0.0194487915386373,0.666666666666667,0.00703543945874973,0.130128890799696
GOBP_ACTOMYOSIN_STRUCTURE_ORGANIZATION,3,-2.69477673702182,-0.0204675395808535,0.666666666666667,0.00704358092724214,0.130128890799696
GOBP_NEGATIVE_REGULATION_OF_T_CELL_MEDIATED_IMMUNITY,3,-2.68913007225851,-0.0834417998559335,0.666666666666667,0.0071638499057848,0.131876462781759
KEGG_CHRONIC_MYELOID_LEUKEMIA,3,-2.68686470202651,0.0298660313876849,0.666666666666667,0.00721261615622525,0.132299987779903
REACTOME_SYNTHESIS_OF_PA,3,2.68461803315884,0.0190237794431611,0.666666666666667,0.00726127387727958,0.132718514710704
GOBP_CLATHRIN_COAT_ASSEMBLY,3,-2.68203672825989,-0.0189064551456307,0.666666666666667,0.00731754254055066,0.133076213894692
GOBP_NON_MOTILE_CILIUM_ASSEMBLY,3,-2.68134601786803,-0.133147342891227,1,0.00733266521265533,0.133076213894692
REACTOME_JNK_C_JUN_KINASES_PHOSPHORYLATION_AND_ACTIVATION_MEDIATED_BY_ACTIVATED_HUMAN_TAK1,3,2.67999356842933,0.0761907443384425,1,0.0073623574747193,0.133144605599149
GOBP_DEFENSE_RESPONSE_TO_GRAM_NEGATIVE_BACTERIUM,3,-2.67541387850111,-0.028700418381939,0.666666666666667,0.00746370464959766,0.13450381431696
HALLMARK_REACTIVE_OXYGEN_SPECIES_PATHWAY,3,-2.67373781680789,0.074917953179345,0.333333333333333,0.0075011069973035,0.134705194189338
GOBP_NEGATIVE_REGULATION_OF_T_CELL_APOPTOTIC_PROCESS,3,2.6677793100574,0.0660471795922421,1,0.00763543938735756,0.136266519652672
GOBP_MAGNESIUM_ION_TRANSPORT,2,-2.66576815628583,-0.274745486295192,1,0.00768126450942382,0.136266519652672
GOBP_REGULATION_OF_PROTEIN_POLYMERIZATION,3,-2.66524915955829,-0.0131366312104915,0.666666666666667,0.00769313004574682,0.136266519652672
GOBP_PROTEIN_DNA_COMPLEX_DISASSEMBLY,3,-2.66449991206806,0.0203289464722616,0.666666666666667,0.00771028865424199,0.136266519652672
GOBP_MEMBRANE_LIPID_CATABOLIC_PROCESS,3,2.66371138816047,0.10727609764151,1,0.00772838377035981,0.136266519652672
GOBP_DEVELOPMENTAL_PIGMENTATION,3,-2.66186254335203,-0.0410140981220711,0.666666666666667,0.00777096053176282,0.136266519652672
GOBP_AXONEME_ASSEMBLY,3,-2.66174080148844,-0.121506453914246,1,0.00777377146772445,0.136266519652672
GOBP_B_CELL_RECEPTOR_SIGNALING_PATHWAY,3,-2.66004463386213,-0.123310239823363,1,0.00781302969351217,0.13648884525809
GOBP_GLYCEROLIPID_CATABOLIC_PROCESS,3,2.65715175943546,0.112391474076983,1,0.00788039596541513,0.137190966666245
GOBP_CALCIUM_MEDIATED_SIGNALING_USING_INTRACELLULAR_CALCIUM_SOURCE,3,-2.65496408101162,-0.0576416296113323,0.666666666666667,0.00793168537023057,0.137190966666245
GOBP_RESPONSE_TO_FOLLICLE_STIMULATING_HORMONE,3,-2.65489303025305,-0.0734795667074303,1,0.00793335613315317,0.137190966666245
GOBP_MEMBRANE_PROTEIN_ECTODOMAIN_PROTEOLYSIS,3,-2.65063389621217,0.0197051090651241,0.333333333333333,0.00803408751179466,0.138466689465025
GOBP_L_GLUTAMATE_IMPORT_ACROSS_PLASMA_MEMBRANE,3,-2.64857935185576,-0.125538609562411,1,0.00808308707839303,0.138845268343233
REACTOME_TRANSLOCATION_OF_SLC2A4_GLUT4_TO_THE_PLASMA_MEMBRANE,3,-2.64736744946497,-0.0614960901435165,1,0.00811211546145693,0.138879416700143
HALLMARK_IL2_STAT5_SIGNALING,3,-2.64529051418405,0.00141280151010763,0.333333333333333,0.00816208081568441,0.138930483382305
GOBP_REGULATION_OF_CLATHRIN_DEPENDENT_ENDOCYTOSIS,3,-2.64499555629636,-0.0919523435951229,1,0.00816919898392836,0.138930483382305
GOBP_AMYLOID_PRECURSOR_PROTEIN_CATABOLIC_PROCESS,3,-2.64157306819344,0.0181155012631134,0.333333333333333,0.0082522004833271,0.139254847320229
REACTOME_NGF_STIMULATED_TRANSCRIPTION,3,-2.64146796250126,-0.0222892246286061,0.333333333333333,0.00825476138591496,0.139254847320229
REACTOME_SIGNALING_BY_ERBB2_ECD_MUTANTS,3,-2.63975662661702,-0.106753402536245,1,0.00829655829094618,0.139254847320229
GOBP_REGULATION_OF_CILIUM_MOVEMENT,3,2.63974978705689,0.117677594526352,1,0.00829672571650898,0.139254847320229
GOBP_POSITIVE_REGULATION_OF_PROTEIN_POLYUBIQUITINATION,3,-2.63825291967755,-0.198675317658472,1,0.00833344033215182,0.139415470833654
GOBP_CELLULAR_RESPONSE_TO_STEROL_DEPLETION,3,-2.6357973077734,-0.145543939772646,1,0.00839398556132483,0.139713436653223
GOBP_AROMATIC_AMINO_ACID_FAMILY_CATABOLIC_PROCESS,2,2.6343117637585,0.19637934857664,1,0.0084308036518518,0.139713436653223
GOBP_PROTEIN_LOCALIZATION_TO_CILIARY_MEMBRANE,2,-2.6333035540636,-0.244935151963865,1,0.00845587357795096,0.139713436653223
REACTOME_CYCLIN_D_ASSOCIATED_EVENTS_IN_G1,3,-2.63313537069814,-0.0465162501104092,1,0.00846006207148607,0.139713436653223
GOBP_PURINE_NUCLEOSIDE_MONOPHOSPHATE_METABOLIC_PROCESS,3,2.62916407079302,0.147714840421653,1,0.00855950529517787,0.140902625628313
GOBP_REGULATION_OF_T_CELL_RECEPTOR_SIGNALING_PATHWAY,3,-2.62687197869526,-0.0160287260981614,0.666666666666667,0.00861737481571665,0.141254511632275
REACTOME_TRANSCRIPTIONAL_REGULATION_OF_PLURIPOTENT_STEM_CELLS,3,2.62525713939242,0.0962492913719073,0.666666666666667,0.00865835515744562,0.141254511632275
REACTOME_INSERTION_OF_TAIL_ANCHORED_PROTEINS_INTO_THE_ENDOPLASMIC_RETICULUM_MEMBRANE,3,-2.62280580371945,0.00550862834531631,0.666666666666667,0.00872089650298912,0.141254511632275
GOBP_MORPHOGENESIS_OF_AN_EPITHELIAL_FOLD,3,2.62260741151793,0.0753982276506563,1,0.00872597573245137,0.141254511632275
GOBP_NEGATIVE_REGULATION_OF_MAPK_CASCADE,3,-2.62197465873845,0.00845133041452667,0.333333333333333,0.00874219311073831,0.141254511632275
GOBP_NEGATIVE_REGULATION_OF_ATP_METABOLIC_PROCESS,3,-2.62105104186501,0.00231141420675935,0.333333333333333,0.00876591365194786,0.141254511632275
REACTOME_TRANSCRIPTIONAL_REGULATION_BY_VENTX,3,-2.6198700195871,0.00384225562717772,0.666666666666667,0.0087963287147129,0.141254511632275
REACTOME_REGULATION_OF_KIT_SIGNALING,3,-2.61969267038733,-0.0463795431345399,0.666666666666667,0.0088009041515436,0.141254511632275
GOBP_APPENDAGE_MORPHOGENESIS,3,-2.61726334924434,-0.0586491961835686,1,0.00886379267410078,0.141736774630682
REACTOME_B_WICH_COMPLEX_POSITIVELY_REGULATES_RRNA_EXPRESSION,3,2.61640360369636,0.0462478069699433,0.666666666666667,0.00888614513845008,0.141736774630682
GOBP_RESPONSE_TO_MUSCLE_STRETCH,3,-2.60995580656926,-0.0454979768460386,0.666666666666667,0.00905539201876729,0.143105699736521
GOBP_NEGATIVE_REGULATION_OF_ATP_DEPENDENT_ACTIVITY,3,-2.60947104395056,-0.064925345765232,0.666666666666667,0.00906823202711508,0.143105699736521
GOBP_NEGATIVE_REGULATION_OF_ACTIN_FILAMENT_BUNDLE_ASSEMBLY,3,-2.60937509286152,-0.127290625400931,1,0.0090707754298579,0.143105699736521
GOBP_POSITIVE_REGULATION_OF_TRANSFORMING_GROWTH_FACTOR_BETA_PRODUCTION,3,-2.608898331326,-0.118623336640317,1,0.00908342253000502,0.143105699736521
GOBP_RNA_INTERFERENCE,3,-2.6075880056755,-0.10032974007762,1,0.0091182627972626,0.143215283568014
GOBP_SERINE_PHOSPHORYLATION_OF_STAT_PROTEIN,3,2.6056831373494,0.0595413251946226,0.666666666666667,0.00916912414136303,0.14337891389788
REACTOME_ERCC6_CSB_AND_EHMT2_G9A_POSITIVELY_REGULATE_RRNA_EXPRESSION,3,2.60481170418757,0.0432147545747172,0.666666666666667,0.00919247633527841,0.14337891389788
REACTOME_MAPK_TARGETS_NUCLEAR_EVENTS_MEDIATED_BY_MAP_KINASES,3,-2.60314763275861,-0.00231406686166105,0.333333333333333,0.00923721673113438,0.14337891389788
REACTOME_VXPX_CARGO_TARGETING_TO_CILIUM,3,-2.60221329913406,-0.00298245769589721,0.666666666666667,0.00926242241773064,0.14337891389788
GOBP_NEGATIVE_REGULATION_OF_PEPTIDYL_TYROSINE_PHOSPHORYLATION,3,-2.60199711746109,-0.0532932926082661,0.666666666666667,0.00926826312579751,0.14337891389788
KEGG_AMYOTROPHIC_LATERAL_SCLEROSIS_ALS,3,-2.60081045347739,-0.0365783869413424,0.666666666666667,0.00930038250085716,0.143443737310518
GOBP_REGULATION_OF_B_CELL_RECEPTOR_SIGNALING_PATHWAY,2,-2.5985320144268,-0.17687896997762,1,0.00936233144047113,0.143790496666856
REACTOME_SIGNALING_BY_NTRK2_TRKB,3,-2.59792643995224,-0.0917877366258875,1,0.00937885833010064,0.143790496666856
REACTOME_ABERRANT_REGULATION_OF_MITOTIC_G1_S_TRANSITION_IN_CANCER_DUE_TO_RB1_DEFECTS,3,-2.59403861251472,-0.121470670572099,1,0.0094855833271331,0.144993916571892
GOBP_POSITIVE_REGULATION_OF_ORGANELLE_ASSEMBLY,3,-2.59131874051051,-0.0950922979223676,1,0.00956088927737579,0.145711357058166
GOBP_POSITIVE_REGULATION_OF_CELLULAR_PROTEIN_CATABOLIC_PROCESS,3,-2.58710671942311,0.0123686580966774,0.666666666666667,0.00967856108557714,0.146721561024414
GOBP_REGULATION_OF_ANDROGEN_RECEPTOR_SIGNALING_PATHWAY,3,-2.58524293403604,-0.02764921211781,0.666666666666667,0.00973104066897939,0.146721561024414
REACTOME_SIGNALING_BY_EGFR,3,-2.58447976054059,-0.0205773450282785,0.333333333333333,0.00975260283237912,0.146721561024414
GOBP_CHROMATIN_DISASSEMBLY,3,-2.58417689754484,0.0411735831773589,0.666666666666667,0.00976117150434037,0.146721561024414
GOBP_POSITIVE_REGULATION_OF_PROTEIN_SECRETION,3,-2.58386472842314,-0.0279182532625449,0.666666666666667,0.00977001048877524,0.146721561024414
GOBP_OSTEOCLAST_DIFFERENTIATION,3,-2.58177832859452,-0.0109087905960766,0.333333333333333,0.0098292697124343,0.146942005018948
GOBP_REGULATION_OF_GLUCAN_BIOSYNTHETIC_PROCESS,3,-2.58095551852072,-0.036296379020409,0.666666666666667,0.00985272759568456,0.146942005018948
REACTOME_TP53_REGULATES_TRANSCRIPTION_OF_CELL_CYCLE_GENES,3,-2.5803325874717,-0.111178061405672,1,0.00987052019695035,0.146942005018948
REACTOME_NUCLEAR_EVENTS_KINASE_AND_TRANSCRIPTION_FACTOR_ACTIVATION,3,-2.57634294497388,0.0165231485570275,0.333333333333333,0.00998515557676854,0.147893311984594
GOBP_CELL_MIGRATION_INVOLVED_IN_GASTRULATION,2,-2.57610557909496,0.0135079439050462,0.5,0.00999201309553237,0.147893311984594
KEGG_TGF_BETA_SIGNALING_PATHWAY,3,-2.57322412248359,-0.0734175454404201,1,0.0100755937644939,0.148701866593221
GOBP_NUCLEAR_CHROMOSOME_SEGREGATION,3,-2.57150237755295,-0.129355509487177,1,0.0101258320073348,0.149015109425993
GOBP_PURINE_CONTAINING_COMPOUND_CATABOLIC_PROCESS,3,2.56805939810754,-0.0155116977443142,0.666666666666667,0.0102269630373375,0.15007337759933
GOBP_CYTOKINETIC_PROCESS,3,-2.56609160328681,-0.0315720691490837,0.666666666666667,0.0102851662207189,0.15049747495616
GOBP_NEURON_CELL_CELL_ADHESION,3,2.56484092350913,0.0116503863331029,0.666666666666667,0.0103223117321662,0.150611912092061
GOBP_NEGATIVE_REGULATION_OF_OSTEOCLAST_DIFFERENTIATION,3,-2.56130625619082,-0.0468735643983244,0.666666666666667,0.010427938613423,0.151722075689916
GOBP_CARBOHYDRATE_TRANSPORT,3,-2.56031132895634,-0.0291848340487291,0.666666666666667,0.0104578430737424,0.151727350358025
GOBP_HEPATICOBILIARY_SYSTEM_DEVELOPMENT,3,-2.55744053733382,-0.0295184873033832,0.666666666666667,0.0105445583989254,0.152030906838805
REACTOME_COBALAMIN_CBL_VITAMIN_B12_TRANSPORT_AND_METABOLISM,3,2.55675720053927,0.0301979066808231,0.666666666666667,0.010565293320077,0.152030906838805
GOBP_REGULATION_OF_TRANSLATIONAL_ELONGATION,2,-2.55668228036789,-0.206607311073323,1,0.0105675688748935,0.152030906838805
GOBP_HEAD_MORPHOGENESIS,3,-2.5516482863052,-0.125086990378773,1,0.0107214689191967,0.153814146282107
GOBP_REGULATION_OF_EXCRETION,3,2.54980202590298,0.117940172213304,1,0.0107784105935205,0.154200325371368
GOBP_REGULATION_OF_T_CELL_APOPTOTIC_PROCESS,3,2.54864464718307,0.100838894300596,1,0.0108142429804511,0.154283199854436
REACTOME_SIGNALING_BY_NTRKS,3,-2.54614808218014,0.0352639326469585,0.333333333333333,0.0108918972879055,0.154476527468431
REACTOME_TRAFFICKING_OF_AMPA_RECEPTORS,3,2.5456755324555,0.162542581058883,1,0.0109066513466165,0.154476527468431
GOBP_POSITIVE_REGULATION_OF_CALCIUM_ION_IMPORT,3,2.54489308752081,0.130869342222145,1,0.0109311200827551,0.154476527468431
GOBP_MAINTENANCE_OF_SYNAPSE_STRUCTURE,3,2.54435093992614,0.212675328774527,1,0.010948102803448,0.154476527468431
KEGG_ARACHIDONIC_ACID_METABOLISM,3,2.54159041899201,0.118897349432297,1,0.011034940005941,0.155027823800619
GOBP_ACTIN_FILAMENT_DEPOLYMERIZATION,3,-2.54119136341532,-0.0286445330649403,0.666666666666667,0.0110475435185021,0.155027823800619
GOBP_MANGANESE_ION_TRANSPORT,3,-2.53738541407805,-0.0628634877608932,1,0.0111683922863483,0.156097088158147
GOBP_ORGANELLE_INHERITANCE,2,2.53688006030338,0.208933861900593,1,0.0111845265658486,0.156097088158147
REACTOME_ONCOGENE_INDUCED_SENESCENCE,3,-2.53221779077572,-0.0747109422390955,0.666666666666667,0.0113343566775364,0.157348943635968
GOBP_CELLULAR_KETONE_METABOLIC_PROCESS,3,2.53218253841152,0.0821344591286013,1,0.0113354963289151,0.157348943635968
GOBP_ACTIN_POLYMERIZATION_OR_DEPOLYMERIZATION,3,-2.52958391006159,-0.0179984589628777,0.666666666666667,0.0114197864143829,0.15801479272907
GOBP_SKELETAL_MUSCLE_ADAPTATION,3,2.52880999610698,0.148915760636649,1,0.0114449966696289,0.15801479272907
GOBP_TRIGLYCERIDE_CATABOLIC_PROCESS,3,2.52688375493186,0.132526732102139,1,0.0115079586068595,0.158458111004907
GOBP_HISTONE_H3_K14_ACETYLATION,3,-2.52545116549764,-0.100247264948633,0.666666666666667,0.0115549839639093,0.158680207589942
GOBP_TRANSFORMING_GROWTH_FACTOR_BETA_PRODUCTION,3,-2.5211911299704,-0.0776188241834783,1,0.011695830468495,0.159898174040911
GOBP_CELL_JUNCTION_DISASSEMBLY,3,-2.5208870785169,-0.164075791576688,1,0.0117059410902225,0.159898174040911
GOBP_AMYLOID_PRECURSOR_PROTEIN_METABOLIC_PROCESS,3,-2.51786957467025,0.0145335640318856,0.333333333333333,0.0118067031937162,0.160846757567444
GOBP_ACTIN_FILAMENT_POLYMERIZATION,3,-2.51448597031133,-0.0227746433955513,0.666666666666667,0.0119206045408559,0.161968848999565
GOBP_MITOCHONDRION_MORPHOGENESIS,3,-2.51173420786645,-0.0647981812895294,0.666666666666667,0.0120139536231373,0.162535389238329
GOBP_POSITIVE_REGULATION_OF_UBIQUITIN_DEPENDENT_PROTEIN_CATABOLIC_PROCESS,3,-2.51139241728394,0.00535333462684593,0.333333333333333,0.0120255934405306,0.162535389238329
GOBP_MITOTIC_SISTER_CHROMATID_COHESION,3,-2.51027903617442,-0.204924987161902,0.666666666666667,0.0120635794381127,0.162620850378338
HALLMARK_ANDROGEN_RESPONSE,3,-2.50918840410024,-0.146320544572521,1,0.01210089236861,0.162696814673248
GOBP_VIRAL_TRANSLATION,3,2.50784506910799,0.0412534529850926,0.333333333333333,0.0121469913815084,0.162783381952138
GOBP_REGULATION_OF_CELLULAR_RESPONSE_TO_INSULIN_STIMULUS,3,-2.50715536827849,-0.0239039036219054,0.666666666666667,0.0121707201459542,0.162783381952138
GOBP_G_PROTEIN_COUPLED_ACETYLCHOLINE_RECEPTOR_SIGNALING_PATHWAY,3,2.50447658453944,0.216053045429509,1,0.012263272226014,0.16359523676054
GOBP_LOCOMOTORY_EXPLORATION_BEHAVIOR,2,2.50210554048098,0.17279139063009,1,0.0123457115435181,0.163757442780837
GOBP_PURINE_NUCLEOSIDE_METABOLIC_PROCESS,3,2.50128660159246,0.0650005668497968,0.666666666666667,0.0123742992460017,0.163757442780837
KEGG_ADHERENS_JUNCTION,3,-2.50065179687,-0.0922535678004321,1,0.0123964994770352,0.163757442780837
REACTOME_PKMTS_METHYLATE_HISTONE_LYSINES,3,2.50046701320216,-0.0473720963760974,0.666666666666667,0.0124029683103087,0.163757442780837
GOBP_NEGATIVE_REGULATION_OF_RESPONSE_TO_BIOTIC_STIMULUS,3,2.496331625057,0.13299822186247,1,0.0125485226193469,0.165193252701743
GOBP_POSITIVE_REGULATION_OF_ACTIN_FILAMENT_POLYMERIZATION,3,-2.49441051298503,0.000383935503666664,0.666666666666667,0.0126166534997145,0.165193252701743
GOBP_PURINE_NUCLEOTIDE_CATABOLIC_PROCESS,3,2.49377399758052,-0.019552955272412,0.666666666666667,0.0126392991833579,0.165193252701743
GOBP_RESPONSE_TO_INSULIN,3,-2.49234117684545,-0.0251560257720629,1,0.0126904071991261,0.165193252701743
GOBP_HEPATOCYTE_APOPTOTIC_PROCESS,3,-2.49220666646617,-0.0604627670746412,0.666666666666667,0.0126952144980229,0.165193252701743
GOBP_METHYLGUANOSINE_CAP_DECAPPING,2,-2.49190279428586,-0.279999447198845,1,0.0127060805934609,0.165193252701743
GOBP_REGULATION_OF_RESPONSE_TO_INTERFERON_GAMMA,2,2.49104320777297,0.253490905534422,1,0.0127368629419568,0.165193252701743
GOBP_POSITIVE_REGULATION_OF_CYCLIN_DEPENDENT_PROTEIN_KINASE_ACTIVITY,3,-2.48973839776745,0.00742436152031029,0.666666666666667,0.0127837151698187,0.165383277360677
GOBP_LIVER_REGENERATION,3,-2.48609862310455,-0.013702886653162,0.666666666666667,0.0129152168078052,0.166153039683714
REACTOME_RNA_POLYMERASE_I_TRANSCRIPTION,3,2.48570144251447,0.0298600944985499,0.666666666666667,0.0129296387420478,0.166153039683714
GOBP_OTIC_VESICLE_DEVELOPMENT,2,2.48492439451478,0.207644897855908,1,0.012957895163795,0.166153039683714
GOBP_FC_RECEPTOR_MEDIATED_STIMULATORY_SIGNALING_PATHWAY,3,-2.48452009689137,-0.00409594226746608,0.333333333333333,0.0129726185578601,0.166153039683714
GOBP_PROTEIN_HETEROOLIGOMERIZATION,3,-2.48195939078299,-0.0999503251466182,1,0.0130662165160716,0.166577615966018
KEGG_PROSTATE_CANCER,3,-2.48107145082629,-0.0165634944225682,0.666666666666667,0.0130988113415898,0.166577615966018
GOBP_ORGAN_INDUCTION,3,2.48095563841905,0.102028538698133,0.666666666666667,0.0131030679225606,0.166577615966018
GOBP_POSITIVE_REGULATION_OF_GLUCOSE_IMPORT,3,-2.48001903345964,-0.0863663646172068,1,0.0131375369689661,0.166603431784222
GOBP_ACTIN_FILAMENT_BASED_TRANSPORT,3,-2.47888234427297,-0.0461390001891,0.666666666666667,0.0131794772262054,0.166723633088155
GOBP_PYRIMIDINE_NUCLEOTIDE_CATABOLIC_PROCESS,3,-2.47189986257841,-0.134198037367628,0.666666666666667,0.0134397156388289,0.169597984081142
KEGG_LONG_TERM_POTENTIATION,3,-2.46871005898063,-0.0499411368964507,0.666666666666667,0.0135601039128996,0.170697778668266
GOBP_SPINDLE_ORGANIZATION,3,-2.46780986244843,-0.0615335659973515,1,0.0135942506935613,0.170709221423303
GOBP_REGULATION_OF_RESPIRATORY_BURST,3,2.46553031557593,0.133852623797302,0.666666666666667,0.0136810597580896,0.171201022937959
REACTOME_DEPOLYMERISATION_OF_THE_NUCLEAR_LAMINA,2,-2.46487935332437,-0.262967765101591,1,0.0137059392278141,0.171201022937959
REACTOME_REGULATION_OF_TNFR1_SIGNALING,3,2.46402511497725,0.0944123935710639,1,0.0137386484363297,0.171201022937959
GOBP_REGULATION_OF_AMYLOID_BETA_CLEARANCE,3,-2.46221178321183,-0.00893858196704398,0.666666666666667,0.0138083103879527,0.171201022937959
GOBP_EXTRINSIC_APOPTOTIC_SIGNALING_PATHWAY,3,-2.46034865513385,0.00968794546116045,0.333333333333333,0.0138802100336317,0.171201022937959
GOBP_REGULATION_OF_EXTRINSIC_APOPTOTIC_SIGNALING_PATHWAY,3,-2.46018005967053,0.028138310176877,0.333333333333333,0.013886732551232,0.171201022937959
GOBP_NEGATIVE_REGULATION_OF_PROTEIN_MODIFICATION_BY_SMALL_PROTEIN_CONJUGATION_OR_REMOVAL,3,-2.45999745328295,-0.0473017531173088,1,0.0138938001674774,0.171201022937959
GOBP_NEGATIVE_REGULATION_OF_POSTTRANSCRIPTIONAL_GENE_SILENCING,3,-2.45983519084555,0.105840213754902,0.333333333333333,0.0139000830539581,0.171201022937959
REACTOME_SIRT1_NEGATIVELY_REGULATES_RRNA_EXPRESSION,3,2.45645472576422,0.0287491253141984,0.666666666666667,0.0140315481395206,0.172406773312387
GOBP_GLUTAMATE_METABOLIC_PROCESS,3,-2.45413697390564,-0.0978158198155416,1,0.0141223176903573,0.173044221870284
GOBP_AUDITORY_RECEPTOR_CELL_DEVELOPMENT,2,-2.45331411226808,-0.168771644685102,1,0.0141546676358343,0.173044221870284
GOBP_REGULATION_OF_CELL_DIVISION,3,-2.45255663247329,-0.019963462377378,0.666666666666667,0.0141845049469217,0.173044221870284
GOBP_NEGATIVE_REGULATION_OF_SMALL_GTPASE_MEDIATED_SIGNAL_TRANSDUCTION,3,-2.45131819729361,0.00471727312473914,0.333333333333333,0.0142334067532093,0.173229329584083
REACTOME_THROMBIN_SIGNALLING_THROUGH_PROTEINASE_ACTIVATED_RECEPTORS_PARS,3,-2.44784254323406,-0.0545831950395397,0.666666666666667,0.0143714444934742,0.174289143465958
GOBP_GLYCOLIPID_CATABOLIC_PROCESS,2,2.44618986145186,0.316061888605508,1,0.0144374949959061,0.174289143465958
GOBP_TRANSCRIPTION_ELONGATION_FROM_RNA_POLYMERASE_II_PROMOTER,3,-2.44596803201302,-0.026035392348735,0.666666666666667,0.0144463809011756,0.174289143465958
KEGG_SMALL_CELL_LUNG_CANCER,3,-2.44572240541755,-0.0449188954008419,1,0.0144562256846765,0.174289143465958
GOBP_INTERLEUKIN_13_PRODUCTION,3,2.44219907421615,0.0924609486211583,1,0.0145980942958436,0.175173859861282
GOBP_MITOTIC_SISTER_CHROMATID_SEGREGATION,3,-2.44216492402179,-0.110566884045148,1,0.0145994753546645,0.175173859861282
GOBP_EMBRYONIC_DIGIT_MORPHOGENESIS,3,-2.44136325074243,-0.0924328032846594,1,0.0146319287150487,0.175173859861282
GOBP_REGULATION_OF_SYSTEMIC_ARTERIAL_BLOOD_PRESSURE_BY_RENIN_ANGIOTENSIN,3,-2.43906043045285,-0.0628437975670704,1,0.0147255055340169,0.175480224347475
REACTOME_RECRUITMENT_OF_MITOTIC_CENTROSOME_PROTEINS_AND_COMPLEXES,3,-2.43781002221136,-0.134792182490396,1,0.0147765374460528,0.175480224347475
GOBP_C_TERMINAL_PROTEIN_AMINO_ACID_MODIFICATION,2,2.43754301522499,0.190483074890939,1,0.0147874547612749,0.175480224347475
GOBP_REGULATION_OF_GLYCOGEN_METABOLIC_PROCESS,3,-2.43593623058531,-0.0216281575327547,0.666666666666667,0.0148533027922762,0.175480224347475
GOBP_POSITIVE_REGULATION_OF_FAT_CELL_DIFFERENTIATION,3,-2.43585157213759,0.0314358939361102,0.333333333333333,0.014856779354709,0.175480224347475
REACTOME_NOTCH_HLH_TRANSCRIPTION_PATHWAY,3,-2.43571184307684,-0.0117572667509957,0.666666666666667,0.0148625190013924,0.175480224347475
REACTOME_RHO_GTPASES_ACTIVATE_IQGAPS,3,-2.43214276348739,-0.0408074721630481,0.666666666666667,0.0150097898244448,0.176812570042084
GOBP_EPITHELIAL_CELL_APOPTOTIC_PROCESS,3,-2.42429500445865,-0.00342219616570686,0.333333333333333,0.0153381401267979,0.180267019888408
GOBP_ESTABLISHMENT_OF_MITOCHONDRION_LOCALIZATION,3,2.41559812283361,0.0417441022844479,0.666666666666667,0.0157093891549562,0.184208727625239
GOBP_INTRINSIC_APOPTOTIC_SIGNALING_PATHWAY_BY_P53_CLASS_MEDIATOR,3,-2.41255757300177,-0.0325826730912886,1,0.0158410353815234,0.184545293559614
GOBP_POSITIVE_REGULATION_OF_RESPONSE_TO_ENDOPLASMIC_RETICULUM_STRESS,3,-2.41234114720408,-0.0823141211788891,1,0.0158504428176335,0.184545293559614
GOBP_REGULATION_OF_NEUROTRANSMITTER_UPTAKE,3,2.41051818259442,0.175863491583506,1,0.0159298772682445,0.184545293559614
REACTOME_SIGNALING_BY_ALK,3,-2.41002757440674,-0.0211697141660079,0.666666666666667,0.0159513148779417,0.184545293559614
GOBP_RESPONSE_TO_ESTROGEN,3,-2.40984123009496,0.0179871510196131,0.666666666666667,0.0159594640215567,0.184545293559614
REACTOME_MITOCHONDRIAL_TRNA_AMINOACYLATION,3,2.40871689409383,0.0359284284411951,0.666666666666667,0.0160087108032951,0.184545293559614
REACTOME_RHOBTB2_GTPASE_CYCLE,3,-2.40810207404926,-0.16396414253639,1,0.0160356968573484,0.184545293559614
GOBP_HISTONE_MONOUBIQUITINATION,3,-2.40805445348013,-0.1212784166906,0.666666666666667,0.0160377887160005,0.184545293559614
REACTOME_ASSEMBLY_OF_THE_ORC_COMPLEX_AT_THE_ORIGIN_OF_REPLICATION,3,2.40751557554365,-0.0063654207778653,0.666666666666667,0.0160614770679804,0.184545293559614
GOBP_RESPONSE_TO_VITAMIN_A,3,-2.40449488570614,-0.00151124817004931,0.666666666666667,0.0161948328207976,0.185046984359824
GOBP_MYELIN_ASSEMBLY,3,2.40410204583812,0.128919656298001,1,0.0162122470072986,0.185046984359824
GOBP_CELLULAR_RESPONSE_TO_INSULIN_STIMULUS,3,-2.40407990968276,-0.0265886991377229,1,0.0162132287698444,0.185046984359824
GOBP_REGULATION_OF_ATP_DEPENDENT_ACTIVITY,3,-2.40105909880399,-0.0607938581842966,1,0.0163476960538381,0.186167997633065
GOBP_NEUROTRANSMITTER_UPTAKE,3,2.39262155264413,0.125881055799222,1,0.0167284859443501,0.190082973031376
GOBP_GLUCAN_BIOSYNTHETIC_PROCESS,3,-2.39064724178146,-0.0330308433621107,0.666666666666667,0.0168187037270522,0.190686230335851
GOBP_CELL_PROLIFERATION_IN_FOREBRAIN,3,-2.38303479231744,-0.173196254745894,1,0.0171705714231568,0.194223459069032
GOBP_MITOTIC_SPINDLE_ORGANIZATION,3,-2.38226901231085,-0.0632739590527304,1,0.0172063227952511,0.194223459069032
GOBP_RESPONSE_TO_STEROL_DEPLETION,3,-2.37683260009683,-0.0914175137233994,1,0.0174620108005122,0.196112625451978
REACTOME_CD209_DC_SIGN_SIGNALING,3,-2.3767028585011,-0.0541931578018616,1,0.0174681533567336,0.196112625451978
REACTOME_PRC2_METHYLATES_HISTONES_AND_DNA,3,2.3762789470311,0.030704616293031,0.666666666666667,0.0174882364596974,0.196112625451978
GOBP_NEGATIVE_REGULATION_OF_PROTEIN_CONTAINING_COMPLEX_ASSEMBLY,3,-2.37261205615754,-0.0298230985761505,0.666666666666667,0.0176628045616121,0.197638702022745
KEGG_TYROSINE_METABOLISM,3,2.37090058501626,0.100397643023605,0.666666666666667,0.0177448032937905,0.198124586341104
REACTOME_TRANSCRIPTIONAL_ACTIVITY_OF_SMAD2_SMAD3_SMAD4_HETEROTRIMER,3,-2.36998227931095,-0.0580232564398004,1,0.0177889378412777,0.198186517901958
GOBP_AXONAL_TRANSPORT_OF_MITOCHONDRION,3,2.36851885576483,0.0376985431445721,0.666666666666667,0.0178594700027904,0.198541640550501
GOBP_COMPLEMENT_ACTIVATION_ALTERNATIVE_PATHWAY,3,2.36324548054071,0.105968124688793,1,0.0181156654590074,0.200954768461042
REACTOME_KINESINS,3,-2.36157055190808,-0.0366611015669327,0.666666666666667,0.0181977089267498,0.200958383430303
GOBP_HEART_FORMATION,3,2.3597069231684,0.0771142355409308,1,0.0182893777638257,0.200958383430303
GOBP_REGULATION_OF_CILIUM_ASSEMBLY,3,-2.35967855383967,-0.0765050466280365,0.666666666666667,0.0182907763226912,0.200958383430303
REACTOME_SIGNALING_BY_SCF_KIT,3,-2.35936501802474,-0.027523926754895,0.666666666666667,0.0183062393328841,0.200958383430303
GOBP_MITOTIC_CYTOKINETIC_PROCESS,3,-2.35925264266631,-0.0440525324459362,0.333333333333333,0.0183117842643083,0.200958383430303
REACTOME_SENSORY_PROCESSING_OF_SOUND_BY_OUTER_HAIR_CELLS_OF_THE_COCHLEA,3,-2.35846367221982,-0.0382464953943853,0.333333333333333,0.0183507558077905,0.200958383430303
GOBP_ANDROGEN_RECEPTOR_SIGNALING_PATHWAY,3,-2.35728993753142,-0.0487851381194403,0.666666666666667,0.0184088672962926,0.201165834965445
REACTOME_NICOTINAMIDE_SALVAGING,2,2.35641731956566,0.147511277134913,1,0.0184521748524948,0.201210976735485
REACTOME_RND1_GTPASE_CYCLE,3,-2.35413690881576,-0.124216307764124,1,0.0185657716539326,0.202020769522453
GOBP_POSITIVE_REGULATION_OF_PROTEOLYSIS_INVOLVED_IN_CELLULAR_PROTEIN_CATABOLIC_PROCESS,3,-2.35110510734878,0.0078111325169411,0.333333333333333,0.0187177457135259,0.202870715607839
GOBP_RRNA_CATABOLIC_PROCESS,2,-2.35100302856451,-0.187060317614091,1,0.0187228814638076,0.202870715607839
GOBP_VACUOLAR_ACIDIFICATION,3,-2.34939168905624,-0.0243211641809135,0.333333333333333,0.018804114046293,0.202990458163522
GOBP_ENDODERMAL_CELL_DIFFERENTIATION,3,-2.34921621935354,-0.0106096630719484,0.666666666666667,0.0188129785992672,0.202990458163522
GOBP_REGULATION_OF_HEART_CONTRACTION,3,2.34396267628831,0.0855567707334921,1,0.019080080652966,0.205440868414326
GOBP_REGULATION_OF_RAS_PROTEIN_SIGNAL_TRANSDUCTION,3,-2.34245811810551,0.00580706917737742,0.333333333333333,0.0191571839587314,0.205597167631903
GOBP_MODULATION_BY_HOST_OF_VIRAL_PROCESS,3,-2.34211787440047,-0.114719924443775,0.666666666666667,0.0191746579625548,0.205597167631903
GOBP_PROTEIN_LOCALIZATION_TO_CYTOSKELETON,3,-2.34038210008577,-0.0466237536005556,1,0.0192640196771678,0.206125010545696
REACTOME_RHO_GTPASES_ACTIVATE_PAKS,3,-2.33945404825656,-0.0621344130528092,0.666666666666667,0.0193119471120008,0.206208233611717
GOBP_REGULATION_OF_CHROMATIN_BINDING,3,-2.33666818624577,-0.0560805515009011,1,0.0194564439783754,0.20732011674883
KEGG_ALLOGRAFT_REJECTION,3,2.33487172836234,0.166094223487454,1,0.0195501226709033,0.207887018711717
REACTOME_RECEPTOR_TYPE_TYROSINE_PROTEIN_PHOSPHATASES,3,2.33274425961307,0.0351449042030151,0.666666666666667,0.0196615717482241,0.208640149791073
KEGG_B_CELL_RECEPTOR_SIGNALING_PATHWAY,3,-2.32877602041971,-0.068221615484614,1,0.019870934392328,0.210427049564942
GOBP_REGULATION_OF_SKELETAL_MUSCLE_CONTRACTION,2,2.32701530687088,0.24020275899733,1,0.019964450578842,0.210975819627731
GOBP_VESICLE_FUSION_TO_PLASMA_MEMBRANE,2,2.32625574787029,0.111650234742183,1,0.0200049112458538,0.210975819627731
REACTOME_RHO_GTPASES_ACTIVATE_CIT,3,-2.32477267574816,-0.0794697801628242,1,0.0200841188138855,0.21137711931991
GOBP_RESPONSE_TO_TRANSFORMING_GROWTH_FACTOR_BETA,3,-2.32125977008077,-0.0149797236467453,0.333333333333333,0.0202728280734447,0.212647695306357
REACTOME_ACTIVATED_PKN1_STIMULATES_TRANSCRIPTION_OF_AR_ANDROGEN_RECEPTOR_REGULATED_GENES_KLK2_AND_KLK3,3,2.32098506240771,0.0360804624763091,0.666666666666667,0.0202876500584336,0.212647695306357
REACTOME_CONSTITUTIVE_SIGNALING_BY_EGFRVIII,3,-2.31940472046519,-0.11753192492455,1,0.0203731019425181,0.213108455349843
GOBP_PROTEOGLYCAN_BIOSYNTHETIC_PROCESS,3,-2.31839140499566,-0.0456613600744969,0.666666666666667,0.020428058752231,0.213153642059829
GOBP_PROTEIN_DESTABILIZATION,3,-2.31779572549221,-0.0699901046693155,1,0.020460425532612,0.213153642059829
REACTOME_NEGATIVE_REGULATORS_OF_DDX58_IFIH1_SIGNALING,3,2.3165623767363,0.172640298220609,1,0.020527582848233,0.213420375523329
GOBP_ESTABLISHMENT_OF_EPITHELIAL_CELL_APICAL_BASAL_POLARITY,3,-2.31512543933155,-0.0662707905112008,1,0.0206060681873886,0.213444888439551
REACTOME_TP53_REGULATES_TRANSCRIPTION_OF_GENES_INVOLVED_IN_G2_CELL_CYCLE_ARREST,3,-2.31499770327235,-0.122319382399036,1,0.020613057762075,0.213444888439551
REACTOME_HEME_SIGNALING,3,-2.3140246196027,-0.0430317688198008,0.666666666666667,0.0206663717071671,0.213566368386339
GOBP_NEGATIVE_REGULATION_OF_PHAGOCYTOSIS,3,-2.31218189176686,-0.0661634817246654,1,0.0207676617587927,0.214182150187067
GOBP_REGULATION_OF_SMALL_GTPASE_MEDIATED_SIGNAL_TRANSDUCTION,3,-2.31133420230603,-0.0148925260529288,0.666666666666667,0.0208144022346632,0.214234007770001
HALLMARK_HEME_METABOLISM,3,2.30649295631017,0.0546405760881303,1,0.0210831032575283,0.216241772971413
GOBP_NEGATIVE_REGULATION_OF_AMYLOID_PRECURSOR_PROTEIN_CATABOLIC_PROCESS,3,-2.30630353754305,-0.0256424753053779,0.333333333333333,0.0210936776204591,0.216241772971413
GOBP_NEGATIVE_REGULATION_OF_ANION_TRANSPORT,3,-2.30459096226963,-0.04145653943543,0.666666666666667,0.0211894926146295,0.216791302925772
GOBP_CYCLIC_NUCLEOTIDE_METABOLIC_PROCESS,3,2.30268020824808,0.0849408724773788,1,0.0212968425654816,0.217456428263049
GOBP_NEGATIVE_REGULATION_OF_POTASSIUM_ION_TRANSPORT,3,2.3001393544605,-0.0697900052010307,0.333333333333333,0.0214403263103518,0.21760858856667
GOBP_TAIL_ANCHORED_MEMBRANE_PROTEIN_INSERTION_INTO_ER_MEMBRANE,2,2.29989442972023,0.239401225840003,1,0.0214542017561248,0.21760858856667
REACTOME_NOTCH3_ACTIVATION_AND_TRANSMISSION_OF_SIGNAL_TO_THE_NUCLEUS,3,-2.29989041230823,0.0091911323847777,0.333333333333333,0.0214544294152094,0.21760858856667
GOBP_POSITIVE_REGULATION_OF_BONE_MINERALIZATION,3,2.29941787907882,0.0277139496518083,0.666666666666667,0.0214812216517332,0.21760858856667
GOBP_POSITIVE_REGULATION_OF_DNA_BINDING,3,-2.29791567875956,-0.00074995562695623,0.666666666666667,0.0215665887501118,0.218043306733413
GOBP_FC_GAMMA_RECEPTOR_SIGNALING_PATHWAY,3,-2.29684758961842,-0.00170650453540195,0.333333333333333,0.0216274656716168,0.218173119621038
GOBP_PROTEIN_LOCALIZATION_TO_MICROTUBULE_ORGANIZING_CENTER,3,-2.29614569265559,-0.11241540866041,1,0.0216675524650953,0.218173119621038
KEGG_ENDOMETRIAL_CANCER,3,-2.2954584307735,-0.035851734151376,0.666666666666667,0.0217068660682146,0.218173119621038
GOBP_POSITIVE_REGULATION_OF_ANIMAL_ORGAN_MORPHOGENESIS,3,2.29324840630318,0.145008867262133,1,0.0218337077333647,0.218637461682777
GOBP_REGULATION_OF_DNA_TEMPLATED_TRANSCRIPTION_INITIATION,3,-2.29300467997256,-0.0921605372635009,1,0.0218477355180958,0.218637461682777
REACTOME_ANTIMICROBIAL_PEPTIDES,3,-2.29243118894034,0.0226905576097874,0.666666666666667,0.0218807740079726,0.218637461682777
GOBP_REGULATED_EXOCYTOSIS,3,-2.29168271301255,-0.000567856632096382,0.333333333333333,0.0219239586643681,0.218643595534358
GOBP_INTRINSIC_APOPTOTIC_SIGNALING_PATHWAY,3,-2.29024653195875,0.000449121422373871,0.666666666666667,0.0220070293920303,0.218879707743402
GOBP_NEGATIVE_REGULATION_OF_RNA_SPLICING,3,-2.28980078266432,-0.0577766123371792,0.666666666666667,0.0220328677771299,0.218879707743402
GOBP_DNA_TEMPLATED_TRANSCRIPTION_ELONGATION,3,-2.28492047934773,-0.049416981381528,1,0.0223174909687971,0.221279215474405
GOBP_SUBSTANTIA_NIGRA_DEVELOPMENT,3,-2.28282489771057,0.0398339335237562,0.666666666666667,0.0224406847552293,0.221453989100497
GOBP_POSITIVE_REGULATION_OF_APOPTOTIC_SIGNALING_PATHWAY,3,-2.2825474413415,0.00853221604125413,0.666666666666667,0.0224570399288848,0.221453989100497
GOBP_NEGATIVE_REGULATION_OF_PROTEIN_LOCALIZATION_TO_CELL_PERIPHERY,3,-2.28242141803086,-0.0704149243435047,0.666666666666667,0.0224644720251867,0.221453989100497
GOBP_INTRACELLULAR_LIPID_TRANSPORT,3,2.28107976187372,0.0546441647863983,1,0.022543727473073,0.221809548470695
GOBP_POSITIVE_REGULATION_OF_PRODUCTION_OF_MOLECULAR_MEDIATOR_OF_IMMUNE_RESPONSE,3,2.27885933193781,0.0758617075368097,1,0.0226754285865459,0.222678778624282
GOBP_CLATHRIN_DEPENDENT_ENDOCYTOSIS,3,-2.27799143967865,-0.0325341486317437,0.666666666666667,0.0227270876284401,0.22276015660242
GOBP_REPLICATIVE_SENESCENCE,3,2.27566264607343,0.148628088029533,1,0.0228662086965574,0.223196462244792
GOBP_PROTEIN_CONTAINING_COMPLEX_DISASSEMBLY,3,-2.27469052729394,-0.0120090852807354,0.666666666666667,0.0229245011452298,0.223196462244792
REACTOME_DISEASES_OF_IMMUNE_SYSTEM,3,-2.27316280354866,0.0565035190043949,0.333333333333333,0.0230163709097876,0.223196462244792
GOBP_REGULATION_OF_MAST_CELL_ACTIVATION_INVOLVED_IN_IMMUNE_RESPONSE,3,-2.27098244055424,-0.0587809982882577,0.666666666666667,0.0231480409535878,0.223196462244792
REACTOME_SENESCENCE_ASSOCIATED_SECRETORY_PHENOTYPE_SASP,3,2.27093091718158,0.0440666219309715,0.666666666666667,0.0231511602955559,0.223196462244792
GOBP_REGULATION_OF_PROTEIN_MATURATION,3,-2.27036140144082,-0.0106148837532339,0.333333333333333,0.0231856643947864,0.223196462244792
GOBP_ADHERENS_JUNCTION_ORGANIZATION,3,-2.27006408959075,-0.0265215378872751,0.333333333333333,0.0232036947600534,0.223196462244792
REACTOME_ADP_SIGNALLING_THROUGH_P2Y_PURINOCEPTOR_1,3,-2.26988230055286,-0.0159881525635328,0.666666666666667,0.0232147252845309,0.223196462244792
GOBP_RESPONSE_TO_MUSCLE_ACTIVITY,3,2.26951061725284,0.0534906503893108,0.666666666666667,0.0232372923104587,0.223196462244792
KEGG_BASE_EXCISION_REPAIR,3,-2.26944119760119,-0.104049985382266,1,0.0232415092860789,0.223196462244792
GOBP_REGULATION_OF_TRIGLYCERIDE_BIOSYNTHETIC_PROCESS,2,2.26700435646312,0.166924898243702,1,0.0233899595907812,0.223196462244792
GOBP_PYRIMIDINE_NUCLEOSIDE_METABOLIC_PROCESS,3,-2.26659348762235,-0.0379177338603531,0.333333333333333,0.0234150702905606,0.223196462244792
GOBP_STEROID_ESTERIFICATION,2,2.26474885684916,0.200495841007084,1,0.0235280954808205,0.223196462244792
GOBP_NEGATIVE_REGULATION_OF_SYSTEMIC_ARTERIAL_BLOOD_PRESSURE,3,-2.26444600551043,-0.0921246761447488,1,0.0235466971246427,0.223196462244792
GOBP_BROWN_FAT_CELL_DIFFERENTIATION,3,-2.26419201142426,-0.0402224117515976,0.666666666666667,0.02356230771193,0.223196462244792
GOBP_POSITIVE_REGULATION_OF_LIPID_STORAGE,3,2.26214539141545,0.206329811301503,1,0.0236884219334635,0.223196462244792
REACTOME_PROTEIN_FOLDING,3,-2.26150201313603,0.0056536291635813,0.666666666666667,0.0237281881747483,0.223196462244792
REACTOME_RAC2_GTPASE_CYCLE,3,-2.26149614225403,-0.0548496380159864,1,0.0237285513116,0.223196462244792
GOBP_RESPONSE_TO_THYROID_HORMONE,3,-2.26099700191655,-0.14868732974303,1,0.023759442715486,0.223196462244792
REACTOME_CONSTITUTIVE_SIGNALING_BY_LIGAND_RESPONSIVE_EGFR_CANCER_VARIANTS,3,-2.26082670970119,-0.0783664556094938,1,0.0237699899460297,0.223196462244792
KEGG_REGULATION_OF_AUTOPHAGY,3,2.26021945372047,0.0575561596906325,0.666666666666667,0.0238076340682496,0.223196462244792
GOBP_SNRNA_PROCESSING,3,2.25991547206409,0.032910183193389,0.666666666666667,0.023826497468567,0.223196462244792
GOBP_VENTRICULAR_CARDIAC_MUSCLE_CELL_ACTION_POTENTIAL,3,2.25968454632679,0.0449779347374009,0.666666666666667,0.0238408360913598,0.223196462244792
REACTOME_SYNTHESIS_OF_PIPS_AT_THE_GOLGI_MEMBRANE,3,2.25952071822995,0.12665958870306,0.666666666666667,0.023851013030704,0.223196462244792
GOBP_LYMPHOCYTE_HOMEOSTASIS,3,-2.25940774539514,0.0114341583639143,0.333333333333333,0.023858033055372,0.223196462244792
GOBP_BASE_EXCISION_REPAIR,3,-2.25848698050132,-0.0986239659961861,1,0.0239153153698913,0.223325563163203
GOBP_REGULATION_OF_EPIDERMAL_GROWTH_FACTOR_ACTIVATED_RECEPTOR_ACTIVITY,3,-2.25405113787304,-0.0773169949159678,0.666666666666667,0.024192951074503,0.225384284354049
GOBP_REGULATION_OF_CELL_FATE_COMMITMENT,3,2.25281899636981,0.044383482623334,0.666666666666667,0.0242705639316591,0.225384284354049
GOBP_REGULATION_OF_CYSTEINE_TYPE_ENDOPEPTIDASE_ACTIVITY,3,-2.25242224714402,0.00598662792883112,0.666666666666667,0.0242956011449392,0.225384284354049
GOBP_NEUROMUSCULAR_PROCESS_CONTROLLING_POSTURE,2,2.25217348297592,0.174490779863173,1,0.024311311045978,0.225384284354049
GOBP_REGULATION_OF_MICROTUBULE_BASED_PROCESS,3,-2.25120226205159,-0.0357269441476548,1,0.0243727297020978,0.225546558108062
KEGG_ANTIGEN_PROCESSING_AND_PRESENTATION,3,2.246661420191,0.120354891916003,0.666666666666667,0.0246616736236307,0.227156462098443
KEGG_NOTCH_SIGNALING_PATHWAY,3,-2.24641974773254,0.00164724021176122,0.333333333333333,0.0246771346076648,0.227156462098443
GOBP_BODY_MORPHOGENESIS,3,-2.24638462970601,-0.0898928392887428,1,0.0246793819803215,0.227156462098443
REACTOME_APOPTOTIC_CLEAVAGE_OF_CELLULAR_PROTEINS,3,-2.24460488204494,-0.0519927710990412,0.666666666666667,0.0247935090759486,0.22743390173319
GOBP_POSITIVE_REGULATION_OF_P38MAPK_CASCADE,3,2.244533609325,0.116202708305247,1,0.0247980889740239,0.22743390173319
GOBP_SENSORY_PERCEPTION_OF_LIGHT_STIMULUS,3,2.24353019355977,0.0635344976658163,1,0.0248626450636844,0.227619509887848
GOBP_ACTIN_CYTOSKELETON_REORGANIZATION,3,-2.24244479318897,0.0218389273813634,0.666666666666667,0.0249326395590107,0.227854157962774
GOBP_POSTREPLICATION_REPAIR,3,-2.23649719795193,-0.127003856602184,1,0.0253192206484166,0.230976051954294
GOBP_MICROTUBULE_CYTOSKELETON_ORGANIZATION_INVOLVED_IN_MITOSIS,3,-2.23450610685558,-0.065713468356006,1,0.0254497911791053,0.231755545205469
GOBP_REGULATION_OF_CENTROSOME_CYCLE,3,-2.23192494956135,-0.12941413362898,0.666666666666667,0.0256199236029301,0.232891907300264
GOBP_RESPONSE_TO_MAGNESIUM_ION,3,2.22808011968391,0.161574742008813,1,0.0258751727404465,0.234796620485747
GOBP_RESPONSE_TO_DSRNA,3,2.22635245540626,0.096666334026406,1,0.0259905824617834,0.235427921558588
GOBP_SPERM_FLAGELLUM_ASSEMBLY,2,-2.2188921440882,-0.12667368482956,1,0.0264940631038246,0.239542293582618
GOBP_EXCITATORY_SYNAPSE_ASSEMBLY,3,2.21699243008058,0.0822693593263469,1,0.0266236088244436,0.239542293582618
GOBP_SINGLE_STRANDED_VIRAL_RNA_REPLICATION_VIA_DOUBLE_STRANDED_DNA_INTERMEDIATE,3,-2.21695215130869,-0.0882199547371631,1,0.0266263614361068,0.239542293582618
GOBP_ANIMAL_ORGAN_REGENERATION,3,-2.21608953210772,-0.024184607355069,0.666666666666667,0.0266853710153747,0.239542293582618
GOBP_BONE_CELL_DEVELOPMENT,3,-2.21582535961712,-0.024616225564081,0.666666666666667,0.026703464958007,0.239542293582618
GOBP_MYELOID_CELL_APOPTOTIC_PROCESS,3,-2.21551644692376,-0.0305916590861955,0.666666666666667,0.0267246367256309,0.239542293582618
GOBP_BRANCH_ELONGATION_OF_AN_EPITHELIUM,3,2.21253669020693,0.114751065074189,0.666666666666667,0.0269296039746008,0.24035755802153
GOBP_ADHESION_OF_SYMBIONT_TO_HOST,3,2.21245523954352,0.243463791201602,1,0.0269352256904646,0.24035755802153
REACTOME_DNA_METHYLATION,3,2.21215455303261,0.0237167696638588,0.666666666666667,0.0269559878154987,0.24035755802153
GOBP_REGULATION_OF_CELLULAR_RESPONSE_TO_VASCULAR_ENDOTHELIAL_GROWTH_FACTOR_STIMULUS,3,2.20766101238893,0.127662314633221,1,0.0272679125561411,0.242717502406136
GOBP_CELLULAR_RESPONSE_TO_AMYLOID_BETA,3,-2.20642806797095,-0.0661415858961397,0.666666666666667,0.027354041585637,0.243062902394173
GOBP_EMBRYONIC_APPENDAGE_MORPHOGENESIS,3,-2.20565452483738,-0.0725859136910521,1,0.0274081982520314,0.24312349952061
GOBP_SARCOMERE_ORGANIZATION,3,-2.2036040156248,0.011525972075763,0.666666666666667,0.027552204638886,0.243555231045213
GOBP_REGULATION_OF_POTASSIUM_ION_TRANSMEMBRANE_TRANSPORTER_ACTIVITY,3,2.20308815739921,-0.000879619627341005,0.666666666666667,0.0275885357224991,0.243555231045213
GOBP_PYRIMIDINE_RIBONUCLEOSIDE_MONOPHOSPHATE_METABOLIC_PROCESS,2,2.20291505552059,0.206955906761841,1,0.0276007362712228,0.243555231045213
GOBP_MONOCYTE_CHEMOTAXIS,3,2.20226558498986,0.11718304112286,1,0.0276465536797818,0.243555231045213
GOBP_LACTATE_METABOLIC_PROCESS,2,-2.19972083379647,-0.241198303524001,1,0.0278267077250695,0.244365875705777
KEGG_OTHER_GLYCAN_DEGRADATION,2,2.1993632623181,0.265841281319951,1,0.0278521027005539,0.244365875705777
REACTOME_PARASITE_INFECTION,3,-2.19861066086414,-0.0451432462567978,0.666666666666667,0.0279056182748206,0.244365875705777
REACTOME_CILIUM_ASSEMBLY,3,-2.19828380088325,-0.0889028389672022,1,0.0279288880528215,0.244365875705777
GOBP_HISTONE_MRNA_CATABOLIC_PROCESS,2,-2.19741231740942,-0.245859574037132,1,0.0279910123781778,0.244492924446125
REACTOME_CTLA4_INHIBITORY_SIGNALING,3,-2.1961480502255,0.103484882165677,0.333333333333333,0.0280813483053784,0.24485849797561
GOBP_REGULATION_OF_P38MAPK_CASCADE,3,2.19549351884191,0.118712575863929,1,0.0281282153048306,0.24485849797561
GOBP_MULTICELLULAR_ORGANISM_GROWTH,3,-2.19392870566258,-0.0295978669938648,1,0.0282405353480718,0.245274024135015
GOBP_REGULATION_OF_REGULATED_SECRETORY_PATHWAY,3,-2.19349880314687,-0.00245371831714709,0.333333333333333,0.0282714607258429,0.245274024135015
GOBP_REGULATION_OF_DEFENSE_RESPONSE_TO_VIRUS,3,2.19145355129814,0.0891186889213942,1,0.0284189874929672,0.245813230033927
REACTOME_INTERLEUKIN_10_SIGNALING,3,2.19120449865818,0.157392112368065,1,0.0284369972107482,0.245813230033927
REACTOME_TRAF6_MEDIATED_NF_KB_ACTIVATION,3,-2.19064910595348,0.0362203666308618,0.333333333333333,0.0284771946787746,0.245813230033927
GOBP_REGULATION_OF_DNA_TEMPLATED_TRANSCRIPTION_IN_RESPONSE_TO_STRESS,3,-2.18838955095526,-0.0904086329471952,1,0.0286412387599005,0.246814433340351
GOBP_CORTICAL_ACTIN_CYTOSKELETON_ORGANIZATION,3,-2.18459376726052,-0.077167017115384,1,0.0289186453335791,0.248787541764259
REACTOME_REGULATION_OF_GENE_EXPRESSION_IN_LATE_STAGE_BRANCHING_MORPHOGENESIS_PANCREATIC_BUD_PRECURSOR_CELLS,2,2.18367999088936,0.142807360468294,1,0.0289857710815871,0.248948027215772
GOBP_ENSHEATHMENT_OF_NEURONS,3,2.18085181157447,0.0727201278154978,1,0.0291943789164983,0.250267384051568
GOBP_REGULATION_OF_LIPID_KINASE_ACTIVITY,3,-2.18022457190536,-0.112314517386246,1,0.0292408190495138,0.250267384051568
GOBP_REGULATION_OF_ATP_BIOSYNTHETIC_PROCESS,3,-2.17962093047006,-0.0371089903079443,0.666666666666667,0.0292855720044767,0.250267384051568
GOBP_AXONEMAL_DYNEIN_COMPLEX_ASSEMBLY,3,-2.17813933334323,-0.136640457756718,1,0.0293956650195617,0.250790922824699
GOBP_NEGATIVE_REGULATION_OF_HEMOPOIESIS,3,-2.17677392018311,0.0143647282358561,0.333333333333333,0.0294974398268115,0.25091032282728
GOBP_POSITIVE_REGULATION_OF_ACTIN_FILAMENT_BUNDLE_ASSEMBLY,3,-2.17615252535547,-0.0149061943554117,0.666666666666667,0.0295438574548005,0.25091032282728
GOBP_CENTROSOME_SEPARATION,2,-2.17598717061739,-0.253952912952903,1,0.0295562198813287,0.25091032282728
GOBP_PRESYNAPTIC_ENDOCYTOSIS,3,-2.17521962726721,0.00729176271643965,0.333333333333333,0.0296136620468402,0.250983115961339
GOBP_REGULATION_OF_PROTEIN_LOCALIZATION_TO_MEMBRANE,3,-2.17396912730752,-0.00126903154233988,0.666666666666667,0.0297074538302748,0.251363233727004
GOBP_ICOSANOID_TRANSPORT,3,2.17137525859087,0.112831043667246,1,0.0299028175820429,0.252600116943047
REACTOME_INHIBITION_OF_DNA_RECOMBINATION_AT_TELOMERE,3,2.16838444503943,0.0530867858516339,0.666666666666667,0.0301294482012611,0.254096627194872
HALLMARK_INTERFERON_ALPHA_RESPONSE,3,2.16683809002811,0.194073906284388,1,0.0302472019474587,0.25467152328221
GOBP_PYRIMIDINE_CONTAINING_COMPOUND_METABOLIC_PROCESS,3,-2.16543472531416,-0.0878793220623358,1,0.0303544091550376,0.254808127069429
GOBP_RENAL_FILTRATION,3,-2.16481684070973,-0.0448400424857768,0.666666666666667,0.0304017146089564,0.254808127069429
GOBP_PYRIMIDINE_CONTAINING_COMPOUND_CATABOLIC_PROCESS,3,-2.16467917676663,-0.0961417400261751,0.666666666666667,0.030412262829743,0.254808127069429
GOBP_INTERLEUKIN_8_PRODUCTION,3,-2.16279923095492,0.0100494922930473,0.333333333333333,0.0305566247887848,0.255067236018878
REACTOME_HDACS_DEACETYLATE_HISTONES,3,2.16251969743679,0.0210326009050995,0.666666666666667,0.0305781404884895,0.255067236018878
GOBP_NEGATIVE_REGULATION_OF_CELLULAR_RESPONSE_TO_INSULIN_STIMULUS,3,-2.16233743442008,-0.053259679410323,1,0.030592176282638,0.255067236018878
REACTOME_G_BETA_GAMMA_SIGNALLING_THROUGH_PI3KGAMMA,3,-2.1595257534635,0.0151205719098149,0.666666666666667,0.0308094015618184,0.256427471497793
GOBP_AXONAL_TRANSPORT,3,2.15893545536837,0.0476368044540041,1,0.0308551747246176,0.256427471497793
REACTOME_RNA_POLYMERASE_I_PROMOTER_ESCAPE,3,2.15757582840381,0.0217665074526901,0.666666666666667,0.0309608256889457,0.256487219113568
REACTOME_INITIATION_OF_NUCLEAR_ENVELOPE_NE_REFORMATION,3,-2.15755762655659,-0.110072317333468,1,0.0309622421827126,0.256487219113568
GOBP_REGULATION_OF_CELLULAR_CARBOHYDRATE_METABOLIC_PROCESS,3,-2.15638892948558,-0.0391329869412193,1,0.0310533083893011,0.256827362137602
GOBP_GAMMA_AMINOBUTYRIC_ACID_SIGNALING_PATHWAY,3,2.15507634576051,0.123740541163846,1,0.0311558603998299,0.257261252433322
GOBP_RESPONSE_TO_LITHIUM_ION,3,-2.15290657280356,-0.037014051321109,0.666666666666667,0.0313260218291853,0.258251120569335
GOBP_REGULATION_OF_GRANULOCYTE_DIFFERENTIATION,2,-2.15096303203953,-0.103722473605108,1,0.0314791176869413,0.25909735326944
GOBP_RESPONSE_TO_ACID_CHEMICAL,3,-2.14910308105635,-0.0221799835375247,0.666666666666667,0.0316262295853167,0.25922638439068
GOBP_PHOSPHOLIPID_CATABOLIC_PROCESS,3,2.14893876971363,0.0784356660358248,1,0.0316392540077252,0.25922638439068
GOBP_NEGATIVE_REGULATION_OF_SYNAPTIC_TRANSMISSION,3,2.14843119735889,0.000171063856881179,0.666666666666667,0.031679516663298,0.25922638439068
GOBP_RESPONSE_TO_AMPHETAMINE,3,-2.14821494411692,-0.0246885090618669,0.666666666666667,0.0316966840726922,0.25922638439068
GOBP_POSITIVE_REGULATION_OF_MYELOID_LEUKOCYTE_DIFFERENTIATION,3,-2.14669688680986,0.00786616757667217,0.333333333333333,0.0318174207856232,0.259800116303594
GOBP_SECONDARY_PALATE_DEVELOPMENT,3,2.1455001791081,0.0744866958327691,1,0.0319128771179049,0.260165931551682
REACTOME_G_PROTEIN_BETA_GAMMA_SIGNALLING,3,-2.14454775274857,0.0382142429068627,0.666666666666667,0.0319890235075748,0.260373414793826
GOBP_NEURAL_TUBE_DEVELOPMENT,3,-2.13902885464528,-0.0306963459559498,0.666666666666667,0.0324333315589917,0.263091977296246
GOBP_HEPARAN_SULFATE_PROTEOGLYCAN_BIOSYNTHETIC_PROCESS,3,-2.13862156324351,-0.0891695194244011,0.666666666666667,0.0324663296905025,0.263091977296246
GOBP_MEMBRANE_PROTEIN_PROTEOLYSIS,3,-2.13844615207444,0.0260070378632547,0.333333333333333,0.0324805500951099,0.263091977296246
GOBP_NUCLEOTIDE_TRANSMEMBRANE_TRANSPORT,2,-2.13786228991146,-0.122481468973093,1,0.032527921647803,0.263091977296246
GOBP_RENAL_TUBULAR_SECRETION,3,2.13532346449405,0.111600391195548,1,0.0327345975470851,0.26415219830485
GOBP_NEURAL_NUCLEUS_DEVELOPMENT,3,-2.13498950652823,0.0312669098392769,0.666666666666667,0.0327618672741801,0.26415219830485
REACTOME_RNA_POLYMERASE_III_TRANSCRIPTION,3,2.13303690463086,0.06841006094738,1,0.032921698928314,0.265024836513826
GOBP_CELLULAR_RESPONSE_TO_THYROID_HORMONE_STIMULUS,3,-2.12825265874819,-0.182350310630802,1,0.0333161409336502,0.267780437926804
GOBP_POSITIVE_REGULATION_OF_HEMOPOIESIS,3,-2.12689787810576,0.0347246327966467,0.333333333333333,0.0334285692115268,0.268264267922503
GOBP_TERTIARY_ALCOHOL_METABOLIC_PROCESS,3,2.12590709387942,0.0697082250472547,0.666666666666667,0.0335109961084432,0.268506202828338
REACTOME_DEPOSITION_OF_NEW_CENPA_CONTAINING_NUCLEOSOMES_AT_THE_CENTROMERE,3,2.12393099364362,-0.0431046568598758,0.666666666666667,0.0336759142685806,0.269144166388134
GOBP_NEURON_FATE_COMMITMENT,3,2.12262710753322,0.105896558505495,1,0.0337851115680168,0.269144166388134
GOBP_FUSION_OF_SPERM_TO_EGG_PLASMA_MEMBRANE_INVOLVED_IN_SINGLE_FERTILIZATION,2,2.1211603015076,0.241484258247935,1,0.033908314772218,0.269144166388134
GOBP_POSITIVE_REGULATION_OF_FATTY_ACID_OXIDATION,2,2.12093880411551,0.173293082195373,1,0.0339269526111854,0.269144166388134
REACTOME_POST_CHAPERONIN_TUBULIN_FOLDING_PATHWAY,3,-2.12047411838515,0.0242772117595963,0.666666666666667,0.0339660819312537,0.269144166388134
GOBP_REGULATION_OF_TISSUE_REMODELING,3,-2.11914973933833,0.0654327439315122,0.333333333333333,0.0340778143149167,0.269144166388134
KEGG_OOCYTE_MEIOSIS,3,-2.11902718919997,-0.0374464999913343,0.666666666666667,0.0340881692262161,0.269144166388134
GOBP_NADPH_REGENERATION,3,-2.11890976541844,-0.0707255463011699,1,0.0340980935074151,0.269144166388134
GOBP_POSITIVE_REGULATION_OF_CYTOKINE_PRODUCTION_INVOLVED_IN_IMMUNE_RESPONSE,3,2.11878085112896,0.1287726030551,1,0.0341089917733766,0.269144166388134
REACTOME_SIGNALING_BY_FGFR3,3,-2.1186694111676,0.0142431005033451,0.666666666666667,0.0341184151788758,0.269144166388134
REACTOME_TRANSCRIPTIONAL_REGULATION_BY_E2F6,3,-2.11809461638971,-0.262584829567936,1,0.034167055390394,0.269144166388134
GOBP_NEGATIVE_REGULATION_OF_DNA_BINDING,3,-2.11634466991292,-0.00426391025382052,0.333333333333333,0.0343155041825503,0.269499427995874
REACTOME_ENDOGENOUS_STEROLS,3,2.11632589253744,0.0137619803767481,0.666666666666667,0.0343171000602223,0.269499427995874
GOBP_POSITIVE_REGULATION_OF_CELLULAR_RESPONSE_TO_TRANSFORMING_GROWTH_FACTOR_BETA_STIMULUS,3,-2.11491398139754,-0.0733905282242701,1,0.0344372793322106,0.270030330763716
GOBP_NEGATIVE_REGULATION_OF_SMOOTH_MUSCLE_CELL_DIFFERENTIATION,2,-2.11357790895015,-0.187994976643223,1,0.0345513343024004,0.270386850119615
GOBP_REGULATION_OF_SIGNAL_TRANSDUCTION_BY_P53_CLASS_MEDIATOR,3,-2.11258027283928,-0.0998096736306845,1,0.0346367086571756,0.270386850119615
GOBP_NEGATIVE_REGULATION_OF_MRNA_SPLICING_VIA_SPLICEOSOME,3,-2.11253388327561,-0.0507950987590922,0.666666666666667,0.0346406829008385,0.270386850119615
GOBP_REGULATION_OF_VIRAL_INDUCED_CYTOPLASMIC_PATTERN_RECOGNITION_RECEPTOR_SIGNALING_PATHWAY,3,2.10774846629648,0.099514177793205,0.666666666666667,0.0350527525952054,0.273188068784484
GOBP_FATTY_ACID_TRANSPORT,3,2.10576513671031,0.136453892933851,1,0.0352247586057305,0.273733918516253
GOBP_POSITIVE_REGULATION_OF_FOCAL_ADHESION_ASSEMBLY,3,-2.10571190868086,-0.0915059278715648,1,0.0352293847623137,0.273733918516253
REACTOME_REGULATION_OF_SIGNALING_BY_CBL,3,-2.10446390012948,-0.0403498736130282,0.666666666666667,0.0353380004366919,0.273786938020926
GOBP_FEMALE_GENITALIA_DEVELOPMENT,3,2.10440856198573,0.129023965527462,1,0.0353428231907855,0.273786938020926
GOBP_POSITIVE_REGULATION_OF_MITOTIC_CELL_CYCLE,3,-2.10320755163574,-0.0384307211298445,1,0.0354476304590514,0.273871887967318
REACTOME_CARGO_CONCENTRATION_IN_THE_ER,3,-2.10271481423798,0.00217625498909265,0.333333333333333,0.0354907062947782,0.273871887967318
REACTOME_SYNTHESIS_OF_LEUKOTRIENES_LT_AND_EOXINS_EX,3,-2.10245130287251,-0.012988341409532,0.666666666666667,0.0355137611733321,0.273871887967318
REACTOME_SIGNALING_BY_FGFR1,3,-2.10116693979777,0.00581760777525455,0.333333333333333,0.0356263144076608,0.274105476549695
REACTOME_COOPERATION_OF_PREFOLDIN_AND_TRIC_CCT_IN_ACTIN_AND_TUBULIN_FOLDING,3,-2.10088810118274,-0.0333228101913277,0.666666666666667,0.0356507901742984,0.274105476549695
REACTOME_RECOGNITION_AND_ASSOCIATION_OF_DNA_GLYCOSYLASE_WITH_SITE_CONTAINING_AN_AFFECTED_PURINE,3,2.09983809825155,0.0340494361791999,0.666666666666667,0.0357430855891317,0.27440431627172
GOBP_CORTICAL_CYTOSKELETON_ORGANIZATION,3,-2.09886344118123,-0.0759995874217222,1,0.0358289404015115,0.274652892391288
GOBP_REGULATION_OF_EXOCYTOSIS,3,-2.09739271372382,0.0064581902381245,0.333333333333333,0.0359588255602396,0.275237746762132
REACTOME_ACTIVATION_OF_ANTERIOR_HOX_GENES_IN_HINDBRAIN_DEVELOPMENT_DURING_EARLY_EMBRYOGENESIS,3,2.09511719641305,-0.00877217077856043,0.666666666666667,0.0361605756306671,0.27637011374867
GOBP_NEURAL_RETINA_DEVELOPMENT,3,-2.0931815570592,-0.105246349090255,1,0.0363329504582965,0.277274938415767
GOBP_REGULATION_OF_DEFENSE_RESPONSE_TO_VIRUS_BY_HOST,3,2.09237737053353,0.137067433419394,1,0.0364047714671563,0.277410840141417
GOBP_POST_EMBRYONIC_DEVELOPMENT,3,-2.08941717556122,-0.024250172334127,0.666666666666667,0.0366701864540602,0.27878542987174
GOBP_REFLEX,2,2.08891215049578,0.095313385177635,0.5,0.0367156318834036,0.27878542987174
GOBP_LONG_CHAIN_FATTY_ACID_TRANSPORT,3,2.08824318638554,0.104828994317624,1,0.0367759034694777,0.27878542987174
GOBP_REGULATION_OF_GLUCOSE_TRANSMEMBRANE_TRANSPORT,3,-2.087950698184,-0.0598139828851075,1,0.0368022822143768,0.27878542987174
REACTOME_RHOBTB_GTPASE_CYCLE,3,-2.08616640491018,-0.109661473873338,1,0.0369635522313932,0.279594704359993
GOBP_NEGATIVE_REGULATION_OF_NEURON_APOPTOTIC_PROCESS,3,-2.08255457151601,0.0348503942973391,0.666666666666667,0.0372918437305741,0.281049459945248
HALLMARK_INTERFERON_GAMMA_RESPONSE,3,2.08239114655478,0.180558044846536,1,0.0373067564720332,0.281049459945248
GOBP_MITOCHONDRIAL_FISSION,3,2.08224560923748,0.0603787814036408,0.666666666666667,0.037320041215471,0.281049459945248
GOBP_MISMATCH_REPAIR,3,2.0785659238057,0.00488989429104111,0.333333333333333,0.037657265754125,0.2829232588544
GOBP_NEGATIVE_REGULATION_OF_CELL_SUBSTRATE_ADHESION,3,-2.07832938071735,-0.00114082842488019,0.333333333333333,0.0376790321371515,0.2829232588544
REACTOME_SENSORY_PROCESSING_OF_SOUND,3,-2.075083903474,-0.0130355191631588,0.333333333333333,0.0379787592842913,0.284631725652936
GOBP_REGULATION_OF_PROTEIN_TYROSINE_KINASE_ACTIVITY,3,-2.07466708996037,-0.0432647529330422,0.666666666666667,0.0380173994933634,0.284631725652936
GOBP_NEGATIVE_REGULATION_OF_POTASSIUM_ION_TRANSMEMBRANE_TRANSPORT,3,2.07391501910501,-0.0612351975595258,0.333333333333333,0.0380872039305528,0.284739271306142
GOBP_POSITIVE_REGULATION_OF_CARDIAC_MUSCLE_CELL_PROLIFERATION,3,2.07238034208048,0.00406887684419587,0.666666666666667,0.0382299851534056,0.285391284517284
GOBP_REGULATION_OF_LEUKOCYTE_DIFFERENTIATION,3,-2.07080265004514,0.0252178046108138,0.333333333333333,0.0383772424901563,0.285965985338402
GOBP_RIBONUCLEOTIDE_CATABOLIC_PROCESS,3,2.06998067265152,-0.0120993376013206,0.666666666666667,0.0384541544060172,0.285965985338402
GOBP_NEGATIVE_REGULATION_OF_CELL_CYCLE_G1_S_PHASE_TRANSITION,3,-2.06976873828686,-0.0839668394953368,1,0.0384740062049914,0.285965985338402
GOBP_NEGATIVE_REGULATION_OF_BINDING,3,-2.06856443925077,0.011910906372004,0.333333333333333,0.0385869778234963,0.28612040125633
GOBP_DEFENSE_RESPONSE_TO_SYMBIONT,3,2.06835983618535,0.087086391721644,1,0.0386061990012922,0.28612040125633
GOBP_POSITIVE_REGULATION_OF_TYPE_I_INTERFERON_MEDIATED_SIGNALING_PATHWAY,2,2.06708147224299,0.22059062971513,1,0.0387264776216482,0.286598255136578
GOBP_PURINE_NUCLEOSIDE_MONOPHOSPHATE_BIOSYNTHETIC_PROCESS,3,2.06622020156302,0.145892142936756,0.666666666666667,0.0388076921978746,0.286786053421992
GOBP_UBIQUITIN_DEPENDENT_ERAD_PATHWAY,3,-2.06428448795342,-0.0657861777602736,1,0.0389907508969436,0.287724851446412
REACTOME_SEMAPHORIN_INTERACTIONS,3,-2.06324362523401,-0.0453614236529199,1,0.0390894872245897,0.287763958001222
GOBP_PROTEIN_LOCALIZATION_TO_NUCLEUS,3,-2.06292412165886,-0.0314633662111165,0.666666666666667,0.0391198379248593,0.287763958001222
GOBP_APPENDAGE_DEVELOPMENT,3,-2.06245816242512,-0.057161709579392,1,0.0391641368074093,0.287763958001222
REACTOME_RESOLUTION_OF_D_LOOP_STRUCTURES_THROUGH_SYNTHESIS_DEPENDENT_STRAND_ANNEALING_SDSA,3,-2.06055582108951,-0.181223862821559,1,0.0393454352064486,0.288683078886171
GOBP_REGULATION_OF_GLUCOSE_IMPORT,3,-2.05793420069303,-0.0434888546717512,1,0.0395964501429702,0.290075298844941
GOBP_CARDIAC_MUSCLE_CELL_CONTRACTION,3,2.05645656505311,0.0625794914043784,0.666666666666667,0.0397385288343088,0.290075298844941
GOBP_T_CELL_MIGRATION,3,-2.05632441422543,0.0256423846970496,0.333333333333333,0.0397512565458953,0.290075298844941
GOBP_REGULATION_OF_LONG_TERM_NEURONAL_SYNAPTIC_PLASTICITY,3,-2.05622223344697,-0.000770114223437583,0.333333333333333,0.0397611001532007,0.290075298844941
GOBP_VIRAL_RNA_GENOME_REPLICATION,3,-2.05324761656879,-0.115734068282351,1,0.0400485684431836,0.290890289176747
GOBP_MAINTENANCE_OF_CELL_POLARITY,3,-2.05296545927283,-0.129689731571271,1,0.0400759275687654,0.290890289176747
GOBP_AMINO_ACID_ACTIVATION,3,2.05288761388736,-0.0109292648373894,0.333333333333333,0.0400834785656163,0.290890289176747
REACTOME_SEMA3A_PAK_DEPENDENT_AXON_REPULSION,3,-2.05272390459532,-0.0757939335778641,0.666666666666667,0.0400993622930563,0.290890289176747
GOBP_GLYCOSYL_COMPOUND_METABOLIC_PROCESS,3,2.05006880439554,0.0482224934182339,1,0.0403577170742172,0.292014218756742
REACTOME_GROWTH_HORMONE_RECEPTOR_SIGNALING,3,-2.04996333143135,-0.0395808915741709,0.666666666666667,0.0403680092128673,0.292014218756742
REACTOME_INTEGRIN_SIGNALING,3,-2.04856469611915,-0.0418210430237022,0.333333333333333,0.0405046997711235,0.292189927946858
GOBP_POSITIVE_REGULATION_OF_T_CELL_CYTOKINE_PRODUCTION,3,2.04855059024456,0.121220633903333,1,0.0405060803540036,0.292189927946858
GOBP_PROTEIN_PEPTIDYL_PROLYL_ISOMERIZATION,3,-2.04708690730298,-0.11250688603461,1,0.0406495522572195,0.292813605039382
GOBP_REGULATION_OF_MITOCHONDRIAL_OUTER_MEMBRANE_PERMEABILIZATION_INVOLVED_IN_APOPTOTIC_SIGNALING_PATHWAY,3,2.04475311334565,0.128369664356986,0.666666666666667,0.0408792043574744,0.294055453193262
REACTOME_CELL_SURFACE_INTERACTIONS_AT_THE_VASCULAR_WALL,3,-2.0422991694093,-0.00969261314916871,0.666666666666667,0.0411218644524904,0.29510666646076
GOBP_PROTEIN_DEPOLYMERIZATION,3,-2.0421136461067,-0.00758860135150367,0.666666666666667,0.0411402595766948,0.29510666646076
GOBP_REGULATION_OF_ORGAN_GROWTH,3,-2.04028219207643,0.0264577767553541,0.666666666666667,0.0413222274406582,0.295882963258003
GOBP_GLUCOSE_IMPORT,3,-2.03986573019001,-0.0199133148278748,0.666666666666667,0.0413637008604451,0.295882963258003
GOBP_MAST_CELL_ACTIVATION_INVOLVED_IN_IMMUNE_RESPONSE,3,-2.03919963804261,-0.0344674475085999,0.666666666666667,0.0414301070282905,0.295945799300834
REACTOME_DEFECTIVE_INTRINSIC_PATHWAY_FOR_APOPTOSIS,3,-2.03720395737884,-0.0242205852244208,0.666666666666667,0.0416296074485082,0.296957866466025
GOBP_EMBRYONIC_SKELETAL_SYSTEM_MORPHOGENESIS,3,2.03652814679598,0.0243515051928649,0.666666666666667,0.0416973496864533,0.29702855477063
REACTOME_RUNX2_REGULATES_BONE_DEVELOPMENT,3,-2.03371993678671,-0.00402623000039382,0.333333333333333,0.0419798408579945,0.298626679566011
GOBP_STRESS_RESPONSE_TO_METAL_ION,3,2.03223374993863,0.0564010154097481,0.666666666666667,0.0421299977162159,0.298747937074116
REACTOME_HCMV_LATE_EVENTS,3,2.03202264168016,-0.00151150580530664,0.666666666666667,0.0421513638519496,0.298747937074116
GOBP_POST_EMBRYONIC_ANIMAL_ORGAN_DEVELOPMENT,3,-2.03129286643395,-0.0305404677244221,0.666666666666667,0.0422252945917863,0.298747937074116
GOBP_DEFENSE_RESPONSE_TO_FUNGUS,3,-2.03125082956641,0.0140722473829789,0.666666666666667,0.0422295565256636,0.298747937074116
GOBP_VOCALIZATION_BEHAVIOR,3,2.03023408190989,0.103922035650691,1,0.042332751026077,0.299032886511022
GOBP_MALE_SEX_DIFFERENTIATION,3,-2.02970748697009,-0.0395182133174539,1,0.0423862814213442,0.299032886511022
GOBP_REGULATION_OF_STEM_CELL_PROLIFERATION,3,-2.02902356592075,0.00670796404941786,0.333333333333333,0.042455890080599,0.299113102131628
REACTOME_INTERLEUKIN_3_INTERLEUKIN_5_AND_GM_CSF_SIGNALING,3,-2.02845074312172,-0.0261871957410879,0.666666666666667,0.0425142656743062,0.29911406644279
GOBP_IMP_METABOLIC_PROCESS,3,2.02761883990474,0.116734066438443,0.666666666666667,0.04259916467201,0.299301381334396
GOBP_PHOSPHATIDYLETHANOLAMINE_METABOLIC_PROCESS,3,2.02694567348569,0.0934351958078746,1,0.0426679688596822,0.299375256917114
GOBP_VESICLE_MEDIATED_TRANSPORT_BETWEEN_ENDOSOMAL_COMPARTMENTS,3,-2.02528308771068,-0.0456972714113725,0.666666666666667,0.0428383041223936,0.30014819606558
GOBP_REGULATION_OF_LYMPHOCYTE_MIGRATION,3,-2.02473083187812,0.0153978212430114,0.333333333333333,0.0428950108863193,0.30014819606558
GOBP_POSITIVE_REGULATION_OF_HISTONE_ACETYLATION,3,2.02399941081383,0.0957037636873329,1,0.0429702123691621,0.30026532071839
HALLMARK_MITOTIC_SPINDLE,3,-2.02291454367398,-0.0532279122900927,1,0.0430819588270729,0.300316639464015
GOBP_ACTIVATION_OF_INNATE_IMMUNE_RESPONSE,3,-2.02279291749791,-0.0912273836355931,1,0.0430945021972311,0.300316639464015
GOBP_POSITIVE_REGULATION_OF_CILIUM_ASSEMBLY,3,-2.02214226811627,-0.105474341343998,1,0.0431616564351858,0.300377056166822
REACTOME_SIGNALING_BY_TGF_BETA_RECEPTOR_COMPLEX,3,-2.02059976171952,-0.00356415470151157,0.666666666666667,0.0433212136331848,0.300707842660403
GOBP_RESPONSE_TO_PAIN,3,2.01995785801664,0.0958153460159391,1,0.043387758989325,0.300707842660403
GOBP_INTERLEUKIN_5_PRODUCTION,3,2.01974670143994,0.163050295790312,1,0.0434096681964477,0.300707842660403
GOBP_INTERLEUKIN_6_PRODUCTION,3,-2.01942193287518,0.0202935127937554,0.333333333333333,0.0434433838111408,0.300707842660403
GOBP_REGULATION_OF_INSULIN_LIKE_GROWTH_FACTOR_RECEPTOR_SIGNALING_PATHWAY,3,2.018150925066,0.0295034632108592,0.666666666666667,0.0435755453490952,0.301216690326989
REACTOME_SYNTHESIS_OF_ACTIVE_UBIQUITIN_ROLES_OF_E1_AND_E2_ENZYMES,3,-2.01594722021003,-0.0300335559383524,0.666666666666667,0.0438054951517885,0.302326226299881
GOBP_MEGAKARYOCYTE_DEVELOPMENT,3,-2.01455448372367,0.0288130392589968,0.666666666666667,0.0439513506921938,0.302326226299881
REACTOME_MEIOTIC_RECOMBINATION,3,2.01426208096064,0.000334081130534824,0.666666666666667,0.043982024848059,0.302326226299881
REACTOME_TELOMERE_MAINTENANCE,3,2.01389716541327,0.00818719191860535,0.666666666666667,0.0440203312199327,0.302326226299881
GOBP_NEGATIVE_REGULATION_OF_MITOTIC_CELL_CYCLE,3,-2.01380150945671,-0.0682962834808694,1,0.0440303771947646,0.302326226299881
GOBP_RENAL_SYSTEM_PROCESS_INVOLVED_IN_REGULATION_OF_SYSTEMIC_ARTERIAL_BLOOD_PRESSURE,3,-2.01270229815972,-0.0247605896364081,0.666666666666667,0.0441459574785096,0.302676189393852
GOBP_MAINTENANCE_OF_PROTEIN_LOCALIZATION_IN_ORGANELLE,3,-2.01219666518881,-0.00754924492391246,0.333333333333333,0.0441992098998031,0.302676189393852
GOBP_CELL_MATRIX_ADHESION,3,-2.01127402642532,-0.0171216043940447,0.333333333333333,0.0442965204088854,0.302938653555307
GOBP_PLATELET_AGGREGATION,3,-2.00938936903909,-0.0182961356371071,0.666666666666667,0.0444958567701432,0.30389723453651
GOBP_CELLULAR_RESPONSE_TO_ACID_CHEMICAL,3,-2.00486405986434,-0.0188789714767303,0.666666666666667,0.0449775818546795,0.306345390907975
GOBP_POSITIVE_REGULATION_OF_PROTEIN_POLYMERIZATION,3,-2.00472301856202,0.00224133443799728,0.666666666666667,0.044992666281182,0.306345390907975
REACTOME_METABOLISM_OF_VITAMINS_AND_COFACTORS,3,2.00408825793543,0.0244904628732566,1,0.0450606070092171,0.306345390907975
REACTOME_VEGFR2_MEDIATED_VASCULAR_PERMEABILITY,3,-2.00133572920079,-0.112786158132456,1,0.0453562218050111,0.306345390907975
GOBP_INFLAMMATORY_RESPONSE_TO_WOUNDING,2,2.00094096199201,0.215690383983226,1,0.0453987525648084,0.306345390907975
GOBP_NEGATIVE_REGULATION_OF_PROTEIN_SERINE_THREONINE_KINASE_ACTIVITY,3,-2.00090227081639,-0.00235550876689093,0.333333333333333,0.0454029228171349,0.306345390907975
GOBP_POSITIVE_REGULATION_OF_SYNAPTIC_TRANSMISSION_GLUTAMATERGIC,3,2.00086879553058,0.091617373031864,1,0.0454065311455367,0.306345390907975
GOBP_MICROTUBULE_BUNDLE_FORMATION,3,-1.99989665643624,-0.0779004574885906,1,0.0455114242874344,0.306345390907975
REACTOME_SIGNALING_BY_BMP,3,-1.99908269229719,-0.133236909270598,1,0.0455994074587357,0.306345390907975
GOBP_ENDODERMAL_CELL_FATE_COMMITMENT,2,-1.99826863058849,-0.183303647287783,1,0.0456875444834576,0.306345390907975
GOBP_RESPONSE_TO_FUNGUS,3,-1.99771768423659,0.0246589317628799,0.666666666666667,0.0457472758805201,0.306345390907975
REACTOME_TNFS_BIND_THEIR_PHYSIOLOGICAL_RECEPTORS,3,1.99729456995949,0.135032164356647,1,0.0457931928891562,0.306345390907975
REACTOME_OVARIAN_TUMOR_DOMAIN_PROTEASES,3,-1.99709677097129,0.0131503834167247,0.666666666666667,0.0458146716522323,0.306345390907975
GOBP_REGULATION_OF_JNK_CASCADE,3,-1.99662741240149,0.00499152716361736,0.333333333333333,0.0458656727208432,0.306345390907975
GOBP_RESPONSE_TO_ENDOPLASMIC_RETICULUM_STRESS,3,-1.99617084622266,-0.0203130519598175,0.666666666666667,0.0459153296326345,0.306345390907975
REACTOME_INTRAFLAGELLAR_TRANSPORT,3,-1.99614278561889,-0.075643277165187,1,0.0459183830280492,0.306345390907975
GOBP_T_CELL_DIFFERENTIATION_IN_THYMUS,3,-1.99607431394866,-0.0440006012466153,1,0.0459258344439127,0.306345390907975
GOBP_POSITIVE_REGULATION_OF_CYTOSKELETON_ORGANIZATION,3,-1.9957322666914,-0.000299576425167135,0.666666666666667,0.0459630729224651,0.306345390907975
GOBP_DNA_TEMPLATED_TRANSCRIPTION_TERMINATION,3,-1.9955071359227,-0.163841619886971,1,0.0459875966491528,0.306345390907975
REACTOME_RIP_MEDIATED_NFKB_ACTIVATION_VIA_ZBP1,3,-1.99480292200472,0.0792407377851407,0.333333333333333,0.0460643785606405,0.306361272858195
GOBP_PHASIC_SMOOTH_MUSCLE_CONTRACTION,3,1.99439155810074,0.105499436375864,0.666666666666667,0.0461092803581356,0.306361272858195
GOBP_INTEGRIN_MEDIATED_SIGNALING_PATHWAY,3,-1.99381124003531,-0.0192086413392571,0.666666666666667,0.0461726867602545,0.306386200517658
GOBP_NEURON_APOPTOTIC_PROCESS,3,-1.99269218480375,0.0197196880763657,0.666666666666667,0.0462951636886983,0.306802529942135
GOBP_POSITIVE_REGULATION_OF_TYPE_2_IMMUNE_RESPONSE,3,1.99091624122885,0.137461095883469,1,0.0464900963511107,0.307545753986882
GOBP_POSITIVE_REGULATION_OF_RNA_SPLICING,3,-1.99051070018676,-0.141222455357433,1,0.0465347064688479,0.307545753986882
GOBP_POSITIVE_REGULATION_OF_ENDOTHELIAL_CELL_APOPTOTIC_PROCESS,3,1.99003614339083,0.04401601633126,0.666666666666667,0.0465869541670161,0.307545753986882
GOBP_POSITIVE_REGULATION_OF_CELL_CYCLE_PROCESS,3,-1.98781496205069,-0.0536307100178091,1,0.0468321583580873,0.308213970166238
GOBP_POSTSYNAPTIC_SPECIALIZATION_ORGANIZATION,3,1.98775825244819,0.0406332307366762,0.666666666666667,0.0468384329246094,0.308213970166238
GOBP_MYOTUBE_CELL_DEVELOPMENT,3,1.98748924191691,0.103387958877189,1,0.046868206911961,0.308213970166238
GOBP_REGULATION_OF_SISTER_CHROMATID_COHESION,3,-1.98583295477035,-0.181825347152631,1,0.0470518752355772,0.308973742067309
GOBP_POSITIVE_REGULATION_OF_CYTOKINESIS,3,-1.9840730629306,-0.0628060130008254,1,0.0472476955419629,0.308973742067309
GOBP_CELLULAR_RESPONSE_TO_XENOBIOTIC_STIMULUS,3,1.9814424487842,0.0660826287161119,1,0.0475416773673498,0.308973742067309
REACTOME_CHAPERONE_MEDIATED_AUTOPHAGY,3,1.98021901587728,0.116900604088996,0.666666666666667,0.0476789240182991,0.308973742067309
GOBP_CELLULAR_MODIFIED_AMINO_ACID_BIOSYNTHETIC_PROCESS,3,-1.97988367899767,-0.00391680061592543,0.666666666666667,0.0477166007470408,0.308973742067309
GOBP_PURINE_RIBONUCLEOSIDE_METABOLIC_PROCESS,3,1.97949403423886,0.0452939414108262,0.666666666666667,0.0477604106606766,0.308973742067309
GOBP_CARBOHYDRATE_TRANSMEMBRANE_TRANSPORT,3,-1.97948544616886,-0.0299851673696661,0.666666666666667,0.0477613766455176,0.308973742067309
GOBP_REGULATION_OF_SYNAPTIC_TRANSMISSION_GLUTAMATERGIC,3,1.97921824735827,0.0989135295821332,1,0.0477914393328615,0.308973742067309
GOBP_HETEROTYPIC_CELL_CELL_ADHESION,3,-1.97762086725312,0.0183168192661244,0.333333333333333,0.0479714933888218,0.308973742067309
GOBP_REGULATION_OF_CELL_SUBSTRATE_JUNCTION_ORGANIZATION,3,-1.97737719544889,-0.0522659756340032,0.666666666666667,0.0479990097203002,0.308973742067309
GOBP_CD4_POSITIVE_ALPHA_BETA_T_CELL_CYTOKINE_PRODUCTION,3,1.9762353386533,0.131431365398741,1,0.0481281292137012,0.308973742067309
REACTOME_DOWNREGULATION_OF_SMAD2_3_SMAD4_TRANSCRIPTIONAL_ACTIVITY,3,-1.97503065901524,-0.0524283825003767,1,0.0482646688433947,0.308973742067309
GOBP_RENAL_SODIUM_EXCRETION,3,1.97480534726901,0.108870481797413,1,0.0482902419960288,0.308973742067309
GOBP_HYALURONAN_METABOLIC_PROCESS,3,1.97464962421758,0.150284452835234,1,0.0483079233996949,0.308973742067309
REACTOME_DNA_DAMAGE_TELOMERE_STRESS_INDUCED_SENESCENCE,3,1.97459829235321,0.0263031924773425,0.666666666666667,0.0483137530117571,0.308973742067309
GOBP_REGULATION_OF_MYOTUBE_DIFFERENTIATION,3,-1.97452510277964,0.0436161086394354,0.666666666666667,0.0483220659628597,0.308973742067309
REACTOME_CA2_PATHWAY,3,-1.97447427553428,-0.0481505424785232,1,0.0483278396833592,0.308973742067309
KEGG_ASCORBATE_AND_ALDARATE_METABOLISM,3,-1.97444282685556,-0.0405626677129118,0.666666666666667,0.0483314123859309,0.308973742067309
REACTOME_CROSSLINKING_OF_COLLAGEN_FIBRILS,3,1.97421613748479,0.104190632709733,0.666666666666667,0.0483571718184423,0.308973742067309
GOBP_RIBONUCLEOSIDE_DIPHOSPHATE_METABOLIC_PROCESS,3,-1.97395061691493,0.0260899539174301,0.333333333333333,0.0483873584263545,0.308973742067309
GOBP_POSITIVE_REGULATION_OF_OSTEOCLAST_DIFFERENTIATION,3,-1.97374165009447,-0.0237831003326376,0.666666666666667,0.0484111266573961,0.308973742067309
GOBP_NEGATIVE_REGULATION_OF_MITOTIC_CELL_CYCLE_PHASE_TRANSITION,3,-1.97356111861561,-0.0786402138567811,1,0.0484316685002044,0.308973742067309
GOBP_PHOSPHATIDYLGLYCEROL_METABOLIC_PROCESS,3,1.97333545904345,0.0761500100259036,1,0.0484573555540847,0.308973742067309
REACTOME_TRANSPORT_OF_CONNEXONS_TO_THE_PLASMA_MEMBRANE,3,-1.97252958356976,0.0398584945008064,0.666666666666667,0.0485491825741213,0.308973742067309
GOBP_ANTEROGRADE_AXONAL_TRANSPORT,3,1.9719317816146,0.0536857003484295,1,0.0486173946270335,0.308973742067309
GOBP_CGMP_METABOLIC_PROCESS,3,1.97132529559284,0.0340154443345839,0.666666666666667,0.0486866797928097,0.308973742067309
GOBP_PEPTIDE_ANTIGEN_ASSEMBLY_WITH_MHC_PROTEIN_COMPLEX,3,1.97118187768584,0.163299862847899,0.666666666666667,0.0487030760172821,0.308973742067309
GOBP_NCRNA_TRANSCRIPTION,3,-1.97094400120401,-0.0628770998256892,1,0.0487302814219227,0.308973742067309
REACTOME_SIGNALING_BY_FGFR4,3,-1.97050509843773,0.0273203733636572,0.666666666666667,0.0487805112454415,0.308973742067309
KEGG_REGULATION_OF_ACTIN_CYTOSKELETON,3,-1.97000271084751,0.00366130930155467,0.666666666666667,0.048838059877608,0.308973742067309
REACTOME_NUCLEAR_EVENTS_STIMULATED_BY_ALK_SIGNALING_IN_CANCER,3,-1.96991029477604,0.0558251747527925,0.666666666666667,0.0488486523673393,0.308973742067309
GOBP_REGULATION_OF_MITOCHONDRIAL_GENE_EXPRESSION,3,1.96915276159447,0.0858339241028887,0.666666666666667,0.0489355515682228,0.309142672637629
GOBP_MICROGLIAL_CELL_ACTIVATION,3,-1.96666102205628,0.00147498185711772,0.333333333333333,0.0492223033524756,0.310572174469674
GOBP_REGULATION_OF_RESPONSE_TO_ENDOPLASMIC_RETICULUM_STRESS,3,-1.96559609044418,-0.0199594369708331,0.666666666666667,0.0493452860770634,0.310815763530875
REACTOME_TP53_REGULATES_TRANSCRIPTION_OF_ADDITIONAL_CELL_CYCLE_GENES_WHOSE_EXACT_ROLE_IN_THE_P53_PATHWAY_REMAIN_UNCERTAIN,3,-1.96527909536281,-0.124814301391083,1,0.0493819437385502,0.310815763530875
GOBP_POLY_A_PLUS_MRNA_EXPORT_FROM_NUCLEUS,3,1.96360574109508,0.00493863652233351,0.333333333333333,0.0495758311055886,0.311298538091436
GOBP_GLYCOSYL_COMPOUND_CATABOLIC_PROCESS,3,1.96357095532351,0.109079915395332,0.666666666666667,0.0495798684109803,0.311298538091436
GOBP_REGULATION_OF_CENTRIOLE_REPLICATION,3,-1.96255913819287,-0.225170186213063,1,0.0496974226355412,0.311655632058778
REACTOME_THE_ROLE_OF_NEF_IN_HIV_1_REPLICATION_AND_DISEASE_PATHOGENESIS,3,-1.96200194283908,0.0394266865986372,0.666666666666667,0.0497622580600015,0.31168165536118
REACTOME_SEMA4D_INDUCED_CELL_MIGRATION_AND_GROWTH_CONE_COLLAPSE,3,-1.96116260782191,0.00751214842441984,0.333333333333333,0.0498600572359968,0.311913829432497
REACTOME_SEALING_OF_THE_NUCLEAR_ENVELOPE_NE_BY_ESCRT_III,3,-1.95901053235058,0.0385988076761737,0.333333333333333,0.0501115533418285,0.312511775367965
GOBP_REGULATION_OF_MEGAKARYOCYTE_DIFFERENTIATION,3,1.95888712608683,-0.0706209937156822,0.666666666666667,0.0501260070392878,0.312511775367965
KEGG_ABC_TRANSPORTERS,3,1.95878319866296,0.0460622618958273,0.666666666666667,0.0501381820294399,0.312511775367965
GOBP_CATECHOL_CONTAINING_COMPOUND_BIOSYNTHETIC_PROCESS,3,1.95710960547987,0.0198373403469598,0.666666666666667,0.0503345833504484,0.313023321008954
GOBP_REGULATION_OF_EARLY_ENDOSOME_TO_LATE_ENDOSOME_TRANSPORT,3,-1.95704526928364,0.0347333643589018,0.333333333333333,0.0503421462526082,0.313023321008954
GOBP_MICROTUBULE_POLYMERIZATION,3,-1.95637818339521,-0.00402010790687033,0.666666666666667,0.0504206202334581,0.313132171123387
REACTOME_G_BETA_GAMMA_SIGNALLING_THROUGH_CDC42,3,-1.95549061001216,-0.0171602054651547,0.666666666666667,0.0505251906054609,0.313402631581699
GOBP_ANTIGEN_PROCESSING_AND_PRESENTATION_OF_ENDOGENOUS_ANTIGEN,3,1.95492721917962,0.131388229721444,1,0.050591661310074,0.313436396246731
GOBP_CELL_CELL_JUNCTION_ORGANIZATION,3,-1.95402291282852,-0.0048907972470628,0.333333333333333,0.0506985075230365,0.313643709965004
KEGG_HOMOLOGOUS_RECOMBINATION,3,-1.9536028547591,-0.118241808356303,1,0.0507482027672111,0.313643709965004
GOBP_NEURAL_CREST_CELL_DIFFERENTIATION,3,1.952665267899,0.0469388968493323,1,0.0508592717887814,0.313643709965004
GOBP_ASTROCYTE_DEVELOPMENT,3,-1.95192124458619,-0.00631755770361413,0.333333333333333,0.050947555586704,0.313643709965004
REACTOME_RHOD_GTPASE_CYCLE,3,-1.95155341029965,-0.110492188651553,1,0.0509912491978751,0.313643709965004
GOBP_POSITIVE_REGULATION_OF_LYMPHOCYTE_CHEMOTAXIS,3,-1.9515510476479,-0.000714052858596015,0.666666666666667,0.0509915299495284,0.313643709965004
GOBP_TRIGLYCERIDE_METABOLIC_PROCESS,3,1.95074147367314,0.0734717731901877,1,0.0510878070994975,0.313860020649544
GOBP_CALCIUM_MEDIATED_SIGNALING,3,-1.95017691550468,-0.032525637772916,1,0.0511550362252255,0.313897569955506
GOBP_PLATELET_DERIVED_GROWTH_FACTOR_RECEPTOR_SIGNALING_PATHWAY,3,-1.94873419758098,-0.0273252048634278,0.666666666666667,0.0513271756000361,0.314578011792107
GOBP_RIBONUCLEOSIDE_MONOPHOSPHATE_METABOLIC_PROCESS,3,1.94713337857729,0.129358564031998,1,0.0515187462325737,0.314969067175631
GOBP_RECEPTOR_RECYCLING,3,-1.94671307440938,-0.132124428727623,0.666666666666667,0.0515691432654307,0.314969067175631
REACTOME_TRANSCRIPTIONAL_REGULATION_BY_SMALL_RNAS,3,1.94643557374392,-0.00419539370912942,0.666666666666667,0.0516024398953406,0.314969067175631
GOBP_POSITIVE_REGULATION_OF_GLUCOSE_METABOLIC_PROCESS,3,-1.94615366393841,-0.0475971120456388,0.666666666666667,0.0516362839879052,0.314969067175631
GOBP_N_TERMINAL_PROTEIN_AMINO_ACID_MODIFICATION,3,-1.94507741222338,-0.097753065240214,1,0.0517656620096252,0.315383677439425
GOBP_T_CELL_DIFFERENTIATION_INVOLVED_IN_IMMUNE_RESPONSE,3,1.94293298840531,0.153451411126742,1,0.0520242554886153,0.31658362107764
GOBP_PLATELET_ACTIVATION,3,-1.94200214183437,-0.023322286885367,0.666666666666667,0.052136841006305,0.316893272672642
GOBP_CELLULAR_RESPONSE_TO_GONADOTROPIN_STIMULUS,3,-1.93889071221209,-0.0671401809375516,1,0.0525146471361027,0.318787196677544
REACTOME_MITOTIC_SPINDLE_CHECKPOINT,3,-1.93841528562923,-0.137522802026539,1,0.0525725770221728,0.318787196677544
GOBP_PROTEIN_LOCALIZATION_TO_SYNAPSE,3,1.93502601646611,0.0734360332547115,1,0.0529871031946838,0.320921889160255
KEGG_LINOLEIC_ACID_METABOLISM,3,1.9344553802473,0.12610200020619,1,0.0530571630401028,0.320935965566378
KEGG_BIOSYNTHESIS_OF_UNSATURATED_FATTY_ACIDS,3,-1.93398963375876,-0.155137257489387,1,0.0531144024009776,0.320935965566378
GOBP_KILLING_OF_CELLS_OF_ANOTHER_ORGANISM,3,-1.93130022519194,0.0111088586079736,0.666666666666667,0.0534459355642687,0.322559723922543
REACTOME_TRNA_AMINOACYLATION,3,1.9297508913019,-0.0355408127389425,0.333333333333333,0.0536377109504863,0.322925100758083
GOBP_FERTILIZATION,3,1.92849479598406,0.0774862849323331,0.666666666666667,0.0537936109210873,0.322925100758083
REACTOME_CLATHRIN_MEDIATED_ENDOCYTOSIS,3,-1.92840873720563,-0.00940175283120098,0.666666666666667,0.0538043059182056,0.322925100758083
REACTOME_SIGNAL_AMPLIFICATION,3,-1.9276912382068,-0.00822306029447996,0.333333333333333,0.053893542572732,0.322925100758083
GOBP_PROTEOGLYCAN_METABOLIC_PROCESS,3,-1.92763698018884,-0.00624305117943619,0.333333333333333,0.0539002957626035,0.322925100758083
GOBP_POSITIVE_REGULATION_OF_CELL_CYCLE_G2_M_PHASE_TRANSITION,3,-1.92734084263961,-0.045972782712165,0.666666666666667,0.0539371667851313,0.322925100758083
GOBP_L_GLUTAMATE_TRANSMEMBRANE_TRANSPORT,3,-1.92637102886042,-0.0448084747440395,1,0.0540580622116111,0.322925100758083
KEGG_AMINOACYL_TRNA_BIOSYNTHESIS,3,1.92628604305562,-0.043734811944147,0.333333333333333,0.0540686671743464,0.322925100758083
REACTOME_NEGATIVE_EPIGENETIC_REGULATION_OF_RRNA_EXPRESSION,3,1.92554059229023,0.00457438458755849,0.666666666666667,0.0541617627579568,0.322925100758083
GOBP_CELL_CYCLE_DNA_REPLICATION,3,-1.92528604793277,-0.156061394314311,1,0.0541935821380624,0.322925100758083
GOBP_AMYLOID_FIBRIL_FORMATION,3,-1.92524992405644,-0.0505409065883522,0.666666666666667,0.054198099075831,0.322925100758083
REACTOME_L1CAM_INTERACTIONS,3,-1.92434971389842,0.00172070457772454,0.666666666666667,0.0543107630616573,0.323221412612598
REACTOME_RUNX1_REGULATES_TRANSCRIPTION_OF_GENES_INVOLVED_IN_DIFFERENTIATION_OF_HSCS,3,1.92364618781142,0.0179149778952546,0.666666666666667,0.0543989474199111,0.323371520773916
GOBP_REGULATION_OF_AMYLOID_PRECURSOR_PROTEIN_CATABOLIC_PROCESS,3,-1.92249296317836,0.0167348888835778,0.333333333333333,0.0545437581857539,0.323610217601189
GOBP_POSITIVE_REGULATION_OF_STRESS_FIBER_ASSEMBLY,3,-1.92232307324284,-0.0171044808003864,0.666666666666667,0.0545651184662441,0.323610217601189
GOBP_MITOTIC_INTRA_S_DNA_DAMAGE_CHECKPOINT_SIGNALING,2,-1.92146877068043,-0.196251935254718,1,0.0546726358110325,0.323873884112414
KEGG_MTOR_SIGNALING_PATHWAY,3,-1.92091081755568,-0.0736869405966971,1,0.0547429517515341,0.323916820502165
GOBP_HOMOTYPIC_CELL_CELL_ADHESION,3,-1.91979259121033,-0.0236206907035458,0.666666666666667,0.0548841030765505,0.324196525053881
GOBP_RESPIRATORY_BURST_INVOLVED_IN_DEFENSE_RESPONSE,2,1.91953653283804,0.258912182179635,1,0.0549164674448746,0.324196525053881
REACTOME_DISEASES_OF_PROGRAMMED_CELL_DEATH,3,1.91712688105137,-0.0160157172263118,0.666666666666667,0.0552218143597323,0.325463270460393
GOBP_AMP_METABOLIC_PROCESS,3,1.91684376801121,0.126836405986491,0.666666666666667,0.0552577826794126,0.325463270460393
GOBP_PHAGOLYSOSOME_ASSEMBLY,2,1.91587884127437,0.141157595884412,1,0.055380519280444,0.325812539546804
REACTOME_ANCHORING_OF_THE_BASAL_BODY_TO_THE_PLASMA_MEMBRANE,3,-1.91433453340923,-0.12646730611738,1,0.0555774246401493,0.326277446328682
GOBP_REGULATION_OF_TRANSCRIPTION_INVOLVED_IN_G1_S_TRANSITION_OF_MITOTIC_CELL_CYCLE,3,-1.91421158101215,-0.0653697499665179,0.666666666666667,0.0555931265954351,0.326277446328682
GOBP_RESPONSE_TO_UV,3,-1.91376550291681,-0.0484588104865302,1,0.0556501251915742,0.326277446328682
GOBP_REGULATION_OF_MONOCYTE_CHEMOTAXIS,3,1.9111978397881,0.0750010967579652,1,0.0559791613937015,0.3276222518801
GOBP_PROTEIN_KINASE_A_SIGNALING,3,-1.91098059250663,-0.090725594178425,1,0.0560070749904065,0.3276222518801
GOBP_REGULATION_OF_MITOTIC_SISTER_CHROMATID_SEGREGATION,3,-1.9097427213975,-0.0728965352591947,0.666666666666667,0.0561663474506257,0.328180159848025
GOBP_HISTONE_UBIQUITINATION,3,-1.90834702673157,-0.0853956382788214,1,0.0563463786624925,0.328857955466547
REACTOME_TRAF6_MEDIATED_IRF7_ACTIVATION,3,1.90764929620228,0.141107488702713,1,0.0564365591587425,0.329010406174009
GOBP_POSITIVE_REGULATION_OF_PEPTIDYL_SERINE_PHOSPHORYLATION,3,1.90481266824364,0.0890647886694273,1,0.0568044265556597,0.330779517902345
GOBP_MOTILE_CILIUM_ASSEMBLY,3,-1.90286373252078,-0.0850913919978053,1,0.0570583284210252,0.331881738131807
GOBP_ENDONUCLEOLYTIC_CLEAVAGE_INVOLVED_IN_RRNA_PROCESSING,2,-1.90208174873829,-0.214106035037389,1,0.0571604681176992,0.332048406427949
REACTOME_CELL_EXTRACELLULAR_MATRIX_INTERACTIONS,3,-1.90038293046431,-0.0327682151764064,0.333333333333333,0.0573828853210471,0.332048406427949
REACTOME_THROMBOXANE_SIGNALLING_THROUGH_TP_RECEPTOR,3,-1.90036257340027,-0.0238486403926139,0.666666666666667,0.057385554920193,0.332048406427949
REACTOME_DEFECTS_IN_VITAMIN_AND_COFACTOR_METABOLISM,3,1.90020186077803,0.0318080520934757,0.666666666666667,0.057406634192718,0.332048406427949
KEGG_CELL_CYCLE,3,-1.90017438576731,-0.115288963324847,1,0.0574102384945519,0.332048406427949
GOBP_POSITIVE_REGULATION_OF_RUFFLE_ASSEMBLY,2,-1.899676440534,-0.09744756227699,0.5,0.0574755939217142,0.332052475120275
GOBP_GROOMING_BEHAVIOR,3,1.89434731909747,0.0753879747651426,0.666666666666667,0.0581789240326567,0.335738150372725
GOBP_REGULATION_OF_FEEDING_BEHAVIOR,3,1.89335096207078,0.0714394166908351,1,0.0583112121332663,0.336123889468525
REACTOME_RESOLUTION_OF_D_LOOP_STRUCTURES,3,-1.8899680204328,-0.174326199364447,1,0.058762237227149,0.337953517439006
GOBP_REGULATION_OF_RESPIRATORY_GASEOUS_EXCHANGE,3,1.88938193385374,0.0902858048599833,0.666666666666667,0.0588406698892501,0.337953517439006
GOBP_NEURAL_CREST_CELL_MIGRATION,3,1.88920268646146,0.0747010888010393,1,0.0588646749066201,0.337953517439006
GOBP_CELLULAR_RESPONSE_TO_ATP,3,-1.88880867815484,0.077968550105383,0.666666666666667,0.058917469533502,0.337953517439006
GOBP_REGULATION_OF_CARDIOCYTE_DIFFERENTIATION,3,1.8880859022669,0.0582457845177529,0.666666666666667,0.0590144191395469,0.337953517439006
KEGG_TOLL_LIKE_RECEPTOR_SIGNALING_PATHWAY,3,1.88801882028889,0.117450913642496,1,0.0590234238985179,0.337953517439006
GOBP_REGULATION_OF_AMPA_RECEPTOR_ACTIVITY,3,1.88673036801559,0.168067127335854,1,0.0591966009316469,0.338567641854052
REACTOME_POLO_LIKE_KINASE_MEDIATED_EVENTS,2,-1.88575017419228,-0.157586824118914,1,0.059328628123543,0.338945310392121
GOBP_PIGMENT_CELL_DIFFERENTIATION,3,-1.88412059927434,0.0182893010679941,0.333333333333333,0.0595486644596863,0.33982437851661
REACTOME_EPIGENETIC_REGULATION_OF_GENE_EXPRESSION,3,1.8808935366427,0.000240905515979916,0.666666666666667,0.0599864026187205,0.341386762667449
GOBP_NUCLEOSOME_MOBILIZATION,3,-1.87984656040844,-0.108867504059275,1,0.0601289927806892,0.341386762667449
REACTOME_CONDENSATION_OF_PROPHASE_CHROMOSOMES,3,1.87977718624234,-3.1815509378257e-05,0.666666666666667,0.0601384509312243,0.341386762667449
REACTOME_RHOA_GTPASE_CYCLE,3,-1.87962220960561,-0.00584724083585895,0.666666666666667,0.060159584179489,0.341386762667449
GOBP_EMBRYONIC_HEMOPOIESIS,3,-1.87927457028463,-0.0535183408080624,1,0.0602070120975154,0.341386762667449
GOBP_CYCLIC_NUCLEOTIDE_MEDIATED_SIGNALING,3,1.87917015743106,0.0554938719705509,1,0.0602212630406364,0.341386762667449
GOBP_REGULATION_OF_HAIR_CYCLE,3,1.87804205167736,0.050580552469783,0.666666666666667,0.0603754126336874,0.341883262719535
GOBP_SUBSTRATE_ADHESION_DEPENDENT_CELL_SPREADING,3,-1.87751562594905,-0.0336078474290867,1,0.0604474577290596,0.341914254291245
GOBP_DEVELOPMENTAL_INDUCTION,3,1.8758870014533,0.0757264024638458,0.666666666666667,0.0606707979103102,0.342495681651803
GOBP_LIPOPROTEIN_LOCALIZATION,3,1.87541496891919,0.15175028014337,1,0.0607356574025969,0.342495681651803
GOBP_POSITIVE_REGULATION_OF_FATTY_ACID_METABOLIC_PROCESS,3,1.87516659478662,0.156829704224428,1,0.0607698082398979,0.342495681651803
GOBP_SPHINGOLIPID_BIOSYNTHETIC_PROCESS,3,-1.87414011322937,-0.0684067444560191,1,0.0609111157486188,0.342495681651803
GOBP_RNA_DECAPPING,2,-1.87395998815769,-0.171251476425107,1,0.0609359401800538,0.342495681651803
GOBP_SYNAPTIC_VESICLE_RECYCLING,3,-1.87342240510147,0.0231148703677049,0.333333333333333,0.0610100785045809,0.342495681651803
KEGG_PPAR_SIGNALING_PATHWAY,3,-1.87337191040267,-0.0374709007008988,0.666666666666667,0.0610170460886682,0.342495681651803
GOBP_RESPONSE_TO_POTASSIUM_ION,3,1.87188001777307,0.0536977496792679,0.666666666666667,0.0612232046717137,0.343277706543582
GOBP_NEGATIVE_REGULATION_OF_LEUKOCYTE_CHEMOTAXIS,3,1.87117796333761,0.113261901306335,1,0.0613204181397508,0.343329865580198
GOBP_REGULATION_OF_RESPONSE_TO_DNA_DAMAGE_STIMULUS,3,-1.87084763710932,-0.0952405781521408,1,0.0613662026095448,0.343329865580198
GOBP_CELLULAR_AMINO_ACID_METABOLIC_PROCESS,3,1.86880862644816,-0.029440098322248,0.333333333333333,0.0616494442701819,0.344539222820081
GOBP_FC_EPSILON_RECEPTOR_SIGNALING_PATHWAY,3,1.86732398890229,-0.00726429144230822,0.333333333333333,0.0618563573820381,0.345128730770561
REACTOME_FORMATION_OF_FIBRIN_CLOT_CLOTTING_CASCADE,3,-1.86692835986024,-0.00952084507493363,0.333333333333333,0.0619115928674148,0.345128730770561
GOBP_REGULATION_OF_ATP_METABOLIC_PROCESS,3,-1.86650142475455,-0.00510562866349853,0.333333333333333,0.0619712449132939,0.345128730770561
GOBP_O_GLYCAN_PROCESSING,3,-1.86612614719803,-0.00639297043787281,0.333333333333333,0.0620237185555349,0.345128730770561
KEGG_PURINE_METABOLISM,3,1.86260133172525,0.0411539505448383,0.666666666666667,0.0625183768541022,0.347173580083886
GOBP_SIGNAL_TRANSDUCTION_BY_P53_CLASS_MEDIATOR,3,-1.86254439098485,-0.0601291160269105,1,0.062526394388161,0.347173580083886
REACTOME_DNA_DAMAGE_BYPASS,3,-1.86086164114779,-0.0828300065758238,1,0.062763717942994,0.348114962586628
GOBP_CELLULAR_RESPONSE_TO_CALCIUM_ION,3,-1.85948708400655,-0.0296719098310083,0.666666666666667,0.0629581283433882,0.348707300812848
GOBP_MATING_BEHAVIOR,3,1.85914700897486,0.0708373410613279,1,0.0630063035736611,0.348707300812848
GOBP_GOLGI_TO_PLASMA_MEMBRANE_TRANSPORT,3,-1.85748216726139,-0.113697405875996,1,0.0632425859754475,0.34945825344485
GOBP_FLUID_TRANSPORT,3,1.85723258038921,0.103695428218006,0.666666666666667,0.0632780715934015,0.34945825344485
GOBP_NEGATIVE_REGULATION_OF_APOPTOTIC_SIGNALING_PATHWAY,3,-1.85560951032004,0.0177169988872042,0.333333333333333,0.0635092371401098,0.350049690471715
GOBP_FIBROBLAST_MIGRATION,3,-1.85552369970391,-0.00883488398767556,0.333333333333333,0.0635214780996181,0.350049690471715
GOBP_NEGATIVE_REGULATION_OF_GLUCOSE_TRANSMEMBRANE_TRANSPORT,3,-1.85467871543243,-0.0263945770428796,0.666666666666667,0.0636421199797004,0.350338615450955
GOBP_POSITIVE_REGULATION_OF_MYELOID_LEUKOCYTE_CYTOKINE_PRODUCTION_INVOLVED_IN_IMMUNE_RESPONSE,3,1.85294110608121,0.100119877172007,0.666666666666667,0.0638908004629585,0.350952120901039
REACTOME_COPII_MEDIATED_VESICLE_TRANSPORT,3,-1.85245694388331,0.0283416275190481,0.333333333333333,0.0639602348199639,0.350952120901039
GOBP_BLASTOCYST_DEVELOPMENT,3,-1.85238693075005,-0.0580066321868898,1,0.0639702806534835,0.350952120901039
GOBP_POSITIVE_REGULATION_OF_TRANSCRIPTION_REGULATORY_REGION_DNA_BINDING,3,-1.85199252789736,-0.0177201894369042,0.333333333333333,0.0640268958886825,0.350952120901039
GOBP_CELLULAR_COPPER_ION_HOMEOSTASIS,2,1.85044132110868,0.087880227412864,1,0.0642499680517309,0.351787820460365
GOBP_MUSCLE_CELL_FATE_COMMITMENT,3,1.849793316377,0.188124742575309,1,0.0643433445455599,0.351787820460365
GOBP_AMYLOID_BETA_FORMATION,3,-1.84937537783329,0.00924824994086583,0.333333333333333,0.0644036282564982,0.351787820460365
GOBP_GLUTAMATE_SECRETION,3,1.84903099660547,0.0928933991307782,1,0.0644533370430692,0.351787820460365
GOBP_CENTRAL_NERVOUS_SYSTEM_NEURON_DEVELOPMENT,3,1.84791060002985,0.0382594949142984,1,0.0646152768355235,0.352297305549096
GOBP_REGULATION_OF_POSITIVE_CHEMOTAXIS,3,-1.84504524452438,0.0357659334097403,0.333333333333333,0.0650309572871777,0.354187695256569
GOBP_RESPONSE_TO_ACETYLCHOLINE,3,1.84343106845702,0.12443811719588,1,0.0652660974207707,0.355091818170634
GOBP_REGULATION_OF_AMYLOID_FIBRIL_FORMATION,3,-1.84164878413742,-0.0835922778977771,1,0.0655265402627389,0.356131545808917
GOBP_HEART_PROCESS,3,1.83867894674263,0.0861110767376651,1,0.0659624217898045,0.358121562698135
GOBP_NEGATIVE_REGULATION_OF_ADAPTIVE_IMMUNE_RESPONSE,3,-1.83713755430224,0.0370549878636457,0.333333333333333,0.0661895914143307,0.358525408036752
GOBP_MYOBLAST_FUSION,3,1.8370764795857,0.110403341128714,1,0.0661986058344242,0.358525408036752
GOBP_RIBOSOMAL_LARGE_SUBUNIT_ASSEMBLY,3,1.83675396189554,-0.0264016072574619,0.333333333333333,0.0662462251220555,0.358525408036752
GOBP_TOLL_LIKE_RECEPTOR_4_SIGNALING_PATHWAY,3,1.83571099656929,0.187633124611088,0.666666666666667,0.066400410727391,0.358981588943031
GOBP_SYNAPTIC_TRANSMISSION_GLUTAMATERGIC,3,1.8350087749955,0.118905650973607,1,0.0665043892877249,0.359165660758943
GOBP_POSITIVE_REGULATION_OF_PROTEIN_TARGETING_TO_MEMBRANE,3,-1.83378330881041,-0.0184539981306893,0.666666666666667,0.066686166346769,0.359206381361375
GOBP_CELLULAR_GLUCAN_METABOLIC_PROCESS,3,-1.83368369399037,-0.0189476773240456,0.666666666666667,0.0667009604744004,0.359206381361375
GOBP_AMYLOID_BETA_METABOLIC_PROCESS,3,-1.83243046992611,0.0103143343480753,0.666666666666667,0.0668873119287121,0.359206381361375
GOBP_PROTEIN_HETEROTETRAMERIZATION,2,-1.83160973890088,-0.100000430443582,1,0.0670095848149459,0.359206381361375
GOBP_REGULATION_OF_RESPONSE_TO_EXTRACELLULAR_STIMULUS,3,1.83156741135971,0.0908636904546781,1,0.0670158957778143,0.359206381361375
KEGG_TYPE_I_DIABETES_MELLITUS,3,1.83150022920345,0.126727688119025,0.666666666666667,0.0670259135252236,0.359206381361375
REACTOME_TRANS_GOLGI_NETWORK_VESICLE_BUDDING,3,-1.83123788236089,-0.0486358048363388,0.666666666666667,0.0670650447133638,0.359206381361375
GOBP_PROTEIN_TRIMERIZATION,2,1.83119501341309,0.23098117299776,1,0.0670714407565339,0.359206381361375
GOBP_NATURAL_KILLER_CELL_DIFFERENTIATION,3,-1.83014261892498,-0.0578950767704785,1,0.0672286154541375,0.359337757275868
GOBP_ENDODERM_DEVELOPMENT,3,-1.83006762846489,0.0317750161254181,0.333333333333333,0.0672398268099063,0.359337757275868
GOBP_RAB_PROTEIN_SIGNAL_TRANSDUCTION,3,-1.82925797939079,-0.116801081557939,1,0.0673609704119165,0.359337757275868
GOBP_POSITIVE_REGULATION_OF_ATP_METABOLIC_PROCESS,3,-1.82915875300941,-0.0784837571458954,0.666666666666667,0.0673758294892253,0.359337757275868
REACTOME_PROCESSING_OF_SMDT1,2,-1.82153758191592,-0.241453914100009,1,0.0685251792639727,0.364498295120979
GOBP_NEURON_PROJECTION_EXTENSION_INVOLVED_IN_NEURON_PROJECTION_GUIDANCE,3,1.82140196478731,0.0748306431365177,1,0.068545776734251,0.364498295120979
REACTOME_G1_S_SPECIFIC_TRANSCRIPTION,3,-1.82133243923425,-0.157145890072025,1,0.0685563382178476,0.364498295120979
GOBP_REGULATION_OF_CALCINEURIN_MEDIATED_SIGNALING,3,-1.82011796667993,-0.109808194821956,1,0.0687410420817985,0.364813143475542
REACTOME_TRANSLESION_SYNTHESIS_BY_Y_FAMILY_DNA_POLYMERASES_BYPASSES_LESIONS_ON_DNA_TEMPLATE,3,-1.82000911123989,-0.0535871894846911,0.666666666666667,0.0687576173840196,0.364813143475542
GOBP_REGULATORY_T_CELL_DIFFERENTIATION,3,1.81827964007005,0.0373167186119639,0.666666666666667,0.0690214030135686,0.364984725095071
REACTOME_CITRIC_ACID_CYCLE_TCA_CYCLE,3,1.81810618629301,0.110392300089924,0.666666666666667,0.0690479046654077,0.364984725095071
REACTOME_ERK_MAPK_TARGETS,3,-1.81776689141018,0.0719146747763791,0.333333333333333,0.0690997690134689,0.364984725095071
REACTOME_AGGREPHAGY,3,-1.81763456779237,0.0338130297820416,0.666666666666667,0.069120004569368,0.364984725095071
GOBP_REGULATION_OF_LEUKOCYTE_ADHESION_TO_VASCULAR_ENDOTHELIAL_CELL,3,-1.81746935846667,-0.0568648422344721,0.666666666666667,0.0691452759963988,0.364984725095071
GOBP_MALE_MEIOSIS_I,3,-1.81347794756591,-0.064928597107895,1,0.0697581368609907,0.367545392091049
GOBP_EPIDERMIS_MORPHOGENESIS,3,1.8133781843502,0.132105966879507,1,0.0697735119331722,0.367545392091049
GOBP_ANTIGEN_PROCESSING_AND_PRESENTATION_OF_EXOGENOUS_ANTIGEN,3,1.81274207848863,0.0935139014394617,0.666666666666667,0.0698716112266368,0.367685036127056
GOBP_POSITIVE_REGULATION_OF_VIRAL_GENOME_REPLICATION,3,1.81181178239904,-0.0104827685986832,0.333333333333333,0.070015283927913,0.368063969553492
REACTOME_BUTYRATE_RESPONSE_FACTOR_1_BRF1_BINDS_AND_DESTABILIZES_MRNA,2,-1.80944219244779,-0.214449472182994,1,0.0703823332895609,0.369415859981807
GOBP_MITOCHONDRIAL_CALCIUM_ION_TRANSMEMBRANE_TRANSPORT,2,-1.80898504192001,-0.157307192192706,1,0.0704533272230765,0.369415859981807
GOBP_RESPONSE_TO_ISOQUINOLINE_ALKALOID,3,1.80821997508086,0.0918580901191569,1,0.0705722709368034,0.369415859981807
GOBP_TRIGLYCERIDE_BIOSYNTHETIC_PROCESS,3,1.80801140793405,0.0825516163460708,1,0.07060472509287,0.369415859981807
GOBP_PROTEIN_PALMITOYLATION,3,1.80783565771941,0.0561467730948776,1,0.0706320822628766,0.369415859981807
GOBP_NEGATIVE_REGULATION_OF_ANOIKIS,3,-1.80583167977688,-0.0518839734069674,0.666666666666667,0.0709446354109213,0.370438943447007
GOBP_POSITIVE_REGULATION_OF_INTRACELLULAR_TRANSPORT,3,-1.8056569111981,-0.00171607030582835,0.666666666666667,0.070971947109006,0.370438943447007
GOBP_SNRNA_TRANSCRIPTION_BY_RNA_POLYMERASE_II,3,-1.80415499705846,-0.0981842995545246,0.666666666666667,0.0712070120391817,0.370991762935628
GOBP_REGULATION_OF_VASCULOGENESIS,3,-1.80405727696183,0.018680091424351,0.333333333333333,0.071222328320586,0.370991762935628
GOBP_POSITIVE_REGULATION_OF_CARTILAGE_DEVELOPMENT,3,1.80316752438519,0.083338472163504,1,0.0713619090718707,0.371342213772166
GOBP_CELLULAR_RESPONSE_TO_VIRUS,3,1.80239665182836,0.0739180184125713,1,0.0714830216049004,0.371595950367175
REACTOME_INACTIVATION_OF_CSF3_G_CSF_SIGNALING,3,-1.79978841396634,0.0314346878960996,0.333333333333333,0.0718940540901992,0.373354764213613
GOBP_REGULATION_OF_DEFENSE_RESPONSE_TO_BACTERIUM,3,1.79766610819725,0.126640663951403,1,0.0722299353118803,0.374462181785315
KEGG_GRAFT_VERSUS_HOST_DISEASE,3,1.79733296926383,0.153653492916545,0.666666666666667,0.0722827751799177,0.374462181785315
GOBP_REGULATION_OF_PROTEIN_DEPHOSPHORYLATION,3,-1.7970604165289,0.0194537800471474,0.666666666666667,0.0723260288806528,0.374462181785315
KEGG_ASTHMA,3,1.79635525206472,0.134067691191703,0.666666666666667,0.072438035753121,0.374643150747857
GOBP_REGULATION_OF_PROTEASOMAL_UBIQUITIN_DEPENDENT_PROTEIN_CATABOLIC_PROCESS,3,-1.79592232412892,-0.00891434293706218,0.333333333333333,0.0725068714648306,0.374643150747857
GOBP_LUNG_ALVEOLUS_DEVELOPMENT,3,1.79434945719544,0.0453399029629461,0.666666666666667,0.0727574087491019,0.375559850588329
GOBP_STRIATED_MUSCLE_CELL_PROLIFERATION,3,1.79384188219217,0.00561073077448256,0.666666666666667,0.0728384099130956,0.375600475214517
REACTOME_TRANSLESION_SYNTHESIS_BY_POLH,3,-1.79317757456822,-0.0981501578870163,1,0.0729445346798181,0.375770441439866
GOBP_NUCLEOSIDE_MONOPHOSPHATE_CATABOLIC_PROCESS,2,1.79160665775361,0.149135889795096,1,0.0731959959071776,0.376314692197777
HALLMARK_E2F_TARGETS,3,-1.79132745703993,-0.15124025924227,1,0.0732407625137608,0.376314692197777
GOBP_NEGATIVE_REGULATION_OF_INTRINSIC_APOPTOTIC_SIGNALING_PATHWAY_IN_RESPONSE_TO_DNA_DAMAGE,3,-1.79114521755823,-0.0481800610565305,0.666666666666667,0.0732699945867945,0.376314692197777
GOBP_REGULATION_OF_PROTEIN_DEPOLYMERIZATION,3,-1.7895671994308,0.0085731023875057,0.666666666666667,0.0735235154672918,0.376639840314837
GOBP_ENDOPLASMIC_RETICULUM_UNFOLDED_PROTEIN_RESPONSE,3,-1.78940746466339,-0.0423202797517639,1,0.0735492180358279,0.376639840314837
REACTOME_WNT_LIGAND_BIOGENESIS_AND_TRAFFICKING,3,1.78893583089568,0.0339124612728513,0.666666666666667,0.0736251504641438,0.376639840314837
GOBP_INTEGRIN_ACTIVATION,3,-1.78853598318938,-0.0957942941049452,1,0.0736895756299262,0.376639840314837
GOBP_CHEMOKINE_PRODUCTION,3,-1.78847150619151,0.0452411825511744,0.333333333333333,0.0736999687531953,0.376639840314837
GOBP_SPINDLE_ASSEMBLY,3,-1.7865998270126,-0.0529250244930283,1,0.0740021896969349,0.37753878972485
GOBP_PROTEIN_PROCESSING,3,-1.78634920028687,-0.0234223539362348,1,0.0740427353162422,0.37753878972485
GOBP_NEGATIVE_REGULATION_OF_SECRETION,3,-1.78517656298396,0.00244440721267561,0.333333333333333,0.0742326822684401,0.37753878972485
GOBP_NEGATIVE_REGULATION_OF_UBIQUITIN_PROTEIN_TRANSFERASE_ACTIVITY,3,-1.78509609958317,-0.0670878999805358,0.666666666666667,0.0742457305340285,0.37753878972485
GOBP_POSITIVE_REGULATION_OF_DEFENSE_RESPONSE_TO_VIRUS_BY_HOST,3,1.78483481605972,0.132733998935914,1,0.0742881142370312,0.37753878972485
GOBP_EPITHELIAL_CELL_MATURATION,2,-1.78465728787026,-0.204299028679083,1,0.0743169229773799,0.37753878972485
GOBP_SYNCYTIUM_FORMATION,3,1.78404071787931,0.110307988196022,1,0.0744170490227104,0.377673877253597
GOBP_REGULATION_OF_T_HELPER_CELL_DIFFERENTIATION,3,1.78273553184721,0.17109174454707,1,0.0746293644562922,0.378377508240392
GOBP_GLYCEROL_ETHER_METABOLIC_PROCESS,3,1.7794923870589,0.0475495992815352,1,0.0751590719114925,0.380687370155252
GOBP_REGULATION_OF_MYOBLAST_FUSION,3,1.77892155474996,0.147192935697082,1,0.0752526237252853,0.380785690101542
GOBP_NEGATIVE_REGULATION_OF_GTPASE_ACTIVITY,3,-1.77735565794426,-0.0182648323223189,0.666666666666667,0.0755097415377627,0.381404890050485
GOBP_REGULATION_OF_SPINDLE_ORGANIZATION,3,-1.77727189764018,0.0103310801781501,0.666666666666667,0.07552351502752,0.381404890050485
REACTOME_HATS_ACETYLATE_HISTONES,3,1.77626053064201,-0.028998864158244,0.666666666666667,0.0756899854761039,0.381870103541522
GOBP_INDOLE_CONTAINING_COMPOUND_METABOLIC_PROCESS,3,1.77563406004742,0.021962044489616,0.666666666666667,0.0757932522958712,0.382015842778797
GOBP_REGULATION_OF_TRANSLATION_IN_RESPONSE_TO_STRESS,3,-1.77477449757974,-0.078224268821613,0.666666666666667,0.0759351288154822,0.382355707447369
GOBP_NUCLEOTIDE_EXCISION_REPAIR,3,-1.77430178062142,-0.0707960854742947,1,0.0760132462040052,0.382374174832293
GOBP_NEGATIVE_REGULATION_OF_EPITHELIAL_CELL_MIGRATION,3,1.7734939347298,0.114537893156804,1,0.0761468960396889,0.382671681076167
REACTOME_SIGNALLING_TO_ERKS,3,-1.77227535109172,-0.0188901836877337,0.333333333333333,0.0763488608169763,0.383033004068533
GOBP_REGULATION_OF_ENDOCYTIC_RECYCLING,2,1.77070080216511,0.102863559755299,1,0.0766104690209492,0.383033004068533
GOBP_REGULATION_OF_LIPID_STORAGE,3,1.77045043500935,0.156034748730829,0.666666666666667,0.0766521342983585,0.383033004068533
REACTOME_ANTIGEN_ACTIVATES_B_CELL_RECEPTOR_BCR_LEADING_TO_GENERATION_OF_SECOND_MESSENGERS,3,-1.77003899804914,-0.0916588789786082,1,0.076720644406431,0.383033004068533
GOBP_POSITIVE_REGULATION_OF_TELOMERASE_RNA_LOCALIZATION_TO_CAJAL_BODY,2,-1.76974940924017,-0.141528170324633,0.5,0.0767688949901465,0.383033004068533
GOBP_REGULATION_OF_NATURAL_KILLER_CELL_ACTIVATION,3,-1.76923414487188,-0.0369195667579584,0.666666666666667,0.0768548082517982,0.383033004068533
REACTOME_SYNTHESIS_SECRETION_AND_INACTIVATION_OF_GLUCAGON_LIKE_PEPTIDE_1_GLP_1,3,-1.76901062292957,-0.0693454823262882,1,0.0768921018332312,0.383033004068533
REACTOME_DEADENYLATION_DEPENDENT_MRNA_DECAY,3,1.76855532800919,-0.0569019765065217,0.333333333333333,0.0769681112657156,0.383033004068533
REACTOME_REGULATION_OF_PYRUVATE_DEHYDROGENASE_PDH_COMPLEX,3,1.76809763161663,0.0197056393943386,0.333333333333333,0.0770445833270078,0.383033004068533
GOBP_POSITIVE_REGULATION_OF_TOR_SIGNALING,3,-1.76744193180384,-0.0263050163904237,0.666666666666667,0.0771542457501535,0.383033004068533
REACTOME_ACYL_CHAIN_REMODELLING_OF_PS,3,1.76731967230283,0.105494900557365,1,0.0771747070858582,0.383033004068533
REACTOME_GLUCAGON_LIKE_PEPTIDE_1_GLP1_REGULATES_INSULIN_SECRETION,3,-1.76699692887808,-0.0133353372874363,0.666666666666667,0.0772287426315644,0.383033004068533
GOBP_POSITIVE_REGULATION_OF_T_CELL_MEDIATED_IMMUNITY,3,1.76672035081911,0.0798067532612854,0.666666666666667,0.077275073434013,0.383033004068533
GOBP_REGULATION_OF_PROTEIN_MODIFICATION_BY_SMALL_PROTEIN_CONJUGATION_OR_REMOVAL,3,-1.76647977460776,-0.043698045298141,0.666666666666667,0.0773153918238409,0.383033004068533
GOBP_POSITIVE_REGULATION_OF_T_CELL_MEDIATED_CYTOTOXICITY,3,1.76598990799292,0.107705862845424,0.666666666666667,0.0773975420050807,0.383033004068533
GOBP_NEGATIVE_REGULATION_OF_AXON_EXTENSION_INVOLVED_IN_AXON_GUIDANCE,3,1.76553919515814,0.0772792397291801,1,0.0774731889342046,0.383033004068533
REACTOME_ELASTIC_FIBRE_FORMATION,3,1.76497010462761,0.106022574610567,1,0.0775687902145324,0.383033004068533
KEGG_MELANOMA,3,-1.76433392326659,0.0704211818935463,0.333333333333333,0.0776757757881503,0.383033004068533
GOBP_HEART_FIELD_SPECIFICATION,2,1.76398188589406,0.155915216644613,1,0.0777350289678289,0.383033004068533
GOBP_REGULATION_OF_BONE_REMODELING,3,-1.76330290022301,0.0857606316366527,0.666666666666667,0.0778494164288986,0.383033004068533
GOBP_REGULATION_OF_T_HELPER_17_TYPE_IMMUNE_RESPONSE,3,1.76324660346787,0.167545724176846,0.666666666666667,0.0778589067896022,0.383033004068533
GOBP_REGULATION_OF_MYELOID_CELL_APOPTOTIC_PROCESS,3,-1.76324301053271,-0.0261566143727517,0.666666666666667,0.0778595125092579,0.383033004068533
REACTOME_TNFR1_INDUCED_NFKAPPAB_SIGNALING_PATHWAY,3,1.76247439993435,0.0575073282947321,1,0.0779891779705734,0.383303749336713
GOBP_RESPONSE_TO_INTERLEUKIN_6,3,-1.76083099000376,-0.0598540558770448,1,0.0782670129569866,0.383868001054855
GOBP_OLEFINIC_COMPOUND_BIOSYNTHETIC_PROCESS,3,1.76032355212563,0.144569767639668,1,0.0783529630489657,0.383868001054855
GOBP_REGULATION_OF_MYELINATION,3,1.76029547330501,0.0501680914239246,1,0.0783577212964971,0.383868001054855
GOBP_POSITIVE_REGULATION_OF_PROTEIN_LOCALIZATION_TO_MEMBRANE,3,-1.76001858529258,0.0112155273244627,0.666666666666667,0.0784046554395452,0.383868001054855
GOBP_REGULATION_OF_HISTONE_H3_K4_METHYLATION,3,-1.75958800292427,-0.0378552658532685,0.666666666666667,0.0784776871315416,0.383868001054855
GOBP_NEURAL_TUBE_FORMATION,3,-1.75820659086008,-0.0265638498811324,0.666666666666667,0.0787123642142974,0.38440536180344
REACTOME_REGULATION_OF_PTEN_GENE_TRANSCRIPTION,3,-1.75806038511319,-0.0291847898244612,0.666666666666667,0.0787372353226672,0.38440536180344
GOBP_POSITIVE_REGULATION_OF_INTERLEUKIN_8_PRODUCTION,3,-1.75742955898382,0.0138933264331373,0.333333333333333,0.0788446186859108,0.384529207190674
GOBP_REGULATION_OF_SYSTEMIC_ARTERIAL_BLOOD_PRESSURE_BY_CIRCULATORY_RENIN_ANGIOTENSIN,3,-1.75703208080848,-0.0768329555139753,0.666666666666667,0.0789123411952825,0.384529207190674
GOBP_MOLTING_CYCLE,3,1.75547034915033,0.0671871225254036,1,0.0791788880960546,0.384905420025904
GOBP_VENTRICULAR_SEPTUM_MORPHOGENESIS,3,1.75529111220373,0.0523248027514324,1,0.079209525957609,0.384905420025904
GOBP_NEGATIVE_REGULATION_OF_CYTOKINE_PRODUCTION_INVOLVED_IN_INFLAMMATORY_RESPONSE,3,1.75522443566119,0.147877826773811,1,0.0792209257703182,0.384905420025904
GOBP_INOSITOL_PHOSPHATE_MEDIATED_SIGNALING,3,-1.75482458228292,-0.0788829187706642,0.666666666666667,0.0792893174430308,0.384905420025904
GOBP_NEGATIVE_REGULATION_OF_RECEPTOR_SIGNALING_PATHWAY_VIA_JAK_STAT,3,-1.75371867923427,-0.00987056217496459,0.666666666666667,0.0794787232414155,0.385460550111341
GOBP_RESPONSE_TO_IRON_ION,3,-1.7521055687292,-0.0391390053934621,0.666666666666667,0.0797556569060602,0.38643873006559
GOBP_POSITIVE_REGULATION_OF_HEART_RATE,3,1.75112435693978,0.133338769719783,0.666666666666667,0.0799244915113737,0.386891789257696
GOBP_NEGATIVE_REGULATION_OF_NATURAL_KILLER_CELL_MEDIATED_IMMUNITY,3,1.75027649494995,0.130539184752226,1,0.0800706147832234,0.3872341596296
GOBP_POSITIVE_REGULATION_OF_INFLAMMATORY_RESPONSE,3,-1.74910056301418,-0.0178724174781796,0.666666666666667,0.0802736379391097,0.387850803814927
GOBP_RECEPTOR_CATABOLIC_PROCESS,3,1.7478481806855,0.0870124957840747,1,0.0804903198320091,0.388286364187134
GOBP_POSITIVE_REGULATION_OF_CHROMATIN_ORGANIZATION,2,-1.74770577738347,-0.234507616521198,1,0.0805149879009537,0.388286364187134
GOBP_PROTEIN_LOCALIZATION_TO_POSTSYNAPSE,3,1.74568354861086,0.0379745371624982,0.666666666666667,0.0808659553245441,0.389291120488485
REACTOME_PLATELET_SENSITIZATION_BY_LDL,3,-1.74521462437871,-0.00382236383720275,0.666666666666667,0.0809475165208009,0.389291120488485
REACTOME_MOLECULES_ASSOCIATED_WITH_ELASTIC_FIBRES,3,1.74503004889021,0.0868774798680671,1,0.0809796385221908,0.389291120488485
REACTOME_CHROMOSOME_MAINTENANCE,3,1.74476076975912,-0.0283941224150817,0.666666666666667,0.0810265202107069,0.389291120488485
GOBP_IRON_ION_TRANSMEMBRANE_TRANSPORT,3,-1.74413560586014,-0.0303520376670653,0.666666666666667,0.0811354466509631,0.389450143924623
GOBP_IRON_SULFUR_CLUSTER_ASSEMBLY,3,1.74291726727756,0.0496798236613759,0.666666666666667,0.0813480673766803,0.389791399878914
GOBP_REGULATION_OF_HUMORAL_IMMUNE_RESPONSE_MEDIATED_BY_CIRCULATING_IMMUNOGLOBULIN,3,-1.7428585292685,-0.0251067434981242,0.666666666666667,0.0813583295697422,0.389791399878914
GOBP_REGULATION_OF_INTRACELLULAR_STEROID_HORMONE_RECEPTOR_SIGNALING_PATHWAY,3,-1.7405787562777,-0.0509597219994058,1,0.0817574440621054,0.390679842545231
GOBP_REGULATION_OF_PROTEIN_TARGETING_TO_MEMBRANE,3,-1.74040335918613,-0.0248284653368557,0.666666666666667,0.08178821610523,0.390679842545231
GOBP_NEUTROPHIL_EXTRAVASATION,2,-1.74026976136619,-0.0873306869189232,0.5,0.0818116610974452,0.390679842545231
GOBP_DOPAMINE_RECEPTOR_SIGNALING_PATHWAY,3,1.74006254839414,0.118985715632246,1,0.0818480355488062,0.390679842545231
GOBP_MUSCLE_HYPERTROPHY,3,-1.73866945323419,0.000370596592615089,0.666666666666667,0.0820929221015177,0.391027254498433
REACTOME_RESOLUTION_OF_ABASIC_SITES_AP_SITES,3,-1.73857908953809,-0.143215309614275,1,0.0821088272691452,0.391027254498433
REACTOME_SUMOYLATION_OF_TRANSCRIPTION_COFACTORS,3,-1.73781462244101,-0.0978989912297209,1,0.082243483289237,0.391027254498433
GOBP_TRANSFORMING_GROWTH_FACTOR_BETA_RECEPTOR_SIGNALING_PATHWAY,3,-1.73760838921535,-0.0021900124622909,0.333333333333333,0.0822798406145,0.391027254498433
GOBP_T_HELPER_1_CELL_DIFFERENTIATION,3,1.7374856099196,0.189467873744861,1,0.0823014918443938,0.391027254498433
GOBP_AMINE_METABOLIC_PROCESS,3,1.73674909054401,0.0445008077694429,1,0.0824314686338587,0.391282830779574
REACTOME_NR1H3_NR1H2_REGULATE_GENE_EXPRESSION_LINKED_TO_CHOLESTEROL_TRANSPORT_AND_EFFLUX,3,1.73613475774237,0.164621288668318,1,0.0825400098751257,0.391436279518601
GOBP_GENITALIA_DEVELOPMENT,3,1.73534844220714,0.0673360207696857,1,0.0826791063010697,0.391481295511056
GOBP_WATER_TRANSPORT,3,1.73457432948408,0.1038985063482,0.666666666666667,0.0828162296245597,0.391481295511056
GOBP_STRIATED_MUSCLE_ADAPTATION,3,1.73455877425675,0.106493297102327,1,0.0828189869049566,0.391481295511056
REACTOME_FCGAMMA_RECEPTOR_FCGR_DEPENDENT_PHAGOCYTOSIS,3,-1.73435906133517,-0.014358815372203,0.666666666666667,0.0828543941239327,0.391481295511056
GOBP_GRANULOCYTE_ACTIVATION,3,-1.73365469363446,-0.0114128219296841,0.333333333333333,0.0829793698197839,0.391711436943392
REACTOME_ORGANELLE_BIOGENESIS_AND_MAINTENANCE,3,-1.73209989713935,-0.0500725014894486,1,0.0832557775152822,0.39243221478098
KEGG_STEROID_BIOSYNTHESIS,3,-1.73193647109522,-0.106509339267655,1,0.0832848742428482,0.39243221478098
GOBP_REGULATION_OF_KERATINOCYTE_DIFFERENTIATION,3,-1.73083311271107,-0.0479855685771801,0.666666666666667,0.0834815341709948,0.392998313017626
GOBP_PHYSIOLOGICAL_CARDIAC_MUSCLE_HYPERTROPHY,3,-1.72931459782189,0.0187069348576144,0.666666666666667,0.0837528053974877,0.393456755520304
GOBP_NEGATIVE_REGULATION_OF_ENDOTHELIAL_CELL_PROLIFERATION,3,1.7289346130347,0.0908226865985562,1,0.0838207983409377,0.393456755520304
REACTOME_AMYLOID_FIBER_FORMATION,3,1.72887935197331,0.0552405223237889,1,0.0838306902533669,0.393456755520304
GOBP_HEMOSTASIS,3,-1.72820597626711,0.0100110598684745,0.333333333333333,0.0839513026709257,0.393456755520304
GOBP_NEUTRAL_LIPID_CATABOLIC_PROCESS,3,1.72771593334949,0.122883669668501,1,0.0840391655239845,0.393456755520304
GOBP_REGULATION_OF_TRANSCRIPTION_BY_RNA_POLYMERASE_I,3,-1.72749338594821,-0.0126770072968333,0.666666666666667,0.084079092007054,0.393456755520304
GOBP_NEGATIVE_REGULATION_OF_METAPHASE_ANAPHASE_TRANSITION_OF_CELL_CYCLE,3,-1.72729235850123,-0.0952635966785786,1,0.0841151708647379,0.393456755520304
KEGG_STARCH_AND_SUCROSE_METABOLISM,3,-1.72528442753493,-0.0292804738047702,0.666666666666667,0.0844762269376677,0.393921399641148
REACTOME_BLOOD_GROUP_SYSTEMS_BIOSYNTHESIS,3,1.72498712140747,0.0209048232401155,0.666666666666667,0.084529793459196,0.393921399641148
GOBP_REGULATION_OF_MACROPHAGE_DIFFERENTIATION,3,-1.72364878327617,-0.00549438318482702,0.333333333333333,0.0847712661818343,0.393921399641148
REACTOME_SIGNALING_BY_TGFB_FAMILY_MEMBERS,3,-1.72353569418203,-0.0146575174632278,0.666666666666667,0.0847916960814958,0.393921399641148
GOBP_NEGATIVE_REGULATION_OF_ERK1_AND_ERK2_CASCADE,3,-1.72281559376862,0.0350172110081183,0.333333333333333,0.0849218779166724,0.393921399641148
GOBP_DEVELOPMENT_OF_PRIMARY_FEMALE_SEXUAL_CHARACTERISTICS,3,-1.72276067650142,-0.0193930899999619,1,0.0849318126495467,0.393921399641148
GOBP_NEGATIVE_REGULATION_OF_NF_KAPPAB_TRANSCRIPTION_FACTOR_ACTIVITY,3,-1.72265676971433,-0.021802555348209,0.666666666666667,0.0849506123360658,0.393921399641148
GOBP_ARACHIDONIC_ACID_METABOLIC_PROCESS,3,1.7223446078143,0.143822964986091,1,0.0850071115263912,0.393921399641148
GOBP_POTASSIUM_ION_IMPORT_ACROSS_PLASMA_MEMBRANE,3,1.72211261672706,0.0739879202162028,1,0.0850491200234677,0.393921399641148
GOBP_POSITIVE_REGULATION_OF_LYMPHOCYTE_MIGRATION,3,-1.72183002186797,0.0276095296157209,0.333333333333333,0.0851003144321285,0.393921399641148
GOBP_NEGATIVE_REGULATION_OF_TYPE_I_INTERFERON_MEDIATED_SIGNALING_PATHWAY,3,1.72170037707197,0.142784009855728,1,0.0851238090018812,0.393921399641148
GOBP_NEGATIVE_REGULATION_OF_ORGANIC_ACID_TRANSPORT,3,-1.72095025937981,-0.000822587551258626,0.333333333333333,0.0852598502840293,0.393921399641148
GOBP_CHEMOSENSORY_BEHAVIOR,2,1.72059044900043,0.175648888356486,1,0.0853251678184194,0.393921399641148
GOBP_POSITIVE_REGULATION_OF_LEUKOCYTE_ADHESION_TO_VASCULAR_ENDOTHELIAL_CELL,3,-1.72057743801917,-0.0133084338550074,0.666666666666667,0.0853275305013474,0.393921399641148
GOBP_NEGATIVE_REGULATION_OF_RECEPTOR_SIGNALING_PATHWAY_VIA_STAT,3,-1.7201383016452,0.011980047828442,0.666666666666667,0.0854073049351442,0.393921399641148
GOBP_ORGANIC_ACID_TRANSMEMBRANE_TRANSPORT,3,1.71936842857822,0.0577016571013739,1,0.085547307190263,0.393921399641148
GOBP_POSITIVE_REGULATION_OF_CELLULAR_CARBOHYDRATE_METABOLIC_PROCESS,3,-1.7191236877854,-0.0553778963770232,0.666666666666667,0.0855918524083459,0.393921399641148
GOBP_RNA_5_END_PROCESSING,3,1.71910601099571,0.0163490380290973,0.666666666666667,0.0855950704827729,0.393921399641148
KEGG_UBIQUITIN_MEDIATED_PROTEOLYSIS,3,-1.71790032010016,-0.0688359150915167,0.666666666666667,0.0858147984436173,0.39446105067802
GOBP_REGULATION_OF_VASCULAR_ASSOCIATED_SMOOTH_MUSCLE_CELL_DIFFERENTIATION,2,-1.71705642002876,-0.0962262607054481,1,0.0859688637867015,0.39446105067802
GOBP_NEGATIVE_REGULATION_OF_RHO_PROTEIN_SIGNAL_TRANSDUCTION,3,-1.71590858087241,-0.0412063667886324,0.666666666666667,0.0861787759401704,0.39446105067802
GOBP_VESICLE_DOCKING,3,1.71508019547839,0.108200307147021,1,0.0863305247675798,0.39446105067802
GOBP_DNA_STRAND_ELONGATION,3,-1.71483942085067,-0.170286598449324,1,0.086374671831458,0.39446105067802
GOBP_RESPONSE_TO_INTERFERON_BETA,3,1.71466039752754,0.172991300413029,1,0.08640750834515,0.39446105067802
GOBP_PROTEIN_LOCALIZATION_TO_CHROMATIN,3,-1.71436589974419,-0.0608674968965154,1,0.0864615471535326,0.39446105067802
GOBP_NUCLEAR_TRANSCRIBED_MRNA_CATABOLIC_PROCESS_EXONUCLEOLYTIC,2,-1.71406952430944,-0.223498493043756,1,0.086515958052563,0.39446105067802
REACTOME_DOWNSTREAM_SIGNAL_TRANSDUCTION,3,-1.71359487460488,0.0133365767237182,0.333333333333333,0.0866031555236751,0.39446105067802
GOBP_ZYMOGEN_ACTIVATION,3,-1.71279724804278,-0.0425707331693077,1,0.0867498465989909,0.39446105067802
GOBP_NEPHRON_TUBULE_FORMATION,2,1.71258320169658,0.163642235454083,1,0.0867892458698666,0.39446105067802
GOBP_REGULATION_OF_BEHAVIOR,3,1.71249361180775,0.0623654415798375,1,0.0868057408684121,0.39446105067802
GOBP_SUPPRESSION_OF_VIRAL_RELEASE_BY_HOST,2,1.71227006795891,0.162193827157816,1,0.0868469100705161,0.39446105067802
GOBP_NUCLEOBASE_BIOSYNTHETIC_PROCESS,3,1.71224623640175,0.00827465341424316,0.333333333333333,0.0868512999654377,0.39446105067802
GOBP_REGULATION_OF_BROWN_FAT_CELL_DIFFERENTIATION,3,-1.71217524196365,-0.0500654698146838,1,0.0868643785663631,0.39446105067802
GOBP_NEGATIVE_REGULATION_OF_REPRODUCTIVE_PROCESS,3,1.71044466329579,0.104421690347596,0.666666666666667,0.0871836779382907,0.395561280822492
REACTOME_ADRENALINE_NORADRENALINE_INHIBITS_INSULIN_SECRETION,3,-1.70834237647991,0.0226054196450196,0.666666666666667,0.0875728326144012,0.396976229750719
GOBP_REGULATION_OF_DNA_DAMAGE_CHECKPOINT,3,-1.70743063823751,-0.159377603067565,1,0.0877420397276384,0.397392518554807
GOBP_PROTEIN_COMPLEX_OLIGOMERIZATION,3,-1.70567315792675,-0.0157170214053465,0.666666666666667,0.0880689499630232,0.398450752703481
REACTOME_TNFR2_NON_CANONICAL_NF_KB_PATHWAY,3,1.70533092834881,0.0750097597354528,1,0.0881327224487723,0.398450752703481
GOBP_POSITIVE_REGULATION_OF_NEURON_DEATH,3,-1.70488258258604,-0.0548750296928111,1,0.0882163254037583,0.398450752703481
GOBP_ENDOTHELIAL_CELL_DEVELOPMENT,3,-1.70450913025564,-0.0369952343082792,0.666666666666667,0.0882860117945018,0.398450752703481
GOBP_NEUROEPITHELIAL_CELL_DIFFERENTIATION,3,-1.70400122818031,0.095930060096585,0.666666666666667,0.0883808577897742,0.398528608962494
GOBP_CELLULAR_RESPONSE_TO_GAMMA_RADIATION,3,1.70319113099825,0.144778298005718,1,0.088532305882828,0.398861335977372
GOBP_TRACHEA_DEVELOPMENT,3,-1.70150180588791,-0.0328126341734245,0.666666666666667,0.0888487990045063,0.399936399375236
KEGG_ONE_CARBON_POOL_BY_FOLATE,3,1.70093502502385,-0.0599905402160178,0.333333333333333,0.088955188768589,0.400064666826158
GOBP_NEGATIVE_REGULATION_OF_NUCLEOTIDE_METABOLIC_PROCESS,3,-1.70026016871412,-0.0215533871191636,0.333333333333333,0.0890819990831427,0.40027920539126
GOBP_REGULATION_OF_RECEPTOR_RECYCLING,3,-1.69969141901853,-0.1392831478201,0.666666666666667,0.0891889842564898,0.40027920539126
GOBP_N_TERMINAL_PROTEIN_AMINO_ACID_ACETYLATION,2,-1.69943793301796,-0.202527855039182,1,0.0892366998000375,0.40027920539126
GOBP_LUNG_CELL_DIFFERENTIATION,3,-1.69759416873543,-0.00335042359096199,0.333333333333333,0.0895843841727711,0.401488130114618
REACTOME_BETA_CATENIN_PHOSPHORYLATION_CASCADE,3,-1.69642628724416,-0.0048725254366354,0.333333333333333,0.0898051789350429,0.402126764612363
GOBP_POSITIVE_REGULATION_OF_PROTEIN_CONTAINING_COMPLEX_ASSEMBLY,3,-1.69551787857514,0.0330002101378983,0.333333333333333,0.0899772215852206,0.402251921089464
REACTOME_RHOB_GTPASE_CYCLE,3,-1.69545167738281,-0.0207993996286413,0.666666666666667,0.0899897697297107,0.402251921089464
GOBP_REGULATION_OF_GLUCOSE_METABOLIC_PROCESS,3,-1.6945453822246,-0.0340444832258873,1,0.0901616956586101,0.402669972958801
GOBP_POSITIVE_REGULATION_OF_CHEMOKINE_PRODUCTION,3,-1.69348289575763,0.0289858479111194,0.333333333333333,0.0903635878698964,0.403221014161415
GOBP_RESPONSE_TO_EPIDERMAL_GROWTH_FACTOR,3,-1.69256842745966,-0.0073023829943559,0.666666666666667,0.0905376449980793,0.403647000616437
GOBP_RESPONSE_TO_ACIDIC_PH,3,1.69089015681074,0.0521317144195991,1,0.090857783600158,0.404658890111907
GOBP_PHOSPHATIDYLCHOLINE_BIOSYNTHETIC_PROCESS,3,-1.69038068491565,0.0353995095446978,0.333333333333333,0.0909551478690034,0.404658890111907
GOBP_REGULATION_OF_CELL_MATURATION,3,1.69014102927842,0.107350502663263,1,0.0910009770403529,0.404658890111907
REACTOME_DISEASES_OF_DNA_REPAIR,3,-1.68921736015975,-0.183934380288903,1,0.0911777833316091,0.40509437300272
KEGG_INTESTINAL_IMMUNE_NETWORK_FOR_IGA_PRODUCTION,3,1.68793317933904,0.0999988358738973,1,0.0914240566215916,0.405718530393698
REACTOME_TRISTETRAPROLIN_TTP_ZFP36_BINDS_AND_DESTABILIZES_MRNA,2,-1.6876613378179,-0.202973131468184,1,0.0914762574368969,0.405718530393698
GOBP_NEGATIVE_REGULATION_OF_PROTEIN_LOCALIZATION_TO_MEMBRANE,3,-1.68705863473436,-0.0568743699140654,0.666666666666667,0.0915920779266491,0.405860716479427
GOBP_NEGATIVE_REGULATION_OF_LIPID_BIOSYNTHETIC_PROCESS,3,-1.68667240407034,-0.0235522168064007,0.666666666666667,0.0916663611986245,0.405860716479427
GOBP_CELLULAR_CARBOHYDRATE_BIOSYNTHETIC_PROCESS,3,-1.68610419104182,0.0281332695778491,0.333333333333333,0.0917757329153495,0.405994973516998
GOBP_INTERLEUKIN_4_PRODUCTION,3,1.68522520155798,0.102997231083537,1,0.0919451305647852,0.406394312031615
GOBP_REGULATION_OF_CELL_MATRIX_ADHESION,3,-1.6844748781095,-0.0106473121104476,0.666666666666667,0.0920899305300871,0.406684336373626
GOBP_NEGATIVE_REGULATION_OF_NIK_NF_KAPPAB_SIGNALING,3,1.68291213296302,0.124926783485657,1,0.0923921024681862,0.4076682459421
GOBP_COLLAGEN_METABOLIC_PROCESS,3,1.68080186569532,0.131836887817465,0.666666666666667,0.0928014061542246,0.408782793553478
GOBP_BRANCHING_INVOLVED_IN_SALIVARY_GLAND_MORPHOGENESIS,3,-1.68078912428198,-0.0624570978896225,0.666666666666667,0.0928038818698122,0.408782793553478
REACTOME_SIGNALING_BY_PTK6,3,-1.67717224349005,0.0242300443312305,0.333333333333333,0.0935088050581004,0.411155685387459
GOBP_ACTIVATION_OF_NF_KAPPAB_INDUCING_KINASE_ACTIVITY,3,1.67609139058329,0.00771161409629494,0.333333333333333,0.093720292865266,0.411155685387459
GOBP_POSITIVE_REGULATION_OF_PROTEIN_SERINE_THREONINE_KINASE_ACTIVITY,3,-1.67603032267079,0.00300381977593434,0.666666666666667,0.0937322533133691,0.411155685387459
GOBP_POSITIVE_REGULATION_OF_INTRACELLULAR_PROTEIN_TRANSPORT,3,-1.67577015546385,0.013078384460092,0.666666666666667,0.0937832220468,0.411155685387459
GOBP_LYTIC_VACUOLE_ORGANIZATION,3,1.67556629297404,0.0564176404329198,0.666666666666667,0.0938231757893499,0.411155685387459
REACTOME_GLUCAGON_SIGNALING_IN_METABOLIC_REGULATION,3,-1.67541972206757,-0.00247958671434646,0.666666666666667,0.093851909745209,0.411155685387459
REACTOME_PLATELET_AGGREGATION_PLUG_FORMATION,3,-1.67515938896475,-0.00218341410879545,0.333333333333333,0.093902963193047,0.411155685387459
GOBP_APOPTOTIC_CELL_CLEARANCE,3,1.67329443645554,0.127304188710225,1,0.0942693471691678,0.412358060843352
GOBP_ANTIGEN_PROCESSING_AND_PRESENTATION,3,1.67231321183164,0.0783687646587754,1,0.094462575743329,0.412358060843352
GOBP_NERVE_DEVELOPMENT,3,-1.6722255515349,-0.030726104685742,0.666666666666667,0.0944798537652662,0.412358060843352
GOBP_AMINE_BIOSYNTHETIC_PROCESS,3,1.67212983654333,0.0265437959801481,0.666666666666667,0.0944987222766015,0.412358060843352
GOBP_POSITIVE_REGULATION_OF_MACROPHAGE_MIGRATION,3,-1.67118305029533,0.0556311344898077,0.333333333333333,0.0946855271164639,0.412822467971272
GOBP_CELLULAR_LIPID_CATABOLIC_PROCESS,3,1.67030605564786,0.0422588813155753,1,0.0948588256809439,0.412984494711878
GOBP_EMBRYONIC_CRANIAL_SKELETON_MORPHOGENESIS,3,1.67018124621112,0.045863494586824,1,0.0948835092990686,0.412984494711878
GOBP_CELLULAR_RESPONSE_TO_LIPOPROTEIN_PARTICLE_STIMULUS,3,-1.66868247663687,0.12095761666141,0.333333333333333,0.0951803237535775,0.413925607788632
GOBP_CEREBELLAR_CORTEX_FORMATION,3,-1.66678972503266,-0.0133293623953534,0.666666666666667,0.095556224067909,0.415208770569188
GOBP_REGULATION_OF_OSTEOBLAST_PROLIFERATION,3,1.66503674815957,0.128362195511687,0.666666666666667,0.0959054245172713,0.416097550633464
GOBP_NEGATIVE_REGULATION_OF_RESPONSE_TO_OXIDATIVE_STRESS,3,1.66494965806221,0.0184759989365554,0.666666666666667,0.0959227998345057,0.416097550633464
GOBP_NEGATIVE_REGULATION_OF_FIBROBLAST_PROLIFERATION,3,-1.66422837064219,-0.0475642838673134,0.666666666666667,0.0960668005244783,0.416370537969384
REACTOME_SIGNAL_REGULATORY_PROTEIN_FAMILY_INTERACTIONS,3,-1.66309945574009,-0.0638970868083473,0.666666666666667,0.0962925288371842,0.416996988286491
GOBP_SKELETAL_MUSCLE_CELL_PROLIFERATION,2,1.66107718179587,0.135684264193961,1,0.0966979465925508,0.418182095404527
GOBP_REGULATION_OF_ACROSOME_REACTION,2,1.66068136694012,0.206727548225734,1,0.0967774575818873,0.418182095404527
GOBP_REGULATION_OF_PROTEIN_POLYUBIQUITINATION,3,-1.66051716426058,-0.123480180948174,1,0.0968104578341088,0.418182095404527
GOBP_NEGATIVE_REGULATION_OF_CELL_CYCLE_PHASE_TRANSITION,3,-1.65945315413678,-0.0745437310283059,1,0.0970245129537957,0.418422935314353
REACTOME_ANCHORING_FIBRIL_FORMATION,3,1.6594301239074,0.116512640993052,0.666666666666667,0.0970291503036204,0.418422935314353
REACTOME_PEPTIDE_HORMONE_METABOLISM,3,-1.65810705392286,-0.0347142271717794,0.666666666666667,0.0972958603821952,0.418997252729876
KEGG_FOCAL_ADHESION,3,-1.65784714204279,0.0146185020348505,0.333333333333333,0.0973483233357698,0.418997252729876
GOBP_KINETOCHORE_ASSEMBLY,3,1.65755622432753,-0.0644375891798453,0.333333333333333,0.0974070716042587,0.418997252729876
GOBP_POSITIVE_REGULATION_OF_CYTOPLASMIC_TRANSLATION,2,-1.65700664724827,-0.180807876275469,1,0.097518131185615,0.419123951271396
KEGG_STEROID_HORMONE_BIOSYNTHESIS,3,1.6565257479583,0.0523675559439056,0.666666666666667,0.0976153952331014,0.41919119558295
GOBP_FAT_CELL_DIFFERENTIATION,3,-1.65343073557721,0.0240744472937638,0.333333333333333,0.098243231892741,0.419936770320446
GOBP_INTERMEDIATE_FILAMENT_ORGANIZATION,3,1.6534227911756,0.0585459873075445,1,0.0982448475891824,0.419936770320446
GOBP_NEGATIVE_REGULATION_OF_TOR_SIGNALING,3,1.65339491502462,-0.0157738191055956,0.333333333333333,0.0982505170824858,0.419936770320446
GOBP_BONE_MATURATION,3,1.65321818827149,0.062005188988291,1,0.0982864661140316,0.419936770320446
GOBP_ENDODERM_FORMATION,3,-1.65287502384742,0.0105434635319909,0.333333333333333,0.098356301218852,0.419936770320446
GOBP_PSEUDOPODIUM_ORGANIZATION,2,1.65226619712336,0.130455523978238,1,0.0984802970028043,0.419936770320446
REACTOME_MYD88_INDEPENDENT_TLR4_CASCADE,3,-1.65187401088776,0.0281122263000325,0.333333333333333,0.0985602371074184,0.419936770320446
REACTOME_NRAGE_SIGNALS_DEATH_THROUGH_JNK,3,1.65154379008243,0.102636900787566,1,0.0986275868477273,0.419936770320446
GOBP_SPERM_EGG_RECOGNITION,3,1.65080066597791,0.102196718094475,0.666666666666667,0.0987792841171285,0.419936770320446
REACTOME_RAB_REGULATION_OF_TRAFFICKING,3,-1.65058568885008,0.0238030906473023,0.333333333333333,0.0988232030854928,0.419936770320446
GOBP_REGULATION_OF_NUCLEASE_ACTIVITY,3,-1.65035064148388,0.0405553568110222,0.666666666666667,0.0988712401611059,0.419936770320446
GOBP_REGULATION_OF_MITOTIC_SPINDLE_ASSEMBLY,3,-1.65034621940046,-0.0317241552678898,0.666666666666667,0.0988721440892778,0.419936770320446
GOBP_HEMATOPOIETIC_PROGENITOR_CELL_DIFFERENTIATION,3,-1.64949906164812,-0.0550270680690394,1,0.0990454352629752,0.419936770320446
GOBP_VACUOLAR_LOCALIZATION,3,-1.64944584154074,0.0137415607262275,0.666666666666667,0.0990563298411063,0.419936770320446
REACTOME_RNA_POLYMERASE_III_TRANSCRIPTION_INITIATION_FROM_TYPE_1_PROMOTER,3,1.64927170754942,0.0254494229890415,0.666666666666667,0.0990919831348569,0.419936770320446
GOBP_STRIATED_MUSCLE_CELL_DEVELOPMENT,3,-1.6492460928697,0.0494178522640831,0.666666666666667,0.0990972285101988,0.419936770320446
GOBP_G_PROTEIN_COUPLED_GLUTAMATE_RECEPTOR_SIGNALING_PATHWAY,2,1.64747417708054,0.241330913752244,0.5,0.0994606196999353,0.420595623929366
REACTOME_NUCLEAR_SIGNALING_BY_ERBB4,3,-1.64735117789564,0.0325989814517216,0.333333333333333,0.0994858842470203,0.420595623929366
REACTOME_FORMATION_OF_TUBULIN_FOLDING_INTERMEDIATES_BY_CCT_TRIC,3,-1.64693412049194,-0.018297588162152,0.666666666666667,0.0995715876966732,0.420595623929366
GOBP_DNA_METHYLATION_DEPENDENT_HETEROCHROMATIN_ASSEMBLY,3,-1.6465411695145,-0.175679910904709,0.666666666666667,0.0996523912617961,0.420595623929366
GOBP_MELANOCYTE_DIFFERENTIATION,3,-1.64649366151037,0.0286044606746247,0.333333333333333,0.0996621640035123,0.420595623929366
GOBP_VESICLE_MEDIATED_TRANSPORT_TO_THE_PLASMA_MEMBRANE,3,-1.64553407503534,-0.0435476729585354,1,0.0998597216301348,0.421083358203918
GOBP_CELL_SUBSTRATE_JUNCTION_ORGANIZATION,3,-1.64506201046534,-0.0416216640820444,0.666666666666667,0.099957023831703,0.421147887120285
KEGG_RNA_DEGRADATION,3,1.64373617258364,-0.0793279291086133,0.333333333333333,0.10023071065942,0.421769969540692
GOBP_REGULATION_OF_NEUROTRANSMITTER_RECEPTOR_ACTIVITY,3,1.64355070322174,0.138267138097776,1,0.100269043863881,0.421769969540692
GOBP_PROTEIN_POLYUBIQUITINATION,3,-1.64287555270555,-0.0273700953776549,0.666666666666667,0.100408684137353,0.421769969540692
GOBP_MAMMARY_GLAND_MORPHOGENESIS,3,1.64257162431794,0.0888945999960937,1,0.100471595724767,0.421769969540692
GOBP_CELLULAR_RESPONSE_TO_FLUID_SHEAR_STRESS,3,-1.64223142917362,0.071623234805435,0.333333333333333,0.100542051603115,0.421769969540692
GOBP_POSITIVE_REGULATION_OF_MRNA_PROCESSING,3,-1.64196434518379,-0.0987351189678368,1,0.10059739343601,0.421769969540692
REACTOME_RHOBTB1_GTPASE_CYCLE,3,-1.63965163097313,-0.0996721364555906,1,0.101077621293493,0.423189235328056
REACTOME_ATF4_ACTIVATES_GENES_IN_RESPONSE_TO_ENDOPLASMIC_RETICULUM_STRESS,3,1.6391779148026,-0.0523703993399157,0.333333333333333,0.10117621196132,0.423189235328056
GOBP_INFLAMMASOME_COMPLEX_ASSEMBLY,3,1.63889588235869,0.0832336033214289,1,0.101234945433517,0.423189235328056
GOBP_STRIATED_MUSCLE_CELL_APOPTOTIC_PROCESS,3,-1.63874924913165,-0.0252187961802983,0.666666666666667,0.101265492643727,0.423189235328056
GOBP_ENDOPLASMIC_RETICULUM_CALCIUM_ION_HOMEOSTASIS,3,-1.63793294331904,0.0878060306074363,0.333333333333333,0.101435682901638,0.423555827140499
REACTOME_METABOLISM_OF_AMINE_DERIVED_HORMONES,3,-1.63734302060337,-0.0110563301167633,0.333333333333333,0.101558816647543,0.423689960468442
GOBP_REGULATION_OF_EXTRACELLULAR_MATRIX_ORGANIZATION,3,1.63677849554233,0.12747492403084,1,0.101676760594353,0.423689960468442
GOBP_REGULATION_OF_ENDOPLASMIC_RETICULUM_STRESS_INDUCED_INTRINSIC_APOPTOTIC_SIGNALING_PATHWAY,3,-1.63659419960263,0.00251722255085219,0.666666666666667,0.101715288406852,0.423689960468442
GOBP_SINGLE_FERTILIZATION,3,1.6355385158812,0.0844580562031276,0.666666666666667,0.101936207397227,0.424138522697818
GOBP_RETINOIC_ACID_METABOLIC_PROCESS,3,-1.63529062580967,-0.0361672548849032,1,0.101988137759308,0.424138522697818
GOBP_RECEPTOR_CLUSTERING,3,-1.63439587369593,-0.0116639361493592,0.666666666666667,0.102175754109919,0.424574978243157
GOBP_CENTRAL_NERVOUS_SYSTEM_PROJECTION_NEURON_AXONOGENESIS,3,1.63320852638838,0.0433717735832617,0.666666666666667,0.10242514733687,0.425015685047522
GOBP_SPERMATID_DIFFERENTIATION,3,-1.6331030911026,-0.0394413799998063,1,0.102447316606081,0.425015685047522
GOBP_NEGATIVE_REGULATION_OF_CARDIAC_MUSCLE_TISSUE_GROWTH,3,-1.63249356380802,0.0129351726468072,0.666666666666667,0.102575553234133,0.425204230355535
GOBP_MAMMARY_GLAND_EPITHELIAL_CELL_PROLIFERATION,3,-1.63149410420892,0.0214112681751625,0.666666666666667,0.102786102888174,0.425219216945966
REACTOME_RUNX1_REGULATES_GENES_INVOLVED_IN_MEGAKARYOCYTE_DIFFERENTIATION_AND_PLATELET_FUNCTION,3,1.63018005545943,0.0092756486634564,0.666666666666667,0.10306344790374,0.425219216945966
GOBP_CYTOSOLIC_CALCIUM_ION_TRANSPORT,3,-1.63004364348491,-0.0139051118230113,0.666666666666667,0.103092273272496,0.425219216945966
GOBP_REGULATION_OF_POSTSYNAPSE_ORGANIZATION,3,1.62995427674488,-0.0184715365714306,0.666666666666667,0.103111160934793,0.425219216945966
GOBP_VIRAL_GENE_EXPRESSION,3,-1.62959765770166,-0.0418208401836647,1,0.103186559776331,0.425219216945966
GOBP_TISSUE_REMODELING,3,-1.6295370279727,0.0657765616500709,0.333333333333333,0.103199382887909,0.425219216945966
REACTOME_COMMON_PATHWAY_OF_FIBRIN_CLOT_FORMATION,3,-1.62952814377978,-0.00411532447470335,0.666666666666667,0.103201261989986,0.425219216945966
GOBP_REGULATION_OF_LIPOPROTEIN_PARTICLE_CLEARANCE,3,1.62933791567068,-0.0136074414908805,0.666666666666667,0.103241503802885,0.425219216945966
REACTOME_INTERFERON_ALPHA_BETA_SIGNALING,3,1.62882094294996,0.137861804467791,1,0.10335092984218,0.425328826658202
GOBP_NEUTROPHIL_ACTIVATION_INVOLVED_IN_IMMUNE_RESPONSE,3,-1.62808068702077,-0.0471274395502516,0.666666666666667,0.103507778069578,0.425440794918929
GOBP_REGULATION_OF_CELL_SUBSTRATE_ADHESION,3,-1.6276601826805,-0.00168861457555061,0.333333333333333,0.103596960351282,0.425440794918929
REACTOME_CYTOSOLIC_TRNA_AMINOACYLATION,3,1.6274335514737,-0.0552499409730924,0.333333333333333,0.103645050546046,0.425440794918929
GOBP_POSITIVE_REGULATION_OF_I_KAPPAB_KINASE_NF_KAPPAB_SIGNALING,3,1.62698441906331,0.0683097583997985,1,0.103740406985555,0.425440794918929
REACTOME_NR1H2_AND_NR1H3_MEDIATED_SIGNALING,3,1.62674008090785,0.148348692319735,1,0.103792312311802,0.425440794918929
GOBP_POSITIVE_REGULATION_OF_SUPRAMOLECULAR_FIBER_ORGANIZATION,3,-1.62557787052809,0.0116450508278828,0.333333333333333,0.104039485980941,0.425571173949362
GOBP_POSITIVE_REGULATION_OF_METAPHASE_ANAPHASE_TRANSITION_OF_CELL_CYCLE,2,-1.62531695542615,-0.219020751747989,1,0.104095040456466,0.425571173949362
GOBP_INOSITOL_PHOSPHATE_BIOSYNTHETIC_PROCESS,3,-1.62515897313362,-0.0230261640271088,0.666666666666667,0.104128689760821,0.425571173949362
GOBP_NEGATIVE_REGULATION_OF_LYMPHOCYTE_APOPTOTIC_PROCESS,3,1.62447686154576,0.057939543031656,0.666666666666667,0.104274074748293,0.425571173949362
GOBP_OVARIAN_FOLLICLE_DEVELOPMENT,3,-1.62426017811295,0.0131219700695492,0.666666666666667,0.104320292296619,0.425571173949362
GOBP_MITOCHONDRIAL_OUTER_MEMBRANE_PERMEABILIZATION,3,1.62425553555265,0.0491747842085385,0.666666666666667,0.104321282710718,0.425571173949362
REACTOME_FCGR3A_MEDIATED_IL10_SYNTHESIS,3,-1.62307357146616,-0.0450291060686055,0.666666666666667,0.104573678453926,0.426262232174099
GOBP_REGULATION_OF_PRESYNAPTIC_CYTOSOLIC_CALCIUM_ION_CONCENTRATION,3,-1.62220065874724,-0.0296630040368875,0.666666666666667,0.104760390705117,0.426483889773999
GOBP_REGULATION_OF_ENDOCYTOSIS,3,-1.62185486150044,0.0136195361930193,0.333333333333333,0.104834428391541,0.426483889773999
GOBP_POSITIVE_REGULATION_OF_T_HELPER_CELL_DIFFERENTIATION,3,1.62160848613089,0.143465492311762,1,0.104887204474084,0.426483889773999
GOBP_MESENCHYMAL_CELL_DEVELOPMENT,3,1.62098147828737,0.0542400129370069,1,0.105021611004259,0.426483889773999
REACTOME_ABERRANT_REGULATION_OF_MITOTIC_EXIT_IN_CANCER_DUE_TO_RB1_DEFECTS,3,-1.62088060206822,-0.0424216650833229,0.666666666666667,0.105043247773386,0.426483889773999
GOBP_NUCLEOTIDE_SALVAGE,2,1.61954713938413,0.283935206954264,0.5,0.105329592560508,0.427308678823671
REACTOME_TRANSCRIPTION_OF_E2F_TARGETS_UNDER_NEGATIVE_CONTROL_BY_DREAM_COMPLEX,3,-1.61884880099727,-0.168153097940718,0.666666666666667,0.105479799122567,0.427479909524217
GOBP_REGULATION_OF_MRNA_3_END_PROCESSING,3,-1.61840679011314,-0.0153459479271027,0.666666666666667,0.105574959647027,0.427479909524217
GOBP_NUCLEOBASE_METABOLIC_PROCESS,3,1.61683277441809,0.0406832715166735,1,0.105914382720844,0.427479909524217
KEGG_NON_SMALL_CELL_LUNG_CANCER,3,-1.61677764012706,0.0434194671477177,0.333333333333333,0.105926287631472,0.427479909524217
REACTOME_NEGATIVE_REGULATION_OF_FGFR1_SIGNALING,3,-1.61653543917963,0.049918457706926,0.666666666666667,0.105978597613331,0.427479909524217
KEGG_CYSTEINE_AND_METHIONINE_METABOLISM,3,-1.61645121639485,-0.0815925777625335,1,0.105996792649084,0.427479909524217
GOBP_REGULATION_OF_PEPTIDYL_SERINE_PHOSPHORYLATION,3,1.61518042733251,0.0654431020610615,1,0.106271627854802,0.427479909524217
GOBP_SULFATION,3,1.61513397618123,0.0755329694589308,1,0.106281684599309,0.427479909524217
GOBP_RESPONSE_TO_FLUID_SHEAR_STRESS,3,-1.61457305041761,0.104519925972769,0.333333333333333,0.106403185454555,0.427479909524217
GOBP_REGULATION_OF_RESPIRATORY_SYSTEM_PROCESS,2,1.61452275279187,0.206905304702523,0.5,0.10641408568639,0.427479909524217
GOBP_TUMOR_NECROSIS_FACTOR_SUPERFAMILY_CYTOKINE_PRODUCTION,3,-1.61448525055775,0.0235231626090858,0.333333333333333,0.106422213545603,0.427479909524217
GOBP_REGULATION_OF_LYMPHOCYTE_CHEMOTAXIS,3,-1.61443621741273,-0.000436525290178622,0.333333333333333,0.106432841241512,0.427479909524217
HALLMARK_ALLOGRAFT_REJECTION,3,1.61433945250751,0.0733466068632696,0.666666666666667,0.106453817032997,0.427479909524217
GOBP_MITOCHONDRIAL_DNA_REPLICATION,2,-1.61327059708899,-0.204617992298326,1,0.106685731597477,0.428076498034877
GOBP_PEPTIDE_CATABOLIC_PROCESS,3,-1.61178349202795,-0.0586995305973902,0.666666666666667,0.107009061656834,0.429038673434427
GOBP_SENSORY_PERCEPTION_OF_TASTE,3,1.61043502034397,0.133899858443466,1,0.107302920461213,0.429881278852411
GOBP_POSITIVE_REGULATION_OF_RESPONSE_TO_CYTOKINE_STIMULUS,3,1.6096617583892,0.0693418575126438,1,0.107471717772027,0.430221934900334
GOBP_VENTRICULAR_CARDIAC_MUSCLE_TISSUE_DEVELOPMENT,3,1.60904351307764,0.0880423517641605,1,0.107606827337122,0.430427309348488
GOBP_REGULATION_OF_CELLULAR_RESPONSE_TO_HEAT,3,-1.6074725631382,-0.123728410694813,1,0.107950743399975,0.431466940157408
GOBP_TRANSCRIPTION_PREINITIATION_COMPLEX_ASSEMBLY,3,-1.60648264430909,-0.0459960707080013,1,0.108167905298495,0.43179993595798
REACTOME_UB_SPECIFIC_PROCESSING_PROTEASES,3,1.60632644163936,0.0222673787309396,0.666666666666667,0.108202203578256,0.43179993595798
GOBP_IRE1_MEDIATED_UNFOLDED_PROTEIN_RESPONSE,3,-1.60477280182345,-0.0541235497208986,1,0.108543813578937,0.432412424080883
GOBP_OLIGODENDROCYTE_DEVELOPMENT,3,1.60471990042517,0.111621131822347,1,0.108555460396742,0.432412424080883
GOBP_CEREBELLAR_CORTEX_DEVELOPMENT,3,-1.60448013062659,0.015277051259746,0.666666666666667,0.10860826072125,0.432412424080883
GOBP_NEPHRIC_DUCT_DEVELOPMENT,2,-1.6036933615903,-0.0412734063010494,0.5,0.108781659890808,0.432578087393558
GOBP_INTESTINAL_ABSORPTION,3,-1.60352715198892,-0.00161972327190076,0.666666666666667,0.108818319492305,0.432578087393558
GOBP_CELLULAR_IRON_ION_HOMEOSTASIS,3,-1.60276026043743,0.0331702504563982,0.333333333333333,0.108987593578449,0.432915916951984
REACTOME_EXTRA_NUCLEAR_ESTROGEN_SIGNALING,3,-1.60030856041596,0.00739251674584111,0.333333333333333,0.1095301487368,0.43473480982396
GOBP_PHOSPHOLIPID_HOMEOSTASIS,2,1.5996259389993,0.163467130044424,1,0.109681590551331,0.434999729012846
GOBP_POSITIVE_REGULATION_OF_MONONUCLEAR_CELL_MIGRATION,3,-1.5989702088054,0.0211063483399109,0.333333333333333,0.109827222264931,0.435241214161022
GOBP_REGULATION_OF_BONE_RESORPTION,3,-1.59749641459019,0.103893973777318,0.666666666666667,0.11015509626287,0.436203989518966
GOBP_POSITIVE_REGULATION_OF_NITRIC_OXIDE_METABOLIC_PROCESS,3,-1.59665067219821,0.0055283588173711,0.333333333333333,0.110343596931521,0.436258316628108
GOBP_CELLULAR_CARBOHYDRATE_METABOLIC_PROCESS,3,-1.59631482667177,-0.00975693050366908,0.666666666666667,0.110418521464614,0.436258316628108
GOBP_ANIMAL_ORGAN_FORMATION,3,1.59629189264557,0.0882789195422157,1,0.110423639333439,0.436258316628108
GOBP_MICROTUBULE_POLYMERIZATION_OR_DEPOLYMERIZATION,3,-1.59561024425393,0.001021355546971,0.666666666666667,0.110575838921822,0.436523834513817
GOBP_POSITIVE_REGULATION_OF_NEURON_APOPTOTIC_PROCESS,3,-1.59397817219711,-0.0580932096948257,1,0.110940923928825,0.437628713746885
GOBP_AXON_ENSHEATHMENT_IN_CENTRAL_NERVOUS_SYSTEM,3,1.59263840051355,0.104671055627824,1,0.111241333748426,0.438177424054687
GOBP_C21_STEROID_HORMONE_BIOSYNTHETIC_PROCESS,3,1.59194352864563,0.135531609390067,1,0.111397393801092,0.438177424054687
GOBP_NEGATIVE_REGULATION_OF_DNA_DEPENDENT_DNA_REPLICATION,2,-1.59190177534475,-0.145977486980466,1,0.111406776601728,0.438177424054687
GOBP_ATTACHMENT_OF_SPINDLE_MICROTUBULES_TO_KINETOCHORE,3,-1.59149452984854,-0.13464844307173,1,0.11149832550961,0.438177424054687
GOBP_DORSAL_SPINAL_CORD_DEVELOPMENT,2,1.59111522768327,0.188370344073672,1,0.11158364613344,0.438177424054687
GOBP_OOCYTE_DIFFERENTIATION,3,-1.59073963064464,-0.0407827114533013,0.666666666666667,0.111668184077597,0.438177424054687
GOBP_MODULATION_OF_PROCESS_OF_ANOTHER_ORGANISM,3,-1.59069945793051,-0.0341640688688039,0.666666666666667,0.111677228989016,0.438177424054687
GOBP_ETHER_METABOLIC_PROCESS,3,1.58936685271822,0.0577818570123001,1,0.111977593614346,0.438194083864713
GOBP_IMPORT_INTO_NUCLEUS,3,-1.58928017795991,-0.0208368135041039,0.666666666666667,0.11199715185536,0.438194083864713
GOBP_JNK_CASCADE,3,-1.58917015095868,0.0279382193830659,0.333333333333333,0.112021983433066,0.438194083864713
GOBP_VENTRICULAR_SEPTUM_DEVELOPMENT,3,1.58890956014488,0.0144575428506078,0.666666666666667,0.112080812509759,0.438194083864713
GOBP_VASCULAR_ASSOCIATED_SMOOTH_MUSCLE_CONTRACTION,3,-1.58876965452246,-0.120281453939117,1,0.112112406631088,0.438194083864713
GOBP_POSITIVE_REGULATION_OF_BINDING,3,-1.58841121104443,0.000423472407586351,0.333333333333333,0.112193384011312,0.438194083864713
GOBP_REGULATION_OF_HEART_RATE,3,1.58768194636901,0.0422957752201722,1,0.112358277451055,0.43841601284443
REACTOME_INLB_MEDIATED_ENTRY_OF_LISTERIA_MONOCYTOGENES_INTO_HOST_CELL,2,-1.58740508430622,-0.0678380447702579,0.5,0.112420928527281,0.43841601284443
GOBP_THYROID_HORMONE_METABOLIC_PROCESS,3,1.58617675664113,0.120499161351747,1,0.112699218860131,0.439128839643473
GOBP_RAC_PROTEIN_SIGNAL_TRANSDUCTION,3,-1.58584393868391,-0.11619446404324,1,0.112774715632738,0.439128839643473
GOBP_POSITIVE_REGULATION_OF_VIRAL_LIFE_CYCLE,3,1.58483192382232,0.163760346935479,1,0.113004527054882,0.439690341631722
GOBP_BONE_GROWTH,3,1.58277388163079,0.0489973755911702,1,0.113473011787633,0.440951033530107
GOBP_MEIOTIC_CELL_CYCLE,3,-1.58265444595742,-0.0762230732257495,1,0.113500246558957,0.440951033530107
GOBP_REGULATION_OF_POTASSIUM_ION_TRANSPORT,3,1.58170737632365,0.00289660638581682,0.333333333333333,0.11371638802034,0.441456816985993
REACTOME_EPH_EPHRIN_MEDIATED_REPULSION_OF_CELLS,3,-1.58048461614697,0.0202324341560899,0.333333333333333,0.113995927207789,0.441877815161256
GOBP_GLIAL_CELL_MIGRATION,3,-1.58048034237619,-0.0552505902141871,1,0.113996905196391,0.441877815161256
GOBP_ADP_METABOLIC_PROCESS,3,-1.57907434338193,0.0473493391370858,0.666666666666667,0.114319005790579,0.441990408865654
GOBP_POSITIVE_REGULATION_OF_TRANSCRIPTION_BY_RNA_POLYMERASE_III,3,-1.57837208738512,-0.14565854990601,0.666666666666667,0.114480153789066,0.441990408865654
GOBP_CELLULAR_RESPONSE_TO_COPPER_ION,3,1.5782691286089,0.0834844349589519,1,0.114503794951281,0.441990408865654
GOBP_MATURATION_OF_LSU_RRNA_FROM_TRICISTRONIC_RRNA_TRANSCRIPT_SSU_RRNA_5_8S_RRNA_LSU_RRNA,2,-1.57824332336722,-0.112876662748467,1,0.114509720894855,0.441990408865654
GOBP_I_KAPPAB_PHOSPHORYLATION,3,-1.57787458735363,-0.0718841376835644,1,0.114594424198096,0.441990408865654
GOBP_MITOTIC_SPINDLE_ASSEMBLY,3,-1.57722458156626,-0.0692101332659479,1,0.114743858761546,0.441990408865654
GOBP_NEGATIVE_REGULATION_OF_CELL_DIVISION,2,-1.57659637516855,-0.0732492499025755,1,0.11488842735855,0.441990408865654
GOBP_NONRIBOSOMAL_PEPTIDE_BIOSYNTHETIC_PROCESS,2,-1.57568827787844,-0.180812601136911,1,0.115097660241096,0.441990408865654
GOBP_RIBOSOMAL_SMALL_SUBUNIT_ASSEMBLY,3,-1.57542801423699,0.0057724818612505,0.666666666666667,0.115157682293729,0.441990408865654
GOBP_KETONE_BIOSYNTHETIC_PROCESS,3,1.57480772104811,0.0750987111951388,1,0.115300833688393,0.441990408865654
REACTOME_P130CAS_LINKAGE_TO_MAPK_SIGNALING_FOR_INTEGRINS,2,1.57457185152575,0.17996684978541,1,0.115355304417133,0.441990408865654
REACTOME_HSF1_DEPENDENT_TRANSACTIVATION,3,1.57457180599809,0.0880036177951236,0.666666666666667,0.115355314933055,0.441990408865654
GOBP_LEUKOCYTE_HOMEOSTASIS,3,-1.57448103958303,0.0329531106890017,0.333333333333333,0.115376281544868,0.441990408865654
GOBP_POSITIVE_REGULATION_OF_NUCLEOCYTOPLASMIC_TRANSPORT,3,-1.57444941394827,-0.0486891581770115,1,0.115383587620574,0.441990408865654
GOBP_REGULATION_OF_SYNCYTIUM_FORMATION_BY_PLASMA_MEMBRANE_FUSION,3,1.57423211986148,0.113778646048371,1,0.115433796199137,0.441990408865654
REACTOME_SUMOYLATION,3,-1.57418176485892,-0.0960940716705582,1,0.115445433818145,0.441990408865654
GOBP_TROPHOBLAST_CELL_MIGRATION,2,1.57399360914511,0.189887578972002,1,0.115488926927124,0.441990408865654
REACTOME_G0_AND_EARLY_G1,3,-1.57309271893587,-0.162464390025485,1,0.115697350631614,0.442194293716748
REACTOME_PERK_REGULATES_GENE_EXPRESSION,3,1.57299797866959,-0.0770066277560756,0.333333333333333,0.115719286254287,0.442194293716748
GOBP_CENTRAL_NERVOUS_SYSTEM_NEURON_AXONOGENESIS,3,1.57264737428835,-0.00222471757590348,0.666666666666667,0.115800491637271,0.442194293716748
GOBP_RNA_SURVEILLANCE,2,-1.56886313679756,-0.158735227420581,1,0.116679833000606,0.444536237293611
REACTOME_SIGNALING_BY_KIT_IN_DISEASE,3,-1.56884728447073,-0.0110606307023195,0.333333333333333,0.116683527598056,0.444536237293611
GOBP_REGULATION_OF_DEPHOSPHORYLATION,3,-1.56857877533115,0.0188520928970963,0.666666666666667,0.116746121215768,0.444536237293611
GOBP_TELENCEPHALON_GLIAL_CELL_MIGRATION,3,-1.56816004720782,-0.165160225685617,1,0.116843785818911,0.444536237293611
GOBP_POSITIVE_REGULATION_OF_LAMELLIPODIUM_ORGANIZATION,3,-1.5681481670318,-0.0588979343545501,1,0.116846557699839,0.444536237293611
GOBP_METANEPHRIC_RENAL_VESICLE_MORPHOGENESIS,2,1.56699643336902,0.124111729992073,1,0.117115525289752,0.445189789799599
GOBP_POSITIVE_REGULATION_OF_PROTEIN_IMPORT,3,-1.56651912802339,-0.022183633487918,0.666666666666667,0.117227134113555,0.445189789799599
REACTOME_SIGNALING_BY_PDGF,3,-1.56605685001858,0.0164847079259177,0.333333333333333,0.117335308658575,0.445189789799599
REACTOME_SEMA4D_IN_SEMAPHORIN_SIGNALING,3,-1.56579182847573,0.0019891533758376,0.333333333333333,0.117397359883348,0.445189789799599
GOBP_CELLULAR_RESPONSE_TO_HEAT,3,-1.56513625106443,-0.0248051388528405,0.666666666666667,0.117550965169428,0.445189789799599
GOBP_NEUROTRANSMITTER_RECEPTOR_TRANSPORT_TO_PLASMA_MEMBRANE,2,1.56488879018116,0.172534135991651,1,0.117608987565681,0.445189789799599
GOBP_MALE_MEIOTIC_NUCLEAR_DIVISION,3,-1.56482006306823,-0.069369708990417,1,0.1176251060666,0.445189789799599
GOBP_SODIUM_ION_IMPORT_ACROSS_PLASMA_MEMBRANE,3,-1.56327087819035,-0.0290739820832127,0.666666666666667,0.117988895005481,0.445654808390551
GOBP_POSITIVE_REGULATION_OF_MACROPHAGE_DIFFERENTIATION,2,1.56276114062995,0.120713091587514,1,0.118108787462084,0.445654808390551
REACTOME_GLYCOSPHINGOLIPID_METABOLISM,3,1.56241014865068,0.12950613357999,1,0.1181913978206,0.445654808390551
GOBP_POSITIVE_REGULATION_OF_STEM_CELL_PROLIFERATION,3,-1.56230446596805,-0.0375436473531704,0.666666666666667,0.118216280439276,0.445654808390551
GOBP_SNARE_COMPLEX_ASSEMBLY,2,-1.56229197416118,-0.120001247208325,1,0.118219221863113,0.445654808390551
GOBP_TRANSITION_METAL_ION_TRANSPORT,3,-1.56206227371788,0.0363477474717902,0.333333333333333,0.118273319256691,0.445654808390551
GOBP_POSITIVE_REGULATION_OF_PEPTIDASE_ACTIVITY,3,-1.56154171649238,0.0370350246541082,0.666666666666667,0.118395989002755,0.445654808390551
GOBP_ESTABLISHMENT_OF_PROTEIN_LOCALIZATION_TO_ENDOPLASMIC_RETICULUM,3,-1.56134599568757,-0.0630493446828182,1,0.11844213657576,0.445654808390551
REACTOME_RHOQ_GTPASE_CYCLE,3,-1.56012032057833,-0.0526707688962852,1,0.118731450349823,0.44641634626405
GOBP_REGULATION_OF_EXECUTION_PHASE_OF_APOPTOSIS,2,1.55904834970522,0.201438437380687,1,0.118984937019711,0.446962092454977
GOBP_ASPARTATE_FAMILY_AMINO_ACID_METABOLIC_PROCESS,3,1.55877074466211,-0.0870661737671731,0.666666666666667,0.119050650794083,0.446962092454977
GOBP_INHIBITORY_SYNAPSE_ASSEMBLY,2,1.55828483313903,0.0713164512607942,0.5,0.119165742676061,0.447067388155038
GOBP_REGULATION_OF_PROTEIN_DEACETYLATION,3,-1.5578343187194,-0.0666749369168633,0.666666666666667,0.119272528365437,0.447141391010864
GOBP_3_UTR_MEDIATED_MRNA_STABILIZATION,3,1.55582811686494,0.00327212716199385,0.666666666666667,0.119748970250987,0.448600081115293
GOBP_CEREBRAL_CORTEX_RADIALLY_ORIENTED_CELL_MIGRATION,3,-1.55541503579242,-0.145389631908108,1,0.119847255434472,0.448641037836332
GOBP_AMYLOID_BETA_CLEARANCE,3,-1.55355392726792,0.016826305300504,0.333333333333333,0.12029085639475,0.449973662376865
GOBP_NEUROTRANSMITTER_RECEPTOR_TRANSPORT,3,1.55218205966624,0.13869018268826,1,0.120618667504915,0.450821197624986
GOBP_NEGATIVE_REGULATION_OF_EPITHELIAL_CELL_PROLIFERATION,3,1.55187147150124,0.028920880206324,0.666666666666667,0.120692980283169,0.450821197624986
REACTOME_SYNDECAN_INTERACTIONS,3,-1.55123520050188,-0.0612702564573554,1,0.120845329347839,0.450876009333198
GOBP_REGULATION_OF_MITOCHONDRION_ORGANIZATION,3,-1.55107701323642,0.00958079084492804,0.333333333333333,0.120883229137814,0.450876009333198
GOBP_POSITIVE_REGULATION_OF_ATP_DEPENDENT_ACTIVITY,3,-1.54945252629129,-0.058710880438432,1,0.121272975312194,0.452001452252125
GOBP_REGULATION_OF_BLOOD_CIRCULATION,3,1.54821358279511,0.0742874555391216,1,0.121570882234844,0.452783213312661
GOBP_CELLULAR_RESPONSE_TO_REACTIVE_NITROGEN_SPECIES,3,1.54721131080507,0.031415594904098,0.666666666666667,0.121812299418321,0.452944262593924
GOBP_NEUTRAL_LIPID_BIOSYNTHETIC_PROCESS,3,1.54676597795045,0.0862587933349048,1,0.121919686910639,0.452944262593924
GOBP_CELLULAR_RESPONSE_TO_VASCULAR_ENDOTHELIAL_GROWTH_FACTOR_STIMULUS,3,1.54667208421576,0.129054612693004,1,0.121942337875011,0.452944262593924
KEGG_PHOSPHATIDYLINOSITOL_SIGNALING_SYSTEM,3,-1.54657035082591,-0.0371005106471198,0.666666666666667,0.121966883794275,0.452944262593924
GOBP_ENDOPLASMIC_RETICULUM_TUBULAR_NETWORK_ORGANIZATION,2,-1.54469924553445,-0.188121130250988,1,0.122419027465262,0.454294888050278
HALLMARK_INFLAMMATORY_RESPONSE,3,1.54271109704889,0.125766284350834,0.666666666666667,0.122900888191485,0.455753762997448
REACTOME_DNA_REPLICATION_PRE_INITIATION,3,1.54145721245182,-0.0297182194005803,0.666666666666667,0.123205548878755,0.456252727809981
GOBP_DIENCEPHALON_DEVELOPMENT,3,1.54114025886457,0.0619785318707841,1,0.123282653491551,0.456252727809981
GOBP_DEVELOPMENT_OF_PRIMARY_SEXUAL_CHARACTERISTICS,3,-1.54072427861063,-0.0253199648205148,1,0.123383905275137,0.456252727809981
GOBP_SNRNA_TRANSCRIPTION,3,-1.54069605004856,-0.0603742997217943,1,0.123390778607489,0.456252727809981
REACTOME_PRE_NOTCH_EXPRESSION_AND_PROCESSING,3,1.54017483435144,0.0301446800302933,0.666666666666667,0.123517742400215,0.456393615084537
GOBP_REGULATION_OF_PROTEIN_SECRETION,3,-1.53946412893978,-0.0072190766678542,0.666666666666667,0.123691028619221,0.456575383600684
GOBP_REGULATION_OF_MACROPHAGE_ACTIVATION,3,1.53900209840526,0.0567430574063733,1,0.12380378396065,0.456575383600684
GOBP_HISTONE_H4_ACETYLATION,3,-1.53874302344705,-0.0902395981831569,1,0.123867044497584,0.456575383600684
REACTOME_SIGNALING_BY_NOTCH3,3,-1.53851589846148,0.040917731471432,0.333333333333333,0.123922524287257,0.456575383600684
GOBP_POSITIVE_REGULATION_OF_T_CELL_MIGRATION,3,-1.53633594813359,0.0235015313037975,0.333333333333333,0.124456007205911,0.458212224379614
REACTOME_PKA_MEDIATED_PHOSPHORYLATION_OF_CREB,3,-1.53411837072991,-0.0480029015891296,1,0.125000534642267,0.45988735381281
GOBP_ACTIN_NUCLEATION,3,-1.53364945903333,-0.0520559152869993,1,0.125115913738759,0.459982342850585
REACTOME_CREB1_PHOSPHORYLATION_THROUGH_NMDA_RECEPTOR_MEDIATED_ACTIVATION_OF_RAS_SIGNALING,3,-1.53160853661673,-0.0642296164676799,0.666666666666667,0.125619064680785,0.461501799857306
GOBP_MODIFIED_AMINO_ACID_TRANSPORT,3,1.52923058362949,0.0431201569455078,0.666666666666667,0.126207291285465,0.463331413897174
GOBP_POSITIVE_REGULATION_OF_ADAPTIVE_IMMUNE_RESPONSE,3,1.52748597220497,0.0362277551785625,0.666666666666667,0.126640212792456,0.463904315544181
GOBP_REGULATION_OF_UBIQUITIN_PROTEIN_LIGASE_ACTIVITY,3,-1.5271526083362,-0.0390681203442015,0.666666666666667,0.126723067713466,0.463904315544181
GOBP_NEGATIVE_REGULATION_OF_TRANSFORMING_GROWTH_FACTOR_BETA_RECEPTOR_SIGNALING_PATHWAY,3,-1.52691798811599,-0.00680133645639405,0.666666666666667,0.126781405987072,0.463904315544181
REACTOME_RNA_POLYMERASE_III_TRANSCRIPTION_TERMINATION,3,1.52591109276986,0.0470229169653121,0.666666666666667,0.127032007728089,0.463904315544181
GOBP_MUSCLE_CELL_APOPTOTIC_PROCESS,3,-1.525848218956,0.000220161645349444,0.333333333333333,0.12704766889258,0.463904315544181
GOBP_REGULATION_OF_URINE_VOLUME,3,1.52559236750438,0.17488566342654,1,0.127111414128675,0.463904315544181
GOBP_RUFFLE_ORGANIZATION,3,-1.52525442484091,-0.0400231967726648,0.666666666666667,0.127195650486506,0.463904315544181
REACTOME_RAC1_GTPASE_CYCLE,3,-1.52509761486394,-0.0526336134108212,1,0.127234752049383,0.463904315544181
GOBP_MYELOID_CELL_ACTIVATION_INVOLVED_IN_IMMUNE_RESPONSE,3,-1.52505089982468,0.00797293984245512,0.666666666666667,0.127246402548888,0.463904315544181
GOBP_NEUROTRANSMITTER_REUPTAKE,3,1.524969982039,0.0882218931700097,1,0.127266585008129,0.463904315544181
REACTOME_TRANSCRIPTIONAL_REGULATION_OF_GRANULOPOIESIS,3,1.52443386734274,0.00286030741009698,0.666666666666667,0.127400365295449,0.464038837148723
KEGG_ALPHA_LINOLENIC_ACID_METABOLISM,3,1.5237578775738,0.0853786420293061,1,0.127569205460681,0.464038837148723
GOBP_RENAL_SYSTEM_PROCESS_INVOLVED_IN_REGULATION_OF_BLOOD_VOLUME,3,-1.52350433571563,-0.0373988850115439,1,0.12763257680055,0.464038837148723
GOBP_INTEGRATED_STRESS_RESPONSE_SIGNALING,3,-1.52325533816344,-0.165943578087377,1,0.127694836146066,0.464038837148723
REACTOME_CARBOXYTERMINAL_POST_TRANSLATIONAL_MODIFICATIONS_OF_TUBULIN,3,-1.52301384921518,0.0559306359527775,0.333333333333333,0.127755240601303,0.464038837148723
GOBP_REGULATION_OF_EXTRACELLULAR_MATRIX_DISASSEMBLY,2,1.52152246169105,0.213481881668603,1,0.128128778993916,0.465064807543682
GOBP_CAMP_MEDIATED_SIGNALING,3,1.52116354160679,0.0819774415146364,1,0.1282188020798,0.465064807543682
REACTOME_ABC_TRANSPORTER_DISORDERS,3,1.52067770016431,0.0515385581748185,0.666666666666667,0.128340737457498,0.465104662181445
GOBP_NEGATIVE_REGULATION_OF_FIBROBLAST_GROWTH_FACTOR_RECEPTOR_SIGNALING_PATHWAY,2,1.52039828377169,0.227879046826405,1,0.128410905563335,0.465104662181445
GOBP_REGULATION_OF_TYPE_I_INTERFERON_MEDIATED_SIGNALING_PATHWAY,3,1.51624205355052,0.134743064864954,1,0.129458157977586,0.468567370946359
GOBP_PERK_MEDIATED_UNFOLDED_PROTEIN_RESPONSE,3,-1.51543599840875,-0.161706578876092,1,0.129662026820548,0.468963559612188
GOBP_REGULATION_OF_UBIQUITIN_DEPENDENT_PROTEIN_CATABOLIC_PROCESS,3,-1.51508753787245,-0.00975213987053572,0.333333333333333,0.12975023719021,0.468963559612188
REACTOME_SIGNALING_BY_FGFR2_IIIA_TM,3,1.51329437372088,0.0843968108733354,0.666666666666667,0.130204901204486,0.469942840140549
GOBP_CALCINEURIN_MEDIATED_SIGNALING,3,-1.5129701865442,-0.100908248200522,0.666666666666667,0.130287231986451,0.469942840140549
GOBP_THYROID_HORMONE_GENERATION,3,1.51240726506582,0.142866764763766,1,0.130430287852004,0.469942840140549
REACTOME_INOSITOL_PHOSPHATE_METABOLISM,3,-1.51224021508373,-0.0147723811509488,0.666666666666667,0.130472763892462,0.469942840140549
GOBP_SPECIFICATION_OF_SYMMETRY,3,-1.51221695952728,-0.0324045952017778,0.666666666666667,0.130478677967372,0.469942840140549
GOBP_DENDRITIC_SPINE_MAINTENANCE,3,-1.51037426283481,-0.137430058360794,1,0.130947952046504,0.471302509958546
GOBP_REGULATION_OF_CALCIUM_MEDIATED_SIGNALING,3,-1.50940374688786,-0.0606443887753943,1,0.13119563614263,0.471863296378535
GOBP_NEUTROPHIL_MEDIATED_IMMUNITY,3,-1.50858903233163,-0.0133434241651194,0.333333333333333,0.131403838701154,0.472256399045173
GOBP_ADRENAL_GLAND_DEVELOPMENT,3,-1.50825672664858,0.0818084833015482,0.333333333333333,0.1314888338463,0.472256399045173
GOBP_POSITIVE_REGULATION_OF_BLOOD_CIRCULATION,3,1.50535903327591,0.129099430600848,0.666666666666667,0.132231795481978,0.473826506505661
REACTOME_FCGR_ACTIVATION,3,-1.50524425595479,-0.056917662125812,0.666666666666667,0.132261290932756,0.473826506505661
KEGG_PROTEIN_EXPORT,3,-1.50397146419681,-0.111866536791907,1,0.132588714396039,0.473826506505661
GOBP_REGULATION_OF_LAMELLIPODIUM_ORGANIZATION,3,-1.50391492059015,-0.02908745562315,0.666666666666667,0.132603274689884,0.473826506505661
REACTOME_SYNTHESIS_OF_IP3_AND_IP4_IN_THE_CYTOSOL,3,-1.50338377947444,0.016208592798831,0.333333333333333,0.132740106939311,0.473826506505661
GOBP_POSITIVE_REGULATION_OF_CAMP_MEDIATED_SIGNALING,2,1.50326948861162,0.129591448902446,1,0.132769564770543,0.473826506505661
REACTOME_EGR2_AND_SOX10_MEDIATED_INITIATION_OF_SCHWANN_CELL_MYELINATION,3,-1.502604560392,-0.115742813021917,0.666666666666667,0.132941046703719,0.473826506505661
GOBP_POSITIVE_REGULATION_OF_CYTOKINE_PRODUCTION_INVOLVED_IN_INFLAMMATORY_RESPONSE,3,-1.50256095568242,-0.0330487004816015,0.666666666666667,0.132952298146163,0.473826506505661
GOBP_ARP2_3_COMPLEX_MEDIATED_ACTIN_NUCLEATION,3,-1.50185351307046,-0.115813305319609,1,0.13313494451972,0.473826506505661
GOBP_ALPHA_AMINO_ACID_CATABOLIC_PROCESS,3,1.50174311929329,-0.0182334794974801,0.333333333333333,0.133163463314126,0.473826506505661
REACTOME_THE_CANONICAL_RETINOID_CYCLE_IN_RODS_TWILIGHT_VISION,3,1.50171287046825,-0.00557752669811802,0.666666666666667,0.133171278529356,0.473826506505661
GOBP_REGULATION_OF_PROTEIN_AUTOPHOSPHORYLATION,3,-1.50166345601477,-0.0127351380805702,0.666666666666667,0.133184046221637,0.473826506505661
GOBP_POSITIVE_REGULATION_OF_MYOBLAST_FUSION,2,1.50160273184526,0.165809557835422,1,0.13319973741263,0.473826506505661
GOBP_PHOSPHATE_ION_TRANSMEMBRANE_TRANSPORT,2,1.50153370026712,0.151589259839361,1,0.133217576984847,0.473826506505661
KEGG_RIG_I_LIKE_RECEPTOR_SIGNALING_PATHWAY,3,1.50108136984839,0.0707608360042287,1,0.133334516803069,0.47383656636698
REACTOME_NEF_MEDIATES_DOWN_MODULATION_OF_CELL_SURFACE_RECEPTORS_BY_RECRUITING_THEM_TO_CLATHRIN_ADAPTERS,3,-1.50048401336166,0.115327855228482,0.333333333333333,0.133489071550775,0.47383656636698
GOBP_NEUROMUSCULAR_SYNAPTIC_TRANSMISSION,3,1.50020292732508,0.0611974215797949,1,0.133561845218992,0.47383656636698
REACTOME_WNT5A_DEPENDENT_INTERNALIZATION_OF_FZD4,2,1.49941550687431,0.240526363356595,0.5,0.133765873208211,0.47383656636698
GOBP_NUCLEOSOME_ASSEMBLY,3,1.49903651951021,-0.0152118516956343,0.666666666666667,0.133864158284728,0.47383656636698
GOBP_REGULATION_OF_THE_FORCE_OF_HEART_CONTRACTION,3,1.49901613284035,0.194527425631574,0.666666666666667,0.133869446865543,0.47383656636698
GOBP_BONE_REMODELING,3,-1.49876650035975,0.0821203444310608,0.333333333333333,0.133934218049973,0.47383656636698
GOBP_POSITIVE_REGULATION_OF_VIRAL_PROCESS,3,1.49867306141617,0.050765024949022,1,0.133958468528983,0.47383656636698
GOBP_NEGATIVE_REGULATION_OF_SMOOTH_MUSCLE_CONTRACTION,2,-1.49796741342116,-0.0789157993517215,1,0.134141717079115,0.474158196089701
GOBP_REGULATION_OF_PHAGOCYTOSIS,3,-1.49683493269822,0.0572327954602106,0.333333333333333,0.134436214254765,0.474872349664698
GOBP_POSITIVE_REGULATION_OF_TRIGLYCERIDE_METABOLIC_PROCESS,3,1.49618514290621,0.201239477841109,1,0.134605415098913,0.474895727178868
REACTOME_INTERFERON_GAMMA_SIGNALING,3,1.49609937541264,0.136114744735732,0.666666666666667,0.134627760664414,0.474895727178868
REACTOME_INTERFERON_SIGNALING,3,1.49459882916078,0.0900240268131434,1,0.135019171908798,0.475412590242265
GOBP_NEGATIVE_REGULATION_OF_CELL_ACTIVATION,3,-1.49457187257199,0.0187111872025975,0.333333333333333,0.135026211455021,0.475412590242265
REACTOME_DARPP_32_EVENTS,3,-1.49417643286502,0.014103635909258,0.666666666666667,0.135129510685758,0.475412590242265
GOBP_REGULATION_OF_GASTRULATION,2,-1.49411890050989,-0.0811779507363555,1,0.135144544733977,0.475412590242265
REACTOME_BASE_EXCISION_REPAIR_AP_SITE_FORMATION,3,1.49304693989761,-0.00906534649157792,0.666666666666667,0.135424900204397,0.475938665777557
GOBP_GASTRULATION_WITH_MOUTH_FORMING_SECOND,3,-1.49167518912341,-0.0885823057564393,1,0.135784316426682,0.475938665777557
GOBP_PORE_COMPLEX_ASSEMBLY,3,-1.49142304074712,-0.118268385696773,1,0.13585046259591,0.475938665777557
REACTOME_DISORDERS_OF_TRANSMEMBRANE_TRANSPORTERS,3,1.49136557641602,0.0028580748446251,0.333333333333333,0.135865540714342,0.475938665777557
REACTOME_MITOTIC_METAPHASE_AND_ANAPHASE,3,-1.49106813699476,-0.0882668693631542,1,0.135943606772929,0.475938665777557
GOBP_CYTOCHROME_COMPLEX_ASSEMBLY,3,1.49010759838757,-0.0290111647494646,0.333333333333333,0.136195946619119,0.475938665777557
GOBP_REGULATION_OF_DENDRITE_MORPHOGENESIS,3,-1.48968614748073,-0.0123589288999227,0.666666666666667,0.136306778626573,0.475938665777557
GOBP_T_HELPER_CELL_LINEAGE_COMMITMENT,2,1.48913305191454,0.152897375864719,1,0.136452335804627,0.475938665777557
GOBP_PEROXISOME_PROLIFERATOR_ACTIVATED_RECEPTOR_SIGNALING_PATHWAY,3,-1.48894429427447,0.0486831306587477,0.666666666666667,0.136502038264618,0.475938665777557
GOBP_REGULATION_OF_HORMONE_METABOLIC_PROCESS,3,-1.48849251253151,-0.0104460227788199,0.666666666666667,0.136621055296633,0.475938665777557
GOBP_NEGATIVE_REGULATION_OF_CELLULAR_CATABOLIC_PROCESS,3,-1.48799893291333,-0.0265685316014637,1,0.136751175045767,0.475938665777557
GOBP_MONOCARBOXYLIC_ACID_TRANSPORT,3,1.48790567675168,0.0896855927778198,1,0.13677577040436,0.475938665777557
GOBP_POSITIVE_REGULATION_OF_JNK_CASCADE,3,-1.4869298198183,0.0341934193905776,0.333333333333333,0.137033347456647,0.475938665777557
GOBP_HETEROCHROMATIN_ORGANIZATION,3,-1.48660698197109,-0.0539694001036483,1,0.137118642700051,0.475938665777557
GOBP_DIGESTIVE_SYSTEM_PROCESS,3,-1.48623196419468,0.0299648643242543,0.333333333333333,0.137217775529067,0.475938665777557
GOBP_REGULATION_OF_CELLULAR_EXTRAVASATION,3,-1.48531724187148,-0.0358229502664981,0.666666666666667,0.137459806609935,0.475938665777557
GOBP_ACROSOME_REACTION,3,1.48528383960155,0.0854464577345592,1,0.137468650914138,0.475938665777557
KEGG_LEUKOCYTE_TRANSENDOTHELIAL_MIGRATION,3,-1.48513904405487,-0.0271321940488563,0.666666666666667,0.137506995174785,0.475938665777557
GOBP_POLYSACCHARIDE_BIOSYNTHETIC_PROCESS,3,-1.48462223853665,0.0153317607648626,0.333333333333333,0.137643921092285,0.475938665777557
GOBP_RESPONSE_TO_VITAMIN,3,-1.48408918244093,0.0115414252431337,0.666666666666667,0.137785262654468,0.475938665777557
GOBP_SPLICEOSOMAL_SNRNP_ASSEMBLY,3,-1.48405128476417,-0.0767713577474693,1,0.137795315605527,0.475938665777557
GOBP_MITOCHONDRIAL_DNA_METABOLIC_PROCESS,2,-1.48392011918221,-0.0840233061765665,1,0.137830113691201,0.475938665777557
GOBP_POSITIVE_REGULATION_OF_PEPTIDYL_LYSINE_ACETYLATION,3,1.4838270994547,0.0390455976696699,0.666666666666667,0.137854795828556,0.475938665777557
GOBP_REGULATION_OF_TRANSCRIPTION_REGULATORY_REGION_DNA_BINDING,3,-1.48356385009281,-0.00255464589397266,0.333333333333333,0.137924665680039,0.475938665777557
GOBP_ATRIAL_SEPTUM_MORPHOGENESIS,2,1.48327610029126,0.0577222688168048,0.5,0.138001069492634,0.475938665777557
KEGG_DILATED_CARDIOMYOPATHY,3,-1.48242776885344,0.0125268761079855,0.666666666666667,0.13822650974313,0.475938665777557
REACTOME_DNA_DOUBLE_STRAND_BREAK_RESPONSE,3,1.48212599347397,-0.00272576470260352,0.666666666666667,0.138306773585661,0.475938665777557
GOBP_GRANULOCYTE_MIGRATION,3,-1.48185846037165,0.0427073412022363,0.333333333333333,0.138377959963403,0.475938665777557
REACTOME_INTERCONVERSION_OF_NUCLEOTIDE_DI_AND_TRIPHOSPHATES,3,-1.48185093872266,-0.0676083767511804,1,0.138379961764586,0.475938665777557
GOBP_NUCLEOLAR_LARGE_RRNA_TRANSCRIPTION_BY_RNA_POLYMERASE_I,3,-1.48127050674265,-0.0307089024732135,0.666666666666667,0.138534504427874,0.475938665777557
GOBP_REGULATION_OF_SUPEROXIDE_METABOLIC_PROCESS,3,-1.48123625634712,-0.0207786576122769,0.333333333333333,0.138543627904771,0.475938665777557
GOBP_MICROTUBULE_ANCHORING,3,-1.48113236455493,-0.182530189068441,1,0.138571304996699,0.475938665777557
GOBP_ANTIGEN_PROCESSING_AND_PRESENTATION_OF_EXOGENOUS_PEPTIDE_ANTIGEN,3,1.48045483146293,0.0939656885935808,1,0.138751906366571,0.475938665777557
GOBP_CYTOPLASMIC_PATTERN_RECOGNITION_RECEPTOR_SIGNALING_PATHWAY_IN_RESPONSE_TO_VIRUS,3,1.48003163947898,0.114987880986226,0.666666666666667,0.138864803217365,0.475938665777557
GOBP_INTRINSIC_APOPTOTIC_SIGNALING_PATHWAY_IN_RESPONSE_TO_OXIDATIVE_STRESS,3,-1.47993861016017,0.0374281132695264,0.666666666666667,0.13888963055481,0.475938665777557
REACTOME_HDR_THROUGH_HOMOLOGOUS_RECOMBINATION_HRR,3,-1.47921760596347,-0.145273973049131,1,0.139082165552256,0.475938665777557
GOBP_POSITIVE_REGULATION_OF_TRANSCRIPTION_BY_RNA_POLYMERASE_I,3,-1.47841821886325,-0.0807925175946939,1,0.139295871881487,0.475938665777557
GOBP_CELL_JUNCTION_MAINTENANCE,3,1.47832771325634,0.151229716475245,1,0.139320083367226,0.475938665777557
GOBP_REGULATION_OF_BMP_SIGNALING_PATHWAY,3,-1.47816536530359,-0.0159050097654091,0.666666666666667,0.139363521779349,0.475938665777557
REACTOME_TGF_BETA_RECEPTOR_SIGNALING_IN_EMT_EPITHELIAL_TO_MESENCHYMAL_TRANSITION,3,-1.47797758198901,0.0014128136465129,0.666666666666667,0.13941377877351,0.475938665777557
GOBP_ORGANOPHOSPHATE_CATABOLIC_PROCESS,3,1.4778099148364,-0.0130385421381159,0.666666666666667,0.139458663809394,0.475938665777557
GOBP_MODIFICATION_OF_SYNAPTIC_STRUCTURE,3,-1.47777334364356,-0.00683909696663833,0.333333333333333,0.139468455512911,0.475938665777557
HALLMARK_XENOBIOTIC_METABOLISM,3,1.47761420074793,0.0948169741293526,0.666666666666667,0.139511071169857,0.475938665777557
GOBP_REGULATION_OF_NEUTROPHIL_MIGRATION,3,-1.47742092633596,0.00483296016379626,0.333333333333333,0.139562840121305,0.475938665777557
GOBP_EMBRYONIC_HEART_TUBE_DEVELOPMENT,3,-1.47739298798339,-0.0169549856193076,0.666666666666667,0.139570324689881,0.475938665777557
GOBP_TYPE_I_INTERFERON_PRODUCTION,3,1.47734083525671,0.0911807938576664,1,0.139584297015295,0.475938665777557
GOBP_NEGATIVE_REGULATION_OF_TRANSLATIONAL_INITIATION,3,1.47709770427955,-0.0737406588148279,0.666666666666667,0.13964944885646,0.475938665777557
GOBP_SULFUR_COMPOUND_BIOSYNTHETIC_PROCESS,3,-1.47624720156948,-0.0833001637694047,1,0.139877542329543,0.47610065148517
GOBP_NEGATIVE_REGULATION_OF_MYELOID_CELL_DIFFERENTIATION,3,-1.47606574201511,-0.0418764056810134,0.666666666666667,0.139926244445224,0.47610065148517
GOBP_HYPEROSMOTIC_RESPONSE,3,1.47588385374806,0.0896968551702737,1,0.13997507471624,0.47610065148517
GOBP_REGULATION_OF_KIDNEY_DEVELOPMENT,3,1.475024175293,0.136831336391673,1,0.140206044024953,0.476570643356824
GOBP_REGULATION_OF_CARDIAC_MUSCLE_CELL_MEMBRANE_REPOLARIZATION,3,1.47337168009006,0.0473994144694897,0.666666666666667,0.140650842219835,0.477688990248217
GOBP_REGULATION_OF_T_CELL_CHEMOTAXIS,3,-1.47283714416074,0.0156334380007419,0.333333333333333,0.140794954008042,0.477688990248217
GOBP_CELL_PROLIFERATION_INVOLVED_IN_HEART_MORPHOGENESIS,3,1.47276622231643,0.00309563304114572,0.666666666666667,0.140814083184541,0.477688990248217
GOBP_REGULATION_OF_PROTEASOMAL_PROTEIN_CATABOLIC_PROCESS,3,-1.47234311570132,-0.00827880273603069,0.666666666666667,0.14092824583865,0.477760706684689
GOBP_T_CELL_ACTIVATION_INVOLVED_IN_IMMUNE_RESPONSE,3,1.4712319853025,0.111294775945422,1,0.141228389899991,0.478139929394706
GOBP_HEAT_GENERATION,2,1.47110273568667,0.14404126566635,1,0.141263335322513,0.478139929394706
GOBP_BONE_RESORPTION,3,-1.47052858910939,0.0862113909169563,0.666666666666667,0.141418648570423,0.478139929394706
GOBP_HEPARIN_METABOLIC_PROCESS,2,1.4702545119764,0.0776613653496041,0.5,0.141492835840199,0.478139929394706
GOBP_REGULATION_OF_CELL_SHAPE,3,-1.47020741681488,-0.00449613654412533,0.666666666666667,0.141505586580988,0.478139929394706
GOBP_T_HELPER_17_TYPE_IMMUNE_RESPONSE,3,1.46968588618329,0.141839816050809,0.666666666666667,0.14164684699454,0.478302568155134
GOBP_REGULATION_OF_CARBOHYDRATE_BIOSYNTHETIC_PROCESS,3,-1.46898290183843,-0.0527300073284373,1,0.141837426891455,0.478631422151453
REACTOME_TRIGLYCERIDE_CATABOLISM,3,-1.46725184754059,-0.0493878180313082,1,0.142307557431665,0.479890339578362
GOBP_REGULATION_OF_CALCIUM_ION_IMPORT,3,1.4669216615994,0.072781416876109,1,0.142397367117879,0.479890339578362
GOBP_NEGATIVE_REGULATION_OF_PROTEIN_MATURATION,3,-1.46620450612808,-0.0548875269210608,0.666666666666667,0.142592581370249,0.480233113388589
GOBP_REGULATION_OF_PROTEIN_CONTAINING_COMPLEX_DISASSEMBLY,3,-1.46528984545368,-0.00650599517011815,0.333333333333333,0.14284185580685,0.480757386254246
GOBP_RRNA_METHYLATION,3,1.46490934438554,0.011390439922414,0.666666666666667,0.142945653030916,0.480791665990035
REACTOME_NONHOMOLOGOUS_END_JOINING_NHEJ,3,1.46403422685461,-0.0329765091061732,0.666666666666667,0.143184596758995,0.481280162928141
REACTOME_RHOJ_GTPASE_CYCLE,3,-1.46223619948979,-0.101045323469964,1,0.14367649502048,0.482056581692134
GOBP_MORPHOGENESIS_OF_EMBRYONIC_EPITHELIUM,3,-1.46087021005492,0.00347291122692553,0.333333333333333,0.144051063318012,0.482056581692134
GOBP_MYELOID_LEUKOCYTE_MIGRATION,3,-1.46081111901616,0.0443897562647002,0.333333333333333,0.144067283563905,0.482056581692134
GOBP_PYRIMIDINE_NUCLEOSIDE_TRIPHOSPHATE_BIOSYNTHETIC_PROCESS,3,1.46062865294448,0.0451559204007581,0.666666666666667,0.144117378583978,0.482056581692134
GOBP_PROTEIN_DEPHOSPHORYLATION,3,-1.46040215594622,-0.00109859308100684,0.666666666666667,0.144179580619124,0.482056581692134
GOBP_REGULATION_OF_CELLULAR_PROTEIN_CATABOLIC_PROCESS,3,-1.46029829651547,-0.00128833222292466,0.333333333333333,0.144208110032794,0.482056581692134
GOBP_NEGATIVE_REGULATION_OF_ION_TRANSMEMBRANE_TRANSPORTER_ACTIVITY,3,1.46024721713395,0.0251969004536574,0.666666666666667,0.144222142746659,0.482056581692134
GOBP_CELLULAR_RESPONSE_TO_UV,3,-1.46005866462125,-0.0416025815404426,1,0.144273951643785,0.482056581692134
GOBP_EMBRYONIC_SKELETAL_SYSTEM_DEVELOPMENT,3,1.45995780351503,-0.0125590177727514,0.666666666666667,0.144301671278887,0.482056581692134
GOBP_PROTEIN_AUTOPHOSPHORYLATION,3,-1.45976681761095,0.00866668184557189,0.333333333333333,0.144354171075253,0.482056581692134
GOBP_REGULATION_OF_PHOSPHOPROTEIN_PHOSPHATASE_ACTIVITY,3,-1.45881930880482,0.00339715570060976,0.666666666666667,0.144614846695077,0.4826132895555
GOBP_SEGMENTATION,3,1.45782576194902,0.0205562423967017,0.666666666666667,0.144888575432973,0.483015131295111
GOBP_REGULATION_OF_MEMBRANE_PROTEIN_ECTODOMAIN_PROTEOLYSIS,3,-1.45769965033205,0.0262900325366514,0.333333333333333,0.144923348388973,0.483015131295111
GOBP_REGULATION_OF_WATER_LOSS_VIA_SKIN,3,-1.45577422836565,-0.0529097717084797,0.666666666666667,0.145455042312189,0.484472825755772
GOBP_REGULATION_OF_CARTILAGE_DEVELOPMENT,3,1.45508167407064,0.0227413437640199,0.666666666666667,0.145646651927475,0.484796632728135
REACTOME_ACYL_CHAIN_REMODELLING_OF_PE,3,1.45472702305645,0.081955461547992,1,0.145744848328851,0.484809288223432
GOBP_POSITIVE_REGULATION_OF_TRANSCRIPTION_FROM_RNA_POLYMERASE_II_PROMOTER_INVOLVED_IN_CELLULAR_RESPONSE_TO_CHEMICAL_STIMULUS,3,-1.45421534429937,-0.0655705308227438,1,0.145886612150914,0.484966757286145
GOBP_RIBONUCLEOSIDE_MONOPHOSPHATE_BIOSYNTHETIC_PROCESS,3,1.45320922059694,0.12260334241741,0.666666666666667,0.146165672845639,0.485580139544116
GOBP_NEGATIVE_REGULATION_OF_HISTONE_ACETYLATION,2,1.45244000638603,0.165925635402837,1,0.146379299200663,0.485975488490373
GOBP_MITOTIC_NUCLEAR_DIVISION,3,-1.45126370120732,-0.0520130488174445,1,0.146706444825953,0.486517576054645
GOBP_DNA_BIOSYNTHETIC_PROCESS,3,-1.45117177674482,-0.06816335885712,1,0.146732033743895,0.486517576054645
GOBP_LAMELLIPODIUM_ORGANIZATION,3,-1.45050906246641,-0.0480372138993155,1,0.146916613868822,0.486689034544989
REACTOME_TRANSCRIPTIONAL_REGULATION_OF_WHITE_ADIPOCYTE_DIFFERENTIATION,3,-1.45030578816212,-0.0361697374551441,0.666666666666667,0.146973265689112,0.486689034544989
GOBP_POSITIVE_REGULATION_OF_T_HELPER_1_TYPE_IMMUNE_RESPONSE,3,1.44914570976559,0.136559072244104,1,0.147296895143026,0.4872802291222
GOBP_NEGATIVE_REGULATION_OF_CELL_MATRIX_ADHESION,3,-1.44898579698808,0.00933712382130932,0.333333333333333,0.147341549031693,0.4872802291222
GOBP_POST_GOLGI_VESICLE_MEDIATED_TRANSPORT,3,-1.44862149133368,-0.088341468368778,1,0.147443316030921,0.487303005878255
REACTOME_BILE_ACID_AND_BILE_SALT_METABOLISM,3,1.44745722039315,0.114491550963843,0.666666666666667,0.147768909667162,0.488065028971411
GOBP_MACROMOLECULE_DEACYLATION,3,-1.4446556286966,-0.0649639034441531,1,0.14855463902949,0.490344875356981
GOBP_XENOBIOTIC_TRANSPORT,3,1.44392076367309,-0.0454633689011706,0.333333333333333,0.14876126521959,0.490711533826469
GOBP_CHONDROITIN_SULFATE_PROTEOGLYCAN_BIOSYNTHETIC_PROCESS,3,-1.44345592522666,-0.00482802263109452,0.666666666666667,0.148892079754678,0.490812204596865
GOBP_CEREBELLAR_PURKINJE_CELL_LAYER_MORPHOGENESIS,3,-1.4431333501296,-0.0541077701818332,0.666666666666667,0.148982910234913,0.490812204596865
KEGG_INOSITOL_PHOSPHATE_METABOLISM,3,-1.44083833653111,-0.0414725219460205,0.666666666666667,0.149630360089413,0.492629185525146
GOBP_CELLULAR_AMINO_ACID_CATABOLIC_PROCESS,3,1.4401235495084,-0.0253908524508766,0.333333333333333,0.149832447559646,0.492900060249066
GOBP_POSITIVE_REGULATION_OF_PROTEIN_BINDING,3,-1.43937531214328,0.00252212839676911,0.333333333333333,0.15004421521774,0.492900060249066
GOBP_REGULATION_OF_DENDRITE_DEVELOPMENT,3,-1.43920265058771,-0.0179824838776595,0.666666666666667,0.150093114641626,0.492900060249066
REACTOME_PLATELET_ACTIVATION_SIGNALING_AND_AGGREGATION,3,-1.43911108959041,0.00561301924314103,0.333333333333333,0.150119050533257,0.492900060249066
GOBP_REGULATION_OF_VESICLE_FUSION,3,1.43885191662889,0.0702420492620654,1,0.150192483311875,0.492900060249066
KEGG_ENDOCYTOSIS,3,-1.43821231146461,0.0391392225391895,0.333333333333333,0.150373823071954,0.493121596454538
GOBP_EPITHELIAL_TUBE_FORMATION,3,-1.43793670651452,0.00060194050195082,0.333333333333333,0.15045201356002,0.493121596454538
GOBP_POSITIVE_REGULATION_OF_MUSCLE_HYPERTROPHY,3,-1.43744479989806,-0.034280409091453,0.666666666666667,0.150591646929996,0.493123410170283
GOBP_OXIDATIVE_DEMETHYLATION,3,1.4372583694323,0.0930460206536199,0.666666666666667,0.15064459317702,0.493123410170283
GOBP_REGULATION_OF_PHOSPHOLIPID_METABOLIC_PROCESS,3,1.43655455430339,0.0557978943004744,0.666666666666667,0.150844604564021,0.493154786206809
REACTOME_AMINO_ACID_TRANSPORT_ACROSS_THE_PLASMA_MEMBRANE,3,1.43631922729139,0.0918271618290459,1,0.150911525326269,0.493154786206809
REACTOME_NUCLEOTIDE_CATABOLISM,3,1.43621125988211,0.0199138374973826,0.666666666666667,0.150942235965168,0.493154786206809
GOBP_CELL_DIFFERENTIATION_IN_HINDBRAIN,3,-1.43567749367714,-0.0296794066118692,0.666666666666667,0.151094132326971,0.493189272608108
GOBP_REGULATION_OF_ENDOTHELIAL_CELL_DEVELOPMENT,3,-1.4354993856331,-0.0873142528424806,0.666666666666667,0.151144843279821,0.493189272608108
GOBP_NEGATIVE_REGULATION_OF_SIGNALING_RECEPTOR_ACTIVITY,3,1.43458046407713,0.10690659487737,0.666666666666667,0.151406684856669,0.49372998947546
GOBP_COLLAGEN_FIBRIL_ORGANIZATION,3,1.43371942886838,0.0908712346498782,1,0.151652345489454,0.494217288346343
GOBP_HINDBRAIN_DEVELOPMENT,3,-1.43231441145474,-0.00917016828232823,0.666666666666667,0.152053860517731,0.494872571882339
GOBP_REGULATION_OF_CYTOPLASMIC_TRANSLATION,3,-1.43219756974262,-0.157631326574209,0.666666666666667,0.152087287056807,0.494872571882339
REACTOME_NITRIC_OXIDE_STIMULATES_GUANYLATE_CYCLASE,3,1.43200467750548,0.00235033430064772,0.666666666666667,0.15214248267177,0.494872571882339
GOBP_REGULATION_OF_PRESYNAPSE_ORGANIZATION,3,1.43126956147831,0.0543831008685955,1,0.152352974029608,0.494945840568618
GOBP_NEURONAL_STEM_CELL_POPULATION_MAINTENANCE,3,1.43125291137151,-0.0659714999350607,0.333333333333333,0.152357744146999,0.494945840568618
GOBP_GOLGI_TO_PLASMA_MEMBRANE_PROTEIN_TRANSPORT,3,-1.43026103471054,-0.0904701180615259,1,0.152642113717897,0.495556192196662
GOBP_NEGATIVE_REGULATION_OF_CYCLIN_DEPENDENT_PROTEIN_SERINE_THREONINE_KINASE_ACTIVITY,3,1.42882373723513,0.0109300262423823,0.666666666666667,0.153054901203,0.496582421085666
GOBP_REGULATION_OF_APPETITE,3,1.42739910184939,0.112578627648187,1,0.153464889580714,0.497598278337465
GOBP_HISTONE_DEACETYLATION,3,-1.42559508641172,-0.0532421043101692,1,0.153985255401612,0.498647175976974
GOBP_KIDNEY_MESENCHYME_DEVELOPMENT,3,1.42549290259727,0.100611131887582,1,0.154014770268585,0.498647175976974
HALLMARK_G2M_CHECKPOINT,3,-1.4252683434371,-0.11687065855187,1,0.154079647249894,0.498647175976974
GOBP_TRABECULA_FORMATION,3,1.42459764762592,0.0527833371224593,1,0.154273540421086,0.498713026502621
GOBP_REGULATION_OF_AUTOPHAGY_OF_MITOCHONDRION,3,-1.42396417612481,0.0243744639739263,0.666666666666667,0.154456842522465,0.498713026502621
GOBP_DECIDUALIZATION,3,1.42350836851276,0.19492177232521,0.666666666666667,0.154588837911019,0.498713026502621
GOBP_NEGATIVE_REGULATION_OF_CHEMOTAXIS,3,1.42343414001887,0.0759605680412405,1,0.154610341536174,0.498713026502621
GOBP_HEART_GROWTH,3,-1.42333833173536,0.00471679848173392,0.666666666666667,0.154638100078031,0.498713026502621
GOBP_SYNAPTIC_TRANSMISSION_DOPAMINERGIC,3,1.42318475619217,0.123995315172046,0.666666666666667,0.154682603430427,0.498713026502621
GOBP_FOCAL_ADHESION_ASSEMBLY,3,-1.42280422743691,-0.0397311200546771,0.666666666666667,0.154792915543375,0.498721658448963
GOBP_REGULATION_OF_INTEGRIN_ACTIVATION,3,-1.42250573783539,-0.0714689009389701,1,0.154879486998851,0.498721658448963
GOBP_POSITIVE_REGULATION_OF_NITRIC_OXIDE_SYNTHASE_BIOSYNTHETIC_PROCESS,3,1.42213553740328,0.0827947181757094,1,0.154986907948232,0.498754861667994
GOBP_SEQUESTERING_OF_TRIGLYCERIDE,3,1.420291800762,0.212141598427344,0.666666666666667,0.155522747203855,0.500092185375383
GOBP_POSITIVE_REGULATION_OF_CELLULAR_RESPONSE_TO_INSULIN_STIMULUS,3,-1.42003594019623,-0.00724956308052603,0.666666666666667,0.155597218113291,0.500092185375383
GOBP_DENDRITE_DEVELOPMENT,3,-1.41842021095252,-0.0289693372268276,0.666666666666667,0.156068118354866,0.501036717924768
GOBP_REGULATION_OF_B_CELL_PROLIFERATION,3,-1.41835822690762,0.0027760829886945,0.666666666666667,0.156086204960987,0.501036717924768
REACTOME_SYNTHESIS_OF_PC,3,1.41644292548246,0.0651366836673879,1,0.156645863528148,0.502219978723766
GOBP_MULTICELLULAR_ORGANISMAL_SIGNALING,3,1.41642745394333,0.0444508142528326,1,0.156650390559866,0.502219978723766
GOBP_MRNA_3_END_PROCESSING,3,-1.4160601497891,-0.0735371896350772,1,0.156757894302567,0.502251119861499
GOBP_CORONARY_VASCULATURE_MORPHOGENESIS,3,1.41498115685704,-0.046135716359857,0.333333333333333,0.157074020897687,0.502925049387293
REACTOME_METABOLISM_OF_ANGIOTENSINOGEN_TO_ANGIOTENSINS,3,-1.41467407844042,0.0250486178946808,0.666666666666667,0.157164077933529,0.502925049387293
KEGG_HYPERTROPHIC_CARDIOMYOPATHY_HCM,3,-1.41396263969742,0.0163655029556359,0.666666666666667,0.157372872279362,0.503279621436367
REACTOME_ENDOSOMAL_SORTING_COMPLEX_REQUIRED_FOR_TRANSPORT_ESCRT,3,-1.41239498582955,-0.0177468395767321,0.333333333333333,0.157833692043802,0.504439229830098
GOBP_NUCLEOTIDE_PHOSPHORYLATION,3,-1.41076511382832,0.0313343680096605,0.333333333333333,0.158313884225615,0.505659272004202
GOBP_CELL_DEATH_IN_RESPONSE_TO_OXIDATIVE_STRESS,3,-1.4099801126419,-0.0185717019810483,1,0.158545555268718,0.506084507060369
GOBP_ENTRY_INTO_HOST,3,1.407566684957,0.0852357054947514,1,0.159259418173388,0.507562380703323
GOBP_NEGATIVE_REGULATION_OF_T_CELL_DIFFERENTIATION,3,1.40709231074541,0.151663603734686,0.666666666666667,0.15940001789297,0.507562380703323
GOBP_SCF_DEPENDENT_PROTEASOMAL_UBIQUITIN_DEPENDENT_PROTEIN_CATABOLIC_PROCESS,3,-1.40694431828518,-0.102395660873961,0.666666666666667,0.159443900572903,0.507562380703323
REACTOME_SIGNALING_BY_NOTCH2,3,-1.40692039025739,0.00884656447115306,0.333333333333333,0.159450996562688,0.507562380703323
REACTOME_REGULATION_OF_FZD_BY_UBIQUITINATION,2,-1.40674618929003,-0.184168852511819,1,0.159502664029432,0.507562380703323
GOBP_CIRCADIAN_REGULATION_OF_GENE_EXPRESSION,3,-1.40627410915547,-0.0490364050502994,0.666666666666667,0.159642745194386,0.507693584717254
GOBP_SPLEEN_DEVELOPMENT,3,-1.40544087323122,0.122239202783848,0.333333333333333,0.159890219771323,0.508111243842847
GOBP_SENSORY_PERCEPTION_OF_BITTER_TASTE,3,1.40516594071161,0.140275559420928,1,0.159971939504261,0.508111243842847
GOBP_QUATERNARY_AMMONIUM_GROUP_TRANSPORT,2,-1.40477607428147,-0.18030821409343,1,0.160087875824999,0.508165222643508
GOBP_ESTABLISHMENT_OF_PROTEIN_LOCALIZATION_TO_CHROMOSOME,3,1.40369839295689,0.027089641614533,0.666666666666667,0.160408681216007,0.508869046772954
KEGG_ARRHYTHMOGENIC_RIGHT_VENTRICULAR_CARDIOMYOPATHY_ARVC,3,-1.40277883500566,-0.0228820665209684,0.666666666666667,0.160682800250467,0.509136702512623
GOBP_NEGATIVE_REGULATION_OF_LIPID_METABOLIC_PROCESS,3,-1.40264974024175,0.0108399993492469,0.666666666666667,0.160721311550298,0.509136702512623
GOBP_FIBROBLAST_PROLIFERATION,3,-1.40215243455604,-0.0120645094186562,0.666666666666667,0.160869732004258,0.509136702512623
GOBP_REGULATION_OF_DNA_REPLICATION,3,-1.40185667761267,-0.150016122397167,0.666666666666667,0.160958049501345,0.509136702512623
GOBP_ENERGY_RESERVE_METABOLIC_PROCESS,3,-1.40175403695277,-0.00879489947583811,0.666666666666667,0.160988708115362,0.509136702512623
GOBP_POSITIVE_REGULATION_OF_INTERFERON_GAMMA_PRODUCTION,3,1.40130075196594,0.117270899685024,1,0.161124156436611,0.509251487666728
GOBP_POSITIVE_REGULATION_OF_BIOMINERALIZATION,3,1.400407666696,0.0212123716903138,0.666666666666667,0.161391275498802,0.509486733796378
REACTOME_SEPARATION_OF_SISTER_CHROMATIDS,3,-1.40038858914932,-0.0901550288786103,1,0.161396985180434,0.509486733796378
REACTOME_CRISTAE_FORMATION,3,1.39962587078568,0.0247846504637054,0.666666666666667,0.161625382649066,0.509894327571008
REACTOME_OLFACTORY_SIGNALING_PATHWAY,3,1.39916824504472,0.116417227274303,1,0.161762536635533,0.51001374349914
HALLMARK_WNT_BETA_CATENIN_SIGNALING,3,-1.3985006817955,0.030879888557253,0.333333333333333,0.161962768071683,0.510331764917891
GOBP_POSITIVE_REGULATION_OF_NUCLEOTIDE_METABOLIC_PROCESS,3,-1.39622302616657,-0.0478707974402017,1,0.162647344803702,0.511862082122224
GOBP_HISTONE_DEUBIQUITINATION,3,1.39559628648581,0.0348511588436845,0.666666666666667,0.162836101346391,0.511862082122224
GOBP_MITOCHONDRIAL_TRANSLATION,3,1.39497329545934,0.0161434720134028,0.666666666666667,0.16302389259265,0.511862082122224
GOBP_CATECHOL_CONTAINING_COMPOUND_METABOLIC_PROCESS,3,1.39469454325616,-0.00138714306747531,0.666666666666667,0.163107971106051,0.511862082122224
GOBP_LAMELLIPODIUM_ASSEMBLY,3,-1.3941309343026,-0.0629443761344222,1,0.163278069300228,0.511862082122224
GOBP_EPITHELIAL_TO_MESENCHYMAL_TRANSITION,3,-1.39381380419222,-0.0111656464788658,0.666666666666667,0.163373838516562,0.511862082122224
GOBP_NEGATIVE_REGULATION_OF_B_CELL_ACTIVATION,3,-1.39368390905732,-0.0369076418691609,0.666666666666667,0.163413077400041,0.511862082122224
GOBP_POSITIVE_REGULATION_OF_PROTEIN_LOCALIZATION_TO_CELL_SURFACE,3,-1.39337834272889,0.0364638918896549,0.666666666666667,0.16350541126923,0.511862082122224
GOBP_SKIN_EPIDERMIS_DEVELOPMENT,3,1.39331054634269,0.0555833802922654,1,0.163525902830778,0.511862082122224
GOBP_GLUTAMINE_METABOLIC_PROCESS,3,1.39325086864586,-0.0457949683580031,0.333333333333333,0.163543942107949,0.511862082122224
GOBP_CELLULAR_RESPONSE_TO_ESTROGEN_STIMULUS,2,1.3930863009734,0.0583104967615417,0.5,0.163593695127882,0.511862082122224
GOBP_DEOXYRIBOSE_PHOSPHATE_CATABOLIC_PROCESS,3,-1.3929153351022,-0.0974118833685526,0.666666666666667,0.163645394568512,0.511862082122224
GOBP_RESPONSE_TO_INTERFERON_GAMMA,3,1.39258922815035,0.142040269437296,0.666666666666667,0.163744042236529,0.511862082122224
GOBP_ENDOSOME_TO_PLASMA_MEMBRANE_PROTEIN_TRANSPORT,2,1.39149466708031,0.0652706635542144,1,0.164075475679733,0.512013682028756
GOBP_CYCLIC_NUCLEOTIDE_BIOSYNTHETIC_PROCESS,3,1.39142435580616,0.0907949372729964,1,0.164096783220135,0.512013682028756
GOBP_DENDRITE_EXTENSION,3,-1.39113377349808,-0.0969883140527512,0.666666666666667,0.164184865097049,0.512013682028756
GOBP_REGULATION_OF_MRNA_PROCESSING,3,-1.39111253810368,-0.108979220150574,1,0.164191303407586,0.512013682028756
GOBP_FIBRINOLYSIS,3,1.3903823860392,0.113988191885143,1,0.164412792254667,0.512393265182021
GOBP_DNA_REPLICATION_CHECKPOINT_SIGNALING,2,-1.38938090615744,-0.211962297403061,1,0.164716953282508,0.512720072959835
GOBP_NEGATIVE_REGULATION_OF_CHROMOSOME_ORGANIZATION,3,-1.38937972205469,-0.0531671134418012,1,0.164717313158826,0.512720072959835
GOBP_ENDOTHELIAL_CELL_CHEMOTAXIS,3,1.38900642399451,0.0851911574580459,1,0.164830796624017,0.512762550854603
REACTOME_FORMATION_OF_THE_BETA_CATENIN_TCF_TRANSACTIVATING_COMPLEX,3,1.38861621898026,0.00518395688943492,0.666666666666667,0.164949482759107,0.512821152209911
GOBP_NUCLEOSIDE_DIPHOSPHATE_METABOLIC_PROCESS,3,-1.38792545455189,0.028047215763917,0.333333333333333,0.165159745849763,0.513164219409791
GOBP_MAST_CELL_ACTIVATION,3,-1.38752044273256,0.0133119423737888,0.666666666666667,0.16528312194966,0.513237070334617
REACTOME_SIGNALING_BY_ERYTHROPOIETIN,3,-1.38585391087092,-0.00472316135170394,0.666666666666667,0.165791516646136,0.514401028168633
GOBP_REGULATION_OF_B_CELL_ACTIVATION,3,-1.38563535942376,-0.0305509432554193,1,0.16585827543755,0.514401028168633
GOBP_POSITIVE_REGULATION_OF_DIGESTIVE_SYSTEM_PROCESS,2,1.38520835412351,0.204377161390007,1,0.165988766954395,0.514495055568964
GOBP_NEGATIVE_REGULATION_OF_NEURON_DEATH,3,-1.38398214820427,0.0419481061087706,0.666666666666667,0.166363921012291,0.515288760609583
REACTOME_TOLL_LIKE_RECEPTOR_CASCADES,3,-1.38371580104666,0.0099086265169539,0.333333333333333,0.16644549335111,0.515288760609583
GOBP_POSITIVE_REGULATION_OF_WNT_SIGNALING_PATHWAY,3,-1.38256662706458,-0.0186946109558522,0.666666666666667,0.166797787887001,0.516068336498576
GOBP_AUDITORY_RECEPTOR_CELL_MORPHOGENESIS,2,-1.38137233319228,-0.0917633076189069,1,0.167164508126546,0.516891579613451
HALLMARK_FATTY_ACID_METABOLISM,3,1.3798759903288,0.00291674680213061,0.333333333333333,0.167624830250083,0.517705316870671
REACTOME_REGULATION_OF_IFNA_SIGNALING,3,1.3798615662211,0.0358607244458296,0.666666666666667,0.16762927218768,0.517705316870671
GOBP_POSITIVE_REGULATION_OF_NUCLEAR_DIVISION,3,1.3794765948436,0.0049937099717657,0.666666666666667,0.167747857691835,0.517760214606528
GOBP_NEGATIVE_REGULATION_OF_FATTY_ACID_METABOLIC_PROCESS,3,-1.37856922164418,-0.0354927759277863,0.666666666666667,0.168027611628388,0.518312200194234
KEGG_PRION_DISEASES,3,-1.37797434508789,-0.0211627551560134,0.666666666666667,0.168211209157814,0.51856708897631
GOBP_CARDIAC_VENTRICLE_DEVELOPMENT,3,1.37763767247912,0.0565702964739399,1,0.168315183579492,0.518576354447674
GOBP_MYELOID_LEUKOCYTE_MEDIATED_IMMUNITY,3,-1.37680777937689,0.0136651268864032,0.666666666666667,0.168571685039001,0.518861889657207
GOBP_NEGATIVE_REGULATION_OF_MUSCLE_CELL_DIFFERENTIATION,3,-1.37602205198321,-0.030315810302857,0.666666666666667,0.168814806112767,0.518861889657207
GOBP_APICAL_JUNCTION_ASSEMBLY,3,-1.37580512770951,-0.0604738025079938,0.666666666666667,0.168881973503263,0.518861889657207
GOBP_REGULATION_OF_SPINDLE_ASSEMBLY,3,-1.37579028774693,-0.0258546314342479,0.666666666666667,0.168886569210678,0.518861889657207
GOBP_REGULATION_OF_SHORT_TERM_NEURONAL_SYNAPTIC_PLASTICITY,2,1.37570500180501,0.159991187772945,1,0.168912982770025,0.518861889657207
GOBP_REGULATION_OF_PROTEIN_LOCALIZATION_TO_CELL_PERIPHERY,3,-1.37470884329739,0.0246749584742253,0.333333333333333,0.169221728492469,0.518906631395025
GOBP_NEGATIVE_REGULATION_OF_CALCIUM_ION_TRANSPORT,3,1.37445573105456,0.0780085876450979,1,0.169300244573325,0.518906631395025
GOBP_POSITIVE_REGULATION_OF_BEHAVIOR,3,1.37441853308399,-0.000617891761013324,0.666666666666667,0.169311785783664,0.518906631395025
GOBP_MATERNAL_PLACENTA_DEVELOPMENT,3,1.37431629583985,0.133649234316773,0.666666666666667,0.169343509412371,0.518906631395025
GOBP_REGULATION_OF_PHOSPHATASE_ACTIVITY,3,-1.37402888784689,-0.00676041933002931,0.666666666666667,0.169432714339847,0.518906631395025
GOBP_REGULATION_OF_HETEROTYPIC_CELL_CELL_ADHESION,3,-1.37331916240339,0.0731653017832912,0.333333333333333,0.169653147980083,0.519272090599348
REACTOME_HDMS_DEMETHYLATE_HISTONES,3,1.37292892685604,-0.041456388634258,0.666666666666667,0.169774442829844,0.519333852515831
GOBP_REGULATION_OF_PROTEIN_LOCALIZATION_TO_PLASMA_MEMBRANE,3,-1.37242612586029,0.0313573092467869,0.333333333333333,0.169930821637518,0.519502797577554
GOBP_POSITIVE_REGULATION_OF_GLUCOSE_TRANSMEMBRANE_TRANSPORT,3,-1.37119658854555,-0.0679902600155424,0.666666666666667,0.170313681379716,0.520251904890389
GOBP_POSITIVE_REGULATION_OF_DENDRITIC_SPINE_DEVELOPMENT,3,-1.37089156124446,-0.0558925657193266,0.666666666666667,0.170408762365224,0.520251904890389
GOBP_REGULATION_OF_DENDRITIC_SPINE_MORPHOGENESIS,3,1.37007837327056,0.00417358959050705,0.666666666666667,0.170662438004913,0.520251904890389
GOBP_REGULATION_OF_RIG_I_SIGNALING_PATHWAY,3,1.36999876947065,0.0906710328134669,0.666666666666667,0.170687285765552,0.520251904890389
GOBP_SECRETION_BY_TISSUE,3,1.36958314774689,0.126013999711713,1,0.170817063148954,0.520251904890389
GOBP_SEGMENT_SPECIFICATION,2,1.36936006164515,0.0482031320796037,0.5,0.170886751990654,0.520251904890389
GOBP_CELLULAR_RESPONSE_TO_INTERLEUKIN_1,3,1.36894015113609,0.1165627028837,0.666666666666667,0.171017983664221,0.520251904890389
GOBP_POSITIVE_REGULATION_OF_MIRNA_TRANSCRIPTION,3,-1.36892701801163,0.0322056305078679,0.333333333333333,0.171022089283911,0.520251904890389
GOBP_SODIUM_ION_HOMEOSTASIS,3,1.36867583104518,0.0723045009313047,1,0.171100628457573,0.520251904890389
GOBP_MHC_CLASS_II_BIOSYNTHETIC_PROCESS,3,-1.3679891036646,-0.0944551587269371,1,0.171315486852185,0.520251904890389
GOBP_REGULATION_OF_KETONE_BIOSYNTHETIC_PROCESS,3,-1.36788733311707,-0.0249009876444501,0.666666666666667,0.171347345278462,0.520251904890389
GOBP_REGULATION_OF_HISTONE_DEACETYLATION,3,-1.36774662985397,-0.00391708682891591,0.333333333333333,0.171391398573703,0.520251904890389
GOBP_PEPTIDYL_THREONINE_DEPHOSPHORYLATION,2,1.3657462225299,0.183208090707078,1,0.172018630892352,0.521672165930864
GOBP_PROSTANOID_METABOLIC_PROCESS,3,1.36522343535694,0.0610357969279676,1,0.172182834750655,0.521672165930864
GOBP_POSITIVE_REGULATION_OF_SIGNAL_TRANSDUCTION_BY_P53_CLASS_MEDIATOR,3,-1.36497186087983,-0.0687318811772998,1,0.172261894345449,0.521672165930864
REACTOME_O_GLYCOSYLATION_OF_TSR_DOMAIN_CONTAINING_PROTEINS,3,1.36496015068722,0.0404061958463439,0.666666666666667,0.172265575042591,0.521672165930864
GOBP_NOTCH_SIGNALING_PATHWAY,3,-1.36356142677725,-0.000255863381214164,0.666666666666667,0.172705639220334,0.522482013688697
GOBP_CARBOHYDRATE_PHOSPHORYLATION,3,-1.36346356383425,0.0093582452534393,0.333333333333333,0.172736460133062,0.522482013688697
GOBP_NEGATIVE_REGULATION_OF_PROTEIN_TYROSINE_KINASE_ACTIVITY,3,-1.36232052427182,-0.0756979251547011,1,0.173096753139854,0.523263639862442
GOBP_EXCRETION,3,1.36188767436393,0.0487955110419138,1,0.173233336605843,0.523368480475063
GOBP_REGULATION_OF_HYDROGEN_PEROXIDE_METABOLIC_PROCESS,2,1.36065207528911,0.252180048518773,0.5,0.173623666427329,0.52360815179456
GOBP_NEGATIVE_REGULATION_OF_RESPONSE_TO_DNA_DAMAGE_STIMULUS,3,-1.36049865235271,-0.0175082169861401,1,0.173672179067489,0.52360815179456
GOBP_POSITIVE_REGULATION_OF_EXTRINSIC_APOPTOTIC_SIGNALING_PATHWAY,3,-1.36012183201979,0.0587309895231296,0.333333333333333,0.173791373396517,0.52360815179456
GOBP_REGULATION_OF_MYELOID_LEUKOCYTE_MEDIATED_IMMUNITY,3,-1.36000518400594,0.00237742936759195,0.666666666666667,0.173828283423448,0.52360815179456
REACTOME_SYNTHESIS_OF_SUBSTRATES_IN_N_GLYCAN_BIOSYTHESIS,3,-1.3599405411889,0.0495037021051923,0.666666666666667,0.17384874037078,0.52360815179456
GOBP_MEIOTIC_CELL_CYCLE_PROCESS,3,-1.35970164036562,-0.0634089542985293,1,0.173924358832072,0.52360815179456
HALLMARK_P53_PATHWAY,3,-1.35893062404691,0.0473244126128388,0.666666666666667,0.174168573599786,0.523850767442818
GOBP_COTRANSLATIONAL_PROTEIN_TARGETING_TO_MEMBRANE,3,-1.35880326318991,-0.0409841753321644,0.666666666666667,0.174208939017199,0.523850767442818
GOBP_REGULATION_OF_BRANCHING_INVOLVED_IN_URETERIC_BUD_MORPHOGENESIS,3,1.35717563546324,0.123412339660293,1,0.174725410419914,0.525096376779799
GOBP_CHAPERONE_MEDIATED_AUTOPHAGY,3,1.3563023712241,0.125583797162813,1,0.175002981349308,0.525472171952384
HALLMARK_HEDGEHOG_SIGNALING,3,-1.35613858207222,-0.0455992561031018,0.666666666666667,0.175055079090835,0.525472171952384
REACTOME_APOPTOTIC_EXECUTION_PHASE,3,-1.35551563661188,-0.0678087701412014,0.666666666666667,0.175253330121054,0.525759990363161
GOBP_PROTEIN_LOCALIZATION_TO_ENDOSOME,3,-1.35462071111786,-0.19323788612603,0.666666666666667,0.175538431338241,0.525896972793849
GOBP_POSITIVE_REGULATION_OF_HISTONE_H3_K4_METHYLATION,3,-1.35414278180368,-0.10979868884954,1,0.17569082949387,0.525896972793849
GOBP_REGULATION_OF_ACTION_POTENTIAL,3,-1.354021125724,-0.0237984179521181,0.666666666666667,0.175729637932906,0.525896972793849
REACTOME_CLASS_C_3_METABOTROPIC_GLUTAMATE_PHEROMONE_RECEPTORS,3,1.35339446249559,0.162632900743921,1,0.175929645568865,0.525896972793849
REACTOME_TRANSLATION,3,1.35308476621813,-0.00763900337103714,0.666666666666667,0.176028551775254,0.525896972793849
GOBP_GERM_CELL_DEVELOPMENT,3,-1.35300942350143,-0.0233452745640917,1,0.176052619884296,0.525896972793849
GOBP_REGULATION_OF_STEROID_BIOSYNTHETIC_PROCESS,3,-1.3529830741969,0.0374015346284466,0.666666666666667,0.176061037706118,0.525896972793849
REACTOME_ABC_FAMILY_PROTEINS_MEDIATED_TRANSPORT,3,1.35280434254191,0.0196693870020367,0.666666666666667,0.176118145094513,0.525896972793849
GOBP_PYRIMIDINE_NUCLEOBASE_METABOLIC_PROCESS,3,-1.35205505249447,-0.0529157489188406,0.666666666666667,0.176357704584442,0.526306316528584
GOBP_MEMBRANE_REPOLARIZATION,3,1.3508328672721,0.0531626635004925,0.666666666666667,0.176748976991955,0.52642514422732
GOBP_POSITIVE_REGULATION_OF_REACTIVE_OXYGEN_SPECIES_BIOSYNTHETIC_PROCESS,3,-1.34993466495147,-0.133306337047698,1,0.177036941104008,0.52642514422732
GOBP_MACROPHAGE_CYTOKINE_PRODUCTION,3,1.34992637138923,0.092463673335983,1,0.177039601651766,0.52642514422732
GOBP_RESPONSE_TO_MINERALOCORTICOID,3,-1.34981356695497,-0.0540587178179662,0.666666666666667,0.177075791904824,0.52642514422732
REACTOME_INTERLEUKIN_17_SIGNALING,3,-1.34957782328221,0.0363646928351066,0.333333333333333,0.177151441682165,0.52642514422732
REACTOME_SYNTHESIS_OF_BILE_ACIDS_AND_BILE_SALTS,3,1.3495226975594,0.0750861793216448,0.666666666666667,0.177169134913226,0.52642514422732
GOBP_NEGATIVE_REGULATION_OF_ENDOTHELIAL_CELL_APOPTOTIC_PROCESS,3,1.34949798297635,0.157610617410891,0.666666666666667,0.177177067768612,0.52642514422732
GOBP_PROTEIN_HOMOOLIGOMERIZATION,3,-1.34937203374123,-0.0242032514345417,1,0.177217498903629,0.52642514422732
REACTOME_SIGNALLING_TO_RAS,3,-1.34850034713906,0.025331740661135,0.333333333333333,0.177497508593285,0.526465794970579
GOBP_RRNA_TRANSCRIPTION,3,-1.34838604368793,-0.05840623254153,1,0.177534250423218,0.526465794970579
GOBP_RESPONSE_TO_COPPER_ION,3,1.34781354199416,0.0871149948977602,1,0.177718361237297,0.526465794970579
GOBP_POSITIVE_REGULATION_OF_B_CELL_ACTIVATION,3,-1.34761479479468,-0.0354668476971858,1,0.177782309577408,0.526465794970579
GOBP_REGULATION_OF_CILIUM_BEAT_FREQUENCY,2,1.34744569157382,0.131683686549227,1,0.177836733242151,0.526465794970579
GOBP_PROTEIN_LOCALIZATION_TO_MICROTUBULE,3,-1.34670710784378,0.0114766755158196,0.666666666666667,0.178074582172717,0.526465794970579
GOBP_SYMPATHETIC_NERVOUS_SYSTEM_DEVELOPMENT,3,-1.34660637267671,-0.0112719139913639,0.666666666666667,0.178107040642668,0.526465794970579
GOBP_REGULATION_OF_NUCLEOCYTOPLASMIC_TRANSPORT,3,-1.34660057593554,-0.0532951722439752,1,0.178108908578674,0.526465794970579
REACTOME_MAP2K_AND_MAPK_ACTIVATION,3,-1.34646149917278,0.0236233898352494,0.333333333333333,0.178153728905542,0.526465794970579
REACTOME_HS_GAG_BIOSYNTHESIS,3,-1.34482283675698,0.0238799546854275,0.333333333333333,0.178682453617894,0.527724601369469
GOBP_RETINOIC_ACID_RECEPTOR_SIGNALING_PATHWAY,3,-1.34432335767788,0.0349772277571393,0.666666666666667,0.178843845581435,0.527741133736748
GOBP_NUCLEOSIDE_MONOPHOSPHATE_METABOLIC_PROCESS,3,1.3441695742654,0.103935704769255,1,0.178893557989813,0.527741133736748
GOBP_POSITIVE_REGULATION_OF_INTERLEUKIN_2_PRODUCTION,3,1.34360590781929,0.124254374499174,0.666666666666667,0.179075858083701,0.527776946585898
GOBP_NEGATIVE_REGULATION_OF_DNA_DAMAGE_RESPONSE_SIGNAL_TRANSDUCTION_BY_P53_CLASS_MEDIATOR,3,-1.3429874746226,-0.125590814056409,1,0.179276029651392,0.527776946585898
GOBP_RESPONSE_TO_DIETARY_EXCESS,3,-1.342747781719,0.0141260418372087,0.666666666666667,0.179353657050916,0.527776946585898
GOBP_RESPONSE_TO_MITOCHONDRIAL_DEPOLARISATION,3,-1.34260854891783,0.0486822375340915,0.666666666666667,0.179398760723758,0.527776946585898
GOBP_LONG_CHAIN_FATTY_ACYL_COA_BIOSYNTHETIC_PROCESS,3,-1.34254453849478,-0.182348359254079,1,0.179419499365066,0.527776946585898
GOBP_POSITIVE_REGULATION_OF_MRNA_SPLICING_VIA_SPLICEOSOME,3,-1.34072188098619,-0.104788608661752,1,0.180010767616148,0.52860099305618
KEGG_CELL_ADHESION_MOLECULES_CAMS,3,1.34066494690316,0.0768366531652888,1,0.180029260266832,0.52860099305618
GOBP_REGULATION_OF_MITOCHONDRIAL_FISSION,3,1.34037051883006,0.0671433121713933,0.333333333333333,0.180124915412709,0.52860099305618
GOBP_SYNAPTIC_TRANSMISSION_CHOLINERGIC,3,-1.34005960879341,0.00871724078787839,0.333333333333333,0.180225966281459,0.52860099305618
GOBP_REGULATION_OF_MITOTIC_CELL_CYCLE_SPINDLE_ASSEMBLY_CHECKPOINT,2,-1.33991284978399,-0.0668363067733709,1,0.180273679999694,0.52860099305618
REACTOME_GASTRIN_CREB_SIGNALLING_PATHWAY_VIA_PKC_AND_MAPK,3,-1.33943301610778,0.0405643994600005,0.333333333333333,0.180429747156552,0.52860099305618
GOBP_WALKING_BEHAVIOR,3,1.3392104623505,0.0327070858074458,0.666666666666667,0.180502167407289,0.52860099305618
GOBP_RIBONUCLEOSIDE_MONOPHOSPHATE_CATABOLIC_PROCESS,2,1.33914644598918,0.103523406104614,1,0.180523002690915,0.52860099305618
REACTOME_REGULATION_OF_INSULIN_SECRETION,3,-1.3381782022353,0.0326814408372859,0.333333333333333,0.180838353007408,0.529222667262704
GOBP_ARGININE_METABOLIC_PROCESS,3,-1.33765273881165,-0.0575399991232708,1,0.181009663959468,0.529233139754173
GOBP_REGULATION_OF_DNA_STRAND_ELONGATION,2,-1.33753514211149,-0.192715495659734,1,0.181048019187711,0.529233139754173
GOBP_OLIGODENDROCYTE_DIFFERENTIATION,3,1.33690147012393,0.0917831712711015,1,0.181254800901108,0.529314516907976
GOBP_RESPONSE_TO_INTERFERON_ALPHA,3,1.33669454126643,0.0639773063476721,1,0.18132236449225,0.529314516907976
GOBP_ICOSANOID_METABOLIC_PROCESS,3,1.33634956065218,0.086374268102045,1,0.181435044417516,0.529314516907976
REACTOME_OXIDATIVE_STRESS_INDUCED_SENESCENCE,3,1.33618719117748,-0.000323325533571249,0.666666666666667,0.181488096626742,0.529314516907976
GOBP_POSITIVE_REGULATION_OF_MACROPHAGE_DERIVED_FOAM_CELL_DIFFERENTIATION,3,1.33563826593821,0.0261047829699356,0.666666666666667,0.181667536378016,0.529537154845342
REACTOME_HEPARAN_SULFATE_HEPARIN_HS_GAG_METABOLISM,3,-1.3346229855354,0.0290178257468234,0.333333333333333,0.181999771161888,0.529929397236828
REACTOME_N_GLYCAN_TRIMMING_IN_THE_ER_AND_CALNEXIN_CALRETICULIN_CYCLE,3,-1.33459644799676,0.0253693520691582,0.666666666666667,0.182008461200499,0.529929397236828
GOBP_NUCLEIC_ACID_PHOSPHODIESTER_BOND_HYDROLYSIS,3,1.33340007251817,-0.0198575242578924,0.333333333333333,0.182400548628372,0.530727429314284
GOBP_ECTODERM_DEVELOPMENT,3,-1.3331297705244,-0.0441206930017725,0.666666666666667,0.182489221216711,0.530727429314284
KEGG_GLYCOLYSIS_GLUCONEOGENESIS,3,-1.33217966195604,0.0510502305792481,0.666666666666667,0.18280115802842,0.530944368008272
GOBP_REGULATION_OF_SYNAPTIC_VESICLE_RECYCLING,3,-1.33201449522349,-0.0287440089204402,0.666666666666667,0.182855425380695,0.530944368008272
GOBP_POSITIVE_REGULATION_OF_LEUKOCYTE_DEGRANULATION,3,-1.33182373482873,-0.00176650205482819,0.666666666666667,0.182918116672219,0.530944368008272
GOBP_MEMBRANE_FUSION,3,1.33164362288981,0.0411951881153609,1,0.182977323086963,0.530944368008272
GOBP_REGULATION_OF_HEART_GROWTH,3,-1.33087410215624,0.0101305384252293,0.666666666666667,0.183230439998777,0.531378622153426
GOBP_NEGATIVE_REGULATION_OF_SINGLE_STRANDED_VIRAL_RNA_REPLICATION_VIA_DOUBLE_STRANDED_DNA_INTERMEDIATE,2,-1.33007989920323,-0.113274114087388,1,0.183491947555277,0.531580315958705
GOBP_GLUTAMINE_FAMILY_AMINO_ACID_BIOSYNTHETIC_PROCESS,3,-1.32995380904053,-0.0560408253103101,0.666666666666667,0.183533490739079,0.531580315958705
GOBP_REGULATION_OF_AEROBIC_RESPIRATION,3,1.3297201576634,0.0924453450575141,1,0.183610490753649,0.531580315958705
GOBP_CELL_KILLING,3,-1.32897053649266,0.00602597385099233,0.666666666666667,0.183857690602133,0.531944578014228
GOBP_MULTICELLULAR_ORGANISMAL_RESPONSE_TO_STRESS,3,1.32871064311557,0.0660298891348593,1,0.183943452210527,0.531944578014228
GOBP_NUCLEOTIDE_BINDING_DOMAIN_LEUCINE_RICH_REPEAT_CONTAINING_RECEPTOR_SIGNALING_PATHWAY,3,-1.32797515650124,-0.0808782080231013,1,0.184186314257771,0.532293293274723
GOBP_POSITIVE_REGULATION_OF_NEURON_PROJECTION_DEVELOPMENT,3,-1.32771790782826,0.00297368415964553,0.666666666666667,0.184271315312005,0.532293293274723
GOBP_CELLULAR_MODIFIED_AMINO_ACID_CATABOLIC_PROCESS,3,-1.32732487224528,-0.0258915393194188,0.666666666666667,0.184401239652064,0.532369177545251
REACTOME_SIGNALING_BY_FGFR,3,-1.32634441882837,0.00405303141180156,0.666666666666667,0.184725640106955,0.532904240921582
GOBP_RESPONSE_TO_DEXAMETHASONE,3,1.32613769774266,0.0532331394745659,0.666666666666667,0.184794091332036,0.532904240921582
GOBP_CELLULAR_RESPONSE_TO_LOW_DENSITY_LIPOPROTEIN_PARTICLE_STIMULUS,3,-1.3246889351775,0.109436356402863,0.333333333333333,0.185274344573676,0.533882642006887
GOBP_NITRIC_OXIDE_SYNTHASE_BIOSYNTHETIC_PROCESS,3,1.32437789213842,0.06602559406497,1,0.185377573133826,0.533882642006887
REACTOME_TRANSPORT_OF_VITAMINS_NUCLEOSIDES_AND_RELATED_MOLECULES,3,1.32406342879704,0.0791278963193896,0.666666666666667,0.185481980056188,0.533882642006887
REACTOME_TOLL_LIKE_RECEPTOR_TLR1_TLR2_CASCADE,3,-1.32377522514549,0.042376894586682,0.333333333333333,0.185577706522145,0.533882642006887
GOBP_NEGATIVE_REGULATION_OF_AXON_EXTENSION,3,1.32343176945667,0.0135311125737324,0.666666666666667,0.185691832584351,0.533882642006887
GOBP_POSITIVE_REGULATION_OF_VACUOLE_ORGANIZATION,3,1.3232355291051,0.00870543941107782,0.666666666666667,0.185757064109483,0.533882642006887
GOBP_DNA_DAMAGE_RESPONSE_SIGNAL_TRANSDUCTION_BY_P53_CLASS_MEDIATOR_RESULTING_IN_CELL_CYCLE_ARREST,3,1.32209849275241,0.0127254015993907,0.666666666666667,0.186135355639778,0.534532972850216
REACTOME_INTERLEUKIN_1_FAMILY_SIGNALING,3,1.32131053765523,0.0351383485048002,1,0.186397841800317,0.534532972850216
REACTOME_FACTORS_INVOLVED_IN_MEGAKARYOCYTE_DEVELOPMENT_AND_PLATELET_PRODUCTION,3,-1.32125335372217,-0.00443251202662904,0.333333333333333,0.186416901737946,0.534532972850216
GOBP_REGULATION_OF_NON_CANONICAL_WNT_SIGNALING_PATHWAY,3,-1.32102274255761,-0.00578572168739086,0.666666666666667,0.186493781202492,0.534532972850216
GOBP_NEGATIVE_REGULATION_OF_AXONOGENESIS,3,1.32099294565801,0.0277788584258284,0.666666666666667,0.186503716383876,0.534532972850216
GOBP_NEGATIVE_REGULATION_OF_INFLAMMATORY_RESPONSE_TO_ANTIGENIC_STIMULUS,3,-1.31880326457011,-0.0580472903808021,1,0.187234892592317,0.53572196953602
GOBP_CELL_FATE_DETERMINATION,3,1.31859494681252,0.0935670576756134,1,0.187304563969615,0.53572196953602
GOBP_CYTOLYSIS,3,1.31815249349781,0.0412075557836185,0.666666666666667,0.187452604927178,0.53572196953602
GOBP_CAMP_METABOLIC_PROCESS,3,1.31777130246486,0.0476965756888342,0.666666666666667,0.187580217323727,0.53572196953602
GOBP_THYMIC_T_CELL_SELECTION,3,-1.31722572657645,-0.0614774061062896,1,0.187762972861636,0.53572196953602
GOBP_CDC42_PROTEIN_SIGNAL_TRANSDUCTION,2,1.31721279212552,0.166719557054337,1,0.187767307203264,0.53572196953602
GOBP_REGULATION_OF_ENDOTHELIAL_CELL_CHEMOTAXIS,3,1.31715187807619,0.0776223359903047,1,0.187787720527545,0.53572196953602
GOBP_INTRINSIC_APOPTOTIC_SIGNALING_PATHWAY_IN_RESPONSE_TO_ENDOPLASMIC_RETICULUM_STRESS,3,-1.31644328724581,0.0498893431673041,0.333333333333333,0.188025301613018,0.53572196953602
GOBP_RESPONSE_TO_CALCIUM_ION,3,-1.31638787354361,-0.0115888655162487,0.666666666666667,0.188043890437254,0.53572196953602
GOBP_SOMATIC_DIVERSIFICATION_OF_IMMUNOGLOBULINS_INVOLVED_IN_IMMUNE_RESPONSE,3,-1.31615123299629,-0.0760339451608262,1,0.188123288041334,0.53572196953602
GOBP_ORGAN_GROWTH,3,-1.31562785443011,0.04414598523083,0.333333333333333,0.188298979792942,0.53572196953602
GOBP_CERAMIDE_CATABOLIC_PROCESS,2,1.31525484499457,0.142945840495147,1,0.188424268332664,0.53572196953602
GOBP_TOOTH_MINERALIZATION,3,-1.31504479449033,0.0283681234682527,0.666666666666667,0.188494848354151,0.53572196953602
REACTOME_RECOGNITION_OF_DNA_DAMAGE_BY_PCNA_CONTAINING_REPLICATION_COMPLEX,3,-1.3150309112547,-0.136227684264595,1,0.188499514009995,0.53572196953602
GOBP_ANIMAL_ORGAN_MATURATION,3,1.31484647228662,0.0578644903214764,1,0.188561505392237,0.53572196953602
REACTOME_SYNTHESIS_OF_GLYCOSYLPHOSPHATIDYLINOSITOL_GPI,2,-1.31476919131189,-0.20751396959005,1,0.188587484603023,0.53572196953602
REACTOME_DOWNREGULATION_OF_ERBB2_SIGNALING,3,-1.31363257549091,0.0464090152550836,0.333333333333333,0.188969880806838,0.536511502390228
GOBP_FOREBRAIN_REGIONALIZATION,3,1.31283116447864,0.0639494131587907,0.666666666666667,0.189239846161304,0.536981132532848
GOBP_CATECHOLAMINE_UPTAKE,3,1.31223039093129,0.0955683038396395,0.666666666666667,0.189442410631545,0.536990627452315
REACTOME_GOLGI_ASSOCIATED_VESICLE_BIOGENESIS,3,-1.3120193620434,-0.0574656565681452,0.666666666666667,0.189513601733387,0.536990627452315
GOBP_BLASTOCYST_GROWTH,3,-1.31189117650467,-0.0948295290301225,0.666666666666667,0.189556855056668,0.536990627452315
REACTOME_THE_PHOTOTRANSDUCTION_CASCADE,3,1.31100949476786,0.0883773208700718,0.666666666666667,0.189854555818634,0.537352167929036
REACTOME_MITOCHONDRIAL_CALCIUM_ION_TRANSPORT,3,-1.3108935580946,-0.120934779569712,1,0.18989372756838,0.537352167929036
GOBP_REGULATION_OF_PHOSPHATIDYLINOSITOL_3_KINASE_ACTIVITY,3,-1.30958383613297,-0.10115456882509,0.666666666666667,0.190336659509969,0.538137453961465
GOBP_LINOLEIC_ACID_METABOLIC_PROCESS,3,1.30923006577018,0.0176968020203811,0.333333333333333,0.190456430724739,0.538137453961465
GOBP_REGULATION_OF_T_HELPER_1_TYPE_IMMUNE_RESPONSE,3,1.30914401917895,0.147632441669365,1,0.19048557073636,0.538137453961465
GOBP_NEGATIVE_REGULATION_OF_RELEASE_OF_CYTOCHROME_C_FROM_MITOCHONDRIA,3,-1.30691210800649,0.0285284052745972,0.666666666666667,0.191242563438407,0.539770541198328
GOBP_ARF_PROTEIN_SIGNAL_TRANSDUCTION,3,-1.30682006524131,-0.00870229615539142,0.333333333333333,0.191273828851432,0.539770541198328
GOBP_POSITIVE_REGULATION_OF_DNA_TEMPLATED_TRANSCRIPTION_ELONGATION,3,-1.30524087875614,-0.0604406405609441,0.666666666666667,0.191810838485244,0.54098872403087
GOBP_OSTEOBLAST_DIFFERENTIATION,3,-1.30446562858505,-0.0206404222713221,0.666666666666667,0.192074871311375,0.54143608071088
GOBP_EPITHELIAL_CELL_MORPHOGENESIS,3,-1.30389246413696,0.0651351973553985,0.333333333333333,0.192270250032558,0.541621512088367
GOBP_EXTRACELLULAR_TRANSPORT,3,-1.30365404402309,-0.0652295846611701,1,0.192351565040728,0.541621512088367
GOBP_GLIAL_CELL_APOPTOTIC_PROCESS,3,-1.30239126436066,-0.0286792730220981,1,0.192782667301734,0.541913519134215
REACTOME_MITOTIC_G2_G2_M_PHASES,3,-1.30235772897745,-0.0470384123613666,1,0.192794125667288,0.541913519134215
GOBP_POSITIVE_REGULATION_OF_TRANSMEMBRANE_RECEPTOR_PROTEIN_SERINE_THREONINE_KINASE_SIGNALING_PATHWAY,3,-1.3018310624431,-0.0327975555029014,1,0.192974142675022,0.541913519134215
GOBP_POSITIVE_REGULATION_OF_ANION_TRANSPORT,3,1.30159242922317,0.0353560661051406,1,0.19305574923437,0.541913519134215
GOBP_SLEEP,3,-1.3013184497633,-0.00822493227746841,0.333333333333333,0.193149474580779,0.541913519134215
GOBP_REGULATION_OF_MAST_CELL_ACTIVATION,3,-1.30080745737869,0.0305137544098576,0.333333333333333,0.193324368731426,0.541913519134215
GOBP_CELL_VOLUME_HOMEOSTASIS,3,1.30079284481982,0.0424486560049557,1,0.19332937179023,0.541913519134215
GOBP_REGULATION_OF_PEPTIDYL_TYROSINE_PHOSPHORYLATION,3,-1.30073031622427,0.00802205145318052,0.333333333333333,0.193350781451552,0.541913519134215
GOBP_NEGATIVE_REGULATION_OF_BMP_SIGNALING_PATHWAY,3,-1.30036815031196,-0.0356253218440633,1,0.193474820562306,0.541913519134215
GOBP_CARDIAC_MUSCLE_CONTRACTION,3,1.30026430948248,0.0892147131903442,1,0.193510396045979,0.541913519134215
GOBP_CELLULAR_RESPIRATION,3,1.29829186384438,0.035772197676419,0.666666666666667,0.194187061152753,0.542896580404579
GOBP_RESPONSE_TO_OXYGEN_RADICAL,3,-1.29822860552757,0.0303889834998028,0.333333333333333,0.194208791188493,0.542896580404579
REACTOME_METAL_ION_SLC_TRANSPORTERS,3,-1.29822335159438,-0.0658472633142698,0.666666666666667,0.194210596061579,0.542896580404579
GOBP_ANOIKIS,3,-1.29779837987249,-0.00174189657994525,0.666666666666667,0.194356626514077,0.542896580404579
GOBP_REGULATION_OF_TRANSMEMBRANE_RECEPTOR_PROTEIN_SERINE_THREONINE_KINASE_SIGNALING_PATHWAY,3,-1.29729122006857,-0.00876567662854825,0.666666666666667,0.194531004198981,0.542896580404579
GOBP_REGULATION_OF_GENE_EXPRESSION_EPIGENETIC,3,-1.29725316029478,-0.045517499650333,1,0.194544094989877,0.542896580404579
REACTOME_RHO_GTPASES_ACTIVATE_WASPS_AND_WAVES,3,-1.2970866807303,-0.0278469516196715,0.666666666666667,0.194601363809352,0.542896580404579
GOBP_BINDING_OF_SPERM_TO_ZONA_PELLUCIDA,3,1.29536780900699,0.0804947180310785,0.666666666666667,0.195193377390449,0.544252544124511
GOBP_POSITIVE_REGULATION_OF_SUBSTRATE_ADHESION_DEPENDENT_CELL_SPREADING,3,-1.29462881874717,0.00797675451301723,0.666666666666667,0.195448305883628,0.544575536347701
GOBP_REGULATION_OF_PROTON_TRANSPORT,3,-1.29441741332513,-0.0717865476804752,0.666666666666667,0.195521279015802,0.544575536347701
KEGG_ACUTE_MYELOID_LEUKEMIA,3,-1.29352129079312,0.0554232070512382,0.666666666666667,0.195830825256656,0.545142069657553
GOBP_REGULATION_OF_TOLL_LIKE_RECEPTOR_4_SIGNALING_PATHWAY,3,1.29303821219616,0.225945743685604,0.666666666666667,0.195997843285399,0.545311442640199
GOBP_REGULATION_OF_VIRAL_TRANSCRIPTION,3,-1.29261805421568,-0.0655637728927202,0.666666666666667,0.196143192198013,0.545420376355708
GOBP_POSITIVE_REGULATION_OF_BLOOD_VESSEL_ENDOTHELIAL_CELL_MIGRATION,3,-1.29185737328221,0.0372068708167603,0.333333333333333,0.196406542082243,0.545575045313755
GOBP_KINETOCHORE_ORGANIZATION,3,1.29180833626123,-0.0683692259213307,0.333333333333333,0.196423527719646,0.545575045313755
REACTOME_INTEGRIN_CELL_SURFACE_INTERACTIONS,3,-1.29142522150838,0.0222860588685223,0.666666666666667,0.196556269569001,0.545575045313755
GOBP_NEGATIVE_REGULATION_OF_GENE_EXPRESSION_EPIGENETIC,3,-1.29106065501477,-0.0453841936242873,1,0.196682645803675,0.545575045313755
REACTOME_REGULATION_OF_TP53_ACTIVITY_THROUGH_PHOSPHORYLATION,3,-1.29041755289742,-0.11584330689482,0.666666666666667,0.196905720899454,0.545575045313755
GOBP_CYTOPLASMIC_TRANSLATIONAL_INITIATION,3,1.29014941006168,-0.0495998108270658,0.333333333333333,0.196998787253747,0.545575045313755
GOBP_REGULATION_OF_POSTSYNAPTIC_NEUROTRANSMITTER_RECEPTOR_ACTIVITY,2,1.28999108538223,0.125864259515141,1,0.197053753312645,0.545575045313755
GOBP_REGULATION_OF_INTRINSIC_APOPTOTIC_SIGNALING_PATHWAY_IN_RESPONSE_TO_DNA_DAMAGE_BY_P53_CLASS_MEDIATOR,3,-1.28995601298173,-0.0488029081686634,0.666666666666667,0.197065931023228,0.545575045313755
GOBP_CELLULAR_RESPONSE_TO_INTERFERON_BETA,3,1.28923068248159,0.143788848624966,1,0.197317901159561,0.545575045313755
GOBP_NEGATIVE_REGULATION_OF_INTERLEUKIN_2_PRODUCTION,3,-1.2886304774108,0.0186660233553362,0.666666666666667,0.197526582628805,0.545575045313755
GOBP_RESPONSE_TO_TYPE_I_INTERFERON,3,1.28822913163995,0.135449440961794,1,0.19766621405743,0.545575045313755
GOBP_CD4_POSITIVE_ALPHA_BETA_T_CELL_DIFFERENTIATION,3,1.28762708341979,0.125101384551346,0.666666666666667,0.197875806897997,0.545575045313755
GOBP_NEGATIVE_REGULATION_OF_SODIUM_ION_TRANSPORT,2,1.28757880318516,0.0901169971365093,1,0.197892621879306,0.545575045313755
REACTOME_NRIF_SIGNALS_CELL_DEATH_FROM_THE_NUCLEUS,3,-1.28734782233327,0.0535085814352908,0.333333333333333,0.197973082072916,0.545575045313755
GOBP_ALDITOL_METABOLIC_PROCESS,3,1.28725146529757,0.0693196365203148,1,0.198006654290778,0.545575045313755
GOBP_NEGATIVE_REGULATION_OF_SMOOTH_MUSCLE_CELL_PROLIFERATION,3,1.2870545361363,0.0722178978644827,1,0.198075280279091,0.545575045313755
GOBP_REGULATION_OF_OXIDATIVE_STRESS_INDUCED_INTRINSIC_APOPTOTIC_SIGNALING_PATHWAY,3,-1.28674541750388,0.021727120203136,0.666666666666667,0.198183037204701,0.545575045313755
GOBP_POSITIVE_REGULATION_OF_RESPONSE_TO_DNA_DAMAGE_STIMULUS,3,-1.28668668803323,-0.092045330040706,1,0.198203514796461,0.545575045313755
GOBP_DEOXYRIBONUCLEOSIDE_MONOPHOSPHATE_METABOLIC_PROCESS,3,1.28664772329188,0.100404897134028,1,0.198217101743666,0.545575045313755
GOBP_POSITIVE_REGULATION_OF_INTERLEUKIN_12_PRODUCTION,3,1.28633598462863,0.0786012567159147,1,0.198325829077516,0.545581927231988
GOBP_RESPONSE_TO_LIGHT_INTENSITY,2,1.28532834670361,0.163328264699335,1,0.198677568519056,0.546256954986014
GOBP_REGULATION_OF_DELAYED_RECTIFIER_POTASSIUM_CHANNEL_ACTIVITY,2,-1.28383031902391,-0.0874857956647152,1,0.199201332580557,0.546730410693843
GOBP_NEURON_RECOGNITION,3,1.28367956563081,-0.0212634722593272,0.666666666666667,0.199254097186054,0.546730410693843
GOBP_CARDIAC_MUSCLE_CELL_ACTION_POTENTIAL_INVOLVED_IN_CONTRACTION,3,1.28364297592625,0.0183637581261281,0.666666666666667,0.19926690534548,0.546730410693843
REACTOME_ZBP1_DAI_MEDIATED_INDUCTION_OF_TYPE_I_IFNS,3,-1.28361822342984,0.100905780491263,0.333333333333333,0.199275570252896,0.546730410693843
REACTOME_GRB2_EVENTS_IN_ERBB2_SIGNALING,2,1.28246440374099,0.0951270005921287,1,0.199679784221513,0.547441797683167
GOBP_POSITIVE_REGULATION_OF_CHROMOSOME_ORGANIZATION,3,-1.28212363532654,-0.105134617155593,1,0.199799279012964,0.547441797683167
REACTOME_FGFR2_ALTERNATIVE_SPLICING,3,1.28191370978836,0.0199944857881869,0.666666666666667,0.199872918073436,0.547441797683167
GOBP_PROTEIN_MONOUBIQUITINATION,3,-1.28106699689184,-0.087114725485987,1,0.200170134795238,0.547441797683167
GOBP_REGULATION_OF_T_CELL_MIGRATION,3,-1.28036551969883,0.0305736575245234,0.333333333333333,0.200416614579895,0.547441797683167
GOBP_REGULATION_OF_RETINOIC_ACID_RECEPTOR_SIGNALING_PATHWAY,3,-1.28033338160023,-0.0938497666908689,1,0.200427912328736,0.547441797683167
GOBP_REGULATION_OF_SYNAPTIC_VESICLE_EXOCYTOSIS,3,-1.28031914390663,0.0227355777386836,0.333333333333333,0.200432917561433,0.547441797683167
REACTOME_GLYCOLYSIS,3,-1.27974873173335,0.000869745774325359,0.666666666666667,0.20063351987838,0.547441797683167
GOBP_STEROID_CATABOLIC_PROCESS,3,1.27971506157654,0.0815294132439222,1,0.200645365563475,0.547441797683167
GOBP_SPHINGOLIPID_METABOLIC_PROCESS,3,-1.2792059727882,-0.0156616345355119,0.666666666666667,0.200824533128401,0.547441797683167
GOBP_REGULATION_OF_PRODUCTION_OF_MOLECULAR_MEDIATOR_OF_IMMUNE_RESPONSE,3,1.27885468044779,0.0723039826647754,1,0.200948234221727,0.547441797683167
REACTOME_RESPONSE_OF_EIF2AK1_HRI_TO_HEME_DEFICIENCY,3,1.27811567764782,-0.0244490283823367,0.666666666666667,0.201208641847587,0.547441797683167
GOBP_EPITHELIAL_CELL_DEVELOPMENT,3,-1.27725505012216,0.0158938217817199,0.333333333333333,0.201512217402992,0.547441797683167
REACTOME_SIGNALING_BY_ERBB2_IN_CANCER,3,-1.27709618921117,-0.0500947042155693,0.666666666666667,0.201568290094523,0.547441797683167
GOBP_RNA_POLYMERASE_II_PREINITIATION_COMPLEX_ASSEMBLY,3,-1.27673383693647,-0.0713782402600658,1,0.201696231136555,0.547441797683167
GOBP_REGULATION_OF_CELLULAR_RESPONSE_TO_TRANSFORMING_GROWTH_FACTOR_BETA_STIMULUS,3,-1.27645769688865,0.0156012578537227,0.333333333333333,0.201793771710062,0.547441797683167
GOBP_POSITIVE_REGULATION_OF_GLYCOLYTIC_PROCESS,3,-1.27644251313798,-0.153218909829433,0.666666666666667,0.201799136043003,0.547441797683167
GOBP_XENOBIOTIC_METABOLIC_PROCESS,3,1.27637550301568,0.0754264924620909,1,0.201822811580846,0.547441797683167
GOBP_COLLAGEN_BIOSYNTHETIC_PROCESS,3,1.27632097739599,0.135975797070294,0.666666666666667,0.201842077677661,0.547441797683167
GOBP_POSITIVE_REGULATION_OF_DEPHOSPHORYLATION,3,-1.27629782231155,0.0592042566775038,0.666666666666667,0.201850259706891,0.547441797683167
GOBP_VERY_LONG_CHAIN_FATTY_ACID_METABOLIC_PROCESS,3,-1.27629617334787,-0.0754972034239197,1,0.201850842390259,0.547441797683167
GOBP_MEIOSIS_I_CELL_CYCLE_PROCESS,3,-1.27569942247083,-0.0826115478715955,1,0.202061792825425,0.547441797683167
GOBP_MONOCYTE_DIFFERENTIATION,3,-1.27565166420804,0.0822208808241982,0.333333333333333,0.202078682233702,0.547441797683167
REACTOME_METABOLIC_DISORDERS_OF_BIOLOGICAL_OXIDATION_ENZYMES,3,1.27554780951161,0.0251588386144351,0.666666666666667,0.202115413343551,0.547441797683167
GOBP_NEGATIVE_REGULATION_OF_MITOCHONDRION_ORGANIZATION,3,-1.27511088155542,0.0437471927173754,0.666666666666667,0.202269998404951,0.547441797683167
GOBP_MITOTIC_G2_DNA_DAMAGE_CHECKPOINT_SIGNALING,3,1.27500865566216,0.0208401688549404,0.666666666666667,0.202306178349426,0.547441797683167
KEGG_CITRATE_CYCLE_TCA_CYCLE,3,1.27450823872454,0.0197657245968621,0.666666666666667,0.202483354728921,0.547632706628614
GOBP_DIOL_METABOLIC_PROCESS,3,1.27418378630998,0.00830407513026142,0.666666666666667,0.202598289947546,0.547655166931892
GOBP_NEGATIVE_REGULATION_OF_TRANSMEMBRANE_RECEPTOR_PROTEIN_SERINE_THREONINE_KINASE_SIGNALING_PATHWAY,3,-1.27359320062042,-0.00374184110004683,0.666666666666667,0.202807623190947,0.54772181507264
GOBP_PROTEIN_LOCALIZATION_TO_PLASMA_MEMBRANE,3,-1.27337102037864,0.012704167849006,0.333333333333333,0.20288641580468,0.54772181507264
GOBP_RESPONSE_TO_TEMPERATURE_STIMULUS,3,-1.27321185035889,0.000132091305680075,0.666666666666667,0.202942876573838,0.54772181507264
GOBP_REGULATION_OF_CATION_CHANNEL_ACTIVITY,3,1.27155793898321,0.0507849062312898,1,0.203530229191001,0.548675359679346
GOBP_ATTACHMENT_OF_MITOTIC_SPINDLE_MICROTUBULES_TO_KINETOCHORE,2,-1.27144904723487,-0.19116892909983,1,0.203568943231408,0.548675359679346
GOBP_POSITIVE_REGULATION_OF_PROTEIN_KINASE_B_SIGNALING,3,-1.27114052948368,-0.0103386532416222,0.666666666666667,0.20367865896846,0.548675359679346
GOBP_AXIS_ELONGATION,3,1.27101446435235,0.0824200674184055,0.666666666666667,0.203723502902748,0.548675359679346
GOBP_OVULATION_CYCLE_PROCESS,3,-1.27013426844509,-0.0401342173272217,0.666666666666667,0.204036806776269,0.549231152831717
REACTOME_TIE2_SIGNALING,3,-1.26958835902951,-0.0654885109479179,0.666666666666667,0.204231298154329,0.549466708915994
REACTOME_INTERLEUKIN_RECEPTOR_SHC_SIGNALING,3,-1.26918540504222,-0.0348082707890768,1,0.204374945240836,0.549565297778499
GOBP_P_BODY_ASSEMBLY,3,1.26851334256463,-0.0503748134155175,0.333333333333333,0.204614688980366,0.549922052644249
GOBP_REGULATION_OF_SUPEROXIDE_ANION_GENERATION,3,-1.26810429361314,0.00105200568182578,0.666666666666667,0.204760708434052,0.550026672864691
REACTOME_APC_CDC20_MEDIATED_DEGRADATION_OF_NEK2A,3,-1.2673377324439,-0.0702851940456317,1,0.205034554152713,0.550426059047928
GOBP_NEUTRAL_LIPID_METABOLIC_PROCESS,3,1.26702967622647,0.0658328260252346,1,0.205144678886835,0.550426059047928
GOBP_FOREBRAIN_NEURON_DEVELOPMENT,3,1.26678857006932,0.0184125877466854,0.666666666666667,0.205230900131772,0.550426059047928
GOBP_NEGATIVE_REGULATION_OF_CHONDROCYTE_DIFFERENTIATION,3,1.26589177962763,0.0330922252477921,0.666666666666667,0.205551829852886,0.550999059563895
GOBP_REGULATION_OF_ANIMAL_ORGAN_FORMATION,3,1.26542630255443,0.0824262609019729,0.666666666666667,0.205718551408989,0.551158309878232
GOBP_CYTOPLASMIC_SEQUESTERING_OF_TRANSCRIPTION_FACTOR,2,1.26346402789787,0.0932355138675847,1,0.206422466383399,0.552344846037828
GOBP_COENZYME_A_METABOLIC_PROCESS,3,-1.26333521760272,-0.135054200878302,1,0.20646873482335,0.552344846037828
GOBP_REGULATION_OF_CELL_COMMUNICATION_BY_ELECTRICAL_COUPLING,2,1.26315314162561,0.0306149367105672,0.5,0.206534149050556,0.552344846037828
GOBP_AMINO_ACID_TRANSMEMBRANE_TRANSPORT,3,1.26299326994347,0.0397665650937371,0.666666666666667,0.206591598372015,0.552344846037828
KEGG_GLYOXYLATE_AND_DICARBOXYLATE_METABOLISM,2,1.26147471095415,0.105118030862922,1,0.207137865724169,0.553517210384667
REACTOME_TRANSFERRIN_ENDOCYTOSIS_AND_RECYCLING,3,1.25978080312886,0.141511898234,0.666666666666667,0.207748446751809,0.554860126114036
GOBP_POSITIVE_REGULATION_OF_INSULIN_SECRETION,3,-1.25924996252582,-0.0193065437849798,0.666666666666667,0.2079400603717,0.555083238081627
GOBP_TRICARBOXYLIC_ACID_CYCLE,3,1.25711005965472,0.0280857417127274,0.666666666666667,0.208713784980807,0.556590700677998
GOBP_NEGATIVE_REGULATION_OF_CARBOHYDRATE_METABOLIC_PROCESS,3,-1.2566800752061,-0.00814082099420745,0.666666666666667,0.208869505847524,0.556590700677998
REACTOME_PYRUVATE_METABOLISM_AND_CITRIC_ACID_TCA_CYCLE,3,1.25641007892954,0.0522417692721099,0.666666666666667,0.208967329270994,0.556590700677998
REACTOME_GENE_SILENCING_BY_RNA,3,1.25624407494496,-0.0110196921991347,0.666666666666667,0.209027491310319,0.556590700677998
GOBP_NEGATIVE_REGULATION_OF_CALCINEURIN_MEDIATED_SIGNALING,2,-1.256191289329,-0.0968906826702907,1,0.209046624144832,0.556590700677998
GOBP_REGULATION_OF_MEMBRANE_LIPID_DISTRIBUTION,3,-1.25569486023309,-0.0406849748336956,0.666666666666667,0.209226623418409,0.556781314962149
REACTOME_RET_SIGNALING,3,-1.25529317207591,0.00298425411270005,0.666666666666667,0.209372352908873,0.556852817327295
GOBP_REGULATION_OF_STRIATED_MUSCLE_CONTRACTION,3,1.25502320713286,0.104001026756401,1,0.20947033548994,0.556852817327295
GOBP_POSITIVE_REGULATION_OF_FATTY_ACID_BIOSYNTHETIC_PROCESS,3,1.25423700606113,0.16568407901138,1,0.209755872852063,0.557045929060269
GOBP_GOLGI_ORGANIZATION,3,-1.2539806532369,-0.0472782296416543,1,0.209849037551254,0.557045929060269
GOBP_THYMUS_DEVELOPMENT,3,-1.25392750870761,0.011397638049252,0.666666666666667,0.209868355282636,0.557045929060269
GOBP_VITAMIN_TRANSPORT,3,1.253316509149,0.0797569670238549,1,0.210090542605416,0.55734763782098
GOBP_ANTIGEN_PROCESSING_AND_PRESENTATION_OF_EXOGENOUS_PEPTIDE_ANTIGEN_VIA_MHC_CLASS_II,3,1.25204791827161,0.102966144078001,0.666666666666667,0.210552403771374,0.558196593203636
GOBP_NEUTROPHIL_MIGRATION,3,-1.25173457841708,0.0403171834282353,0.333333333333333,0.210666595766499,0.558196593203636
GOBP_RESPONSE_TO_ACTIVITY,3,1.25154254049912,0.0306176756495613,1,0.210736603236341,0.558196593203636
GOBP_NCRNA_CATABOLIC_PROCESS,3,1.24935622683071,-0.0419213140984182,0.333333333333333,0.211534811126229,0.559734832510126
GOBP_UTERUS_DEVELOPMENT,3,1.24934284382765,0.0542880040554934,1,0.211539703888326,0.559734832510126
GOBP_MAINTENANCE_OF_GASTROINTESTINAL_EPITHELIUM,3,-1.24905684182858,-0.0366447845728033,0.666666666666667,0.211644284410955,0.559734832510126
GOBP_PYRIMIDINE_DEOXYRIBONUCLEOTIDE_METABOLIC_PROCESS,3,-1.24810539250096,-0.0880474033818599,0.666666666666667,0.211992463752196,0.560367109537456
GOBP_POSITIVE_REGULATION_OF_NF_KAPPAB_TRANSCRIPTION_FACTOR_ACTIVITY,3,1.2472815522182,0.0227076102702409,1,0.212294279233668,0.560876243901296
REACTOME_LYSOSOME_VESICLE_BIOGENESIS,3,-1.24650323394414,-0.00969150951151193,0.333333333333333,0.212579702685807,0.561341569662882
GOBP_REGULATION_OF_NITRIC_OXIDE_METABOLIC_PROCESS,3,-1.24597634566185,-0.00695259871663942,0.333333333333333,0.212773079440887,0.561563482018703
GOBP_POSITIVE_REGULATION_OF_MUSCLE_CONTRACTION,3,1.24520768128511,0.120784335076843,1,0.21305541982022,0.562019843963355
KEGG_BASAL_TRANSCRIPTION_FACTORS,3,-1.24457620669292,-0.0956939536352948,0.666666666666667,0.213287570905021,0.562343410763957
GOBP_ESTABLISHMENT_OR_MAINTENANCE_OF_MONOPOLAR_CELL_POLARITY,3,-1.24343835649511,-0.00840217107425911,0.666666666666667,0.213706343310871,0.562692142075386
REACTOME_PI3K_EVENTS_IN_ERBB2_SIGNALING,2,1.2431131050116,0.090166686028305,1,0.213826157252961,0.562692142075386
GOBP_SPINDLE_LOCALIZATION,3,-1.24273823520266,-0.0416580945536306,1,0.213964309363632,0.562692142075386
REACTOME_FCERI_MEDIATED_CA_2_MOBILIZATION,3,-1.24272219285194,-0.0883101180794678,1,0.213970222944813,0.562692142075386
REACTOME_REGULATION_OF_MECP2_EXPRESSION_AND_ACTIVITY,3,-1.2425951618852,-0.00156884194662361,0.666666666666667,0.214017053657554,0.562692142075386
GOBP_POSITIVE_REGULATION_OF_MICROTUBULE_POLYMERIZATION_OR_DEPOLYMERIZATION,3,-1.24237219385181,-0.0250745303076868,0.666666666666667,0.214099270009967,0.562692142075386
REACTOME_ACTIVATION_OF_AMPK_DOWNSTREAM_OF_NMDARS,3,-1.24211919508351,0.0581711063509112,0.333333333333333,0.21419258736338,0.562692142075386
GOBP_POSITIVE_REGULATION_OF_CANONICAL_WNT_SIGNALING_PATHWAY,3,-1.24183808877309,-0.0171618147569585,1,0.214296306444598,0.562692142075386
REACTOME_TERMINATION_OF_TRANSLESION_DNA_SYNTHESIS,3,-1.24103432809735,-0.0664630833047281,1,0.21459306779743,0.563183442109148
GOBP_REGULATION_OF_MESENCHYMAL_CELL_PROLIFERATION,3,1.24065049018343,0.0115246254289182,0.666666666666667,0.214734891403243,0.56326782545815
REACTOME_TAK1_ACTIVATES_NFKB_BY_PHOSPHORYLATION_AND_ACTIVATION_OF_IKKS_COMPLEX,3,-1.2399116200829,0.0181317137455525,0.333333333333333,0.215008085423557,0.563696542488713
KEGG_GALACTOSE_METABOLISM,3,1.23895934727283,0.120786896768243,1,0.215360553504436,0.56404720869081
REACTOME_FOXO_MEDIATED_TRANSCRIPTION_OF_CELL_DEATH_GENES,3,-1.23875228115252,-0.0233371777447886,0.666666666666667,0.215437250684977,0.56404720869081
GOBP_ESTABLISHMENT_OR_MAINTENANCE_OF_BIPOLAR_CELL_POLARITY,3,-1.23866035823893,-0.0490743782159489,1,0.21547130518913,0.56404720869081
GOBP_INTERFERON_ALPHA_PRODUCTION,3,1.23747170726632,0.0195338098788719,0.666666666666667,0.215912011739185,0.564912935452092
GOBP_PRESYNAPSE_ORGANIZATION,3,1.23655788537186,0.00690347409000139,0.666666666666667,0.216251263181875,0.565353360540955
GOBP_TETRAHYDROFOLATE_METABOLIC_PROCESS,3,1.23642535242022,-0.0919882776457928,0.333333333333333,0.216300497169583,0.565353360540955
GOBP_IRON_ION_HOMEOSTASIS,3,-1.23563993950829,0.0684847995239518,0.333333333333333,0.216592431795081,0.565729399262361
REACTOME_NOD1_2_SIGNALING_PATHWAY,3,1.23525135755161,-0.00443324248664373,0.333333333333333,0.216736970854683,0.565729399262361
GOBP_PEPTIDYL_ARGININE_MODIFICATION,3,1.23514964319454,0.0469837731598866,0.666666666666667,0.216774816539783,0.565729399262361
GOBP_HISTONE_H3_K9_MODIFICATION,3,-1.23440000245462,-0.0363458695545415,1,0.21705388811933,0.566170020000448
GOBP_POSITIVE_REGULATION_OF_PROTEIN_MATURATION,3,-1.23396580662075,0.0760360448269207,0.333333333333333,0.217215645990212,0.566201041722446
GOBP_CHLORIDE_TRANSPORT,3,1.23377632365457,0.0256330859448487,1,0.21728626425914,0.566201041722446
GOBP_MITOPHAGY,3,-1.23328303059767,0.0983520642499781,0.666666666666667,0.217470186737175,0.56639294071102
GOBP_PULMONARY_VALVE_DEVELOPMENT,3,1.23267169285336,0.0511291263704056,0.666666666666667,0.21769827704732,0.56660313094475
GOBP_POSITIVE_REGULATION_OF_ENDOCYTOSIS,3,-1.23190979977287,0.00550950282994885,0.333333333333333,0.217982780289535,0.56660313094475
GOBP_TRANSLATIONAL_ELONGATION,3,-1.23108333674518,-0.036076758097976,0.666666666666667,0.218291697077466,0.56660313094475
REACTOME_INTEGRATION_OF_ENERGY_METABOLISM,3,-1.23102412235447,0.0499511794793371,0.333333333333333,0.218313842406683,0.56660313094475
GOBP_OUTER_DYNEIN_ARM_ASSEMBLY,2,-1.23101323962761,-0.172881954801543,1,0.218317912565384,0.56660313094475
GOBP_NEGATIVE_REGULATION_OF_MUSCLE_HYPERTROPHY,3,1.23100165275099,0.14981697698108,0.666666666666667,0.218322246137247,0.56660313094475
GOBP_NEGATIVE_REGULATION_OF_NUCLEAR_DIVISION,3,-1.23099928930623,-0.0480790687118311,0.666666666666667,0.218323130089498,0.56660313094475
GOBP_FOREBRAIN_NEURON_DIFFERENTIATION,3,1.2303525822679,0.0506985068171051,1,0.218565101702759,0.566944627447156
GOBP_EPITHELIAL_CELL_CELL_ADHESION,2,-1.22990371237689,-0.118783967881653,1,0.218733163893344,0.567094159392334
REACTOME_ACYL_CHAIN_REMODELLING_OF_PC,3,1.22902196600234,0.0862334575474141,1,0.219063570383542,0.56754653675452
GOBP_PRIMARY_ALCOHOL_METABOLIC_PROCESS,3,1.22884838380898,-0.00179038859012181,0.666666666666667,0.219128657006272,0.56754653675452
GOBP_POSTSYNAPSE_ORGANIZATION,3,1.22714821003046,-0.00263736501116226,0.666666666666667,0.219766890725538,0.568912676797561
GOBP_RESPONSE_TO_HEPATOCYTE_GROWTH_FACTOR,3,-1.22629183792274,-0.0183512969657854,0.666666666666667,0.220088871758877,0.569288460883027
GOBP_LIPID_TRANSLOCATION,3,-1.22617257611145,-0.0425811907331393,0.666666666666667,0.220133738962946,0.569288460883027
REACTOME_GRB2_SOS_PROVIDES_LINKAGE_TO_MAPK_SIGNALING_FOR_INTEGRINS,3,-1.22554295529702,0.0476585355689526,0.333333333333333,0.220370715889743,0.569465114685102
GOBP_NEGATIVE_REGULATION_OF_DEFENSE_RESPONSE,3,1.22529535328838,0.0922595084823052,0.666666666666667,0.220463958541138,0.569465114685102
GOBP_POSITIVE_REGULATION_OF_LAMELLIPODIUM_ASSEMBLY,3,-1.22510760720105,-0.0767466749833889,1,0.220534679343588,0.569465114685102
GOBP_MACROPHAGE_MIGRATION,3,-1.22376437064303,0.0540017826761513,0.333333333333333,0.221041128664831,0.570486048654559
REACTOME_SIGNALING_BY_FGFR2,3,-1.22271175038789,0.00791973333761532,0.666666666666667,0.221438587277505,0.571015788564617
KEGG_LYSOSOME,3,1.22260094769239,0.081271220911661,1,0.221480455012203,0.571015788564617
GOBP_NEPHRON_MORPHOGENESIS,3,1.22227965975627,0.0838082322325947,1,0.221601888443212,0.571015788564617
GOBP_POSITIVE_REGULATION_OF_GLIOGENESIS,3,-1.22204370836485,0.0573359906718776,0.333333333333333,0.221691098597712,0.571015788564617
GOBP_RESPONSE_TO_ALCOHOL,3,-1.22124434977663,0.000396343582932718,0.666666666666667,0.221993516920872,0.571054261270858
GOBP_CELL_SURFACE_RECEPTOR_SIGNALING_PATHWAY_INVOLVED_IN_HEART_DEVELOPMENT,3,1.22123324979389,-0.00344001036848339,0.333333333333333,0.221997718414543,0.571054261270858
GOBP_SECONDARY_METABOLITE_BIOSYNTHETIC_PROCESS,3,-1.22112262378464,-0.041871895829664,0.666666666666667,0.222039594968439,0.571054261270858
GOBP_FORMATION_OF_PRIMARY_GERM_LAYER,3,-1.22054727378691,-0.00892207596264094,0.666666666666667,0.222257480145946,0.571328537552343
GOBP_CELLULAR_RESPONSE_TO_STARVATION,3,1.21968967189083,0.0287297247019384,1,0.22258253830579,0.571707150405709
GOBP_RESPIRATORY_SYSTEM_PROCESS,3,1.21957139671544,0.0738209616787788,1,0.222627395017799,0.571707150405709
REACTOME_REPRODUCTION,3,1.21807157139927,-0.0423792433475254,0.666666666666667,0.223196775964536,0.572882879237311
GOBP_FAT_SOLUBLE_VITAMIN_METABOLIC_PROCESS,3,1.21716095671287,0.0744116724493894,0.666666666666667,0.223542981915449,0.573484892666207
GOBP_POSITIVE_REGULATION_OF_VASCULAR_PERMEABILITY,3,1.21528176823263,0.0963736009667666,1,0.224258643079068,0.574832739358868
GOBP_APICAL_PROTEIN_LOCALIZATION,2,1.21508785844566,0.0532585648470311,0.5,0.224332583867614,0.574832739358868
KEGG_APOPTOSIS,3,-1.21481294037217,-0.0439185115893494,0.666666666666667,0.224437444226643,0.574832739358868
GOBP_SMAD_PROTEIN_SIGNAL_TRANSDUCTION,3,-1.21455405994325,-0.0318636968102053,1,0.224536219463733,0.574832739358868
GOBP_PROTEIN_K48_LINKED_DEUBIQUITINATION,3,-1.21415468662487,-0.122991688420917,1,0.224688660365728,0.574832739358868
GOBP_COLLAGEN_CATABOLIC_PROCESS,3,1.21369059340648,0.114204381959503,0.666666666666667,0.224865897751648,0.574832739358868
REACTOME_RECYCLING_OF_BILE_ACIDS_AND_SALTS,3,1.21359342019033,0.189235374734211,0.666666666666667,0.224903020884662,0.574832739358868
GOBP_RHO_PROTEIN_SIGNAL_TRANSDUCTION,3,-1.21325096774602,0.0465974410303293,0.666666666666667,0.22503388306862,0.574832739358868
REACTOME_PHOSPHOLIPID_METABOLISM,3,1.21314164690406,0.0249239962045643,1,0.225075669558155,0.574832739358868
GOBP_NEGATIVE_REGULATION_OF_OXIDATIVE_STRESS_INDUCED_NEURON_DEATH,3,1.21169724797951,-0.0994936130165595,0.666666666666667,0.225628292968049,0.575106647923603
REACTOME_G_PROTEIN_ACTIVATION,3,-1.21159762460285,0.0344818226123828,0.666666666666667,0.225666444302461,0.575106647923603
KEGG_WNT_SIGNALING_PATHWAY,3,-1.21156585239101,-0.0164304207957598,1,0.225678612618883,0.575106647923603
REACTOME_SMAD2_SMAD3_SMAD4_HETEROTRIMER_REGULATES_TRANSCRIPTION,3,-1.21117047621405,-0.00147881458435753,0.666666666666667,0.22583007539523,0.575106647923603
GOBP_METENCEPHALON_DEVELOPMENT,3,-1.21113901771499,0.00912740632050877,0.666666666666667,0.225842129797466,0.575106647923603
GOBP_NEGATIVE_REGULATION_OF_GLIAL_CELL_DIFFERENTIATION,3,1.21110602658109,0.0210145340067493,0.666666666666667,0.22585477197467,0.575106647923603
GOBP_NUCLEUS_ORGANIZATION,3,-1.21061713088735,-0.0648708757158007,0.666666666666667,0.226042175640675,0.575298619470023
GOBP_TRANSMISSION_OF_NERVE_IMPULSE,3,1.20931648258753,0.0800437098144458,1,0.226541280870368,0.576283317756419
REACTOME_ROLE_OF_LAT2_NTAL_LAB_ON_CALCIUM_MOBILIZATION,3,-1.20834618970539,-0.0693414688680954,1,0.226914128572915,0.576732188826405
GOBP_NEGATIVE_REGULATION_OF_MACROPHAGE_ACTIVATION,3,1.2082728720015,0.0512662181442876,1,0.226942319629705,0.576732188826405
GOBP_MITOTIC_CHROMOSOME_CONDENSATION,3,-1.20796083687069,-0.0434114920483268,1,0.227062326772277,0.576751785510592
GOBP_INTERMEMBRANE_LIPID_TRANSFER,3,1.20763454167832,0.144248137525112,0.666666666666667,0.227187866653907,0.576785409359599
GOBP_LEARNING,3,1.20634804658152,0.0490016749687503,1,0.227683319164232,0.577757671555088
GOBP_PROTEIN_N_LINKED_GLYCOSYLATION,3,-1.2041652188127,-0.0191633593968033,0.666666666666667,0.228525726289239,0.579608953195817
GOBP_POSITIVE_REGULATION_OF_PHOSPHATASE_ACTIVITY,3,-1.20377729417433,0.0270556445383707,0.666666666666667,0.228675667958475,0.579702976621287
GOBP_POSITIVE_REGULATION_OF_CD4_POSITIVE_ALPHA_BETA_T_CELL_DIFFERENTIATION,3,1.20314790444697,0.163084461903176,0.666666666666667,0.228919090358003,0.58003376816907
REACTOME_APC_C_CDC20_MEDIATED_DEGRADATION_OF_CYCLIN_B,3,-1.20268590883142,-0.0343411733385524,1,0.229097888864554,0.580200570615556
REACTOME_INTRA_GOLGI_TRAFFIC,3,-1.20153251583369,-0.0302162635223154,0.666666666666667,0.229544701212411,0.580590006026314
GOBP_REGULATION_OF_TRANSCRIPTION_OF_NUCLEOLAR_LARGE_RRNA_BY_RNA_POLYMERASE_I,3,-1.20140680649485,-0.035567139814883,0.666666666666667,0.229593437134682,0.580590006026314
GOBP_INTRACELLULAR_ESTROGEN_RECEPTOR_SIGNALING_PATHWAY,3,-1.20104891361265,-0.0249326759912536,1,0.229732227994397,0.580590006026314
REACTOME_KERATINIZATION,3,1.20091607545522,0.0386192571199176,1,0.229783757815852,0.580590006026314
REACTOME_HOMOLOGOUS_DNA_PAIRING_AND_STRAND_EXCHANGE,3,-1.20068525425493,-0.164718520636676,1,0.229873316214922,0.580590006026314
GOBP_REGULATION_OF_INTRACELLULAR_PROTEIN_TRANSPORT,3,-1.20053939925438,-0.00442434141790872,0.666666666666667,0.229929920610888,0.580590006026314
GOBP_GLUCOSE_6_PHOSPHATE_METABOLIC_PROCESS,3,-1.20017062200567,0.0210849348348909,0.333333333333333,0.230073082398669,0.580666020245485
GOBP_PROTEIN_ADP_RIBOSYLATION,3,1.1997842358853,0.0353374862132536,1,0.230223148056385,0.580667213492373
GOBP_SEMAPHORIN_PLEXIN_SIGNALING_PATHWAY_INVOLVED_IN_NEURON_PROJECTION_GUIDANCE,3,-1.19954820905058,-0.0208097095800649,0.666666666666667,0.230314851013889,0.580667213492373
GOBP_POSITIVE_REGULATION_OF_HETEROTYPIC_CELL_CELL_ADHESION,3,-1.19860623898754,0.0709924784631421,0.666666666666667,0.230681091089562,0.580667213492373
GOBP_CELLULAR_RESPONSE_TO_PH,3,-1.19832614828699,0.0260036602787535,0.333333333333333,0.230790070778121,0.580667213492373
GOBP_REGULATION_OF_NEURON_MIGRATION,3,1.19823682159498,0.0384770592636857,1,0.230824834338925,0.580667213492373
GOBP_NEGATIVE_REGULATION_OF_INTRINSIC_APOPTOTIC_SIGNALING_PATHWAY,3,-1.19820093157726,0.0430050511169651,0.333333333333333,0.230838802822352,0.580667213492373
GOBP_MITOCHONDRIAL_DEPOLARIZATION,3,-1.19813372090708,0.0600247621958003,0.333333333333333,0.230864962996773,0.580667213492373
GOBP_REGULATION_OF_CD4_POSITIVE_ALPHA_BETA_T_CELL_DIFFERENTIATION,3,1.1972389607022,0.158547384966215,0.666666666666667,0.231213428114031,0.581136117982524
GOBP_VASCULAR_ENDOTHELIAL_GROWTH_FACTOR_SIGNALING_PATHWAY,3,1.19707405428694,0.0874468124367004,1,0.231277691813917,0.581136117982524
GOBP_MESODERMAL_CELL_DIFFERENTIATION,3,1.1966496551655,0.0210997096172844,0.666666666666667,0.231443137645159,0.581217204688838
GOBP_VASODILATION,3,1.19641078931356,0.074974928331144,1,0.231536292989362,0.581217204688838
GOBP_REGULATION_OF_MACROPHAGE_DERIVED_FOAM_CELL_DIFFERENTIATION,3,1.19497459784631,0.0995475854677563,0.666666666666667,0.232096955001474,0.582339990663199
GOBP_IMMUNOLOGICAL_SYNAPSE_FORMATION,2,-1.19432273548741,-0.174123287364327,1,0.232351747471351,0.582694616705496
GOBP_POSITIVE_REGULATION_OF_PROTEIN_MODIFICATION_BY_SMALL_PROTEIN_CONJUGATION_OR_REMOVAL,3,-1.19356921493093,-0.0388321468417575,0.666666666666667,0.232646522208151,0.58314911569598
GOBP_NEGATIVE_REGULATION_OF_PROTEIN_KINASE_B_SIGNALING,3,1.19322844162106,0.0563343187431383,0.666666666666667,0.232779918687777,0.583198859697767
GOBP_MITOCHONDRIAL_GENE_EXPRESSION,3,1.19248842410861,-0.0181145827161702,0.333333333333333,0.233069787047513,0.583640383362275
GOBP_INFLAMMATORY_CELL_APOPTOTIC_PROCESS,3,-1.19113444809987,-0.0302058087533113,0.666666666666667,0.233600808363938,0.584440741762484
GOBP_ERAD_PATHWAY,3,-1.19104850347504,-0.0410943568802096,0.666666666666667,0.23363454425837,0.584440741762484
GOBP_REGULATION_OF_TRIGLYCERIDE_METABOLIC_PROCESS,3,1.19068228116518,0.121847118161573,1,0.233778336430984,0.584440741762484
GOBP_REGULATION_OF_DNA_DAMAGE_RESPONSE_SIGNAL_TRANSDUCTION_BY_P53_CLASS_MEDIATOR,3,-1.19051363916005,-0.10738384524956,1,0.233844572492583,0.584440741762484
GOBP_MIDBRAIN_DOPAMINERGIC_NEURON_DIFFERENTIATION,2,-1.18971749426003,-0.168528131107769,1,0.234157447048932,0.584938058386827
REACTOME_METALLOPROTEASE_DUBS,3,1.18905744758254,-0.0116060691554603,0.666666666666667,0.234417061573453,0.585244436347101
REACTOME_MITOTIC_PROPHASE,3,1.18882638604292,-0.0415365041457724,0.666666666666667,0.234507992601701,0.585244436347101
GOBP_RESPONSE_TO_AMYLOID_BETA,3,-1.1882125732095,-0.037391551934322,0.666666666666667,0.234749671366753,0.585563046206724
REACTOME_MEIOTIC_SYNAPSIS,3,1.18601118778544,-0.0455691150547858,0.666666666666667,0.235617881349433,0.587443416801305
GOBP_MAMMARY_GLAND_EPITHELIAL_CELL_DIFFERENTIATION,3,-1.18488090955802,-0.0420154098776263,1,0.23606453640196,0.588271450247679
GOBP_RESPONSE_TO_X_RAY,3,-1.18282663988211,-0.0394126777769186,1,0.236877860368421,0.590011974225125
GOBP_ESTABLISHMENT_OF_SPINDLE_ORIENTATION,3,-1.18186631609186,-0.0527450720973965,1,0.237258749208694,0.590472459763828
GOBP_CGMP_MEDIATED_SIGNALING,3,1.18178084356705,0.0212241295299017,0.666666666666667,0.237292670746211,0.590472459763828
GOBP_SPHINGOMYELIN_METABOLIC_PROCESS,3,1.17993761343572,0.0503910436843076,1,0.238025028597279,0.590837072878937
GOBP_STEROL_TRANSPORT,3,1.17959945956315,0.0885033539130917,1,0.238159558000376,0.590837072878937
REACTOME_ASSEMBLY_AND_CELL_SURFACE_PRESENTATION_OF_NMDA_RECEPTORS,3,-1.17946726933772,0.0253946292317576,0.333333333333333,0.238212162473455,0.590837072878937
GOBP_REGULATION_OF_SUBSTRATE_ADHESION_DEPENDENT_CELL_SPREADING,3,-1.1793487237041,0.00486855962612948,0.666666666666667,0.238259344122086,0.590837072878937
REACTOME_BIOSYNTHESIS_OF_THE_N_GLYCAN_PRECURSOR_DOLICHOL_LIPID_LINKED_OLIGOSACCHARIDE_LLO_AND_TRANSFER_TO_A_NASCENT_PROTEIN,3,-1.17931065539006,0.0216263162283289,0.666666666666667,0.238274496866616,0.590837072878937
REACTOME_CD22_MEDIATED_BCR_REGULATION,3,-1.17916731361348,-0.0887871538999616,0.666666666666667,0.238331558854351,0.590837072878937
REACTOME_RMTS_METHYLATE_HISTONE_ARGININES,3,1.1791171380109,-0.0129712125682474,0.666666666666667,0.238351535210013,0.590837072878937
GOBP_CARDIAC_RIGHT_VENTRICLE_MORPHOGENESIS,3,1.17909712203084,0.121576936923243,0.666666666666667,0.238359504479197,0.590837072878937
KEGG_AXON_GUIDANCE,3,-1.17848742357283,-0.0314841590682841,0.666666666666667,0.238602343205683,0.591153707045051
GOBP_LONG_CHAIN_FATTY_ACYL_COA_METABOLIC_PROCESS,3,-1.17810108733887,-0.13360285139686,1,0.238756308626381,0.591249952316825
KEGG_TRYPTOPHAN_METABOLISM,3,1.17752953916557,0.0549741806145487,1,0.238984214559318,0.591529120952607
GOBP_N_ACETYLGLUCOSAMINE_METABOLIC_PROCESS,3,-1.17683190527107,0.107863710161399,0.666666666666667,0.239262605360868,0.591932919621108
GOBP_POSITIVE_REGULATION_OF_CELL_MORPHOGENESIS_INVOLVED_IN_DIFFERENTIATION,3,-1.17635133946821,-0.00231952776753121,0.666666666666667,0.239454508141672,0.591992115894783
GOBP_REGULATION_OF_ALCOHOL_BIOSYNTHETIC_PROCESS,3,-1.17619475649142,-0.00165666990186184,0.666666666666667,0.239517059351511,0.591992115894783
GOBP_REGULATION_OF_GENE_SILENCING_BY_RNA,3,-1.1757143327396,0.0566812193077589,0.666666666666667,0.239709049226512,0.592004142260269
REACTOME_DOWNREGULATION_OF_TGF_BETA_RECEPTOR_SIGNALING,3,1.17544811522558,0.144547998811073,0.666666666666667,0.239815483403531,0.592004142260269
GOBP_CARBOHYDRATE_BIOSYNTHETIC_PROCESS,3,-1.1753174844574,0.0024078787477749,0.666666666666667,0.23986772197111,0.592004142260269
GOBP_REGULATION_OF_INOSITOL_PHOSPHATE_BIOSYNTHETIC_PROCESS,3,-1.17484655909356,-0.0696877996767641,1,0.240056109165631,0.592184522898502
GOBP_BENZENE_CONTAINING_COMPOUND_METABOLIC_PROCESS,3,1.17300540432791,0.115798370951813,0.666666666666667,0.240793638482621,0.59300329401139
GOBP_NEGATIVE_REGULATION_OF_GLIOGENESIS,3,1.17290960078049,0.0594468547069944,1,0.240832059080149,0.59300329401139
GOBP_CELLULAR_RESPONSE_TO_GLUCOSE_STARVATION,3,1.17251475177744,0.0120074709704694,0.333333333333333,0.240990453008363,0.59300329401139
REACTOME_DNA_REPLICATION,3,1.17249192866925,-0.035674815124522,0.666666666666667,0.240999610754978,0.59300329401139
REACTOME_VEGFR2_MEDIATED_CELL_PROLIFERATION,3,-1.17234317736233,-0.0218120446064968,0.666666666666667,0.24105930305408,0.59300329401139
GOBP_VENTRAL_SPINAL_CORD_DEVELOPMENT,3,-1.17228966781309,-0.0427505587332663,1,0.2410807784065,0.59300329401139
GOBP_DNA_REPLICATION,3,-1.17172745347568,-0.1274005217721,0.666666666666667,0.241306497162005,0.593274375023483
GOBP_REGULATION_OF_ANOIKIS,3,-1.17139051160675,0.0150048669751166,0.666666666666667,0.241441844431751,0.593323116268647
GOBP_PHENOL_CONTAINING_COMPOUND_BIOSYNTHETIC_PROCESS,3,1.16894215080222,0.00198040874784702,0.666666666666667,0.242426939486199,0.595458996270263
REACTOME_MHC_CLASS_II_ANTIGEN_PRESENTATION,3,-1.16841173799312,0.0574827437108413,0.333333333333333,0.242640722455853,0.595676389701298
GOBP_NEGATIVE_REGULATION_OF_STEM_CELL_DIFFERENTIATION,3,-1.16814716731089,-0.142565771714158,0.666666666666667,0.242747407251717,0.595676389701298
GOBP_CARDIOLIPIN_METABOLIC_PROCESS,2,1.1666919920255,0.136740299636693,1,0.243334777921521,0.596832578512383
GOBP_POSITIVE_REGULATION_OF_T_CELL_PROLIFERATION,3,1.16605164704125,0.12184783336346,0.666666666666667,0.243593564606398,0.597182123063705
GOBP_POSITIVE_REGULATION_OF_CELL_MATRIX_ADHESION,3,-1.16468195683016,-0.0529584060639036,1,0.24414775519691,0.597701099312083
GOBP_POSITIVE_REGULATION_OF_ENDOTHELIAL_CELL_PROLIFERATION,3,-1.16438376881507,0.0535213901592445,0.333333333333333,0.244268522365461,0.597701099312083
GOBP_POLARIZED_EPITHELIAL_CELL_DIFFERENTIATION,3,-1.16426688063364,-0.0430323608926503,1,0.244315873921434,0.597701099312083
GOBP_POSITIVE_REGULATION_OF_CELL_SUBSTRATE_ADHESION,3,-1.16414545528848,-0.0140289750130743,0.666666666666667,0.244365070312949,0.597701099312083
GOBP_EMBRYONIC_HEART_TUBE_MORPHOGENESIS,3,-1.16409100941056,-0.00932795005938401,0.666666666666667,0.244387131728071,0.597701099312083
GOBP_POSITIVE_REGULATION_OF_PROTEIN_TYROSINE_KINASE_ACTIVITY,3,-1.16296656643344,0.00130058296790849,0.666666666666667,0.244843067571967,0.598428782396606
GOBP_FC_RECEPTOR_SIGNALING_PATHWAY,3,-1.16278264881914,0.00321784556106593,0.666666666666667,0.244917698714499,0.598428782396606
REACTOME_PHOSPHORYLATION_OF_THE_APC_C,3,-1.16201337841788,-0.0308133028392327,1,0.245230030681763,0.598493747486536
GOBP_LIPID_EXPORT_FROM_CELL,3,1.16172064010636,0.114893274142004,1,0.2453489589175,0.598493747486536
REACTOME_EUKARYOTIC_TRANSLATION_INITIATION,3,1.16163816218578,0.003284545837868,0.666666666666667,0.245382473805573,0.598493747486536
GOBP_GLUCOSE_CATABOLIC_PROCESS,3,-1.16156943517419,0.0619076546327869,0.333333333333333,0.245410403467026,0.598493747486536
GOBP_HISTONE_H3_K9_METHYLATION,3,-1.15957572752656,-0.0794918991614784,1,0.246221588084731,0.600101209588957
GOBP_PYRIDINE_NUCLEOTIDE_BIOSYNTHETIC_PROCESS,3,1.15937534427661,0.0606706773746358,1,0.246303222315717,0.600101209588957
GOBP_NEUROTRANSMITTER_RECEPTOR_INTERNALIZATION,3,1.15714891788495,0.150562436507529,0.666666666666667,0.247211523659414,0.602028632297178
GOBP_VASCULAR_ENDOTHELIAL_GROWTH_FACTOR_RECEPTOR_SIGNALING_PATHWAY,3,-1.15668705220573,0.0297346713039154,0.333333333333333,0.247400241529606,0.602202673220879
GOBP_PROTEIN_IMPORT,3,-1.15624441667256,-0.0308749607409243,1,0.24758119661615,0.602357662634081
HALLMARK_NOTCH_SIGNALING,3,-1.15585990404819,-0.0396963760340181,0.666666666666667,0.247738465499351,0.602454904737058
GOBP_DEVELOPMENTAL_CELL_GROWTH,3,-1.15555313966476,-0.0292832917644452,1,0.247863984837881,0.602474882218341
GOBP_REGULATION_OF_SYNAPSE_ASSEMBLY,3,1.15451877690141,0.0272207970000197,0.666666666666667,0.248287544955513,0.602681365529847
GOBP_AEROBIC_RESPIRATION,3,1.15450381119643,0.0358989852782468,0.666666666666667,0.248293676960242,0.602681365529847
GOBP_POSITIVE_REGULATION_OF_CYSTEINE_TYPE_ENDOPEPTIDASE_ACTIVITY,3,-1.15448601813863,0.0195012704089691,0.666666666666667,0.248300967574213,0.602681365529847
REACTOME_PRESYNAPTIC_FUNCTION_OF_KAINATE_RECEPTORS,3,-1.15349178199117,0.0181797153820791,0.666666666666667,0.248708588737464,0.602877888369625
GOBP_GLUTAMINE_FAMILY_AMINO_ACID_CATABOLIC_PROCESS,3,-1.15302735840521,-0.0339231880243564,1,0.248899155362043,0.602877888369625
REACTOME_ACYL_CHAIN_REMODELLING_OF_PI,2,1.1527931620966,0.106248065596927,1,0.248995291693495,0.602877888369625
GOBP_CRANIAL_NERVE_DEVELOPMENT,3,-1.1527635730369,-0.0268395684502747,0.666666666666667,0.249007439691142,0.602877888369625
GOBP_REGULATION_OF_MIRNA_TRANSCRIPTION,3,-1.15260890119523,0.0479955055359027,0.333333333333333,0.249070948053578,0.602877888369625
GOBP_RESPONSE_TO_ETHANOL,3,-1.15257168592558,-0.00629657580584581,0.666666666666667,0.249086230358322,0.602877888369625
GOBP_NEGATIVE_REGULATION_OF_TUMOR_NECROSIS_FACTOR_MEDIATED_SIGNALING_PATHWAY,3,-1.15199227615508,0.0749321784470643,0.333333333333333,0.249324247267558,0.603149287479021
GOBP_BIOLOGICAL_PROCESS_INVOLVED_IN_INTRASPECIES_INTERACTION_BETWEEN_ORGANISMS,3,1.1517270979359,0.0584660049920448,1,0.249433233373333,0.603149287479021
GOBP_NEGATIVE_REGULATION_OF_ESTABLISHMENT_OF_PROTEIN_LOCALIZATION,3,-1.15112610155328,-0.0201170426585936,0.666666666666667,0.249680361259536,0.603449405089463
GOBP_REGULATION_OF_COMPLEMENT_ACTIVATION,3,1.15085392543062,0.171741121186704,0.666666666666667,0.249792335517951,0.603449405089463
REACTOME_IRAK4_DEFICIENCY_TLR2_4,3,-1.15050624573815,0.0315150369018587,0.333333333333333,0.24993542324976,0.603511205364723
GOBP_HYDROGEN_PEROXIDE_CATABOLIC_PROCESS,3,-1.15011005362254,0.0170846357594266,0.666666666666667,0.2500985460779,0.603621302939894
GOBP_REGULATION_OF_COAGULATION,3,-1.14937080294169,0.0284220411153146,0.333333333333333,0.25040311402584,0.603847250396957
GOBP_REGULATION_OF_NERVOUS_SYSTEM_PROCESS,3,1.14931211096701,0.0451058540967766,1,0.250427305947336,0.603847250396957
REACTOME_IMMUNOREGULATORY_INTERACTIONS_BETWEEN_A_LYMPHOID_AND_A_NON_LYMPHOID_CELL,3,-1.14900739293329,-0.00909730743038726,0.666666666666667,0.25055293222513,0.603866663495198
GOBP_REGULATION_OF_CAMP_DEPENDENT_PROTEIN_KINASE_ACTIVITY,2,1.1479617719282,0.0790677930010593,1,0.250984345495645,0.604610521929796
REACTOME_HEDGEHOG_ON_STATE,3,1.14740685751233,0.0118923846307801,0.333333333333333,0.251213508349841,0.604610521929796
GOBP_LENS_MORPHOGENESIS_IN_CAMERA_TYPE_EYE,3,-1.14737832284817,-0.0297771205772152,0.666666666666667,0.251225296247747,0.604610521929796
GOBP_RESPONSE_TO_DOPAMINE,3,1.14687529200423,0.085226738607344,1,0.251433165686169,0.604610521929796
GOBP_REGULATION_OF_PROTEIN_TARGETING,3,-1.14683415467285,0.0279407127772834,0.666666666666667,0.251450170335289,0.604610521929796
REACTOME_GLYCOSAMINOGLYCAN_METABOLISM,3,-1.14645698363491,0.00363186783509799,0.333333333333333,0.251606116271541,0.604702392686306
GOBP_POSITIVE_REGULATION_OF_ORGAN_GROWTH,3,-1.14555823053578,0.0487966099122997,0.666666666666667,0.251977988490356,0.605165511497076
GOBP_NEGATIVE_REGULATION_OF_STEROID_METABOLIC_PROCESS,3,-1.14542180922982,0.061496800272578,0.666666666666667,0.252034468281201,0.605165511497076
GOBP_POSITIVE_REGULATION_OF_MAST_CELL_ACTIVATION_INVOLVED_IN_IMMUNE_RESPONSE,3,-1.14489380458647,-0.0219318398302109,0.666666666666667,0.25225315069839,0.605407561676135
GOBP_REGULATION_OF_CARDIAC_MUSCLE_CONTRACTION,3,1.14322445623907,0.0605481784470306,0.666666666666667,0.252945410730787,0.606266104793455
GOBP_LATE_ENDOSOME_TO_LYSOSOME_TRANSPORT,2,1.143008048298,-0.00144569837196769,0.5,0.253035249490736,0.606266104793455
REACTOME_FORMATION_OF_THE_CORNIFIED_ENVELOPE,3,1.14294542098173,0.0480493268169732,1,0.253061252500316,0.606266104793455
REACTOME_TELOMERE_EXTENSION_BY_TELOMERASE,3,1.14289293349888,0.0591658304490269,0.666666666666667,0.253083046860819,0.606266104793455
REACTOME_PHASE_4_RESTING_MEMBRANE_POTENTIAL,2,1.14210535131364,0.167989078327283,0.5,0.253410231362633,0.606570509670612
GOBP_STABILIZATION_OF_MEMBRANE_POTENTIAL,2,1.14201851725443,0.183670478689326,0.5,0.253446322771248,0.606570509670612
GOBP_BLOOD_VESSEL_ENDOTHELIAL_CELL_MIGRATION,3,-1.14151412432618,0.0547285411218765,0.333333333333333,0.253656037687926,0.606789664445826
GOBP_DETERMINATION_OF_ADULT_LIFESPAN,3,1.14085109279078,-0.0302962671157246,0.666666666666667,0.253931894610163,0.607008341576572
GOBP_POSITIVE_REGULATION_OF_PHOSPHOLIPASE_ACTIVITY,3,1.14072633201124,0.0260121746638986,0.666666666666667,0.253983825165119,0.607008341576572
GOBP_CELLULAR_PIGMENTATION,3,-1.13781418007156,-0.0139454368859291,0.666666666666667,0.255198082570004,0.609626675385833
GOBP_REGULATION_OF_FATTY_ACID_METABOLIC_PROCESS,3,1.13682696132108,0.0941697475015432,0.666666666666667,0.255610630034904,0.610081976962155
GOBP_MATING,3,1.13678960738557,0.0245219283149169,0.666666666666667,0.255626248914049,0.610081976962155
REACTOME_RHO_GTPASES_ACTIVATE_PKNS,3,1.13590790719618,-0.0275103588465538,0.666666666666667,0.255995108661869,0.610678531392178
REACTOME_COLLAGEN_FORMATION,3,1.13552624857126,0.0940388829764461,1,0.256154890370981,0.610776006009916
GOBP_CARBOXYLIC_ACID_TRANSPORT,3,1.13521488749891,0.0464115908235204,1,0.256285293250076,0.61080337175517
REACTOME_G1_S_DNA_DAMAGE_CHECKPOINTS,3,1.13236046705651,0.0144433213616385,0.333333333333333,0.257482918120495,0.613373036858471
KEGG_GNRH_SIGNALING_PATHWAY,3,1.13143484077926,0.098786874684297,0.666666666666667,0.257872114120516,0.613904025385763
GOBP_POSITIVE_REGULATION_OF_TYROSINE_PHOSPHORYLATION_OF_STAT_PROTEIN,3,1.13126189677622,0.0641449208788919,1,0.257944876709984,0.613904025385763
GOBP_RIBONUCLEOSIDE_METABOLIC_PROCESS,3,1.13077142132122,0.0313501101317679,1,0.258151311493793,0.614110762312238
GOBP_TISSUE_REGENERATION,3,1.13033392119302,0.0512805510174078,1,0.258335546283862,0.61426452116385
GOBP_REGULATION_OF_STEM_CELL_DIFFERENTIATION,3,-1.12985417360997,-0.0790993448747877,0.666666666666667,0.258537676569718,0.614460669533583
REACTOME_SYNTHESIS_OF_BILE_ACIDS_AND_BILE_SALTS_VIA_7ALPHA_HYDROXYCHOLESTEROL,3,1.12857733195419,0.0673450743192202,0.666666666666667,0.259076177599646,0.615455711448559
GOBP_REGULATION_OF_MACROPHAGE_MIGRATION,3,-1.12773743960298,0.0592284619752071,0.333333333333333,0.259430821022538,0.61601326711593
GOBP_REGULATION_OF_TRANSMISSION_OF_NERVE_IMPULSE,3,1.12730297259433,0.0552228975087452,1,0.259614406018643,0.616164320384358
GOBP_REGULATION_OF_SODIUM_ION_TRANSPORT,3,1.12692444026752,0.0752757920913139,1,0.259774429005417,0.616183705656571
REACTOME_NCAM_SIGNALING_FOR_NEURITE_OUT_GROWTH,3,-1.12671612932325,0.0575827527523852,0.666666666666667,0.259862520726661,0.616183705656571
GOBP_REGULATION_OF_GLUTAMATE_SECRETION,3,1.12454777227052,0.0518878184966723,1,0.260780716011482,0.618075568728645
GOBP_NEGATIVE_REGULATION_OF_LEUKOCYTE_MEDIATED_IMMUNITY,3,-1.12367938745365,0.020531462471594,0.333333333333333,0.261149063936248,0.618661016546937
GOBP_ACTIVATION_OF_GTPASE_ACTIVITY,3,-1.12339766299812,0.00863884100949825,0.666666666666667,0.261268641917894,0.618661016546937
REACTOME_SIGNALING_BY_NODAL,3,1.12215625476194,0.113523800440661,0.666666666666667,0.261796008708046,0.619427406294891
GOBP_DENDRITE_MORPHOGENESIS,3,-1.12206804730413,-0.0347272343701521,0.666666666666667,0.261833508385165,0.619427406294891
GOBP_NEGATIVE_REGULATION_OF_SMALL_MOLECULE_METABOLIC_PROCESS,3,-1.12145898913669,0.0152467284708967,0.666666666666667,0.262092538863601,0.619754732782438
REACTOME_ANTI_INFLAMMATORY_RESPONSE_FAVOURING_LEISHMANIA_PARASITE_INFECTION,3,-1.12073889876995,0.0334858191808113,0.333333333333333,0.262399019306444,0.619910404439256
GOBP_CHONDROCYTE_PROLIFERATION,3,-1.12073152234048,0.0253796668579603,0.333333333333333,0.262402160097358,0.619910404439256
GOBP_DNA_REPLICATION_INDEPENDENT_CHROMATIN_ORGANIZATION,3,1.12045370726034,-0.0430851233333541,0.666666666666667,0.262520469169662,0.619910404439256
GOBP_LUNG_MORPHOGENESIS,3,-1.120019063626,0.000168836024853326,0.333333333333333,0.262705638431137,0.620062573061727
GOBP_POSITIVE_REGULATION_OF_LEUKOCYTE_PROLIFERATION,3,1.11913338529641,0.117616139701706,0.666666666666667,0.2630832390299,0.620393361712495
GOBP_NEGATIVE_REGULATION_OF_CELLULAR_SENESCENCE,3,-1.11912369645212,0.0461946165147752,0.333333333333333,0.263087371847705,0.620393361712495
GOBP_MICROTUBULE_NUCLEATION,3,-1.11837959039776,-0.0533074208968359,1,0.2634049073417,0.620820588419938
GOBP_PHARYNGEAL_SYSTEM_DEVELOPMENT,3,-1.11813276049891,-0.110480555265176,0.666666666666667,0.263510296486656,0.620820588419938
GOBP_VESICLE_DOCKING_INVOLVED_IN_EXOCYTOSIS,3,1.11611667747601,0.101809293251813,0.666666666666667,0.264372194268256,0.621472996167777
GOBP_NEGATIVE_REGULATION_OF_STRIATED_MUSCLE_CELL_DIFFERENTIATION,3,-1.11605413447532,0.0255442442885573,0.666666666666667,0.264398963138702,0.621472996167777
KEGG_MAPK_SIGNALING_PATHWAY,3,-1.11596895839399,0.0541184070154902,0.333333333333333,0.264435422141578,0.621472996167777
GOBP_PROSTATE_GLAND_MORPHOGENESIS,3,1.11574985383549,0.0164334437288643,0.333333333333333,0.264529224180498,0.621472996167777
GOBP_ADENYLATE_CYCLASE_ACTIVATING_G_PROTEIN_COUPLED_RECEPTOR_SIGNALING_PATHWAY,3,1.11568527670894,0.0554674991155639,1,0.264556875019596,0.621472996167777
GOBP_NEGATIVE_REGULATION_OF_MICROTUBULE_POLYMERIZATION_OR_DEPOLYMERIZATION,3,-1.11551864817236,0.0328979260709053,0.333333333333333,0.26462823175803,0.621472996167777
GOBP_REGULATION_OF_TRANSCRIPTION_BY_RNA_POLYMERASE_III,3,-1.11550462582671,-0.0259362453952441,1,0.264634237270041,0.621472996167777
GOBP_NEGATIVE_REGULATION_OF_LYMPHOCYTE_ACTIVATION,3,-1.11466808808842,0.0314628163173659,0.333333333333333,0.264992680931387,0.621625767440838
GOBP_PLASMA_MEMBRANE_FUSION,2,1.11460232409959,0.193544432138862,0.5,0.265020873974021,0.621625767440838
GOBP_POSITIVE_REGULATION_OF_LYASE_ACTIVITY,3,1.11450549324343,0.0901221559908587,1,0.265062389154096,0.621625767440838
GOBP_SPERMATID_NUCLEUS_DIFFERENTIATION,3,-1.1140182726616,-0.0811282528129336,1,0.265271347689792,0.621737493203585
GOBP_NEGATIVE_REGULATION_OF_BONE_REMODELING,3,-1.11382996590734,0.0749799485127768,0.666666666666667,0.265352138843897,0.621737493203585
GOBP_BIOLOGICAL_PROCESS_INVOLVED_IN_INTERACTION_WITH_HOST,3,1.11339381030074,0.0761682591365084,0.666666666666667,0.265539332187576,0.621876147655253
GOBP_LIPOSACCHARIDE_METABOLIC_PROCESS,3,1.11312795521356,0.0176733916972053,0.666666666666667,0.265653478963323,0.621876147655253
REACTOME_REGULATION_OF_EXPRESSION_OF_SLITS_AND_ROBOS,3,1.11211963185584,-0.00894531681347513,0.666666666666667,0.266086716860416,0.622606550248335
REACTOME_O_LINKED_GLYCOSYLATION_OF_MUCINS,3,-1.11141194709553,0.0356953245926487,0.333333333333333,0.266391072172208,0.623034857320793
GOBP_AUTONOMIC_NERVOUS_SYSTEM_DEVELOPMENT,3,-1.11025000122017,0.00588542026044954,0.666666666666667,0.266891311826112,0.623360443449966
GOBP_REGULATION_OF_MONONUCLEAR_CELL_MIGRATION,3,-1.11019493861558,0.0459266544272092,0.333333333333333,0.26691503334211,0.623360443449966
GOBP_CARDIAC_CONDUCTION,3,1.11006951604218,0.0149524143711355,0.666666666666667,0.266969072043895,0.623360443449966
REACTOME_SIGNALING_BY_FGFR1_IN_DISEASE,3,-1.10968447283517,-0.0235147504675712,0.666666666666667,0.267135016101864,0.623360443449966
GOBP_CHAPERONE_MEDIATED_PROTEIN_COMPLEX_ASSEMBLY,3,-1.10965796352964,-0.135009669241981,0.666666666666667,0.267146443563393,0.623360443449966
REACTOME_AUTOPHAGY,3,-1.10911128329102,0.0463839683581865,0.666666666666667,0.267382177925667,0.623360443449966
GOBP_REGULATION_OF_PROTEIN_LOCALIZATION_TO_CELL_SURFACE,3,-1.10880245586127,0.0529748387203051,0.333333333333333,0.267515410811741,0.623360443449966
REACTOME_NEGATIVE_REGULATION_OF_FGFR4_SIGNALING,3,-1.10835546934106,0.0717533785785274,0.666666666666667,0.267708328464678,0.623360443449966
KEGG_N_GLYCAN_BIOSYNTHESIS,3,-1.10833619463312,-0.0638280821518314,1,0.267716649504057,0.623360443449966
GOBP_REGULATION_OF_EPITHELIAL_CELL_DIFFERENTIATION,3,-1.10827286396227,-0.00722232445086531,0.666666666666667,0.267743991092411,0.623360443449966
GOBP_POSITIVE_REGULATION_OF_POTASSIUM_ION_TRANSPORT,3,1.10774119509454,0.0147140438425048,0.666666666666667,0.267973602816849,0.623612335327293
GOBP_VESICLE_TRANSPORT_ALONG_MICROTUBULE,3,1.10737976649923,-0.0427483894789839,0.666666666666667,0.268129770143324,0.623693160985559
GOBP_REGULATION_OF_RESPONSE_TO_CYTOKINE_STIMULUS,3,1.10584230415411,0.092252170122858,0.666666666666667,0.268794780880146,0.624956991670634
REACTOME_DISEASES_ASSOCIATED_WITH_GLYCOSYLATION_PRECURSOR_BIOSYNTHESIS,3,-1.10555671736524,0.106201187430514,0.333333333333333,0.268918432601618,0.624961570064213
GOBP_APOPTOTIC_PROCESS_INVOLVED_IN_MORPHOGENESIS,3,1.1041446843082,0.108878257879848,1,0.269530380386101,0.625537343668337
GOBP_LEUKOCYTE_MIGRATION_INVOLVED_IN_INFLAMMATORY_RESPONSE,3,-1.10409496947541,0.0793895674842516,0.333333333333333,0.269551943230925,0.625537343668337
REACTOME_CD28_CO_STIMULATION,3,-1.10368501094306,-0.0245949719105614,1,0.269729799919848,0.625537343668337
REACTOME_SYNTHESIS_OF_BILE_ACIDS_AND_BILE_SALTS_VIA_27_HYDROXYCHOLESTEROL,2,-1.10354677167963,-0.0182789197442497,0.5,0.269789791883052,0.625537343668337
GOBP_DNA_DAMAGE_RESPONSE_SIGNAL_TRANSDUCTION_BY_P53_CLASS_MEDIATOR,3,-1.10336524592396,-0.0837816881625644,1,0.269868582870204,0.625537343668337
GOBP_RESPONSE_TO_ESTRADIOL,3,-1.10329989184361,0.00730792013266833,0.666666666666667,0.269896953576525,0.625537343668337
GOBP_REPRODUCTIVE_BEHAVIOR,3,1.10257766382506,0.0672528549540045,1,0.270210614513028,0.625981829561981
GOBP_REGULATION_OF_CHROMOSOME_ORGANIZATION,3,-1.10209187053711,-0.0793623554573873,1,0.27042173328596,0.626188468059823
GOBP_SYNAPTONEMAL_COMPLEX_ORGANIZATION,3,-1.10105912164996,0.00694437402868437,0.333333333333333,0.270870926770765,0.626945957591098
GOBP_REGULATION_OF_PLATELET_AGGREGATION,3,-1.10067673139154,-0.0224420760882254,0.666666666666667,0.271037376819837,0.627048633939946
REACTOME_ERBB2_REGULATES_CELL_MOTILITY,2,1.09960080317326,0.0707878922893747,1,0.271506091877437,0.627672977462542
GOBP_DETECTION_OF_CHEMICAL_STIMULUS_INVOLVED_IN_SENSORY_PERCEPTION_OF_TASTE,3,1.09949625665636,0.103869081052854,0.666666666666667,0.271551665872618,0.627672977462542
GOBP_P38MAPK_CASCADE,3,1.098601041787,0.0903656666618899,0.666666666666667,0.271942123109469,0.628292732474238
REACTOME_INTERACTION_BETWEEN_L1_AND_ANKYRINS,3,1.09825392916998,0.00747811098217124,0.666666666666667,0.272093623234463,0.628360093944334
REACTOME_BASE_EXCISION_REPAIR,3,1.09678135124275,-0.0337941218823934,0.666666666666667,0.272736984246629,0.62955970705834
REACTOME_SIGNALING_BY_ACTIVIN,2,1.09647717865407,0.167290024491988,1,0.272870005117799,0.62955970705834
GOBP_POSTSYNAPTIC_SPECIALIZATION_ASSEMBLY,2,1.09622387153177,0.0751153455818613,1,0.272980815346364,0.62955970705834
GOBP_KERATAN_SULFATE_METABOLIC_PROCESS,3,-1.0952920567329,0.00390999522361658,0.666666666666667,0.273388706344761,0.630217412830653
GOBP_POSITIVE_REGULATION_OF_CYCLASE_ACTIVITY,3,1.09419757826146,0.0868881498845142,1,0.2738683333822,0.630341557096414
GOBP_COPII_COATED_VESICLE_CARGO_LOADING,2,-1.09417420571396,-0.091631110826896,1,0.273878582067298,0.630341557096414
GOBP_LEUKOCYTE_MEDIATED_CYTOTOXICITY,3,-1.09408296724764,-0.0156847477588704,0.666666666666667,0.273918591952496,0.630341557096414
GOBP_VASCULAR_WOUND_HEALING,3,1.09404901793871,0.147085772659624,0.666666666666667,0.273933480420404,0.630341557096414
GOBP_HIPPOCAMPUS_DEVELOPMENT,3,-1.09334679598094,-0.0310325982623676,1,0.274241563852205,0.630540868857492
GOBP_POSTTRANSLATIONAL_PROTEIN_TARGETING_TO_ENDOPLASMIC_RETICULUM_MEMBRANE,2,1.09255442043047,0.156074135020919,1,0.274589484209686,0.630540868857492
GOBP_COLLAGEN_ACTIVATED_SIGNALING_PATHWAY,2,1.09247415039136,0.129162071845178,1,0.274624746402144,0.630540868857492
GOBP_POSITIVE_REGULATION_OF_ORGANIC_ACID_TRANSPORT,3,1.09246620167261,0.0284484894770009,0.666666666666667,0.274628238399418,0.630540868857492
GOBP_POSITIVE_REGULATION_OF_TELOMERE_CAPPING,3,-1.09245322000042,-0.0475078865966801,0.666666666666667,0.274633941517564,0.630540868857492
GOBP_REGULATION_OF_UBIQUITIN_PROTEIN_TRANSFERASE_ACTIVITY,3,-1.09187114243142,-0.0427196755175419,1,0.274889743401489,0.630718248013255
GOBP_UNSATURATED_FATTY_ACID_BIOSYNTHETIC_PROCESS,3,-1.09171860183644,-0.0426693045289288,0.666666666666667,0.274956806328209,0.630718248013255
GOBP_LONG_TERM_SYNAPTIC_DEPRESSION,3,1.09119421836742,-0.00868316220164359,0.666666666666667,0.275187431400846,0.630884125177309
GOBP_REGULATION_OF_HORMONE_BIOSYNTHETIC_PROCESS,3,-1.09099566383518,0.0304537540650189,0.333333333333333,0.275274790600146,0.630884125177309
GOBP_POSTSYNAPTIC_MEMBRANE_ORGANIZATION,3,1.09056939737307,0.00826185458668743,0.666666666666667,0.27546240148057,0.631032512936755
GOBP_TUBE_FORMATION,3,-1.08914156415501,0.0139041255757202,0.333333333333333,0.276091463291746,0.631937209055486
GOBP_EMBRYONIC_PATTERN_SPECIFICATION,3,1.08904413506095,0.00092237775938968,0.666666666666667,0.276134423397119,0.631937209055486
GOBP_PLASMA_MEMBRANE_PHOSPHOLIPID_SCRAMBLING,2,1.08800622129448,0.0189954773093098,0.5,0.27659236107829,0.631937209055486
GOBP_RESPIRATORY_GASEOUS_EXCHANGE_BY_RESPIRATORY_SYSTEM,3,1.08782282371313,0.035948274542932,1,0.276673331669348,0.631937209055486
GOBP_RESPONSE_TO_AMINE,3,-1.0877571454162,0.00357697596680054,0.333333333333333,0.276702332766354,0.631937209055486
GOBP_HISTONE_H3_K9_TRIMETHYLATION,3,-1.08766049060253,-0.119399950629249,0.666666666666667,0.276745015711128,0.631937209055486
REACTOME_GLUCURONIDATION,3,-1.08743903969645,-0.0186761812123741,0.666666666666667,0.27684282576028,0.631937209055486
GOBP_NEGATIVE_REGULATION_OF_NEURON_DIFFERENTIATION,3,-1.0873642928162,-0.00946784667496708,0.666666666666667,0.276875845149171,0.631937209055486
REACTOME_DDX58_IFIH1_MEDIATED_INDUCTION_OF_INTERFERON_ALPHA_BETA,3,1.08686518197054,0.0910746098734874,0.666666666666667,0.277096395855648,0.631937209055486
GOBP_SODIUM_ION_TRANSPORT,3,1.08667305577879,0.0483022694840122,1,0.277181325864632,0.631937209055486
GOBP_PHENOL_CONTAINING_COMPOUND_METABOLIC_PROCESS,3,1.08657140789896,0.0325607653592687,0.666666666666667,0.27722626681403,0.631937209055486
GOBP_MRNA_CIS_SPLICING_VIA_SPLICEOSOME,3,-1.08632820196482,-0.101367294904999,1,0.277333814098728,0.631937209055486
REACTOME_DOWNSTREAM_SIGNALING_OF_ACTIVATED_FGFR1,3,-1.08564800167278,-0.00445403230702585,0.333333333333333,0.27763475408812,0.632213127546776
GOBP_TRNA_METABOLIC_PROCESS,3,1.08541877017001,-0.0354374210340554,0.333333333333333,0.277736222719856,0.632213127546776
GOBP_PURINE_CONTAINING_COMPOUND_BIOSYNTHETIC_PROCESS,3,1.08522009103428,0.0181184874486419,1,0.277824187864695,0.632213127546776
KEGG_PROGESTERONE_MEDIATED_OOCYTE_MATURATION,3,-1.08383883639917,-0.0150710575152188,0.666666666666667,0.278436262423693,0.633325351553625
GOBP_PHOSPHATIDYLCHOLINE_METABOLIC_PROCESS,3,1.08339614206092,0.12161680421607,0.666666666666667,0.278632627344267,0.633484385644269
GOBP_MONOCYTE_CHEMOTACTIC_PROTEIN_1_PRODUCTION,3,-1.08312517874773,0.0277677702821948,0.333333333333333,0.278752864399542,0.633484385644269
GOBP_NEURON_PROJECTION_ARBORIZATION,3,1.08255556352694,-0.00716914829188317,0.666666666666667,0.279005740107883,0.633778629453378
GOBP_CALCIUM_ION_TRANSPORT_INTO_CYTOSOL,3,-1.08219205094208,-0.00389979011460534,0.666666666666667,0.279167199882283,0.633865048008578
GOBP_ANTIGEN_PROCESSING_AND_PRESENTATION_OF_ENDOGENOUS_PEPTIDE_ANTIGEN,3,1.08174949666142,0.106587573301413,1,0.279363853008508,0.634031263390055
REACTOME_TRANSLESION_SYNTHESIS_BY_POLK,3,-1.08083445556068,-0.113659617314569,0.666666666666667,0.279770758710257,0.63441010606246
GOBP_REGULATION_OF_TUMOR_NECROSIS_FACTOR_MEDIATED_SIGNALING_PATHWAY,3,-1.08081858132983,0.0795358522266728,0.666666666666667,0.279777821306751,0.63441010606246
GOBP_REGULATION_OF_RESPONSE_TO_OXIDATIVE_STRESS,3,-1.08009002382129,-0.0162674008551533,0.666666666666667,0.280102093888769,0.634707507939317
GOBP_ANAPHASE_PROMOTING_COMPLEX_DEPENDENT_CATABOLIC_PROCESS,2,-1.07996865812793,-0.0842993619836997,1,0.280156137168698,0.634707507939317
GOBP_CELL_ADHESION_MEDIATED_BY_INTEGRIN,3,-1.0788379475456,-0.00891412310258058,0.666666666666667,0.280659975003052,0.635525693463021
GOBP_VESICLE_BUDDING_FROM_MEMBRANE,3,-1.07860296661983,0.000689964687781872,0.333333333333333,0.280764758268613,0.635525693463021
GOBP_NEGATIVE_REGULATION_OF_DEFENSE_RESPONSE_TO_VIRUS,3,1.07775791844164,0.052248171839146,0.666666666666667,0.28114180372728,0.635765125731056
GOBP_RESPONSE_TO_NUTRIENT,3,-1.07771987475325,-0.00695325724007611,0.666666666666667,0.281158786225149,0.635765125731056
REACTOME_REGULATION_OF_RUNX2_EXPRESSION_AND_ACTIVITY,3,1.0775337225077,0.0346736768691527,0.666666666666667,0.281241893625576,0.635765125731056
GOBP_POSITIVE_REGULATION_OF_LEUKOCYTE_CELL_CELL_ADHESION,3,-1.07565661058753,0.0657600646242261,0.333333333333333,0.282080859269135,0.63735780048321
GOBP_REGULATION_OF_MEIOTIC_CELL_CYCLE,3,1.075402342205,-0.00104697835528825,0.333333333333333,0.282194633625159,0.63735780048321
REACTOME_RESPONSE_TO_ELEVATED_PLATELET_CYTOSOLIC_CA2,3,-1.07434379306473,0.0201882862757585,0.333333333333333,0.282668624046233,0.638147715648991
GOBP_RESPONSE_TO_HYDROPEROXIDE,2,1.07405381205233,0.102074961660025,1,0.282798564014406,0.638160555702104
GOBP_TRANSCRIPTION_INITIATION_FROM_RNA_POLYMERASE_II_PROMOTER,3,-1.0733858231457,-0.0409353264851349,1,0.283098042653585,0.638555795814146
REACTOME_MEIOSIS,3,1.07299017316257,-0.0468087042610082,0.666666666666667,0.283275525213142,0.638675635423484
REACTOME_ESTROGEN_DEPENDENT_NUCLEAR_EVENTS_DOWNSTREAM_OF_ESR_MEMBRANE_SIGNALING,3,-1.07242312035772,0.0276768096008014,0.333333333333333,0.283530027877266,0.63896894391296
GOBP_GRANULOCYTE_MACROPHAGE_COLONY_STIMULATING_FACTOR_PRODUCTION,2,1.07210004477537,0.106237704655908,1,0.283675098763599,0.639015485635896
REACTOME_SEROTONIN_NEUROTRANSMITTER_RELEASE_CYCLE,3,1.07108902011079,0.122571632363458,1,0.28412940470355,0.63945141825289
GOBP_CYTOSKELETON_DEPENDENT_INTRACELLULAR_TRANSPORT,3,-1.07098414061786,-0.0468622123164147,1,0.284176560690324,0.63945141825289
REACTOME_INTERLEUKIN_1_SIGNALING,3,1.07083832413622,0.0439912913052073,1,0.284242131594889,0.63945141825289
GOBP_REGULATION_OF_MICROTUBULE_POLYMERIZATION_OR_DEPOLYMERIZATION,3,-1.07027928956698,0.0327915731943722,0.666666666666667,0.284493613712045,0.639736952725509
GOBP_CELLULAR_RESPONSE_TO_UNFOLDED_PROTEIN,3,-1.06937030376171,-0.0358217069579277,1,0.284902842990845,0.640135610447446
GOBP_NEGATIVE_REGULATION_OF_MRNA_METABOLIC_PROCESS,3,-1.06933183091839,-0.0628946532059301,1,0.284920172407099,0.640135610447446
GOBP_NEUROTROPHIN_SIGNALING_PATHWAY,3,-1.06856772813207,0.0424846811650218,0.666666666666667,0.285264496778234,0.640539477827169
GOBP_REGULATION_OF_LAMELLIPODIUM_ASSEMBLY,3,-1.068379495552,-0.0237408362900004,0.666666666666667,0.285349362396527,0.640539477827169
GOBP_RENAL_WATER_HOMEOSTASIS,3,1.06784642309858,0.0962334282545385,0.666666666666667,0.285589793446066,0.640799117142419
GOBP_PEPTIDYL_PROLINE_HYDROXYLATION,2,1.06665328250073,0.186112001200529,1,0.286128430405299,0.641522778657271
GOBP_POSITIVE_REGULATION_OF_BROWN_FAT_CELL_DIFFERENTIATION,2,-1.06631444835194,-0.0983400619137397,1,0.286281520328404,0.641522778657271
GOBP_SEQUESTERING_OF_CALCIUM_ION,3,-1.06630224633161,-0.0196790586061023,0.666666666666667,0.286287034400792,0.641522778657271
GOBP_NEGATIVE_REGULATION_OF_TYPE_I_INTERFERON_PRODUCTION,3,1.065680443763,0.14097152511592,0.666666666666667,0.286568120915714,0.64187259878897
REACTOME_RUNX2_REGULATES_OSTEOBLAST_DIFFERENTIATION,3,-1.06433856361034,0.0450895739046947,0.333333333333333,0.287175354202359,0.642952318737279
GOBP_CELLULAR_RESPONSE_TO_ESTRADIOL_STIMULUS,3,-1.06345031537966,-0.0321886869886,1,0.287577785424452,0.643299436545575
GOBP_T_CELL_CYTOKINE_PRODUCTION,3,1.06344344246565,0.114633258499909,1,0.287580900761028,0.643299436545575
REACTOME_PEROXISOMAL_LIPID_METABOLISM,3,-1.06300949774392,-0.0766781506823337,1,0.287777644200396,0.643407067923727
GOBP_STEM_CELL_DIFFERENTIATION,3,1.06278477769825,0.00834897608265395,0.666666666666667,0.287879564269612,0.643407067923727
GOBP_NEGATIVE_REGULATION_OF_LIPID_TRANSPORT,3,1.06194713796689,0.113422164175607,1,0.288259683903855,0.643698159554189
GOBP_HISTONE_H2A_MONOUBIQUITINATION,2,-1.06194540945929,-0.168203285836953,0.5,0.288260468647709,0.643698159554189
REACTOME_OTHER_SEMAPHORIN_INTERACTIONS,3,-1.06109201409825,-0.115260376215488,1,0.288648086756161,0.644090115624075
GOBP_POSITIVE_REGULATION_OF_HOMOTYPIC_CELL_CELL_ADHESION,3,1.06100680620572,-0.0121177650353032,0.666666666666667,0.288686808054248,0.644090115624075
GOBP_HISTONE_H2A_UBIQUITINATION,3,-1.05827029370615,-0.101789505544899,1,0.289932232082312,0.645915577853955
GOBP_LONG_TERM_MEMORY,3,1.05786330090622,-0.0338885081660458,0.666666666666667,0.290117768552793,0.645915577853955
GOBP_CYTOKINE_PRODUCTION_INVOLVED_IN_IMMUNE_RESPONSE,3,1.05758399633545,0.10865389893101,0.666666666666667,0.290245141812313,0.645915577853955
GOBP_NEGATIVE_REGULATION_OF_CELL_CELL_ADHESION,3,-1.05752994571054,0.0518995700730482,0.333333333333333,0.29026979525071,0.645915577853955
GOBP_NEGATIVE_REGULATION_OF_DNA_BIOSYNTHETIC_PROCESS,3,1.05751362725334,0.0412993835836899,1,0.290277238662323,0.645915577853955
GOBP_MULTI_MULTICELLULAR_ORGANISM_PROCESS,3,1.05749533100407,0.0555659109723817,0.666666666666667,0.290285584365913,0.645915577853955
GOBP_REGULATION_OF_POSTSYNAPTIC_MEMBRANE_POTENTIAL,3,1.05727668034329,0.0855224941423466,0.666666666666667,0.290385332800775,0.645915577853955
GOBP_EATING_BEHAVIOR,3,1.05608933728736,0.0818496810755336,1,0.290927401382182,0.646502753578059
GOBP_CRANIAL_SKELETAL_SYSTEM_DEVELOPMENT,3,1.05560059456412,0.0375564881481849,1,0.291150729166069,0.646502753578059
GOBP_CALCIUM_INDEPENDENT_CELL_CELL_ADHESION_VIA_PLASMA_MEMBRANE_CELL_ADHESION_MOLECULES,3,1.05546313355553,0.0909076738110235,1,0.291213561838033,0.646502753578059
GOBP_POSITIVE_REGULATION_OF_PROTEIN_AUTOPHOSPHORYLATION,3,-1.05542197699048,0.00698681154868059,0.666666666666667,0.29123237605127,0.646502753578059
GOBP_S_ADENOSYLMETHIONINE_METABOLIC_PROCESS,3,1.05532066318641,-0.0524635341001938,0.333333333333333,0.291278693882327,0.646502753578059
REACTOME_NOTCH1_INTRACELLULAR_DOMAIN_REGULATES_TRANSCRIPTION,3,-1.05431602269551,0.015683472093759,0.666666666666667,0.291738255403382,0.646714439027722
GOBP_ERBB_SIGNALING_PATHWAY,3,-1.0542517316162,0.00772634277151915,0.333333333333333,0.291767681216511,0.646714439027722
GOBP_REGULATION_OF_PROTEIN_EXPORT_FROM_NUCLEUS,3,-1.05421511821395,-0.0541736828218107,0.666666666666667,0.291784439940293,0.646714439027722
GOBP_GLYCOSYLATION,3,-1.05324949023007,-0.0109969471148491,0.666666666666667,0.29222666167448,0.646714439027722
KEGG_GLYCOSPHINGOLIPID_BIOSYNTHESIS_LACTO_AND_NEOLACTO_SERIES,3,1.05322609613516,0.0152739819195116,0.666666666666667,0.292237380883408,0.646714439027722
GOBP_RIBONUCLEOSIDE_CATABOLIC_PROCESS,3,1.05299873590649,0.0783924891378998,0.666666666666667,0.292341571433731,0.646714439027722
GOBP_SULFUR_COMPOUND_TRANSPORT,3,-1.05296158493843,-0.0112380171749567,0.666666666666667,0.292358598681436,0.646714439027722
GOBP_REGULATION_OF_STEROID_HORMONE_SECRETION,3,1.05291181384464,0.148476690329664,0.666666666666667,0.292381411102487,0.646714439027722
GOBP_NUCLEAR_ENVELOPE_ORGANIZATION,3,-1.05259284645998,-0.0465916556431771,1,0.292527637160762,0.646759338983071
REACTOME_DISEASES_ASSOCIATED_WITH_GLYCOSAMINOGLYCAN_METABOLISM,3,1.05088543255021,0.078857618153207,0.666666666666667,0.293311211722926,0.648212729521922
GOBP_POLYSACCHARIDE_METABOLIC_PROCESS,3,-1.04923125145331,0.0221931660241197,0.333333333333333,0.294071698525635,0.649337984445127
GOBP_SYNAPTIC_VESICLE_LOCALIZATION,3,1.04922790514652,-0.00791977125988773,0.666666666666667,0.294073238282587,0.649337984445127
GOBP_PROTEIN_LOCALIZATION_TO_NUCLEOLUS,2,-1.04836908931292,-0.141776338978616,1,0.294468589294974,0.649848028115888
GOBP_PHOSPHATIDYLINOSITOL_BIOSYNTHETIC_PROCESS,3,1.0479663449364,-0.0150322076347,0.333333333333333,0.294654113048588,0.649848028115888
GOBP_HISTONE_LYSINE_DEMETHYLATION,3,-1.04729562042774,-0.0876492877553453,1,0.294963255381634,0.649848028115888
REACTOME_SIGNALING_BY_ERBB4,3,-1.04710330972624,0.0226898038218806,0.333333333333333,0.2950519330054,0.649848028115888
GOBP_NEGATIVE_REGULATION_OF_CYTOKINE_PRODUCTION_INVOLVED_IN_IMMUNE_RESPONSE,3,-1.0470125315399,0.0517240613309543,0.333333333333333,0.295093798523078,0.649848028115888
GOBP_NEGATIVE_REGULATION_OF_COAGULATION,3,-1.04677116366397,0.0119103376847669,0.333333333333333,0.295205133069813,0.649848028115888
GOBP_REGULATION_OF_LYMPHOCYTE_APOPTOTIC_PROCESS,3,1.04671641879136,0.0519721983646056,1,0.295230388876032,0.649848028115888
GOBP_SUBPALLIUM_DEVELOPMENT,3,-1.04651495699225,-0.0381881959848816,0.666666666666667,0.295323343013803,0.649848028115888
GOBP_POSITIVE_REGULATION_OF_REPRODUCTIVE_PROCESS,3,1.04625572713693,0.0488281560950718,1,0.295442980072157,0.649848028115888
GOBP_NEGATIVE_REGULATION_OF_PEPTIDYL_SERINE_PHOSPHORYLATION,3,-1.04580937292874,-0.0421774376888135,1,0.29564905285597,0.649849134241748
GOBP_POSITIVE_REGULATION_OF_CARBOHYDRATE_METABOLIC_PROCESS,3,-1.04570654632716,-0.0543268348405316,0.666666666666667,0.295696539470982,0.649849134241748
GOBP_REGULATION_OF_COLLAGEN_METABOLIC_PROCESS,3,1.04510165246842,0.0872940607193357,1,0.295975990421133,0.649919067596178
GOBP_MITOCHONDRIAL_OUTER_MEMBRANE_PERMEABILIZATION_INVOLVED_IN_PROGRAMMED_CELL_DEATH,3,1.0449017228724,0.0441152592242514,0.666666666666667,0.296068393441732,0.649919067596178
GOBP_RELAXATION_OF_MUSCLE,3,1.0444161580449,0.144069683867671,0.666666666666667,0.296292891106101,0.649919067596178
GOBP_POSITIVE_REGULATION_OF_ENDOTHELIAL_CELL_CHEMOTAXIS,2,1.04416946434501,0.0571648900116335,1,0.296406991920618,0.649919067596178
GOBP_AXONAL_FASCICULATION,3,1.04414503089834,-0.0419199026952696,0.666666666666667,0.29641829448264,0.649919067596178
GOBP_INTRACILIARY_TRANSPORT,3,-1.04399519650895,-0.135503558796657,1,0.296487612028396,0.649919067596178
GOBP_CARDIAC_VENTRICLE_MORPHOGENESIS,3,1.04198648238656,0.101375037366375,0.666666666666667,0.29741794613195,0.650784734826517
GOBP_CELL_COMMUNICATION_BY_ELECTRICAL_COUPLING,3,1.04185385494931,0.093255622776787,1,0.29747944100475,0.650784734826517
GOBP_ORGANIC_CATION_TRANSPORT,3,-1.04182142074455,-0.0377367063644388,1,0.297494480945572,0.650784734826517
REACTOME_SUMOYLATION_OF_DNA_REPLICATION_PROTEINS,3,-1.04178162692159,-0.140269842993202,0.666666666666667,0.297512934281038,0.650784734826517
GOBP_REGULATION_OF_NEURONAL_SYNAPTIC_PLASTICITY,3,-1.04177485586767,0.0801038194040256,0.333333333333333,0.297516074254802,0.650784734826517
REACTOME_DEFECTIVE_C1GALT1C1_CAUSES_TNPS,2,1.04081052873454,0.0910454489234841,1,0.297963492577466,0.651275674309483
GOBP_POSITIVE_REGULATION_OF_SMOOTH_MUSCLE_CONTRACTION,3,1.04047539104515,0.0916131868858333,0.666666666666667,0.298119091427818,0.651275674309483
GOBP_LAMELLIPODIUM_MORPHOGENESIS,3,-1.04047142592673,0.0436188459389202,0.666666666666667,0.29812093269112,0.651275674309483
GOBP_INTESTINAL_LIPID_ABSORPTION,3,-1.03987915806443,-0.0152403937773186,0.666666666666667,0.298396046629202,0.651599530394379
GOBP_REGULATION_OF_MRNA_SPLICING_VIA_SPLICEOSOME,3,-1.03928242790131,-0.136043445712465,0.666666666666667,0.298673404759177,0.651678034152691
GOBP_POSITIVE_REGULATION_OF_INTERFERON_ALPHA_PRODUCTION,3,1.03925584231207,0.0502691348937242,0.666666666666667,0.298685765653317,0.651678034152691
REACTOME_NETRIN_1_SIGNALING,3,-1.03839250947895,-0.0475626006240025,1,0.299087355426241,0.652249845983568
REACTOME_CGMP_EFFECTS,3,1.03814653913937,-0.0145927051801918,0.666666666666667,0.299201837448848,0.652249845983568
REACTOME_MITOCHONDRIAL_PROTEIN_IMPORT,3,1.03720415428401,-0.0037053418732533,0.666666666666667,0.299640722409494,0.652929465547374
GOBP_CARDIAC_NEURAL_CREST_CELL_DIFFERENTIATION_INVOLVED_IN_HEART_DEVELOPMENT,3,-1.03545239703195,-0.0105030662286711,0.666666666666667,0.300457686561648,0.654432009406541
GOBP_ATRIAL_CARDIAC_MUSCLE_CELL_TO_AV_NODE_CELL_SIGNALING,3,-1.03455434058797,-0.0088002542829118,0.666666666666667,0.300877086757128,0.655067705631458
GOBP_ANTIBACTERIAL_HUMORAL_RESPONSE,3,1.03417499087247,0.0815820338484803,1,0.30105436349967,0.65517593683657
GOBP_MESONEPHROS_DEVELOPMENT,3,1.03328247262597,0.0743371773730866,1,0.301471727215526,0.655464058677765
GOBP_EPITHELIAL_STRUCTURE_MAINTENANCE,3,-1.03295690784214,-0.03872879726055,0.666666666666667,0.301624065251273,0.655464058677765
GOBP_NEGATIVE_REGULATION_OF_IMMUNE_EFFECTOR_PROCESS,3,-1.03279165197154,0.0417584601219333,0.333333333333333,0.301701411262823,0.655464058677765
GOBP_RESPONSE_TO_PLATELET_DERIVED_GROWTH_FACTOR,3,-1.03275487486742,-0.0633151581526125,0.666666666666667,0.301718626137581,0.655464058677765
GOBP_POSITIVE_REGULATION_OF_INTERLEUKIN_4_PRODUCTION,3,1.03252794499149,0.0381013820597883,0.666666666666667,0.301824863468247,0.655464058677765
GOBP_POSITIVE_REGULATION_OF_CELL_DEVELOPMENT,3,-1.02896942657372,0.00972377102695432,0.666666666666667,0.303494041881287,0.658810396915592
GOBP_UBIQUINONE_METABOLIC_PROCESS,2,1.02866508517661,0.0139782762040216,0.5,0.303637082160396,0.658842439364511
GOBP_MRNA_TRANSCRIPTION,3,1.02787393264461,0.0399198797337019,1,0.304009132936901,0.659371159950981
REACTOME_NEGATIVE_REGULATION_OF_FGFR3_SIGNALING,3,-1.02739312809896,0.0571758661941904,0.666666666666667,0.304235386006335,0.659583344250121
REACTOME_TP53_REGULATES_METABOLIC_GENES,3,-1.02705220434337,-0.0234931721497323,0.666666666666667,0.304395882854742,0.659652849933314
REACTOME_CDC42_GTPASE_CYCLE,3,-1.02570256659358,-0.0223782436093943,0.666666666666667,0.305031804199955,0.660598650064499
GOBP_T_CELL_LINEAGE_COMMITMENT,3,-1.02558007466102,0.0171595316484213,0.666666666666667,0.305089563464368,0.660598650064499
GOBP_ENTEROENDOCRINE_CELL_DIFFERENTIATION,3,1.02527299302636,-0.021093305872182,0.333333333333333,0.305234395179422,0.66063373520502
REACTOME_BIOSYNTHESIS_OF_SPECIALIZED_PRORESOLVING_MEDIATORS_SPMS,3,1.02469900316321,0.135829766617624,0.666666666666667,0.305505233553149,0.660707468316108
GOBP_ACROSOME_ASSEMBLY,2,-1.02409711894528,-0.108652050925651,1,0.305789405088102,0.660707468316108
GOBP_REGULATION_OF_LEUKOCYTE_MIGRATION,3,-1.02391745478651,0.0534304332237816,0.333333333333333,0.305874265060051,0.660707468316108
GOBP_REGULATION_OF_MAP_KINASE_ACTIVITY,3,-1.02369617763302,0.0151461270269321,0.666666666666667,0.305978801367733,0.660707468316108
GOBP_CELLULAR_RESPONSE_TO_EXOGENOUS_DSRNA,2,1.02350323732541,0.19580517628478,0.5,0.306069970038969,0.660707468316108
GOBP_POSITIVE_REGULATION_OF_SKELETAL_MUSCLE_TISSUE_DEVELOPMENT,3,1.02324910644206,0.0915257220572825,0.666666666666667,0.306190080121415,0.660707468316108
GOBP_CEREBELLAR_CORTEX_MORPHOGENESIS,3,-1.02299202326628,-0.0256757746220995,0.666666666666667,0.306311617332025,0.660707468316108
GOBP_STORE_OPERATED_CALCIUM_ENTRY,2,1.02282967355189,0.13698664948781,1,0.306388385347238,0.660707468316108
GOBP_CELLULAR_RESPONSE_TO_STEROL,3,1.02243880554437,0.0145134651903808,0.666666666666667,0.306573261874124,0.660707468316108
GOBP_ZINC_ION_TRANSPORT,3,-1.02232580954804,0.00305933150420505,0.666666666666667,0.306626721581839,0.660707468316108
GOBP_GLUCOSE_METABOLIC_PROCESS,3,-1.02220575210805,0.0163480017872692,0.666666666666667,0.306683528906854,0.660707468316108
GOBP_PROTEIN_KINASE_C_SIGNALING,3,1.02137224076518,0.0136218072893207,0.333333333333333,0.307078111935174,0.661093140285931
GOBP_RESPONSE_TO_LEAD_ION,3,-1.02121108400597,0.0138473354221265,0.333333333333333,0.307154442074303,0.661093140285931
GOBP_REGULATION_OF_OXIDATIVE_STRESS_INDUCED_CELL_DEATH,3,-1.02101211158739,-0.0313759062244817,1,0.307248700518403,0.661093140285931
GOBP_REGULATION_OF_ERAD_PATHWAY,3,-1.01950115796379,-0.042897022354808,1,0.307965103706347,0.662357107468926
GOBP_T_HELPER_17_CELL_DIFFERENTIATION,3,1.01813675320822,0.127287993999727,0.666666666666667,0.308612971176568,0.663056796839759
GOBP_CYTOSOLIC_TRANSPORT,3,-1.01803829548927,-0.022168833247357,0.666666666666667,0.308659757211083,0.663056796839759
HALLMARK_COAGULATION,3,1.01800048392842,0.102425285218092,0.666666666666667,0.308677726098883,0.663056796839759
GOBP_ALCOHOL_BIOSYNTHETIC_PROCESS,3,-1.01709773128119,0.00360879074282148,0.666666666666667,0.309106939463161,0.663701187743644
REACTOME_RAB_GEFS_EXCHANGE_GTP_FOR_GDP_ON_RABS,3,-1.01638548350277,0.0232267913999374,0.333333333333333,0.309445855620819,0.66415123880841
GOBP_POSITIVE_REGULATION_OF_SMOOTHENED_SIGNALING_PATHWAY,3,-1.01596373249234,-0.0286619015074034,1,0.309646657420003,0.664239540141996
REACTOME_SYNTHESIS_OF_PIPS_AT_THE_EARLY_ENDOSOME_MEMBRANE,3,1.01575586497124,-0.0365010273814118,0.333333333333333,0.309745657834907,0.664239540141996
GOBP_PROTEIN_KINASE_C_ACTIVATING_G_PROTEIN_COUPLED_RECEPTOR_SIGNALING_PATHWAY,3,-1.01538644400204,-0.0618000612758981,1,0.309921652396468,0.664339568743013
REACTOME_INCRETIN_SYNTHESIS_SECRETION_AND_INACTIVATION,3,-1.01457232093169,-0.0296404094061294,1,0.310309739039478,0.66435867395867
GOBP_POSITIVE_REGULATION_OF_MEMBRANE_PROTEIN_ECTODOMAIN_PROTEOLYSIS,2,1.01439090295953,0.137239409653674,0.5,0.31039626338145,0.66435867395867
GOBP_POSITIVE_REGULATION_OF_NEUTROPHIL_MIGRATION,3,-1.01437039194025,-0.00640050941037147,0.333333333333333,0.310406046779437,0.66435867395867
GOBP_AXO_DENDRITIC_TRANSPORT,3,1.01401579872114,0.0123457245297995,0.666666666666667,0.31057521373009,0.66435867395867
REACTOME_ADP_SIGNALLING_THROUGH_P2Y_PURINOCEPTOR_12,3,-1.013661310743,0.0163052030805907,0.666666666666667,0.310744391283149,0.66435867395867
GOBP_DENDRITIC_SPINE_DEVELOPMENT,3,-1.01321974622193,-0.0711289590229024,0.666666666666667,0.310955210704724,0.66435867395867
GOBP_INSULIN_LIKE_GROWTH_FACTOR_RECEPTOR_SIGNALING_PATHWAY,3,-1.01313281147868,-0.0832877559229293,1,0.310996727718802,0.66435867395867
REACTOME_RAB_GERANYLGERANYLATION,3,-1.0130256829625,-0.0228825988953623,0.666666666666667,0.311047893607127,0.66435867395867
GOBP_OUTFLOW_TRACT_MORPHOGENESIS,3,1.01272734321824,-0.0197654355733804,0.666666666666667,0.311190413580026,0.66435867395867
REACTOME_ACTIVATION_OF_KAINATE_RECEPTORS_UPON_GLUTAMATE_BINDING,3,-1.01265684325292,0.00732992185126214,0.333333333333333,0.311224098431573,0.66435867395867
GOBP_PROTEIN_LOCALIZATION_TO_CELL_CELL_JUNCTION,3,-1.01200210984249,-0.141198241545155,0.666666666666667,0.311537044637297,0.664711645231924
GOBP_MIDBRAIN_DEVELOPMENT,3,-1.01176946139559,-0.00669745549442581,0.333333333333333,0.311648294727117,0.664711645231924
REACTOME_CELLULAR_HEXOSE_TRANSPORT,3,-1.01001233801751,0.0265769937142347,0.333333333333333,0.312489378908065,0.665513884905154
GOBP_CRISTAE_FORMATION,2,-1.0099655885293,-0.0462766684673985,0.5,0.31251177694017,0.665513884905154
GOBP_ACTIVATION_OF_ADENYLATE_CYCLASE_ACTIVITY,3,1.00982522832135,0.0510407978463775,0.666666666666667,0.312579030927756,0.665513884905154
REACTOME_INTERLEUKIN_37_SIGNALING,3,1.00920718620206,0.0561316234017498,1,0.312875280950915,0.665513884905154
GOBP_LENS_FIBER_CELL_DIFFERENTIATION,3,-1.00908377553852,0.014148276255455,0.333333333333333,0.312934458300997,0.665513884905154
GOBP_GRANULOCYTE_CHEMOTAXIS,3,-1.00863892623211,0.0658319193804728,0.333333333333333,0.313147831688159,0.665513884905154
REACTOME_NEPHRIN_FAMILY_INTERACTIONS,3,-1.00855141022198,-0.041982596417303,1,0.31318982029393,0.665513884905154
GOBP_CELLULAR_RESPONSE_TO_TOPOLOGICALLY_INCORRECT_PROTEIN,3,-1.00825522413871,-0.0338623563405167,1,0.313331952540609,0.665513884905154
GOBP_PITUITARY_GLAND_DEVELOPMENT,3,1.00784210691569,0.0401318789157077,1,0.313530267997027,0.665513884905154
GOBP_NATURAL_KILLER_CELL_ACTIVATION,3,-1.00773988463497,-0.0473330556518402,0.666666666666667,0.313579352186033,0.665513884905154
GOBP_ADENYLATE_CYCLASE_INHIBITING_G_PROTEIN_COUPLED_RECEPTOR_SIGNALING_PATHWAY,3,1.00770594393995,0.120890254111897,0.666666666666667,0.313595650646421,0.665513884905154
GOBP_POSITIVE_REGULATION_OF_TRANSLATION,3,-1.00708015217515,-0.0690128843520467,1,0.313896258301393,0.665513884905154
REACTOME_CROSS_PRESENTATION_OF_SOLUBLE_EXOGENOUS_ANTIGENS_ENDOSOMES,3,1.00705433593358,0.0188513969117926,0.333333333333333,0.313908663557254,0.665513884905154
GOBP_REGULATION_OF_CAMP_MEDIATED_SIGNALING,3,1.00635267934923,0.119416601777582,0.666666666666667,0.314245948047769,0.665513884905154
GOBP_ENDOCYTIC_RECYCLING,3,-1.00630705601032,-0.00319306129785885,0.666666666666667,0.314267887317067,0.665513884905154
REACTOME_SUMOYLATION_OF_DNA_DAMAGE_RESPONSE_AND_REPAIR_PROTEINS,3,-1.00621949026576,-0.142287192477498,0.666666666666667,0.314309998597038,0.665513884905154
GOBP_GASTRULATION,3,-1.00619563235007,-0.00894975894120414,0.666666666666667,0.314321472760771,0.665513884905154
GOBP_ASSOCIATIVE_LEARNING,3,1.00590085155574,0.0567487685863102,1,0.314463266594135,0.665513884905154
GOBP_RESPONSE_TO_INTERLEUKIN_1,3,1.00577767764681,0.109155587074279,0.666666666666667,0.314522527485567,0.665513884905154
GOBP_SIGNAL_TRANSDUCTION_IN_ABSENCE_OF_LIGAND,3,-1.00558345147673,0.06731984357999,0.333333333333333,0.314615987645973,0.665513884905154
REACTOME_CYTOSOLIC_SENSORS_OF_PATHOGEN_ASSOCIATED_DNA,3,-1.0047959120482,0.0562242584956365,0.666666666666667,0.314995132729087,0.666041581595962
GOBP_REGULATION_OF_MUSCLE_SYSTEM_PROCESS,3,1.00450794342236,0.0804962852047713,0.666666666666667,0.315133844395396,0.666060668648047
REACTOME_CALNEXIN_CALRETICULIN_CYCLE,3,-1.00277061493312,-0.00506458053486816,0.666666666666667,0.315971549896672,0.667331126869126
GOBP_CORTICOSTEROID_HORMONE_SECRETION,3,1.0027224362777,0.146427134208302,0.666666666666667,0.315994801508122,0.667331126869126
GOBP_PLACENTA_DEVELOPMENT,3,1.00129474906008,0.0603439748663608,1,0.31668433076023,0.668101622792131
GOBP_REGULATION_OF_CELLULAR_AMINE_METABOLIC_PROCESS,3,1.00123959442144,-0.00543467450049113,0.666666666666667,0.316710988553132,0.668101622792131
GOBP_UBIQUITIN_DEPENDENT_PROTEIN_CATABOLIC_PROCESS_VIA_THE_MULTIVESICULAR_BODY_SORTING_PATHWAY,3,-1.00115910665196,0.0268461243114657,0.333333333333333,0.316749893204603,0.668101622792131
GOBP_CELL_CELL_ADHESION_MEDIATED_BY_INTEGRIN,3,-1.0007753667319,0.032866824450906,0.333333333333333,0.316935421234372,0.668218523587741
GOBP_RESPONSE_TO_NITRIC_OXIDE,3,1.00031238320258,-0.00105859177230803,0.666666666666667,0.317159356295493,0.668416271618241
GOBP_REGULATION_OF_FLAGELLATED_SPERM_MOTILITY,2,0.999729932608418,0.144517481931508,1,0.317441222316207,0.668735897381476
GOBP_NEGATIVE_REGULATION_OF_TISSUE_REMODELING,3,-0.999175925877974,0.112382110125359,0.666666666666667,0.317709475809497,0.66896445609541
GOBP_REGULATION_OF_FIBROBLAST_MIGRATION,3,-0.99896795141216,-0.0216503165096649,0.666666666666667,0.317810216680841,0.66896445609541
GOBP_MONOUBIQUITINATED_PROTEIN_DEUBIQUITINATION,3,0.998450807105394,0.012445863481277,0.666666666666667,0.318060807246343,0.668991590505513
GOBP_NEGATIVE_REGULATION_OF_DEVELOPMENTAL_GROWTH,3,0.998403744971488,0.0269293093215716,0.666666666666667,0.318083618382878,0.668991590505513
GOBP_PURINERGIC_NUCLEOTIDE_RECEPTOR_SIGNALING_PATHWAY,3,0.997902670441301,0.0702119691644607,0.666666666666667,0.318326556946593,0.669005843306155
GOBP_PYRIMIDINE_NUCLEOTIDE_METABOLIC_PROCESS,3,-0.997852451784422,-0.0455923348479579,1,0.318350911417493,0.669005843306155
GOBP_VENTRICULAR_CARDIAC_MUSCLE_TISSUE_MORPHOGENESIS,3,0.996029561021846,0.10266459999999,0.666666666666667,0.319235782365114,0.67059099313997
GOBP_REGULATION_OF_MITOCHONDRIAL_MEMBRANE_POTENTIAL,3,-0.995509952927528,0.0366650056281611,0.333333333333333,0.319488305989298,0.67084707259241
REACTOME_IRON_UPTAKE_AND_TRANSPORT,3,-0.994553019886608,0.0802057186872912,0.333333333333333,0.319953706449091,0.671369581805656
KEGG_TYPE_II_DIABETES_MELLITUS,3,-0.994460789525713,-0.0170632702976056,0.666666666666667,0.319998585720453,0.671369581805656
GOBP_POSITIVE_REGULATION_OF_MUSCLE_TISSUE_DEVELOPMENT,3,0.993836891141284,0.0345539881926312,0.666666666666667,0.320302282630743,0.671732349363616
GOBP_BRAIN_MORPHOGENESIS,3,0.992795483743099,0.0108731652900168,0.666666666666667,0.320809631294735,0.672191491169459
REACTOME_E3_UBIQUITIN_LIGASES_UBIQUITINATE_TARGET_PROTEINS,3,-0.992793888899321,-0.0918771349521723,0.666666666666667,0.320810408666788,0.672191491169459
GOBP_SODIUM_ION_TRANSMEMBRANE_TRANSPORT,3,0.992581691775524,0.0449186963770158,1,0.320913850534952,0.672191491169459
GOBP_REGULATION_OF_HAIR_FOLLICLE_DEVELOPMENT,3,0.991347198643697,0.0607358598991954,0.666666666666667,0.32151607344624,0.673171142150381
REACTOME_PROTEIN_PROTEIN_INTERACTIONS_AT_SYNAPSES,3,0.990901407216291,0.0425204630165649,0.666666666666667,0.321733725160972,0.673171142150381
GOBP_NEGATIVE_REGULATION_OF_CATION_CHANNEL_ACTIVITY,3,0.990325369318339,0.0344929888888125,1,0.322015110391658,0.673171142150381
GOBP_CELLULAR_RESPONSE_TO_INTERFERON_GAMMA,3,0.990244531442582,0.116298783049855,0.666666666666667,0.322054611238904,0.673171142150381
REACTOME_HYALURONAN_METABOLISM,3,0.990025996079416,0.0648423497077726,0.666666666666667,0.322161412803227,0.673171142150381
GOBP_REGULATION_OF_RENAL_SYSTEM_PROCESS,3,0.990012590968607,0.0471654782912207,1,0.322167964837546,0.673171142150381
REACTOME_VITAMIN_B5_PANTOTHENATE_METABOLISM,3,0.989095765705511,-0.0404217785026912,0.333333333333333,0.322616289118511,0.673679842128524
GOBP_SELECTIVE_AUTOPHAGY,3,-0.988978305444985,0.0635131330841621,0.666666666666667,0.32267375615969,0.673679842128524
GOBP_REGULATION_OF_INSULIN_SECRETION_INVOLVED_IN_CELLULAR_RESPONSE_TO_GLUCOSE_STIMULUS,3,0.988688010717498,0.0167956547091078,0.666666666666667,0.322815810526415,0.673702561098606
REACTOME_MITOCHONDRIAL_TRANSLATION,3,0.987772709404848,0.0118253577457816,0.666666666666667,0.323263975916586,0.673906555099203
GOBP_REGULATION_OF_CELL_MORPHOGENESIS_INVOLVED_IN_DIFFERENTIATION,3,-0.987609079345201,0.0015886051489256,0.666666666666667,0.323344137961056,0.673906555099203
GOBP_PROTEIN_AUTOPROCESSING,3,0.987546555189,0.0177546695265961,0.666666666666667,0.323374771843201,0.673906555099203
REACTOME_REGULATED_NECROSIS,3,0.98741668734783,0.0479832532865712,1,0.323438406993679,0.673906555099203
GOBP_PALLIUM_DEVELOPMENT,3,-0.986849635021434,-0.03533393449113,0.666666666666667,0.323716357842134,0.674212171077535
GOBP_PROTEIN_LOCALIZATION_TO_CELL_JUNCTION,3,0.98615097834015,0.0140209612543155,0.666666666666667,0.324059030857286,0.674278868788865
GOBP_DSRNA_PROCESSING,3,-0.985878604450712,0.0132978256179813,0.666666666666667,0.324192687183918,0.674278868788865
GOBP_REGULATION_OF_POLYSACCHARIDE_METABOLIC_PROCESS,3,-0.985862679216569,0.0389566373598315,0.333333333333333,0.324200502950814,0.674278868788865
REACTOME_GLYOXYLATE_METABOLISM_AND_GLYCINE_DEGRADATION,3,0.985573370705059,-0.0193026999715983,0.666666666666667,0.324342510790834,0.674278868788865
REACTOME_STRIATED_MUSCLE_CONTRACTION,3,-0.985446484023858,0.0219760777352677,0.333333333333333,0.324404806226107,0.674278868788865
GOBP_CRANIOFACIAL_SUTURE_MORPHOGENESIS,2,0.98513275115256,0.0681079283981861,1,0.324558867857693,0.674326191471323
REACTOME_PROTEIN_UBIQUITINATION,3,-0.984742349507192,-0.0672370620264378,0.666666666666667,0.324750644951387,0.674451804476476
REACTOME_RAF_INDEPENDENT_MAPK1_3_ACTIVATION,3,-0.984347223952616,0.0610401233970221,0.333333333333333,0.324944817657882,0.674474711693925
GOBP_POSITIVE_REGULATION_OF_AMINE_TRANSPORT,3,0.984185485980531,0.0539903831783023,1,0.32502432076372,0.674474711693925
GOBP_RESPONSE_TO_ELECTRICAL_STIMULUS,3,0.983078378140901,0.0441167467076614,1,0.325568864956321,0.675080617452617
GOBP_AMELOGENESIS,3,-0.982963725081706,0.0246661075443492,0.333333333333333,0.325625292316207,0.675080617452617
GOBP_MUSCLE_CELL_PROLIFERATION,3,0.982790364684591,0.0167013059738718,0.666666666666667,0.325710625009265,0.675080617452617
GOBP_SECRETORY_GRANULE_ORGANIZATION,3,-0.98185524800297,-0.0819049526036675,0.666666666666667,0.32617116556136,0.675762447084769
GOBP_FEAR_RESPONSE,3,0.981190883330293,0.112070240067523,0.666666666666667,0.326498619070122,0.676168107880704
GOBP_NEGATIVE_REGULATION_OF_HUMORAL_IMMUNE_RESPONSE,3,0.980382169038225,0.105096874126152,0.666666666666667,0.326897508090659,0.676721322673771
GOBP_LATE_ENDOSOME_TO_VACUOLE_TRANSPORT_VIA_MULTIVESICULAR_BODY_SORTING_PATHWAY,2,0.97982636414674,0.0914385804546394,1,0.32717183590068,0.676780949526848
REACTOME_STABILIZATION_OF_P53,3,0.97978986600044,0.00994399022111582,0.333333333333333,0.327189855466348,0.676780949526848
GOBP_GAP_JUNCTION_ASSEMBLY,2,0.979391341945031,0.10188387299611,1,0.3273866534291,0.676915399360651
REACTOME_TRANSCRIPTIONAL_REGULATION_BY_MECP2,3,-0.978805144037136,0.0153443429637087,0.666666666666667,0.327676267550595,0.677020639059905
GOBP_CELL_CELL_JUNCTION_ASSEMBLY,3,-0.978754716323385,-0.00217789470842064,0.666666666666667,0.327701189389199,0.677020639059905
GOBP_POSITIVE_REGULATION_OF_VASCULAR_ENDOTHELIAL_CELL_PROLIFERATION,2,0.978172252236959,0.191722062538705,0.5,0.327989137640513,0.677342597106521
GOBP_REGULATION_OF_PROTEIN_K63_LINKED_UBIQUITINATION,2,-0.977702062494482,-0.101777384349684,1,0.328221701400912,0.677342597106521
GOBP_POSITIVE_REGULATION_OF_REGULATED_SECRETORY_PATHWAY,3,-0.977516295211962,0.026855638189057,0.333333333333333,0.328313614496285,0.677342597106521
KEGG_DNA_REPLICATION,3,-0.977372942114189,-0.136059390166537,1,0.328384553503745,0.677342597106521
GOBP_POSITIVE_REGULATION_OF_GTPASE_ACTIVITY,3,-0.976898448193273,0.0103103913624421,0.333333333333333,0.328619430127262,0.677554955091778
GOBP_POSITIVE_REGULATION_OF_MACROPHAGE_CHEMOTAXIS,3,-0.976120560753834,0.0877281515381024,0.333333333333333,0.329004723508912,0.678077150859459
GOBP_DETECTION_OF_LIGHT_STIMULUS,3,0.975619411497684,0.0938778042493846,0.666666666666667,0.329253101440812,0.678260100258959
GOBP_REGULATION_OF_ACTIN_NUCLEATION,3,-0.975041556967012,-0.0443628893898141,0.666666666666667,0.329539646566323,0.678260100258959
REACTOME_ASYMMETRIC_LOCALIZATION_OF_PCP_PROTEINS,3,0.974852396073745,-0.00496499450185898,0.333333333333333,0.329633482304157,0.678260100258959
GOBP_REGULATION_OF_PROTEIN_KINASE_C_SIGNALING,3,0.974363864912028,0.0409926082021519,1,0.329875904642035,0.678260100258959
GOBP_SEX_DIFFERENTIATION,3,-0.974246624614504,-0.0182932841015431,1,0.329934099613259,0.678260100258959
GOBP_SMOOTH_MUSCLE_CELL_PROLIFERATION,3,0.974131806458933,0.0237876943690402,0.666666666666667,0.329991098740402,0.678260100258959
GOBP_DNA_CATABOLIC_PROCESS,3,0.973795346294224,0.0122283724634902,0.666666666666667,0.330158164229175,0.678260100258959
GOBP_ORGANELLE_FUSION,3,0.973430551658186,0.027198302984413,1,0.330339360735763,0.678260100258959
GOBP_HEMATOPOIETIC_STEM_CELL_HOMEOSTASIS,2,0.973334678073807,0.0532844961366471,1,0.330386992615726,0.678260100258959
REACTOME_TP53_REGULATES_TRANSCRIPTION_OF_GENES_INVOLVED_IN_CYTOCHROME_C_RELEASE,3,-0.972912032693455,-0.0483087590977864,1,0.330597024132153,0.678260100258959
GOBP_ESTROUS_CYCLE,3,0.972749663191286,0.0431726239992526,1,0.330677735814988,0.678260100258959
GOBP_FACULTATIVE_HETEROCHROMATIN_ASSEMBLY,3,-0.972609378256737,-0.109081053105035,0.666666666666667,0.330747479823907,0.678260100258959
REACTOME_GAP_JUNCTION_TRAFFICKING_AND_REGULATION,3,-0.9724830950817,0.0708113235951073,0.666666666666667,0.330810270862284,0.678260100258959
GOBP_HISTONE_H2A_ACETYLATION,3,-0.972183475553365,-0.213678429641485,0.666666666666667,0.330959279767269,0.678294836745689
GOBP_CHROMOSOME_ORGANIZATION_INVOLVED_IN_MEIOTIC_CELL_CYCLE,3,-0.971597091590028,-0.0883538321142602,0.666666666666667,0.331251030005422,0.678621974514498
GOBP_POSITIVE_REGULATION_OF_LIPID_METABOLIC_PROCESS,3,0.969627312191244,0.0782575671027171,0.666666666666667,0.332232293920446,0.680355471860196
GOBP_GLYCOSPHINGOLIPID_BIOSYNTHETIC_PROCESS,3,-0.969334548401279,-0.0171695043970832,0.666666666666667,0.332378297058694,0.680355471860196
GOBP_RESPONSE_TO_NERVE_GROWTH_FACTOR,3,-0.969101410725265,-0.00677332400756159,0.666666666666667,0.332494593919216,0.680355471860196
GOBP_ORGANELLE_MEMBRANE_FUSION,3,0.968162984452681,0.0325071328568185,1,0.332962978059658,0.680381767067338
GOBP_CELLULAR_ALDEHYDE_METABOLIC_PROCESS,3,0.968031886617538,0.0444533798004448,0.666666666666667,0.333028445059899,0.680381767067338
GOBP_LYMPHOCYTE_MIGRATION,3,-0.967988559293241,0.0466805779497425,0.333333333333333,0.333050083475468,0.680381767067338
GOBP_MESENCHYMAL_TO_EPITHELIAL_TRANSITION,3,0.967837628660987,0.132043575113508,1,0.333125467932286,0.680381767067338
KEGG_CHEMOKINE_SIGNALING_PATHWAY,3,-0.967438755992348,0.033343728317053,0.333333333333333,0.333324743584063,0.680381767067338
REACTOME_REGULATION_OF_CHOLESTEROL_BIOSYNTHESIS_BY_SREBP_SREBF,3,-0.967122903470368,-0.0335400153705086,0.666666666666667,0.333482597172406,0.680381767067338
GOBP_REGULATION_OF_ICOSANOID_SECRETION,3,0.967039995000374,0.128479324300907,1,0.333524040322496,0.680381767067338
GOBP_MONONUCLEAR_CELL_MIGRATION,3,-0.966939758431032,0.0601206133101783,0.333333333333333,0.333574149642662,0.680381767067338
GOBP_REGULATION_OF_VASCULAR_ENDOTHELIAL_GROWTH_FACTOR_RECEPTOR_SIGNALING_PATHWAY,3,-0.966469937802727,0.0438497382543619,0.666666666666667,0.333809082672713,0.680381767067338
GOBP_CELLULAR_RESPONSE_TO_BIOTIC_STIMULUS,3,-0.966423768268245,0.0497012135753112,0.333333333333333,0.333832175430236,0.680381767067338
GOBP_RESPONSE_TO_FATTY_ACID,3,0.965879333550679,0.0773694586033336,0.666666666666667,0.334104564726081,0.680445250548452
REACTOME_SIGNALING_BY_ROBO_RECEPTORS,3,0.965809394549324,-0.0154164332940481,0.666666666666667,0.334139566699122,0.680445250548452
REACTOME_TOLL_LIKE_RECEPTOR_9_TLR9_CASCADE,3,-0.965567228943432,0.0441430240371839,0.333333333333333,0.334260780205168,0.680445250548452
GOBP_NEGATIVE_REGULATION_OF_OXIDOREDUCTASE_ACTIVITY,3,0.964714412751053,0.0596540087860169,0.666666666666667,0.334687874271057,0.680850520460625
REACTOME_INHIBITION_OF_THE_PROTEOLYTIC_ACTIVITY_OF_APC_C_REQUIRED_FOR_THE_ONSET_OF_ANAPHASE_BY_MITOTIC_SPINDLE_CHECKPOINT_COMPONENTS,3,-0.964640327621151,-0.0695959839308375,1,0.334724993022406,0.680850520460625
REACTOME_MATURATION_OF_SARS_COV_2_NUCLEOPROTEIN,2,-0.963258714600171,-0.0913222543806714,1,0.335417706355919,0.681966885091746
GOBP_APOPTOTIC_PROCESS_INVOLVED_IN_DEVELOPMENT,3,0.963016202557364,0.0942999369140316,0.666666666666667,0.335539392256005,0.681966885091746
GOBP_BLASTODERM_SEGMENTATION,3,0.962064857931809,-0.00269635554604387,0.666666666666667,0.336017025367017,0.682667500903876
REACTOME_GLYCEROPHOSPHOLIPID_BIOSYNTHESIS,3,0.961121514488418,0.0645347978964425,1,0.336491073250199,0.683108501494623
GOBP_MYELOID_LEUKOCYTE_ACTIVATION,3,-0.961103561646329,0.0241298553302043,0.333333333333333,0.336500099061798,0.683108501494623
GOBP_3_UTR_MEDIATED_MRNA_DESTABILIZATION,2,0.960650996081471,0.0935688825988613,1,0.33672767835553,0.683300417239827
GOBP_POSITIVE_REGULATION_OF_HISTONE_METHYLATION,3,-0.959797466443272,-0.0300661886916713,1,0.337157157690002,0.683644743847359
GOBP_VESICLE_TARGETING_TO_FROM_OR_WITHIN_GOLGI,3,0.959784712457918,0.0525421466720965,1,0.337163577913816,0.683644743847359
GOBP_PROTEIN_K63_LINKED_UBIQUITINATION,3,-0.959125673709395,-0.0121167370486528,0.666666666666667,0.337495438129745,0.683877279300653
KEGG_BETA_ALANINE_METABOLISM,3,-0.959028141774054,0.000582590168581093,0.333333333333333,0.337544568346409,0.683877279300653
GOBP_TOLL_LIKE_RECEPTOR_2_SIGNALING_PATHWAY,3,0.957556039278725,0.116562900493021,0.666666666666667,0.33828667554219,0.685110554252638
GOBP_POSITIVE_REGULATION_OF_LEUKOCYTE_MIGRATION,3,-0.956583379291173,0.0493949827759707,0.333333333333333,0.338777581218179,0.685581771074193
REACTOME_MET_PROMOTES_CELL_MOTILITY,3,-0.956566074580825,-0.0369105485112249,0.666666666666667,0.33878631911727,0.685581771074193
GOBP_PROTEIN_LIPID_COMPLEX_ASSEMBLY,3,-0.956175132457903,0.12157272358605,0.333333333333333,0.338983761302206,0.685595177511672
GOBP_NEGATIVE_REGULATION_OF_NEURON_PROJECTION_DEVELOPMENT,3,0.95602437406438,0.0302118716311114,1,0.33905992034261,0.685595177511672
GOBP_VIRAL_RELEASE_FROM_HOST_CELL,3,0.954472379343173,0.089469739631122,1,0.339844584034044,0.686911367020406
GOBP_POSITIVE_REGULATION_OF_NEUROGENESIS,3,-0.95394543088618,0.00142314606531593,0.666666666666667,0.340111265268898,0.687179960039757
REACTOME_REGULATION_OF_LIPID_METABOLISM_BY_PPARALPHA,3,-0.953506231381118,-0.00402152760809336,0.333333333333333,0.340333640443117,0.687311366596656
GOBP_ALPHA_BETA_T_CELL_DIFFERENTIATION,3,0.953288438072496,0.13416969467044,0.666666666666667,0.3404439479404,0.687311366596656
GOBP_REGULATION_OF_MUSCLE_CELL_DIFFERENTIATION,3,-0.952854891479851,0.00830751725891494,0.666666666666667,0.340663597884984,0.687484573177713
GOBP_T_HELPER_2_CELL_DIFFERENTIATION,3,0.951771447205631,0.168409137714493,0.666666666666667,0.341212905632688,0.688131511134407
GOBP_INOSITOL_PHOSPHATE_METABOLIC_PROCESS,3,-0.951501734721328,-0.0623689400094692,0.666666666666667,0.341349738339994,0.688131511134407
GOBP_NEGATIVE_REGULATION_OF_INTERLEUKIN_8_PRODUCTION,3,-0.951430042493119,0.00969194367796025,0.333333333333333,0.341386115726338,0.688131511134407
GOBP_POLYAMINE_METABOLIC_PROCESS,3,0.950848939430384,0.101069968206205,1,0.341681065065527,0.688354903546988
REACTOME_SIGNAL_TRANSDUCTION_BY_L1,3,-0.950683645030744,0.0220141727585225,0.666666666666667,0.341764992999381,0.688354903546988
KEGG_TIGHT_JUNCTION,3,-0.949805796001451,0.0416984544938418,0.333333333333333,0.342210940288963,0.688982904478289
REACTOME_SLC_TRANSPORTER_DISORDERS,3,0.949505551642451,-0.0478036562186464,0.333333333333333,0.342363549788888,0.689020059449738
REACTOME_PHASE_2_PLATEAU_PHASE,2,-0.948538441261064,-0.0100779961965103,0.5,0.342855412633162,0.689739678528759
GOBP_PEPTIDYL_ASPARAGINE_MODIFICATION,3,-0.948273999220337,-0.105013676154109,1,0.342989983852051,0.68974023377609
GOBP_RESPONSE_TO_COLD,3,-0.947906778256117,0.00242008685008134,0.333333333333333,0.343176913943305,0.689846039143958
REACTOME_RHO_GTPASES_ACTIVATE_NADPH_OXIDASES,3,-0.94694278540506,-0.0510387040316045,0.666666666666667,0.343667934337733,0.690281416532201
GOBP_CELL_CELL_JUNCTION_MAINTENANCE,2,0.946187801531791,0.105214530238783,1,0.344052806836189,0.690281416532201
GOBP_LYMPH_VESSEL_MORPHOGENESIS,3,0.946113658704039,0.172931721261547,0.666666666666667,0.344090617886001,0.690281416532201
GOBP_CONNECTIVE_TISSUE_DEVELOPMENT,3,0.946027971848968,0.0174955602512514,1,0.344134319414752,0.690281416532201
GOBP_POSITIVE_REGULATION_OF_RHO_PROTEIN_SIGNAL_TRANSDUCTION,3,0.946007846650239,0.0346296847912944,0.666666666666667,0.344144584069367,0.690281416532201
GOBP_REGULATION_OF_DNA_REPAIR,3,-0.94589939097916,-0.0767194806280786,1,0.344199904154783,0.690281416532201
GOBP_NEUROPEPTIDE_SIGNALING_PATHWAY,3,0.945045596288292,0.0761048915007808,0.666666666666667,0.344635598207069,0.690885414672719
GOBP_SOMATIC_DIVERSIFICATION_OF_IMMUNOGLOBULINS,3,-0.944712180480954,-0.0751071591174214,1,0.344805836805246,0.69095699486217
GOBP_REGULATION_OF_ARP2_3_COMPLEX_MEDIATED_ACTIN_NUCLEATION,3,-0.944076957705553,-0.104822344890835,0.666666666666667,0.345130323281372,0.691281169240908
GOBP_REGULATION_OF_INFLAMMATORY_RESPONSE_TO_ANTIGENIC_STIMULUS,3,-0.94380708863564,-0.044656663538063,1,0.345268237555562,0.691281169240908
GOBP_SEMI_LUNAR_VALVE_DEVELOPMENT,3,0.943605277952481,0.0840166978012428,0.666666666666667,0.34537139413399,0.691281169240908
GOBP_NEGATIVE_REGULATION_OF_SIGNAL_TRANSDUCTION_BY_P53_CLASS_MEDIATOR,3,-0.942062578673292,-0.0894323032228194,1,0.346160601942201,0.692590904392343
GOBP_TRNA_METHYLATION,3,-0.941592961861273,-0.0599853819357408,0.666666666666667,0.34640107449092,0.69280214898184
REACTOME_REGULATION_OF_RUNX3_EXPRESSION_AND_ACTIVITY,3,0.941080347311889,0.0299910657849465,0.666666666666667,0.346663685922839,0.69305748964566
GOBP_CERAMIDE_TRANSPORT,2,-0.940227299055572,-0.027330300475673,0.5,0.347100981766878,0.693630227713541
GOBP_PIGMENTATION,3,-0.939994714776786,0.0164678534465475,0.666666666666667,0.347220271700061,0.693630227713541
GOBP_GLUCOCORTICOID_BIOSYNTHETIC_PROCESS,3,0.93907550442593,0.0758695729604928,0.666666666666667,0.347691979874242,0.694302491692888
REACTOME_SYNTHESIS_SECRETION_AND_DEACYLATION_OF_GHRELIN,3,-0.93855402385054,-0.140533476596,0.666666666666667,0.347959767464208,0.694567184491321
HALLMARK_MYOGENESIS,3,0.938237625316986,0.120600147711637,0.666666666666667,0.348122306450096,0.694621665084574
GOBP_PYRUVATE_METABOLIC_PROCESS,3,-0.937920155351373,0.0295777663709551,0.666666666666667,0.348285444351166,0.694677297936929
GOBP_POSITIVE_REGULATION_OF_CELL_CELL_ADHESION,3,-0.937158418878438,0.0678354219882041,0.333333333333333,0.348677075067971,0.695188454017508
GOBP_PEPTIDYL_ARGININE_METHYLATION,2,-0.936299582409258,-0.0267053561242687,0.5,0.349118963115405,0.695419615176573
GOBP_POSITIVE_REGULATION_OF_MYELOID_LEUKOCYTE_MEDIATED_IMMUNITY,3,0.936021974172266,0.124032108126436,0.666666666666667,0.349261873970639,0.695419615176573
GOBP_STEROID_HORMONE_MEDIATED_SIGNALING_PATHWAY,3,-0.935955410953776,0.00199492379472089,0.666666666666667,0.349296145788547,0.695419615176573
KEGG_NEUROACTIVE_LIGAND_RECEPTOR_INTERACTION,3,0.935880691166763,0.0795809583587695,0.666666666666667,0.349334619773278,0.695419615176573
KEGG_PENTOSE_PHOSPHATE_PATHWAY,3,-0.934604867302277,0.118023561640083,0.666666666666667,0.349991969725159,0.695914381772699
HALLMARK_UV_RESPONSE_DN,3,-0.934535495322106,-0.0893851232980027,1,0.350027735126299,0.695914381772699
GOBP_REGULATION_OF_FATTY_ACID_OXIDATION,3,0.934412165454165,0.152665210299302,0.666666666666667,0.350091324768349,0.695914381772699
REACTOME_TP53_REGULATES_TRANSCRIPTION_OF_DNA_REPAIR_GENES,3,-0.934344440032324,-0.020772698278,0.666666666666667,0.350126247531564,0.695914381772699
KEGG_PEROXISOME,3,0.934083842549382,-0.0296603027010299,0.333333333333333,0.350260645810442,0.695914381772699
GOBP_RESPONSE_TO_STARVATION,3,0.933663982099386,0.0140466795848813,1,0.350477249809768,0.696075465979493
GOBP_CELLULAR_RESPONSE_TO_ZINC_ION,3,0.932592600473175,0.0806467569427461,1,0.351030355315433,0.696804389425973
GOBP_RETROGRADE_VESICLE_MEDIATED_TRANSPORT_GOLGI_TO_ENDOPLASMIC_RETICULUM,3,-0.93230538877785,0.0216251847917532,0.666666666666667,0.351178723607316,0.696804389425973
GOBP_REGULATION_OF_MUSCLE_ORGAN_DEVELOPMENT,3,0.932164965650044,-0.00313779743972792,0.666666666666667,0.351251278080966,0.696804389425973
REACTOME_NEGATIVE_REGULATION_OF_FGFR2_SIGNALING,3,-0.931679329100059,0.076193207621492,0.666666666666667,0.351502272249586,0.697033077325819
GOBP_REACTIVE_OXYGEN_SPECIES_METABOLIC_PROCESS,3,0.930839394544151,0.0480663159646981,1,0.351936648295046,0.697347159865479
GOBP_ANTIGEN_RECEPTOR_MEDIATED_SIGNALING_PATHWAY,3,-0.930635223874756,0.00679816351351153,0.666666666666667,0.352042287433986,0.697347159865479
GOBP_CEREBRAL_CORTEX_DEVELOPMENT,3,-0.930585558108973,-0.0564163334355761,0.666666666666667,0.352067987837069,0.697347159865479
KEGG_PANTOTHENATE_AND_COA_BIOSYNTHESIS,3,0.92926402409582,-0.0431452861446052,0.333333333333333,0.352752274584364,0.698381258897125
GOBP_NEGATIVE_REGULATION_OF_VIRAL_ENTRY_INTO_HOST_CELL,3,-0.929052216346679,0.0411476681957559,0.333333333333333,0.352862026253512,0.698381258897125
GOBP_RNA_PHOSPHODIESTER_BOND_HYDROLYSIS,3,0.928739689537596,-0.0480723398599958,0.333333333333333,0.353024006607413,0.698432703365052
GOBP_GLUTATHIONE_METABOLIC_PROCESS,3,-0.928437937439446,0.0519327725725703,0.666666666666667,0.353180447126467,0.698473152268593
GOBP_REGULATION_OF_INTRACELLULAR_ESTROGEN_RECEPTOR_SIGNALING_PATHWAY,3,-0.927253204384471,-0.0865630434066959,1,0.353795084646436,0.699417451515259
GOBP_CEREBRAL_CORTEX_CELL_MIGRATION,3,-0.926769671192234,-0.109884609255958,0.666666666666667,0.354046134993656,0.699417451515259
GOBP_NEGATIVE_REGULATION_OF_AUTOPHAGOSOME_ASSEMBLY,2,0.926730520619417,0.0708255783752669,1,0.354066466888566,0.699417451515259
GOBP_POSITIVE_REGULATION_OF_MACROAUTOPHAGY,3,0.925942274250176,-0.0295495105789027,0.333333333333333,0.35447598034991,0.699957183805129
GOBP_TRABECULA_MORPHOGENESIS,3,0.924099783886575,0.0455122090323455,1,0.355434365822067,0.701299010190786
GOBP_MESENCHYMAL_CELL_APOPTOTIC_PROCESS,2,-0.923990973421722,-0.0736562315807033,1,0.355491015495935,0.701299010190786
GOBP_DOPAMINE_METABOLIC_PROCESS,3,0.923601430620306,0.00693313652926389,0.666666666666667,0.355693868719798,0.701299010190786
GOBP_POSITIVE_REGULATION_OF_MITOCHONDRIAL_FISSION,3,0.923246376051454,0.0786892235928808,0.666666666666667,0.355878825890155,0.701299010190786
GOBP_RESPONSE_TO_IMMOBILIZATION_STRESS,3,-0.923132900966072,-0.0215180975772893,0.666666666666667,0.355937950804241,0.701299010190786
REACTOME_SELECTIVE_AUTOPHAGY,3,-0.922669961595187,0.0602787549303387,0.666666666666667,0.35617922432171,0.701299010190786
GOBP_AUTOPHAGOSOME_ORGANIZATION,3,-0.922625955740069,0.0120762161120279,0.333333333333333,0.356202164542021,0.701299010190786
GOBP_ANATOMICAL_STRUCTURE_REGRESSION,2,-0.922201721183152,-0.0072372595659367,0.5,0.356423365478682,0.701299010190786
REACTOME_SURFACTANT_METABOLISM,3,-0.922157405593945,-0.0549731261454524,1,0.356446477146487,0.701299010190786
GOBP_CD8_POSITIVE_ALPHA_BETA_T_CELL_ACTIVATION,3,0.922014576093937,0.0534789759812504,1,0.356520972665137,0.701299010190786
GOBP_SEROTONIN_TRANSPORT,3,0.92158468529998,0.0710599245359244,1,0.356745249817754,0.701317877398721
GOBP_MRNA_MODIFICATION,3,-0.921472747639785,-0.0492924136947372,1,0.356803663092457,0.701317877398721
GOBP_RESPONSE_TO_HEAT,3,-0.920811369698944,0.0120334103444907,0.666666666666667,0.357148917910092,0.701727942764434
GOBP_PROTEIN_MODIFICATION_BY_SMALL_PROTEIN_REMOVAL,3,0.919565238888024,-0.00748154295003833,0.333333333333333,0.357799998909996,0.702738353499708
GOBP_NUCLEOTIDE_TRANSPORT,3,-0.918454507048227,-0.0347144453280375,0.666666666666667,0.358380965620459,0.703205862583461
GOBP_DETECTION_OF_MECHANICAL_STIMULUS,3,-0.918042245221254,-0.0242352571156225,1,0.358596749479902,0.703205862583461
GOBP_DENDRITIC_CELL_CHEMOTAXIS,3,0.91803598057715,0.12109813510074,0.666666666666667,0.358600029116165,0.703205862583461
GOBP_STEROL_HOMEOSTASIS,3,0.917884429596678,0.0721882649448587,1,0.358679374101743,0.703205862583461
GOBP_ENDOPLASMIC_RETICULUM_TO_GOLGI_VESICLE_MEDIATED_TRANSPORT,3,-0.917751610417117,-0.0278661888618853,1,0.358748921070887,0.703205862583461
GOBP_IMMUNE_RESPONSE_TO_TUMOR_CELL,3,-0.917540398065305,-0.0306819367497958,0.666666666666667,0.358859533845649,0.703205862583461
GOBP_NITRIC_OXIDE_MEDIATED_SIGNAL_TRANSDUCTION,3,0.916732809876567,0.0769915290239481,1,0.359282668783022,0.703766509103586
REACTOME_METABOLISM_OF_COFACTORS,3,0.916381120465091,-0.0266449349733043,0.666666666666667,0.359467034014461,0.703795744859697
GOBP_POSITIVE_REGULATION_OF_TRANSCRIPTION_ELONGATION_FROM_RNA_POLYMERASE_II_PROMOTER,3,-0.916181593751199,-0.0502903849602122,0.666666666666667,0.359571657809939,0.703795744859697
GOBP_PURINE_DEOXYRIBONUCLEOTIDE_METABOLIC_PROCESS,2,0.915142495080843,0.10329162584613,1,0.360116828590029,0.704594297767005
GOBP_OLIGOSACCHARIDE_LIPID_INTERMEDIATE_BIOSYNTHETIC_PROCESS,2,-0.914294114524994,-0.0570053981174842,0.5,0.360562322313331,0.704985240365739
REACTOME_PROCESSING_OF_DNA_DOUBLE_STRAND_BREAK_ENDS,3,0.914239209227366,-0.0862309660559786,0.333333333333333,0.360591165584267,0.704985240365739
GOBP_VASCULAR_TRANSPORT,3,-0.91352292155915,-0.0236282812387905,1,0.360967583950326,0.70540582150349
GOBP_REGULATION_OF_PROTEIN_GLYCOSYLATION,2,0.913307234882226,0.0264113356322347,0.5,0.361080978335801,0.70540582150349
GOBP_NEGATIVE_REGULATION_OF_CELL_AGING,3,-0.912698018740939,0.0407796903790628,0.333333333333333,0.36140138623307,0.705763315472641
GOBP_POSITIVE_REGULATION_OF_MYELINATION,3,-0.911333491397521,-0.0140319521750856,0.666666666666667,0.362119685037512,0.706817263543537
GOBP_REGULATION_OF_MUSCLE_ADAPTATION,3,0.911150040093613,0.095385687490141,0.666666666666667,0.362216323529321,0.706817263543537
GOBP_NEGATIVE_REGULATION_OF_NEURAL_PRECURSOR_CELL_PROLIFERATION,3,0.910526798907364,0.185135600298831,0.666666666666667,0.362544755232782,0.706957923951506
GOBP_REGULATION_OF_RELEASE_OF_CYTOCHROME_C_FROM_MITOCHONDRIA,3,-0.910490856440895,0.0227831556985557,0.666666666666667,0.3625637016527,0.706957923951506
GOBP_DEOXYRIBONUCLEOSIDE_TRIPHOSPHATE_METABOLIC_PROCESS,2,-0.910225764877997,-0.161927976328891,1,0.362703459016965,0.706962036247109
REACTOME_ACTIVATION_OF_NMDA_RECEPTORS_AND_POSTSYNAPTIC_EVENTS,3,-0.909913219873068,0.0206619032036153,0.333333333333333,0.362868277354174,0.70701497438962
REACTOME_NCAM1_INTERACTIONS,3,-0.908687002009271,0.0638618703346912,0.666666666666667,0.363515367163857,0.707193326320251
GOBP_VASCULAR_ASSOCIATED_SMOOTH_MUSCLE_CELL_DIFFERENTIATION,3,-0.908097971495919,-0.0740140086033404,0.666666666666667,0.363826462115863,0.707193326320251
GOBP_NUCLEOSIDE_METABOLIC_PROCESS,3,0.907458093120667,0.0256463573538736,0.666666666666667,0.364164600856327,0.707193326320251
GOBP_PROTEIN_DEGLYCOSYLATION,3,0.907245008968112,0.0221494268070028,0.666666666666667,0.36427724710871,0.707193326320251
REACTOME_ACTIVATED_TAK1_MEDIATES_P38_MAPK_ACTIVATION,3,0.907235645182087,0.0392100350964971,0.666666666666667,0.364282197743656,0.707193326320251
GOBP_PROSTANOID_BIOSYNTHETIC_PROCESS,3,0.907196117300073,0.0435333624170684,1,0.364303096603749,0.707193326320251
GOBP_INTERFERON_BETA_PRODUCTION,3,0.907165615108005,0.0997048177634971,0.666666666666667,0.364319223986793,0.707193326320251
REACTOME_YAP1_AND_WWTR1_TAZ_STIMULATED_GENE_EXPRESSION,2,-0.907149142540782,-0.174793015233998,0.5,0.364327933690712,0.707193326320251
GOBP_REGULATION_OF_PROTEIN_BINDING,3,-0.907073056242098,0.0392214912371663,0.333333333333333,0.364368165243343,0.707193326320251
GOBP_POSITIVE_REGULATION_OF_TUMOR_NECROSIS_FACTOR_SUPERFAMILY_CYTOKINE_PRODUCTION,3,-0.906934994610797,0.0253044507179651,0.333333333333333,0.364441174094698,0.707193326320251
GOBP_CELLULAR_RESPONSE_TO_CAMP,3,0.906872089629983,0.0125630174419262,0.666666666666667,0.364474442128058,0.707193326320251
GOBP_MIRNA_METABOLIC_PROCESS,3,0.906280026931899,0.0708114797181019,1,0.364787654388234,0.707533758662376
REACTOME_SIGNALING_BY_NOTCH,3,0.905787558348639,0.0251477292498841,1,0.365048307564501,0.707687008936804
GOBP_AUTOPHAGY_OF_MITOCHONDRION,3,-0.905597812024029,0.0630599578545958,0.333333333333333,0.365148767306843,0.707687008936804
REACTOME_DOPAMINE_NEUROTRANSMITTER_RELEASE_CYCLE,3,0.905349925049253,0.0763164341151707,0.666666666666667,0.365280035181361,0.707687008936804
GOBP_MATURE_B_CELL_DIFFERENTIATION,3,0.904299164335693,-0.0157914231103103,0.333333333333333,0.365836789788196,0.708098330890474
GOBP_NEGATIVE_REGULATION_OF_JUN_KINASE_ACTIVITY,2,-0.904262541633853,-0.0661385761784751,1,0.365856204187711,0.708098330890474
GOBP_APOPTOTIC_MITOCHONDRIAL_CHANGES,3,0.903778140290751,0.0470314548381836,0.666666666666667,0.366113055159789,0.708098330890474
REACTOME_CONSTITUTIVE_SIGNALING_BY_AKT1_E17K_IN_CANCER,3,-0.903748817688502,0.0359122720975238,0.666666666666667,0.366128606908052,0.708098330890474
GOBP_OLEFINIC_COMPOUND_METABOLIC_PROCESS,3,0.902828604037647,0.0712190248817016,0.666666666666667,0.366616867501137,0.708098330890474
GOBP_RESPONSE_TO_MANGANESE_ION,3,-0.90271918577313,-0.100582749085301,0.666666666666667,0.366674951262046,0.708098330890474
GOBP_LYSOSOMAL_PROTEIN_CATABOLIC_PROCESS,2,0.902616727281655,0.110268732017053,1,0.366729345687902,0.708098330890474
GOBP_NEUROMUSCULAR_JUNCTION_DEVELOPMENT,3,0.902576521373361,0.0519335130982525,0.666666666666667,0.366750692070064,0.708098330890474
HALLMARK_HYPOXIA,3,-0.902285127409227,0.0663059882530616,0.333333333333333,0.36690542399925,0.708098330890474
REACTOME_NUCLEAR_ENVELOPE_BREAKDOWN,3,-0.902103387259267,-0.132558214970208,0.666666666666667,0.367001949702473,0.708098330890474
GOBP_CARDIAC_CONDUCTION_SYSTEM_DEVELOPMENT,3,-0.902090285257586,-0.0415608817569164,0.666666666666667,0.367008909040195,0.708098330890474
GOBP_GASTRIC_ACID_SECRETION,3,0.900542770214213,0.0667041302416988,1,0.367831474949762,0.709159579413413
GOBP_LEUKOCYTE_CHEMOTAXIS,3,-0.900061838236905,0.0746242450090746,0.333333333333333,0.368087343123834,0.709159579413413
GOBP_PROTEIN_K63_LINKED_DEUBIQUITINATION,3,0.899937015009779,-0.0508603573847901,0.666666666666667,0.368153770397271,0.709159579413413
GOBP_NEGATIVE_REGULATION_OF_SIGNAL_TRANSDUCTION_IN_ABSENCE_OF_LIGAND,3,-0.899777008466227,0.0922012261534139,0.333333333333333,0.368238932117344,0.709159579413413
REACTOME_SUMOYLATION_OF_INTRACELLULAR_RECEPTORS,3,0.8992871685324,0.0846897715257968,0.666666666666667,0.368499720250785,0.709159579413413
GOBP_REGULATION_OF_MEIOTIC_NUCLEAR_DIVISION,3,0.899136858068358,0.0196033481737615,0.666666666666667,0.368579767769327,0.709159579413413
GOBP_NEGATIVE_REGULATION_OF_FAT_CELL_DIFFERENTIATION,3,0.899097742756095,0.0193162361035828,1,0.368600600319918,0.709159579413413
GOBP_MORPHOGENESIS_OF_AN_ENDOTHELIUM,2,0.8989795256559,0.123935966389316,1,0.368663566400665,0.709159579413413
REACTOME_REGULATION_OF_TP53_EXPRESSION_AND_DEGRADATION,3,-0.897856887054616,0.0329568699465416,0.666666666666667,0.369261851914562,0.710043958233949
GOBP_TRANSCRIPTION_BY_RNA_POLYMERASE_I,3,-0.897598167642923,0.00206130724020525,0.666666666666667,0.369399816277475,0.710043958233949
GOBP_ACTIN_MYOSIN_FILAMENT_SLIDING,2,0.897279942828672,0.132779045824221,0.5,0.369569556355405,0.710082361520245
GOBP_AMINO_ACID_TRANSPORT,3,0.897042372154986,0.0374996039630657,1,0.369696307380284,0.710082361520245
KEGG_ADIPOCYTOKINE_SIGNALING_PATHWAY,3,0.896361819295586,0.0750570616538473,0.666666666666667,0.370059552118012,0.710198449149848
REACTOME_RIPK1_MEDIATED_REGULATED_NECROSIS,3,0.896202071071409,0.0297823570919702,0.666666666666667,0.370144849772887,0.710198449149848
REACTOME_CELL_CELL_COMMUNICATION,3,-0.89554925634114,0.00452773812367346,0.333333333333333,0.370493547490968,0.710198449149848
GOBP_REGULATION_OF_ANTIGEN_PROCESSING_AND_PRESENTATION,3,-0.895430911322018,-0.0303913223044219,1,0.370556782725309,0.710198449149848
REACTOME_MISMATCH_REPAIR,3,0.895406048340655,-0.0445557653200818,0.333333333333333,0.370570068601432,0.710198449149848
GOBP_REGULATION_OF_SYSTEMIC_ARTERIAL_BLOOD_PRESSURE_BY_HORMONE,3,-0.895166351883773,-0.0146642787164379,0.666666666666667,0.370698168871439,0.710198449149848
GOBP_NEGATIVE_REGULATION_OF_GLYCOPROTEIN_METABOLIC_PROCESS,3,-0.894784874479647,0.0663103287515839,0.333333333333333,0.370902097401985,0.710198449149848
GOBP_NATURAL_KILLER_CELL_ACTIVATION_INVOLVED_IN_IMMUNE_RESPONSE,3,0.894615251209675,-0.0188999529493793,0.666666666666667,0.370992796232664,0.710198449149848
REACTOME_GLUTATHIONE_CONJUGATION,3,0.894599435499239,0.0995493108463772,0.666666666666667,0.37100125371282,0.710198449149848
REACTOME_ASSEMBLY_OF_COLLAGEN_FIBRILS_AND_OTHER_MULTIMERIC_STRUCTURES,3,0.894136523354436,0.0735108276960731,1,0.371248849837287,0.710407635158087
GOBP_FATTY_ACID_TRANSMEMBRANE_TRANSPORT,3,0.892950982767288,0.090979810456069,1,0.371883422980514,0.711356894014123
GOBP_HISTONE_H3_ACETYLATION,3,-0.892097881360637,0.00898744361534954,0.666666666666667,0.372340470393141,0.711965992531337
GOBP_REGULATION_OF_AUTOPHAGOSOME_MATURATION,2,0.891538329357527,0.0937560493933314,1,0.372640438256649,0.712249228812641
GOBP_ADENYLATE_CYCLASE_MODULATING_G_PROTEIN_COUPLED_RECEPTOR_SIGNALING_PATHWAY,3,0.891304283088338,0.0724165919143339,0.666666666666667,0.372765951528111,0.712249228812641
GOBP_GLIAL_CELL_PROLIFERATION,3,-0.890653553390148,0.0497230184360064,0.333333333333333,0.373115059508302,0.712542316532077
GOBP_POSITIVE_REGULATION_OF_HEART_GROWTH,3,0.890501221186753,0.0431031881801806,0.666666666666667,0.37319681298117,0.712542316532077
GOBP_COLLATERAL_SPROUTING,3,-0.889948662619281,0.0458359393881327,0.333333333333333,0.373493452557269,0.712843690945424
GOBP_POSITIVE_REGULATION_OF_EMBRYONIC_DEVELOPMENT,3,-0.888591893092467,0.021083947057696,0.666666666666667,0.374222449561776,0.713601653417242
GOBP_NEGATIVE_REGULATION_OF_NERVOUS_SYSTEM_DEVELOPMENT,3,0.888373911397577,0.0314852773589015,1,0.374339653889685,0.713601653417242
GOBP_GLUTAMINE_FAMILY_AMINO_ACID_METABOLIC_PROCESS,3,-0.888107522357651,-0.0557782924681363,0.666666666666667,0.374482916682765,0.713601653417242
REACTOME_TRAFFICKING_OF_GLUR2_CONTAINING_AMPA_RECEPTORS,3,0.888034054675464,0.148521059396527,0.333333333333333,0.374522433225829,0.713601653417242
GOBP_VASCULAR_ASSOCIATED_SMOOTH_MUSCLE_CELL_PROLIFERATION,3,-0.887917200623308,-0.0200069602197178,0.666666666666667,0.374585291591294,0.713601653417242
GOBP_POSITIVE_REGULATION_OF_AUTOPHAGY,3,0.887423568448794,-0.00346113343751144,0.666666666666667,0.374850899167815,0.713618149797615
GOBP_SERTOLI_CELL_DIFFERENTIATION,3,-0.88738465982436,0.0358587557881921,0.666666666666667,0.374871839593841,0.713618149797615
GOBP_REGULATION_OF_LIPOPROTEIN_LIPASE_ACTIVITY,3,0.886908285719605,0.188452759889818,0.666666666666667,0.375128280356508,0.71377258342886
GOBP_CALCIUM_ION_REGULATED_EXOCYTOSIS_OF_NEUROTRANSMITTER,2,0.886717685606113,0.106601348398211,1,0.375230914185732,0.71377258342886
GOBP_CARDIAC_CHAMBER_MORPHOGENESIS,3,0.886453315437111,0.0594062194881734,0.666666666666667,0.375373300231108,0.713779070709726
GOBP_REGULATION_OF_ANION_TRANSMEMBRANE_TRANSPORT,3,-0.885116105614257,-0.125594038224891,0.666666666666667,0.376094013847446,0.714884846454657
GOBP_PEPTIDYL_PROLINE_MODIFICATION,3,-0.884782028073118,-0.0216388636250552,1,0.376274204297252,0.714962750007654
GOBP_OOGENESIS,3,-0.884400726168994,-0.0164650059154479,0.666666666666667,0.376479931113591,0.715089099925816
KEGG_BLADDER_CANCER,3,-0.883495029114918,0.075375039527557,0.333333333333333,0.376968867106674,0.71575308741585
REACTOME_SIGNALING_BY_CTNNB1_PHOSPHO_SITE_MUTANTS,2,0.882610306505307,0.0521993372093737,1,0.37744685805393,0.716363622570473
GOBP_HISTONE_H3_K4_METHYLATION,3,-0.882383642886072,-0.0658937860798771,0.666666666666667,0.377569378173339,0.716363622570473
GOBP_T_CELL_SELECTION,3,-0.882056258163803,0.00612492762205931,0.666666666666667,0.377746385057583,0.716415080071138
REACTOME_DEUBIQUITINATION,3,0.881817553835362,0.00505536910409421,0.666666666666667,0.377875477397335,0.716415080071138
GOBP_POSITIVE_REGULATION_OF_CHONDROCYTE_DIFFERENTIATION,3,0.880854046828088,0.116183410446267,0.666666666666667,0.378396822393216,0.717138774838213
GOBP_NEGATIVE_REGULATION_OF_SMOOTH_MUSCLE_CELL_MIGRATION,3,0.879788561606925,0.0489699668192624,1,0.378973862295291,0.717635603963632
GOBP_CELLULAR_SENESCENCE,3,0.879542520844448,0.0758074397769811,0.666666666666667,0.379107188679401,0.717635603963632
GOBP_REGULATION_OF_CARBOHYDRATE_CATABOLIC_PROCESS,3,-0.879488351797301,0.0322527891836464,0.333333333333333,0.37913654607827,0.717635603963632
REACTOME_METABOLISM_OF_POLYAMINES,3,0.879338292222554,0.011007670624789,0.333333333333333,0.379217879508819,0.717635603963632
KEGG_ALZHEIMERS_DISEASE,3,-0.877883296184719,-0.000415543589276225,0.666666666666667,0.380007054922237,0.718068503436366
GOBP_PROTEIN_MANNOSYLATION,2,-0.877854403613109,-0.082696083942798,1,0.38002273618136,0.718068503436366
GOBP_NUCLEAR_MEMBRANE_ORGANIZATION,3,-0.877771417284305,-0.00301121052150595,0.666666666666667,0.380067778694284,0.718068503436366
GOBP_CELL_ACTIVATION_INVOLVED_IN_IMMUNE_RESPONSE,3,-0.877720381439888,0.0105432186528004,0.666666666666667,0.380095481063283,0.718068503436366
GOBP_STRESS_ACTIVATED_PROTEIN_KINASE_SIGNALING_CASCADE,3,-0.877391825814671,0.0328377125119842,0.333333333333333,0.380273851491154,0.718068503436366
REACTOME_POTENTIAL_THERAPEUTICS_FOR_SARS,3,-0.87709302820736,0.00850607428839115,0.666666666666667,0.380436111161316,0.718068503436366
GOBP_ANTIGEN_PROCESSING_AND_PRESENTATION_OF_PEPTIDE_OR_POLYSACCHARIDE_ANTIGEN_VIA_MHC_CLASS_II,3,0.876718041614625,0.0762178168319242,0.666666666666667,0.380639804833844,0.718068503436366
GOBP_MORPHOGENESIS_OF_A_POLARIZED_EPITHELIUM,3,-0.876222175032491,-0.0292461428781637,1,0.380909263666052,0.718068503436366
GOBP_ACTIVATION_OF_CYSTEINE_TYPE_ENDOPEPTIDASE_ACTIVITY,3,-0.876039027903311,-0.0612912492970213,0.666666666666667,0.381008817251461,0.718068503436366
GOBP_XENOBIOTIC_CATABOLIC_PROCESS,3,0.875673997821608,0.117675846690899,1,0.381207284897841,0.718068503436366
REACTOME_ACTIVATION_OF_THE_MRNA_UPON_BINDING_OF_THE_CAP_BINDING_COMPLEX_AND_EIFS_AND_SUBSEQUENT_BINDING_TO_43S,3,0.875628377066685,-0.0127335760312565,0.666666666666667,0.381232093461715,0.718068503436366
GOBP_RESPONSE_TO_LEUKEMIA_INHIBITORY_FACTOR,3,-0.875375565802425,-0.0551896837083976,1,0.381369590175217,0.718068503436366
REACTOME_SUMOYLATION_OF_TRANSCRIPTION_FACTORS,3,-0.874823183310213,-0.048927956798466,1,0.381670120875781,0.718068503436366
GOBP_NUCLEOSIDE_BISPHOSPHATE_BIOSYNTHETIC_PROCESS,3,-0.874751350388087,-0.103510196276049,1,0.381709213161939,0.718068503436366
GOBP_SIGNAL_TRANSDUCTION_IN_RESPONSE_TO_DNA_DAMAGE,3,-0.874659521250331,-0.0702516884750087,1,0.381759191191474,0.718068503436366
GOBP_EXTRACELLULAR_MATRIX_ASSEMBLY,3,0.874538626185365,0.0807746371316854,1,0.38182499448002,0.718068503436366
GOBP_COLLECTING_DUCT_DEVELOPMENT,2,0.874255383968892,0.119008977738483,0.5,0.381979190709009,0.718068503436366
GOBP_LABYRINTHINE_LAYER_MORPHOGENESIS,3,0.87400523733147,0.0111429251065195,0.666666666666667,0.382115401557583,0.718068503436366
GOBP_POSITIVE_REGULATION_OF_LIPID_KINASE_ACTIVITY,3,-0.873938951958504,-0.0666272789512195,0.666666666666667,0.382151500526033,0.718068503436366
GOBP_ORGANELLE_DISASSEMBLY,3,-0.873771228214501,0.0447482861593391,0.666666666666667,0.382242852101835,0.718068503436366
GOBP_STEROID_BIOSYNTHETIC_PROCESS,3,-0.873264372593971,0.0283908238244416,0.666666666666667,0.382518994912519,0.718324518417075
REACTOME_PROCESSING_OF_INTRONLESS_PRE_MRNAS,3,0.872714305706987,-0.0805955730568163,0.333333333333333,0.382818818222601,0.718624799119619
GOBP_REGULATION_OF_GRANULOCYTE_CHEMOTAXIS,3,-0.872008270478434,0.0646428011534883,0.333333333333333,0.383203865709377,0.71908478417368
GOBP_RESPONSE_TO_TESTOSTERONE,3,-0.871619076870865,-0.00736448810534767,0.666666666666667,0.383416219993352,0.719220491558019
GOBP_REGULATION_OF_MUSCLE_HYPERTROPHY,3,-0.870527245621695,0.0549707054771278,0.333333333333333,0.384012336435007,0.720075706436727
REACTOME_COSTIMULATION_BY_THE_CD28_FAMILY,3,-0.869566997927815,0.0428415831509048,0.666666666666667,0.384537079585964,0.72079651122391
GOBP_CHLORIDE_TRANSMEMBRANE_TRANSPORT,3,0.868694256672761,0.044609183545026,1,0.385014383651561,0.721279169015604
REACTOME_UNFOLDED_PROTEIN_RESPONSE_UPR,3,0.868228754782009,0.0412667484239799,0.666666666666667,0.385269115676536,0.721279169015604
GOBP_MITOCHONDRIAL_ELECTRON_TRANSPORT_CYTOCHROME_C_TO_OXYGEN,2,-0.867858731817623,-0.00407026030969883,0.5,0.385471673166119,0.721279169015604
GOBP_SIGNALING_RECEPTOR_LIGAND_PRECURSOR_PROCESSING,3,0.867594037343281,0.0124671758307763,0.666666666666667,0.385616611785941,0.721279169015604
GOBP_NEGATIVE_REGULATION_OF_FATTY_ACID_BIOSYNTHETIC_PROCESS,3,-0.867367727645489,-0.04910007111252,0.666666666666667,0.385740558470697,0.721279169015604
REACTOME_POST_TRANSLATIONAL_MODIFICATION_SYNTHESIS_OF_GPI_ANCHORED_PROTEINS,3,-0.867216468144217,-0.0203748874310794,1,0.385823414769606,0.721279169015604
GOBP_REGULATION_OF_LONG_TERM_SYNAPTIC_POTENTIATION,3,-0.867001114796344,-0.0205851122474468,0.666666666666667,0.385941398882195,0.721279169015604
GOBP_REGULATION_OF_CARBOHYDRATE_METABOLIC_PROCESS,3,-0.866706419904407,-0.00798069001674067,0.666666666666667,0.386102886985462,0.721279169015604
GOBP_ANTIFUNGAL_INNATE_IMMUNE_RESPONSE,2,-0.866222423026852,-0.0816147579376581,1,0.386368199068113,0.721279169015604
GOBP_POSITIVE_REGULATION_OF_CHROMOSOME_SEPARATION,2,-0.86570509586083,-0.113959336017682,1,0.386651904792405,0.721279169015604
REACTOME_PLATELET_ADHESION_TO_EXPOSED_COLLAGEN,3,-0.865484383377001,0.0233366192856894,0.333333333333333,0.386772983692087,0.721279169015604
GOBP_MULTIVESICULAR_BODY_ORGANIZATION,3,-0.865412936932921,-0.000278023694357293,0.333333333333333,0.38681218288238,0.721279169015604
GOBP_MODULATION_BY_HOST_OF_VIRAL_GENOME_REPLICATION,3,-0.865402357703859,-0.135232277972794,0.666666666666667,0.386817987397047,0.721279169015604
REACTOME_RAS_PROCESSING,3,-0.864748725784785,-0.0231260188007238,0.666666666666667,0.387176719247442,0.721279169015604
KEGG_MATURITY_ONSET_DIABETES_OF_THE_YOUNG,3,0.864676607999389,0.114630109949456,0.666666666666667,0.387216311970484,0.721279169015604
GOBP_BUNDLE_OF_HIS_CELL_TO_PURKINJE_MYOCYTE_COMMUNICATION,3,0.864585708571378,-0.0430642446972703,0.333333333333333,0.387266219347907,0.721279169015604
GOBP_NEGATIVE_REGULATION_OF_PLATELET_ACTIVATION,3,-0.864564513821336,0.017102299610021,0.666666666666667,0.387277856667001,0.721279169015604
GOBP_LACTATION,3,-0.864478527610374,-0.0274611543524822,0.666666666666667,0.387325070969377,0.721279169015604
GOBP_SPINAL_CORD_MOTOR_NEURON_DIFFERENTIATION,3,-0.864227631828601,-0.0353246108969286,0.666666666666667,0.387462855785446,0.721279169015604
GOBP_SOMITE_DEVELOPMENT,3,0.86327051014905,-0.0211410041625038,0.333333333333333,0.387988754133328,0.721996464213323
REACTOME_GLUCAGON_TYPE_LIGAND_RECEPTORS,3,-0.862359445028899,0.0203349597326762,0.666666666666667,0.388489750161122,0.722520902946518
GOBP_REGULATION_OF_REACTIVE_OXYGEN_SPECIES_METABOLIC_PROCESS,3,0.862143121647507,0.0621295195365706,1,0.388608764553865,0.722520902946518
REACTOME_E2F_MEDIATED_REGULATION_OF_DNA_REPLICATION,3,-0.861990742901199,-0.127071400571703,1,0.388692611923916,0.722520902946518
GOBP_MYELOID_DENDRITIC_CELL_DIFFERENTIATION,3,0.861248246893685,0.0780718469441437,1,0.389101332632227,0.722762728076946
REACTOME_TNF_SIGNALING,3,0.861066589966588,0.0397977266728275,0.666666666666667,0.389201368869151,0.722762728076946
GOBP_REGULATION_OF_OLIGODENDROCYTE_DIFFERENTIATION,3,0.860987585710827,0.0570911146191952,1,0.389244880424617,0.722762728076946
REACTOME_APOPTOSIS,3,-0.85990249946506,-0.040819603355051,0.666666666666667,0.389842790609975,0.723353695410807
GOBP_POSITIVE_REGULATION_OF_STEM_CELL_DIFFERENTIATION,3,-0.859620561508811,-0.0209571044540926,0.666666666666667,0.389998236972296,0.723353695410807
GOBP_NEGATIVE_REGULATION_OF_VIRAL_LIFE_CYCLE,3,-0.859463944066772,0.0382215547238493,0.333333333333333,0.390084604205783,0.723353695410807
GOBP_REGULATION_OF_ASTROCYTE_DIFFERENTIATION,3,0.859077473315752,0.0543152762930625,1,0.390297774587253,0.723353695410807
REACTOME_FGFR2_MUTANT_RECEPTOR_ACTIVATION,3,0.858893589679911,0.114064059843002,0.666666666666667,0.390399226378134,0.723353695410807
GOBP_REGULATION_OF_CYSTEINE_TYPE_ENDOPEPTIDASE_ACTIVITY_INVOLVED_IN_APOPTOTIC_SIGNALING_PATHWAY,3,0.85873713278116,0.131923394596659,0.666666666666667,0.390485558979918,0.723353695410807
GOBP_REGULATION_OF_NUCLEAR_TRANSCRIBED_MRNA_POLY_A_TAIL_SHORTENING,2,-0.858622127665407,-0.103411208354143,1,0.39054902596849,0.723353695410807
GOBP_MEMBRANE_INVAGINATION,3,-0.857908389616883,0.0108633184736341,0.666666666666667,0.390943051233202,0.723822462557218
GOBP_REGULATION_OF_PLATELET_ACTIVATION,3,-0.857500394937241,0.0182994858459339,0.333333333333333,0.391168396640243,0.723978697349292
GOBP_REGULATION_OF_FAT_CELL_DIFFERENTIATION,3,-0.855391876976828,0.0378534989643087,0.333333333333333,0.392334239043175,0.725561348484989
REACTOME_INSULIN_PROCESSING,3,-0.855324823795016,-0.0544729148222285,1,0.392371348645408,0.725561348484989
GOBP_POSITIVE_REGULATION_OF_LIPASE_ACTIVITY,3,0.855187566789119,0.0407838502108771,1,0.392447318164194,0.725561348484989
GOBP_AMYLOID_PRECURSOR_PROTEIN_BIOSYNTHETIC_PROCESS,2,0.853177276397753,0.155287677460004,0.5,0.393561002769273,0.727257525644716
KEGG_PROTEASOME,3,0.853020457166349,0.0203484443318701,0.666666666666667,0.393647959753176,0.727257525644716
REACTOME_RNA_POLYMERASE_II_TRANSCRIBES_SNRNA_GENES,3,-0.851806955864348,-0.0178083498699331,0.666666666666667,0.394321245054926,0.727856615278254
GOBP_NEGATIVE_REGULATION_OF_CARTILAGE_DEVELOPMENT,3,0.851747704501497,-0.00788161328515696,0.666666666666667,0.394354137240818,0.727856615278254
GOBP_MUSCLE_CELL_MIGRATION,3,-0.851450584119545,-0.0263178063846439,0.666666666666667,0.39451910259516,0.727856615278254
GOBP_EPITHELIAL_TUBE_BRANCHING_INVOLVED_IN_LUNG_MORPHOGENESIS,3,-0.851284542232817,-0.0195759317046629,0.666666666666667,0.394611309532445,0.727856615278254
GOBP_SYNAPTIC_VESICLE_EXOCYTOSIS,3,-0.850374117503452,0.0297295294114588,0.333333333333333,0.39511712129521,0.727856615278254
REACTOME_RNA_POLYMERASE_I_TRANSCRIPTION_INITIATION,3,0.850297424220779,0.0220653559399843,0.666666666666667,0.395159748272006,0.727856615278254
GOBP_SOMATIC_STEM_CELL_POPULATION_MAINTENANCE,3,0.850036395929871,0.0408894968965774,0.666666666666667,0.395304851521545,0.727856615278254
GOBP_REGULATION_OF_VOLTAGE_GATED_CALCIUM_CHANNEL_ACTIVITY,3,-0.849935172065845,0.0031998170728889,0.666666666666667,0.395361129610201,0.727856615278254
GOBP_REGULATION_OF_DENDRITE_EXTENSION,3,-0.849775179444512,-0.0348834954703826,0.666666666666667,0.395450091621092,0.727856615278254
GOBP_NEGATIVE_REGULATION_OF_DIGESTIVE_SYSTEM_PROCESS,2,0.849770761831958,0.118350920300255,1,0.395452548154077,0.727856615278254
REACTOME_SIGNALING_BY_PDGFR_IN_DISEASE,3,-0.849629480570774,-0.0786323512449441,0.666666666666667,0.39553111628536,0.727856615278254
KEGG_SPLICEOSOME,3,-0.849200265826834,-0.103448443803872,0.666666666666667,0.395769865381636,0.728035110530115
REACTOME_GENE_AND_PROTEIN_EXPRESSION_BY_JAK_STAT_SIGNALING_AFTER_INTERLEUKIN_12_STIMULATION,3,-0.848454556379277,0.0393101817085348,0.666666666666667,0.396184870435362,0.728157052260236
REACTOME_TRNA_MODIFICATION_IN_THE_NUCLEUS_AND_CYTOSOL,3,0.848389425839985,-0.0692816406781218,0.333333333333333,0.396221129603467,0.728157052260236
GOBP_RETINA_MORPHOGENESIS_IN_CAMERA_TYPE_EYE,3,-0.84831695073563,-0.0620851987217473,1,0.396261479958598,0.728157052260236
REACTOME_FGFR1_MUTANT_RECEPTOR_ACTIVATION,3,-0.847763369810128,0.00678697598196596,0.666666666666667,0.396569766763791,0.728218830077762
GOBP_OSTEOCLAST_DEVELOPMENT,3,-0.847115832449391,-0.0667579444417516,1,0.396930561138007,0.728218830077762
REACTOME_PCP_CE_PATHWAY,3,0.847083604672493,0.01826160540571,0.666666666666667,0.396948522958079,0.728218830077762
GOBP_COPPER_ION_TRANSPORT,2,0.847028056957919,0.0601113498833736,1,0.396979483056587,0.728218830077762
GOBP_CELL_COMMUNICATION_INVOLVED_IN_CARDIAC_CONDUCTION,3,0.846772176665684,0.0479846597059355,0.666666666666667,0.397122119418709,0.728218830077762
KEGG_PENTOSE_AND_GLUCURONATE_INTERCONVERSIONS,3,-0.846636273668887,-0.0178686717092968,0.666666666666667,0.397197888930838,0.728218830077762
GOBP_NEGATIVE_REGULATION_OF_DNA_RECOMBINATION,3,0.846378262220224,0.031392564615256,1,0.397341761119661,0.728218830077762
GOBP_CARDIAC_MYOFIBRIL_ASSEMBLY,3,-0.846221129881332,0.0889429222593455,0.333333333333333,0.39742939655529,0.728218830077762
GOBP_HEART_VALVE_DEVELOPMENT,3,0.845445452024351,0.0331700167016699,0.666666666666667,0.397862176316253,0.728751832225491
GOBP_VITAMIN_CATABOLIC_PROCESS,2,0.844915198533547,0.0728524246154833,1,0.398158188001174,0.728937035916669
REACTOME_MITOCHONDRIAL_FATTY_ACID_BETA_OXIDATION,3,0.844755898808323,0.101793796434011,1,0.398247142286249,0.728937035916669
GOBP_PROTEIN_CONTAINING_COMPLEX_REMODELING,3,0.844362952435219,0.057363146085258,1,0.398466617977673,0.729078927657045
GOBP_RRNA_MODIFICATION,3,0.843400599223975,0.0252643833240998,0.666666666666667,0.399004436915749,0.729600341043411
GOBP_ANTERIOR_POSTERIOR_PATTERN_SPECIFICATION,3,0.843024305697212,0.0195858975038152,1,0.399214850390178,0.729600341043411
GOBP_MUSCLE_HYPERTROPHY_IN_RESPONSE_TO_STRESS,3,-0.842951970689082,0.0114894203173135,0.666666666666667,0.399255305880494,0.729600341043411
GOBP_VITAMIN_BIOSYNTHETIC_PROCESS,3,-0.842836640450341,-0.0225747878086025,0.666666666666667,0.399319812825745,0.729600341043411
KEGG_VEGF_SIGNALING_PATHWAY,3,-0.842198946024766,0.0364281924883569,0.333333333333333,0.399676603669518,0.729992544966802
GOBP_RESPONSE_TO_NICOTINE,3,-0.841827356287145,0.015594578217265,0.666666666666667,0.399884596989174,0.730112794218414
GOBP_ALPHA_AMINO_ACID_METABOLIC_PROCESS,3,0.839419138694153,-0.0512720915198742,0.333333333333333,0.401234147713491,0.731793525240255
REACTOME_NUCLEOTIDE_BINDING_DOMAIN_LEUCINE_RICH_REPEAT_CONTAINING_RECEPTOR_NLR_SIGNALING_PATHWAYS,3,0.839246413826119,0.048115497034264,0.666666666666667,0.40133104668091,0.731793525240255
GOBP_BEHAVIORAL_RESPONSE_TO_PAIN,2,0.839187559144406,0.129581312971783,0.5,0.401364067473977,0.731793525240255
GOBP_NEGATIVE_REGULATION_OF_VIRAL_PROCESS,3,-0.839167949038659,0.0237805620873706,0.333333333333333,0.40137507021063,0.731793525240255
GOBP_ENDOPLASMIC_RETICULUM_ORGANIZATION,3,-0.838892086616472,-0.000695200951881976,0.333333333333333,0.40152986885938,0.731813272896375
GOBP_GLANDULAR_EPITHELIAL_CELL_DIFFERENTIATION,3,0.838286488642886,0.0677851648253405,0.666666666666667,0.401869822413296,0.731813272896375
GOBP_NIK_NF_KAPPAB_SIGNALING,3,0.838257519885428,0.0689599930966007,0.666666666666667,0.401886088405996,0.731813272896375
GOBP_REGULATION_OF_CALCIUM_ION_DEPENDENT_EXOCYTOSIS,3,-0.838133287604307,0.0638168871872418,0.333333333333333,0.401955849462748,0.731813272896375
GOBP_PLASMINOGEN_ACTIVATION,3,-0.837704193455715,-0.0194878895990911,0.666666666666667,0.402196857695244,0.731992580128551
GOBP_NECROTIC_CELL_DEATH,3,-0.835857030531583,0.0216980296282839,0.333333333333333,0.403235338225176,0.733622634475559
REACTOME_G_ALPHA_Q_SIGNALLING_EVENTS,3,-0.835319922626437,0.0393730209048706,0.666666666666667,0.403537603071499,0.733773216393689
GOBP_HORMONE_BIOSYNTHETIC_PROCESS,3,-0.835200957467265,0.0566741656218242,0.333333333333333,0.403604570697995,0.733773216393689
GOBP_REGULATION_OF_CATECHOLAMINE_METABOLIC_PROCESS,3,0.834948489753869,-0.0551439387436044,0.666666666666667,0.403746711356808,0.733773216393689
GOBP_POSITIVE_REGULATION_OF_GLIAL_CELL_DIFFERENTIATION,3,-0.834411647896691,0.0671274347745268,0.333333333333333,0.4040490557653,0.733902208469661
GOBP_CHEMICAL_HOMEOSTASIS_WITHIN_A_TISSUE,3,0.834315047505151,0.0946083903852056,0.666666666666667,0.404103474601285,0.733902208469661
GOBP_LEUKOCYTE_APOPTOTIC_PROCESS,3,-0.83397720744448,0.0238976256589221,0.333333333333333,0.404293827812955,0.733988370324261
GOBP_REGULATION_OF_ACTIN_FILAMENT_BASED_MOVEMENT,3,0.833142815390406,0.0468408821411809,0.666666666666667,0.404764188995417,0.734219839673358
GOBP_TRANSEPITHELIAL_TRANSPORT,3,-0.833138514035508,-0.0159575638275718,1,0.40476661459084,0.734219839673358
KEGG_INSULIN_SIGNALING_PATHWAY,3,-0.832831368431231,0.038421302459238,0.666666666666667,0.404939840851691,0.734219839673358
GOBP_ENDOCARDIAL_CUSHION_FORMATION,3,0.832643682943161,-0.0123397031424989,0.333333333333333,0.405045714922822,0.734219839673358
REACTOME_G2_M_CHECKPOINTS,3,0.832483472835483,-0.0794673269558381,0.333333333333333,0.405136103121942,0.734219839673358
GOBP_RENAL_ABSORPTION,3,-0.831851271462118,-0.00390945026471685,0.666666666666667,0.405492899534705,0.734300838175838
GOBP_SUPEROXIDE_ANION_GENERATION,3,-0.831627665657839,0.00441641850633406,0.333333333333333,0.405619141203242,0.734300838175838
GOBP_NEGATIVE_REGULATION_OF_T_CELL_PROLIFERATION,3,0.831394407868163,0.0372023090602551,0.666666666666667,0.405750857136112,0.734300838175838
REACTOME_DEGRADATION_OF_DVL,3,0.831253477707875,0.0104601280548052,0.666666666666667,0.405830449913208,0.734300838175838
GOBP_TELOMERASE_RNA_LOCALIZATION,3,0.830674626101807,-0.0761797212990492,0.333333333333333,0.406157464300083,0.734300838175838
KEGG_GLYCEROLIPID_METABOLISM,3,0.830639744308176,0.0376261717917043,1,0.406177175322411,0.734300838175838
GOBP_STEM_CELL_DIVISION,3,-0.830631919906138,-0.0671267544049754,1,0.40618159681806,0.734300838175838
GOBP_RESPONSE_TO_MONOSACCHARIDE,3,-0.830263614565672,0.0287895579565167,0.666666666666667,0.406389755195969,0.734399411753783
REACTOME_SPHINGOLIPID_METABOLISM,3,-0.830029501059975,0.00288359357431323,0.666666666666667,0.406522104286606,0.734399411753783
REACTOME_SCAVENGING_BY_CLASS_A_RECEPTORS,3,-0.829713821884908,0.0781726489385487,0.333333333333333,0.406700604819725,0.734463539505664
GOBP_ADAPTATION_OF_SIGNALING_PATHWAY,3,-0.82874100037359,0.0131607255868515,0.666666666666667,0.407250980009622,0.735198957233538
GOBP_MACROPHAGE_ACTIVATION_INVOLVED_IN_IMMUNE_RESPONSE,3,0.827263579427646,0.0757347010533183,1,0.408087682002629,0.736295020492842
GOBP_REGULATION_OF_RRNA_PROCESSING,2,-0.827162708982636,-0.20630063042438,0.5,0.40814484488768,0.736295020492842
GOBP_CALCIUM_ION_IMPORT_INTO_CYTOSOL,3,-0.826751054029206,-0.0653542740196974,0.666666666666667,0.40837817758252,0.736335509003331
GOBP_STEROL_BIOSYNTHETIC_PROCESS,3,-0.826617273615287,0.00126345708052418,0.666666666666667,0.408454023588491,0.736335509003331
GOBP_VENOUS_BLOOD_VESSEL_DEVELOPMENT,2,0.826186279416322,0.0325519206051476,0.5,0.408698430211827,0.736396949735401
GOBP_POTASSIUM_ION_EXPORT_ACROSS_PLASMA_MEMBRANE,2,-0.826042305537968,-0.0790530327105367,1,0.408780093791216,0.736396949735401
GOBP_POSITIVE_REGULATION_OF_SYNAPSE_ASSEMBLY,3,0.825677569403914,0.0367689669339989,1,0.408987019637626,0.736396949735401
GOBP_ENDOSOME_ORGANIZATION,3,-0.825546096700247,-0.038831263489942,0.666666666666667,0.409061623363532,0.736396949735401
GOBP_NEGATIVE_REGULATION_OF_MYOBLAST_DIFFERENTIATION,3,0.825014880465731,0.0380292867160953,0.666666666666667,0.409363142613318,0.736605855810413
GOBP_KERATINIZATION,3,0.824562674665105,0.0364685093107592,0.666666666666667,0.409619919552775,0.736605855810413
GOBP_REGULATION_OF_LEUKOCYTE_MEDIATED_IMMUNITY,3,-0.824479182103226,-0.00165333925952949,0.666666666666667,0.409667339777288,0.736605855810413
GOBP_REGENERATION,3,-0.824311433442176,0.033537285115947,0.666666666666667,0.409762623750946,0.736605855810413
GOBP_STEM_CELL_PROLIFERATION,3,-0.824078827619984,-0.00695397604504717,0.666666666666667,0.409894769452134,0.736605855810413
REACTOME_GLUCOSE_METABOLISM,3,-0.823498490022835,0.0356988695088136,0.666666666666667,0.410224575505265,0.7369406854827
GOBP_CARDIAC_MUSCLE_CELL_MEMBRANE_REPOLARIZATION,3,0.823002335161976,0.0500426441747134,0.666666666666667,0.410506665491624,0.737189592295449
REACTOME_SUMOYLATION_OF_DNA_METHYLATION_PROTEINS,3,-0.822569568189524,-0.0665552635876766,1,0.410752810221799,0.737253787561774
GOBP_T_CELL_CHEMOTAXIS,3,-0.822434755574742,0.0700022671732446,0.333333333333333,0.410829505452064,0.737253787561774
GOBP_DNA_TEMPLATED_TRANSCRIPTION_INITIATION,3,-0.821473364439736,-0.041843362143979,1,0.411376689783034,0.73797788289405
GOBP_CELLULAR_ANION_HOMEOSTASIS,2,-0.820721369283102,-0.0787524475769907,1,0.411804995862971,0.737985941028707
GOBP_POSITIVE_REGULATION_OF_SODIUM_ION_TRANSMEMBRANE_TRANSPORTER_ACTIVITY,2,0.820590873768914,0.0825731675055817,1,0.411879347765719,0.737985941028707
REACTOME_GLYCOGEN_METABOLISM,3,-0.820508198085175,-0.00448453073267194,0.666666666666667,0.411926457676829,0.737985941028707
REACTOME_DECTIN_1_MEDIATED_NONCANONICAL_NF_KB_SIGNALING,3,0.820363183857005,0.0329760200170034,0.666666666666667,0.412009096794541,0.737985941028707
REACTOME_REGULATION_OF_TP53_ACTIVITY,3,-0.820204344077323,-0.0378446983918878,0.666666666666667,0.412099625948273,0.737985941028707
GOBP_STRIATED_MUSCLE_CONTRACTION,3,0.819727677916873,0.0862400843815637,1,0.412371367894062,0.738215177937924
GOBP_GLOMERULUS_DEVELOPMENT,3,-0.819039640863716,-0.0176528536094567,1,0.412763797252708,0.73829157002016
GOBP_POSITIVE_REGULATION_OF_GLYCOGEN_METABOLIC_PROCESS,2,0.818778000929799,0.00983262639126183,0.5,0.412913084469281,0.73829157002016
REACTOME_REGULATION_OF_INSULIN_LIKE_GROWTH_FACTOR_IGF_TRANSPORT_AND_UPTAKE_BY_INSULIN_LIKE_GROWTH_FACTOR_BINDING_PROTEINS_IGFBPS,3,0.818763242873554,0.0567416246062224,1,0.412921506113642,0.73829157002016
GOBP_POSITIVE_REGULATION_OF_PROTEIN_LOCALIZATION_TO_NUCLEUS,3,-0.818460394322919,0.00187115244333111,0.666666666666667,0.413094348278982,0.73829157002016
REACTOME_MISCELLANEOUS_TRANSPORT_AND_BINDING_EVENTS,3,-0.818393060854259,-0.112545468382949,0.666666666666667,0.413132782756608,0.73829157002016
REACTOME_ER_QUALITY_CONTROL_COMPARTMENT_ERQC,3,-0.817732259257103,0.00792419189793638,0.333333333333333,0.413510085924313,0.738548410172534
GOBP_DIGESTIVE_TRACT_MORPHOGENESIS,3,0.817225984017463,0.00868129195375439,0.333333333333333,0.413799295922022,0.738548410172534
GOBP_RECEPTOR_LOCALIZATION_TO_SYNAPSE,3,0.816337440059519,0.0373633552037627,0.666666666666667,0.414307166463022,0.738548410172534
GOBP_POSITIVE_REGULATION_OF_MITOTIC_NUCLEAR_DIVISION,3,0.816076889107207,0.00860326921697942,0.666666666666667,0.41445616105577,0.738548410172534
GOBP_POSITIVE_REGULATION_OF_DOUBLE_STRAND_BREAK_REPAIR_VIA_HOMOLOGOUS_RECOMBINATION,3,-0.815794068640622,-0.147142459168371,0.666666666666667,0.414617926206414,0.738548410172534
REACTOME_CARGO_RECOGNITION_FOR_CLATHRIN_MEDIATED_ENDOCYTOSIS,3,-0.815630956098779,0.0155605451588952,0.666666666666667,0.414711238848584,0.738548410172534
GOBP_PROGRAMMED_NECROTIC_CELL_DEATH,3,-0.815559741155109,0.00458382038617277,0.333333333333333,0.414751983046223,0.738548410172534
GOBP_POSITIVE_REGULATION_OF_CELLULAR_AMIDE_METABOLIC_PROCESS,3,-0.815551636473437,-0.0474552190596316,1,0.414756620126815,0.738548410172534
REACTOME_UCH_PROTEINASES,3,0.81527106225401,0.02339948036779,0.666666666666667,0.414917169111859,0.738548410172534
GOBP_TOLL_LIKE_RECEPTOR_3_SIGNALING_PATHWAY,3,-0.814968927491171,0.0537715914141147,0.333333333333333,0.41509009644999,0.738548410172534
REACTOME_TCR_SIGNALING,3,0.814668839889146,0.0102057533519946,0.666666666666667,0.41526189424559,0.738548410172534
GOBP_RUFFLE_ASSEMBLY,3,-0.814294741455966,-0.00957685678220808,0.666666666666667,0.41547612148217,0.738548410172534
GOBP_MYOTUBE_DIFFERENTIATION,3,0.81419465432173,0.0914964676091252,0.666666666666667,0.41553344738524,0.738548410172534
GOBP_REACTIVE_NITROGEN_SPECIES_METABOLIC_PROCESS,3,-0.814194326610168,-0.0187208350094674,0.666666666666667,0.415533635092975,0.738548410172534
GOBP_RESPONSE_TO_HYPEROXIA,3,0.814134262399223,0.118786152369918,0.666666666666667,0.415568039720296,0.738548410172534
REACTOME_CELLULAR_SENESCENCE,3,0.813954598650613,0.0113341049111296,0.666666666666667,0.415670960701402,0.738548410172534
GOBP_PLASMA_MEMBRANE_TUBULATION,3,0.813867121978619,0.0729522757106255,0.666666666666667,0.415721077454984,0.738548410172534
GOBP_POSITIVE_REGULATION_OF_CATION_CHANNEL_ACTIVITY,3,0.813082484535822,0.0309545919955045,1,0.416170768043724,0.739091654451095
GOBP_MIDDLE_EAR_MORPHOGENESIS,3,-0.811715014225623,-0.0809049399882712,0.666666666666667,0.416955177053079,0.739986632678871
REACTOME_HCMV_EARLY_EVENTS,3,0.81109395905012,-0.0150868278322652,0.666666666666667,0.417311714740319,0.739986632678871
GOBP_RESPONSE_TO_AMINO_ACID_STARVATION,3,-0.811087146939713,-0.0713401078376896,1,0.417315626458363,0.739986632678871
GOBP_TRANSLATIONAL_INITIATION,3,0.810787675623537,-0.0493976074411586,0.333333333333333,0.417487613226458,0.739986632678871
REACTOME_HDR_THROUGH_SINGLE_STRAND_ANNEALING_SSA,3,-0.810544699310218,-0.138649279491164,0.666666666666667,0.417627185530467,0.739986632678871
GOBP_REGULATION_OF_SODIUM_ION_TRANSMEMBRANE_TRANSPORT,3,0.810320650755847,0.0272114498270069,0.666666666666667,0.417755909568802,0.739986632678871
GOBP_REGULATION_OF_ALTERNATIVE_MRNA_SPLICING_VIA_SPLICEOSOME,3,-0.810227629823134,-0.12664207202303,0.666666666666667,0.417809360342192,0.739986632678871
GOBP_POSITIVE_REGULATION_OF_COLD_INDUCED_THERMOGENESIS,3,-0.810196335614464,0.0109782739978668,0.666666666666667,0.41782734321821,0.739986632678871
REACTOME_MECP2_REGULATES_NEURONAL_RECEPTORS_AND_CHANNELS,3,-0.809167904264058,-0.0194720458278944,1,0.418418573757103,0.740567600876603
GOBP_CELL_DIFFERENTIATION_INVOLVED_IN_METANEPHROS_DEVELOPMENT,3,0.808853324666825,0.0961950228339652,0.666666666666667,0.418599519404265,0.740567600876603
GOBP_PEPTIDYL_GLUTAMIC_ACID_MODIFICATION,3,0.808765067756105,0.14842980420277,0.666666666666667,0.418650292900486,0.740567600876603
GOBP_PORPHYRIN_CONTAINING_COMPOUND_METABOLIC_PROCESS,3,-0.808622796307777,-0.038898175255272,1,0.418732148159201,0.740567600876603
GOBP_REGULATION_OF_MICROTUBULE_POLYMERIZATION,3,-0.807854855363251,0.0220530620570602,0.666666666666667,0.419174142232908,0.74094307011225
GOBP_NEGATIVE_REGULATION_OF_ORGAN_GROWTH,3,-0.807527177623067,0.049394524410486,0.666666666666667,0.419362823067686,0.74094307011225
GOBP_INORGANIC_ANION_TRANSPORT,3,0.80750214356881,0.0258601502664042,0.666666666666667,0.419377240034329,0.74094307011225
GOBP_TRNA_THREONYLCARBAMOYLADENOSINE_METABOLIC_PROCESS,2,-0.806243706284438,-0.183692334434698,0.5,0.420102342259781,0.7417437303379
GOBP_GLYCOSYL_COMPOUND_BIOSYNTHETIC_PROCESS,2,-0.806214362905972,-0.0947037074467007,1,0.420119258479936,0.7417437303379
GOBP_POSITIVE_REGULATION_OF_NOTCH_SIGNALING_PATHWAY,3,0.805321049336742,0.0176193748845025,1,0.420634438038949,0.741829444114233
GOBP_REGULATION_OF_CANONICAL_WNT_SIGNALING_PATHWAY,3,-0.805117170795669,-0.00690114771192597,0.666666666666667,0.420752068046454,0.741829444114233
REACTOME_SLC_MEDIATED_TRANSMEMBRANE_TRANSPORT,3,-0.804965980082032,0.0151935345500262,0.666666666666667,0.420839311691479,0.741829444114233
GOBP_DNA_STRAND_ELONGATION_INVOLVED_IN_DNA_REPLICATION,3,-0.804512054221327,-0.184426024508219,0.666666666666667,0.421101310533442,0.741829444114233
GOBP_POLYSACCHARIDE_CATABOLIC_PROCESS,3,-0.804461432658769,0.0824281737707602,0.666666666666667,0.421130534431762,0.741829444114233
REACTOME_VISUAL_PHOTOTRANSDUCTION,3,0.804286453355635,0.037710219210271,0.666666666666667,0.421231559392864,0.741829444114233
REACTOME_FCERI_MEDIATED_MAPK_ACTIVATION,3,-0.803815754581516,-0.073184824705117,0.666666666666667,0.421503389672392,0.741829444114233
GOBP_PROTEIN_DEMANNOSYLATION,3,-0.803685253263706,-0.0235530632573382,0.666666666666667,0.421578772879718,0.741829444114233
GOBP_MICROTUBULE_ORGANIZING_CENTER_ORGANIZATION,3,-0.803670089668876,-0.115807630243063,0.666666666666667,0.421587532540894,0.741829444114233
GOBP_REGULATION_OF_ANIMAL_ORGAN_MORPHOGENESIS,3,-0.803536594614798,0.0214613265203222,0.666666666666667,0.421664654180489,0.741829444114233
GOBP_NEGATIVE_REGULATION_OF_PROGRAMMED_NECROTIC_CELL_DEATH,2,0.802728114293855,-0.000505521162826962,0.5,0.422131899386753,0.741829444114233
GOBP_INOSITOL_LIPID_MEDIATED_SIGNALING,3,-0.802656207865658,-0.0293221129980044,1,0.422173470975036,0.741829444114233
GOBP_SIALYLATION,2,-0.80259744567594,0.0271888272095043,0.5,0.422207445206931,0.741829444114233
GOBP_NEGATIVE_REGULATION_OF_CELLULAR_PROTEIN_CATABOLIC_PROCESS,3,0.802109095987104,-0.0145632395961261,0.333333333333333,0.422489853813855,0.741829444114233
KEGG_SNARE_INTERACTIONS_IN_VESICULAR_TRANSPORT,3,-0.801270566801622,0.0488450210012834,0.666666666666667,0.422975026427208,0.741829444114233
GOBP_NEGATIVE_REGULATION_OF_HISTONE_MODIFICATION,3,-0.80124134101952,0.0687750269212121,0.333333333333333,0.422991942333228,0.741829444114233
GOBP_FEEDING_BEHAVIOR,3,0.800914924027219,0.0463987574500811,0.666666666666667,0.423180899666567,0.741829444114233
REACTOME_SUMOYLATION_OF_CHROMATIN_ORGANIZATION_PROTEINS,3,0.800694359749085,-0.0894853802939633,0.333333333333333,0.423308608607102,0.741829444114233
GOBP_POSITIVE_REGULATION_OF_STEROL_TRANSPORT,3,-0.800559281144533,0.0903265086747943,0.666666666666667,0.423386831617838,0.741829444114233
GOBP_POSITIVE_REGULATION_OF_EPITHELIAL_CELL_PROLIFERATION,3,-0.800508743350532,0.0209331698990319,0.333333333333333,0.42341609985135,0.741829444114233
GOBP_NEGATIVE_REGULATION_OF_MEIOTIC_CELL_CYCLE,2,0.800330316604687,0.0449336034460243,1,0.423519442594194,0.741829444114233
REACTOME_RHOF_GTPASE_CYCLE,3,-0.800301742485565,-0.0653996213695559,1,0.423535993770184,0.741829444114233
GOBP_CEREBRAL_CORTEX_NEURON_DIFFERENTIATION,3,-0.800098585783199,-0.0569497387226088,0.666666666666667,0.423653680482043,0.741829444114233
GOBP_RESPONSE_TO_CADMIUM_ION,3,-0.800068775579634,-0.0144126703118172,0.666666666666667,0.423670950854104,0.741829444114233
GOBP_RNA_POLYADENYLATION,3,-0.799776010106059,-0.0578475158040441,0.666666666666667,0.423840584754162,0.741829444114233
GOBP_NEGATIVE_REGULATION_OF_TELOMERE_MAINTENANCE_VIA_TELOMERASE,3,0.799633497970384,-0.00788229216400081,0.666666666666667,0.423923173379142,0.741829444114233
GOBP_SULFUR_AMINO_ACID_METABOLIC_PROCESS,3,-0.798893276455619,-0.128968274341026,0.666666666666667,0.424352297903647,0.741847058634971
GOBP_REGULATION_OF_HIPPO_SIGNALING,3,0.798630674858333,0.0337647002733649,1,0.424504595479655,0.741847058634971
GOBP_RETINA_DEVELOPMENT_IN_CAMERA_TYPE_EYE,3,-0.798619030170666,-0.0490127502431618,1,0.424511349634861,0.741847058634971
GOBP_POSITIVE_REGULATION_OF_FATTY_ACID_TRANSPORT,3,0.798509190161135,0.106737714755836,0.666666666666667,0.424575062160392,0.741847058634971
KEGG_BASAL_CELL_CARCINOMA,3,-0.798343717702187,-0.0297052771639423,1,0.42467105475179,0.741847058634971
GOBP_NEGATIVE_REGULATION_OF_B_CELL_PROLIFERATION,3,-0.79801018869121,-0.053984776823244,1,0.424864577539673,0.741847058634971
GOBP_MEMBRANE_REPOLARIZATION_DURING_CARDIAC_MUSCLE_CELL_ACTION_POTENTIAL,3,0.797872775112001,0.0857661920105518,0.666666666666667,0.424944323696278,0.741847058634971
GOBP_REGULATION_OF_MRNA_POLYADENYLATION,3,-0.797007498176137,0.0378738517162115,0.666666666666667,0.4254466765974,0.742471672104739
GOBP_AMINO_ACID_BETAINE_METABOLIC_PROCESS,3,-0.795708323757745,-0.0573590695211933,0.666666666666667,0.426201587656192,0.743308801154138
GOBP_REGULATION_OF_NEURON_PROJECTION_ARBORIZATION,2,0.795683854071197,0.109157436810951,0.5,0.426215813745899,0.743308801154138
GOBP_ATP_METABOLIC_PROCESS,3,-0.795330648565485,0.0115413833664058,0.666666666666667,0.426421189820492,0.743414538668719
GOBP_REGULATION_OF_GENERATION_OF_PRECURSOR_METABOLITES_AND_ENERGY,3,-0.795056882500709,0.00825480619033044,0.333333333333333,0.426580414462412,0.743438715186941
GOBP_INTRACELLULAR_RECEPTOR_SIGNALING_PATHWAY,3,-0.794406580446573,0.0107184861029546,0.666666666666667,0.42695877454135,0.743438715186941
REACTOME_DISASSEMBLY_OF_THE_DESTRUCTION_COMPLEX_AND_RECRUITMENT_OF_AXIN_TO_THE_MEMBRANE,3,-0.794385023867559,-0.00105835715163764,0.333333333333333,0.426971319982728,0.743438715186941
GOBP_NEGATIVE_REGULATION_OF_PROTEASOMAL_UBIQUITIN_DEPENDENT_PROTEIN_CATABOLIC_PROCESS,3,0.79431158811729,0.0144668992867827,0.666666666666667,0.427014059540786,0.743438715186941
REACTOME_DEATH_RECEPTOR_SIGNALLING,3,0.793529637895042,0.0679098196459538,0.666666666666667,0.427469308645563,0.743915625926013
GOBP_RNA_DESTABILIZATION,3,0.79334357961593,-0.0481179620038557,0.333333333333333,0.427577672845325,0.743915625926013
REACTOME_CLASS_B_2_SECRETIN_FAMILY_RECEPTORS,3,0.791881529435056,0.0592943381262458,1,0.428429757810816,0.744848822904697
GOBP_POSITIVE_REGULATION_OF_REGULATORY_T_CELL_DIFFERENTIATION,3,0.791782042195281,0.0942680560793982,0.666666666666667,0.428487774995317,0.744848822904697
GOBP_REGULATION_OF_REPRODUCTIVE_PROCESS,3,0.791676859851977,0.0607195512650299,1,0.428549118318415,0.744848822904697
GOBP_MAMMARY_GLAND_ALVEOLUS_DEVELOPMENT,3,0.791260177255724,0.0629169649181466,1,0.428792181692642,0.745019162778555
GOBP_REGULATION_OF_EPITHELIAL_CELL_APOPTOTIC_PROCESS,3,-0.790246065530459,0.0318767873336296,0.333333333333333,0.429384078165457,0.745696184633213
GOBP_TIGHT_JUNCTION_ORGANIZATION,3,-0.79009512193382,-0.0332493587125348,0.666666666666667,0.429472218486184,0.745696184633213
GOBP_POSITIVE_REGULATION_OF_PROTEIN_ACETYLATION,3,0.789751711118875,0.0184859245835221,0.333333333333333,0.42967278513112,0.745792302951482
GOBP_LIPID_DIGESTION,3,-0.789209999925371,-0.00451226078042713,0.666666666666667,0.429989278293736,0.746089504498861
GOBP_ANGIOGENESIS_INVOLVED_IN_WOUND_HEALING,3,0.788604755545536,0.0730316341523169,0.666666666666667,0.430343050608068,0.74625726086377
GOBP_PERIPHERAL_NERVOUS_SYSTEM_DEVELOPMENT,3,0.788547443467338,0.110306266063182,0.666666666666667,0.430376558932727,0.74625726086377
GOBP_POSITIVE_REGULATION_OF_CELL_GROWTH,3,-0.788273145184409,-0.0242894417630968,0.666666666666667,0.430536952307178,0.746283424586455
GOBP_EOSINOPHIL_CHEMOTAXIS,3,0.787921555413491,0.0274327916964654,0.666666666666667,0.430742591882301,0.746387972978238
GOBP_POSITIVE_REGULATION_OF_MITOCHONDRION_ORGANIZATION,3,-0.787541309437225,0.0525314460463089,0.666666666666667,0.430965056171229,0.746521594770804
GOBP_CHOLESTEROL_STORAGE,3,0.787020816623814,0.181923619809198,0.666666666666667,0.431269680402322,0.746792845327915
GOBP_NEGATIVE_REGULATION_OF_DOUBLE_STRAND_BREAK_REPAIR_VIA_HOMOLOGOUS_RECOMBINATION,2,0.786337781280562,0.00513195132502217,0.5,0.431669623821703,0.746792845327915
KEGG_GLIOMA,3,-0.7858579080782,0.0474021681506482,0.333333333333333,0.431950736517121,0.746792845327915
REACTOME_SCAVENGING_OF_HEME_FROM_PLASMA,3,-0.78550690278534,-0.0340519001484666,0.666666666666667,0.432156424737092,0.746792845327915
REACTOME_DNA_DAMAGE_RECOGNITION_IN_GG_NER,3,-0.785480763615668,0.0147812517180304,0.666666666666667,0.432171744494196,0.746792845327915
GOBP_SENSORY_PERCEPTION_OF_PAIN,3,0.78545713755185,0.0869821052929825,0.666666666666667,0.432185591630039,0.746792845327915
GOBP_NEGATIVE_REGULATION_OF_CELL_DEVELOPMENT,3,0.785419940412159,0.0304478034334538,1,0.432207393236684,0.746792845327915
REACTOME_DEFECTIVE_CFTR_CAUSES_CYSTIC_FIBROSIS,3,0.784895282064123,0.00682865245942758,0.333333333333333,0.432514968461482,0.746792845327915
GOBP_CENTRAL_NERVOUS_SYSTEM_NEURON_DIFFERENTIATION,3,0.784823737519498,0.0277891996522498,1,0.432556920485483,0.746792845327915
GOBP_POST_TRANSLATIONAL_PROTEIN_MODIFICATION,3,-0.78479173911103,0.0460215929886498,0.333333333333333,0.432575684355636,0.746792845327915
GOBP_NEGATIVE_REGULATION_OF_ORGANELLE_ASSEMBLY,3,-0.783611469479315,0.0122260848854074,0.333333333333333,0.433268123765691,0.746869954464339
GOBP_REGULATION_OF_HEMATOPOIETIC_PROGENITOR_CELL_DIFFERENTIATION,3,-0.783590077150289,-0.11593441373589,0.333333333333333,0.433280680108769,0.746869954464339
GOBP_REGULATION_OF_PROTEIN_LOCALIZATION_TO_SYNAPSE,3,-0.783395299048989,0.00327495802144246,0.333333333333333,0.433395015850063,0.746869954464339
GOBP_POSITIVE_REGULATION_OF_ION_TRANSPORT,3,0.783322565415848,0.0420460435905538,0.666666666666667,0.433437715338752,0.746869954464339
GOBP_SCHWANN_CELL_DIFFERENTIATION,3,0.783029290069901,0.143775996477813,0.666666666666667,0.433609912187876,0.746869954464339
REACTOME_HEDGEHOG_LIGAND_BIOGENESIS,3,0.782845930811408,0.0243979949922169,0.666666666666667,0.433717591813099,0.746869954464339
KEGG_BUTANOATE_METABOLISM,3,-0.782742129418935,-0.049541383000418,1,0.433778557109205,0.746869954464339
REACTOME_NEGATIVE_REGULATION_OF_FLT3,2,-0.782733376354613,-0.0117211718214426,0.5,0.433783698241262,0.746869954464339
GOBP_KERATINOCYTE_MIGRATION,3,-0.782414870618984,-0.0351558286928199,1,0.433970797262015,0.746941693946953
GOBP_CELLULAR_RESPONSE_TO_DEXAMETHASONE_STIMULUS,3,0.781387465498448,0.0664570233085001,0.666666666666667,0.434574641037097,0.747643974438974
GOBP_REGULATION_OF_NUCLEAR_TRANSCRIBED_MRNA_CATABOLIC_PROCESS_DEADENYLATION_DEPENDENT_DECAY,3,-0.781021889607309,-0.142343856879603,0.666666666666667,0.434789620427555,0.747643974438974
REACTOME_DEADENYLATION_OF_MRNA,3,0.780977840466279,-0.0835016940982041,0.333333333333333,0.434815527969084,0.747643974438974
GOBP_PEPTIDYL_LYSINE_DIMETHYLATION,3,0.78060993526678,-0.0860516170532803,0.333333333333333,0.435031946546835,0.747765755510222
GOBP_CELLULAR_POLYSACCHARIDE_CATABOLIC_PROCESS,3,-0.780178328244494,0.102653749900555,0.666666666666667,0.435285916673231,0.747859421033421
REACTOME_TRANSCRIPTIONAL_ACTIVATION_OF_MITOCHONDRIAL_BIOGENESIS,3,-0.77985538669609,0.0442288913227596,0.333333333333333,0.435476000817526,0.747859421033421
GOBP_POSITIVE_REGULATION_OF_ACTIN_CYTOSKELETON_REORGANIZATION,3,-0.779775087325333,0.0520935153643421,0.666666666666667,0.435523272646215,0.747859421033421
GOBP_CARDIAC_LEFT_VENTRICLE_MORPHOGENESIS,2,-0.779234188423415,-0.0572671349790746,1,0.435841774180147,0.748156200598006
GOBP_INHIBITORY_POSTSYNAPTIC_POTENTIAL,2,0.778269463065592,-0.0165945515601851,0.5,0.436410173890467,0.748423985176895
GOBP_AORTIC_VALVE_MORPHOGENESIS,3,0.778070275739528,0.0875250705356456,0.666666666666667,0.436527584842689,0.748423985176895
REACTOME_DEFECTIVE_GALNT3_CAUSES_HFTC,2,0.777831664978503,0.113243797019932,1,0.436668257892144,0.748423985176895
GOBP_POSITIVE_REGULATION_OF_ALPHA_BETA_T_CELL_DIFFERENTIATION,3,0.777783057675248,0.137829927961388,0.666666666666667,0.436696917544547,0.748423985176895
REACTOME_FORMATION_OF_THE_EARLY_ELONGATION_COMPLEX,3,-0.777395115928252,0.0272252802304198,0.666666666666667,0.436925693106158,0.748423985176895
GOBP_REGULATION_OF_MEMBRANE_REPOLARIZATION,3,0.777339160140122,0.0320316803300881,0.666666666666667,0.436958696839772,0.748423985176895
GOBP_NEGATIVE_REGULATION_OF_LEUKOCYTE_CELL_CELL_ADHESION,3,-0.777238923916239,0.0427474907575575,0.333333333333333,0.437017821562599,0.748423985176895
GOBP_OSTEOBLAST_PROLIFERATION,3,0.776042297761157,0.0722583373339877,0.666666666666667,0.437724011788528,0.749231095149813
GOBP_RESPONSE_TO_MECHANICAL_STIMULUS,3,-0.775862105652711,0.0421623030917025,0.333333333333333,0.437830409204226,0.749231095149813
GOBP_LYMPHANGIOGENESIS,3,0.775698980230133,0.184388671390043,0.666666666666667,0.437926742141694,0.749231095149813
GOBP_MITOCHONDRIAL_RNA_METABOLIC_PROCESS,3,0.774886299267131,-0.0743575292543682,0.333333333333333,0.438406848620838,0.749564238720104
GOBP_HORMONE_TRANSPORT,3,0.774803873296279,0.0425520743930896,1,0.438455560199704,0.749564238720104
REACTOME_PEPTIDE_LIGAND_BINDING_RECEPTORS,3,0.774628359401205,0.0598118595601031,0.666666666666667,0.438559294656135,0.749564238720104
GOBP_VIRAL_PROTEIN_PROCESSING,3,-0.774299950220569,0.0231525878153435,0.333333333333333,0.438753433115945,0.749592610196575
GOBP_CELLULAR_RESPONSE_TO_OXYGEN_RADICAL,3,-0.774106537405049,0.027824656090321,0.333333333333333,0.438867791834327,0.749592610196575
REACTOME_DEGRADATION_OF_GLI1_BY_THE_PROTEASOME,3,0.773475723339613,0.000870778899716534,0.333333333333333,0.439240890698749,0.74998045699095
GOBP_PROGESTERONE_METABOLIC_PROCESS,3,0.772566160976769,0.059563659327827,0.666666666666667,0.439779177501565,0.750650001877049
GOBP_REGULATION_OF_NMDA_RECEPTOR_ACTIVITY,3,0.770718380383977,0.127085761348802,0.666666666666667,0.440873874851353,0.75171464566255
GOBP_POSITIVE_REGULATION_OF_TORC1_SIGNALING,3,-0.770514238858759,-0.058595847081444,1,0.44099491198676,0.75171464566255
GOBP_CELL_COMMUNICATION_BY_ELECTRICAL_COUPLING_INVOLVED_IN_CARDIAC_CONDUCTION,3,0.770384638163211,0.0669552133412127,1,0.441071763151755,0.75171464566255
GOBP_ENDOCRINE_PROCESS,3,-0.770380180660983,0.0290558557747526,0.333333333333333,0.441074406516656,0.75171464566255
KEGG_GAP_JUNCTION,3,-0.770106893758702,0.0493083636350047,0.333333333333333,0.441236487038513,0.75171464566255
GOBP_GANGLIOSIDE_METABOLIC_PROCESS,3,0.76984799044066,0.110914545024941,0.666666666666667,0.441390068438284,0.75171464566255
GOBP_REGULATION_OF_TOLERANCE_INDUCTION,3,-0.769784985335517,-0.0366278504841615,0.666666666666667,0.441427447686576,0.75171464566255
GOBP_TETRAPYRROLE_BIOSYNTHETIC_PROCESS,3,-0.768918183209231,-0.100853239924794,0.666666666666667,0.441941882283316,0.752044305407416
GOBP_POSITIVE_REGULATION_OF_IMMUNOGLOBULIN_PRODUCTION,3,0.768671415393971,-0.00731823928825325,0.333333333333333,0.4420883981606,0.752044305407416
GOBP_RESPONSE_TO_MISFOLDED_PROTEIN,3,-0.768295724045247,0.0243957757885118,0.333333333333333,0.442311514440862,0.752044305407416
GOBP_CELLULAR_COMPONENT_ASSEMBLY_INVOLVED_IN_MORPHOGENESIS,3,-0.767958588306826,0.0374305655640897,0.333333333333333,0.442511788077629,0.752044305407416
GOBP_MEMBRANE_LIPID_BIOSYNTHETIC_PROCESS,3,-0.767809337177051,-0.0619008230064796,0.666666666666667,0.442600466454271,0.752044305407416
REACTOME_SARS_COV_1_INFECTION,3,-0.76761007331048,0.00801655653695917,0.333333333333333,0.442718876013982,0.752044305407416
REACTOME_N_GLYCAN_ANTENNAE_ELONGATION_IN_THE_MEDIAL_TRANS_GOLGI,3,0.767424993547177,-0.0343722930606235,0.333333333333333,0.442828873108267,0.752044305407416
GOBP_VASCULAR_ENDOTHELIAL_GROWTH_FACTOR_PRODUCTION,3,-0.767332081917396,-0.028159364892145,0.666666666666667,0.442884098484451,0.752044305407416
GOBP_STEROID_HORMONE_BIOSYNTHETIC_PROCESS,3,0.767034157827881,0.0779477174699909,1,0.443061206959282,0.752044305407416
GOBP_REGULATION_OF_CHOLESTEROL_EFFLUX,3,-0.766762680435334,0.0936472252190393,0.333333333333333,0.443222628776359,0.752044305407416
REACTOME_TCF_DEPENDENT_SIGNALING_IN_RESPONSE_TO_WNT,3,0.766469700838975,-0.00663200508963046,0.666666666666667,0.443396873614098,0.752044305407416
GOBP_SKELETAL_MUSCLE_CELL_DIFFERENTIATION,3,-0.766364162522358,0.0103874757515456,0.333333333333333,0.443459650394623,0.752044305407416
GOBP_NEGATIVE_REGULATION_OF_INTRINSIC_APOPTOTIC_SIGNALING_PATHWAY_BY_P53_CLASS_MEDIATOR,3,-0.766062109393877,-0.053180672302851,0.666666666666667,0.443639347068616,0.752044305407416
GOBP_INTERLEUKIN_12_PRODUCTION,3,0.766008914520958,0.0666754536123397,1,0.443670997933114,0.752044305407416
REACTOME_METABOLISM_OF_STEROIDS,3,0.76567649926347,0.0369531838991928,1,0.443868813691147,0.752131384730364
GOBP_REGULATION_OF_MONOCYTE_DIFFERENTIATION,3,-0.764526727290882,0.0903539922207807,0.333333333333333,0.444553415454742,0.75276870272525
GOBP_FOLIC_ACID_CONTAINING_COMPOUND_METABOLIC_PROCESS,3,0.764393164486086,-0.0626194422713465,0.666666666666667,0.444632980984652,0.75276870272525
REACTOME_DISEASES_OF_CARBOHYDRATE_METABOLISM,3,-0.764306476183661,0.0485078436592415,0.666666666666667,0.44468462696036,0.75276870272525
GOBP_POSITIVE_REGULATION_OF_MORPHOGENESIS_OF_AN_EPITHELIUM,3,0.763559001954671,0.126022975276577,0.666666666666667,0.445130088918174,0.753098280781382
GOBP_GLUCOCORTICOID_METABOLIC_PROCESS,3,0.763282925314183,0.0953869471536578,0.666666666666667,0.445294682841917,0.753098280781382
GOBP_VASCULAR_ASSOCIATED_SMOOTH_MUSCLE_CELL_MIGRATION,3,-0.763046444414174,-0.128421451327126,0.666666666666667,0.445435697793152,0.753098280781382
REACTOME_SYNTHESIS_OF_PROSTAGLANDINS_PG_AND_THROMBOXANES_TX,2,0.762910657992196,0.0233774157204672,0.5,0.445516679536372,0.753098280781382
REACTOME_IKK_COMPLEX_RECRUITMENT_MEDIATED_BY_RIP1,3,-0.762632439450013,0.00257212824590751,0.333333333333333,0.44568263265923,0.753098280781382
GOBP_POSITIVE_REGULATION_OF_DEFENSE_RESPONSE,3,-0.762504250938992,0.011886481154741,0.333333333333333,0.445759107004556,0.753098280781382
GOBP_POSITIVE_REGULATION_OF_CHOLESTEROL_EFFLUX,3,-0.761941936141112,0.116566480983425,0.333333333333333,0.446094659512707,0.753253925639436
GOBP_POSITIVE_REGULATION_OF_PHAGOCYTOSIS,3,-0.761715053387494,0.083093261647573,0.333333333333333,0.446230088943528,0.753253925639436
GOBP_RESPONSE_TO_GONADOTROPIN,3,-0.761612657678407,0.0125202481692082,0.666666666666667,0.446291218014175,0.753253925639436
REACTOME_CONVERSION_FROM_APC_C_CDC20_TO_APC_C_CDH1_IN_LATE_ANAPHASE,3,-0.760377885652995,-0.0116598470601371,0.666666666666667,0.447028738124503,0.754250853813221
GOBP_CELLULAR_TRANSITION_METAL_ION_HOMEOSTASIS,3,-0.759261927459814,0.0266000981278931,0.333333333333333,0.44769588762612,0.755054477676757
GOBP_NEURON_MATURATION,3,-0.759089443583408,-0.0198676211336199,0.666666666666667,0.447799053544276,0.755054477676757
GOBP_POSITIVE_REGULATION_OF_EPIDERMIS_DEVELOPMENT,3,0.75824453443048,0.0469401001352565,0.666666666666667,0.448304605060594,0.755467151693554
REACTOME_IL_6_TYPE_CYTOKINE_RECEPTOR_LIGAND_INTERACTIONS,3,-0.75818877094823,-0.00199375320219938,0.333333333333333,0.448337982547109,0.755467151693554
GOBP_DNA_DEPENDENT_DNA_REPLICATION,3,-0.757630319988025,-0.1283536616844,0.666666666666667,0.44867232374117,0.75575060158693
GOBP_MITOTIC_G2_M_TRANSITION_CHECKPOINT,3,0.757416300280346,-0.0202643737096656,0.666666666666667,0.44880049354364,0.75575060158693
GOBP_INFLAMMATORY_RESPONSE_TO_ANTIGENIC_STIMULUS,3,-0.756839936071829,0.00812207049814489,0.333333333333333,0.449145763611127,0.755972086601235
REACTOME_PROTEIN_METHYLATION,2,-0.756705359003646,-0.11949426678166,1,0.449226403486559,0.755972086601235
REACTOME_FORMATION_OF_ATP_BY_CHEMIOSMOTIC_COUPLING,3,0.756109221436999,0.0281956612497033,0.666666666666667,0.449583713612083,0.756325566037228
GOBP_ACTIN_FILAMENT_BASED_MOVEMENT,3,-0.755820402994973,0.0284448344482342,0.666666666666667,0.449756882181472,0.756369137814028
GOBP_CHRONIC_INFLAMMATORY_RESPONSE,3,-0.755086403862922,-0.0232915732843477,0.666666666666667,0.450197140464452,0.756485581503195
GOBP_POSITIVE_REGULATION_OF_STRIATED_MUSCLE_CELL_DIFFERENTIATION,3,0.755043339952742,0.0963149351308436,1,0.450222978107527,0.756485581503195
GOBP_NEURON_FATE_SPECIFICATION,3,0.754968312993204,0.0357549931194321,1,0.450267995065278,0.756485581503195
GOBP_REGULATION_OF_ODONTOGENESIS,2,0.754255235993271,0.157726206872698,0.5,0.450695975971095,0.756657289130639
GOBP_PROTEIN_O_LINKED_GLYCOSYLATION,3,-0.754194392372504,0.014442802412913,0.333333333333333,0.450732504299881,0.756657289130639
REACTOME_UPTAKE_AND_ACTIONS_OF_BACTERIAL_TOXINS,3,0.754061706548011,0.125120409241356,0.666666666666667,0.450812169925965,0.756657289130639
REACTOME_SHC_MEDIATED_CASCADE_FGFR1,3,-0.753774852479699,0.0556636025389987,0.666666666666667,0.450984426637567,0.756699122904458
KEGG_CYTOKINE_CYTOKINE_RECEPTOR_INTERACTION,3,0.753337810260728,0.0536160158654258,0.666666666666667,0.451246943383228,0.756892325674806
GOBP_NEGATIVE_REGULATION_OF_B_CELL_MEDIATED_IMMUNITY,3,-0.751971798885317,0.074180494258055,0.333333333333333,0.452068018298301,0.757843714439922
REACTOME_HSF1_ACTIVATION,3,0.75190322856369,0.0575432327472223,0.666666666666667,0.452109256433785,0.757843714439922
KEGG_NEUROTROPHIN_SIGNALING_PATHWAY,3,-0.751440187948476,0.0465653055448623,0.333333333333333,0.452387784334669,0.757994256115896
GOBP_EPIBOLY,3,-0.751069743580311,-0.047906925966545,0.666666666666667,0.452610683593024,0.757994256115896
REACTOME_TRNA_PROCESSING,3,0.751018006358052,-0.0675965060334855,0.333333333333333,0.452641819218741,0.757994256115896
REACTOME_SARS_COV_INFECTIONS,3,-0.750601429077575,-0.00821550420354784,0.666666666666667,0.452892560842077,0.758166946703034
GOBP_POSITIVE_REGULATION_OF_WOUND_HEALING,3,0.749790950917106,0.0169564163736005,0.666666666666667,0.453380619631491,0.758497799578841
REACTOME_IRS_MEDIATED_SIGNALLING,3,0.749279090587993,0.0382987962775774,1,0.453689007733754,0.758497799578841
REACTOME_PHASE_I_FUNCTIONALIZATION_OF_COMPOUNDS,3,0.749113524096198,0.0194826172722731,1,0.453788784362065,0.758497799578841
GOBP_PINOCYTOSIS,3,-0.749036887475229,0.089906504721626,0.333333333333333,0.453834972677725,0.758497799578841
GOBP_NEGATIVE_REGULATION_OF_INTERLEUKIN_10_PRODUCTION,3,0.749017759090739,0.0203605025061067,0.666666666666667,0.453846501624835,0.758497799578841
GOBP_NEUROTROPHIN_TRK_RECEPTOR_SIGNALING_PATHWAY,3,0.74872406444421,0.101308423890132,1,0.454023536267534,0.758497799578841
HALLMARK_PROTEIN_SECRETION,3,-0.748557469215059,-0.081507490097108,0.666666666666667,0.454123974631024,0.758497799578841
REACTOME_OPIOID_SIGNALLING,3,-0.747839499581759,0.0403071007346597,0.333333333333333,0.454556973634505,0.758832836980156
GOBP_PROTEIN_STABILIZATION,3,-0.747495619127962,-0.0450111291163767,0.666666666666667,0.454764446245234,0.758832836980156
GOBP_VIRION_ASSEMBLY,3,-0.747490044499245,-0.00760797128816483,0.333333333333333,0.45476781001264,0.758832836980156
REACTOME_COMPLEMENT_CASCADE,3,0.746901450349844,0.0649922623629665,0.666666666666667,0.455123050430758,0.759178949987779
GOBP_REGULATION_OF_ACTIVIN_RECEPTOR_SIGNALING_PATHWAY,3,0.746137874331179,0.0902603642684503,0.666666666666667,0.45558413225455,0.759701332227067
REACTOME_SIGNALING_BY_HIPPO,3,-0.745375904198685,-0.103576436261317,0.666666666666667,0.456044506311531,0.760084599504332
GOBP_REGULATION_OF_GOLGI_ORGANIZATION,3,0.745012024837865,0.047399620902174,0.666666666666667,0.456264450540363,0.760084599504332
GOBP_CELLULAR_RESPONSE_TO_DSRNA,3,0.744781966345795,0.0661825908102399,0.666666666666667,0.456403538490703,0.760084599504332
GOBP_POSITIVE_REGULATION_OF_PHOSPHATIDYLINOSITOL_3_KINASE_SIGNALING,3,-0.744130689055438,-0.0282300980507625,1,0.45679741464249,0.760084599504332
GOBP_PROTEIN_EXIT_FROM_ENDOPLASMIC_RETICULUM,3,-0.744104839029465,-0.00719749842573975,0.666666666666667,0.456813052029179,0.760084599504332
GOBP_POSITIVE_REGULATION_OF_TRANSPORTER_ACTIVITY,3,0.744063659781752,0.0142035851651638,0.666666666666667,0.456837963101979,0.760084599504332
GOBP_CELLULAR_MONOVALENT_INORGANIC_CATION_HOMEOSTASIS,3,-0.744042158825326,0.00583356193154651,0.333333333333333,0.456850970245401,0.760084599504332
GOBP_REGULATION_OF_NEUTROPHIL_CHEMOTAXIS,3,-0.743799296857906,0.0487680773781235,0.333333333333333,0.456997905620985,0.760084599504332
GOBP_EXTRACELLULAR_VESICLE_BIOGENESIS,3,-0.742186645679605,0.0576031899320069,0.666666666666667,0.457974258540969,0.761057641504207
GOBP_INSULIN_SECRETION_INVOLVED_IN_CELLULAR_RESPONSE_TO_GLUCOSE_STIMULUS,3,0.742133895735732,0.0184001561786629,1,0.458006214875401,0.761057641504207
GOBP_SYNAPTIC_VESICLE_TRANSPORT,3,-0.742098784309867,-0.0310914219085252,0.666666666666667,0.458027486349202,0.761057641504207
GOBP_REGULATION_OF_MICROTUBULE_DEPOLYMERIZATION,3,-0.741503064467425,0.0475646080022622,0.333333333333333,0.458388474389541,0.761411126929069
GOBP_REGULATION_OF_ANION_TRANSPORT,3,0.740477314756275,0.0179536233503495,0.666666666666667,0.459010421120023,0.761873282195434
GOBP_LABYRINTHINE_LAYER_DEVELOPMENT,3,0.740442881716075,0.0788454515186216,0.666666666666667,0.459031307236255,0.761873282195434
GOBP_SMOOTH_MUSCLE_CELL_APOPTOTIC_PROCESS,3,0.740054371429549,0.0591666916126958,1,0.459267003575156,0.761873282195434
GOBP_NEGATIVE_REGULATION_OF_RESPONSE_TO_CYTOKINE_STIMULUS,3,0.739656054171075,0.110597188512147,0.666666666666667,0.459508719844116,0.761873282195434
GOBP_DETECTION_OF_VISIBLE_LIGHT,3,0.739466768126485,0.0569863866721895,0.666666666666667,0.459623611830783,0.761873282195434
GOBP_B_CELL_ACTIVATION_INVOLVED_IN_IMMUNE_RESPONSE,3,-0.739296605282518,-0.0482820506929734,0.666666666666667,0.459726910231257,0.761873282195434
GOBP_POSITIVE_REGULATION_OF_RELEASE_OF_SEQUESTERED_CALCIUM_ION_INTO_CYTOSOL,3,-0.739263445532188,-0.0269931475901672,0.666666666666667,0.459747041574591,0.761873282195434
GOBP_REGULATION_OF_PROTEIN_IMPORT,3,-0.739088232540507,-0.030626420630389,1,0.459853421885874,0.761873282195434
GOBP_VITAMIN_METABOLIC_PROCESS,3,0.738778662808046,-0.0121441623517263,0.333333333333333,0.460041410368638,0.761938949904329
KEGG_FATTY_ACID_METABOLISM,3,-0.737721009591853,-0.0357719644326444,1,0.460684002371439,0.762757265048263
GOBP_SUPEROXIDE_METABOLIC_PROCESS,3,-0.736097543717086,-0.00525504766225429,0.666666666666667,0.461671337503477,0.764023813105976
GOBP_POSITIVE_REGULATION_OF_AMYLOID_PRECURSOR_PROTEIN_CATABOLIC_PROCESS,3,-0.73597406880656,0.0494821331475495,0.333333333333333,0.461746478948783,0.764023813105976
GOBP_NON_CANONICAL_WNT_SIGNALING_PATHWAY,3,-0.735595821891675,-0.00133737837465674,0.333333333333333,0.461976706022305,0.76415857073448
GOBP_RESPONSE_TO_PH,3,0.73500789769864,0.0342920352529936,1,0.462334684277333,0.764504487588017
GOBP_ANTIGEN_PROCESSING_AND_PRESENTATION_OF_PEPTIDE_ANTIGEN,3,0.734439574531448,0.049119859759665,1,0.46268087483571,0.764594978107049
GOBP_ENDOTHELIUM_DEVELOPMENT,3,-0.734429278444672,0.0126601603774777,0.333333333333333,0.462687147966649,0.764594978107049
GOBP_ESTABLISHMENT_OF_PROTEIN_LOCALIZATION_TO_TELOMERE,3,0.73305477814887,-0.00970468040094206,0.333333333333333,0.463525020056803,0.765102070427649
GOBP_SARCOPLASMIC_RETICULUM_CALCIUM_ION_TRANSPORT,3,0.732801898269536,0.0916411798306844,0.666666666666667,0.463679263362437,0.765102070427649
GOBP_DOPAMINERGIC_NEURON_DIFFERENTIATION,3,-0.732732948388735,-0.0703900107098087,1,0.463721324090254,0.765102070427649
GOBP_NEGATIVE_REGULATION_OF_PRODUCTION_OF_MOLECULAR_MEDIATOR_OF_IMMUNE_RESPONSE,3,-0.732503059698832,0.0454110933778402,0.333333333333333,0.463861575880815,0.765102070427649
GOBP_MATERNAL_PROCESS_INVOLVED_IN_FEMALE_PREGNANCY,3,0.732470351625324,0.0928213326993485,0.666666666666667,0.463881532526483,0.765102070427649
GOBP_INNERVATION,3,-0.732460045682312,-0.0379674262086476,0.666666666666667,0.46388782073826,0.765102070427649
GOBP_REGULATION_OF_PHOSPHATIDYLINOSITOL_3_KINASE_SIGNALING,3,-0.732018013573161,-0.0429959371815767,1,0.464157573048884,0.765191746878994
REACTOME_PROTEIN_LOCALIZATION,3,0.731882703439582,-0.0273535073120509,0.333333333333333,0.464240164189047,0.765191746878994
GOBP_PROTEIN_LOCALIZATION_TO_CONDENSED_CHROMOSOME,3,0.731483503696055,-0.013406580275706,0.333333333333333,0.464483876984507,0.765347831951372
REACTOME_MTORC1_MEDIATED_SIGNALLING,3,-0.728878933082539,0.0125448959443434,0.666666666666667,0.46607572249173,0.767724474251932
GOBP_CELLULAR_RESPONSE_TO_CHOLESTEROL,2,-0.727887916035111,-0.0532813637348435,1,0.466682200918669,0.768303749278009
GOBP_REGULATION_OF_RAC_PROTEIN_SIGNAL_TRANSDUCTION,3,-0.727771303327469,-0.10206103728378,0.666666666666667,0.466753593854722,0.768303749278009
REACTOME_FOXO_MEDIATED_TRANSCRIPTION,3,-0.727571113837253,0.0256381033382709,0.666666666666667,0.466876168515706,0.768303749278009
GOBP_FIBROBLAST_APOPTOTIC_PROCESS,3,-0.726555921975241,0.0446397019674823,0.666666666666667,0.467498038378972,0.769080693502371
REACTOME_MRNA_DECAY_BY_5_TO_3_EXORIBONUCLEASE,2,-0.726142104320714,-0.0734639061548031,1,0.467751659785178,0.769239203201147
REACTOME_FCERI_MEDIATED_NF_KB_ACTIVATION,3,0.725910010931055,0.0174335914424252,0.666666666666667,0.467893939018766,0.769239203201147
GOBP_CELLULAR_RESPONSE_TO_HYDROGEN_PEROXIDE,3,0.725085355572453,0.0313194168757354,1,0.468399667912028,0.769424322657401
KEGG_DRUG_METABOLISM_OTHER_ENZYMES,3,0.72503563403413,0.118569219744615,0.666666666666667,0.468430169858265,0.769424322657401
GOBP_T_HELPER_1_TYPE_IMMUNE_RESPONSE,3,0.724743662075055,0.149405523382489,0.666666666666667,0.46860930381934,0.769424322657401
GOBP_POSITIVE_REGULATION_OF_LYMPHOCYTE_MEDIATED_IMMUNITY,3,0.72472596683438,0.0034353942488027,0.666666666666667,0.468620161623369,0.769424322657401
REACTOME_HIV_LIFE_CYCLE,3,-0.724168895503352,-0.0324797435568162,1,0.468962051913176,0.769424322657401
REACTOME_SCF_SKP2_MEDIATED_DEGRADATION_OF_P27_P21,3,0.724084637108215,0.00517353763492127,0.333333333333333,0.469013775663854,0.769424322657401
GOBP_PYROPTOSIS,3,0.72401714532819,-0.03000283061693,0.333333333333333,0.469055209158941,0.769424322657401
GOBP_POSITIVE_REGULATION_OF_B_CELL_PROLIFERATION,3,-0.72338203383161,0.0587954068464067,0.333333333333333,0.469445206008102,0.76967615156491
GOBP_TOXIN_METABOLIC_PROCESS,3,-0.723279073405359,-0.0284472383961336,0.666666666666667,0.469508446817146,0.76967615156491
GOBP_GPI_ANCHOR_METABOLIC_PROCESS,3,0.722911013706549,-0.0609451537766676,0.333333333333333,0.469734556583613,0.769801111235939
GOBP_BLOOD_VESSEL_ENDOTHELIAL_CELL_PROLIFERATION_INVOLVED_IN_SPROUTING_ANGIOGENESIS,3,0.722080925033089,0.00493988865521594,0.666666666666667,0.470244725026486,0.770258378759518
GOBP_POSITIVE_REGULATION_OF_LYMPHOCYTE_DIFFERENTIATION,3,-0.721969015928611,0.0687013104785768,0.333333333333333,0.47031352721765,0.770258378759518
GOBP_INTERLEUKIN_1_MEDIATED_SIGNALING_PATHWAY,3,0.720911225570392,0.00530100515327548,0.333333333333333,0.470964135760539,0.770829285258433
REACTOME_FORMATION_OF_RNA_POL_II_ELONGATION_COMPLEX,3,-0.720802840030878,0.0213452909367692,0.666666666666667,0.471030827819984,0.770829285258433
REACTOME_PLASMA_LIPOPROTEIN_ASSEMBLY_REMODELING_AND_CLEARANCE,3,0.720548952904288,0.139560905425486,0.666666666666667,0.471187070674573,0.770829285258433
GOBP_ENDOTHELIAL_CELL_APOPTOTIC_PROCESS,3,0.719695477466093,0.0893104225857474,0.666666666666667,0.471712511403671,0.770829285258433
REACTOME_NUCLEAR_RECEPTOR_TRANSCRIPTION_PATHWAY,3,0.718994791139083,0.102012151281437,0.666666666666667,0.472144129106036,0.770829285258433
GOBP_RESPONSE_TO_PROTOZOAN,3,0.71896707783769,0.136914285684,0.666666666666667,0.472161204770991,0.770829285258433
GOBP_NUCLEOSIDE_PHOSPHATE_BIOSYNTHETIC_PROCESS,3,0.718734448414698,0.0140584693696584,1,0.472304553763573,0.770829285258433
GOBP_CARTILAGE_DEVELOPMENT_INVOLVED_IN_ENDOCHONDRAL_BONE_MORPHOGENESIS,3,-0.718700829837216,0.0379400023991809,0.666666666666667,0.472325271909692,0.770829285258433
GOBP_LONG_CHAIN_FATTY_ACID_BIOSYNTHETIC_PROCESS,3,0.718420771954543,0.0888159191010557,0.666666666666667,0.472497882846055,0.770829285258433
KEGG_PRIMARY_BILE_ACID_BIOSYNTHESIS,2,0.718243122623702,0.07002939027707,1,0.472607393277516,0.770829285258433
REACTOME_REGULATION_OF_TP53_ACTIVITY_THROUGH_ACETYLATION,3,-0.718096010304048,0.035730935300255,0.666666666666667,0.472698090003396,0.770829285258433
GOBP_POSITIVE_REGULATION_OF_ERK1_AND_ERK2_CASCADE,3,0.718034731061363,0.0582310763304108,0.666666666666667,0.472735872308575,0.770829285258433
GOBP_EMBRYONIC_DIGESTIVE_TRACT_DEVELOPMENT,3,-0.717992886942447,-0.0181577015954814,0.666666666666667,0.472761672656873,0.770829285258433
GOBP_PHOTOTRANSDUCTION,3,0.717990266710192,0.116769667537353,0.666666666666667,0.472763288271819,0.770829285258433
GOBP_POSITIVE_REGULATION_OF_GLUCONEOGENESIS,2,-0.717535088197059,-0.102141289219112,0.5,0.473043993944204,0.771042193874145
GOBP_PYRIMIDINE_RIBONUCLEOTIDE_BIOSYNTHETIC_PROCESS,3,0.717248323335058,0.0515241400847825,0.666666666666667,0.473220887080363,0.771085810927902
GOBP_SMOOTH_MUSCLE_CELL_DIFFERENTIATION,3,-0.716695811006375,-0.0322344269515601,0.666666666666667,0.473561811195452,0.771396594449681
GOBP_SCHWANN_CELL_DEVELOPMENT,3,0.716200077992015,0.150016450961028,0.666666666666667,0.473867814933612,0.77150511415096
GOBP_CARBOHYDRATE_DERIVATIVE_CATABOLIC_PROCESS,3,0.715910876002372,0.0197711899347875,1,0.474046382364268,0.77150511415096
GOBP_INORGANIC_ANION_TRANSMEMBRANE_TRANSPORT,3,0.715857931072881,0.0400615011903879,1,0.474079077153511,0.77150511415096
GOBP_REGULATION_OF_PH,3,-0.713954392414387,0.0222180278600217,0.333333333333333,0.475255381682634,0.772609345893863
GOBP_KIDNEY_MORPHOGENESIS,3,0.713841411706868,0.0641333018674769,0.666666666666667,0.47532524918423,0.772609345893863
GOBP_TELOMERE_MAINTENANCE,3,-0.713722618337248,-0.0728096785025192,0.666666666666667,0.475398717325392,0.772609345893863
GOBP_AMINE_TRANSPORT,3,-0.713677792598313,0.0410972558903596,0.333333333333333,0.475426441566477,0.772609345893863
GOBP_NUCLEOTIDE_SUGAR_METABOLIC_PROCESS,3,-0.713543083695599,-0.043796226924754,1,0.475509762922605,0.772609345893863
REACTOME_CARGO_TRAFFICKING_TO_THE_PERICILIARY_MEMBRANE,3,-0.713240607597922,-0.0248788314546975,0.333333333333333,0.475696882327357,0.77266893979548
GOBP_REGULATION_OF_T_CELL_PROLIFERATION,3,0.71298272260583,0.0831985987144713,0.666666666666667,0.475856448424893,0.772683755646618
GOBP_DNA_DOUBLE_STRAND_BREAK_PROCESSING,2,-0.712491369199039,-0.232728983422986,0.5,0.476160554092682,0.772809518629316
GOBP_REGULATION_OF_CHOLESTEROL_METABOLIC_PROCESS,3,-0.712371372891488,-0.022443107238012,0.666666666666667,0.476234837706734,0.772809518629316
GOBP_FATTY_ACID_DERIVATIVE_BIOSYNTHETIC_PROCESS,3,-0.711473956443988,-0.0493648772466543,0.666666666666667,0.476790583904888,0.773466973763584
GOBP_GLYCOSAMINOGLYCAN_CATABOLIC_PROCESS,3,-0.71106147144006,0.0243029429385339,0.666666666666667,0.477046144006772,0.773631121300934
KEGG_NICOTINATE_AND_NICOTINAMIDE_METABOLISM,3,-0.710596197880066,0.0514487807496801,0.333333333333333,0.477334499871989,0.773631121300934
REACTOME_ACTIVATION_OF_SMO,2,0.710349026232682,0.0699532833393091,1,0.477487724653557,0.773631121300934
GOBP_DNA_REPLICATION_INITIATION,3,-0.710277586212642,-0.125600781142591,0.666666666666667,0.477532016223661,0.773631121300934
GOBP_REGULATION_OF_NEUROBLAST_PROLIFERATION,3,-0.710085992078096,0.000140117297231508,0.666666666666667,0.477650812351426,0.773631121300934
GOBP_MESENCHYME_MORPHOGENESIS,3,0.709588017066955,-0.00868632027459946,0.666666666666667,0.477959652632345,0.773631121300934
GOBP_RESPONSE_TO_COCAINE,3,0.709370818137642,0.0661186645130691,1,0.478094391930001,0.773631121300934
GOBP_MEIOTIC_CHROMOSOME_SEGREGATION,3,-0.709054838456228,-0.106372867135644,0.666666666666667,0.478290446911858,0.773631121300934
GOBP_NEUTROPHIL_CHEMOTAXIS,3,-0.709050055988799,0.0664448894434183,0.333333333333333,0.47829341461284,0.773631121300934
GOBP_REGULATION_OF_RECEPTOR_LOCALIZATION_TO_SYNAPSE,2,0.70875323385379,0.0186782662004511,0.5,0.47847762360902,0.773631121300934
GOBP_MUSCLE_ORGAN_MORPHOGENESIS,3,0.708449604002503,0.0742456438175496,0.666666666666667,0.478666097601242,0.773631121300934
GOBP_NEGATIVE_REGULATION_OF_VASCULAR_ASSOCIATED_SMOOTH_MUSCLE_CELL_PROLIFERATION,3,-0.708173852069461,-0.0227951901614816,0.666666666666667,0.47883730189812,0.773631121300934
GOBP_REGULATION_OF_SMAD_PROTEIN_SIGNAL_TRANSDUCTION,3,-0.708153485104105,-0.00295159106486982,0.666666666666667,0.478849948328596,0.773631121300934
GOBP_EYE_PHOTORECEPTOR_CELL_DEVELOPMENT,3,0.70776674889487,0.0413463606880763,1,0.479090118498017,0.773775738555288
GOBP_RESPONSE_TO_CAMP,3,0.707282162433414,0.0507119998660209,0.666666666666667,0.479391148244447,0.77385979329991
GOBP_REGULATION_OF_DNA_DEPENDENT_DNA_REPLICATION,3,-0.706907094950275,-0.13273639832103,0.666666666666667,0.479624214600344,0.77385979329991
GOBP_CELL_ADHESION_MOLECULE_PRODUCTION,2,0.706728351733557,0.0911185143591301,1,0.479735307105286,0.77385979329991
GOBP_POSITIVE_REGULATION_OF_SODIUM_ION_TRANSMEMBRANE_TRANSPORT,3,-0.706456950169011,0.0167151638018142,0.333333333333333,0.479904015469839,0.77385979329991
REACTOME_CDT1_ASSOCIATION_WITH_THE_CDC6_ORC_ORIGIN_COMPLEX,3,0.70638452158168,-0.0294656353507322,0.333333333333333,0.47994904392349,0.77385979329991
GOBP_METANEPHRIC_MESENCHYME_DEVELOPMENT,2,0.706086797867973,0.164147023773376,0.5,0.480134161313273,0.77385979329991
GOBP_NEGATIVE_REGULATION_OF_I_KAPPAB_KINASE_NF_KAPPAB_SIGNALING,3,-0.705985946315118,0.0658933144401937,0.666666666666667,0.4801968771898,0.77385979329991
GOBP_ANION_HOMEOSTASIS,3,0.705132101865705,-0.0237120136640186,0.333333333333333,0.48072803060526,0.774472761978863
GOBP_HOMOLOGOUS_CHROMOSOME_PAIRING_AT_MEIOSIS,3,-0.704762037769494,-0.0656031433355768,0.666666666666667,0.480958336794811,0.774600820877437
GOBP_ACTIVATION_OF_JANUS_KINASE_ACTIVITY,2,-0.704271590330838,-0.128465905316959,0.5,0.481263655078703,0.774698934113413
REACTOME_ORC1_REMOVAL_FROM_CHROMATIN,3,0.704045105004306,-0.03323236722015,0.333333333333333,0.481404684610847,0.774698934113413
GOBP_SERINE_FAMILY_AMINO_ACID_METABOLIC_PROCESS,3,-0.703937386471784,-0.0865213836778247,0.666666666666667,0.481471767463009,0.774698934113413
GOBP_ACETYL_COA_METABOLIC_PROCESS,3,0.703496575671913,-0.0523551892859499,0.333333333333333,0.481746340035508,0.774897965055549
REACTOME_DOWNSTREAM_SIGNALING_OF_ACTIVATED_FGFR3,3,-0.702658459158919,-0.0122242005256221,0.666666666666667,0.482268621560605,0.775032911745683
GOBP_REGULATION_OF_EPITHELIAL_CELL_DIFFERENTIATION_INVOLVED_IN_KIDNEY_DEVELOPMENT,2,0.702615652885199,0.043572487307206,1,0.482295305020801,0.775032911745683
GOBP_VIRAL_GENOME_REPLICATION,3,-0.702344006431097,0.0100967403711976,0.333333333333333,0.48246465561873,0.775032911745683
GOBP_POSITIVE_REGULATION_OF_NERVOUS_SYSTEM_DEVELOPMENT,3,-0.702320339058494,0.00729583680045296,0.333333333333333,0.482479411929249,0.775032911745683
GOBP_ANTIMICROBIAL_HUMORAL_IMMUNE_RESPONSE_MEDIATED_BY_ANTIMICROBIAL_PEPTIDE,3,0.70215140827546,0.0898154404337937,0.666666666666667,0.482584745280898,0.775032911745683
GOBP_SKELETAL_SYSTEM_MORPHOGENESIS,3,0.701632570084144,0.0195323517019461,1,0.482908334388283,0.775103261337683
GOBP_NEGATIVE_REGULATION_OF_TORC1_SIGNALING,2,-0.701597227899465,-0.0368403840517641,0.5,0.482930380895753,0.775103261337683
GOBP_MYELOID_DENDRITIC_CELL_ACTIVATION,3,0.701236724639986,0.0561888957769212,1,0.483155294591809,0.775221990947683
GOBP_MAINTENANCE_OF_CELL_NUMBER,3,-0.700637349351181,-0.0662040134651218,0.666666666666667,0.483529363565598,0.775579891090853
GOBP_REGULATION_OF_DOUBLE_STRAND_BREAK_REPAIR_VIA_NONHOMOLOGOUS_END_JOINING,3,0.699733831086553,-0.051159928307972,0.666666666666667,0.484093544510808,0.776203876268722
GOBP_CHAPERONE_COFACTOR_DEPENDENT_PROTEIN_REFOLDING,3,0.699530366541243,-0.0546083665616573,0.333333333333333,0.484220642438665,0.776203876268722
GOBP_NUCLEOSIDE_MONOPHOSPHATE_BIOSYNTHETIC_PROCESS,3,0.698645782858965,0.0812011255022138,0.666666666666667,0.484773424422633,0.776847521945286
GOBP_MITOCHONDRIAL_RNA_PROCESSING,3,0.698072249636495,-0.0481881870661345,0.666666666666667,0.485132011615675,0.776951583370465
GOBP_REGULATION_OF_DOUBLE_STRAND_BREAK_REPAIR,3,-0.698058015867895,-0.0882465868916656,0.666666666666667,0.485140912747095,0.776951583370465
GOBP_RESPIRATORY_CHAIN_COMPLEX_IV_ASSEMBLY,2,-0.695326239286614,-0.127920105931401,0.5,0.486850873958624,0.779447035115803
GOBP_MITOCHONDRIAL_TRANSPORT,3,0.694251575899608,0.0116359662298045,0.666666666666667,0.487524453151198,0.78028220361002
GOBP_NEURON_PROJECTION_EXTENSION,3,-0.693723186211828,-0.0479310512671936,1,0.487855822448518,0.780467419007194
REACTOME_MYOGENESIS,3,-0.693451064201015,-0.0326824427725621,0.666666666666667,0.488026525862674,0.780467419007194
REACTOME_GAP_JUNCTION_ASSEMBLY,3,-0.693340237484803,0.0584700415775655,0.666666666666667,0.488096057214001,0.780467419007194
REACTOME_PYROPTOSIS,3,0.693092586796429,0.0858013969975217,0.666666666666667,0.488251449591774,0.780472905416542
GOBP_POSITIVE_REGULATION_OF_NEUROTRANSMITTER_TRANSPORT,3,0.692617363118133,0.00363672503132975,0.666666666666667,0.488549710975655,0.780558181929294
GOBP_REGULATION_OF_SKELETAL_MUSCLE_CELL_DIFFERENTIATION,2,-0.692523309409347,-0.130740092502929,0.5,0.488608752901612,0.780558181929294
GOBP_CELL_DEATH_IN_RESPONSE_TO_HYDROGEN_PEROXIDE,3,0.692116068967399,0.00822291868641871,0.666666666666667,0.488864441206905,0.780723809091625
GOBP_NEGATIVE_REGULATION_OF_LYMPHOCYTE_MIGRATION,2,-0.690069473919953,-0.0376537829475399,0.5,0.49015049879627,0.782376197227336
GOBP_RESPONSE_TO_CORTICOSTERONE,3,-0.689984749657662,-0.0279552814956693,0.666666666666667,0.4902037777799,0.782376197227336
REACTOME_TBC_RABGAPS,3,-0.689380858286582,0.0609349686128426,0.666666666666667,0.490583626013202,0.782497784162702
GOBP_PROTEIN_LOCALIZATION_TO_CHROMOSOME_CENTROMERIC_REGION,3,0.689379198915017,-0.0297689184779293,0.333333333333333,0.490584669977395,0.782497784162702
GOBP_DORSAL_VENTRAL_PATTERN_FORMATION,3,0.688073445318389,0.00935049743778192,0.666666666666667,0.491406531780674,0.783535007784455
GOBP_URETER_DEVELOPMENT,2,0.687861395298062,0.0439465374688814,1,0.491540069135809,0.783535007784455
GOBP_FIBROBLAST_GROWTH_FACTOR_RECEPTOR_SIGNALING_PATHWAY,3,0.687283261373882,0.085617162953596,0.666666666666667,0.491904244794929,0.78377365310696
GOBP_RESPONSE_TO_CARBOHYDRATE,3,-0.686961759975188,0.04328810754528,0.666666666666667,0.49210682621232,0.78377365310696
GOBP_ASTROCYTE_ACTIVATION,3,-0.686897072692481,0.0751285390485565,0.333333333333333,0.492147591758167,0.78377365310696
GOBP_LONG_TERM_SYNAPTIC_POTENTIATION,3,0.68643679006947,0.047435325504495,0.666666666666667,0.492437711460369,0.783990073937009
GOBP_PLASMA_MEMBRANE_ORGANIZATION,3,-0.686196686331558,0.072668333904362,0.333333333333333,0.492589087093557,0.783990073937009
GOBP_POSITIVE_REGULATION_OF_VASCULAR_ENDOTHELIAL_GROWTH_FACTOR_PRODUCTION,3,-0.685955096259541,-0.0152577054174022,0.666666666666667,0.492741424974429,0.783990073937009
GOBP_RESPIRATORY_ELECTRON_TRANSPORT_CHAIN,3,0.685524103066426,0.0368773908205736,0.666666666666667,0.493013256243829,0.784105509453592
REACTOME_SIGNALING_BY_WNT_IN_CANCER,3,-0.685210290697656,-0.0177380063579337,0.666666666666667,0.49321123105445,0.784105509453592
REACTOME_CLEC7A_DECTIN_1_SIGNALING,3,0.685114006677381,0.0119916772087554,1,0.493271982290606,0.784105509453592
HALLMARK_OXIDATIVE_PHOSPHORYLATION,3,0.684601923406497,0.00732644300862651,0.666666666666667,0.49359515299354,0.784306394387385
REACTOME_PI_METABOLISM,3,0.684429850395287,-0.0333904593823398,0.333333333333333,0.493703772012152,0.784306394387385
REACTOME_MATURATION_OF_SARS_COV_2_SPIKE_PROTEIN,3,-0.68383718084034,-0.000301293309794652,0.666666666666667,0.494077985443514,0.784456371181062
GOBP_REGULATION_OF_ALPHA_BETA_T_CELL_DIFFERENTIATION,3,0.683796538351847,0.149133093020248,0.666666666666667,0.494103652798041,0.784456371181062
GOBP_B_CELL_PROLIFERATION,3,-0.683226734529794,0.000746954628935541,0.333333333333333,0.494463581762604,0.78478521505956
REACTOME_ONCOGENIC_MAPK_SIGNALING,3,-0.682692750991966,0.0444004047495908,0.333333333333333,0.494801011278377,0.785078156912495
REACTOME_NEGATIVE_REGULATION_OF_NOTCH4_SIGNALING,3,0.681869326829458,0.0149076610198249,0.666666666666667,0.495321582326207,0.785661410385237
GOBP_REGULATION_OF_LIPOPROTEIN_METABOLIC_PROCESS,2,-0.681578938434203,-0.028646185808748,0.5,0.495505236421209,0.785710063062466
GOBP_TRNA_PROCESSING,3,0.680820233857391,-0.0376730991746764,0.333333333333333,0.495985245333587,0.785941159376403
GOBP_SRP_DEPENDENT_COTRANSLATIONAL_PROTEIN_TARGETING_TO_MEMBRANE,2,-0.680814021383342,-0.0129275873963039,0.5,0.495989176797607,0.785941159376403
GOBP_POSITIVE_REGULATION_OF_EPITHELIAL_TO_MESENCHYMAL_TRANSITION,3,-0.680297388309035,-0.030026012688436,0.666666666666667,0.496316177889282,0.785941159376403
GOBP_NEGATIVE_REGULATION_OF_PLASMA_MEMBRANE_BOUNDED_CELL_PROJECTION_ASSEMBLY,3,-0.680250920063241,0.0574852897186476,0.333333333333333,0.496345595437606,0.785941159376403
GOBP_NEGATIVE_REGULATION_OF_TUMOR_NECROSIS_FACTOR_SUPERFAMILY_CYTOKINE_PRODUCTION,3,-0.680139546686589,0.0360868408557994,0.333333333333333,0.496416106117027,0.785941159376403
GOBP_REGULATION_OF_HEART_RATE_BY_CARDIAC_CONDUCTION,3,0.679563646850202,-0.0018661446930078,0.333333333333333,0.496780794518186,0.786276166608753
GOBP_POSITIVE_REGULATION_OF_INTERLEUKIN_10_PRODUCTION,3,-0.678726391129226,-0.0491959432008954,1,0.497311241067626,0.786873239101456
GOBP_REGULATION_OF_DENDRITIC_SPINE_DEVELOPMENT,3,-0.677935245302025,-0.076436333693111,0.666666666666667,0.497812751591818,0.787025666654545
GOBP_FEMALE_GAMETE_GENERATION,3,-0.677793797013703,-0.0213477919422841,1,0.49790244458832,0.787025666654545
GOBP_METANEPHRIC_NEPHRON_MORPHOGENESIS,3,0.677741322274068,0.141498319349845,0.666666666666667,0.497935721243945,0.787025666654545
REACTOME_SIGNALING_BY_MODERATE_KINASE_ACTIVITY_BRAF_MUTANTS,3,-0.677605854919051,0.0248435098302526,0.333333333333333,0.498021632820653,0.787025666654545
GOBP_NEGATIVE_REGULATION_OF_ION_TRANSMEMBRANE_TRANSPORT,3,0.677366004417846,0.00724772981727912,0.666666666666667,0.49817376212888,0.787025666654545
REACTOME_COLLAGEN_BIOSYNTHESIS_AND_MODIFYING_ENZYMES,3,0.676998375541484,0.0902397604551592,0.666666666666667,0.498406985046984,0.787151991144313
REACTOME_PHOSPHOLIPASE_C_MEDIATED_CASCADE_FGFR2,3,0.675341266818581,0.144331697588571,0.333333333333333,0.499458971379482,0.78839174481586
GOBP_DENDRITIC_CELL_MIGRATION,3,0.675035537743698,0.123582267096168,0.666666666666667,0.499653186864378,0.78839174481586
GOBP_CELL_DIFFERENTIATION_IN_SPINAL_CORD,3,-0.674910954981758,-0.0139416128081703,0.666666666666667,0.499732340004211,0.78839174481586
REACTOME_BBSOME_MEDIATED_CARGO_TARGETING_TO_CILIUM,3,0.674632740667023,-0.0518389871402633,0.333333333333333,0.499909126338998,0.78839174481586
GOBP_TORC1_SIGNALING,3,0.674553499827776,-0.0219054949068949,0.333333333333333,0.499959484592145,0.78839174481586
GOBP_MEMORY,3,0.674034580973798,0.0291015653237992,0.666666666666667,0.500289328631589,0.788471567300691
REACTOME_HIV_TRANSCRIPTION_ELONGATION,3,-0.673845876395602,0.0369941719281818,0.666666666666667,0.500409304862147,0.788471567300691
GOBP_IRON_ION_TRANSPORT,3,-0.673749383368426,0.0509641475886527,0.333333333333333,0.500470659929956,0.788471567300691
GOBP_AUTOPHAGY_OF_NUCLEUS,3,-0.673319733116871,0.0819936324220119,0.333333333333333,0.500743901356809,0.788660127987908
REACTOME_EPHRIN_SIGNALING,3,-0.67199895979894,0.0115376615624526,0.333333333333333,0.501584358532304,0.789741650957056
REACTOME_NEGATIVE_REGULATION_OF_MAPK_PATHWAY,3,-0.671172826977774,0.112955145011259,0.333333333333333,0.502110437003652,0.790327675283713
GOBP_NEUROTRANSMITTER_TRANSPORT,3,0.670270333589349,0.0495485154682642,0.666666666666667,0.502685475088942,0.790990379919364
KEGG_HUNTINGTONS_DISEASE,3,-0.66975709240981,0.0183126928313632,0.666666666666667,0.503012650130757,0.791262778276131
GOBP_METAPHASE_ANAPHASE_TRANSITION_OF_CELL_CYCLE,3,-0.668692437121915,-0.0682974142218441,0.666666666666667,0.503691692877355,0.792088344953489
GOBP_REGULATION_OF_HISTONE_METHYLATION,3,-0.667411803370574,0.00774721810642434,0.666666666666667,0.504509128494966,0.792926518064475
GOBP_REGULATION_OF_G_PROTEIN_COUPLED_RECEPTOR_SIGNALING_PATHWAY,3,0.667373698057426,0.0578459853665387,0.666666666666667,0.504533462039467,0.792926518064475
GOBP_REGULATION_OF_STEROID_METABOLIC_PROCESS,3,-0.666640490689334,0.0491311738522397,0.666666666666667,0.505001798967268,0.793277878423307
GOBP_HYDROGEN_PEROXIDE_METABOLIC_PROCESS,3,-0.666540103903732,0.052957712538723,0.666666666666667,0.505065938949419,0.793277878423307
REACTOME_HIV_TRANSCRIPTION_INITIATION,3,-0.666049702884796,-0.0308201343269754,0.333333333333333,0.505379331843186,0.793527437586855
GOBP_CHONDROCYTE_DIFFERENTIATION,3,-0.665751336552246,0.00370584093638081,0.333333333333333,0.505570054235921,0.793584290512131
GOBP_REGULATION_OF_HUMORAL_IMMUNE_RESPONSE,3,0.664732469406253,0.0914876174242512,0.666666666666667,0.506221622308077,0.794364268919732
GOBP_NEGATIVE_REGULATION_OF_PROTEIN_BINDING,3,-0.663746154684802,0.0527100364647103,0.333333333333333,0.506852793536822,0.795111773856175
GOBP_NEGATIVE_REGULATION_OF_OSTEOBLAST_DIFFERENTIATION,3,-0.662821467668888,-0.0744170901522013,0.666666666666667,0.507444902832783,0.795797563648602
GOBP_ENAMEL_MINERALIZATION,2,0.661453766525628,0.10733115318919,0.5,0.508321354976333,0.796134273899384
GOBP_FATTY_ACYL_COA_BIOSYNTHETIC_PROCESS,3,-0.661084783555811,-0.114575168894393,0.666666666666667,0.508557943065308,0.796134273899384
REACTOME_ION_HOMEOSTASIS,3,0.66104462821834,0.0218232656803767,0.666666666666667,0.508583693737839,0.796134273899384
GOBP_VASCULAR_ENDOTHELIAL_CELL_PROLIFERATION,3,-0.660994314313026,0.131483904911198,0.333333333333333,0.508615959825565,0.796134273899384
GOBP_CELL_CELL_ADHESION_MEDIATED_BY_CADHERIN,3,-0.660921275906649,0.0433661475534076,0.666666666666667,0.508662800946113,0.796134273899384
GOBP_ENDOCRINE_PANCREAS_DEVELOPMENT,3,0.660744733662922,0.00292234606028066,0.333333333333333,0.508776030669511,0.796134273899384
REACTOME_CHROMATIN_MODIFYING_ENZYMES,3,0.660506774483183,-0.0471869961489589,0.666666666666667,0.508928672560749,0.796134273899384
GOBP_PYRIMIDINE_RIBONUCLEOTIDE_METABOLIC_PROCESS,3,0.66048954667434,0.0566888143735457,1,0.508939724485614,0.796134273899384
GOBP_ORGANELLE_TRANSPORT_ALONG_MICROTUBULE,3,0.66017379151948,-0.0504149054168059,0.333333333333333,0.509142308923179,0.796134273899384
GOBP_TRANSITION_METAL_ION_HOMEOSTASIS,3,-0.660062558372082,0.0411180573500646,0.333333333333333,0.509213684737012,0.796134273899384
GOBP_PRODUCTION_OF_MOLECULAR_MEDIATOR_INVOLVED_IN_INFLAMMATORY_RESPONSE,3,0.659827202946088,0.0913707952298912,0.666666666666667,0.509364724305564,0.796134273899384
GOBP_ORGAN_OR_TISSUE_SPECIFIC_IMMUNE_RESPONSE,3,-0.659220542353596,0.0128658273886806,0.333333333333333,0.509754157466501,0.796500563659248
GOBP_OVULATION,3,0.658352764940868,0.0599465409400607,0.666666666666667,0.510311479899578,0.796937230631873
GOBP_METAL_ION_EXPORT,3,-0.658302215364498,-0.0281879100741979,1,0.510343954740699,0.796937230631873
REACTOME_THE_CITRIC_ACID_TCA_CYCLE_AND_RESPIRATORY_ELECTRON_TRANSPORT,3,0.657702230210027,0.0252830817742773,0.666666666666667,0.51072948901148,0.797069181648774
HALLMARK_IL6_JAK_STAT3_SIGNALING,3,-0.657687682383648,0.0308037151724859,0.333333333333333,0.510738838942001,0.797069181648774
GOBP_CHROMOSOME_SEPARATION,3,-0.657197042236361,-0.0756915455173754,0.666666666666667,0.511054227177409,0.79731911020145
GOBP_HETEROPHILIC_CELL_CELL_ADHESION_VIA_PLASMA_MEMBRANE_CELL_ADHESION_MOLECULES,3,-0.656786527969,-0.0569078392506699,0.666666666666667,0.511318187876469,0.797488676870192
REACTOME_BUDDING_AND_MATURATION_OF_HIV_VIRION,3,-0.656369113656844,0.000923432441039857,0.333333333333333,0.511586658287993,0.79766517212117
GOBP_CRANIAL_NERVE_MORPHOGENESIS,3,-0.656069734343493,-0.02017086870389,0.666666666666667,0.5117792568542,0.797723296875014
GOBP_HUMORAL_IMMUNE_RESPONSE_MEDIATED_BY_CIRCULATING_IMMUNOGLOBULIN,3,-0.655773755856299,0.0115285824382935,0.666666666666667,0.511969704770267,0.797778035103183
REACTOME_MTOR_SIGNALLING,3,-0.65351525668749,-0.00986382883690441,0.666666666666667,0.513424156947443,0.799273655529566
GOBP_NOREPINEPHRINE_TRANSPORT,3,-0.653327892331528,0.0462718666842732,0.333333333333333,0.513544914388976,0.799273655529566
GOBP_NEGATIVE_REGULATION_OF_CELL_GROWTH,3,-0.653264078774509,0.0411832226135769,0.333333333333333,0.513586045980856,0.799273655529566
KEGG_OXIDATIVE_PHOSPHORYLATION,3,0.653184936265472,0.0406211720114514,0.666666666666667,0.513637060366165,0.799273655529566
GOBP_CARDIAC_CHAMBER_DEVELOPMENT,3,0.652338527623724,0.0407712520930678,0.666666666666667,0.514182810893635,0.799273655529566
GOBP_NEGATIVE_REGULATION_OF_CALCIUM_ION_TRANSPORT_INTO_CYTOSOL,3,0.65200921523593,0.0683389742391169,1,0.514395227627876,0.799273655529566
REACTOME_SMOOTH_MUSCLE_CONTRACTION,3,-0.651917856617031,0.0267322002629654,0.666666666666667,0.51445416486203,0.799273655529566
REACTOME_TRNA_PROCESSING_IN_THE_NUCLEUS,3,0.651890261608056,-0.0725208642760258,0.333333333333333,0.514471967633012,0.799273655529566
GOBP_MUSCLE_CELL_CELLULAR_HOMEOSTASIS,3,0.651798486402315,0.0344753895038523,1,0.51453117821492,0.799273655529566
GOBP_HIGH_DENSITY_LIPOPROTEIN_PARTICLE_REMODELING,3,0.651548616235421,0.128081494165491,0.666666666666667,0.514692404824398,0.799273655529566
GOBP_VESICLE_CYTOSKELETAL_TRAFFICKING,3,-0.651546362292874,-0.0300961248567044,0.666666666666667,0.514693859281213,0.799273655529566
REACTOME_MITOTIC_G1_PHASE_AND_G1_S_TRANSITION,3,-0.651386577718128,-0.0699685002479425,0.666666666666667,0.51479697283719,0.799273655529566
HALLMARK_TNFA_SIGNALING_VIA_NFKB,3,-0.650989151690358,0.156366623911067,0.333333333333333,0.515053489762772,0.799430257909217
GOBP_DENDRITIC_SPINE_MORPHOGENESIS,3,0.650303277715487,-0.0114680752156091,0.666666666666667,0.515496340283649,0.799792581784878
GOBP_INNER_EAR_AUDITORY_RECEPTOR_CELL_DIFFERENTIATION,3,-0.65000522041692,-0.0303295677370016,1,0.515688849516709,0.799792581784878
GOBP_POSITIVE_REGULATION_OF_MEMBRANE_POTENTIAL,2,0.649809468072206,0.134618626694643,0.5,0.515815302324963,0.799792581784878
REACTOME_PROCESSING_OF_CAPPED_INTRONLESS_PRE_MRNA,3,-0.649547150332788,-0.121138779511248,0.666666666666667,0.515984780508497,0.799792581784878
GOBP_BLOOD_VESSEL_REMODELING,3,-0.649227962801048,0.0769373977568198,0.333333333333333,0.516191040063089,0.799792581784878
GOBP_REGULATION_OF_STEM_CELL_POPULATION_MAINTENANCE,3,-0.648877764735756,-0.096200402573161,0.666666666666667,0.516417387857497,0.799792581784878
KEGG_CARDIAC_MUSCLE_CONTRACTION,3,-0.648794551196672,0.0725308469437953,0.666666666666667,0.516471179845339,0.799792581784878
KEGG_TERPENOID_BACKBONE_BIOSYNTHESIS,2,-0.648699374044619,-0.120608954850225,1,0.516532709069401,0.799792581784878
GOBP_REGULATION_OF_BIOMINERALIZATION,3,-0.647561017324154,-0.00168969418160768,0.666666666666667,0.517268917497473,0.79989989078955
GOBP_REGULATION_OF_DNA_METHYLATION,3,0.646875634913823,0.056547225451256,0.666666666666667,0.517712436124486,0.79989989078955
KEGG_METABOLISM_OF_XENOBIOTICS_BY_CYTOCHROME_P450,3,0.646871150323518,0.127451007575344,0.333333333333333,0.517715338800857,0.79989989078955
GOBP_NEUROBLAST_PROLIFERATION,3,-0.646761233372499,-0.0162304769033579,0.666666666666667,0.517786485799772,0.79989989078955
GOBP_PEPTIDYL_LYSINE_ACETYLATION,3,-0.646759211652453,-0.0381251563416551,1,0.517787794465266,0.79989989078955
REACTOME_MUSCLE_CONTRACTION,3,-0.646680032716897,0.0241385075231308,0.333333333333333,0.5178390485753,0.79989989078955
GOBP_POSITIVE_REGULATION_OF_INTERFERON_BETA_PRODUCTION,3,0.646507539827776,0.0848516761344639,0.666666666666667,0.517950715761709,0.79989989078955
REACTOME_G2_M_DNA_DAMAGE_CHECKPOINT,3,0.646364419083605,-0.106777085103274,0.333333333333333,0.518043377676817,0.79989989078955
GOBP_CELL_MIGRATION_IN_HINDBRAIN,3,-0.646252744512206,0.0271888589148348,0.333333333333333,0.518115686075364,0.79989989078955
GOBP_REGULATION_OF_PROTEIN_KINASE_A_SIGNALING,3,-0.645883385090481,-0.0718956797516153,0.666666666666667,0.518354880540909,0.79989989078955
GOBP_POSITIVE_REGULATION_OF_LEUKOCYTE_APOPTOTIC_PROCESS,3,-0.645742812093975,-0.0206477761240848,0.666666666666667,0.518445929581564,0.79989989078955
GOBP_RESPONSE_TO_CATECHOLAMINE,3,0.645486021188428,0.0740631337438157,0.666666666666667,0.518612274227252,0.79989989078955
GOBP_REGULATION_OF_GTP_BINDING,2,-0.645463782235886,-0.14686175847079,0.5,0.518626681528271,0.79989989078955
GOBP_ENDOCARDIAL_CUSHION_MORPHOGENESIS,3,0.645187613189338,-0.020847346136862,0.666666666666667,0.518805612336186,0.799935642437302
REACTOME_EXTENSION_OF_TELOMERES,3,0.644669174654212,-0.0421482864315408,0.333333333333333,0.519141596424012,0.800213457152979
REACTOME_CASPASE_ACTIVATION_VIA_EXTRINSIC_APOPTOTIC_SIGNALLING_PATHWAY,3,-0.644176978495431,-0.0762864349153924,0.666666666666667,0.51946067756292,0.800465058494796
GOBP_MITOCHONDRIAL_CYTOCHROME_C_OXIDASE_ASSEMBLY,2,-0.643934561829657,-0.123033347332578,0.5,0.519617868736924,0.800467118726107
GOBP_CARDIAC_SEPTUM_MORPHOGENESIS,3,0.643295949341186,0.0314008472545583,0.666666666666667,0.520032084156193,0.800829850579463
REACTOME_TRANSCRIPTIONAL_REGULATION_BY_THE_AP_2_TFAP2_FAMILY_OF_TRANSCRIPTION_FACTORS,3,-0.643090800728228,-0.0117781026638632,0.333333333333333,0.520165183320305,0.800829850579463
GOBP_EPITHELIAL_CELL_DIFFERENTIATION_INVOLVED_IN_KIDNEY_DEVELOPMENT,3,-0.642632988393163,0.0369005325287477,0.333333333333333,0.520462272477364,0.801047117603758
GOBP_COCHLEA_MORPHOGENESIS,3,0.641276678224642,0.0319196257095306,1,0.52134293877597,0.801830128849021
REACTOME_CHONDROITIN_SULFATE_BIOSYNTHESIS,3,-0.641168679245808,0.0682386260322871,0.333333333333333,0.521413096587642,0.801830128849021
GOBP_PROTEIN_DNA_COMPLEX_ASSEMBLY,3,0.64089093294923,-0.0381655307819108,0.666666666666667,0.521593547201715,0.801830128849021
GOBP_POSITIVE_REGULATION_OF_LEUKOCYTE_MEDIATED_IMMUNITY,3,0.640887935753338,0.00919361983822209,0.666666666666667,0.521595494642636,0.801830128849021
GOBP_REGULATION_OF_HISTONE_MODIFICATION,3,-0.640377155325544,0.0353216025908373,0.333333333333333,0.521927431053954,0.802100324923133
REACTOME_SYNTHESIS_OF_VERY_LONG_CHAIN_FATTY_ACYL_COAS,3,-0.639870404828882,-0.102965965729873,0.666666666666667,0.52225685587907,0.802187631583092
GOBP_STARTLE_RESPONSE,3,0.639809247336652,0.0807554128304962,0.666666666666667,0.522296619940393,0.802187631583092
GOBP_PROTEIN_K11_LINKED_UBIQUITINATION,3,-0.639322857718246,-0.0422941206613194,1,0.522612921563058,0.802404121558924
GOBP_POLYOL_METABOLIC_PROCESS,3,0.639112056623726,-0.0129838360666152,0.666666666666667,0.522750037137103,0.802404121558924
GOBP_POSITIVE_REGULATION_OF_CELL_JUNCTION_ASSEMBLY,3,0.638287940687937,0.0256021303681435,0.666666666666667,0.523286260612154,0.802898005782005
GOBP_REGULATION_OF_NEURON_DIFFERENTIATION,3,-0.6381370850077,0.014002804851314,0.333333333333333,0.523384447694344,0.802898005782005
GOBP_POSITIVE_REGULATION_OF_DOUBLE_STRAND_BREAK_REPAIR,3,-0.636882231093149,-0.121816064849301,0.666666666666667,0.524201557730035,0.803911376680041
REACTOME_NOTCH3_INTRACELLULAR_DOMAIN_REGULATES_TRANSCRIPTION,3,0.635804014084793,0.0943469150093595,0.666666666666667,0.524904170820668,0.804604792304338
GOBP_SYNAPSE_ASSEMBLY,3,0.63513862453058,-0.0148347356585983,0.666666666666667,0.525338008044078,0.804604792304338
GOBP_POSITIVE_REGULATION_OF_SMALL_GTPASE_MEDIATED_SIGNAL_TRANSDUCTION,3,-0.635024213487649,-0.0213208700362525,0.666666666666667,0.52541262308039,0.804604792304338
REACTOME_PURINERGIC_SIGNALING_IN_LEISHMANIASIS_INFECTION,3,0.634964459998123,0.0941849943003067,0.666666666666667,0.525451594452754,0.804604792304338
GOBP_RESPONSE_TO_GROWTH_HORMONE,3,-0.63455542875169,0.0710879425360723,0.333333333333333,0.525718405334662,0.804604792304338
REACTOME_DOWNSTREAM_SIGNALING_OF_ACTIVATED_FGFR4,3,-0.63432870617808,0.00989882093571585,0.666666666666667,0.525866326195246,0.804604792304338
GOBP_INTERMEDIATE_FILAMENT_BASED_PROCESS,3,0.634137659336094,-0.0127223910412997,0.666666666666667,0.525990987615629,0.804604792304338
GOBP_REGULATION_OF_ADAPTIVE_IMMUNE_RESPONSE,3,0.633952632988209,0.0583065947877124,0.666666666666667,0.526111734955079,0.804604792304338
REACTOME_METABOLISM_OF_NUCLEOTIDES,3,0.633721586192335,0.0444263672619388,0.666666666666667,0.526262534912742,0.804604792304338
KEGG_DRUG_METABOLISM_CYTOCHROME_P450,3,0.633566938677072,0.113102087167028,0.666666666666667,0.526363482813862,0.804604792304338
GOBP_POSITIVE_REGULATION_OF_EXOSOMAL_SECRETION,3,0.633327644863695,0.098959527709792,0.666666666666667,0.526519704029508,0.804604792304338
GOBP_POSITIVE_REGULATION_OF_EPITHELIAL_CELL_MIGRATION,3,-0.632696654269494,0.0399351346520131,0.333333333333333,0.526931755142747,0.804604792304338
GOBP_RECOMBINATIONAL_REPAIR,3,-0.632693500017461,-0.0892660517622338,0.666666666666667,0.526933815353967,0.804604792304338
GOBP_POSITIVE_REGULATION_OF_RESPONSE_TO_BIOTIC_STIMULUS,3,0.632548491418858,0.0387670424688698,0.666666666666667,0.527028532688106,0.804604792304338
GOBP_ENTRAINMENT_OF_CIRCADIAN_CLOCK,3,-0.632339895645605,0.0765074843435532,0.666666666666667,0.527164799402056,0.804604792304338
REACTOME_TERMINATION_OF_O_GLYCAN_BIOSYNTHESIS,3,-0.632271424845212,0.0170239285336441,0.666666666666667,0.527209532371715,0.804604792304338
GOBP_INNER_MITOCHONDRIAL_MEMBRANE_ORGANIZATION,3,0.63191871347582,-0.0528112161996278,0.333333333333333,0.527439994518795,0.804604792304338
GOBP_MEMBRANE_BIOGENESIS,3,0.631867310472226,0.021178428946804,1,0.527473585609172,0.804604792304338
GOBP_REGULATION_OF_ESTABLISHMENT_OF_PLANAR_POLARITY,3,-0.63101840235139,-0.01985831715898,0.666666666666667,0.528028492063537,0.805212094785726
REACTOME_ACTIVATION_OF_BAD_AND_TRANSLOCATION_TO_MITOCHONDRIA,2,-0.6302645483404,-0.0578381915811461,1,0.528521513683896,0.805724694057729
REACTOME_GLYCOGEN_STORAGE_DISEASES,3,-0.629901352494998,0.0959781868549153,0.333333333333333,0.528759127940832,0.805847739200033
GOBP_POSITIVE_REGULATION_OF_CALCIUM_ION_TRANSPORT_INTO_CYTOSOL,3,-0.629201098620331,-0.00894472647265471,0.666666666666667,0.529217409709146,0.806149739221092
GOBP_CELL_PROLIFERATION_IN_HINDBRAIN,3,0.629118916229584,0.0927316058948811,0.666666666666667,0.529271207292353,0.806149739221092
GOBP_MORPHOGENESIS_OF_AN_EPITHELIAL_SHEET,3,-0.628649917619042,-0.06813837323876,0.666666666666667,0.529578272658121,0.806378300732911
GOBP_ATP_SYNTHESIS_COUPLED_ELECTRON_TRANSPORT,3,0.62816643195463,0.0261164805526866,0.666666666666667,0.529894917853395,0.806621309453183
GOBP_MRNA_METHYLATION,2,-0.627766974768334,-0.0721673420983703,1,0.530156603547896,0.806780538021331
GOBP_POSITIVE_CHEMOTAXIS,3,-0.626573607392791,0.0522459485274799,0.333333333333333,0.530938773182965,0.807229642895249
GOBP_RESPONSE_TO_SALT,3,0.626496724316672,0.0466354952658805,1,0.530989184780881,0.807229642895249
GOBP_POSITIVE_REGULATION_OF_TRANSLATIONAL_INITIATION,3,-0.626426201542861,-0.0671730069486593,0.666666666666667,0.53103542811634,0.807229642895249
GOBP_CELLULAR_RESPONSE_TO_PEPTIDE_HORMONE_STIMULUS,3,-0.62635761217398,0.0141709877626271,0.333333333333333,0.531080405635328,0.807229642895249
REACTOME_REGULATION_OF_TLR_BY_ENDOGENOUS_LIGAND,3,-0.626023326826103,-0.0498846414124449,0.666666666666667,0.53129964110489,0.807323951690744
GOBP_HORMONE_MEDIATED_SIGNALING_PATHWAY,3,-0.624883600345117,0.0302118886628515,0.333333333333333,0.53204745652315,0.808221158445104
KEGG_SPHINGOLIPID_METABOLISM,3,0.624190560549837,-0.0218751198788503,0.333333333333333,0.532502445310249,0.808673139891615
REACTOME_MAPK6_MAPK4_SIGNALING,3,0.623730763065827,0.00927466054799945,0.666666666666667,0.53280441641363,0.808681700722122
REACTOME_TRIGLYCERIDE_METABOLISM,3,0.623535976786882,-0.00218730427670712,0.666666666666667,0.53293236804447,0.808681700722122
GOBP_CELL_CYCLE_CHECKPOINT_SIGNALING,3,-0.623462795822923,-0.0673489217103457,0.666666666666667,0.532980443330293,0.808681700722122
GOBP_DNA_METHYLATION_INVOLVED_IN_GAMETE_GENERATION,2,0.622937891208072,0.0647015058249374,0.5,0.533325336896725,0.808896068867971
REACTOME_CELL_DEATH_SIGNALLING_VIA_NRAGE_NRIF_AND_NADE,3,0.622768412911956,0.0810151247134699,0.666666666666667,0.533436718313048,0.808896068867971
GOBP_POSITIVE_REGULATION_OF_SYNCYTIUM_FORMATION_BY_PLASMA_MEMBRANE_FUSION,3,0.621870850453556,0.0749259335661503,0.666666666666667,0.534026793800927,0.809231263644542
GOBP_TRNA_5_END_PROCESSING,2,-0.621539292605174,-0.095128347557183,1,0.534244849895858,0.809231263644542
GOBP_PHOSPHATIDIC_ACID_METABOLIC_PROCESS,3,0.620986613488265,0.028542521533892,1,0.534608430997576,0.809231263644542
GOBP_CELLULAR_RESPONSE_TO_VITAMIN_D,3,-0.620815919458289,-0.0340004403847848,0.666666666666667,0.534720747647164,0.809231263644542
GOBP_CELL_RECOGNITION,3,0.620430982828857,0.0200148404646944,0.666666666666667,0.534974079583812,0.809231263644542
GOBP_EXOCYTIC_PROCESS,3,0.620236700634732,0.0177726561348369,0.666666666666667,0.535101962268763,0.809231263644542
GOBP_SYNAPTIC_MEMBRANE_ADHESION,3,0.620066346466804,-0.0703173405922481,0.666666666666667,0.535214107450926,0.809231263644542
REACTOME_ELEVATION_OF_CYTOSOLIC_CA2_LEVELS,3,0.619937664872455,0.147986392240147,0.666666666666667,0.535298827179353,0.809231263644542
GOBP_RESPONSE_TO_PROSTAGLANDIN,3,-0.619418289402789,-0.0303310719668085,0.666666666666667,0.535640835584309,0.809231263644542
GOBP_POSITIVE_REGULATION_OF_TYPE_I_INTERFERON_PRODUCTION,3,0.619384479223587,0.0501626635394195,0.666666666666667,0.535663103380703,0.809231263644542
REACTOME_METABOLISM_OF_CARBOHYDRATES,3,-0.6193744900801,0.0288469750217833,0.666666666666667,0.535669682441679,0.809231263644542
GOBP_ENDOSOMAL_TRANSPORT,3,-0.619216014745839,0.0109333612214186,0.333333333333333,0.535774063090618,0.809231263644542
REACTOME_ABC_TRANSPORTERS_IN_LIPID_HOMEOSTASIS,3,-0.619075519269997,0.0400955243479986,0.666666666666667,0.535866609773248,0.809231263644542
GOBP_REGULATION_OF_CHROMATIN_ASSEMBLY_OR_DISASSEMBLY,3,-0.61880993383149,-0.0429912151331956,1,0.536041577263621,0.809231263644542
GOBP_POSITIVE_REGULATION_OF_LIPID_TRANSPORT,3,-0.61844224734796,0.0784678463280883,0.333333333333333,0.536283856311441,0.809231263644542
GOBP_ATP_BIOSYNTHETIC_PROCESS,3,-0.618395033196256,0.0180087637644176,0.666666666666667,0.536314971046773,0.809231263644542
GOBP_DENDRITE_SELF_AVOIDANCE,2,0.618362673527971,0.113923902774089,0.5,0.536336297010518,0.809231263644542
GOBP_PLASMA_LIPOPROTEIN_PARTICLE_CLEARANCE,3,-0.61804521017334,-0.0619763162491782,0.666666666666667,0.536545537232854,0.809309215632287
GOBP_LIGAND_GATED_ION_CHANNEL_SIGNALING_PATHWAY,3,0.617657247589365,0.00791908793474099,0.666666666666667,0.536801299271302,0.809457273358018
GOBP_TOLL_LIKE_RECEPTOR_9_SIGNALING_PATHWAY,2,-0.617162270119355,-0.0314743906161663,0.5,0.537127699225341,0.809711729739169
GOBP_POSITIVE_REGULATION_OF_IMMUNE_EFFECTOR_PROCESS,3,0.616886317483798,0.0347548180533419,0.666666666666667,0.537309712276925,0.809748439628605
GOBP_POSITIVE_REGULATION_OF_SYNAPTIC_TRANSMISSION,3,0.616068286179445,0.0520414195084286,0.666666666666667,0.537849452040172,0.81032407910775
REACTOME_NEGATIVE_REGULATION_OF_NMDA_RECEPTOR_MEDIATED_NEURONAL_TRANSMISSION,3,0.615708213097194,0.00427369080721616,0.666666666666667,0.538087115703067,0.810444406525206
REACTOME_DAP12_SIGNALING,3,-0.614861493297318,-0.116378802699814,0.666666666666667,0.53864619467046,0.81078766902645
GOBP_CELLULAR_RESPONSE_TO_ACIDIC_PH,2,0.614700764905422,0.0917213048949357,0.5,0.538752354593159,0.81078766902645
GOBP_ENDOSOME_TO_LYSOSOME_TRANSPORT,3,0.614645873124453,0.0550562183704698,1,0.538788612614345,0.81078766902645
GOBP_PYRIDINE_NUCLEOTIDE_METABOLIC_PROCESS,3,0.614107421333473,0.065685470319981,0.666666666666667,0.539144344485246,0.810875145351903
GOBP_LEUKOTRIENE_BIOSYNTHETIC_PROCESS,2,0.613827334446237,0.0516302516411471,1,0.539329432328605,0.810875145351903
GOBP_CELLULAR_METABOLIC_COMPOUND_SALVAGE,3,0.613753838359148,0.091744609145098,0.666666666666667,0.539378005501146,0.810875145351903
GOBP_REGULATION_OF_CHOLESTEROL_BIOSYNTHETIC_PROCESS,3,-0.613602145379418,0.0141418169089472,0.666666666666667,0.539478265511576,0.810875145351903
GOBP_CELLULAR_OXIDANT_DETOXIFICATION,3,-0.613132692568317,0.0292131178795145,0.666666666666667,0.539788604940676,0.810995612531417
GOBP_PROTEIN_HYDROXYLATION,3,-0.613003204231764,0.0771166770848969,0.333333333333333,0.539874221036783,0.810995612531417
GOBP_POSITIVE_REGULATION_OF_ALCOHOL_BIOSYNTHETIC_PROCESS,3,0.612585964625049,0.0623739410299362,0.666666666666667,0.540150140961198,0.811172843268044
GOBP_PEPTIDYL_CYSTEINE_MODIFICATION,3,0.611007234489437,0.0095928418827387,0.666666666666667,0.541194790913068,0.812149493900926
GOBP_NUCLEOSIDE_CATABOLIC_PROCESS,3,0.610825679499851,0.0374582398074953,1,0.541314991002788,0.812149493900926
GOBP_B_CELL_DIFFERENTIATION,3,-0.610620228897423,-0.0139074057066884,0.666666666666667,0.541451027472634,0.812149493900926
GOBP_BIOMINERALIZATION,3,-0.610414595834124,0.00549184940344261,0.666666666666667,0.541587201846495,0.812149493900926
GOBP_POSITIVE_REGULATION_OF_PROTEIN_DEPHOSPHORYLATION,3,-0.610408672382189,0.0730850972187983,0.666666666666667,0.541591124729492,0.812149493900926
GOBP_PTERIDINE_CONTAINING_COMPOUND_METABOLIC_PROCESS,3,0.609917299421156,-0.0364535510518946,0.666666666666667,0.541916592239355,0.812400355441135
KEGG_LEISHMANIA_INFECTION,3,0.60955833352884,0.094268489699064,0.666666666666667,0.542154419810012,0.8125197257497
GOBP_NEGATIVE_REGULATION_OF_PROTEIN_SECRETION,3,-0.607823098336478,0.0181989851830215,0.333333333333333,0.543304807878507,0.813475809876274
GOBP_REGULATION_OF_GLYCOLYTIC_PROCESS,3,-0.607782252545301,0.00303949507911981,0.333333333333333,0.54333190155568,0.813475809876274
GOBP_OOCYTE_MATURATION,3,-0.607655521961181,-0.00111415662287931,0.666666666666667,0.54341596829274,0.813475809876274
GOBP_RESPONSE_TO_REACTIVE_OXYGEN_SPECIES,3,-0.607640526702217,0.050982677571013,0.333333333333333,0.543425915826615,0.813475809876274
REACTOME_AMINE_LIGAND_BINDING_RECEPTORS,3,0.607261181703098,0.0652782371505265,1,0.543677595326543,0.813588596059296
KEGG_FC_GAMMA_R_MEDIATED_PHAGOCYTOSIS,3,-0.607049476105971,0.0138167331430587,0.333333333333333,0.543818078323903,0.813588596059296
GOBP_POSITIVE_REGULATION_OF_LEUKOCYTE_CHEMOTAXIS,3,-0.606750046638091,0.0614726183383239,0.333333333333333,0.544016803704583,0.813648894533122
GOBP_POSITIVE_REGULATION_OF_LONG_TERM_SYNAPTIC_POTENTIATION,3,0.604663653172778,-0.014241714586679,0.666666666666667,0.545402503250205,0.81527143217788
GOBP_NEGATIVE_REGULATION_OF_BLOOD_CIRCULATION,3,0.60463863805924,0.126549890852081,0.666666666666667,0.545419127913395,0.81527143217788
REACTOME_CONSTITUTIVE_SIGNALING_BY_ABERRANT_PI3K_IN_CANCER,3,0.604254239927944,0.0507468148407981,0.666666666666667,0.545674624668753,0.815416023363024
GOBP_REGULATION_OF_HOMOTYPIC_CELL_CELL_ADHESION,3,-0.603801995145574,-0.0231142597507913,0.666666666666667,0.545975292843062,0.815628011646878
GOBP_PLASMA_MEMBRANE_REPAIR,3,-0.603543594854368,0.119256412053143,0.333333333333333,0.546147123273803,0.815647462964307
GOBP_CATECHOLAMINE_SECRETION,3,-0.602586142758515,0.095502878668725,0.333333333333333,0.546784041130845,0.816361289316284
GOBP_NEGATIVE_REGULATION_OF_PEPTIDASE_ACTIVITY,3,-0.60073773840132,0.0307662206051598,0.333333333333333,0.548014679173125,0.817960881206966
GOBP_NEGATIVE_REGULATION_OF_NUCLEOCYTOPLASMIC_TRANSPORT,3,-0.599739030660646,-0.0333210843614094,0.666666666666667,0.548680171924386,0.818441626983096
GOBP_RIG_I_SIGNALING_PATHWAY,3,0.599553617019588,0.0790566028107369,0.666666666666667,0.548803766915148,0.818441626983096
GOBP_TOLERANCE_INDUCTION,3,0.59953702254073,0.0587200555749813,0.666666666666667,0.548814829308759,0.818441626983096
REACTOME_PHOSPHOLIPASE_C_MEDIATED_CASCADE_FGFR4,2,0.598162803427543,0.177157849869017,0.5,0.549731308093459,0.819527481787614
GOBP_DOUBLE_STRAND_BREAK_REPAIR_VIA_NONHOMOLOGOUS_END_JOINING,3,0.597775201059258,-0.0621170021086263,0.333333333333333,0.549989939826478,0.819527481787614
GOBP_TROPHECTODERMAL_CELL_DIFFERENTIATION,3,-0.597727674002686,-0.0227681002519232,0.333333333333333,0.550021656877318,0.819527481787614
GOBP_LYMPHOCYTE_COSTIMULATION,3,-0.597057856322489,0.0537332775891295,0.333333333333333,0.550468753680745,0.819708279981506
REACTOME_ACTIVATION_OF_THE_PRE_REPLICATIVE_COMPLEX,3,-0.59657933673986,-0.178981194843623,0.666666666666667,0.550788270385889,0.819708279981506
GOBP_NEGATIVE_REGULATION_OF_TRANSPORTER_ACTIVITY,3,0.596319645331906,0.0123801482226463,0.666666666666667,0.550961709512314,0.819708279981506
GOBP_ESTROGEN_METABOLIC_PROCESS,3,-0.595845926101152,-0.016803716253158,0.666666666666667,0.551278159782057,0.819708279981506
GOBP_EXTRACELLULAR_MATRIX_DISASSEMBLY,3,0.595802373822655,0.0831938468520669,0.666666666666667,0.551307257724332,0.819708279981506
GOBP_REGULATION_OF_CARDIAC_CONDUCTION,3,-0.595615157737439,-0.0324886834670989,1,0.551432348248088,0.819708279981506
GOBP_NEURON_MIGRATION,3,0.595067807328771,-0.0314174906860862,0.666666666666667,0.551798146551185,0.819708279981506
GOBP_SKIN_DEVELOPMENT,3,0.594934544232396,0.0267513490378615,1,0.551887225299385,0.819708279981506
GOBP_NEGATIVE_REGULATION_OF_RESPONSE_TO_ENDOPLASMIC_RETICULUM_STRESS,3,-0.594748238541968,0.0733767928979279,0.333333333333333,0.552011771822724,0.819708279981506
GOBP_REGULATION_OF_ESTABLISHMENT_OF_PROTEIN_LOCALIZATION_TO_MITOCHONDRION,3,0.594571737802358,0.0750048674840874,0.666666666666667,0.552129776405706,0.819708279981506
GOBP_RESPONSE_TO_ANTIBIOTIC,3,-0.594461302195229,-0.0477430602376828,0.666666666666667,0.552203617566534,0.819708279981506
KEGG_PROPANOATE_METABOLISM,3,-0.594353799995371,-0.026656638972844,0.666666666666667,0.552275502003672,0.819708279981506
GOBP_PROSTAGLANDIN_TRANSPORT,3,0.594250860390443,0.0589710089949309,1,0.552344339835399,0.819708279981506
GOBP_ACTIVATION_OF_CYSTEINE_TYPE_ENDOPEPTIDASE_ACTIVITY_INVOLVED_IN_APOPTOTIC_PROCESS,3,-0.594006877178609,0.0316081776035878,0.666666666666667,0.552507513246708,0.819708279981506
GOBP_REGULATION_OF_OSSIFICATION,3,0.5939067761144,0.0200285629118502,0.333333333333333,0.552574466630226,0.819708279981506
REACTOME_RESOLUTION_OF_AP_SITES_VIA_THE_MULTIPLE_NUCLEOTIDE_PATCH_REPLACEMENT_PATHWAY,3,-0.593567648743548,-0.111733835032504,0.666666666666667,0.552801324221087,0.819708279981506
GOBP_GLYCINE_METABOLIC_PROCESS,2,-0.593485614440072,0.0047235974696728,0.5,0.552856207526468,0.819708279981506
GOBP_ICOSANOID_BIOSYNTHETIC_PROCESS,3,0.59293657975021,0.0453634635120815,0.666666666666667,0.553223596280691,0.82001627431389
GOBP_PEPTIDYL_L_CYSTEINE_S_PALMITOYLATION,2,0.592164935189165,0.0552319048607503,1,0.553740147506322,0.820545123367706
GOBP_VESICLE_MEDIATED_TRANSPORT_IN_SYNAPSE,3,-0.591669464550498,0.0280249525691481,0.333333333333333,0.554071947961965,0.820799978290353
GOBP_OSTEOBLAST_DEVELOPMENT,3,0.591354346500236,0.0323749605884721,1,0.554283022811739,0.82087589537517
GOBP_POSITIVE_REGULATION_OF_NEUROTRANSMITTER_SECRETION,3,0.590823132735961,-0.0176244504775521,0.666666666666667,0.554638933633977,0.821111889582728
GOBP_POSITIVE_REGULATION_OF_TRANSCRIPTION_FROM_RNA_POLYMERASE_II_PROMOTER_IN_RESPONSE_TO_STRESS,3,0.5906063163194,-0.0473490071649762,0.666666666666667,0.554784231762737,0.821111889582728
GOBP_CELL_DIFFERENTIATION_INVOLVED_IN_KIDNEY_DEVELOPMENT,3,-0.590184459406209,0.0302021121186272,0.333333333333333,0.555066989781301,0.821111889582728
GOBP_REGULATION_OF_NIK_NF_KAPPAB_SIGNALING,3,0.590152242790504,0.0472899287801489,0.666666666666667,0.5550885865054,0.821111889582728
GOBP_HOMOPHILIC_CELL_ADHESION_VIA_PLASMA_MEMBRANE_ADHESION_MOLECULES,3,-0.58992379113263,-0.00188239368792337,0.666666666666667,0.555241743092059,0.821111889582728
GOBP_LYMPH_NODE_DEVELOPMENT,3,0.589632929946692,0.122077860991634,0.333333333333333,0.555436769605731,0.821163859727989
GOBP_PROTEIN_ACETYLATION,3,-0.589163993333358,-0.0460201580400116,0.666666666666667,0.555751268630295,0.821392378614444
REACTOME_INTERLEUKIN_2_FAMILY_SIGNALING,3,-0.588853416918278,0.0208861598869725,0.333333333333333,0.555959608970145,0.821463910146912
GOBP_ENDOCHONDRAL_BONE_MORPHOGENESIS,3,0.588481308097541,0.0554746085866566,0.666666666666667,0.556209276549908,0.821596446465437
GOBP_WOUND_HEALING_SPREADING_OF_EPIDERMAL_CELLS,3,0.5875865899208,-0.0638081792032032,0.666666666666667,0.556809814264764,0.821868056229644
GOBP_NCRNA_3_END_PROCESSING,3,0.587475168357465,-0.0828695210120896,0.333333333333333,0.556884622894981,0.821868056229644
GOBP_NEUTROPHIL_HOMEOSTASIS,3,0.587283105451543,0.116806032587351,0.666666666666667,0.557013585757375,0.821868056229644
GOBP_POSITIVE_REGULATION_OF_ANTIGEN_RECEPTOR_MEDIATED_SIGNALING_PATHWAY,3,-0.587179312048002,-0.00211088582647577,0.666666666666667,0.55708328509537,0.821868056229644
KEGG_GLYCOSAMINOGLYCAN_BIOSYNTHESIS_CHONDROITIN_SULFATE,3,-0.58701555813487,0.0314881614104789,0.666666666666667,0.55719325774759,0.821868056229644
REACTOME_DEGRADATION_OF_AXIN,3,0.586674122830929,-0.0122353475677141,0.333333333333333,0.557422590364449,0.821970262449558
GOBP_CELLULAR_RESPONSE_TO_OXYGEN_LEVELS,3,-0.585957535977492,0.0109931189962034,0.333333333333333,0.557904051237002,0.822378520904531
GOBP_VISUAL_BEHAVIOR,3,-0.58578546367253,0.0148498159999373,0.333333333333333,0.558019693409714,0.822378520904531
GOBP_NEGATIVE_REGULATION_OF_RESPONSE_TO_REACTIVE_OXYGEN_SPECIES,2,0.585447967751029,-0.0190357624864501,0.5,0.558246543317855,0.82247683490548
GOBP_POSITIVE_REGULATION_OF_ACTIN_NUCLEATION,2,0.584870754575532,0.00106782329227023,0.5,0.558634624500926,0.822555932312738
GOBP_NEGATIVE_REGULATION_OF_NEURON_PROJECTION_REGENERATION,2,-0.584765186019362,-0.0410175992665995,1,0.558705616216009,0.822555932312738
GOBP_DETECTION_OF_LIGHT_STIMULUS_INVOLVED_IN_SENSORY_PERCEPTION,2,0.584556388015481,0.0803706733462075,0.5,0.558846039571053,0.822555932312738
KEGG_GLYCEROPHOSPHOLIPID_METABOLISM,3,0.584415427629632,0.0537973878345361,0.666666666666667,0.558940849643975,0.822555932312738
REACTOME_PTEN_REGULATION,3,-0.584060869134142,-0.0102516395596529,0.666666666666667,0.559179360512038,0.822671210423898
GOBP_STRESS_GRANULE_ASSEMBLY,3,-0.583496527944352,-0.156231873712963,0.666666666666667,0.559559093700014,0.822772362838308
GOBP_POSITIVE_REGULATION_OF_PEPTIDE_SECRETION,3,-0.583305335696643,-0.00251700466495853,0.666666666666667,0.559687771264729,0.822772362838308
GOBP_REGULATION_OF_CELLULAR_KETONE_METABOLIC_PROCESS,3,0.583187655414932,0.0703036778598695,0.666666666666667,0.559766980419275,0.822772362838308
GOBP_FUCOSE_METABOLIC_PROCESS,2,0.583006531318003,0.00308904434857463,0.5,0.559888903450134,0.822772362838308
GOBP_GLOMERULAR_MESANGIUM_DEVELOPMENT,3,0.582335650013909,0.0285342241128601,0.666666666666667,0.560340616919864,0.823132999830801
GOBP_REGULATION_OF_CALCIUM_ION_TRANSPORT_INTO_CYTOSOL,3,-0.582166036121562,0.011202864839605,0.333333333333333,0.560454848210341,0.823132999830801
REACTOME_NON_INTEGRIN_MEMBRANE_ECM_INTERACTIONS,3,-0.581585150195355,0.0026758793951556,0.333333333333333,0.560846147781094,0.823244940698985
GOBP_PHOSPHATIDYLINOSITOL_METABOLIC_PROCESS,3,0.581531943778697,-0.0187559793180923,0.333333333333333,0.560881995591134,0.823244940698985
GOBP_POSITIVE_T_CELL_SELECTION,3,-0.581339099179069,0.0213107402666959,0.666666666666667,0.561011933887548,0.823244940698985
GOBP_REGULATION_OF_MUSCLE_CONTRACTION,3,0.580920256308882,0.0777552697775292,0.666666666666667,0.561294199532085,0.823423881404396
GOBP_TROPHOBLAST_GIANT_CELL_DIFFERENTIATION,2,0.580245619962942,-0.0288125279352812,0.5,0.561748993345856,0.823855748093751
REACTOME_INITIAL_TRIGGERING_OF_COMPLEMENT,3,0.577976569406003,0.0670891026663118,0.666666666666667,0.563279938300125,0.825687097980934
GOBP_PURINE_NUCLEOTIDE_TRANSPORT,3,-0.577726776199595,-0.00980022049733251,0.666666666666667,0.563448598454415,0.825687097980934
GOBP_POSITIVE_REGULATION_OF_TOLL_LIKE_RECEPTOR_SIGNALING_PATHWAY,3,0.577680273546298,0.064074253622366,0.666666666666667,0.563479999692986,0.825687097980934
GOBP_PHOSPHATIDYLINOSITOL_3_KINASE_SIGNALING,3,-0.577281099483433,-0.0320085441428241,0.666666666666667,0.563749579436485,0.825846503133425
GOBP_RESPONSE_TO_BMP,3,-0.576809487631714,-0.0170961094746199,0.666666666666667,0.564068159654431,0.82603139106589
GOBP_BODY_FLUID_SECRETION,3,0.576530202054024,0.0455879157368158,1,0.56425686172488,0.82603139106589
GOBP_REGULATION_OF_SYSTEMIC_ARTERIAL_BLOOD_PRESSURE,3,-0.576231644645297,0.0181097052269906,0.333333333333333,0.564458618602999,0.82603139106589
REACTOME_DIGESTION_AND_ABSORPTION,3,-0.57597965481699,-0.0907088992110501,0.666666666666667,0.564628933406276,0.82603139106589
GOBP_POSITIVE_REGULATION_OF_MUSCLE_CELL_APOPTOTIC_PROCESS,3,0.57553250111879,0.0681473061676725,0.666666666666667,0.564931216353623,0.82603139106589
GOBP_L_ALPHA_AMINO_ACID_TRANSMEMBRANE_TRANSPORT,3,0.575497923772975,0.0377613830648002,0.666666666666667,0.564954594425642,0.82603139106589
GOBP_HYDROGEN_PEROXIDE_BIOSYNTHETIC_PROCESS,2,0.575428385192247,0.103486257153955,0.5,0.565001611529297,0.82603139106589
GOBP_PROTEIN_LOCALIZATION_TO_CELL_SURFACE,3,-0.574898825518195,0.0699360287253034,0.333333333333333,0.565359724289928,0.826152127823771
GOBP_PHOSPHOLIPASE_C_ACTIVATING_G_PROTEIN_COUPLED_RECEPTOR_SIGNALING_PATHWAY,3,0.574615467371682,0.0731251994806967,0.666666666666667,0.565551388970402,0.826152127823771
GOBP_POSITIVE_REGULATION_OF_RELEASE_OF_CYTOCHROME_C_FROM_MITOCHONDRIA,3,-0.574592744157926,0.0499971026197757,0.666666666666667,0.565566760402722,0.826152127823771
GOBP_AORTA_DEVELOPMENT,3,-0.573316238662264,0.0388959149104547,0.333333333333333,0.566430592367477,0.827016834611288
GOBP_CARDIAC_MUSCLE_TISSUE_DEVELOPMENT,3,-0.573242121711964,0.0101694422304507,0.333333333333333,0.566480767944414,0.827016834611288
GOBP_FEMALE_SEX_DIFFERENTIATION,3,-0.572003702105122,0.00451701512781597,0.666666666666667,0.567319466573897,0.828005905178612
REACTOME_DUAL_INCISION_IN_GG_NER,3,-0.571182222078103,-0.0591013124221259,0.666666666666667,0.567876127884837,0.828259252872332
GOBP_PROTEIN_DEMETHYLATION,3,-0.571084194188253,-0.0472461744666391,0.666666666666667,0.567942572191626,0.828259252872332
GOBP_MITOTIC_RECOMBINATION,3,-0.571033628669351,-0.048821111856943,1,0.567976847472032,0.828259252872332
GOBP_REGULATION_OF_MEMBRANE_INVAGINATION,2,0.570139537345229,0.046557004366518,1,0.568583060843819,0.828682655592775
GOBP_HISTONE_H3_K27_METHYLATION,3,0.569753645295893,-0.00586266880012296,0.666666666666667,0.56884479956273,0.828682655592775
REACTOME_BASIGIN_INTERACTIONS,3,0.569694741316174,0.040313833860178,1,0.568884757385809,0.828682655592775
REACTOME_TRANSCRIPTION_OF_THE_HIV_GENOME,3,-0.569568299679721,-0.0044694845888876,0.666666666666667,0.568970534260303,0.828682655592775
GOBP_PROSTATE_GLAND_DEVELOPMENT,3,0.56941589234371,0.0135288398659304,0.666666666666667,0.569073934243714,0.828682655592775
GOBP_CELL_FATE_COMMITMENT,3,0.568643806557752,0.030541608260847,1,0.569597889772157,0.829210533409807
GOBP_POSITIVE_REGULATION_OF_VOLTAGE_GATED_POTASSIUM_CHANNEL_ACTIVITY,2,0.568176680846381,0.00922499500875645,0.5,0.569915003968331,0.829437081434216
GOBP_CAMERA_TYPE_EYE_PHOTORECEPTOR_CELL_DIFFERENTIATION,3,-0.56784366818564,-0.0349513438742856,0.666666666666667,0.57014112522166,0.82953111023752
REACTOME_BIOLOGICAL_OXIDATIONS,3,0.567209461828821,0.00864108761347994,0.666666666666667,0.570571880367004,0.829922735079278
GOBP_IMMUNOGLOBULIN_PRODUCTION_INVOLVED_IN_IMMUNOGLOBULIN_MEDIATED_IMMUNE_RESPONSE,3,0.566881711307596,0.0207447638526851,0.666666666666667,0.570794550401258,0.830011554603868
GOBP_NEGATIVE_REGULATION_OF_ION_TRANSPORT,3,0.566392498226847,0.0227843393743158,1,0.571126993255656,0.830060196017548
GOBP_NEGATIVE_REGULATION_OF_LYMPHOCYTE_MEDIATED_IMMUNITY,3,-0.566356833027568,0.033824538504731,0.333333333333333,0.571151233007401,0.830060196017548
GOBP_POSITIVE_REGULATION_OF_POSTTRANSCRIPTIONAL_GENE_SILENCING,3,0.565253217100602,0.0524746663476186,0.666666666666667,0.571901544334897,0.830543250338385
GOBP_GROWTH_PLATE_CARTILAGE_DEVELOPMENT,3,-0.565223849056073,0.00714000798044895,0.333333333333333,0.571921517078219,0.830543250338385
GOBP_REGULATION_OF_RELEASE_OF_SEQUESTERED_CALCIUM_ION_INTO_CYTOSOL,3,-0.56515440615991,-0.00116593606067339,0.666666666666667,0.57196874541411,0.830543250338385
GOBP_RESPONSE_TO_TOPOLOGICALLY_INCORRECT_PROTEIN,3,-0.564711974298889,-0.0117520475142086,0.666666666666667,0.572269688256188,0.830744776481362
KEGG_PROXIMAL_TUBULE_BICARBONATE_RECLAMATION,3,0.564313715808346,0.040354749391347,0.666666666666667,0.572540648615596,0.830744776481362
GOBP_LOW_DENSITY_LIPOPROTEIN_PARTICLE_CLEARANCE,3,-0.564182553050894,-0.0657752109690199,0.666666666666667,0.572629900242007,0.830744776481362
GOBP_REGULATION_OF_TOLL_LIKE_RECEPTOR_SIGNALING_PATHWAY,3,-0.563999418989878,0.0786529944558019,0.333333333333333,0.572754527554615,0.830744776481362
GOBP_STEROL_METABOLIC_PROCESS,3,0.562783214330611,0.0529297404708587,0.666666666666667,0.573582511753827,0.831701465635645
GOBP_G1_TO_G0_TRANSITION,3,0.56255493602968,-0.00141901325199329,0.333333333333333,0.573737985347954,0.831701465635645
GOBP_ORGANIC_ACID_CATABOLIC_PROCESS,3,0.562178033343403,-0.0137520993860297,0.333333333333333,0.573994726308072,0.831837361700358
GOBP_REGULATION_OF_MITOTIC_NUCLEAR_DIVISION,3,-0.561714361711227,-0.0011378486805489,0.666666666666667,0.574310647720936,0.831837361700358
GOBP_INTERLEUKIN_17_PRODUCTION,3,-0.561704133348598,-0.0558099872182475,0.666666666666667,0.574317617716018,0.831837361700358
HALLMARK_MTORC1_SIGNALING,3,-0.560871588461801,-0.0476819793500435,0.666666666666667,0.574885079686447,0.83225922429049
GOBP_SPHINGOID_METABOLIC_PROCESS,2,-0.560801346320552,-0.116626055324838,0.5,0.574932968805034,0.83225922429049
GOBP_MORPHOGENESIS_OF_A_BRANCHING_STRUCTURE,3,-0.559963943267654,0.0236085965777494,0.333333333333333,0.575504031939786,0.832748739927246
GOBP_POSITIVE_REGULATION_OF_ESTABLISHMENT_OF_PROTEIN_LOCALIZATION_TO_MITOCHONDRION,3,-0.559829983279709,0.0485551137132787,0.666666666666667,0.575595410191145,0.832748739927246
REACTOME_REGULATION_OF_RUNX1_EXPRESSION_AND_ACTIVITY,2,-0.559426208020875,-0.0144378933697153,0.5,0.575870879238954,0.832799954117635
GOBP_REGULATION_OF_CELLULAR_PH,3,-0.559302765267307,0.0233413479499383,0.333333333333333,0.575955108455187,0.832799954117635
GOBP_CELLULAR_RESPONSE_TO_RADIATION,3,-0.558723676228621,-0.00806204885969265,0.666666666666667,0.576350318346082,0.833043455953639
GOBP_CARBOHYDRATE_HOMEOSTASIS,3,-0.558580713639838,0.0207390654285437,0.666666666666667,0.576447905463246,0.833043455953639
GOBP_FOREBRAIN_GENERATION_OF_NEURONS,3,0.558255710816075,0.0203741703393217,1,0.576669783326565,0.833129678527494
REACTOME_DOWNSTREAM_SIGNALING_OF_ACTIVATED_FGFR2,3,-0.557653387916904,0.0297145714058996,0.666666666666667,0.577081092704723,0.833420069842812
GOBP_ACTIVATED_T_CELL_PROLIFERATION,3,-0.557486141860967,0.0889940986856473,0.333333333333333,0.577195324850249,0.833420069842812
GOBP_MACROPHAGE_ACTIVATION,3,-0.557123325594822,0.0178384062310243,0.333333333333333,0.577443171674876,0.833543600259181
GOBP_EOSINOPHIL_MIGRATION,3,0.555691392299834,0.0184340800783404,0.666666666666667,0.578421841940579,0.834291110421838
REACTOME_INTERLEUKIN_12_SIGNALING,3,-0.55524831592813,0.0435519466010656,0.666666666666667,0.578724825157445,0.834291110421838
KEGG_O_GLYCAN_BIOSYNTHESIS,3,-0.55522217716054,0.0636004745465927,0.333333333333333,0.578742701623788,0.834291110421838
GOBP_METANEPHRIC_EPITHELIUM_DEVELOPMENT,3,0.5550112865288,0.108524366941112,0.666666666666667,0.578886940533381,0.834291110421838
GOBP_OLIGOSACCHARIDE_BIOSYNTHETIC_PROCESS,3,-0.554543374321712,-0.0376488498532321,1,0.579207029950255,0.834291110421838
REACTOME_DIGESTION,3,-0.554528953121761,-0.101416027836621,0.666666666666667,0.579216896525546,0.834291110421838
GOBP_REGULATION_OF_FATTY_ACID_TRANSPORT,3,0.554482134359102,0.107710288521939,0.666666666666667,0.579248929136699,0.834291110421838
REACTOME_NEGATIVE_REGULATION_OF_THE_PI3K_AKT_NETWORK,3,-0.554465173841506,0.0527007953600621,0.333333333333333,0.5792605334432,0.834291110421838
GOBP_PROTEIN_TARGETING_TO_MEMBRANE,3,-0.554198229903064,0.00208884896563994,0.666666666666667,0.579443189606313,0.834320219180831
GOBP_PROTEIN_NEDDYLATION,2,-0.552623907511938,-0.0526266010828011,1,0.580520967722408,0.835637805555573
GOBP_MATURATION_OF_LSU_RRNA,3,0.552057013727907,-0.0865160244562667,0.333333333333333,0.580909291939695,0.835730314630063
GOBP_REGULATION_OF_INNATE_IMMUNE_RESPONSE,3,0.552054996003939,0.0595211935024082,0.666666666666667,0.580910674304775,0.835730314630063
GOBP_ONE_CARBON_METABOLIC_PROCESS,3,0.55135438426604,-0.0213307885573144,0.333333333333333,0.581390764246652,0.836113024997776
REACTOME_EFFECTS_OF_PIP2_HYDROLYSIS,3,-0.551191679914854,0.0282667915905142,0.333333333333333,0.581502282961849,0.836113024997776
GOBP_ESTABLISHMENT_OF_PROTEIN_LOCALIZATION_TO_MEMBRANE,3,-0.550892686018205,0.00230909439571854,0.666666666666667,0.581707241572951,0.836173633562462
GOBP_OXYGEN_TRANSPORT,2,-0.550250544201011,0.0220662182163311,0.5,0.582147540229726,0.836572402523747
GOBP_PYRIMIDINE_NUCLEOSIDE_TRIPHOSPHATE_METABOLIC_PROCESS,3,0.549187060597683,-0.0242491045482996,0.333333333333333,0.5828770833317,0.837386489508143
REACTOME_HIV_ELONGATION_ARREST_AND_RECOVERY,3,-0.546561507050759,0.110616025540677,0.666666666666667,0.584680020472126,0.839741774369363
GOBP_RESPONSE_TO_SALT_STRESS,3,0.546065875755696,0.0788661737886007,0.666666666666667,0.585020655501508,0.839996110331492
GOBP_ADIPOSE_TISSUE_DEVELOPMENT,3,0.54562236304265,0.0250617072837123,1,0.585325548901369,0.840042926613954
GOBP_KERATINOCYTE_PROLIFERATION,3,0.545542613700661,0.0230653196385429,1,0.585380380520121,0.840042926613954
GOBP_POSITIVE_REGULATION_OF_EXOCYTOSIS,3,-0.545009053706052,0.0506490901839941,0.666666666666667,0.585747290778574,0.840334660737083
GOBP_MITOCHONDRIAL_GENOME_MAINTENANCE,3,0.543862578332393,-0.029947945575238,0.333333333333333,0.586536042070997,0.841231251627098
GOBP_MAINTENANCE_OF_BLOOD_BRAIN_BARRIER,3,0.543410173568918,0.010538704156391,0.666666666666667,0.586847422578232,0.841286408648882
GOBP_MONOVALENT_INORGANIC_ANION_HOMEOSTASIS,3,0.543330739527498,-0.000366091084062932,0.666666666666667,0.586902103229934,0.841286408648882
GOBP_POSITIVE_REGULATION_OF_G_PROTEIN_COUPLED_RECEPTOR_SIGNALING_PATHWAY,3,-0.543061986643852,0.0605687864545274,0.333333333333333,0.587087124318352,0.841316816545495
GOBP_RHYTHMIC_PROCESS,3,-0.54228089065179,-0.00985415668713083,0.666666666666667,0.587625017791747,0.841710234478689
GOBP_MANNOSYLATION,3,-0.542187380661177,-0.0593828255984978,0.666666666666667,0.587689427733757,0.841710234478689
REACTOME_HCMV_INFECTION,3,0.541258092097594,-0.0108370037594125,0.666666666666667,0.588329701707278,0.842392346799159
GOBP_RIBOSOMAL_LARGE_SUBUNIT_BIOGENESIS,3,0.540801951490391,-0.0987761606778619,0.333333333333333,0.588644097604241,0.842607604597375
GOBP_REGULATION_OF_HEMATOPOIETIC_STEM_CELL_DIFFERENTIATION,3,-0.539941543884037,-0.15933145807429,0.666666666666667,0.58923734650981,0.843056505304054
GOBP_REGULATION_OF_CHROMOSOME_SEGREGATION,3,-0.539656077774333,-0.045381483394374,0.666666666666667,0.589434235601498,0.843056505304054
GOBP_POSITIVE_REGULATION_OF_DENDRITE_MORPHOGENESIS,3,0.539633022577584,-0.00557735675656059,0.333333333333333,0.589450138346351,0.843056505304054
REACTOME_DOWNSTREAM_SIGNALING_EVENTS_OF_B_CELL_RECEPTOR_BCR,3,0.539281017612078,-0.00608131198959409,0.333333333333333,0.589692964795582,0.843169005342457
REACTOME_SELENOAMINO_ACID_METABOLISM,3,0.538574144064875,-0.0403540541666499,0.666666666666667,0.590180732343198,0.843631572867983
GOBP_MOTOR_NEURON_AXON_GUIDANCE,3,0.538062193470803,0.0305790874256214,1,0.590534112192456,0.84390183645533
GOBP_SERINE_FAMILY_AMINO_ACID_BIOSYNTHETIC_PROCESS,3,-0.537475367266113,-0.130302507229227,0.666666666666667,0.590939295553835,0.844027902630844
GOBP_INTESTINAL_EPITHELIAL_CELL_DIFFERENTIATION,3,0.537458417968131,0.0130253595604036,0.666666666666667,0.59095100036225,0.844027902630844
GOBP_CELLULAR_GLUCOSE_HOMEOSTASIS,3,-0.536431369664528,0.00834754367553103,0.666666666666667,0.591660455986182,0.844655012408015
GOBP_ORGANIC_HYDROXY_COMPOUND_TRANSPORT,3,0.536346657210831,0.0954800622348466,0.666666666666667,0.591718990390194,0.844655012408015
GOBP_SMOOTHENED_SIGNALING_PATHWAY,3,-0.535551814655045,-0.0667361725194385,0.666666666666667,0.592268338262952,0.844984612373267
GOBP_DNA_DEPENDENT_DNA_REPLICATION_MAINTENANCE_OF_FIDELITY,3,-0.535536487316733,-0.200206483163935,0.666666666666667,0.592278933906496,0.844984612373267
GOBP_REGULATION_OF_T_CELL_DIFFERENTIATION,3,0.53522303905322,0.0732380986491655,0.666666666666667,0.592495636790416,0.845059036533068
REACTOME_TIGHT_JUNCTION_INTERACTIONS,3,0.534851668724095,0.0578346705987124,0.666666666666667,0.592752431228924,0.84519058489499
GOBP_POSITIVE_REGULATION_OF_CALCIUM_ION_TRANSMEMBRANE_TRANSPORT,3,-0.533773093571088,-0.0165200871135569,0.666666666666667,0.59349853142233,0.846000227093369
REACTOME_PLASMA_LIPOPROTEIN_CLEARANCE,3,0.533526549328626,0.147782069573901,0.666666666666667,0.593669137803657,0.846000227093369
GOBP_CELL_AGING,3,0.533292905812551,0.0452348483801219,0.666666666666667,0.593830837711259,0.846000227093369
GOBP_REGULATION_OF_IMMUNOGLOBULIN_PRODUCTION,3,0.533078658798368,0.025082166513797,0.666666666666667,0.593979131405508,0.846000227093369
GOBP_SYNAPTIC_VESICLE_MEMBRANE_ORGANIZATION,3,0.532515955532344,0.070701441802642,0.666666666666667,0.594368694010184,0.84632038049246
GOBP_GLYCOSYLCERAMIDE_METABOLIC_PROCESS,2,-0.532016327700145,0.0195398580676195,0.5,0.594714686996057,0.846578334925652
GOBP_REGULATION_OF_RECEPTOR_INTERNALIZATION,3,0.531083253071147,0.00264334102202759,0.666666666666667,0.5953610887479,0.846893963662461
GOBP_PERICARDIUM_DEVELOPMENT,3,0.530906909440113,-0.0319292210448732,0.666666666666667,0.595483289511906,0.846893963662461
GOBP_REGULATION_OF_CHONDROCYTE_DIFFERENTIATION,3,0.530563127767932,0.0381046893074732,0.666666666666667,0.595721552628712,0.846893963662461
GOBP_POSITIVE_REGULATION_OF_DNA_REPAIR,3,-0.530331317925099,-0.0898655317678877,0.666666666666667,0.595882236501268,0.846893963662461
GOBP_CELLULAR_RESPONSE_TO_ALKALOID,3,-0.53031574164293,-0.00167000773791539,0.666666666666667,0.595893034237541,0.846893963662461
GOBP_NEURON_PROJECTION_GUIDANCE,3,-0.53024056606951,-0.00550018522864949,0.333333333333333,0.595945148441668,0.846893963662461
GOBP_MITOCHONDRIAL_MEMBRANE_ORGANIZATION,3,0.530030665453012,0.00986829450693066,0.666666666666667,0.596090669517094,0.846893963662461
GOBP_POSITIVE_REGULATION_OF_PROTEIN_DEACETYLATION,3,-0.529192617538263,0.0088033196903034,0.333333333333333,0.596671837392473,0.846894519006974
GOBP_POLYAMINE_BIOSYNTHETIC_PROCESS,2,0.529185988152847,0.0437760334323929,1,0.596676435754186,0.846894519006974
KEGG_PARKINSONS_DISEASE,3,0.528754391821158,0.0373049829209484,0.666666666666667,0.596975839997567,0.846894519006974
GOBP_REGULATION_OF_OXIDOREDUCTASE_ACTIVITY,3,0.528620666230901,0.0721974785411401,0.666666666666667,0.597068621125982,0.846894519006974
GOBP_POTASSIUM_ION_HOMEOSTASIS,3,0.528487948515773,-0.0194636646043613,0.333333333333333,0.597160709458172,0.846894519006974
GOBP_CARBOHYDRATE_DERIVATIVE_TRANSPORT,3,-0.528367936558236,0.0240721677625402,0.666666666666667,0.59724398725639,0.846894519006974
GOBP_RESPONSE_TO_ARSENIC_CONTAINING_SUBSTANCE,3,-0.528366020396702,0.0155916907571696,0.333333333333333,0.597245316947675,0.846894519006974
REACTOME_INTERLEUKIN_20_FAMILY_SIGNALING,3,0.527710442371294,0.0942092926219092,0.666666666666667,0.597700324389991,0.847131598262353
GOBP_CELLULAR_RESPONSE_TO_FATTY_ACID,3,0.527601080889148,0.0891095668364925,0.333333333333333,0.597776242639033,0.847131598262353
REACTOME_SIGNALING_BY_NOTCH1_HD_DOMAIN_MUTANTS_IN_CANCER,2,0.527244878253955,0.0288884650777235,1,0.598023547273039,0.847131598262353
REACTOME_GLUTAMATE_NEUROTRANSMITTER_RELEASE_CYCLE,3,-0.527174709833384,0.0539065191834534,0.666666666666667,0.598072269333975,0.847131598262353
REACTOME_ION_TRANSPORT_BY_P_TYPE_ATPASES,3,-0.526811378263047,-0.0699451848973022,0.666666666666667,0.598324580634179,0.847255320137067
GOBP_RESPONSE_TO_ALKALOID,3,0.526412124827545,0.0297585219322417,0.666666666666667,0.59860189314442,0.847414366921097
GOBP_RESPONSE_TO_GLUCAGON,3,-0.52610233490647,-0.00393628333957057,0.666666666666667,0.598817106460113,0.847485439178601
GOBP_REGULATION_OF_INTRINSIC_APOPTOTIC_SIGNALING_PATHWAY_BY_P53_CLASS_MEDIATOR,3,-0.5255650685513,-0.0589861338847194,0.666666666666667,0.599190432476013,0.84758041683521
GOBP_RENAL_SYSTEM_VASCULATURE_DEVELOPMENT,3,0.52550748432766,-0.00765532095386354,0.333333333333333,0.599230451826262,0.84758041683521
GOBP_NEGATIVE_REGULATION_OF_CELL_MIGRATION_INVOLVED_IN_SPROUTING_ANGIOGENESIS,2,0.525025757917191,-0.0110677027915224,0.5,0.599565285016587,0.84758041683521
GOBP_NEGATIVE_REGULATION_OF_BONE_MINERALIZATION,3,-0.524975403581883,0.100133547667056,0.333333333333333,0.599600289654387,0.84758041683521
GOBP_REGULATION_OF_JUN_KINASE_ACTIVITY,3,-0.524544800006701,-0.00191128259057235,0.666666666666667,0.599899668540019,0.84758041683521
GOBP_ANTIMICROBIAL_HUMORAL_RESPONSE,3,0.524298857583017,0.085085769861126,0.666666666666667,0.600070691356402,0.84758041683521
KEGG_ALANINE_ASPARTATE_AND_GLUTAMATE_METABOLISM,3,-0.524266437181639,-0.0578338556322109,1,0.60009323741796,0.84758041683521
GOBP_RIBOSOMAL_SMALL_SUBUNIT_BIOGENESIS,3,-0.52410654783379,-0.0895942220116498,0.666666666666667,0.600204434585214,0.84758041683521
GOBP_REGULATION_OF_LEUKOCYTE_TETHERING_OR_ROLLING,3,-0.523805812440406,-0.0831699526814013,0.666666666666667,0.600413610248187,0.847642743879793
GOBP_TRNA_MODIFICATION,3,0.522975439932782,-0.034689909153435,0.333333333333333,0.600991344596011,0.848007212982787
GOBP_POSITIVE_REGULATION_OF_NUCLEAR_TRANSCRIBED_MRNA_CATABOLIC_PROCESS_DEADENYLATION_DEPENDENT_DECAY,2,-0.522894247490677,-0.0716274134544245,1,0.601047847971927,0.848007212982787
GOBP_ALCOHOL_CATABOLIC_PROCESS,3,0.522722889464773,-0.018259806649112,0.666666666666667,0.601167107178802,0.848007212982787
GOBP_NEUTRAL_AMINO_ACID_TRANSPORT,3,0.521832388896018,0.0581566503904468,1,0.601787036453556,0.848405615646351
GOBP_REGULATION_OF_MORPHOGENESIS_OF_A_BRANCHING_STRUCTURE,3,-0.521429830896157,0.0421682814440719,0.333333333333333,0.602067375099043,0.848405615646351
GOBP_POSITIVE_REGULATION_OF_DOUBLE_STRAND_BREAK_REPAIR_VIA_NONHOMOLOGOUS_END_JOINING,2,0.521115228246349,-0.0144023324910113,0.5,0.602286503208326,0.848405615646351
REACTOME_SUMOYLATION_OF_SUMOYLATION_PROTEINS,3,-0.520931648572892,-0.147038612403647,0.666666666666667,0.60241438734806,0.848405615646351
GOBP_NEGATIVE_REGULATION_OF_MUSCLE_CELL_APOPTOTIC_PROCESS,3,-0.520927821039689,-0.00174214473614427,0.666666666666667,0.602417053790799,0.848405615646351
GOBP_PROTEIN_CATABOLIC_PROCESS_IN_THE_VACUOLE,3,0.520644402538878,0.0737225863395238,0.666666666666667,0.602614511447429,0.848405615646351
GOBP_POSITIVE_REGULATION_OF_EPITHELIAL_CELL_APOPTOTIC_PROCESS,3,0.520504328920365,0.0232396274764065,0.666666666666667,0.602712111491264,0.848405615646351
GOBP_NEGATIVE_REGULATION_OF_RECEPTOR_MEDIATED_ENDOCYTOSIS,3,0.520419752457793,0.0104187668953428,0.666666666666667,0.602771045851545,0.848405615646351
REACTOME_SIGNALING_BY_EGFR_IN_CANCER,3,-0.518758426173028,-0.00161381233445034,0.333333333333333,0.603929212642738,0.849709888743725
GOBP_EXOCRINE_SYSTEM_DEVELOPMENT,3,0.518615951197388,0.0592127965757989,0.666666666666667,0.604028583295043,0.849709888743725
GOBP_HISTONE_MRNA_METABOLIC_PROCESS,3,-0.517421687918839,-0.153165030514301,0.666666666666667,0.604861823220213,0.85064904820893
REACTOME_LAGGING_STRAND_SYNTHESIS,3,-0.51644501536474,-0.126524792729674,0.666666666666667,0.6055436325302,0.851374786935425
GOBP_TYROSINE_PHOSPHORYLATION_OF_STAT_PROTEIN,3,0.515690741964258,0.0469014989041101,0.666666666666667,0.606070421749239,0.851841433794034
GOBP_SOMATIC_DIVERSIFICATION_OF_IMMUNE_RECEPTORS,3,-0.515279148956022,-0.0614149732400376,0.666666666666667,0.606357967302755,0.851841433794034
GOBP_BRANCHED_CHAIN_AMINO_ACID_METABOLIC_PROCESS,3,0.51523880458334,-0.0919190977043194,0.333333333333333,0.606386155818815,0.851841433794034
GOBP_REGULATION_OF_CELL_ADHESION_MEDIATED_BY_INTEGRIN,3,0.514941939590915,0.0240847461753881,1,0.606593592691102,0.851841433794034
REACTOME_MITOPHAGY,3,-0.514671415664677,0.0599541239639507,0.666666666666667,0.606782651142465,0.851841433794034
GOBP_REGULATION_OF_EMBRYONIC_DEVELOPMENT,3,-0.514170214944321,-0.0685997684562576,0.666666666666667,0.607132990021663,0.851841433794034
KEGG_FC_EPSILON_RI_SIGNALING_PATHWAY,3,0.514084774920746,0.0537201780744475,0.666666666666667,0.607192721535897,0.851841433794034
GOBP_ORGANIC_HYDROXY_COMPOUND_BIOSYNTHETIC_PROCESS,3,-0.514070941570748,0.0152547576361861,0.333333333333333,0.607202392741425,0.851841433794034
GOBP_RESPONSE_TO_FOOD,3,0.513775778396522,0.0916923249328561,0.666666666666667,0.607408764329839,0.851898256034422
GOBP_RESPONSE_TO_TUMOR_NECROSIS_FACTOR,3,0.512694409459133,0.0741896363336839,0.666666666666667,0.608165100943117,0.85272616938134
GOBP_ACTIVATION_OF_PHOSPHOLIPASE_C_ACTIVITY,3,-0.512034129333194,0.010404304203259,0.666666666666667,0.608627123742831,0.853070020568045
GOBP_MESONEPHRIC_TUBULE_MORPHOGENESIS,3,0.511869238684968,0.0613364023747448,0.666666666666667,0.608742528306442,0.853070020568045
REACTOME_FOXO_MEDIATED_TRANSCRIPTION_OF_CELL_CYCLE_GENES,3,0.510026019543829,0.0592526089225573,0.666666666666667,0.610033233046213,0.854433093807778
REACTOME_INTERLEUKIN_6_FAMILY_SIGNALING,3,-0.509915176559015,0.000651982738468647,0.666666666666667,0.610110889005349,0.854433093807778
GOBP_NUCLEAR_EXPORT,3,-0.509759145607558,-0.06635416128379,0.666666666666667,0.610220210832592,0.854433093807778
REACTOME_APC_C_MEDIATED_DEGRADATION_OF_CELL_CYCLE_PROTEINS,3,0.509321009623904,-0.0155024366069686,0.333333333333333,0.610527233758873,0.854433093807778
REACTOME_SHC_MEDIATED_CASCADE_FGFR3,3,-0.509292788328837,0.022495766194694,0.666666666666667,0.610547012125107,0.854433093807778
GOBP_ENTERIC_NERVOUS_SYSTEM_DEVELOPMENT,2,-0.508165141997763,0.00847761253833054,0.5,0.61133753443179,0.855220667336728
GOBP_CELLULAR_RESPONSE_TO_PROSTAGLANDIN_STIMULUS,3,-0.507950649041673,-0.0473591040242104,1,0.611487953341403,0.855220667336728
GOBP_POSITIVE_REGULATION_OF_OLIGODENDROCYTE_DIFFERENTIATION,3,0.50728770788552,0.031319840083636,0.666666666666667,0.611952962104565,0.855220667336728
GOBP_VIRAL_BUDDING,3,-0.507271978452253,0.00195545279484236,0.333333333333333,0.611963997147332,0.855220667336728
GOBP_NEGATIVE_REGULATION_OF_PROTEIN_CATABOLIC_PROCESS,3,0.50670389258075,0.0195502035780923,1,0.612362598915416,0.855220667336728
GOBP_POSITIVE_REGULATION_OF_CELL_KILLING,3,0.506666474712492,0.00925772530076393,0.666666666666667,0.612388857476198,0.855220667336728
GOBP_POSITIVE_REGULATION_OF_PROTEIN_DEPOLYMERIZATION,3,0.506655180913558,0.0464488904780759,1,0.612396783169971,0.855220667336728
GOBP_INTERSTRAND_CROSS_LINK_REPAIR,3,-0.505956810928727,-0.131298523609653,0.666666666666667,0.61288696910484,0.855220667336728
GOBP_TRANSLATIONAL_TERMINATION,3,0.50594002287735,-0.0284236767496611,0.333333333333333,0.612898754772085,0.855220667336728
KEGG_VIRAL_MYOCARDITIS,3,-0.505824272592102,0.0664059434238517,0.666666666666667,0.612980017335065,0.855220667336728
GOBP_TOLL_LIKE_RECEPTOR_SIGNALING_PATHWAY,3,-0.50579063178444,0.073459396506816,0.333333333333333,0.613003635778346,0.855220667336728
GOBP_PEROXISOMAL_TRANSPORT,3,0.505180683881648,-0.0684511064347012,0.333333333333333,0.613431935960081,0.855220667336728
GOBP_DICARBOXYLIC_ACID_METABOLIC_PROCESS,3,-0.504910457857013,-0.0445550873710349,0.666666666666667,0.613621728554545,0.855220667336728
GOBP_MITOCHONDRIAL_ATP_SYNTHESIS_COUPLED_PROTON_TRANSPORT,2,-0.504750800801167,-0.00778434269348811,0.5,0.613733875472407,0.855220667336728
GOBP_VESICLE_TARGETING,3,-0.504642022948554,-0.0456715112663652,0.666666666666667,0.61381028880307,0.855220667336728
GOBP_REGULATION_OF_LIPOPOLYSACCHARIDE_MEDIATED_SIGNALING_PATHWAY,3,-0.50449149503854,0.117808636185237,0.333333333333333,0.613916037273638,0.855220667336728
GOBP_CARTILAGE_DEVELOPMENT,3,0.504236956902937,0.00607146075068732,0.666666666666667,0.614094873004371,0.855220667336728
REACTOME_PURINE_CATABOLISM,2,0.504199338047513,0.0296557428737048,1,0.614121305550952,0.855220667336728
GOBP_PEPTIDYL_LYSINE_TRIMETHYLATION,3,0.50398265265709,-0.0885551459375612,0.333333333333333,0.614273567329671,0.855220667336728
GOBP_PULMONARY_VALVE_MORPHOGENESIS,3,0.502680749033532,-0.0147724042445775,0.666666666666667,0.615188746620434,0.856262710743238
GOBP_NEGATIVE_REGULATION_OF_EPITHELIAL_CELL_DIFFERENTIATION,3,-0.502443014650924,0.00702495525335213,0.333333333333333,0.615355927850509,0.856263355578492
GOBP_POSITIVE_REGULATION_OF_CALCIUM_ION_TRANSMEMBRANE_TRANSPORTER_ACTIVITY,3,-0.501625510593902,-0.0133165282266916,0.666666666666667,0.615930971121338,0.856831383445068
GOBP_REGULATION_OF_CHROMOSOME_SEPARATION,3,-0.501193547943111,-0.0425914787365628,0.666666666666667,0.616234914676852,0.8570220746765
GOBP_MYD88_DEPENDENT_TOLL_LIKE_RECEPTOR_SIGNALING_PATHWAY,3,0.499573933375804,0.0760248685795618,0.666666666666667,0.617375115971404,0.858375364274263
GOBP_CELLULAR_RESPONSE_TO_MECHANICAL_STIMULUS,3,-0.498446697350512,0.0519141462435913,0.666666666666667,0.618169229854243,0.859246864555181
REACTOME_AUF1_HNRNP_D0_BINDS_AND_DESTABILIZES_MRNA,3,0.497581117232303,-0.0197182614216291,0.333333333333333,0.618779315674967,0.859789808682591
GOBP_REGULATION_OF_LYASE_ACTIVITY,3,0.49741752454391,0.0328917001014561,1,0.618894650058321,0.859789808682591
GOBP_NEGATIVE_REGULATION_OF_LYMPHOCYTE_DIFFERENTIATION,3,0.496951386829712,0.103101686392122,0.666666666666667,0.619223332993606,0.860013801583331
GOBP_POSITIVE_REGULATION_OF_EPIDERMAL_CELL_DIFFERENTIATION,3,0.496266775072635,0.0483148889938913,0.666666666666667,0.619706204334204,0.860273784246278
HALLMARK_CHOLESTEROL_HOMEOSTASIS,3,-0.496166366668235,0.0373380339293675,0.333333333333333,0.619777038334624,0.860273784246278
GOBP_SNRNA_METABOLIC_PROCESS,3,0.495807244006366,-0.0147756591009392,0.333333333333333,0.620030413484025,0.860273784246278
GOBP_CENTROMERE_COMPLEX_ASSEMBLY,3,0.495736233231545,-0.080063369876141,0.333333333333333,0.620080519719572,0.860273784246278
KEGG_COMPLEMENT_AND_COAGULATION_CASCADES,3,0.494750221050195,0.0839362628517319,0.666666666666667,0.620776446461263,0.861006705110734
GOBP_BICARBONATE_TRANSPORT,3,-0.494381294367786,0.0396856930872093,0.666666666666667,0.621036921993431,0.861032217287409
GOBP_REGULATION_OF_CYCLASE_ACTIVITY,3,0.493984017386324,0.0555216172275941,0.666666666666667,0.621317466987123,0.861032217287409
REACTOME_DEFENSINS,3,-0.493926953966519,0.063322070552209,0.666666666666667,0.621357767972263,0.861032217287409
REACTOME_TRAF6_MEDIATED_INDUCTION_OF_TAK1_COMPLEX_WITHIN_TLR4_COMPLEX,2,-0.493774525071701,-0.0481840414121972,1,0.621465426301485,0.861032217287409
GOBP_ESTABLISHMENT_OF_PLANAR_POLARITY_OF_EMBRYONIC_EPITHELIUM,2,-0.493422199347854,-0.0573092712787381,1,0.621714299885149,0.861144726054511
GOBP_LYMPHOCYTE_CHEMOTAXIS,3,0.49293261259373,0.0873710485293531,0.666666666666667,0.622060202867969,0.861207087612266
GOBP_POSITIVE_REGULATION_OF_CELL_DIVISION,3,-0.4928333942458,0.028549746463898,0.333333333333333,0.622130312821588,0.861207087612266
REACTOME_SHC_MEDIATED_CASCADE_FGFR4,3,-0.492646530788837,0.0443964483684002,0.666666666666667,0.622262364121713,0.861207087612266
GOBP_NEUROTRANSMITTER_RECEPTOR_LOCALIZATION_TO_POSTSYNAPTIC_SPECIALIZATION_MEMBRANE,2,-0.492384215448234,-0.0788035424795826,0.5,0.622447755716941,0.861231593039388
GOBP_NEGATIVE_REGULATION_OF_MYOTUBE_DIFFERENTIATION,2,0.492140874640162,0.166638057927045,0.5,0.622619758456089,0.861237565157682
GOBP_ODONTOGENESIS_OF_DENTIN_CONTAINING_TOOTH,3,-0.491391702758491,0.0499512297559284,0.333333333333333,0.623149431557786,0.861738147679264
GOBP_CELLULAR_DEFENSE_RESPONSE,3,-0.490554520813497,0.0329498200821433,0.666666666666667,0.623741559512554,0.862324804752754
GOBP_POSITIVE_REGULATION_OF_B_CELL_MEDIATED_IMMUNITY,3,0.490170184788554,-0.0190665036123809,0.666666666666667,0.624013476889536,0.862436049080241
GOBP_POSITIVE_REGULATION_OF_DNA_METABOLIC_PROCESS,3,-0.489966131871416,-0.0722292016276216,0.666666666666667,0.624157864959357,0.862436049080241
GOBP_NEGATIVE_REGULATION_OF_DNA_REPAIR,3,-0.489511473479077,0.0350362428263192,0.333333333333333,0.62447963365287,0.862648574083147
GOBP_OLIGOSACCHARIDE_METABOLIC_PROCESS,3,0.488842922700901,0.0623656248428973,0.666666666666667,0.624952907329956,0.862964204307751
GOBP_T_CELL_MEDIATED_IMMUNITY,3,0.488594512278791,0.00895901827336516,0.666666666666667,0.625128798941026,0.862964204307751
GOBP_EPITHELIAL_TO_MESENCHYMAL_TRANSITION_INVOLVED_IN_ENDOCARDIAL_CUSHION_FORMATION,3,0.488435636232508,-0.0144682825512923,0.666666666666667,0.625241305269451,0.862964204307751
REACTOME_SWITCHING_OF_ORIGINS_TO_A_POST_REPLICATIVE_STATE,3,0.488059546255128,-0.0255973492938809,0.333333333333333,0.625507664051323,0.862964204307751
GOBP_POSITIVE_REGULATION_OF_CHEMOTAXIS,3,-0.488002268086387,0.0522549564127022,0.333333333333333,0.62554823454785,0.862964204307751
GOBP_REGULATION_OF_RECEPTOR_MEDIATED_ENDOCYTOSIS,3,-0.487387696963274,-0.02195484909928,1,0.625983610580748,0.86333292801899
GOBP_MUSCLE_CELL_DEVELOPMENT,3,-0.486923386150802,0.0455415155813281,0.333333333333333,0.62631262532401,0.863381429404873
GOBP_NEGATIVE_REGULATION_OF_LYASE_ACTIVITY,3,0.486829651362839,0.0138437327837726,0.666666666666667,0.626379055649724,0.863381429404873
KEGG_RENIN_ANGIOTENSIN_SYSTEM,3,-0.486626430900377,0.0324916563770258,0.666666666666667,0.626523089445475,0.863381429404873
GOBP_C21_STEROID_HORMONE_METABOLIC_PROCESS,3,0.485951393740088,0.0538433506338968,1,0.627001628545537,0.863441959416407
REACTOME_TICAM1_RIP1_MEDIATED_IKK_COMPLEX_RECRUITMENT,3,-0.485735600391613,0.00399540503944266,0.666666666666667,0.627154639256275,0.863441959416407
GOBP_TRANSPOSITION,3,0.48550650047396,0.0086931068761344,0.666666666666667,0.627317102693278,0.863441959416407
GOBP_FEMALE_MEIOTIC_NUCLEAR_DIVISION,3,-0.485317073098,-0.114698753401635,0.666666666666667,0.627451446475774,0.863441959416407
GOBP_SULFATE_TRANSPORT,2,-0.485281486494337,-0.00878872235186191,0.5,0.627476686227909,0.863441959416407
KEGG_GLYCOSPHINGOLIPID_BIOSYNTHESIS_GANGLIO_SERIES,2,0.485141877896887,0.104104171848364,0.5,0.627575707652151,0.863441959416407
GOBP_REGULATION_OF_PHOSPHOLIPASE_ACTIVITY,3,0.483720319173559,0.00861573752543387,0.666666666666667,0.628584370761938,0.864598106114974
KEGG_PANCREATIC_CANCER,3,-0.482733038289542,0.0590983742207881,0.333333333333333,0.629285301576809,0.86533047092329
GOBP_ARTERY_DEVELOPMENT,3,-0.482306455935348,0.0138866370445014,0.333333333333333,0.62958826177256,0.865405791212476
GOBP_REGULATION_OF_CARDIAC_MUSCLE_CONTRACTION_BY_CALCIUM_ION_SIGNALING,3,-0.482181423559421,0.040306158174717,0.666666666666667,0.629677071993969,0.865405791212476
GOBP_RETINA_VASCULATURE_DEVELOPMENT_IN_CAMERA_TYPE_EYE,3,-0.480130348321634,-0.100911675682993,0.666666666666667,0.631134709795449,0.867177065144308
REACTOME_UNBLOCKING_OF_NMDA_RECEPTORS_GLUTAMATE_BINDING_AND_ACTIVATION,3,0.479273251038276,0.00948851348350094,0.666666666666667,0.631744248923488,0.86778241841964
GOBP_APOPTOTIC_DNA_FRAGMENTATION,3,-0.478482359642529,0.00465388655507121,0.666666666666667,0.632306926800251,0.867796861548316
REACTOME_ACETYLCHOLINE_NEUROTRANSMITTER_RELEASE_CYCLE,3,0.47829707087114,0.122115032212021,0.666666666666667,0.632438780875553,0.867796861548316
GOBP_POSITIVE_REGULATION_OF_STEROID_BIOSYNTHETIC_PROCESS,3,0.478174861082009,0.145047602466776,0.666666666666667,0.63252575346266,0.867796861548316
GOBP_REGULATION_OF_TELOMERE_MAINTENANCE,3,-0.47788329770204,-0.0434342361956157,0.666666666666667,0.632733269817154,0.867796861548316
REACTOME_GABA_RECEPTOR_ACTIVATION,3,0.477785381359835,0.0667731029586179,0.666666666666667,0.632802966957031,0.867796861548316
GOBP_REGULATION_OF_RHO_PROTEIN_SIGNAL_TRANSDUCTION,3,-0.477604107111358,0.0349308671335364,0.666666666666667,0.632932007105122,0.867796861548316
GOBP_INTRACELLULAR_PROTEIN_TRANSMEMBRANE_TRANSPORT,3,0.477555393832305,-0.0150514098618426,0.333333333333333,0.632966685577492,0.867796861548316
KEGG_RIBOFLAVIN_METABOLISM,2,0.477359045596191,0.085329823032357,0.5,0.633106472005752,0.867796861548316
GOBP_MITOCHONDRIAL_CALCIUM_ION_HOMEOSTASIS,3,-0.47648734826177,-0.0258469764415176,0.666666666666667,0.633727218654162,0.868290751374778
GOBP_NEGATIVE_REGULATION_OF_VIRAL_GENOME_REPLICATION,3,-0.476047550697178,0.0449184563384037,0.333333333333333,0.634040501937553,0.868290751374778
REACTOME_RNA_POLYMERASE_III_CHAIN_ELONGATION,3,0.475840177909865,-0.00757969526464324,0.666666666666667,0.634188243632341,0.868290751374778
GOBP_COMPLEMENT_ACTIVATION,3,0.475578882138442,0.0626939276119926,0.666666666666667,0.634374423242953,0.868290751374778
KEGG_HISTIDINE_METABOLISM,3,0.475505670822669,0.0134867900901286,0.666666666666667,0.634426592241188,0.868290751374778
REACTOME_PKA_ACTIVATION_IN_GLUCAGON_SIGNALLING,3,-0.475165504324482,0.0391999408000426,0.333333333333333,0.634669012270877,0.868290751374778
GOBP_MRNA_CLEAVAGE,3,-0.474803912634091,-0.0397125241919728,0.666666666666667,0.634926743953683,0.868290751374778
KEGG_VASOPRESSIN_REGULATED_WATER_REABSORPTION,3,-0.474763545747698,0.0274008447083075,0.666666666666667,0.634955519002689,0.868290751374778
GOBP_CD4_POSITIVE_ALPHA_BETA_T_CELL_ACTIVATION,3,0.474717518197649,0.0964665080312919,0.666666666666667,0.634988329860527,0.868290751374778
GOBP_POSITIVE_REGULATION_OF_INTERLEUKIN_17_PRODUCTION,3,0.474314367642004,0.03028011068756,1,0.635275747409077,0.86845255222066
GOBP_BILE_ACID_BIOSYNTHETIC_PROCESS,3,-0.474063559134415,0.0247404124828002,0.333333333333333,0.635454583695941,0.868465870639264
GOBP_REGULATION_OF_RNA_SPLICING,3,-0.473497728500654,-0.124163333472972,0.666666666666667,0.635858121182774,0.868786195901764
GOBP_NEGATIVE_REGULATION_OF_MONONUCLEAR_CELL_MIGRATION,3,0.472915523654751,0.0604854466009266,1,0.636273449251768,0.868998438643658
KEGG_EPITHELIAL_CELL_SIGNALING_IN_HELICOBACTER_PYLORI_INFECTION,3,-0.472805632727928,0.0621335399222129,0.333333333333333,0.63635185508933,0.868998438643658
GOBP_ASPARTATE_FAMILY_AMINO_ACID_BIOSYNTHETIC_PROCESS,3,0.471230522476703,-0.0968983981310599,0.333333333333333,0.637476124379555,0.869717234117921
GOBP_RNA_MODIFICATION,3,0.471065787022547,-0.0234189295939701,0.333333333333333,0.63759375615916,0.869717234117921
GOBP_REGULATION_OF_LEUKOCYTE_PROLIFERATION,3,0.470879953946046,0.0800649816179856,0.666666666666667,0.637726463964159,0.869717234117921
GOBP_NUCLEOBASE_CONTAINING_COMPOUND_TRANSPORT,3,-0.47074463850127,-0.0683851951044063,0.666666666666667,0.637823103237832,0.869717234117921
REACTOME_GABA_B_RECEPTOR_ACTIVATION,3,-0.470717449633401,0.0497253816721037,0.333333333333333,0.637842521663838,0.869717234117921
GOBP_REGULATION_OF_ENDOTHELIAL_CELL_MIGRATION,3,0.470645036312454,0.0902681178111851,0.666666666666667,0.637894240833763,0.869717234117921
GOBP_CELLULAR_RESPONSE_TO_LIGHT_STIMULUS,3,-0.470127106193573,-0.0080656733901342,0.666666666666667,0.638264209175151,0.869861753894992
GOBP_TYPE_2_IMMUNE_RESPONSE,3,0.469866501118413,0.141717280429998,0.666666666666667,0.638450398919908,0.869861753894992
REACTOME_GLYCOGEN_BREAKDOWN_GLYCOGENOLYSIS,2,-0.469760714161834,-0.0173832837456349,0.5,0.638525985099897,0.869861753894992
GOBP_POSITIVE_REGULATION_OF_CALCIUM_ION_TRANSPORT,3,0.469548394961549,0.0510860816530217,0.666666666666667,0.638677701311918,0.869861753894992
GOBP_GANGLIOSIDE_BIOSYNTHETIC_PROCESS,2,-0.469103510127045,-0.0174772708971658,0.5,0.638995650208046,0.870020734993119
GOBP_ENERGY_HOMEOSTASIS,3,0.468592168387961,0.041809779495231,1,0.639361176285021,0.870020734993119
GOBP_CARDIAC_MUSCLE_CELL_ACTION_POTENTIAL,3,0.468490784405131,0.0122447746891907,0.666666666666667,0.639433659731248,0.870020734993119
REACTOME_SYNAPTIC_ADHESION_LIKE_MOLECULES,3,-0.46843713659142,0.040877131745386,0.333333333333333,0.639472016082365,0.870020734993119
REACTOME_INTERLEUKIN_7_SIGNALING,3,-0.468101407573596,-0.0300333071270858,1,0.639712072730191,0.870116844688099
GOBP_REGULATION_OF_PEPTIDYL_LYSINE_ACETYLATION,3,0.467737398916791,0.0357809808961389,0.666666666666667,0.63997239282531,0.870240457916545
GOBP_ENGULFMENT_OF_APOPTOTIC_CELL,2,0.465524384586142,0.0248062886970354,1,0.641555978721236,0.872033560795648
GOBP_PROTEIN_FOLDING,3,-0.465189822110474,-0.0462459207212626,0.666666666666667,0.641795526684826,0.872033560795648
GOBP_NEURAL_TUBE_PATTERNING,3,-0.465172963614455,-0.00684940671748704,0.666666666666667,0.641807598416905,0.872033560795648
GOBP_MITOTIC_DNA_INTEGRITY_CHECKPOINT_SIGNALING,3,0.464945913680529,-0.0531741274434959,0.333333333333333,0.641970189518759,0.872033560795648
GOBP_POSITIVE_REGULATION_OF_MONOOXYGENASE_ACTIVITY,3,-0.463867059641104,0.0838016139357032,0.333333333333333,0.642742994399908,0.87276528691939
REACTOME_O_LINKED_GLYCOSYLATION,3,-0.463719491378113,0.0301526998841217,0.666666666666667,0.642848730610602,0.87276528691939
GOBP_NEGATIVE_REGULATION_OF_VASCULAR_PERMEABILITY,3,0.463143815222083,0.0146055487901382,0.333333333333333,0.643261285582187,0.873094599035442
GOBP_BLASTOCYST_FORMATION,3,-0.462456000885655,-0.0186345830955196,0.333333333333333,0.643754347961502,0.873133768553844
KEGG_PRIMARY_IMMUNODEFICIENCY,3,0.462204466310752,0.111083058876152,0.333333333333333,0.643934700679458,0.873133768553844
GOBP_ELECTRON_TRANSPORT_CHAIN,3,0.462186497139683,0.0114712397091099,0.666666666666667,0.643947585551159,0.873133768553844
GOBP_POSITIVE_REGULATION_OF_CELLULAR_EXTRAVASATION,3,-0.461996032235378,0.00589126262150395,0.666666666666667,0.64408416581099,0.873133768553844
REACTOME_POTASSIUM_CHANNELS,3,0.461851426996338,0.0612590376968893,0.666666666666667,0.644187868642637,0.873133768553844
REACTOME_RA_BIOSYNTHESIS_PATHWAY,3,-0.461673984825762,-0.13325272159733,0.666666666666667,0.644315129758266,0.873133768553844
GOBP_REGULATION_OF_NUCLEOTIDE_METABOLIC_PROCESS,3,-0.461443898189691,0.00816128389911795,0.333333333333333,0.644480162886998,0.873133768553844
GOBP_PROTEIN_LOCALIZATION_TO_VACUOLE,3,0.460425276004289,0.0148728745325157,0.666666666666667,0.645210995508091,0.873526359181778
GOBP_FATTY_ACID_DERIVATIVE_METABOLIC_PROCESS,3,-0.460308099684375,-0.00861154432665248,0.666666666666667,0.645295088203861,0.873526359181778
REACTOME_VASOPRESSIN_REGULATES_RENAL_WATER_HOMEOSTASIS_VIA_AQUAPORINS,3,-0.460217005841349,0.0520434101294022,0.666666666666667,0.645360465696864,0.873526359181778
GOBP_NEGATIVE_REGULATION_OF_PEPTIDYL_THREONINE_PHOSPHORYLATION,3,-0.460091897632314,0.100192518796261,0.333333333333333,0.645450259558966,0.873526359181778
REACTOME_SIGNALING_BY_CYTOSOLIC_FGFR1_FUSION_MUTANTS,3,-0.459822633510085,-0.0273528695983197,0.666666666666667,0.64564353591607,0.873557745117212
REACTOME_CELLULAR_RESPONSE_TO_HYPOXIA,3,0.459411593993782,-0.00953977380064726,0.333333333333333,0.645938624044679,0.8737268298903
GOBP_LYMPH_VESSEL_DEVELOPMENT,3,0.459015752629423,0.0851893639884286,0.666666666666667,0.646222853990593,0.873881142205288
GOBP_RETROGRADE_TRANSPORT_ENDOSOME_TO_GOLGI,3,0.458692812485712,0.00665726240793205,0.666666666666667,0.646454776199748,0.873964656636459
GOBP_POSITIVE_REGULATION_OF_SMALL_MOLECULE_METABOLIC_PROCESS,3,-0.456739646004551,0.0165632058020184,0.333333333333333,0.647858190902802,0.875021135197017
REACTOME_DISEASES_OF_METABOLISM,3,0.456641687939907,0.0403897521179999,0.666666666666667,0.647928610031427,0.875021135197017
GOBP_REGULATION_OF_EPITHELIAL_TO_MESENCHYMAL_TRANSITION,3,-0.456615089117309,0.00993885429425,0.333333333333333,0.647947731674836,0.875021135197017
GOBP_ODONTOGENESIS,3,-0.456196316128282,0.0381887894024089,0.333333333333333,0.648248814242912,0.875021135197017
REACTOME_S_PHASE,3,-0.456168971643916,-0.0772515939741665,0.666666666666667,0.648268475935128,0.875021135197017
GOBP_RECEPTOR_SIGNALING_PATHWAY_VIA_STAT,3,0.456084757209141,0.028814323719266,0.333333333333333,0.648329030758723,0.875021135197017
GOBP_METHIONINE_METABOLIC_PROCESS,3,0.455945980284214,-0.108216560684985,0.333333333333333,0.648428824096544,0.875021135197017
GOBP_POSITIVE_REGULATION_OF_STRESS_ACTIVATED_PROTEIN_KINASE_SIGNALING_CASCADE,3,0.455599789285224,0.0482873637548049,0.666666666666667,0.648677794698509,0.87512717456568
REACTOME_CELLULAR_RESPONSE_TO_CHEMICAL_STRESS,3,0.455001198781713,0.0400742832254216,0.666666666666667,0.649108376403328,0.875388777109961
GOBP_INTERFERON_GAMMA_PRODUCTION,3,0.454856349329053,0.0770331829902712,0.666666666666667,0.649212588008536,0.875388777109961
GOBP_SKELETAL_MUSCLE_ORGAN_DEVELOPMENT,3,-0.454057252731768,0.0575046356844821,0.333333333333333,0.649787619593942,0.875736910430488
REACTOME_RETROGRADE_TRANSPORT_AT_THE_TRANS_GOLGI_NETWORK,3,0.453966286020941,-0.0157653088809777,0.333333333333333,0.649853092664935,0.875736910430488
GOBP_REGULATION_OF_RYANODINE_SENSITIVE_CALCIUM_RELEASE_CHANNEL_ACTIVITY,3,0.453249982221279,0.083572810843197,0.666666666666667,0.650368745035959,0.875736910430488
GOBP_MEMBRANE_REPOLARIZATION_DURING_ACTION_POTENTIAL,3,0.453182485948249,0.0400537059301813,0.666666666666667,0.650417342850022,0.875736910430488
REACTOME_ABORTIVE_ELONGATION_OF_HIV_1_TRANSCRIPT_IN_THE_ABSENCE_OF_TAT,3,-0.452891208415887,0.0930242952966825,0.666666666666667,0.650627081867563,0.875736910430488
GOBP_FOAM_CELL_DIFFERENTIATION,3,-0.452775967405256,0.0726798444392135,0.333333333333333,0.650710070629288,0.875736910430488
GOBP_DOSAGE_COMPENSATION,3,-0.452608027247447,-0.0758873997346089,0.666666666666667,0.650831017496671,0.875736910430488
KEGG_HEDGEHOG_SIGNALING_PATHWAY,3,0.452409031284463,3.41261873642469e-05,0.666666666666667,0.650974341983673,0.875736910430488
GOBP_DNA_DEALKYLATION,3,0.452365968644525,-0.0303851014183582,0.333333333333333,0.651005359038864,0.875736910430488
GOBP_RESPONSE_TO_ATP,3,-0.451611451044794,0.099111900280439,0.666666666666667,0.651548919169209,0.876188041927138
REACTOME_CA_DEPENDENT_EVENTS,3,-0.451426876978873,0.00989425603427263,0.666666666666667,0.651681915919327,0.876188041927138
GOBP_REGULATION_OF_TELOMERE_CAPPING,3,-0.4506337228051,0.012096634625327,0.333333333333333,0.652253557439473,0.876532577187856
GOBP_CELLULAR_RESPONSE_TO_LEPTIN_STIMULUS,3,0.450446500499412,0.0489726751384573,0.666666666666667,0.652388521990821,0.876532577187856
REACTOME_MICRORNA_MIRNA_BIOGENESIS,3,-0.450124527695047,0.0494240546594556,0.666666666666667,0.652620651908585,0.876532577187856
GOBP_I_KAPPAB_KINASE_NF_KAPPAB_SIGNALING,3,0.449783277183841,0.0619383824382107,0.666666666666667,0.652866717032157,0.876532577187856
REACTOME_EXPORT_OF_VIRAL_RIBONUCLEOPROTEINS_FROM_NUCLEUS,3,-0.449759719984102,-0.148305841734257,0.666666666666667,0.652883704789732,0.876532577187856
GOBP_CELL_MATURATION,3,-0.449650931734117,0.0116730699362878,0.333333333333333,0.652962157383321,0.876532577187856
GOBP_REGULATION_OF_SYNAPTIC_TRANSMISSION_GABAERGIC,3,0.448529623834376,0.0305003612280021,0.666666666666667,0.653771011533994,0.877389055458217
REACTOME_RRNA_MODIFICATION_IN_THE_NUCLEUS_AND_CYTOSOL,3,0.448111814666632,-0.0713822147232057,0.333333333333333,0.654072501790729,0.877564359769379
GOBP_ACID_SECRETION,3,0.447362123447325,0.0716926978004205,0.666666666666667,0.654613618966282,0.877685495425677
GOBP_NEGATIVE_REGULATION_OF_PROTEIN_LOCALIZATION,3,-0.447292589498952,0.00980342637481453,0.666666666666667,0.654663816849778,0.877685495425677
GOBP_REGULATION_OF_HORMONE_SECRETION,3,0.447276469732117,0.0367439050060613,0.666666666666667,0.65467545423983,0.877685495425677
GOBP_POTASSIUM_ION_TRANSPORT,3,0.447027223218122,0.0145810816009955,0.666666666666667,0.654855404176239,0.877691791293283
GOBP_OLIGOPEPTIDE_TRANSPORT,2,-0.446424080635383,0.0443817421282501,0.5,0.655290941438901,0.877691791293283
REACTOME_RRNA_PROCESSING,3,0.446239794651918,-0.0489791534958028,0.333333333333333,0.655424040191827,0.877691791293283
GOBP_PURINE_CONTAINING_COMPOUND_TRANSMEMBRANE_TRANSPORT,3,-0.44621083534234,-0.0229166012405365,1,0.655444956765808,0.877691791293283
GOBP_POSITIVE_REGULATION_OF_ALPHA_BETA_T_CELL_PROLIFERATION,3,0.445898630648531,0.094867332894493,0.666666666666667,0.655670471449794,0.877691791293283
GOBP_IMPORT_INTO_CELL,3,0.445850152764396,0.0393296374482867,0.666666666666667,0.655705491275765,0.877691791293283
GOBP_DNA_LIGATION,3,0.44558406647478,0.0451227880604241,0.666666666666667,0.655897722209149,0.877720349470086
GOBP_REGULATION_OF_LIPID_TRANSPORT,3,-0.445285813412491,0.0839498537169771,0.333333333333333,0.656113218744029,0.877780018616654
GOBP_REGULATION_OF_CALCIUM_ION_TRANSMEMBRANE_TRANSPORTER_ACTIVITY,3,0.44452579751415,0.0326495068932542,0.666666666666667,0.656662481750891,0.877986769391262
GOBP_EMBRYONIC_PLACENTA_DEVELOPMENT,3,-0.44424929964389,0.0375966202074817,0.333333333333333,0.656862352642585,0.877986769391262
GOBP_CELLULAR_COMPONENT_MAINTENANCE,3,0.443902200263469,0.0592429027848951,0.666666666666667,0.657113293716259,0.877986769391262
GOBP_GLIAL_CELL_DEVELOPMENT,3,-0.443864720588488,0.0616585141055253,0.333333333333333,0.657140392562955,0.877986769391262
REACTOME_REGULATION_OF_HMOX1_EXPRESSION_AND_ACTIVITY,3,0.443366942436374,0.00929829640916299,0.666666666666667,0.657500342744099,0.877986769391262
GOBP_G_PROTEIN_COUPLED_RECEPTOR_SIGNALING_PATHWAY_COUPLED_TO_CYCLIC_NUCLEOTIDE_SECOND_MESSENGER,3,0.442933253120702,0.0522178592117826,0.666666666666667,0.657814014178787,0.877986769391262
GOBP_ACETYL_COA_BIOSYNTHETIC_PROCESS,3,0.442925641775729,-0.0760249124752344,0.333333333333333,0.657819519721184,0.877986769391262
GOBP_KILLING_BY_HOST_OF_SYMBIONT_CELLS,3,-0.44264978598682,0.0290576773499884,0.333333333333333,0.658019068036739,0.877986769391262
GOBP_NEGATIVE_REGULATION_OF_INTERLEUKIN_12_PRODUCTION,3,-0.442610794070023,-0.010202555750292,0.666666666666667,0.65804727594077,0.877986769391262
GOBP_CARDIAC_ATRIUM_DEVELOPMENT,3,-0.44254933445996,-0.00846239477431396,0.666666666666667,0.658091738625976,0.877986769391262
GOBP_REGULATION_OF_ERBB_SIGNALING_PATHWAY,3,0.442471316824388,0.0462067450923447,0.666666666666667,0.658148181884026,0.877986769391262
GOBP_REGULATION_OF_LEUKOCYTE_MEDIATED_CYTOTOXICITY,3,-0.441080116053658,-0.00494584165805331,0.666666666666667,0.659154997936992,0.879101550092025
GOBP_PROTEIN_LOCALIZATION_TO_MITOCHONDRION,3,0.440700052593312,0.0232102437869285,0.666666666666667,0.659430158515464,0.879240211353952
GOBP_REGULATION_OF_MAMMARY_GLAND_EPITHELIAL_CELL_PROLIFERATION,2,-0.440418088570695,0.0490593781645741,0.5,0.659634326269735,0.87928416810832
GOBP_LIPID_OXIDATION,3,0.4397404975281,0.0331529762442782,1,0.660125067843937,0.879681298729136
GOBP_HOMOLOGOUS_CHROMOSOME_SEGREGATION,3,-0.4393493480785,-0.0662727730442133,0.666666666666667,0.660408422264518,0.879681298729136
REACTOME_TRANSPORT_OF_BILE_SALTS_AND_ORGANIC_ACIDS_METAL_IONS_AND_AMINE_COMPOUNDS,3,-0.439244186476055,-0.00691744392856447,0.666666666666667,0.66048461118564,0.879681298729136
REACTOME_RESPIRATORY_ELECTRON_TRANSPORT_ATP_SYNTHESIS_BY_CHEMIOSMOTIC_COUPLING_AND_HEAT_PRODUCTION_BY_UNCOUPLING_PROTEINS,3,0.438841080361006,0.0100094292752702,0.666666666666667,0.660776691631829,0.879681298729136
GOBP_HINDLIMB_MORPHOGENESIS,3,-0.438824592916317,0.0134252830278056,0.666666666666667,0.66078863911546,0.879681298729136
GOBP_CELL_REDOX_HOMEOSTASIS,3,0.438220075221862,-0.00935042590027559,0.333333333333333,0.661226757280492,0.880036440889507
GOBP_REGULATION_OF_RECEPTOR_SIGNALING_PATHWAY_VIA_STAT,3,0.43668020362814,0.0293727676404898,0.333333333333333,0.662343287979273,0.880952648112597
GOBP_POSITIVE_REGULATION_OF_NEURAL_PRECURSOR_CELL_PROLIFERATION,3,0.436275113765292,0.0340510648476067,0.666666666666667,0.662637135558417,0.880952648112597
GOBP_NEGATIVE_REGULATION_OF_EPITHELIAL_TO_MESENCHYMAL_TRANSITION,3,-0.436191096739194,0.0415000324322288,0.333333333333333,0.662698087057811,0.880952648112597
REACTOME_ASSEMBLY_OF_ACTIVE_LPL_AND_LIPC_LIPASE_COMPLEXES,3,0.436168736503254,0.0984638257722384,0.666666666666667,0.662714309026047,0.880952648112597
GOBP_POSITIVE_REGULATION_OF_MACROPHAGE_ACTIVATION,3,0.436088133187649,0.0162702376770104,1,0.66277278666415,0.880952648112597
REACTOME_METABOLISM_OF_NITRIC_OXIDE_NOS3_ACTIVATION_AND_REGULATION,2,-0.435575033358405,-0.149305640741277,0.5,0.663145088338855,0.881065159091362
GOBP_REGULATION_OF_CALCIUM_ION_TRANSMEMBRANE_TRANSPORT,3,-0.435498638987114,0.013400695896596,0.333333333333333,0.663200526683646,0.881065159091362
REACTOME_FATTY_ACYL_COA_BIOSYNTHESIS,3,-0.435232442719926,-0.0668593189238732,0.666666666666667,0.663393716063614,0.881093903724521
GOBP_POSITIVE_REGULATION_OF_REACTIVE_OXYGEN_SPECIES_METABOLIC_PROCESS,3,0.43491839802701,0.0647291314345325,0.666666666666667,0.663621659757822,0.881100316025038
GOBP_COPPER_ION_HOMEOSTASIS,3,-0.434718776857515,-0.00161686745422823,0.666666666666667,0.663766567381579,0.881100316025038
REACTOME_ACTIVATION_OF_ATR_IN_RESPONSE_TO_REPLICATION_STRESS,3,-0.434516789549762,-0.178299717083906,0.666666666666667,0.663913205416063,0.881100316025038
GOBP_POSITIVE_REGULATION_OF_COAGULATION,3,0.434233641356988,0.040926124044808,0.333333333333333,0.664118786009804,0.881145462398955
GOBP_GLYCOPROTEIN_CATABOLIC_PROCESS,3,-0.432700201203249,0.0150896832007902,0.333333333333333,0.665232583634712,0.882395286556787
REACTOME_GAP_FILLING_DNA_REPAIR_SYNTHESIS_AND_LIGATION_IN_GG_NER,3,-0.430731936590267,-0.0688132600483005,0.666666666666667,0.666663294431339,0.883583541272751
GOBP_NUCLEOLUS_ORGANIZATION,3,-0.430677382184618,-0.0264836525099918,0.333333333333333,0.666702966757396,0.883583541272751
GOBP_RESPIRATORY_BURST,3,-0.430617590310848,0.0420232781113603,0.666666666666667,0.6667464488757,0.883583541272751
GOBP_NEGATIVE_REGULATION_OF_HISTONE_METHYLATION,3,-0.430517671280509,0.0504774582319656,0.333333333333333,0.666819114945917,0.883583541272751
GOBP_PEPTIDYL_LYSINE_METHYLATION,3,-0.430090402858882,-0.0349796616094049,0.666666666666667,0.667129880970593,0.883583541272751
GOBP_REGULATION_OF_ENDOCRINE_PROCESS,3,0.429896076628192,0.0715007871774759,0.666666666666667,0.667271239567348,0.883583541272751
GOBP_LEUKOTRIENE_METABOLIC_PROCESS,3,0.42962934246656,0.0274668260882127,0.666666666666667,0.667465289044764,0.883583541272751
GOBP_REGULATION_OF_NEUROTRANSMITTER_TRANSPORT,3,0.429575172920626,0.0748452427581124,0.666666666666667,0.667504700182686,0.883583541272751
GOBP_NUCLEOSIDE_BISPHOSPHATE_METABOLIC_PROCESS,3,0.429284171019474,-0.0397652043373416,0.666666666666667,0.667716434765662,0.883636075484782
GOBP_ESTABLISHMENT_OF_PROTEIN_LOCALIZATION_TO_VACUOLE,3,0.429032438134425,0.0233359068579154,0.666666666666667,0.667899618335766,0.883650808802806
GOBP_ATRIOVENTRICULAR_VALVE_DEVELOPMENT,3,-0.428352371232887,-0.0174622216049946,0.666666666666667,0.668394595298054,0.884077940110947
GOBP_CEREBELLAR_PURKINJE_CELL_LAYER_DEVELOPMENT,3,-0.427463144225827,0.0399296588400446,0.666666666666667,0.669042023983901,0.884706445721245
GOBP_REGULATION_OF_PLATELET_DERIVED_GROWTH_FACTOR_RECEPTOR_SIGNALING_PATHWAY,3,-0.426379325585967,0.0418749262029188,0.333333333333333,0.669831463798528,0.885103669588183
GOBP_REGULATION_OF_MICROGLIAL_CELL_ACTIVATION,3,0.425960364045678,0.0712941799937443,0.666666666666667,0.670136727927805,0.885103669588183
REACTOME_APC_C_CDH1_MEDIATED_DEGRADATION_OF_CDC20_AND_OTHER_APC_C_CDH1_TARGETED_PROTEINS_IN_LATE_MITOSIS_EARLY_G1,3,0.42592754047983,-0.00874097414047401,0.333333333333333,0.670160646165478,0.885103669588183
GOBP_POSITIVE_REGULATION_OF_INSULIN_SECRETION_INVOLVED_IN_CELLULAR_RESPONSE_TO_GLUCOSE_STIMULUS,3,0.425661096482164,0.0550512059645069,0.666666666666667,0.670354813886233,0.885103669588183
GOBP_PEPTIDYL_TYROSINE_AUTOPHOSPHORYLATION,3,-0.425443902544955,0.0741817678762394,0.333333333333333,0.670513107536664,0.885103669588183
GOBP_NEURON_DEATH_IN_RESPONSE_TO_OXIDATIVE_STRESS,3,0.425404496457291,-0.119573103517158,0.333333333333333,0.670541828752751,0.885103669588183
GOBP_REGULATION_OF_MITOCHONDRIAL_MEMBRANE_PERMEABILITY_INVOLVED_IN_APOPTOTIC_PROCESS,3,0.425395000901333,0.0247004009330688,0.666666666666667,0.670548749682169,0.885103669588183
GOBP_POSITIVE_REGULATION_OF_BMP_SIGNALING_PATHWAY,3,-0.424115686712582,0.013802987439742,0.333333333333333,0.671481445818909,0.885992131767949
GOBP_NEGATIVE_REGULATION_OF_LIPID_STORAGE,3,-0.423998571164493,0.181962201781806,0.333333333333333,0.671566855329561,0.885992131767949
GOBP_HISTAMINE_TRANSPORT,2,0.423539457005408,-0.0329949403603526,0.5,0.671901716973464,0.886206270769315
GOBP_PYRIMIDINE_CONTAINING_COMPOUND_BIOSYNTHETIC_PROCESS,3,0.423088624336509,-0.0300769879300166,0.333333333333333,0.672230601761189,0.886327698609568
REACTOME_REGULATION_OF_BETA_CELL_DEVELOPMENT,3,0.422940155863663,0.114658982634641,0.666666666666667,0.672338924023146,0.886327698609568
HALLMARK_APOPTOSIS,3,-0.421466037773948,0.0539363515911596,0.333333333333333,0.673414805981047,0.887097677319517
GOBP_SPERM_CAPACITATION,3,0.421208355215602,0.0828872056183934,0.333333333333333,0.673602943760127,0.887097677319517
GOBP_NEGATIVE_REGULATION_OF_UBIQUITIN_DEPENDENT_PROTEIN_CATABOLIC_PROCESS,3,0.421196534264997,-0.0225807663685645,0.333333333333333,0.673611574897849,0.887097677319517
GOBP_REGULATION_OF_VIRAL_ENTRY_INTO_HOST_CELL,3,0.420922239421619,0.128808458798678,0.666666666666667,0.673811864982651,0.887097677319517
GOBP_SUBSTRATE_DEPENDENT_CELL_MIGRATION,3,-0.420751821220304,-0.0351786438664228,0.666666666666667,0.673936315995482,0.887097677319517
GOBP_CELLULAR_RESPONSE_TO_ARSENIC_CONTAINING_SUBSTANCE,3,-0.420720303304471,0.075750262129301,0.333333333333333,0.673959333508714,0.887097677319517
GOBP_RESPONSE_TO_TOXIC_SUBSTANCE,3,0.420411541622389,0.023982909447457,1,0.674184838100279,0.8871671351481
GOBP_LIPID_HOMEOSTASIS,3,0.419552065137662,0.0518300220212504,0.666666666666667,0.674812712238554,0.887565278700637
GOBP_EMBRYONIC_DIGESTIVE_TRACT_MORPHOGENESIS,3,-0.41936369853433,0.0288616179262947,0.333333333333333,0.67495035013125,0.887565278700637
REACTOME_MAP3K8_TPL2_DEPENDENT_MAPK1_3_ACTIVATION,3,0.419287765336064,0.0145668121930434,0.666666666666667,0.675005836955741,0.887565278700637
REACTOME_PROCESSIVE_SYNTHESIS_ON_THE_C_STRAND_OF_THE_TELOMERE,3,-0.418986901546995,-0.0627659863991278,0.666666666666667,0.675225705144858,0.887627136325568
GOBP_POSITIVE_REGULATION_OF_TELOMERASE_ACTIVITY,3,0.418588498156995,-0.0211511642394213,0.333333333333333,0.675516896930664,0.887703069978765
REACTOME_GABA_SYNTHESIS_RELEASE_REUPTAKE_AND_DEGRADATION,3,0.418434936950973,0.078941961262157,0.666666666666667,0.675629147302763,0.887703069978765
GOBP_SMOOTH_MUSCLE_TISSUE_DEVELOPMENT,3,0.418143418433549,0.0415888676249745,0.666666666666667,0.675842261733452,0.8877559734688
REACTOME_CYCLIN_A_CDK2_ASSOCIATED_EVENTS_AT_S_PHASE_ENTRY,3,0.417499800790694,-0.00529871612313218,0.333333333333333,0.676312869985773,0.888146995716424
GOBP_EPOXYGENASE_P450_PATHWAY,3,0.416975522847204,0.133469705242614,0.333333333333333,0.676696311450528,0.88842046474317
GOBP_NEGATIVE_REGULATION_OF_T_HELPER_CELL_DIFFERENTIATION,3,-0.416701630113568,0.171591427671258,0.333333333333333,0.676896661882268,0.88842046474317
REACTOME_DISEASES_ASSOCIATED_WITH_N_GLYCOSYLATION_OF_PROTEINS,2,-0.416505627360922,-0.0320459102133792,1,0.677040050429277,0.88842046474317
REACTOME_PD_1_SIGNALING,3,0.415376861037583,0.0567885860690713,0.666666666666667,0.677866042860405,0.889277138219934
GOBP_ORGANIC_HYDROXY_COMPOUND_CATABOLIC_PROCESS,3,0.414511904715796,0.0182535111019293,0.666666666666667,0.678499250385218,0.889880528595118
REACTOME_RNA_POLYMERASE_II_TRANSCRIPTION_TERMINATION,3,-0.414115768975065,-0.13911593943479,0.666666666666667,0.678789324830059,0.890033692194838
REACTOME_CHEMOKINE_RECEPTORS_BIND_CHEMOKINES,3,-0.413485795543997,0.0261107549723515,0.333333333333333,0.679250727316918,0.890411366896298
REACTOME_NOREPINEPHRINE_NEUROTRANSMITTER_RELEASE_CYCLE,3,0.411845193186117,0.0705583510148383,0.666666666666667,0.680452894140687,0.891677018702339
GOBP_NEGATIVE_REGULATION_OF_INTRACELLULAR_ESTROGEN_RECEPTOR_SIGNALING_PATHWAY,2,-0.411640520162088,-0.0342748923460242,1,0.680602927288773,0.891677018702339
GOBP_PSEUDOURIDINE_SYNTHESIS,2,-0.411457539555254,0.0321950975994981,0.5,0.680737069768666,0.891677018702339
GOBP_AMINOGLYCAN_METABOLIC_PROCESS,3,0.41089556920798,0.0604864204921829,0.666666666666667,0.681149111503611,0.8919892495366
REACTOME_PROGRAMMED_CELL_DEATH,3,-0.410016650359793,-0.00881296464298667,0.666666666666667,0.681793733493046,0.892258978103644
GOBP_POSITIVE_REGULATION_OF_PATTERN_RECOGNITION_RECEPTOR_SIGNALING_PATHWAY,3,0.409799004143993,0.0330141354492022,0.666666666666667,0.68195339680751,0.892258978103644
GOBP_ESTABLISHMENT_OF_MITOTIC_SPINDLE_LOCALIZATION,3,-0.409771382107604,-0.0494709532870814,0.666666666666667,0.681973661104509,0.892258978103644
REACTOME_CELLULAR_RESPONSE_TO_STARVATION,3,0.409667342011651,-0.0121008039272987,0.666666666666667,0.682049989882185,0.892258978103644
GOBP_TYPE_B_PANCREATIC_CELL_PROLIFERATION,3,0.409143160904657,-0.00925575452799903,0.333333333333333,0.682434603621632,0.892534790985663
REACTOME_PHASE_II_CONJUGATION_OF_COMPOUNDS,3,-0.408476710626061,-0.00967534011777635,1,0.682923725347293,0.892947111350229
GOBP_NEGATIVE_REGULATION_OF_OXIDATIVE_STRESS_INDUCED_CELL_DEATH,3,-0.407202847833917,-0.0275779828111925,0.666666666666667,0.683859010145654,0.893942447469605
REACTOME_POSTMITOTIC_NUCLEAR_PORE_COMPLEX_NPC_REFORMATION,3,-0.40665064012954,-0.122791235853387,0.666666666666667,0.684264598281435,0.894245032257876
GOBP_REGULATION_OF_CIRCADIAN_SLEEP_WAKE_CYCLE,3,0.405742110134843,0.0384376725659669,0.666666666666667,0.684932097870052,0.894574177514444
REACTOME_CELL_JUNCTION_ORGANIZATION,3,-0.405523347227584,0.0268649303113784,0.333333333333333,0.685092860385794,0.894574177514444
REACTOME_ASSOCIATION_OF_TRIC_CCT_WITH_TARGET_PROTEINS_DURING_BIOSYNTHESIS,3,0.405325949492638,0.0237296295191032,0.666666666666667,0.685237934497309,0.894574177514444
GOBP_DETECTION_OF_OTHER_ORGANISM,3,-0.405279284356443,-0.0245762884440855,0.666666666666667,0.685272231942913,0.894574177514444
GOBP_VENTRICULAR_SYSTEM_DEVELOPMENT,3,-0.40512267195518,-0.0309646027194176,1,0.685387342001429,0.894574177514444
GOBP_NUCLEOSIDE_TRIPHOSPHATE_METABOLIC_PROCESS,3,-0.403680496854176,0.00560321536792757,0.666666666666667,0.686447683171494,0.894617606734344
GOBP_PROTEIN_CONTAINING_COMPLEX_LOCALIZATION,3,-0.403648081435658,-0.0237872395629252,0.666666666666667,0.686471523304181,0.894617606734344
GOBP_DEVELOPMENTAL_MATURATION,3,-0.403478279987005,0.025015182451036,0.333333333333333,0.686596409992321,0.894617606734344
GOBP_EPIDERMAL_CELL_DIFFERENTIATION,3,0.403463499612124,0.0105884256635514,0.666666666666667,0.686607281164671,0.894617606734344
GOBP_PROTEIN_TARGETING_TO_MITOCHONDRION,3,0.403394459207485,0.0174839687219279,0.666666666666667,0.686658062206072,0.894617606734344
GOBP_CARDIAC_MUSCLE_CELL_PROLIFERATION,3,0.403389934982905,-0.0348423068033474,0.666666666666667,0.686661389942143,0.894617606734344
GOBP_PHOTORECEPTOR_CELL_MAINTENANCE,3,0.403189560123811,0.0077546115971175,0.666666666666667,0.686808779221198,0.894617606734344
KEGG_VALINE_LEUCINE_AND_ISOLEUCINE_DEGRADATION,3,0.402842512135722,-0.0742266583573165,0.333333333333333,0.687064084689988,0.894617606734344
GOBP_NEGATIVE_REGULATION_OF_ENDOPLASMIC_RETICULUM_STRESS_INDUCED_INTRINSIC_APOPTOTIC_SIGNALING_PATHWAY,3,-0.40211172497642,0.0790131596220501,0.333333333333333,0.68760180414595,0.894617606734344
GOBP_REGULATION_OF_EXTENT_OF_CELL_GROWTH,3,-0.401844197851396,-0.0155194212982359,0.666666666666667,0.687798692427132,0.894617606734344
GOBP_DOUBLE_STRAND_BREAK_REPAIR,3,-0.401708788986542,-0.0817802325198834,0.666666666666667,0.687898355507517,0.894617606734344
GOBP_HYPOTHALAMUS_DEVELOPMENT,3,0.401396421254315,0.0243735715166153,0.333333333333333,0.688128283807084,0.894617606734344
GOBP_POSITIVE_REGULATION_OF_ALPHA_BETA_T_CELL_ACTIVATION,3,0.40115198412459,0.120249212031648,0.666666666666667,0.688308229714272,0.894617606734344
GOBP_RESPONSE_TO_CORTICOSTEROID,3,-0.400832105304692,0.0242825670179841,0.333333333333333,0.688543739760119,0.894617606734344
GOBP_DEVELOPMENTAL_GROWTH_INVOLVED_IN_MORPHOGENESIS,3,-0.400743712347676,-0.015628842249946,0.666666666666667,0.688608824197783,0.894617606734344
GOBP_GLUCOSAMINE_CONTAINING_COMPOUND_METABOLIC_PROCESS,3,-0.400507547400193,0.106533774146103,0.666666666666667,0.68878272563547,0.894617606734344
REACTOME_CHOLESTEROL_BIOSYNTHESIS,3,-0.399972602584613,-0.0675791609000297,0.666666666666667,0.689176696189939,0.894617606734344
GOBP_POSITIVE_REGULATION_OF_BONE_RESORPTION,2,-0.399673951070665,0.0622054792166103,0.5,0.689396680605692,0.894617606734344
REACTOME_RAS_ACTIVATION_UPON_CA2_INFLUX_THROUGH_NMDA_RECEPTOR,3,-0.399423238226029,-0.0184851866004551,0.666666666666667,0.689581374041043,0.894617606734344
GOBP_NEGATIVE_REGULATION_OF_SMOOTHENED_SIGNALING_PATHWAY,3,-0.399347711205469,-0.0296927330001686,0.666666666666667,0.689637016399218,0.894617606734344
GOBP_MEMBRANE_DEPOLARIZATION_DURING_CARDIAC_MUSCLE_CELL_ACTION_POTENTIAL,3,-0.399243717468772,0.0175768084515123,0.666666666666667,0.689713633537302,0.894617606734344
GOBP_THIOESTER_METABOLIC_PROCESS,3,0.399026897888166,-0.0209328541364119,0.666666666666667,0.689873385076895,0.894617606734344
REACTOME_DEGRADATION_OF_THE_EXTRACELLULAR_MATRIX,3,0.398500238692143,0.0640598100705142,0.666666666666667,0.690261482383509,0.894617606734344
REACTOME_INFLAMMASOMES,3,0.398416443587225,0.171279857464387,0.666666666666667,0.690323238851463,0.894617606734344
GOBP_NEPHRON_EPITHELIUM_DEVELOPMENT,3,0.398371837913806,0.048642969622523,0.666666666666667,0.690356113794547,0.894617606734344
GOBP_REPLICATION_FORK_PROCESSING,3,-0.398314757744998,-0.203991827179403,0.666666666666667,0.690398183449919,0.894617606734344
REACTOME_ROLE_OF_PHOSPHOLIPIDS_IN_PHAGOCYTOSIS,3,0.398165669913268,0.00819203388939614,0.666666666666667,0.690508069796591,0.894617606734344
GOBP_POSITIVE_REGULATION_OF_AMINO_ACID_TRANSPORT,3,0.397746523064913,-0.0532724375729067,0.666666666666667,0.690817040186186,0.894617606734344
GOBP_NEGATIVE_REGULATION_OF_ALPHA_BETA_T_CELL_ACTIVATION,3,-0.397504362418575,0.0940931884229175,0.333333333333333,0.690995570244811,0.894617606734344
REACTOME_TRANSPORT_OF_MATURE_MRNAS_DERIVED_FROM_INTRONLESS_TRANSCRIPTS,3,0.397502239361483,-0.101823365740423,0.333333333333333,0.690997135519431,0.894617606734344
GOBP_CELLULAR_RESPONSE_TO_MOLECULE_OF_BACTERIAL_ORIGIN,3,-0.397328084934565,0.0762547481056563,0.333333333333333,0.691125539534063,0.894617606734344
GOBP_REGULATION_OF_MEMBRANE_DEPOLARIZATION,3,-0.397221192935079,0.0289305944482437,0.333333333333333,0.691204355378778,0.894617606734344
GOBP_REGULATION_OF_CELL_SIZE,3,-0.396977146219901,-0.0227504216485046,0.666666666666667,0.691384313548354,0.894617606734344
GOBP_ENDOPLASMIC_RETICULUM_TO_CYTOSOL_TRANSPORT,3,0.396769135472912,0.0407897797075589,1,0.691537712836353,0.894617606734344
REACTOME_TRP_CHANNELS,3,0.39652344041276,0.0161108848402072,0.666666666666667,0.691718919049243,0.894617606734344
REACTOME_DEFECTS_OF_CONTACT_ACTIVATION_SYSTEM_CAS_AND_KALLIKREIN_KININ_SYSTEM_KKS,3,-0.396389858011784,0.0545770285520151,0.333333333333333,0.691817446799064,0.894617606734344
GOBP_SKELETAL_MUSCLE_CONTRACTION,3,0.396324730337294,0.082191232445344,0.666666666666667,0.691865485581935,0.894617606734344
GOBP_POSITIVE_REGULATION_OF_EPITHELIAL_CELL_DIFFERENTIATION,3,0.395903409053553,0.0344067463595485,0.666666666666667,0.692176286057905,0.894794212230908
GOBP_LYMPHOCYTE_ACTIVATION_INVOLVED_IN_IMMUNE_RESPONSE,3,0.395376176519208,0.0260323007821854,0.666666666666667,0.692565288222312,0.895071796756365
GOBP_MESODERMAL_CELL_FATE_COMMITMENT,2,-0.394798577999138,-0.0751221701562847,0.5,0.692991544451814,0.895259988300953
GOBP_POSITIVE_REGULATION_OF_PEPTIDYL_TYROSINE_PHOSPHORYLATION,3,-0.394479557160541,0.0368452340790379,0.333333333333333,0.693227017172815,0.895259988300953
GOBP_REACTIVE_OXYGEN_SPECIES_BIOSYNTHETIC_PROCESS,3,-0.394470321711352,0.0186238505219377,0.333333333333333,0.693233834398927,0.895259988300953
REACTOME_HIV_INFECTION,3,-0.39359674480562,-0.0210299765123662,0.333333333333333,0.69387878490348,0.895737228335788
REACTOME_NICOTINATE_METABOLISM,3,0.393497341919941,0.0561631384476001,0.666666666666667,0.693952186827901,0.895737228335788
GOBP_BIOLOGICAL_PROCESS_INVOLVED_IN_SYMBIOTIC_INTERACTION,3,-0.393188456643341,0.0353167190845023,0.333333333333333,0.694180294841495,0.895806531232643
REACTOME_LATE_ENDOSOMAL_MICROAUTOPHAGY,3,0.391625949419351,0.0724867993914607,0.666666666666667,0.695334611557185,0.897070727193595
GOBP_OXIDATIVE_PHOSPHORYLATION,3,0.390377876160811,0.0158813713094985,0.666666666666667,0.696257144967527,0.898035333137423
REACTOME_ACTIVATION_OF_GENE_EXPRESSION_BY_SREBF_SREBP,3,-0.390029512790666,0.00336167220252688,0.666666666666667,0.696514723662142,0.898142008719248
GOBP_DEFENSE_RESPONSE_TO_GRAM_POSITIVE_BACTERIUM,3,-0.389487032010105,0.0319103597262143,0.333333333333333,0.696915901790384,0.898433752910495
GOBP_NEGATIVE_REGULATION_OF_AMINO_ACID_TRANSPORT,2,0.388781675901979,-0.0127626449669794,0.5,0.697437657062321,0.898880754497385
REACTOME_PIWI_INTERACTING_RNA_PIRNA_BIOGENESIS,3,0.388516010378364,0.0614219102340897,0.666666666666667,0.697634208225682,0.898894550920983
GOBP_EMBRYONIC_BRAIN_DEVELOPMENT,2,-0.388242282985032,0.03863668598491,0.5,0.697836745139461,0.898894550920983
REACTOME_THE_NLRP3_INFLAMMASOME,3,0.388057588412049,0.137666069207495,0.666666666666667,0.697973416875561,0.898894550920983
GOBP_REGULATION_OF_CHEMOTAXIS,3,-0.387131736458507,0.052463639654614,0.333333333333333,0.698658683606231,0.899009325048674
GOBP_FATTY_ACID_HOMEOSTASIS,2,-0.387041124808109,0.0187504859715952,0.5,0.698725762771364,0.899009325048674
GOBP_SKELETAL_MUSCLE_TISSUE_REGENERATION,3,-0.386925545099246,-0.00828548922049245,0.666666666666667,0.698811329028072,0.899009325048674
GOBP_NEGATIVE_REGULATION_OF_INTERFERON_GAMMA_PRODUCTION,3,-0.386757711983299,0.00167825424056466,0.333333333333333,0.698935586469233,0.899009325048674
GOBP_MODULATION_OF_EXCITATORY_POSTSYNAPTIC_POTENTIAL,3,0.386754802730364,-0.0323383391451475,0.333333333333333,0.6989377404438,0.899009325048674
GOBP_HEART_VALVE_MORPHOGENESIS,3,0.385833881270136,0.0177257490610574,0.333333333333333,0.699619700927212,0.899643326047802
GOBP_POSITIVE_REGULATION_OF_AXONOGENESIS,3,-0.385616144156781,-0.00391414463859849,0.666666666666667,0.6997809749924,0.899643326047802
REACTOME_RNA_POLYMERASE_III_TRANSCRIPTION_INITIATION_FROM_TYPE_3_PROMOTER,3,0.38507608777598,0.0106915611172726,0.666666666666667,0.700181043725646,0.899916835633634
REACTOME_BETA_DEFENSINS,2,-0.384855931494845,0.0769423904728233,0.5,0.700344157326253,0.899916835633634
REACTOME_KERATAN_SULFATE_KERATIN_METABOLISM,3,0.384394348074302,0.0163196440752192,1,0.7006861889459,0.900088560739406
GOBP_REGULATION_OF_NEURON_PROJECTION_REGENERATION,3,0.384084859175239,0.0109774666498754,1,0.700915553076719,0.900088560739406
REACTOME_FGFR2_LIGAND_BINDING_AND_ACTIVATION,3,0.383794152407003,0.082177133412378,0.333333333333333,0.701131022489225,0.900088560739406
GOBP_NEURON_PROJECTION_ORGANIZATION,3,0.383721768202001,-0.0205393551620115,0.666666666666667,0.701184676792378,0.900088560739406
GOBP_EMBRYONIC_FORELIMB_MORPHOGENESIS,3,-0.383493277506012,-0.0234599017062608,0.666666666666667,0.701354053753719,0.900088560739406
GOBP_MEMBRANE_LIPID_METABOLIC_PROCESS,3,-0.383040278784582,-0.0230569273624616,0.666666666666667,0.701689899253279,0.900135162115756
GOBP_REGULATION_OF_INSULIN_SECRETION,3,-0.382971513532891,-0.00228747212504649,0.666666666666667,0.70174088573043,0.900135162115756
GOBP_NODAL_SIGNALING_PATHWAY,2,0.382325628076306,0.0799211585755542,0.5,0.702219847530272,0.900511862232904
GOBP_NEURAL_PRECURSOR_CELL_PROLIFERATION,3,-0.382049321073139,-0.00165523522295895,0.666666666666667,0.702424781451074,0.900511862232904
GOBP_ANDROGEN_METABOLIC_PROCESS,3,0.381637004618483,0.0329297430529188,0.666666666666667,0.702730632339096,0.900511862232904
GOBP_DETOXIFICATION,3,0.381629913995903,0.027094411594145,1,0.702735892490164,0.900511862232904
GOBP_REGULATION_OF_B_CELL_APOPTOTIC_PROCESS,3,-0.380754924908027,0.0101452029148835,0.666666666666667,0.703385108960192,0.900931563332333
GOBP_RNA_STABILIZATION,3,0.380599479914905,-0.0722862641641921,0.333333333333333,0.703500467268311,0.900931563332333
KEGG_VIBRIO_CHOLERAE_INFECTION,3,-0.380479297490832,0.0564363181941209,0.333333333333333,0.703589661317365,0.900931563332333
GOBP_LENS_DEVELOPMENT_IN_CAMERA_TYPE_EYE,3,-0.380216507183434,0.0330385909044042,0.333333333333333,0.703784706801896,0.900956693453275
GOBP_REGULATION_OF_EXIT_FROM_MITOSIS,2,-0.379864797408385,-0.0364715588340598,1,0.704045779662315,0.901066315560839
GOBP_PROTEIN_AUTOUBIQUITINATION,3,0.379343143908956,-0.0205527417068196,0.666666666666667,0.704433065346862,0.90108860376294
GOBP_DIGESTION,3,-0.3791704169179,0.0504829536825449,0.333333333333333,0.704561318113388,0.90108860376294
GOBP_REGULATION_OF_COLLATERAL_SPROUTING,3,0.378948233734398,0.0780544494478602,0.666666666666667,0.704726305306283,0.90108860376294
GOBP_REGULATION_OF_GLIAL_CELL_DIFFERENTIATION,3,0.378680672311833,0.0598446522668175,0.666666666666667,0.704925007582876,0.90108860376294
GOBP_REGULATION_OF_ENDOTHELIAL_CELL_DIFFERENTIATION,3,-0.378659916586632,-0.0306551873664002,0.666666666666667,0.704940422492113,0.90108860376294
GOBP_CILIUM_MOVEMENT,3,-0.37763238318125,-0.0316136058660291,0.666666666666667,0.705703704686574,0.901839817683564
GOBP_CELLULAR_AMINO_ACID_BIOSYNTHETIC_PROCESS,3,0.377106541683688,-0.0705509721327686,0.333333333333333,0.706094429931188,0.901840403214336
REACTOME_OTHER_INTERLEUKIN_SIGNALING,3,-0.377041026257567,0.105374548642192,0.666666666666667,0.706143116439555,0.901840403214336
REACTOME_METABOLISM_OF_FOLATE_AND_PTERINES,2,-0.376866591186033,-0.162519257687516,0.5,0.706272750316873,0.901840403214336
GOBP_CELL_CELL_ADHESION_VIA_PLASMA_MEMBRANE_ADHESION_MOLECULES,3,-0.376425183559139,-0.00864210116420337,0.666666666666667,0.706600826665236,0.901840403214336
GOBP_ALPHA_BETA_T_CELL_ACTIVATION,3,0.376101566098239,0.100221822405666,0.666666666666667,0.706841390077199,0.901840403214336
GOBP_DICARBOXYLIC_ACID_CATABOLIC_PROCESS,2,-0.376082339304958,-0.0679874511980517,0.5,0.706855683376664,0.901840403214336
GOBP_REGULATION_OF_MITOCHONDRIAL_MEMBRANE_PERMEABILITY,3,-0.375977925807907,0.0310399755834502,0.666666666666667,0.706933306725257,0.901840403214336
GOBP_EMBRYO_IMPLANTATION,3,0.375275077602073,0.119138108117821,0.666666666666667,0.70745589919322,0.902282964553359
GOBP_POSITIVE_REGULATION_OF_LIPID_CATABOLIC_PROCESS,3,0.374156803491986,0.1241141561752,0.666666666666667,0.708287659567078,0.902959419940465
GOBP_REGULATION_OF_STRESS_ACTIVATED_PROTEIN_KINASE_SIGNALING_CASCADE,3,-0.374089259196624,0.0175169557591007,0.333333333333333,0.70833790945096,0.902959419940465
GOBP_RESPONSE_TO_ISCHEMIA,3,0.373110043202913,0.0729159160876214,0.666666666666667,0.709066544150478,0.903626028125865
GOBP_REGULATION_OF_TRANSLATIONAL_INITIATION,3,0.372913642579165,-0.059453108347936,0.333333333333333,0.709212717946916,0.903626028125865
GOBP_NEGATIVE_REGULATION_OF_EPITHELIAL_CELL_APOPTOTIC_PROCESS,3,-0.371840389989216,0.0520887864564694,0.333333333333333,0.710011689550487,0.904288778100301
GOBP_RESPONSE_TO_HYDROGEN_PEROXIDE,3,-0.371641914434701,0.0438820513017286,0.333333333333333,0.710159477555051,0.904288778100301
KEGG_JAK_STAT_SIGNALING_PATHWAY,3,-0.371368925920762,0.0325087731611416,0.333333333333333,0.710362766883351,0.904288778100301
GOBP_ASPARTATE_FAMILY_AMINO_ACID_CATABOLIC_PROCESS,2,0.371269042436566,-0.0735437314381754,0.5,0.710437153355669,0.904288778100301
GOBP_HISTONE_H4_K5_ACETYLATION,2,-0.370905061199699,-0.0208198582916875,1,0.710708245332669,0.90440969970976
GOBP_GLIAL_CELL_DIFFERENTIATION,3,0.370515728098598,0.0631599305391647,0.666666666666667,0.710998259803685,0.904498408771427
GOBP_STEROID_HORMONE_SECRETION,3,0.370338656776851,0.11377267238772,0.666666666666667,0.711130174185947,0.904498408771427
GOBP_GOLGI_TO_VACUOLE_TRANSPORT,3,-0.369792589415282,-0.00660817339798404,0.666666666666667,0.711537037257337,0.904791835442853
HALLMARK_BILE_ACID_METABOLISM,3,-0.369156981922689,-0.0353578383957883,0.666666666666667,0.712010718232545,0.905170061594641
GOBP_SOMATIC_DIVERSIFICATION_OF_IMMUNE_RECEPTORS_VIA_SOMATIC_MUTATION,3,0.367742609363673,-0.0218940624760148,0.333333333333333,0.713065165761922,0.905694514114138
GOBP_HISTONE_H3_K9_ACETYLATION,3,-0.367740820975546,0.0636003594777779,0.333333333333333,0.713066499394377,0.905694514114138
REACTOME_KERATAN_SULFATE_BIOSYNTHESIS,3,-0.367548609055311,0.00665989605282393,0.333333333333333,0.713209840313446,0.905694514114138
GOBP_EMBRYONIC_PLACENTA_MORPHOGENESIS,3,0.367520815820018,0.0171850874862035,0.333333333333333,0.713230567794795,0.905694514114138
GOBP_SALIVARY_GLAND_DEVELOPMENT,3,0.367421057381566,0.0384813268494391,0.666666666666667,0.713304966820811,0.905694514114138
GOBP_ACTIN_FILAMENT_SEVERING,3,0.366918589417779,0.0868417911072572,0.666666666666667,0.713679744757931,0.905946408570621
GOBP_PROTEIN_TRANSMEMBRANE_TRANSPORT,3,0.366416904396875,-0.0249319891019065,0.333333333333333,0.714054007658938,0.906197524916309
GOBP_RENAL_TUBULE_DEVELOPMENT,3,0.365476929325925,0.0326229810236698,0.666666666666667,0.714755425235842,0.906698243600215
GOBP_RESPONSE_TO_CHEMOKINE,3,0.365323877655158,0.0553972205183469,0.666666666666667,0.714869656554195,0.906698243600215
GOBP_MATURATION_OF_SSU_RRNA,3,-0.364934020356145,-0.0890397322736991,0.666666666666667,0.715160658466709,0.906698243600215
REACTOME_SULFUR_AMINO_ACID_METABOLISM,3,0.3648283509454,0.0222954282196115,0.666666666666667,0.71523954061629,0.906698243600215
GOBP_POSITIVE_REGULATION_OF_LIPID_LOCALIZATION,3,0.364705507890267,0.117368277432739,0.666666666666667,0.715331246703285,0.906698243600215
GOBP_DETECTION_OF_BIOTIC_STIMULUS,3,-0.364462091277143,0.0253690195946024,0.333333333333333,0.715512976764218,0.9067048232571
KEGG_GLYCINE_SERINE_AND_THREONINE_METABOLISM,3,0.363770321517504,0.0104466489091837,0.666666666666667,0.716029526463512,0.907135581627182
GOBP_FATTY_ACID_BIOSYNTHETIC_PROCESS,3,0.36340863514435,0.0395917001302888,0.666666666666667,0.716299652175893,0.907254010746088
HALLMARK_KRAS_SIGNALING_DN,3,0.363039766290127,0.064067516752379,0.666666666666667,0.716575178701237,0.907379220367247
REACTOME_RESPIRATORY_ELECTRON_TRANSPORT,3,0.362447235941485,0.00729306759637192,0.666666666666667,0.717017846369446,0.907585058756327
GOBP_POSITIVE_REGULATION_OF_HISTONE_MODIFICATION,3,0.362349122317827,0.0517814882533869,0.666666666666667,0.717091154289949,0.907585058756327
GOBP_REGULATION_OF_SYSTEMIC_ARTERIAL_BLOOD_PRESSURE_MEDIATED_BY_A_CHEMICAL_SIGNAL,3,-0.361563438144194,0.0416797548623362,0.333333333333333,0.717678290799602,0.90776745801015
GOBP_LIPOPROTEIN_BIOSYNTHETIC_PROCESS,3,0.361523652241405,0.0262248256205058,1,0.717708026977871,0.90776745801015
GOBP_CHEMICAL_SYNAPTIC_TRANSMISSION_POSTSYNAPTIC,3,0.361446746938856,0.0612767527321981,0.666666666666667,0.717765507589412,0.90776745801015
GOBP_REGULATION_OF_TOR_SIGNALING,3,0.360447357840298,-0.0324188216525426,0.333333333333333,0.718512616830893,0.908332471076703
REACTOME_METABOLISM_OF_FAT_SOLUBLE_VITAMINS,3,-0.360376000340553,0.0135315412919511,0.666666666666667,0.718565971570219,0.908332471076703
REACTOME_GAMMA_CARBOXYLATION_HYPUSINE_FORMATION_AND_ARYLSULFATASE_ACTIVATION,3,0.359580096096542,0.0829610902194452,0.666666666666667,0.719161170335421,0.908861164085315
GOBP_MACROPHAGE_CHEMOTAXIS,3,-0.359228423597566,0.087309652065401,0.333333333333333,0.719424214849718,0.908913595572269
GOBP_NEURON_CELLULAR_HOMEOSTASIS,3,-0.359051455212222,0.0123992366520879,0.333333333333333,0.719556596494713,0.908913595572269
GOBP_ADULT_LOCOMOTORY_BEHAVIOR,3,-0.358428834654265,0.0445025730671968,0.666666666666667,0.720022416201743,0.909278369710389
GOBP_POSITIVE_REGULATION_OF_LIPID_BIOSYNTHETIC_PROCESS,3,0.357719300153125,0.108051512036252,0.666666666666667,0.720553388171933,0.909636327110213
GOBP_EAR_MORPHOGENESIS,3,-0.357576738792647,-0.00761486361965256,0.666666666666667,0.720660088592574,0.909636327110213
GOBP_EAR_DEVELOPMENT,3,-0.356891372704887,-0.0105296084079562,0.666666666666667,0.72117312852092,0.90976703596411
GOBP_PLACENTA_BLOOD_VESSEL_DEVELOPMENT,3,-0.356709301603923,0.0721486892693904,0.333333333333333,0.72130944138042,0.90976703596411
GOBP_ETHANOL_METABOLIC_PROCESS,3,0.356672672851331,-0.0127907378816616,0.666666666666667,0.721336865638115,0.90976703596411
GOBP_MESODERM_MORPHOGENESIS,3,-0.356404230696227,-0.0156247904474991,0.666666666666667,0.721537861488792,0.90976703596411
REACTOME_RNA_POLYMERASE_I_TRANSCRIPTION_TERMINATION,3,0.35597417730407,-0.0129355599562027,0.333333333333333,0.721859903702328,0.90976703596411
REACTOME_REGULATION_OF_MRNA_STABILITY_BY_PROTEINS_THAT_BIND_AU_RICH_ELEMENTS,3,0.355929987860816,-0.0328985803159752,0.333333333333333,0.721892997425259,0.90976703596411
GOBP_TYPE_B_PANCREATIC_CELL_DEVELOPMENT,3,0.355548848068512,-0.047551546344393,0.333333333333333,0.72217845676239,0.90976703596411
GOBP_MRNA_EXPORT_FROM_NUCLEUS,3,0.355545819241802,-0.0715702903823718,0.333333333333333,0.722180725394407,0.90976703596411
KEGG_MISMATCH_REPAIR,3,0.354891414155625,-0.0655711685056274,0.333333333333333,0.722670940877804,0.909976041413905
REACTOME_BINDING_AND_UPTAKE_OF_LIGANDS_BY_SCAVENGER_RECEPTORS,3,-0.35464070937418,0.0385239293266463,0.666666666666667,0.722858774248389,0.909976041413905
REACTOME_ACTIVATION_OF_IRF3_IRF7_MEDIATED_BY_TBK1_IKK_EPSILON,3,0.354609872046465,0.0800079678704307,0.666666666666667,0.722881879385855,0.909976041413905
GOBP_GLAND_MORPHOGENESIS,3,0.35437837350307,0.0403838850330073,0.666666666666667,0.723055339760543,0.909976041413905
GOBP_HAIR_CELL_DIFFERENTIATION,3,-0.352765225388044,-0.0110183319788837,0.666666666666667,0.724264455942444,0.910681061363349
GOBP_REGULATION_OF_PROTEIN_LOCALIZATION_TO_NUCLEUS,3,-0.352656103536952,0.0106095960016928,0.333333333333333,0.724346271825838,0.910681061363349
GOBP_REGULATION_OF_OSTEOBLAST_DIFFERENTIATION,3,-0.352530341837115,-0.0767691266492728,0.333333333333333,0.724440567611845,0.910681061363349
GOBP_REGULATION_OF_DIGESTIVE_SYSTEM_PROCESS,3,-0.352522727288703,0.0701923599706378,0.333333333333333,0.724446277114109,0.910681061363349
GOBP_KIDNEY_EPITHELIUM_DEVELOPMENT,3,0.352323120126088,0.0432359705978325,0.666666666666667,0.724595951015288,0.910681061363349
GOBP_POSITIVE_REGULATION_OF_VASCULATURE_DEVELOPMENT,3,-0.351840338071932,0.0504676924575653,0.333333333333333,0.724958004947612,0.910681061363349
GOBP_REGULATION_OF_SYNAPSE_STRUCTURE_OR_ACTIVITY,3,0.351593584171524,0.020682123232903,0.666666666666667,0.725143077462394,0.910681061363349
GOBP_PROXIMAL_DISTAL_PATTERN_FORMATION,3,0.351533478143719,0.00718303321122388,0.666666666666667,0.725188161142542,0.910681061363349
REACTOME_SNRNP_ASSEMBLY,3,-0.35150255071648,-0.129589194745045,0.666666666666667,0.725211359224318,0.910681061363349
REACTOME_REGULATION_OF_RAS_BY_GAPS,3,0.350999178342426,0.00840755877980064,0.666666666666667,0.725588964820917,0.910932516089032
REACTOME_EUKARYOTIC_TRANSLATION_ELONGATION,3,0.349741094942706,-0.0203581496500822,0.666666666666667,0.726533009697459,0.911894803960447
GOBP_REGULATION_OF_PRODUCTION_OF_SMALL_RNA_INVOLVED_IN_GENE_SILENCING_BY_RNA,3,-0.349046139786439,0.128179325434275,0.333333333333333,0.727054670722633,0.91211910771985
GOBP_NEGATIVE_REGULATION_OF_BLOOD_PRESSURE,3,0.348826507550012,-0.00275669049497896,0.333333333333333,0.727219561757596,0.91211910771985
GOBP_INOSITOL_PHOSPHATE_CATABOLIC_PROCESS,3,-0.347861157463245,-0.065349611537903,0.666666666666667,0.727944457412466,0.91211910771985
GOBP_REGULATION_OF_SIGNALING_RECEPTOR_ACTIVITY,3,0.347728682656842,0.0550175027392518,0.666666666666667,0.728043953714749,0.91211910771985
GOBP_REGULATION_OF_STRIATED_MUSCLE_CELL_DIFFERENTIATION,3,-0.347693725415706,0.0553260011977879,0.666666666666667,0.728070209405063,0.91211910771985
GOBP_REGULATION_OF_SENSORY_PERCEPTION,3,0.347583046832925,0.106966200228027,0.666666666666667,0.728153339997432,0.91211910771985
GOBP_PROTEIN_REFOLDING,3,-0.347497424204184,-0.0680313953268281,0.666666666666667,0.728217653277452,0.91211910771985
REACTOME_DNA_STRAND_ELONGATION,3,-0.347420149555873,-0.107565454006863,0.666666666666667,0.728275697825163,0.91211910771985
REACTOME_NUCLEAR_PORE_COMPLEX_NPC_DISASSEMBLY,3,-0.347110597177429,-0.109235996350842,0.666666666666667,0.728508232496412,0.91211910771985
REACTOME_TRANSCRIPTIONAL_REGULATION_BY_RUNX3,3,0.346265403061135,0.000614713547641909,0.666666666666667,0.729143266572672,0.91211910771985
GOBP_SMOOTH_MUSCLE_CELL_MIGRATION,3,-0.346042006011294,-0.0167247520419398,0.666666666666667,0.729311146353471,0.91211910771985
GOBP_NEGATIVE_REGULATION_OF_PROTEASOMAL_PROTEIN_CATABOLIC_PROCESS,3,0.345929149163329,-0.00582291627967932,0.666666666666667,0.729395961642388,0.91211910771985
REACTOME_LDL_CLEARANCE,3,-0.345865538848478,0.0581487384721461,0.333333333333333,0.729443768151365,0.91211910771985
GOBP_N_GLYCAN_PROCESSING,3,-0.345842692201085,-0.0555335577415534,0.666666666666667,0.729460938869464,0.91211910771985
GOBP_RESPONSE_TO_VITAMIN_D,3,0.345810484955154,0.0315874302804184,0.666666666666667,0.729485144907043,0.91211910771985
GOBP_NEURONAL_ACTION_POTENTIAL,3,-0.34565308337327,-0.0224685692237324,0.666666666666667,0.729603447276401,0.91211910771985
GOBP_MITOCHONDRION_DISTRIBUTION,2,0.345483643415042,-0.092974934587797,0.5,0.729730804832723,0.91211910771985
GOBP_COPULATION,3,0.34468671949206,-0.0370170789822382,0.666666666666667,0.730329903289283,0.91264583535128
GOBP_ZINC_ION_HOMEOSTASIS,3,-0.344370286832442,-0.0227202031738407,0.666666666666667,0.730567831537958,0.912662054115325
GOBP_CERAMIDE_BIOSYNTHETIC_PROCESS,3,-0.344105967958892,-0.0163617779093498,1,0.730766594889578,0.912662054115325
GOBP_CELLULAR_RESPONSE_TO_CADMIUM_ION,3,-0.343751834972198,0.00804608828018573,0.666666666666667,0.73103292528054,0.912662054115325
GOBP_TRNA_WOBBLE_BASE_MODIFICATION,2,0.343724242291868,0.0792477633639567,0.5,0.731053678082252,0.912662054115325
GOBP_PEPTIDE_TRANSPORT,3,0.343077567625612,0.0285428575849992,0.666666666666667,0.731540106559073,0.912839350005795
GOBP_POSITIVE_REGULATION_OF_DNA_REPLICATION,3,-0.342813145688902,-0.115307941068588,0.666666666666667,0.73173903575427,0.912839350005795
GOBP_NEGATIVE_REGULATION_OF_LIPID_LOCALIZATION,3,0.342724783203736,0.134282214192728,0.666666666666667,0.73180551640037,0.912839350005795
REACTOME_PI_3K_CASCADE_FGFR1,3,-0.342540738943158,0.0379531897930045,0.666666666666667,0.73194399091751,0.912839350005795
GOBP_REGULATION_OF_INCLUSION_BODY_ASSEMBLY,3,-0.342294997725279,0.0141109893812521,0.666666666666667,0.732128899706174,0.912839350005795
REACTOME_PEROXISOMAL_PROTEIN_IMPORT,3,0.342117995288747,-0.074025142719248,0.333333333333333,0.732262095409633,0.912839350005795
GOBP_REGULATION_OF_CELL_CYCLE_G2_M_PHASE_TRANSITION,3,-0.341496915120976,-0.0244247012420798,0.666666666666667,0.732729526825147,0.91296169048844
REACTOME_DNA_DOUBLE_STRAND_BREAK_REPAIR,3,0.341418524491154,-0.0704123969595001,0.666666666666667,0.732788531481532,0.91296169048844
GOBP_POSITIVE_REGULATION_OF_DNA_RECOMBINATION,3,-0.341279064998649,-0.113439538470587,0.666666666666667,0.732893506597321,0.91296169048844
GOBP_REGULATION_OF_CIRCADIAN_RHYTHM,3,0.340897313826581,0.0222958008445246,0.666666666666667,0.733180887085308,0.913098214372004
REACTOME_DISEASES_ASSOCIATED_WITH_O_GLYCOSYLATION_OF_PROTEINS,3,0.339409277441227,0.0322606515697356,1,0.734301430570382,0.914272035735632
GOBP_REGULATION_OF_POSTSYNAPTIC_MEMBRANE_NEUROTRANSMITTER_RECEPTOR_LEVELS,3,0.338211600464822,0.0574419927609127,0.666666666666667,0.735203734527221,0.914944954954528
GOBP_PROTEIN_K48_LINKED_UBIQUITINATION,3,-0.338054001483489,-0.0221204275556965,0.666666666666667,0.735322493436388,0.914944954954528
GOBP_REGULATION_OF_SMOOTH_MUSCLE_CELL_DIFFERENTIATION,3,0.337982575133485,-0.062196144109989,0.333333333333333,0.735376318935415,0.914944954954528
REACTOME_ANTIGEN_PROCESSING_CROSS_PRESENTATION,3,0.337066444105588,0.0199813234087509,1,0.736066812475281,0.915582259354092
KEGG_GLYCOSAMINOGLYCAN_BIOSYNTHESIS_HEPARAN_SULFATE,3,-0.336399921323783,0.0367400914483263,0.333333333333333,0.736569308803591,0.915646803122136
REACTOME_CYTOPROTECTION_BY_HMOX1,3,0.336245588321834,0.0295386850214838,0.666666666666667,0.736685677639532,0.915646803122136
GOBP_INCLUSION_BODY_ASSEMBLY,3,-0.335896833449803,0.0433082475060485,0.333333333333333,0.736948665011708,0.915646803122136
GOBP_POSITIVE_REGULATION_OF_PROTEIN_LOCALIZATION_TO_CELL_PERIPHERY,3,-0.335665804225622,0.0451912504778835,0.666666666666667,0.737122895368363,0.915646803122136
GOBP_POSITIVE_REGULATION_OF_TRANSMEMBRANE_TRANSPORT,3,-0.335117879886848,-0.0114842907856321,0.666666666666667,0.7375361657277,0.915646803122136
GOBP_POSITIVE_REGULATION_OF_GROWTH,3,-0.335109693299914,-0.0120226778358981,0.666666666666667,0.737542341013084,0.915646803122136
GOBP_PROTEIN_INSERTION_INTO_MEMBRANE,3,0.334994376145624,0.0357006402152336,0.666666666666667,0.737629328554798,0.915646803122136
GOBP_PARASYMPATHETIC_NERVOUS_SYSTEM_DEVELOPMENT,3,0.334944200701495,-0.00810087175192865,0.666666666666667,0.737667178600276,0.915646803122136
REACTOME_REGULATION_OF_PTEN_STABILITY_AND_ACTIVITY,3,0.334866770924985,-0.00594209789355567,0.666666666666667,0.737725589307795,0.915646803122136
GOBP_CD4_POSITIVE_OR_CD8_POSITIVE_ALPHA_BETA_T_CELL_LINEAGE_COMMITMENT,3,0.334406978568536,0.0674394838030834,0.666666666666667,0.738072474098345,0.915646803122136
REACTOME_DUAL_INCISION_IN_TC_NER,3,-0.334397291597642,-0.0326306372654247,0.666666666666667,0.738079782890507,0.915646803122136
REACTOME_TP53_REGULATES_TRANSCRIPTION_OF_CELL_DEATH_GENES,3,-0.334002936487444,-0.0498547363926882,0.666666666666667,0.738377342800185,0.915683695141405
GOBP_REGULATION_OF_EXTRACELLULAR_MATRIX_ASSEMBLY,2,0.333885323215835,0.108879144394912,0.5,0.73846609526396,0.915683695141405
GOBP_POSITIVE_REGULATION_OF_NEURON_MIGRATION,2,0.333509867623366,0.00555999036548619,0.5,0.738749442124102,0.915813935493456
REACTOME_SYNTHESIS_OF_DNA,3,0.33312684121162,-0.0518799755596038,0.333333333333333,0.739038539053061,0.915951239521361
GOBP_SIGNAL_TRANSDUCTION_INVOLVED_IN_REGULATION_OF_GENE_EXPRESSION,3,0.332788210955713,0.0267218066504008,1,0.739294157810986,0.916046995058438
GOBP_GLOMERULAR_EPITHELIUM_DEVELOPMENT,3,-0.332502963800765,0.02782181950366,0.666666666666667,0.7395095021052,0.91609281302757
GOBP_LIPID_IMPORT_INTO_CELL,3,-0.331952143591523,0.0448340950161593,0.666666666666667,0.739925395730555,0.916181757086019
REACTOME_GLOBAL_GENOME_NUCLEOTIDE_EXCISION_REPAIR_GG_NER,3,-0.331752405240956,-0.0464755641860578,0.666666666666667,0.74007622581622,0.916181757086019
KEGG_CALCIUM_SIGNALING_PATHWAY,3,-0.331346362919491,0.0257317189280127,0.333333333333333,0.740382874744897,0.916181757086019
GOBP_CELLULAR_RESPONSE_TO_STEROID_HORMONE_STIMULUS,3,-0.331044352650787,0.00476117346699355,0.666666666666667,0.740610983949214,0.916181757086019
GOBP_REGULATION_OF_T_CELL_MEDIATED_CYTOTOXICITY,3,0.331032813915134,0.0185344163132586,0.666666666666667,0.740619699641121,0.916181757086019
GOBP_MRNA_TRANSPORT,3,-0.33099057154293,-0.089603148369059,0.666666666666667,0.740651607363932,0.916181757086019
GOBP_CARDIAC_EPITHELIAL_TO_MESENCHYMAL_TRANSITION,3,0.330492843318302,0.0098361496049183,0.333333333333333,0.741027599336656,0.916426137778249
GOBP_DEOXYRIBOSE_PHOSPHATE_METABOLIC_PROCESS,3,-0.330104113925609,-0.0484036641315391,0.666666666666667,0.741321294847189,0.916440077470184
REACTOME_PI_3K_CASCADE_FGFR4,3,0.330005587442979,0.046724048432215,0.666666666666667,0.74139574024311,0.916440077470184
KEGG_GLUTATHIONE_METABOLISM,3,-0.329505158628659,0.0879953821591173,0.666666666666667,0.741773895443555,0.916686892925433
GOBP_GLYCEROLIPID_BIOSYNTHETIC_PROCESS,3,0.328609645318523,0.0128220938400067,0.666666666666667,0.742450756701544,0.91704426441775
GOBP_RRNA_METABOLIC_PROCESS,3,0.328414884586867,-0.0738176738511546,0.333333333333333,0.7425979902778,0.91704426441775
GOBP_ARTERY_MORPHOGENESIS,3,-0.328413901365547,0.0201650280861361,0.333333333333333,0.742598733589062,0.91704426441775
GOBP_CARDIAC_MUSCLE_TISSUE_MORPHOGENESIS,3,0.327450944332921,0.076399642310722,0.666666666666667,0.743326840263621,0.917447153384955
REACTOME_HS_GAG_DEGRADATION,3,-0.327211614182162,0.0373498821868788,0.333333333333333,0.743507837134772,0.917447153384955
GOBP_DETECTION_OF_STIMULUS_INVOLVED_IN_SENSORY_PERCEPTION_OF_PAIN,3,-0.327187525751092,0.0154287203586361,0.666666666666667,0.743526055142758,0.917447153384955
KEGG_AMINO_SUGAR_AND_NUCLEOTIDE_SUGAR_METABOLISM,3,0.326987059616806,0.0492878039607071,0.666666666666667,0.743677672646036,0.917447153384955
GOBP_CENTROSOME_DUPLICATION,3,-0.326801352986959,-0.111083973550076,0.666666666666667,0.743818136038737,0.917447153384955
GOBP_REGULATION_OF_FATTY_ACID_BETA_OXIDATION,3,0.32581710203334,0.123615344303886,0.666666666666667,0.744562738639312,0.918145072185235
GOBP_HEMATOPOIETIC_STEM_CELL_PROLIFERATION,3,-0.325200877952011,-0.0494006780441905,0.666666666666667,0.745029044255411,0.918499561040757
GOBP_EXPORT_ACROSS_PLASMA_MEMBRANE,3,-0.32454543531727,-0.0313934780558865,0.666666666666667,0.74552512967709,0.918669207654041
GOBP_MONOSACCHARIDE_METABOLIC_PROCESS,3,-0.32441359269587,0.0415904658121459,0.333333333333333,0.745624930269409,0.918669207654041
GOBP_PANCREAS_DEVELOPMENT,3,-0.324310122614309,0.0127996565616682,0.333333333333333,0.745703256758119,0.918669207654041
GOBP_POSITIVE_REGULATION_OF_SPROUTING_ANGIOGENESIS,3,0.323998380625543,-0.00131981476379111,0.666666666666667,0.745939260235815,0.918739578074615
GOBP_NEGATIVE_REGULATION_OF_TELOMERE_MAINTENANCE,3,0.323595775679277,0.00405445000573594,0.666666666666667,0.746244086554152,0.918894660403291
REACTOME_PRE_NOTCH_PROCESSING_IN_GOLGI,3,0.322526236855855,0.0775848247779011,0.666666666666667,0.747054064667044,0.919623116300887
GOBP_CELLULAR_MODIFIED_AMINO_ACID_METABOLIC_PROCESS,3,-0.322341783892257,0.0588290471051842,0.333333333333333,0.74719378199447,0.919623116300887
GOBP_IMMUNOGLOBULIN_PRODUCTION,3,0.321548244193624,0.0107303669555866,0.666666666666667,0.747794958090286,0.919813289459558
GOBP_REGULATION_OF_CARDIAC_MUSCLE_CELL_ACTION_POTENTIAL,3,-0.321516719656437,-0.0207599499243001,0.666666666666667,0.747818843869736,0.919813289459558
HALLMARK_EPITHELIAL_MESENCHYMAL_TRANSITION,3,0.321301928265153,0.0621821889631689,0.666666666666667,0.747981595281076,0.919813289459558
GOBP_POSITIVE_REGULATION_OF_T_CELL_RECEPTOR_SIGNALING_PATHWAY,3,-0.32109964959308,0.075709640140878,0.666666666666667,0.748134875843552,0.919813289459558
REACTOME_ARACHIDONIC_ACID_METABOLISM,3,0.320940471166877,0.0409870595460653,0.666666666666667,0.748255503364351,0.919813289459558
GOBP_MYELOID_LEUKOCYTE_CYTOKINE_PRODUCTION,3,0.320719661681947,0.0556545393317892,0.666666666666667,0.748422845921241,0.919813289459558
GOBP_MYOBLAST_PROLIFERATION,2,-0.320051397036423,0.00503121059284067,0.5,0.748929368782265,0.92015910980032
GOBP_FOLIC_ACID_METABOLIC_PROCESS,2,0.319704465454449,-0.180939257264778,0.5,0.749192374372555,0.92015910980032
GOBP_NUCLEOSOME_POSITIONING,2,-0.319639397461876,-0.0882529765931143,0.5,0.749241705059373,0.92015910980032
GOBP_NEGATIVE_REGULATION_OF_STRESS_ACTIVATED_PROTEIN_KINASE_SIGNALING_CASCADE,3,0.31889353074336,-0.00199934459494801,0.666666666666667,0.749807250140662,0.920633525393842
REACTOME_CIRCADIAN_CLOCK,3,-0.318530712432232,0.0489997661487118,0.333333333333333,0.750082401714347,0.920751246463882
GOBP_CELLULAR_HORMONE_METABOLIC_PROCESS,3,-0.318201600877629,-0.0019126809607838,0.666666666666667,0.750332018504752,0.920752143033142
GOBP_PYRIDINE_CONTAINING_COMPOUND_BIOSYNTHETIC_PROCESS,3,0.31791107782982,0.0560506429420104,0.666666666666667,0.750552389317122,0.920752143033142
KEGG_NATURAL_KILLER_CELL_MEDIATED_CYTOTOXICITY,3,-0.317820691124354,-0.0153483105897619,0.333333333333333,0.750620954610547,0.920752143033142
GOBP_ENDOCRINE_SYSTEM_DEVELOPMENT,3,-0.317440174814357,0.026360229763267,0.333333333333333,0.750909627199874,0.920886304990103
GOBP_BONE_MINERALIZATION,3,0.316949779199276,-0.0211704553151619,0.333333333333333,0.751281709383906,0.921093754741619
GOBP_DOPAMINE_SECRETION,3,-0.316744516465438,0.0997252104419678,0.666666666666667,0.751437467361251,0.921093754741619
REACTOME_INTERLEUKIN_12_FAMILY_SIGNALING,3,-0.316454768647695,0.0605404858055284,0.666666666666667,0.751657351755609,0.921097877395985
GOBP_MITOTIC_CELL_CYCLE_CHECKPOINT_SIGNALING,3,-0.316267452100019,-0.0461759477688499,0.666666666666667,0.751799513637844,0.921097877395985
GOBP_DIGESTIVE_SYSTEM_DEVELOPMENT,3,0.315784700376094,0.037802881518138,0.666666666666667,0.752165931686324,0.92125029586633
GOBP_LIPOPOLYSACCHARIDE_MEDIATED_SIGNALING_PATHWAY,3,-0.315630927805102,0.0981262935296602,0.333333333333333,0.752282659825426,0.92125029586633
GOBP_REGULATION_OF_TRANSPOSITION,3,0.31515510943823,-0.000470574205739193,0.666666666666667,0.752643887508288,0.92143082592201
GOBP_HISTONE_EXCHANGE,3,-0.314964126837444,-0.0332292470225082,0.666666666666667,0.752788891271175,0.92143082592201
REACTOME_MRNA_SPLICING,3,-0.313017754192174,-0.0912415747268805,0.666666666666667,0.754267173574784,0.923020301043624
GOBP_MICROTUBULE_DEPOLYMERIZATION,3,-0.312705102833078,0.00777262081910478,0.666666666666667,0.754504718367828,0.92304816450163
KEGG_PORPHYRIN_AND_CHLOROPHYLL_METABOLISM,3,0.312471150416535,0.0365421722649986,0.666666666666667,0.754682484837969,0.92304816450163
REACTOME_SIALIC_ACID_METABOLISM,3,-0.312278199514732,0.0174326594655613,0.666666666666667,0.754829106484978,0.92304816450163
GOBP_SPINAL_CORD_DEVELOPMENT,3,-0.31121560633773,0.00953673128776601,0.666666666666667,0.755636719605077,0.923699765585769
GOBP_RECEPTOR_METABOLIC_PROCESS,3,-0.310871824120905,0.0355224783428001,0.333333333333333,0.755898065007349,0.923699765585769
REACTOME_EICOSANOID_LIGAND_BINDING_RECEPTORS,2,0.310557863994243,0.0521700037965459,0.5,0.756136763872531,0.923699765585769
GOBP_INNATE_IMMUNE_RESPONSE_IN_MUCOSA,3,-0.3104342896906,0.0262664054813887,0.333333333333333,0.75623072182462,0.923699765585769
GOBP_VESICLE_TARGETING_ROUGH_ER_TO_CIS_GOLGI,2,0.31039420783358,0.0558000355104122,0.5,0.756261198264828,0.923699765585769
HALLMARK_PI3K_AKT_MTOR_SIGNALING,3,0.310075696842701,0.0640161758400702,0.666666666666667,0.756503393162276,0.923775898069769
GOBP_DNA_METHYLATION_OR_DEMETHYLATION,3,0.309784949980388,-0.0390583287146299,0.333333333333333,0.756724497175999,0.923826246136423
GOBP_POSITIVE_REGULATION_OF_CELL_MIGRATION_INVOLVED_IN_SPROUTING_ANGIOGENESIS,3,-0.308103014519932,0.062663777633067,0.333333333333333,0.758003947483911,0.924609545135045
GOBP_RELEASE_OF_CYTOCHROME_C_FROM_MITOCHONDRIA,3,-0.307923286956262,0.0611215163143366,0.666666666666667,0.758140705733397,0.924609545135045
GOBP_TEMPERATURE_HOMEOSTASIS,3,0.307551488933711,0.0267408387732873,0.666666666666667,0.75842363820385,0.924609545135045
GOBP_PHOSPHATE_ION_TRANSPORT,3,0.307457110405876,0.0756031329493435,0.666666666666667,0.758495463935241,0.924609545135045
REACTOME_SIGNALING_BY_NOTCH4,3,0.307341509916234,0.0209850944741594,1,0.758583443245029,0.924609545135045
GOBP_RELAXATION_OF_CARDIAC_MUSCLE,3,-0.307340189616411,0.12381550051013,0.666666666666667,0.75858444809505,0.924609545135045
GOBP_HEART_TRABECULA_MORPHOGENESIS,3,0.307010098344828,0.00707161513973206,0.333333333333333,0.758835685808248,0.924609545135045
GOBP_INTERLEUKIN_10_PRODUCTION,3,-0.306998310450731,-0.0283408463624388,1,0.75884465823282,0.924609545135045
GOBP_SPLICEOSOMAL_COMPLEX_ASSEMBLY,3,0.306812175807097,-0.08300892456209,0.333333333333333,0.758986340009609,0.924609545135045
GOBP_AMIDE_TRANSPORT,3,0.306208973503721,0.0203636730645422,0.666666666666667,0.759445540495307,0.924870876133323
REACTOME_TRANSPORT_OF_INORGANIC_CATIONS_ANIONS_AND_AMINO_ACIDS_OLIGOPEPTIDES,3,-0.305484071750299,0.0270245904198431,0.333333333333333,0.75999749946484,0.924870876133323
GOBP_NUCLEOSOME_ORGANIZATION,3,0.305424607990611,-0.0286191272418822,0.666666666666667,0.760042782140178,0.924870876133323
GOBP_NEGATIVE_REGULATION_OF_VASCULATURE_DEVELOPMENT,3,0.305400161027903,0.0808919426520713,0.666666666666667,0.760061399161156,0.924870876133323
GOBP_POSITIVE_REGULATION_OF_PROTEIN_CONTAINING_COMPLEX_DISASSEMBLY,3,0.305347844720393,-0.0213915567699219,0.666666666666667,0.7601012399063,0.924870876133323
GOBP_RESPONSE_TO_LEPTIN,3,0.305000986638703,0.0841845866781474,0.666666666666667,0.760365400873246,0.924973164112978
GOBP_MUCOPOLYSACCHARIDE_METABOLIC_PROCESS,3,0.303883068946762,0.0529608704116222,0.666666666666667,0.761216977218807,0.925459323256653
GOBP_REGULATION_OF_T_CELL_MEDIATED_IMMUNITY,3,0.303639199409336,0.0110423136622885,0.666666666666667,0.7614027838715,0.925459323256653
GOBP_POSITIVE_REGULATION_OF_EXTRACELLULAR_MATRIX_ORGANIZATION,3,0.302986105745307,0.0985551493056631,0.666666666666667,0.761900450237189,0.925459323256653
GOBP_REGULATION_OF_PATTERN_RECOGNITION_RECEPTOR_SIGNALING_PATHWAY,3,-0.302928978883922,0.0585663937839744,0.333333333333333,0.761943986379207,0.925459323256653
GOBP_REGULATION_OF_ACTIN_CYTOSKELETON_REORGANIZATION,3,-0.302924145136638,0.0750190737150032,0.333333333333333,0.76194767019236,0.925459323256653
GOBP_EMBRYONIC_AXIS_SPECIFICATION,3,0.30285644753563,-0.00930183249147282,0.666666666666667,0.761999263301771,0.925459323256653
GOBP_COLUMNAR_CUBOIDAL_EPITHELIAL_CELL_DEVELOPMENT,3,0.302820869532499,0.000783668206078022,0.666666666666667,0.762026378125464,0.925459323256653
GOBP_REGULATION_OF_EPITHELIAL_CELL_MIGRATION,3,0.3020165330555,0.0659928667507827,0.666666666666667,0.762639459559857,0.925984932458493
GOBP_PIGMENT_GRANULE_ORGANIZATION,3,-0.301606408119864,0.0166817355390329,0.333333333333333,0.762952122391097,0.926001980743871
GOBP_RIBONUCLEOSIDE_TRIPHOSPHATE_BIOSYNTHETIC_PROCESS,3,0.301525126067525,0.0499429580119046,0.666666666666667,0.763014093167458,0.926001980743871
GOBP_REGULATION_OF_CELL_MIGRATION_INVOLVED_IN_SPROUTING_ANGIOGENESIS,3,0.300992139269357,0.0223144301719478,0.666666666666667,0.763420488702526,0.926276312302427
REACTOME_SIGNALING_BY_FGFR2_IN_DISEASE,3,-0.300678438995956,0.0451573543094121,0.666666666666667,0.763659711588528,0.926340848653273
GOBP_CARDIAC_ATRIUM_MORPHOGENESIS,3,-0.300145267230493,0.0251843182023871,0.666666666666667,0.764066351733536,0.926340848653273
GOBP_DNA_INTEGRITY_CHECKPOINT_SIGNALING,3,-0.299323411332909,-0.0841223579184438,0.666666666666667,0.764693293310297,0.926340848653273
GOBP_ENDOTHELIAL_CELL_MIGRATION,3,0.299133267563612,0.0749959523749305,0.666666666666667,0.764838363880191,0.926340848653273
GOBP_NEGATIVE_REGULATION_OF_VIRAL_TRANSCRIPTION,2,0.298974365279049,-0.055855890271408,0.5,0.764959605026211,0.926340848653273
REACTOME_G_PROTEIN_MEDIATED_EVENTS,3,-0.298775718876315,0.0197288893542791,0.666666666666667,0.765111178710857,0.926340848653273
REACTOME_SIGNALING_BY_FGFR_IN_DISEASE,3,-0.298709403686108,0.0227214190401192,0.333333333333333,0.765161781367229,0.926340848653273
GOBP_REGULATION_OF_ISOTYPE_SWITCHING,3,-0.298648682022845,-0.0415388672522276,0.666666666666667,0.765208116690274,0.926340848653273
GOBP_CALCIUM_DEPENDENT_CELL_CELL_ADHESION_VIA_PLASMA_MEMBRANE_CELL_ADHESION_MOLECULES,3,-0.298447533165533,-0.0777213183184571,0.666666666666667,0.765361614819139,0.926340848653273
REACTOME_PLASMA_LIPOPROTEIN_REMODELING,3,0.298402305338792,0.124707953444347,0.666666666666667,0.765396129765716,0.926340848653273
GOBP_ADRENERGIC_RECEPTOR_SIGNALING_PATHWAY,3,-0.298302849529829,0.057162229914379,0.666666666666667,0.765472029632651,0.926340848653273
GOBP_LATE_ENDOSOME_TO_VACUOLE_TRANSPORT,3,0.298085345302012,0.0526016247915203,0.666666666666667,0.765638026194148,0.926340848653273
GOBP_ESTABLISHMENT_OF_PROTEIN_LOCALIZATION_TO_PLASMA_MEMBRANE,3,-0.297543723828136,-0.0273318252708419,0.666666666666667,0.76605143182066,0.926622739950756
GOBP_POSITIVE_REGULATION_OF_AMYLOID_BETA_FORMATION,3,0.297059154296186,0.080871131312329,0.666666666666667,0.766421347652939,0.926736042197595
GOBP_REGULATION_OF_RUFFLE_ASSEMBLY,3,-0.296895253174631,0.0243720842172916,0.333333333333333,0.766546480286745,0.926736042197595
GOBP_MITOCHONDRIAL_ELECTRON_TRANSPORT_NADH_TO_UBIQUINONE,3,0.296483403935515,0.00179249030078497,0.666666666666667,0.766860939292404,0.926736042197595
GOBP_HAIR_FOLLICLE_MATURATION,2,0.296380293201082,0.0307696732619102,1,0.766939673382663,0.926736042197595
GOBP_NEGATIVE_REGULATION_OF_BLOOD_VESSEL_ENDOTHELIAL_CELL_MIGRATION,3,-0.296239354142482,0.0791984276816483,0.333333333333333,0.76704729660864,0.926736042197595
GOBP_NEGATIVE_REGULATION_OF_LEUKOCYTE_APOPTOTIC_PROCESS,3,0.295812596966422,0.0188274415343124,0.666666666666667,0.767373202325832,0.926867188610442
GOBP_REGULATION_OF_NATURAL_KILLER_CELL_MEDIATED_IMMUNITY,3,0.295458060966111,0.0204123131410465,0.666666666666667,0.767643985501779,0.926867188610442
GOBP_POSITIVE_REGULATION_OF_TELOMERE_MAINTENANCE,3,-0.295388340397789,-0.0453739622704306,0.666666666666667,0.76769723916449,0.926867188610442
GOBP_AMINO_ACID_IMPORT,3,0.294642323567851,0.0251549864211873,0.666666666666667,0.768267127114926,0.927293368608966
GOBP_NEGATIVE_REGULATION_OF_CELL_JUNCTION_ASSEMBLY,3,0.294453583111766,-0.00769133195650385,0.666666666666667,0.76841132725852,0.927293368608966
KEGG_ECM_RECEPTOR_INTERACTION,3,-0.294214783718331,0.0302522714815675,0.333333333333333,0.768593784559951,0.927295672421871
GOBP_ANTERIOR_POSTERIOR_AXIS_SPECIFICATION,3,0.293620383393977,-0.00583395651392181,0.333333333333333,0.769047998308956,0.927604660143755
GOBP_REGULATION_OF_AMINO_ACID_TRANSPORT,3,-0.293226292278882,-0.0220761806347912,0.666666666666667,0.769349188567423,0.927604660143755
GOBP_POSITIVE_REGULATION_OF_ION_TRANSMEMBRANE_TRANSPORT,3,0.293170651406973,-0.00114939670637314,0.333333333333333,0.769391715773442,0.927604660143755
GOBP_NEGATIVE_REGULATION_OF_WNT_SIGNALING_PATHWAY,3,-0.292110829766002,-0.0101685267326056,1,0.770201886673187,0.927670247683801
GOBP_POSITIVE_REGULATION_OF_MEMBRANE_PERMEABILITY,3,0.291862268749454,0.0549163306613368,0.666666666666667,0.770391933201369,0.927670247683801
GOBP_CYTOPLASMIC_PATTERN_RECOGNITION_RECEPTOR_SIGNALING_PATHWAY,3,-0.291823174812225,0.0264007725178388,0.666666666666667,0.770421825173599,0.927670247683801
GOBP_CHROMATIN_REMODELING,3,-0.291794304838342,-0.0104401493361485,0.666666666666667,0.770443899926792,0.927670247683801
GOBP_RIBOSE_PHOSPHATE_BIOSYNTHETIC_PROCESS,3,0.291433262751942,0.0159666139721703,0.666666666666667,0.770719978049043,0.927670247683801
GOBP_MICROTUBULE_BASED_TRANSPORT,3,-0.291281888943604,-0.0531030598797129,0.666666666666667,0.770835737733626,0.927670247683801
GOBP_POSITIVE_REGULATION_OF_EXCITATORY_POSTSYNAPTIC_POTENTIAL,3,0.291247197600784,-0.0531675659195017,0.333333333333333,0.770862267869763,0.927670247683801
GOBP_ADULT_BEHAVIOR,3,0.291155512060172,0.0488367212528293,0.333333333333333,0.770932385496792,0.927670247683801
REACTOME_NEDDYLATION,3,-0.290973343004523,-0.0468654079170836,0.666666666666667,0.771071707040916,0.927670247683801
GOBP_T_CELL_APOPTOTIC_PROCESS,3,0.290275218962666,0.0376700512203934,0.666666666666667,0.771605695480382,0.927736491535101
GOBP_CELLULAR_RESPONSE_TO_CORTICOSTEROID_STIMULUS,3,0.290251426357534,0.00411810567255881,0.666666666666667,0.771623896126105,0.927736491535101
KEGG_SELENOAMINO_ACID_METABOLISM,3,0.290192896183262,-0.0658582074559769,0.333333333333333,0.771668670529196,0.927736491535101
KEGG_HEMATOPOIETIC_CELL_LINEAGE,3,0.2898339551589,0.0598595983147469,0.666666666666667,0.771943269802336,0.927849434520197
KEGG_ARGININE_AND_PROLINE_METABOLISM,3,-0.289550240913834,0.0557763290821143,0.666666666666667,0.772160338838235,0.92785075269502
GOBP_MEIOTIC_CHROMOSOME_SEPARATION,3,0.288549010499811,-0.138470785352065,0.333333333333333,0.772926520043898,0.92785075269502
REACTOME_CD28_DEPENDENT_PI3K_AKT_SIGNALING,3,0.288191646619875,0.0204436361112699,0.666666666666667,0.773200042699284,0.92785075269502
KEGG_NUCLEOTIDE_EXCISION_REPAIR,3,-0.287892038674217,-0.0394693284527258,0.666666666666667,0.773429381264982,0.92785075269502
GOBP_ALTERNATIVE_MRNA_SPLICING_VIA_SPLICEOSOME,3,-0.287703133142883,-0.121192485666843,0.666666666666667,0.773573991483781,0.92785075269502
REACTOME_NONSENSE_MEDIATED_DECAY_NMD,3,0.287428979102948,-0.0331247256781535,0.666666666666667,0.773783874784235,0.92785075269502
REACTOME_SIGNALING_BY_BRAF_AND_RAF1_FUSIONS,3,-0.287249946743006,0.0296584472052002,0.333333333333333,0.77392094498843,0.92785075269502
REACTOME_ESR_MEDIATED_SIGNALING,3,-0.287119422586482,-0.0110408190666849,0.666666666666667,0.774020880934579,0.92785075269502
GOBP_MALE_GENITALIA_DEVELOPMENT,3,-0.287071682856663,-0.00653501619391526,0.666666666666667,0.774057433840213,0.92785075269502
GOBP_ESTABLISHMENT_OF_TISSUE_POLARITY,3,-0.28699141143613,-0.0110033327455246,0.666666666666667,0.774118896432946,0.92785075269502
REACTOME_PCNA_DEPENDENT_LONG_PATCH_BASE_EXCISION_REPAIR,3,-0.286260029176029,-0.10599498649753,0.666666666666667,0.774678969765325,0.92785075269502
GOBP_PIGMENT_METABOLIC_PROCESS,3,0.286203421767735,-0.00500527991644636,0.666666666666667,0.774722323125466,0.92785075269502
GOBP_REGULATION_OF_MULTICELLULAR_ORGANISM_GROWTH,3,-0.285969233035406,0.00570885847138969,0.666666666666667,0.77490168641339,0.92785075269502
GOBP_MESODERM_DEVELOPMENT,3,-0.285802331243692,0.012269862339539,0.333333333333333,0.775029522500258,0.92785075269502
GOBP_NEGATIVE_REGULATION_OF_ERBB_SIGNALING_PATHWAY,3,0.285242262969787,0.0298971129847957,1,0.775458543487166,0.92785075269502
GOBP_POSITIVE_REGULATION_OF_GRANULOCYTE_CHEMOTAXIS,3,0.284672474337371,0.0711015991796121,0.666666666666667,0.775895080757305,0.92785075269502
REACTOME_TGF_BETA_RECEPTOR_SIGNALING_ACTIVATES_SMADS,3,0.284612064685021,0.138411055508604,0.666666666666667,0.775941367099644,0.92785075269502
REACTOME_SIGNALING_BY_TYPE_1_INSULIN_LIKE_GROWTH_FACTOR_1_RECEPTOR_IGF1R,3,0.284479916555869,0.0254002123517276,0.666666666666667,0.776042622791498,0.92785075269502
GOBP_REGULATION_OF_CALCIUM_ION_TRANSPORT,3,0.284310166499884,0.0547154133325401,0.666666666666667,0.776172695744848,0.92785075269502
GOBP_REGULATION_OF_SMOOTHENED_SIGNALING_PATHWAY,3,-0.284229082667451,-0.0304295955462362,0.666666666666667,0.776234829389568,0.92785075269502
GOBP_REGULATION_OF_PHOSPHOLIPID_BIOSYNTHETIC_PROCESS,3,-0.284181148238111,-0.0404605370015544,0.666666666666667,0.776271561686558,0.92785075269502
GOBP_LIVER_MORPHOGENESIS,3,-0.284016178766481,0.0522128739055037,0.333333333333333,0.77639798211137,0.92785075269502
GOBP_REGULATION_OF_EXOSOMAL_SECRETION,3,0.283912771901473,0.0491060988038568,0.666666666666667,0.776477228519458,0.92785075269502
REACTOME_COLLAGEN_CHAIN_TRIMERIZATION,3,-0.283620130023321,0.0422629328660965,0.666666666666667,0.776701508805652,0.92785075269502
GOBP_PYRIMIDINE_NUCLEOSIDE_MONOPHOSPHATE_METABOLIC_PROCESS,3,0.283611022958828,0.0740190426394956,0.666666666666667,0.776708488744669,0.92785075269502
GOBP_REGULATION_OF_SYNAPTIC_PLASTICITY,3,0.283505624811748,0.0537998387959039,0.666666666666667,0.776789270492068,0.92785075269502
GOBP_POSITIVE_REGULATION_OF_MITOCHONDRIAL_TRANSLATION,2,-0.283462809689133,0.0557186049986483,0.5,0.776822086563198,0.92785075269502
REACTOME_COOPERATION_OF_PDCL_PHLP1_AND_TRIC_CCT_IN_G_PROTEIN_BETA_FOLDING,3,-0.283014087146842,0.000627533134613294,0.333333333333333,0.777166038311559,0.928045750469233
GOBP_POSITIVE_REGULATION_OF_CD4_POSITIVE_ALPHA_BETA_T_CELL_ACTIVATION,3,0.28213919566265,0.129802337912592,0.666666666666667,0.777836779732835,0.928630799792618
GOBP_POSITIVE_REGULATION_OF_COLLAGEN_METABOLIC_PROCESS,3,0.280689529858359,0.0510987835582798,0.666666666666667,0.778948540010569,0.929688563033482
GOBP_KERATINOCYTE_DIFFERENTIATION,3,0.28029241427556,0.0347211013607314,0.666666666666667,0.779253170163502,0.929688563033482
GOBP_CELLULAR_RESPONSE_TO_ALCOHOL,3,0.280140546410135,-0.0254922204190564,0.666666666666667,0.779369678035894,0.929688563033482
GOBP_POSITIVE_REGULATION_OF_MAP_KINASE_ACTIVITY,3,-0.280039973965333,0.0160075865582669,0.333333333333333,0.779446836530797,0.929688563033482
REACTOME_REGULATION_OF_GLUCOKINASE_BY_GLUCOKINASE_REGULATORY_PROTEIN,3,-0.279409780535717,-0.127482508450992,0.666666666666667,0.779930366081833,0.930049305826861
GOBP_NEGATIVE_REGULATION_OF_CELL_CYCLE_G2_M_PHASE_TRANSITION,3,-0.278977796017935,-0.0383850543565732,0.333333333333333,0.780261864753842,0.930228629845806
GOBP_POSITIVE_REGULATION_OF_MAST_CELL_ACTIVATION,3,0.278468469826289,0.100025195628869,0.666666666666667,0.780652765626136,0.93036130328259
GOBP_PIGMENT_BIOSYNTHETIC_PROCESS,3,0.278186738049638,-0.0370864388932325,0.333333333333333,0.780869014727103,0.93036130328259
REACTOME_CELLULAR_RESPONSE_TO_HEAT_STRESS,3,0.278124766458035,-0.0307684022609691,0.333333333333333,0.780916584589417,0.93036130328259
GOBP_HISTONE_H3_K4_TRIMETHYLATION,3,0.276901583728173,-0.159879217091162,0.333333333333333,0.781855676489271,0.931229261979887
GOBP_REGULATION_OF_SKELETAL_MUSCLE_TISSUE_DEVELOPMENT,3,0.276508203150268,0.0289331773449997,0.666666666666667,0.782157759961493,0.931229261979887
REACTOME_DAP12_INTERACTIONS,3,-0.276467439822305,-0.0794978681152603,0.666666666666667,0.782189064677031,0.931229261979887
REACTOME_REGULATION_OF_TP53_ACTIVITY_THROUGH_METHYLATION,3,0.275688255707079,0.00974694759102147,0.666666666666667,0.782787516784638,0.931725767371008
GOBP_POSITIVE_REGULATION_OF_VASCULAR_ASSOCIATED_SMOOTH_MUSCLE_CELL_PROLIFERATION,3,-0.275148796040139,-0.028682188291795,0.666666666666667,0.783201923947536,0.932003030906984
GOBP_PROTEIN_TARGETING_TO_LYSOSOME,3,-0.274324880863888,0.00317985674704686,0.666666666666667,0.783834965484477,0.932056929518447
GOBP_REGULATION_OF_EPIDERMIS_DEVELOPMENT,3,0.27432176690963,-0.0151284927819953,0.333333333333333,0.783837358311182,0.932056929518447
GOBP_NEGATIVE_REGULATION_OF_INTERLEUKIN_1_PRODUCTION,3,0.274038597252927,0.0785010010165942,0.666666666666667,0.784054960259761,0.932056929518447
REACTOME_DISEASES_OF_GLYCOSYLATION,3,-0.274022563251928,0.0535442933442735,0.333333333333333,0.784067282105925,0.932056929518447
GOBP_MECHANORECEPTOR_DIFFERENTIATION,3,0.273908949851399,-0.0014590239064874,0.666666666666667,0.784154593545407,0.932056929518447
GOBP_PHOTOTRANSDUCTION_VISIBLE_LIGHT,3,0.272907316310319,0.0468928954918827,0.666666666666667,0.784924462331261,0.93275614033627
GOBP_RECEPTOR_MEDIATED_ENDOCYTOSIS,3,-0.272364221028022,0.0116941376839713,0.333333333333333,0.785341980592648,0.932801340939744
GOBP_REGULATION_OF_VACUOLE_ORGANIZATION,3,-0.272129253255406,-0.031241096544585,0.666666666666667,0.785522637170528,0.932801340939744
GOBP_SYNAPTIC_TRANSMISSION_GABAERGIC,3,-0.271843581721305,0.00448622170476447,0.666666666666667,0.785742293241031,0.932801340939744
GOBP_REGULATION_OF_BLOOD_PRESSURE,3,0.271696176234044,0.0565927142453859,0.666666666666667,0.785855641658911,0.932801340939744
GOBP_POSITIVE_REGULATION_OF_CREB_TRANSCRIPTION_FACTOR_ACTIVITY,3,0.271676723733879,-0.0191573756944535,0.333333333333333,0.785870600125832,0.932801340939744
GOBP_ASYMMETRIC_CELL_DIVISION,2,-0.271307544550307,-0.00643140672348217,0.5,0.786154504301373,0.932840903206787
GOBP_REGULATION_OF_PEPTIDE_TRANSPORT,3,-0.270819774835859,0.0148689770722336,0.333333333333333,0.786529649925735,0.932840903206787
GOBP_REGULATION_OF_MRNA_CATABOLIC_PROCESS,3,0.27052486269344,-0.0405286147322367,0.333333333333333,0.7867564920713,0.932840903206787
GOBP_RNA_CATABOLIC_PROCESS,3,-0.270462660229265,-0.0566982994466434,0.666666666666667,0.786804339617028,0.932840903206787
GOBP_POSITIVE_REGULATION_OF_PHOSPHOLIPID_METABOLIC_PROCESS,2,0.270420635504637,0.0887503593299199,0.5,0.786836666443664,0.932840903206787
GOBP_LIPOPROTEIN_METABOLIC_PROCESS,3,0.270216501834204,0.0170459353241849,0.666666666666667,0.786993698129869,0.932840903206787
GOBP_TRANSPORT_OF_VIRUS,3,0.26944761393126,-0.0853511434647094,0.666666666666667,0.787585249864924,0.933326682811779
REACTOME_FRS_MEDIATED_FGFR2_SIGNALING,3,0.269011961450531,0.0752536968149629,0.666666666666667,0.787920477954219,0.933460754862011
GOBP_MONOSACCHARIDE_BIOSYNTHETIC_PROCESS,3,-0.268736718353285,-0.0103085199817184,1,0.788132293671017,0.933460754862011
GOBP_REGULATION_OF_TELOMERASE_ACTIVITY,3,0.268194649605735,-0.0166517303449933,0.666666666666667,0.78854949318499,0.933460754862011
GOBP_INTERLEUKIN_2_PRODUCTION,3,0.268066302556322,0.0883786976925149,0.333333333333333,0.788648283501515,0.933460754862011
REACTOME_PI_3K_CASCADE_FGFR3,3,0.267806129183162,0.0286141866045079,0.666666666666667,0.788848552602178,0.933460754862011
REACTOME_ANTIGEN_PRESENTATION_FOLDING_ASSEMBLY_AND_PEPTIDE_LOADING_OF_CLASS_I_MHC,3,-0.267660028817805,0.0598329562634435,0.333333333333333,0.788961019840601,0.933460754862011
GOBP_ASTROCYTE_DIFFERENTIATION,3,-0.267550711843466,0.0511642572707834,0.333333333333333,0.789045174308472,0.933460754862011
GOBP_REGULATION_OF_MYOBLAST_DIFFERENTIATION,3,-0.26689919254322,0.0406782688335658,0.333333333333333,0.78954677835867,0.933460754862011
GOBP_CHONDROITIN_SULFATE_BIOSYNTHETIC_PROCESS,2,0.266607110160689,-0.0249228663206435,0.5,0.789771680620645,0.933460754862011
GOBP_NEGATIVE_REGULATION_OF_STRIATED_MUSCLE_CELL_APOPTOTIC_PROCESS,3,0.266506350281355,0.0415026523942218,0.666666666666667,0.789849269387188,0.933460754862011
REACTOME_SHC1_EVENTS_IN_ERBB2_SIGNALING,3,-0.266260243156239,0.00863641338308171,0.666666666666667,0.790038789569861,0.933460754862011
GOBP_POSITIVE_REGULATION_OF_PHOSPHOPROTEIN_PHOSPHATASE_ACTIVITY,3,-0.26625469804231,0.0353178804832411,0.666666666666667,0.790043059849413,0.933460754862011
HALLMARK_APICAL_JUNCTION,3,0.266231249132465,0.0785477637549645,0.666666666666667,0.790061117870943,0.933460754862011
KEGG_PYRUVATE_METABOLISM,3,0.265743629855392,0.041789556060014,0.666666666666667,0.790436659343224,0.933689669362189
GOBP_POSITIVE_REGULATION_OF_MEIOTIC_CELL_CYCLE,3,0.265343286963805,-0.0542960168644598,0.333333333333333,0.790745021025107,0.933839141868235
GOBP_IMMUNOLOGICAL_MEMORY_PROCESS,3,-0.264607320824317,0.102279717774953,0.666666666666667,0.791311979906821,0.934293868689985
GOBP_NEGATIVE_REGULATION_OF_CALCIUM_ION_TRANSMEMBRANE_TRANSPORT,3,-0.264118904528947,0.0450676087539807,0.333333333333333,0.791688297261922,0.934404123764325
REACTOME_RESPONSE_OF_EIF2AK4_GCN2_TO_AMINO_ACID_DEFICIENCY,3,0.263907454393357,-0.0414464862322961,0.666666666666667,0.791851231451004,0.934404123764325
GOBP_REGULATION_OF_FATTY_ACID_BIOSYNTHETIC_PROCESS,3,-0.263777778323464,0.0597443578205225,0.333333333333333,0.791951158634367,0.934404123764325
GOBP_NEGATIVE_REGULATION_OF_CANONICAL_WNT_SIGNALING_PATHWAY,3,-0.263220815540716,-0.0293716633679328,0.666666666666667,0.792380387866112,0.934695836490665
GOBP_NEGATIVE_REGULATION_OF_INTRACELLULAR_PROTEIN_TRANSPORT,3,-0.261948588061604,-0.015745456094218,0.666666666666667,0.793361079219365,0.93563777333425
GOBP_NEGATIVE_REGULATION_OF_LEUKOCYTE_PROLIFERATION,3,0.26140104921051,0.0354812808409084,0.666666666666667,0.793783248005173,0.935716545721519
GOBP_CHONDROITIN_SULFATE_PROTEOGLYCAN_METABOLIC_PROCESS,3,-0.261389376365594,0.0660877721854856,0.333333333333333,0.79379224877505,0.935716545721519
REACTOME_FRS_MEDIATED_FGFR3_SIGNALING,3,0.260821953164417,0.0331049403377231,0.666666666666667,0.794229814079794,0.935887272243585
GOBP_NEURON_PROJECTION_REGENERATION,3,-0.260728971542679,0.0552228201995061,0.333333333333333,0.794301522529164,0.935887272243585
GOBP_PYRIMIDINE_NUCLEOSIDE_CATABOLIC_PROCESS,2,0.260406365713852,0.029435527230369,1,0.7945503331684,0.935965713567179
GOBP_RENAL_VESICLE_DEVELOPMENT,3,0.259860497799421,0.10922171067756,0.666666666666667,0.794971382905102,0.935971454183429
GOBP_MONOVALENT_INORGANIC_CATION_HOMEOSTASIS,3,0.259476288386825,0.0415833832686163,0.666666666666667,0.795267774801712,0.935971454183429
GOBP_NEGATIVE_REGULATION_OF_PROTEIN_ACETYLATION,3,-0.258928648376104,0.0059666832149303,0.666666666666667,0.795690293554975,0.935971454183429
GOBP_CELLULAR_RESPONSE_TO_TOXIC_SUBSTANCE,3,-0.258910900973201,0.0334052993435151,0.333333333333333,0.795703987148703,0.935971454183429
GOBP_POSITIVE_REGULATION_OF_NATURAL_KILLER_CELL_MEDIATED_IMMUNITY,3,0.258879670022154,0.00557496130747322,0.666666666666667,0.795728084571254,0.935971454183429
GOBP_PHOSPHOLIPID_BIOSYNTHETIC_PROCESS,3,0.258758463197639,0.000298619449710129,0.333333333333333,0.79582160813022,0.935971454183429
GOBP_METANEPHROS_DEVELOPMENT,3,-0.258447131663246,0.0398196804779979,0.333333333333333,0.796061845941128,0.935971454183429
GOBP_POSITIVE_REGULATION_OF_STEROID_METABOLIC_PROCESS,3,0.258392175329422,0.148980105832458,0.666666666666667,0.796104254797962,0.935971454183429
GOBP_RESPONSE_TO_RETINOIC_ACID,3,-0.257825065340895,-0.00686864978019609,0.333333333333333,0.796541918964454,0.935971454183429
GOBP_REGULATION_OF_CD4_POSITIVE_ALPHA_BETA_T_CELL_ACTIVATION,3,0.257681306342646,0.111200960155608,0.666666666666667,0.79665287439215,0.935971454183429
GOBP_ENDOSOME_TRANSPORT_VIA_MULTIVESICULAR_BODY_SORTING_PATHWAY,3,-0.257654364314514,0.10701760004385,0.333333333333333,0.796673669125328,0.935971454183429
HALLMARK_ADIPOGENESIS,3,-0.257154718579912,0.0569912783633572,0.333333333333333,0.797059338093135,0.935971454183429
GOBP_PROTEIN_ACTIVATION_CASCADE,3,-0.257046422456056,0.0317591129353044,0.333333333333333,0.797142936767057,0.935971454183429
GOBP_RESPONSE_TO_IONIZING_RADIATION,3,0.25693387590033,0.0197860850294892,1,0.797229819007461,0.935971454183429
GOBP_RESPONSE_TO_GAMMA_RADIATION,3,0.25677677253578,0.0782487274604541,0.666666666666667,0.797351101840274,0.935971454183429
GOBP_B_CELL_MEDIATED_IMMUNITY,3,0.25662146209573,0.0499487338366386,0.666666666666667,0.797471005355663,0.935971454183429
GOBP_ISOTYPE_SWITCHING_TO_IGG_ISOTYPES,2,-0.255547137392757,-0.0529265355572597,0.5,0.798300541413477,0.936259662978806
REACTOME_CELL_CELL_JUNCTION_ORGANIZATION,3,0.255541978115205,0.0342319836665767,0.666666666666667,0.798304525681839,0.936259662978806
GOBP_RECEPTOR_INTERNALIZATION,3,0.255481724969618,0.0659033235886455,0.666666666666667,0.798351056752419,0.936259662978806
GOBP_TRANSCYTOSIS,3,-0.255122792443915,0.0485809043146583,0.333333333333333,0.798628260681344,0.936259662978806
GOBP_SULFUR_AMINO_ACID_BIOSYNTHETIC_PROCESS,3,0.254925895428524,-0.0946191021206126,0.666666666666667,0.798780335216781,0.936259662978806
GOBP_REGULATION_OF_PROGRAMMED_NECROTIC_CELL_DEATH,3,0.254693603719433,0.055081080528792,0.666666666666667,0.798959756860904,0.936259662978806
REACTOME_LAMININ_INTERACTIONS,3,0.25465105666642,0.00556764025428049,0.666666666666667,0.798992621268712,0.936259662978806
GOBP_REGULATION_OF_LOW_DENSITY_LIPOPROTEIN_PARTICLE_CLEARANCE,2,0.253993208285754,-0.0700850347574767,0.5,0.799500805091095,0.936453553436063
GOBP_ORGANOPHOSPHATE_ESTER_TRANSPORT,3,-0.253539221610406,0.00532480596120669,0.333333333333333,0.79985155653709,0.936453553436063
GOBP_VASCULAR_PROCESS_IN_CIRCULATORY_SYSTEM,3,-0.25334082816471,0.0113291047457069,0.333333333333333,0.800004848580311,0.936453553436063
GOBP_REGULATION_OF_WNT_SIGNALING_PATHWAY_PLANAR_CELL_POLARITY_PATHWAY,2,-0.253112313386322,0.0240601099740212,0.5,0.800181423927431,0.936453553436063
GOBP_CARBOHYDRATE_CATABOLIC_PROCESS,3,-0.2530503481577,0.061872162362108,0.333333333333333,0.800229306756532,0.936453553436063
GOBP_REGULATION_OF_PEPTIDYL_THREONINE_PHOSPHORYLATION,3,-0.253020886900608,0.0698953301175916,0.333333333333333,0.800252072825327,0.936453553436063
KEGG_RIBOSOME,3,0.252458280698357,-0.0241996295908523,0.666666666666667,0.800686857064726,0.936672464763463
REACTOME_POLYMERASE_SWITCHING_ON_THE_C_STRAND_OF_THE_TELOMERE,3,0.252306851514993,-0.0377951339469131,0.333333333333333,0.800803892674526,0.936672464763463
GOBP_RESPONSE_TO_ZINC_ION,3,-0.251673897821945,0.0124915629043427,0.333333333333333,0.80129313421826,0.93678372094453
GOBP_NUCLEAR_TRANSCRIBED_MRNA_CATABOLIC_PROCESS,3,0.251572749754934,-0.0598806974411288,0.333333333333333,0.801371323842134,0.93678372094453
GOBP_G0_TO_G1_TRANSITION,2,0.251475893850864,0.0257716601793013,1,0.801446197396858,0.93678372094453
GOBP_RETINOL_METABOLIC_PROCESS,3,0.250815737325862,-0.0131043018477171,0.666666666666667,0.801956573793427,0.937126467253106
GOBP_REGULATION_OF_NEUROTRANSMITTER_LEVELS,3,0.250482960834764,0.0515193946222513,0.666666666666667,0.802213880082525,0.937126467253106
GOBP_MULTIVESICULAR_BODY_SORTING_PATHWAY,3,0.250367855300352,0.0973466513169441,0.666666666666667,0.802302885888424,0.937126467253106
GOBP_REGULATION_OF_MONOOXYGENASE_ACTIVITY,3,-0.250152682108955,0.0668732774917267,0.666666666666667,0.802469276280989,0.937126467253106
GOBP_ANTIGEN_PROCESSING_AND_PRESENTATION_OF_PEPTIDE_ANTIGEN_VIA_MHC_CLASS_I,3,0.249527759256411,0.00456269254181241,0.666666666666667,0.80295257105727,0.937477700602441
GOBP_REGULATION_OF_PODOSOME_ASSEMBLY,2,0.249040582151359,0.055001902197658,0.5,0.803329390093263,0.937704488072499
REACTOME_ACYL_CHAIN_REMODELLING_OF_PG,2,-0.248784922716067,-0.0562202571154806,0.5,0.803527154428067,0.937722214301875
GOBP_EMBRYONIC_EYE_MORPHOGENESIS,3,-0.246854822237084,-0.0705636172598925,0.666666666666667,0.805020581041681,0.939251636581116
GOBP_RESPONSE_TO_CHOLESTEROL,3,-0.246610853717692,0.0213538928813405,0.333333333333333,0.805209403895932,0.939258573338521
GOBP_AMINO_SUGAR_METABOLIC_PROCESS,3,-0.246157511792291,0.0794218211373062,0.666666666666667,0.805560304393136,0.939287861210411
GOBP_EXECUTION_PHASE_OF_APOPTOSIS,3,0.246105871347547,0.100695636021916,0.666666666666667,0.805600278160409,0.939287861210411
GOBP_MEMBRANE_DOCKING,3,-0.245325084049249,0.0755197163605264,0.333333333333333,0.806204730813507,0.939295606262994
HALLMARK_GLYCOLYSIS,3,0.245180278792228,0.0521848015862989,0.333333333333333,0.806316845685934,0.939295606262994
GOBP_METANEPHRIC_NEPHRON_DEVELOPMENT,3,0.244972671993218,0.113429776429279,0.666666666666667,0.806477591336812,0.939295606262994
REACTOME_FANCONI_ANEMIA_PATHWAY,3,0.244496967411512,-0.117024451846743,0.333333333333333,0.806845950374121,0.939295606262994
REACTOME_EGFR_DOWNREGULATION,3,-0.244490827341378,0.0522738980215806,0.666666666666667,0.806850705181466,0.939295606262994
GOBP_NEGATIVE_REGULATION_OF_WOUND_HEALING,3,-0.244490549594634,0.0266099671810128,0.333333333333333,0.806850920265865,0.939295606262994
REACTOME_TRANSLATION_OF_SARS_COV_1_STRUCTURAL_PROTEINS,3,-0.244310884125056,0.0583846999834576,0.666666666666667,0.806990054531994,0.939295606262994
GOBP_GLOMERULAR_EPITHELIAL_CELL_DIFFERENTIATION,3,-0.244075178067112,0.0407770658364332,0.666666666666667,0.807172596304723,0.939295606262994
REACTOME_NUCLEOTIDE_EXCISION_REPAIR,3,-0.243971512870853,-0.026692823419196,0.666666666666667,0.807252882796896,0.939295606262994
GOBP_POSITIVE_REGULATION_OF_OXIDOREDUCTASE_ACTIVITY,3,-0.243170029841501,0.0851415146904495,0.333333333333333,0.80787368285351,0.93980503627081
GOBP_CELL_CELL_RECOGNITION,3,0.242586988055385,0.0427078511024267,0.666666666666667,0.808325362195209,0.940117540813993
REACTOME_GENERATION_OF_SECOND_MESSENGER_MOLECULES,3,-0.242305730936021,0.0291225975984803,0.333333333333333,0.808543273428282,0.940158082935852
REACTOME_PROSTACYCLIN_SIGNALLING_THROUGH_PROSTACYCLIN_RECEPTOR,2,-0.241508643722218,0.0194406841696824,0.5,0.809160918008562,0.940663303506558
GOBP_REGULATION_OF_LIPID_BIOSYNTHETIC_PROCESS,3,-0.240632295900055,0.060601126850378,0.333333333333333,0.809840117034525,0.941239837313718
GOBP_PROTEIN_TRANSMEMBRANE_IMPORT_INTO_INTRACELLULAR_ORGANELLE,3,0.240371736577905,-0.0450923358262382,0.333333333333333,0.810042086917931,0.941261574301016
GOBP_GLYCOLIPID_BIOSYNTHETIC_PROCESS,3,0.239195987101255,-0.0352042238290792,0.333333333333333,0.810953614194479,0.942107614228193
GOBP_POSITIVE_REGULATION_OF_HORMONE_SECRETION,3,0.238365920702038,0.0178066103437984,0.666666666666667,0.811597297050337,0.942642179477732
GOBP_INTERLEUKIN_1_PRODUCTION,3,-0.237621015090998,0.0672850444673896,0.333333333333333,0.812175049618309,0.943099944571476
GOBP_POSITIVE_REGULATION_OF_INTERLEUKIN_6_PRODUCTION,3,-0.237156506999379,0.0548902956189894,0.333333333333333,0.812535376240904,0.943199600411593
GOBP_NUCLEOBASE_CONTAINING_SMALL_MOLECULE_CATABOLIC_PROCESS,3,0.237031585157125,0.0533240043469427,0.666666666666667,0.812632286960021,0.943199600411593
GOBP_BILE_ACID_METABOLIC_PROCESS,3,-0.236800188666452,0.0260823078702661,0.666666666666667,0.812811805183355,0.943199600411593
GOBP_RNA_3_END_PROCESSING,3,-0.236488259946247,-0.0736792872664827,0.666666666666667,0.813053816164051,0.943208456314127
GOBP_NEGATIVE_REGULATION_OF_ADENYLATE_CYCLASE_ACTIVITY,3,0.236248901852673,0.0194505192949348,0.666666666666667,0.813239535079264,0.943208456314127
GOBP_POSITIVE_REGULATION_OF_DEVELOPMENTAL_GROWTH,3,-0.2360802792248,0.00514333183801765,0.333333333333333,0.813370376365901,0.943208456314127
GOBP_REGULATION_OF_NECROTIC_CELL_DEATH,3,-0.234611148139099,0.0772430830712178,0.333333333333333,0.814510556073003,0.944154289361134
GOBP_POSITIVE_REGULATION_OF_RECEPTOR_MEDIATED_ENDOCYTOSIS,3,-0.234555603672569,-0.0314610077193764,0.666666666666667,0.814553671370558,0.944154289361134
GOBP_DETECTION_OF_TEMPERATURE_STIMULUS_INVOLVED_IN_SENSORY_PERCEPTION_OF_PAIN,3,-0.233744832705862,-0.018087700448892,1,0.815183080232717,0.944176617430784
GOBP_NUCLEAR_TRANSCRIBED_MRNA_POLY_A_TAIL_SHORTENING,3,0.23366747715206,-0.0526867083909031,0.333333333333333,0.8152431382914,0.944176617430784
GOBP_RNA_LOCALIZATION,3,0.233638923069659,-0.068776322150216,0.333333333333333,0.815265307662487,0.944176617430784
GOBP_HIPPO_SIGNALING,3,-0.23354328728383,-0.0339003943821371,0.666666666666667,0.815339560301815,0.944176617430784
GOBP_DETECTION_OF_ABIOTIC_STIMULUS,3,0.233346813799438,0.0164434308449639,0.666666666666667,0.81549210960338,0.944176617430784
GOBP_TRIPARTITE_REGIONAL_SUBDIVISION,2,0.232288373920441,-0.0163477655550299,0.5,0.816314041777043,0.944865399080732
GOBP_REGULATION_OF_ADENYLATE_CYCLASE_ACTIVITY,3,0.231865716573237,0.0540206035035972,0.666666666666667,0.816642313129268,0.944865399080732
REACTOME_HOMOLOGY_DIRECTED_REPAIR,3,0.231821172157552,-0.0930957058548021,0.333333333333333,0.816676911955328,0.944865399080732
GOBP_REGULATION_OF_CELL_GROWTH_INVOLVED_IN_CARDIAC_MUSCLE_CELL_DEVELOPMENT,2,-0.231633234899037,0.0441306522002321,0.5,0.816822891728671,0.944865399080732
HALLMARK_MYC_TARGETS_V1,3,0.231022588215948,-0.0936261097560631,0.333333333333333,0.817297253785524,0.945201237433563
GOBP_ACTIVIN_RECEPTOR_SIGNALING_PATHWAY,3,0.230579646946045,0.0480295226108399,0.666666666666667,0.817641380948662,0.945386342312546
GOBP_MESENCHYMAL_CELL_PROLIFERATION,3,0.229302969659383,-0.0153554500082879,0.666666666666667,0.818633445515205,0.945691937893734
GOBP_REGULATION_OF_GENE_EXPRESSION_BY_GENOMIC_IMPRINTING,2,-0.229119924701335,-0.0281611992975753,1,0.818775707667335,0.945691937893734
GOBP_NEGATIVE_REGULATION_OF_CELL_SUBSTRATE_JUNCTION_ORGANIZATION,3,0.228954408701471,0.0100489619026168,0.333333333333333,0.818904351487362,0.945691937893734
GOBP_REGULATION_OF_LIPID_LOCALIZATION,3,0.228886967674066,0.109830581437675,0.666666666666667,0.818956770001615,0.945691937893734
GOBP_NEGATIVE_REGULATION_OF_CILIUM_ASSEMBLY,2,0.228830324238407,-0.0169808360409508,0.5,0.819000796716788,0.945691937893734
GOBP_REGULATION_OF_CELL_CELL_ADHESION_MEDIATED_BY_CADHERIN,3,-0.22881788754335,0.0974355149816996,0.333333333333333,0.819010463347221,0.945691937893734
GOBP_L_AMINO_ACID_TRANSPORT,3,0.22833469447889,0.0253231856671408,0.666666666666667,0.819386054567132,0.945834257043818
GOBP_ATRIAL_SEPTUM_DEVELOPMENT,3,0.22818549996802,-0.0235971404234692,0.333333333333333,0.819502033458915,0.945834257043818
GOBP_ACUTE_PHASE_RESPONSE,3,0.227829201194562,0.0704384405555056,0.666666666666667,0.819779024343095,0.945856091406366
GOBP_PHAGOCYTOSIS_RECOGNITION,3,0.227687391038428,0.0686792104962979,0.333333333333333,0.819889275494771,0.945856091406366
GOBP_PROTEIN_LOCALIZATION_TO_LYSOSOME,3,-0.227428175508493,0.00684263973827312,0.666666666666667,0.820090813353831,0.9458761323569
REACTOME_NUCLEOTIDE_LIKE_PURINERGIC_RECEPTORS,3,0.226431123548813,0.0583227738593514,0.333333333333333,0.8208661233619,0.946557792902271
GOBP_PHOTOPERIODISM,3,0.225187358847451,0.0618500682111657,0.333333333333333,0.821833523098462,0.947353164447122
REACTOME_NEUREXINS_AND_NEUROLIGINS,3,0.224948363678213,0.0341578804137456,0.666666666666667,0.822019444537429,0.947353164447122
GOBP_NEGATIVE_REGULATION_OF_PEPTIDYL_LYSINE_ACETYLATION,3,-0.224231675263259,0.0368050178318345,0.333333333333333,0.822577037627472,0.947353164447122
GOBP_DENDRITIC_CELL_DIFFERENTIATION,3,-0.224014179977846,0.0564774112916639,0.333333333333333,0.822746269580355,0.947353164447122
GOBP_NUCLEAR_MEMBRANE_REASSEMBLY,3,-0.223870277223091,0.083421742602123,0.333333333333333,0.822858244100075,0.947353164447122
GOBP_ANATOMICAL_STRUCTURE_ARRANGEMENT,3,0.223839279802943,-0.0135205779063884,0.333333333333333,0.822882364480559,0.947353164447122
GOBP_TELOMERE_CAPPING,3,-0.223530870718734,-0.0356128670406281,0.666666666666667,0.823122359515247,0.947353164447122
HALLMARK_UV_RESPONSE_UP,3,0.223112815069864,0.142316329046382,0.666666666666667,0.823447704747821,0.947353164447122
REACTOME_INSULIN_RECEPTOR_RECYCLING,3,-0.222902114205328,0.0856346347942615,0.333333333333333,0.823611690886651,0.947353164447122
REACTOME_AQUAPORIN_MEDIATED_TRANSPORT,3,-0.22286910811159,0.0413239546944214,0.666666666666667,0.823637379860137,0.947353164447122
REACTOME_XENOBIOTICS,3,-0.222607602591595,0.102902243199128,0.333333333333333,0.823840918904247,0.947353164447122
GOBP_ALDEHYDE_BIOSYNTHETIC_PROCESS,3,-0.222385085727967,0.0686096268795172,0.666666666666667,0.82401412102215,0.947353164447122
REACTOME_KSRP_KHSRP_BINDS_AND_DESTABILIZES_MRNA,3,0.222291116945891,-0.158993623688625,0.333333333333333,0.824087266781432,0.947353164447122
GOBP_POSITIVE_REGULATION_OF_SMAD_PROTEIN_SIGNAL_TRANSDUCTION,3,0.222054334036501,0.0298900807170542,1,0.824271586529813,0.947353164447122
GOBP_AUTOPHAGOSOME_MATURATION,3,0.221763373030867,0.042408501603101,0.666666666666667,0.824498093593636,0.947353164447122
GOBP_REGULATION_OF_STEROL_TRANSPORT,3,-0.221698412949131,0.0913879372404501,0.333333333333333,0.824548665656517,0.947353164447122
GOBP_VACUOLE_ORGANIZATION,3,0.221514832932353,0.0348707444835911,0.666666666666667,0.824691588442967,0.947353164447122
REACTOME_PLASMA_LIPOPROTEIN_ASSEMBLY,3,0.221000037744315,0.0965360595155346,0.333333333333333,0.825092403589153,0.947601651349259
GOBP_ACTIVATION_OF_PROTEIN_KINASE_ACTIVITY,3,-0.220629470698665,-0.0351802540078412,0.666666666666667,0.825380952166951,0.947657587055521
GOBP_REGULATION_OF_MORPHOGENESIS_OF_AN_EPITHELIUM,3,0.220463580340737,0.0708322339457814,0.666666666666667,0.825510133272275,0.947657587055521
KEGG_ALDOSTERONE_REGULATED_SODIUM_REABSORPTION,3,0.220129591563443,-0.0498188350129103,0.333333333333333,0.825770229258724,0.947658555355458
GOBP_CHONDROCYTE_DEVELOPMENT,3,0.219988639084181,-0.0157131358609032,0.666666666666667,0.825880002681275,0.947658555355458
GOBP_ADAPTIVE_THERMOGENESIS,3,-0.218685495089433,-0.00332488799252666,0.666666666666667,0.826895048758462,0.94850242478581
REACTOME_DEGRADATION_OF_BETA_CATENIN_BY_THE_DESTRUCTION_COMPLEX,3,0.218544382694376,0.018359991346251,0.666666666666667,0.82700498153996,0.94850242478581
GOBP_TOR_SIGNALING,3,0.218333258750723,-0.0276778653916689,0.333333333333333,0.827169462736691,0.94850242478581
GOBP_NEGATIVE_REGULATION_OF_GROWTH,3,0.217653031152127,0.0417551367214493,0.666666666666667,0.82769946197498,0.948898311764174
REACTOME_CASPASE_ACTIVATION_VIA_DEATH_RECEPTORS_IN_THE_PRESENCE_OF_LIGAND,2,-0.216285827292648,-0.0611821891605256,0.5,0.828764955805428,0.94990779134494
REACTOME_SIGNALING_BY_NUCLEAR_RECEPTORS,3,0.215920833363408,0.011803723807542,0.666666666666667,0.829049457451274,0.949970373312689
GOBP_SENSORY_PERCEPTION_OF_MECHANICAL_STIMULUS,3,0.21531003986254,0.00759728662979312,0.666666666666667,0.82952560251199,0.949970373312689
GOBP_LIPOPROTEIN_CATABOLIC_PROCESS,2,-0.215191517038263,-0.0520949565971213,0.5,0.829618004431278,0.949970373312689
GOBP_VESICLE_CARGO_LOADING,3,-0.214942697393619,-0.0593065223807443,0.666666666666667,0.829811995094448,0.949970373312689
REACTOME_SIGNALING_BY_INSULIN_RECEPTOR,3,0.214864470603487,0.0473496319388844,0.666666666666667,0.829872986261154,0.949970373312689
GOBP_POSITIVE_REGULATION_OF_OSTEOBLAST_DIFFERENTIATION,3,-0.214555037754261,-0.0755815288412398,0.333333333333333,0.830114252152164,0.949970373312689
GOBP_WATER_SOLUBLE_VITAMIN_METABOLIC_PROCESS,3,0.214554978730014,-0.0421187815427419,0.333333333333333,0.830114298175107,0.949970373312689
REACTOME_THE_ROLE_OF_GTSE1_IN_G2_M_PROGRESSION_AFTER_G2_CHECKPOINT,3,-0.214038978169078,0.00466800911527926,0.666666666666667,0.830516661265881,0.950174421239823
GOBP_NEGATIVE_REGULATION_OF_GLUCONEOGENESIS,2,0.213851827321854,-0.0609649902136741,0.5,0.83066260735335,0.950174421239823
GOBP_PROTEIN_LOCALIZATION_TO_CHROMOSOME_TELOMERIC_REGION,3,0.212608900125891,0.00831268040738979,0.666666666666667,0.831632028861726,0.950654602805094
GOBP_CELL_PROLIFERATION_INVOLVED_IN_KIDNEY_DEVELOPMENT,3,0.212600670288122,0.0126523564014466,1,0.831638448582043,0.950654602805094
REACTOME_NEUROTRANSMITTER_RECEPTORS_AND_POSTSYNAPTIC_SIGNAL_TRANSMISSION,3,0.212527390579364,0.0652907151067709,0.666666666666667,0.831695611228986,0.950654602805094
GOBP_HEMATOPOIETIC_STEM_CELL_DIFFERENTIATION,3,-0.212364373810374,-0.0258650209365727,0.666666666666667,0.831822777454457,0.950654602805094
GOBP_INTERFERON_GAMMA_MEDIATED_SIGNALING_PATHWAY,3,0.211467134761945,0.116768229798986,0.666666666666667,0.832522774977206,0.951242930430018
GOBP_ACIDIC_AMINO_ACID_TRANSPORT,3,-0.209984053290402,0.00256810902374115,0.333333333333333,0.833680119203744,0.952206447587408
REACTOME_FRS_MEDIATED_FGFR4_SIGNALING,3,0.209911384042455,0.0508188959073661,0.666666666666667,0.833736836993881,0.952206447587408
GOBP_PHOSPHOLIPID_DEPHOSPHORYLATION,3,0.2090037190909,-0.0437437912054808,0.333333333333333,0.834445335319605,0.95280374437561
GOBP_AXIS_SPECIFICATION,3,0.207939914237367,-0.025736605821982,0.333333333333333,0.835275883214902,0.953110182935328
GOBP_ENDOCRINE_HORMONE_SECRETION,3,-0.207847068297229,0.0744113451146411,0.333333333333333,0.835348379865131,0.953110182935328
REACTOME_INWARDLY_RECTIFYING_K_CHANNELS,3,-0.207608893921665,0.0385893847858086,0.666666666666667,0.835534359330032,0.953110182935328
GOBP_MYELIN_MAINTENANCE,3,-0.207557926574943,0.0793960819795673,0.666666666666667,0.835574158592392,0.953110182935328
REACTOME_FERTILIZATION,2,-0.207471587533573,-0.0197610546220028,1,0.8356415797815,0.953110182935328
GOBP_NEGATIVE_REGULATION_OF_NECROTIC_CELL_DEATH,3,-0.206959152139949,0.0145285308142077,0.333333333333333,0.836041759672688,0.953273953260985
GOBP_MEMBRANE_DEPOLARIZATION_DURING_ACTION_POTENTIAL,3,0.206705777945565,0.0167183241279037,0.666666666666667,0.836239644708672,0.953273953260985
HALLMARK_UNFOLDED_PROTEIN_RESPONSE,3,-0.206574745899079,-0.03825683160748,0.666666666666667,0.836341984695093,0.953273953260985
GOBP_POLYOL_CATABOLIC_PROCESS,3,0.20607057237479,-0.0498714248175861,0.666666666666667,0.836735785267763,0.953407779557039
GOBP_NEGATIVE_REGULATION_OF_MIRNA_TRANSCRIPTION,3,-0.205540974712021,0.121668011932831,0.333333333333333,0.837149488224031,0.953407779557039
GOBP_POSITIVE_REGULATION_OF_ERBB_SIGNALING_PATHWAY,3,0.205161187014031,0.0316956379221782,0.666666666666667,0.837446192671061,0.953407779557039
GOBP_IMPORT_ACROSS_PLASMA_MEMBRANE,3,-0.204762969940205,0.0184842236750733,0.333333333333333,0.837757319669036,0.953407779557039
GOBP_NATURAL_KILLER_CELL_MEDIATED_IMMUNITY,3,-0.203814673385421,0.0179166714827896,0.666666666666667,0.838498325819113,0.953407779557039
GOBP_CELLULAR_COMPONENT_DISASSEMBLY_INVOLVED_IN_EXECUTION_PHASE_OF_APOPTOSIS,3,0.203796257954128,0.0870834299891307,0.333333333333333,0.838512717197207,0.953407779557039
GOBP_STRIATUM_DEVELOPMENT,2,-0.203767084486948,-0.053627254734741,0.5,0.838535515926474,0.953407779557039
GOBP_ISOPRENOID_BIOSYNTHETIC_PROCESS,3,0.20376276623733,-0.0415684095633762,0.333333333333333,0.838538890600431,0.953407779557039
GOBP_ATP_SYNTHESIS_COUPLED_PROTON_TRANSPORT,3,0.203716294664248,0.0316009832135435,0.666666666666667,0.838575207912468,0.953407779557039
REACTOME_ZINC_TRANSPORTERS,2,-0.203493114577349,-0.0769260464093125,0.5,0.83874962687185,0.953407779557039
REACTOME_TRANSCRIPTIONAL_REGULATION_BY_RUNX1,3,0.202781381848766,-0.0357052316360299,0.666666666666667,0.839305910738809,0.953407779557039
REACTOME_PI3K_AKT_SIGNALING_IN_CANCER,3,0.202718805780402,0.048671417197184,0.666666666666667,0.839354823472118,0.953407779557039
GOBP_REGULATION_OF_REACTIVE_OXYGEN_SPECIES_BIOSYNTHETIC_PROCESS,3,0.202699294131535,0.0333374524082459,0.666666666666667,0.839370074925967,0.953407779557039
GOBP_EMBRYONIC_HINDLIMB_MORPHOGENESIS,3,-0.202226371675981,0.0340740367500636,0.333333333333333,0.839739757404978,0.953407779557039
GOBP_PROTEIN_KINASE_B_SIGNALING,3,-0.202059582744376,0.0379779060298998,0.666666666666667,0.839870144396346,0.953407779557039
GOBP_CELLULAR_RESPONSE_TO_RETINOIC_ACID,3,-0.202022585586738,-0.0115767926918208,0.666666666666667,0.839899067463164,0.953407779557039
GOBP_MITOCHONDRIAL_FUSION,3,0.20151700902905,-0.0338014163563236,0.333333333333333,0.840294330946131,0.953407779557039
REACTOME_P75_NTR_RECEPTOR_MEDIATED_SIGNALLING,3,-0.201470329754823,0.0846876811485323,0.666666666666667,0.840330827179406,0.953407779557039
KEGG_P53_SIGNALING_PATHWAY,3,-0.201335760094379,-0.0661332674052322,0.666666666666667,0.840436042512325,0.953407779557039
GOBP_HINDBRAIN_MORPHOGENESIS,3,-0.201301648346426,0.0257343963824864,0.333333333333333,0.840462713753536,0.953407779557039
GOBP_CHROMOSOME_CONDENSATION,3,-0.201248277039691,-0.0206866264665469,0.666666666666667,0.840504443996481,0.953407779557039
GOBP_DE_NOVO_PROTEIN_FOLDING,3,0.201032205340349,-0.0959397345214327,0.333333333333333,0.840673391872458,0.953407779557039
GOBP_POSITIVE_REGULATION_OF_SIGNALING_RECEPTOR_ACTIVITY,3,-0.20094204805959,0.0311751505226234,0.333333333333333,0.840743888610764,0.953407779557039
GOBP_WATER_HOMEOSTASIS,3,0.200602829605561,0.0493333084036472,0.666666666666667,0.84100914534453,0.953407779557039
GOBP_REGULATION_OF_MACROAUTOPHAGY,3,-0.200119879708301,-0.00235971294567769,0.666666666666667,0.841386826077782,0.953407779557039
GOBP_POSITIVE_REGULATION_OF_HISTONE_DEACETYLATION,3,0.200018625702425,0.0756075536552771,0.666666666666667,0.84146601425922,0.953407779557039
REACTOME_REGULATION_OF_HSF1_MEDIATED_HEAT_SHOCK_RESPONSE,3,-0.200011651083967,-0.0700234410731311,0.666666666666667,0.841471468989887,0.953407779557039
GOBP_REGULATION_OF_CARDIAC_MUSCLE_CONTRACTION_BY_REGULATION_OF_THE_RELEASE_OF_SEQUESTERED_CALCIUM_ION,3,-0.199620627117141,0.0172514508807456,0.666666666666667,0.841777294359299,0.953543931148955
GOBP_MATURATION_OF_SSU_RRNA_FROM_TRICISTRONIC_RRNA_TRANSCRIPT_SSU_RRNA_5_8S_RRNA_LSU_RRNA,3,-0.198753822962501,-0.0821106972868609,0.666666666666667,0.842455319185924,0.953915328984137
GOBP_REGULATION_OF_VASCULAR_PERMEABILITY,3,-0.198726590908835,0.0102885521400441,0.666666666666667,0.842476622327112,0.953915328984137
GOBP_POSITIVE_REGULATION_OF_DENDRITIC_SPINE_MORPHOGENESIS,2,0.198036927795104,0.0346791354394677,0.5,0.843016171650343,0.954086048109682
REACTOME_AMINO_ACIDS_REGULATE_MTORC1,3,0.197994922755111,0.0473096953232633,0.666666666666667,0.843049036152218,0.954086048109682
GOBP_SOMITOGENESIS,3,0.197821542343063,-0.01141439550966,0.333333333333333,0.84318469088198,0.954086048109682
GOBP_NEGATIVE_REGULATION_OF_INTRACELLULAR_STEROID_HORMONE_RECEPTOR_SIGNALING_PATHWAY,3,-0.1970571726287,-0.00259383923097441,0.333333333333333,0.843782797521768,0.954510182993338
REACTOME_G_ALPHA_S_SIGNALLING_EVENTS,3,0.196769124693903,0.0622454123384005,0.666666666666667,0.844008213650824,0.954510182993338
GOBP_POSITIVE_REGULATION_OF_LYMPHOCYTE_APOPTOTIC_PROCESS,2,0.196585211621064,-0.00486456744091643,0.5,0.84415214420312,0.954510182993338
GOBP_POSITIVE_REGULATION_OF_PATHWAY_RESTRICTED_SMAD_PROTEIN_PHOSPHORYLATION,3,-0.196392567793017,-0.000705701063223057,0.666666666666667,0.844302913033242,0.954510182993338
GOBP_DNA_DAMAGE_RESPONSE_SIGNAL_TRANSDUCTION_RESULTING_IN_TRANSCRIPTION,3,-0.195951749175394,0.0809995116469945,0.333333333333333,0.844647932339151,0.954579526396865
GOBP_RESPONSE_TO_AXON_INJURY,3,-0.1958392713777,0.0342222703432712,0.333333333333333,0.844735971081338,0.954579526396865
GOBP_POSITIVE_REGULATION_OF_SEQUESTERING_OF_CALCIUM_ION,2,-0.19481142042466,0.00195894331382367,0.5,0.845540581378925,0.954735230050836
GOBP_SECONDARY_ALCOHOL_METABOLIC_PROCESS,3,0.194798549720603,0.0478445850581853,0.333333333333333,0.845550657696557,0.954735230050836
GOBP_HEMOGLOBIN_METABOLIC_PROCESS,3,0.194684218638764,0.0426810029951036,0.666666666666667,0.845640167218443,0.954735230050836
GOBP_PROTEIN_LOCALIZATION_TO_GOLGI_APPARATUS,3,-0.194503176408065,0.0250855536026722,0.333333333333333,0.845781908809049,0.954735230050836
KEGG_MELANOGENESIS,3,-0.19447596706524,0.0273551987283464,0.333333333333333,0.845803211980394,0.954735230050836
GOBP_REGULATION_OF_MACROPHAGE_CHEMOTAXIS,3,-0.193833069314339,0.0792986911019739,0.333333333333333,0.846306592475226,0.954785730730541
HALLMARK_COMPLEMENT,3,0.193581381147792,0.0753436068098389,0.666666666666667,0.846503678101843,0.954785730730541
GOBP_POSITIVE_REGULATION_OF_NIK_NF_KAPPAB_SIGNALING,3,0.193235995035324,0.0243418550102154,0.666666666666667,0.846774149982605,0.954785730730541
GOBP_INORGANIC_ION_IMPORT_ACROSS_PLASMA_MEMBRANE,3,0.192945928791903,0.0150628028396463,1,0.847001314819272,0.954785730730541
GOBP_PIGMENT_GRANULE_LOCALIZATION,3,-0.192833882969087,-0.0364066210522449,0.666666666666667,0.847089066701224,0.954785730730541
HALLMARK_KRAS_SIGNALING_UP,3,-0.192799207778283,0.0294568985268398,0.333333333333333,0.847116223950147,0.954785730730541
GOBP_PH_REDUCTION,3,-0.192467893587958,0.034429860396652,0.333333333333333,0.84737571492971,0.954785730730541
GOBP_REGULATION_OF_LEUKOCYTE_CHEMOTAXIS,3,-0.192265635035575,0.0760755955141651,0.333333333333333,0.847534135447255,0.954785730730541
GOBP_ADENYLATE_CYCLASE_ACTIVATING_ADRENERGIC_RECEPTOR_SIGNALING_PATHWAY,3,0.190904685173686,0.0847982981582714,0.666666666666667,0.848600269445804,0.954785730730541
GOBP_RESPONSE_TO_UV_B,3,0.190756236993797,0.120263297781304,0.333333333333333,0.848716576818862,0.954785730730541
GOBP_REGULATION_OF_RESPONSE_TO_REACTIVE_OXYGEN_SPECIES,3,0.190702568975723,-0.030706539503951,0.666666666666667,0.848758625879717,0.954785730730541
GOBP_VITAMIN_TRANSMEMBRANE_TRANSPORT,2,0.19045362079582,0.0295964814606265,0.5,0.848953683187549,0.954785730730541
GOBP_CIRCADIAN_RHYTHM,3,-0.190331564118384,-0.0055137148901029,0.666666666666667,0.84904932111606,0.954785730730541
GOBP_ISOPRENOID_METABOLIC_PROCESS,3,0.190233424909432,-0.00602703383786514,0.666666666666667,0.849126220041531,0.954785730730541
GOBP_T_CELL_TOLERANCE_INDUCTION,3,0.190209857520994,0.040506685700568,0.666666666666667,0.849144686950416,0.954785730730541
GOBP_NAD_METABOLIC_PROCESS,3,-0.190075771758695,0.0591574190520782,0.333333333333333,0.849249755302862,0.954785730730541
KEGG_DORSO_VENTRAL_AXIS_FORMATION,3,-0.189981018512722,0.0113335389976384,0.666666666666667,0.849324004677344,0.954785730730541
GOBP_POSITIVE_REGULATION_OF_NEURON_DIFFERENTIATION,3,0.189791241819129,0.0480429722502548,0.666666666666667,0.84947271917709,0.954785730730541
GOBP_CELLULAR_RESPONSE_TO_KETONE,3,0.189653252240174,-0.00281980369433074,0.333333333333333,0.849580855161345,0.954785730730541
REACTOME_TRANSLATION_OF_SARS_COV_2_STRUCTURAL_PROTEINS,3,0.189602045023667,-0.0151956167103268,0.333333333333333,0.849620984583875,0.954785730730541
GOBP_CELLULAR_RESPONSE_TO_GROWTH_HORMONE_STIMULUS,3,0.189366497386986,0.0469817795474685,0.666666666666667,0.84980558058741,0.954785730730541
REACTOME_MRNA_CAPPING,3,-0.188896932348815,-3.31966671220328e-05,0.333333333333333,0.850173597925422,0.954785730730541
GOBP_CELLULAR_RESPONSE_TO_OSMOTIC_STRESS,3,0.188356466287583,0.0516699351320377,0.666666666666667,0.850597223702148,0.954785730730541
GOBP_GLYCEROPHOSPHOLIPID_BIOSYNTHETIC_PROCESS,3,0.188255410475815,-0.000608302659475299,0.333333333333333,0.850676437622049,0.954785730730541
GOBP_TOXIN_TRANSPORT,3,-0.188097288997782,-0.0546422055175443,0.666666666666667,0.850800386234374,0.954785730730541
GOBP_DNA_GEOMETRIC_CHANGE,3,0.187973311008202,-0.0735235165742566,0.333333333333333,0.850897572952387,0.954785730730541
GOBP_NEGATIVE_REGULATION_OF_TELOMERE_MAINTENANCE_VIA_TELOMERE_LENGTHENING,3,0.187715275799787,-0.041025466209488,0.666666666666667,0.851099854787383,0.954785730730541
REACTOME_CYTOSOLIC_SULFONATION_OF_SMALL_MOLECULES,3,0.187478052927687,-0.0871879628310782,0.666666666666667,0.851285829828787,0.954785730730541
GOBP_REGULATION_OF_PLASMA_LIPOPROTEIN_PARTICLE_LEVELS,3,0.18704780963304,0.0287807817375877,0.666666666666667,0.851623147721446,0.954785730730541
REACTOME_ANTIVIRAL_MECHANISM_BY_IFN_STIMULATED_GENES,3,0.186671879351279,0.0161151215077755,0.666666666666667,0.851917905534448,0.954785730730541
GOBP_RNA_PHOSPHODIESTER_BOND_HYDROLYSIS_ENDONUCLEOLYTIC,3,-0.186415082430867,-0.0545004574519942,0.666666666666667,0.85211926566298,0.954785730730541
GOBP_FORELIMB_MORPHOGENESIS,3,-0.186163233410424,-0.0119569086117616,1,0.852316755396807,0.954785730730541
HALLMARK_MYC_TARGETS_V2,3,-0.185918082055459,-0.0603919317885231,0.666666666666667,0.852509001987966,0.954785730730541
REACTOME_INFLUENZA_INFECTION,3,0.185757835458943,-0.0481935726955639,0.666666666666667,0.852634671385534,0.954785730730541
REACTOME_SENSORY_PERCEPTION_OF_TASTE,3,-0.185668981477702,0.0876574794862465,0.333333333333333,0.852704354517136,0.954785730730541
GOBP_REGULATION_OF_MEMBRANE_PERMEABILITY,3,-0.185518443535005,0.0419951551293891,0.333333333333333,0.852822415500217,0.954785730730541
GOBP_FATTY_ACID_DERIVATIVE_CATABOLIC_PROCESS,2,0.185427448261076,0.067866591176984,0.5,0.852893781110921,0.954785730730541
GOBP_PHOSPHATIDYLSERINE_METABOLIC_PROCESS,3,0.185250330997951,0.165091699176394,0.666666666666667,0.853032693773771,0.954785730730541
GOBP_THIOESTER_BIOSYNTHETIC_PROCESS,3,-0.184937584996287,-0.0811263242420798,0.666666666666667,0.85327799087197,0.954785730730541
GOBP_REGULATION_OF_SPROUTING_ANGIOGENESIS,3,-0.184625806551538,-0.021718135220991,1,0.853522543205351,0.954785730730541
GOBP_REVERSE_CHOLESTEROL_TRANSPORT,3,0.184459034084797,0.125231010672778,0.666666666666667,0.853653361736259,0.954785730730541
GOBP_TUMOR_NECROSIS_FACTOR_MEDIATED_SIGNALING_PATHWAY,3,-0.183694542815674,0.085915588969498,0.333333333333333,0.854253090262603,0.954785730730541
GOBP_RESPONSE_TO_ANGIOTENSIN,3,0.183543636808817,0.0571222663668695,0.666666666666667,0.854371483053538,0.954785730730541
GOBP_PYRIMIDINE_RIBONUCLEOSIDE_TRIPHOSPHATE_METABOLIC_PROCESS,2,-0.183114934436148,0.0358788244055432,0.5,0.854707837913883,0.954785730730541
GOBP_POSITIVE_REGULATION_OF_INTERLEUKIN_1_BETA_PRODUCTION,3,0.182821841602509,0.068876408461364,0.666666666666667,0.854937810319369,0.954785730730541
GOBP_BONE_MORPHOGENESIS,3,0.182749538298733,0.0411709191832586,0.666666666666667,0.854994544290329,0.954785730730541
GOBP_AMINOGLYCAN_CATABOLIC_PROCESS,3,-0.182632382519839,0.0349944916748614,0.666666666666667,0.85508647408148,0.954785730730541
GOBP_TRANSCRIPTION_BY_RNA_POLYMERASE_III,3,-0.182549788921636,0.00995416595507943,0.666666666666667,0.855151284804522,0.954785730730541
GOBP_GLANDULAR_EPITHELIAL_CELL_DEVELOPMENT,3,0.182543493565422,-0.00461824175161106,0.666666666666667,0.855156224774541,0.954785730730541
GOBP_REGULATION_OF_DNA_RECOMBINATION,3,0.182525746990466,-0.0609709709514725,0.333333333333333,0.855170150553733,0.954785730730541
GOBP_POSITIVE_REGULATION_OF_TELOMERE_MAINTENANCE_VIA_TELOMERE_LENGTHENING,3,-0.18230073408193,-0.0927983042432352,0.666666666666667,0.855346722623794,0.954785730730541
GOBP_POSITIVE_REGULATION_OF_DENDRITE_DEVELOPMENT,2,-0.181634827219138,-0.0543962240320516,0.5,0.855869315283881,0.954785730730541
GOBP_RESPONSE_TO_OSMOTIC_STRESS,3,-0.181470615773542,0.0257867966513846,0.666666666666667,0.855998195427177,0.954785730730541
GOBP_CERAMIDE_METABOLIC_PROCESS,3,-0.181428639579287,0.0199241114370802,0.666666666666667,0.856031140750481,0.954785730730541
GOBP_LOW_DENSITY_LIPOPROTEIN_PARTICLE_REMODELING,3,-0.181375960873288,-0.0194915372915817,1,0.85607248637347,0.954785730730541
REACTOME_CYCLIN_A_B1_B2_ASSOCIATED_EVENTS_DURING_G2_M_TRANSITION,3,-0.181113893620154,9.65786136566595e-05,0.333333333333333,0.856278179410288,0.954807800575606
GOBP_CALCIUM_ION_REGULATED_EXOCYTOSIS,3,-0.180625346219475,0.0528622401147693,0.333333333333333,0.856661659701624,0.954924589914093
GOBP_T_CELL_MEDIATED_CYTOTOXICITY,3,0.180506728905776,-0.0123453430081679,0.666666666666667,0.856754772259374,0.954924589914093
GOBP_POSITIVE_REGULATION_OF_MULTICELLULAR_ORGANISM_GROWTH,3,-0.180016962676389,0.0258624003431644,0.333333333333333,0.857139251449488,0.955085984196601
REACTOME_ECM_PROTEOGLYCANS,3,-0.179848517876307,0.0260139681943201,0.333333333333333,0.857271492824441,0.955085984196601
GOBP_NEGATIVE_REGULATION_OF_PROTEIN_LOCALIZATION_TO_NUCLEUS,3,-0.179201587177304,-0.000384079200617259,0.666666666666667,0.857779417513001,0.955387882621046
GOBP_NEGATIVE_REGULATION_OF_CELL_PROJECTION_ORGANIZATION,3,-0.178804972164346,0.0222904660839221,0.333333333333333,0.858090840982257,0.955387882621046
GOBP_POSITIVE_REGULATION_OF_FIBROBLAST_PROLIFERATION,3,-0.178792637963154,0.0324857783500726,0.333333333333333,0.858100526193708,0.955387882621046
GOBP_RESPONSE_TO_TUMOR_CELL,3,-0.178522543555883,-0.00516993925908855,0.666666666666667,0.858312618360982,0.955416906784136
GOBP_POSITIVE_REGULATION_OF_MRNA_METABOLIC_PROCESS,3,-0.177985275466051,-0.0755102281936044,0.666666666666667,0.858734539580794,0.955679435598474
GOBP_CYTOPLASMIC_TRANSLATION,3,0.176881880066556,-0.0460946124113453,0.666666666666667,0.859601171804266,0.955972378022611
GOBP_RELEASE_OF_SEQUESTERED_CALCIUM_ION_INTO_CYTOSOL_BY_ENDOPLASMIC_RETICULUM,3,0.176268695568788,0.0646360288758062,0.333333333333333,0.860082854255393,0.955972378022611
GOBP_MATURATION_OF_5_8S_RRNA_FROM_TRICISTRONIC_RRNA_TRANSCRIPT_SSU_RRNA_5_8S_RRNA_LSU_RRNA,3,0.176256508181982,-0.080661291614844,0.333333333333333,0.860092428493334,0.955972378022611
GOBP_ANATOMICAL_STRUCTURE_MATURATION,3,-0.17605894719327,0.0164135193244765,0.333333333333333,0.860247632467404,0.955972378022611
GOBP_MEMBRANE_RAFT_ORGANIZATION,3,0.174999810202442,0.0238197967313442,0.666666666666667,0.861079782719988,0.955972378022611
GOBP_REGULATION_OF_MRNA_METABOLIC_PROCESS,3,-0.174867566945087,-0.0604990051086838,0.666666666666667,0.861183695389931,0.955972378022611
GOBP_NEUROMUSCULAR_PROCESS_CONTROLLING_BALANCE,3,-0.17460729652323,0.0736312502849832,0.333333333333333,0.861388214871259,0.955972378022611
REACTOME_PROLACTIN_RECEPTOR_SIGNALING,3,0.174556673495218,-0.00942447183388213,0.333333333333333,0.861427995329166,0.955972378022611
GOBP_SENSORY_PERCEPTION_OF_TEMPERATURE_STIMULUS,3,0.174531842047686,-0.00065409636609965,0.666666666666667,0.861447508442025,0.955972378022611
GOBP_CELLULAR_RESPONSE_TO_VITAMIN,3,-0.174351288317845,-0.0159971088995151,0.666666666666667,0.86158939418715,0.955972378022611
GOBP_TELENCEPHALON_DEVELOPMENT,3,0.174225938811558,-0.00647051344813865,0.333333333333333,0.861687901055209,0.955972378022611
GOBP_TUBULIN_DEACETYLATION,3,-0.173607299595013,-0.0241201974857915,0.666666666666667,0.86217409489445,0.955972378022611
REACTOME_MET_ACTIVATES_PTK2_SIGNALING,3,-0.173606038536513,-0.00541268344674557,0.666666666666667,0.86217508602448,0.955972378022611
GOBP_REGULATION_OF_CARDIAC_MUSCLE_CELL_PROLIFERATION,3,0.173474833811203,-0.0297740249461573,0.333333333333333,0.862278207678381,0.955972378022611
GOBP_CARDIOCYTE_DIFFERENTIATION,3,-0.173431361790275,0.027105379848715,0.333333333333333,0.862312375461732,0.955972378022611
GOBP_POSITIVE_REGULATION_OF_NERVOUS_SYSTEM_PROCESS,3,0.173023902021586,0.00808075993491546,1,0.862632639871482,0.955972378022611
GOBP_CELLULAR_RESPONSE_TO_EXTRACELLULAR_STIMULUS,3,-0.172849597878741,0.0162580880501983,0.333333333333333,0.862769650267611,0.955972378022611
REACTOME_INTERACTIONS_OF_REV_WITH_HOST_CELLULAR_PROTEINS,3,-0.172812316162318,-0.133851984775439,0.666666666666667,0.862798955802657,0.955972378022611
GOBP_SYNAPTIC_VESICLE_CYTOSKELETAL_TRANSPORT,2,-0.172644101544713,-0.0734037706242426,0.5,0.862931184341316,0.955972378022611
REACTOME_PI_3K_CASCADE_FGFR2,3,0.172538744711657,0.0713397203788818,0.666666666666667,0.863014004189573,0.955972378022611
REACTOME_NUCLEOTIDE_SALVAGE,3,0.172297031607825,0.182150914306636,0.666666666666667,0.863204017891018,0.955972378022611
GOBP_METANEPHROS_MORPHOGENESIS,3,-0.172085192909128,0.118991558263264,0.333333333333333,0.86337055345529,0.955972378022611
GOBP_POSITIVE_REGULATION_OF_JUN_KINASE_ACTIVITY,3,-0.171792594460972,0.007747670414202,0.333333333333333,0.863600587734359,0.955972378022611
GOBP_POSITIVE_REGULATION_OF_MONOCYTE_CHEMOTAXIS,3,0.171658611335215,-0.0338946739321455,0.666666666666667,0.863705926096973,0.955972378022611
GOBP_REGULATION_OF_HISTONE_H3_K9_METHYLATION,3,0.171493549120052,0.0116451840359089,0.666666666666667,0.863835702362715,0.955972378022611
GOBP_PROTEIN_LOCALIZATION_TO_ENDOPLASMIC_RETICULUM,3,-0.170809031795937,0.00565076813119574,0.666666666666667,0.864373927099795,0.955972378022611
GOBP_NEGATIVE_REGULATION_OF_INTRACELLULAR_TRANSPORT,3,0.170630183097359,-0.0071776904828488,0.333333333333333,0.864514563275706,0.955972378022611
GOBP_MYOBLAST_DIFFERENTIATION,3,0.170620358762845,0.00718455456306436,0.333333333333333,0.864522288683245,0.955972378022611
GOBP_VASOCONSTRICTION,3,0.170463757304272,0.0328153136595208,0.666666666666667,0.864645434659081,0.955972378022611
GOBP_LYSOSOMAL_TRANSPORT,3,-0.170334448929038,0.0158324394790646,0.333333333333333,0.864747120775314,0.955972378022611
GOBP_T_CELL_RECEPTOR_SIGNALING_PATHWAY,3,0.170197009491894,0.0660122858964529,0.666666666666667,0.86485520348887,0.955972378022611
REACTOME_LONG_TERM_POTENTIATION,3,0.170071406909752,0.017894931524799,0.333333333333333,0.864953979881439,0.955972378022611
GOBP_POSITIVE_REGULATION_OF_NUCLEOTIDE_BIOSYNTHETIC_PROCESS,3,0.168739080479891,0.0780067049503823,0.666666666666667,0.866001877738778,0.956907412955302
GOBP_VESICLE_LOCALIZATION,3,-0.16829761434979,-0.0123395223486874,0.666666666666667,0.866349150568684,0.956907412955302
GOBP_TELOMERE_ORGANIZATION,3,0.167697225480982,-0.058825995432792,0.333333333333333,0.866821479025272,0.956907412955302
GOBP_NEGATIVE_REGULATION_OF_OSSIFICATION,3,0.167374535526313,0.115400250346958,0.666666666666667,0.867075360234413,0.956907412955302
REACTOME_ESTROGEN_DEPENDENT_GENE_EXPRESSION,3,0.167225512654713,-0.00770082295251478,0.333333333333333,0.867192610865798,0.956907412955302
REACTOME_GLYCOGEN_SYNTHESIS,2,0.167203492352096,0.00538272092655339,0.5,0.867209936604402,0.956907412955302
REACTOME_DEFECTIVE_B4GALT7_CAUSES_EDS_PROGEROID_TYPE,3,0.16700623146432,0.059560162839026,0.666666666666667,0.86736514578889,0.956907412955302
GOBP_CELLULAR_RESPONSE_TO_IONIZING_RADIATION,3,-0.166973174806562,0.00178446231688741,0.333333333333333,0.867391155991207,0.956907412955302
GOBP_REGULATION_OF_ORGANIC_ACID_TRANSPORT,3,0.166864312863382,0.0332370679068065,0.666666666666667,0.867476813613685,0.956907412955302
GOBP_DNA_METHYLATION,3,-0.166015834704416,-0.0380646192911471,0.666666666666667,0.868144488803635,0.957330153569669
GOBP_CELL_AGGREGATION,3,0.165815848132896,0.0357951600314538,0.666666666666667,0.868301873772405,0.957330153569669
GOBP_PROTEIN_ACYLATION,3,-0.165519122227384,-0.0310882779819433,0.333333333333333,0.86853540005302,0.957330153569669
GOBP_POSITIVE_REGULATION_OF_SMOOTH_MUSCLE_CELL_PROLIFERATION,3,0.165374525999342,-0.0160844021118634,0.333333333333333,0.868649202900666,0.957330153569669
GOBP_CARDIOBLAST_DIFFERENTIATION,3,0.165193061895174,0.000994055147037212,0.333333333333333,0.86879202604911,0.957330153569669
GOBP_REGULATION_OF_CELL_JUNCTION_ASSEMBLY,3,0.163903218745076,0.0160817686678557,0.333333333333333,0.869807333177814,0.958243342600012
GOBP_COLUMNAR_CUBOIDAL_EPITHELIAL_CELL_DIFFERENTIATION,3,0.163373493839575,0.0622712777672272,0.666666666666667,0.870224371328356,0.95849718446117
KEGG_GLYCOSAMINOGLYCAN_BIOSYNTHESIS_KERATAN_SULFATE,2,-0.162708380605069,0.0475070960458757,0.5,0.870748048159404,0.958868348058898
REACTOME_PROCESSIVE_SYNTHESIS_ON_THE_LAGGING_STRAND,3,0.162263710742163,-0.0909747054867618,0.333333333333333,0.871098190551931,0.959048297250744
GOBP_POSITIVE_REGULATION_OF_KERATINOCYTE_DIFFERENTIATION,3,-0.162021853097038,0.0804728805969709,0.666666666666667,0.871288644955373,0.959052396161765
REACTOME_DAG_AND_IP3_SIGNALING,3,0.161410017716264,0.023896926299635,0.666666666666667,0.871770477131422,0.959377152463463
REACTOME_FORMATION_OF_SENESCENCE_ASSOCIATED_HETEROCHROMATIN_FOCI_SAHF,3,-0.161068197562075,0.0804820758498759,0.333333333333333,0.872039687833338,0.959400018623448
GOBP_INNER_DYNEIN_ARM_ASSEMBLY,2,0.160909279733937,-0.0388097708234779,0.5,0.872164853378676,0.959400018623448
GOBP_SECONDARY_METABOLIC_PROCESS,3,-0.160557782436211,0.00799026394044323,0.666666666666667,0.87244170813734,0.959411572424412
GOBP_PROTEIN_QUALITY_CONTROL_FOR_MISFOLDED_OR_INCOMPLETELY_SYNTHESIZED_PROTEINS,3,0.160421620768261,0.0914294243688928,0.666666666666667,0.872548959266828,0.959411572424412
GOBP_PYRIMIDINE_NUCLEOSIDE_MONOPHOSPHATE_BIOSYNTHETIC_PROCESS,2,-0.159372283102667,0.0540064984483074,0.5,0.873375574668511,0.960114929686959
REACTOME_CYTOCHROME_P450_ARRANGED_BY_SUBSTRATE_TYPE,3,0.158731348146523,0.0342746118299382,0.666666666666667,0.873880539037305,0.960464465759811
GOBP_THYROID_GLAND_DEVELOPMENT,3,-0.158467416944433,0.0543540434483376,0.333333333333333,0.874088493730229,0.960487484766465
GOBP_NEGATIVE_REGULATION_OF_ALPHA_BETA_T_CELL_DIFFERENTIATION,3,0.157880652274938,0.139646621284972,0.666666666666667,0.874550844089208,0.960789975452871
GOBP_ACTIVATION_OF_PROTEIN_KINASE_B_ACTIVITY,3,-0.157478322794389,-0.0260232721872006,0.666666666666667,0.874867890632279,0.960932738726985
GOBP_REGULATION_OF_SMOOTH_MUSCLE_CONTRACTION,3,0.157236868432032,0.0340375687395346,0.666666666666667,0.875058172867408,0.960936236016038
REACTOME_STIMULI_SENSING_CHANNELS,3,0.156556862222812,0.0340252941810806,0.666666666666667,0.875594102164909,0.96131921947819
REACTOME_SIGNALING_BY_THE_B_CELL_RECEPTOR_BCR,3,-0.156148105316894,-0.0224919134602086,0.666666666666667,0.875916280815842,0.96143962982568
GOBP_NEUROTRANSMITTER_SECRETION,3,-0.15572396740774,0.0369085160652109,0.333333333333333,0.876250604379034,0.96143962982568
REACTOME_INSULIN_RECEPTOR_SIGNALLING_CASCADE,3,0.155605209488605,0.00909498759887262,1,0.876344218388202,0.96143962982568
GOBP_MAMMARY_GLAND_EPITHELIUM_DEVELOPMENT,3,0.155415148805131,0.050143192165231,0.333333333333333,0.876494042249462,0.96143962982568
GOBP_NEGATIVE_REGULATION_OF_INFLAMMATORY_RESPONSE,3,-0.155211456743162,0.0709582559816495,0.333333333333333,0.87665461656939,0.96143962982568
GOBP_REGULATION_OF_GLUCONEOGENESIS,3,-0.15495947444907,-0.095206295507174,0.666666666666667,0.876853266020162,0.96143962982568
REACTOME_NOTCH4_INTRACELLULAR_DOMAIN_REGULATES_TRANSCRIPTION,3,-0.154636716900164,0.0406889928942418,0.333333333333333,0.877107722250104,0.96143962982568
GOBP_REGULATION_OF_INTEGRIN_MEDIATED_SIGNALING_PATHWAY,2,-0.154517968553307,-0.0531267668018566,0.5,0.877201344502168,0.96143962982568
GOBP_EYE_MORPHOGENESIS,3,0.154150658113651,-0.01147057831303,0.333333333333333,0.877490946186585,0.961551845447899
GOBP_POSITIVE_REGULATION_OF_NEUROBLAST_PROLIFERATION,3,-0.153852979229227,0.032035803001352,0.333333333333333,0.877725659705056,0.961592402039254
GOBP_CELLULAR_RESPONSE_TO_REACTIVE_OXYGEN_SPECIES,3,0.153628823193922,0.0370780001738028,0.666666666666667,0.877902409104763,0.961592402039254
GOBP_MONOSACCHARIDE_CATABOLIC_PROCESS,3,0.152206994986034,0.0664626592322171,0.666666666666667,0.879023677046161,0.962452944077339
GOBP_POSITIVE_REGULATION_OF_INNATE_IMMUNE_RESPONSE,3,0.152157336264985,0.0157946844806043,0.666666666666667,0.879062842808956,0.962452944077339
KEGG_GLYCOSYLPHOSPHATIDYLINOSITOL_GPI_ANCHOR_BIOSYNTHESIS,3,0.15177217051491,-0.0667951491719307,0.333333333333333,0.879366632531374,0.962580354791376
GOBP_TETRAPYRROLE_METABOLIC_PROCESS,3,0.151198102985997,-0.0194197655823123,0.333333333333333,0.87981944669034,0.962870802940887
GOBP_MRNA_CATABOLIC_PROCESS,3,-0.150696406321337,-0.0560276367739632,0.666666666666667,0.880215208200853,0.963098702454108
GOBP_EMBRYONIC_CAMERA_TYPE_EYE_DEVELOPMENT,3,0.150196686851459,-0.00914790941244647,0.666666666666667,0.880609439754476,0.963110251872087
REACTOME_BMAL1_CLOCK_NPAS2_ACTIVATES_CIRCADIAN_GENE_EXPRESSION,3,0.15007010122317,0.0798145112485581,0.666666666666667,0.880709308583117,0.963110251872087
GOBP_PHOTORECEPTOR_CELL_DEVELOPMENT,3,0.149688321710319,0.0241743246717145,0.333333333333333,0.881010522290124,0.963110251872087
GOBP_INSULIN_SECRETION,3,-0.14931807937221,0.00190248829218585,0.666666666666667,0.881302649920584,0.963110251872087
REACTOME_ADORA2B_MEDIATED_ANTI_INFLAMMATORY_CYTOKINES_PRODUCTION,3,-0.14926843081435,0.063364061441727,0.333333333333333,0.881341824723337,0.963110251872087
GOBP_MONOCARBOXYLIC_ACID_CATABOLIC_PROCESS,3,-0.14902528302929,-0.0032656216669873,0.333333333333333,0.881533682754967,0.963110251872087
GOBP_RNA_DEPENDENT_DNA_BIOSYNTHETIC_PROCESS,3,-0.149019287145871,-0.0395628057212128,0.666666666666667,0.881538413950678,0.963110251872087
GOBP_SPROUTING_ANGIOGENESIS,3,-0.14836623442483,0.0213073066306468,0.333333333333333,0.88205374614184,0.963468319903124
GOBP_POSITIVE_REGULATION_OF_SMOOTH_MUSCLE_CELL_MIGRATION,3,-0.147714059926982,-0.0438606703659192,0.333333333333333,0.882568435148805,0.963488830067566
REACTOME_GPVI_MEDIATED_ACTIVATION_CASCADE,3,0.147169239130153,0.0200208306155147,0.666666666666667,0.882998439807448,0.963488830067566
GOBP_COCHLEA_DEVELOPMENT,3,-0.146866469698615,0.0111219322664352,0.333333333333333,0.883237418186274,0.963488830067566
GOBP_NEGATIVE_REGULATION_OF_MRNA_CATABOLIC_PROCESS,3,0.146515015583813,-0.0634886836663,0.333333333333333,0.883514837108118,0.963488830067566
GOBP_PHOSPHATIDYLINOSITOL_PHOSPHATE_BIOSYNTHETIC_PROCESS,3,0.146323347988442,-0.0301528379963832,0.333333333333333,0.883666135191793,0.963488830067566
GOBP_TERPENOID_METABOLIC_PROCESS,3,-0.14631203546883,-0.0111232376738326,0.333333333333333,0.883675065172699,0.963488830067566
REACTOME_GAB1_SIGNALOSOME,3,-0.146243838522343,0.0441224277380413,0.333333333333333,0.883728899419412,0.963488830067566
GOBP_RNA_METHYLATION,3,0.14621001955374,-0.0510561951489083,0.333333333333333,0.8837555961027,0.963488830067566
GOBP_CARDIAC_MUSCLE_CELL_DIFFERENTIATION,3,0.146203326313408,0.0392443638350349,0.666666666666667,0.883760879760184,0.963488830067566
GOBP_POSITIVE_REGULATION_OF_DNA_BINDING_TRANSCRIPTION_FACTOR_ACTIVITY,3,0.145647111039481,0.0149031603511753,0.666666666666667,0.884199975270447,0.963762961160657
GOBP_EPHRIN_RECEPTOR_SIGNALING_PATHWAY,3,0.145030665855378,0.0568971133341289,0.666666666666667,0.88468665990204,0.963808517504653
GOBP_DIACYLGLYCEROL_METABOLIC_PROCESS,3,0.144589329876075,0.0382904807232909,0.333333333333333,0.885035122225887,0.963808517504653
GOBP_POSITIVE_REGULATION_OF_MUSCLE_CELL_DIFFERENTIATION,3,0.144503963575462,0.0629981282466495,0.666666666666667,0.885102526821316,0.963808517504653
REACTOME_PLATELET_HOMEOSTASIS,3,-0.144414140062405,0.0398902314672373,0.333333333333333,0.885173451696246,0.963808517504653
GOBP_RESPONSE_TO_MURAMYL_DIPEPTIDE,3,0.144328209451291,0.0856905178080055,0.666666666666667,0.885241303586966,0.963808517504653
GOBP_COPII_COATED_VESICLE_BUDDING,3,0.14416811900171,0.00266571187641269,0.666666666666667,0.885367715262257,0.963808517504653
GOBP_REGULATION_OF_RECEPTOR_BINDING,3,0.14349947100192,-0.0528322780538244,0.666666666666667,0.885895729005226,0.964178949813698
REACTOME_TRANSCRIPTIONAL_REGULATION_BY_RUNX2,3,-0.142565706390897,0.0228722534802935,0.333333333333333,0.886633183094955,0.964777124655866
GOBP_CHAPERONE_MEDIATED_PROTEIN_FOLDING,3,0.141845011634218,-0.0598203779661214,0.333333333333333,0.887202429352563,0.96517473785896
GOBP_BILE_ACID_AND_BILE_SALT_TRANSPORT,3,0.141627254780761,0.0529241806388153,0.666666666666667,0.887374437727805,0.96517473785896
GOBP_PEROXISOME_ORGANIZATION,3,-0.141272500543515,-0.060288917961733,0.666666666666667,0.887654673100988,0.965185938514118
GOBP_RNA_EXPORT_FROM_NUCLEUS,3,-0.140984838253137,-0.0839610481250004,0.666666666666667,0.887881920021657,0.965185938514118
GOBP_REGULATION_OF_AXONOGENESIS,3,-0.140900544032975,-0.00923157541496545,0.666666666666667,0.887948512359659,0.965185938514118
GOBP_AMINO_ACID_IMPORT_ACROSS_PLASMA_MEMBRANE,3,0.140141235112536,0.0175525858851824,0.666666666666667,0.888548401137636,0.965633641185547
GOBP_SMOOTH_MUSCLE_CONTRACTION,3,0.13952772924574,0.016581845232384,1,0.889033145477528,0.965941410048041
GOBP_GANGLION_DEVELOPMENT,3,0.139306762062117,-0.00835638237219744,0.333333333333333,0.88920774663301,0.965941410048041
GOBP_POSITIVE_REGULATION_OF_OXIDATIVE_STRESS_INDUCED_CELL_DEATH,3,0.13834182759365,-0.021882374760666,0.333333333333333,0.889970269660184,0.966110174378025
GOBP_NEGATIVE_REGULATION_OF_TRANSCRIPTION_REGULATORY_REGION_DNA_BINDING,3,0.138311514925896,-0.0237595520764928,0.333333333333333,0.889994225382339,0.966110174378025
REACTOME_COLLAGEN_DEGRADATION,3,-0.138296908155673,0.0875152857477471,0.333333333333333,0.890005768965995,0.966110174378025
GOBP_CALCIUM_ION_IMPORT,3,-0.138031230781384,0.0172467184221612,0.333333333333333,0.890215735190788,0.966110174378025
GOBP_PEPTIDE_CROSS_LINKING,3,-0.137920014526482,0.0138140240288507,0.333333333333333,0.890303632268534,0.966110174378025
GOBP_TELOMERE_MAINTENANCE_VIA_TELOMERE_LENGTHENING,3,-0.137451860789764,-0.0388653141337301,0.666666666666667,0.890673641024051,0.966135610612927
GOBP_POSITIVE_REGULATION_OF_PEPTIDYL_THREONINE_PHOSPHORYLATION,3,-0.137332921692142,0.0465688229796264,0.333333333333333,0.890767649212497,0.966135610612927
REACTOME_CREATION_OF_C4_AND_C2_ACTIVATORS,3,-0.137176349952635,0.0285994544035776,0.333333333333333,0.890891404178899,0.966135610612927
GOBP_REGULATION_OF_TUBE_SIZE,3,0.136558090981574,0.0289418516378991,0.666666666666667,0.891380104631503,0.966227323188731
GOBP_MRNA_SPLICE_SITE_SELECTION,3,0.136341422980131,-0.122832055725761,0.333333333333333,0.891551378802562,0.966227323188731
GOBP_DNA_PACKAGING,3,0.136154115874391,-0.0353302259908495,0.666666666666667,0.891699447518821,0.966227323188731
REACTOME_G_ALPHA_Z_SIGNALLING_EVENTS,3,-0.135815936621352,0.0434927784942179,0.333333333333333,0.891966792200465,0.966227323188731
GOBP_FATTY_ACYL_COA_METABOLIC_PROCESS,3,-0.135755759169127,-0.0488781028957085,0.666666666666667,0.892014366252314,0.966227323188731
GOBP_NEGATIVE_REGULATION_OF_INTERLEUKIN_1_BETA_PRODUCTION,3,-0.135606717202938,0.0969405565858834,0.333333333333333,0.892132194951252,0.966227323188731
GOBP_ACTIN_MEDIATED_CELL_CONTRACTION,3,0.134569877284873,0.0327427284460395,0.666666666666667,0.89295195937054,0.966227323188731
REACTOME_REGULATION_OF_INNATE_IMMUNE_RESPONSES_TO_CYTOSOLIC_DNA,2,0.13456531546604,0.155045759637679,0.5,0.89295556636851,0.966227323188731
REACTOME_PHASE_0_RAPID_DEPOLARISATION,3,0.134536810877044,0.0199555220336979,0.666666666666667,0.892978104796088,0.966227323188731
GOBP_ACYLGLYCEROL_HOMEOSTASIS,3,0.134258429298789,0.0786555747173197,0.666666666666667,0.893198224177124,0.966227323188731
GOBP_NEGATIVE_REGULATION_OF_CD4_POSITIVE_ALPHA_BETA_T_CELL_ACTIVATION,3,-0.133795184276596,0.0967898600770065,0.333333333333333,0.893564535347989,0.966227323188731
KEGG_LONG_TERM_DEPRESSION,3,0.133640896453226,0.0685639460588032,0.666666666666667,0.893686543544889,0.966227323188731
GOBP_TRANSFORMING_GROWTH_FACTOR_BETA1_PRODUCTION,2,-0.133568954407752,-0.086345098112033,0.5,0.89374343495585,0.966227323188731
GOBP_ROOF_OF_MOUTH_DEVELOPMENT,3,-0.133554119514155,0.00596214195891443,0.333333333333333,0.893755166383758,0.966227323188731
GOBP_BASEMENT_MEMBRANE_ASSEMBLY,2,-0.133500081747907,-0.0268663762219996,0.5,0.893797899624155,0.966227323188731
HALLMARK_PANCREAS_BETA_CELLS,3,-0.13319755647358,0.0513773892135914,0.666666666666667,0.894037143280518,0.966282569000156
GOBP_REGULATION_OF_RESPONSE_TO_TUMOR_CELL,3,-0.132691794038243,-0.062458675825193,0.666666666666667,0.894437132884692,0.966511490531408
REACTOME_NEUROTRANSMITTER_RELEASE_CYCLE,3,-0.13168269503905,0.020021999569276,0.333333333333333,0.895235273669175,0.96717045973178
REACTOME_PROCESSING_OF_CAPPED_INTRON_CONTAINING_PRE_MRNA,3,-0.130929385068729,-0.0936471997559696,0.666666666666667,0.895831168847504,0.967490403243251
GOBP_INTRA_GOLGI_VESICLE_MEDIATED_TRANSPORT,3,-0.130830334455013,0.0476631559085095,0.666666666666667,0.89590952581144,0.967490403243251
GOBP_REGULATION_OF_CYCLIN_DEPENDENT_PROTEIN_KINASE_ACTIVITY,3,-0.130593931393759,0.00355355456547162,0.666666666666667,0.896096543658128,0.967490403243251
GOBP_NUCLEAR_TRANSCRIBED_MRNA_CATABOLIC_PROCESS_NONSENSE_MEDIATED_DECAY,3,-0.129915347075772,-0.0688087281281554,0.666666666666667,0.896633401984636,0.967705345249921
GOBP_NEGATIVE_REGULATION_OF_CD4_POSITIVE_ALPHA_BETA_T_CELL_DIFFERENTIATION,3,0.129865984482025,0.140785926478793,0.666666666666667,0.89667245678434,0.967705345249921
GOBP_MIDBODY_ABSCISSION,2,-0.128160456695747,-0.021075368992719,1,0.898021992929908,0.968537376731953
KEGG_NITROGEN_METABOLISM,3,-0.128135996414915,-0.0243394033610395,0.666666666666667,0.898041349816934,0.968537376731953
GOBP_CYTOKINE_PRODUCTION_INVOLVED_IN_INFLAMMATORY_RESPONSE,3,0.12804623317859,0.0761029483747919,0.666666666666667,0.898112385368401,0.968537376731953
REACTOME_ACTIVATION_OF_MATRIX_METALLOPROTEINASES,3,0.1278374299119,0.0815416147859895,0.666666666666667,0.898277628281256,0.968537376731953
GOBP_AMINOGLYCAN_BIOSYNTHETIC_PROCESS,3,0.127700107454987,0.0640095232575162,0.666666666666667,0.898386305052769,0.968537376731953
GOBP_NEGATIVE_REGULATION_OF_JNK_CASCADE,3,-0.127399019283955,-0.00294971613818731,0.333333333333333,0.898624592414351,0.968590956272845
GOBP_SEROTONIN_RECEPTOR_SIGNALING_PATHWAY,3,0.126372891899782,0.0430356780134994,0.333333333333333,0.899436759228709,0.968965108192393
REACTOME_BETA_CATENIN_INDEPENDENT_WNT_SIGNALING,3,-0.126250790021997,-0.00178829348377192,0.333333333333333,0.899533408345388,0.968965108192393
GOBP_PROTEIN_LOCALIZATION_TO_CHROMOSOME,3,0.12613679090565,-0.0345585512635554,0.333333333333333,0.89962364510761,0.968965108192393
REACTOME_VOLTAGE_GATED_POTASSIUM_CHANNELS,3,0.125646472327787,0.0556231407651578,0.666666666666667,0.900011774831935,0.968965108192393
REACTOME_ATTENUATION_PHASE,3,0.125629050828433,0.0152579473929312,0.666666666666667,0.900025565901674,0.968965108192393
REACTOME_REGULATION_OF_GENE_EXPRESSION_IN_BETA_CELLS,3,-0.125320021927588,0.110069656506607,0.666666666666667,0.900270201932272,0.968965108192393
GOBP_SYNAPTIC_VESICLE_PRIMING,2,-0.124424525278735,-0.013718749077469,1,0.900979155866394,0.968965108192393
REACTOME_FRS_MEDIATED_FGFR1_SIGNALING,3,-0.124246754776015,0.0540778651454501,0.333333333333333,0.901119904052308,0.968965108192393
GOBP_NADH_DEHYDROGENASE_COMPLEX_ASSEMBLY,3,0.124012119754966,-0.00795583164153961,0.666666666666667,0.901305678964504,0.968965108192393
GOBP_REGULATION_OF_VIRAL_PROCESS,3,-0.12392174335798,0.0538136823994908,0.333333333333333,0.901377236934114,0.968965108192393
GOBP_REGULATION_OF_TELOMERE_MAINTENANCE_VIA_TELOMERE_LENGTHENING,3,0.123727946839828,-0.0524270417549715,0.333333333333333,0.901530683297656,0.968965108192393
GOBP_SPINAL_CORD_PATTERNING,2,0.123486216406829,0.0259014256602356,0.5,0.901722088466041,0.968965108192393
GOBP_LONG_CHAIN_FATTY_ACID_METABOLIC_PROCESS,3,-0.123434096743616,0.0412581562572855,0.333333333333333,0.901763358213833,0.968965108192393
GOBP_POSITIVE_REGULATION_OF_CELL_ADHESION_MEDIATED_BY_INTEGRIN,3,-0.123325538149149,-0.009516836527956,0.666666666666667,0.901849318674047,0.968965108192393
GOBP_CAMERA_TYPE_EYE_MORPHOGENESIS,3,0.123303368998185,-0.0148549447960767,0.333333333333333,0.901866873118208,0.968965108192393
GOBP_VACUOLAR_TRANSPORT,3,-0.123147497045627,0.0120196448663768,0.333333333333333,0.901990300285793,0.968965108192393
GOBP_CENTRIOLE_ASSEMBLY,3,0.122495025104452,-0.124187857744216,0.333333333333333,0.902506985714927,0.969275832641904
KEGG_NOD_LIKE_RECEPTOR_SIGNALING_PATHWAY,3,-0.12226746028255,0.0145340123551874,0.666666666666667,0.902687201545294,0.969275832641904
GOBP_DENDRITIC_CELL_CYTOKINE_PRODUCTION,2,-0.122067307225784,0.0193222765081805,0.5,0.902845713270808,0.969275832641904
REACTOME_SENSORY_PERCEPTION,3,-0.121582663575223,0.0413254636190502,0.333333333333333,0.903229544079815,0.96933350508755
GOBP_ALPHA_BETA_T_CELL_PROLIFERATION,3,-0.121522872393432,0.0408505801850643,0.333333333333333,0.903276899405961,0.96933350508755
GOBP_NEGATIVE_REGULATION_OF_OXIDATIVE_STRESS_INDUCED_INTRINSIC_APOPTOTIC_SIGNALING_PATHWAY,3,-0.121228896896758,0.0740579695749559,0.666666666666667,0.90350973649267,0.9693808244467
REACTOME_HEDGEHOG_OFF_STATE,3,-0.120692047136569,0.00437600420246425,0.666666666666667,0.903934958412439,0.969604539025505
GOBP_MITOTIC_G1_S_TRANSITION_CHECKPOINT_SIGNALING,3,0.120488964334319,-0.0384938604886484,0.333333333333333,0.904095821143525,0.969604539025505
GOBP_CELL_MIGRATION_INVOLVED_IN_SPROUTING_ANGIOGENESIS,3,0.120100091354469,0.0169400921545728,0.666666666666667,0.904403860025374,0.969676811780496
REACTOME_P75NTR_SIGNALS_VIA_NF_KB,3,-0.119927208205782,0.198393508416305,0.666666666666667,0.904540810989166,0.969676811780496
GOBP_REGULATION_OF_NITRIC_OXIDE_SYNTHASE_ACTIVITY,3,0.119478273002731,0.0665241218483578,0.666666666666667,0.904896452357025,0.969746358899944
GOBP_METANEPHRIC_TUBULE_DEVELOPMENT,3,-0.119174530798474,0.0618200564231804,0.333333333333333,0.905137084304632,0.969746358899944
GOBP_DETECTION_OF_EXTERNAL_BIOTIC_STIMULUS,3,-0.118941875125141,0.0169716831732712,0.333333333333333,0.905321405669245,0.969746358899944
GOBP_NEGATIVE_REGULATION_OF_ENDOCYTOSIS,3,-0.118190498572674,0.0308782527456699,0.333333333333333,0.905916718230919,0.969746358899944
HALLMARK_SPERMATOGENESIS,3,-0.118160075091997,-0.0348168352863394,0.666666666666667,0.905940823745837,0.969746358899944
GOBP_EYE_PHOTORECEPTOR_CELL_DIFFERENTIATION,3,-0.117395103356642,0.0111609719905529,0.333333333333333,0.906546964198294,0.969746358899944
GOBP_REGULATION_OF_PLASMINOGEN_ACTIVATION,3,0.117221043600968,-0.0286644973173264,0.333333333333333,0.906684891495946,0.969746358899944
GOBP_MITOCHONDRIAL_TRANSMEMBRANE_TRANSPORT,3,-0.117068617649194,-0.0468563113394447,0.666666666666667,0.906805678187082,0.969746358899944
GOBP_POSITIVE_REGULATION_OF_PROTEIN_EXPORT_FROM_NUCLEUS,3,-0.11663576550637,0.00341161223350928,0.666666666666667,0.907148694367906,0.969746358899944
GOBP_DETECTION_OF_TEMPERATURE_STIMULUS,3,-0.11642849004348,-0.0363627708358098,0.666666666666667,0.907312957141639,0.969746358899944
GOBP_REGULATION_OF_NEURAL_PRECURSOR_CELL_PROLIFERATION,3,0.116398807880829,0.0442497954034594,0.666666666666667,0.907336480146198,0.969746358899944
GOBP_INNER_EAR_RECEPTOR_CELL_STEREOCILIUM_ORGANIZATION,3,-0.116364431396302,-0.0190012317144382,0.666666666666667,0.907363723485117,0.969746358899944
REACTOME_PINK1_PRKN_MEDIATED_MITOPHAGY,3,-0.116288952924483,0.0167658971073332,0.333333333333333,0.907423540501274,0.969746358899944
REACTOME_SRP_DEPENDENT_COTRANSLATIONAL_PROTEIN_TARGETING_TO_MEMBRANE,3,0.115749326351753,-0.0322185112731153,0.666666666666667,0.907851212174841,0.969746358899944
HALLMARK_PEROXISOME,3,0.11564083805638,-0.020310069645873,0.666666666666667,0.907937195919368,0.969746358899944
GOBP_NOTOCHORD_DEVELOPMENT,2,-0.11557330580449,0.029312546716782,0.5,0.907990719988292,0.969746358899944
GOBP_AMMONIUM_ION_METABOLIC_PROCESS,3,0.115353579992279,-0.0174476433971269,0.333333333333333,0.9081648710691,0.969746358899944
GOBP_CELLULAR_RESPONSE_TO_INORGANIC_SUBSTANCE,3,-0.115150394445281,0.0053623902751685,0.666666666666667,0.90832591653493,0.969746358899944
REACTOME_NS1_MEDIATED_EFFECTS_ON_HOST_PATHWAYS,3,-0.115118776159414,-0.104228679396109,0.666666666666667,0.908350977620838,0.969746358899944
GOBP_CELL_CYCLE_G2_M_PHASE_TRANSITION,3,0.115079690853445,-0.0198546430990704,0.333333333333333,0.908381957295099,0.969746358899944
GOBP_CELLULAR_SODIUM_ION_HOMEOSTASIS,3,-0.11458185179385,-0.00850092241504845,0.333333333333333,0.908776565124768,0.96980271918115
GOBP_AORTA_MORPHOGENESIS,3,0.114536643507926,0.0755794846065977,0.666666666666667,0.908812400198379,0.96980271918115
GOBP_NEGATIVE_REGULATION_OF_PEPTIDE_SECRETION,3,0.113842739349429,0.00543880376054678,0.333333333333333,0.90936245770792,0.970005878305513
REACTOME_MITOCHONDRIAL_BIOGENESIS,3,0.113798436511553,0.0285204134251816,0.666666666666667,0.909397578025785,0.970005878305513
GOBP_ACUTE_INFLAMMATORY_RESPONSE,3,-0.113404900945462,0.00580203552866494,0.666666666666667,0.909709554386861,0.970005878305513
GOBP_POSITIVE_REGULATION_OF_MESENCHYMAL_CELL_PROLIFERATION,3,-0.113304571417793,-0.0318582408374178,0.666666666666667,0.909789093114566,0.970005878305513
GOBP_POSITIVE_REGULATION_OF_CALCIUM_MEDIATED_SIGNALING,3,-0.113105262205168,-0.0054811748503162,0.666666666666667,0.909947103130055,0.970005878305513
GOBP_REGULATION_OF_GLIOGENESIS,3,0.112747136185189,0.057434014557892,0.666666666666667,0.910231030201478,0.970107194670012
GOBP_POSITIVE_REGULATION_OF_NATURAL_KILLER_CELL_MEDIATED_CYTOTOXICITY,3,-0.112011315526885,-0.0389796509503538,0.333333333333333,0.910814434542398,0.970391091758158
GOBP_LIPID_MODIFICATION,3,-0.111934573737311,0.0252953205057359,0.666666666666667,0.910875282976262,0.970391091758158
REACTOME_SIGNALING_BY_HEDGEHOG,3,0.111251320126122,0.0173878764932888,0.666666666666667,0.911417056599749,0.970504112019789
GOBP_TERPENOID_BIOSYNTHETIC_PROCESS,3,0.111129266310965,-0.0740166228914491,0.333333333333333,0.911513841313054,0.970504112019789
GOBP_2_OXOGLUTARATE_METABOLIC_PROCESS,2,-0.110715765505179,0.0469046715255072,0.5,0.911841743778005,0.970504112019789
REACTOME_NUCLEAR_IMPORT_OF_REV_PROTEIN,3,-0.110616726237268,-0.130836977880273,0.666666666666667,0.911920283267958,0.970504112019789
GOBP_EMBRYONIC_CAMERA_TYPE_EYE_MORPHOGENESIS,3,-0.110561861684738,-0.0768340864705162,0.333333333333333,0.911963791976649,0.970504112019789
KEGG_VASCULAR_SMOOTH_MUSCLE_CONTRACTION,3,0.110371016705882,0.0512227074520779,0.666666666666667,0.912115137990561,0.970504112019789
GOBP_POLYOL_BIOSYNTHETIC_PROCESS,3,-0.109982448452124,0.0098608397703169,0.333333333333333,0.912423294568788,0.970575639666846
GOBP_REGULATION_OF_LEUKOCYTE_APOPTOTIC_PROCESS,3,-0.109594014523261,0.0227772668090128,0.333333333333333,0.912731357782526,0.970575639666846
GOBP_NEGATIVE_REGULATION_OF_RECEPTOR_INTERNALIZATION,2,-0.109571407873285,0.0164705602696526,0.5,0.912749287303517,0.970575639666846
KEGG_RNA_POLYMERASE,3,0.108895360416607,0.0164632704900662,0.666666666666667,0.913285486613105,0.970883847784013
GOBP_ANION_TRANSMEMBRANE_TRANSPORT,3,-0.108729298731746,0.0259326757741714,0.666666666666667,0.913417202588075,0.970883847784013
GOBP_POSITIVE_REGULATION_OF_HUMORAL_IMMUNE_RESPONSE,3,0.108485651192834,0.0625335009906905,0.666666666666667,0.913610462025467,0.970888337050031
GOBP_HEPATOCYTE_DIFFERENTIATION,2,-0.10767469336653,0.0776166589473737,0.5,0.914253744547699,0.97123352206721
GOBP_CHROMATIN_ASSEMBLY_OR_DISASSEMBLY,3,-0.107389008170224,-0.0215103410771433,0.333333333333333,0.914480374288252,0.97123352206721
GOBP_DENTATE_GYRUS_DEVELOPMENT,2,0.107270576475141,0.0166777434264662,1,0.914574326398424,0.97123352206721
GOBP_ACTION_POTENTIAL,3,0.107122628968551,0.0134055739627995,0.666666666666667,0.91469169514001,0.97123352206721
GOBP_POSITIVE_REGULATION_OF_RECEPTOR_INTERNALIZATION,3,-0.106287992665147,-0.0731029827584114,0.333333333333333,0.915353858089002,0.971735720368978
GOBP_HISTONE_H4_K16_ACETYLATION,3,-0.106005502935519,-0.0565008434818443,0.666666666666667,0.915577986079014,0.971752231364795
GOBP_UNSATURATED_FATTY_ACID_METABOLIC_PROCESS,3,0.105306024435862,0.060136174556873,0.333333333333333,0.916132982749109,0.971752231364795
GOBP_REGULATION_OF_CARDIAC_MUSCLE_CELL_DIFFERENTIATION,2,0.10524254430688,0.0602239164017896,0.5,0.916183352672419,0.971752231364795
REACTOME_AFLATOXIN_ACTIVATION_AND_DETOXIFICATION,2,-0.105149991096609,0.0877853391207928,0.5,0.916256791974641,0.971752231364795
GOBP_REGULATION_OF_RESPONSE_TO_WOUNDING,3,-0.10507609014239,0.025503320195083,0.333333333333333,0.916315431561469,0.971752231364795
GOBP_RESPONSE_TO_FIBROBLAST_GROWTH_FACTOR,3,0.104275991871392,0.0815718816058974,0.666666666666667,0.916950329743682,0.972224792230296
GOBP_REGULATION_OF_EXTRINSIC_APOPTOTIC_SIGNALING_PATHWAY_IN_ABSENCE_OF_LIGAND,3,0.102934824335911,0.151330696418223,0.666666666666667,0.918014698666357,0.973014257376904
GOBP_REGULATION_OF_ALPHA_BETA_T_CELL_ACTIVATION,3,0.102697015054449,0.114541469732137,0.666666666666667,0.918203442761266,0.973014257376904
GOBP_T_CELL_PROLIFERATION,3,-0.102508648713492,0.0725453264246348,0.333333333333333,0.918352948333436,0.973014257376904
GOBP_REGULATION_OF_CHROMATIN_ORGANIZATION,3,0.102382957868605,-0.0208762321180101,0.333333333333333,0.918452710234274,0.973014257376904
GOBP_NEGATIVE_REGULATION_OF_BIOMINERALIZATION,3,-0.101934394135117,0.0862270504250324,0.333333333333333,0.918808749569364,0.973182456143626
GOBP_AXON_EXTENSION,3,0.10170549243318,-0.0346207131867866,0.666666666666667,0.918990442425348,0.973182456143626
GOBP_NADH_METABOLIC_PROCESS,3,-0.100264095525584,0.0870212556979566,0.333333333333333,0.920134661433642,0.973646649571238
GOBP_DETECTION_OF_MECHANICAL_STIMULUS_INVOLVED_IN_SENSORY_PERCEPTION_OF_SOUND,2,-0.100118533819407,-0.0407003601446759,0.5,0.920250221400737,0.973646649571238
GOBP_B_CELL_APOPTOTIC_PROCESS,3,-0.100072944708494,0.0637524194997834,0.666666666666667,0.920286414481485,0.973646649571238
GOBP_ESTABLISHMENT_OF_RNA_LOCALIZATION,3,-0.0999570927396841,-0.074122167106095,0.666666666666667,0.920378389811587,0.973646649571238
REACTOME_TRANSCRIPTION_COUPLED_NUCLEOTIDE_EXCISION_REPAIR_TC_NER,3,0.0995753632035734,-0.00528952719518594,0.666666666666667,0.920681453909805,0.973646649571238
GOBP_BASE_CONVERSION_OR_SUBSTITUTION_EDITING,2,-0.0994948481747783,0.0722206196017025,0.5,0.920745378166195,0.973646649571238
REACTOME_COMPLEX_I_BIOGENESIS,3,-0.0994817244421905,-0.021170832385377,0.333333333333333,0.920755797696165,0.973646649571238
GOBP_PHOSPHATIDYLINOSITOL_DEPHOSPHORYLATION,3,-0.0983885206222335,-0.0624379566607487,0.666666666666667,0.921623789669362,0.974100457768741
GOBP_DNA_UNWINDING_INVOLVED_IN_DNA_REPLICATION,3,-0.0983396880598928,-0.0842163668058292,0.666666666666667,0.921662564380144,0.974100457768741
GOBP_PHOTORECEPTOR_CELL_DIFFERENTIATION,3,-0.0978901444739817,0.00969966150544105,0.333333333333333,0.922019525970214,0.974100457768741
GOBP_REGULATION_OF_TRANSLATIONAL_FIDELITY,3,0.0978720679106712,-0.0674500108814503,0.333333333333333,0.922033880054865,0.974100457768741
GOBP_CELLULAR_RESPONSE_TO_PROSTAGLANDIN_E_STIMULUS,2,0.0977469158398272,-0.0444329912824428,0.5,0.922133260450082,0.974100457768741
GOBP_NUCLEOSIDE_PHOSPHATE_CATABOLIC_PROCESS,3,-0.0970854082039335,-0.0647817472634846,0.333333333333333,0.922658568683601,0.974275499320856
GOBP_SODIUM_ION_EXPORT_ACROSS_PLASMA_MEMBRANE,2,-0.0967735601643852,0.0656555712646312,0.5,0.922906221293421,0.974275499320856
GOBP_HISTONE_METHYLATION,3,0.0966736841969282,-0.022355410413412,0.333333333333333,0.922985538890416,0.974275499320856
GOBP_LYMPHOCYTE_APOPTOTIC_PROCESS,3,0.0965827634484834,0.0545834798405778,0.666666666666667,0.923057745267773,0.974275499320856
HALLMARK_APICAL_SURFACE,3,-0.096304954970517,0.0312797782806853,0.333333333333333,0.923278375883983,0.974308144347676
GOBP_GLIOGENESIS,3,-0.0958490042176845,0.0394104797742633,0.333333333333333,0.923640496754039,0.974366279306461
KEGG_TASTE_TRANSDUCTION,3,0.0957578527290558,0.0744191551279524,0.333333333333333,0.923712892122889,0.974366279306461
GOBP_NEGATIVE_REGULATION_OF_G_PROTEIN_COUPLED_RECEPTOR_SIGNALING_PATHWAY,3,-0.0952910172215365,0.0164977928463437,0.333333333333333,0.924083677405816,0.974407920545023
REACTOME_METABOLISM_OF_PORPHYRINS,3,0.0950852770089124,-0.0254780828450603,0.333333333333333,0.924247092331563,0.974407920545023
GOBP_EMBRYONIC_ORGAN_MORPHOGENESIS,3,0.0949915582939314,-0.00574469233487763,0.333333333333333,0.924321532105793,0.974407920545023
GOBP_REGULATION_OF_VIRAL_GENOME_REPLICATION,3,0.0939370500653287,0.0406063300622458,0.666666666666667,0.925159162253828,0.974934936648264
GOBP_POST_ANAL_TAIL_MORPHOGENESIS,2,-0.0938842488583155,0.0523779815266914,0.5,0.925201106157251,0.974934936648264
GOBP_DOPAMINE_TRANSPORT,3,0.0931635108693894,0.0840602112809403,0.666666666666667,0.925773662381865,0.975204756093694
GOBP_PROTEIN_TARGETING_TO_VACUOLE,3,-0.092730799947549,-0.022122799390415,0.666666666666667,0.926117427607523,0.975204756093694
GOBP_NEGATIVE_CHEMOTAXIS,3,0.092534816266819,0.0164207170849783,0.666666666666667,0.926273130494623,0.975204756093694
GOBP_METANEPHRIC_GLOMERULUS_DEVELOPMENT,3,-0.092306946470553,0.0599194450629582,0.333333333333333,0.926454169450216,0.975204756093694
GOBP_REGULATION_OF_BIOLOGICAL_PROCESS_INVOLVED_IN_SYMBIOTIC_INTERACTION,3,0.0922200463957597,0.109722722246306,0.666666666666667,0.926523211191208,0.975204756093694
GOBP_HISTONE_H3_K36_METHYLATION,2,-0.0919218850336984,-0.0725992060776907,0.5,0.926760103332071,0.975204756093694
GOBP_MEMBRANE_DEPOLARIZATION,3,-0.0918889188904492,0.0316227542953339,0.333333333333333,0.926786295656799,0.975204756093694
GOBP_ENDOCARDIAL_CUSHION_DEVELOPMENT,3,-0.0912778369865724,-0.0248765795848619,0.666666666666667,0.927271827985244,0.975391115344667
REACTOME_INTERLEUKIN_4_AND_INTERLEUKIN_13_SIGNALING,3,-0.0911879778253098,0.0864163467302656,0.333333333333333,0.927343227458725,0.975391115344667
GOBP_RETROGRADE_AXONAL_TRANSPORT,3,0.0906070632088515,0.0156874344365784,0.666666666666667,0.927804819392348,0.975573788596671
GOBP_NEGATIVE_REGULATION_OF_CHEMOKINE_PRODUCTION,3,0.0904913108800432,0.152023100981999,0.666666666666667,0.927896798538695,0.975573788596671
GOBP_PROTEIN_DNA_COMPLEX_SUBUNIT_ORGANIZATION,3,0.0900408432965493,-0.0391660409691561,0.333333333333333,0.92825475836904,0.975586476337532
GOBP_DORSAL_VENTRAL_NEURAL_TUBE_PATTERNING,3,-0.0899627595243991,-0.00908646515640314,0.666666666666667,0.928316808383039,0.975586476337532
REACTOME_G_ALPHA_12_13_SIGNALLING_EVENTS,3,0.089759014784976,0.0706354831370426,0.666666666666667,0.928478718134318,0.975586476337532
GOBP_REGULATION_OF_KERATINOCYTE_PROLIFERATION,3,-0.0893918465543329,0.00911260673245421,0.666666666666667,0.928770503038129,0.975693455431342
GOBP_PROTEIN_IMPORT_INTO_MITOCHONDRIAL_MATRIX,2,-0.088978107542055,-0.00350664966977412,0.5,0.929099308748429,0.97583927397381
GOBP_CELLULAR_RESPONSE_TO_CARBOHYDRATE_STIMULUS,3,0.0884906652589248,0.0460955492566129,0.666666666666667,0.929486703278669,0.976007454627274
GOBP_NEUROTRANSMITTER_METABOLIC_PROCESS,3,-0.0882984143146008,0.0373315315479113,0.333333333333333,0.929639499228314,0.976007454627274
GOBP_PIRNA_METABOLIC_PROCESS,2,0.0878921170195384,0.017657063659676,0.5,0.929962422064717,0.976146944558428
GOBP_MEGAKARYOCYTE_DIFFERENTIATION,3,-0.0859500141384475,-0.0722204684331169,0.666666666666667,0.931506153045081,0.97756755252136
GOBP_PHOSPHOLIPID_TRANSPORT,3,-0.0856595966855199,0.00984396431750768,0.666666666666667,0.931737021200613,0.977610079854209
GOBP_RESPONSE_TO_PURINE_CONTAINING_COMPOUND,3,0.0847806465815844,0.0498947516220547,0.666666666666667,0.93243577992656,0.977792136855801
GOBP_BONE_DEVELOPMENT,3,-0.0846616011676099,0.0374450677879085,0.333333333333333,0.932530424151671,0.977792136855801
GOBP_NEGATIVE_REGULATION_OF_RNA_CATABOLIC_PROCESS,3,-0.0845326327556805,-0.0686053773752519,0.666666666666667,0.932632958496728,0.977792136855801
GOBP_NUCLEOTIDE_SUGAR_BIOSYNTHETIC_PROCESS,3,0.0840312913820324,0.0368830050235704,0.333333333333333,0.933031552819982,0.977792136855801
GOBP_ATP_TRANSPORT,2,-0.0836240436102733,0.0692266635551873,0.5,0.933355349852811,0.977792136855801
GOBP_NEGATIVE_REGULATION_OF_CELL_KILLING,3,0.0834937273231556,0.0519361534625454,0.666666666666667,0.933458964849638,0.977792136855801
GOBP_PROTEIN_LOCALIZATION_TO_PHAGOPHORE_ASSEMBLY_SITE,3,0.0834889880868204,0.231594135001411,0.666666666666667,0.933462733056504,0.977792136855801
GOBP_CHOLESTEROL_EFFLUX,3,-0.0832917607530431,0.101529609286976,0.333333333333333,0.933619551497666,0.977792136855801
GOBP_PROTEIN_METHYLATION,3,0.0832862210722558,-0.0293292038047305,0.333333333333333,0.933623956219012,0.977792136855801
GOBP_POSITIVE_REGULATION_OF_ENDOTHELIAL_CELL_MIGRATION,3,-0.0824377167870726,0.080063310745976,0.333333333333333,0.934298644446914,0.978299253390286
GOBP_TELOMERE_MAINTENANCE_VIA_RECOMBINATION,2,-0.081678278917024,0.0279840292475262,0.5,0.93490255154858,0.978625826829295
REACTOME_PLATELET_CALCIUM_HOMEOSTASIS,3,-0.0815662825668947,0.0558751775128698,0.333333333333333,0.93499161453492,0.978625826829295
GOBP_CORONARY_VASCULATURE_DEVELOPMENT,3,-0.0810887687344316,-0.0218085873368409,0.666666666666667,0.935371357525269,0.97882381667681
REACTOME_PYRUVATE_METABOLISM,3,0.0796473927203308,-0.00943427742875641,0.666666666666667,0.936517700977379,0.97937293710188
GOBP_GLYCOSPHINGOLIPID_METABOLIC_PROCESS,3,0.0795228152968458,0.0549696284999851,0.333333333333333,0.936616785093813,0.97937293710188
GOBP_DEFINITIVE_HEMOPOIESIS,3,0.079342102251627,-0.0441973278078675,0.666666666666667,0.936760519080416,0.97937293710188
GOBP_NEUROMUSCULAR_PROCESS,3,0.0792973122315417,0.0451801669353355,0.666666666666667,0.936796144099987,0.97937293710188
GOBP_GONADOTROPIN_SECRETION,3,0.0790302511477155,-0.0329325669054076,0.333333333333333,0.937008561371672,0.97937293710188
REACTOME_MRNA_SPLICING_MINOR_PATHWAY,3,0.0789904383739436,-0.0131496325565154,0.666666666666667,0.937040228372009,0.97937293710188
GOBP_LEFT_RIGHT_PATTERN_FORMATION,2,-0.0786734878351073,-0.0420469545111523,0.5,0.93729233374245,0.97943711619557
GOBP_EXIT_FROM_MITOSIS,3,-0.0781759585918782,-0.0345109382067466,0.666666666666667,0.937688085742959,0.979651344258714
GOBP_GOLGI_TO_ENDOSOME_TRANSPORT,3,0.0774207929376478,-0.00745276448098336,0.666666666666667,0.938288800053609,0.980079576383025
GOBP_NEGATIVE_REGULATION_OF_LIPID_CATABOLIC_PROCESS,3,-0.076695696296325,0.0695637728525394,0.666666666666667,0.938865628316015,0.980124839609679
REACTOME_INTRINSIC_PATHWAY_OF_FIBRIN_CLOT_FORMATION,3,0.0766142990672645,0.0285636113797344,0.666666666666667,0.938930383378599,0.980124839609679
GOBP_GLUTAMATE_RECEPTOR_SIGNALING_PATHWAY,3,0.0766131772980187,0.0408773120390991,0.666666666666667,0.938931275798013,0.980124839609679
REACTOME_SARS_COV_2_INFECTION,3,-0.0763299857828997,-0.0194935401179369,0.666666666666667,0.939156570220968,0.980124839609679
GOBP_REGULATION_OF_OXIDATIVE_PHOSPHORYLATION,3,0.0759099157863275,0.0887948004944785,0.666666666666667,0.939490767967241,0.980124839609679
GOBP_ESTABLISHMENT_OF_PROTEIN_LOCALIZATION_TO_MITOCHONDRIAL_MEMBRANE,3,0.0755457812057439,-0.0539589048279292,0.333333333333333,0.939780473445447,0.980124839609679
GOBP_PROTEIN_EXPORT_FROM_NUCLEUS,3,-0.0753750854545783,0.0134897943476745,0.666666666666667,0.939916281733759,0.980124839609679
REACTOME_CHONDROITIN_SULFATE_DERMATAN_SULFATE_METABOLISM,3,-0.0752650445008737,0.056113827420615,0.333333333333333,0.940003833015057,0.980124839609679
GOBP_OVULATION_CYCLE,3,-0.0752074690704501,-0.00032135108932592,0.666666666666667,0.940049641728442,0.980124839609679
GOBP_PROTEIN_MATURATION_BY_IRON_SULFUR_CLUSTER_TRANSFER,2,0.0742776873823482,0.0277704615574091,0.5,0.940789430868444,0.980670711174574
GOBP_DEMETHYLATION,3,-0.0739663201640241,-0.0107104377904562,0.666666666666667,0.941037184440119,0.980670711174574
REACTOME_INTERACTIONS_OF_VPR_WITH_HOST_CELLULAR_PROTEINS,3,-0.0733071239605505,-0.0827705683786656,0.666666666666667,0.941561722854531,0.980670711174574
REACTOME_SUMOYLATION_OF_UBIQUITINYLATION_PROTEINS,3,0.0732215578391207,-0.109657531329148,0.333333333333333,0.941629811757123,0.980670711174574
GOBP_MITOCHONDRIAL_RESPIRATORY_CHAIN_COMPLEX_ASSEMBLY,3,-0.0731142905952651,-0.0479076595000849,0.666666666666667,0.941715169844574,0.980670711174574
GOBP_REGULATION_OF_WOUND_HEALING,3,-0.0731096820305659,0.0257071594596342,0.333333333333333,0.941718837132593,0.980670711174574
GOBP_MATURATION_OF_5_8S_RRNA,3,-0.0723670772893143,-0.127427660367161,0.666666666666667,0.942309784593576,0.981087178932213
GOBP_REGULATION_OF_LIPID_CATABOLIC_PROCESS,3,0.0717714142515094,0.110532195606466,0.666666666666667,0.9427838222578,0.981278757089971
GOBP_REGULATION_OF_HISTONE_PHOSPHORYLATION,3,-0.071655704060622,0.0358655939324787,0.666666666666667,0.942875908535632,0.981278757089971
REACTOME_RAF_ACTIVATION,3,0.0706078436352926,0.115889682909505,0.666666666666667,0.943709867678077,0.981947706725001
GOBP_REGULATION_OF_CELL_AGING,3,-0.0699229286969267,0.0649658877506806,0.333333333333333,0.944255003331276,0.982071494231166
GOBP_SEMAPHORIN_PLEXIN_SIGNALING_PATHWAY,3,-0.0696480306902608,0.0496061704222095,0.666666666666667,0.944473806768893,0.982071494231166
GOBP_HISTONE_PHOSPHORYLATION,3,0.0692833919725293,0.00854831604296063,0.333333333333333,0.944764045254235,0.982071494231166
GOBP_WHITE_FAT_CELL_DIFFERENTIATION,2,-0.0692559880818875,-0.0159003401285711,0.5,0.944785858000716,0.982071494231166
GOBP_NEGATIVE_REGULATION_OF_IMMUNE_RESPONSE,3,-0.0688432678497734,0.069283459201167,0.333333333333333,0.945114377000439,0.982071494231166
GOBP_GAMMA_AMINOBUTYRIC_ACID_TRANSPORT,3,-0.0687628266468306,0.0509629081245973,0.333333333333333,0.945178408057789,0.982071494231166
KEGG_RETINOL_METABOLISM,3,0.0684168790496348,0.0438892053987456,0.666666666666667,0.945453785774022,0.982071494231166
GOBP_REGULATION_OF_LYMPHOCYTE_MEDIATED_IMMUNITY,3,-0.0682167710546758,0.00411315504198701,0.333333333333333,0.945613076698974,0.982071494231166
GOBP_HOMOLOGOUS_RECOMBINATION,3,-0.0671537299742833,-0.120567861752543,0.666666666666667,0.946459320058475,0.982071494231166
REACTOME_C_TYPE_LECTIN_RECEPTORS_CLRS,3,-0.0669630226411423,-0.0063112346305945,0.666666666666667,0.946611140755333,0.982071494231166
GOBP_NEGATIVE_REGULATION_OF_LIPASE_ACTIVITY,2,-0.0669341568004109,-0.00569916338324894,1,0.946634120806635,0.982071494231166
GOBP_C4_DICARBOXYLATE_TRANSPORT,3,0.0667139464289335,0.00428134745672578,0.333333333333333,0.946809431403826,0.982071494231166
GOBP_THYMOCYTE_APOPTOTIC_PROCESS,3,0.0666960168668842,0.0289443403050546,0.333333333333333,0.946823705332903,0.982071494231166
GOBP_POSITIVE_REGULATION_OF_NATURAL_KILLER_CELL_ACTIVATION,3,0.0666862099030356,-0.0133870191149573,0.333333333333333,0.946831512776025,0.982071494231166
GOBP_NEGATIVE_REGULATION_OF_REACTIVE_OXYGEN_SPECIES_METABOLIC_PROCESS,3,0.0666603764266753,0.102830519735132,0.666666666666667,0.946852079144997,0.982071494231166
REACTOME_BRANCHED_CHAIN_AMINO_ACID_CATABOLISM,3,0.0666149452911188,-0.0997434281335571,0.333333333333333,0.946888247553103,0.982071494231166
GOBP_CELL_FATE_COMMITMENT_INVOLVED_IN_FORMATION_OF_PRIMARY_GERM_LAYER,3,0.0662783939100167,-0.0878434967536056,0.333333333333333,0.947156184557018,0.982151052672086
GOBP_CELLULAR_CARBOHYDRATE_CATABOLIC_PROCESS,3,-0.0656307165250626,0.0784364399374869,0.333333333333333,0.947671833575822,0.982487391450429
GOBP_DNA_MODIFICATION,3,-0.0651193366923904,-0.0471977827128574,0.666666666666667,0.948078984653995,0.982711133235705
GOBP_POSITIVE_REGULATION_OF_VASOCONSTRICTION,3,0.0647487742723357,0.0874512531300444,0.666666666666667,0.948374028014885,0.982818605303561
GOBP_EMBRYONIC_SKELETAL_JOINT_DEVELOPMENT,2,0.0643339046850862,-0.0421954991870523,0.5,0.948704357326617,0.98296259415564
REACTOME_TELOMERE_C_STRAND_LAGGING_STRAND_SYNTHESIS,3,-0.0639138156495836,-0.0809884939530211,0.666666666666667,0.949038851474205,0.983110839284291
GOBP_MAMMARY_GLAND_DEVELOPMENT,3,0.0634713610305084,0.030981987865275,0.666666666666667,0.949391163834658,0.983276721366684
GOBP_NEPHRON_DEVELOPMENT,3,0.0632318530608916,0.0212932708750761,0.333333333333333,0.949581880447577,0.983276721366684
GOBP_STRIATED_MUSCLE_CELL_DIFFERENTIATION,3,0.0624838383631802,0.0495011541834656,0.666666666666667,0.950177531907298,0.983548946804833
GOBP_REGULATION_OF_CHROMATIN_ASSEMBLY,3,-0.0624207397712664,-0.0681713516325271,0.666666666666667,0.950227779214482,0.983548946804833
REACTOME_TRANSPORT_OF_MATURE_TRANSCRIPT_TO_CYTOPLASM,3,0.0621321944843036,-0.129697561306939,0.333333333333333,0.950457559026706,0.983588559976055
GOBP_V_D_J_RECOMBINATION,3,0.0615675489698078,-0.082443302674695,0.333333333333333,0.95090722006787,0.983855657185451
REACTOME_SUMOYLATION_OF_RNA_BINDING_PROTEINS,3,-0.0603826607272857,-0.112729000251192,0.666666666666667,0.951850868191611,0.984633647337787
REACTOME_RORA_ACTIVATES_GENE_EXPRESSION,3,-0.0598247225074054,0.0445300985352701,0.333333333333333,0.952295235124586,0.984894951188053
GOBP_NEURAL_CREST_FORMATION,2,-0.0593608223184915,-0.0554066187212285,0.5,0.952664717266254,0.985078717108814
GOBP_TRANSPORT_ALONG_MICROTUBULE,3,0.0590612642113684,-0.0450891731330707,0.333333333333333,0.952903311437959,0.985127094916537
GOBP_ENDOTHELIAL_CELL_PROLIFERATION,3,0.0586288496560116,0.0717153635597996,0.666666666666667,0.95324773149766,0.985231621861938
GOBP_MONOAMINE_TRANSPORT,3,0.0584526516828744,0.0968895594174224,0.666666666666667,0.953388076451291,0.985231621861938
GOBP_MUSCLE_ADAPTATION,3,-0.0578528144381412,0.0667051090985117,0.333333333333333,0.953865868752553,0.985256010236293
GOBP_REGULATION_OF_PHOSPHOLIPASE_C_ACTIVITY,3,-0.057589214296671,0.0405913629809448,0.666666666666667,0.954075841159383,0.985256010236293
GOBP_MORPHOGENESIS_OF_AN_EPITHELIAL_BUD,2,0.0574933085515567,0.00780444754266444,1,0.954152236295903,0.985256010236293
GOBP_ERYTHROCYTE_MATURATION,2,0.0570227394016952,0.00409132897907088,1,0.95452708118703,0.985256010236293
REACTOME_SIGNALING_BY_RETINOIC_ACID,3,-0.0568048226726411,-0.0413235074447072,0.666666666666667,0.9547006722064,0.985256010236293
GOBP_TYROSINE_METABOLIC_PROCESS,2,-0.0567772620435456,0.042537572232119,0.5,0.954722626973773,0.985256010236293
GOBP_SPHINGOLIPID_MEDIATED_SIGNALING_PATHWAY,2,-0.0567044349101652,0.0587188068875628,0.5,0.954780641154864,0.985256010236293
GOBP_GTP_METABOLIC_PROCESS,3,0.0563422554299353,-0.00793013770708681,0.333333333333333,0.955069157312003,0.985256010236293
GOBP_POSITIVE_REGULATION_OF_CALCINEURIN_MEDIATED_SIGNALING,2,0.0562556153958948,-0.0665782611770579,0.5,0.955138176590051,0.985256010236293
GOBP_REGULATION_OF_LYMPHOCYTE_DIFFERENTIATION,3,0.0559769932316508,0.062088178553248,0.666666666666667,0.955360135159044,0.985287079151978
GOBP_BRANCHED_CHAIN_AMINO_ACID_CATABOLIC_PROCESS,3,-0.0553440174923339,-0.0862693224070316,0.666666666666667,0.95586439499345,0.985609221579274
GOBP_PHOSPHATIDYLINOSITOL_3_PHOSPHATE_BIOSYNTHETIC_PROCESS,3,0.054575221902066,-0.120792270743474,0.333333333333333,0.956476879388534,0.985911910220252
GOBP_LIPID_DROPLET_ORGANIZATION,3,0.0544936459853316,-0.0295622308795285,0.333333333333333,0.95654187083869,0.985911910220252
GOBP_VITAMIN_D_METABOLIC_PROCESS,3,0.05423407877483,0.0186535504300443,0.666666666666667,0.956748669692242,0.98592720054963
KEGG_LYSINE_DEGRADATION,3,0.0537543362684865,-0.0239719267990057,0.333333333333333,0.957130891261777,0.986105897353466
GOBP_POSITIVE_REGULATION_OF_DNA_BIOSYNTHETIC_PROCESS,3,0.0533244213711738,-0.0807649991551892,0.333333333333333,0.957473422439363,0.986105897353466
REACTOME_VIRAL_MESSENGER_RNA_SYNTHESIS,3,0.0531290319739582,-0.0457080310695212,0.333333333333333,0.957629099942479,0.986105897353466
GOBP_POSITIVE_REGULATION_OF_AXON_EXTENSION,3,-0.0530525055437063,-0.0440786410367989,0.666666666666667,0.957690073208545,0.986105897353466
GOBP_NEGATIVE_REGULATION_OF_CELLULAR_AMIDE_METABOLIC_PROCESS,3,0.0521527158549468,-0.0662749347457785,0.333333333333333,0.958407008905599,0.986376750743656
GOBP_POSITIVE_REGULATION_OF_ACTIVATED_T_CELL_PROLIFERATION,3,-0.0517337657985629,0.135240324814059,0.333333333333333,0.958740832036852,0.986376750743656
GOBP_RESPONSE_TO_INTERLEUKIN_4,3,-0.0517036257338401,0.0630183756847676,0.666666666666667,0.958764848188184,0.986376750743656
GOBP_T_CELL_DIFFERENTIATION,3,0.0511667282616646,0.0535773363997707,0.666666666666667,0.959192664102317,0.986376750743656
GOBP_RHYTHMIC_BEHAVIOR,3,-0.0511330864229742,-0.00356466606395626,0.666666666666667,0.959219471315026,0.986376750743656
GOBP_DICARBOXYLIC_ACID_TRANSPORT,3,-0.0509635543482493,0.0213169910893231,0.333333333333333,0.959354562206354,0.986376750743656
GOBP_POSITIVE_REGULATION_OF_ACUTE_INFLAMMATORY_RESPONSE,3,-0.0507396554253565,-0.0103443267512822,0.666666666666667,0.95953297687058,0.986376750743656
GOBP_RIBONUCLEOSIDE_TRIPHOSPHATE_METABOLIC_PROCESS,3,-0.0504535390421783,0.024931449211459,0.666666666666667,0.959760972691243,0.986376750743656
GOBP_NEGATIVE_REGULATION_OF_MUSCLE_CONTRACTION,3,-0.0503397236536591,0.0342852739451762,0.333333333333333,0.959851668983164,0.986376750743656
GOBP_BRANCHING_MORPHOGENESIS_OF_AN_EPITHELIAL_TUBE,3,-0.0503121557964206,0.0509989917512547,0.333333333333333,0.959873637113862,0.986376750743656
GOBP_NEGATIVE_REGULATION_OF_DNA_METABOLIC_PROCESS,3,-0.0495353884036021,0.0217993297038159,0.333333333333333,0.960492635936457,0.986503449663573
REACTOME_FGFR1_LIGAND_BINDING_AND_ACTIVATION,3,0.0494486843505046,0.0921913519996045,0.666666666666667,0.960561731086958,0.986503449663573
GOBP_SYNAPSE_MATURATION,3,0.0494051073193448,0.113345039143692,0.666666666666667,0.960596458082067,0.986503449663573
GOBP_NEUROINFLAMMATORY_RESPONSE,3,-0.049077333450829,0.0482650055057508,0.333333333333333,0.960857666921737,0.986503449663573
GOBP_BASEMENT_MEMBRANE_ORGANIZATION,3,0.0489522957236368,-0.0158727839007814,0.333333333333333,0.960957312824544,0.986503449663573
GOBP_POSITIVE_REGULATION_OF_RESPONSE_TO_WOUNDING,3,-0.0484549001360939,0.00766333893676135,0.666666666666667,0.961353706670353,0.986552234174968
GOBP_HEART_MORPHOGENESIS,3,-0.0483087052699567,0.0213195778367283,0.333333333333333,0.961470216853528,0.986552234174968
GOBP_RENAL_SYSTEM_PROCESS,3,-0.048169583138523,0.0361803805471683,0.666666666666667,0.961581091175991,0.986552234174968
GOBP_REGULATION_OF_VASOCONSTRICTION,3,0.0475118814805609,0.0645749589024319,0.666666666666667,0.962105260978643,0.98682089460781
GOBP_NEGATIVE_REGULATION_OF_LEUKOCYTE_MIGRATION,3,-0.0470367476795519,0.0286214643003438,0.333333333333333,0.962483939515806,0.98682089460781
GOBP_REGULATION_OF_T_CELL_DIFFERENTIATION_IN_THYMUS,3,0.0468029187578995,-0.0474150952586075,0.333333333333333,0.962670302752289,0.98682089460781
GOBP_NEGATIVE_REGULATION_OF_TOLL_LIKE_RECEPTOR_SIGNALING_PATHWAY,3,0.0466833067776915,0.0793415937117364,0.666666666666667,0.962765635100908,0.98682089460781
GOBP_CIRCADIAN_SLEEP_WAKE_CYCLE_SLEEP,3,-0.046635620906929,0.0192809441070481,0.666666666666667,0.962803641526428,0.98682089460781
GOBP_PATTERN_RECOGNITION_RECEPTOR_SIGNALING_PATHWAY,3,-0.0456997778318324,0.072649456992704,0.333333333333333,0.963549540890443,0.987388356347429
GOBP_POSITIVE_REGULATION_OF_CYTOSOLIC_CALCIUM_ION_CONCENTRATION_INVOLVED_IN_PHOSPHOLIPASE_C_ACTIVATING_G_PROTEIN_COUPLED_SIGNALING_PATHWAY,3,0.0454213412049367,0.0380757343812268,0.666666666666667,0.963771470718877,0.98741876593101
REACTOME_STING_MEDIATED_INDUCTION_OF_HOST_IMMUNE_RESPONSES,2,-0.0449067827684911,0.0595241361067475,0.5,0.964181610433089,0.987641952769115
GOBP_REGULATION_OF_NUCLEOTIDE_BIOSYNTHETIC_PROCESS,3,-0.0446413437989086,0.0224920038612943,0.333333333333333,0.964393187905359,0.987661697523813
GOBP_POSITIVE_REGULATION_OF_RECEPTOR_SIGNALING_PATHWAY_VIA_STAT,3,-0.0443013746280054,-0.0133067683811651,0.666666666666667,0.964664175957357,0.987742266291265
GOBP_NEGATIVE_REGULATION_OF_CELLULAR_RESPONSE_TO_GROWTH_FACTOR_STIMULUS,3,-0.0435649975434252,0.0605708840267567,0.666666666666667,0.965251153107807,0.988146287096212
GOBP_PYRIDINE_CONTAINING_COMPOUND_METABOLIC_PROCESS,3,0.0429975137474094,0.0746131543845566,0.666666666666667,0.965703515764564,0.988209969232084
REACTOME_CELL_CYCLE_CHECKPOINTS,3,-0.0426472779724609,-0.0960960654570631,0.666666666666667,0.965982707378351,0.988209969232084
GOBP_MULTICELLULAR_ORGANISMAL_MOVEMENT,3,-0.0426279187249518,0.0432025761389173,0.333333333333333,0.96599813978888,0.988209969232084
GOBP_REGULATION_OF_FIBROBLAST_GROWTH_FACTOR_RECEPTOR_SIGNALING_PATHWAY,3,0.0425214737222881,0.033515022279682,0.333333333333333,0.966082993674902,0.988209969232084
GOBP_DETECTION_OF_TEMPERATURE_STIMULUS_INVOLVED_IN_SENSORY_PERCEPTION,3,-0.0421348790846072,-0.0025511517484148,0.333333333333333,0.966391175361343,0.98826131789445
GOBP_RESPONSE_TO_STEROL,3,0.0419757502734101,0.0403093099171251,0.666666666666667,0.966518029552925,0.98826131789445
KEGG_ERBB_SIGNALING_PATHWAY,3,0.04084588846048,0.0721073347008595,0.666666666666667,0.967418756162042,0.988700707670958
REACTOME_DECTIN_2_FAMILY,3,0.0407198873529187,0.0345769246944366,0.333333333333333,0.967519206928533,0.988700707670958
GOBP_REGULATION_OF_DNA_BIOSYNTHETIC_PROCESS,3,-0.0407122894368365,-0.0647494713797246,0.666666666666667,0.967525264165545,0.988700707670958
GOBP_FATTY_ACID_CATABOLIC_PROCESS,3,-0.0399594636732428,-0.0126651107778979,0.666666666666667,0.968125443765501,0.988732928096183
GOBP_POSITIVE_REGULATION_OF_INTERLEUKIN_1_PRODUCTION,3,0.0399460303265182,0.063735800618295,0.666666666666667,0.968136153474504,0.988732928096183
GOBP_CILIUM_OR_FLAGELLUM_DEPENDENT_CELL_MOTILITY,3,0.0398745738534713,-0.0135479230199944,0.333333333333333,0.968193122102301,0.988732928096183
GOBP_LIPID_STORAGE,3,-0.0393118344834916,0.106236053775973,0.333333333333333,0.968641771357417,0.988732928096183
GOBP_CIRCADIAN_SLEEP_WAKE_CYCLE,3,-0.039092606442089,-0.00470922946579438,0.666666666666667,0.968816555669486,0.988732928096183
GOBP_POSITIVE_REGULATION_OF_UBIQUITIN_PROTEIN_TRANSFERASE_ACTIVITY,3,0.0387587431239373,-0.0101560359358597,0.333333333333333,0.969082738317754,0.988732928096183
GOBP_REGULATION_OF_BICELLULAR_TIGHT_JUNCTION_ASSEMBLY,3,0.0386766595128787,0.0456385598064889,0.666666666666667,0.969148182492921,0.988732928096183
GOBP_CELL_CELL_SIGNALING_INVOLVED_IN_CARDIAC_CONDUCTION,3,-0.0386704598521111,0.0610957121927197,0.666666666666667,0.969153125408725,0.988732928096183
REACTOME_ENERGY_DEPENDENT_REGULATION_OF_MTOR_BY_LKB1_AMPK,3,-0.0382889923363276,-0.0593626269327424,0.666666666666667,0.969457267195055,0.988732928096183
GOBP_PROTEIN_HOMOTETRAMERIZATION,3,0.0382581001276605,0.030006038918839,0.333333333333333,0.969481897564715,0.988732928096183
GOBP_SULFUR_COMPOUND_CATABOLIC_PROCESS,3,-0.0372855034193105,0.0663066324891973,0.333333333333333,0.970257364051786,0.98900504143935
REACTOME_GLUCONEOGENESIS,3,-0.0372133131605424,0.122143193413297,0.666666666666667,0.970314923598364,0.98900504143935
REACTOME_CARDIAC_CONDUCTION,3,-0.0371989163898027,0.0141526760402892,0.666666666666667,0.970326402611543,0.98900504143935
GOBP_PROTEIN_TETRAMERIZATION,3,0.0369228530292299,0.0531777933704278,0.333333333333333,0.970546518086817,0.989033118431328
GOBP_3_PHOSPHOADENOSINE_5_PHOSPHOSULFATE_METABOLIC_PROCESS,3,-0.0366340386286705,-0.0792359484632538,0.333333333333333,0.970776802836678,0.989050253926152
GOBP_REGULATION_OF_LIPASE_ACTIVITY,3,0.0364187328007891,0.0328133507027473,0.666666666666667,0.970948477471896,0.989050253926152
GOBP_PROTEIN_TARGETING_TO_PEROXISOME,3,-0.0361449456033651,-0.127654225788772,0.666666666666667,0.971166784315195,0.989076463264494
GOBP_PARAXIAL_MESODERM_DEVELOPMENT,2,-0.0352203700720702,-0.0578079849106782,0.5,0.97190401933823,0.989631055376913
GOBP_NEGATIVE_REGULATION_OF_RESPONSE_TO_WOUNDING,3,-0.0346147666283061,0.0255871325609967,0.333333333333333,0.972386926489821,0.989926512279825
KEGG_FRUCTOSE_AND_MANNOSE_METABOLISM,3,0.0342716946895815,0.126202102299251,0.333333333333333,0.972660495970815,0.989971355649264
GOBP_RNA_MEDIATED_GENE_SILENCING_BY_INHIBITION_OF_TRANSLATION,2,-0.0339103505703705,0.00324037193651151,0.5,0.972948639374626,0.989971355649264
GOBP_URONIC_ACID_METABOLIC_PROCESS,3,-0.033834368385811,0.0444810498380106,0.333333333333333,0.97300922961789,0.989971355649264
GOBP_ESTABLISHMENT_OF_PIGMENT_GRANULE_LOCALIZATION,3,0.0333190895777356,-0.00596468852343508,0.666666666666667,0.973420130929127,0.990152659672017
GOBP_RESPIRATORY_SYSTEM_DEVELOPMENT,3,-0.0329848772414479,0.0312686001286573,0.333333333333333,0.973686647292854,0.990152659672017
GOBP_POSITIVE_REGULATION_OF_MYOBLAST_DIFFERENTIATION,3,0.0328856360361377,0.0571301087374868,0.666666666666667,0.973765787383831,0.990152659672017
REACTOME_IRE1ALPHA_ACTIVATES_CHAPERONES,3,-0.032569953439631,0.126561416144374,0.666666666666667,0.974017530794285,0.990212596626969
GOBP_NUCLEOTIDE_BINDING_OLIGOMERIZATION_DOMAIN_CONTAINING_2_SIGNALING_PATHWAY,2,0.0318698083107975,-0.0156471018324235,0.5,0.974575875881473,0.990584147739411
GOBP_DIOL_BIOSYNTHETIC_PROCESS,2,-0.0310108816144491,-0.0352185981506991,0.5,0.975260861574061,0.991084247139766
REACTOME_DETOXIFICATION_OF_REACTIVE_OXYGEN_SPECIES,3,0.0305234345318106,0.0696639236741181,0.333333333333333,0.975649604032802,0.99113000477012
GOBP_PROTEIN_INSERTION_INTO_ER_MEMBRANE,3,0.030310786218412,0.116472123821233,0.666666666666667,0.975819194367935,0.99113000477012
GOBP_REGULATION_OF_CD8_POSITIVE_ALPHA_BETA_T_CELL_ACTIVATION,3,-0.0302284993378818,0.0231094963916934,0.333333333333333,0.9758848197279,0.99113000477012
REACTOME_HOST_INTERACTIONS_OF_HIV_FACTORS,3,-0.0295882961490285,-0.0287265201244042,0.666666666666667,0.976395399548319,0.991285439780628
REACTOME_ROS_AND_RNS_PRODUCTION_IN_PHAGOCYTES,3,0.0294225369952743,0.0450835150875241,0.666666666666667,0.976527598660969,0.991285439780628
GOBP_G_PROTEIN_COUPLED_RECEPTOR_INTERNALIZATION,2,0.0291035146211993,0.0242312293108021,0.5,0.976782032724307,0.991285439780628
GOBP_FOREBRAIN_CELL_MIGRATION,3,-0.0289639030685786,-0.0826830041190831,0.666666666666667,0.976893379686362,0.991285439780628
GOBP_DEOXYRIBONUCLEOTIDE_BIOSYNTHETIC_PROCESS,2,-0.0287550065110119,-0.00387868470920003,1,0.977059985629308,0.991285439780628
GOBP_RETINAL_GANGLION_CELL_AXON_GUIDANCE,3,0.0284248674679959,-0.0593469186009317,0.666666666666667,0.977323290840662,0.991285439780628
GOBP_REGULATION_OF_B_CELL_MEDIATED_IMMUNITY,3,0.0282992892659627,0.0159206695096277,0.666666666666667,0.977423447457703,0.991285439780628
GOBP_DETECTION_OF_MECHANICAL_STIMULUS_INVOLVED_IN_SENSORY_PERCEPTION,3,-0.0281005916235867,0.0114578250970002,0.333333333333333,0.977581922213567,0.991285439780628
GOBP_LABYRINTHINE_LAYER_BLOOD_VESSEL_DEVELOPMENT,3,0.0268694122093679,0.109002614577019,0.666666666666667,0.978563890225943,0.991658211630982
GOBP_GAS_TRANSPORT,3,-0.0265812327543428,0.0870253396549195,0.333333333333333,0.978793742063378,0.991658211630982
GOBP_INNER_EAR_RECEPTOR_CELL_DEVELOPMENT,3,0.0264720848543558,-0.0263360068634082,0.333333333333333,0.978880798852841,0.991658211630982
GOBP_CARDIAC_CELL_DEVELOPMENT,3,-0.0263941362395378,0.0400294570841474,0.333333333333333,0.978942971125157,0.991658211630982
REACTOME_SYNTHESIS_OF_PIPS_AT_THE_PLASMA_MEMBRANE,3,-0.026366839034112,-0.0681723998499339,0.666666666666667,0.978964743566551,0.991658211630982
GOBP_RETINA_HOMEOSTASIS,3,-0.025975762937058,0.0102212149659103,0.333333333333333,0.979276670301128,0.991658211630982
GOBP_NUCLEAR_TRANSCRIBED_MRNA_CATABOLIC_PROCESS_DEADENYLATION_DEPENDENT_DECAY,3,0.0255840774184262,-0.101459229063258,0.333333333333333,0.979589086293383,0.991658211630982
GOBP_NUCLEOSIDE_TRIPHOSPHATE_BIOSYNTHETIC_PROCESS,3,-0.0251318171780457,0.0440932412840482,0.666666666666667,0.97994982175388,0.991658211630982
GOBP_LIMBIC_SYSTEM_DEVELOPMENT,3,-0.0251047446339809,-0.00568817323421425,0.333333333333333,0.97997141570562,0.991658211630982
GOBP_CELL_MIGRATION_INVOLVED_IN_HEART_DEVELOPMENT,3,0.0251015747061967,0.00752466535892943,0.333333333333333,0.979973944145261,0.991658211630982
REACTOME_FORMATION_OF_INCISION_COMPLEX_IN_GG_NER,3,0.0249768618251011,-0.0394653373889123,0.333333333333333,0.980073419439031,0.991658211630982
GOBP_POSITIVE_REGULATION_OF_NITRIC_OXIDE_SYNTHASE_ACTIVITY,3,0.0246915586719866,0.0929957033665726,0.666666666666667,0.980300988233295,0.991693101352414
GOBP_PROTON_TRANSMEMBRANE_TRANSPORT,3,0.0243685723507139,0.048821351904915,0.333333333333333,0.980558616509036,0.991698644269099
GOBP_CELL_DIFFERENTIATION_INVOLVED_IN_EMBRYONIC_PLACENTA_DEVELOPMENT,3,-0.0242005455659636,-0.0192664432252975,0.666666666666667,0.980692642960038,0.991698644269099
GOBP_REGULATION_OF_NUCLEAR_DIVISION,3,0.0237930938237099,0.00897438580361354,0.666666666666667,0.981017648821851,0.991832016604139
GOBP_RIBONUCLEOPROTEIN_COMPLEX_SUBUNIT_ORGANIZATION,3,0.0231495205128722,-0.0675347586716787,0.333333333333333,0.981531004597551,0.992015151654525
GOBP_PEPTIDYL_TYROSINE_DEPHOSPHORYLATION,3,0.0227396015271269,-0.0415498146375812,0.333333333333333,0.981857986543546,0.992015151654525
GOBP_MULTICELLULAR_ORGANISM_AGING,3,0.0226698076259031,-0.0584652206591371,0.333333333333333,0.981913659668061,0.992015151654525
GOBP_CARDIAC_SEPTUM_DEVELOPMENT,3,0.0225974416908836,0.0112794415076648,0.333333333333333,0.981971384542758,0.992015151654525
GOBP_CELLULAR_RESPONSE_TO_NUTRIENT,3,0.0202202863048561,-0.00313288532227198,0.333333333333333,0.983867645062213,0.993583823459556
REACTOME_ION_CHANNEL_TRANSPORT,3,0.020090141960467,0.0195169693582365,0.666666666666667,0.983971464135713,0.993583823459556
REACTOME_ASSEMBLY_OF_THE_HIV_VIRION,2,-0.0199233245461095,0.0260088000575247,0.5,0.984104538539478,0.993583823459556
GOBP_HORMONE_METABOLIC_PROCESS,3,0.0192770851641142,0.0106948245723598,0.333333333333333,0.98462006392229,0.993730634342631
REACTOME_CLASS_I_PEROXISOMAL_MEMBRANE_PROTEIN_IMPORT,3,-0.018875055265237,-0.0764448066074686,0.666666666666667,0.984940779010575,0.993730634342631
GOBP_RESPONSE_TO_PROGESTERONE,3,-0.0188140317534782,0.105227352841946,0.333333333333333,0.984989460083944,0.993730634342631
REACTOME_ADHERENS_JUNCTIONS_INTERACTIONS,3,0.0187708822981636,0.0207103614655422,0.666666666666667,0.985023882289396,0.993730634342631
GOBP_POSITIVE_REGULATION_OF_SODIUM_ION_TRANSPORT,3,-0.0181719453006607,0.0974990116124968,0.333333333333333,0.985501683347285,0.993846968862269
GOBP_MONOCARBOXYLIC_ACID_BIOSYNTHETIC_PROCESS,3,0.0181412011562157,0.0309618344250309,0.666666666666667,0.985526209582465,0.993846968862269
GOBP_PROTEIN_LOCALIZATION_TO_CILIUM,3,-0.0174609737489297,-0.0266100637380471,0.333333333333333,0.986068866533083,0.994060063945103
GOBP_RESPONSE_TO_INCREASED_OXYGEN_LEVELS,3,-0.0173910920264328,0.0885158437070466,0.666666666666667,0.986124615615323,0.994060063945103
GOBP_PROTEIN_O_LINKED_MANNOSYLATION,2,0.0167106913463815,0.0274624495669307,0.5,0.98666741789165,0.994386601831699
GOBP_NEGATIVE_REGULATION_OF_TRANSMEMBRANE_TRANSPORT,3,-0.0163637414576432,0.00783620682856794,0.333333333333333,0.98694420599933,0.994386601831699
GOBP_OUTFLOW_TRACT_SEPTUM_MORPHOGENESIS,3,0.0161042247304598,-0.0488813777236358,0.666666666666667,0.987151243105334,0.994386601831699
GOBP_FATTY_ACID_BETA_OXIDATION,3,-0.0160142902482295,0.0250573048225326,0.666666666666667,0.987222991187662,0.994386601831699
GOBP_LYMPHOID_PROGENITOR_CELL_DIFFERENTIATION,3,0.0155754933282356,-0.023106752295791,0.333333333333333,0.987573056802981,0.994544160733355
GOBP_POSITIVE_REGULATION_OF_ISOTYPE_SWITCHING,3,-0.0149954642361418,-0.0861673234467642,0.333333333333333,0.988035798991836,0.99469728294594
GOBP_REGULATION_OF_CELL_KILLING,3,0.0148993870804254,0.0158232672020235,0.666666666666667,0.988112448907746,0.99469728294594
REACTOME_FORMATION_OF_TC_NER_PRE_INCISION_COMPLEX,3,0.0145838477873133,0.0168017608138349,0.666666666666667,0.988364185482414,0.994755723424981
REACTOME_TRANSMISSION_ACROSS_CHEMICAL_SYNAPSES,3,0.0139635183850365,0.0495326363100339,0.666666666666667,0.988859086309541,0.995058829797375
GOBP_REGULATION_OF_GLIAL_CELL_PROLIFERATION,3,-0.0128866120502417,0.089559525969208,0.333333333333333,0.989718255777425,0.995728298074996
GOBP_RESPONSE_TO_PROSTAGLANDIN_E,3,0.0115676821017515,-0.00961456615298822,0.333333333333333,0.990770530881692,0.996403232295528
GOBP_RESPONSE_TO_KETONE,3,0.0113420673023939,0.0284261464370277,0.666666666666667,0.990950533636564,0.996403232295528
KEGG_GLYCOSAMINOGLYCAN_DEGRADATION,3,-0.0113162551327369,0.0583848653980605,0.666666666666667,0.990971127446565,0.996403232295528
KEGG_PYRIMIDINE_METABOLISM,3,-0.0102905683033347,-0.0114857482112466,0.666666666666667,0.991789459339427,0.997003873286169
REACTOME_FC_EPSILON_RECEPTOR_FCERI_SIGNALING,3,0.0100809081030366,-0.0300092695444777,0.333333333333333,0.99195673529835,0.997003873286169
GOBP_RIBOSOME_ASSEMBLY,3,-0.0083812479371711,-0.0563835866872755,0.666666666666667,0.993312809961393,0.99817151085144
GOBP_REGULATION_OF_PROTEIN_EXIT_FROM_ENDOPLASMIC_RETICULUM,3,0.00770836959711236,-0.0370006570950248,0.333333333333333,0.993849671817248,0.998363867152216
GOBP_NEGATIVE_REGULATION_OF_HORMONE_SECRETION,3,0.00741778914891654,0.0269892126178262,0.666666666666667,0.994081514838894,0.998363867152216
HALLMARK_DNA_REPAIR,3,-0.00726811284323696,0.0190333866487168,0.333333333333333,0.994200936032628,0.998363867152216
REACTOME_CRMPS_IN_SEMA3A_SIGNALING,2,-0.00716679746773906,0.0322278857827802,0.5,0.99428177190101,0.998363867152216
REACTOME_FATTY_ACID_METABOLISM,3,-0.00518534543675361,0.0170309791356293,0.666666666666667,0.995862711474029,0.999362314080871
GOBP_POSITIVE_REGULATION_OF_SECRETION,3,-0.00508922072613911,0.0287984070665135,0.333333333333333,0.995939406884444,0.999362314080871
GOBP_DNA_CATABOLIC_PROCESS_ENDONUCLEOLYTIC,3,-0.00505785677700979,-0.0166494857483023,0.333333333333333,0.995964431373142,0.999362314080871
GOBP_PROTEIN_LIPID_COMPLEX_SUBUNIT_ORGANIZATION,3,0.00494502628581166,0.0983730962014134,0.333333333333333,0.996054455954045,0.999362314080871
GOBP_LOCOMOTORY_BEHAVIOR,3,-0.0044347747553577,0.0315034261496569,0.666666666666667,0.996461573290573,0.999399378984732
GOBP_REGULATION_OF_BONE_MINERALIZATION,3,-0.00441096268601795,-0.00617978604852827,0.666666666666667,0.99648057238723,0.999399378984732
REACTOME_A_TETRASACCHARIDE_LINKER_SEQUENCE_IS_REQUIRED_FOR_GAG_SYNTHESIS,3,-0.0040401553357807,0.0466376854026652,0.333333333333333,0.996776431203979,0.999500927501686
GOBP_REGULATION_OF_ACUTE_INFLAMMATORY_RESPONSE,3,-0.00372241133235707,-0.0380995335970778,0.666666666666667,0.997029952327958,0.999504979254831
GOBP_REGULATION_OF_PROTEIN_ACETYLATION,3,-0.00326410025995254,0.0103602634402993,0.666666666666667,0.997395629422318,0.999504979254831
GOBP_MESENCHYMAL_CELL_DIFFERENTIATION,3,-0.00311531073976926,0.0183322223243568,0.333333333333333,0.997514345679248,0.999504979254831
GOBP_PATHWAY_RESTRICTED_SMAD_PROTEIN_PHOSPHORYLATION,3,-0.00305946667769279,0.00924157867254467,0.333333333333333,0.997558902581827,0.999504979254831
GOBP_NEGATIVE_REGULATION_OF_PROTEOLYSIS_INVOLVED_IN_CELLULAR_PROTEIN_CATABOLIC_PROCESS,3,-0.00230515340327888,-0.0335703410272157,0.333333333333333,0.998160755318117,0.99982163053117
GOBP_LUNG_EPITHELIUM_DEVELOPMENT,3,0.00216543051195963,0.0650698242242807,0.666666666666667,0.998272237777288,0.99982163053117
GOBP_REGULATION_OF_DOUBLE_STRAND_BREAK_REPAIR_VIA_HOMOLOGOUS_RECOMBINATION,3,0.00175246592627569,-0.089358213675824,0.333333333333333,0.998601735209802,0.99982163053117
GOBP_CHONDROCYTE_DIFFERENTIATION_INVOLVED_IN_ENDOCHONDRAL_BONE_MORPHOGENESIS,2,0.00145387664517071,0.0461570853140014,0.5,0.998839974680175,0.99982163053117
GOBP_INNER_EAR_MORPHOGENESIS,3,-0.00120225148223335,0.0154909545953195,0.333333333333333,0.99904074233521,0.99982163053117
REACTOME_TRANSPORT_OF_THE_SLBP_DEPENDANT_MATURE_MRNA,3,0.00116740720425131,-0.135431161003495,0.333333333333333,0.999068544027129,0.99982163053117
GOBP_CELL_FATE_SPECIFICATION,3,0.000732027036484439,-0.00456981269654543,0.333333333333333,0.999415926981663,0.99982163053117
GOBP_CLEAVAGE_INVOLVED_IN_RRNA_PROCESSING,3,0.000609227585244023,-0.116664125669164,0.333333333333333,0.999513906745788,0.99982163053117
GOBP_SPERM_MOTILITY,3,-0.000360459013533779,-0.00363123914471631,0.333333333333333,0.999712395324527,0.99982163053117
GOBP_SENSORY_ORGAN_MORPHOGENESIS,3,-0.00022355297881199,-0.0141684296149284,0.666666666666667,0.99982163053117,0.99982163053117
