gene,module,GS
XIST,grey,0.170302560040398
TSIX,grey,0.15746217075571
C1QC,yellow,0.524000728979832
RNASE1,yellow,0.467403073335403
POSTN,brown,0.795686984538509
ANXA2P3,turquoise,0.207092642753158
ATP5E,turquoise,0.0535993640966897
RPLP0P2,turquoise,0.149895408222593
VSIG4,yellow,0.621648971171812
MS4A7,yellow,0.348722613108839
OPRK1,green,-0.573747496516079
FCGR3A,yellow,0.544081356975031
PCDH15,turquoise,-0.0514735418896453
GSTM1,blue,-0.0136107260024218
GABRB2,yellow,0.430553019921512
IL11,brown,0.670499180937212
ABO,turquoise,0.303472029859948
C1QA,yellow,0.587807073127803
LOC341056,turquoise,0.201277896034339
HSPB6,turquoise,0.110815855886147
BMP3,grey,0.0247810729966857
HLA-DMB,yellow,0.525241467422596
LILRB5,yellow,0.469250886452412
CLEC7A,yellow,0.510310236797049
KDM5B-AS1,turquoise,-0.103011895768259
VTRNA2-1,turquoise,0.0274790263347053
TRPM2,turquoise,0.256961991174096
NACAP1,turquoise,-0.006784628266328
NAV3,yellow,0.451312047965772
CACNG8,turquoise,0.177155988867022
EPHA7,turquoise,-0.0594998589056655
MTRNR2L2,turquoise,-0.000629187747460562
LOC643387,turquoise,0.0179354981105759
PBK,brown,0.662031229912388
HJURP,brown,0.70760270865789
CDH5,turquoise,-0.161565212512976
PTPRC,yellow,0.512499203421144
CYTH4,yellow,0.499185475517154
CTNND2,turquoise,0.439557618273391
ACPP,green,-0.440046294030034
LOC100507632,yellow,0.607837630460761
CNTN3,turquoise,0.481056598604342
HBB,brown,0.696492167988394
MIR2278,blue,0.103275905058634
CSF2RB,yellow,0.140360571067185
FLJ16779,turquoise,0.248240956753681
PLIN5,green,-0.508629798344701
CKAP2L,brown,0.558287806070294
COL1A1,brown,0.795869089500724
MIR5087,blue,-0.548308539096514
PCDH7,turquoise,0.378134921691173
LOC284581,grey,0.0135609577175941
WDR93,turquoise,0.164431856479721
DUOX2,turquoise,0.208157199193729
MMP1,yellow,0.0457958324269466
INSL3,turquoise,0.46433576127906
SOX3,turquoise,-0.419779712556906
LOC644172,grey,0.284239525813832
CPXM1,yellow,0.364817679811118
MIR1245B,blue,0.421900940977433
MIR1245A,blue,0.423213461116403
PLEKHS1,yellow,0.569716937280294
SNORD74,blue,-0.257227487647709
DOK2,yellow,0.318980071074417
PIK3R5,yellow,0.351092988342311
KIF18B,yellow,0.556768722666115
KCNH6,turquoise,-0.0634678530548003
KCNH7,grey,0.196967229574543
LAIR1,yellow,0.400562160286248
ST14,yellow,0.32324121881988
WDR87,turquoise,0.0660460466743967
GJB2,brown,0.580068630655918
CLEC18C,grey,-0.10199425488648
TNIP3,turquoise,0.436534233493589
ALDH1A1,turquoise,0.254025300318273
FAM21B,blue,-0.0383607631778443
CD22,turquoise,0.249045830709247
SNORD12C,blue,-0.195595979313407
FLT4,turquoise,0.1002889577011
SNURF,turquoise,0.0158278406099905
MIR4308,blue,-0.389946248166042
BIRC7,turquoise,0.463161780173042
SLC6A1,turquoise,-0.217493646932915
IL1R2,turquoise,0.0835417979355978
MEIS1-AS3,turquoise,-0.044449866877952
NOX5,turquoise,0.226406704811718
CDH6,yellow,0.163980156256007
SNORA78,green,-0.483820722604677
RNF17,turquoise,0.106422013794354
MYBL2,yellow,0.618699179599879
SLC2A14,grey,-0.169503029021528
UCMA,grey,-0.428738107431614
HGF,turquoise,0.0581343714005588
PCDH11X,turquoise,-0.283705863563403
C1QTNF9,turquoise,-0.246334156410975
GYS2,turquoise,0.157031926264921
VANGL2,turquoise,0.100306609069124
FOLR2,yellow,0.397574694029102
DEFB124,turquoise,-0.0975241859857369
AIM1L,turquoise,-0.100298609284996
LOC731275,turquoise,-0.0492371963624629
SLC6A17,turquoise,-0.00089559495240172
SLC8A1-AS1,brown,0.545507425734958
CTSL2,turquoise,-0.0807790270121319
MIR4521,turquoise,-0.00932119444745476
LOC100505495,turquoise,-0.159990293095333
CD84,yellow,0.561352441966959
MMP9,yellow,0.51894921864629
SNORA29,blue,-0.112344564148653
MS4A6A,yellow,0.502953113272898
FAM131B,turquoise,0.234697360008827
SNORA10,grey,-0.186599150414638
TMEM158,yellow,0.563610348537495
FAM179A,turquoise,0.202588801878817
ADAM33,yellow,0.369545853680504
AMTN,brown,0.740382303046632
KIAA0101,brown,0.444233874822191
MNDA,yellow,0.46788300009316
BEX1,turquoise,-0.261000204694974
RNF157-AS1,grey,-0.325070206843923
SNORD114-10,blue,-0.251329425453507
PPP1R27,green,-0.435263387258466
TPBGL,turquoise,0.462653136818542
SHANK3,turquoise,0.0911969968870212
CDH15,turquoise,0.282496735132986
SNORA38,blue,-0.209032777943723
SNORA80B,green,-0.608013366183391
FSHR,turquoise,0.29469726771651
TMEM108,turquoise,0.253868530829744
GTF2H2,blue,0.122921780208831
HS3ST2,grey,0.122820295655909
HPGDS,yellow,0.541206662540176
JPH2,turquoise,-0.158488827119935
PLCB2,yellow,0.51964802238834
NUF2,brown,0.628805006229946
GTF2IRD2P1,turquoise,0.132076086428006
DIAPH3,brown,0.728834296015263
COL22A1,turquoise,0.147708147413181
OVOL1,turquoise,-0.376143128769914
EREG,turquoise,0.215311828926614
DKK2,turquoise,-0.178594812550771
HBA2,turquoise,0.593306702429988
LINC00494,turquoise,-0.130217883319195
EGFEM1P,turquoise,-0.0657177560404012
GHSR,turquoise,0.205584321122202
LINC00261,turquoise,0.133186711927919
SIRPB1,turquoise,0.419321191406397
CEP55,brown,0.565767359693129
ATP8A2,turquoise,0.0774768513715021
SPATA22,blue,0.107923494773822
KRTDAP,turquoise,0.236307401566604
MT3,turquoise,-0.11358939181634
PIK3CG,yellow,0.380396445895735
FAM83H,yellow,0.529639397693117
MAPK15,yellow,0.537321444554227
HSPA7,yellow,0.379304975790589
HIST1H4E,blue,0.102529154055567
GIMAP4,yellow,0.219557713379471
TNFSF15,brown,0.831162711499629
TCHH,turquoise,0.276167015192772
MGC45922,turquoise,0.221089797551488
ALPL,yellow,0.574429475500619
TRPA1,yellow,0.627448343732378
BIN2,yellow,0.368037127435141
NETO2,brown,0.567531173855482
MIR644A,blue,-0.0724128729359002
BIRC5,brown,0.641776951856803
ARL11,turquoise,0.201463861343681
SNORA71B,blue,-0.00614038651493995
HIST1H3B,blue,0.341049845932987
CPN2,turquoise,0.414549817720349
LRP2,turquoise,0.194232956175313
SOX30,turquoise,0.295429163003879
YBX2,grey,-0.376566404153209
SNORD37,blue,-0.20493982796396
SCN5A,turquoise,0.238343822926209
RFX4,turquoise,-0.0827560842014692
SNHG9,turquoise,-0.00683221274155098
EPO,turquoise,0.284932610267165
GOLGA6L5,turquoise,0.0339726087936959
RPL13AP20,turquoise,-0.145963751279022
BTK,yellow,0.374944860847292
SBSN,yellow,0.44845835199929
BUB1B,brown,0.586098229283916
CNGB1,turquoise,0.0654241771827563
MIRLET7A1,blue,-0.0342879345374939
ROCK1P1,turquoise,0.149220151264999
PRKCG,turquoise,-0.256867526758319
LILRB1,yellow,0.323669233229964
ADRA1B,grey,-0.0932150145609309
AZGP1,green,-0.322769464640733
SIRPB2,turquoise,0.325267921053553
PRSS3,turquoise,0.123763132159458
FOLR1,turquoise,0.251846402254164
BNC1,turquoise,0.453979827631282
SLITRK6,yellow,0.458475991452494
RD3,turquoise,0.129501841917049
MMP28,yellow,0.483420276462098
SORCS1,turquoise,0.106545491704229
RFX8,brown,0.693245955220869
LOC402160,turquoise,-0.173780695870592
AQP10,grey,-0.502434711617923
EDNRB,turquoise,-0.0639513690950875
LRFN1,turquoise,0.205403200852486
FBXW12,grey,-0.130213589761516
MSC,yellow,0.462887086903963
MIR7-1,blue,-0.158502789285961
SNORD101,blue,-0.0417829813653684
ANKRD26P1,turquoise,-0.181177121756064
LIPJ,brown,0.349280230486618
ARPP21,turquoise,0.0878772513414389
LRRC4C,turquoise,0.175302018935063
EVPL,turquoise,0.263223992601895
ROS1,turquoise,0.359754488726695
SAA2,grey,0.0372360497761082
LOC100130899,turquoise,-0.0269812710781098
TMEM63C,turquoise,0.404429097415836
SYT7,yellow,0.336625035353118
HIST1H3C,brown,0.374295670569186
CDH2,brown,0.795595931563474
ADM,green,-0.881191267059476
KIAA1549L,turquoise,0.437430186092024
COL18A1-AS1,turquoise,-0.0944295717827429
PIK3C2G,turquoise,0.480632746426705
LINC00622,brown,0.380544235965591
DGKB,turquoise,0.350169105774188
TMEM238,turquoise,-0.0865547292841547
CLDND2,turquoise,-0.227287876124386
LOC389791,turquoise,0.254493556172684
ATP13A5,turquoise,0.0265212183509712
RAC2,yellow,0.670701153793495
PPEF2,turquoise,-0.006537746195192
ST8SIA5,turquoise,0.18721494911373
MIR4282,blue,0.239675055047845
SAA1,grey,-0.0570885012020254
SIX3,turquoise,0.34127459871016
CD163,yellow,0.524032978958644
MIR4523,blue,0.120527706548027
CRYAA,grey,-0.253581730857792
KYNU,yellow,0.50980473927235
MYH4,turquoise,0.26911401110475
BCAN,turquoise,-0.0405694267496131
NELL2,turquoise,0.214230477493663
IL25,turquoise,-0.0018694807418019
LOC158435,turquoise,-0.291593177926467
ADRB1,turquoise,-0.20698106246284
ST6GAL2,brown,0.749658986082144
RGS4,turquoise,0.585015444644656
CASS4,turquoise,0.0782146367374652
CREG2,turquoise,-0.143374016252543
KCNJ5,yellow,0.259142323649687
SCML4,turquoise,0.378748611842567
LOC100505918,grey,0.0886497623857291
LOC284412,turquoise,0.0173160439348377
HES7,turquoise,-0.31721811172497
MIR3605,blue,-0.305706690139818
HNF4A,turquoise,-0.0140696120685573
AMBN,turquoise,0.0221064174725509
LPHN3,turquoise,0.116191611723068
DDX4,turquoise,0.267998895045477
ASB2,turquoise,-0.114124893506936
GREM2,turquoise,0.0530111345020897
MX2,turquoise,-0.0829810629893613
LOC100498859,green,-0.603345852053457
GFRA1,turquoise,0.110712886369718
SNORD114-2,blue,-0.0914988807689914
CACNA1B,turquoise,0.145813227723751
C1orf233,brown,0.748097263197417
MIR3606,brown,0.503408147115442
AJAP1,turquoise,0.302995336206962
MCHR1,turquoise,0.356419826471889
CITED1,turquoise,0.119158601743297
CLECL1,turquoise,-0.00549456246415551
MIR4526,blue,0.0200287307575575
MIA,turquoise,0.11080803571654
SPDYE7P,turquoise,0.19728876112495
BLNK,yellow,0.204452016042639
KCNJ6,yellow,0.56214234108127
SNORA74A,blue,-0.0702350397304169
ATP1A4,turquoise,0.0658046003425864
ALOX15B,turquoise,0.345095480473321
KCP,turquoise,0.00109360996119698
TTTY15,grey,-0.273532466253467
GPR4,turquoise,-0.0938256329507889
NRG1,turquoise,0.386758600610689
IRX1,turquoise,-0.211104880886407
SNORD43,blue,-0.477406994089591
SNORD123,blue,-0.0801358666260413
ARHGEF15,turquoise,-0.0243223175440936
PPP1R17,turquoise,0.108999975252529
SNORD116-4,blue,0.138527988814507
MIR4269,blue,0.124028571753895
SNORD114-14,blue,0.00924675379455825
TMEM119,brown,0.710055289865762
C4orf48,turquoise,0.362107317920626
ADRA2C,turquoise,-0.120786914441071
NOBOX,turquoise,-0.113343984040434
MYO1A,turquoise,0.171633136859377
ANKRD33B,turquoise,0.135509273750421
LOC254896,green,-0.488166592334756
PTH2R,turquoise,0.282682279798634
CYP2S1,turquoise,-0.100779204284264
MIR186,blue,-0.0571566689981799
EBF2,turquoise,0.0815404381471501
CCDC175,turquoise,0.140778243866736
FLJ30838,turquoise,0.00946637099837065
FUT3,turquoise,-0.392859590066266
CLEC4GP1,turquoise,0.0586273499974891
TOP2A,brown,0.721869327761132
GRID1,turquoise,0.0245664243773216
KLRB1,brown,0.470650934212697
KCNH4,turquoise,0.24410264725581
EGLN2,turquoise,-0.117585716846269
MYH7,turquoise,0.0248804911995282
ILDR1,turquoise,0.347778449299136
APOBEC3H,green,-0.609446874035072
CD27,turquoise,0.0268447205290165
ATP4B,grey,0.224772086371413
SELE,turquoise,-0.249284359684217
TMEM61,turquoise,0.108061162222654
GDNF,yellow,0.560120854188218
PECAM1,yellow,0.0606729973906827
IGF2BP1,turquoise,0.228031196402325
APOBR,yellow,0.278951733152539
HGFAC,turquoise,-0.0460919683841792
FAM64A,yellow,0.413990518654604
EXOC3L2,turquoise,0.187769773333587
MIR29A,blue,-0.239642227967324
MYO18B,turquoise,0.101701525701555
TFEC,yellow,0.347930908648711
NLRP12,yellow,0.31042683313387
APOF,green,-0.530675077469258
SKAP1,grey,-0.410502352557714
GRIA2,brown,0.811196089742966
GCNT2,turquoise,0.240690730111169
LOC400548,turquoise,-0.34911173142476
IGDCC3,turquoise,0.00903960656514887
CHGB,turquoise,0.0828621861841602
SNORD116-24,blue,0.618381399440141
CSF3,grey,-0.226198139088978
PIP5K1B,turquoise,0.178725695790853
SLC4A10,turquoise,0.185442458748263
WNT8A,turquoise,-0.0284533955319227
CRTAM,turquoise,0.199913720234412
MELK,brown,0.612311100538225
RUFY4,turquoise,0.196918150720881
MS4A4A,yellow,0.394667628604423
APOA5,turquoise,-0.0103734781872465
MIR3661,blue,-0.225612226975742
SCN1A,turquoise,0.238976148572899
ZNF467,turquoise,0.0394336246016988
FSCB,yellow,0.37552290615867
LINC00707,yellow,0.401623873626716
VSX2,grey,-0.278731489364639
SNORD83A,blue,-0.104768913329699
LGALS12,turquoise,0.0458980348453616
VAV1,turquoise,0.444255245669489
IYD,turquoise,0.21032505768649
JAKMIP2,turquoise,0.0794614329231097
TEKT4,turquoise,0.115326766033625
SULT4A1,turquoise,0.0156884630567608
CGN,turquoise,-0.165355539783877
SH2D5,grey,-0.129779494766531
SLC6A7,turquoise,0.354743258950469
CHRDL2,turquoise,-0.105577751613981
FCN3,turquoise,0.076110992502057
FAM71A,green,-0.612490869508288
EVA1A,brown,0.558224781216618
SECTM1,turquoise,0.161466504631247
SNORD114-26,grey,-0.0921070507567697
PCSK1N,turquoise,0.203292624031
ZAN,turquoise,-0.262620325639192
CNTN6,turquoise,0.108597746185184
CCR6,turquoise,0.00475403295884639
ABCB5,turquoise,0.40093010504951
FGD2,yellow,0.208092803578794
SCGB1B2P,turquoise,0.0725896965616906
LOC100130238,grey,-0.194595410249087
GPR84,grey,0.0138391456696209
MIR620,blue,-0.0909101559581119
MIR4434,blue,-0.240012410179776
LINC00299,yellow,0.0981684849504437
HCRTR2,turquoise,0.204232529692413
MPEG1,yellow,0.421636027898858
SNORA36A,grey,0.00325342648107465
SBK1,turquoise,0.255434607778755
TFAP2B,turquoise,0.0216721280210088
TSPAN16,grey,-0.112022448484219
HCK,yellow,0.438415822496695
SNORD117,blue,-0.158316495772201
HAO1,turquoise,0.25394937475507
NMNAT2,turquoise,-0.102650864448677
CATSPERB,turquoise,0.144775480904965
MEIG1,turquoise,0.0309591791464308
KRT8P41,yellow,0.364693687116719
SLC9A2,turquoise,0.372615347770194
HPD,turquoise,0.0197612041927526
GRIN2B,turquoise,0.297331551505472
LOC645949,brown,0.316306081224169
DRP2,turquoise,0.360286011501999
SNORD9,grey,0.238282608971602
RTKN2,yellow,0.388685211516978
WNT10B,turquoise,0.38497173331447
GALR2,green,-0.457636644258204
SMPDL3B,turquoise,0.193844979282749
PKD1L2,turquoise,0.0529203340994614
C10orf71,turquoise,-0.0614811061591138
FEZF1,turquoise,-0.181379740997409
HLA-DRA,yellow,0.63316771052267
MFAP5,turquoise,0.109753980792795
DKFZp451B082,turquoise,0.187509432815055
TREML2,turquoise,0.241193754009801
LINC00536,brown,0.328017885046651
AIF1,yellow,0.318626721347113
MIR605,grey,0.0450291072955617
PLVAP,grey,-0.00255100422042826
LOC100507391,turquoise,-0.407122319421368
LINC00461,turquoise,-0.173262353829445
LOC79015,turquoise,-0.212278423816383
EPHX3,turquoise,0.206691236817839
C17orf49,turquoise,0.0288431274694565
HFE2,grey,0.0091816744753549
KCNJ2-AS1,turquoise,0.254453936892719
SRCRB4D,turquoise,0.156923848144579
MEFV,turquoise,0.0754974764280862
FAM106CP,blue,-0.124944274045636
SLN,turquoise,0.235907497813299
SLC6A13,turquoise,0.0265950077088723
CCDC33,turquoise,-0.23767682243518
MIR647,turquoise,-0.22865498301151
CNTN5,turquoise,-0.0498921403202689
GRM4,turquoise,0.0986781232248856
LPA,turquoise,0.269509082652524
NELL1,brown,0.717478125405525
FOXD4,yellow,0.461391225367041
PKP3,grey,0.493774116900926
AZU1,turquoise,-0.163176488334109
TBL1Y,grey,-0.422718658655886
PI15,brown,0.18891458287484
OXCT2,grey,-0.124844734361292
CCDC83,yellow,0.401362603943922
RNU6-79,blue,0.121003686347956
AP1M2,turquoise,0.269462072481909
LOC340113,brown,0.647852291428124
HERC2P7,grey,-0.166661583765003
CA12,brown,0.491340739730295
CD86,yellow,0.34633151751957
CYP26A1,turquoise,0.0956505654056807
LINC00689,turquoise,-0.166738074250145
ERP27,turquoise,0.405194461915382
POM121L9P,turquoise,0.0265606340185081
DSPP,turquoise,0.361023831681805
ANKRD20A4,grey,0.201578153603097
LSAMP-AS3,turquoise,0.289470684388886
SNORD25,blue,-0.315606807914123
SNORD113-2,blue,-0.108793196156116
CALY,turquoise,-0.262482080362232
PLA2G7,yellow,0.26686003570506
SCG2,yellow,0.413978359273237
CYTIP,yellow,0.460287355036082
CLEC1A,yellow,0.153503715310932
FAM209A,grey,0.0328543788893533
GSG2,yellow,0.365600612135325
FAM159A,turquoise,0.264131156740888
PRB1,blue,0.124951266786114
PTPRR,turquoise,0.0975119250441086
TRIM61,yellow,0.432797431133164
SPTA1,turquoise,0.359996876252037
C2orf91,turquoise,0.208311763671322
RALYL,turquoise,0.0682597848727979
TAT,turquoise,0.204628053076295
CYBB,yellow,0.50681435724333
LAMP3,turquoise,0.0922159031808687
LGR5,turquoise,0.0936217330864885
PANX3,grey,-0.155043109488854
TMPRSS4,green,-0.287890051014168
LOC440461,grey,-0.0952854433835339
MIR4505,green,-0.697543484491829
BTNL9,turquoise,0.169132413602261
SNORD59B,blue,-0.120664449652011
NEUROD2,turquoise,-0.0593284872829221
GIMAP8,turquoise,0.0906138759811067
RSPO4,turquoise,-0.0971010991725236
RBPJL,turquoise,0.120293885294015
ACE2,turquoise,0.0629808472618981
ELAVL2,turquoise,-0.119562261644789
DPP6,turquoise,0.201889611372038
SLC36A3,turquoise,0.522782270771504
IL32,turquoise,0.386552456175129
UNC13A,turquoise,0.164493071456647
MROH5,turquoise,0.0180581106801273
FCHO1,turquoise,0.186145548729942
IL6,green,-0.349893153832774
FLJ43879,turquoise,0.156406406081009
TMC8,turquoise,0.0193940911825785
FLJ22184,turquoise,0.0958255159696254
DSG3,turquoise,0.408993088769743
FAM183B,turquoise,-0.012407838831375
HIST1H4L,blue,-0.100973138346831
SLC16A12,turquoise,-0.0142052655966092
MCIN,grey,-0.0619943546964183
MKRN3,yellow,0.276330058461836
CCDC108,turquoise,0.0335739501776629
PDE9A,turquoise,0.313375944460881
LRRC36,turquoise,0.183239864863393
SHANK1,turquoise,0.460545045587258
CR1,turquoise,-0.0174108559157994
IRGM,turquoise,-0.227752796182959
KLHL33,yellow,0.115843955722018
FCGR2B,yellow,0.381041063182586
MORN3,grey,0.0590245631400794
DMP1,turquoise,0.418694922553561
BOLL,turquoise,0.305502556125508
CDC14C,yellow,0.21551746423157
RAB33A,blue,-0.181361697980317
VNN2,yellow,0.381848386487306
LOC151475,turquoise,-0.069921107910769
TSPEAR,turquoise,0.335615670618648
GPR151,blue,0.16697676187643
AGRP,brown,0.129638767557142
MIR548Q,blue,0.383917559640846
MIRLET7I,blue,0.0507963378900073
ASPM,brown,0.800292917264345
ALDH3A1,turquoise,-0.153688997140968
FGL1,turquoise,-0.0570890758931774
KCNT1,turquoise,-0.026584606204339
MIMT1,turquoise,-0.0246159916217517
GRHL2,turquoise,0.228842872806731
QRFP,blue,-0.0782649805953986
GBP6,turquoise,0.0421057682024662
SEMA6B,yellow,0.0790066307819761
HBE1,turquoise,-0.00954286658004744
CYP1A1,green,-0.457808121794243
SEPT1,turquoise,0.119211338931176
COLEC11,turquoise,0.0940254825505463
TMEM229B,turquoise,0.371456349515236
SCGB2B2,turquoise,0.0190684853406988
HIST1H4D,blue,-0.262280870705521
CNN1,yellow,0.190608681871623
LOC100144595,turquoise,0.0151686630462753
RAB3B,turquoise,0.144682205748045
GRIA1,turquoise,0.267107898080152
PALM2-AKAP2,blue,0.188081345362091
OR2S2,grey,0.230281135159894
KRT17,yellow,0.229595151914713
CD302,grey,0.00325362017880043
MUC16,turquoise,0.0946463566502852
CCNA1,turquoise,0.299253579999461
OAS1,yellow,0.454207420909952
DKK4,yellow,0.0976335297652746
C3,grey,-0.249573390786811
HPSE,turquoise,0.228941198650464
C20orf118,yellow,0.0923767569243876
HTR6,grey,0.0818741574367427
IL19,grey,0.32659368490967
ACHE,turquoise,0.245282004793492
DAZL,turquoise,0.381866261980674
CHRNA2,turquoise,0.193996634888527
EN2,turquoise,0.120483548656855
LINC00473,yellow,0.195905207518268
LOC100271702,turquoise,0.274552702235256
OVCH2,turquoise,0.244113801990815
CDC25C,turquoise,0.393794386844201
TNFSF8,turquoise,0.383142519315388
SLC35F1,turquoise,0.253318783789759
AMHR2,turquoise,-0.191101487195781
SNORD114-28,blue,-0.119570054591359
FGF23,turquoise,-0.0131231906753713
C2orf57,green,-0.33503998565979
CXCR4,yellow,0.411648791332867
LINC00483,grey,-0.13737031633589
CFHR3,blue,-0.151131138617981
ST6GALNAC5,brown,0.808069842683687
POM121L10P,turquoise,-0.161524234024992
OR51B2,blue,-0.0594861512077275
CHST4,brown,0.575959169207949
LINC00266-1,turquoise,-0.0492816517706282
MIR505,grey,-0.072716490551703
CDH10,brown,0.682662337787938
PENK,brown,0.682295481269408
IGFL2,yellow,0.539767547712944
SENP3-EIF4A1,blue,0.162088051325701
CD8A,turquoise,0.122171231515031
GFI1,turquoise,0.234894420725701
S100A14,turquoise,-0.0764237266059387
BEND4,turquoise,0.139875947628234
LPAR3,turquoise,-0.192049053153334
C2orf66,turquoise,0.297365445879533
CHRM4,grey,-0.142241582815571
KRT222,yellow,0.271364920816682
GPR152,green,-0.285671003013
ELOVL3,grey,-0.125156098626397
CHL1,turquoise,0.135821223188847
L1TD1,turquoise,-0.0472548804872062
SCRT1,grey,0.195245380188506
KCNA7,turquoise,0.0539685084574938
LOC101055625,brown,0.341587058622024
NEIL3,yellow,0.486895811131011
NAPSB,turquoise,0.0678810327258051
SNORD114-12,blue,-0.289736358336223
CHRNA3,turquoise,0.324575432797777
C15orf55,turquoise,0.388960379241312
SNORD95,blue,-0.101133095033997
AIRE,turquoise,0.12482631246547
OR1L3,grey,-0.0234126257763766
MMP13,brown,0.685031482970877
DOCK2,yellow,0.540154492745856
GNGT2,turquoise,-0.285980992392081
MIR4530,blue,-0.395373363977819
MIR374B,blue,0.0659027104099849
NTM,turquoise,0.180073063112862
DCX,turquoise,-0.1432516680025
ANO9,turquoise,0.237807181208971
TREM2,yellow,0.426149286221382
C19orf59,turquoise,0.36311816345807
SLC35G5,yellow,0.659313554064719
LHFPL3-AS1,turquoise,0.373142569197268
ZNRF2P2,blue,-0.358819050026662
EMC6,blue,0.0944646034822683
KRTAP5-10,turquoise,0.0379397969713918
SNORD85,grey,0.155416832137506
MIR3909,blue,-0.394746900225771
NOS1,turquoise,0.0390611271783099
SPANXA2-OT1,grey,0.214346726285981
SNORA2B,blue,0.0143644077302743
MGAT5B,turquoise,0.116545434657713
LINC00671,turquoise,0.556340287217079
MIR3936,blue,-0.219022325568094
SRRM4,turquoise,0.205028416754959
IFNA5,grey,0.483531933759005
ADH1A,grey,0.33295963696919
ERN2,turquoise,0.434872175677784
P2RY13,yellow,0.335494878957287
LOC391322,blue,-0.206416577507998
GOLGA8S,turquoise,-0.0675470084909091
OR7E12P,grey,-0.0710548901626188
NAT8B,grey,-0.278828053384836
LOC100128787,grey,-0.271368408208439
MIRLET7C,blue,0.121050058008847
CCDC54,brown,0.561291588525733
GCM1,turquoise,0.088901650686473
MAGI2-AS2,blue,0.362133245911611
MIR4312,blue,-0.00151193121017404
MIR627,blue,0.231039242614813
LOC645434,grey,-0.0717854382162322
MIR548AC,grey,0.0195639465856945
GRB7,turquoise,0.117694043855853
CD200R1,turquoise,0.300966439685053
GLRA4,grey,-0.039520782079695
LEFTY2,turquoise,-0.148283547816171
LOC727915,blue,-0.0466357450170151
MADCAM1,grey,0.201876474228239
ELMOD1,turquoise,0.233081583974459
LOC644189,turquoise,-0.189486003591684
SOX17,turquoise,-0.172692769929408
HS6ST2,turquoise,0.0232216264760101
C11orf87,turquoise,0.511504134517182
MIR3609,turquoise,-0.221492184275404
LINC00309,green,-0.458838463821901
FCRLA,turquoise,-0.0187868857039158
OR9A4,grey,0.388911450384577
FLJ16341,turquoise,0.159322505001479
LINC00842,turquoise,0.338641076427763
RBM47,yellow,0.211283587812916
LOC729737,turquoise,-0.00136709676286894
EPGN,turquoise,0.109232135436672
IL8,yellow,0.183505062958003
C16orf54,yellow,0.619539857258086
TLR7,yellow,0.33827716632687
LOC728084,turquoise,0.413107019675296
C9orf171,turquoise,0.305270026125908
C16orf90,yellow,0.222629893653263
TDRD12,grey,0.0577683004628775
GBP7,yellow,0.304909799166815
SNORD116-1,grey,0.381822606716352
IL17B,turquoise,0.297182884965742
NDST3,turquoise,0.350604755319041
FCRL6,turquoise,-0.0360296175706491
DGAT2,turquoise,0.387166619539403
SNORD24,grey,0.0953286425604316
KLHL6,turquoise,0.270472098860232
TFAMP1,turquoise,-0.164625368588963
ITGB2,yellow,0.653298660884826
FABP5P3,turquoise,-0.198375990248434
CD300LB,yellow,0.319473993566532
HCG23,turquoise,-0.0603765894867616
EPCAM,turquoise,0.386902446395345
KIF17,turquoise,-0.205222054006202
LINC00051,grey,-0.282154770842492
LOC339807,yellow,0.137117235523181
MIR4796,blue,-0.0900821573297436
TMEM176B,turquoise,0.43792010016154
CD300E,turquoise,0.288002220706727
CFHR1,turquoise,-0.230485550880558
ANKRD20A5P,turquoise,0.135058591864762
CNTN1,yellow,0.362027441591583
LOC283710,turquoise,-0.141862983256311
SYNJ2-IT1,green,-0.397921753452226
GALR3,green,-0.361346189954679
TRPC3,turquoise,-0.0778185377464169
ZNF32-AS1,blue,0.106603587062133
IFNA22P,blue,0.37087054128499
CARD10,yellow,0.279285772994277
SNORA2A,blue,-0.107033942513495
SNORD110,blue,0.07503798579654
FLJ30679,green,-0.429184789384087
CBLN4,turquoise,0.435007684008576
SLC25A47,grey,-0.135016920513248
CDH16,grey,-0.104617916840081
SLC5A5,turquoise,-0.00395338893826531
MME,yellow,0.596450360255675
LST1,turquoise,0.129941963155449
CSF3R,turquoise,-0.105469536069892
MRO,turquoise,-0.00529190166285639
RGSL1,turquoise,0.085194755667499
DDN,turquoise,0.0689900483645056
HIST1H3E,blue,-0.0863038343798072
DHH,green,-0.480762390662137
COLEC10,grey,-0.0907327691579115
PLCXD2,grey,0.0697645751210421
SPATA19,yellow,0.138993341038998
BTNL2,turquoise,0.0109462688125838
MIR26B,grey,-0.264336985768748
RAB44,green,-0.470735957958122
LOC283856,turquoise,-0.0333888785218022
ALG1L,grey,0.0872517838500596
MIR933,blue,-0.210677201725193
CSTF3-AS1,turquoise,0.154455635251902
ACE,turquoise,0.217094590688926
SLC4A1,turquoise,0.352905198201126
SNORD18B,blue,-0.0268111963176111
BMP7,turquoise,0.277814372974575
ST3GAL6-AS1,grey,-0.102808303334895
HNF4G,grey,0.370089000001521
MIR5687,blue,-0.260924717732082
TGFBI,brown,0.750569363507712
ALOXE3,turquoise,-0.0125070544209444
KC6,turquoise,0.316059468756263
SNX10,brown,0.726391526461656
ACTA1,grey,-0.193805871417042
SLC10A4,turquoise,0.0393603465728963
LOC100289092,turquoise,0.0419294191509574
SNORD36B,blue,-0.0395480084944782
TRHDE,turquoise,0.306424962080767
FUT1,turquoise,0.065391349007242
LRRIQ3,brown,0.355028100925772
WDR64,turquoise,0.308612123152324
GJD4,grey,0.26370773196262
LOC440356,turquoise,0.133337078670266
SNORD18A,blue,-0.209139084969319
SEBOX,grey,0.211841879714323
LOC338963,turquoise,-0.152846538989314
MTUS2-AS1,grey,0.138340422426772
DLEU7-AS1,turquoise,0.460881818633527
TXK,yellow,0.144590277181253
FKBP6,turquoise,-0.0139059212469265
TMCC3,turquoise,0.0919966877313345
MIR21,blue,0.102552757365197
ARHGAP11B,blue,0.35415930205235
DISP2,turquoise,0.0400999271835136
DDIT4,green,-0.855903570333521
NR2F1,turquoise,0.213485872503164
CNGB3,grey,0.121643673884591
FENDRR,turquoise,0.115084361036662
SMIM9,brown,0.426809932707025
KRT20,turquoise,0.305626063457244
CNTNAP3,grey,-0.270030963841023
PCDHAC1,turquoise,0.370124353655406
LYPD6,yellow,0.496973877058359
DCSTAMP,turquoise,0.15738084677011
FRMD8P1,blue,0.0130564435175865
LINC00332,grey,0.0121153127922247
DUSP2,green,-0.718914248825724
TMEM176A,yellow,0.393096296448874
HRASLS,grey,-0.0204733297076525
XIRP2,turquoise,-0.0491577396940396
TNC,brown,0.699143444206132
SNORA9,blue,-0.372610229139259
IL7R,turquoise,0.238613847639252
GCGR,turquoise,0.0413282422537354
PLA2G4B,blue,-0.153085116310554
ARHGAP15,yellow,0.28936707752976
RNU6-28,grey,-0.0994867861350889
TNS4,turquoise,-0.166635005114865
LOC283731,turquoise,-0.00121586198697785
PPP2R2C,turquoise,0.42248314329883
LOC100128573,grey,-0.0376211518733059
SNORD49A,blue,-0.0441705347420773
PGPEP1L,grey,-0.303219242984676
SNORA71A,blue,-0.15333070264239
TFAP2C,turquoise,-0.138537104027536
LOC100507194,green,-0.198731008321846
GPR65,turquoise,0.365473847767157
KERA,turquoise,0.398052412193666
SNORD114-16,grey,-0.275420450481949
AVPR2,yellow,-0.150959983391232
SNORD114-24,blue,-0.0587853246352353
KCNAB1-AS1,turquoise,-0.282479365888303
SNORD100,blue,-0.200615753093753
MIP,turquoise,-0.213072697405339
INHBC,turquoise,8.27877018098749e-05
SEC14L5,turquoise,0.0808021488288988
LINC00856,yellow,0.227228635966377
ACSM4,turquoise,0.436888234928222
HIST1H3G,blue,0.335932715612286
LOC494127,grey,-0.0590520045341372
CHRND,turquoise,0.0330927759955883
SNORD121A,blue,0.257050338861016
TMPRSS11GP,blue,0.199930565174391
ZFHX4-AS1,turquoise,0.384643336609841
SLC25A41,turquoise,0.159570462780286
CCIN,grey,-0.107082167876048
MIR4644,blue,0.089003409206242
C20orf202,turquoise,0.155059396633782
CYCSP52,blue,-0.0377049989433511
CSRP3,grey,0.345259185976342
LOC285000,grey,0.206017950423317
CXCL17,grey,0.246353202108063
CTAGE4,blue,-0.141838347991988
COL20A1,turquoise,0.0342486199661634
GPRIN1,yellow,0.412778082493783
SLC27A2,turquoise,0.269821311658198
LOC100128770,turquoise,-0.117067972360994
SPP1,brown,0.491646314706919
UNC80,turquoise,0.146246867008646
RPL31P11,turquoise,0.00913723965251238
RTP4,turquoise,0.429820309273544
TCF24,brown,0.45848119563311
QPRT,turquoise,0.247118095176874
LOC100129138,grey,-0.0345450538737123
HEMGN,turquoise,0.0261398175807325
HIST1H4K,blue,-0.139213463572089
ABCC11,turquoise,0.161579871047849
MZB1,grey,-0.0936735507868098
SNORA28,blue,-0.323053105047589
SOX11,brown,0.694612764759156
ANO3,turquoise,0.228041981954279
SYT6,turquoise,0.164905588813462
SOX2,turquoise,-0.139512032888591
RNF182,turquoise,0.101975571098719
LIN7A,turquoise,-0.28564727396275
NEURL3,turquoise,0.182470970443886
SNORD1C,blue,-0.232320411087579
ASAH2B,grey,0.180497734904828
MIR648,grey,-0.272789356724266
PNMA3,turquoise,0.344262517326362
ALOX12B,turquoise,-0.109760835182651
SYT16,grey,-0.027312397008099
CD38,blue,0.225129054484312
MKI67,brown,0.730568159169893
LINC00601,brown,0.343293266478529
RENBP,grey,0.00331229276541204
CHKB,turquoise,0.206342066640864
FBN3,turquoise,0.039310687078459
ENTPD2,turquoise,-0.156703877678463
CDCA7,turquoise,0.403325459234456
CXorf36,turquoise,-0.0582020340272861
TMEM51-AS1,turquoise,0.0785631890693924
MIR3192,turquoise,0.0609950394261182
ASB12,grey,0.402950998843686
TMCO2,grey,-0.225637944908763
ABCG4,turquoise,0.196704268845835
UGT8,turquoise,0.111836096251229
TBPL2,turquoise,-0.284965982783428
PLA2G1B,turquoise,0.112644404434437
MIR4681,grey,-0.448545145570982
RAB25,grey,0.0506550017068304
LINC00114,turquoise,0.0552172747639802
C16orf74,turquoise,0.0581347758375707
CTAGE15P,blue,-0.0459951291479087
SNORD58A,blue,-0.261915704784817
LOC100132077,brown,0.65424515536788
SRMS,grey,-0.0594792661393823
LOC100131635,blue,-0.250224326122913
CD52,turquoise,-0.288504252420502
TNFRSF11A,yellow,0.320441333147836
FOXN4,grey,-0.0679985493570372
IL21R-AS1,grey,-0.0401684471481574
CD79A,turquoise,0.125559507605967
TPTE2P6,yellow,0.30569238827437
TTBK1,turquoise,0.3073128922978
ZNF366,turquoise,-0.00613374514934954
LIN28B,turquoise,0.0455347013873055
PTCHD4,turquoise,0.368899184098164
LOC644936,grey,-0.0512175936549486
CAMK4,grey,0.0137664012946905
MUC6,turquoise,0.231653670006909
SLC30A3,turquoise,-0.17241463680249
FAM26E,yellow,0.103483204637002
SNORA51,grey,-0.0431653968301901
SNORD116-26,grey,-0.111825436852048
ZAR1L,grey,-0.0188135466085618
KCNQ1,turquoise,0.197857546189224
ADRA2B,grey,-0.213918736344704
ITIH1,turquoise,-0.116160111192135
GPR83,turquoise,-0.0178304143874697
LOC100287632,blue,0.00265537239052415
SCT,grey,-0.241675015204832
FLJ45974,yellow,0.401756111152484
GBP5,turquoise,0.131394163396818
AGXT2L1,turquoise,0.279016013342454
EGFL8,blue,0.104969053317741
HIST1H2BO,grey,0.236799210719025
TRIM50,yellow,0.103321035828542
MIR3128,blue,-0.0817606328595671
SNORD1B,grey,-0.212814015839874
MIR4720,grey,-0.0211927337762155
MIR4742,blue,-0.297586677200343
C19orf69,turquoise,-0.495107568536721
MIR3115,blue,-0.25119440807873
FAM71F1,grey,0.330993519913095
CEACAM8,turquoise,0.191927759602065
MARCO,yellow,0.505170175406888
S100P,grey,0.0906596756396463
SNORD57,grey,-0.0232544937740506
HMP19,turquoise,0.351867633932827
TMPRSS2,turquoise,0.345885280867108
PCDHA7,grey,-0.0713081773935305
VSTM5,brown,0.586518381120865
SLC7A14,turquoise,-0.133219774446629
MYO3B,turquoise,0.0373997798158293
MIR99B,grey,0.240188357170141
DNM1P41,grey,0.208866815575901
CDH4,turquoise,0.379115227534336
C2CD4A,grey,-0.128464818146094
PCDHA5,grey,0.018684561268087
AQP8,turquoise,0.19507746148519
LOC153910,turquoise,0.327332229848278
NPW,turquoise,-0.0332917743756282
MIR548AP,blue,0.118102645727075
PCDHA10,grey,0.032142488485471
MESP2,turquoise,0.469584399180566
CXorf28,grey,0.307346262861063
SAP25,turquoise,0.077033902516079
SLCO2B1,yellow,0.511576187080248
MIR1304,blue,0.0744135038132825
LOC728175,turquoise,-0.205491654330372
NSUN5P2,turquoise,0.076180132144877
TBX1,turquoise,0.222934763634715
GPR171,brown,0.428924515735396
CELA2A,turquoise,-0.197803472930182
AKR1B15,turquoise,0.0295465868101695
ZEB2-AS1,grey,0.075488345608407
MIR4715,blue,-0.295312955862176
SNORD66,blue,-0.205510263202092
CRYM,yellow,0.406243027320071
LOC649352,blue,0.329963178241831
ATP6V1B1,yellow,0.466626498625374
MYL10,turquoise,0.47369722589344
RORB,turquoise,-0.0138247607450492
ITGAM,yellow,0.581900077089175
MIR5094,blue,0.0269489912308207
LRRC15,brown,0.794386396602524
WNT5A,brown,0.636783075894658
FCN2,grey,-0.258598781482985
CXCL13,turquoise,0.100510504917192
ACVRL1,yellow,0.364133201453093
ITGA8,turquoise,-0.0325620571779485
PLEKHD1,turquoise,0.312229393181182
AQP9,yellow,0.133530935239461
PCDHA11,turquoise,0.22481204789543
LOC285627,yellow,0.435863208160915
CCR8,grey,0.242902493614995
KIAA1210,turquoise,-0.0511405652470748
C1orf100,brown,0.603004263623804
PRR19,yellow,0.098228583385998
BREA2,grey,-0.0232417722259992
RGPD1,blue,-0.0622053943268624
GRM7,turquoise,0.280409421505925
PRR25,grey,-0.0497881332692068
PDGFB,yellow,0.396688914572503
HK3,yellow,0.363888332064448
MAGEC3,turquoise,0.151588022757738
STRA8,blue,0.17585841114708
LOC100133612,grey,0.177243976667358
HP07349,turquoise,-0.162071795894653
UBE2C,brown,0.445049614855035
NES,yellow,0.261840375881097
ENAM,turquoise,0.237843414553457
IL12RB1,turquoise,-0.196157661886775
NPTX1,turquoise,-0.000235471328946416
LOC442028,turquoise,0.0876498460219582
FAM47A,grey,0.101121573008451
AS3MT,grey,-0.105511415420833
SNORD114-30,blue,-0.156427753180227
VPREB3,grey,0.198549739747401
TDH,yellow,0.16561053899421
LRRC14B,grey,0.288479691406278
BTLA,turquoise,-0.0624368969834335
SNORD121B,blue,-0.250164604810303
LINC00035,grey,0.115516008492305
C7,grey,-0.0134597784275754
CHST13,brown,0.510743667520001
OR2A5,grey,0.0350718107118386
P2RY1,yellow,0.124779276517641
CXCL12,yellow,0.355872323745992
ART1,grey,0.160614202138943
KANK4,turquoise,0.239954610474535
UTY,grey,-0.244541746064345
TMC1,turquoise,0.0418956052205271
RP1-177G6.2,turquoise,-0.221851745269199
VGLL3,yellow,0.504311368057398
LINGO3,green,-0.660617098466192
POU5F1B,turquoise,0.163878389674155
CDK1,brown,0.61101834636821
FAM92B,turquoise,-0.288561388947039
SCARNA20,grey,-0.0126079056371095
LOC650226,blue,0.087717655136417
PRLR,grey,-0.328203757117373
DSCR6,turquoise,0.367158046267417
NPR3,brown,0.640458797167805
TSACC,brown,0.44273836972854
NANOG,turquoise,-0.267388293381596
OCM,turquoise,0.0617471124036703
CPSF4L,green,-0.457065009572071
SNORD78,blue,-0.302645625671928
AMPD1,turquoise,-0.217535135248895
MIR193B,blue,-0.32577569845692
SNORD15A,blue,-0.224949917794475
BEX2,green,-0.559828389528162
SCARNA6,blue,-0.150261909605786
SPATA32,grey,-0.0997734075917308
EPB42,turquoise,0.00847625772039014
MIR631,blue,0.032512463209999
MSLN,turquoise,-0.108287846621789
SPZ1,grey,0.129034484413351
KIF19,turquoise,-0.014331010364718
LOC100132891,brown,0.69800439973033
ERCC6L,blue,0.391839757664741
SNORA4,blue,-0.0912174209617989
MIR628,blue,-0.126777313594156
SLED1,blue,-0.0953766003460921
C3orf80,brown,0.586177530209093
APOD,turquoise,-0.549493966632427
IQGAP2,yellow,0.306964970996029
IFITM2,turquoise,0.0704670173468818
TRPV5,turquoise,0.129820366551603
SNORD114-20,blue,-0.22083486162015
MSH5-SAPCD1,blue,0.0791005820097013
MEIS3,yellow,0.513577523405152
MIR27A,green,-0.55212922903465
LOC574538,grey,0.0119473957047447
C10orf82,turquoise,-0.255503073022537
ICAM5,turquoise,-0.0258659566949706
CNTNAP3B,grey,0.00119452688141302
C3orf36,turquoise,-0.213579406917818
PODN,yellow,0.249744801604291
HTT-AS1,brown,0.213584146211496
DCLK1,yellow,0.506786206720236
KLHL30,turquoise,-0.0056006651842285
MACROD2-AS1,blue,0.19702343683825
SNORD116-22,blue,-0.229738013739996
LOC729739,blue,0.225366598644466
MOBP,turquoise,0.268884273768058
KCNN1,turquoise,0.0516933593941614
C12orf39,grey,0.0689628423795478
LOC100289511,blue,-0.349068341684615
TBR1,turquoise,0.324114257760257
MIR98,blue,-0.222866139689663
BOK-AS1,grey,0.129334111116694
C1orf227,brown,0.417935464047752
TNR,yellow,0.609830574798439
ELFN1,yellow,0.274382562951344
MIR4712,blue,-0.0326980912384312
FAM188B,grey,0.0432215279832221
PRSS36,grey,0.247716686053693
SNORA34,blue,-0.184377113829901
GPR116,grey,-0.0370931183708188
SNORD27,blue,-0.2694877121434
PRR4,grey,0.215047505645538
CBX2,turquoise,0.349247986110968
TNFRSF6B,grey,-0.15779507770304
MIR3193,grey,-0.177325835487284
SMIM16,grey,0.196392438966028
LINC00605,turquoise,0.1441746281539
RNF183,turquoise,-0.0653994598562626
VWA8-AS1,grey,0.102022780469068
EPHA6,turquoise,0.0654968019708399
COX6A2,turquoise,-0.131088334747101
TEX38,grey,0.280555625481499
RPS6KA2-IT1,blue,-0.141452672633848
F2R,yellow,-0.0774329895507815
LINC00158,grey,-0.0051694433480755
TTTY10,grey,-0.298601496930679
MT2A,turquoise,-0.0442144355156417
CTRB2,turquoise,-0.152459827215998
RBM20,green,-0.453559178378745
GBP1P1,grey,-0.150104647374788
LEFTY1,turquoise,0.149347972186669
OR2A25,grey,-0.240642376355922
VGF,grey,0.0446997491214004
TNFAIP6,brown,0.746562360974485
DACT2,yellow,0.18716604831093
SNORD12B,blue,-0.385880247211029
GDPD4,grey,-0.213196565430663
WNT7B,brown,0.587977042845076
CASKIN1,turquoise,0.0412299498562155
SLC44A4,turquoise,-0.271983911119052
HABP2,turquoise,0.101587921568804
KLF17,yellow,0.420854419094733
LOC339975,turquoise,0.15652627914176
SCARNA22,turquoise,0.18427823911418
SNORD70,green,-0.571705786745626
RD3L,grey,0.0330140988644518
MIR4637,blue,0.117250248282001
CALR3,grey,-0.0292083180258762
IFNA1,brown,0.481913615163637
CRIP1,turquoise,0.442378546374844
OR2H2,grey,-0.377675830451607
MIR4263,blue,-0.128780818668841
APOL4,turquoise,-0.0579803962823331
SNORA47,blue,-0.0485985972505211
SNORD65,blue,-0.0444466085309943
PTTG2,grey,-0.0394309344273183
ESRRB,turquoise,0.116327996401795
UPB1,grey,-0.0275113471711839
LNX1-AS1,blue,0.607456914894701
SNORD56B,blue,0.159861741704688
SNORD72,blue,-0.137368658461295
RPP21,turquoise,0.00291703233096266
SLC25A2,blue,0.0347238975218176
HNRNPH2,turquoise,-0.0818605973204691
RHPN1-AS1,turquoise,0.330552624316973
DEPDC4,blue,-0.204252186524378
HORMAD2,turquoise,0.204077570879985
MYEF2,yellow,0.444029708081067
FGF10,blue,0.182844388279054
HILPDA,green,-0.87626007785951
HSH2D,turquoise,-0.226142722203524
LOC643529,yellow,0.176578449759762
SERPINC1,turquoise,0.199675897952448
LOC399753,grey,0.262990603098475
SNORD16,blue,-0.204390410885342
STAG3L1,turquoise,0.0873417571745348
ST18,turquoise,0.425703341090623
CCDC88C,turquoise,0.193877782343935
FOSB,green,-0.642513485008487
PTTG3P,blue,0.224516670304383
CD28,yellow,0.433901741083282
SPINT4,blue,0.306497727533663
MT1F,turquoise,0.355195929230865
SNORA71D,blue,-0.198957363369616
SNORA58,blue,0.336186394574829
HTA,grey,0.0479389407847127
NPAS1,turquoise,-0.312527665334721
STC1,green,-0.520013817500628
LY6D,turquoise,0.564142720378138
GATA6,grey,-0.201133156711331
LOC100129316,turquoise,0.239237240764203
SNORA53,blue,-0.0910691772595119
CDK15,turquoise,-0.00520822102494797
EFCAB9,brown,0.329253251226152
CPZ,turquoise,0.518480064435856
FAM107A,turquoise,-0.0977840258438765
NBPF7,grey,0.105233251524795
TREM1,brown,0.763653558635963
ITGB2-AS1,turquoise,0.251385173121088
LOC643542,turquoise,-0.211779208330649
LOC100499484-C9ORF174,blue,0.0543399757102885
ACER1,grey,0.158162126062146
KCNH2,turquoise,0.539166395199953
GMFG,turquoise,0.536255292008783
OCLN,grey,0.241393229068439
RABL2A,turquoise,0.141538063631704
GLYATL1,brown,0.308319034081443
NLGN4Y,grey,-0.0831996890971617
SLCO5A1,turquoise,0.255534833036612
CYP4F24P,turquoise,-0.028770069790675
PI16,grey,-0.185608615363872
ANKRD29,yellow,-0.158568172141022
PSPN,grey,0.24468727256834
MIR612,blue,-0.403537511795139
LOC440894,grey,-0.0407073124650675
CSMD3,turquoise,0.194186693858542
HIST1H3A,blue,-0.367526165329877
SMIM6,blue,0.155471486581858
CASC5,brown,0.654632715471871
NDUFA3,turquoise,0.170546384069151
IFITM10,turquoise,0.194617566443923
FUT6,turquoise,-0.028528925827121
TLR10,turquoise,0.110186027394955
SNORD84,blue,-0.0937689865957075
EMX2,turquoise,0.0666213798547082
SNORD114-29,blue,0.131327065175711
ATF3,green,-0.801389150382747
PCDH17,green,-0.679670297833856
RCAN3AS,grey,0.0778452997803116
ACBD7,turquoise,0.161655721522147
HPN,green,-0.698773152987511
C10orf95,blue,-0.0631194701323414
EMX2OS,turquoise,0.157900811688702
LOC401980,turquoise,-0.0612850349325066
TP53AIP1,green,-0.388303012536856
NGFR,grey,-0.377007003161202
SNORD34,grey,-0.282754200425711
MZT2A,turquoise,0.0382134302298858
MSR1,yellow,0.556783028627733
RBP7,turquoise,-0.00478138470337038
GJC1,yellow,0.363594043662597
ALG1L2,turquoise,-0.126768021456073
FLJ41200,grey,0.102260694798896
MT1G,turquoise,0.449264517448443
CD180,yellow,0.028836942697135
LCP2,yellow,0.447073435410799
LBP,blue,0.13088539470063
RDH16,yellow,0.210944524343638
KIF23,brown,0.693393153065659
ABCA13,turquoise,0.434870696978331
DAB1,turquoise,0.187033784490935
TMEM74,grey,0.253379711647866
SCARNA11,blue,0.000464269991873951
PRRT4,turquoise,0.394029458979616
LPAR5,yellow,0.180188720494717
FITM1,turquoise,0.128865602629635
AGR2,turquoise,0.128008945525932
LOC100133331,turquoise,-0.231030124648006
SNORD26,blue,0.00306445336768145
KRT16,turquoise,-0.0195549672331649
FABP2,yellow,0.513928358819693
NGF,brown,0.553802633874835
LOC400940,brown,0.744214257488919
E2F7,turquoise,0.38176987225283
BLID,blue,0.411789738283345
SIGLEC1,turquoise,0.267219607555399
ITGAX,yellow,0.41922659160206
FGD3,turquoise,0.305912492438731
LOC643401,grey,0.207407190813318
FAM65B,grey,-0.204418230474538
FAM86B2,grey,-0.0371048687290084
CA8,green,-0.253862474484179
FAM90A2P,grey,0.142700212351349
IGF1,brown,0.372898121379156
ITGA4,yellow,0.334217886332691
ANKRD62P1-PARP4P3,turquoise,0.151478655990539
CDYL2,brown,0.614930268937768
SNORD28,blue,0.232193776953176
ACOT12,turquoise,-0.0949312320889171
SNORD52,blue,0.197098966684472
TDGF1,grey,0.151555862095783
POU6F2,turquoise,-0.195069160485834
SRM,turquoise,0.399851903115155
INPP5J,turquoise,-0.258103344500775
HLA-DRB1,yellow,0.500984951005535
MIR920,blue,0.135521606511937
PNLDC1,turquoise,0.349687293641211
SAMD10,turquoise,0.20376204742781
COL1A2,brown,0.733111856408647
IL4,turquoise,0.314744944158241
SMLR1,blue,0.432848922694278
PLSCR2,grey,-0.0580452944087401
AKR7A2P1,blue,-0.529471712108509
TAS2R3,blue,0.201232708718222
DDX3Y,grey,-0.280844132390758
TAL1,grey,-0.241643804110137
SNORD67,grey,-0.00580700750327573
FLJ42709,turquoise,0.227111472681692
MYOC,green,-0.601079608375035
PSORS1C1,turquoise,-0.101745265251291
C20orf144,green,-0.320223525475894
SNORD31,blue,-0.0109500730879136
STEAP4,blue,0.143642440669635
TMEM59L,yellow,0.694647577517887
SCG3,turquoise,0.432895270358517
CLIP3,turquoise,-0.0612199970311041
TNN,yellow,0.519478530917954
CDC42BPG,turquoise,-0.393787928107552
F12,turquoise,0.223728288282286
GSG1L,turquoise,0.146883740702455
CATSPERD,turquoise,-0.354566264126303
NPTX2,yellow,0.645495089260035
LOC158696,yellow,0.289779852765257
CYP2J2,turquoise,0.313185134952274
SNORD77,blue,-0.170767893393714
RASSF2,yellow,0.314421348101226
CMA1,brown,0.438416717166359
EYA2,turquoise,0.0804388111900095
GAP43,brown,0.5874074774375
OR1B1,grey,-0.0875877130797823
C1QB,yellow,0.545072658200135
DOCK10,brown,0.631919253439721
ANAPC1P1,turquoise,-0.122643233007605
ADAMTSL5,turquoise,0.550762235100103
TRPC6,turquoise,-0.0125742565773729
ASPN,brown,0.47386727147186
CHRNA7,grey,0.230963988914389
LCN2,turquoise,-0.102782444511555
CDKL4,blue,0.130921895427085
LOC100240735,grey,0.0601074838398084
LOC285889,turquoise,0.204069429990762
FUT9,turquoise,0.245898332072253
SPINK5,turquoise,0.093426585733377
CLDN5,green,-0.717798964921207
MIR5190,blue,0.176168791928411
MORN5,grey,0.0222615356917205
IKZF1,yellow,0.346660106323239
TEX29,grey,-0.118975805011408
HIGD1B,grey,-0.0476656315216603
TRIM31,green,-0.451077055572774
HIST1H2BG,blue,-0.479561489947721
KCNK2,brown,0.396275156090725
CCDC129,brown,0.476740881475753
OR52W1,blue,0.297010231305645
RNU86,blue,-0.23210671361969
MSMP,blue,-0.314634542309767
ARRDC3-AS1,blue,-0.346529263945971
SLPI,turquoise,0.178895106557336
PAQR5,turquoise,0.529023200002428
MT1M,turquoise,-0.0527536362891967
PARP15,brown,0.721916657959793
MIR101-1,blue,-0.122452054963133
HIST1H3I,blue,0.102283097766322
FMO2,yellow,0.164062815373373
CDH11,blue,0.491780077011351
LOC143666,green,-0.859303052350544
LRRC32,yellow,0.121250715044399
IHH,turquoise,0.220965786025654
MIR3622B,blue,0.0629570036297109
SNORD116-21,blue,-0.211097584786701
MTVR2,grey,-0.173192708357753
NWD1,turquoise,-0.191588269964874
RND1,green,-0.691933447720888
FAM159B,turquoise,0.34671956191053
R3HDML,brown,0.45994838527916
LOC389705,grey,0.317741823504547
SLC29A4,turquoise,0.379554569437796
SEZ6L2,brown,0.657345877283064
PALM3,turquoise,0.306498716747778
RGS1,yellow,0.200902979123074
PKLR,turquoise,-0.329702016051094
UCN2,turquoise,0.18050493237474
BARHL1,grey,0.193565709112782
WFDC2,turquoise,-0.116907116366391
KIAA0319,turquoise,0.162844534641552
LINGO1,turquoise,0.338604963007861
STAU2-AS1,brown,0.504725188271441
TIMP1,turquoise,0.368347072461997
ROPN1L,turquoise,0.190062045686987
FAM83F,grey,0.0804249553495706
OOEP,grey,0.209213280639817
ACTL6B,turquoise,0.173055992822046
NCKAP5,turquoise,0.247381455795916
SLC5A11,turquoise,0.00966424996330347
TPTEP1,grey,0.331597418743113
HOTAIR,turquoise,-0.0156723918740279
CALN1,turquoise,0.118782336765376
SNAP25,turquoise,0.288458659493068
TNMD,blue,0.0244740908735501
FLJ14186,turquoise,0.0302860312143562
LOC649133,green,-0.497940016112372
THY1,brown,0.779355611795689
SNORD116-13,blue,0.0512363098282522
CORT,grey,0.32155544326529
PRKCB,turquoise,0.0940417783057865
ART5,turquoise,-0.00284241330455639
ATN1,turquoise,-0.0910960665955312
C4BPB,turquoise,0.315980179286703
ARNT2,yellow,0.381030231336593
CHI3L2,brown,0.695202694228934
SEMA3G,turquoise,0.0155834943217252
AVPR1A,green,-0.606448400310825
S100A9,grey,0.115006945099511
TPPP2,turquoise,-0.155290421479273
CFI,brown,0.896272443841354
SCARNA9L,blue,-0.335012613739734
TCAP,turquoise,-0.0642859943924712
MIR5586,blue,-0.167377337972841
WASH1,turquoise,0.0814540071906655
FAM22A,blue,0.402284550084645
CYP3A7-CYP3AP1,blue,0.248035854783275
VSX1,turquoise,-0.141208134598698
YJEFN3,turquoise,0.244724195378756
SPOCK3,grey,-0.249674574589042
AQP5,turquoise,0.0591654765377513
SNORD97,blue,-0.176130074746314
LPO,turquoise,-0.0246533091341874
TMEM134,turquoise,0.0010468414187896
HSPA12B,yellow,0.322921912032112
PTGER3,brown,0.604455075755173
SNORD10,blue,-0.233515829936816
BUB1,brown,0.615286622336854
CCKBR,turquoise,0.124167982839042
SCN3A,turquoise,-0.12674679596886
TCTE1,turquoise,-0.488702829685136
ACY1,grey,0.117150595946278
ADAMTS12,yellow,0.38359332590181
KCNS3,brown,0.708744758008491
SHC4,brown,0.733620328659204
IGLON5,turquoise,0.0275397180770193
HECW2,yellow,0.4938426002682
HIST1H1E,blue,-0.473992384675229
MMP11,brown,0.662709443587975
RYR2,turquoise,0.432744116130772
MT1P2,grey,-0.0704153310897393
MIR421,blue,0.135908058737888
NRTN,turquoise,0.139993665666078
SLFN12,blue,0.401042646374041
MRVI1-AS1,grey,-0.101294345548968
ZAR1,grey,0.254688001085671
PRSS23,brown,0.735343844428612
TCTEX1D1,grey,0.112336680394833
SEPT5,grey,0.109457234393634
RRM2,brown,0.628682462984003
MIR4729,grey,-0.0644318154405945
FKBP9L,turquoise,-0.0785190348278536
MAFF,green,-0.939605719724238
GABBR2,turquoise,0.00840221667447942
CXCL14,turquoise,0.475476285440326
ARGFXP2,blue,0.392616644753977
CCDC144NL,turquoise,0.232228289820636
TUBA3E,blue,0.142334627651572
SCARNA2,blue,-0.168793514366428
TCTEX1D4,green,-0.649232456929474
GALNTL6,turquoise,0.181073658307935
RUNX1-IT1,brown,0.661801879812999
TUBB3,brown,0.739265013119301
INGX,grey,-0.401198056240575
C18orf56,grey,0.00318768682226447
SNORD116-18,blue,0.171900593677849
PTGDS,grey,-0.149612159195126
MEX3B,yellow,0.505104100372857
DEFB1,turquoise,0.0662778962607793
C8orf44-SGK3,grey,0.0737882820168501
ROBO4,yellow,0.235288566065725
FGF7,brown,0.383362710843513
C9orf89,turquoise,0.0516725361675686
EMB,yellow,0.415669772403457
OPTC,green,-0.787002054436907
GADD45B,green,-0.865585632272192
MIR4784,grey,0.092248995950606
ZNF575,turquoise,0.140860262055171
SLC25A52,grey,0.107759972352822
FLJ46906,turquoise,0.481301014472318
PCDH18,brown,0.477660837667277
TMEM258,turquoise,0.073717232417946
WAS,turquoise,0.0172917732126781
C1orf170,turquoise,0.103997411456172
C11orf96,turquoise,-0.327914355470285
IGFBP3,brown,0.699097774898319
MGC34796,grey,-0.135099017344521
FPGT-TNNI3K,grey,-0.145450674759553
C2orf50,green,-0.46069015058739
DEC1,brown,0.625804415895885
SELPLG,yellow,0.353416733391967
HIST1H1B,blue,0.199977367482462
MIR635,blue,0.406667346678771
SERPINA4,grey,-0.155162276569477
SPATA4,turquoise,0.168200153683005
NOTUM,turquoise,0.118689089911685
IFITM3,turquoise,0.137926206144072
GPR98,turquoise,0.0554435394782951
FLT3LG,turquoise,0.00446659483342741
SLCO2A1,green,-0.659306028328271
LOC254559,turquoise,0.235457101527146
HMGN5,turquoise,0.128098345272351
FRAS1,turquoise,-0.267341284283052
PCSK9,turquoise,0.608730770213751
CYP4F12,turquoise,-0.219165535844332
SLC35F4,grey,0.0638463822809043
LOC151174,grey,0.244048546728119
DEPDC1,yellow,0.649008595516747
LINC00116,turquoise,0.236934981949947
RASAL3,turquoise,0.0074446396485791
ESCO2,yellow,0.31940581698598
IL20RA,green,-0.431169548009098
NUPR1L,turquoise,0.0197960931818838
LRRC3C,turquoise,-0.222841584477172
CLCNKA,grey,-0.0801666970285442
PROZ,yellow,0.638386499137452
IQCJ,brown,0.296643440575302
SUSD4,turquoise,0.0993745774060435
KCNJ1,turquoise,0.346959655792107
CD36,yellow,0.216012960856524
HIST1H1D,blue,-0.574653531912174
PPP2R2B,grey,-0.264062741211528
C2orf61,turquoise,0.301824512104407
LINC00552,turquoise,0.19567565901575
IRX3,yellow,0.350653047581307
PRRT1,turquoise,-0.0593370086959047
SCARNA10,blue,-0.189277782045331
NPAP1,turquoise,0.385353707748198
HLA-DQB1,turquoise,0.150506462064441
MIR663B,blue,-0.0778032031450978
LTF,grey,-0.00255393962754646
PVRL4,brown,0.61361258287187
MTRNR2L3,blue,-0.17348117839543
LOC100287177,grey,-0.262667967710121
CD248,yellow,0.293221703482928
C9orf84,blue,0.152662871075466
HIST1H4C,blue,-0.138516697368839
SKA1,turquoise,0.501890369411546
HID1,turquoise,-0.381456138496426
SFRP2,turquoise,0.0589761631590848
SNORA19,blue,0.170021555880497
ZNF534,grey,-0.0287551431006631
GPR158,yellow,0.463257081343082
LOC286467,grey,0.129961742407203
CFD,turquoise,-0.0180667589709176
CHCHD10,turquoise,0.175466764875356
ANKRD20A12P,brown,0.400039114788589
S100A11,turquoise,0.292206757463229
SNORD104,turquoise,-0.166439255094025
CCL2,turquoise,0.0536275290263214
MIR221,turquoise,0.162826801587288
C15orf48,yellow,0.576822434527483
C1QTNF4,turquoise,-0.059407291887217
SFRP4,brown,0.670802167893981
FLNC,yellow,0.304240732560608
OLFML2A,yellow,0.225639299784936
HIST2H2AB,blue,-0.442614250293738
BSN-AS2,turquoise,0.178841203063895
HHLA3,turquoise,0.102908106243406
CDCP1,turquoise,0.335892230026832
CACNA1C-IT3,blue,0.251624443912784
IKZF3,turquoise,-0.13439161324313
AGAP4,turquoise,-0.14341996084217
MIR3619,grey,-0.249727051506173
KCNQ4,turquoise,0.32240023109974
ANKRD1,turquoise,0.33128503951141
FLJ34208,grey,-0.163269492553075
VKORC1,turquoise,0.227298237299582
FAM90A25P,grey,0.104415924816579
GOLGA8T,grey,0.0619848837624946
SPTSSB,brown,0.584826019395592
PTGES3L,turquoise,0.32763278519477
DIO2,brown,0.767671093920562
FAM163B,grey,-0.283306221245457
SLC28A3,turquoise,0.192407071650795
ATP8B5P,turquoise,0.0166445004359984
TEPP,turquoise,-0.087565240212623
LOC285696,turquoise,0.130806954073221
LOC100133286,grey,-0.245057257260663
MAB21L3,green,-0.617050056454542
FCRLB,turquoise,0.338443005400841
PPDPF,turquoise,0.053696577707974
SCARNA5,blue,-0.166751359935041
C4BPA,blue,0.519670793932702
SNRPG,turquoise,0.130919002723506
LINC00184,turquoise,0.0507587383665125
MIR548AE2,blue,0.264520925791218
NPR1,turquoise,-0.272125420884552
LINC00853,turquoise,0.436598702145751
SOD3,turquoise,-0.159792937345693
FAM106A,blue,-0.0696368721852965
LOC441666,brown,0.595217249225916
CTNNA2,turquoise,0.208249147649835
PEAR1,turquoise,-0.12199619479985
IFNE,brown,0.760607424622686
PRB4,blue,0.0780892607270671
DPF3,grey,0.0533399860403498
CISH,green,-0.871555233580222
SH2D7,yellow,0.318700182288138
LCP1,yellow,0.303342512085929
CCBE1,yellow,0.372630594210476
PTPRB,turquoise,-0.21101571920099
GYPB,grey,0.27463614679287
LOC100652770,yellow,0.263896753547954
OR2D2,blue,0.147912257466995
OPA1-AS1,blue,-0.0320708032489067
LOC100131551,green,-0.494215521245577
RPL41,turquoise,-0.261754138110381
RSPO2,blue,0.595042026342679
GAS2L3,brown,0.45416927457136
C1orf53,turquoise,0.470759454311413
MIR4480,blue,-0.0589158062452939
ATRNL1,brown,0.487229154025406
RNF222,yellow,0.339381945901792
NOTCH3,brown,0.664314751843102
C7orf76,green,-0.277604344307023
PNPLA3,grey,-0.0673616729094888
ASAP1-IT1,blue,-0.0170628580667489
DNAAF1,turquoise,-0.0545213424282495
RPSAP52,brown,0.652961853299106
FAT3,brown,0.587554968477485
RNU6-19,blue,0.290002767566451
ANKRD36BP1,blue,-0.0587007513498057
MT1H,turquoise,0.380990664525323
C10orf90,brown,0.3522396784869
P2RY12,yellow,0.140129024670602
ADARB2,grey,0.115976859538817
TCF7L1,turquoise,-0.193095828416506
VEGFC,blue,0.426180641591204
TAS2R40,brown,0.203562853263042
LINC00691,grey,0.207355063628908
TMEM54,turquoise,0.358847428753681
LIF,blue,-0.512597843598814
RBMXL2,turquoise,-0.0721477075664501
NRAP,turquoise,-0.224265653313565
SPOCK1,brown,0.860948778694094
SNHG8,turquoise,-0.290478481099544
DRD4,turquoise,-0.115108927747537
SIK1,green,-0.768142948533851
MEPE,turquoise,0.0645596639148626
AGAP8,grey,0.0360801165984835
BCL11A,turquoise,0.030201719656916
PLAU,yellow,0.483160742126002
SLC38A11,grey,0.0832889718056428
TAS2R13,blue,0.268843339319064
HRH3,turquoise,0.170007761734733
MIRLET7D,blue,0.100665486931158
RNF138P1,blue,-0.109848745253846
DLL4,turquoise,-0.382830554992837
CLRN1,turquoise,0.264873917618416
TNNI2,turquoise,0.574459890620484
FAM166A,green,-0.773128637382037
JUN,green,-0.851701801419765
UBALD1,turquoise,0.0202778401014646
HIST1H2AE,blue,-0.294960836570557
C6orf123,turquoise,-0.511809728950156
PLSCR3,grey,-0.0428464148730422
ADAM21P1,grey,0.0918651871731582
PTPRN2,turquoise,0.00498984505676643
LILRA6,yellow,0.286065876861773
TFPI2,brown,0.566431045618444
SNORD116-14,blue,0.15444421344958
HCST,turquoise,0.230700373722345
ERBB4,turquoise,-0.135704312876534
PRH1,turquoise,0.244805219112775
FLRT2,brown,0.622373860225132
IFIT1B,turquoise,0.348173012801257
MYL7,turquoise,-0.117050703438549
MTL5,turquoise,0.0329220872774354
FAP,brown,0.761753510131804
CAMK2N2,brown,0.376506923119436
TGFBR3L,turquoise,-0.252318144634415
UGCG,blue,-0.179196256993142
OR10A2,blue,-0.00740959303986331
KCNK3,turquoise,-0.0376676740585528
COX6B2,grey,0.102485764901587
SEZ6L,turquoise,0.298699201504858
CHODL,grey,-0.0467658209153127
TAS2R19,blue,0.16125811814874
PROX1,turquoise,-0.337950841054657
CSRNP1,green,-0.764410426098192
C2orf82,turquoise,0.060975109734784
PLK4,brown,0.506187012028241
NLRP3,yellow,0.296855315104365
PRDM1,yellow,0.260392039588112
PRSS16,turquoise,-0.0693551888557045
PHACTR3,yellow,0.792319364173702
SNORD2,blue,0.0368195189899116
MATN4,turquoise,0.176587746620672
WNT9A,blue,-0.297403156713391
RASD2,turquoise,-0.099909517640118
HERC2P3,grey,-0.0549978308401363
LOC100506795,green,-0.391101249787438
KCNE2,turquoise,-0.0703321592296806
APOE,turquoise,0.329994179020153
CTSC,brown,0.764451672893626
SOX13,green,-0.701050301839331
TMEM171,turquoise,-0.397402868149074
FBXW10,turquoise,0.090465606897872
EN1,turquoise,0.487692499756327
RPS29,turquoise,0.0273104238241541
LTK,turquoise,0.406825906658148
LOC643406,turquoise,0.147454898920286
IL21R,yellow,0.556461275030795
TM6SF2,turquoise,0.295506407105948
COL8A1,brown,0.601808798417758
MIR1284,blue,0.116273052606338
LPPR4,turquoise,0.25902660309803
LONRF3,green,-0.776153508931933
PNCK,turquoise,-0.199720505476072
CEBPD,turquoise,-0.395365347825974
C11orf93,turquoise,-0.0671263326701082
ESAM,turquoise,-0.00805357621499706
CDKL2,grey,-0.0788753942751769
ABCG1,grey,-0.321040841470246
GRIK1-AS2,brown,0.445365243827245
HIST2H3D,blue,-0.0314709797895345
SNORD29,blue,-0.244881340267237
TAX1BP3,grey,0.0900818024314385
MEOX1,yellow,0.446171757292784
WFIKKN2,turquoise,-0.223938228981783
ADAMTS14,brown,0.750568328062457
CBX8,yellow,0.572979664222632
INHBB,yellow,0.22010318181338
FAM102B,blue,0.219372567058444
IL10RA,yellow,-0.0782082108009641
A2ML1,turquoise,0.0371477501945323
CCDC144A,blue,-0.247733865370181
CAPN8,turquoise,-0.158857786606426
OSTCP1,yellow,0.0998780742952177
ACSL6,turquoise,0.154858396390803
FHAD1,turquoise,0.336121795037708
ADH4,grey,0.288134548195989
AFAP1L1,yellow,0.448233855265703
LOC100506810,grey,-0.23253130397021
ASPA,turquoise,0.31303969483573
HSD17B14,turquoise,-0.283493939079849
SCHIP1,blue,0.183238977234593
DMBT1,brown,0.730093980187234
C6orf226,turquoise,0.014651922535968
RNF208,turquoise,0.0865847564840453
SNORD116-12,blue,-0.0504347830205738
CENPI,brown,0.386345427437229
TRIM67,turquoise,0.321533571265296
ARTN,grey,0.239444534877939
HLA-DQA1,yellow,0.308362733458358
LOC730227,green,-0.600397286146184
GABRB3,turquoise,0.248029498554505
LPL,yellow,0.159879596640216
KIAA1239,turquoise,-0.0426553047796535
LINC00273,blue,-0.121403795319789
SNORA63,blue,-0.0791821277872723
FBN1,blue,0.212383691974443
IBSP,turquoise,-0.00836602204191853
LOC339529,grey,-0.387248431322335
ATP2B3,turquoise,-0.286397774148981
BRE-AS1,green,-0.584052249543644
PMAIP1,blue,0.267136853835068
CBFA2T3,turquoise,-0.143121579330989
FOSL1,green,-0.677000456556752
SLC10A6,grey,-0.188242534638703
TTC34,turquoise,0.169930326446099
KRT12,turquoise,0.177976254314898
LOC100133050,blue,0.14775257128105
MIR423,blue,-0.267575797883502
SPI1,yellow,0.317438562263375
LIN7B,turquoise,0.174352041395766
COL3A1,brown,0.684637877693315
CNBD2,grey,0.0687014188505626
ATP1A2,turquoise,-0.0788633612081796
BAI2,turquoise,0.24223099095102
C1orf116,turquoise,-0.185461169671268
LHFPL3,brown,0.285965467627827
GNAT2,blue,0.244607294015752
CALCA,grey,-0.350426700825228
SSTR5-AS1,turquoise,-0.217428305770674
CD93,yellow,0.029334920079072
FAM225A,brown,0.613832348964984
IRF4,green,-0.554125855824751
MIR5690,green,-0.441624157211169
RSPO3,blue,0.032687143252395
SCARNA12,blue,-0.190758881157455
C4orf26,turquoise,-0.0207873580334216
OR2AE1,grey,0.0201073342094023
EFNB3,yellow,0.624544334737499
HLA-DRB5,yellow,0.309890437766979
FGF14-IT1,blue,0.032171542938592
WIF1,turquoise,0.291090870689671
PIM1,blue,-0.520736637023871
MROH7,grey,-0.331481600616956
MIR3679,blue,0.0343786411008051
SAMD13,brown,0.60954266220243
LINC00637,turquoise,-0.151012282670267
CDKN1A,green,-0.819368232865159
FLJ35946,grey,0.191524481449435
MT1X,turquoise,-0.359644710543365
FAXC,turquoise,0.278573281415288
CAPN6,grey,-0.146925409026282
ALOX5,yellow,0.465604076271731
SNORD113-1,blue,-0.0089122016404361
F7,turquoise,0.443914816381314
S100A4,brown,0.636548685969143
MMP14,blue,0.154781471987791
HLA-DOB,turquoise,-0.253104986246767
LINC00565,grey,-0.104954662824496
TFAP2A,turquoise,0.0638485697713416
FKSG29,blue,-0.108712400917555
P2RX1,turquoise,-0.0155739285215066
RP1L1,turquoise,0.00601181220706702
ANPEP,brown,0.665764851006658
LOC100131289,turquoise,-0.0728062802773242
AKAP14,turquoise,0.110382804770481
LIN28A,yellow,0.0039924834812237
RNASE13,turquoise,-0.0228036043185349
LINC00323,turquoise,-0.2479700545862
PPP1R1A,turquoise,-0.345845630329498
HIST1H1C,blue,-0.467667968801974
LINC00162,grey,-0.110251730329137
DOC2GP,blue,0.125909549953707
RBM24,green,-0.630628349707057
HIST1H3D,blue,-0.331744311140985
MIR215,blue,-0.0685588932103986
DIO3,grey,0.156527400892525
C11orf45,yellow,0.342567507577428
GPR89B,grey,0.00768769887861143
FGF9,brown,0.615820172818439
DAPP1,turquoise,0.170969964018181
GOLGA6L9,blue,-0.0756735282270023
NAP1L6,brown,0.444062940627432
CMTM8,turquoise,-0.0188404445435766
SNX29P1,blue,0.0573157717458678
SNORA16B,blue,0.0682139327007565
NFE2L3,blue,-0.230753339557364
MATN3,brown,0.531279243622023
MMP12,blue,-0.021059592659236
UCHL1,yellow,0.430051632413137
DNER,brown,0.498600381420215
DNAH3,turquoise,0.282856101760006
GPR128,brown,0.628187653185694
MIR3648,blue,0.000997296862957891
NCALD,brown,0.394079526013422
DPYSL4,grey,0.172416811154295
MMP3,blue,0.0657214215688991
MIR4482-1,grey,0.0667305581584951
TTC9,brown,0.743466939194765
C6orf223,green,-0.536094906890373
SLC1A3,yellow,0.0759749773482877
CCL19,turquoise,0.178727966465862
SNORD4A,blue,0.0562314589889304
LOC100128675,turquoise,-0.239789870822285
CD209,yellow,0.192651262525454
LINC00640,turquoise,0.0656561121575793
MARCKS,brown,0.468937757813699
PRR24,turquoise,-0.173251147774068
FAM132A,turquoise,-0.277601442163383
NPC1L1,turquoise,-0.121894540231056
PNPLA2,turquoise,-0.240738501533623
IL31RA,brown,0.622507802057917
ENPP5,turquoise,-0.0769954574778965
PTPRO,yellow,0.347621977825058
PPP5D1,turquoise,0.00397188227854452
TIAF1,blue,-0.15588715826413
MAP1LC3C,grey,-0.0313868420701459
COL6A4P2,turquoise,-0.0359083822104861
A1BG-AS1,grey,-0.0536915309602713
MT1JP,turquoise,-0.0187609700364349
UCN,turquoise,-0.00199164834267659
EFCAB4A,turquoise,-0.126612449152535
PRR15L,blue,0.24245078200688
TTTY14,grey,-0.204839605557069
LAMA3,grey,-0.183771264593506
LYZ,yellow,0.460223007663714
GPC4,brown,0.514849308696877
HMGA2,yellow,0.731029115576528
HEATR3,blue,0.219338310035954
FAM27A,blue,-0.200222689059381
MIR99A,blue,0.0655483329745921
HPSE2,grey,0.127020042228009
PCK1,green,-0.538676069123236
EMCN,yellow,0.282659468642583
STX16-NPEPL1,brown,0.448511889689664
SLC5A3,blue,-0.196555072555623
FAM167B,turquoise,-0.178204168325043
CCL21,grey,-0.0589702301306112
SEMA3C,brown,0.66021790820481
DACH1,turquoise,0.492880886833652
SP7,yellow,0.399230031869676
GGT5,grey,-0.0460684112877336
C20orf26,turquoise,-0.0179469066422377
MCM10,yellow,0.365482623766166
HTRA1,brown,0.800153380307931
CDKN2B-AS1,blue,0.276253005620311
MIR5699,blue,-0.257686990383833
RNU6ATAC,green,-0.384514827870478
OLFM2,yellow,0.54378268317741
LSMD1,turquoise,0.0479791460111341
FAM156A,turquoise,-0.26742443915425
KIAA1683,green,-0.734327826355132
NPDC1,turquoise,0.185546808158729
FRMD6,blue,0.307827990401492
FEZF1-AS1,grey,-0.168534890341971
LOC392196,blue,0.295296763829366
SCGB2B3P,blue,0.124768389090706
LRRC8C,brown,0.543753251405139
CACNA1G,turquoise,0.301240303608196
DUOXA1,turquoise,0.354807294009356
SNORD82,blue,-0.45318241282741
PRPS1L1,blue,0.0159506989359471
TYROBP,yellow,0.566424095154728
ZNF580,turquoise,-0.145570187754485
SESN2,green,-0.876375489869314
MIR3687,blue,0.0178461489992222
SDPR,turquoise,0.108354693788924
CYTL1,turquoise,-0.445305271314518
OR10AD1,blue,-0.247597964738257
UQCRQ,turquoise,0.156656043097516
PHF21B,turquoise,0.0144416584127356
HIST1H2AL,grey,0.0648421613074303
FGF17,turquoise,-0.0383347626193685
ANGPTL4,green,-0.75339288630605
FAM131C,grey,-0.301853302975264
ISM1-AS1,brown,0.731393726337113
PDGFRA,blue,0.141281053864384
ACTL7A,grey,-0.00224441294770711
GPR22,blue,0.0445153571866123
BTG2,green,-0.739439142236392
SNORD114-4,blue,-0.265929688852037
ANGPT1,yellow,0.402420798183037
TPI1P3,blue,0.501529069852098
PDLIM1,yellow,0.505329628539614
DKK1,brown,0.470298361725675
RNF181,turquoise,-0.0339477930990636
PATE4,grey,-0.0158049418276048
SCNN1A,green,-0.478797091462519
RGS13,grey,0.184795825902294
LINC00265,turquoise,0.323730065651145
KCNJ2,turquoise,0.530696966795301
KIF20A,brown,0.640030819707767
C9orf139,turquoise,0.392325466662895
PLN,blue,-0.149520933821692
IL17REL,green,-0.459700832614787
RAB27B,brown,0.567608511580529
TNFRSF10C,blue,0.0297241214843653
CACNA1F,turquoise,-0.000259745253852788
GLTPD2,blue,-0.314168201576217
STC2,green,-0.733011885664612
SIRT4,grey,0.407330051118153
C17orf82,green,-0.485284266753964
RARRES1,brown,0.567931284408357
CYP2A7,grey,0.136803722789912
SNORD113-4,blue,-0.208218257261339
TSNAX-DISC1,blue,-0.174962407246296
SPIN2A,grey,0.385498915689923
GFRA2,brown,0.672938079573813
CECR6,turquoise,-0.124282717391277
CST3,turquoise,0.2132285891768
LDHC,green,-0.515957281531955
LOC100129055,blue,-0.165823902905358
OAS2,yellow,0.339171482323865
ADM2,turquoise,0.394305109473499
MYBPC3,turquoise,0.305839969798243
HIST2H2BC,green,-0.300026193388469
ANLN,brown,0.691282641152117
RGS9BP,green,-0.368492876340679
RPL13AP6,blue,-0.30414721190121
ART3,grey,0.147398029789678
PPP1R14C,brown,0.639702947965285
SNORA20,blue,-0.203765406392469
CLIC5,yellow,0.236023751400029
CXorf58,grey,-0.0822359098581268
NDC80,yellow,0.403835729739491
SNORD32A,blue,-0.240699372987165
PLCXD3,grey,0.189618592586998
FAM83B,yellow,0.318536435067076
DHRS13,green,-0.883722813827264
CLIC3,turquoise,0.48043211850205
SNORA74B,blue,-0.133691825657615
FAM19A1,grey,0.263142144331582
GADD45G,turquoise,-0.232444246712698
TEK,yellow,0.245261524715004
HEATR8-TTC4,blue,-0.0234753673621639
CDCA2,brown,0.299189728890523
KIT,green,-0.710730673204359
C19orf77,turquoise,-0.297781192638309
GIPC3,grey,0.188532006824284
ARRB2,turquoise,0.179571317075455
NCMAP,green,-0.372163096635207
PLCL1,grey,-0.0378514958816815
DGAT2L6,blue,0.0555782647017375
TRAPPC1,turquoise,0.500241867159528
SNORD45B,blue,0.107578310938955
PRIMA1,turquoise,-0.197237570776527
MASP1,turquoise,0.146030254948239
SNORA70G,blue,-0.210285558179031
BAI3,green,-0.326093491970594
ACSM1,turquoise,-0.117254384366875
MIR645,grey,0.00379019207914513
MIRLET7G,grey,-0.0863493468649402
SNORD19,blue,0.0350100338114942
PREX2,brown,0.804618871291489
TRPM8,brown,0.518287456431126
POLR2J,turquoise,0.199655399752582
PRB2,grey,0.11223539569753
POU5F2,blue,0.130444869022031
SERPINE1,brown,0.38426631435336
LOC284757,brown,0.480686186647667
HOXD13,grey,-0.325494235785274
PLK2,green,-0.559097108538176
CASP1,blue,0.230619783822886
KCNN4,yellow,0.706821223328389
LTB,turquoise,0.036532710370883
U2AF1L4,turquoise,-0.0945348520415032
MINOS1P1,blue,0.048862162489975
NPIP,turquoise,0.0157439261203099
ADAMTS8,turquoise,0.334463095897351
LINC00582,blue,-0.0659448477395254
GJA1,blue,0.314690759579784
ST8SIA4,yellow,0.309960756817484
GIMAP6,yellow,0.1211316859144
SP140,turquoise,0.101600779259345
SKA3,brown,0.497876940920738
GRIK1,brown,0.532515308946098
PRKAR2B,blue,0.14556276899884
RNU12,blue,-0.498433922420857
CADM3,turquoise,0.120993332766255
MRPL55,turquoise,-0.170215437046234
SNORA1,blue,0.124115231550704
CD300C,brown,0.696877091683554
C6orf10,grey,0.0911126625412352
PLAC9,turquoise,0.178847408499823
ERVFRD-1,blue,0.243819026155716
NMUR1,turquoise,0.196911985429927
FBN2,brown,0.515144090548513
MEG8,blue,-0.130830552330478
MTRNR2L1,grey,-0.107532900346207
LOC100131257,turquoise,0.337765955200528
ITGB8,brown,0.602261659327586
RPS2,turquoise,0.0215218012177718
OXT,turquoise,-0.0393660809787708
FAT1,blue,0.0698823271413567
MIR125B1,blue,0.185783221185951
POU2AF1,turquoise,0.0686944410547679
ZNF460,blue,-0.210074149168748
RPS21,turquoise,-0.117494026919957
VN1R5,blue,-0.122694818615005
SNORA77,blue,0.213820476581622
IGF2,turquoise,0.439204747250128
FAM91A2,grey,-0.309821253098146
SHISA9,turquoise,0.433280653769482
ILDR2,turquoise,0.335754056257533
THEMIS2,brown,0.708572941576429
SGCG,yellow,0.435552406196427
RNU11,green,-0.52940983240483
TMEM2,blue,0.10822461660604
LOC399744,turquoise,-0.0275965924134556
LOC643669,turquoise,-0.013411789971179
NEK2,yellow,0.39219237612043
SNORD33,grey,-0.10749806872217
CDC45,turquoise,0.438998535739245
RNU5F-1,blue,-0.131010715786748
LOXL3,blue,0.223061150632197
AURKB,yellow,0.510312172099184
ADAMTSL2,grey,-0.496621714560195
SLC24A2,grey,0.184728805161847
DDX39B,grey,0.0349086818563683
GPR124,brown,0.730658021585851
RPS10,turquoise,-0.0216225121672634
PGBD5,turquoise,0.313827006652266
ICOSLG,blue,-0.105433213926857
CDK2AP2,turquoise,-0.381964802027651
SPATS1,turquoise,0.164163670901393
AURKC,turquoise,0.0200692191421888
SNORD15B,blue,0.010572142648566
FAM180B,turquoise,0.0788260752546802
MIR23B,blue,0.221204781318144
SRCIN1,grey,-0.358808191568805
EPX,yellow,0.346717692103067
LOC100505624,blue,0.0880470466964003
TSHZ2,yellow,0.325667868288474
SLC22A11,grey,0.0196804111428891
TSPAN10,turquoise,0.136625389505364
MIR604,blue,-0.35827492973354
TAS2R43,blue,-0.241299353261269
C19orf35,green,-0.79191475408875
INSM2,blue,0.108386487510712
SOAT2,turquoise,0.154680131705997
ANKRD30BP3,brown,0.465636916985921
PCDH9-AS2,blue,0.000880511320275786
CHRFAM7A,blue,-0.00764516985193717
MAP3K15,turquoise,0.0326908822011405
MIR24-2,green,-0.461791838462966
SEMA3D,blue,0.341543376433712
POLQ,brown,0.610789176631455
SYT13,brown,0.500217136266864
ZDHHC19,turquoise,-0.222071858020208
SLCO4A1,grey,-0.374961402642512
TBC1D26,turquoise,0.102771552995042
SYNPO2,yellow,-0.00809568741703411
OR1L6,grey,-0.40616463430249
GRHL1,grey,-0.281347600156415
TOB1,green,-0.826367895542725
HAR1B,turquoise,0.0749649718288011
NPEPL1,grey,0.29625221854065
ZFAS1,turquoise,-0.266347932726308
LOC100507424,turquoise,0.146489490426243
SNAP91,turquoise,-0.254706970030705
SNORA23,blue,-0.103666448857601
LOC645166,turquoise,0.25535384020472
PDK4,green,-0.50989798244011
LSM7,turquoise,0.318731264999768
TMSB4Y,grey,-0.176268788685876
SLC6A16,green,-0.64078137287287
VGLL4,blue,-0.398957263733952
SCN2A,turquoise,0.0360852637152319
SYCE1L,turquoise,-0.05222102172345
IMPG1,brown,0.533323054995945
ITPRIP,green,-0.793186473319488
DTL,brown,0.45096730556876
TRIM58,turquoise,0.107872328071976
LPAL2,brown,0.708498508771155
HK2,green,-0.833206460241661
SNCAIP,yellow,0.319532585466287
ATP6V1A,blue,0.210395357822485
VEGFA,green,-0.812007927447368
PTPN5,turquoise,0.210650354975314
CKMT2,blue,0.391038749800166
ZNF724P,blue,0.11932356833765
MYH16,grey,0.0190626574108382
CCL20,grey,0.115017862667004
CX3CR1,turquoise,0.366839389285368
DDIT4L,blue,-0.414797942890346
MIR614,green,-0.519796377219736
LIX1,turquoise,0.269171229335578
GPC5-AS1,blue,0.201961365768281
CLDN4,turquoise,0.135285188857399
CPVL,yellow,0.0179467119756309
MIR1206,grey,0.0525301139427479
LOC100128568,turquoise,-0.158346302837174
TPPP3,brown,0.654397314329565
C1orf173,grey,0.119531352445696
WBP2,turquoise,-0.217568851888833
HMGB4,brown,0.347780595347995
TAS2R46,blue,-0.0249457274179993
SERTAD4-AS1,turquoise,0.338280966660843
PLA2G10,grey,0.0698625710196165
MIR548G,blue,-0.0914229544569993
MIR548N,blue,0.0357271072048033
MIR1281,grey,-0.24787369608508
ANKRD61,blue,0.129390176747481
VSNL1,brown,0.615070780891601
ZPLD1,yellow,0.20145388573122
TNFRSF25,turquoise,0.284266572616894
BEND3P3,blue,0.0926816502678582
TTK,brown,0.623866644391756
CPLX1,turquoise,0.239266233142722
HAS2,blue,0.286850183831068
FAM205B,grey,-0.198479515896333
SHC3,yellow,0.513113906796
IER2,green,-0.840526276013294
KIF5A,yellow,0.603584144293127
C22orf32,turquoise,-0.117782179411899
NCAM1,brown,0.663688879516739
DDI1,blue,-0.0345991599590952
KCNQ3,yellow,0.418199123608139
DBNDD1,turquoise,0.446785899485546
C9orf174,green,-0.550549006803233
NOMO3,blue,-0.152286655307999
SYNGR3,turquoise,0.472261822692655
SUPT20HL2,grey,0.237054481391637
PRKAG2-AS1,turquoise,-0.352737730740329
TRH,turquoise,-0.403220854723461
APBB1IP,yellow,0.537891506921281
C2orf40,turquoise,-0.0636082181959359
NOX4,grey,0.00344084332968574
KDR,grey,-0.25325951597868
SLC8A1,blue,0.38196382689172
GABRE,turquoise,-0.408071665368184
CECR5-AS1,turquoise,-0.187651079987518
MGAM,turquoise,0.0930132595471873
EPHX4,grey,-0.190719158865071
PITX1,turquoise,-0.617555608100918
TMEM132E,yellow,0.473253099212846
CYP2B7P1,turquoise,-0.104889826358118
TSPAN7,turquoise,-0.0189937319593698
FLJ44313,turquoise,-0.0496159538097424
KCNQ5-AS1,blue,-0.134347348261983
MAP7D2,grey,-0.155129176995352
LOC339894,blue,-0.410511098867304
LOC283683,turquoise,-0.0532173423692318
CLEC2B,yellow,0.254695006828986
RAB39B,grey,-0.0544171403224073
CHAD,turquoise,-0.0145893572950526
SNORA55,blue,-0.130540744274355
GALNT13,yellow,0.353113293756521
COL5A2,brown,0.651698373817437
OCIAD2,turquoise,0.218450411474053
MARK2P9,grey,0.512531848285343
PAQR4,brown,0.721576892389701
STRC,turquoise,-0.30456058946383
CLEC18B,turquoise,-0.0720758750447596
GABRP,turquoise,0.1868671400459
CLSPN,turquoise,0.530370861895566
PFKFB4,blue,-0.670506144448837
CLDN18,blue,0.199765180283709
MIR499A,blue,0.145065046314484
HIST3H2BB,blue,0.225364683643907
AIF1L,turquoise,-0.133278287699644
ZNF771,turquoise,0.0242881739174552
RPL36,turquoise,-0.124550136359162
GJA5,turquoise,0.0522548809093457
NOX1,turquoise,0.246095038734379
HLA-B,turquoise,-0.307606355372945
PCDH10,grey,-0.286639460169173
EPB41L4B,turquoise,-0.384762919074063
TMEM72-AS1,turquoise,-0.169192821254041
MGST1,grey,0.224622652212896
LCTL,brown,0.602155200797255
PEBP4,turquoise,-0.241548551594171
ALOX5AP,yellow,0.437505951376846
ZNF362,turquoise,0.240311528524895
ADAM20,blue,0.0701804088996537
GABARAPL3,turquoise,0.0224972062389327
CATSPER1,turquoise,0.384568216007167
ZFY,grey,-0.211813888703656
BTBD8,blue,-0.0207247870672715
CNR1,brown,0.41086471836241
TNFRSF1B,green,-0.591990464783799
TMEM132B,yellow,0.604395737917963
NME4,turquoise,0.177450776198254
TLL1,brown,0.701555109456241
MOB4,grey,0.0585465859775175
RARB,blue,0.31111168089185
PDE4B,blue,0.138653913472987
MATN1-AS1,green,-0.64795432707738
ELOVL7,grey,0.00380219708564023
LMOD2,blue,-0.18977990873932
WISP2,grey,-0.265912145185172
SNORA49,blue,-0.204379438424807
FAM78A,yellow,0.46926781400739
PCDHA4,blue,0.290235617549252
NRARP,green,-0.488199674900658
NR1D1,turquoise,-0.654928833256753
GPR63,turquoise,0.077402329013668
MIR23A,blue,-0.529078165156167
CDHR4,turquoise,0.559511148698917
IGSF9,turquoise,-0.32868960206777
OLFML3,yellow,0.623868440477611
RARA,green,-0.719905441063287
NAT8,blue,0.0971460851725893
CAPN11,turquoise,0.12087368631445
PRAM1,turquoise,-0.256545968358559
TCEAL6,turquoise,-0.40318125098503
CEBPA,green,-0.451918350012511
DCXR,turquoise,-0.42813481333861
GCSAM,blue,0.4055270459192
KRT10,turquoise,0.157506481152739
GNAT1,turquoise,-0.393344221621808
PBOV1,blue,0.0391616568480684
XDH,grey,-0.141611597081063
ARMC3,turquoise,0.296568492535164
NR4A1,turquoise,-0.527777165495893
DPCR1,turquoise,0.00336184603686477
IL10,brown,0.443137559405644
SNORD1A,blue,0.0832013496630895
FLJ21408,turquoise,0.103244338684309
NPNT,turquoise,-0.333545887555216
ZSCAN23,grey,0.311655974314674
BMPR1B,brown,0.5988901714809
HIST1H1A,blue,-0.215043474961154
NDUFA11,turquoise,0.122785293096413
JAG2,turquoise,-0.0372945943430834
CASP10,turquoise,-0.128623233744759
POTEF,blue,0.0435607523892315
TNFRSF10A,blue,-0.239229383626014
ENO1-AS1,turquoise,-0.477981258694726
ZIC1,turquoise,0.214876108291246
PPP1R1C,turquoise,0.0315950527563354
FAM211B,turquoise,0.124378488211459
LGALS8-AS1,blue,-0.469602389969865
ATP5EP2,turquoise,0.310926942623656
AIFM3,grey,0.182040095968816
FBXO40,turquoise,0.109559833456925
H3F3C,blue,-0.283445201454835
GDF6,brown,0.393178648516882
HSPB9,turquoise,0.0152581544392239
HSPB1,turquoise,0.0761609141756161
SCARNA1,grey,0.0866709613478403
LOC100505738,turquoise,-0.102498206983512
C22orf24,green,-0.450443345443418
C1orf162,turquoise,0.133466205225105
FLJ42875,turquoise,-0.461950848717614
TXNRD3NB,yellow,0.608291880378769
LRRIQ4,grey,-0.154259093948133
VIT,green,-0.651639521213249
RNF152,blue,-0.221421064695764
NBLA00301,grey,-0.0791120881338501
C1orf177,turquoise,0.108383037635912
KIF18A,brown,0.379130438443915
F11,turquoise,-0.00211720728509491
REEP6,turquoise,0.473851205959672
LOC145474,blue,0.121499699429693
NFIL3,green,-0.750017222231119
CCDC64B,yellow,0.610581078168939
BEND6,blue,0.392462829436162
CTXN1,turquoise,0.138474564182324
GPR85,turquoise,0.331309135947718
NTN5,turquoise,-0.0118934028480198
GREM1,brown,0.373687839157532
LOC100652739,turquoise,0.274713459005489
TIE1,turquoise,0.14386430271309
TRAPPC5,turquoise,0.0511876516709605
APCDD1L-AS1,yellow,-0.0529896780116991
MIR3074,blue,0.294739715654051
GREB1,turquoise,0.214432141927575
WFDC10B,turquoise,0.0265316041349155
DAW1,grey,0.357819219477795
VSIG1,turquoise,0.301451803120563
CFP,grey,0.195221972779187
IFI27L1,turquoise,0.0178609200452484
NUP210,turquoise,-0.21251402254226
EPHA1-AS1,grey,0.180377834067328
PLXDC1,yellow,0.549027755771219
C8B,grey,0.411933956456885
C4orf19,yellow,0.0359562810742262
LOC100505933,grey,0.190427767392265
RPS16,turquoise,-0.0388486472073685
ZNF385A,turquoise,0.0953325599048051
SYT4,turquoise,0.368723215092454
IL4I1,turquoise,0.27054953632319
IGSF21,turquoise,0.371271567344229
SYT8,turquoise,0.483962511152328
C9orf116,turquoise,0.0227947590745187
MAP4K1,turquoise,0.225587116384162
ARAP2,blue,-0.104959940811562
CD34,turquoise,-0.271448446079616
DPPA2P3,brown,0.173431323384176
NEK10,blue,-0.0906912329390172
ASGR1,turquoise,0.0283993909410931
LMF1,turquoise,0.0714309336161814
DENND4A,blue,-0.330519766096114
WNT16,brown,0.242831064914163
CENPA,grey,0.0312805478219903
RPL32,turquoise,-0.0513449137364883
TNFRSF12A,blue,0.236652704519438
ATP5I,turquoise,0.101076754472907
CYP4Z1,grey,0.426565217819194
USP9Y,grey,-0.256573277450267
FAM65A,turquoise,-0.093188069485776
PHOSPHO1,turquoise,0.285119148091969
ABCC6P1,turquoise,0.304491757668339
PNMT,yellow,0.217405899700105
FAM225B,blue,0.234915496588247
FXYD7,turquoise,-0.245545298175294
TNNC1,grey,-0.339472540439232
RAMP2,turquoise,0.189052789311373
ZNF559-ZNF177,blue,-0.00860473383972315
VAV3-AS1,grey,-0.0316184851508182
GPR132,turquoise,0.252708255351122
SNORD6,blue,0.187532024169237
GAL3ST3,grey,0.147773139482759
FREM1,turquoise,0.381781256791328
PRDM7,turquoise,-0.158648321264389
EEF1DP3,blue,-0.210629857778814
COL2A1,brown,0.577116508597352
OR51B6,blue,-0.207335552931446
KCNC3,grey,0.0289189643980293
UBE2T,yellow,0.4172558226863
GLI4,turquoise,0.148287716357439
BASP1,brown,0.625017777029632
DSC1,turquoise,-0.00357516130101865
KBTBD8,blue,0.294136545082881
SNORA12,turquoise,0.162797988068287
PLCH1,turquoise,-0.0116085427133069
A2MP1,brown,0.356339635976432
ITIH3,turquoise,0.128880916597642
EMX1,grey,0.150305580943811
ZMYND15,turquoise,-0.082550408813074
SNORD44,blue,-0.426868585162249
SNORD54,blue,-0.323834773037281
KBTBD13,grey,0.043044348036502
RMI2,turquoise,0.358724849568622
LOC100289561,blue,-0.173561192931317
HCFC1R1,turquoise,0.32022644251266
NEURL1B,yellow,0.243056954261568
MIR593,blue,-0.0754211260032203
IL5,blue,-0.000899267198635305
MEX3D,brown,0.758411446909217
PARVG,turquoise,0.045542522263216
C10orf111,grey,-0.0995143961635046
HP,grey,0.243167351728597
TLR8,yellow,0.353977748675464
MSS51,blue,0.0570971511193209
TM4SF20,brown,0.546557656235158
IER5,green,-0.757982358839784
C1orf140,turquoise,0.00471834971894672
RAMP3,brown,0.652928657672774
MTFP1,green,-0.858084710441576
SNORD18C,blue,-0.275367580851406
TMLHE-AS1,blue,0.176789324545003
LOC282997,turquoise,0.0505783847070957
SLC4A9,turquoise,0.311254815371552
DOK3,turquoise,0.542251277289841
A4GNT,brown,0.466482125546522
C14orf178,blue,-0.103758954720487
CDKN2D,turquoise,-0.0146010223230895
SCN8A,brown,0.744773633793834
GPSM2,blue,-0.0595959883758236
ADTRP,brown,0.620987114596644
SYK,yellow,0.418872036486003
NXF3,turquoise,0.314192854711936
FIBCD1,grey,-0.000695689496877817
CD200,turquoise,0.23983786605317
LOC100129480,blue,0.153897562115662
HOOK1,grey,-0.0701781549173387
TMEM200A,blue,0.243286395989328
CSPG5,turquoise,0.112313452621432
C3orf52,blue,0.540646026035181
TRIM54,grey,0.0975341576115471
IER5L,turquoise,-0.0654049381522422
COL25A1,blue,0.424196479268045
RRH,brown,0.545476801167401
FOS,green,-0.635882962711052
C9orf129,turquoise,-0.173604750469967
TOX,turquoise,0.00268726317174043
CA9,blue,0.0474669409656788
ARHGAP9,yellow,0.693459223954773
GPR133,green,-0.542148645261126
RGS7BP,grey,0.233982769423635
SNORA57,blue,-0.225820188299627
PDE2A,turquoise,-0.43660698309934
NRXN1,turquoise,0.373591071229613
PRKG1-AS1,blue,0.194431237326458
MEF2BNB,turquoise,0.311196608983309
GALNT5,blue,0.306809582700357
C4orf6,blue,0.176461397145357
TTLL9,turquoise,-0.332874273110018
PHLDB2,blue,0.166138781204904
DENND2A,yellow,0.266873738940764
ETV7,grey,-0.384374070259996
NOXA1,turquoise,-0.146944231435162
SLC10A1,blue,-0.0289419266261499
ZRANB2-AS1,blue,-0.0334070069545742
BHLHE40,green,-0.829259455531816
B4GALNT4,yellow,0.384304450343995
FCER1G,yellow,0.245474675888864
SLC9A9-AS1,blue,-0.0429220062721825
KIAA0408,grey,-0.136321358168088
TAS2R30,blue,-0.0248563027832529
SNORD20,blue,-0.162728746419637
TOMM7,turquoise,-0.0910894156256185
CACNA1A,turquoise,0.62063578444705
TULP1,turquoise,-0.208491723278705
ADIRF,turquoise,-0.00808977916163073
ZNF718,blue,0.2572556783386
COMTD1,turquoise,0.112178293374246
TINCR,turquoise,-0.302560082687902
TMEM71,turquoise,0.0704004883944193
NALCN,turquoise,0.52860058984602
CCR7,grey,-0.0183922724252365
PDZRN4,green,-0.367513754230722
PXT1,green,-0.420768913320418
RHOF,grey,-0.217013141892641
DNAJC22,brown,0.455015722683018
C15orf59,brown,0.228954764856886
PITPNA-AS1,turquoise,-0.137197823353576
ST7-AS2,blue,0.3259329379484
LOC643201,turquoise,0.335730257209008
SNORA52,blue,-0.283086626316404
GPR52,blue,0.169457017785974
LINC00313,green,-0.475412590077152
MST1P2,turquoise,0.29215071297366
ZNF488,turquoise,0.205217912182148
MCCD1,blue,0.177256663834814
MIR663A,blue,-0.0308707301563198
SLC26A2,blue,0.233584826619251
SNORD114-1,blue,-0.0987386860922395
SLC24A3,yellow,0.469248836301657
ST7-OT4,blue,-0.110904792362038
FUT5,green,-0.503767002733822
NYAP2,turquoise,0.298514572207924
TNRC18P1,grey,0.293582216171622
POLR2L,turquoise,0.260146758119459
TPX2,brown,0.584683200409935
CD300LG,turquoise,-0.190581957114869
FFAR4,turquoise,-0.137437537141963
MBD6,turquoise,-0.220499476522677
ABLIM2,turquoise,-0.197103095086327
DOK7,grey,-0.1634876381309
FAM178B,turquoise,-0.0386807261788341
ARID3A,turquoise,0.414626280095579
PPARGC1B,turquoise,0.423096729308787
HSPB2,turquoise,-0.0703790466051011
CEL,turquoise,-0.000920591176927534
TGFB1I1,turquoise,0.154031144055334
KLF10,green,-0.910373628449587
ADORA2A-AS1,grey,-0.0748158488615718
TNFRSF11B,blue,0.277075653974689
BTC,blue,-0.00241539085706376
ACD,turquoise,-0.0268352718883809
ANKRD30BL,blue,0.0205737015540559
RAG2,yellow,0.450614368264528
ATP5L2,turquoise,0.0533303412739818
ABCC6P2,turquoise,0.290784638466169
ZP1,blue,-0.00835081943358068
STMN1,yellow,0.29949843521978
LOC100616530,grey,0.280465988182241
FGFRL1,turquoise,0.192732177626155
ANKRD37,green,-0.616587304755575
POU5F1P3,blue,0.0242418117914528
SNHG12,turquoise,-0.404578542562488
SPARCL1,yellow,-0.0716212589818305
LOC100507462,brown,0.410831526327386
C4orf45,blue,0.34388972746838
LOC400891,turquoise,0.113885583546629
CYP3A7,grey,0.233840051865793
PAX1,turquoise,0.412254436953284
S1PR1,green,-0.342779638763357
FBRSL1,turquoise,-0.0528796468933684
AVPI1,green,-0.777421966251116
CKS1B,turquoise,-0.0292671724361009
PLTP,turquoise,0.529445533490349
SLC26A9,turquoise,-0.0721352699617636
MIR324,blue,-0.465073889406466
MURC,brown,0.344992222903562
LGI2,brown,0.690623773493546
HIST1H4A,blue,-0.241222010656913
TRIP13,brown,0.297919144908499
KCNK17,turquoise,-0.480875399988185
TNFRSF17,grey,0.217684867902936
RIPK4,grey,-0.0988225673494137
ERRFI1,green,-0.852645286854374
LOC100131626,blue,0.199965760061381
SLC52A1,turquoise,-0.250935368807261
FAM35DP,turquoise,-0.140151650314696
SPAST,blue,0.134870682675556
C9,turquoise,0.618786165502381
SGK1,brown,0.593229885746223
UBA52,turquoise,-0.0619184743586391
APOBEC4,blue,0.152069362016864
MMP17,yellow,0.120822020741723
SLC39A4,turquoise,0.143195560066309
HIST3H2A,grey,-0.219696695522991
USH1C,turquoise,0.439709076550607
TAF15,turquoise,-0.0312873100068862
KCNK15,turquoise,-0.318565834414061
OR2A14,grey,-0.126462886128886
TROAP,yellow,0.335842010805301
KCNC1,turquoise,0.525727053308047
IGSF11,grey,0.177871147351505
LOC285547,grey,0.183320176394634
TMEM196,brown,0.505622945148846
CPNE6,turquoise,0.109453654553395
ATP1B2,turquoise,-0.000608522103730611
LOC388906,grey,-0.0841185893437393
F3,grey,0.209552090369477
VEGFB,turquoise,0.0265745415642699
SNORA46,blue,-0.0655064228740434
CERS3,grey,-0.0457402900837796
RCAN1,brown,0.50839279941596
CXCR3,turquoise,0.446258793850042
PCED1B,turquoise,0.0425277620040835
SNORA7B,grey,-0.206980212712616
GALNT6,grey,0.165460613241603
CCDC74B,turquoise,0.230733478296746
RPLP2,turquoise,-0.0848598598095302
BBOX1,grey,0.0964257451948965
SLC26A3,turquoise,0.23178524560109
F13A1,green,-0.54427299170718
SGOL1,blue,0.361278849044048
PFN1,turquoise,0.322202995065229
AARD,turquoise,-0.414046696494567
PCSK6,brown,0.579193427138228
TCEAL5,turquoise,-0.23086493031192
GPR56,yellow,0.440709313636966
LHPP,turquoise,0.179925002428064
ATPIF1,turquoise,0.133058166856006
MYO7B,turquoise,0.140214897560055
GSTT1,turquoise,-0.0192274777278266
ATP5J,turquoise,0.113282149325146
FAM20A,brown,0.493162528547638
HES1,green,-0.732152566493585
JMY,blue,-0.54396711209933
C5orf30,brown,0.600542579859457
FAU,turquoise,-0.0849917731660454
LOC100129027,turquoise,-0.0137041449422561
PTPRZ1,turquoise,0.399040557984667
AIM1,blue,0.382705124686974
CDRT1,turquoise,0.207243887554443
TSSK1B,turquoise,0.391470241013816
TMEM163,grey,-0.115578031176407
RRAD,grey,-0.0928119247203037
FLJ13224,green,-0.421163481483481
EGR3,green,-0.596139444207894
TUBG1,turquoise,0.298393455302375
KEL,turquoise,0.268001470379511
CORO7,turquoise,0.134103305127653
ABCB1,grey,-0.496242821105171
LINC00327,turquoise,0.368765284459081
RFPL3S,turquoise,0.0320577317943768
B3GNT2,blue,0.297798751873474
C16orf13,turquoise,-0.107461033508637
LOC100130451,grey,0.2923778007978
COL23A1,turquoise,-0.0982124642841096
ADAMTS2,brown,0.583199980369847
ADAMTS7,brown,0.652219700307598
MUC12,turquoise,0.343721404242553
GDPD2,yellow,0.229982394639162
FTL,turquoise,-0.0706226827684313
HEYL,turquoise,-0.158269583533704
CDH20,grey,-0.216384172446585
CLGN,grey,0.207923038919951
KCNG2,blue,0.100068061870364
OPN3,blue,0.298951326117338
PMFBP1,turquoise,0.148795893869672
SNORA25,blue,0.173691011331274
C22orf31,turquoise,0.193243450252999
LOC728323,turquoise,-0.214818819535131
STRA13,turquoise,-0.0212415481047887
LINC00152,turquoise,0.41459426881323
SNORA38B,blue,0.0968468559547471
HAND2,grey,-0.0373302918512807
DPM3,turquoise,-0.0157858747964833
RANBP6,blue,0.117680950080965
PCDHA9,turquoise,0.27406963909489
SFRP5,blue,0.0315740699670445
GRIK3,brown,0.534974029305539
CTAGE6P,blue,-0.276067325037237
DTX2,turquoise,-0.141878811585233
UQCR11,turquoise,0.248047738784096
LOC285740,brown,0.576533728169768
HMMR,brown,0.564638937261482
C1orf111,grey,-0.26080564505744
PKHD1L1,turquoise,-0.0349527969591063
IL15,turquoise,0.0712406908420334
SNORD36C,grey,0.224436724707538
ZNF625-ZNF20,blue,-0.0539022897951492
PRG4,grey,-0.236902830007235
TMEM151B,turquoise,-0.244729425583714
INTS4L2,grey,-0.0752607484021979
MYPN,turquoise,-0.0143039637419542
DENND6B,turquoise,0.194486956141158
TSTD1,turquoise,0.258021265735049
COX7A2,turquoise,0.158708031997733
PTGER1,turquoise,0.136262480063643
LOC100335030,blue,0.126681296426618
FGD5P1,turquoise,0.213288445387603
LOC100129722,turquoise,-0.480943486335939
SORCS2,turquoise,0.0555376546661126
COL26A1,turquoise,0.393141157096609
SLC9C1,brown,0.566327747171203
C6orf1,turquoise,0.270304605480074
FOXI2,green,-0.562919634616549
C5orf38,grey,-0.366594765914126
LOC400680,grey,-0.121388345074008
RXFP4,green,-0.523722772273811
PDZK1IP1,turquoise,0.0302586954417312
MLLT4-AS1,turquoise,-0.552787435039615
YPEL3,turquoise,-0.130925168495227
ABCA6,blue,-0.215544208384298
SNORD71,blue,-0.0761064983477244
SNORD98,blue,0.113405191561749
RPL23AP82,turquoise,0.224377781398319
CYP4F11,green,-0.43592332077212
SYNDIG1L,turquoise,0.259462288251049
ST6GALNAC3,green,-0.277711380367972
ELOVL2,grey,-0.134917464569954
FSCN3,grey,-0.218178178465004
FAM46C,blue,-0.293411889333495
RPL34,turquoise,-0.0999254551356923
C11orf35,green,-0.685231506498982
NRON,brown,0.590711056225531
PAX9,turquoise,-0.0564279973444206
TM2D1,turquoise,0.263559033067205
CD53,yellow,0.331260648691187
ECT2,brown,0.662233837240245
LOC150622,brown,0.674103389896248
MYO7A,green,-0.84158953053483
GJA3,brown,0.430801920826126
CACNA2D3,grey,-0.0984157916720206
ATOX1,turquoise,0.204336309898077
DES,grey,-0.233117721053953
OPCML,turquoise,0.00614273147108455
STXBP2,turquoise,0.0199115332623561
SNORD17,blue,-0.181055887517868
TMC2,grey,0.185638407647546
CCNB3,turquoise,0.356079029423288
ACRBP,turquoise,0.286680466908976
FAM111B,brown,0.697036619816882
ALDH1L1-AS1,turquoise,-0.193907539324786
S100A2,grey,0.334996956950249
TMPRSS11F,grey,0.262063245372859
LOC100499183,brown,0.440201193578251
PIM2,green,-0.867071039806245
C9orf169,turquoise,0.0605758572720678
HERC5,green,-0.773833638220584
CNNM1,grey,0.0270827702413392
PLEKHA1,blue,0.100867352869421
LOC388948,turquoise,0.105559808201799
KIAA1644,brown,0.548075366374286
C6orf52,turquoise,0.0649341224094768
GRM6,brown,0.648804172829013
ACTN2,grey,-0.290302646946593
PFKFB3,green,-0.893290380899921
PI4KAP1,grey,-0.280316727990471
SNCA,grey,0.0318233542149794
TMPRSS6,turquoise,0.153472757143197
CHCHD5,turquoise,0.060493003366237
ADAMTS19,grey,0.010911316472986
RNF128,blue,0.349260013087795
C8orf56,turquoise,0.35597237738563
FBLN2,turquoise,0.182469284113421
SCNN1D,turquoise,-0.0022507117946923
LOC284578,green,-0.590255684415393
ROGDI,turquoise,0.272045712998219
AGMO,turquoise,0.286168905536381
DNAH2,turquoise,-0.269411785403966
MST1L,turquoise,0.0755749659841402
MT1L,turquoise,0.388308098835037
EGFL7,grey,0.064280543511648
AKAP2,blue,-0.160870176263837
LOC401109,turquoise,0.162472501233349
C15orf61,turquoise,-0.00519027968330025
SLC7A11-AS1,turquoise,0.00364438597253539
RAMP1,turquoise,-0.472959015672026
THBS2,brown,0.81414212040237
PCDH19,turquoise,-0.0902553507286154
MIR3650,turquoise,-0.295500410381524
RPL36AL,turquoise,-0.12458665198983
GPR62,grey,-0.260748461742243
KIFC1,yellow,0.369920693035255
PPP1R15A,green,-0.8132963332962
COX7B,turquoise,0.153260693048367
LOC150197,turquoise,-0.0686140763730183
LOC729020,blue,0.122819769590473
BHLHE22,brown,0.302492096193124
SPESP1,turquoise,0.127786561908798
PTAFR,yellow,0.337786361314599
ARHGAP29,blue,-0.353943806368371
ADAT3,grey,0.208187824075808
UFSP1,grey,0.275295565579696
MDK,turquoise,0.0519813685794378
KLF15,green,-0.638072977762038
PRELP,turquoise,-0.014804854157052
GLIS3-AS1,blue,-0.037491274295775
ECE2,turquoise,0.498443609727121
IKZF2,blue,0.247051150370192
LOC100505875,grey,-0.219169825450086
CCSER1,grey,0.114655260854808
SNORA62,blue,0.113450340413095
CCDC7,blue,-0.189559731026936
EFNA1,green,-0.633853858886107
OMG,blue,0.00463258065454902
LAMTOR5,turquoise,0.0518124795859043
CCDC116,turquoise,0.319889675852702
ZBED3-AS1,brown,0.239617068928554
RDH12,grey,0.0145048650039488
TAF7L,grey,0.113749275043755
CYSLTR1,blue,0.314141423422968
CIT,yellow,0.663429372165791
SNORA70F,blue,-0.23494737406466
DUSP23,turquoise,0.0353759317054425
ACSM5,turquoise,0.331637796274948
TNFSF11,brown,0.522539140118285
JUND,turquoise,-0.507582910449877
SH3GL3,turquoise,-0.52985873771909
OR2A7,blue,0.059128899552636
CKB,turquoise,-0.41257711448699
ZNF99,brown,0.401514509153131
EFCAB12,turquoise,-0.134502701882157
C10orf10,green,-0.785214526728145
C20orf195,grey,-0.362927263326968
SLC4A11,turquoise,0.401141507011972
ATP8B3,turquoise,0.448912860012382
LOC100128076,turquoise,0.0792950953451568
LINC00426,brown,0.416119916398785
LRRC4B,grey,-0.226050071535372
HRCT1,turquoise,0.611566031208716
LOC440700,blue,-0.202349442818673
C6orf201,blue,-0.0607782814514591
HIST1H2AG,blue,0.10316839584156
TIMD4,turquoise,-0.0513965572050401
LOC100288974,blue,-0.0191308107423622
PRSS37,blue,0.123552930367291
SNHG6,turquoise,-0.116039094507828
SEC14L4,grey,0.169715505683919
APBA2,turquoise,0.051643967479493
MFSD2A,turquoise,0.274305422642663
ANO5,yellow,0.36289576478273
GPC2,turquoise,0.191219003672629
ETS2,green,-0.904178944615138
C11orf85,grey,-0.448394457782619
RAPSN,turquoise,0.457037342194082
NR4A3,green,-0.615360164385277
S100A10,turquoise,0.333333330309281
LECT1,turquoise,0.456991325248942
PALM,turquoise,-0.307505131559715
RUNX3,turquoise,-0.186090720249968
NRGN,turquoise,0.0623039176284814
NLGN1,blue,0.0622515955916024
COL6A3,blue,0.457323707407228
TEKT3,turquoise,-0.260325344071874
GUSBP9,blue,-0.122391876330042
LOC283692,grey,0.0123434606268402
VWA5B2,yellow,0.555331784122467
LGALS2,blue,0.108631055039205
MPPED1,turquoise,-0.311339678120624
NOXO1,grey,-0.0930429532522856
FRK,blue,0.415388012321767
F2,turquoise,0.360105182900534
USP32P2,grey,-0.27898838835085
GPR146,turquoise,-0.597754139134276
RASL11B,grey,0.0948141184798286
HTR3E,blue,0.248676372439211
SRGN,turquoise,0.468109197559981
LOC401463,turquoise,0.206962897049526
PPEF1,grey,0.104326426955221
C1orf168,turquoise,-0.0607202544649115
ANKRD9,turquoise,-0.254270839317524
ZNF474,brown,0.561228815513156
TMEM51,yellow,0.338976195635196
ZNF878,blue,-0.349359169057717
FAM43A,green,-0.690522043555523
UTS2D,yellow,-0.00234872502317052
TMEM213,turquoise,-0.213615431321693
FAM229A,turquoise,0.213522038372471
LCLAT1,blue,0.386473633808833
MYRIP,blue,0.364093156333364
DIRAS1,brown,0.559908265248615
C3AR1,yellow,0.272667357754751
DLGAP1-AS5,grey,-0.274814394712387
DNPH1,turquoise,0.29669528716717
ANXA2P1,blue,-0.0176049554779751
ALPK2,grey,0.111568493382905
RNU4ATAC,green,-0.737820414726154
CKM,grey,-0.0185258744491429
PET100,turquoise,0.0663148151489285
NR4A2,green,-0.600876119796758
SERPING1,turquoise,-0.157440758103041
IGFBP1,brown,0.747538393733812
SNORD114-7,blue,-0.104935854250942
SOX15,turquoise,-0.180655164154738
HAPLN4,turquoise,0.0942183723158904
DDIT3,green,-0.945203603140517
MMP19,yellow,0.671083458692645
TSPAN5,blue,0.232930951592
RABL2B,turquoise,0.0290137862558473
HLA-DOA,yellow,0.230610010156746
MIR5047,blue,-0.0863683448488582
PRRG2,turquoise,0.336677183761753
ISM2,turquoise,0.464577358363561
RTL1,blue,-0.0501787980452245
C22orf26,green,-0.590272707437548
SPOCD1,turquoise,-0.0308829474810338
RASGEF1B,blue,-0.0596921595026652
SVOPL,turquoise,-0.0120345059274587
SNORD21,blue,-0.188516281465559
CTAGE9,grey,0.0809903582908111
TMA7,turquoise,0.125080749148156
IGFBP2,grey,-0.26946978925206
GTF2H2B,blue,0.376299869198077
BAAT,turquoise,0.231959636206094
ICAM4,grey,-0.406259026219968
PLEK,yellow,0.276835635057098
RPL37A,turquoise,0.0164814181804246
PGM2L1,blue,0.351079566097821
SOWAHA,blue,-0.588571270870778
ULBP1,turquoise,0.268218186972422
LOC654342,turquoise,0.268537218571675
ROMO1,turquoise,0.102782650180528
CHIT1,turquoise,0.284765388302482
MRS2P2,blue,-0.504169902237582
MAST1,turquoise,0.0474515540170706
NUSAP1,brown,0.596386687551228
NAT2,brown,0.709865583842657
RASL10B,grey,0.0637799423624444
SLC3A1,blue,-0.212034245123348
GTF2IRD1P1,turquoise,0.211588647519171
MATN1,turquoise,-0.457231892284737
FOXA2,turquoise,-0.218132801795557
KCNH8,turquoise,0.0424052322066602
MAP2,turquoise,-0.292803124254166
LOC400958,turquoise,0.491552766383047
ETV2,turquoise,-0.167511143266961
CST6,turquoise,0.122911415810514
POLR2J3,turquoise,-0.0120159215941614
GLTSCR1,turquoise,0.276316953011039
ENPEP,grey,0.274433732315645
DEGS2,grey,-0.112417333768119
DQX1,turquoise,-0.0207710731539293
LOC100996307,grey,-0.0812328564811597
ASPHD1,turquoise,0.535075765050507
LOC100506421,turquoise,0.296068733491456
ASIC3,turquoise,0.204965968546451
SNORD99,green,-0.483610275096982
FOXC1,turquoise,-0.230180008053794
FAM71C,blue,0.0558869597855863
MAP3K19,grey,-0.148777442422968
PIK3AP1,yellow,0.482620820808501
ADAMTS5,blue,0.600316052696413
CLEC3B,brown,0.47666013957168
BRIP1,yellow,0.178480143289774
ABCC3,yellow,0.473878128496687
SNORA32,blue,0.171096531653443
TMEM178B,turquoise,0.363135929074386
SNORA65,blue,-0.0915671787493095
TMEM31,turquoise,-0.00410550686206887
BCL3,grey,-0.561763292076759
NXNL2,turquoise,-0.346806773626668
SNORA68,blue,-0.378669013051774
LINC00263,turquoise,-0.116848554660365
SERPINE2,brown,0.648794625127109
DNAJC12,brown,0.503526963413736
GAD1,grey,0.106835686349498
FAM98C,turquoise,0.0338222099170912
HIST1H2BF,turquoise,-0.11085412827469
COX16,turquoise,-0.0629088625851893
RAB3A,turquoise,-0.162784473833455
TMEM27,grey,0.0241792655009732
KCNE1,brown,0.281771614386337
COL4A1,brown,0.293106229460877
EHF,turquoise,0.412478433025221
SIX6,blue,-0.215614214055187
BDKRB1,brown,0.374673317010348
MIR4731,blue,-0.281343047266585
SPARC,brown,0.667168415664339
LAG3,turquoise,-0.0496078973928456
LAMC2,turquoise,0.0296235885076983
LOC100133957,grey,0.0880785047989066
KCNJ10,yellow,0.211981075231058
SNORA81,blue,-0.0171837466435876
MAGEE2,brown,0.510677621875183
LOC100130370,green,-0.257275604144912
GRIN2A,brown,0.581737804050022
MARVELD3,grey,0.088986519994688
C16orf59,yellow,0.285755162253476
AQP3,turquoise,0.475024620307482
RBX1,turquoise,0.304481471847403
CCDC124,turquoise,0.132202689383818
MYBPHL,yellow,0.00634967541488976
KCNJ9,green,-0.626437546223315
MIR634,turquoise,-0.313213750055154
C12orf69,blue,0.0212216415543424
RHOB,green,-0.726858592090072
ADAMTS4,yellow,-0.0335999755211125
C19orf18,turquoise,0.121460269974287
KDM3A,blue,-0.57786705210301
ROBO2,grey,0.374131446181502
SLC45A1,turquoise,0.112904794337533
PCDHGA7,blue,-0.0186036726903278
NTRK3,turquoise,-0.131085319406679
LINC00839,brown,0.511070986529834
LOC100507118,turquoise,-0.357356433978133
ANGPTL7,green,-0.456117011641536
LGI4,turquoise,-0.0214997919832817
CYP8B1,brown,0.629332857272282
GPR1,grey,0.0519302815085106
LOC284889,turquoise,-0.126761159145525
SLC9C2,turquoise,0.307408997338243
REEP4,turquoise,0.437477594647507
SNORD46,blue,-0.30736295830707
COL6A6,brown,0.641553617315505
LOC100505658,blue,-0.116041398121655
SFTPA1,turquoise,-0.0352169155110419
HSD11B2,green,-0.47342747293852
PGCP1,blue,0.0747638819282235
NIPAL4,grey,-0.215651101288157
GLT1D1,turquoise,0.231853820011642
TWF1,blue,0.108036579617871
BST2,yellow,0.19138139753131
NBPF16,grey,0.345114659166162
SCN9A,turquoise,0.17858498713167
RPL23AP64,blue,-0.0212258398052807
KLRD1,grey,0.181841804376578
C7orf57,turquoise,0.297979747684546
FNIP2,blue,0.267864224006654
DCUN1D3,blue,0.115696988487371
FOXF2,turquoise,0.307831941440982
INSC,brown,0.607894328295129
TOB1-AS1,green,-0.657895778032552
C14orf2,turquoise,0.064015861977476
CELA2B,grey,0.15423467566019
ARL15,blue,0.0296443647185972
C3orf14,blue,0.275672114877467
HAVCR1,turquoise,-0.509987289674556
ITGB1,blue,0.313500334086187
LMX1B,turquoise,-0.107171654286499
LILRB3,yellow,0.140326730707841
COL10A1,brown,0.420864125182507
PAK3,green,-0.664380984374887
LOC100130417,grey,0.324021959420792
MIR210HG,turquoise,-0.529052883095811
DNAH8,turquoise,0.177619477218325
HRH4,grey,0.120451103562732
CENPF,brown,0.688734951274753
SNORD93,blue,-0.0977255577882329
ELF3,green,-0.758157578939584
FLJ31485,brown,0.589369495354469
NAA60,turquoise,0.300929483380862
ZNF726,brown,0.360293374031704
PRR13,turquoise,-0.229195877251308
HIST1H2AM,blue,0.141362743001413
EFCC1,turquoise,0.206667334243345
KHDC1L,turquoise,0.353619028609192
TRPM5,blue,-0.33244467769316
PANX1,blue,0.0430459528954079
MRPL52,turquoise,0.266432250018773
NUPR1,turquoise,-0.290483591198367
VIPR1,turquoise,-0.549382774377332
LOC100134259,grey,-0.0943055448875196
OAZ3,turquoise,0.203609338188759
RPL38,turquoise,-0.0932013713090202
MIR938,blue,-0.348946477128126
OR13D1,grey,0.516433273215868
SERPINF2,turquoise,0.120698333177743
FAM171B,blue,-0.0147243815978869
WNT3A,turquoise,-0.419989011178173
MYPOP,turquoise,0.160272022532578
C10orf131,blue,0.180796784907752
LOC283693,turquoise,-0.154328572191351
FAM221B,turquoise,0.150857431402413
SH2D3C,turquoise,-0.0577405856798892
KCTD16,blue,0.369039343369122
MIR3175,blue,-0.132560455344054
NOG,turquoise,0.0472453755089507
ZNF812,turquoise,0.272035114330571
SULT1A2,turquoise,0.343314872093343
ENHO,turquoise,-0.209068214077803
SAMD9,blue,0.526761695462725
USMG5,turquoise,0.15113068030803
TFCP2L1,green,-0.674595418944945
RAB31,brown,0.588606472821294
CRYAB,turquoise,0.200000122330611
SNORA64,blue,-0.232802017052185
RWDD2A,blue,-0.370720535737053
XIRP1,turquoise,-0.111119746682803
LY96,blue,0.0431919133203398
NGFRAP1,turquoise,0.109287285597377
HMCN1,blue,0.149778081522572
TMPRSS13,turquoise,-0.205369289510892
HIST1H4J,blue,0.0733576272557311
S100A1,turquoise,0.145059940823529
LOC286059,blue,-0.401875264370207
CRIP2,turquoise,0.271066307958032
PTGS2,blue,-0.534071382922283
LINC00235,blue,-0.088327177291186
EBLN2,blue,0.082226541348681
CHUK,blue,0.378345094002112
RPS15A,turquoise,-0.055463609779015
MRPL41,turquoise,0.0754406708381849
SLC24A4,turquoise,-0.358252415424868
LOC399715,green,-0.781074639659921
FAM182A,grey,-0.0870002739821851
TIPARP,green,-0.713162843866445
KCNK12,grey,0.172473505334126
KLF2,green,-0.749010468327951
FAM196A,blue,0.238030706839292
LOC100133669,turquoise,-0.282282450409729
PRR11,yellow,0.479539421668777
LOC401397,blue,0.444282791745881
SLC7A4,turquoise,0.202512897653038
NDUFS6,turquoise,0.227992551180963
OR5C1,grey,0.0683715957801593
SNORA54,blue,-0.10095240362062
TP63,turquoise,-0.239893197059471
HYPK,grey,-0.192995425322783
ROBO3,turquoise,0.30166752385902
EYA1,turquoise,0.297976175224655
F8A1,turquoise,0.153650062510152
AUTS2,turquoise,0.150698381187303
NR2F6,turquoise,0.310647040614346
EPDR1,brown,0.810730401649654
GALNT4,blue,-0.0143120869544425
PPP1R13L,turquoise,-0.135838766767745
CCDC64,yellow,0.0965348316695782
ANKDD1B,brown,0.506052887884055
CACNA1C-AS4,blue,0.238932563140767
EGR1,green,-0.613985327854839
PRPH,turquoise,-0.200178641434861
CHST2,blue,0.504766689065188
MLANA,blue,0.0458237892694075
GTSF1,blue,0.263440198532729
SNORA45,blue,-0.229136772679105
TTC39A,blue,0.370448054328708
SNORA50,blue,-0.379523456154847
TXLNB,grey,0.075931177935842
ZWINT,brown,0.691212550146048
LOC731223,green,-0.520212437839563
ARC,turquoise,-0.482647579280097
TAS2R4,blue,0.137879167265076
IRS2,green,-0.855866688214863
MYEOV2,turquoise,0.206858085578838
PRB3,blue,0.0149443134541637
ATOH8,green,-0.725889641105802
NR2F2,grey,0.129493307130589
LOC389641,yellow,0.183650480003343
VCAM1,blue,0.457599828751867
SHCBP1,brown,0.518199496419555
MTRNR2L4,blue,-0.0703659206748896
CD80,brown,0.551130469313126
MAN2A1,blue,-0.0467422131565405
MIR143HG,yellow,0.410671750971806
ATP5D,turquoise,0.0533284079185376
TAS2R5,blue,0.0416223708746149
NEDD8,turquoise,0.185826729281846
PPTC7,blue,-0.0697067665487755
SNORD38B,grey,-0.379766219496033
NDUFB7,turquoise,0.157815978705499
LOC100272216,blue,0.0433484812135036
ADAMTS16,yellow,0.432195643970684
NSUN5P1,turquoise,0.0251115056558206
SYPL2,turquoise,0.182613871784907
TMEM156,turquoise,-0.0090797473516285
CLVS1,yellow,0.386383862483786
NDUFAB1,turquoise,0.232767490916768
MIR4257,blue,-0.111071990435599
LRMP,turquoise,0.104480528839022
SSPO,turquoise,0.0991132894445718
NAT8L,turquoise,-0.233991206961438
HIF3A,green,-0.376884002467949
CACNA1H,turquoise,-0.387475652765689
DNAI1,turquoise,-0.101690591496383
AIM2,grey,0.0156846981582938
PDZD3,grey,0.0450505129719436
PRKCDBP,turquoise,0.358833050216697
RPS23,turquoise,-0.0145482296386272
WDYHV1,blue,0.0134188648597022
SLFNL1,blue,0.145721520534991
C20orf24,blue,-0.00859519819424942
SYN1,turquoise,0.148097395096024
MIR140,blue,-0.0889161420269132
RAB13,turquoise,0.25707552378605
TAC4,blue,-0.065549636170505
OXLD1,turquoise,0.166105218342518
PIM3,green,-0.837385089896844
CHN2,grey,-0.0778221044308109
SNORA14B,turquoise,-0.140013354530911
MRPL53,turquoise,0.142206279916965
SLC4A8,yellow,0.248541746293397
CD37,green,-0.48982129091387
MIR623,grey,-0.120162384858765
LOC100128505,blue,0.276405430404926
TERC,blue,-0.124239530438685
SUSD3,turquoise,-0.125451614037027
EIF3IP1,blue,0.00351359334492109
OR51Q1,turquoise,-0.103261804319726
ZNF573,blue,-0.0613426786343685
HOXD1,green,-0.580205968638111
MYOZ3,grey,-0.318477621980021
PLEKHG4B,turquoise,0.155392519112834
SSC5D,turquoise,0.476969467131749
IGSF10,yellow,0.424434698115731
TTC40,turquoise,0.226285162026266
FRRS1,blue,0.157640635730885
SHBG,turquoise,0.0990581291015242
DPY19L2P3,turquoise,-0.228339389025506
BACH1,blue,0.115064248169229
MEIOB,yellow,0.204822929860348
GPR176,yellow,0.598405577274606
ACOT6,grey,0.223484257698108
LOC388796,turquoise,-0.0570172730243612
MPV17,turquoise,0.210179719599188
OR2D3,blue,-0.0618549668155396
RIBC2,yellow,0.0995142111052108
SPSB3,turquoise,-0.117195469967264
TMEM168,blue,0.201614752093639
NAP1L3,blue,0.176409865278372
GRM3,yellow,0.508885667127757
MIR29B2,blue,-0.200620012480002
SLC26A5,blue,-0.120023448502369
MTMR8,blue,0.0674511882022814
CNKSR1,turquoise,-0.108924628987025
TPO,brown,0.430232018016407
APLP1,grey,0.198369715283586
MIR210,green,-0.700789115814502
FNDC1,brown,0.704206871760722
MB21D1,blue,0.0626186714977127
MIR1204,blue,-0.00742419670442907
ELAVL3,turquoise,-0.27220808925317
RSPH6A,turquoise,0.0840140807048205
ZNF296,turquoise,-0.192996958709924
ADAM23,turquoise,0.104921163111034
PANX2,turquoise,-0.406967193189572
PCDH9-AS3,blue,-0.16653517442105
TLR9,turquoise,0.393159583002995
PSORS1C3,blue,-0.326991018758998
CELF2-AS2,brown,0.398741074653969
ASTL,green,-0.539780346350617
IGLL5,turquoise,0.221247303463784
HIST1H2AI,blue,0.339699487703581
MIR199A1,turquoise,-0.199144406877445
MYZAP,green,-0.713589524964548
LRRC3,yellow,-0.043452145897022
SFRP1,yellow,0.0354897038113591
TEN1-CDK3,blue,-0.0376923221390315
CACNA1G-AS1,brown,0.365815395336494
ENC1,brown,0.694379844002723
SNORA44,blue,-0.0875851986641318
ANXA2P2,blue,-0.0197333205327299
PLLP,turquoise,0.287979070324465
LOC100190940,brown,0.387713335111674
TSC22D3,green,-0.443336273413889
MLPH,turquoise,-0.251605576205474
CTF1,turquoise,-0.122176692034089
AGAP6,turquoise,0.35332773982671
LOC284801,blue,-0.0218522668673674
LOC100506394,green,-0.644681591765254
OTOF,turquoise,0.442465442049093
FZD10,brown,0.605477895490723
NPB,turquoise,-0.0990141756200078
GADD45A,green,-0.747346305080176
FRMD7,brown,0.761554556549797
RAB11B-AS1,turquoise,-0.231973269609816
PGM5,grey,-0.0587774994784748
ANK3,brown,0.538010481144299
SLC47A1,green,-0.772625066207707
MROH6,turquoise,-0.123795558340772
LRAT,turquoise,0.0819391091866335
GPR17,grey,-0.0669251671425461
INE1,blue,0.181935974301301
FSIP2,blue,0.04879540955146
SLC1A2,grey,-0.0519458501886436
DKK3,yellow,0.553286172627334
DHDH,green,-0.606832595019072
DTX4,grey,0.0911804386635804
PHLDA2,turquoise,0.0752102836986387
C1QTNF6,turquoise,0.157600090888896
PPM1N,turquoise,-0.130678450406479
PCDHB8,blue,0.00376145702415398
FAM217A,blue,0.410318019894134
EPHA3,blue,0.328518419279033
FJX1,brown,0.381105602632683
NR1I3,blue,-0.101619687550863
ENDOU,green,-0.351592306111834
SNORD80,blue,0.00236100945636159
DLX4,turquoise,0.0493431914148939
CDK6,brown,0.676321733259333
C11orf91,grey,-0.29744183023922
C16orf95,turquoise,-0.0250548134401285
CAP2,brown,0.496121740623068
SOCS1,blue,-0.41619041605934
WNK2,turquoise,-0.307794086743529
PINLYP,turquoise,0.337774334787811
WASH2P,turquoise,-0.0052697138543257
UNQ6975,grey,0.136696913821714
TMEM52,grey,0.0473973057930773
AOC3,yellow,0.644425279559254
ZNF114,grey,0.235310792354658
RLBP1,grey,0.0192329952610148
APLNR,turquoise,-0.0649843753805083
LOC442497,grey,-0.011786836015457
CCDC92,turquoise,0.333160005618746
CDKN2A,turquoise,0.0644882455209401
TMPRSS11D,blue,0.333169986659001
CADM2,turquoise,0.223624542351223
NCCRP1,turquoise,0.0964417861933567
PROK2,turquoise,-0.333874964434171
TEKT5,grey,0.0341891497786789
OR5B21,turquoise,-0.0861041103061628
C11orf16,yellow,0.319325875571603
FLJ39051,grey,0.361053162290922
TSHB,grey,0.414707787378726
ZIC4,grey,0.304631987928237
CKLF,turquoise,0.377253991648212
XK,turquoise,0.381478279564237
ROR1,brown,0.579985247800362
GIMAP1,turquoise,0.13629168532799
CETP,grey,-0.167135324454599
ARL4A,blue,0.209706786384361
MIR3136,blue,-0.237977062121855
EGLN3,green,-0.78655739693928
DDX11L2,turquoise,0.0381877083370288
SPATC1L,turquoise,0.360960577288705
RPS15,turquoise,0.0111329167299258
TBXA2R,brown,0.6177431453323
LCT,brown,0.295107306206474
TBX2,yellow,-0.162948351825131
AUNIP,brown,0.646879790199134
RIMS2,grey,0.295185935157782
AKR1C4,blue,0.0265112230453269
WFDC1,turquoise,0.400585896156538
SPON1,brown,0.400179089904399
EFNB2,yellow,-0.0590919766978355
C17orf66,yellow,0.609999406950719
SNORA41,blue,-0.0564102976051289
SLC16A7,blue,0.0934362719569455
SNORA27,blue,-0.190586488151676
KCNJ11,turquoise,-0.178938842235315
NDUFS8,turquoise,0.268840651256392
RILP,turquoise,0.0328880873508145
STXBP4,blue,0.14401994534908
CRHR1,grey,-0.350577649029493
FLJ35024,turquoise,-0.175862411805119
XRCC2,yellow,0.270930991297076
KCTD19,grey,-0.00935924872019669
TMC5,turquoise,0.283569080174976
FLJ11235,turquoise,0.412253014887276
CDCA8,yellow,0.391600233321809
OGN,brown,0.677261214444597
BCL6,green,-0.602958350007296
SLC45A2,blue,0.224377619631818
FBXL6,turquoise,0.267382624997657
BNIP3,green,-0.688726230258126
MACC1,brown,0.45456988109995
C17orf89,turquoise,0.192127118760025
LOC100130894,yellow,0.525098064833728
ATAD3C,turquoise,0.25648238351479
ACPL2,brown,0.636098330162833
ZFP36L2,turquoise,-0.0320190458636979
L3MBTL4,green,-0.740037118238926
DNAJB4,blue,-0.0460473975613814
SLC44A5,brown,0.582489883849772
KLF9,green,-0.764853297821336
HILS1,grey,-0.0569840026046145
FAM127A,turquoise,0.218433583415475
LOC152225,blue,0.0777356820769597
PHPT1,turquoise,-0.0386838870041342
CHMP3,turquoise,-0.105100300071912
CA2,grey,-0.00333712264980385
LOC100506385,brown,0.466648354660615
RHBDL1,turquoise,0.308849734940472
CNTFR,turquoise,-0.128807601887447
MYLPF,grey,-0.458220731331215
IPCEF1,turquoise,-0.0318859744182187
NLGN3,turquoise,-0.125900838909023
FAM127B,turquoise,-0.0231985796209863
GPAT2,turquoise,0.101668042531371
WWC1,brown,0.399661616569221
SP2,turquoise,0.0134034534271371
F11R,yellow,0.226144172762167
SLC26A10,turquoise,0.45565389493635
TNFRSF9,yellow,0.489528691067502
GLRX,turquoise,-0.246571513131754
SSBP3,turquoise,-0.203756114539082
DCTN1-AS1,grey,-0.182091133738875
BMP6,blue,-0.0297993271368871
SP4,blue,-0.164017309564965
PNKD,turquoise,-0.0587289545128327
EXT2,blue,0.182769400022057
AFF2,turquoise,0.296120692063575
TUBA3D,grey,0.449771803078364
LOC100505702,yellow,0.472559192551465
HIF1A-AS2,blue,-0.113510841924758
RABAC1,turquoise,0.19874557043114
LIN37,turquoise,0.0244846725099502
COL24A1,blue,0.323143139684437
SH2D2A,turquoise,0.136607600598902
CASQ1,green,-0.266065644308387
BRD7P3,blue,0.213762981188639
LOC728228,grey,0.0989684052945148
LOC100507254,green,-0.298572821312457
CCNI2,brown,0.49919420518464
FAM209B,turquoise,-0.143189485675784
TC2N,green,-0.395662903001475
PPP1R32,turquoise,-0.152139055585549
DUSP5,blue,-0.215588776058521
CHMP2A,turquoise,0.0833586382660948
LOC100303749,blue,-0.150552699510417
P2RY6,brown,0.683236326151703
C15orf26,grey,-0.139529937172808
TUBB2B,turquoise,0.117015763221529
SULF1,brown,0.817834559664851
USP18,grey,0.0568992681921649
PABPC1L,turquoise,-0.121704520652928
CLCA4,turquoise,-0.08698107815295
SNORA3,blue,-0.187930177629947
ZNF547,brown,0.68359157884867
TF,blue,0.531189620732493
COA6,turquoise,0.302627934487
LINC00675,grey,0.0187403437604032
STARD4-AS1,blue,0.3028845281916
LOC441081,blue,0.0457411098778942
MROH9,turquoise,0.103431625575306
PTCHD1,turquoise,0.375260349992647
UCN3,grey,0.127386651794771
SNORD127,brown,0.512941671476253
MIR4442,turquoise,-0.126577190503455
SNORD48,blue,0.0929576679685024
MRPL36,turquoise,0.257397121603218
LSP1,turquoise,0.215100646108501
TNFAIP8L2,blue,0.444766848024953
AANAT,grey,-0.0895020833700484
EXO1,brown,0.421524702938915
LOC645638,yellow,0.465557225085166
ST20,turquoise,0.264026422812048
ARHGAP44,yellow,0.727324019838482
DKKL1,turquoise,-0.250380509956098
GPX1,turquoise,0.145696200316518
SIVA1,turquoise,-0.2241533806245
SLC14A2,grey,-0.142742649197965
FTH1P3,turquoise,0.392530102973491
ACOX2,turquoise,0.419898450515465
TWIST1,brown,0.547551001067568
SOX9,green,-0.795336915442728
KLHL7-AS1,grey,0.0848888857078594
SOX2-OT,turquoise,0.0568565062356272
WDR65,turquoise,-0.179587102678255
NANOS3,turquoise,0.114316862670707
WTAPP1,blue,-0.110619049371897
AP1S3,yellow,0.451698766563573
NCAPG,brown,0.606155630093971
GSTM4,turquoise,0.101681065140862
MT1E,grey,-0.111097607252235
TSPAN2,brown,0.607266062169724
LOC255130,blue,0.0635571900241079
SELV,turquoise,0.252444757495421
COX17,turquoise,0.354039750712229
TMEM194B,blue,0.274611440561012
SAMHD1,brown,0.357153428376892
AP1S1,blue,0.202605666967899
OR10A5,blue,0.113819979626378
NFAM1,turquoise,0.484931692671448
SLIT3,yellow,0.266063431429354
ARHGAP11A,brown,0.459614404270899
RNF122,grey,-0.0783036481327237
RANGRF,turquoise,0.0215981285640226
CD68,turquoise,0.180976268733553
SNORA13,grey,0.0882274109327362
RPS5,turquoise,-0.140724719025942
C14orf105,yellow,0.170374174804925
LINC00710,brown,0.459233815268518
LOC100130348,grey,-0.0442513054200896
TAS2R39,grey,0.119545791564902
TMEM91,turquoise,-0.168593429243796
ALAS2,grey,0.117849623140239
DLK2,brown,0.497705185214381
RASA4CP,turquoise,-0.0265304169948146
ANKRD7,brown,0.309846939140639
SLC2A1,green,-0.868751429984089
HSPB7,green,-0.369863770406128
SNORD55,blue,-0.235328821969085
CACNA1C-AS1,yellow,0.187302572985736
STARD13-AS,blue,-0.116944806986134
MCF2,grey,0.0254858266544668
IFI6,turquoise,0.289658922034469
MRPL42P5,blue,-0.155110485901947
FAM26F,turquoise,-0.186571674244734
FIGN,yellow,0.373807034670876
GJB7,blue,-0.131969604770226
SWAP70,blue,-0.381750371112825
ZAP70,grey,0.237152886333364
MMP16,blue,0.267669290188593
GPR88,brown,0.488272295196441
METTL21C,blue,0.184983467997896
SCNM1,grey,-0.0796680696088742
TNP1,turquoise,0.113105588422694
MRPL43,turquoise,0.0246023897653
PCDHA3,grey,0.0703129559291242
SNORD116-20,blue,0.0579689094234784
KIF15,brown,0.479518382782783
PPM1E,blue,0.152041620576035
FAM66A,blue,0.119882661992571
ZNF541,turquoise,0.326009634110095
LOC100288637,brown,0.445836649861293
C1QTNF3-AMACR,blue,-0.0187365301301097
FRMD6-AS1,blue,-0.153417709839077
CLEC3A,brown,0.392524400914994
C1orf95,turquoise,0.0585698088804095
SNORD102,blue,-0.259615176017316
OVOL3,grey,0.0262787120897067
CTDNEP1,turquoise,0.169345104630295
GRIN2C,turquoise,0.398760373197125
TAPT1-AS1,turquoise,0.159047248325108
SLC16A13,grey,0.16866396071772
RNF150,grey,-0.125610386120646
RASSF7,green,-0.736206734078552
C22orf15,turquoise,0.380605112482021
OR51I1,blue,-0.142951062204617
FLG,blue,0.335545766435514
LINC00284,brown,0.378199350738791
CHAC1,green,-0.651516713488526
ORC6,turquoise,0.172129569869913
CDHR2,turquoise,0.194537698428721
PDE10A,brown,0.153485896476102
SAMD5,grey,0.307157382724265
PP14571,grey,-0.146221979484598
MEA1,turquoise,0.109966438893332
POLE4,turquoise,0.0930309551034417
LOC100129518,blue,-0.278863902443364
ZBED6,blue,-0.159542016595324
MYADML2,grey,0.158282328842712
CLEC5A,yellow,0.443185357179717
MLIP,brown,0.670748321256793
CYP19A1,turquoise,0.521286529740408
PDGFC,brown,0.771968716523127
NOD2,green,-0.732412165333233
BOLA3,turquoise,0.404592112293877
DENND2D,blue,-0.13478034643077
ATP6V1G2,turquoise,0.415032320956187
GRB14,turquoise,-0.0730538004518008
NAIP,blue,0.148676058801894
PIANP,turquoise,0.44697307002388
KRTCAP2,turquoise,0.177154066590598
REN,green,-0.22470909520025
PLEKHG1,brown,0.684060865787797
DGKH,blue,-0.0963854613334428
HBP1,blue,-0.289047710513744
LINC00643,turquoise,-0.0117341941038247
SNORD114-19,blue,-0.451575060767232
IP6K3,grey,0.343094832965703
FAM83C,turquoise,0.340335036843203
HCG26,turquoise,-0.0681861362994766
LOC440335,grey,0.183603297215607
TMEM56-RWDD3,blue,0.305186021086326
LOC729041,turquoise,-0.119295474705911
TACSTD2,yellow,0.455355089441964
CD55,brown,0.689665367004133
RTN1,brown,0.721005875623952
ADAP2,yellow,0.301158138707356
SP6,turquoise,-0.143568538035746
USP43,yellow,0.134845713214043
CCNE1,yellow,0.507690207726577
DOK1,brown,0.394987345403204
PDF,blue,0.0135562043935541
ADHFE1,turquoise,-0.377979522568441
FOXP3,turquoise,-0.15075462712585
RCAN2,grey,-0.100015558561699
LMNB1,blue,-0.137267787837223
RSU1P2,brown,0.34229426394731
OTUD1,blue,-0.520830844171427
STAC2,green,-0.724584168638216
ARMCX5-GPRASP2,blue,0.0483880294869824
SLC38A3,green,-0.801482469706999
LOC653653,blue,0.0574606268822267
LOC728752,grey,-0.000130433003876475
GDPD3,turquoise,0.286445846540896
TENM3,brown,0.624208004996947
UCA1,blue,-0.299850877114699
COX7C,turquoise,0.0422491828840555
EPPK1,turquoise,-0.144556549941452
RBPMS2,turquoise,-0.401152378148116
GLUD2,blue,-0.0284113527621474
ZMAT4,grey,-0.38972705659683
TRIM22,yellow,0.338708794651622
GRIP2,turquoise,0.474957435087357
EGF,brown,0.404390884388673
SMA4,blue,-0.211764244914491
C5orf27,grey,-0.246988381599003
MZT2B,turquoise,0.0743121911816661
PON1,turquoise,0.00334794811658331
SNRPA1,turquoise,-0.248194250734203
GLRA1,grey,0.088325098652667
SNORA75,blue,-0.354555948215699
C17orf47,blue,0.103324138043532
RPA4,blue,-0.0600622352885696
C17orf78,brown,0.564424089641371
HCP5,grey,-0.239979897315408
LIMS2,turquoise,-0.302411419409138
C19orf80,grey,-0.312727799785537
JAZF1-AS1,turquoise,0.143617719121873
MECOM,grey,-0.259660950162876
GYPA,grey,0.134153569745494
ABTB1,turquoise,-0.428240922159981
SPDYE1,blue,0.284721856335083
INHA,turquoise,-0.427154657843
OMD,brown,0.417443791370268
REM2,green,-0.44653973860857
POU5F1P4,blue,0.156430660569181
FXYD6-FXYD2,blue,-0.0809791606858761
SAMD3,yellow,0.435131564856739
FAM133A,brown,0.5696148801617
GJB3,turquoise,0.247024257424132
CAMK2N1,turquoise,0.496954044030801
HOXD11,turquoise,-0.303370539611546
PTGES,yellow,0.59961438400216
CREB3L1,turquoise,0.168130382281611
SAMD11,blue,0.0199022976512912
MCAM,yellow,0.277615455921295
FLG2,brown,0.527355937861991
LOC100128881,turquoise,0.485786610992276
ZC2HC1B,brown,0.382077301125735
LOC646626,grey,0.0272752938755412
SNORD38A,green,-0.49420145851861
ABCA1,blue,-0.52024417108006
GOLGA8I,green,-0.273092295586195
LINC00238,blue,0.334119470062556
ALDH1L1,green,-0.743600316080967
PRAP1,blue,-0.127273901910356
LMOD1,turquoise,-0.275273844626351
TDRD1,yellow,0.23769021571067
ATP5G1,turquoise,0.396549590871285
ADAMTS18,turquoise,0.0401137657562901
COL6A5,turquoise,0.123741105680294
CHRDL1,turquoise,0.150801226200116
ORM2,blue,-0.191505348851841
IL5RA,turquoise,0.172584411279681
TREML3P,turquoise,0.200776009653058
ARHGAP26-AS1,grey,-0.0948131384723898
KIF5C,brown,0.560706776649341
GGTA1P,green,-0.572708891430939
ZNF224,blue,0.00348550349062407
MON1A,brown,0.569705830172109
CYP7B1,blue,0.365920171882279
PCSK2,yellow,0.402359683505062
UQCRH,turquoise,0.0572646325508161
PCSK4,turquoise,0.201624056875736
STRA6,turquoise,-0.499069205577491
C1QTNF2,brown,0.639632246313993
IGFBP7,turquoise,0.351966447261272
MIR4265,grey,-0.0173772494288779
FLJ36777,turquoise,-0.287239785303279
SHISA3,turquoise,-0.403232846440354
EDN1,turquoise,0.0647086437484228
NID2,blue,0.427688139232109
REP15,brown,0.510735335558344
CCDC163P,grey,-0.105871688159436
TAS1R1,green,-0.663285871300588
EDNRA,yellow,0.340803149035421
LZTS1-AS1,grey,-0.075708149180017
B3GALT2,blue,-0.156596619612922
DGCR9,turquoise,-0.0338421846300863
RAB6C,turquoise,0.0876980047669892
FOXA3,blue,-0.402661178292086
TAF9B,blue,-0.428389170363282
B3GALT1,blue,-0.275242613981049
NDUFS7,turquoise,0.239312555861554
AOC2,brown,0.691911638272195
SNORD83B,blue,-0.127669453561964
SAPCD2,grey,0.140059392159077
ANKRD50,blue,0.457350408161568
SNORA42,blue,-0.420467498497546
OLFML2B,brown,0.685860682665333
AXDND1,grey,-0.252341094491272
ANK1,turquoise,0.334865964328481
GH1,turquoise,-0.110557687138733
PTPRN,turquoise,0.0326169926571553
ZFX-AS1,blue,-0.176147600032569
CASZ1,turquoise,-0.437389880025043
LMO3,grey,-0.295462158330277
SLC16A10,brown,0.579345515118219
PPP1R3C,blue,-0.650182980966694
RPS12,turquoise,-0.0412875405403592
SHANK2,turquoise,0.208151939910557
VASH2,brown,0.477689971195957
WDR11-AS1,brown,0.341775925261636
HAGHL,turquoise,0.479021597050054
FAM81A,turquoise,0.147636567807216
KHDRBS3,yellow,0.457498226705416
HIGD1C,blue,-0.176550907043192
GRM1,yellow,0.206011043057246
TCEAL2,turquoise,-0.211702261568577
RDH5,blue,0.182732532251449
SLC6A15,green,-0.324736074180673
CLUHP3,green,-0.637673302930964
FKBP14,blue,0.361683190398261
MEI1,turquoise,-0.340975819514965
GPRC5A,green,-0.750850087608677
C1orf189,grey,0.346121173730717
FMR1-AS1,grey,-0.188874514628053
CDC25A,brown,0.481602525004478
DPP4,brown,0.460148434078027
ZBTB20-AS1,blue,0.161991333605892
SLC6A6,blue,-0.166637846531796
CACNA1I,yellow,0.408076804503016
SERPINI2,grey,0.160067281754381
CEBPA-AS1,grey,-0.0451949585922864
SOCS3,blue,-0.472015045068185
C9orf142,turquoise,0.512262205573711
ATL3,blue,-0.0489338538667803
HS3ST1,turquoise,0.309913092465976
CLEC18A,grey,-0.0855830995444895
DOC2B,blue,-0.0160767366752586
SOSTDC1,blue,0.11020583797852
KPNA5,blue,-0.180886201654714
RARRES2,turquoise,-0.144388843697905
PLA2G2A,turquoise,0.33745150639144
LOC649395,grey,-0.0423503316041785
IGFBP4,yellow,0.480572580467255
LRFN5,blue,-0.368065059572439
SLC2A12,brown,0.643783713709539
NXPE2,blue,0.0173665084218194
TMEM170A,blue,-0.0332845426117446
NDUFB6,turquoise,0.196480758187541
FAM83G,green,-0.618413199327197
GCNT7,blue,0.0581499651294146
FDPSL2A,brown,0.442270108649587
FHDC1,green,-0.74096445416179
FRS3,turquoise,0.384066972727365
FAM180A,brown,0.315067636254123
FAM46A,blue,0.320432505972702
LOC642236,turquoise,0.10762063170137
HIST2H2BE,turquoise,-0.280560651793057
COA3,turquoise,0.221888935793189
MGST3,turquoise,0.310886654788654
MIR27B,blue,0.128099060026441
C2orf70,green,-0.335225434411726
KLHL34,brown,0.429773979715165
MIR573,blue,0.0516715475997315
KCNK7,green,-0.630243423920099
AURKAPS1,blue,-0.110612228250407
SLC22A13,grey,0.196126447674117
PLS3,blue,-0.0740795582355475
TRIM34,grey,0.0306829228683656
TMSB10,turquoise,0.380733168843455
CALCRL,blue,-0.0849628742499904
PPP1R42,grey,0.365611837468568
TSKS,turquoise,-0.138823948700317
TGFBRAP1,blue,0.120318879351794
NCF2,brown,0.526207828753158
OR1K1,blue,0.35145073815439
ITGA1,blue,-0.182429851765001
PPAN,turquoise,-0.00840768495091023
ACSS1,grey,-0.432721642918627
TAC1,grey,-0.189340736839799
LOC100507547,turquoise,-0.378109793030062
ABCC8,turquoise,0.170310983213163
ERAP2,blue,0.196395920207594
EDAR,yellow,0.182230726720287
LOC100506801,green,-0.65200212677567
CYLD,blue,-0.248606870318083
PCBP3,turquoise,0.118338283686252
ANKRD13B,turquoise,0.122550304817687
KDM6B,turquoise,-0.549377681881924
WDR86,green,-0.411266326272509
VENTXP7,blue,0.52093966811214
KRBOX1,turquoise,0.198210710122937
PCP4L1,brown,0.621985494007912
PAG1,blue,0.149306850576892
MIRLET7DHG,blue,0.249507078507863
CYSTM1,turquoise,0.0587720413955557
SCG5,turquoise,0.343433638214296
ALG10,blue,0.161608070360901
RNASE8,blue,0.121869130016849
FAM19A5,yellow,0.384073585037564
GPR89A,turquoise,0.151202029199301
SNORD114-21,blue,-0.261665401999519
LOC441204,turquoise,0.0992317848235901
GABRR1,turquoise,-0.0225032507177654
UTS2,yellow,0.387718035558852
LOC255167,turquoise,-0.0381229191185133
MGC16121,turquoise,0.317731009469964
LOC100132146,turquoise,0.0108549779679699
SPINK6,grey,0.0405077340381271
AMBP,grey,0.200794133898501
TINAGL1,green,-0.636863940835126
KPNA7,turquoise,-0.331475747871776
LSM3,turquoise,0.181429979958681
MEG9,turquoise,0.340315728434535
POF1B,blue,0.0135513875637603
SF3A2,turquoise,-0.196537909730303
BHLHE41,green,-0.759637085858786
ENPP6,brown,0.615640323068973
UPP1,turquoise,-0.537934216792992
ELTD1,grey,-0.0196303896146449
BCL11B,turquoise,0.255509272213268
SLCO1C1,turquoise,0.29198059571455
GBA3,blue,0.130190915144625
PWRN1,yellow,0.367565269385227
F2RL2,turquoise,0.15404166335969
NR5A2,turquoise,-0.0203745551113099
FAM162B,turquoise,0.0231392166361025
MIR103A2,grey,0.0536555172945737
ANKRD20A19P,turquoise,0.201962876789038
ZNF32-AS3,turquoise,0.367895007880297
SUN3,turquoise,0.0347885334653337
E2F2,yellow,0.4702573418378
MT1DP,turquoise,0.172845248019821
ZNF727,blue,-0.0323762674877181
SACS,blue,0.256243390199688
FAM182B,turquoise,0.0497115467663774
CFL1P1,turquoise,-0.021464224779226
MXRA5,brown,0.656198817898313
CRABP2,brown,0.501254133387913
KIRREL3,turquoise,-0.208738238853164
UHMK1,blue,0.13003551173687
NME2,grey,-0.126828075508306
EXOC3L1,green,-0.388426790725694
GALNT9,grey,-0.385003999635829
MRPL34,turquoise,0.192156738067792
CCDC87,grey,-0.234483434597146
C9orf50,turquoise,0.100493506382489
CRLF1,yellow,0.64448481103422
NFIX,turquoise,-0.0826770285534777
FXYD2,grey,-0.175557192482361
TMEM88,turquoise,-0.362013151962185
PTENP1,blue,0.111233305014524
C9orf64,blue,-0.00293431950801757
RPL13P5,blue,-0.11288875426143
ERMP1,blue,0.22895795474395
TUBA4A,turquoise,-0.268718883362123
LOC100129269,grey,0.199537306092787
ASRGL1,turquoise,-0.140705887347162
GPR37L1,grey,-0.0393025791899353
AHRR,turquoise,-0.000297536188649319
LSP1P3,blue,0.0592949210164189
ZP3,grey,-0.198680269805826
POLR2I,turquoise,-0.0224096811502177
FAM126A,blue,0.284359154524895
RHEBL1,grey,0.0954116436183677
LINC00654,blue,0.454673122429319
OMA1,blue,-0.143517789876777
LOC283038,turquoise,0.364240153108784
RANBP3L,blue,0.156564530735058
PPFIA2,blue,-0.0983604615396433
TRPM6,turquoise,-0.0931791407036079
C1orf122,turquoise,0.227878697087666
CRISPLD1,brown,0.40925766806875
SEMA5A,brown,0.565204331073165
PEMT,turquoise,0.180816175356538
DKFZp686O1327,blue,0.508597581100934
TICAM1,grey,-0.420346532124466
SLC5A12,turquoise,0.147497913246511
FAM213B,turquoise,0.634082790276477
EMILIN3,blue,-0.078520205239505
FKBP5,green,-0.2350640661662
ATP2B2,turquoise,-0.144203665656893
BORA,blue,-0.0213537490280664
G0S2,green,-0.564166504556266
LPPR3,green,-0.443606670637413
GNG3,grey,-0.133240241138423
CDH17,turquoise,0.167286576210963
CTTNBP2,green,-0.389821440851124
STOX1,grey,-0.0299914789085819
C18orf21,turquoise,-0.182466792871467
KSR2,turquoise,0.131709413959821
MYCBP,grey,0.0587328183078736
MYH13,turquoise,0.273695032636982
C12orf70,turquoise,0.556116205267203
HSD17B13,grey,-0.287029578747756
MIR5002,blue,0.114665901413509
MIR553,blue,-0.120178193287178
SIGLEC9,yellow,0.189895536688484
MYEOV,turquoise,-0.0924479953931045
LMO1,turquoise,0.351211871368971
GPR149,turquoise,-0.0191735780724442
CHGA,grey,-0.125335208725301
LOC100126784,green,-0.491956714375848
TRDN,turquoise,0.08069945653206
FAM83D,yellow,0.456222717972612
CUX2,turquoise,-0.116162456274076
LIPG,turquoise,0.255174230994085
TESC,yellow,0.365561066489631
LOC100130301,blue,0.3393463430871
SNORD114-25,blue,-0.315004889714019
FLJ39080,turquoise,0.241209170230024
LINC00470,turquoise,0.46518299060944
SIGLEC11,turquoise,0.118002904428276
SNORD116-28,blue,0.135614713585023
DKFZp779M0652,turquoise,-0.173721691549341
TCP11,green,-0.382235127748041
VAT1L,brown,0.607093542575455
TSPAN15,brown,0.54324901510101
PPP1R16A,turquoise,-0.0569659723396871
CRIP3,turquoise,0.303254709061424
C16orf89,grey,0.073678185948156
MUC5B,turquoise,-0.238729635524746
TMEM150C,brown,0.472774146687524
TCEAL4,turquoise,0.0497169310347571
PDIA2,grey,0.0746047147156557
TAS2R50,blue,0.479791467622032
THBS4,blue,-0.0549480333768681
LOC100129858,turquoise,0.262474189306954
SFTPB,grey,0.129965744725354
A1CF,brown,0.292678203397983
NTN3,brown,0.324033163837432
OCEL1,turquoise,0.0601269770146978
NEU4,grey,0.0609137889441704
TTLL7,blue,0.00196364284840871
NTHL1,turquoise,-0.196956517795205
GNB3,turquoise,0.0718998620742049
HSPA4L,blue,-0.485192212037406
CDKN1C,turquoise,-0.351386087345526
FABP5,turquoise,-0.00783423906370533
RPL31,turquoise,-0.0553933765150735
ALX3,blue,-0.232491429104165
CXADR,yellow,-0.172084172547932
EFCAB10,blue,0.317946114855451
CBWD3,green,-0.439321724654281
SNORA67,blue,-0.554974962561447
CCDC27,grey,0.0881528922723821
MIR222,grey,0.0410025405291351
SMG1P1,blue,0.104351368669219
MRAP,blue,0.382082166971268
C1QTNF8,blue,0.0825315555898114
CDK17,blue,-0.353324838097513
GPR82,blue,-0.13631246335805
IRF8,blue,0.276329103424109
CIC,turquoise,-0.1013179841881
SMIM17,turquoise,0.301984929804881
GPX3,green,-0.544119240948843
ARHGDIB,brown,0.746418280872175
MAP1B,brown,0.649714448225005
MNT,turquoise,-0.363886568884271
ABCA4,turquoise,-0.0276658127564622
LOC286367,turquoise,-0.181207496466608
USP30-AS1,grey,0.193573896596223
TMED10P1,turquoise,0.206749432629647
ZNF544,blue,0.158701239187053
TMPRSS12,turquoise,0.213831716377176
LOC100505806,turquoise,-0.00378221946523617
LRRC33,yellow,0.438010442114227
MILR1,brown,0.379946622348176
CEP78,blue,0.219198863418988
MAMDC2,brown,0.65624156352162
LANCL3,yellow,0.396053389210191
IFI44L,yellow,0.338000063838175
ATP8B4,brown,0.430405857468348
CCR9,blue,-0.318529967939115
CA1,blue,0.3247753508199
ASPG,turquoise,0.160449745396218
COX5B,turquoise,0.049666264090696
C9orf9,turquoise,0.0403595972518703
NPC2,turquoise,0.0721307024691081
NCAPH,yellow,0.320965002173172
GPR137,turquoise,0.20577486365741
RNF5,turquoise,-0.00888575437727672
MYH1,turquoise,0.0330817462634772
TNNI1,turquoise,0.0490753347098079
MYT1L,turquoise,0.0858599148335442
IL2RB,turquoise,0.303261341909825
SNORD114-17,blue,-0.399474634284008
KCNG3,grey,-0.322138943029881
PAX3,turquoise,-0.0467508502749275
TOX2,turquoise,0.00480600765649115
RASGRP2,turquoise,0.00271941916681623
DBX2,turquoise,0.00974084403830811
LRRC31,turquoise,0.217348401631953
LOC100506274,turquoise,0.11265353922382
CPNE4,yellow,0.338901694560177
HRH2,turquoise,0.141345768567416
TMEM8C,grey,-0.0489915251860181
ITK,turquoise,0.279619914416969
HNRNPA1P33,turquoise,0.145756129565471
TKTL1,turquoise,0.232251043719916
LINC00486,yellow,0.157753876317058
RCVRN,turquoise,0.243107366378881
OR5K2,blue,0.18546224134707
MLXIPL,turquoise,0.0204543761658498
CERKL,turquoise,-0.256724442060219
RTN4RL2,grey,-0.29814713839802
C7orf71,yellow,0.388573492876953
MIR3607,grey,-0.162259468390863
FABP7,grey,-0.0632800520661664
APOC1,turquoise,0.276350089203771
MAFA,turquoise,0.216668271743859
MIR637,blue,0.464048818261422
MALL,grey,0.131631350875566
NRCAM,grey,-0.385522848601495
OR2A2,blue,0.249264140997585
LINC00160,green,-0.33690466895237
PLEKHF2,blue,-0.294391714950589
SAMD12,green,-0.469785842326075
CYR61,brown,0.671238644900183
PDLIM4,turquoise,-0.612692648454164
ACADL,green,-0.707920554341812
GPR68,brown,0.651910672553139
LOC200772,turquoise,0.118000395233326
PTN,turquoise,0.496558545331777
MCF2L,turquoise,0.218270951918874
C2orf88,blue,0.25069357150721
LOC285593,turquoise,-0.271132456622642
FST,turquoise,-0.434752994017113
ZFP36,green,-0.652464953286462
LGALS3BP,grey,-0.117836762039388
LAMC3,green,-0.575321428615471
MKNK1-AS1,blue,0.178673791691268
OR51I2,blue,-0.203005104839795
LOC100132247,grey,-0.0302013978288712
SLC30A2,grey,-0.389416775900989
COL4A2,blue,0.0879732413877987
DDR2,blue,-0.307759714829965
TMEM53,turquoise,-0.131353066533854
AQP1,brown,0.530470462218578
PKD1P1,blue,-0.279946575270776
LRRC69,blue,0.139451270259739
CYP17A1,turquoise,-0.375282273301686
POU3F3,blue,-0.158273289913611
TRPV2,brown,0.608227581472712
CD247,turquoise,-0.066908760007549
H1FOO,grey,-0.3138403984757
LSM10,turquoise,0.156633362431855
NCRNA00185,grey,-0.234555643332458
SUV39H2,blue,0.278548510360899
SYN3,turquoise,0.180986660381061
LOC100130476,grey,-0.139183759672299
DCST1,green,-0.401321949281105
ART4,grey,-0.111299566258817
PODNL1,turquoise,0.473641502105691
LOC440518,turquoise,-0.502379627699125
PRDM16,green,-0.605915399064447
TMC3,green,-0.446221432669865
EPN3,brown,0.377017323527295
EYA4,yellow,0.437424863030432
GP6,turquoise,-0.106639049479985
PRR22,turquoise,0.258020586308651
GABARAPL2,turquoise,0.208587916143301
ARNTL,green,-0.692031231129252
SLC35G1,blue,0.334515714061786
SSSCA1,turquoise,-0.196518025933462
C7orf61,turquoise,-0.273004666385102
CCRN4L,blue,-0.124136408818113
TRHR,brown,0.54461149062869
HAO2,grey,-0.18958669448047
SLC40A1,blue,0.366332926090362
TBXAS1,yellow,0.495247607984167
GPR26,turquoise,-0.247976079181881
CSRNP3,yellow,0.541588496543341
LOC201617,turquoise,-0.0725144487221921
RASIP1,turquoise,0.256420866552609
LFNG,turquoise,-0.118196871360602
RAB3IL1,turquoise,-0.39183290080494
BSPRY,grey,0.12119424031005
TENM4,turquoise,0.341747783511425
ST3GAL5,green,-0.765823019881597
XKRX,turquoise,-0.0686833334975421
P4HA3,brown,0.779895744604996
RNF39,green,-0.819723593815903
GLIS2,turquoise,-0.0692315696242901
GUCY1A2,turquoise,0.129454011191554
PIGA,green,-0.717484902378014
LOC389332,grey,-0.0362944234885901
NCAM2,yellow,0.453831067504374
ITGAL,turquoise,0.00983343233240712
DSC3,grey,0.181632982336154
GRIN2D,turquoise,0.526638114090772
C8orf86,turquoise,-0.276443833881896
LOC100130880,blue,-0.165021157515856
KCTD20,blue,-0.114104878387202
NAT6,grey,-0.353467236602815
FOXC2,grey,-0.467874352727575
LBX2,brown,0.532268901136539
LOC90246,brown,0.24452055855695
C2CD4B,green,-0.612557673112899
PKP2,turquoise,0.194855827955903
MYH6,turquoise,0.166329951106829
LRRC38,turquoise,-0.123993796095127
VWA3B,turquoise,0.15911727986188
NEFM,turquoise,0.373227498801877
FOXE3,turquoise,0.315221695093715
P2RX5,turquoise,0.131494411158568
HIST1H3J,brown,0.422289341846139
SCEL,turquoise,0.180509833406708
GADL1,turquoise,0.0646245897040041
RHO,turquoise,0.124921397160231
TREML4,brown,0.357501250315395
PHYHIPL,turquoise,0.142140570458732
LOC285758,grey,0.121327127980341
MIR624,blue,-0.188060538154762
TBX22,turquoise,0.239149726246643
THEGL,turquoise,-0.312459146310977
PLA2G4F,turquoise,0.139662938747489
LOC100505679,blue,-0.301786997767223
BCL2A1,grey,0.220489099344773
HIST1H2BM,grey,0.29639554844475
LOC100422737,turquoise,0.262589289255354
SNORA69,blue,-0.271235682175231
C1orf94,turquoise,-0.123898283615933
IL13,grey,-0.0777932206070234
MIR597,blue,-0.238953396738355
UBE2NL,grey,0.347704978536453
TUBB4B,green,-0.853472122136891
MGC39372,grey,-0.102536140978826
ADD3,blue,0.167745033160636
KLHL32,yellow,0.363963485800476
MT1A,green,-0.352849853909804
SLC30A8,turquoise,0.133300570973507
GATSL3,turquoise,-0.10538109998446
LINC00163,turquoise,0.0875888972417335
SCARNA21,blue,-0.0347904579914824
CENPE,brown,0.524554670926669
HHIP-AS1,turquoise,-0.0715425834503209
RGS19,turquoise,0.569974694152726
DBH,turquoise,-0.107335474507159
CYP2G1P,grey,0.04466509918464
ZNF625,blue,0.00117682836745934
FADS3,turquoise,-0.316087908811041
SLC22A18,turquoise,0.0195896370348121
MMP2,yellow,0.433391665292984
TGM2,turquoise,0.495293885170191
NOSTRIN,yellow,0.169931272887186
CCDC114,turquoise,-0.25555967017951
SPINK13,brown,0.259904315000363
NDUFB3,turquoise,0.36992086348172
ANKRD13D,turquoise,0.333647375975171
HSD11B1,grey,-0.371584101476752
PANK1,brown,0.588600450119212
GDF9,grey,0.0516864997497988
CABLES2,turquoise,0.0842890097080936
LOC284751,turquoise,0.151830666867602
CCDC12,turquoise,0.0382440515046876
BCL6B,yellow,0.369470570621991
NPM2,grey,-0.17000017829383
SPOCK2,turquoise,0.0791203295051771
SLFN13,turquoise,0.0185156786271394
PKP1,grey,-0.03376918838991
LSAMP,brown,0.481507084561889
MGC15885,turquoise,0.294105026060642
THSD4,green,-0.596014254983768
NBL1,blue,0.0418556832507571
DACT3-AS1,turquoise,0.0472046663525575
TNFRSF4,turquoise,-0.208894290967525
KCNIP2,turquoise,0.214980212980193
TENM2,brown,0.182257669462226
ALDH1L1-AS2,green,-0.537772664138563
STAB2,turquoise,0.421442682128804
HSPA1B,blue,-0.317204783149611
FGF2,blue,-0.0886022331988829
PIRT,grey,-0.0275927455556586
USP17L2,grey,0.283799788206273
STK31,grey,0.101091779036738
CA3,turquoise,0.268911953805325
LOC100129216,blue,-0.123151040779862
PAMR1,brown,0.157141370417396
C17orf96,blue,-0.394851464651146
LOC100129924,grey,-0.0714600991546187
DLGAP5,brown,0.395110298169354
PRSS50,turquoise,0.0841206826850135
SNORA84,green,-0.511955136557171
SYNC,brown,0.415239788246604
ZNF518A,blue,0.11251407522328
GPNMB,brown,0.283870857917706
HCG9,green,-0.460654095152715
CMTM6,blue,0.381115278731356
STEAP2,blue,0.101944827126601
GABRA4,brown,0.529760250778135
FBXO39,yellow,0.0935352552282046
HAS1,yellow,-0.038247605729319
CHCHD2,turquoise,0.090165641245473
CAMK2B,turquoise,0.33670452604698
MSL3P1,turquoise,0.497913968605172
FLRT3,blue,0.244908968772954
RPPH1,blue,-0.165940045651157
BROX,blue,-0.220212127596913
CES3,turquoise,-0.0412453724858182
PCP2,grey,-0.204421806681782
ADAMTS1,blue,-0.0658499279797423
NINJ2,turquoise,0.29946934914924
BATF3,turquoise,-0.0281955477206819
C9orf131,blue,-0.223607160604902
SNRPA,turquoise,-0.255512793632268
KRBA2,blue,-7.06419756551016e-06
LIG4,blue,0.157362321176275
IFNK,blue,0.0476128318284251
TRPM3,blue,-0.418045254559053
HLA-G,turquoise,-0.20778367802448
ARHGEF38,turquoise,0.492626126260179
GSTT2,grey,-0.216217764655492
GRASP,turquoise,-0.591013574385472
FAM101B,brown,0.344398049879822
ACTC1,turquoise,0.23809199515014
USP17L7,blue,0.148525799243223
PODXL2,grey,-0.194583565232227
NPY6R,blue,0.0670075620663185
SBF1P1,turquoise,0.30889946582749
FAM53A,turquoise,-0.2513138066857
RPL26,turquoise,-0.0543540265080316
EME2,blue,-0.0219349129888952
LRRC73,turquoise,0.0369772277849322
FNTB,blue,-0.0476323085963767
TTLL13,blue,1.7116363854694e-05
JPH4,turquoise,-0.152579522114253
OR6A2,blue,0.335016066488963
SYNDIG1,brown,0.610646267229609
TCEB3B,blue,0.176551044551087
SLC26A4-AS1,brown,0.501312779713516
RLTPR,turquoise,-0.138805264461511
PCAT1,grey,-0.260484432944199
OR2AG1,blue,-0.313824217062401
HRASLS5,blue,-0.269364847017472
DGCR6,turquoise,-0.187583666709639
SELP,brown,0.457250104421521
IL7,blue,0.0684409575410519
MIEN1,turquoise,0.367449012768293
PLAT,grey,0.196471732296652
SHC2,turquoise,0.340315353530187
SLC36A1,brown,0.618071888855451
LRP1B,green,-0.507262334205319
GNMT,turquoise,-0.247255328424945
KXD1,turquoise,-0.0108605349289734
WDFY4,turquoise,0.277905154704426
CISD3,turquoise,0.0964436704663122
FER1L6,turquoise,0.302683501977721
XKR6,turquoise,0.208840901462502
SLC36A2,turquoise,0.11613615448273
TRIM72,turquoise,0.0251404693146528
LINC00578,turquoise,0.152920235032499
PTGDR,yellow,0.35506212274327
MIR194-1,blue,-0.0371216692096008
SCTR,turquoise,-0.174331665959113
KRTAP16-1,turquoise,0.145696604124154
MIR548O2,blue,-0.309666794735932
TAS2R9,brown,0.367694919247026
MRGPRE,grey,0.0160492194463507
ESPN,turquoise,0.0258867651424974
LINC00161,grey,0.14110952443232
SNORD11B,blue,-0.273644484016661
SPRNP1,turquoise,0.409514636911088
OR6W1P,turquoise,0.185240021594093
MIR554,blue,-0.220049795277406
RNF103-CHMP3,grey,-0.0445271166958395
S100G,blue,0.15440882412943
ADAM7,turquoise,0.0569316360551168
LINC00570,turquoise,-0.0844443736005196
FLJ22447,grey,0.242353413933349
MIR100,blue,0.483698089596199
RTN4R,grey,0.14204430609597
SCO2,blue,0.258899828510557
TMEM145,turquoise,0.216119007785484
MIR193A,blue,-0.0376027136342402
MIR199B,grey,-0.257103840761607
FAM133CP,blue,0.333780002888184
LOC100133985,green,-0.435459237040497
ATP6V1F,turquoise,0.17432362154492
BIK,grey,0.12077676649877
EPT1,blue,0.0939917444882926
MFHAS1,blue,-0.159061766105691
LOC400043,turquoise,0.080523081180881
FLJ37201,blue,0.496488182702293
SLC22A18AS,turquoise,-0.0173923933277803
MAD2L1,blue,0.0451749927993207
HSPA6,green,-0.395170965842007
ODF3,green,-0.493491501955531
PI4K2B,blue,-0.037046554618557
RS1,turquoise,0.526143500669322
CCDC164,brown,0.61938457437889
PION,blue,0.033758681613514
ANXA9,blue,0.0832778742474834
CPNE5,turquoise,0.1288969537651
FOXF1,brown,0.271196637046721
SMIM3,green,-0.69243534374913
LRRK2,blue,-0.200838031890921
LOC100507156,blue,-0.526283460670366
CD40,turquoise,-0.260447010088945
GDF15,green,-0.457686310554127
ZEB2,blue,0.115044266544433
DPEP2,turquoise,-0.0905539707029243
TXNIP,green,-0.719293415809451
ADORA3,yellow,0.291534074137774
HIST1H2BI,blue,-0.28035101387104
BEX5,turquoise,-0.347465638715856
DKFZP434A062,turquoise,-0.36660468870592
LRRC2,blue,0.334774395271043
GNAO1,turquoise,0.142376384904628
KIAA1524,blue,0.13847742074412
ESPNP,grey,-0.176410924466375
REEP1,brown,0.533804512737554
PPP1R9A,turquoise,0.192572248397542
TMPRSS11A,blue,0.39473403903032
SERPINA6,grey,-0.204143895029977
LOC100288122,blue,-0.0559444067316433
ENO3,turquoise,-0.183772651240946
DLEU2,blue,0.0950404824609892
LOC415056,blue,0.110327122735706
OR51B5,blue,-0.245078707550631
SBDS,blue,-0.4445883003436
HSBP1L1,turquoise,0.0559125088922971
NIPAL2,blue,0.188325077426607
SH3TC2,turquoise,0.44343670278404
RPS27A,turquoise,-0.124055651969608
MID1,brown,0.419227160390332
SPSB4,brown,0.590442408807564
GUCY1A3,blue,0.216434891952927
NOV,brown,0.666398183119116
LOC100505768,blue,0.0286158651219016
NLRP14,blue,-0.247434794359067
TBCB,turquoise,0.261765290681711
FAM218A,turquoise,0.288385882919306
RPL8,turquoise,-0.208261585607348
TNFRSF21,brown,0.188942693939172
GATM,grey,-0.0335424543863321
COX14,turquoise,0.113009152397785
PCDH20,blue,0.154773478532374
ZC3H12D,turquoise,0.0440916917455671
ADAMTS6,blue,0.20092764717894
UBE2QL1,turquoise,0.417101932560442
FOSL2,green,-0.753762667093132
RPL39,blue,-0.120889190564664
ZNF208,blue,0.184256953731525
SNORD63,green,-0.597964392576608
FAM154A,grey,-0.107603411438596
INHBA,brown,0.278787190987469
HSPE1,turquoise,0.207478389701688
PABPN1L,yellow,0.402164696986137
MKNK2,green,-0.767549897560041
ASF1B,blue,-0.173935632082636
FBLN1,green,-0.533075659390157
HSPB11,turquoise,0.223517913096978
COL13A1,brown,0.52092257384907
LOC283663,turquoise,0.34381176011709
PER1,green,-0.646954004442844
SGPP2,grey,0.00500974702236982
HLA-DMA,grey,0.0121056357121584
LYRM9,turquoise,0.0801808456728391
LINC00511,grey,0.365809929551439
FAM71D,grey,-0.139216648840968
MFSD2B,blue,0.044013096429263
SRRM2-AS1,yellow,0.343736007993274
SASH3,blue,0.191294411698703
C5orf22,blue,-0.00202944051749718
MAFB,blue,0.462289023688041
SNRK-AS1,brown,0.477259345621212
CYP4A22,turquoise,0.286650727746592
AMN,grey,-0.10297630210453
LOC646278,yellow,0.200552288492141
TPP1,turquoise,0.0592584855663781
GPR3,green,-0.469614197721147
HLX,yellow,0.147681507989304
FNDC7,turquoise,0.112440529092396
CNTD2,turquoise,-0.142646393138089
MTHFS,grey,-0.217118196169843
DDX60,blue,0.00103041323328311
NEU3,blue,-0.218334503827978
LAMB3,brown,0.52725109252483
IFI27L2,turquoise,0.0285113507282486
LOC388499,grey,-0.209986551165902
NDUFA13,turquoise,0.148145003413078
MGC16025,blue,0.128740097983759
MZF1,turquoise,-0.1352400229984
DLGAP3,turquoise,-0.17169800368711
LOC401010,blue,0.106737747133734
PRR7-AS1,blue,-0.155071172033487
LOC441454,blue,0.265036889751804
RTN4RL1,turquoise,0.512341919555932
SLC2A4,turquoise,-0.445215201730252
ARPC5,blue,0.536395660729938
HIST1H2BJ,blue,0.170944543658029
TCEAL3,turquoise,-0.0211404785437248
C12orf71,grey,-0.115538024328144
TMOD4,brown,0.441690265613391
FLJ20021,turquoise,-0.344854637964637
SMIM15,blue,0.0803508059810445
RPS27L,turquoise,0.19275211885205
MSX1,yellow,0.464094580751783
SMOC2,brown,0.664799125989816
LOC100507244,blue,0.389125674057115
SEC11C,turquoise,0.0247695254085257
NENF,turquoise,-0.0856860521856873
LOC145837,grey,-0.113124946428618
LINC00571,blue,-0.132509034540789
TNNC2,turquoise,-0.323804626760439
HSPA8,blue,0.493001679029054
RPL28,turquoise,0.00318898414976676
RAB20,green,-0.689465139139963
ALG3,turquoise,0.299689221731563
TMEM174,yellow,0.393075411250796
PLXNA4,brown,0.42528690135212
GPR182,yellow,0.288902031010805
TANGO2,turquoise,0.139070184119763
ZNF492,brown,0.4441755888076
IL6R,green,-0.61755245202393
C10orf68,blue,-0.27731377054139
HTRA4,grey,-0.042330901374769
DDX25,brown,0.529734289316181
SYVN1,turquoise,-0.053449834164037
IL15RA,grey,-0.247885757335557
STK32B,green,-0.711809496565454
SIX5,turquoise,0.0304734864721928
GCM2,blue,-0.25307651637532
MIR497,grey,0.226046751986859
SLC17A9,turquoise,0.0351671622234815
ORAI1,turquoise,0.0797271439362291
CCDC79,grey,0.192999454418543
HSPA1A,turquoise,0.205972795896918
NFE2,turquoise,0.489335260291441
CDC7,blue,-0.0266590193619413
HSP90B2P,blue,-0.181421886709755
NRXN2,turquoise,0.398789410615505
DPY19L2P4,blue,-0.354023137691957
CHD5,turquoise,-0.50613087120324
EFCAB5,turquoise,0.138334838981815
LIME1,turquoise,0.490285810619749
OR2AG2,blue,0.00526968513502249
ENTPD7,blue,0.423128788448513
LOC100129534,turquoise,0.134635826667838
MIR31HG,brown,0.569807498526562
DCTPP1,turquoise,0.227430813629114
C21orf128,turquoise,0.20532558700291
DPT,brown,0.581006467039493
RAG1,brown,0.550589518966503
TM4SF4,blue,-0.0467605938480848
CROCCP2,turquoise,0.405025750283337
SUMF2,blue,-0.0603248857584923
TAS2R10,brown,0.402343037885001
ASB3,turquoise,-0.0701132803751239
PARM1,turquoise,-0.543423667771141
ARSI,brown,0.54867748010212
HSPA13,blue,-0.16958916494004
GALNT14,turquoise,0.201318820767191
TEX26-AS1,yellow,0.139755824099262
LINC00222,blue,0.0815202515430991
OR7E2P,grey,0.326599422154953
FRZB,turquoise,-0.276686074535186
WASH3P,turquoise,0.0267899108087318
ABCC9,blue,-0.114794737071231
SMKR1,brown,0.41073681121411
ASIC2,grey,-0.192061214057332
HOXA-AS4,grey,-0.0882561272529467
N4BP2,blue,0.319690125525358
EFEMP1,brown,0.744064474254633
SIRT7,turquoise,0.117009480484414
COL14A1,blue,0.232716960662335
TK1,grey,0.0313921498686629
SPATA12,grey,0.0755772378310092
CITED2,green,-0.699645669863452
LOC100130075,blue,-0.226765069685686
HIATL1,blue,0.210999749997303
MUM1L1,brown,0.530692828055557
SERINC2,turquoise,0.177333750989074
RPS28,turquoise,-0.109498818421262
TTC3P1,blue,0.00427799098514621
SNORD76,blue,-0.380313069623099
MUC1,turquoise,-0.0692819087758889
CIDEA,turquoise,-0.37105646638457
NME3,turquoise,0.108654291492469
SEPT7L,grey,0.221710209866836
CYP2A6,grey,-0.175715398257629
C16orf55,turquoise,0.152094230286718
NDUFB1,turquoise,0.237460144652993
SNORD45C,blue,-0.0750406440996332
LINGO4,green,-0.531955358450518
PLD4,blue,-0.48475058513735
NXPE3,blue,0.429402146345811
ING1,green,-0.862199775188412
LRRC61,turquoise,-0.284043993864342
PDE3A,brown,0.640125821879523
RASL11A,blue,-0.340139735656927
NAGK,turquoise,0.320197748151153
ZNF395,green,-0.878839855877868
DAGLA,turquoise,0.448974088225955
SOX8,turquoise,-0.219871206606182
PKD1L1,grey,-0.0483979328856519
FNDC8,blue,0.210815560894591
TMEM151A,yellow,0.565184901487883
LOC100506393,grey,0.226341129748306
PCDHAC2,turquoise,0.325432093261154
SPDYE6,blue,0.464281624926927
PDZD9,blue,0.353467103809467
TMEM191A,turquoise,-0.156560797740322
CLCA3P,brown,0.392311329425118
LOC100133445,grey,-0.303482008026214
FSTL1,brown,0.660778301499199
HYMAI,blue,-0.251092015064526
SV2B,blue,0.0654950811429619
PEG10,turquoise,-0.482539316287057
FBXO16,turquoise,0.25670570399731
MIR590,blue,-0.17517089300128
NTF3,brown,0.0910062109522413
CCDC74A,turquoise,0.0988466981574272
MMP21,blue,0.371093596474819
TMTC1,blue,0.0357336268178839
MYOM3,yellow,0.566826301742394
C11orf42,blue,0.164094603381395
NT5M,turquoise,0.209455682618973
ATAT1,turquoise,0.00101800778218013
LOC729609,grey,0.129652575170961
SLC35G6,grey,0.0455159994779122
LINC00167,green,-0.566769738296786
ELOF1,turquoise,0.231741623265755
ATP6V0B,turquoise,0.173989040605216
LOC100630923,grey,-0.260668062453114
LYPD5,turquoise,-0.00274769730227036
ANKRD2,turquoise,-0.00979876035503793
FCGR2A,yellow,0.35625999731631
LEF1,brown,0.464948814661238
LOC653786,grey,0.101502866158012
VEPH1,brown,0.66687069378937
NRXN3,turquoise,0.165937042740469
PAQR6,turquoise,0.151921409711576
IFI27,turquoise,0.0816886195489183
VSIG2,turquoise,0.356206809834432
ASCL5,blue,-0.0977859715105935
LOC100130744,blue,0.0848840140662655
SPRY1,green,-0.69017357947544
SCARNA4,blue,-0.269561505925226
CDKN2B,brown,0.609348921325528
SNORA48,blue,-0.223836208145582
UBL5,turquoise,0.212503883262714
LRRN3,blue,-0.0763499016011437
EPB41L4A-AS1,turquoise,-0.281452503904847
OVCA2,blue,-0.0425086859834882
GLRB,brown,0.771805772132567
ARL9,blue,-0.0559384323084068
DGKI,brown,0.393272514447838
KIF21B,turquoise,-0.377440794393624
TBC1D19,blue,0.0392560107163219
ZNF543,blue,0.330156708520744
FAM66B,blue,-0.0138491702152424
HNF1A,turquoise,0.121075180233278
SLIRP,turquoise,0.156252195900302
HEY2,turquoise,0.441572678314859
RHOBTB3,blue,-0.492283527274938
LOC340073,blue,-0.232189636255308
SNORA70B,grey,-0.285813394619702
MIR574,blue,-0.048316630259035
COL9A1,brown,0.478434502452811
ENO2,turquoise,-0.587460420829136
GGT1,turquoise,-0.0912177071191538
FAM198B,blue,0.498731545302282
USP38,blue,0.0899480974850209
MSH4,grey,0.219297332898356
SNORA31,blue,-0.419770041649858
SCN2B,blue,0.281861580852
CCDC67,brown,0.466815356226893
CALB1,blue,0.381177368308869
BHMT,turquoise,0.00711565347337138
TRAK2,blue,0.449780606170416
CDCA5,yellow,0.248557634885732
FLJ40292,grey,0.0664555598414311
ABHD14A,turquoise,0.180455179278634
P2RY14,yellow,0.229350436462812
PGAM1P5,blue,-0.20809014783111
WISP1,brown,0.586721516056085
LOC100130855,blue,-0.197852669792968
PTPRH,yellow,0.357150798153507
SYCE1,grey,0.0767285726020278
BACE1-AS,blue,-0.111157107573825
SLC12A1,grey,0.105131163830081
ANGPTL2,brown,0.607202442534145
DENND2C,blue,-0.00864656994882036
MCL1,blue,-0.355177795695028
NPPA-AS1,blue,-0.0493444765890988
MIR26A2,blue,0.182843469548535
SNORD79,blue,-0.0743834332161915
FLJ26850,green,-0.517643544085347
CHCHD1,turquoise,0.0591472074029298
ARL6IP1,blue,-0.244900800665074
DMKN,turquoise,-0.136683610844357
FAM117A,turquoise,-0.0467010288666832
UBR1,blue,-0.149975570162824
B4GALNT1,turquoise,0.266124178797512
LOC440300,blue,-0.240771891457809
EFCAB11,blue,-0.163799427373325
COL4A6,turquoise,0.260442873348762
RELN,grey,0.199147799630204
AATK,turquoise,-0.473446696208553
COMMD4,turquoise,0.228181974854287
APAF1,blue,0.0239314613864513
ADAM12,brown,0.577449032865076
ARHGAP18,brown,0.516769766705443
LRRIQ1,grey,0.28525082902901
HOMER2,brown,0.724488339703365
RSPH1,turquoise,0.0408642449799816
LOC338799,turquoise,0.0296356020942938
DAPK2,green,-0.713500291248849
LAT,turquoise,0.217941594166131
TP53TG1,turquoise,0.202290956596523
HMGN3,turquoise,0.239629229304432
BRICD5,grey,0.324401752433293
SEPT11,blue,-0.0336691620289021
EIF1AY,grey,-0.219252212430092
DHRS4L1,turquoise,0.145208722604364
CTAGE10P,blue,0.098809525094642
SIGLEC16,grey,0.321021650878104
GPT2,green,-0.854469129426346
LINC00649,grey,-0.0680074575766695
MICB,yellow,0.414997104064543
FOXE1,blue,-0.00439999863588501
MLK7-AS1,blue,-0.0789740328539348
ARHGAP1,turquoise,0.332655608775388
LPHN1,turquoise,0.495681606679556
RBP4,turquoise,-0.387188972663166
ZNF587B,blue,0.0425475961201106
OR52D1,green,-0.311850847432279
ASCC1,blue,-0.415423399644809
HS3ST3B1,blue,-0.248168628147267
SLC35F2,yellow,-0.0436899810347178
PRKRIP1,blue,-0.489245914726676
SLC7A8,green,-0.343477834709946
C10orf62,blue,-0.277744663987483
GEN1,brown,0.574218929165331
FBXL22,blue,-0.000540925948950066
LINC00597,blue,0.347898356849532
PPP1R15B,blue,-0.486895374588106
DOPEY2,brown,0.578181285256637
SEC61G,turquoise,-0.27193030375305
LRRC9,brown,0.477166130336133
FTSJD1,brown,0.710928728569545
ZNF430,blue,0.278812213723856
SMG7-AS1,blue,-0.449936695180244
RASL10A,yellow,0.230228809532714
BCL2L14,grey,0.371065160867356
RAB38,brown,0.558076431899541
SNHG11,turquoise,0.0475919179619837
ATP2C2,grey,-0.0550961579378089
RASSF3,blue,0.307172225615027
ERVMER34-1,yellow,0.232120486837764
LOC100507173,grey,0.0576813571716968
TST,turquoise,0.249599355054489
PDE4C,grey,0.115952813878067
CEMP1,turquoise,0.273637017003387
COL5A1,brown,0.673380810139155
LINC00568,grey,-0.19831353232286
STXBP3,blue,-0.0507432762317353
ZNF124,blue,0.00173523972129621
FAM110C,blue,-0.100688315899503
TEKT4P2,turquoise,0.281752396593053
TMEM178A,grey,0.388937130280166
NEFH,turquoise,0.616888672140262
ZNF688,turquoise,0.30235892261834
FZD1,brown,0.56787684766046
CALHM1,yellow,0.128673964347683
UPP2,grey,-0.143054464058512
SALL4,grey,-0.450663041274129
GALNT16,brown,0.314023914228386
S100B,turquoise,0.0898816350999257
MGAT3,brown,0.506308901298214
MINPP1,blue,0.421597353586302
PTPLB,blue,-0.0364479304646628
LGR6,turquoise,0.137602335404266
LOC730183,turquoise,-0.0791556162876745
RSPH4A,grey,0.0739107424461323
TYRO3P,blue,-0.00701253112953206
PTPRT,turquoise,0.153100580106861
C6,turquoise,0.00406320937916032
FAM135B,turquoise,0.346162045122446
SYT1,yellow,0.136047364950563
EPHA10,turquoise,0.210481247688439
FSTL4,turquoise,0.196001295914198
MYT1,turquoise,0.0275623157737444
VIPR2,grey,-0.296254498862442
C3orf72,turquoise,0.0148977998028441
ADAM28,turquoise,0.0961600945988032
IRF6,turquoise,-0.384546984040029
SH2D4B,turquoise,0.210310951659867
CLEC12A,turquoise,0.310544569813161
HPGD,turquoise,0.111303671207815
ZBTB8B,turquoise,0.032562074503277
SLC17A7,turquoise,0.258969121483965
PRL,turquoise,0.294626789655889
SEPT3,turquoise,0.252490730290256
C9orf163,turquoise,-0.0865400004840036
LOC100499227,turquoise,-0.0594393138193449
LINC00696,turquoise,0.0459917795777483
LOC728606,turquoise,0.0707923689705838
PCDHA12,brown,0.39921896998609
LINC00704,turquoise,0.18547354350274
PATE2,turquoise,0.0708348155036984
MIR548F1,blue,0.0365179865209079
C8orf12,yellow,0.0828276263012725
CCDC162P,grey,-0.0864422964542169
KCTD14,grey,-0.358107879786172
CPLX3,turquoise,0.126532629327263
KCNE1L,yellow,0.25341811296757
GOLGA6L10,grey,-0.0489186830375719
ZBBX,turquoise,0.357008564858626
SLC25A21,grey,-0.147031223372936
ATP13A4,yellow,0.252560352861484
NAGPA,turquoise,0.62482936334423
ZNF283,blue,0.156198532942802
GET4,turquoise,-0.019420441873344
MPO,turquoise,0.0832484807781316
AQPEP,brown,0.375440125301283
FLJ37035,turquoise,0.347433575966421
BGN,turquoise,0.1381823322613
AKAP12,green,-0.818442538665315
TMEM200B,blue,-0.364388831714348
BTG1,blue,-0.471378137172665
RABGGTA,turquoise,0.0794185237413497
SCARB1,turquoise,-0.0645750553376526
CYP2D7P1,turquoise,0.250076711322416
PRAF2,turquoise,0.116817415050509
AVIL,blue,0.635452211420069
C14orf64,turquoise,0.161619791766973
BDKRB2,grey,0.0142577021333261
DHRS4L2,turquoise,0.258853225881399
TCEB2,turquoise,0.169093394682462
C1orf229,yellow,0.19752291145151
MUC4,turquoise,0.096922297733431
RTEL1,turquoise,0.0282441160653975
COL21A1,brown,0.316356943868891
CORO1A,yellow,0.436612094913629
NRN1L,turquoise,-0.234424346678921
RAB17,turquoise,-0.31261593028839
LINC00115,turquoise,-0.468216304929186
CAMKK1,grey,0.0437385427198529
WEE1,blue,-0.643118775296317
STK33,yellow,0.365861409001258
GLP2R,brown,0.244190682567318
EPHA1,grey,-0.153873958395725
ERMN,brown,0.546184218387169
ZCCHC18,turquoise,0.117619937805182
SLC39A5,grey,0.318933749034896
ZDHHC11,turquoise,0.00387602884068125
LOC554206,turquoise,0.182979002198711
FAM19A3,turquoise,0.37447676866529
ANKHD1-EIF4EBP3,blue,-0.336623871543706
PRKAG3,turquoise,0.351301021392468
ZNF93,brown,0.513047047126001
NAA10,turquoise,0.340451903600875
TCTA,turquoise,0.24371719190119
IMP3,turquoise,-0.250474505893045
ALDH4A1,grey,-0.15155834488398
HLA-C,turquoise,-0.223950361856415
SYT11,brown,0.61640195433431
FGR,turquoise,-0.157698849613676
PPM1L,blue,0.0436378827949348
NUP37,blue,0.136312589249657
EXOC6,blue,0.294951794990533
LENEP,grey,0.227774163878974
RLIM,blue,-0.467220998822373
TMEM219,turquoise,0.13017982763026
VWCE,turquoise,-0.0530837868323487
RPS13,turquoise,-0.112752454418681
KIF14,brown,0.410281465592731
SOCS2-AS1,grey,-0.276523867818531
TMOD1,green,-0.428191353180924
RUNDC3A,brown,0.515642526415993
RNF224,grey,-0.0158563262525592
ZNF394,blue,-0.321607747141251
PRRX2,turquoise,-0.2003455245661
SPCS1,turquoise,0.184761118968264
DHRS3,green,-0.849142865351432
GALNT15,blue,-0.206639790043582
WIZ,turquoise,0.281510836667158
GTPBP3,turquoise,0.329080351194773
MLF2,turquoise,0.174295165783653
SNORD50A,blue,-0.42382793244999
KIAA1586,blue,-0.142558284357802
TRIB3,blue,-0.458804840945172
AMH,grey,0.106604137438411
FAM50A,turquoise,0.0953629916866614
SLC38A7,brown,0.71647754874693
GLDC,yellow,0.181116019330249
SLC38A5,yellow,0.668806779795594
FAM171A1,turquoise,0.575759943235544
TSPAN4,turquoise,-0.10128870663388
EMC9,turquoise,-0.597018561587173
GFAP,yellow,0.383154167687674
LOC100505761,turquoise,-0.192582954462854
FGFR3,turquoise,0.126606939884749
GUSBP2,blue,0.145048305252917
C17orf100,grey,-0.527193946850345
NDUFA7,turquoise,-0.0279964033579684
ZNF486,blue,0.313684546408989
HPS6,blue,0.407373043385805
HPR,turquoise,0.115944551701307
SEPT2,blue,0.104247814455268
RDH10,blue,0.194375223927722
MRI1,turquoise,0.259138346988269
DACT1,blue,-0.232848227126768
SGCD,blue,0.509644449560407
BRCA2,blue,0.0989182005936397
MND1,turquoise,0.25988543221957
C10orf114,grey,0.246284922435472
CPB2,grey,0.17767493666975
IFITM4P,blue,-0.294030930366176
C12orf75,turquoise,0.534193871912192
C17orf97,grey,0.214539817395409
SLC25A18,yellow,0.356034574963545
P2RX2,grey,-0.0803180543022977
ATG9B,turquoise,0.180382408017046
CD163L1,yellow,0.435630429356035
CYP4X1,grey,-0.024640076102319
CHML,blue,0.398838588826086
GAMT,grey,0.17758056957232
RELL2,blue,0.281850262262201
ARL6,blue,0.019086828781649
LOC100505695,turquoise,-0.247453158995038
ADAMTSL1,blue,0.173411975414082
LOC100288079,blue,0.0679318522458052
PTPRK,blue,0.352041189047623
HUS1B,blue,-0.116935215544563
SULT1C4,blue,-0.640419080290433
STARD4,blue,-0.145544688269511
SLC45A3,blue,0.00976979659944259
ZDHHC21,blue,0.311167481190009
TSPO2,blue,-0.297506778968843
MAGEA8,brown,0.234348027122763
SPINK7,blue,0.0219272629850345
LOC100188947,green,-0.7388221757968
PRKAR2A,blue,-0.0163905959220257
C10orf105,brown,0.64681649610575
DLX3,turquoise,-0.00865201802590281
MPZL2,brown,0.602638180521808
ARHGEF35,grey,-0.0918204933648948
CCDC85B,turquoise,-0.123150738267537
LAGE3,turquoise,0.360621182350792
LOC100288778,grey,-0.292217060862942
KCNK5,turquoise,-0.570725323658782
DCC,grey,-0.169669006724474
NRL,turquoise,0.00294720419031762
DIO3OS,grey,0.0873940507947308
C11orf83,turquoise,0.0899538453136304
CCL27,grey,-0.350084445576797
CD40LG,yellow,0.273693534310876
ABCA12,brown,0.555922306644738
LOC113230,turquoise,-0.395549081098558
NRADDP,blue,-0.105787051375973
MIR5695,blue,0.13710614011149
SNRPF,turquoise,0.17193569599764
MYO16,turquoise,-0.314992437628001
MUC20,turquoise,-0.3586459125446
KLF5,green,-0.746095956834632
MRPS6,turquoise,-0.116223776478462
PTPRVP,turquoise,-0.13236428214535
SNORD94,blue,-0.386118549076244
LOC100129046,blue,-0.17449214466096
TMEM39B,turquoise,0.128548440075464
LOC148696,green,-0.636529222105498
GRM2,turquoise,-0.169725615544236
UOX,blue,0.0202548798703625
LSM2,turquoise,0.128909993339711
DPYD,blue,-0.276852851411146
TMEM221,turquoise,0.438804814798484
MYO1H,brown,0.687345598742226
CLEC11A,turquoise,0.580877788199488
FZD9,turquoise,-0.396258245873401
MGC2889,grey,-0.163029329405611
POU2F2,turquoise,0.485214207828926
OSR2,green,-0.700518890545636
PLCH2,grey,-0.102588888464539
SNORD114-13,grey,-0.141016542408293
RTEL1-TNFRSF6B,blue,-0.123935022819049
PTGFR,blue,-0.0584502031875577
LOC389765,blue,-0.279456824406741
SLC15A2,brown,0.512686019673528
C4orf3,blue,-0.115274368069398
FAM58A,turquoise,0.398903178881142
ATPBD4-AS1,yellow,0.308457626041794
ZNF417,blue,0.252785001431334
NMI,blue,0.275215095291929
CEP97,blue,-0.0489219151134791
CCDC141,grey,0.00278377805875838
LOC100507250,grey,-0.286527865013453
LOC100128750,blue,-0.0734716095984395
ARHGAP28,blue,0.445617351922817
HSPB8,blue,-0.0650892706402066
MPP4,yellow,0.0676524132306409
LOC100506895,blue,0.210581172856702
AQP6,grey,0.273365943439968
F10,grey,-0.0749486463536228
GPC5,blue,0.447348198850101
BATF,grey,0.192157086048878
BAI1,turquoise,0.338772194337523
ALX4,brown,0.447139345663394
DYNLRB2,grey,0.105268045395122
ALG10B,blue,0.167203640060057
HERC3,blue,-0.369867782360856
CCDC42B,grey,-0.00359007686332936
TUBA1B,turquoise,0.488453079704772
HS6ST3,grey,-0.197390494290482
NDUFB2,turquoise,0.389516274499734
USPL1,blue,-0.424517164198791
LINC00336,turquoise,0.00754183769112724
MAPK8,blue,-0.195008523048606
ACTN3,grey,-0.310594916622515
TWIST2,turquoise,-0.290423003924921
S1PR3,brown,0.60625625081414
PCDHGA9,blue,-0.0934429405166408
BMP5,grey,0.0582564933899848
LINC00272,green,-0.329734740401478
FAM189A2,turquoise,-0.228752581336627
ZBTB10,blue,-0.429325286603814
NTNG1,turquoise,0.0305586988487126
CCDC142,blue,0.312237330570291
FRMPD4,brown,0.473157914173332
FXYD3,turquoise,-0.116540762853444
SERHL2,grey,-0.186933983625061
KCNA1,blue,0.0159306556847853
ZNF14,blue,-0.0974307741285552
LOC100131060,blue,-0.178252694268715
RIMS4,grey,-0.271987145761336
HOXA11-AS,turquoise,-0.515659066222545
SGK2,grey,-0.263471869699991
NRP1,blue,0.588790616989454
SLC38A1,blue,-0.348830933976066
TGFBR3,blue,-0.372437658520029
ZNF732,blue,-0.0131125980251866
HPCA,turquoise,0.217239251304904
CACNA1E,turquoise,0.231348197624181
PUS10,blue,-0.173480422311301
BLOC1S1,brown,0.348404825247979
LINC00032,turquoise,0.19769804164088
WBP11P1,blue,0.0868913584462469
LOC100507066,blue,-0.37992376682867
OXTR,turquoise,0.162697219114578
GORASP2,turquoise,-0.00645232600173009
SRRM2,turquoise,-0.255644032308937
OR1L8,turquoise,-0.0965361640165568
TMSB4X,brown,0.555151802374886
ARIH2OS,turquoise,-0.574654741223365
FCGBP,yellow,0.191896777334913
NSUN7,grey,0.13134033702503
USP2,turquoise,-0.560281479767874
TUBA8,green,-0.669818916048271
IPPK,blue,0.358534043668999
MPV17L2,turquoise,0.109042075119634
TBX5,grey,-0.522562362438616
KLHDC9,turquoise,-0.0278538190490269
EPHB1,turquoise,-0.194782325742507
LIN52,blue,-0.155564134077916
C7orf53,grey,-0.295610725937568
C1orf112,blue,0.405317117498991
ABCG2,yellow,0.0572691015245917
PRKXP1,turquoise,0.426347433351657
PHOX2A,grey,0.0222219689066047
CAPN9,turquoise,0.139792559539648
TRAPPC6A,turquoise,-0.160906247890269
TMEM160,turquoise,0.187871298738546
RPL21,turquoise,-0.0807900753756099
GPX7,turquoise,0.58117987792836
SPC24,grey,0.0559561714983715
CDA,turquoise,-0.257048403807903
LOC100506469,turquoise,0.141511943955063
KIAA1045,turquoise,-0.4522688955248
KPNA2,brown,0.523445734417254
PSD3,blue,0.268144531710014
KCNH3,turquoise,0.336963445570206
INO80B,turquoise,-0.0647999486174454
TLR4,blue,0.150320256863548
GEMIN8P4,grey,0.00301917116320205
SKIL,blue,0.232740223961314
LOC149134,grey,-0.240772203899825
LINC00304,grey,-0.218814695002677
SH3BP5,blue,-0.458439380032258
MAGEF1,turquoise,0.0583805703949025
PCDHA6,brown,0.324433614587544
C14orf183,brown,0.35452683335773
CYBA,turquoise,0.39063952713715
ITGB4,grey,-0.394816710931668
COMP,turquoise,0.22170775268969
KCNG1,turquoise,0.400625736094127
SLC2A1-AS1,green,-0.666293386356124
EFCAB14-AS1,blue,0.0780216674528642
BBC3,turquoise,-0.143118997093099
ZSWIM3,brown,0.590993409137194
LOC440354,blue,-0.185402276514602
DUSP5P1,blue,-0.283434773340937
HPS5,blue,-0.186140977289395
EHD4,blue,-0.0503104823354829
TMEM86B,turquoise,0.2952352153161
RAET1G,turquoise,0.192848857663765
PART1,brown,0.632822999460547
C6orf165,brown,0.257695689461533
FAM89B,turquoise,0.322550985936037
WFIKKN1,grey,0.0718123947464435
SERPINA1,turquoise,-0.207815817784029
HIST1H4B,blue,-0.28640380284987
GPR19,brown,0.304834901668467
C19orf54,turquoise,-0.281363710557618
GLCE,blue,0.329079640811875
RET,grey,0.355075595046263
COX20,turquoise,0.213013104858811
ANKRD27,blue,0.239753047584584
WDR16,turquoise,0.127270215034686
FAM110A,turquoise,0.0857383812626199
LOC728463,grey,-0.129359128376233
HUNK,brown,0.658452484157468
HIST1H2BC,grey,-0.187182035468247
FAM177B,grey,0.394900307696135
ASIC4,green,-0.461012315694407
PRKG2,grey,-0.149733808323804
PSMB9,turquoise,-0.0973515035132418
CALML6,grey,-0.0506767827529775
MFI2-AS1,turquoise,-0.118117931332422
KLHL28,blue,-0.118677938015562
C11orf94,blue,-0.185700970812881
CD8B,turquoise,-0.125562366991487
CELF2,brown,0.566630035060878
LDOC1,turquoise,0.0244539259592392
PLA2R1,blue,-0.0754153285477899
SLC25A16,blue,0.112398179641265
LOC100272217,green,-0.757490257511462
SLC26A7,brown,0.377883310712642
TANGO6,blue,-0.158922363435788
RPUSD3,turquoise,0.187932551386348
HLA-DPA1,yellow,0.335886714031633
SNORD5,blue,0.127099715031745
FKBP1B,turquoise,0.0274911466304843
PNMA2,blue,0.300183630872627
FGFR4,grey,-0.449344012793577
EFHB,grey,-0.0053204533624408
DISC2,yellow,0.181946879222916
GDF7,grey,-0.182704826530345
NME1,turquoise,0.424658043138618
TM7SF2,turquoise,-0.280558591184839
EIF4EBP1,turquoise,-0.337529403897157
CTSW,grey,-0.197729071061427
BARD1,blue,-0.0989381833233393
NCOR2,turquoise,-0.436031453337771
THRSP,blue,0.209654951870698
TMEM205,turquoise,0.0253671158503147
FPR3,yellow,0.50819479830132
EVL,turquoise,0.33983066050798
LINC00311,grey,-0.358702080026976
LAMTOR2,turquoise,0.297033897100822
PROX2,blue,0.284705837328906
POLR2F,turquoise,0.204236747494125
MKLN1,blue,-0.37645976896722
CHN1,yellow,0.420616782993353
ADSSL1,green,-0.65751208771259
SEC23A,blue,0.0465788821216172
CSNK1A1P1,turquoise,0.144572775954017
SKINTL,brown,0.242805319559977
ARL4C,brown,0.535263239084812
LARS2-AS1,brown,0.237340808795869
LGALS4,turquoise,0.00813316498515902
AQP7,turquoise,-0.0590916915955246
EEPD1,green,-0.686251713762705
LBX2-AS1,turquoise,-0.0101294860433231
EXOSC4,turquoise,0.212003334286588
DGCR6L,turquoise,0.0536049565769685
MMP15,yellow,0.320271866273989
SYP,turquoise,0.213794086959786
FAM155A,grey,-0.0283849213386344
PCDHB11,blue,-0.207731986319209
CC2D2B,blue,0.21443500835384
FBXL7,turquoise,0.075290990535135
CDH24,turquoise,0.0873369846157615
ZNF295-AS1,grey,0.209479843917132
SYT15,turquoise,0.353894142989278
PROCA1,grey,-0.312917035551615
LOC643339,grey,-0.209102232696303
GRHL3,grey,0.300605054016511
RPL12,turquoise,-0.0910406777411021
C9orf24,turquoise,-0.230455767224809
TNFRSF8,grey,0.239545196214341
CAPNS1,turquoise,0.205188150913622
LGALS9,turquoise,0.350184916934415
SDK1,yellow,0.274123255512583
SWSAP1,turquoise,0.0329831008881273
RPS25,turquoise,-0.301172337544752
SLC25A22,turquoise,-0.317989084526725
CARD9,turquoise,0.172002839577893
TEX14,blue,-0.104639129226237
GSR,blue,0.145917783843033
ARMC12,turquoise,-0.223756217211184
NEDD4L,yellow,0.413355924234278
LYG2,blue,0.207067917069679
CFLAR-AS1,blue,-0.0928463173504294
GNAZ,turquoise,0.0451368791619459
SNORA16A,grey,-0.181909543351061
C8orf59,turquoise,0.026808879325809
SNORA21,blue,-0.147674965635255
TCAM1P,turquoise,0.298133169037728
IL20RB,grey,0.304009482372249
LINC00028,grey,-0.366483580420785
KIAA1462,green,-0.548170157322571
CCNL1,green,-0.80884209728085
PGAM4,blue,-0.377855879067325
ELMO1,blue,0.221289822965603
FAM222A,green,-0.530668102922404
TNFRSF19,brown,0.270156830952461
RNF157,green,-0.460040937048657
GLA,blue,0.346693159022364
KLHL24,blue,-0.420771511097617
RELT,green,-0.738895549321073
C1orf204,turquoise,0.0177361981564157
LOC100131564,blue,-0.220987394973413
SRXN1,blue,0.00335525904410843
UROC1,brown,0.443919124586986
ZNF669,blue,-0.0717818127419986
CD101,turquoise,0.383032269941305
FAM154B,grey,0.232228747746046
KCNJ14,blue,0.0165472061155257
PRKAG2,green,-0.66098993717583
SORBS3,turquoise,-0.335007708014419
MSTO1,turquoise,0.0283638335573793
PLXNA2,blue,0.371580886538636
