gene,meta_Z,meta_P,meta_FDR,mean_logFC,n_consistent
TNFAIP6,9.21418122130255,3.13662940896393e-20,3.38818708756283e-16,2.00102571399104,4
DDIT4,-8.8104152395305,1.24683134752939e-18,6.73413610800625e-15,-2.26890211307395,4
CD55,8.72652621145726,2.62614505626296e-18,9.45587296591748e-15,1.04206199737306,4
CCNB1IP1,-8.6830008970816,3.85461348100606e-18,1.04093837054569e-14,-0.895570791302118,4
OGN,8.65727881629878,4.83159856295008e-18,1.04381855353973e-14,1.48094250000873,4
CRLF1,8.47709191464953,2.30892533682339e-17,4.15683524806104e-14,1.37413265456239,4
STC2,-8.17377540769646,2.9888597511673e-16,4.6122375760156e-13,-1.28728327374284,4
COL5A1,8.07228945732929,6.89920753740147e-16,9.31565497737633e-13,1.11870604742818,4
CRTAC1,7.99940838085897,1.25018432429992e-15,1.50049900789864e-12,0.887233398708483,4
ADM,-7.94757150024311,1.90203231696319e-15,2.05457530878364e-12,-2.04099865793249,4
NGF,7.82786139947981,4.96238554955209e-15,4.87306260966015e-12,1.57675598274946,4
ALDH1L1,-7.72797465528767,1.09271092503432e-14,9.83621951018396e-12,-1.1830457717259,4
TSPAN2,7.66212838694101,1.82876683283242e-14,1.51956456371199e-11,1.0960518687267,3
TNC,7.64548244229399,2.08163356478343e-14,1.60612898334219e-11,1.82144888864679,4
IGFBP1,7.6167850432935,2.60071897363621e-14,1.87286442354789e-11,1.8276072924417,4
MEG3,-7.60579981161532,2.83147287484165e-14,1.91159812462747e-11,-1.0364145147823,4
HTRA1,7.53209369654763,4.99331054072566e-14,3.17280826240698e-11,1.12714825869359,4
NT5E,7.44774915694912,9.4946124564329e-14,5.45037054167e-11,0.887161113631844,4
FAP,7.44647334504419,9.58683950117848e-14,5.45037054167e-11,1.2311297331573,3
COL15A1,7.39339853566852,1.43122672687433e-13,7.73005555184826e-11,0.88804487527737,3
BPGM,7.38592966317775,1.5139181389297e-13,7.78730654129458e-11,0.661912627614602,4
ETS2,-7.36376223917243,1.78798034971881e-13,8.40687262701535e-11,-0.974947885068196,4
DYSF,7.36361004536252,1.79002101852762e-13,8.40687262701535e-11,0.747088304417373,4
SERPINE2,7.25576188687482,3.99407179172812e-13,1.79766514559363e-10,1.05684426044337,4
TGFBI,7.12544927169032,1.03741735554017e-12,4.48247290981797e-10,1.80490916963272,4
DDIT3,-7.11153971674096,1.14755426723681e-12,4.7676466133431e-10,-1.00777468951208,4
CISH,-7.07723434225373,1.47059737404618e-12,5.8834788275729e-10,-0.977313749679316,3
S100A4,7.07132388006214,1.53462487625278e-12,5.92036354045806e-10,1.51666015769657,4
LAMB3,7.04031667429588,1.91803412745806e-12,7.14434642924205e-10,0.784105185678444,4
BFSP1,7.01008214285625,2.38178247326953e-12,8.5760047587525e-10,0.875916513071273,4
CLIC3,6.99680579736117,2.61863857912607e-12,9.12468836507091e-10,1.01458675528537,4
CXCL14,6.97615160541035,3.03375350294839e-12,1.02408141683902e-09,1.04157191323572,3
HOMER2,6.88647331282062,5.71924835074729e-12,1.87210062681128e-09,0.740547478426278,4
GAS1,6.86756258204875,6.53081057276058e-12,2.03324925720491e-09,0.914156100371643,4
TIMP3,6.86631798691171,6.58801370136751e-12,2.03324925720491e-09,0.684616474180151,4
MEX3D,6.80248301754257,1.02831141821572e-11,3.08550553876838e-09,0.922779896352421,4
WSB1,-6.77411196217474,1.25172711107484e-11,3.64813100866485e-09,-0.557781391866333,4
FN1,6.77050189968085,1.28336399119852e-11,3.64813100866485e-09,0.59309405981865,3
HERC5,-6.76640718044401,1.3201966787058e-11,3.65660628804618e-09,-0.856849814406549,3
MGEA5,-6.74978015064903,1.48069345625242e-11,3.99861267860965e-09,-0.698495421598922,4
KCNN4,6.71030547372127,1.9421739967091e-11,5.11691792986627e-09,0.960585174662631,3
GRIA2,6.63477292701501,3.25002467109373e-11,8.35875392789392e-09,1.66734564359335,4
RHOBTB3,-6.61222424134676,3.78587920698902e-11,9.51048074276636e-09,-0.738824830479412,4
DHRS3,-6.60601575415275,3.94800895077678e-11,9.692361974157e-09,-0.768447170571335,4
APOD,-6.59215870789602,4.33476834363104e-11,1.03207143841408e-08,-1.57877122584915,4
BAALC,6.59010872772288,4.39504593288721e-11,1.03207143841408e-08,0.971741809666285,4
COL1A2,6.56705142113202,5.13213283657852e-11,1.17951699788768e-08,1.56931261168822,3
KCNK5,-6.56342857418079,5.25844290555721e-11,1.1833687555381e-08,-0.568992621608943,4
SPP1,6.54960806115734,5.76882850874034e-11,1.27173235819211e-08,1.29666449676022,4
CTH,-6.52274999273075,6.90298724779362e-11,1.49132136501333e-08,-0.852784466727003,4
FZD1,6.51166857138725,7.43205600814248e-11,1.57413860784226e-08,0.711288150492739,4
KBTBD11,-6.48858508885491,8.66462177079932e-11,1.79990854554181e-08,-0.645390361527762,4
NXT1,-6.38797341437684,1.68098553627827e-10,3.42603882318451e-08,-0.587304173201924,4
RRAGD,-6.38293927688618,1.73720805769808e-10,3.4750595257879e-08,-0.731986747133969,3
RAI14,6.3670581693938,1.92688113502931e-10,3.71950393479295e-08,0.656865817995799,3
SLC16A10,6.36694724620827,1.92827458200709e-10,3.71950393479295e-08,0.925419768434633,4
NPTX2,6.36422704143856,1.96275629342521e-10,3.71959534764546e-08,1.54274487517511,4
ANGPTL2,6.28403802843051,3.29889954275416e-10,6.0686156544242e-08,1.00383491721081,4
DCXR,-6.28329798677998,3.31464843187398e-10,6.0686156544242e-08,-1.04041566495392,3
STK32B,-6.2771833117739,3.44761527244313e-10,6.20685669548845e-08,-0.881802718665901,4
COL8A2,6.26183242335019,3.80479695525535e-10,6.73760929683087e-08,0.609118012512926,4
ZMAT3,6.24622805135957,4.20483123786051e-10,7.32590113409181e-08,0.566792765025986,4
KIT,-6.22223142451159,4.90133344702753e-10,8.40384188806212e-08,-1.5482611206683,4
FRZB,-6.21402047184778,5.16457950642025e-10,8.71684184817992e-08,-0.778547526494849,4
CCND1,6.2090647001426,5.33008763124429e-10,8.85778562964628e-08,0.901010548600857,3
LUM,6.18329525820481,6.27771386856425e-10,1.01910374509584e-07,0.694704961511793,4
UCP2,6.18220972326175,6.32104711362909e-10,1.01910374509584e-07,0.840400987331628,4
SSTR2,-6.17085949325226,6.79197600351938e-10,1.07892536455906e-07,-0.367299051809651,3
IRS2,-6.15389838150278,7.56011356378113e-10,1.1835412567531e-07,-0.750465730846864,4
GFRA2,6.14930397358643,7.78237033719574e-10,1.20093091974841e-07,1.1869281020826,4
ZNF395,-6.14098866263299,8.20094377875235e-10,1.24769851687441e-07,-0.956620381089914,4
TOP2A,6.12809654200848,8.89366185780012e-10,1.33429632483273e-07,1.49626055216114,3
RARRES1,6.12012107534979,9.3504282743696e-10,1.38360720848959e-07,1.32177330121414,4
ITGB5,6.11581203613098,9.60665055020912e-10,1.40231134112647e-07,0.43854506719538,4
SYT11,6.10265964087484,1.04317830601101e-09,1.50245494153746e-07,0.795309269942531,4
ARHGDIB,6.06533451971944,1.31679287543773e-09,1.87157850532611e-07,1.04309940693794,4
HMGB2,-6.05546652004415,1.40011293896264e-09,1.96415843723044e-07,-1.08336555127477,4
MYLIP,-6.042055260654,1.52163327480691e-09,2.10726700441849e-07,-0.586335687004839,4
KIAA0907,-6.0350381700032,1.58925117347089e-09,2.17304951592818e-07,-0.434881049089694,4
TNFRSF11B,6.0324499918399,1.61492327261675e-09,2.18055014885077e-07,0.718251360314398,4
HBB,6.0271669041374,1.66858668113921e-09,2.22519423823034e-07,1.94869378647806,4
STK39,-6.01142281472845,1.83902066863298e-09,2.42257332470408e-07,-0.491881019141721,4
RCAN1,6.00477964408003,1.91591930827423e-09,2.48163096389269e-07,0.915062201132261,4
IL11,6.00360824587909,1.9298000459821e-09,2.48163096389269e-07,1.55534868826069,3
PTGES,5.98358043671575,2.18285161014386e-09,2.77360069962095e-07,0.870596116254569,4
SNAPC1,-5.98170058775801,2.20819903876506e-09,2.77360069962095e-07,-0.567541261449142,4
KDELR2,5.96997034673392,2.37296712128969e-09,2.9462977981806e-07,0.479371301826885,4
TREM1,5.94464980999473,2.7704849318243e-09,3.40077025381433e-07,1.4985169180583,4
FSTL1,5.93156531921358,3.00060144654433e-09,3.64185357590695e-07,0.741363766118875,4
OMD,5.9117472788076,3.38497615749241e-09,4.06272360591478e-07,0.701128421725136,4
C10orf10,-5.89713226257907,3.69873379806442e-09,4.39051895458153e-07,-1.46023457553588,4
SPOCK1,5.84574547873546,5.04304635195622e-09,5.92119420585121e-07,1.21471238138443,4
PDLIM1,5.84308446863705,5.1243017179173e-09,5.95190399537018e-07,0.861233507661117,4
PLAT,5.83467793440479,5.38945666763825e-09,6.19328839615196e-07,0.722651733990837,4
RAB23,5.82360943012475,5.75900754090982e-09,6.54829467967451e-07,0.487157953601336,3
DSG2,5.82002941840583,5.88372706632454e-09,6.62041872608726e-07,0.449886790535871,4
KLF11,-5.78294477705403,7.34041651944181e-09,8.17434837556809e-07,-0.483981973283904,4
PDGFC,5.77275710272298,7.79848210427824e-09,8.59583711126669e-07,1.01398630813072,3
FAM64A,5.76678647392167,8.07973140021021e-09,8.8158847055627e-07,0.747701129472565,4
SRPX2,5.74344050558132,9.27719686879201e-09,9.98203347229769e-07,0.701638590313964,4
SOX11,5.74241956909076,9.33332142845831e-09,9.98203347229769e-07,0.943624857855431,2
IGFBP3,5.74009386844699,9.46240869725947e-09,1.00208763478232e-06,1.12761316662732,3
PRSS23,5.73018052641366,1.0032380712151e-08,1.05213375196753e-06,1.32939612156234,4
SYF2,-5.72193972477716,1.05314673850154e-08,1.09385491050901e-06,-0.586133035373709,4
TIPARP,-5.70216537935744,1.18294973102712e-08,1.2154708025226e-06,-0.747770686372021,4
SPTLC3,5.70076048808751,1.19274120595627e-08,1.2154708025226e-06,0.312642966335904,3
WWP2,-5.69770260944636,1.21432629932115e-08,1.22590212011842e-06,-0.671307819133234,4
ECM1,5.69367634540472,1.24332671679395e-08,1.24355696248224e-06,0.932426177313378,3
RCOR3,-5.6848128104592,1.30956017838634e-08,1.29778615109443e-06,-0.348680779347664,4
EXTL2,5.67959567110475,1.35013515725457e-08,1.32136672221935e-06,0.845383990686505,4
GLI3,5.67862474668405,1.35781990526151e-08,1.32136672221935e-06,0.819107970048809,4
IGFBP7,5.67160004626038,1.41469944925948e-08,1.36442709383044e-06,0.732077469594974,3
ANK3,5.66796754842397,1.44501324403071e-08,1.38133035947077e-06,0.648253987409222,4
GLRB,5.64676987038155,1.63490441268179e-08,1.54914363734988e-06,0.810974598019041,3
TRIM52,-5.61992177011479,1.91043944376238e-08,1.7812332385989e-06,-0.418383382874917,4
ABCB6,-5.61970641566057,1.91282221512194e-08,1.7812332385989e-06,-0.212061540127732,3
TNFSF11,5.6150794632022,1.96471933859447e-08,1.8139229312391e-06,0.910074609938264,3
ING1,-5.61170400293723,2.00343918095005e-08,1.83399576547648e-06,-0.622377543845707,4
ZBTB48,-5.60188242706142,2.12036365759453e-08,1.92472001927194e-06,-0.768316614109288,4
PLAUR,5.59948328579475,2.14991660000764e-08,1.93528325944021e-06,0.459152388079305,3
HBA2,5.56958797295087,2.5534244022957e-08,2.26655422572759e-06,1.38158839858325,4
AOC2,5.5691471185118,2.55989275632999e-08,2.26655422572759e-06,0.722044080411714,3
DIO2,5.56512781065094,2.61960335394739e-08,2.30056548206013e-06,1.38080528455235,4
EFNA1,-5.56275232296042,2.65552660190209e-08,2.31330631885051e-06,-1.05243564568506,4
TM4SF1,5.5602179537146,2.69437954064465e-08,2.32837502384348e-06,0.650498273005148,4
BNIP3L,-5.55837696264714,2.72294800745635e-08,2.33438764893202e-06,-0.495637121556881,4
BNIP3,-5.55295431003548,2.80881510801254e-08,2.38904100761823e-06,-0.856290281912043,4
IFRD1,-5.55138821841964,2.83409913026427e-08,2.39171396914958e-06,-0.67859527551627,4
TNFSF10,5.5340091062109,3.12992712941821e-08,2.6208893683702e-06,0.346099520190278,4
ACVR1,5.52180254930137,3.3553943367278e-08,2.78807458656413e-06,0.422834260360538,4
TMEM100,5.51919323524768,3.40559542152987e-08,2.80818639262333e-06,0.442881451339723,4
PON2,5.51400251794541,3.50763576546845e-08,2.87041526807502e-06,0.637009329422855,3
MAB21L2,-5.49406533070681,3.92785076568094e-08,3.1901236068335e-06,-0.411372148966675,4
RAB38,5.49226851697199,3.96803468257931e-08,3.19784722896539e-06,0.83404322834444,4
GDE1,5.49100329675684,3.99656893084917e-08,3.19784722896539e-06,0.559625572617632,4
CITED2,-5.46733554638419,4.56850730201368e-08,3.62860410855528e-06,-0.949051247320667,4
DYNC1I1,-5.46226056354123,4.70109371678247e-08,3.68283648526178e-06,-0.311715767532379,3
LPXN,-5.46211408755974,4.70497532832925e-08,3.68283648526178e-06,-0.350631276644071,4
IPPK,5.46026376145488,4.75427725521229e-08,3.69465488566929e-06,0.434572948393276,4
ZNF185,-5.43147405209759,5.58904437152797e-08,4.31234695008894e-06,-0.488939787211949,4
NOVA1,5.42882732807396,5.67255317901718e-08,4.3457389673577e-06,0.550406890789975,4
COL1A1,5.42482051842215,5.80128029739877e-08,4.4130584346832e-06,2.0381449938647,3
THBS3,5.42155537407621,5.90826889170641e-08,4.46301542435053e-06,0.740480640498082,4
NR1D1,-5.40808972025692,6.37005139953918e-08,4.77842327901543e-06,-0.985167236622009,4
SLC38A3,-5.40209553198061,6.58668530607783e-08,4.87552695087776e-06,-1.04963196819768,4
CDC42EP4,-5.4020115713619,6.5897698095552e-08,4.87552695087776e-06,-0.606209672022405,4
ATP1B2,-5.3803773545741,7.43298646860615e-08,5.46198094108052e-06,-0.30836646334572,3
MAFF,-5.37089803619276,7.83455007209086e-08,5.69965023993845e-06,-1.1321090847744,3
RPS6KA5,-5.3702684870664,7.8619504327979e-08,5.69965023993845e-06,-0.313531778820802,3
CCNH,-5.35256955129906,8.67139561411032e-08,6.24456102824131e-06,-0.482361832614686,4
DIXDC1,5.32944517366444,9.851325330037e-08,7.01891879905461e-06,0.506492927816879,4
RORC,-5.3289788558575,9.87664930065081e-08,7.01891879905461e-06,-0.640225408215612,4
PART1,5.30428622082001,1.1311471527989e-07,7.98604676113314e-06,0.902640439513092,4
SERPINE1,5.30191440559216,1.14594571120069e-07,8.03799063142197e-06,0.757654328832189,3
PDLIM7,5.29773988676704,1.17244821410295e-07,8.17082942499357e-06,0.488474014785148,3
CFI,5.28664040610001,1.24583199750969e-07,8.62658797249975e-06,1.51000757158706,3
TOM1L1,5.26098741584125,1.43283841547493e-07,9.85829335284092e-06,0.185723243482187,3
TXNIP,-5.25748218390141,1.46041037504438e-07,9.98440055141101e-06,-1.3771474375937,4
BCL6,-5.24959226256995,1.52436237345574e-07,1.03560769547603e-05,-0.75674950124421,4
RCAN2,-5.22879691602784,1.70616653726929e-07,1.15187568347393e-05,-0.364271102634247,4
GEMIN4,-5.21139449049727,1.87426426432889e-07,1.25366779795317e-05,-0.736300759019907,4
BRD2,-5.21009356195476,1.88745424843871e-07,1.25366779795317e-05,-0.324607929848341,4
KDELR3,5.20905137530987,1.89808556329204e-07,1.25366779795317e-05,0.539661971894212,3
HK2,-5.2075190988526,1.91382144885842e-07,1.25366779795317e-05,-0.937046002340284,3
MXRA5,5.20718396809223,1.91727987955439e-07,1.25366779795317e-05,1.51381236357288,3
ST6GALNAC5,5.20628593569352,1.9265770640643e-07,1.25366779795317e-05,1.57301026431179,3
TLE2,-5.19855860634713,2.00839804610756e-07,1.29908477209903e-05,-0.450971269798133,4
AQP1,5.19246862376121,2.0752385221859e-07,1.33432895932453e-05,0.92229732091136,4
CDK6,5.16821037843634,2.36346183649188e-07,1.51065767797546e-05,0.501208679760033,3
CRYL1,-5.15138859078389,2.58564807893335e-07,1.63607567532907e-05,-0.303927692495509,3
TYRO3,5.15107516526776,2.58997352787698e-07,1.63607567532907e-05,0.267945262634217,3
S100A3,5.14933619543882,2.61409955267555e-07,1.6417153120931e-05,0.912086896147477,3
LRP5L,-5.14785845186002,2.63477187529694e-07,1.64513328306113e-05,-0.592733443794949,4
KIF20A,5.14404988004085,2.68878093623812e-07,1.66920756742782e-05,1.05540996773397,4
DNAJC12,5.14139149249579,2.72711134394192e-07,1.68332895641489e-05,0.59877484308669,4
AHSA1,5.12983085133176,2.90002646893425e-07,1.7798912453084e-05,0.408391024498707,4
PTTG1,5.12748520039548,2.93638055018401e-07,1.79202162164337e-05,0.385556422979479,3
JMJD6,-5.12021472225157,3.05187965330259e-07,1.85204516938059e-05,-0.571426915090575,4
FGF1,5.11054557530753,3.21229805143053e-07,1.93850522634372e-05,0.833850255599139,4
ORAI3,-5.10169539132729,3.36624240165564e-07,2.0201194679269e-05,-0.735753656673134,4
ZNF200,5.09496511188921,3.48805483807805e-07,2.08165571054801e-05,0.599011510269458,4
PFKFB3,-5.09078154953472,3.56590657616791e-07,2.11642433163548e-05,-1.08235277169126,3
STK24,-5.07796502500772,3.81498899293562e-07,2.2518858525514e-05,-0.486407074568384,4
IGSF3,5.07286335162102,3.9187390966421e-07,2.29791916277265e-05,0.348066617315998,3
MT1G,5.07130055631291,3.95106197289305e-07,2.29791916277265e-05,0.950432949407873,4
ARNTL,-5.07102467006328,3.95679470723674e-07,2.29791916277265e-05,-1.06135995340445,4
ECM2,5.06480421082926,4.08820302990209e-07,2.36153845609639e-05,0.75125945861527,4
FHL2,5.05629491587645,4.27480105247259e-07,2.45619154089409e-05,0.600892337317649,4
PDZD2,-5.04778201869122,4.46968696782055e-07,2.55457982150252e-05,-0.330888841944371,4
CCNA2,5.04132907247974,4.62309683224549e-07,2.62835220957451e-05,0.549203492983606,4
PLOD3,5.03489464385073,4.78111718789925e-07,2.70395957401507e-05,0.446548547852586,4
ASS1,-5.02267580066099,5.09565184474342e-07,2.86683495973533e-05,-0.615356943396466,3
PPP1R14B,5.01946979611337,5.18142912019149e-07,2.89998950032686e-05,0.614144345925113,3
EI24,5.01063915072311,5.42495547838091e-07,3.02063758131292e-05,0.543328032663881,4
S100A8,5.00477648381886,5.59268867320471e-07,3.09806272040806e-05,1.48792556362559,4
ADCY2,-5.00058969749233,5.71552296764297e-07,3.1499530151265e-05,-0.643048973763331,3
TMEM43,4.99792490086817,5.79505440378031e-07,3.17757247053985e-05,0.278295041084522,4
TNFRSF12A,4.99650921052756,5.83773884308107e-07,3.18481085772534e-05,0.649029960714463,3
FAM149A,-4.99538548968679,5.87183572547566e-07,3.18731505058231e-05,-0.325545397932252,4
PTGS1,-4.98927211527364,6.06072235924241e-07,3.27339614622682e-05,-0.251983636661013,3
AOX1,-4.98736519599177,6.12082990640123e-07,3.28941316661424e-05,-0.898908151270019,4
FNBP4,-4.98031828121687,6.34797847387116e-07,3.39286454591654e-05,-0.609300429583436,4
ANKH,4.979461364293,6.37614796168355e-07,3.39286454591654e-05,0.646635914144741,4
PDE7B,-4.97230224956781,6.61624459715601e-07,3.50336637933722e-05,-0.348428043732446,4
NTHL1,-4.9640422756283,6.90409048909989e-07,3.63795051040278e-05,-0.487250228748731,4
HMGN1,4.962299602411,6.96634273851583e-07,3.6521881731136e-05,0.394826382612299,3
WNT7B,4.96083341824031,7.0191367897911e-07,3.6521881731136e-05,0.667002679455551,2
NDRG2,-4.96046283545012,7.03254156644723e-07,3.6521881731136e-05,-0.388594712933592,3
LRIG1,-4.95919374873302,7.07863428828882e-07,3.65853624794717e-05,-0.209062004640532,3
ARPC1B,4.9325328714099,8.11701140984154e-07,4.17523605948135e-05,0.490547342692982,3
C3orf52,4.9305990835272,8.19778234196637e-07,4.19679833449862e-05,0.812152219857658,3
FUT4,4.92727413402381,8.338472705024e-07,4.2328431619431e-05,0.788825647884066,3
SIN3B,-4.92708461257709,8.34656168759379e-07,4.2328431619431e-05,-0.340053615937089,4
NDP,4.92488694666693,8.4409141034657e-07,4.25042219483982e-05,0.598913630848217,4
ANXA2,4.92444707780469,8.45992197639845e-07,4.25042219483982e-05,0.470915207347535,4
OGFR,-4.91907003464363,8.69563551715469e-07,4.34862291001412e-05,-0.605338292933796,4
KCNS3,4.91408589704869,8.91976394470458e-07,4.44015161892621e-05,0.794360756662117,3
RXRA,-4.91105437431327,9.0587961409259e-07,4.48867504193952e-05,-0.476315333861828,4
COBL,4.90835425885933,9.18438425441934e-07,4.53012414229396e-05,0.432054766833529,4
CYR61,4.90637246788412,9.27762655189635e-07,4.55531463698111e-05,0.79412815505497,3
WISP1,4.89367876187452,9.89683350110472e-07,4.83735726149019e-05,0.564653861642288,4
TMEM19,4.89211245151082,9.97594163508477e-07,4.85405952892729e-05,0.445036734656328,3
OGT,-4.88243788492226,1.04782251358678e-06,5.07559587074639e-05,-0.303561512975177,3
NRP2,4.8792269774368,1.06502441631981e-06,5.1358900647708e-05,0.401924854772106,3
ACADL,-4.87675260676855,1.07846553951495e-06,5.17759322570688e-05,-1.23863337799777,4
EGLN3,-4.87257550592977,1.1015273575062e-06,5.26491084769112e-05,-0.746477676717483,4
ST3GAL6,-4.86698555979777,1.1331330488673e-06,5.39211594443372e-05,-0.282107342355371,4
SCNN1A,-4.86500158722379,1.14455888799917e-06,5.4225987316522e-05,-1.13551039251604,4
PSMD1,4.86395054900451,1.1506567303508e-06,5.42768296997789e-05,0.391833757269602,4
PID1,4.86286550173125,1.15698467233187e-06,5.43380366544732e-05,0.465066448186663,4
NOTCH3,4.85102149222087,1.22827234268769e-06,5.74363543104435e-05,1.20538000835355,3
FBXO42,-4.84506846365069,1.26568026368293e-06,5.89305095185474e-05,-0.484011761759893,4
ATRNL1,4.83401152619596,1.33808833597239e-06,6.20344643998872e-05,0.58468595691144,4
TM9SF1,4.83218091892083,1.35045445671498e-06,6.21534633573212e-05,0.338290347316551,4
TUBB3,4.83192927627207,1.35216292251162e-06,6.21534633573212e-05,0.964589835740677,3
PLXNA2,4.83070419531905,1.36051004466828e-06,6.22721589089271e-05,0.416878329625491,4
TAGLN2,4.82276182695478,1.41583994986432e-06,6.45312368710312e-05,0.636549324750819,3
PNRC1,-4.82013912228561,1.43458143163193e-06,6.49379481911889e-05,-0.749327030512815,3
COL6A1,4.81983268779271,1.43678667077339e-06,6.49379481911889e-05,0.6036396420293,3
SLC6A16,-4.80951376790016,1.51297875383972e-06,6.80966520790692e-05,-0.813175224604621,3
ANPEP,4.80789668207772,1.52526553890297e-06,6.82753254305967e-05,1.28586273879204,4
TUBA8,-4.80733053964556,1.52958977543088e-06,6.82753254305967e-05,-0.61319839950055,4
PIM2,-4.80554916715574,1.54327304961281e-06,6.86026151519243e-05,-0.66075058517932,3
ABCA6,-4.80013799102161,1.58556341851779e-06,7.01936723230705e-05,-0.69719921061233,4
ASPM,4.79504422405563,1.62638947100001e-06,7.17071798601717e-05,1.2951791047424,3
LYPLA1,4.79088434545463,1.66047822795636e-06,7.2912543977173e-05,0.537766910392333,3
NT5C2,-4.78123183192634,1.74224300752015e-06,7.61931537134926e-05,-0.307086983672053,4
MYOZ3,-4.77773091701334,1.77284403523887e-06,7.72187954381061e-05,-0.466514657283044,4
YEATS2,-4.76873039298801,1.85390569448477e-06,8.04252582804194e-05,-0.417683180218806,4
SIDT2,-4.76512152993995,1.88739855209429e-06,8.11834257712327e-05,-0.227082828234326,4
HOXA3,-4.76504033558396,1.888158740877e-06,8.11834257712327e-05,-0.565299334208546,4
THY1,4.76442502487696,1.89392920703116e-06,8.11834257712327e-05,1.55502345660479,3
AK1,4.75784904090504,1.95666734632033e-06,8.35411884385461e-05,0.414795576017804,4
JOSD1,-4.75383648158939,1.99592485752331e-06,8.48818122479008e-05,-0.542123117872968,4
PTGIS,4.7484428618554,2.04988782311994e-06,8.68348559425162e-05,0.497487089019019,4
SCML1,-4.74292788117144,2.10651277911881e-06,8.88849650001617e-05,-0.465427217589932,3
UGDH,4.73873293577402,2.15058716499301e-06,9.03916052772548e-05,0.447833460027817,4
F5,4.73294314276453,2.21287491072998e-06,9.26491270763767e-05,0.629796763766154,3
ATG2B,-4.72577931565991,2.2923449770452e-06,9.56058318225567e-05,-0.397974163390367,4
CDKN3,4.72260931119266,2.32837869726687e-06,9.67351795687568e-05,0.589417515146457,3
HEG1,4.72022265205919,2.35586627981087e-06,9.71621999714607e-05,0.513044685821139,3
PLXNB1,-4.71948559351414,2.36441789574955e-06,9.71621999714607e-05,-0.269366606379432,4
CRIP1,4.71938034827076,2.36564141756102e-06,9.71621999714607e-05,1.0493327398081,4
SLC2A3,-4.71663618268042,2.39775894585032e-06,9.81083035343754e-05,-0.845473959449565,4
CDKN1A,-4.70873621752196,2.4925738957493e-06,0.000101602955554279,-1.0899142406446,3
IGFBP4,4.7070446049734,2.51333929099971e-06,0.000102064251960071,0.646679061322701,3
RYBP,-4.70470545423262,2.54232729418656e-06,0.000102854754426229,-0.379229847497999,3
JAM2,-4.70228555775521,2.57265355810575e-06,0.000103693297517382,-0.148250350432005,3
COIL,-4.70056699762718,2.59440117286743e-06,0.000104181120703769,-0.0135092968508319,3
PIGK,4.69940145391164,2.60925091090617e-06,0.000104389364220772,0.381405616960317,4
FNBP1,-4.69738193893115,2.63517409984827e-06,0.000105037456186572,-0.485958491432115,4
FBLN5,4.68384595870227,2.81541625741937e-06,0.00011180928828178,1.02993596014795,4
GNG11,4.6829213376164,2.82815066375799e-06,0.000111903602453897,0.806131078455064,4
NPR3,4.67395489071928,2.95454252233392e-06,0.000116477986592157,1.02267475412315,4
MT1H,4.67168704741477,2.98735881302545e-06,0.00011734345417564,0.957837885471656,4
EML1,4.66792248121815,3.04260646592267e-06,0.000119080561756872,0.54781195171148,3
RASSF4,-4.65490854107614,3.24124550347788e-06,0.000126396873388333,-0.447399970607478,4
COL3A1,4.65034436592572,3.31381237310008e-06,0.000128761875015205,0.932120397102264,3
GGA2,-4.64745139487219,3.36061244139769e-06,0.000130112313949741,-0.450360265293711,4
ZNF639,-4.64603589853875,3.38374145664471e-06,0.000130539911480986,-0.13546030778095,3
FAM89B,4.64521502441481,3.39722427711539e-06,0.000130593653528116,0.349092976826313,4
MYL5,-4.63997444931945,3.48452258003897e-06,0.000133474513863762,-0.314795135565667,4
SMO,-4.63589243454461,3.55400757457809e-06,0.000135655087705274,-0.172255813268033,3
PCSK5,4.63392184917661,3.5880249369497e-06,0.000136471286510319,0.323750288614814,4
SORL1,-4.62972118360627,3.66158424150361e-06,0.000138780466584989,-0.226663311750156,3
GPRC5B,-4.62520324900387,3.74231246341141e-06,0.000141344263041154,-0.608120564330432,3
TSPAN12,4.62092405765404,3.82034610472653e-06,0.000143788775690787,0.602596558276045,3
HEY2,4.61908234080192,3.854408892083e-06,0.00014456710018153,0.678653387204877,4
WIPI1,4.60926774505259,4.04089665422001e-06,0.000151037251414825,0.39589886833345,4
GOLM1,4.60492475060853,4.1261503319895e-06,0.000153691985814312,0.608182453576777,3
GAB2,-4.60419963221983,4.14055140643274e-06,0.000153698406502703,-1.09924660905489,4
KCNAB1,-4.60255263158603,4.17344051043427e-06,0.000154388713677092,-0.237339801834738,3
PRKAB2,-4.59466537338739,4.33444264436358e-06,0.000159797438376844,-0.333736547107076,4
RTN1,4.58866224363661,4.46095526293458e-06,0.000163902172619794,0.878972549833779,4
JUN,-4.58792147886025,4.47680949412721e-06,0.000163927105612075,-0.825406605245473,3
ST3GAL1,4.58535375070702,4.53218425589071e-06,0.000165394102473417,0.322594670734318,3
VEGFA,-4.57155173222971,4.84125733175022e-06,0.000176078322214027,-1.21121377532969,3
PLP2,4.56490043927545,4.99731448529694e-06,0.000181144265336166,0.262641371634556,4
CCDC28A,-4.56066727694878,5.0991322957298e-06,0.000184216812904593,-0.595699701698635,4
NCK1,-4.55284322916494,5.29257133837952e-06,0.000190567851990585,-0.469999788540853,3
DACT1,-4.55165631487523,5.32252310400111e-06,0.000190627052033118,-0.262825780908341,3
AKR1B1,4.55138035163505,5.3295102493984e-06,0.000190627052033118,0.444273034866898,4
H1FX,-4.54886730949711,5.39354365948825e-06,0.000192280721484462,-0.718644829271583,4
S100A10,4.54701897307633,5.44110948736156e-06,0.000193338370666051,0.704353292617773,4
HSD17B12,4.54583426383998,5.47180818499796e-06,0.000193791711522452,0.466532824916685,4
RBM7,-4.54484431945383,5.49758715019564e-06,0.000194068419596122,-0.414579286594154,4
AURKA,4.54414086279499,5.51597636136039e-06,0.000194083311581156,0.300588488193222,3
SULF1,4.54205033577733,5.57097344533886e-06,0.000195381997261527,1.03291742620586,3
PLD1,4.54059007263075,5.60970067677055e-06,0.00019610351686238,0.168367679501836,2
GRM6,4.53831324450409,5.67059841664431e-06,0.000197491878376487,0.667688465943017,4
KIF5B,4.53774180236183,5.68598168626991e-06,0.000197491878376487,0.429242314009667,3
TMCO3,4.53617526160283,5.72835821738602e-06,0.000197727616917817,0.235596151709923,3
TMED2,4.53613768993953,5.72937827210485e-06,0.000197727616917817,0.351554617855789,4
CDH10,4.52930445257059,5.91781751397957e-06,0.000203580461101934,1.03847898258475,3
GFPT2,4.52444126273581,6.05552669072855e-06,0.000207656505756348,0.374529942188079,3
UPF2,-4.52248423934422,6.11180388185756e-06,0.000208923118771599,-0.39512845208103,4
PITX1,-4.5190515233045,6.21172783482883e-06,0.000211548856490529,-0.985194085001125,4
TUBB6,4.51850483149373,6.22778525865472e-06,0.000211548856490529,0.343072626420361,4
RRM2,4.5024405546789,6.71775479223549e-06,0.000227477076068112,1.16405266601324,3
UPP1,-4.49271790630042,7.03199054836358e-06,0.000237373630948198,-0.732937008079111,4
MELK,4.48918867588463,7.1494952394196e-06,0.00024006500077193,1.06328386370804,4
SH3GL3,-4.48898991951753,7.15616832517696e-06,0.00024006500077193,-0.435298679632855,2
TCF7L1,-4.48397376969314,7.32656724254049e-06,0.000245020369516787,-0.256185438745195,4
PCCB,4.4816249412151,7.40768446084419e-06,0.000246968541808762,0.344651094050009,4
MCCC1,-4.47945016931604,7.48355575125638e-06,0.000248730366846374,-0.356984838802278,4
INPP5A,-4.47600289239663,7.60534545482093e-06,0.000252002888352686,-0.216511909533165,4
SPAG4,-4.47489480338556,7.64489427662938e-06,0.000252538678826148,-0.530029981393007,4
SLC25A20,4.47206262379904,7.74687320895586e-06,0.000255127208546162,0.505901899786455,4
PEG10,-4.46832988389975,7.88326689758191e-06,0.000258829936254346,-0.516560049838948,4
ADAMTS6,4.46638706951149,7.95516241689538e-06,0.000259548753296474,0.467716152476654,4
CEP57,-4.46595086440299,7.97139051224444e-06,0.000259548753296474,-0.382438883092933,4
WDR19,-4.46579374208237,7.97724366732359e-06,0.000259548753296474,-0.409166048751275,4
LRRC15,4.46314532918392,8.0765233728845e-06,0.000261697494878202,1.63045514042025,3
ZDHHC14,-4.46274218914423,8.09173887144227e-06,0.000261697494878202,-0.0846735598678274,3
BMP1,4.45765711524161,8.28603018623048e-06,0.000267181188273617,0.489844355846986,3
SEMA4A,-4.45052384002346,8.56610832775766e-06,0.0002753901849894,-0.14006121303062,3
COL7A1,4.44035787717262,8.9809400485061e-06,0.000287869775679415,0.642187544288531,3
XAB2,-4.42541590186828,9.62566512932334e-06,0.000307622587949558,-0.859203599953088,4
MPDZ,-4.42248935991392,9.7570155735548e-06,0.000310900537538463,-0.178018999650616,3
MYO9B,-4.41507390307941,1.00975487926885e-05,0.000320805064878299,-0.210406731473071,3
UAP1L1,-4.4078226835364,1.04414970719251e-05,0.000330759681439693,-0.274510701949995,3
SOX9,-4.40254755359828,1.06987129933232e-05,0.000337916660099056,-0.758885844406411,4
LTBP1,4.39879395086013,1.08854114084126e-05,0.000342811119631699,0.55792302423479,3
CD151,4.39315337845446,1.1171824979213e-05,0.000350808294841451,0.306086820089656,4
GADD45A,-4.39017478716074,1.1325958574114e-05,0.000354617404398782,-0.967335763323409,3
STEAP1,4.38691584052409,1.14969248509146e-05,0.000358930006472774,0.62715773282196,4
GINS3,4.38160713444591,1.17807091207268e-05,0.000366729740409484,0.910358770163148,3
CDC20,4.38047308756554,1.18421918615421e-05,0.000367584357725224,0.9541856569813,4
ROR2,-4.37858287071473,1.19453518232867e-05,0.000368709102588194,-0.134770072136574,2
LMNB2,4.37852703975135,1.19484118412781e-05,0.000368709102588194,0.464221462241564,4
BANP,-4.37742635621363,1.20088917681696e-05,0.000368709102588194,-0.163512490515996,3
ALDH6A1,-4.37731620132748,1.20149605731387e-05,0.000368709102588194,-0.678230929239324,4
MICAL2,4.37146267741363,1.23416949281558e-05,0.000377662857263282,0.366256350417276,3
TULP3,-4.37075849516027,1.2381567857335e-05,0.000377812700550657,-0.426292895603827,4
KIFC1,4.36719889658609,1.25850115171783e-05,0.000382938857488901,0.455135496820457,3
PPP1R13B,-4.3649076977048,1.27176447497315e-05,0.000385887636479212,-0.280831663189837,2
EFEMP1,4.35667538242685,1.32052889042977e-05,0.000397897833472029,1.3335663472216,3
RAI1,-4.35636928422102,1.32237603591722e-05,0.000397897833472029,-0.312847565719356,4
MTMR3,-4.35636581515902,1.32239698404424e-05,0.000397897833472029,-0.442387770495513,4
PTBP2,-4.34599311855944,1.38646915725204e-05,0.000416017773239903,-0.196437241572321,3
ZNF442,-4.3405814921008,1.42106153250464e-05,0.00042521625136053,-0.339124424893733,3
PTP4A1,-4.33916458632048,1.43025379477038e-05,0.000426784571577614,-0.400744477198508,4
METAP1,4.33664737605396,1.44672437736721e-05,0.000430510102598364,0.341325822703009,4
XKR8,4.32510640458134,1.52458254243979e-05,0.000452432434709742,0.39102415061501,4
HNRNPAB,4.32093295487232,1.55370880719412e-05,0.000459812672200297,0.46226758362505,3
PDE2A,-4.31944475778386,1.56422257107716e-05,0.000461659350075833,-1.26578224000247,4
SERPINB9,-4.31478550362032,1.59757944696151e-05,0.000470219432863167,-0.439196724682525,2
PDE3B,-4.31125214332878,1.62332667378383e-05,0.000476499313321003,-0.221460195951822,3
KLF10,-4.30799156982161,1.6474366263696e-05,0.000481787454020805,-0.658801137196493,3
SPG20,-4.3076123839419,1.65026252534436e-05,0.000481787454020805,-0.301529729933328,4
BMP6,4.30686479665015,1.65584749043492e-05,0.000482114948562751,0.400805409862551,3
HSF4,-4.30382856460669,1.67871582343612e-05,0.000487459363568737,-0.593870470265134,4
GYG1,-4.30293581874773,1.68549687521291e-05,0.000488116280054956,-0.659659446363788,4
VCAN,4.29757231333776,1.72678935179853e-05,0.000498737395137103,0.44309619200011,3
PHF21A,-4.29171744423393,1.77296466692397e-05,0.000510708382189673,-0.612327253845444,4
TOE1,-4.28994008507309,1.7872132761737e-05,0.000513443558756071,-0.614270438206857,4
CCNL1,-4.28736388758838,1.80805976350272e-05,0.000518054683431203,-0.546848724927945,3
FGF9,4.28609662902336,1.81839917630359e-05,0.000518403831599951,0.658492396933329,2
MTMR9,4.28603827705433,1.81887661707444e-05,0.000518403831599951,0.45079623770239,4
TOM1,-4.28390258186962,1.83643346077273e-05,0.000522030374822818,-0.48656805064059,3
FOSL2,-4.28215797353112,1.85089499358435e-05,0.000524151791813887,-1.13950079423381,3
MYO6,4.28183296454771,1.85360104122297e-05,0.000524151791813887,0.33751415253444,3
GABRA4,4.28030805542488,1.86634794310131e-05,0.000526378341550402,0.770905956274066,4
IER5,-4.2781326374857,1.88467713438768e-05,0.000530163604313951,-0.563169195837811,3
SLC35A2,4.27689350709309,1.89519406096784e-05,0.000531737305105835,0.147127122128102,3
PPP1R15A,-4.27372874619086,1.92230876639867e-05,0.000537947650120168,-0.635383263932998,4
MALL,4.26396526696727,2.00830675874679e-05,0.000560561488578368,0.292883032314358,3
ARID5A,-4.26110970961199,2.03414340989513e-05,0.000566309719424929,-0.565117382793604,4
ACP6,-4.25772681419615,2.06516093269058e-05,0.000573467053854079,-0.444460775189993,3
ZHX2,-4.25705856776437,2.0713410663856e-05,0.000573708364079417,-0.563492066394645,4
PRPF3,-4.25036244263774,2.13424876412629e-05,0.000589620336319493,-0.46165654746618,4
CARS,-4.2471042796379,2.16551183657738e-05,0.00059673109333441,-0.290552960555185,3
ENOSF1,-4.24031145136248,2.23209861130251e-05,0.000613514737895412,-0.256026429109715,3
GRIN2D,4.23315717332708,2.30433341301802e-05,0.000631761663132505,0.63589062765327,4
NSL1,4.22671749227833,2.37125070393737e-05,0.000648462027947631,0.600519876766955,4
MAPKAPK3,4.22460972287748,2.39355213841436e-05,0.000652907833311918,0.274432451624542,4
LOXL1,4.21807462258905,2.46397281109775e-05,0.000670424037921358,1.05173532815293,3
CNN3,-4.21052850097428,2.54773978214976e-05,0.000691474500672908,-0.207624969514475,4
ATMIN,4.20569626264235,2.60279602403185e-05,0.000704377947301972,0.405672676261153,4
CFDP1,-4.2052164438358,2.60832418923152e-05,0.000704377947301972,-0.230286906600226,3
RARA,-4.19515172530045,2.72688989346774e-05,0.000732827245664799,-1.20163892470708,3
PLEKHO2,-4.19504412626682,2.72818470766057e-05,0.000732827245664799,-0.0821517191618899,3
BLMH,4.19455940113667,2.7340249953982e-05,0.000732827245664799,0.587039403743604,4
TMEM45A,4.18966836119113,2.79362443579696e-05,0.000746948790977196,0.329357113729397,4
EVI2A,4.18720240821617,2.82413952084643e-05,0.000753243335905757,0.671966369854996,3
IFT74,-4.18472379787752,2.85513039712143e-05,0.000759633461815411,-0.184268710084322,3
VPS37B,-4.18388910586142,2.8656393955654e-05,0.000760556185525735,-0.565969367058674,4
IRAK1,4.1805366838509,2.90821888031163e-05,0.000769965204537406,0.442151684907199,3
TPPP3,4.17821610317095,2.93804432075115e-05,0.000775959773905963,1.44067025901901,3
COCH,4.17599728929081,2.96683351380064e-05,0.000781652088196941,0.194610268721669,3
HBD,4.16659574474691,3.09182069504003e-05,0.000809321040912083,1.0376696127357,4
CACYBP,4.16643147957307,3.0940483357488e-05,0.000809321040912083,0.224149038214499,4
TM7SF3,4.16641067459732,3.09433058597195e-05,0.000809321040912083,0.261393630997967,4
FEM1C,-4.1647805941951,3.11652125237606e-05,0.000811018200454233,-0.613966460791705,2
TMEM30A,4.16474914687467,3.11695083525034e-05,0.000811018200454233,0.432555897440398,4
CD72,-4.16428165782438,3.12334356034957e-05,0.000811018200454233,-0.315528033919894,3
COL6A2,4.16164045160303,3.15969566864827e-05,0.000818489990713157,0.527023942281179,3
PTPRE,4.16031291625787,3.17811859575363e-05,0.000821292752902649,0.315576496753521,3
PRKCDBP,4.15786830925259,3.21231105685108e-05,0.00082814759036051,0.515363129734573,4
CAMLG,-4.15698643281795,3.22473133085437e-05,0.000829370186568782,-0.340127179347592,3
SNN,-4.1543087933605,3.26272315708822e-05,0.000837148112657173,-0.280335841596621,4
VGLL4,-4.15323960455986,3.27801187353616e-05,0.000839077826017479,-0.66129067723968,4
HMGB3,4.1502144969402,3.32163852427548e-05,0.00084823497255848,0.558177803774201,4
RAB3IL1,-4.1461550158011,3.38104968036493e-05,0.000861370251115612,-0.308975003964308,3
CRBN,-4.14464206298453,3.4034490849996e-05,0.000865036635674486,-0.263080953106298,4
MT1F,4.14183239750156,3.44542086500765e-05,0.000873648736709217,0.601514762394731,4
FZD9,-4.14086838869631,3.45993449704325e-05,0.000875274295949911,-0.266319659869506,3
POLE,-4.13882589054569,3.49087739146132e-05,0.00088099342192083,-0.198901512726666,3
IFT88,-4.13830217202704,3.49885371231287e-05,0.00088099342192083,-0.251087330838263,3
TMSB4X,4.13555545694363,3.54097085520236e-05,0.000889524818090603,0.805141417603731,4
CASC1,-4.12988365845218,3.62946854566435e-05,0.00090849115405149,-0.657857779938155,4
SESN1,-4.12964159770694,3.63329178439403e-05,0.00090849115405149,-0.605926291111896,4
PPFIA4,-4.12871213717312,3.64800774935852e-05,0.000910064196502787,-0.716417862050787,3
PHKG1,-4.12723213144796,3.67155724871687e-05,0.000912165062598509,-0.0768481697029438,2
CFH,-4.12712184137342,3.67331792473941e-05,0.000912165062598509,-0.347847788476667,4
CTSA,4.12571268298409,3.69588446673764e-05,0.000913844997197495,0.556561534547896,4
HIGD1A,4.12564304947005,3.69700299736443e-05,0.000913844997197495,0.318107855955927,4
ASB12,4.11947981836303,3.79728680181379e-05,0.000936490685689329,0.59518718685364,4
NECAB3,-4.10875024452619,3.97805998204614e-05,0.000978838358224656,-0.385900196788871,4
ATIC,4.10613824321536,4.02328752366195e-05,0.000987417885043785,0.187733130610565,3
MRPL49,-4.10568357983599,4.03120984358738e-05,0.000987417885043785,-0.293620901621158,4
ZNF124,4.10145414391138,4.10561876520425e-05,0.00100336864031078,0.420531569723497,4
NCOA1,-4.09743631462392,4.17751047297653e-05,0.00101733388947118,-0.164384098570511,3
BAZ2B,-4.09720983395456,4.18159828666176e-05,0.00101733388947118,-0.271204921186449,4
PDE8B,4.09349430783252,4.24920512801557e-05,0.00103133533646145,0.496827962884387,4
EVL,4.0930017856968,4.25824439975753e-05,0.00103133533646145,0.387363237752055,3
RLF,-4.09206588747382,4.27547125540084e-05,0.00103148622690823,-0.440761785574556,4
IL17RB,-4.09193067891307,4.27796546616263e-05,0.00103148622690823,-0.368066405011511,4
SLC4A5,-4.08867992533312,4.33834976671688e-05,0.0010437161287322,-0.329569631317791,3
NMT2,-4.08405396806017,4.42567452525726e-05,0.00106235858270731,0.00196136958886599,2
ACAT1,-4.08323560877155,4.44129532526712e-05,0.00106374439253959,-0.278680636328617,3
TRIM2,-4.07785819388487,4.54524732137348e-05,0.00108623366295302,0.00574666399168731,3
SLC6A8,-4.07432199701584,4.61485945136607e-05,0.00110043513893281,-0.754988756301796,3
PXDN,4.06983056907021,4.70473404199145e-05,0.00111939509078396,0.318695100110684,3
NTN1,4.06542822014539,4.79443491171115e-05,0.00113636606326023,0.368097310159332,4
DBNDD1,4.06529853844549,4.79710169271123e-05,0.00113636606326023,0.528661537905781,3
CENPF,4.05508285759475,5.01165346495553e-05,0.00118459257611487,0.684294780432714,3
IDH3A,4.05107979738497,5.09818158172305e-05,0.00120241391802996,0.142382192649074,3
EPYC,4.04904614464766,5.14268051804957e-05,0.00121026655677498,0.568938455995061,4
TMEM14A,4.04162433170008,5.30822238601277e-05,0.00124650909160239,0.552345444842048,3
CAP2,4.03990898138209,5.34719486507766e-05,0.0012529370701208,0.664296615450062,4
TRAPPC6A,-4.0383210599882,5.38351370118317e-05,0.00125871677489569,-0.280644324082019,4
PGRMC1,4.03719804937949,5.40934009353012e-05,0.00126202357862446,0.451944668211028,4
PIGA,-4.03006258640987,5.57620038298441e-05,0.00129814906329736,-0.832710019695332,3
HSPH1,4.02690484895372,5.65158895387621e-05,0.00131287019096281,0.401139257121781,3
EFHD2,4.02302980201378,5.74542231108078e-05,0.00133180368678744,0.326430006944588,4
C11orf71,-4.01447028461106,5.95794488578146e-05,0.00137810965002594,-0.275318674061748,4
APP,4.012467821643,6.00872717331831e-05,0.00138688613090137,0.2893357202248,4
GCHFR,-4.00884149996169,6.10173519996334e-05,0.00140399093952618,-0.375554896322947,4
DNAJC15,4.00856705785155,6.10882930547403e-05,0.00140399093952618,0.473711805954368,4
E2F2,4.00735069227011,6.14036547890565e-05,0.00140824263063989,0.699442395834397,3
EIF4E2,4.00453116678506,6.21405984365792e-05,0.00142212445828798,0.427109239159195,4
ZFAND5,-4.00291447659695,6.25669241293494e-05,0.00142860410882087,-0.859532564469709,3
MT2A,4.00227654120604,6.27359101151368e-05,0.00142860410882087,0.50953046982457,3
CDH19,4.0019578495684,6.28204917320786e-05,0.00142860410882087,0.455120902900252,3
ITGB1,3.99807889987559,6.38586666142806e-05,0.00144916243018374,0.507396654488202,3
PTPRU,-3.99369037469039,6.50528016950756e-05,0.00147316638136312,-0.447379759508942,3
OXSM,-3.98831114333278,6.65453484450251e-05,0.00150381350188946,-0.421449765405605,4
RARB,3.98557397726883,6.7317199399834e-05,0.00151808014178916,0.497386384582115,4
ZMPSTE24,3.98371327805997,6.78467248707454e-05,0.00152534154337285,0.550039316266351,4
KLF15,-3.98345123250182,6.79216147345251e-05,0.00152534154337285,-0.69742383744232,4
KRT17,3.97726655228626,6.97120064438545e-05,0.00155979083854537,0.516348879528719,4
GBP2,-3.97715605356936,6.9744396872562e-05,0.00155979083854537,-0.65935789654758,3
POLG,3.97350893688935,7.08214996377461e-05,0.00158060710555152,0.384838873746819,3
PRDX1,3.97193349795555,7.12916242161325e-05,0.00158781881398487,0.457912491542065,3
MTMR10,-3.96183030798319,7.43773959914604e-05,0.00165313710185135,-0.0833562334932835,3
HIST1H1C,-3.96133192717857,7.45328369630359e-05,0.00165319035908566,-0.850300898279828,3
TGOLN2,3.95824285728491,7.55031677069532e-05,0.00166835095545026,0.342637813546383,3
MZF1,-3.95815144746008,7.55320623018021e-05,0.00166835095545026,-0.278890173375729,4
WDR73,-3.95768494624616,7.5679685999873e-05,0.00166835095545026,-0.132599839582583,3
CERK,-3.95183728687882,7.75534673732471e-05,0.00170617628221144,-0.449199011752153,4
CAPZB,3.94876706019822,7.85547456171536e-05,0.001724691793001,0.51537328824112,4
PROZ,3.94817121150713,7.87504776696075e-05,0.00172548206853367,0.719473450017795,4
GTF3A,3.94600287621707,7.94666592375172e-05,0.00173764950016935,0.455448606656957,4
CEBPG,-3.94420080783612,8.00665466607689e-05,0.00174722997379722,-0.679356887612877,3
RARRES2,-3.93894484108152,8.18407410391902e-05,0.00178234613851882,-0.0161266734652905,2
LRP5,-3.93730429060814,8.24020885285147e-05,0.00179096048347086,-0.0211435211658762,3
TIMP2,3.93581507825484,8.29148018331491e-05,0.00179848532008369,0.25655032490298,4
CSN1S1,3.92818048302211,8.55909692281348e-05,0.00185281292505473,1.57187325544799,3
MYO1B,3.92692914915917,8.60373118209751e-05,0.00185875008458035,0.542521528039157,4
TOB1,-3.9261631215361,8.63116331719309e-05,0.00186095461381876,-1.08780861703778,3
NEFH,3.92519671330687,8.66588916591582e-05,0.0018647198161399,0.772827989146855,3
RAC2,3.92385271398747,8.71440245770744e-05,0.00187143092143451,0.993733176027109,3
SNTB1,3.92072567649072,8.82827158435986e-05,0.0018921228106003,0.188979874772657,2
INPP1,-3.92011055385587,8.85083571747232e-05,0.00189320252317101,-0.383922266407873,4
ATP6AP2,3.91844077546794,8.91236208533344e-05,0.00190259555821684,0.364853653632857,3
SAMD14,3.91733144796316,8.95346064334891e-05,0.00190759924791824,0.355100371101062,3
TUBB2B,-3.9163548295992,8.98979069514024e-05,0.00191156927340364,0.00800832808404842,2
HMBS,3.91433549672131,9.06535166454048e-05,0.0019238492864512,0.387369124144903,4
HSD17B2,3.9082427664825,9.29698627804694e-05,0.00196913815246006,0.179198375914668,3
FGFR4,-3.90663628828638,9.35898651108507e-05,0.00197839084721606,-0.365206193081646,3
MYOC,-3.90447751283432,9.44291714482419e-05,0.00199223419918732,-1.18102334997935,4
SEMA4D,3.90334589635959,9.4871965065237e-05,0.00199767439889803,0.26885547938781,4
CDS1,-3.90119914285505,9.5717367891961e-05,0.00200459614376917,-0.323562074203565,4
EMG1,-3.90111156380491,9.57520075496332e-05,0.00200459614376917,-0.136119092026627,3
TK2,-3.90109789178459,9.57574162363352e-05,0.00200459614376917,-0.353449359910712,3
PTPRJ,3.89898242078408,9.65977866201319e-05,0.00201827715874403,0.425035202567568,4
ITGA10,-3.89437347949807,9.84528616297893e-05,0.00205306527282815,-0.424436637900556,4
PDC,3.8931374507253,9.8956046648772e-05,0.00205958230423899,0.563015447809274,4
REM1,-3.89198611974868,9.94269345222563e-05,0.00206540335905656,-0.260550539790331,4
ADSS,3.89036940975573,0.000100091731543352,0.00207522242635564,0.192020952428634,3
ABCA5,-3.88926610684318,0.000100547820173172,0.00208068496841111,-0.51231939720346,4
CA5B,3.88746266353345,0.000101297562895006,0.00209219172923873,0.432968490813842,4
TFPI,3.88552916260527,0.000102107234284496,0.00210488997088001,0.213541423742841,2
SART3,-3.88486099330118,0.000102388453750505,0.00210666681411991,-0.220690329919236,4
MRC2,3.88289219247181,0.000103221340291024,0.002119766003467,0.45510572494194,3
GADD45B,-3.87904354044241,0.000104867985117966,0.00214949520919216,-1.25403262373397,2
MYH4,3.87776653086096,0.000105419808717576,0.00215304079958399,0.364912381365998,3
SIAH2,-3.87772084280489,0.000105439602201438,0.00215304079958399,-0.480235817755314,3
COLEC12,-3.87677171224706,0.000105851589066545,0.00215737521716382,-0.279314702268403,3
SCNN1D,-3.87578417379263,0.000106281859784706,0.00216176624722965,0.0255661135699604,3
ZDHHC7,3.87512176781052,0.000106571394426954,0.00216176624722965,0.453590535922694,4
DLG3,-3.87445728576647,0.000106862584172649,0.00216176624722965,-0.183079689914685,3
PPIC,3.87444598969571,0.000106867540827683,0.00216176624722965,0.901365829475536,4
CYP3A43,-3.86991903383855,0.000108871504169633,0.00219818689353341,-0.443936146815418,4
TLE3,-3.86745999636079,0.000109974862070756,0.0022163217538961,-0.554204763850951,3
PODNL1,3.86577744310253,0.000110735884724117,0.00222750284318419,0.596222770847756,4
PLEK2,3.86456105643394,0.00011128915029175,0.0022344710064154,0.703363747319866,4
AEBP1,3.86164615803328,0.000112625603280057,0.00225710902900032,0.691487676161137,3
PRELP,3.85865118885291,0.00011401452703783,0.00228071281678266,0.323413713313417,2
ENO2,-3.85599405739386,0.000115260287606436,0.00230137084422314,-0.751091003261605,4
CCNG2,-3.85398550777135,0.000116210476978862,0.00231606194156028,-0.788365168170327,2
CD79B,-3.85301695968974,0.000116671305828688,0.00232096398814271,-0.420105200097162,3
EFCAB1,-3.84937229513235,0.000118420903546366,0.00234021398775728,-0.185545251006835,3
TMEM147,3.84923938011249,0.000118485173754406,0.00234021398775728,0.355381606788964,4
MDC1,-3.84914889171719,0.000118528947656483,0.00234021398775728,-0.58718704313578,4
CAMP,3.84903654339923,0.000118583317550755,0.00234021398775728,0.836759356113878,4
ABHD4,-3.8487497695953,0.000118722205637011,0.00234021398775728,-0.494570937339309,4
FKBP5,-3.84747256227731,0.000119342637806446,0.0023430181621444,-1.0058519134548,3
RNFT1,3.84736441414348,0.000119395313352084,0.0023430181621444,0.25016920296686,4
GRAMD3,-3.84673547961407,0.00011970208224472,0.0023430181621444,-0.0580927877046517,3
BCR,-3.84667404166241,0.000119732089011638,0.0023430181621444,-0.542324937301076,3
NR3C2,-3.84617210087917,0.000119977506550597,0.00234357509178942,-0.276094649357416,3
RPA2,-3.8449270146704,0.000120588324626552,0.00235125466176176,-0.0973123005586674,2
ALDH2,-3.84273510167082,0.000121670770047701,0.00236808587036984,-0.542689644498115,4
FBXW4,-3.84029988291549,0.000122884108478658,0.00238739953199004,-0.363001029558287,4
AMT,-3.83798488690704,0.000124048114860265,0.00240197274257644,-0.0399600275298407,2
CTGF,3.8371624007634,0.000124464166843929,0.00240197274257644,0.370318981290907,3
TSKU,-3.83710047804457,0.000124495543438652,0.00240197274257644,-0.63936011602697,4
WNT5B,3.83704497228525,0.000124523674860471,0.00240197274257644,0.529810061238291,3
LSM14A,-3.83318695339514,0.000126493744740887,0.00243289695161529,-0.22097809911139,4
DOCK6,-3.83302456413504,0.000126577308536178,0.00243289695161529,-0.379650700742117,4
ZNF821,-3.82486654059337,0.000130842946339252,0.00250815903025487,-0.276461813420155,3
FIG4,-3.82465114387492,0.000130957386878703,0.00250815903025487,-0.180375007983353,3
SPA17,3.82241805589565,0.000132149400158751,0.00252637892053667,0.647481030103376,3
NUDCD3,-3.82199484970968,0.000132376455195682,0.00252637892053667,-0.258639066377401,3
MFSD9,3.81995135962261,0.000133477993578256,0.00254124247138751,0.633888764363636,4
ZCWPW1,-3.81935955965728,0.000133798611099742,0.00254124247138751,-0.0886333641502326,3
MAMLD1,3.81924448094579,0.000133861041123819,0.00254124247138751,0.361033848926753,4
MXI1,-3.81772566063554,0.00013468757451289,0.00255209098584894,-0.755389835623004,3
EFNB3,3.81710809905633,0.000135025021057591,0.00255209098584894,0.888968701974841,4
CDKN1B,-3.81689568067322,0.00013514127419974,0.00255209098584894,-0.723349016007386,2
BIRC5,3.81596329544112,0.000135652669804091,0.00255512713599906,0.864874035103365,3
SAFB,-3.81544129993312,0.000135939769937119,0.00255512713599906,-0.373135139438335,4
ELL3,-3.81498169975375,0.000136193026127759,0.00255512713599906,-0.187599473332016,2
PHACTR2,3.81488164983758,0.000136248216102153,0.00255512713599906,0.423148865559502,4
CCDC59,-3.81424018561224,0.000136602564313112,0.00255733258182017,-0.321539616303034,3
DUSP2,-3.81123231093604,0.000138275740823321,0.00258417742625175,-0.825323101511821,2
FOXM1,3.81025466819966,0.000138823713703098,0.00258993740141773,0.524297902677001,3
TESK2,-3.80920431212182,0.000139414721766439,0.00259647900779496,-0.327128437414213,3
ZNF33B,-3.80415493985422,0.000142289102640096,0.00264545075166664,-0.293456660046858,3
ENDOD1,3.80133946691087,0.000143915968667704,0.00267110016073632,0.296833718749028,3
EMP3,3.79986557949028,0.000144774595208146,0.00268242740555471,0.404157307551912,4
KCNK1,3.79584694201859,0.000147140261655475,0.00272159093562062,0.0744298567501654,3
CD300C,3.79313221781108,0.000148758896040743,0.00274682665817454,1.10607729526399,3
AACS,3.79229102917497,0.000149263841047615,0.00274684225552722,0.288885689489839,4
TCEAL2,-3.79228357792794,0.000149268321051146,0.00274684225552722,-0.211201642736812,3
MPDU1,3.7889978475214,0.000151256224235174,0.0027786769872439,0.338914903428239,4
ABR,3.78857680787454,0.000151512751850274,0.0027786769872439,0.233532560251671,3
TOR1B,3.78807093056239,0.000151821510336539,0.00277962026212761,0.406913411210304,4
CYB5A,3.78503257639345,0.00015368844513896,0.00280903990590701,0.567274585930531,4
COL6A3,3.78434581296197,0.000154113414859607,0.00281204916775925,0.731675820393062,3
CHD5,-3.78342066844776,0.000154687643800494,0.00281776716413649,-0.340620188989043,3
RBM22,-3.7828636011712,0.000155034381265568,0.00281932893338497,-0.368116650578473,4
SLA,3.78202932340694,0.000155555032337487,0.00282404278875552,0.637663697719489,4
MYO7A,-3.7812593083116,0.000156037038793457,0.00282804042457537,-0.677145032043371,2
CLK3,-3.77986713858905,0.000156912065683295,0.0028391359020284,-0.439904810415363,4
NCALD,3.77832870532417,0.000157884394952399,0.00284810427736559,0.703930365343567,4
ZNF12,-3.77824879516461,0.00015793505481781,0.00284810427736559,-0.276642988151995,4
NOL3,-3.77230650915851,0.000161745388089162,0.00291195613689855,-0.372827853485002,4
DSC3,3.77153654885562,0.000162245387640656,0.00291609763276933,0.148267885182739,3
UGP2,3.76730025080964,0.000165022484403514,0.00296108451250292,0.381616495106908,4
TBC1D17,-3.766430959159,0.000165597849496688,0.00296648087937516,-0.40876576149509,4
FXN,3.76435765970461,0.000166977748639415,0.00298157290198356,0.380152611852746,4
GNA12,3.76433577406466,0.000166992372310688,0.00298157290198356,0.242153891963343,3
ADCY7,3.76381116307053,0.000167343270654704,0.00298290760662064,0.67986025953065,3
MATN3,3.76177645784864,0.000168710803837733,0.0030023296590695,0.945366672803108,4
AGPS,3.76028677195927,0.000169718685760729,0.00300511451404703,0.469499293537529,3
SETBP1,-3.76015783621289,0.000169806186062101,0.00300511451404703,-0.148303247802512,2
TSPO,3.75994283167516,0.000169952190034323,0.00300511451404703,0.416084670576184,4
MMP3,-3.75990176124131,0.000169980093323712,0.00300511451404703,-0.701013693108197,3
RIPK1,3.75809732172907,0.00017121029356661,0.00302191763252699,0.3281562486326,4
WDR59,-3.75522625015136,0.000173184960761228,0.0030517845777207,-0.22157105048278,4
GTF2E1,3.75233121426631,0.000175197784576116,0.00308222551952965,0.596979347428595,3
ZC3H7A,-3.74762029215108,0.000178520228378591,0.00313073907148885,-0.502304948790505,4
SMTN,-3.74759950626357,0.000178535018333377,0.00313073907148885,-0.465247462356895,4
PTTG1IP,3.74508634080262,0.000180331747360774,0.00315712080225459,0.28364161993681,4
CCKAR,3.739295832728,0.000184536456273995,0.00322316230932564,0.831864102478726,4
MPST,-3.73907210669921,0.000184700747035046,0.00322316230932564,-0.480537524161098,4
RRN3,-3.73766150648581,0.000185739776539682,0.00323606623577684,-0.439338679561504,4
ZNF91,-3.73469309237731,0.000187944244336493,0.00326920084915105,-0.269866136703091,4
TAP1,-3.73191979759308,0.000190026008380669,0.00330009797834082,-0.315512481841596,3
GRN,3.72919852044349,0.000192089776307826,0.00333058389033249,0.529429791879562,3
GPD1L,3.72536941469684,0.000195029395964911,0.0033761338705336,0.302079255466905,3
NARF,-3.72387664013402,0.000196186815842601,0.00339073597557084,-0.425802775919426,4
SAP30,-3.71856833956675,0.000200355091092216,0.00345241638125088,-0.492290365512352,3
BTG3,-3.71793680048948,0.000200856500461689,0.00345241638125088,-0.427451891403925,4
DEFA4,3.71786976549746,0.000200909791931109,0.00345241638125088,0.629632688984002,4
STK19,-3.71771351580702,0.0002010340588601,0.00345241638125088,-0.27211343201928,4
SUPV3L1,-3.71535308611293,0.00020292013902482,0.00347927514562874,-0.2553174561519,4
AGPAT4,3.71279970351437,0.000204979106554808,0.00350900841363713,0.126317351680866,3
NXN,-3.70830901547378,0.000208647940025038,0.00356616305087098,-0.493731774675168,4
CMTM6,3.70777905074663,0.000209084960152183,0.00356798695033788,0.506115094661209,4
BBS4,-3.70503910835447,0.000211358119560359,0.003601088970806,-0.204584328086134,4
CLK1,-3.70103746338851,0.000214719768646572,0.00365260305656736,-0.591823512904597,4
DCUN1D4,-3.69978981828676,0.000215778098492891,0.00366483493698147,-0.167057670232931,4
STX1A,3.69929293748615,0.000216200945747245,0.00366625214436694,0.263223349170141,3
LRRC23,-3.69855687918664,0.000216828764051869,0.00367113528101612,-0.374482624618481,4
HHLA2,3.69456644809454,0.000220262289396635,0.00372343231621666,0.395469276603016,4
CARHSP1,-3.69373218754312,0.000220986542170965,0.00372983848207932,-0.489980538633271,4
DPT,3.6927908015823,0.000221806479062071,0.00373783710893681,1.15595130869491,3
LONP1,-3.69175380451416,0.000222712997612179,0.00374726760156816,-0.429805062870863,3
C9,3.6899948443171,0.000224258596943099,0.00376402413153901,0.595085029258586,3
ZNHIT3,-3.68982790538837,0.000224405808249502,0.00376402413153901,-0.21388638391158,4
KAZALD1,3.68807667187894,0.000225955570365726,0.00378414274587686,0.342654905043374,4
ZNF446,-3.68324148160941,0.000230286816322581,0.00385070927231659,-0.31609856301966,4
ADCY3,-3.67740890030105,0.000235615182286292,0.00393371746376589,-0.102267700640604,3
PHIP,-3.67604505541023,0.000236877705284295,0.0039486928587669,-0.329902955786118,4
NFE2,3.67563205050258,0.000237261277901748,0.00394899279490706,0.634926761153164,4
PCDH1,3.67211486679851,0.000240551509175175,0.00399759600324652,0.419440579422959,4
DUSP14,3.67101806240905,0.000241586264762403,0.00400862493389167,0.489956351496027,4
RALGDS,-3.66963338196617,0.000242898574646836,0.0040164157934269,-0.447840567175036,4
ADAMTS5,3.66939793914179,0.000243122376139089,0.0040164157934269,0.515665802630745,3
CUTC,-3.6693465416821,0.000243171257998629,0.0040164157934269,-0.335248543423336,4
ZSCAN16,3.66894622631174,0.000243552295987438,0.00401656778817757,0.552852929788113,4
ARF4,3.66773365157989,0.000244709899246975,0.00402950660314912,0.184503871450165,3
UST,-3.66671126312736,0.00024568994668999,0.00403545605912786,0.0251291094078989,3
WWC3,3.66657756992164,0.000245818375014454,0.00403545605912786,0.236470223240959,3
DPY19L1,3.66523880789082,0.000247107893342919,0.00405044812585784,0.438567118706294,4
PCDH17,-3.66485210089444,0.000247481555551395,0.00405044812585784,-0.614516060223339,2
MKNK2,-3.66383201327032,0.000248469777105934,0.0040604697916767,-0.960127989909859,2
LEPROTL1,3.66065779831509,0.000251568563675544,0.00410489973538252,0.444147459025892,4
HOXC8,3.65990423275978,0.000252309527406989,0.00410649057812986,0.495930220804984,3
PSMD2,3.65978558353035,0.000252426378807464,0.00410649057812986,0.246094582946445,4
FADS3,-3.65717946130992,0.000255005847965037,0.00414221529280952,-0.248110714416967,3
AP2M1,3.6546368139436,0.000257546297151421,0.00417719985259708,0.320787061630817,3
CLDN14,-3.65409143118809,0.000258094290616127,0.00417981188491065,-0.00614112357251138,2
C8orf33,-3.65125881380969,0.000260958096389394,0.00421129442816535,-0.137275534889351,4
AP2A2,-3.65119211982898,0.000261025882338177,0.00421129442816535,-0.100340661719359,4
ARNTL2,3.65101315729222,0.000261207856588667,0.00421129442816535,0.831804511493351,3
PENK,3.64878506437316,0.000263483426978545,0.00423718941295356,1.59007408406328,3
SNX7,3.64867284602274,0.000263598526708461,0.00423718941295356,0.303413347433271,4
MPZL1,3.6471553265033,0.000265159646882149,0.00424979786850212,0.413123771917722,4
TMC7,3.64714552174662,0.00026516976146736,0.00424979786850212,0.505992016397529,4
B3GNT2,3.64497412608304,0.000267418704506566,0.00427949162382211,0.560671030689274,3
DAG1,3.64189159662062,0.000270642043550468,0.00432348760897457,0.236323787561521,3
EFHD1,-3.64158137794831,0.0002709684420733,0.00432348760897457,-0.628418565863283,3
ITFG1,3.6402511865241,0.000272372198777057,0.00433947565072238,0.33427283144551,3
STX11,-3.6394399258454,0.000273231668722719,0.00434675771066689,-0.847941244236299,3
TUFT1,-3.63827493626006,0.00027447033480956,0.00435957431348083,-0.460904634061961,4
YWHAB,3.63792401131295,0.000274844483195746,0.00435957431348083,0.31527233372904,4
TRAK1,3.63467886534675,0.000278327105498699,0.00440834221935036,0.49337358224586,3
SMAD3,-3.63273890919826,0.000280428730951022,0.0044301239210536,-0.0687747923482653,3
ADAM12,3.6325988590399,0.000280581026488391,0.0044301239210536,0.837294139219221,3
IL27RA,3.6322757457829,0.000280932687087735,0.0044301239210536,0.543290782562321,4
APEH,3.62894391885336,0.000284583049539492,0.004472522544433,0.366906222014777,4
PANK2,-3.62870409175345,0.000284847512279389,0.004472522544433,-0.219046386966569,4
MED6,-3.62846020271539,0.000285116690345573,0.004472522544433,-0.475307860250559,4
SLC47A1,-3.62831456383089,0.000285277544261649,0.004472522544433,-0.88949712589895,3
KCTD7,-3.62713837634709,0.000286579728734766,0.00448642641998977,-0.228871325594881,3
KIAA0101,3.62668225763884,0.000287086205226109,0.00448785121396879,0.815092566573619,3
DOCK9,3.62000755992433,0.000294594408508542,0.00459856763108275,0.40410775122501,4
SHMT2,-3.61949274872869,0.000295181082152943,0.00460107655038396,-0.456871506468849,3
CRY2,-3.61864472815607,0.000296149864448738,0.00460952569996436,-0.890597613014857,4
RSBN1,-3.61721335245047,0.000297791832743216,0.00462841349250679,-0.363679606601017,4
NPAS2,-3.61656366513067,0.000298539915864867,0.00463337380915559,-0.26001393784711,2
MAP1A,3.61392767203207,0.000301593227541655,0.00467404597403867,0.443556210885134,3
CRABP1,3.61192077191433,0.000303937433030732,0.00469907177056893,0.60871254641384,4
PMP22,3.6118008438538,0.000304078056621707,0.00469907177056893,0.253364132216178,2
DEF6,-3.61093316846616,0.000305097279920907,0.00470808688243662,-0.311098357616768,4
DFNA5,3.61052942957428,0.000305572625518335,0.00470869543630393,0.292546633433256,4
S100A2,3.60991503463507,0.000306297319722024,0.00471313909919843,0.433435180686905,3
LMNA,3.6080382385514,0.000308521026718705,0.00473436892874088,0.436177468471505,4
CBFA2T2,-3.60801086147835,0.000308553575803886,0.00473436892874088,0.0913844666749738,3
SAV1,-3.60500142742279,0.000312151212699245,0.00478277645330106,-0.419559444959275,4
YY1AP1,-3.60348832579154,0.000313974855627487,0.00479370258394689,-0.408210607654699,3
CD58,3.60314866450471,0.000314385595787736,0.00479370258394689,0.294911339719236,3
RBM25,-3.60258454697226,0.000315068874479149,0.00479370258394689,-0.278944085846012,4
NFIB,-3.60216939469331,0.000315572609049145,0.00479370258394689,-0.120310584258575,3
SHMT1,-3.60204807464475,0.000315719957817216,0.00479370258394689,-0.254958128411841,3
PIGT,3.60183857292332,0.000315974558928396,0.00479370258394689,0.287095340424038,4
CDC23,-3.60161531402071,0.000316246090266855,0.00479370258394689,-0.156182023963954,4
SART1,-3.60147689502495,0.000316414547523989,0.00479370258394689,-0.324905664528503,4
IRF3,-3.60061087198359,0.000317470414292066,0.00480296276636261,-0.310555251244342,4
SSR1,3.59987767449325,0.000318366915709266,0.00480978940348461,0.379606984029745,4
PCSK7,3.59736710760678,0.000321454639205691,0.00484965504567021,0.305119467066782,4
POLR2J4,-3.59643439898615,0.000322608893397342,0.00486028070638505,-0.360773644231684,4
TGM2,3.59570400775463,0.000323515480994687,0.00486715073217913,0.559226554202914,3
ELL2,-3.59525133856981,0.000324078546381527,0.00486884069264708,-0.355431386964365,3
YTHDC1,-3.59333573364698,0.000326471494662849,0.00489483770164157,-0.423526226157379,3
SYNGR1,-3.59314135139184,0.000326715236334343,0.00489483770164157,0.177361006813501,3
CDC123,3.59217847639494,0.000327925127096521,0.00490470806713835,0.313428207753965,4
ATF7IP2,-3.59163869619822,0.000328605215257495,0.00490470806713835,-0.0422269938144754,3
AASS,-3.59153483952419,0.000328736219274964,0.00490470806713835,-0.754832568613202,4
TBC1D22B,3.59094897019785,0.000329476146368423,0.00490542764392591,0.645927527063574,4
RBM14,-3.5907777429399,0.000329692692972617,0.00490542764392591,-0.071308576749293,2
SLC39A1,3.58916509101599,0.000331738715767735,0.00492908061585017,0.182118748661899,3
PLK3,-3.58789838335911,0.000333354153310451,0.00494627962096084,-0.571002353053915,4
RBM12,-3.587449835606,0.000333927950735898,0.00494799687770805,-0.266021595498773,4
DAAM2,-3.58690791104567,0.000334622431692224,0.00494956600716396,-0.433260739787114,4
FGL2,-3.58665245913595,0.000334950263954532,0.00494956600716396,-0.523567736006743,3
HLA-B,-3.58523196409467,0.000336778734010768,0.00496705176711479,-0.390866132916411,3
SPATA6,-3.58501934113786,0.000337053225818843,0.00496705176711479,-0.480171728674538,3
TBKBP1,-3.58432346034382,0.000337953057758822,0.00497352715246703,-0.238432627794838,3
CHRD,3.58238114032709,0.000340476545772431,0.00500346181329751,0.349005709270696,3
LY6D,3.58193712247711,0.000341055889967973,0.00500346181329751,0.871449627273439,3
ANKZF1,-3.58169153523377,0.000341376722495858,0.00500346181329751,-0.834340797538951,3
HSD17B14,-3.57903686349029,0.000344862825542275,0.00504770764431931,-0.361408006843326,3
TGFBR3,-3.5728688870867,0.000353091574052429,0.00515602592506783,-0.441356648204116,3
ZNF423,3.57277528884098,0.000353217847116293,0.00515602592506783,0.607411816835274,3
TNN,3.57237709276069,0.000353755524236944,0.00515690576627189,0.932350589917043,4
CLK4,-3.57185201919724,0.000354465692004571,0.00516029434640616,-0.238886116414718,4
PNMA2,3.56846559119012,0.00035907799949698,0.0052204045095106,0.606371791127024,4
PLOD2,3.56477473712503,0.000364168818727211,0.00528268399996157,0.437655349990287,3
CYBA,3.56465154391371,0.000364339898164355,0.00528268399996157,0.526199766305062,4
SWAP70,-3.56051981864549,0.000370121373710055,0.00535931780002147,-0.389385389748073,4
ENTPD7,3.55949040246974,0.000371575111564331,0.00536065637984754,0.649570458832353,4
DMBT1,3.55947990602673,0.000371589962057625,0.00536065637984754,1.09939825386238,3
TUBA1B,3.55940029605277,0.000371702613266599,0.00536065637984754,0.48894246430676,3
SS18L1,-3.55713468248078,0.000374921959393543,0.00539987600715873,-0.325201183371384,3
SRRM1,-3.55479986919604,0.000378266893058073,0.00544079757498443,-0.176619412659715,3
PREP,3.55411893392149,0.000379247665619763,0.00544765064364985,0.119137395027521,3
OAZ1,3.55330027392457,0.000380429953982663,0.00545737631197972,0.273795009109289,4
RND1,-3.54848705351212,0.000387451044927778,0.00555072438635259,-1.30669218898295,3
CNNM3,-3.54779051252781,0.000388477068893192,0.00555152441170409,-0.135585123927471,3
DIABLO,-3.54775140000289,0.000388534757938187,0.00555152441170409,-0.227068790640324,3
SARS,-3.54709235874293,0.000389508016013136,0.00555807871727067,-0.405452299695537,3
ISLR,3.54397990961862,0.000394135277739884,0.00561668769148578,0.474722574521623,4
PIGZ,-3.54271123430007,0.000396036104788053,0.00563633992611403,-0.313171691534054,4
MED16,-3.53943754360184,0.000400980640980309,0.00569920116298591,-0.398754488559509,3
SPINT2,-3.53782594212025,0.000403435909817165,0.00572656333488176,-0.167047239174542,3
DSC2,3.536758919487,0.000405069234770959,0.00573698523083552,0.210063865175388,4
ZDHHC3,3.53663855310782,0.000405253870565913,0.00573698523083552,0.284349201655332,3
CDKN2B,3.53630662177033,0.000405763443469574,0.00573698523083552,0.439193614400205,3
SOX13,-3.53415564261037,0.000409080108355467,0.00577631807902713,-0.800549554815605,3
POLR1E,-3.53375703480899,0.000409697509076542,0.00577748367238225,-0.29394738032311,3
YIF1A,3.53311406314934,0.000410695237763754,0.00578400255322565,0.395358046967795,3
CYB561,3.53171386765037,0.000412875843113187,0.00580714174128731,0.285591141227696,4
SUMO3,3.52461069445239,0.000424105576932854,0.00595733217428958,0.360723746131263,4
CRABP2,3.52365134197313,0.0004256439384877,0.00597117639421317,0.921362778170668,4
TBC1D2B,-3.52311547923122,0.000426505483052202,0.0059755022411542,-0.598215112888446,4
PTGER3,3.52207354769319,0.000428185333260934,0.00598879732557328,0.956473845189428,4
FOXD2,-3.52183966372612,0.000428563259828564,0.00598879732557328,-0.395202994892493,4
SFTPD,-3.52078701933885,0.000430268056910699,0.00600485213275112,-0.106042003691809,3
ATP2A2,3.51901233242489,0.000433156572050806,0.00603736424682942,0.255188587263295,3
KLHDC2,-3.51778059453333,0.000435172004728399,0.00605763916891258,-0.349107565446219,4
NPTN,3.51592606213457,0.000438223004946098,0.00609225855782207,0.372487598803294,4
SH3BP4,-3.51470977232076,0.000440234824746274,0.00611236063870083,-0.409621024886569,4
CEP164,-3.50961661939493,0.000448753221041805,0.00622263452335505,0.229699612206158,3
ENOX1,3.50836895069493,0.000450863301856021,0.00623820595868308,0.499479269166926,3
CLDN7,3.50826991768776,0.000451031184385437,0.00623820595868308,0.599553101181623,4
BCKDHA,-3.506329476337,0.000454332448844888,0.00626632632047118,-0.447751884925058,4
ARPC1A,3.50631130064403,0.000454363477394736,0.00626632632047118,0.317024219405683,3
DDX42,-3.50605299846977,0.000454804650550769,0.00626632632047118,-0.22297534215739,4
TUBA1A,3.50360260219154,0.000459009790405761,0.00631620860632233,0.526141605066754,3
TRPS1,3.50160166604985,0.000462470487679787,0.00635573308895299,0.52807621739407,4
POSTN,3.49849308168076,0.000467895228277859,0.00642211468342749,2.21076532502335,2
CALCOCO1,-3.4958193473924,0.00047260854846259,0.00647857555900114,-0.430963330062751,4
ADAMTS3,3.4938398442326,0.000476126555649263,0.00651852858570765,0.648470298086745,4
ABHD10,-3.49105355582384,0.000481119800468473,0.0065785520058993,-0.143271998661224,3
BTAF1,-3.49058744152137,0.000481959866954683,0.00658170731080213,-0.358513429628311,4
ZNF468,3.49011066002613,0.000482820573906725,0.00658513616078339,0.378743807288355,4
ZNF516,-3.48945799047845,0.000484001126320273,0.00659291319862748,-0.351979933939975,4
PPIF,-3.4877683808436,0.000487069819487122,0.00662635792204017,-0.261490253515294,4
ZNF331,-3.48528982317014,0.000491604256803195,0.00667963419118001,-0.443107027538337,3
HLA-E,-3.48314566598013,0.000495558645288789,0.00672490513368027,-0.457450401465846,4
MVP,3.48225947584856,0.000497201658591839,0.00673873565383819,0.193084281926203,4
HLA-F,-3.48142759747687,0.000498748597381138,0.00675123101367299,-0.381896125877566,4
CKAP2,3.47965224775304,0.00050206501025957,0.0067876173226832,0.453862605642831,3
PLK4,3.47743536299075,0.000506235092037364,0.00683543933023451,0.502752244843283,3
RFC1,-3.47609689474959,0.00050876843371667,0.00686106943946002,-0.147771410404983,3
RAG2,3.47346725163212,0.00051378005779145,0.00692001519234819,0.861325767948281,4
STEAP3,3.47259950218578,0.000515443903462881,0.00693112181077635,0.374651642414762,4
THBS2,3.47218188909223,0.000516246434737281,0.00693112181077635,1.00238023870354,2
CACNB3,-3.4720346675091,0.000516529629482962,0.00693112181077635,-0.329284437772197,4
LAMA5,3.47025933760559,0.000519956066283092,0.00696785398890717,0.364012254447697,4
ABCB1,-3.46994903240657,0.00052055713470173,0.00696785398890717,-0.592840802827729,4
PHC3,-3.46872575983559,0.000522932956345793,0.00699099231986047,-0.36589134576433,4
PSME4,-3.46804340236011,0.00052426260766021,0.00699151963256463,-0.376719685617849,3
GRIK1,3.46759203290924,0.000525143883208135,0.00699151963256463,0.789999514855721,4
MPP2,-3.4674533368856,0.000525414957197787,0.00699151963256463,-0.651523846372731,3
TACSTD2,3.46737845087587,0.000525561372120208,0.00699151963256463,0.70384813563208,4
UBE2O,-3.466623028812,0.000527040479024208,0.00700257226865866,-0.551005702512438,3
TFAP2C,-3.46358105474706,0.000533035976449578,0.00707353147126332,-0.0467474008313434,3
IER2,-3.46257359523868,0.000535035570001016,0.00709135487993985,-0.701889677805211,3
RNF138,-3.46173762911723,0.000536700089201887,0.00710469897494948,-0.219409465875009,4
R3HDM2,-3.45752426433227,0.000545163146245301,0.00720225310852986,-0.181572167443243,3
RUVBL1,3.45740574991869,0.000545402984889597,0.00720225310852986,0.646076201866761,3
CBX7,-3.45614285273877,0.00054796483270102,0.00722724801323129,-0.378854728816397,4
ELAC2,3.45365250490674,0.000553049502845805,0.00728541552407365,-0.0105393307536306,3
WHSC1L1,-3.45099183414786,0.000558530468073082,0.00734865543986045,-0.396047674187329,3
GDF5,3.44842468665657,0.000563866694467819,0.00740983945698465,0.724483773744155,3
TBX4,-3.44340197170974,0.000574444803016337,0.00753360007788292,-0.532218026956958,4
ITGAV,3.44301268656499,0.000575272326705464,0.00753360007788292,0.396811539803087,4
NXT2,3.44296358275729,0.000575376788025681,0.00753360007788292,0.52333461916694,4
C1QTNF1,3.44255212194941,0.000576252806308424,0.00753593560985908,0.593644620059409,4
SS18L2,-3.44139993908795,0.000578712466759958,0.00755895050295171,-0.18133023504127,4
FKBP9,3.44091665523214,0.000579747080039569,0.00756331879056453,0.499881984379793,3
UBR5,-3.44033378656185,0.000580997175280363,0.00756469561568524,-0.267281722477982,4
PTHLH,3.44021454399931,0.000581253227274463,0.00756469561568524,0.143164418841175,3
ECHDC2,-3.43626208635326,0.000589800114833603,0.00766669174540623,-0.328294696803098,4
SRR,3.43567347052874,0.000591082914894821,0.00767413178689165,0.515972216926443,4
PPP1R3C,-3.43523599370638,0.000592038012109916,0.00767730444995355,-0.586556390149418,3
PRPH,-3.43210998817904,0.000598904613051586,0.00775703552779765,-0.214344427377393,4
INTS3,-3.43086136746389,0.000601668000219251,0.00778349429744712,-0.151836773462591,3
KLK3,3.42904251450231,0.00060571463781468,0.00782222721269977,0.302831419054681,3
OR7E156P,3.42886525286449,0.000606110366323802,0.00782222721269977,0.403420937040185,3
SPAG6,3.42834188089871,0.000607280174738875,0.00782797189442641,0.605096486551621,4
OSBPL1A,-3.42746884285297,0.000609236211839707,0.00784224590305784,-0.127393479763764,3
FHL1,3.42684420189263,0.000610639313038534,0.00784224590305784,0.357219814695113,4
MUT,-3.42669868868852,0.000610966603978215,0.00784224590305784,-0.359388744404963,3
RSU1,3.42655430099288,0.000611291524752333,0.00784224590305784,0.418595065439936,4
GCH1,-3.42584751688394,0.000612884347561373,0.00785335317005688,-0.781618670358069,3
DCAKD,-3.42494101793874,0.000614932905165669,0.00787026687393313,-0.399963372595063,4
USP9Y,-3.42348010770968,0.000618247765783487,0.00790332824377896,-1.21410003837126,4
UNC5C,-3.42307533968144,0.000619169136938095,0.00790575061135378,-0.454692020472273,4
LRP1B,-3.42257050928693,0.000620320069912284,0.00791109491758263,-0.492963188895656,3
LRPPRC,-3.42123604082732,0.000623372038326096,0.00794064240330011,-0.274346827048413,3
RAD23B,-3.4196890297214,0.000626927581226666,0.00797652736444104,-0.353711672543952,4
PPP2R2B,-3.41768754342288,0.000631555655989555,0.00802595787764609,-0.367794405205994,3
PCSK6,3.41627902987562,0.00063483162053925,0.00805810947716213,0.555845907310368,4
LDHC,-3.41525307893946,0.000637227751771309,0.00807903072140103,-0.484707772639706,3
FAM114A1,3.41243117514763,0.000643861833020732,0.00815357036376313,0.27122961021627,3
TSPYL5,-3.41210725076249,0.000644627451128339,0.00815370694038445,-0.27284813340188,4
ANKS1B,-3.4112328300305,0.000646698436254847,0.00817033509757293,-0.0672744313700295,3
FAM3C,3.4093140867005,0.000651264509012648,0.00821841031116194,0.338768751470298,3
ODAM,3.40634928131769,0.000658378908395397,0.0082984935454925,0.441538981293608,2
STAT6,-3.40480427878719,0.000662114902439601,0.00833585684866267,-0.335077283548657,4
CYHR1,-3.40242746746836,0.000667900812830787,0.00839891103631916,-0.1789194671634,4
DTL,3.4007574619326,0.000671994214989857,0.00844055989572144,0.688313260416461,4
VAT1,-3.39925736974407,0.00067569101013688,0.0084771362270599,-0.285227914131022,4
CEBPB,-3.39409363103199,0.000688561463916571,0.00862858576940464,-0.580531057095292,3
ST3GAL5,-3.39084717588453,0.000696769424607316,0.00872132482573375,-0.543100199392528,3
APBB1,-3.38877170401226,0.000702064357608901,0.00877237008473335,-0.283408636865458,3
POLQ,3.38860706888289,0.00070248597057337,0.00877237008473335,0.762757465376237,3
LIPA,3.38829574459411,0.000703283882001396,0.00877237008473335,0.66793376393196,3
MID1,3.38757610715635,0.000705131507833771,0.00877662468975774,0.529649281508362,3
PRDM16,-3.38753002478863,0.000705249975070331,0.00877662468975774,-0.721196893544498,4
LYRM2,3.38331023568656,0.000716176814653539,0.00890234977202247,0.234910262124893,4
ENG,3.3791653434323,0.000727062663707328,0.00902463257752867,0.434966578922798,3
ATG2A,-3.37893007265533,0.000727685148586139,0.00902463257752867,-0.338755376273066,4
SCGB1D2,3.37713869183932,0.000732441086396251,0.00907319795327099,0.479902891722889,3
COL5A2,3.37533925068668,0.0007372474783051,0.00911612293379254,0.875377321393702,3
EHD3,3.37509661273474,0.000737897812470334,0.00911612293379254,0.64985244292445,3
TROAP,3.3748952111203,0.000738438026945795,0.00911612293379254,0.499531317467788,4
ALDH1B1,3.37377065911474,0.000741461142179819,0.00914299458655982,0.610412155090772,3
ADAMTS2,3.37122042573556,0.000748359535427772,0.00921753671800547,0.588465773885286,3
AKAP8,-3.36797908604366,0.000757213399048412,0.00931596712587807,-0.226853288961553,3
PPP2R2A,-3.36663120681849,0.000760923745098726,0.00934505854367898,-0.355742827654668,3
CDO1,3.36649188127581,0.000761308231664276,0.00934505854367898,0.236634103859424,3
ZMIZ1,-3.36282298842242,0.000771498160156475,0.00944966693417444,-0.32111065378238,3
EPHB3,-3.36279373506061,0.000771579914454902,0.00944966693417444,0.152845141824324,3
KPNA2,3.36107116780438,0.000776408174023418,0.00948806788606211,0.556400970077618,3
CYTL1,-3.36104841510643,0.000776472135834003,0.00948806788606211,-0.774430001367017,3
HMP19,3.35915432286371,0.000781813945881812,0.00954254716770094,0.751613806642663,4
GRPEL1,-3.35836257443832,0.000784056966514829,0.0095591234224528,-0.397277703464361,3
PTPRK,3.3579050672909,0.000785355804315253,0.00956193903026865,0.465825806657388,4
TFRC,-3.3576579070087,0.000786058309468484,0.00956193903026865,-0.133869018614047,3
SPSB3,-3.35656416471631,0.000789174066954649,0.00958904192490902,-0.284878115564653,4
RBM39,-3.35417075207776,0.00079603224087662,0.00966150591679691,-0.274460582281215,4
SYT13,3.35338564132079,0.000798293947369568,0.0096615356892298,0.819940138057065,4
YIPF3,3.35331758635265,0.000798490277216848,0.0096615356892298,0.240894699396819,3
WSCD2,-3.35323868384902,0.000798717956904482,0.0096615356892298,0.0706353919653114,3
PRR3,-3.35042504356223,0.000806876437921216,0.00974930568503912,-0.197925320401598,4
KALRN,3.3498630322229,0.000808515293648455,0.00975819240445878,0.406145615629654,4
HHAT,-3.34864570908866,0.000812075670631405,0.00979022477026834,-0.111385983421648,4
DNM1L,3.34628489073349,0.000819021994979385,0.00986296052370939,0.274932896400154,4
UBE2Q1,3.34475650308407,0.000823548381336555,0.00990642496124439,0.170295181974371,4
CLDN5,-3.34353837029039,0.000827172541948417,0.00993654600147602,-1.35068085010476,3
ARMCX1,-3.34325884779724,0.00082800625526298,0.00993654600147602,-0.309945379164129,3
USPL1,-3.34298892801835,0.00082881206696259,0.00993654600147602,-0.394938077102613,4
SAMD9,3.34017752519873,0.000837248517156997,0.0100265615103436,0.63202454972689,4
TCEB3,3.33936364416472,0.000839705635735575,0.010044850805333,0.17536242426333,4
ACTR6,-3.33904474700587,0.000840670213353808,0.0100449598363291,-0.355624028197307,4
CEBPZ,-3.33874606301663,0.00084157458358432,0.0100449598363291,-0.231958842449537,3
GOT2,3.33618545178786,0.00084936484055437,0.0101267538715986,0.356807257662772,4
LENEP,3.33498607910562,0.00085303669557376,0.0101593190579799,0.344624923284133,4
ARPC3,3.33218795163873,0.0008616604148531,0.0102507222480652,0.336190935300947,4
HS3ST3A1,-3.33148131036752,0.000863851005030088,0.0102654769596645,-0.486846137200316,4
RNF111,-3.32996843251639,0.000868558305066435,0.0103100734190414,-0.245330876811406,4
DHX40,-3.3295488767833,0.000869867953520214,0.0103142849988204,-0.324376910443916,3
RGL1,-3.32901868462441,0.000871525573827486,0.0103226088250927,-0.0570766699740435,2
RAB33B,-3.32601496294314,0.000880971992439313,0.0104230662238001,-0.284961441005315,4
POLB,-3.32526101179917,0.000883357954551219,0.0104311520597517,-0.0666698880433457,3
NAGLU,-3.32518881111323,0.000883586755663099,0.0104311520597517,-0.230040182616924,3
C11orf24,3.32450726559077,0.000885749254991449,0.0104452657777485,0.44119894569593,4
SLC35B1,3.32220309066206,0.000893096636499057,0.0105204251553575,0.171804848486519,3
PLLP,3.32129376620717,0.000896011738027092,0.0105432666603144,0.490995896535587,4
VANGL1,3.31947518278926,0.00090186820569485,0.0106006315102457,0.71826543942986,3
GPR35,-3.31571553513407,0.000914088225580714,0.0107264800065269,-0.0851219717829517,3
SDC2,-3.3155710131405,0.00091456101518342,0.0107264800065269,-0.155595174060928,4
ATP2B4,3.31210479381413,0.000925968532668798,0.0108432481543931,0.308093829809177,3
IL6R,-3.31193686288334,0.00092652453679919,0.0108432481543931,-0.77789255611117,4
TFDP1,3.31031895026955,0.00093189716823929,0.0108943216572736,0.496418905085726,3
OR7E24,3.30533687054509,0.000948623076079039,0.0110757623467887,0.500347654523034,4
MAP3K5,-3.30508729027109,0.00094946824043014,0.0110757623467887,-0.302293043956386,4
SPTLC2,3.30438975771146,0.000951834024944761,0.0110913820253002,0.213117340972972,3
WEE1,-3.30399371603446,0.000953179687699075,0.01109509373548,-0.759587295590273,3
TWF2,3.3010688114481,0.000963172568742342,0.0111885402154904,0.240122715066227,4
PIBF1,-3.30099965959345,0.000963409994575828,0.0111885402154904,-0.0580004354133422,3
LRP12,3.30073620703375,0.00096431502875593,0.0111885402154904,0.335364702821481,3
ZNF81,3.29815267171499,0.000973232020230977,0.0112798844233208,0.598458863358143,4
KLF5,-3.29732507121018,0.000976104565967543,0.0113010520059822,-0.6325919090388,3
FUS,-3.29592598654084,0.000980978556474521,0.0113453215921175,-0.096841913983796,3
ZNF304,3.29527215259944,0.000983264035442342,0.0113595915624045,0.337305583040536,3
PSEN1,3.29373618352213,0.000988652430301803,0.0114096405471368,0.188158572248064,4
SEMA4F,3.29331633013858,0.000990130085758832,0.0114144985980436,0.378318673875251,4
SREBF1,-3.29228144296288,0.000993781061739117,0.011444374231243,-0.429728350164175,4
SH3BP2,-3.29197899466655,0.000994850419599323,0.0114444880005451,-0.3719018197456,4
PRPF6,-3.2894464932205,0.00100384640939216,0.0115356903343128,-0.259721358545949,4
C21orf2,-3.2878250963618,0.00100964543753684,0.0115900000172932,-0.0747326917583873,3
ZNF211,3.28512518638416,0.00101937069055611,0.0116694453612711,0.15081942934117,3
LBH,3.28509640901889,0.00101947481394217,0.0116694453612711,0.475381999290935,4
SRRM2,-3.28500458756126,0.00101980711174227,0.0116694453612711,-0.259603408863949,3
PPP6C,3.27984915832107,0.00103862601850602,0.0118706222444347,0.191136571512381,4
AR,-3.27958847859633,0.0010395860621399,0.0118706222444347,-0.285782866829266,3
ADPGK,3.27878640708028,0.00104254512181987,0.011891839921751,0.267409583329136,3
ITPA,3.27845820753569,0.00104375818457633,0.0118931180483054,0.443079037581895,3
C11orf68,-3.27740203526208,0.00104767078705729,0.0119251210134804,-0.181310458834519,4
DEPDC1,3.27709550707416,0.00104880886252511,0.011925508771575,0.861742874329699,4
NAGA,3.27573700352122,0.00105386648598575,0.0119704161741515,0.292672341941803,4
RNMT,-3.27407996389023,0.00106006608680573,0.0120177751480922,-0.453431655731493,3
STOM,-3.27402800294953,0.00106026103648693,0.0120177751480922,-0.117458288995924,2
GPM6B,-3.2732020670669,0.00106336428158994,0.012040315481902,-0.904020264449079,4
COL11A1,3.27160724773552,0.00106938020161166,0.0120957538615803,0.649859206671426,3
SVEP1,-3.27075356196967,0.00107261336647632,0.0121196334567753,-0.065347205532035,3
PNMA3,-3.26956577696783,0.00107712691020429,0.0121579152393173,0.0602983172218556,3
RORA,-3.26803633712269,0.00108296460650002,0.0121986251186653,-0.480699789914462,4
GPRASP1,-3.26802913210713,0.00108299217633772,0.0121986251186653,-0.359379444451669,3
KLHL24,-3.26683475560043,0.00108757141633606,0.0122374442075647,-0.496008290175638,4
TDP1,-3.26609330407123,0.00109042314406308,0.0122567646224448,-0.249043207014034,4
CCNB2,3.26502728159516,0.00109453533837088,0.0122759517407239,0.390267789997143,3
VSNL1,3.26502255401201,0.0010945536069789,0.0122759517407239,0.638373101280646,3
PTGER2,3.26476753582689,0.00109553948139768,0.0122759517407239,0.33160739685833,3
EDN2,3.26156074719343,0.00110800689045271,0.0124027880110572,0.401474498620432,4
KCND3,-3.26060852533318,0.00111173413995591,0.0124316275153248,-0.528035229259402,3
CENPN,3.26013395935856,0.00111359604292699,0.0124395702747646,0.470600667921545,4
AKT1,3.25900515966755,0.00111803634508843,0.012457413627299,0.285015962211418,4
HIP1R,-3.25892315635556,0.00111835955431505,0.012457413627299,-0.393361225628652,3
GPM6A,-3.25858810955311,0.001119681011143,0.012457413627299,-0.387171186327764,4
HKDC1,3.25847331598578,0.00112013409996313,0.012457413627299,0.361842133536256,4
SERPINF1,3.25819605827362,0.00112122913203693,0.012457413627299,1.27476046394631,3
SLC7A8,-3.25797247630685,0.00112211289199795,0.012457413627299,-0.787363244085976,4
ENPP2,3.25732838392771,0.00112466241889857,0.0124653965825864,0.65284746030382,4
TIMELESS,3.25720789603255,0.00112513994334584,0.0124653965825864,0.430225754036736,3
NIP7,3.25650242738177,0.00112793966053789,0.0124836108741089,0.437593212331027,3
PPA2,-3.25592894959681,0.0011302203041152,0.012485419873873,-0.17108334210113,3
ERCC4,3.2558800930436,0.00113041479694943,0.012485419873873,0.491408713752176,4
RSRC2,-3.25543423673079,0.00113219113446799,0.0124922662252535,-0.183273960777034,3
NFIL3,-3.25391918012222,0.00113824657669463,0.0125462648178116,-0.971093559866811,3
CWF19L1,-3.25352552395766,0.00113982485091845,0.0125508542707656,-0.186154585170888,3
WWTR1,3.25199779952532,0.00114596909039948,0.0126056599943943,0.416499475881837,4
ITK,3.25165532440866,0.00114735065925128,0.0126080181294326,0.535203703854003,4
PAIP2B,-3.25116183886478,0.00114934412245094,0.0126170886287755,-0.827200894887731,2
ICAM1,-3.24867961141706,0.00115941986032004,0.0127147749555097,-0.573975616089697,3
MAGED1,3.24774596872297,0.00116323073843895,0.0127396818287307,0.466657585470297,3
PER2,-3.24748346066683,0.00116430430869161,0.0127396818287307,-0.586704245972959,4
EIF4A3,-3.24703530028031,0.001166139251216,0.0127396818287307,-0.368770028790346,3
COL11A2,-3.24694102671944,0.00116652558380994,0.0127396818287307,-0.0391400842163739,2
GALK1,3.24668193550481,0.00116758794764335,0.0127396818287307,0.242183932121589,4
COL16A1,-3.24555688197178,0.00117221143583885,0.0127772229363585,-0.164540505197627,2
EPM2AIP1,-3.24465087740145,0.00117594701820921,0.0128050198494918,-0.172026878485872,4
NAGPA,3.24257334618406,0.00118455453740851,0.0128758593926387,0.535308575023013,3
SSH3,-3.24250551915774,0.00118483653363108,0.0128758593926387,-0.242547503447491,4
GNAQ,3.24200102556978,0.00118693595283557,0.0128857107161104,0.13839768737826,3
TEX10,-3.24036677487815,0.00119376041035303,0.0129467871010376,-0.0385242495183832,2
SPAST,3.23878362467512,0.00120040602936143,0.0129858899137698,0.452440327049565,4
C16orf58,-3.23867610238549,0.00120085861479011,0.0129858899137698,-0.405684292874328,4
PLEKHM1,-3.23864907243043,0.00120097241472468,0.0129858899137698,-0.271172300787568,4
SMG5,-3.23554917212183,0.00121408971919303,0.0131145971467231,-0.330484542095876,4
PDSS1,3.23311371879268,0.00122448809089048,0.0132137066511478,0.323499638087837,4
KIAA0355,-3.23145760383016,0.00123160592999796,0.0132719677607498,-0.46242105686163,4
TFCP2L1,-3.23128630139926,0.00123234434956786,0.0132719677607498,-0.574627182061877,3
ANGPTL4,-3.22899047808828,0.00124228030967354,0.0133656493078621,-1.23141265980384,3
SQRDL,3.22818236443982,0.00124579526377283,0.0133716182935889,0.0942537757177119,3
CIRBP,-3.22813808162706,0.00124598814051481,0.0133716182935889,-0.45797217793419,4
BMP2K,3.22800940600753,0.00124654875223515,0.0133716182935889,0.435406903488825,4
UBE3C,3.22766935174857,0.00124803141606488,0.0133742414249334,0.254310801186449,4
KLRD1,3.22577694162358,0.00125631226435095,0.0134225823521518,0.164853831237694,3
MYO3A,3.22575609847233,0.00125640375204961,0.0134225823521518,0.858354095650018,4
IARS,3.2256583511517,0.00125683288044673,0.0134225823521518,0.17048791012295,3
SLC17A6,3.22550353985248,0.00125751280692257,0.0134225823521518,0.298662202597337,4
SPRED2,-3.22458444079419,0.00126155646001521,0.0134444650379239,-0.204498521367323,4
GNB1,3.22436000476606,0.00126254570706918,0.0134444650379239,0.263638011001036,3
MGAT2,3.22386633703703,0.00126472416782248,0.0134444650379239,0.320036123853954,4
HCG4,-3.22364508817491,0.00126570162222051,0.0134444650379239,-0.482065728018956,4
POLA2,-3.22362598451181,0.00126578605291322,0.0134444650379239,-0.395536383075111,4
OSBPL9,3.22327405455494,0.00126734237570071,0.0134477724384273,-0.0349587192929579,2
TAF5L,3.22091807795575,0.00127780668025622,0.0135455031993402,0.383537013100194,3
VWA1,3.22013981847202,0.00128128088473534,0.0135690158008933,0.474122753631813,3
HIST1H1D,-3.2193551681406,0.00128479244376965,0.0135928775490693,-0.678787257061353,3
PICK1,-3.21826455670722,0.00128968803187108,0.0136313210570171,-0.0647809862547192,3
ZFP36,-3.21534684846842,0.00130286995243347,0.0137571859493513,-0.810142715397179,3
TTK,3.21294851577558,0.0013137983784496,0.0138590332851686,0.78519979987112,3
AES,-3.21215785343778,0.00131741967058143,0.0138732583945353,-0.294842054835006,4
ASPA,3.21209334586111,0.00131771552608714,0.0138732583945353,0.550928947430182,4
SRGN,3.21176740273654,0.00131921135906209,0.0138754830580221,0.542978428966206,3
BICD2,3.20992160214711,0.00132771179242139,0.0139513062079142,0.586777583038709,2
AJAP1,3.20901485620627,0.00133190609934115,0.0139817781196143,0.527075211049553,4
TBXA2R,3.20805360752279,0.00133636586489347,0.0140149748277469,0.987654831286669,3
ABCC8,-3.20729483933329,0.00133989593673852,0.0140383665457318,-0.137554878475508,3
HOMER3,3.20636183410469,0.001344248416742,0.0140703211217511,0.476528840977181,3
MRPL2,-3.20588214388434,0.0013464912505372,0.0140721308652139,-0.198616035934302,3
CRYAB,3.20576771481796,0.00134702678343188,0.0140721308652139,0.244460240018883,3
SLC29A3,-3.20529215545561,0.00134925452732977,0.0140817849316099,-0.291561409494554,4
PDK1,-3.2045708969651,0.00135263972870199,0.0140989523592608,-0.637416944090669,3
CHSY1,-3.20438577214007,0.0013535098682238,0.0140989523592608,-0.290668239294126,4
PEG3,-3.20013637379037,0.00137362576340809,0.0142947066438672,-0.152506137078346,3
TUT1,-3.19983753567449,0.00137505073579342,0.014295763280116,-0.00587228716559268,3
GAP43,3.19936659386703,0.00137729913068839,0.0143053703939384,1.0183066472527,3
DCP2,-3.19735119443272,0.00138695951167108,0.0143918699760528,-0.346497439159178,4
CCNO,-3.19553453118902,0.00139572080156267,0.0144640876244838,-0.294172019356077,4
INHA,-3.19535337960154,0.00139659724054218,0.0144640876244838,-0.371582107038856,4
STK4,-3.1948751670657,0.00139891334438208,0.0144712608732842,0.0311468762046791,3
DIAPH3,3.19465739779062,0.00139996922908554,0.0144712608732842,1.021341702719,3
NAT6,-3.19363002011324,0.00140496053172587,0.0145089709978039,-0.478151351753345,4
CHKA,-3.19305763817076,0.00140774844355565,0.014518734647528,-0.707983805692436,3
CCL20,3.19288421592535,0.00140859414095624,0.014518734647528,-0.323239255386079,3
TMC5,3.19146176484815,0.00141554845362588,0.0145765056206547,0.48283375879215,4
ATF3,-3.19079752051459,0.00141880675064463,0.0145961433528222,-1.14464840468996,3
BDNF,3.18755353701966,0.00143481893123091,0.0147468259706529,0.355953058875121,4
CDH1,3.1850691604036,0.00144719417546077,0.0148482347561583,0.750716851344775,4
SSR3,-3.18502103943682,0.00144743484523557,0.0148482347561583,-0.25613328183664,4
ASPN,3.18365249021638,0.00145429490078479,0.0148851058474447,1.01923288777217,3
EDEM3,3.1836490529907,0.001454312168049,0.0148851058474447,0.613059377218962,3
OXTR,-3.18347971343398,0.00145516309710253,0.0148851058474447,0.0439105952441944,2
TMEM106C,-3.18169955053995,0.00146413620077904,0.0149627239742811,-0.096691915869886,2
IFT122,-3.18048901255319,0.00147026714608018,0.0150111774215105,-0.311315046260828,2
TIMP1,3.17830556548514,0.00148138538634621,0.0151104107113426,0.502850044219969,4
VEZT,-3.17579355013272,0.00149427252397775,0.0152274828339695,-0.357927823070536,3
ETV4,3.17000783097869,0.00152434829335642,0.015519331069591,0.490003652160645,4
PTPRM,-3.16851034967443,0.00153222293554153,0.015584813700301,-0.300038299382969,4
GPR161,3.16754248857455,0.00153733243726329,0.0156220743060377,0.430293963381816,3
IMPAD1,3.16717623138676,0.00153927005999518,0.0156270631466804,0.473636622648916,3
ABI3BP,3.16626872340662,0.00154408077485403,0.015661183596219,0.0846231775381506,3
PELO,-3.1658335003604,0.00154639280859984,0.0156699203738232,-0.48369678893787,3
RAN,3.1623943235003,0.00156477517949093,0.0158413322294855,0.129285543112238,3
AHI1,-3.16074081626364,0.00157368459670831,0.0159166114359955,-0.208835519603991,4
GPC4,3.16019438187844,0.00157663914351309,0.0159315772013362,0.899575027591124,3
KRT20,3.15970419111726,0.00157929392836028,0.0159434887982689,0.685589598272565,4
FOS,-3.15940212766886,0.00158093189838826,0.0159451226576937,-0.550321775721347,2
AP1M2,3.15891399131826,0.00158358217412949,0.0159569539598384,0.677953394645325,4
ORMDL2,3.15795403211661,0.00158880608888553,0.0159946722946332,0.34008722901311,4
GLRX5,3.15638367538618,0.00159738588433313,0.0160523174831481,0.506860865227771,4
ARFGAP2,-3.15612231092833,0.00159881800741803,0.0160523174831481,-0.359424875538728,3
TLK1,-3.15609087520951,0.00159899033622176,0.0160523174831481,-0.208947757164626,3
FSTL3,3.1557957161726,0.00160060921525722,0.0160536497151426,0.200316017762007,3
LHX5,-3.15350384261232,0.00161323104585517,0.0161652335411202,-0.0394227514791875,3
ASL,-3.15257822292039,0.00161835454964952,0.0162015438788824,-0.46385721404139,3
KIF4A,3.15170285026396,0.00162321370020691,0.016225607729422,0.669507804449478,4
PBK,3.15160414546334,0.00162376244727877,0.016225607729422,1.05077532647458,3
GLTP,3.15061724026114,0.00162925851951812,0.0162524129221151,0.338106527266999,4
TMED9,3.15047387593476,0.00163005833768017,0.0162524129221151,0.276654273388048,4
UCHL3,3.15031257136563,0.00163095867502063,0.0162524129221151,0.356417038416358,3
SLC39A9,3.14996716781893,0.00163288811834193,0.0162566428150503,0.539630841614328,3
TRADD,3.14874458388565,0.00163973442862596,0.0162948579446742,0.318543570947257,4
COL13A1,3.14874294564718,0.00163974362024263,0.0162948579446742,0.35696784067579,2
MCCC2,-3.14828694970604,0.00164230390745666,0.0163053003753187,-0.465362663368714,3
ZNF500,-3.14674137144177,0.00165100927886814,0.0163639090210602,-0.0871545457880337,3
CCT5,3.14670106221452,0.00165123688510976,0.0163639090210602,0.394469665247364,4
SEZ6L2,3.14603700039552,0.00165499067143133,0.0163860762903769,0.853917214565619,4
PCK1,-3.14567276583281,0.0016570529372429,0.0163914705385511,-1.47356266955178,2
SUPT6H,-3.14067498187889,0.00168558980257895,0.0166585005008763,-0.309988200452371,4
MLLT3,-3.13993441543285,0.00168985661656932,0.0166736762253131,-0.554447297107184,3
MSN,3.13987272385791,0.00169021250386205,0.0166736762253131,0.228981545121145,3
SKAP2,3.13667551050556,0.00170875128991801,0.0168411783154145,0.230893556325451,3
KLHDC3,-3.1355024200019,0.0017156001289694,0.0168932658095965,-0.0374736551636387,2
ECHDC3,-3.13434531946761,0.00172238033792536,0.0169445832516118,-0.348379263137304,4
DEFB1,3.1331743627572,0.00172926681865606,0.0169968518426959,0.210109739005872,3
GHR,-3.13146732285665,0.00173935141235818,0.0170804308693573,-0.191128773741724,3
PSME3,3.12876372444792,0.00175543402357553,0.0172227051068691,0.361538503057463,4
WASF3,-3.1276071354998,0.00176235576566565,0.0172749246649005,-0.239821261122369,3
LAMC3,-3.12683581827669,0.00176698574088043,0.0173046055965461,-0.759520801644355,3
RHOB,-3.12565470891865,0.00177409724550964,0.0173585130851405,-0.662130970785902,3
SORT1,3.12480289906736,0.00177924234494877,0.0173797813039385,0.442211268780928,4
MPPED2,-3.12472558909778,0.00177970999069551,0.0173797813039385,0.0552650024672697,2
SLC4A1,3.1244962781248,0.00178109775073689,0.0173797813039385,0.701899565075778,3
LGR5,3.12404041833809,0.00178385950931909,0.0173910202343545,0.294478221881834,4
SGCE,-3.12097310389128,0.00180254496641022,0.0175495832869346,-0.12828022118443,2
CDK8,3.12083782038413,0.00180337321315473,0.0175495832869346,0.393208703074641,4
PROCR,3.12052960627603,0.00180526149994959,0.0175521464648564,0.0702489511680152,2
IPP,-3.12025080885151,0.00180697112930025,0.0175529695491918,-0.20502892689622,4
TATDN2,-3.11960842149133,0.00181091601461261,0.017575484986384,-0.192935597020655,3
PSG9,3.11837176984707,0.0018185325554969,0.0176335625354376,0.60863656394384,4
DPYSL2,3.11804194150718,0.0018205689361174,0.0176374759174352,0.283412460194371,3
DONSON,-3.11709323578552,0.00182643799208045,0.0176784795613378,-0.206216665660231,3
SOX15,-3.11654174897054,0.00182985768599444,0.0176957231191692,-0.129426021910145,2
RAB33A,-3.1159480763306,0.00183354554344861,0.0177155267981502,-0.483273159468955,4
AMPD3,-3.1152037908244,0.00183817864652966,0.017744419785356,-0.588085220832519,3
MKKS,3.11084118778794,0.00186555241541179,0.0179925867779269,0.25165530720745,4
LPIN1,-3.11025561050293,0.00186925507464146,0.0180122152687574,-0.497646309184763,4
ARPC5L,3.10967286257045,0.00187294654453486,0.0180317010464042,0.224024316152261,4
SLC16A6,3.10890214188632,0.00187783903028,0.0180560622183804,0.274402819641834,2
FMOD,3.10865297503891,0.00187942323488951,0.0180560622183804,0.265390019402107,3
AP2S1,3.10845621491868,0.00188067510453385,0.0180560622183804,0.331665838783005,3
TIA1,3.10822249495688,0.0018821631233009,0.0180560622183804,0.263876996572078,3
SLC30A1,3.10788529585645,0.00188431186569575,0.0180606360011051,0.396801372901975,3
PON3,-3.10734524822463,0.0018877579195147,0.0180719520241439,-0.180407035764019,3
SAMD4A,3.10717608656133,0.00188883853316594,0.0180719520241439,0.346174222643906,4
EPHB4,-3.10407014495685,0.00190878070857406,0.0182409768002632,-0.206923888964573,4
LIMCH1,-3.10357369235475,0.00191198612335727,0.0182409768002632,-0.0512329881111501,2
AADAC,3.10347764742367,0.0019126068211094,0.0182409768002632,0.309129896745168,3
TXN,3.10337671912081,0.00191325927742069,0.0182409768002632,0.369689378299023,4
SIRPB1,3.10200959000098,0.00192211731458137,0.0183092691641164,0.648056184576381,4
RBM6,-3.10053470567761,0.00193171574706167,0.018384487664987,-0.19819930394164,4
LMBR1L,-3.09955262944822,0.00193813141141363,0.0184293094243751,-0.458696701693386,4
MEF2C,-3.09873236030047,0.00194350501800826,0.0184641523346748,0.107890010973408,2
ABCD3,3.09783416037357,0.00194940483914738,0.0184885825352904,0.27939203467187,3
EIF1B,-3.0978197425178,0.00194949967669837,0.0184885825352904,-0.377593008383274,4
HEMK1,-3.09666876100923,0.00195708426616668,0.0185442317922215,-0.196995113484971,4
SDK2,3.0960088562859,0.00196144503011802,0.0185530444818378,0.226372134164861,3
SEC23A,3.09597391377505,0.00196167618472074,0.0185530444818378,0.235154322582032,3
THAP3,-3.09550285280719,0.0019647948283931,0.0185530444818378,-0.380484714465933,4
FERMT1,3.09548931111664,0.00196488454797468,0.0185530444818378,0.123565948390788,4
ABCB8,3.09483596281791,0.0019692177349566,0.018563698745808,0.357044744727073,4
TMEM176B,3.09480098160367,0.00196944998728901,0.018563698745808,1.16406470499502,3
ZNF160,-3.09380104536456,0.00197609955029832,0.0186101371772645,-0.29537039142804,3
SRPRB,3.09340281628367,0.00197875350182267,0.0186188983681956,0.322812465818396,4
GAS2L1,3.09146863818699,0.00199169020368864,0.0187243146912486,0.428005102701818,3
IL10RB,3.09120231548948,0.00199347756406159,0.0187248214321681,0.225795048838269,4
AP4E1,3.09022060837291,0.00200007877648212,0.0187705047294177,0.277544705804525,4
RERE,-3.08928728519699,0.00200637324198827,0.0188132324305185,-0.284322339557275,3
WISP3,3.08682818872926,0.00202304489373202,0.0189531057607053,0.361429333122992,4
REEP1,3.08551541069453,0.00203199693766685,0.0190204774009335,0.988009723172009,4
GLUL,-3.08421346988505,0.00204091096643543,0.0190739677536163,-0.983998029350951,3
POU2F1,-3.08416507769318,0.00204124298492691,0.0190739677536163,-0.134896961423199,2
RRS1,3.08284420737371,0.00205032462641445,0.0191422701940613,0.185147546275081,3
DENND4C,-3.08153194399666,0.00205938378536193,0.0192098408877965,-0.371782036927533,3
MKI67,3.08128121891323,0.00206111882882393,0.0192098408877965,1.15332575448117,3
SAFB2,-3.08090814249954,0.0020637030385397,0.0192173450192292,-0.334961679970156,4
TSPAN15,3.08048714792497,0.00206662273502079,0.0192279576086947,0.756450314820749,4
ADD2,3.07955215311611,0.0020731207023534,0.0192718156857327,0.651132690856633,4
IL18RAP,3.07846676797025,0.00208068734612999,0.0193255242587242,0.147184965660795,3
BCOR,-3.07546273857952,0.00210176188412141,0.0195044947356353,-0.526739269831125,3
CADPS2,-3.07482758759951,0.0021062427335672,0.0195292995776763,-0.137826950378931,3
USP47,-3.07258233371414,0.00212215281900214,0.0196599440401896,-0.279411655485072,4
HSPBAP1,-3.07169719969429,0.00212845519445363,0.0196951358560332,-0.0996102057147314,3
RWDD2A,-3.07153694232207,0.00212959810033761,0.0196951358560332,-0.480684166490693,3
DPAGT1,3.07086084056331,0.00213442604619063,0.0197229000435853,0.217148677867382,3
TJP1,3.06908076821244,0.00214718532400595,0.0198238426238566,0.228533073538066,3
JAK3,3.06619601532668,0.0021680113495507,0.0199990252757017,0.401658835996562,3
UIMC1,-3.06434860905684,0.00218144550778433,0.0201057801835208,-0.202349977780927,4
TPM2,-3.06355051282486,0.00218727275431497,0.0201423020393097,-0.166164275228174,3
STC1,-3.0626994365051,0.00219350254916034,0.0201824655332453,-0.684444212240259,3
MRPS18A,-3.06079932687572,0.00220746989453831,0.0202936934474918,-0.33328066409327,4
SLC5A6,3.0587907120837,0.00222232342944491,0.0204128721810067,0.322277436193015,4
NPEPPS,-3.05796122855517,0.00222848406749201,0.0204520687315621,-0.293917919203361,3
CHAC1,-3.05750134981162,0.00223190636207317,0.0204660887292991,-0.419254955980455,3
CFL1,3.0569867874668,0.00223574130600773,0.0204838656382489,0.325025555609887,4
SLC24A3,3.05610529096585,0.00224232498103974,0.020526774953552,0.733121704264902,4
MYO15B,-3.05512630142284,0.00224965762382404,0.0205764620258656,-0.269950844113411,4
PCDH12,3.05233970250034,0.00227064971643231,0.0207508952934871,0.663889535941257,3
ULK1,-3.0519600129081,0.00227352385608074,0.0207595982192596,-0.593660897462116,3
RAC3,-3.05012356568659,0.00228747232770294,0.0208693210167628,-0.0403110991057252,2
MYOM1,-3.04931471228043,0.00229364068867057,0.0209079381595101,-0.475139980068583,4
AOC3,3.04753310167317,0.00230728112520001,0.0210145452903967,0.408514193010143,3
ERICH1,-3.0458414575235,0.00232030148342294,0.0211026149127851,-0.390282666463701,2
BCAP29,3.04552414136569,0.00232275130560888,0.0211026149127851,0.254606533908698,4
CHRM2,3.04551635676364,0.0023228114359657,0.0211026149127851,0.66126681710257,4
ZKSCAN1,-3.0443107034384,0.00233214145283625,0.021169573087006,-0.44271241514071,3
CIDEB,-3.04283824772039,0.00234358268220025,0.0212555668624073,-0.248504203504928,4
OR1A2,3.04242181461784,0.0023468277485098,0.0212671420632575,0.241633239560216,3
PDK4,-3.04204121400177,0.00234979718730584,0.0212762021938623,-1.31218817352917,3
SLC29A1,3.04126251344802,0.00235588331723124,0.0213134435450016,0.480215087146759,4
CALD1,3.03948089068634,0.00236986236451738,0.0214069575528025,0.48433986461398,3
SQLE,3.03944008628465,0.00237018341354858,0.0214069575528025,0.298246534124976,3
LRRC8E,3.03786878790131,0.00238257672158753,0.02150091373984,0.56347346512668,3
AHDC1,-3.03517572809214,0.0024039557555741,0.0216663323575244,-0.229270063363407,4
ZNF589,-3.03505493712168,0.0024049187647354,0.0216663323575244,-0.0260007483701469,3
KCNJ15,3.03441285798142,0.00241004368743254,0.0216838578819064,0.274668349417295,2
TMEM140,-3.03430834281361,0.00241087884800681,0.0216838578819064,-0.242176207956758,4
CA4,3.0338768685541,0.00241432948067493,0.0216968278288274,0.339079319070241,4
BCL7B,3.03181083114721,0.00243091494970058,0.0218248739190101,0.135242157902134,4
AURKB,3.03159931624872,0.00243261879267619,0.0218248739190101,0.701390384549193,3
CYP4F11,-3.03131966132583,0.00243487321053263,0.0218269713030486,-0.5951186520358,3
SLC22A11,-3.03086902269958,0.00243851002447454,0.0218414471678059,0.0284913934490131,2
SPRY1,-3.03054249429645,0.0024411483301568,0.0218469629348416,-0.390358802710803,3
EPN3,3.02994227097816,0.00244600486944929,0.0218723051322775,0.599573846665095,4
ZAK,3.02915911523996,0.00245235484987843,0.021910948791056,0.0308508221367923,3
DEAF1,-3.028022766348,0.00246159541661653,0.0219753336283402,-0.23043019277496,4
CECR5,-3.02758094572613,0.00246519680934944,0.0219893112589535,-0.485942900511406,2
NKG7,3.0270897918833,0.00246920598808422,0.0220069002337341,0.4553042954828,4
BCAR3,-3.02659388104766,0.00247326004919945,0.0220248598940251,-0.169005161195866,2
ZNF234,3.02378091831032,0.00249637143747987,0.0222123593638036,0.462411018490907,3
GNL2,3.02262924082419,0.00250589052944788,0.0222745491784402,0.190438940677887,4
PHF7,-3.02232085175022,0.00250844512314882,0.0222745491784402,-0.239992013280401,4
LHFPL2,3.02218792633162,0.00250954696816902,0.0222745491784402,0.445192298236693,3
MTTP,3.0219073251034,0.00251187438103507,0.0222769023513471,0.438961807752697,4
PSMC4,3.02094635367642,0.00251986001013033,0.0223293911644199,0.259486742350577,3
RPN2,3.01700586051528,0.00255284876334571,0.0226031740505413,0.45695274524331,3
GTF2F2,-3.01584745593317,0.00256262146726525,0.0226711196473376,0.00695336817518131,3
HOXA11,-3.01558066713474,0.00256487703193421,0.0226725054819586,-0.260322050592179,2
INPP5B,-3.014820445517,0.00257131428327029,0.022710823293447,-0.506343905954541,4
CD5L,3.01389756918402,0.00257914868146881,0.0227614085434854,0.314355502353545,4
CD52,-3.01360054610377,0.0025816747820283,0.0227651028534446,-0.469204647739914,3
CLCF1,3.01270179041771,0.0025893322407835,0.0228140023368216,0.202859067906245,2
TRIT1,-3.01230267969145,0.00259273934501204,0.0228184946499077,-0.168979573310299,3
PTGES3,-3.01214729031824,0.00259406697186508,0.0228184946499077,-0.304459586413501,4
WNT4,3.01165790582045,0.00259825227264517,0.022836713628245,0.385405213451213,4
PDE6D,3.01130496637196,0.00260127450266917,0.0228446887624653,0.595727462924114,3
BUB1B,3.01049961357694,0.00260818279862291,0.0228564794369912,1.04259861472399,3
GOLGB1,-3.01037856414574,0.00260922260641716,0.0228564794369912,-0.27429534705661,4
CEP250,-3.01028876449628,0.00260999422519387,0.0228564794369912,-0.370925330619058,3
PTGER1,3.01008002358494,0.00261178867317495,0.0228564794369912,0.270024192466294,3
GSTM5,-3.0099163107352,0.00261319682509573,0.0228564794369912,-0.135794422037437,3
MSR1,3.00762925036809,0.00263294134874535,0.0230105440527082,1.06706982220123,3
RB1,3.00679722779648,0.0026401580843367,0.0230549617033185,0.123679350187711,3
AIFM1,3.00632547183115,0.0026442579941474,0.0230721121589501,0.312166905166851,4
PAK3,-3.00601969703224,0.00264691851191868,0.0230766858480594,-0.880480302812562,3
WDR26,-3.00531573239865,0.00265305294536505,0.0231036473254347,-0.204491427805883,3
TGIF1,-3.00517410407223,0.00265428868087989,0.0231036473254347,-0.365586938418685,4
GLA,3.00485383185412,0.0026570850603207,0.0231093662009534,0.318232668549401,4
ESPL1,3.00360061802724,0.00266805309556107,0.023186089733106,0.273404330334387,4
HMGCR,3.00319642569175,0.00267159937214695,0.023198244708948,0.433554153824222,3
MOXD1,3.00250079255982,0.00267771276146799,0.0232326532123512,0.327567923777924,4
INPPL1,-3.00177545083317,0.00268410084983186,0.023269387945332,-0.10852605313479,3
SERPING1,-3.00069039896743,0.00269368290956918,0.0233337311861799,-0.304432110831071,3
HNRNPU,-2.99970669341161,0.00270239698803361,0.023372630808589,-0.176827242410909,2
ZNF692,-2.99957478012707,0.00270356748819955,0.023372630808589,-0.100772178011525,3
YWHAQ,2.99930827486363,0.00270593367076879,0.023372630808589,0.193795922083959,4
SNHG3,-2.9992075482208,0.0027068284707966,0.023372630808589,-0.317528484879848,4
KCNC1,2.99844569754369,0.00271360509354601,0.0234124298885655,0.242837408815729,3
MLLT11,2.99684057020902,0.00272793338053169,0.0235172676588214,0.349545255667576,4
GADD45G,-2.9929187832834,0.00276323272144221,0.0238025836180373,-0.442444480295405,4
ZNF22,-2.99236263450144,0.00276827216361288,0.0238269927580449,-0.0745928006942761,2
MYH10,-2.99132712824662,0.0027776775902705,0.0238889118870238,-0.0337782297257997,3
RAMP3,2.98989487090881,0.00279073478480898,0.0239821138786847,0.894230177207843,3
CLEC2D,-2.98888390492855,0.00279998499336525,0.0240424784565432,-0.200947278846562,3
MC4R,2.98859333282066,0.00280264886662051,0.024046237535532,0.213619882046064,4
PRC1,2.98785016374393,0.00280947253900507,0.0240856526716926,0.0779600406133696,3
FST,-2.98741569716309,0.00281346877322957,0.0241007848441124,-0.661590892025713,3
ANXA2P3,2.98683305311215,0.00281883609580976,0.0241177147068023,0.669883984761887,4
PLEKHO1,-2.98671653944886,0.00281991054200068,0.0241177147068023,-0.313845211970858,4
ASCC1,-2.9861309850613,0.00282531597406686,0.0241448284429353,-0.361782364575633,3
CD59,2.98475302183648,0.00283807372571498,0.0242346817274097,0.236468233579471,3
INTS8,-2.98321692199232,0.00285235755648965,0.0243374141589267,-0.259411688984799,4
HERC6,-2.98282023883961,0.00285605686765803,0.0243380352670857,-0.043526673643414,3
RAD51AP1,2.98272597706443,0.0028569365597727,0.0243380352670857,0.293989373782047,4
ETFDH,-2.98170674062179,0.00286646433102537,0.0243999587893901,-0.36797524481766,4
TRIM38,-2.98089989898569,0.00287402720694276,0.0244450723538549,-0.2834949179563,4
DNAJC6,-2.97944620595961,0.00288769929165786,0.024535624530226,-0.351049976922853,4
IGFBP6,2.97928529721455,0.0028892162935056,0.024535624530226,-0.154152971091717,3
CGREF1,2.97841469339775,0.00289743672139151,0.0245861048424754,0.526040212636368,4
DHFR,2.97750195267861,0.00290607793369663,0.0246400736576067,0.350123409945799,4
LCE2B,2.97680838775555,0.00291265985835008,0.0246751790045841,0.465852397624934,4
ADRB2,-2.97658455522275,0.0029147869292584,0.0246751790045841,-0.259869278291103,4
LARP1,-2.97498222173258,0.0029300552841267,0.0247850095373035,-0.17805488573117,4
LAS1L,-2.97372986634272,0.00294203953776004,0.0248669100836337,-0.307828830090351,4
GTPBP1,-2.97330211218887,0.00294614311323851,0.0248821250267415,-0.0757500058508197,2
OSTF1,2.9720526327569,0.00295815967765342,0.0249640944046971,0.195342013121301,3
C16orf45,2.97159719686778,0.00296255083142776,0.0249816347237179,0.209584708458927,4
SLC16A7,2.97117097476369,0.00296666570288247,0.0249831288413134,0.239903959153295,4
PCDHB1,2.97109976752804,0.002967353666303,0.0249831288413134,0.344525645582763,4
BCLAF1,-2.97012295457505,0.00297680577834052,0.0250431900448865,-0.303726751264996,4
SLC2A5,2.96909244373511,0.00298680726721399,0.0251058804919264,0.336375530053782,4
GOLGA4,-2.96887660178937,0.00298890597228451,0.0251058804919264,-0.273769689405766,4
MORF4L2,2.96848946012085,0.00299267365414637,0.0251179959689892,0.266985157142167,4
ALDH7A1,-2.96812333679759,0.00299624077033428,0.0251284105598998,-0.135604968653513,3
VIM,2.96662319567578,0.003010897092544,0.0252317380866255,0.143463088344019,4
SNX1,-2.966302952464,0.00301403431499815,0.0252384485818682,-0.131525663748921,3
CD7,2.96572950481644,0.00301965947429117,0.0252659656400412,0.196381097176792,3
TRAF5,-2.96526329809057,0.00302423972354071,0.0252739073234008,-0.0484869185782572,3
ZKSCAN4,2.96515667722846,0.00302528811045707,0.0252739073234008,0.777293290922615,3
FANCG,-2.96421345352158,0.00303457713597119,0.0253319182556111,-0.138180159559674,3
PRR11,2.96176569442644,0.00305880455989711,0.0255144454486553,0.549118496441172,3
PLAC8,2.9591985400774,0.00308440314046536,0.0257081193852676,0.498819530861328,4
TF,2.95823198720004,0.00309409171153738,0.025768988949905,0.738808657122837,3
ARMCX4,-2.95787961851321,0.00309763069544532,0.0257710084666664,0.014711572665717,2
COL8A1,2.95773286189808,0.00309910572099608,0.0257710084666664,0.998908319639827,4
RNF19A,-2.95737674083945,0.00310268769559439,0.025778075360184,-0.514813415992511,4
CYP20A1,2.95717402216395,0.0031047283876689,0.025778075360184,0.419388657569141,3
KCNAB3,2.95652987057834,0.00311122094272597,0.025807722777943,0.242056976439988,4
KLRG1,2.95626154332732,0.00311392912646718,0.025807722777943,0.32969913004684,4
PIP4K2B,2.95610930223563,0.0031154666267763,0.025807722777943,0.250875557037795,3
S100A6,2.95544759213982,0.00312215735828897,0.0258433285702969,0.187533026545477,4
EIF4E,2.95474781989505,0.00312924719632699,0.0258821808688546,0.31101506882649,4
PHTF2,2.9540377290055,0.00313645657990451,0.0259219617261886,0.432766418651041,4
S100A9,2.95357374249881,0.00314117550021549,0.0259411144903117,0.537238397321513,4
FBXL15,-2.95279751486277,0.00314908450522598,0.0259776678702069,-0.309152743667526,4
PAX1,2.95266745239726,0.00315041148953629,0.0259776678702069,0.735871096106553,3
EMD,-2.95095347130084,0.00316794635410924,0.0261023314394264,-0.268547880195632,4
FBXO31,-2.94928344839623,0.00318511702417639,0.0262238064749644,-0.224294075273657,3
TSPYL4,-2.94836050977899,0.00319464274997152,0.0262822018165974,-0.221281196087866,4
UTP18,-2.94771366111284,0.00320133439554588,0.0263172101527296,-0.305026498793746,4
CDK5RAP2,-2.94742258749303,0.00320434971558959,0.0263219662568812,-0.210548934924311,3
MYO5C,-2.94518168858166,0.00322765067355652,0.0264791225967213,-0.115968042243674,2
GYS1,-2.94511139832433,0.00322838404553619,0.0264791225967213,-0.616688159294998,3
C3orf18,-2.94430794987691,0.00323677760217268,0.0265243350176328,-0.18881207840038,4
TNNI2,2.94411393541657,0.00323880743272151,0.0265243350176328,0.567047517243724,2
USP22,-2.94353360924361,0.00324488588355455,0.0265539828137547,-0.356052734862711,3
EPS8L3,2.94315614156612,0.00324884513155171,0.0265662567078134,0.627120113465021,4
MFSD1,2.94189942821646,0.00326205850435937,0.0266541270530181,0.416927045367956,3
TAPT1,-2.93969164653269,0.00328539024124314,0.0268244787497418,-0.405046242248524,4
BRF1,-2.93856336621151,0.00329737245922599,0.0269019768161323,-0.213367606446376,4
STX12,-2.93683846322937,0.00331576770679086,0.0270316398254753,-0.112682749380862,4
ALDH9A1,-2.93624223814024,0.00332214786188668,0.0270632286607088,-0.0950520201091071,3
ALDH3A2,-2.93482200836138,0.00333739068562605,0.0271669134786229,-0.3260408439031,3
MAP3K7,2.93399524583447,0.00334629333907353,0.0272179540150771,0.153396346753448,4
GNPTAB,2.93377206053911,0.00334870032272149,0.0272179540150771,0.436515184788987,4
ZBED2,2.93155438317767,0.00337270308964143,0.0273924351686517,0.499467447721332,4
SHC2,2.93003961782316,0.00338918790487512,0.0274991781000406,0.511331433993286,4
FAM98A,2.92987925805883,0.00339093734764433,0.0274991781000406,0.514936748249088,3
FMR1,-2.92707492654823,0.00342166437258766,0.0277275458009691,-0.186783220188848,4
NUDT1,2.92663023081614,0.00342656011533905,0.0277414647661164,0.420400774016712,4
TUBA1C,2.92617968781554,0.00343152673391579,0.0277414647661164,0.288762643459878,4
PPIG,-2.92594441496875,0.00343412289796864,0.0277414647661164,-0.160262609097559,3
CDH11,2.92590824684769,0.00343452216066092,0.0277414647661164,1.16671164474848,3
TULP4,2.92568092991015,0.0034370324974454,0.0277414647661164,0.496055010615326,3
MGAT1,2.92552177546509,0.00343879108700517,0.0277414647661164,0.123954411484408,3
ACADSB,2.92318954447662,0.0034646553689162,0.0279292591753976,0.0955201231122629,3
ACAA2,-2.91973169916704,0.00350332858424165,0.0282199518023701,-0.128528835321293,3
KIF13B,2.91906714141878,0.00351080597631128,0.0282576570120029,0.366272316518937,3
EML3,-2.91885097164104,0.0035132413781818,0.0282576570120029,-0.226778031510837,4
OSBPL3,2.91798270072449,0.00352303894675811,0.0283153770110722,0.632566120877484,3
GALNT7,2.91682839005926,0.00353610268245898,0.0283992425099791,0.560030718653473,2
UBE2C,2.91610542910044,0.00354430711379651,0.0284439862133952,0.515055536270897,3
TRH,-2.91417632750899,0.00356628411082382,0.0285762787645224,-0.498157641760464,3
GATAD1,-2.91396317016407,0.00356872006371862,0.0285762787645224,-0.0747822360604379,3
TRIM46,-2.91396247432032,0.0035687280182689,0.0285762787645224,-0.22230327075087,3
PPARG,2.91286165086968,0.00358133231633849,0.0286559642082136,0.789802152631808,4
PTPN13,-2.9124825311825,0.00358568255752953,0.0286695358892924,-0.282558557475025,3
CD5,-2.91206266952662,0.0035905059046923,0.0286868674426673,-0.262687315238519,3
ATP1B1,2.91126322613314,0.00359970618556257,0.0287391176766052,0.401588924871716,4
ATP8A1,-2.91078192321548,0.00360525552745452,0.0287621641119378,-0.493577139814806,3
FBL,-2.91040560061773,0.00360959988295441,0.0287746853714161,-0.363907555513667,3
PQLC3,2.91018465999431,0.00361215269057954,0.0287746853714161,0.314600653692339,3
TPX2,2.90974398514226,0.00361724927113244,0.028794050572419,0.845223095916984,3
SLC30A5,2.90842569185773,0.00363253493063826,0.028894434698641,0.478092973092143,3
INF2,-2.90708058738732,0.00364819199185321,0.0289976231758634,-0.311531358453564,4
HTATIP2,2.90516612235923,0.0036705822690613,0.0291411671125528,0.198548219288459,3
SORD,2.90507536737689,0.00367164677283691,0.0291411671125528,0.353051539859275,4
OFD1,-2.90482871442916,0.00367454128841045,0.0291427276045592,-0.275164489872264,3
ITPR1,2.90324274785863,0.00369320249745399,0.0292692394552443,0.167512271799372,3
COPS2,-2.90195294395102,0.00370844240541153,0.0293684713073719,-0.423254926818917,4
YWHAZ,2.89947847571251,0.00373784007845538,0.029579467206512,0.245012881856972,4
NF2,2.89892861057694,0.00374440139442824,0.029579467206512,0.117557684463657,2
CKMT2,2.8988153471858,0.00374575421980592,0.029579467206512,0.418402671544118,3
FKBP8,-2.8987915256831,0.0037460388019356,0.029579467206512,-0.652880956539667,3
FAM134B,2.89854897386301,0.00374893755143153,0.0295807329660799,0.130476099327347,3
DCP1A,-2.89790083819517,0.00375669346049229,0.029620293985575,-0.16433581545186,3
NUSAP1,2.89588125011687,0.00378095445486203,0.0297898395488108,0.4847966707844,3
NTF3,2.89501771616886,0.00379137134179956,0.0298371565328816,0.0310151019912428,2
MPI,-2.89492557832185,0.00379248434731035,0.0298371565328816,-0.300389991230546,3
MAGEC3,2.8946132440291,0.00379625948845283,0.0298451200831641,0.403366472788917,4
NUPR1,-2.89172836524995,0.00383129039483176,0.0300986173417983,-0.398075159551376,3
CYP2J2,2.88903314828451,0.0038642833612705,0.0303179948978004,0.449955515105815,4
PAN2,-2.88898877994283,0.00386482864046206,0.0303179948978004,-0.226115744085496,4
GPATCH8,-2.88780379838042,0.00387941774535083,0.0304103559399707,-0.23663392845677,4
IPO7,2.88672591336061,0.00389273174269438,0.0304925948401629,0.234900037945195,4
PLCG1,-2.88584084817938,0.00390369505334935,0.0305347216428595,-0.18645993129453,4
WNT5A,2.88583535003252,0.00390376324650889,0.0305347216428595,0.932080776306995,3
DAPK2,-2.88484631272662,0.00391604783048532,0.030591045659514,-0.561653181908324,3
TTLL1,2.8846621698669,0.00391833889602211,0.030591045659514,0.591124224474413,3
C14orf93,-2.88457209548728,0.00391946002525156,0.030591045659514,-0.329080622014434,4
MMRN2,-2.88335475785539,0.00393464046985264,0.0306873547692045,-0.268482903577459,4
GRIK5,-2.88260182906546,0.00394405634918411,0.0307385978960222,-0.479942323373869,4
PIK3C2G,2.88236057349014,0.00394707773793609,0.0307399666367597,0.714574031342787,3
RAPGEF3,-2.88196949163167,0.00395197995689434,0.0307559708172714,-0.134489192312757,4
BAG3,-2.88019542877701,0.00397428737172396,0.0309073089916215,-0.513092020801586,3
FLRT3,2.87989868202151,0.00397802986579637,0.0309141572736205,0.448090069798708,4
ANTXR1,2.87806822393914,0.00400118596791809,0.0310717547271396,0.477543453881094,3
LRP8,2.87661333915926,0.00401967811740819,0.0311792576817278,0.328741005727613,4
NDUFB3,2.8765250928312,0.00402080225427207,0.0311792576817278,0.535970338338802,4
TRPM3,-2.87583445959281,0.00402960983373045,0.0312251401893518,-0.449675474952218,3
TCEB3B,2.87537767803484,0.0040354447438642,0.031247938439585,0.673911105484108,4
UFSP2,-2.87492368127615,0.00404125167979339,0.0312704875681434,-0.222806506298684,3
KRT2,2.87416916845377,0.00405091920660518,0.0313182194244582,0.376672024292381,3
ZBTB25,-2.87398992557947,0.00405321891829222,0.0313182194244582,-0.247711912165055,4
ABCA1,-2.87243562581381,0.00407321055381446,0.0314142166591931,-0.496623466047748,3
DDHD2,-2.87239717052178,0.0040737063040612,0.0314142166591931,-0.207974687784555,4
FXYD5,2.87218867537151,0.00407639509364572,0.0314142166591931,0.141032019125357,4
ELAC1,2.87212042073866,0.00407727566711615,0.0314142166591931,0.253992610406845,4
MOAP1,-2.87145428722129,0.00408587872411503,0.0314580627069783,-0.303941187378011,3
MRPS10,2.87042265236373,0.00409923471691615,0.0315384141112024,0.213630886174198,4
BIK,2.86756755123064,0.00413640491081924,0.0318017408161348,0.540661989435581,4
HOXA5,-2.86694090924111,0.00414460389890992,0.0318421133115398,-0.472566954837445,4
SLC12A9,2.86504782675507,0.00416946264361803,0.0320103308289709,0.289920566184803,3
DAZAP2,2.86355906750576,0.00418910700859362,0.0321269582200353,0.271275631806647,4
AKAP12,-2.86344601894721,0.00419060212294296,0.0321269582200353,-0.752971027763644,2
GAS6,-2.86234426494308,0.00420519864744374,0.032201891168277,-0.120392005649186,3
SLC25A38,-2.86225837458657,0.00420633849643018,0.032201891168277,-0.118589360057359,2
SLC15A2,2.86181493745252,0.00421222780051183,0.0322241393067484,0.411961899388745,3
COMT,2.86062706079702,0.00422804090408134,0.0323222206977259,0.197344612953948,3
COBLL1,-2.85792834989977,0.00426416665089233,0.0325753381633232,-0.10754323537259,3
CCT6B,-2.85429620247218,0.00431322955562183,0.0329234526064095,-0.210173365143273,4
ZNF330,-2.85410464754008,0.00431583122483575,0.0329234526064095,-0.173898023958776,4
NRG2,-2.85363749067892,0.00432218204373547,0.0329289735225645,-0.498651362444769,3
SGCB,2.85360296279009,0.0043226517732824,0.0329289735225645,0.511407312877362,3
RASSF7,-2.85335551328496,0.00432601951809784,0.032931404393582,-0.407022121210952,2
ZNF85,2.85293816029204,0.00433170500990207,0.0329514630401142,0.308361617039626,4
GYG2,-2.85258318188543,0.00433654611936705,0.032965074723014,-0.0717191857912646,3
ZNF45,2.85173607290976,0.00434811861177342,0.0330148749168116,0.363632370992325,4
DHCR24,2.85165628458838,0.00434921005430688,0.0330148749168116,0.0713136171870429,3
GJA8,2.85115499780105,0.00435607295383249,0.0330347049474141,0.42916801119291,4
BAX,2.85101883706424,0.00435793876597529,0.0330347049474141,0.493581953198994,4
DCTN4,-2.85041977808594,0.00436615628649118,0.0330737869612046,-0.18595228443043,3
RAB20,-2.85011199835029,0.00437038367843797,0.033079207785648,-0.614565540157429,3
ERN1,-2.84976580041565,0.00437514318259784,0.033079207785648,-0.182381796958003,3
TUSC3,2.84969923400986,0.00437605887110637,0.033079207785648,0.306132762504459,4
RNF113A,-2.84901746205148,0.00438544734276702,0.0331097811010523,-0.468804316087407,3
KLF13,2.84896041622704,0.00438623373038381,0.0331097811010523,0.228252670720555,3
GPX3,-2.84796708535106,0.00439994749283412,0.033190106716197,-0.413152893980169,3
ALDOC,-2.84490158756003,0.00444251462708124,0.033487817865828,-0.305197525698287,3
CHD1,-2.84427614446697,0.00445124515816265,0.0335302302639281,-0.201252662853944,3
PJA1,-2.84338285678459,0.00446374148127971,0.0336009306486296,-0.310562934705761,3
RAMP1,-2.8424971232781,0.00447616350629632,0.0336709736734072,-0.537068830008682,3
GCAT,-2.84110513808283,0.00449574879270132,0.0337947658028947,-0.222880457589914,3
UNC93B1,2.83864859171449,0.00453050199940794,0.0340323244767765,0.315060584726708,3
RGS2,2.83775323310321,0.00454322919379445,0.0340852538951936,0.51283161190485,4
EXOC1,-2.83770898074206,0.00454385906397693,0.0340852538951936,-0.291244612466031,4
FOSB,-2.83722157493083,0.00455080183640268,0.034113644300362,-0.667312054328662,3
TBCCD1,2.8361446361336,0.00456617619838495,0.0342051562378323,0.321271614438981,3
RASA1,-2.83575384819615,0.00457176670377919,0.0342233014097178,-0.0771764749608226,3
SLC25A37,-2.83371364077125,0.00460105414881383,0.0344039269411403,-0.538544358418607,3
ZNF215,-2.83362949370935,0.00460226573134121,0.0344039269411403,-0.215153396014888,3
ZFYVE21,-2.83328993151082,0.00460715781757961,0.0344078273672026,-0.369252007217985,3
CDC5L,-2.83315118233759,0.00460915813741364,0.0344078273672026,-0.200267442989949,2
TSKS,-2.831005861004,0.00464018707511296,0.0346155392164159,-0.248721451269312,4
CYSLTR2,2.82949363556917,0.00466217272888169,0.0347555485282126,0.53216033411837,3
MAGEA11,2.82863634252699,0.00467467842594295,0.0348247423151971,0.73656216662984,4
MYO15A,-2.82832252499575,0.00467926380340976,0.0348348777425446,-0.192016745629695,2
SEMA6B,2.82794234007694,0.00468482436953599,0.0348522540218511,0.365561908279339,4
FBXL18,2.82733627390441,0.00469370103437181,0.0348942591695006,0.359287477244439,3
MBD4,-2.82669594977585,0.00470309599288969,0.0349309614197918,-0.110798388815838,3
RAB2A,2.82655914455966,0.00470510543101251,0.0349309614197918,0.139136521808479,3
KLHL22,-2.82595367922459,0.0047140080314004,0.0349730183758154,-0.130703232381874,4
TSC22D4,-2.82552852171196,0.00472026854380002,0.0349768346835752,-0.28047245783026,4
CDC37L1,-2.82547898810932,0.00472099842331538,0.0349768346835752,-0.524223515649991,3
TOB2,-2.82520642297043,0.00472501650901238,0.0349826102332774,-0.360096218173565,3
KLF2,-2.82289567364605,0.0047592055505984,0.0352116016147698,-0.554634406296664,3
PPP2R5E,-2.82245662687815,0.00476572678914413,0.0352357157948905,-0.00992604450662941,3
GCLM,2.82166209205466,0.0047775487173809,0.0352589255929915,0.330933260429409,4
CSTB,2.8215434808257,0.00477931581541179,0.0352589255929915,0.291023811125816,4
E2F6,2.82150662432147,0.00477986503273957,0.0352589255929915,0.22924809961432,3
ESR1,-2.82136859255175,0.00478192242119353,0.0352589255929915,0.00517771886337522,2
AMD1,2.82063452175214,0.00479287734909891,0.0353155942189402,0.310375779860728,4
ELL,-2.81911287482621,0.00481565805652068,0.0354360156095381,-0.318193874253096,3
RUFY2,-2.81910465235928,0.00481578142147769,0.0354360156095381,-0.463714087998721,4
MAP7,2.81883987165521,0.00481975556123826,0.035441116114701,0.152554108468237,4
ANXA4,2.81836533494937,0.00482688539106394,0.0354414027815816,0.357365284132781,3
SUPT5H,-2.81825665163525,0.00482851968113331,0.0354414027815816,-0.292179104522524,4
ITPKB,2.8181293698861,0.00483043427564234,0.0354414027815816,0.481217083990458,4
TARS,-2.81796428325236,0.00483291856112476,0.0354414027815816,-0.423195080015532,3
SLC36A1,2.81758444155945,0.00483863895166126,0.0354592794815773,0.592717519948763,4
MSX1,2.81683973499569,0.00484987196541562,0.0355175030307929,0.650040433862635,4
MLXIP,-2.8158691402476,0.00486454764665282,0.0356008426010459,-0.53263897005673,3
LIAS,-2.81507032963944,0.00487665602694376,0.0356652934346964,-0.733277118197017,4
OXCT1,2.81461642072113,0.00488354852547514,0.0356915366523562,0.497783166166643,4
GM2A,2.81285686740067,0.0049103502933075,0.035863153393041,0.412563569302536,3
UBE2L6,2.81217012567667,0.0049208468888756,0.0359155324956988,0.325592349828495,4
PSRC1,-2.81184504759087,0.00492582266200581,0.0359275735280127,-0.241783096448624,2
PAPPA,2.80883353372763,0.00497213488702794,0.0362408913965423,0.132138834199677,3
STARD8,-2.80515853154008,0.00502918375091755,0.0366319911513226,-0.315936104204768,3
TAPBP,2.8049395363676,0.0050326019311228,0.0366321873719599,0.267324843712604,4
CD83,-2.8043064748651,0.00504249486980244,0.0366615503227073,-0.173270030527625,3
CSTF2,2.80424708978378,0.00504342378999658,0.0366615503227073,0.282424716577996,4
FGD1,2.80381217001661,0.00505023165927252,0.0366677920833564,0.261456193389638,4
TUBG2,-2.80375855200502,0.00505107152564657,0.0366677920833564,-0.29478819446314,4
TRMU,-2.80231248115163,0.00507377029233955,0.0367858743212208,0.21727603137571,3
TFAM,-2.80213792574198,0.00507651649150959,0.0367858743212208,-0.0511580866118067,2
PRMT2,2.80207199948309,0.00507755402822998,0.0367858743212208,0.215265375824902,4
TLE6,-2.80149752153144,0.00508660318462791,0.0368046113567823,-0.242509074573184,3
ZNF407,-2.80147522401757,0.00508695470798704,0.0368046113567823,-0.269625714765587,4
DNAJB9,-2.80117703467692,0.00509165781467262,0.0368139810669971,-0.54719894208124,2
ZBTB20,-2.80075260887228,0.00509835872870513,0.0368377732357678,-0.148006852877617,3
GTF2IRD1,-2.80027120588152,0.00510596885661392,0.0368430018701573,-0.516154735308377,3
ABLIM3,2.80012436027122,0.00510829226817526,0.0368430018701573,0.582464963263866,3
PDCD5,2.80005604172558,0.00510937353932932,0.0368430018701573,0.202688556672208,4
FLAD1,2.79984434210336,0.00511272540301479,0.0368430018701573,0.346616001985433,4
VCL,2.79949964378312,0.00511818730264898,0.0368461312320417,0.290091625145355,3
SMC5,-2.79918167204985,0.00512323038315241,0.0368461312320417,-0.093692481865496,3
CHD2,-2.79917143569757,0.00512339280786212,0.0368461312320417,-0.00704441561484064,3
CENPE,2.79831911165387,0.00513693334704559,0.0369189314802305,0.551516374456157,4
GRPR,2.79640388218148,0.00516747791134099,0.0371137609031286,0.425899325796418,4
CLIP1,-2.79480929701873,0.00519303386125419,0.0372725260925367,-0.440005795589053,3
EIF2S1,-2.79283531011281,0.00522482853574853,0.0374758285811126,-0.142134703216682,4
ISYNA1,-2.79206380825712,0.00523730271219019,0.0374830412540829,-0.372941317223875,3
CXCL13,2.79203094631641,0.00523783464374197,0.0374830412540829,0.118582126250496,3
PLEKHB1,-2.79198052330702,0.00523865092871188,0.0374830412540829,0.182783555522042,3
DLX5,-2.79191485709577,0.0052397141541997,0.0374830412540829,-0.161065856300068,3
CDT1,2.79140142309383,0.00524803407413458,0.0375177128185319,0.311893545425081,4
MANEA,2.79091515129245,0.00525592484752656,0.0375422136811622,0.289646929989182,4
IKZF1,2.79076199991568,0.00525841226620981,0.0375422136811622,0.471339800215752,4
VKORC1,2.78943556849993,0.00528000012364824,0.037671440776518,0.404828003036893,4
PPP1R11,2.78893821022594,0.0052881153135737,0.0377044367110384,0.115331990416272,3
KRT1,2.78705049875781,0.00531901895132587,0.0378997643220462,0.440347496813649,3
SLC10A3,2.78516880594662,0.00534998629532064,0.0380952880435423,0.381242987832311,3
BMP4,2.78404525727881,0.00536855426899311,0.0382023209576176,0.244749297376785,4
MTO1,-2.78325098453431,0.00538171565583445,0.0382707653155522,-0.277100690890601,4
CYP19A1,2.78295375322484,0.00538664837272567,0.0382806419224886,0.70824152347945,4
HIST1H3A,-2.7817885140222,0.00540602555369803,0.0383930887778081,-0.759469764534437,3
LETMD1,-2.78084432010846,0.00542177302741986,0.0384796269659588,-0.36530482404685,4
MED12,-2.78021999538905,0.00543220838527022,0.0385151502448388,-0.119714979684422,3
ARL4A,2.78011833205465,0.00543390936614834,0.0385151502448388,0.499642252185048,4
SERINC2,2.77959150603233,0.00544273166436904,0.0385523852055832,0.446249546521919,3
RGS9,2.77934163084487,0.00544692062651486,0.0385567736616078,0.504372741533518,4
MTHFR,-2.77906209456815,0.00545161028258909,0.0385646982793237,0.0506865115427969,3
ADAT1,2.7783223300365,0.0054640385751329,0.0386273198223728,0.260114900995966,4
MGST3,2.7774499330901,0.00547872799818414,0.038705833771344,0.373326295109919,3
PGLYRP1,2.77636618369997,0.00549702581510439,0.0388036109712147,0.329321568313624,4
IKZF2,2.77620495515275,0.00549975267514624,0.0388036109712147,0.44892151737747,4
DRD4,-2.77371514638494,0.00554201812326014,0.0390762922764073,-0.0703924421089582,3
CENPM,2.77341735813812,0.00554709276762716,0.0390865597364048,0.67878268328777,4
HMBOX1,-2.77257194752053,0.00556152236718264,0.0391626887942027,-0.156740622750704,4
IL1R2,2.77211394591567,0.00556935374676877,0.0391749808469065,0.0664165058929372,3
ZNF292,-2.77204571654237,0.00557052125355012,0.0391749808469065,-0.340649523565993,3
SLC18A2,2.77148409398941,0.00558013985043868,0.0392170921694461,0.451107645852874,3
KIF5A,2.77081549714486,0.00559161007411013,0.0392434192017084,0.697818904390999,3
POLD3,-2.77071776309533,0.00559328854769527,0.0392434192017084,-0.209682136315673,4
STX2,2.77063066085313,0.00559478481490751,0.0392434192017084,0.431607942640711,3
H2AFY,2.77018179720683,0.00560250125033344,0.0392720431577559,0.319452602312299,3
CTSC,2.76974734258687,0.0056099791229192,0.0392754386027291,1.06005579746954,2
AHCTF1,-2.76973117799335,0.00561025752305231,0.0392754386027291,-0.0924243341642184,3
NINJ2,2.7693321949371,0.00561713309450764,0.0392981034241396,0.60895715576926,3
LRRC2,2.76871928114491,0.00562771008862482,0.0393416095632969,0.211496760936679,2
RIMS3,2.76834064908569,0.00563425308038677,0.0393416095632969,0.758086662337132,3
RASSF1,-2.76833921293615,0.00563427791098132,0.0393416095632969,-0.378778022331918,3
MNS1,-2.76792953280163,0.00564136518962287,0.0393656503735828,-0.252788799113934,4
TCF15,2.76689092250108,0.00565936872433768,0.039465784996963,0.533038102815387,3
ELF3,-2.76625998023052,0.00567033092731838,0.0395167191463827,-0.646434229654795,2
BANK1,-2.76542042215488,0.00568494739017481,0.0395930378521394,0.00781424598110946,3
HMGN4,2.76467105409292,0.00569802236524392,0.0396548964068374,0.235109145692393,4
APTX,-2.76440828102194,0.00570261364909664,0.0396548964068374,-0.0624788506101095,3
TMEM30B,-2.76417318583343,0.00570672416080017,0.0396548964068374,-0.152476657568515,3
ASNSD1,-2.76405261962168,0.00570883323199584,0.0396548964068374,-0.273019802484223,3
CEACAM21,2.76386111542251,0.00571218467034244,0.0396548964068374,0.341238306254478,4
SCN8A,2.7626773386344,0.00573294088904738,0.0397734280561912,0.602034407739314,3
RIPK2,2.76187976916592,0.00574696371401829,0.0398207108786488,0.427302452837366,2
ALCAM,-2.76187037452685,0.00574712907422824,0.0398207108786488,-0.491900214982599,4
RABIF,2.76103237811614,0.00576189638205179,0.0398784871327617,0.0847619129168944,3
PTK6,-2.76097826330646,0.00576285117702657,0.0398784871327617,0.0893688243649448,3
RNF141,-2.76057599015551,0.00576995330787212,0.0399020714671157,0.0424828441727342,3
AKAP8L,-2.75853518633977,0.00580610541768251,0.0401263920165109,-0.463345671876615,4
ANKRD36,-2.75823512050188,0.00581143816342938,0.0401278928587385,-0.0724052376138986,3
CCNG1,-2.75810498474532,0.00581375229808607,0.0401278928587385,-0.262729858080411,4
CIZ1,-2.75764454275253,0.00582194676353794,0.0401587924263964,-0.238086908061567,4
SLC16A1,-2.7572688734741,0.00582864024485681,0.0401793056317442,-0.244279053129592,4
INSIG1,-2.75701940880442,0.00583308890988569,0.0401843280641487,-0.752434640080288,3
BEST1,-2.75556231407196,0.00585913426374235,0.0403215523108918,-0.548269341428769,3
PPP3CA,2.75538076700688,0.00586238672455482,0.0403215523108918,0.304669536928273,3
ITPKC,-2.75527922936453,0.00586420650624061,0.0403215523108918,-0.696851105312373,2
GPC5,-2.75491357903203,0.00587076399741515,0.0403409622774036,0.242334367244692,2
MTSS1,2.75266852452761,0.00591117138096992,0.0405927992735137,0.268049644493207,4
SLC25A28,-2.75237563719065,0.00591646132564624,0.0406033133669826,-0.56568602104731,3
USP25,-2.75073488601021,0.00594617450386315,0.0407813187242729,-0.103389744681879,3
STAG3,-2.75037736887144,0.0059526667754238,0.0407820426602052,-0.157267469233258,3
EEF1E1,2.75031330042629,0.00595383089012624,0.0407820426602052,0.335900689875989,3
DNAJB2,-2.74895726477881,0.00597851803883874,0.0409251912899468,-0.448130602323594,4
SDC4,-2.74843810366423,0.00598799395566612,0.0409640979791675,-0.662802600790888,3
SLC46A3,2.7472167772565,0.00601033943424319,0.0410882107881453,0.493864874522137,3
BBS1,-2.74703106198155,0.0060137438674373,0.0410882107881453,-0.145952059400468,4
KIAA0040,2.74644614828988,0.00602447754848294,0.041135528747606,0.0473891092395925,3
CYP2W1,-2.74526750971033,0.00604615905078287,0.0412492318622261,-0.471401509429532,2
ARHGEF16,-2.7451259836433,0.00604876719771951,0.0412492318622261,-0.357862026882411,4
TMEM104,2.74446906267666,0.00606088669813829,0.0413058032260503,0.253835690414087,4
KCNK2,2.74187562854942,0.00610894675490074,0.0416070888060768,0.81817009186908,4
STAT5B,-2.74136750063867,0.00611840320940271,0.0416452372198916,-0.239279450900175,4
AVPR1A,-2.7404744653089,0.00613505488902271,0.0417096133877099,-0.77419569219748,2
MMP13,2.74044613806636,0.00613558375051574,0.0417096133877099,1.82690171480516,3
PRPF19,-2.73961494050349,0.00615112025937095,0.041788931472783,-0.265766795881519,4
RPGRIP1L,2.73935188101735,0.00615604466792488,0.0417960996247169,0.347517317763822,4
PRDX3,2.7382553824711,0.00617660911158272,0.0419093791603747,0.311159707485551,4
TACC2,2.7380123740816,0.00618117501348319,0.0419140316984592,0.0985184037480224,3
RBM12B,-2.73738191650365,0.00619303489964702,0.0419681072684988,-0.140965653939679,3
PMPCB,-2.73703862943267,0.00619950127468242,0.0419855879430216,-0.31174207485431,4
VDAC1,2.7368054260612,0.00620389750963,0.0419886197332696,0.163633368391513,3
ZNF749,2.73660261036865,0.00620772317293386,0.0419886197332696,0.389360966888686,4
CRYM,2.73487478892154,0.00624040087503488,0.0421614783879205,0.7303323594362,4
TLE4,2.7348386847761,0.00624108534922096,0.0421614783879205,0.389358657706798,4
CAPN10,2.73440176716317,0.0062493739357982,0.0421806942365022,0.517449695778464,3
MACROD1,-2.7341491911141,0.00625416997233086,0.0421806942365022,-0.470833059717963,3
FAM120C,2.73404125368849,0.00625622055088465,0.0421806942365022,0.422379006719113,4
GPX4,-2.73386609785286,0.00625954942243223,0.0421806942365022,-0.406189155288416,4
ERCC8,2.73363283513099,0.00626398510260718,0.0421842687520965,0.422601703429991,3
OSR2,-2.73285159854313,0.00627886156616928,0.0422421756362386,-0.431620656599852,3
PTPRC,2.73277064422034,0.00628040493166073,0.0422421756362386,0.87706060958798,4
MEOX1,2.73247739413064,0.0062859985001232,0.0422534883623714,0.443833920574238,2
ARHGEF5,-2.73167679801236,0.00630129222779995,0.0423188587102959,-0.380060881900708,3
NUBPL,-2.73155828903007,0.00630355893953583,0.0423188587102959,-0.114130228604714,3
MKLN1,-2.73038204121184,0.00632609676060245,0.0424163427718957,-0.44828497755983,3
SLC4A2,2.7302938488769,0.0063277895133629,0.0424163427718957,0.213632205884556,4
ZNF551,2.73011931138294,0.00633114076618978,0.0424163427718957,0.540580807687065,4
IFRD2,2.72998158118732,0.00633378641835472,0.0424163427718957,0.059681692575658,3
CYP17A1,-2.72783638860483,0.00637512194621702,0.0426667083414103,-0.507213830811173,4
NFKBIA,-2.72589601273447,0.00641271980117239,0.0428917642676559,-0.336794522101707,3
METTL9,2.72561024571869,0.00641827381265968,0.0429023476017017,0.34440666841609,3
RPS6KA4,2.7252974095503,0.00642435888746716,0.0429164654931479,0.498891178308244,4
WISP2,-2.72459329725311,0.00643807379040191,0.0429815037601492,-0.563984501718918,4
TRIM5,2.72325515948621,0.00646421104629989,0.0431293438679008,0.30242669389463,3
FKBP11,2.72257432138189,0.00647754616388038,0.0431916380631086,0.279436145895352,4
RBP4,-2.72117108147732,0.00650510856956232,0.0433251835308093,-0.695212883503771,3
LIMK1,2.72114631532095,0.00650559597176196,0.0433251835308093,0.419817375219844,3
ZNF135,-2.72057090490589,0.00651692939874454,0.0433739195103133,-0.0357792944430052,3
PRKX,2.71991465264466,0.00652987678111333,0.0434333306586122,0.429430576789056,3
BHMT,2.71886176947034,0.00655069774549224,0.0435450074134198,0.502772835971654,4
SMAD1,-2.71853474732428,0.00655717681210847,0.0435581541193977,-0.6821744095689,4
PTPRD,2.71835500878163,0.00656074030293095,0.0435581541193977,0.419822758454761,3
CALU,2.71809788164271,0.00656584112556625,0.0435652431439599,0.392194540686663,3
ZNF471,-2.71664868786494,0.00659465661548955,0.0437030826583729,-0.176576198477364,3
HMHB1,-2.71664616021418,0.00659470697399999,0.0437030826583729,-0.0758044902298765,3
TGM4,2.71628502790175,0.00660190538586786,0.0437239619731113,0.475564210589533,4
EN1,2.7144528435529,0.006638535089192,0.0439396176675564,0.691709000422685,4
NUMA1,-2.71408641760502,0.00664588270086508,0.0439558555761045,-0.344074282786953,4
WDR45,-2.7136226252969,0.00665519319683618,0.0439558555761045,-0.192236444963753,4
PELI2,-2.7135813285216,0.00665602278592059,0.0439558555761045,-0.336573678408878,4
FUBP1,-2.71351948530089,0.00665726529554777,0.0439558555761045,-0.146967461972012,3
SLC43A1,-2.7126313318715,0.00667513245354711,0.0440002951082435,-0.198180497968409,2
TOX4,-2.71263065977147,0.0066751459906241,0.0440002951082435,-0.208654329936565,3
MAP3K4,-2.71256089217494,0.00667655134626456,0.0440002951082435,-0.19846621653895,3
TRIB3,-2.71237539389581,0.0066802892036215,0.0440002951082435,-0.486176467962543,4
TNK2,-2.71159410846671,0.00669605304367446,0.0440772486153391,-0.301265892791676,4
EVC,-2.70933322788159,0.00674185894838586,0.0443199132457333,-0.133030626752162,3
THAP10,-2.70932068716773,0.00674211380933649,0.0443199132457333,-0.107549621731231,3
PDGFD,2.70916755487294,0.00674522656693071,0.0443199132457333,0.492367250149944,4
NFKB1,2.70612163669986,0.00680741065422047,0.0447013069221213,0.186599257439053,4
MYCBP2,-2.70555770736262,0.00681897993666686,0.0447164448387626,-0.243028475853676,3
ZNF473,2.70538175985396,0.00682259319922542,0.0447164448387626,0.137952304330879,3
HCCS,2.70532121433986,0.00682383696127228,0.0447164448387626,0.268298431718741,4
SSTR5,-2.70507244769631,0.00682894941258901,0.0447164448387626,-0.491324558056574,4
OSTM1,2.70500120440444,0.00683041418107371,0.0447164448387626,0.144839769827541,2
NKX2-5,2.70406176738964,0.00684975551337187,0.0448159049396989,0.342499938155305,4
SERPINA5,2.70241588567649,0.00688375994295877,0.0449956934117326,0.757875535401615,2
YIF1B,2.70232868554675,0.00688556574797204,0.0449956934117326,0.256909664365278,3
PMM1,-2.70136544839944,0.00690554151208955,0.045098947650297,-0.352963796352032,4
A4GALT,2.70108756896117,0.00691131388754414,0.0451093731802126,0.189869415080792,2
IGFBP5,2.7007854159949,0.00691759541453957,0.0451231072873529,0.424033772517985,3
FTH1,-2.69940351944681,0.00694638939131246,0.0452835837084835,-0.182770527180409,3
LASP1,2.69824091087827,0.00697069749675678,0.045414640747869,0.293466300577472,3
MCRS1,2.69589571796723,0.00701996399401159,0.0456961465830566,0.370202296760328,3
SRPK3,2.69578173008663,0.00702236653655563,0.0456961465830566,0.321483891522573,3
XPO6,2.69394620905003,0.00706115594701454,0.0459208949666774,0.131514046566411,3
SLIT1,2.69338893586107,0.00707297061509827,0.0459700532998144,0.35634802421155,4
RCOR1,-2.69292525182105,0.00708281463849582,0.0460063522098809,-0.273081565724544,2
C21orf62,2.69142956497408,0.00711465199841129,0.0461853791387252,0.642326266308456,4
DDX56,-2.69090880593708,0.0071257670518958,0.0462194843518444,-0.212932373480776,4
OVOL1,-2.69078259049141,0.00712846333365792,0.0462194843518444,-0.66561732672493,4
GCGR,-2.68907836082178,0.00716495978020595,0.0464177413454619,-0.0279223910120315,2
FAM20B,2.68895374916691,0.00716763493466306,0.0464177413454619,0.391162327652946,4
NFKB2,-2.68809724262162,0.00718604663087435,0.0465090926942509,-0.490650628669583,3
CACNA1H,-2.68636205911171,0.00722347677175548,0.0467233509511992,-0.412002783035567,3
WDR5B,-2.68607906537297,0.00722959787890166,0.0467265911104305,-0.228046921672996,2
PRDM4,2.68593900080219,0.00723262917391592,0.0467265911104305,0.141399509460906,3
ARHGEF4,-2.68474827799226,0.00725844504828812,0.0468653457331789,0.0493156460046069,2
CLDND1,2.68412946737695,0.00727189401110391,0.046924133278342,0.185965070406586,3
RSL1D1,-2.68370888665968,0.00728104749019144,0.0469551492471928,-0.319200907584331,4
DDB2,-2.68307030513092,0.00729496528531832,0.0470115354684279,-0.433837154459791,4
CYP46A1,-2.68290851877326,0.0072984951842764,0.0470115354684279,-0.000206963192132111,2
MX1,-2.68016033984184,0.00735869028178315,0.0473710205147923,-0.16606487865706,3
LRRC1,2.67949766437793,0.00737327176417171,0.0474366179848617,0.593775243523973,3
FOXJ3,-2.67851250452374,0.0073949970905113,0.0475244962745111,-0.213151583217168,4
PRDX6,-2.67847930354997,0.00739573025712397,0.0475244962745111,-0.253786239734302,3
MCTP2,-2.67818043145996,0.00740233309092053,0.0475386456885396,-0.372425233749204,4
ECE1,-2.67734466801774,0.00742082527757259,0.0476290877292568,-0.462651416601953,3
B3GALT4,2.67466452197101,0.00748040627941308,0.0479829861224585,0.246607444595101,4
ITGB8,2.67277212122994,0.00752273332547655,0.0482029633146433,0.666775757960874,3
FSCN3,-2.67273236267006,0.00752362489802709,0.0482029633146433,-0.18612907102659,3
RAB13,2.67235055505749,0.00753219163242625,0.0482049011520688,0.282837593407236,4
E2F8,2.6723211154621,0.0075328525407047,0.0482049011520688,0.659195092250689,3
EPHX2,-2.67136187331954,0.0075544156496427,0.0483142675236474,-0.01866633696562,3
HYOU1,2.66972430301052,0.00759135502418882,0.048521785190111,0.0641472735658699,2
CD69,2.66842431285454,0.00762079466870837,0.0486811496223464,0.681188371096669,4
PHC2,-2.66764637481594,0.00763846080110574,0.0487651616864918,-0.683794626216127,3
RP2,2.66691259247489,0.00765515783861698,0.0488428913010872,0.159534684492227,3
EDEM1,2.66669083641662,0.00766021027666647,0.0488462759200421,0.0693414682752423,3
CD24,2.66549451584796,0.00768751855427484,0.0489914899252371,0.361128859045708,3
DDX46,2.66393071189626,0.00772334689334469,0.0491781268128407,0.119430345372431,4
PPP1CA,2.66381908343606,0.00772591012788286,0.0491781268128407,0.324703431751637,2
RNF39,-2.66231428411971,0.00776053810576706,0.0493694538389257,-0.366795850271499,3
PFKFB2,2.6620532928187,0.00776655808903655,0.0493777679400566,0.23926649329843,4
TMEM38B,-2.66186138109056,0.00777098736327496,0.0493777679400566,-0.526496340849812,3
HOXC4,2.66158993746291,0.00777725607839279,0.049383011941123,0.263525334726236,3
NFYB,-2.6613105193952,0.00778371368734967,0.049383011941123,-0.0153874941432009,3
ZXDC,-2.66123206870845,0.00778552761856438,0.049383011941123,-0.0904640759741288,3
ITIH5,2.66052329478742,0.00780193301548947,0.0494190155041484,0.414851046197612,4
ATP5B,2.66045205420899,0.00780358367331973,0.0494190155041484,0.158284420716393,3
GDF7,-2.66039401179009,0.00780492875857038,0.0494190155041484,-0.242830122321337,4
ARSF,2.65904793402275,0.00783618132705269,0.0495878328616422,0.186293551757185,3
PRPF8,-2.65869366357378,0.00784442521703979,0.0496109374674847,-0.304747367932017,3
CTRB2,-2.6579787720447,0.00786108443803546,0.0496872054415793,-0.174195524375029,3
ARGLU1,-2.65751865370181,0.00787182339872144,0.0497259861713386,-0.329736001970811,4
TRAF3IP3,2.65651364614942,0.00789532554686141,0.0498452989814126,0.360135658648844,3
SOX3,-2.65574097932803,0.00791343711001771,0.0499000060644811,-0.535527674066249,3
NLRX1,2.65563481988132,0.00791592842759577,0.0499000060644811,0.419592393550284,3
PEX5,-2.6554229275465,0.00792090315288161,0.0499000060644811,-0.22491213951033,3
LIG1,-2.6553562558325,0.00792246902430893,0.0499000060644811,0.0340849609403698,3
SORBS3,-2.65510928822461,0.00792827179385663,0.0499074544972257,-0.400094409577385,4
EGFR,-2.65477388084495,0.00793615864624763,0.0499280056475055,-0.086094223038897,2
PADI4,2.65411382516723,0.00795169988202878,0.0499966601430005,0.634138942906171,4
HNRNPA3,-2.65379091625587,0.00795931280623091,0.0500154141552683,-0.167117947930022,2
KIAA0922,-2.65249127915341,0.00799001919028838,0.0501791786590088,-0.0784034534861949,3
CLU,2.65057795670857,0.00803541810328565,0.0504349717325343,0.314006725975305,4
PKD2,2.64980708437017,0.00805377437647279,0.0505208309028218,0.301683080122128,3
COMP,2.64860601876653,0.0080824493797535,0.0506120015805688,0.321573568277007,4
FCN2,-2.64848683261369,0.00808529988468301,0.0506120015805688,-0.13481154652471,3
CAPZA1,2.64843718720931,0.00808648749002827,0.0506120015805688,0.321335458690864,4
FLJ13224,-2.64826082304242,0.00809070769380872,0.0506120015805688,-0.481215865717327,4
GSTM2,-2.64821788358848,0.00809173548691375,0.0506120015805688,-0.175443052029294,3
WDR1,2.64763688781866,0.00810565361943415,0.0506555177973361,0.178259606142753,3
PTGDR,2.64753603990385,0.00810807167854047,0.0506555177973361,0.715817857386538,3
DOC2B,2.64708134641113,0.00811898201446895,0.0506943605319616,0.213185533955607,2
NEK11,-2.64683747789407,0.00812483903371458,0.0507016240567215,0.0592546239662301,3
PBX2,-2.64629954178715,0.00813777208401635,0.0507530104223698,-0.225656901792128,3
SCAPER,-2.64597733706993,0.00814552734511362,0.0507720636941243,-0.286142009520207,3
SHCBP1,2.64527842542063,0.00816237244261254,0.0508477203720304,0.536392454248005,3
MTR,-2.64392681312377,0.00819503734073663,0.0510217829133355,-0.21318512669681,4
CORIN,-2.6434808282302,0.00820584125858166,0.0510596182460825,-0.185736214322123,4
C1QBP,2.64244521138286,0.00823097810284411,0.0511407521008891,0.281687361678348,4
MCM6,-2.64240191480682,0.00823203051104313,0.0511407521008891,-0.141171795621816,3
TFCP2,2.64222443395294,0.00823634578985528,0.0511407521008891,0.0410338754746964,3
ALPK3,-2.64216390847901,0.00823781787220395,0.0511407521008891,-0.155915609506405,4
KIF3B,2.64093074155113,0.00826786189607922,0.0512977852966385,0.0732859123869809,3
CAV1,2.64003115503218,0.00828984060622029,0.0513989058835969,0.16707412510332,3
PPARD,-2.63987437328675,0.00829367644465001,0.0513989058835969,-0.344116809280941,3
POP7,-2.63964443769846,0.00829930494489204,0.0514011037663612,-0.174215503630808,3
NSFL1C,-2.63947119037312,0.00830354805335126,0.0514011037663612,-0.0826279788075951,3
HOXA6,-2.63877814924427,0.00832054117412446,0.0514767959695833,-0.171765207085752,3
ANKRD12,-2.63815024497104,0.00833596401846892,0.0515426922309681,-0.342206656297465,4
MGAT4B,2.6368048767638,0.00836909564031521,0.0517179468573712,0.210465675618585,3
ZFP36L1,-2.63589553302715,0.0083915561989578,0.0518270955180916,-0.260337317495926,3
BRD7,2.63546694571352,0.00840216087858679,0.0518629381774254,0.144581745929074,3
TBK1,-2.63484821189877,0.00841749156036192,0.0519278948229752,-0.278115381320145,4
MAD1L1,-2.63424117139764,0.00843255681966478,0.0519911408481843,-0.423048197936324,3
SENP7,-2.63396058069713,0.00843952853976028,0.0520044422626872,-0.416039942757299,4
ZFAND1,-2.63085615917472,0.00851700752854938,0.0524441696319458,-0.215863433812711,4
AKAP13,2.63071284271461,0.00852059967636224,0.0524441696319458,0.452932745419892,3
CD80,2.63039984267246,0.00852844955962488,0.0524625923365991,0.745502755039381,3
EPS8,-2.62971939694336,0.00854553710789713,0.0525377870458195,-0.300303401751282,4
ABHD2,2.62916394750351,0.00855950839855929,0.0525937484193615,0.273825951250213,3
CYB5B,2.6289506712105,0.00856487838812818,0.0525968256671748,0.125886200521921,3
RNF24,-2.62820946089503,0.00858356442609827,0.0526302199763409,-0.386423807864951,2
MAST2,-2.6281709100633,0.00858453729542737,0.0526302199763409,-0.294321428790549,4
MBTPS2,2.6281552261402,0.00858493312333944,0.0526302199763409,0.127108240215603,4
LPAL2,2.62683927339828,0.00861820306629438,0.0528042141361951,0.689859871070176,2
CDKL3,-2.62552589004724,0.00865152291885574,0.0529685819502604,0.0865872153467343,3
PALMD,2.62539551253945,0.00865483680264855,0.0529685819502604,0.438468402988691,3
MAP2K5,-2.62515820995012,0.00866087137769399,0.0529754997858723,-0.331603701636644,3
ARHGEF3,-2.62292978741741,0.00871772361883043,0.0532930676460703,0.0338293330194431,2
CYP27B1,2.62194630365914,0.00874292047814424,0.0534168704778926,0.142381288852417,2
GDAP1L1,2.62079432600712,0.00877251689346757,0.0535673982381214,0.281866764434212,3
DET1,-2.62032048167688,0.00878471678424924,0.0535943603454003,-0.214176980888355,3
ST3GAL4,-2.61996888586465,0.00879377898365613,0.0535943603454003,-0.159766115274285,4
RETSAT,2.6199566289088,0.00879409505093602,0.0535943603454003,0.122813330514674,3
HIST1H1B,2.6198525834065,0.00879677845698896,0.0535943603454003,0.218110887613492,3
MICAL1,-2.61947391225132,0.00880655082761858,0.053623653912027,-0.220631612028717,4
SLC6A4,2.61798474791259,0.00884507584882303,0.0538278925740768,0.469402710863731,4
RAB31,2.61727603297323,0.0088634632870219,0.0539094202851411,0.616630468176684,3
PLCB2,2.61599263861537,0.00889684756647245,0.0540820188030587,0.677265386189413,4
LCP2,2.61541569216349,0.00891189193964631,0.0541430015365914,0.6834588611321,4
IL23A,-2.61407669253472,0.00894689509906953,0.0543251044745076,-0.120061646664172,3
USP36,-2.61293161234417,0.00897692630195828,0.0544651576496851,-0.529836342277818,2
CDC25A,2.61281289465691,0.00898004497075441,0.0544651576496851,0.512098105227612,4
EXOC5,2.61186532253912,0.00900497203433243,0.0545856946772497,0.378921508555889,4
BRS3,2.61129638829664,0.00901996822636369,0.0546459320141226,0.518235653455205,3
C1orf216,2.61075255922341,0.00903432352779388,0.0547022212708686,0.319405429271312,4
GPAA1,2.61023144442311,0.00904809838282468,0.0547549348634578,0.179900009841955,3
DPF1,-2.60962929239507,0.00906403868169483,0.0548206863603962,-0.159263377624614,3
ADO,2.60916324602276,0.00907639316966712,0.0548646888745071,0.304172412894689,2
POLDIP3,-2.60766230312561,0.0091162841155761,0.055075000568486,-0.0879308437979775,2
SPEN,-2.60689819947756,0.00913665195338891,0.0551671964228658,-0.193947729262733,3
BCKDK,-2.60574124657127,0.00916756884671828,0.0553229489844977,-0.40820306587193,4
HS1BP3,-2.60106665361533,0.00929343954978057,0.0560512194398267,-0.202875513710613,4
PSTPIP2,-2.60082371329348,0.00930002305006437,0.056059625550667,-0.128514239718877,3
EXOSC2,-2.59944303728629,0.00933751742195368,0.0562542460635492,-0.0352510186494406,3
TNFRSF4,-2.59913366466792,0.00934593738247562,0.0562607432558296,0.0280348192560615,2
RBM15,-2.5988413458181,0.00935389942686409,0.0562607432558296,-0.304053243181674,3
ZIM2,-2.59865385882534,0.00935900929488655,0.0562607432558296,-0.329797069144009,3
PDZRN4,-2.59863845128407,0.00935942933074669,0.0562607432558296,-0.618897359959266,4
DDX27,-2.59809673588477,0.00937420811139444,0.056298984257979,-0.170566063810217,3
FBXO34,-2.59802323819009,0.00937621483800261,0.056298984257979,-0.162805140514224,4
MGP,2.59749871330476,0.00939054720695292,0.0563537171830586,0.195407996216301,3
EIF3D,-2.59687602300338,0.00940758726476592,0.0564246294469747,-0.297641428832409,4
HPN,-2.59486725121928,0.00946274591571661,0.0567239630308384,-0.772889817791425,2
HNRNPF,-2.59282554589283,0.00951910428510723,0.05703015223945,-0.198738327606029,4
DNAJC9,2.59254599544164,0.00952684413036389,0.0570448837562033,0.15325213998808,4
SLC25A36,-2.5916190342367,0.00955254885170531,0.0571671095269367,-0.206392830653341,4
UCKL1,-2.59133873366802,0.00956033378121088,0.0571820185518493,-0.289994409007733,4
CACNA2D2,-2.59062836234934,0.00958008862490936,0.057268465592845,0.197822612123835,3
ANXA1,2.58987001697974,0.00960121774665599,0.057363027709833,0.205796667488956,3
ZNF26,-2.58655796656303,0.00969398634070814,0.0578852628260527,-0.105783761906902,4
PEX12,2.58607923424404,0.00970746123616523,0.0579336995983739,0.111730970419594,4
RFNG,-2.58505126017651,0.00973645208704919,0.0580661559772165,-0.363983744079085,4
EPX,2.58491124200231,0.00974040683491171,0.0580661559772165,0.636967483309557,4
KCNJ6,2.58349089369015,0.00978060490376073,0.0582456827579906,0.634205589910557,3
OAS3,2.58336890680557,0.00978406420689185,0.0582456827579906,0.377614511710553,4
ARID3A,2.58327604813996,0.00978669822308396,0.0582456827579906,0.646532575854068,4
BDH1,-2.58101522179238,0.00985102380986407,0.0585962330364271,-0.185844442308582,3
ZNF764,-2.57968433619107,0.00988906640434021,0.0587855870568424,-0.120917945602913,3
SSX2IP,2.57952109195436,0.00989374164685609,0.0587855870568424,0.570494968426796,3
GNB1L,-2.57904692900501,0.00990733263225407,0.0588339786111096,-0.293828196189908,4
SNCG,-2.57860794973986,0.00991992996861447,0.0588764195170184,-0.356492995590671,4
BCL2L11,-2.57746345622729,0.00995284048927634,0.0590393097008034,-0.524439101815438,4
ITGB3BP,-2.57725149849705,0.00995894610979826,0.0590431042140729,-0.036345390822764,3
SLC31A2,2.57571260354063,0.0100033754115516,0.0592739776168848,0.152148572666267,3
TNK1,-2.57304879288738,0.0100806994802521,0.0596994055842564,-0.305570712988995,4
GTF2H3,2.57249562832412,0.0100968231092417,0.0597566275979019,0.195816664510422,4
FLVCR2,-2.57233786333989,0.0101014258464885,0.0597566275979019,-0.0851513673288134,2
NFYC,-2.57146998304007,0.0101267793703881,0.0598738208861149,-0.115972328373455,4
ARMC7,-2.5712794778338,0.0101323522069277,0.0598739981068013,-0.32208361707689,3
HJURP,2.5710446008231,0.0101392268076315,0.0598818633001836,0.990213125526499,3
DNAJC1,-2.57061280912879,0.0101518757279171,0.0599238041600875,-0.241769383551802,3
IGF1,2.56937646625313,0.0101881709384924,0.0600810707052547,0.823964971691299,4
TINAGL1,-2.56932641221938,0.0101896428005949,0.0600810707052547,-0.369019984539311,2
MDM4,-2.56841903069902,0.0102163576164234,0.0601904003595604,-0.0567806286262426,3
N4BP2L1,-2.56831822926615,0.0102193292223138,0.0601904003595604,-0.345442165095879,3
DOK4,2.56811067643474,0.010225450261207,0.0601936314558902,0.250346534278874,3
TBX3,-2.56747063851773,0.010244346478002,0.0602461567131636,-0.198137085597724,3
FGFR2,-2.56743066504119,0.0102455276691429,0.0602461567131636,-0.360966022773398,3
ITGA4,2.56706310304202,0.0102563945793012,0.0602609079438716,0.653006518969375,4
CLASP1,-2.56696848382428,0.0102591936408795,0.0602609079438716,-0.168226949411494,4
LRRC37A3,2.56669900336917,0.0102671692401985,0.0602749794199042,0.244737139315089,4
ADM2,2.56643844108222,0.0102748861430478,0.0602875177171113,0.636349198585474,3
TRAF3,2.56475584308837,0.0103248429744696,0.060541958113073,0.218620801352211,3
CYB561D2,2.56460069701568,0.0103294601742634,0.060541958113073,0.200718682960118,4
RAB36,-2.56171991743789,0.0104155276350309,0.0610133023392644,-0.0951276868788264,3
TSHB,2.56141362257315,0.010424716062043,0.0610340286732731,0.542681428597809,4
TLN2,-2.55943189032674,0.0104843398024503,0.0613498583673175,-0.150180007022267,2
RAB27B,2.55903601422148,0.0104962866897704,0.0613865126274501,0.743233802194156,4
LAP3,2.55880783517079,0.010503178257402,0.0613935776712425,0.233273189272546,3
CLCN4,2.55844604787214,0.0105141133730607,0.0614082497653301,0.495142087452093,3
RPS11,-2.55834867762035,0.010517058143479,0.0614082497653301,0.0362390348400066,2
VAPA,-2.55749512774662,0.0105429034898495,0.0614992252526401,-0.0807042920943848,3
SLC20A2,2.55728362939394,0.0105493163517818,0.0614992252526401,-0.0343222956620726,3
CYP39A1,-2.55707190588557,0.0105557395156307,0.0614992252526401,0.236536912098726,2
SLFN12,2.55693111675579,0.010560012632577,0.0614992252526401,0.35701973156691,3
IKZF5,-2.55689511372917,0.0105611056141129,0.0614992252526401,-0.351460813041788,3
STRAP,2.55596620201994,0.0105893403697337,0.0616122252691032,0.236238595597685,4
PTH2R,2.55588149639383,0.0105919183785155,0.0616122252691032,0.456106017657129,4
AK2,-2.55516229030062,0.0106138298573719,0.0617064532396833,-0.18974060081431,4
OR7A10,2.55422961938627,0.0106423048302742,0.0618214403856142,0.244684187759433,3
STAB2,2.55413967284542,0.0106450545377932,0.0618214403856142,0.65075305098982,3
HIST1H2BE,-2.55369369760483,0.0106586975424606,0.0618674104533366,-0.472695952957758,4
PTGES2,2.55326210439228,0.0106719153833792,0.0619108646462202,0.325848214997821,3
ABCA12,2.55223111003504,0.0107035493134909,0.0620610518971169,0.319249328231221,3
LANCL2,2.5515686963626,0.0107239180751049,0.0621457956262247,0.288872477427453,3
PPP1CB,-2.5513203119703,0.0107315646027924,0.0621567618441627,-0.407377715951787,4
MLLT10,-2.55018298262605,0.0107666393028175,0.0622711404257918,-0.216432625036447,4
TDRD3,-2.55013474523179,0.0107681291716246,0.0622711404257918,-0.074550723184641,2
QSER1,-2.55011928335575,0.010768606768689,0.0622711404257918,-0.199113899616123,4
BCKDHB,-2.549884985437,0.0107758462291371,0.0622796634388114,-0.0248239958370973,3
MT3,-2.54954580125687,0.010786334186113,0.0623069421809587,-0.284404685527437,4
SEC24B,-2.54908125621383,0.0108007131671132,0.0623566561363745,-0.325516663827213,3
SBNO2,-2.54742330889153,0.0108521703464253,0.0625399258821568,-0.737517479285016,3
CALCOCO2,-2.5474216571053,0.0108522217208533,0.0625399258821568,-0.290386240166193,4
CLIC1,2.54739430755453,0.0108530723874862,0.0625399258821568,0.197802672549278,4
SCO2,2.54731254886353,0.010855615722,0.0625399258821568,0.485737271730871,3
PDK3,2.54549333520217,0.0109123446948095,0.0628332342181941,0.120291290620579,4
KRT16,2.54478848088905,0.0109343950513908,0.0629266570831771,-0.0577267088692718,2
SPHK2,-2.54332905451837,0.0109801770223728,0.0631564814673436,-0.182759963109843,3
GSTM3,-2.54297920300869,0.0109911770855957,0.063161402548042,-0.0549621147410263,2
EHHADH,2.54291941197895,0.0109930580200494,0.063161402548042,0.0870684215993126,2
TRA2A,-2.54274411731979,0.0109985741707894,0.063161402548042,-0.116659786446528,3
PYGL,-2.54216799074208,0.0110167209795449,0.0632074212332575,-0.34824986598163,3
GPR162,-2.54210068132864,0.0110188428229825,0.0632074212332575,0.0494939832731869,3
MRPL46,-2.54193263120089,0.0110241419740286,0.0632074212332575,-0.0530102516064035,3
WDR6,-2.54166486869724,0.011032590049227,0.0632223011733422,-0.104459983873071,3
CRELD2,2.54012880511939,0.0110811650553121,0.063437943624547,0.29353668067204,3
MFAP3,2.54010351897193,0.0110819662673135,0.063437943624547,0.322314630377141,4
HOXB2,2.53965080491213,0.0110963195892126,0.0634575080489767,-0.0390095854934172,2
TRMT1,-2.53956968647104,0.0110988931973818,0.0634575080489767,-0.210689324380162,3
PTCH1,-2.53944003172658,0.0111030077960161,0.0634575080489767,-0.28252957873393,4
CUEDC1,2.53908759830327,0.0111141991335972,0.0634878789217964,0.23287381815411,3
MLYCD,-2.53837895459132,0.0111367320753212,0.0635829703370082,0.0620799058628254,3
ZNF652,-2.53794564798159,0.0111505300295809,0.0636281169463985,-0.0472643911502514,3
BIRC7,2.53746957224191,0.0111657074025768,0.0636810830848123,0.633773713747931,3
ERLIN1,2.53689131546831,0.0111841670002767,0.0637527028691236,0.214701387687897,3
GABRA6,2.53657317043614,0.0111943346469958,0.0637770057261861,0.213136195753306,3
NET1,-2.53605920032177,0.0112107780428958,0.0638370186712495,-0.320491611128912,3
FANCI,2.53525333450979,0.0112366032151051,0.0639503624497181,0.589220274108845,4
LCN2,2.53420829346108,0.0112701717843225,0.0641076332881788,-0.0507683231404672,2
RPN1,2.53400028604841,0.0112768639671187,0.0641119392488509,0.285472760763119,4
LRRC8B,2.53370724495379,0.0112862979094137,0.064131820103886,0.565868654403902,3
ENOPH1,2.53331781179446,0.0112988458688809,0.064169365444612,0.196816491470967,4
CHI3L2,2.53280794945778,0.0113152929116247,0.0642290036948867,0.788725137196585,3
BARX2,2.53189412995015,0.0113448239251856,0.0643628088444613,0.0790803517246005,2
CCNA1,2.53165123811086,0.011352684725617,0.0643735960137086,0.338524056324559,4
COX5A,2.5311977548613,0.0113673739183611,0.0644230708636604,0.181356424285211,4
TRHR,2.52977221079182,0.0114136599768733,0.0646514709335005,0.399908065676871,2
TAL1,-2.52795210066137,0.0114730003427263,0.0649535375797326,-0.251831365809713,3
MCF2L,2.52652417859926,0.0115197458598559,0.0651674490773728,0.449942544665798,3
CHFR,2.5263543485016,0.0115253167758367,0.0651674490773728,0.267979519182904,3
HLA-C,-2.52607884103959,0.0115343592989065,0.0651674490773728,-0.15999852488758,3
MAT2A,-2.52599993925018,0.0115369501205325,0.0651674490773728,-0.205545662099007,3
MFN2,2.52587818968804,0.0115409489062224,0.0651674490773728,0.129464878105307,4
SRM,2.52440892396602,0.0115893030627558,0.0653750422993949,0.425464529719601,3
MDH1,2.52439332918233,0.011589817256373,0.0653750422993949,0.178939249108958,3
TPST2,2.52269993985674,0.0116457725362525,0.0656068747430074,0.713056886714237,3
PEX6,-2.52269755828089,0.0116458514000141,0.0656068747430074,-0.18300719178341,4
AURKC,-2.52259832841434,0.0116491377297804,0.0656068747430074,0.0294370015714675,2
OAS1,2.52219664111737,0.0116624493594649,0.065647617499187,0.860649412863686,3
UCHL1,2.52198447823495,0.0116694857304683,0.0656530129481869,0.62482067589893,4
SNW1,-2.52170367093209,0.0116788044811798,0.0656712368587735,-0.193504990818478,3
ZNF532,-2.52125578176698,0.0116936816015837,0.0657206808846552,0.0369227511157692,2
SYT17,2.52100014779887,0.0117021802926869,0.0657224152384928,0.25794341773347,4
KLF6,2.52088053522782,0.0117061587593835,0.0657224152384928,0.256674916376079,4
TNFRSF1B,-2.52011432927875,0.0117316722185129,0.0658314406775978,-0.809971462472277,3
MPPED1,-2.51985174858837,0.0117404270860108,0.065846362088831,-0.366932872309941,3
F13A1,-2.51842042658146,0.0117882516580281,0.0660719024350031,-0.501091649985531,3
CPB2,2.51828235134636,0.0117928742727908,0.0660719024350031,0.486999363704003,4
INSR,-2.5178252670281,0.011808188450984,0.0661234067638825,-0.240695752964388,3
PTPN22,-2.51705079784129,0.0118341765715324,0.0662345986143484,-0.361796757509934,3
DNAJC4,-2.51652229294975,0.0118519402087107,0.0662996675994266,-0.0821176910416254,3
PNOC,-2.51508659997222,0.0119003148638024,0.0665044399135152,-0.554719532400251,3
PCGF1,2.5147226430617,0.0119126059159751,0.0665044399135152,0.161140378921401,3
NOS3,2.51468951745652,0.011913725147002,0.0665044399135152,0.134839190425581,2
RPP40,2.51462421293479,0.0119159318959162,0.0665044399135152,0.450534123776212,3
TTTY15,-2.51452369263375,0.0119193293531351,0.0665044399135152,-0.703827422340732,4
ATP1A1,2.51407657330574,0.0119344518217316,0.0665432169684358,0.00190772381637588,3
BRIP1,2.51382509601145,0.0119429647583887,0.0665432169684358,0.272276714565632,4
ITGAX,2.51374006930605,0.0119458442754724,0.0665432169684358,0.581066585801643,4
PPP2R5A,-2.51359022856278,0.0119509202850181,0.0665432169684358,0.0681889910988193,2
KHDRBS1,-2.5121660133549,0.0119992625911586,0.0667750319747444,-0.2803825031971,4
UROS,2.51199976459664,0.0120049168760372,0.0667750319747444,0.268959961346771,4
YRDC,2.51131014801854,0.0120283966460997,0.0668711994704934,0.275535650886316,3
ATP6V0A1,-2.51000435346534,0.0120729673195279,0.0670844614123149,-0.128874191673205,3
LILRA3,2.50925346924361,0.0120986634806966,0.0671926801637453,0.234927366114717,4
BTN3A2,2.50794707351503,0.0121434854602889,0.0674069526937514,0.229735698871954,4
ARNT,-2.50590462289232,0.0122138561342442,0.0677627498521346,-0.143058313244863,3
FAM131A,-2.50564715696707,0.0122227524714211,0.0677772957886502,-0.238375692665966,3
RNF4,-2.50524289392484,0.0122367327415096,0.067820003629444,-0.198564073276343,4
CSPG4,-2.5043673694753,0.0122670588048678,0.0679532149795803,-0.169563677063891,4
ACTR2,2.50331974912985,0.0123034333469656,0.0681197780696683,0.254626130127746,3
ZNF250,-2.50292455672901,0.01231717966711,0.0681609501865379,-0.0983094226257995,3
SELENBP1,-2.50273824638332,0.0123236649792626,0.0681619196651278,-0.272322245110129,4
TSC2,-2.50201401610488,0.0123489035905839,0.0682665591532687,-0.396439108102672,4
HOXD11,-2.50087539337395,0.0123886758952005,0.0684513948951183,-0.597335198782542,4
NCAPG2,2.50041837988281,0.0124046713431535,0.0684855154088678,0.0572678768151724,2
SPAG5,-2.50023765127212,0.0124110018802339,0.0684855154088678,-0.168071798292106,2
ZER1,-2.50015575628794,0.0124138714284913,0.0684855154088678,-0.245672390167447,4
NPC1L1,-2.49930890096055,0.0124435791745229,0.0686143656167416,0.0660446126461556,2
GPR68,2.49873020626681,0.0124639160221593,0.0686914392200838,0.768500083064938,3
CHPT1,-2.49650080761391,0.0125425383153482,0.0690554024058382,-0.35607281361704,4
GNRH1,-2.49649504691816,0.0125427420403865,0.0690554024058382,-0.114047582770129,4
VILL,-2.49509547313345,0.0125923243998208,0.0692862110530558,-0.0360097689452661,3
DYNC2H1,-2.49481018193204,0.0126024526065539,0.0692862110530558,-0.302223339538864,4
LRRC42,-2.49476922786162,0.0126039071208345,0.0692862110530558,-0.305685487787439,4
TGFBRAP1,2.49322882190849,0.0126587238191863,0.0695521539648271,0.784399926026308,4
ALDH1A3,2.49299183221149,0.0126671760108458,0.0695632106096372,0.108906879962286,3
RGS19,2.49272263238401,0.0126767830303507,0.069578764022841,0.732770087114909,4
AKAP1,-2.49255157963679,0.0126828907943875,0.069578764022841,-0.137372611512475,3
TRIM25,-2.49122330594215,0.0127304080499808,0.0698039937847168,-0.072353163289253,3
CHST11,2.49080232766147,0.0127455008453422,0.0698512938261726,0.420931328567053,3
ZBTB10,-2.48987835412592,0.0127786824204654,0.0699976305810688,-0.442766540046761,3
LILRB4,2.48908254795883,0.0128073225244821,0.0701189548451373,0.77890223542745,3
MAPK9,2.4857275110722,0.0129286917358858,0.0706930477018031,0.0140439886067823,3
GRAP2,2.48566015150606,0.0129311388677372,0.0706930477018031,0.316529493764221,4
ZBTB16,-2.48564155091851,0.0129318146879062,0.0706930477018031,-0.732944552878763,2
SMG6,-2.48491739472406,0.0129581499508841,0.0707748684394481,-0.199637218384203,2
FZD4,-2.4847326404813,0.0129648764680108,0.0707748684394481,0.0117207472666574,2
TTC27,-2.48468975923549,0.0129664381264273,0.0707748684394481,0.0801456069027038,3
GTF3C5,-2.48410717849738,0.0129876711699824,0.070854961605126,-0.126786939315612,4
USP20,-2.48313363321275,0.0130232221609912,0.0709868538953263,-0.331414758450643,4
ARRB1,-2.48303418346951,0.0130268586120603,0.0709868538953263,-0.0671021630375379,3
OR2B6,2.48286751563826,0.0130329549544916,0.0709868538953263,0.255317975350271,4
FADS2,2.48272599344695,0.0130381335056774,0.0709868538953263,0.40646474487262,3
MCM4,2.48229576032086,0.0130538876864469,0.0710042148025865,0.225847112694659,3
NCOA6,2.48225043463501,0.0130555483922106,0.0710042148025865,0.287435004262557,4
ADAM9,2.4821005359801,0.0130610419193427,0.0710042148025865,0.336560723483691,3
NUP43,-2.48154956463956,0.0130812516401493,0.071078309968256,-0.307134521449023,4
XPC,-2.4807889074341,0.0131091981183014,0.0711943479506743,-0.237910684703894,4
SF3A2,-2.48055284177497,0.0131178818785937,0.07120570856913,-0.307413360828958,4
GTDC1,2.47933392325316,0.0131628012287466,0.0714136508653543,0.380623304582199,3
FMO5,-2.47858172355843,0.0131905889617305,0.0715284849219942,-0.411469315005966,4
PQBP1,-2.47830358614124,0.0132008770316658,0.0715483560943572,-0.166387375296537,3
MAP9,2.47751255199867,0.0132301755138658,0.0715592192339014,0.566912681498757,3
ASAH1,2.47749028767621,0.0132310009755042,0.0715592192339014,0.164240595226339,3
WNT11,-2.47739090497658,0.013234686197422,0.0715592192339014,-0.186740649566495,2
SASH1,-2.47731579237193,0.0132374720590979,0.0715592192339014,-0.554065168467718,2
BNIP1,2.47713803053305,0.0132440671577145,0.0715592192339014,0.447607213784687,4
ARVCF,2.47703175607629,0.0132480114077375,0.0715592192339014,0.539821557407656,3
VIPR2,-2.4769982893612,0.0132492537000373,0.0715592192339014,-0.298568259721701,2
DNAJA4,2.47616116350135,0.0132803615331466,0.0716832287939071,0.206239411035112,3
CNOT8,-2.47594051198934,0.0132885717502792,0.0716832287939071,-0.493803036700688,3
SLC2A1,-2.47584512201304,0.0132921225027028,0.0716832287939071,-0.450704248500987,2
ABCB9,-2.47456899288321,0.0133397052700091,0.0719039402827534,-0.293117438353515,4
GDF10,-2.47422936104653,0.013352394393724,0.0719364410179582,0.0978103958444272,2
KLF4,-2.47390983506335,0.0133643420732326,0.0719392975787916,-0.351460385234878,3
TNP1,2.47385898735304,0.0133662442363113,0.0719392975787916,0.210755499717408,3
SEC14L4,2.47318205103816,0.0133915905693056,0.0719962627612485,0.472992712042251,4
RGL2,-2.47297055904873,0.0133995181077299,0.0719962627612485,-0.081189098388396,2
PFKP,2.47291475024027,0.0134016107294179,0.0719962627612485,0.071042264155532,2
MN1,-2.47286467388354,0.0134034886514415,0.0719962627612485,-0.19436118598212,2
LGR4,2.47204412379039,0.0134342933852817,0.0721015394167966,0.287701498171772,3
WNT8B,2.47198707022442,0.0134364375898918,0.0721015394167966,0.287160333787359,3
EHF,2.47094025114266,0.0134758331832638,0.0722770357724012,0.528303571796561,4
PFKFB4,-2.47001279666236,0.0135108218925674,0.0724028216525685,-0.607998015874005,2
LSG1,-2.46996331084032,0.0135126910249563,0.0724028216525685,-0.243820749468989,4
TMEM184B,2.46769742002934,0.0135985212575211,0.0728265873196544,0.245311479420373,3
RFX2,2.46732444124157,0.013612695481881,0.0728663709590083,0.646219700684399,4
APOF,-2.4666446605403,0.0136385626003808,0.0729686741997587,-0.609182027918019,3
MSX2,2.46641227317373,0.0136474153932055,0.0729798916224781,0.668217858652207,3
ALDH3A1,-2.46605858846784,0.0136608987477594,0.0730158477354266,-0.201561596008182,3
OCRL,2.46573570082669,0.0136732183134847,0.0730455510495856,0.198047962079772,4
GSTO1,-2.4638844271256,0.0137440420506086,0.073387613559404,-0.286367862188396,3
TRIB1,-2.46358545269438,0.013755510179585,0.0734125597627853,-0.531309976735821,3
PIK3IP1,-2.46269799215873,0.0137896013798671,0.0735244744036918,-0.340600513003294,3
RPL9,-2.4626852071661,0.0137900930514608,0.0735244744036918,-0.254485800885983,4
NDST1,2.46220347260358,0.013808630369563,0.0735869882841735,0.370771963694273,3
ECT2,2.46174673264116,0.0138262262042287,0.0736444257682831,0.901038760247377,3
MCM3,2.46071520218106,0.0138660386191403,0.0738200833730672,0.100285107629689,3
GDF3,2.46020753578474,0.0138856693876874,0.0738767150573772,0.105423601026892,3
RPL10L,2.45999447059331,0.0138939156361566,0.0738767150573772,0.117906661916332,3
NINJ1,-2.45990980676778,0.0138971935749482,0.0738767150573772,-0.270610694218546,3
CAPN2,2.45941947861924,0.0139161910955979,0.0739413163869399,0.364209718807488,3
FOXRED2,-2.45871994110821,0.0139433340158841,0.0740491121138543,-0.0573249133304328,2
TSHZ2,2.45818186645539,0.013964243766681,0.0741237155615175,0.456871559353784,4
PAQR4,2.45734759117405,0.0139967186991759,0.0742596048077102,0.858048727216017,2
MMP24,-2.45695451792916,0.0140120425270696,0.0742868899797811,-0.215300444658203,4
CYP4B1,-2.45686291427815,0.0140156157914084,0.0742868899797811,-1.46896024070112,3
CAMK2A,2.45508360096687,0.0140851827539638,0.0745449375320752,0.304158412624227,2
PSG5,2.45501651666915,0.014087811542891,0.0745449375320752,0.296083908174225,4
RPL36,-2.45495964160347,0.0140900406084051,0.0745449375320752,-0.264056834744807,3
STOML2,-2.45491206643037,0.0140919054286704,0.0745449375320752,-0.198195419569776,3
SERTAD2,-2.45445425583658,0.0141098615221754,0.0746033892131858,-0.24847205540291,3
GPR37,2.45387968842603,0.014132425582313,0.0746652709789221,0.414630703588901,4
FXYD3,-2.4537103578459,0.0141390815013883,0.0746652709789221,-0.165884128423579,4
SLC16A5,-2.45362845586927,0.0141423018351115,0.0746652709789221,-0.144532967918283,3
NRAS,2.45338351664893,0.0141519365522827,0.0746796378298768,0.309351796905526,4
GCM2,-2.45296705844527,0.0141683312880435,0.0747296457878154,-0.306352708242454,3
ALX4,2.45211127384576,0.0142020736246506,0.0748710587083823,0.426010262665801,4
ERCC6L,2.45156761760956,0.0142235460056279,0.074947679976972,0.599806357606874,3
THRB,-2.45077301285422,0.0142549814371731,0.0750766989197193,-0.0931431104152653,3
SLC2A11,-2.4496989111125,0.0142975714913227,0.0752643115249845,-0.276375428607615,4
SRD5A2,2.44805033281879,0.0143631589377018,0.0755727437141039,0.298158050072346,4
USP19,2.44685830367485,0.0144107480936838,0.0757862224478934,0.435278522078472,4
KIAA0513,-2.44614888551673,0.0144391360213089,0.0758985631640775,-0.12521897727786,3
WNT1,2.44576350590605,0.014454577953409,0.0759277825189149,0.0156309432983574,2
C17orf80,2.44565937580872,0.0144587528829298,0.0759277825189149,0.272984565154306,4
PILRA,-2.44537356401269,0.0144702175147264,0.0759510639426988,-0.379203264730664,4
ATXN7,-2.44510876363361,0.0144808464788894,0.0759699386425273,-0.16727982202448,4
ZSCAN18,-2.44347654064074,0.0145465152888737,0.0762701646373324,-0.34958038155489,4
PHF3,-2.44333567719545,0.0145521949007167,0.0762701646373324,-0.393124317256962,4
PXN,-2.44286543312304,0.0145711692948823,0.0763325755205233,-0.185601618363043,3
SELL,2.44247705601098,0.0145868567927343,0.07637340607669,0.320949522804467,3
FRMD1,2.44232249404569,0.0145931040679771,0.07637340607669,0.62548687061057,4
IFT140,-2.44163975925481,0.0146207279120689,0.0764809215041978,-0.0571623333665914,3
KDELC1,2.44077014892089,0.0146559795928185,0.0766282146958495,0.8079998789004,2
CRYGB,2.44002533737466,0.0146862318082081,0.0767492385061753,0.313738099655614,4
PHYHIP,-2.43979785554841,0.0146954824664415,0.0767604456491786,0.0486782033211321,3
ACTR1A,2.43927176806581,0.0147168957438886,0.0767922131647603,0.151894039223818,3
C8orf44,-2.43916133412272,0.0147213942146145,0.0767922131647603,-0.253040122497147,4
DSE,-2.43907229541409,0.0147250220437482,0.0767922131647603,-0.635920059504273,2
SLCO2A1,-2.43895013876856,0.0147300005255863,0.0767922131647603,-0.651951067764272,2
RPL39L,2.43847270638055,0.0147494724673828,0.0768566336674716,0.154243411644996,3
STAT2,-2.43723321959572,0.0148001305157115,0.0770834184333247,-0.0955725514132931,2
FLOT2,-2.43654814079501,0.0148281955513849,0.0771923702872575,-0.308712281851588,3
CLEC4E,2.43608522355166,0.0148471860256991,0.0772539997348756,0.460306427153438,3
LAMA2,-2.43529347247515,0.0148797160836272,0.0773859861027162,-0.367169522393955,4
INSIG2,-2.43488608541134,0.0148964785344686,0.077435881197945,-0.261481014807748,3
NEDD9,2.43359232843598,0.0149498221543737,0.0776757955322487,0.0545336048893038,4
CASD1,2.43316560733714,0.0149674534012665,0.0777130849106749,0.18308050232829,4
TSR2,-2.43304589716434,0.0149724028709898,0.0777130849106749,-0.134830292776497,4
FXYD1,-2.43278205931571,0.0149833164539173,0.0777130849106749,-0.317812711398717,4
SCN11A,2.43272261485171,0.0149857763255819,0.0777130849106749,0.421486467647456,4
RAD9A,-2.43241411717443,0.0149985479843004,0.0777419939186242,-0.287246781414832,4
KLHL5,2.43197228391649,0.0150168563733238,0.0777995599734504,0.244500085427929,3
POMGNT1,2.43164905622282,0.0150302625307395,0.0778013135273052,0.188447717439325,3
EIF5A,2.4315791179041,0.0150331646719312,0.0778013135273052,0.327700730786178,4
KLHL3,-2.4314432909838,0.0150388023185533,0.0778013135273052,0.0304930335312043,2
BCL2L1,2.43059356091731,0.0150741135905021,0.0778592369266484,-0.1507347347143,2
ZDHHC17,-2.43056666693606,0.0150752323845009,0.0778592369266484,-0.228752982712836,4
SERPIND1,2.43053391564233,0.0150765949424158,0.0778592369266484,0.203782330831387,3
SELP,2.43048019361765,0.0150788301842759,0.0778592369266484,0.492169939350232,4
ZNF613,2.42993551793367,0.0151015092920686,0.0779390842680007,0.405744923264134,3
NPHS1,2.42944714151029,0.0151218697602205,0.0780068945319492,0.535033672529259,4
ETNK1,-2.42886291494827,0.015146257986778,0.0780954075289622,-0.0587087434330995,3
RAD51,-2.42602388962706,0.015265265381329,0.0785821097886059,-0.217848044537373,4
NRXN3,2.42596825626592,0.0152676056440965,0.0785821097886059,0.278178069243082,4
RCN2,2.42593631873253,0.0152689492652335,0.0785821097886059,0.455470350067984,3
ZNF41,2.42576433881823,0.0152761862991126,0.0785821097886059,0.244368976975703,4
ACSM5,2.42574439837058,0.0152770256023026,0.0785821097886059,0.460522290995406,4
CD160,2.42495231916475,0.0153103974559144,0.0787162843021359,0.34258808562293,4
MTHFD2,-2.42414428983553,0.0153445074320245,0.0788541243010127,-0.471966011824593,3
ERH,2.42324320085059,0.0153826246898854,0.0790124165003051,0.252853936791552,4
ZFP64,-2.42249645033174,0.0154142763568698,0.0791373636914958,0.0265323732311935,3
MYBL2,2.42201389735114,0.0154347602597041,0.0791867941764958,0.813546432775688,3
UBE2H,-2.42181028004016,0.0154434108008445,0.0791867941764958,-0.12610150592585,3
RABAC1,2.42162245016576,0.0154513944069932,0.0791867941764958,0.345767701886222,4
MYH2,2.42157933804046,0.015453227376787,0.0791867941764958,0.487654991770868,4
MGAT4A,-2.41935580359965,0.0155480237656955,0.0796347808046672,0.206922913720971,2
PAPSS2,2.41884699589357,0.0155697876751021,0.0796851718505095,0.254833066356549,3
GRIK3,2.41878092038906,0.0155726159763401,0.0796851718505095,0.402016684848102,3
DDX23,-2.41852767504662,0.0155834600975174,0.079698672770538,-0.181725637937061,3
NCF2,2.41837477241986,0.0155900106984028,0.079698672770538,0.589102543667387,4
GAB1,-2.41785898302407,0.0156121258423074,0.0797501526252257,-0.14071552900324,3
ZNF329,2.4177955718359,0.0156148465841837,0.0797501526252257,0.115081991842121,2
ADRA1B,2.41737848554578,0.0156327526278878,0.0798038723470907,0.20655920958605,3
PRMT1,-2.41706376172104,0.0156462760776028,0.0798351791167997,-0.0630376674989889,3
PARL,-2.41631839688289,0.0156783449126314,0.0799610395402478,-0.0423360073041213,3
MSH6,-2.41560017358706,0.0157093006895519,0.0800811071489096,-0.125038194064417,3
SEC22A,-2.41541177747348,0.0157174295506626,0.0800847518897442,-0.108531892408528,3
PWWP2A,2.41501407600976,0.0157346016094041,0.0801130671937163,-0.00189553589063961,2
HIST1H1E,-2.41493958775618,0.0157378197171881,0.0801130671937163,-0.504182319740654,3
PLCG2,-2.41411471697619,0.015773495240898,0.0802568514329628,-0.0318089385015329,3
SHC3,2.41349531436128,0.0158003310427733,0.0803387637409503,0.736764309141421,3
RPS24,2.41339989021344,0.0158044688899759,0.0803387637409503,0.150679409887996,3
MAP2K1,-2.41307732336253,0.0158184633114772,0.0803487887642033,-0.194371037443782,2
GNL1,-2.41301156165685,0.0158213176913035,0.0803487887642033,-0.197127038155431,3
HIST1H2BO,2.41278871593815,0.0158309936546537,0.0803601473014895,0.56895945845667,4
CEBPD,-2.41208806367221,0.0158614498966044,0.0804769289728137,-0.768612364234793,3
UBE4B,-2.41187026560318,0.0158709277253637,0.0804872118729479,-0.335505594393612,4
TFG,2.41168791820207,0.0158788666920371,0.080489684658557,0.0988517417452307,3
MEGF9,2.41126282525267,0.0158973877767789,0.0804909897773923,0.304396503091217,4
DNAH2,-2.41105916006391,0.0159062680951004,0.0804909897773923,-0.207568864487007,3
ASH1L,-2.41098420827713,0.0159095372807975,0.0804909897773923,-0.163519617742268,3
SNAPC4,-2.41089496356247,0.0159134306542954,0.0804909897773923,0.0363905466627616,2
DOPEY2,2.4108273339059,0.0159163816112303,0.0804909897773923,0.29627245633235,2
ZNF536,2.40983286604431,0.0159598298810875,0.080656535844693,0.479061953741335,4
NMNAT2,2.40973638881014,0.0159640505124934,0.080656535844693,0.158075274206186,3
CACNA1C,2.40895706133069,0.0159981800867982,0.080791183402335,0.260151891903498,4
FGB,2.40831067108254,0.0160265365108064,0.0808965642008088,0.153825417453296,3
LCMT2,2.40759922057158,0.0160577981292466,0.0810107502199082,0.232769637581749,4
MITF,2.40745464828575,0.0160641572830072,0.0810107502199082,0.301076385587909,4
SMAD7,-2.40703303881177,0.016082714832559,0.0810664888573508,-0.119412286876613,2
C15orf39,-2.40634639626079,0.0161129784091225,0.0811811533467076,-0.255829074886968,2
SAP130,-2.40575975074437,0.0161388742861248,0.0812316695440146,-0.139733193918361,3
OPHN1,-2.40574496223453,0.0161395275572505,0.0812316695440146,-0.0648684386317215,2
CYBRD1,-2.40560831084231,0.0161455651278466,0.0812316695440146,-0.325073158181211,4
TBX5,-2.40500847975983,0.0161720905226134,0.0812799718835326,-0.300761098667296,2
NUDT13,-2.40489174054856,0.0161772573488401,0.0812799718835326,-0.11751725069303,4
BPESC1,2.40488085379236,0.0161777392658392,0.0812799718835326,0.471688424891281,4
STON1-GTF2A1L,-2.40420962942981,0.0162074763020426,0.0813915197650695,-0.515242079773346,2
ARMC8,2.40260267765099,0.0162788638139052,0.0817120292368978,0.20634616946346,4
UBA3,2.40178626998932,0.0163152377854134,0.0818565715550561,0.0572305887718673,3
HES1,-2.40143947332062,0.0163307104534924,0.0818961626363162,-0.451692428074791,2
APH1A,2.40105421132749,0.016347914404762,0.0819443950813176,0.213416608457809,4
MYH3,-2.40079277186008,0.0163595981038408,0.0819649251937332,0.0746156357476906,2
SCRT1,2.39995521973177,0.0163970776231194,0.0821146186763727,0.159385243697267,3
M6PR,2.39956205064608,0.0164146975009559,0.0821413450435495,0.238075352215402,3
SH3GL1,-2.39949680647178,0.0164176230280525,0.0821413450435495,-0.210134470101696,4
COLQ,2.3991497691432,0.0164331917656101,0.0821702996116152,0.144924339333607,3
ACP2,2.39899483214285,0.0164401467131684,0.0821702996116152,0.170161890391038,4
TEAD3,-2.39885933723917,0.0164462310461315,0.0821702996116152,-0.0813595649823851,3
OLFML2B,2.39695577899962,0.0165319187389224,0.0825602340350625,0.84455162587517,2
CA1,2.39643227990505,0.0165555524201882,0.0826400541787768,0.358542713460288,4
TDRD7,2.39580265911008,0.0165840163307066,0.082743900417687,0.295923374488901,4
TMCO1,2.39511509853617,0.0166151486677027,0.0828609584065211,0.188675361907213,4
CILP,2.39389331551861,0.0166705969260366,0.0830991176719185,0.270868442194035,3
IL21R,2.39323986375694,0.0167003192061572,0.0832017608764363,0.831177970949293,3
TWIST1,2.39310205979336,0.016706593162469,0.0832017608764363,0.732481422179527,3
DCBLD2,2.39196082820472,0.0167586308828531,0.0834224565882856,0.237373240526925,3
MICALL1,2.3905292445918,0.0168241092077542,0.0837098238886046,0.224423891885472,3
MTF1,2.38926741500761,0.0168820093559578,0.0839592380584972,0.300742056719414,4
DNAJC10,2.38875300981807,0.0169056634228826,0.0840381851329858,0.457945749363449,3
NR1D2,2.38742841737649,0.0169667065406324,0.0843028353504652,0.394664069843956,4
NT5DC2,2.38719419224063,0.0169775207807709,0.0843177836661549,0.509070156347781,3
TMEM185B,2.38674039327864,0.0169984900195604,0.0843516154696001,0.213185189022788,4
CDA,-2.38670880191225,0.0169999506459285,0.0843516154696001,-0.902514091774825,3
MANBA,-2.38614032770257,0.0170262528714296,0.0844433349482012,-0.0788661015343407,3
TPM3,2.38588193388386,0.0170382200639907,0.0844639068982229,0.233754927820805,3
DMTF1,-2.38534611616371,0.0170630593271754,0.0845283046330248,-0.254474557275501,4
DCN,2.38526416938535,0.0170668609891342,0.0845283046330248,0.153314576112355,2
C12orf49,2.38474580794999,0.0170909259542331,0.0846086994306259,0.390136987276827,3
DLEU1,-2.38413171241032,0.0171194739044869,0.0847112034430912,-0.200729096012854,3
TSSC1,2.38263197559403,0.0171893692804396,0.0849986559856292,0.317113939448721,4
PHLDA2,2.38254772078088,0.0171933034001666,0.0849986559856292,0.0372854101962638,2
CCDC9,-2.38223398485148,0.0172079596553843,0.0850002874389468,-0.135448930570521,3
ERGIC3,2.38206941893099,0.0172156517760102,0.0850002874389468,0.191907293502961,4
ANXA5,2.38203544353366,0.0172172402255523,0.0850002874389468,0.246185925962149,3
UBE2E1,-2.38168209239631,0.0172337680511816,0.0850430162123635,-0.121015337761107,3
SPATA7,-2.38148722600011,0.0172428887833849,0.0850491710676361,-0.121236853113033,2
ATG16L1,2.38046310584794,0.0172908924125592,0.0852443524522478,0.0749801937877818,2
ZNF672,-2.38030650760191,0.0172982429712393,0.0852443524522478,-0.162806953967705,2
TRIP10,-2.37941232880841,0.0173402673175931,0.0854124795096398,-0.14847377023182,3
NCAPD3,2.37905418427655,0.0173571243825288,0.0854565440200893,0.185840644167203,4
PON1,-2.3783961061814,0.0173881361175854,0.0855474458013816,-0.164729868347466,3
TIPRL,2.37832633992856,0.0173914266783775,0.0855474458013816,0.13674183956209,3
WT1,2.37750960663229,0.017429988952018,0.0856981068091479,0.640211167086394,3
A1CF,2.37659221403551,0.0174733932647389,0.0858724267723884,0.351101361881524,4
EZH2,2.3741985172676,0.0175870920138303,0.0863918908291928,0.307087838418385,3
PRKAR2A,2.37374406507692,0.0176087512409525,0.0864539554240248,0.1454460414519,3
AP3S1,2.37359766321808,0.017615733742666,0.0864539554240248,0.250261363497916,3
C19orf54,-2.37306372853409,0.0176412198354724,0.08653971692224,-0.223512142350175,3
FBXW2,2.37269456925735,0.017658859660672,0.0865784163122179,0.320475389710185,4
KRT38,2.3725632394612,0.0176651388217116,0.0865784163122179,0.262208770863919,4
DHX58,-2.37206132144272,0.017689154640142,0.0866471335534403,-0.089170547096547,3
KIAA0196,2.371935020001,0.0176952024272254,0.0866471335534403,0.177054021210206,4
SSNA1,2.37165655908456,0.0177085425833278,0.0866731658292285,0.375128932223089,3
CDK5,2.37075519128555,0.0177517846392712,0.0868018345693911,0.699464126809839,3
ADAMTS1,2.37055509238998,0.0177613966888559,0.0868018345693911,0.122060037739374,3
CD207,2.37053148959462,0.0177625307850766,0.0868018345693911,0.383371235700353,4
AARS,-2.37043902424303,0.0177669742855882,0.0868018345693911,-0.354396144125649,4
SLC5A3,-2.37021250648239,0.017777863903994,0.0868157711984372,-0.151927442828122,3
FADD,2.36923779412828,0.0178247889982969,0.0870055900404892,0.440138166380656,3
IMPA2,-2.36807370738819,0.0178809732230618,0.0872358027727698,-0.430587865462688,4
IRGC,2.36792618618884,0.0178881043456476,0.0872358027727698,0.329657417699039,4
BACH1,-2.36711569527136,0.0179273276553776,0.0873876323706626,0.0278469937391486,2
PUS1,2.36678847612204,0.0179431846024871,0.0874254759026006,0.513281917258137,3
DPM2,2.36618122358224,0.0179726444488551,0.0875295335151184,0.251444888098667,4
ESR2,-2.36599066661231,0.0179818977327955,0.0875351326316616,-0.166933318571441,3
BTN2A2,-2.36545161566299,0.0180080961903293,0.087623177949521,-0.0571731683453685,2
LAT,-2.3650184876151,0.0180291708986855,0.0876862242447548,0.226678040175903,2
VIPR1,-2.36263357821372,0.0181456008008099,0.088212772209878,-0.791022987534539,3
SULT1A2,2.36230052627166,0.0181619124877655,0.0882490882114593,0.448131803512341,4
SOCS6,2.36201756926806,0.0181757807915707,0.0882490882114593,0.384286634687773,3
PGAM1,2.36183055020528,0.0181849520689258,0.0882490882114593,0.0533082672834274,2
RGS4,2.36169135636772,0.0181917806624578,0.0882490882114593,0.824636324525706,3
SLC3A2,-2.36158789599015,0.0181968576927444,0.0882490882114593,-0.614973797976021,3
TUBA4A,-2.36148131221872,0.0182020892922729,0.0882490882114593,-0.313727005574299,4
DLGAP2,-2.361086460288,0.018221481837334,0.0883034754629349,-0.449189049197055,3
NFKBIL1,-2.36084622278375,0.018233289582197,0.088318487245505,-0.397047490332761,3
ACADM,2.36069080916754,0.0182409317760342,0.088318487245505,0.238237386954159,4
GALNT14,2.35979915116372,0.0182848317299727,0.0884913764996261,0.272808838475326,4
SGCG,2.3594458995713,0.0183022493087268,0.0885119603054971,0.424503978437995,3
G6PC3,2.3593805511605,0.0183054729978227,0.0885119603054971,0.191465693207441,4
LIMD1,-2.35755941148946,0.0183955114412565,0.0889075233057953,-0.147737520618399,3
STAMBPL1,-2.35722660208118,0.0184120076033389,0.0889474535470779,-0.257310938702788,4
HECA,-2.35685772835781,0.0184303064706296,0.0889838434272575,-0.128760258515925,3
ZNF248,-2.35674270571358,0.0184360156998891,0.0889838434272575,0.147490843436171,2
CCDC102B,2.35648527831576,0.0184487988976843,0.0890057729757863,0.414171131238272,4
LAMC2,2.35559171177596,0.0184932313853689,0.0891803059931941,0.156334268374772,4
BSG,2.35499315010341,0.0185230471438699,0.0892842281339057,0.27155701303118,4
MATK,2.35451128229085,0.0185470806638109,0.0893601986309033,0.200190053110049,2
SPOP,-2.35389200595354,0.0185780076031634,0.0894692992105978,-0.154670869442285,3
GABPA,2.35369699976497,0.0185877556375958,0.0894763531182309,0.232802036645974,4
MERTK,-2.35290915921429,0.01862718405441,0.0895948987259258,-0.152765033059153,3
CRELD1,2.35287349193331,0.0186289707960035,0.0895948987259258,0.153936963589653,4
SLCO1C1,2.35211906099725,0.0186667989306078,0.0897368767460727,0.550798736435519,4
GNG12,2.35158532910785,0.0186936015054889,0.0897898627793129,0.165696822176012,4
P2RY1,2.35156853110994,0.0186944456018029,0.0897898627793129,0.281887867180545,4
MSC,2.3511726646289,0.0187143474742077,0.0898396213815237,0.425145745648656,3
CCND2,2.35092912370763,0.0187266005070821,0.0898396213815237,0.519477659719057,4
HDAC11,-2.35079817110577,0.0187331918963848,0.0898396213815237,-0.00876430704560902,3
NISCH,-2.35070121864324,0.0187380732246411,0.0898396213815237,-0.167894889057189,4
SNRPA,-2.34856016873193,0.0188461540049052,0.0903177265133034,-0.393635468207251,4
RNF14,2.34809383726216,0.0188697667242361,0.0903907849912185,0.239692691919474,4
MEIS2,-2.34750224958778,0.018899759027265,0.0904569514644104,-0.250044124479191,3
GJC2,-2.34749104130778,0.018900327666652,0.0904569514644104,0.116015221309599,2
CD84,2.34706063335012,0.0189221752486472,0.0905214070132359,1.07439763238003,3
TBX1,2.34596150385359,0.0189780674888783,0.0907413557784063,0.259143997779018,4
PSMD14,2.34581037834686,0.0189857637057231,0.0907413557784063,0.400512942863137,2
LMAN1,2.34562442945514,0.0189952370827347,0.0907413557784063,0.202010355979099,4
IDE,2.34537023086704,0.0190081942047695,0.0907413557784063,0.234618926537139,4
LYRM1,-2.34533178753863,0.0190101544275628,0.0907413557784063,-0.155802912333088,3
P2RY6,2.34502773234908,0.01902566440994,0.0907734887485482,0.902745877909416,3
PHB2,-2.34487042586754,0.0190336930212425,0.0907734887485482,-0.267892323295738,4
CYB5R2,-2.34442946485666,0.01905621459,0.0908407899387379,-0.294679254022593,3
EBAG9,-2.34394861166633,0.0190808001572356,0.0909178664748383,-0.189923847622636,3
ICMT,2.34351855306758,0.0191028121318291,0.0909826175696727,0.422622061924422,2
LTB4R,-2.34319623201394,0.0191193242548891,0.0910211285153424,-0.218133063383953,3
TAF9B,-2.34255404473062,0.0191522599407713,0.0911303550649574,-0.40228448498753,3
PARD3,-2.34242000676986,0.0191591405621661,0.0911303550649574,-0.552413529753505,3
EZH1,-2.34216228228413,0.0191723765025569,0.0911531738471037,-0.418627946697418,3
IKBKAP,-2.34132591757907,0.0192153847041093,0.0913127683411902,-0.249543055670045,4
ITGB2,2.3411808922998,0.019222850880195,0.0913127683411902,1.1344876863409,2
UBP1,2.34028542186995,0.0192690075807311,0.091491788961344,0.24155132291243,3
ZMYM5,-2.33980119660987,0.0192940071240726,0.0915702394350754,-0.425372891146272,4
CBLB,2.33957664217701,0.0193056100195539,0.0915850678222318,0.206582272381664,3
ANKRD46,-2.33919766440795,0.019325205914331,0.0916011390228208,-0.0423618194915893,2
GTF2H1,-2.33918313046963,0.019325957770136,0.0916011390228208,-0.0272314980551451,2
PCDHGA8,2.33876005024771,0.0193478553569901,0.0916647077044767,0.314407911272512,3
FAM110B,-2.33797299024525,0.0193886493262691,0.0918177071557909,-0.127486994664222,3
ITCH,-2.33648199332376,0.0194661350056091,0.0921442551843073,-0.0921575979389619,2
TSC22D1,-2.33561931366683,0.0195110910797491,0.0923104900005734,-0.173172147050637,3
PCYOX1L,2.33535947146176,0.0195246497722104,0.0923104900005734,0.552605050826803,3
LMAN2L,-2.33531654748023,0.0195268903583883,0.0923104900005734,-0.0744932765834826,3
DCTN2,2.33477897476872,0.0195549701092223,0.0924027940156689,0.19829671429888,4
TRPC1,-2.33401129014874,0.0195951307502511,0.0925520779904732,-0.0517599134513133,3
TSC22D2,-2.3335199584853,0.019620872059953,0.0926331555907394,-0.224829780511239,3
GSPT2,2.33151779025209,0.0197260731043875,0.0930728014910513,0.186879295675219,3
HMOX2,2.33131414125629,0.0197368010959063,0.0930728014910513,0.374087723856225,3
FAU,-2.33109644101682,0.0197482749245256,0.0930728014910513,-0.229240860189389,3
TWSG1,2.33109293722047,0.0197484596387233,0.0930728014910513,0.276166942910204,3
NANS,-2.32991852902441,0.019810457510156,0.093261401896054,-0.25883020758601,3
LAD1,2.32987590137961,0.019812711047451,0.093261401896054,0.271037043776077,4
C16orf72,-2.32984436137852,0.019814378573546,0.093261401896054,-0.275899701331945,3
CCR1,2.32959577962001,0.0198275254297067,0.0932826348831409,0.866836989852436,3
DPH2,2.32928576518913,0.01984393197497,0.0932831502039782,0.23173999502463,3
HNRNPC,-2.32911279002468,0.0198530912958991,0.0932831502039782,-0.169327108458434,3
KIF16B,-2.32910427735038,0.0198535421513559,0.0932831502039782,0.0158493360178455,3
DDN,2.32715021093813,0.019957271899143,0.0937297613280618,0.173990284968482,4
HS3ST1,2.32681716824775,0.0199749982592457,0.0937495972631066,0.41068285210126,4
MSLN,-2.32674477470967,0.0199788532586254,0.0937495972631066,-0.617168948921984,4
NDRG1,-2.32638077742146,0.0199982461759655,0.0937618738847605,-0.629971214086356,3
RBM5,-2.32636983140233,0.019998829608451,0.0937618738847605,-0.113281089876923,3
ALLC,2.32570932454592,0.0200340627151891,0.093882446455675,0.489662905243227,4
MYO9A,-2.32556198784904,0.0200419294136999,0.093882446455675,-0.142013191759677,2
ARHGEF2,-2.32511525107089,0.020065798362346,0.0939535127481846,-0.253769699981252,3
C5,-2.322973486408,0.0201805768127099,0.094449995983922,-0.217727059638534,4
HOXC10,-2.322143804771,0.020225193658661,0.0946178180601368,-0.0629580459862144,2
ASTN1,2.32186742577742,0.0202400752759398,0.0946464472427282,0.481885627571128,4
DLL3,2.3205998401244,0.0203084508366546,0.0949250912754407,0.600846071254889,3
GPR50,2.31986908174875,0.0203479605928493,0.0950686290328536,0.459775590507358,4
ROBO4,2.31798421860347,0.0204501787562613,0.0954800538027033,0.267917477562602,3
ZCCHC2,-2.31785579531325,0.0204571595584284,0.0954800538027033,-0.18120854216513,2
SLC9A1,2.31775689473203,0.0204625369888223,0.0954800538027033,0.267606569409409,4
CLNS1A,-2.31747480359031,0.0204778816447595,0.0955103961686926,-0.207571429834091,3
LTF,2.31702626038283,0.0205023013081542,0.0955830206002078,0.605806623180534,3
CBY1,-2.31651611029563,0.0205301058477772,0.0956411587430431,-0.154408270752142,4
MAP3K10,-2.31647258104051,0.0205324798301349,0.0956411587430431,-0.120930253529524,3
MAT2B,-2.31602181253174,0.0205570777546334,0.0957144628903232,-0.119914990710626,3
GPX7,2.31585037615543,0.0205664395854396,0.0957167946583018,0.628698924222069,3
RXRB,-2.31552133835405,0.0205844181612145,0.0957274246216986,-0.12091395410244,4
FOSL1,-2.31548421128225,0.0205864476389748,0.0957274246216986,-0.564028777818754,2
NCAM1,2.31466698483625,0.0206311639117897,0.0958940759789811,0.862575134458118,3
POLR2B,2.31426387337028,0.0206532521813792,0.0959554537906484,0.216875346151074,4
PLEKHH3,-2.31409065875452,0.0206627497119278,0.0959583071316612,-0.063706833853719,3
DNPEP,-2.3135740605689,0.0206910979242271,0.0960486634196393,-0.169453493989909,4
C14orf105,2.31264705171763,0.0207420523537484,0.0962438357066966,0.624090478772709,3
CST2,2.31221996079778,0.0207655648312457,0.0962645138005066,0.653087748669941,4
C11orf58,-2.31213105927475,0.0207704620141804,0.0962645138005066,-0.116875333141017,4
SOX21,2.31208056437389,0.0207732439982393,0.0962645138005066,0.284491282619205,4
DBH,2.31181594851736,0.0207878281503321,0.0962907888850287,-0.0487582686246457,2
UGCG,-2.31138720891928,0.0208114768348015,0.0963424567630107,-0.271939589427128,3
CTNND2,2.3112903911935,0.0208168204114856,0.0963424567630107,0.628015019784241,3
SLC8A1,2.31013357416983,0.0208807601800042,0.0965969899205161,0.415065209946327,4
CCDC121,-2.3098679372887,0.0208954666448421,0.0966236432780754,0.0376123491310447,2
GSR,2.30957439690136,0.0209117284312582,0.0966260842357291,0.293127615601697,4
CXCR3,2.30953548515054,0.0209138849234526,0.0966260842357291,0.589606703539937,3
IL1RN,2.30831015346335,0.0209818921163124,0.0968988450792674,0.81425298797745,4
MEIS1,-2.30767609667941,0.0210171585315778,0.0970202335291042,-0.0677573073160981,2
LIMA1,-2.30698070671273,0.021055895691699,0.0971575332173143,-0.0737000650875755,3
ATXN3,-2.306252693273,0.0210965168045182,0.0973034050052972,-0.25428385355317,3
CEP55,2.30600475933603,0.0211103664015182,0.097325726790098,0.730786362126775,3
PSD3,2.3056434703106,0.0211305621984298,0.0973399283141086,0.632015271628391,3
TNFSF13,-2.30562724908559,0.0211314693479527,0.0973399283141086,-0.383759587009136,4
EXTL1,-2.30539952787132,0.0211442079230716,0.097357090360196,0.275381354545786,2
SIX2,2.30500993105189,0.0211660172269102,0.0973808172505161,0.303395304046273,3
SAA2,-2.30498539978256,0.0211673911224044,0.0973808172505161,-0.743177810450431,2
TSEN34,-2.30383858219834,0.021231706428101,0.097592690619377,-0.207906722149517,4
COL9A1,2.30381959067651,0.0212327729332405,0.097592690619377,1.28451040158506,3
NQO1,2.30368113662128,0.0212405494951079,0.097592690619377,0.289028098813571,3
SDC1,2.30279224436917,0.0212905351063972,0.0977807653993635,0.727738564881418,3
ALB,-2.30256270141486,0.0213034597657126,0.0977985433018391,0.0970880985249714,2
CACNA1I,2.30097248435273,0.0213931864202871,0.0981546666998513,0.31108890905481,3
DKKL1,-2.30086598032526,0.0213992075613914,0.0981546666998513,-0.0573698648326341,3
FGF5,2.2998227539216,0.0214582638031143,0.0983837714776064,0.341521324002233,4
ZFR,-2.29954031011743,0.0214742771202137,0.0984154185203856,-0.0354873511536519,3
KCNH2,2.29896017492921,0.0215072008618603,0.0985245053900827,0.678737338422501,3
ABHD6,2.29852481919732,0.0215319369594743,0.0985960080696232,0.220490661468328,3
HIVEP1,2.29821559833811,0.0215495213504551,0.0986347159439051,0.0276828969464168,2
WRN,-2.29762455192716,0.021583167038873,0.0987468743557415,-0.263222386509866,4
CSNK2A1,2.29666383158351,0.0216379542314221,0.0989556230346409,0.0648354866026911,3
VASH1,2.29629168882979,0.0216592089973179,0.0990109079936641,0.216833093948025,3
SNTA1,-2.29599822618527,0.0216759827979846,0.0990456709745473,-0.113540467894907,3
ALKBH1,-2.29568445842263,0.0216939297093828,0.0990857626726229,-0.215586188012111,4
TCEA2,-2.2954500459029,0.0217073460930337,0.0991051363047124,-0.0620407656168744,3
PMAIP1,2.29471555995787,0.0217494304905689,0.099242033242863,0.935793553094286,4
ATP5G1,2.29460614384033,0.0217557058617941,0.099242033242863,0.468841801278835,3
CLEC1B,-2.29411960442377,0.0217836295706944,0.0993262841413435,-0.174262968225825,4
GALT,-2.29396401905538,0.0217925655818352,0.0993262841413435,0.0303401706974448,2
PRPSAP2,-2.29362981560939,0.0218117712690728,0.0993718908682091,-0.183075503681022,3
CDK10,-2.29291540557325,0.0218528757106196,0.099517185255528,-0.0420575989589073,2
POLR3B,2.29152626976793,0.0219329943008629,0.0998399513012729,0.283551896138806,3
TPM4,2.29131005240403,0.0219454876230583,0.0998547419141852,0.358854736255478,3
FGFBP1,2.29059746486277,0.0219867057009818,0.100000166308213,0.198397181973975,3
MICB,2.28945371353164,0.0220530043194586,0.100259491859761,0.485625145082733,3
LONRF3,-2.28872612255839,0.0220952702549803,0.100409385483507,-0.596056295975575,2
CD38,2.28809534704863,0.0221319691593986,0.100467409604391,0.252108150431931,3
GDF15,-2.28807720966486,0.0221330251871333,0.100467409604391,-0.229371800134638,2
PHF11,-2.28802713390969,0.022135941016335,0.100467409604391,-0.121378687276042,3
C5orf30,2.28667110475143,0.0222150274970366,0.100784009669462,0.604077865651197,3
FOXP3,-2.28616692619822,0.0222444948571084,0.100875328902806,-0.315009880673059,4
PLA2G5,2.28558980396297,0.0222782672214923,0.100986085827344,0.6223403236133,3
NOTCH4,-2.28534245602862,0.0222927553114397,0.101009372010978,-0.212320090788537,3
S100A12,2.28481317080737,0.0223237850436099,0.101046967861768,0.323731068878412,4
SSH1,-2.28472816340741,0.0223287721629627,0.101046967861768,-0.287877699576008,3
IL7R,2.28472230120033,0.0223291161160933,0.101046967861768,0.351737557633673,3
PPP2R5C,2.28376661927546,0.0223852504464075,0.101258574255483,0.0321863733945459,3
TARBP1,2.28359794273632,0.0223951708061338,0.101261044390062,0.509644816280568,3
MYH9,2.28342248811393,0.0224054938601531,0.101265332500993,0.276827163224339,3
MAGEA4,2.28260325580943,0.0224537490105514,0.10144098570137,0.183959440207399,3
RAD21,-2.28169650164455,0.022507264767256,0.101635622234818,-0.139519676192996,3
PFN1,2.28155460618652,0.0225156493249323,0.101635622234818,0.387990067180886,4
MPL,-2.28124349519198,0.0225340422777867,0.101664448949781,-0.154945080835367,3
PRKG1,-2.28112825430951,0.0225408586590191,0.101664448949781,-0.115313231964336,3
THOC1,-2.28040523874008,0.0225836652043533,0.101815004815285,-0.137339225198857,4
PFKFB1,2.28006278103216,0.022603965252697,0.101840594234327,0.465987224644241,3
TROVE2,-2.27996716389495,0.0226096360321343,0.101840594234327,-0.0838052026771637,3
ZNF426,-2.27976055693898,0.0226218935232372,0.101840594234327,-0.365694961776868,4
ZNF428,2.27967362066561,0.0226270529681897,0.101840594234327,0.449366600380186,3
LMO1,2.27945980012484,0.0226397470201028,0.10185488727107,0.655557969431737,3
ASB4,2.27930254034435,0.0226490871343371,0.10185488727107,0.448736653593482,4
DIRAS3,-2.27804082791495,0.0227241451796422,0.102149902717642,-0.432335925746461,3
DDX24,-2.27704496369863,0.0227835407065265,0.102374295637229,-0.24070899290236,2
CD200,2.2766167062524,0.0228091243668327,0.102446636761134,0.50032404683029,3
BASP1,2.27534763313296,0.0228850841168735,0.10273864035621,1.00883328256449,2
OSBPL11,2.2752129339906,0.0228931593535824,0.10273864035621,0.231545058188906,4
CYP3A5,-2.27468405644956,0.0229248895971467,0.102809799201855,-0.546602199503135,3
HADH,-2.27442420056941,0.0229404937578048,0.102809799201855,0.00439261404815483,2
NXPH3,-2.27435857013801,0.0229444362775294,0.102809799201855,-0.216426283055431,2
NUP107,-2.27431446170472,0.0229470862688087,0.102809799201855,-0.195209953177902,3
CEMP1,2.27410059311058,0.0229599390535181,0.102824735346643,0.177735853422965,3
PRKAG2,-2.27363917664749,0.0229876899344094,0.102906351708036,-0.633923241505273,2
MMP9,2.27253695305471,0.0230540986993169,0.103096983000491,1.15736908414437,3
S100A5,2.27252352122421,0.0230549089910831,0.103096983000491,0.0230147190879753,3
EMP1,2.27245725789997,0.0230589067699672,0.103096983000491,0.225181416246114,4
MTMR4,-2.27217674040671,0.0230758375365775,0.103129994650438,-0.128318290382962,3
BTBD7,2.27194961414147,0.0230895537584809,0.103148618568697,0.208728809890527,3
DMP1,2.2717064492563,0.0231042464046472,0.103171587293509,0.703829764323944,3
FZD6,2.27147832181171,0.0231180378309086,0.103190514317965,0.159064074063345,4
KRT37,2.27089923054457,0.0231530788577685,0.103269797491275,0.254820045800406,4
EFNA3,-2.27086881907426,0.0231549203410358,0.103269797491275,-0.652042241021647,3
VCPIP1,-2.27066072204161,0.0231675244996384,0.103283367579486,-0.0425252627127501,2
NFIC,-2.27028515157601,0.0231902873788643,0.103342196479576,-0.354953286436975,4
ISOC1,-2.27009122176248,0.0232020488350495,0.10335197175926,0.0247138507782382,3
HOPX,2.26908930815735,0.0232628954319044,0.103570270055412,0.549088645388522,4
GRK6,-2.2689686573222,0.0232702319407967,0.103570270055412,-0.30045543751236,3
CUL2,2.26877844529142,0.0232818023910859,0.103579089550457,0.149555815165548,3
PRB1,-2.26753045873795,0.023357840403731,0.103874595323632,0.0728873933392444,2
ST3GAL2,2.2668190393159,0.0234012825561504,0.104024960564418,0.411106089828906,3
DRG1,-2.26658145171122,0.0234158062310968,0.104046704610575,-0.0527738601698397,2
ZBED5,-2.26577210095603,0.0234653403924005,0.104223933765917,-0.149962242773732,2
ELF5,2.26475942044977,0.0235274468767568,0.1044568356608,0.538456693094531,4
PYGB,2.2644113511127,0.0235488264701613,0.104508801779245,0.106904067356021,3
SERBP1,-2.26362530585923,0.023597170059423,0.104680341265662,-0.0628899858270138,3
PREPL,-2.26319339234897,0.0236237703755205,0.104719240615703,-0.0856428079183879,3
SH3GLB1,2.26316811955863,0.023625327659736,0.104719240615703,0.0990270458572123,3
FKBP6,-2.26229869425905,0.0236789550505349,0.104913893542198,0.0192836501239825,2
PCDH11Y,2.26139932611332,0.0237345404612771,0.105088501476762,0.957302132466683,3
TIMM8A,2.26134630260972,0.0237378211075079,0.105088501476762,0.182263364776487,4
APOE,2.26109442800412,0.0237534103525298,0.105114436144214,1.08897030952077,3
COMMD9,2.26038535618394,0.0237973445552895,0.105265731321145,0.453679430400577,3
NGDN,-2.25924625919725,0.0238680707661413,0.105528744155414,-0.164301597718409,3
ACACB,-2.25911322965774,0.0238763424102788,0.105528744155414,-0.164976174437376,3
SLC2A10,2.25844836223055,0.0239177204808444,0.105668391261383,0.440091226042158,3
GUCA2A,-2.25772596247563,0.0239627495644316,0.105787213891356,-0.237177232909054,4
MYO18A,-2.2577026771728,0.023964202221084,0.105787213891356,-0.170366925545776,4
OGFOD1,2.25744532115989,0.0239802624966732,0.105814867438343,0.0366427430346681,3
TARDBP,-2.25691693006609,0.0240132659464783,0.105897749261675,-0.0246658710215367,2
EPB41L3,2.25683074812155,0.0240186526283192,0.105897749261675,0.245336593586054,2
DCLK1,2.2562465674545,0.0240551936548859,0.106015586234222,0.57455836235282,2
PUM1,-2.2545992045683,0.0241584974330004,0.106427442606554,-0.240351411152933,3
TFEC,2.25426614682136,0.0241794296867453,0.106476232970331,0.808420174441425,3
ARPC5,2.25387632510329,0.0242039494536883,0.106504629515974,0.506091718191645,2
HDGF,2.25385013444569,0.0242055976172668,0.106504629515974,0.184305685718265,4
GIF,2.25346153686366,0.0242300632815043,0.10656886953046,0.54404446785496,4
CXCL3,2.25187081181353,0.0243304371428386,0.106935331667613,0.43822471916682,4
MAN1B1,-2.25182737183506,0.0243331832289385,0.106935331667613,-0.118657288329408,3
CARS2,-2.25151277906886,0.0243530784309261,0.106979240834024,-0.0916638021917825,3
WBP4,-2.25065769208942,0.0244072263528515,0.107173519944513,-0.15529189430554,4
ADRM1,2.25006218950246,0.0244449978399642,0.107248429556746,0.162804973562105,3
RS1,2.24986677074536,0.0244574038781091,0.107248429556746,0.534695055499574,3
CRIP2,2.2498471971647,0.0244586467952563,0.107248429556746,0.353540523217648,3
DUSP1,-2.24976290068422,0.0244640002247566,0.107248429556746,-0.249822413085326,2
TESC,2.24907261804143,0.0245078763242362,0.107397192719838,0.310965148519248,2
PHF2,-2.24870009112014,0.0245315833881712,0.107446380425742,0.0426913388296871,3
EYA4,2.24858369595415,0.0245389946778658,0.107446380425742,0.460614899683093,3
GRIP2,2.24748766227652,0.0246088781965874,0.107698956821967,0.41926025887658,3
MYBPH,-2.24736641498393,0.0246166195513271,0.107698956821967,-0.280171978256868,3
CTSG,2.24692724848576,0.0246446769635183,0.107742234806763,0.245899227780762,3
MAP2K4,2.24659007911616,0.0246662367922962,0.107742234806763,0.183843693389897,3
DVL2,-2.24642247637558,0.0246769599959997,0.107742234806763,-0.20928338209058,4
SORBS2,2.24639994571539,0.0246784018128785,0.107742234806763,0.271697927118146,4
TMED3,2.24636870769979,0.0246804009650525,0.107742234806763,0.366972706479567,3
SLC19A2,-2.24615316490575,0.0246941989702153,0.107742234806763,-0.480174706223049,3
CDC42EP2,-2.2461198605748,0.0246963315480045,0.107742234806763,0.104498440209776,2
SOCS1,-2.24573139764275,0.024721217798432,0.107807264698693,-0.515366699365083,4
BUD31,-2.2454939682403,0.0247364390232339,0.1078301107058,-0.40537527166966,4
IRF5,2.24409920126229,0.0248260193528862,0.108176950806727,0.248486327713516,3
ZNF571,-2.24237770846334,0.0249369712626783,0.108616598217521,-0.29212872931925,3
CEACAM6,2.24215762374592,0.0249511868500339,0.108634711952465,0.391739350199349,4
ANKRD27,2.24146683725115,0.0249958513269109,0.108785328780536,0.23880331854682,4
CREB3L1,2.24087447104292,0.0250342073201986,0.10890837997293,0.340886415985597,4
DNAH17,2.24047217935861,0.0250602849436532,0.108977937987658,0.232917437488044,3
SSRP1,-2.23935494494215,0.0251328304553844,0.1092489209678,-0.233401875981601,4
WDR25,-2.23920121206714,0.0251428270251761,0.1092489209678,-0.177332877580264,3
MRS2,2.23867129672008,0.0251773114645601,0.109292063733966,0.196242975858165,3
NR4A1,-2.23865859809824,0.0251781383341766,0.109292063733966,-0.36720312482539,2
PEBP1,-2.23858226430346,0.0251831092977079,0.109292063733966,-0.132703644230473,3
TMEM165,2.23820681944017,0.0252075711592607,0.109354290627443,0.216974675564977,4
STRA13,-2.23742791944985,0.0252583854746896,0.109530742632516,-0.344294369597253,3
HLA-G,-2.23696654702131,0.0252885265400771,0.109617441286482,-0.366383601129486,4
MRPL39,-2.23657942213576,0.0253138410899125,0.109683157422076,-0.276481347872479,3
SFI1,-2.23575959222798,0.0253675231364213,0.109871686014283,-0.273391143140035,3
CLPX,-2.23478746383748,0.025431305251102,0.110027932291624,-0.274158311196377,3
KLF7,2.23475075045468,0.0254337167620706,0.110027932291624,0.340981299305868,4
ARFGAP3,-2.23474407243167,0.0254341554279008,0.110027932291624,-0.231356586959259,4
SH3TC1,-2.23441174080779,0.0254559938913357,0.110078321062533,-0.5412528407431,4
DEGS1,2.23366526996239,0.0255051057869862,0.110208158176981,0.406159646758389,3
TTC13,2.23364524630072,0.0255064243142429,0.110208158176981,0.245717767197546,4
GMEB2,-2.23304558998751,0.0255459380956925,0.110310992319366,-0.311062629482418,4
DOLK,2.23297416225733,0.0255506482857855,0.110310992319366,0.408488845754501,3
TBC1D9,2.23273187841494,0.0255666309123596,0.110335895771198,0.798867654857056,2
PHLDA1,2.23183854624497,0.025625635702402,0.110536254058725,0.278735798993268,4
KCNQ3,2.23158642428562,0.0256423097134995,0.110536254058725,0.446768185668516,3
ZNF443,2.23156456166911,0.0256437560332499,0.110536254058725,0.263330796153355,4
SLC9A8,-2.2312391166714,0.0256652941675096,0.110584965136593,-0.143389399582914,3
GALNT6,2.22994440748233,0.0257511337732188,0.1108994753842,0.533111691655746,4
PGF,-2.22982864506832,0.0257588209349156,0.1108994753842,-0.661742521742166,2
CSK,2.2295872008189,0.0257748603404668,0.110924319281961,0.203184718667125,3
CYP11A1,-2.22837136591225,0.0258557609092471,0.111202826124105,-0.252574078762683,4
PDS5B,-2.22830527668757,0.0258601647124377,0.111202826124105,-0.190481465782162,4
A4GNT,2.22792575860544,0.0258854661580801,0.111267332049177,0.481174294901001,4
CALM3,2.22762978900058,0.0259052125052308,0.111307917852626,0.346113760244602,2
RGS12,-2.22664233871498,0.0259711869480218,0.11154702243043,-0.363944436332154,4
CHUK,2.22626091538269,0.0259967098231585,0.111612265305945,0.229673678886398,3
REXO4,-2.22574853682682,0.0260310296726465,0.111698234080836,-0.315361045618501,4
RPS25,-2.22565327617227,0.0260374146839054,0.111698234080836,-0.307719045422342,3
MS4A12,2.22451158553384,0.0261140438995156,0.111982493927181,0.36632652452254,3
UMPS,-2.22420333506774,0.0261347667765656,0.112020633035542,0.0871138011325868,2
RTP4,2.22407083814414,0.026143678567173,0.112020633035542,0.605315511477824,4
CA11,-2.22242310442256,0.0262547253596614,0.112433385037161,-0.206594721283894,2
SCGB2A1,2.2223327730542,0.0262608248887943,0.112433385037161,0.31964410954908,4
BUB3,2.22208936957641,0.0262772665446087,0.112459204918725,0.172749243791058,4
NGLY1,-2.22116571001658,0.026339739758458,0.112681928265688,-0.342431746833973,4
UQCRC1,2.22096488261407,0.0263533400193244,0.112694590142396,-0.163637010658235,2
DERL2,-2.22081395482368,0.0263635650147967,0.112694590142396,-0.124303131313736,4
FAT2,2.21936926892226,0.0264616125892144,0.113068963286667,0.345534065147026,3
TEP1,2.21909704635198,0.0264801229526377,0.113103316779119,0.0647449927561163,2
MALT1,-2.21879011473727,0.0265010068484224,0.113147777065873,-0.292177492339091,3
FCGRT,-2.21829053583158,0.0265350290621305,0.113248274962123,-0.00549321887390502,3
CCNJ,2.21802697533668,0.0265529932003602,0.113280186631236,0.300658153482603,2
METTL3,-2.21760706866533,0.0265816355099265,0.113357610255912,-0.601055894161908,3
GPR27,-2.2171996509616,0.0266094514378259,0.113431450051853,-0.260801304509699,3
OSMR,2.21648604140125,0.0266582328141151,0.113594568385827,0.303727179438336,3
KIF23,2.21598426715,0.0266925796492533,0.113696074673199,0.907423580805387,3
FCHSD2,-2.21516433652984,0.0267487867861836,0.113872865814143,-0.0191582617071102,2
ZNF83,-2.21507133188791,0.0267551688054338,0.113872865814143,-0.13786849096832,3
ATP10D,-2.21407575575892,0.0268235680932003,0.114091587538597,-0.353226408688235,3
RAG1,2.21401593096856,0.0268276830538822,0.114091587538597,0.655991692423835,3
WIPF1,2.21379866348894,0.0268426320644379,0.114110236741463,0.486006511300457,3
MINK1,-2.21346841457461,0.0268653684970432,0.114161963219929,-0.15627632515179,3
MGLL,-2.21327968696275,0.026878369169418,0.114172294049569,-0.225798814705397,2
GMPR2,-2.21238940058675,0.02693977062852,0.114388129846412,-0.208867345118257,3
LCP1,2.21184383770613,0.0269774569347103,0.114503139414043,0.593065417627717,4
HLA-DRA,2.21134455532914,0.0270119861596162,0.114604663981215,1.39217049374023,2
SMNDC1,-2.21099363969819,0.0270362775044038,0.114662689282517,-0.154248412986979,3
EGLN1,-2.20951541468219,0.0271388114373689,0.115011758895097,-0.211411207618033,2
CPS1,2.20950004845487,0.0271398790431032,0.115011758895097,0.27654386363932,4
NPM1,-2.20895024556272,0.0271781017842793,0.115115892182477,-0.244506302868452,3
AGPAT3,2.20884008690111,0.0271857656876041,0.115115892182477,0.174674077904261,4
ELN,2.20822147200188,0.0272288383086482,0.115217681614794,0.803472473891692,2
CA8,-2.20816454156626,0.0272328051913203,0.115217681614794,-0.227998558438068,3
NPBWR2,2.20799064551541,0.0272449252646931,0.115217681614794,0.101706220316623,3
RAB40AL,2.20788243494243,0.0272524695913532,0.115217681614794,0.146662717864337,3
ACO1,-2.20638183107678,0.027357276088694,0.115615530637744,-0.221232615844696,4
HCLS1,2.20584209415042,0.0273950578146697,0.115691189716419,0.432669260452703,3
HSD17B6,2.20582008975058,0.0273965990830031,0.115691189716419,0.350857036482167,4
S100A11,2.20505511909151,0.0274502269428872,0.115872353043012,0.493570570805305,4
TIMM9,-2.20484629190765,0.0274648823871136,0.115888929510001,-0.0967206210972452,3
TRAF2,-2.20441270243565,0.0274953331557702,0.115972115872171,-0.195328029724677,4
YARS,-2.20390110681389,0.0275312997068929,0.116078493143582,-0.334488986203541,3
ERAP1,-2.20195610450774,0.0276684092890123,0.116611064042103,-0.127557952903235,3
HSD17B11,-2.20055349769826,0.027767648717893,0.116983674512746,-0.270244234508541,4
ARMC9,-2.19905984590001,0.027873667214942,0.117384543179651,-0.09584351151591,3
PDE4B,2.19874210038746,0.027896265560677,0.117433928521603,0.438060080816492,4
ARG1,-2.19829990202625,0.0279277413905171,0.117520632060914,-0.100574571060288,3
SNRPA1,-2.1980837041619,0.0279431415687093,0.117539647673364,-0.416850551518782,3
CLP1,2.19766960114858,0.0279726593415733,0.117585942432614,0.499802129125221,3
ASB9,2.19762390117283,0.027975918538402,0.117585942432614,0.622261164089632,3
PRDM14,2.19737736951046,0.0279935061465023,0.117614100892461,0.359924361776166,4
BAZ2A,-2.19644410084276,0.0280601720424848,0.117848358632551,-0.178941771673879,3
ARHGAP26,-2.1959156594283,0.0280979806808826,0.117961285392497,-0.28820568654755,3
UBE2Z,2.19539519968581,0.0281352611602736,0.118071907946106,0.160786700402507,3
AVIL,2.19496245145527,0.0281662913236703,0.118156224807102,0.33985718719718,2
RAB8B,-2.19377346589089,0.0282516992797267,0.118468499852332,0.0774967697440107,3
SLURP1,2.19330581517067,0.0282853529559097,0.118525381724015,0.234853848299688,3
NUDT11,2.19328003440529,0.0282872092283383,0.118525381724015,0.180961184913488,3
EIF3M,-2.19279134555767,0.028322415769719,0.118623633856218,-0.439736349344521,3
ZFPL1,-2.19264978417147,0.0283326213061509,0.118623633856218,-0.245959493948323,4
PGD,2.19242477210463,0.0283488495444315,0.118645591932952,0.113231960806138,3
TBC1D15,-2.19227036265494,0.0283599904393094,0.118646249700008,-0.329902548299772,3
CD86,2.19209288146586,0.0283728006574743,0.11865388799924,0.451524775567766,3
MRPS31,-2.19126765185251,0.0284324294901296,0.118857238139466,-0.216514702908318,4
SP110,-2.19082488014905,0.028464467439041,0.118945136277184,-0.125034656215106,3
CDKL2,-2.1905596063592,0.0284836769374985,0.118979380618275,-0.0496471654122014,3
ZSWIM1,-2.19037843674762,0.0284968025445424,0.118988195240103,-0.0446781334711229,2
WWC1,2.19012935028765,0.0285148571835977,0.119017576235403,0.23790343707018,2
FOXK2,2.18912485949862,0.0285877661328504,0.119237643375641,0.265648169586508,3
ASNS,-2.18909881046183,0.028589658983791,0.119237643375641,-0.529763621045652,3
GLT8D2,2.18891963609401,0.0286026815982018,0.119245915331446,0.49526007077444,3
CCDC6,2.18826408646544,0.0286503713037947,0.119398653867126,0.161802720864579,4
SF3A1,-2.18764167430289,0.028695713692099,0.119541496067125,-0.27953431025009,3
DOT1L,-2.18662639272774,0.0287698090168496,0.119803961835007,-0.348167835448932,3
SLC25A23,2.18636212078899,0.0287891226018616,0.119838189728443,0.228479072885278,3
RAE1,-2.18603390280982,0.0288131250480396,0.119891901682944,-0.154277638143526,3
APEX2,2.18570296195912,0.0288373440595258,0.119946473057758,0.116981333761022,3
GPRC5D,2.18486625343584,0.028898654498349,0.120155221667116,0.0502320092916801,3
PRR13,-2.18415492848513,0.0289508655831377,0.120309410958852,-0.277761971767147,3
PCYT1B,2.18405762266931,0.0289580141171094,0.120309410958852,0.0813869036363475,3
KPNA3,2.1838797544382,0.0289710850648481,0.120317439781042,0.291529382442382,3
ANKRD11,-2.18361067635212,0.028990868375703,0.120343974894244,-0.109772565272421,2
ASPHD1,2.18348984191167,0.0289997562164151,0.120343974894244,0.547980959780112,3
IDS,2.18206825991616,0.0291044953046313,0.120705592333736,0.0201807764332474,2
C2CD2,2.18200389417391,0.0291092453276599,0.120705592333736,0.0668479979046821,2
DSC1,2.18164330542428,0.0291358681723099,0.120769627013543,0.186795307426618,2
PLS3,2.18142494167018,0.0291520005027089,0.120785578356929,-0.0217053698269841,2
GHRHR,2.18128856029826,0.0291620800180403,0.120785578356929,0.465461882519635,4
MAN2C1,-2.17980979231287,0.0292715637763275,0.121175725966223,-0.204789727251892,3
GAD2,2.17971341157254,0.0292787117915055,0.121175725966223,0.450085423918225,4
RNF25,-2.17914599451353,0.0293208243656587,0.121303540711545,-0.190274001361693,4
TM9SF2,2.17898251433589,0.0293329672079502,0.121307316914348,0.196495357150382,3
TGFB3,2.178507244501,0.0293682934742129,0.121402142930653,0.422373511831912,3
DBN1,2.17837170702986,0.0293783745251553,0.121402142930653,0.415219560893612,3
MTMR2,-2.17753772700734,0.0294404701063053,0.121611178285775,-0.254910988972449,4
GJA3,2.17739007098796,0.0294514758744295,0.121611178285775,0.438173166061852,3
CD81,2.17714799187033,0.0294695272708169,0.121639218028034,0.276378304573935,4
ERLIN2,2.1769437953388,0.0294847612310625,0.121655611465981,0.0226065244236627,3
LRRC6,-2.17665853931777,0.0295060539268989,0.121696981488492,-0.240982470955705,3
TRAT1,2.17645278441054,0.029521420538364,0.121713887273057,0.189975734198543,3
RAB40B,-2.17587441906786,0.0295646520834207,0.12184562068108,0.150365581524196,2
GABRB3,2.17492427327385,0.0296357916070521,0.122023356506152,0.321016660609571,4
SH2D4A,-2.17487172081905,0.0296397306185734,0.122023356506152,-0.0600857859361003,2
HIGD2A,2.17484588805845,0.0296416670498188,0.122023356506152,0.616903758522719,4
CTF1,-2.17427814597832,0.0296842526403585,0.122152113150915,-0.123083170334312,3
C6orf120,2.17404241473343,0.0297019499840952,0.12217839441287,0.235132759442216,3
C16orf70,2.1730883484767,0.0297736684798808,0.12242678603718,0.162701347355356,3
WDR60,-2.1725854807657,0.0298115296364278,0.122535823109853,-0.316450800664075,3
CEL,-2.17213264788025,0.029845659060153,0.122629444339206,-0.035459468133371,4
SFRP4,2.17176830334211,0.0298731436145053,0.12269570240452,1.2305762600472,3
DDX50,-2.17149955896695,0.0298934304533429,0.122732358706579,-0.185028567212764,3
FBXO24,-2.17085099053852,0.0299424380437218,0.122886860086734,-0.326244372512656,4
CAPN5,-2.17025454157611,0.0299875682923673,0.123025337141721,-0.0711155725398847,3
MAEA,2.16969348891936,0.0300300736379305,0.123112938850303,0.258164167244249,3
PGRMC2,-2.16966942204581,0.0300318981018332,0.123112938850303,-0.153153590925047,4
SH3BP5,-2.16952151142238,0.0300431130169782,0.123112938850303,-0.411776805518581,3
ZKSCAN3,2.16927311188514,0.0300619553255269,0.123143436263307,0.249024829302442,3
SEMA3C,2.16807090123559,0.0301532924278601,0.123470759971852,0.614563887263055,2
SLC27A2,2.16736143477132,0.0302073054550214,0.123645060070156,0.543946096577682,3
PAF1,-2.1672003396495,0.030219581507831,0.123648454336208,-0.210986411524911,4
KLHL26,-2.16650640772868,0.0302725107415683,0.123818122313677,-0.688747531014962,3
SLC39A8,2.1654831383831,0.0303507053071395,0.124090960911325,0.27546795499926,4
BMP5,-2.16458728521714,0.0304193055831889,0.124324380972231,0.373113237233055,2
FANCF,2.16377418536648,0.0304816842625989,0.124532206280103,0.207138943989704,3
TFB1M,-2.16313315040907,0.0305309400472223,0.124686281432928,-0.0822237080481424,3
RHOQ,-2.16267078103126,0.0305665099664145,0.124746583400686,-0.296730895006766,3
ARHGEF17,-2.16251779727331,0.0305782867886176,0.124746583400686,-0.0363808650636806,3
NFRKB,-2.16242400571717,0.0305855088706456,0.124746583400686,-0.0632595021587204,2
STAG1,-2.16234102667342,0.0305918995952988,0.124746583400686,-0.289030597170148,4
PCDHB12,-2.16197577599407,0.0306200434240192,0.124814229836323,0.483345106707979,2
INPP5D,-2.15953340518258,0.0308088086117088,0.125536307289204,-0.285579470142386,4
ROR1,2.15924798639893,0.0308309330342188,0.125542366649985,0.614261029775849,3
TXNL4A,2.15908333370055,0.0308437023983513,0.125542366649985,0.269055590906077,2
MRPL18,2.15906451541741,0.0308451621078561,0.125542366649985,0.178164952748104,4
NPHP4,-2.15841239663545,0.0308957827569391,0.125701034026537,-0.267178008491431,4
TLL1,2.15810717749506,0.0309194998501101,0.12575016467654,1.29542691945495,2
ARMC1,-2.15771765869966,0.0309497901579395,0.125825981665812,-0.0520610734423347,3
AIP,-2.15754627261062,0.0309631257911897,0.125832838523864,-0.175308380256782,4
ABCC2,2.15734847851183,0.0309785223749129,0.125848062690413,0.386740878199557,3
OR1G1,2.15661240493679,0.0310358771726165,0.125995486347101,0.224663591893568,3
CLIP3,-2.15658338740833,0.0310381400823585,0.125995486347101,-0.288387641564179,4
AGRP,2.15615292747538,0.0310717258068012,0.126084441083797,0.304732137094973,4
MAST4,-2.1552543094002,0.0311419391127182,0.126321902476749,-0.00292325114440964,3
TRDMT1,2.15417525112937,0.0312264309475271,0.126617082242938,0.249058241189704,4
EIF2S2,-2.15370277994042,0.0312634880046476,0.126699996063397,-0.0457396278468881,3
PCDHA10,-2.1536154981428,0.0312703378545656,0.126699996063397,0.0385883232677091,2
ECEL1,2.15339131957886,0.0312879372241742,0.126713095512252,0.18138589685908,4
CHST7,2.15327551485078,0.0312970319224856,0.126713095512252,-0.152207423672752,2
DNAJC7,-2.15298087642385,0.0313201815127277,0.126759310865674,-0.166348204604276,4
SYNGR3,2.15276044877856,0.0313375100052186,0.126759948545994,0.575849555321968,3
MATN1,-2.15268035077888,0.0313438087915524,0.126759948545994,-0.157727311057027,2
ACOT11,-2.15084059203529,0.0314887839375107,0.127298594346179,-0.00326450406025102,3
SPOCK3,-2.15055030458491,0.031511711386639,0.127325000952513,-0.216072613398287,3
FAM134A,-2.1504594492163,0.0315188902561582,0.127325000952513,-0.309423408621637,3
CDC42,2.14953304811275,0.0315921692610174,0.127573313030845,0.409238482882816,3
DARS,-2.14872158394966,0.0316564766707206,0.127785224587864,-0.184303164891561,4
MAPRE1,2.14833950473396,0.0316867947702208,0.127859827085515,0.243431372315272,4
JUP,-2.14813864150607,0.031702743310619,0.127874364957704,-0.789017921535161,3
HSD17B7,-2.14799599447838,0.0317140736642925,0.127874364957704,-0.24712740381225,3
CUL4A,2.14768634970648,0.0317386804821899,0.127906066828066,0.0296577488630201,2
HP,2.14759908782316,0.0317456179564938,0.127906066828066,0.607106674376981,3
KCNE1,2.14732690413778,0.0317672653953803,0.127945563311297,0.593203311567363,3
CA3,2.14581823719872,0.0318874830402213,0.12838188289246,0.334305176386838,4
HTR2A,-2.14473802377868,0.0319737989215358,0.12868143664323,-0.0709482698686292,3
EXOC3,-2.14451293361599,0.0319918102420566,0.128705971782009,-0.640427220565949,3
ARL14,2.14422140858119,0.0320151504902967,0.128751919432682,0.299735093684884,3
COQ2,2.14328850512996,0.0320899392672985,0.128959042759048,0.187854964208047,3
RNF186,2.14317907533492,0.0320987218130264,0.128959042759048,0.44235103258658,4
TMEM5,2.14313239830057,0.0321024686149861,0.128959042759048,0.103497495447677,2
C10orf76,-2.14229571986416,0.0321696930497098,0.129181049934188,-0.140134355667313,3
HSPB6,-2.1418640125414,0.0322044265088823,0.129272469397602,0.00356618257535285,3
METTL1,2.14155843540588,0.032229031453268,0.129323178959213,0.277261857013449,4
PJA2,-2.14136615886006,0.0322445217366127,0.129337290679127,-0.213784116752443,4
AZGP1,-2.1411264806335,0.0322638397511477,0.129366739789123,-0.766278559381337,3
TRAK2,2.13992775593783,0.0323606056073415,0.129706590638406,0.509579836384415,3
MRPL42,2.13954911760395,0.0323912224375679,0.129724482430797,0.278861104305846,3
PDGFA,2.13946992696083,0.0323976289580673,0.129724482430797,0.125741710721566,3
KDELR1,2.13930947768102,0.0324106126276387,0.129724482430797,0.0407847652185332,2
SVIL,-2.13927866336197,0.03241310665439,0.129724482430797,-0.415107536882827,3
SLC35A3,2.13873046494693,0.0324575038240962,0.12985405789181,0.188578078807007,3
PAFAH2,-2.13843909239696,0.032481122527636,0.129900438927628,-0.0802638131831333,2
MDH2,2.13792940913479,0.0325224729327711,0.13001767306432,0.0765801464380591,4
SLC25A16,-2.13748669644715,0.032558426626171,0.130113253575989,-0.206924186037969,3
PSAT1,2.13730673322787,0.0325730515734249,0.130123558837328,0.156850212511644,3
NCSTN,2.1366834808524,0.0326237444903468,0.130277888349252,0.0162897344312436,3
CEACAM7,2.13647079388425,0.0326410590747206,0.13029886183486,-0.0655567162740879,3
TMPO,-2.135745813252,0.0327001380033615,0.130469229850607,-0.132548863734523,3
SRPK1,-2.13565071578428,0.0327078943191487,0.130469229850607,-0.0879268983022311,2
RAP2A,2.13473598065302,0.0327825822121188,0.130718882633927,0.456958988536765,3
IRF1,-2.13453427663223,0.0327990709313883,0.130736370553822,-0.606908627364797,3
C1QTNF3,2.13379601908762,0.0328594819206046,0.130840010996672,0.413309129103756,3
GSTT1,-2.13378030542201,0.0328607687912849,0.130840010996672,-0.512058004994899,4
MXD1,-2.13377247708922,0.032861409908718,0.130840010996672,-0.157688012269606,2
GPRC5C,-2.13260303148746,0.0329573044369261,0.13117347182302,-0.419172873726274,3
BTG1,-2.13205093869491,0.033002659220005,0.131305607695946,-0.544029211606945,3
MRPS11,2.1307916302778,0.0331063121917506,0.13166950820887,0.358767108215297,3
RAB26,-2.13012722860741,0.0331611109160277,0.131816891416415,-0.0713221691775173,2
ARHGAP25,2.1300433346412,0.0331680358650402,0.131816891416415,0.177619837118018,4
FAM49B,2.12982079639643,0.0331864110723325,0.131816891416415,0.348403465417773,3
REC8,-2.12970627914324,0.0331958702720255,0.131816891416415,-0.338695688470835,4
MFAP5,2.12939212273537,0.0332218316439581,0.131816891416415,0.288248667462446,4
GPR143,-2.1292859101551,0.0332306128071924,0.131816891416415,-0.271008446589097,3
SALL1,2.12916385547442,0.033240706174393,0.131816891416415,0.304691451496671,3
RAB11FIP1,-2.12916038095287,0.033240993539929,0.131816891416415,-0.386878530365084,3
REXO2,2.12896287425993,0.0332573321237812,0.131833284991224,0.101578866751479,3
RFWD3,2.12845701989639,0.0332992098660235,0.131913229226763,0.280943041001184,4
TNFRSF13B,2.12842426157263,0.0333019233569137,0.131913229226763,0.211018181805675,3
PIR,-2.12764405526171,0.0333666066167598,0.13212099878088,0.246374202108419,2
STX16,2.12711346113961,0.0334106570797152,0.132246946784567,0.116218530506516,4
UBTD1,-2.1246812109092,0.0336132222983044,0.132988335864105,-0.393636441133003,3
CCNK,-2.12456911396961,0.033622583340573,0.132988335864105,-0.0741199409701426,3
CLSTN3,-2.12413890038914,0.0336585305150322,0.133064424340324,-0.259982538660518,4
TNP2,2.12394947296949,0.0336743688416905,0.133064424340324,0.0736142894818654,3
CSNK1G1,-2.12381170973613,0.0336858914469226,0.133064424340324,0.0949645566973738,2
MORN1,-2.12374951816269,0.0336910942946479,0.133064424340324,-0.333273226547614,3
PLA2G12A,2.12258229693587,0.0337888697222681,0.133401816790914,0.389407120447502,3
PDYN,2.12185281620405,0.0338500997673084,0.133594730612519,0.359869006760794,4
FRY,-2.12159645163667,0.0338716406245501,0.133594932777258,-0.04937501397531,2
DDX41,-2.12155783694055,0.0338748862133779,0.133594932777258,-0.0856430288275732,3
RAB8A,2.12045489393977,0.0339677015753838,0.133912084823831,0.213005304050467,4
MFSD5,2.11944998515056,0.0340524563159673,0.134151316866943,0.306437540746758,3
C1R,2.11935741713807,0.0340602726548309,0.134151316866943,0.38310257663616,3
CLEC11A,2.11929384209366,0.0340656417483823,0.134151316866943,0.680823955379342,3
SF3B1,-2.11667154585458,0.0342877333552204,0.134976711262059,0.0479477763837508,3
FKRP,2.11617615681043,0.0343298282776207,0.135068228842693,0.248651452675728,4
PXMP4,2.11610369512607,0.0343359892984664,0.135068228842693,0.185214970267131,4
DERL1,2.1158302482613,0.0343592475010661,0.13511051747598,0.072250583387224,3
RAP1GDS1,2.11472252310658,0.0344536035623513,0.135432250975443,0.168810938304704,4
HAPLN2,-2.11434742091685,0.0344856049123242,0.1354798500921,-0.267048442445072,3
MAP2K7,-2.11428659172937,0.0344907968666241,0.1354798500921,0.0322431404306602,3
ZNF207,-2.113457319859,0.0345616443521324,0.135708790364135,-0.223206250373623,3
IGF2BP2,-2.11289029662793,0.0346101585840571,0.135812056929231,-0.277616763134485,3
CASKIN2,-2.11285606256286,0.0346130894951096,0.135812056929231,-0.234145377583191,4
MFHAS1,-2.11092770223526,0.0347785265635859,0.136411635417522,0.299294920281375,2
SSBP2,-2.11052169764457,0.0348134442598951,0.13649902900014,-0.021915725922945,2
SLC6A9,2.11016812163238,0.0348438773143763,0.136568781839584,0.53996198271668,4
BCL7A,-2.10986315297777,0.0348701448730026,0.136622163553926,-0.567155274945683,3
KCND1,2.10920737076703,0.0349266859803132,0.136794076127391,0.507683443150371,4
C16orf71,2.10869061591912,0.034971295368642,0.136919149174364,0.527691449911548,4
NOV,2.10781111579435,0.0350473309653014,0.137122330610416,0.867975082935887,3
PRUNE2,-2.10768582257448,0.0350581744411426,0.137122330610416,0.0236973683460365,2
OBSL1,-2.10755477036525,0.0350695193919286,0.137122330610416,-0.134796311382549,4
THOC2,-2.10741876125061,0.035081296766938,0.137122330610416,-0.104100523119209,3
PMEPA1,2.10735681583873,0.0350866618966108,0.137122330610416,0.136247929031544,3
HPS6,2.1068603953376,0.0351296824805285,0.137240806565884,0.371363739237969,3
TPO,2.10619534818979,0.0351873870757676,0.13741654200739,0.408364416072399,3
HIST1H2AE,-2.10600575276221,0.0352038526429259,0.137431158745532,-0.246736639749049,2
HSPB7,-2.10573935354977,0.0352269994080391,0.137471838007817,-0.265451003744303,2
GDF9,-2.10549350241454,0.0352483723258241,0.13750556802584,0.0750847900885912,2
LTBP3,2.10470743251697,0.0353167831091602,0.13772270438453,0.168816142019195,3
NCKAP1L,-2.10449156244777,0.0353355898587632,0.137746316006626,-0.317394944975851,3
REPS2,2.10416040470029,0.035364457162059,0.137809114814055,0.430215802658458,3
TM6SF2,2.1040105340889,0.0353775281243441,0.137810334943803,0.306012227076055,3
OGG1,2.10350046190158,0.0354220449555177,0.137847618635147,-0.0381849210303808,2
GTF2A2,2.10348560202975,0.0354233425752283,0.137847618635147,0.262455690684917,4
CTRC,-2.10336885039461,0.0354335391769807,0.137847618635147,-0.170613956913266,4
ADA,-2.10331612853298,0.0354381445056289,0.137847618635147,-0.0419493620337424,3
KCNIP1,2.10315176645678,0.0354525050419074,0.137853837099598,0.132135352421231,3
GLIPR1,2.10254931002236,0.0355051849356983,0.138008998803675,0.494300294912729,3
CEP152,2.10236689960638,0.0355211484025864,0.138021383109618,0.313630674743275,4
COPS7A,2.10138097310468,0.0356075368169286,0.138307304097973,0.105612999277008,3
OLFM1,-2.10021122245507,0.035710264599793,0.138656462331763,-0.0446181607491522,3
UXT,-2.09943863892117,0.0357782515990699,0.138870525969513,-0.297980069428428,4
DSG3,2.09890826223721,0.0358249883857546,0.139001275995564,0.549703968965996,3
TSTA3,2.09876440658619,0.0358376739166494,0.139001275995564,0.339520258703819,3
HTR4,2.0983319704465,0.0358758302244319,0.139099324509804,0.265300662639729,4
INE1,2.09805137869103,0.0359006069639988,0.1391454454342,0.364843805873536,4
PIK3CD,-2.09766997721915,0.0359343087727556,0.139226113114529,-0.220816436944743,3
BMP7,2.09569291490232,0.0361094407772393,0.13985449239001,0.496645344324143,3
IL4I1,2.0948027194692,0.0361885332791685,0.140061016766117,0.751960542516434,3
AP1S2,2.09480088598754,0.0361886963334783,0.140061016766117,0.289147495761399,4
TLL2,2.09450332272341,0.0362151673864597,0.140113265798187,0.11166183662708,3
SGTA,-2.09348413596423,0.0363059587547253,0.140414237904956,-0.246018347933896,3
LRRC36,2.09327296640085,0.0363247944396141,0.140436803699611,0.386621402124306,4
CACNA1E,-2.09251770319908,0.0363922298048178,0.140647179374469,0.207680968788407,2
MAPK7,-2.09206062230612,0.0364330930942194,0.140735711773093,-0.485054990668062,3
CAMK2B,2.09197005208326,0.0364411947629457,0.140735711773093,0.376841222486676,3
TXNRD2,-2.0917379643262,0.036461962436515,0.14075312516135,-0.107382629733953,3
AGGF1,2.09162846404241,0.0364717642405682,0.14075312516135,0.542458053047879,3
VASH2,2.08950222037497,0.0366625382865966,0.14143883520422,0.619430617876912,3
ABCC10,2.08878425962097,0.0367271479435718,0.141637505207591,0.487124554781248,2
PRKD2,-2.08814272164173,0.0367849623051636,0.141809836838107,-0.336380333651209,3
JPH2,-2.0876695157343,0.0368276565151917,0.141923776552658,-0.0777373993979226,2
TMPRSS5,-2.08716079431084,0.0368736021218975,0.14205016052808,-0.0502523385439713,3
SPATS2,-2.08600703833561,0.0369779855134672,0.142401497153823,-0.0142357875255228,3
HMGA2,2.0852612088723,0.0370455965240916,0.142516876923831,0.771882530609754,3
ABCC3,2.08520385856928,0.0370507998052327,0.142516876923831,0.636853297382821,3
CRY1,2.08515847229638,0.0370549180543502,0.142516876923831,0.0188994596060843,3
GARNL3,2.08509452764356,0.0370607209108536,0.142516876923831,0.176415127843118,3
CDC40,-2.08448938696273,0.0371156746050599,0.142677408214896,-0.056219178375207,3
UBL4A,2.08424237369706,0.0371381261658939,0.14271292737246,0.441863728372807,3
CCL5,2.0838141558078,0.0371770751979802,0.142765382120839,0.481440275700007,4
WDR47,2.08380168975759,0.037178209582107,0.142765382120839,0.0698260704973634,2
RRH,2.08314351448779,0.0372381439999871,0.142944716235913,0.607848555697158,3
PDK2,-2.08284848069761,0.0372650369020844,0.14299713272338,-0.0742138785028265,3
TUBA3D,2.08228352589595,0.0373165797697654,0.143144067710584,0.500723040304882,3
ITM2B,2.08186687246941,0.0373546314358007,0.143151121489425,0.211676054873331,4
TIMM44,-2.08180471945887,0.0373603105073731,0.143151121489425,-0.365788627162981,4
PHTF1,2.08160464410813,0.0373785968689162,0.143151121489425,0.349462465456854,4
CDR2L,2.08153992724643,0.0373845134504524,0.143151121489425,0.0462509420166515,2
PES1,-2.08153810525104,0.0373846800334816,0.143151121489425,-0.422435176982505,4
CLDN1,2.07997979826316,0.0375273858555943,0.143646641393384,0.136009361434119,3
SNORD18C,-2.07903242915516,0.0376143699010282,0.143928594995008,-0.370483220549863,4
CCNE1,2.07854064923081,0.0376595909765708,0.144050602595226,0.400726350815013,2
TBXAS1,2.07737338098471,0.0377671110567867,0.144410737570057,0.636718289145165,3
PDGFRB,-2.07703392388222,0.037798428296657,0.144479342696564,-0.0472293574126366,2
ZNF675,2.07686802318667,0.037813741805468,0.14448674884424,0.467233276058841,3
GNA14,2.07630221763984,0.0378660083390357,0.144635297764591,0.167937859120546,4
SLC2A4RG,2.07589331773572,0.0379038188863357,0.144728544224178,0.254943451006983,4
XPA,-2.07545666181415,0.03794423145581,0.144831656602707,-0.229748248807071,4
OPTN,-2.07515442315992,0.0379722251440203,0.144871178358778,-0.0972910555374352,3
PRB3,-2.07505531227014,0.0379814087309812,0.144871178358778,-0.0184417577514684,2
SRP72,-2.07461035962007,0.0380226611972044,0.144977333657678,-0.202637494175487,3
CHD3,-2.0740991230383,0.0380701060170345,0.145107016653495,-0.0849675591528371,2
ATP10B,2.07370942749814,0.0381063051426677,0.145192887957599,0.532211567365611,4
FGF3,-2.07348818322498,0.0381268697200429,0.145192887957599,0.00982629856331402,3
OTUB2,-2.07342269108159,0.0381329590016395,0.145192887957599,-0.318485945288952,3
ADAM30,2.0732330497119,0.0381505960054438,0.145208857664131,0.481318658355192,3
ZBTB39,2.07264866437419,0.0382049885657789,0.1453646658991,0.445910243852099,3
STYK1,2.07246876695284,0.0382217460611643,0.145377218645316,0.568777857771878,4
JAM3,2.0723141198892,0.0382361564733697,0.145380838516487,0.218622641779577,4
SORBS1,-2.07199620066983,0.0382657955154213,0.145442337493871,-0.111046001152374,3
HIC2,-2.07087306218456,0.0383706601546796,0.145789613433292,-0.0601174832281929,2
TEX2,2.06975807669464,0.0384750051017374,0.146119828417042,0.236878138912856,3
FUZ,-2.06965541933857,0.0384846243146163,0.146119828417042,-0.0568992744184818,3
ZNF460,-2.06913263000211,0.0385336425046609,0.146254534903495,-0.0801267889520094,3
C1QB,2.0676822656825,0.0386699106100501,0.146694526087278,1.23616227447048,3
ZBTB33,-2.06760982466832,0.0386767274853329,0.146694526087278,0.164898408936548,3
PITPNM3,2.06666859740654,0.0387653921224875,0.146940051833653,0.345006039951193,3
NFATC4,-2.06663386103013,0.0387686676287642,0.146940051833653,-0.0436657063947235,3
AGTR2,2.06631025332472,0.0387991938881454,0.147004171301209,0.750864573150169,3
HIF3A,-2.06556208135225,0.0388698479401769,0.147220230522367,-0.296739101508949,3
CST1,2.06498220072955,0.038924684462859,0.147347202335185,0.623144158111073,4
TIMP4,-2.06487927140984,0.038934424858262,0.147347202335185,-0.55147206718455,3
PACSIN3,-2.0647750049972,0.0389442938962185,0.147347202335185,-0.111529662794956,3
KIF26B,2.06433598964115,0.0389858709475706,0.147452863436855,0.268444892340882,4
ZNF354A,2.0628045856104,0.0391311981924115,0.147950718541977,0.235537021800745,2
PHF1,-2.06152950553353,0.0392525515580523,0.148312559854746,-0.342963729103081,3
GPS1,-2.06151051769628,0.0392543611020848,0.148312559854746,-0.0577428866291157,3
FOXC1,-2.06036823923641,0.0393633508104184,0.148672348060888,-0.170842362086165,3
SPTBN4,-2.05948999656905,0.0394473223316298,0.148894459974374,-0.19487516376564,3
RARRES3,-2.05946487636141,0.0394497263883224,0.148894459974374,0.0322854809127486,2
KCNA2,2.05847647424611,0.0395444173233511,0.149199719150136,0.464470873122693,4
PRKAA2,-2.05797743522604,0.0395922995254442,0.149328219090031,-0.0320323882488351,2
HTR1E,2.0577512145216,0.0396140213382817,0.149357995984684,0.715213429934905,4
CRISP1,-2.05720458859247,0.0396665503562124,0.149503864950386,-0.286329857319982,3
USP33,-2.05691262976262,0.0396946308846141,0.149557517549913,-0.131342955873733,4
CCL18,2.05664818640088,0.0397200795405158,0.149601220082514,0.540074406845559,4
POP4,2.05632354808483,0.0397513399770452,0.149666773939366,0.280227598686851,3
CAPG,2.05588846810005,0.0397932679242283,0.149728077034127,0.357741455187788,4
PCDHA2,2.05586693193775,0.0397953443033678,0.149728077034127,0.656591407653925,4
PDGFRA,2.05568036372916,0.0398133358660545,0.149743612125739,0.332565385298391,4
DOPEY1,-2.05495795482903,0.0398830659340586,0.149953664538706,-0.0332620149960948,3
PLCB1,-2.05384824814705,0.0399903815065839,0.150267802500152,-0.242884238808232,3
PLSCR4,-2.05380633883005,0.0399944391953285,0.150267802500152,-0.0365098061637752,3
ZNF141,-2.05257044231363,0.0401142566625631,0.150640404356514,-0.771277384886923,3
UNC93A,2.05249582863688,0.0401215000308915,0.150640404356514,0.190716355744477,4
E2F5,-2.05221787681894,0.0401484928835367,0.150689374610133,-0.419479929856544,4
STAT1,2.05143363234644,0.0402247366045658,0.150923099966141,0.182560081291299,3
SOX12,-2.05070305991596,0.0402958728093553,0.151137506280089,-0.0469110416027233,2
GDNF,2.05051272002178,0.0403144238091284,0.151154601175358,0.6350813290169,3
PRPS1,2.04943964093146,0.0404191443283915,0.151494655459849,0.079394368968248,4
DDX17,-2.04875518455672,0.0404860600215514,0.151678306287865,-0.0338493068972298,3
CPA4,2.04865128241815,0.0404962261927609,0.151678306287865,0.592216598924772,3
METRN,2.04807936910618,0.0405522230665735,0.151835394649958,0.472783075536202,3
KIF1C,2.0478245239513,0.0405771964649472,0.151876256484532,0.27994939919227,4
UBE2I,2.04725422984163,0.0406331293309553,0.152032927964315,0.0834571850949959,3
ZNF195,2.04709776013229,0.0406484868671996,0.152037726848854,0.304069239238864,3
MBD2,2.0464715400959,0.0407099997606641,0.152215097755173,0.0995594273306966,3
MAPRE3,-2.04629687995116,0.0407271704966658,0.152226607510375,-0.0113575105299195,3
TAOK3,2.04595971104724,0.040760334735936,0.152246956136201,0.316339556180483,3
RYR3,2.04595494908552,0.0407608032906769,0.152246956136201,0.398813939800518,3
WRNIP1,2.04467350765416,0.0408870571403743,0.152665741870143,0.204243905793113,3
APPL1,-2.0443995787154,0.0409140889023544,0.15271388677375,-0.0170270018542007,3
VPS28,-2.04371109050052,0.0409820969336557,0.152914891563851,-0.138384265674532,4
TAS2R4,2.04281574638056,0.0410706811937734,0.153192506303571,0.465555237448925,3
GNA13,2.04252033376149,0.0410999445293142,0.153213329587784,0.46790572169795,3
CIAO1,2.04247303576688,0.0411046314705979,0.153213329587784,0.270807565159652,4
DSTN,2.04205180588335,0.0411463927466256,0.153316086391531,0.322749647056765,4
PIAS4,-2.04183093565967,0.0411683044671816,0.153344836156722,-0.0585400023362777,3
MMD,2.04167925727772,0.0411833576444679,0.153348028016388,0.482491348793015,3
PTGDS,-2.04143020622114,0.0412080845938304,0.15338722597607,-0.0408662630512976,3
PPBP,2.04115627034568,0.0412352967464969,0.153405456804478,0.249139494079001,4
ZNF391,2.04109499745054,0.0412413855360307,0.153405456804478,0.474953137946948,4
IQCK,-2.04078565814151,0.0412721367265957,0.153466995153421,-0.144137584979783,4
JMJD1C,-2.04047393670963,0.0413031443663424,0.153518769703706,-0.146879824833254,2
RRAGC,-2.04031607823216,0.0413188544327099,0.153518769703706,-0.145095316229345,4
CD14,-2.04021720618481,0.0413286967504514,0.153518769703706,-0.262193844904352,3
PAFAH1B1,2.03978779885495,0.0413714655785512,0.153591215211155,0.18632804530576,3
MAN2B1,2.03973589911201,0.0413766373138734,0.153591215211155,0.0703260015358208,2
NLGN4Y,-2.03896849138905,0.0414531723234981,0.153822455320655,-0.560980636617796,4
PRSS8,-2.03839326135446,0.041510619672224,0.153982731352803,-0.186607679872756,3
BHLHB9,-2.03799352578139,0.0415505803443951,0.154078053168608,0.0258287708359549,2
EPB41L5,-2.03744540658303,0.0416054275453181,0.154228492911642,0.0192132864119367,3
C1QL1,2.03659998214802,0.041690144588844,0.154446090885582,0.876851148056307,3
ARHGEF18,2.03657426736821,0.0416927236643544,0.154446090885582,0.0894647558036515,3
CDRT1,2.03609370257446,0.0417409469830429,0.154571720709918,0.151849683452033,3
PADI1,2.03551282907964,0.0417992990171843,0.154734759418651,0.450498524205171,4
MTNR1A,-2.03468042678286,0.0418830389073769,0.154991636271835,-0.0605208968617767,3
BANF1,2.03399717411858,0.0419518803725674,0.155193223213861,0.369765568775369,3
TBC1D8B,2.033044839318,0.0420479930837585,0.155495522523368,0.249440182321019,3
CYFIP2,2.03184055754927,0.0421697998372368,0.155892600219655,0.395389814046964,4
CASP8AP2,2.03152394703067,0.0422018728400952,0.155957793506229,0.0664582409296201,3
TCF7,-2.03113231358761,0.0422415743011301,0.156051123666487,-0.323892584024147,3
ME1,-2.03065474828343,0.0422900297755615,0.156089766353697,0.056873683346827,2
RER1,2.03047544646856,0.0423082345127764,0.156089766353697,0.0040788502272357,2
SH3TC2,2.03047439347051,0.0423083414445607,0.156089766353697,0.299047483195792,3
NUP54,-2.03045968772452,0.0423098348346255,0.156089766353697,-0.140989607533903,3
CD70,2.03002538157676,0.0423539593702956,0.156199204205508,0.761110924155504,3
ANKRD1,2.02972671107504,0.0423843262108557,0.156257847006711,0.256758566015647,3
SPINT1,2.02949939207169,0.0424074508439384,0.156289759132113,0.244317125306253,3
EPHB2,2.0289900240585,0.0424593064166225,0.15642749928798,0.651973228158841,3
EIF4EBP1,-2.02836040091432,0.0425234785204528,0.156610506300011,-0.551429785776112,4
CASQ2,2.02733160221516,0.0426285116868402,0.156820675469124,0.388252295831091,4
EIF4G1,2.02729571416407,0.0426321795627174,0.156820675469124,0.147511239608643,3
SRI,-2.0272171702015,0.0426402079430678,0.156820675469124,-0.028940830647019,3
ECSIT,-2.02715904846148,0.04264614968657,0.156820675469124,-0.216357877465611,3
PRR16,-2.02709074522028,0.042653133172402,0.156820675469124,-0.18361143895128,2
WDR12,2.02661158393054,0.0427021509537994,0.156947476897905,0.261854978413606,4
MXRA8,2.02638371260268,0.0427254786985276,0.156979803027719,0.275095092590025,4
ASXL2,2.02613923082552,0.0427505188765137,0.157018396771201,0.319471714664742,4
DNASE2,2.02508401410888,0.0428587380994976,0.157309259797136,0.219039179554286,4
ISG20L2,-2.02508305591894,0.0428588364731506,0.157309259797136,-0.061502666909824,3
SNX24,2.02468009064641,0.0429002242818362,0.157407684338449,0.227904480310931,4
ENTPD4,2.02286829982606,0.043086727615303,0.158038312971308,-0.0371167879801135,3
CHAF1B,-2.02117009914778,0.0432621598325714,0.158597568777157,-0.197765427318752,4
CUX1,2.02097615290909,0.043282233750608,0.158597568777157,0.0476961047155986,3
CP,2.02096636650763,0.0432832468760469,0.158597568777157,0.25430967093033,3
PLCD1,-2.02024130128894,0.0433583641387861,0.158761036365461,-0.171221982797504,4
SIX3,2.02023818540206,0.0433586871843702,0.158761036365461,0.432695339881705,3
MRPL13,2.02008030819179,0.0433750580708078,0.158761036365461,0.359695205554272,3
ADAM3A,-2.01996856107876,0.0433866487086503,0.158761036365461,-0.559765167473882,4
MAOB,-2.01962569333714,0.0434222279807809,0.158837421824719,0.19078449378299,2
KIF5C,2.01887226388757,0.0435004977065933,0.159069863313006,0.662605172291463,3
RAB11FIP5,-2.01839583965572,0.0435500523347232,0.159197179465205,-0.355221965562013,3
CREB3,-2.01783849239234,0.0436080845758727,0.159353571226028,-0.147174867953639,4
CHMP5,2.01763071608964,0.0436297354151517,0.159353571226028,0.147646663955866,3
TOR1AIP2,2.01756014071695,0.0436370916206805,0.159353571226028,0.315954314737767,4
RABGGTB,-2.01737006298655,0.0436569089947114,0.159372061831995,-0.370666046345567,3
DDX28,2.01704938610007,0.0436903597764309,0.159424565309627,0.544515853976349,3
GMDS,-2.01694925764971,0.0437008089133315,0.159424565309627,0.0929458832746792,2
ZNF224,-2.01613920022979,0.043785421966841,0.159679314006015,-0.0846026929669262,3
BLVRB,-2.01556846286919,0.0438451203235238,0.1598430609972,-0.194936288777205,3
SLC6A15,-2.01505968453571,0.0438983957775411,0.159983289874831,-0.354379826618069,4
NUP50,2.01483204476395,0.0439222502009098,0.160016238337345,0.116905231332694,3
C6orf47,2.01400638071956,0.044008863581745,0.160277729066086,0.185395468743969,4
AKR1C3,2.01354314176694,0.0440575211468667,0.160322161619414,0.695890204461196,3
PHF20,-2.01350874737126,0.0440611356663277,0.160322161619414,-0.272013178808528,3
ADRA2B,-2.01344369937702,0.0440679722679348,0.160322161619414,-0.0877186180210109,3
UBE2D4,2.01327546052409,0.0440856584730771,0.160322161619414,0.228406000194647,3
EVPL,2.01318402403894,0.0440952732985816,0.160322161619414,0.290544692093016,3
TCTN1,2.01233794543874,0.0441843250440778,0.160591883958993,0.231813178470898,3
MDFIC,2.01219318031958,0.0441995771084629,0.160593283526948,-0.00733268829751876,2
NME7,-2.01183058363867,0.0442377988270003,0.160678111274128,-0.0808394613960565,3
FBXO3,2.01149057606599,0.0442736647422191,0.160754328250572,0.205091402651857,4
LTBR,2.01098411254623,0.0443271348705636,0.160846052604425,0.165865224145738,3
BUB1,2.01096922440448,0.0443287075174387,0.160846052604425,0.696619538058545,3
ARHGEF10,2.01064122987432,0.0443633658010443,0.160903494694921,0.0978279050662174,4
HPCAL4,2.01045799638746,0.044382737535218,0.160903494694921,0.185959891760996,3
RNASE2,2.01039664277244,0.0443892255314631,0.160903494694921,0.288271761239176,4
KIAA1024,2.00930182566755,0.0445051344187217,0.161269527672268,0.594113588403352,2
BOLA1,-2.0087367810032,0.0445650558477068,0.161432506125731,-0.170755490638664,3
RABL3,2.00847936944573,0.0445923761923791,0.161477320693959,0.0867383957873616,3
SACM1L,2.00742997537773,0.0447038997671785,0.161739915242912,0.338781964932496,2
SDCBP,2.00733567140249,0.0447139333634846,0.161739915242912,0.093888347253021,2
ACSL4,-2.00732537603125,0.0447150288681422,0.161739915242912,-0.4002698190482,3
C9orf78,2.00723369954716,0.0447247849315475,0.161739915242912,0.114785289532397,3
RAPGEFL1,-2.00693794441689,0.0447562709553745,0.161799611398914,-0.265781304178337,3
DDX18,-2.0066705422928,0.0447847546164968,0.161847950197207,-0.276694200927517,3
HTR2B,-2.00653115217157,0.0447996085067256,0.161847950197207,0.115212204570693,2
OR7A17,2.00614838540252,0.0448404188221104,0.161941225047287,0.557719691519026,4
TBC1D4,-2.00556899062215,0.0449022531221994,0.162110340316176,0.0832274379012563,2
SLC39A6,2.00383136880042,0.0450881273610985,0.162727013616634,0.199846712864897,4
MIS12,-2.00338006395244,0.0451365096487256,0.162847220182209,-0.139336023873449,4
PCP4,-2.00257231954682,0.0452232134386287,0.163063854148213,-0.0683339750305042,3
CACNG5,2.00253944022161,0.0452267456978381,0.163063854148213,0.128530255677218,3
NDUFS6,2.0021417111008,0.0452694925666828,0.163163516418187,0.314546213871295,4
VEGFC,2.00165211985632,0.0453221592939675,0.163298854133902,0.601261115494438,3
AVEN,2.00117964956654,0.0453730332320106,0.163427644205461,0.145032146544549,4
PLK1,2.00086428147092,0.0454070177382079,0.163433057373574,0.207028956558841,2
ATP5A1,2.00054408275386,0.0454415447456391,0.163433057373574,0.101200233281947,3
CBLL1,2.00048728911027,0.0454476711104248,0.163433057373574,0.275978865119419,4
ATP4B,2.00042457496188,0.0454544369323724,0.163433057373574,0.346111000330789,4
SNAP91,-2.00038598347533,0.0454586007389706,0.163433057373574,-0.491851312081257,3
MED13L,-2.00032375574029,0.0454653154422876,0.163433057373574,-0.193263574708636,2
OVOL2,1.99949534519256,0.0455547850053748,0.16370019548505,0.281384724964353,3
NOLC1,-1.99924168226744,0.0455822106290709,0.163744276426745,-0.236907324871867,3
IGF1R,-1.99892983083484,0.045615946565271,0.163790877009938,-0.335051042204878,3
SERTAD3,-1.99884147144506,0.0456255090652569,0.163790877009938,-0.249101803384506,3
GPR153,1.99857687207842,0.0456541548509885,0.163839262691155,0.504713953743821,3
CSF1R,1.99737964822324,0.0457839569484887,0.164213852134843,0.745986857016265,3
FGF16,1.99733375047747,0.0457889393288416,0.164213852134843,0.315842423195441,4
FOXA2,-1.99653693222491,0.0458755099024339,0.164469717214103,-0.173488960891389,3
SYCP2,1.99624652606389,0.0459070954350806,0.164528349333026,0.41671618462612,3
ZNF280B,1.99600518425127,0.0459333585026679,0.1645678734812,0.595841963950137,3
KIF18B,1.99561643833706,0.0459756888484103,0.164609811559653,0.722516188416283,3
FBXL4,-1.99559608952524,0.0459779055248835,0.164609811559653,-0.186742448435425,4
OTOF,1.99547791492751,0.0459907805301826,0.164609811559653,0.56739830069636,3
KRIT1,-1.99504132640166,0.0460383727527843,0.164725572201251,-0.25267999058363,4
ZNF609,-1.9944234566341,0.0461057972047545,0.164912192518463,-0.0416022401722797,2
RPL35A,-1.99382073865982,0.0461716483358726,0.165093063662395,-0.128186416369577,3
CD44,1.99187514768459,0.0463847583875709,0.165800185341675,0.20601563083044,3
NDUFV1,-1.99048130704562,0.0465379411579854,0.166292702741832,-0.222717835140838,4
ARMCX5,-1.9902084598394,0.0465679767846744,0.166298097244819,-0.253822148342774,3
SLC35E1,-1.98995902002256,0.0465954499488506,0.166298097244819,-0.0417143908068366,3
ZC3H15,-1.98987200643642,0.0466050367861437,0.166298097244819,-0.0537033596601409,2
THSD7A,1.98983237239081,0.0466094040699714,0.166298097244819,0.532301058658187,4
NCAM2,1.98976864937253,0.046616426444854,0.166298097244819,0.479856024748467,2
SLC18A1,1.98955485706506,0.0466399931926028,0.166316925342185,0.310707902751074,4
PELP1,-1.98944145281594,0.0466524980361805,0.166316925342185,-0.221626493103332,4
KIF3A,1.98910252775212,0.0466898873960361,0.166365698771403,0.272944061521772,4
FZD10,1.98903824349671,0.0466969819176905,0.166365698771403,0.729619756065919,3
NECAP2,-1.98867319821455,0.0467372861519208,0.166454390047164,-0.0187332842489139,2
DEF8,1.98802285009626,0.0468091628808107,0.166655430928977,0.139881968056249,4
SFXN3,1.98723384790161,0.0468964885627107,0.166911324367183,0.255407826685456,3
CAP1,1.98604617942577,0.0470281965097396,0.167324960045523,0.190326659741752,3
ANGPTL7,-1.98560849980465,0.0470768119287205,0.167442779866328,-0.687109447038223,2
TGIF2,-1.98528337597926,0.0471129525322624,0.167510728179654,-0.173033470105764,3
LRFN4,1.98512860501971,0.0471301649929769,0.167510728179654,0.46042818407331,3
EDC4,-1.98501827900056,0.0471424378509671,0.167510728179654,-0.0571777032311869,3
PAQR5,1.98484747949786,0.0471614431864213,0.167523153337627,0.788557051948331,3
C2orf47,-1.98417003611296,0.0472368876786181,0.167735983137552,-0.0383647564319539,2
DLGAP1,-1.98381937474264,0.0472759794567801,0.167819628686211,-0.180020400154835,2
NLRP2,-1.98353474862993,0.047307729616265,0.167877166660609,0.0595925630231158,3
KCNA3,1.98335046619865,0.0473282959590959,0.167894992758671,-0.0677251687316482,2
SCGB2A2,1.98161405772039,0.047522452592517,0.168528408701368,0.493301931347753,3
WDR77,1.98130364057335,0.0475572323696913,0.168596397787137,0.535215931038846,3
SYNE2,-1.98112800813479,0.047576920067693,0.168610856486621,-0.428722263153555,3
DAPK1,-1.98094128207047,0.0475978588314275,0.168629737978708,-0.0200692075465683,2
PFDN5,-1.98061730700745,0.0476342065667536,0.168703180109532,-0.152726290582133,3
ACTN1,1.97974083783698,0.0477326572447447,0.168996448232623,0.253409137418253,3
EXOSC7,-1.97940978077915,0.0477698881870799,0.16907284803304,0.185732003894701,3
ASXL1,-1.97922806158262,0.0477903348477125,0.169082829809218,-0.00520862812045534,2
SF1,-1.97910652245552,0.0478040142785922,0.169082829809218,-0.132007989144921,4
FAM117A,-1.97849549352084,0.0478728364734381,0.169270828015083,0.045067350445944,2
MORC3,-1.97783668971509,0.0479471329799626,0.169478053157577,-0.316558654059959,3
STEAP4,-1.97767215073374,0.0479657039551498,0.169488234911197,0.0289071236569066,3
BTN3A1,1.97641446711389,0.0481078543516578,0.169911996494159,0.141162562801216,4
DAP3,1.97633286955486,0.0481170891756742,0.169911996494159,-0.180403961563698,3
DPP8,1.97589563163792,0.0481665990625306,0.170031242834463,0.220754921444224,4
CCT6A,1.97529448438542,0.0482347388089966,0.170148388004588,0.0572549646202091,3
MRAS,1.97522667825419,0.0482424296803558,0.170148388004588,0.197447249145002,3
CAV2,1.97518604710212,0.0482470387389421,0.170148388004588,0.101953257874374,4
KIAA1109,-1.97494981553159,0.048273843366493,0.170187355106024,-0.166111917580828,3
CPEB3,-1.97434766047488,0.0483422250397122,0.170319849954022,-0.0917301847255653,3
CTNNA1,1.97434118753184,0.0483429605590661,0.170319849954022,0.00702081336997121,2
ZNF467,-1.97401016257925,0.0483805873988807,0.170396838957518,-0.057954405542597,3
TEX261,1.97353438717076,0.0484347107699479,0.170531859757815,0.183109310461754,4
TELO2,-1.97328505415812,0.0484630947554449,0.170576197311279,-0.201495805924546,4
SEC31B,-1.97275826575865,0.0485231101073354,0.170731803055191,-0.235097428904125,4
CDKN2AIP,-1.97240479640704,0.0485634147431827,0.170774371887433,-0.226380607243228,4
C7orf25,1.97237487821509,0.0485668274799292,0.170774371887433,0.330354520106191,3
PLEKHG6,-1.97206733537379,0.048601920245865,0.170842155058846,-0.030773903683577,2
TOP2B,1.97163511642466,0.0486512754062669,0.170960012016426,0.210195490152953,4
CLTA,-1.97145502629043,0.0486718523484702,0.170976698883959,-0.202901165492988,4
XPO1,-1.97123785527521,0.0486966758386599,0.171008287519247,-0.228835526328226,3
TFEB,-1.97043077899445,0.0487890209676821,0.17127689453783,-0.192254070338372,4
C14orf2,-1.96999440205349,0.0488390121310727,0.171341253142256,-0.0322609770654334,2
TRIP12,-1.96999382904698,0.0488390778027223,0.171341253142256,-0.192335682212022,4
MYO19,1.96950561167738,0.0488950588074399,0.171481956246093,0.244906766883605,3
MARK2,-1.96878327173549,0.0489779840620739,0.171679226882546,-0.270442368145484,4
TMEM158,1.96873879733824,0.0489830936171087,0.171679226882546,0.932884056223214,3
F9,1.96828026113043,0.0490357998145902,0.17175112013871,0.176160147357365,4
NKX6-1,1.96806246429411,0.0490608510233772,0.17175112013871,0.299344995972295,4
PDLIM3,1.96801833784593,0.0490659277996696,0.17175112013871,0.104542275137856,2
RNF8,1.96800723053939,0.0490672057718997,0.17175112013871,0.116974676913593,4
ABCD2,-1.9670212387397,0.0491807622899909,0.172092839085352,-0.336581000777361,3
THRA,-1.96602585097595,0.0492956245547763,0.17243890428779,-0.207104167993842,2
LGALS13,1.96550123237198,0.0493562531748042,0.172564473725259,0.335427279081936,4
UBE2W,1.96534502849175,0.0493743172774175,0.172564473725259,0.148730200893631,4
FCN1,1.96524627402044,0.049385740539752,0.172564473725259,0.472253241122367,3
ATG3,1.96516258903486,0.0493954223994169,0.172564473725259,0.214348891189055,4
UPK3B,-1.96470227072123,0.0494487069899913,0.172694773005459,-0.273086493737686,3
OR1F1,-1.96454177484037,0.0494672966791752,0.172703858671122,-0.137600251782906,4
HOXA1,-1.96436295930646,0.0494880151753751,0.1727203683116,0.221959479996211,3
GHSR,1.96397723963259,0.0495327314467115,0.172765869111848,0.391037314146739,3
NCF4,1.96397458023666,0.0495330398666352,0.172765869111848,0.638361116030431,3
PRTN3,1.96308769915224,0.0496359846109238,0.173069046406456,0.387537097866569,4
C19orf24,1.96286558974453,0.0496617940450243,0.173103162076267,0.277129729241947,3
CYP7B1,1.96201115784089,0.0497611852229565,0.173393652509153,0.53152528558489,3
FUBP3,1.96173571032021,0.049793261993003,0.173449473088816,0.109955286872392,3
TBC1D2,1.96124305527773,0.0498506765337798,0.173593490624723,0.18550190893437,3
PGM1,1.96094260085142,0.0498857190544646,0.1736595350391,0.0271641398051803,2
TIAM2,1.96053554724232,0.0499332273673196,0.173768918177122,0.041813636439199,3
RAB11FIP4,-1.96022567587459,0.0499694187070491,0.173787611001538,-0.279537235398293,4
PRX,-1.96021406039696,0.0499707757610423,0.173787611001538,0.0965125571817396,3
EXOSC8,-1.95959116125618,0.0500435952907328,0.173984845938364,-0.13602303316456,3
DPP3,1.95782644116856,0.0502503816744393,0.174647562048679,0.268099460465908,3
MAPKAPK2,-1.95726414328324,0.0503164208842481,0.174820835764441,-0.149360068820112,3
UBOX5,-1.95697170298398,0.0503507953466156,0.174884016506155,-0.206589149440288,4
POU2F3,-1.95655027519212,0.0504003660665018,0.174988109537661,-0.0209053724756132,3
CCL27,-1.95644152988748,0.0504131639401222,0.174988109537661,-0.0180345098126694,3
GTF2B,-1.95628297235129,0.0504318289296878,0.174996664342592,-0.171105116519071,4
ELOVL5,1.9560870409912,0.0504549014694608,0.175020502785201,0.290190757125402,4
EIF2AK3,-1.95590122101697,0.0504767914813719,0.175040225226895,-0.260399964273537,4
IFIT5,-1.95531061560091,0.0505464189792828,0.175225422918554,-0.147761873768643,4
HBE1,-1.95513767013937,0.0505668230458,0.175239917401582,0.0492821861453276,3
PCSK2,1.95395335773592,0.0507067334662733,0.175668420430624,0.50226230546827,4
CA2,-1.95362340301162,0.0507457708439228,0.175747296138523,-0.427925774702616,4
RFC5,-1.95344774050355,0.0507665639734781,0.175762956423561,-0.0768918771649888,3
PECR,-1.9525727008953,0.0508702485557548,0.176065499807518,-0.157020854171566,3
TXNDC9,1.95098539779403,0.0510587828468452,0.176639145498812,0.414649924743127,2
PPFIA3,1.95078112077892,0.0510830885955949,0.176639145498812,0.430909866025517,3
ATP6V0D1,1.95076465497367,0.0510850481890659,0.176639145498812,0.261062346570679,3
FOXO3,-1.95048970076143,0.0511177797587361,0.176695762225238,-0.461543425900089,2
TMEM80,-1.95009115076954,0.0511652558021218,0.176803292762163,-0.107331114094402,4
SNX2,-1.94878193525494,0.0513214719829882,0.177286389625916,-0.163662215758616,3
EPS8L1,1.94859368510163,0.0513439668745512,0.177307394558473,0.36430643330593,4
SCIN,-1.94835748757614,0.0513722028961918,0.177348205715776,-0.0114541790126742,3
UCP3,1.94738451924928,0.0514886526129718,0.177693426685406,-0.0582184555913135,2
ISCA1,1.94690655167739,0.051545939038549,0.177834312837562,0.140543922468775,3
GMFG,1.94646998420759,0.0515983100905828,0.177958156321352,0.681654325852544,3
TSPAN4,-1.94623023274691,0.0516270898426857,0.177964665088409,-0.118598973979456,4
SYT2,1.94617978247427,0.0516331476010991,0.177964665088409,0.66089485262292,3
NEUROD1,1.9457850934333,0.0516805599660131,0.178071262760087,0.266133841291589,4
IL1RL2,-1.94562539422118,0.0516997543229076,0.178080595088026,-0.201846294867591,3
CASP5,-1.94411679196181,0.0518813687617271,0.178563030394885,0.0235733158407018,3
LMO2,-1.94406083703624,0.0518881151983276,0.178563030394885,-0.189483578054748,3
GNAT3,1.94405014042542,0.0518894049629276,0.178563030394885,0.382171468346185,4
TYR,1.94390827303955,0.0519065134351168,0.178565018511507,0.261005607066252,4
DNAH9,1.94352710299808,0.0519525039426605,0.178622098493618,0.458117383596128,3
LGI1,1.94342361350528,0.0519649964681329,0.178622098493618,0.342812966418403,4
NME4,-1.94335969181335,0.0519727139016331,0.178622098493618,0.116686847965075,2
PER3,1.94297080333863,0.052019686089559,0.178726669573606,0.308717903676633,3
SIRT4,1.94276844345138,0.0520441423246557,0.178753839551965,0.233761984350058,3
ACBD3,-1.94212799268673,0.0521216074936501,0.178963001953722,-0.0826212112841207,3
MPHOSPH8,-1.94196229655152,0.0521416648217612,0.178974980427285,-0.192372332885309,4
SERPINH1,1.94132322376306,0.0522190843265184,0.179183783003511,0.624088500391703,2
SKIV2L2,-1.94084552854387,0.0522770167551841,0.179325606538424,-0.0281192201907354,2
PLK2,-1.9402036818314,0.052354941249224,0.179535896944164,-0.56802881600167,3
CTSD,1.93967606170168,0.0524190705839871,0.179698762439933,0.190836258028722,4
ZNF324,-1.93912547498925,0.0524860613957171,0.179871330963368,-0.401232476441434,3
EGR1,-1.93830705091092,0.0525857726932344,0.180155888560837,-0.165670218798399,2
IDH1,1.93814147746724,0.0526059642970675,0.180167922110629,0.211942564156259,3
DDA1,1.93730957912848,0.052707512019492,0.180356320092146,0.142835135006773,3
RECK,-1.93729720736834,0.0527090234444643,0.180356320092146,0.024748525945401,3
SCP2,1.93728051306492,0.0527110630004542,0.180356320092146,0.298142037892782,3
SEMA3A,1.93695544274919,0.0527507902422745,0.180379241826379,0.338249572544509,4
PLTP,1.93675545689053,0.0527752431905503,0.180379241826379,0.628122461617503,2
GIT2,1.9367282208547,0.0527785741657546,0.180379241826379,0.100652741267637,4
MON2,-1.93667930623283,0.0527845568795764,0.180379241826379,-0.322051970458876,4
FZD7,1.93619681835449,0.0528436000150993,0.180483324800275,0.507408466144215,2
SLC35C1,1.9360187498014,0.052865404606909,0.180483324800275,0.136916513944652,3
HADHA,-1.93590164389503,0.0528797483871418,0.180483324800275,-0.124187360868273,3
MS4A2,-1.93588450372442,0.0528818480830282,0.180483324800275,-0.164714861572759,2
BRD1,-1.9348573927757,0.053007797912685,0.180856043288952,-0.0603489204379029,4
TTLL7,-1.9346050040941,0.0530387854944526,0.180904629274101,0.245058389350857,3
ARID4A,-1.93417605175972,0.053091485792717,0.181027218918222,-0.223209980006694,2
MAP4K5,-1.93374946477609,0.053143938869094,0.181148888502352,-0.0501390244901561,3
ABCB7,-1.93332339289132,0.0531963718176453,0.181270412736342,-0.298376881598616,3
USF2,1.93227227966495,0.0533259079857392,0.181654512160818,0.264798939203201,3
DENND1A,-1.93095051884236,0.053489171840098,0.182111647287952,-0.501189083354401,3
APOL2,-1.93091292747657,0.0534938212224283,0.182111647287952,-0.00528186813676161,2
MAPK11,-1.93064550572875,0.0535269062703484,0.182129752761427,0.0383015556558813,2
NPL,1.93059738878165,0.053532861045874,0.182129752761427,0.173799817259254,2
PRPSAP1,-1.93015221942656,0.0535879797992948,0.182227584011173,0.0399435111207911,2
IL13RA1,-1.93009267501381,0.0535953558973797,0.182227584011173,-0.0748034471679902,2
MFAP4,1.92892741357993,0.0537398740384599,0.182661459837459,0.311221763575596,4
GPD2,-1.92782134774994,0.0538773514482298,0.183071138831009,-0.180618613181185,4
RFXAP,1.92753356677357,0.0539131690040494,0.18313523634646,0.5462661833238,4
USP24,-1.92660223776913,0.0540292195687259,0.183471747809298,-0.181058642350431,4
COPB2,1.92620794239799,0.0540784145042042,0.18358109160101,0.153539014486301,3
CYP4A22,1.92557379588447,0.0541576132841864,0.183792189348345,0.174246758974359,3
GPATCH3,-1.92513116859186,0.054212950500359,0.183922202042989,0.064891186176069,2
USE1,-1.92476956338915,0.0542581933538048,0.184017897836044,-0.255528754102533,4
STMN1,1.92429387369188,0.0543177580617533,0.184162091206233,0.412228487273106,3
LAPTM4A,1.92405982097673,0.054347085594296,0.184203708374517,0.225181080278634,3
PSMF1,1.92357789106479,0.0544075145186699,0.184350681251779,0.0312535147052556,3
RPL38,-1.92307750101799,0.0544703174563198,0.184505603375091,0.0174136700111476,2
MCTP1,1.922467487284,0.0545469608281734,0.184707294942297,0.303937787251329,4
POR,1.92179898569009,0.0546310560196405,0.184775799972943,0.0714102748634975,2
VPS33A,1.9217757007366,0.0546339871341523,0.184775799972943,0.191716441314866,4
CCNT1,-1.92154916772518,0.0546625100000448,0.184775799972943,-0.165232307449539,4
HSP90AA1,1.92154441221218,0.0546631089017408,0.184775799972943,0.158029042620661,4
PMCH,1.92144721677355,0.0546753507387529,0.184775799972943,0.221768350063437,4
UBE2B,-1.92138349649119,0.0546833775960234,0.184775799972943,-0.31848569446708,4
CCNF,1.9213552878637,0.0546869313565543,0.184775799972943,0.302891922515724,2
ZNHIT2,-1.92102969075427,0.0547279644593066,0.18485293403883,-0.280561330154414,4
CDIPT,1.92090261588625,0.054743985927626,0.18485293403883,0.200370369511124,3
TPH1,1.92059942833089,0.0547822273017515,0.184853698695716,0.391859230660912,4
SEMA6D,1.92057597174462,0.0547851868345295,0.184853698695716,0.532346184633488,3
PLXNA1,1.92048588625243,0.0547965542191447,0.184853698695716,0.320801612963669,2
UNC5B,1.92028793158628,0.0548215399215493,0.184853698695716,0.13874123122598,4
PSMD6,1.92022268841966,0.0548297769506642,0.184853698695716,0.0551934480712353,3
TNFSF15,1.91996010117078,0.0548629393464315,0.184907791207536,1.21530022150779,3
RAD51C,1.91858611001744,0.0550367348368733,0.185435686122241,0.383526655836667,4
ADAM15,1.91840141278294,0.0550601320614863,0.185456671820448,0.230778461225414,3
SLC22A1,-1.91825105354259,0.0550791855126375,0.185463018050969,-0.36251895824054,4
HOXB13,1.9179777388153,0.0551138339011031,0.185521855344256,0.179343736453825,3
PDPN,-1.91770810412318,0.0551480335702694,0.185579145989424,0.134908266537602,2
CD63,1.91701334174752,0.05523623670573,0.185818071907598,0.245730616894905,3
WASL,-1.91661816341102,0.0552864587720334,0.185929118199098,-0.131306708752365,3
KLF8,-1.91634554980038,0.055321126622199,0.185987802605974,-0.43217086394201,4
GALNT11,1.91600635251973,0.0553642871085634,0.186074993573958,0.301469188805321,3
KIAA0100,1.91548273560892,0.0554309688003649,0.186147430463881,0.193432193917368,4
ACAD8,1.91543870223252,0.0554365794228065,0.186147430463881,0.173765406409159,3
PTDSS1,1.91543118069914,0.0554375378450569,0.186147430463881,0.056124383856089,2
ARSD,1.9151315311721,0.0554757315561002,0.186217791258233,0.190131378101204,4
ZNF562,1.91446423320475,0.0555608649959271,0.186445624009321,0.181754623131334,4
ZNF408,-1.9137833066685,0.0556478493461115,0.186679524421334,-0.161378477249164,3
TIAL1,-1.91281985254596,0.0557711187399616,0.187034965733954,-0.0545310600290503,3
ARL2BP,1.91205288882589,0.0558694106549766,0.187306447515536,0.233543061490233,4
ZNF148,-1.91181286943572,0.0559002004929316,0.187336186887523,-0.0748526938290734,3
ART3,1.91171338375048,0.0559129667214752,0.187336186887523,0.244331022719402,4
HSPB2,-1.91095384946608,0.0560105119425057,0.187562544377325,-0.129012876284797,3
TOR3A,1.91091695759495,0.0560152534865072,0.187562544377325,0.409436227990681,3
POLRMT,-1.9105207237966,0.0560662006893196,0.187674961216619,-0.248737437623435,3
CNTN5,1.91029746188978,0.0560949243947256,0.187712940926836,-0.0288228194643884,2
COLEC11,1.91012495450691,0.0561171266807019,0.187729080955386,0.0995639520566144,3
EIF4ENIF1,-1.9087928060083,0.0562888252723795,0.18824516736602,-0.128843429561263,4
FGD6,-1.90857163606567,0.0563173738216019,0.188282349743406,0.0628151501672312,2
VAV2,-1.90835306264062,0.0563455990550977,0.188318428525113,-0.0559277963214882,3
LONRF1,-1.90734143196053,0.0564763882781455,0.188697168629919,-0.104210472255743,3
TMEM186,-1.90700631632152,0.0565197695676142,0.188783720120399,-0.401087163868436,4
SNORD42A,-1.90631354950734,0.0566095373468652,0.189025107394386,-0.106725913754932,2
STX7,1.9057715370139,0.0566798532958224,0.189164397327489,0.253156235358177,4
TNIP3,1.9055135058502,0.0567133535260772,0.189164397327489,0.54162735607606,3
PRDM11,1.9054186489368,0.0567256729567289,0.189164397327489,0.0710471425867061,3
KCNH1,-1.90533196564281,0.0567369327954003,0.189164397327489,-0.270134897906375,3
HMOX1,-1.90531749999257,0.0567388120108374,0.189164397327489,-0.101321561000039,2
PDHB,1.90418706843438,0.0568858252880505,0.189596015045209,0.370560802983804,2
ETNK2,-1.90220239100291,0.0571447003774286,0.19034248605053,-0.303432911562222,3
BIRC2,1.90219982039497,0.0571450363138186,0.19034248605053,0.194263543569932,3
GAST,-1.90169499585154,0.0572110404647974,0.190503594050783,-0.0831657684395614,3
RPL18,-1.90058635541849,0.0573562141065761,0.190926132156027,-0.20070090950261,3
HOXC6,1.90034307763665,0.0573881116663263,0.190926132156027,0.381422932259277,3
POLI,-1.90032135846263,0.0573909601102223,0.190926132156027,-0.200411010852229,4
BDKRB1,1.89985082411665,0.0574526990007928,0.191072676910888,0.208827714181799,2
GPR22,1.89933958730727,0.0575198410564985,0.191191676622596,0.143448224868687,4
MED28,-1.89930885150969,0.0575238797466614,0.191191676622596,-0.0817111479784772,3
OR2W1,1.89814594456981,0.0576768592672603,0.191641166965532,0.384054253402096,4
ATG7,-1.89769452976782,0.0577363335925252,0.191779789503831,-0.0107618552260197,3
CYP26A1,1.89702927486326,0.0578240744688513,0.19201218949048,0.341291430565156,4
ZBTB7B,-1.89639520838313,0.057907805012937,0.192173855276118,-0.290639489215567,3
WDR74,-1.89639115235897,0.0579083409483211,0.192173855276118,-0.202958652480517,3
TIAM1,1.8958781352209,0.0579761607786083,0.192339830691194,0.268392628037427,3
BID,1.89520582369782,0.0580651389262398,0.192575876782697,0.429007339197976,3
CANX,1.89474139495188,0.0581266707393634,0.192706272605946,0.0655764407335772,3
RBM4B,-1.8946398212188,0.0581401353844453,0.192706272605946,-0.0535301706661055,3
LPIN2,-1.89450006009759,0.0581586663974582,0.192708562707161,-0.21476614138655,4
DMXL2,1.8941135819084,0.0582099353283095,0.192763637825902,0.232501412010272,4
HPSE2,1.89410572336278,0.0582109782066369,0.192763637825902,0.394845627848392,4
DOK1,1.89388324361246,0.0582405091071044,0.19280232282407,0.606160749326791,3
TSGA10,-1.89363360475789,0.0582736597947942,0.192804642113609,0.0997253563883545,3
UTP14A,1.89333978120144,0.0583126980538795,0.192804642113609,0.066219838378242,3
ARSB,1.89333743733041,0.0583130095547809,0.192804642113609,0.402312223644796,3
CACNG4,1.89333495870203,0.0583133389664628,0.192804642113609,0.152426208857775,3
CLEC7A,1.89315244609092,0.0583375992857679,0.192804642113609,0.968023153262749,2
UBN1,1.89307193688938,0.058348303561321,0.192804642113609,0.162258667086189,4
IGHMBP2,-1.89270125490045,0.05839760944173,0.192908555715464,-0.156619813351438,3
DPY19L2P2,-1.89231837586378,0.0584485740313601,0.192962410603551,-0.103280182371237,3
NDUFAF1,1.89226009296697,0.0584563352398832,0.192962410603551,0.171430621747616,4
TASP1,1.892076442896,0.0584807964947708,0.192962410603551,0.234763964057433,3
NDUFB2,1.89204213695973,0.058485366813185,0.192962410603551,0.516857957814053,3
SMAD5,-1.8918624955855,0.0585093039086082,0.192982442998713,0.096128905533567,2
ZNF225,1.89152482796053,0.0585543199210366,0.193038423452374,0.513047528755784,3
SGPL1,1.8914671091487,0.0585620175572515,0.193038423452374,0.182488126173227,3
ANKS1A,-1.89109421762429,0.0586117682777822,0.193143478016048,-0.0747376353400611,3
KRTAP4-7,1.89039377059279,0.0587053159361875,0.193392340283592,0.236161120948224,4
NR4A2,-1.89021345965471,0.0587294172792233,0.193392340283592,-0.318895678342038,2
SLC6A7,1.89012683632252,0.0587409987474973,0.193392340283592,0.61303248755517,3
EEF1A2,1.88978723899448,0.0587864209235022,0.193482912497158,0.115148737086689,3
DCTN5,1.88889013228691,0.0589065519716107,0.193819242886792,0.22859511661273,4
APBB1IP,1.88852072022041,0.0589560789381965,0.193923131757125,0.479703944798425,2
IL4,1.88792780292264,0.0590356434513722,0.194125729242534,0.512952607313082,3
SLC2A8,1.88773381480979,0.0590616943679567,0.194152289276527,0.235272724156421,3
TRIOBP,-1.88733414559697,0.0591153965501921,0.194243814520509,-0.0939751752149199,2
CDK5R1,1.88725897842907,0.0591255010316082,0.194243814520509,0.388331527578734,3
WFDC2,-1.88695093578658,0.0591669251930772,0.194320804480274,-0.129952801967961,3
LDHB,-1.88657103861252,0.0592180451911747,0.194412135438923,-0.110063556387928,3
NUP153,-1.88641718601774,0.0592387584413235,0.194412135438923,-0.302737528694678,3
ZNF146,-1.88634315753162,0.0592487270750728,0.194412135438923,-0.0902918496482282,4
NELL1,1.88597257036493,0.0592986510627835,0.194516862672392,1.43691023654508,3
SEMA3D,1.88455927799258,0.0594893645690549,0.195083216780489,0.576350862179734,3
GOLPH3L,-1.88330192940066,0.0596594621105818,0.195581641796208,-0.375090744286785,3
IL11RA,-1.88303935890632,0.0596950342386941,0.195638883448536,0.11565440019578,2
HELZ,-1.8828806259532,0.0597165473533586,0.195644679040814,-0.116205515735234,3
ACOT7,1.88275906837811,0.0597330264281247,0.195644679040814,0.0737096774406064,3
ACVRL1,1.88132872709921,0.0599272155615874,0.196221213245307,0.577089692121496,3
TRIM29,1.88080529932887,0.0599984090364129,0.196386879079182,-0.173222322389846,2
NEIL3,1.88068947542498,0.0600141721755581,0.196386879079182,0.56906350644475,4
MEF2D,-1.87996723592053,0.0601125433823565,0.196649210665117,-0.306433821070181,3
CD40LG,1.87982211325027,0.0601323256515713,0.19665436926681,0.311331336736216,4
DNALI1,-1.87932875868996,0.0601996172147981,0.196814850228284,-0.104720469874247,3
HCN2,1.87887164046543,0.0602620219990921,0.19695926221912,0.477010053075315,4
ETV2,-1.87850165425061,0.0603125709731656,0.197041727968271,-0.503648819100275,4
EDN3,1.8784199693185,0.0603237358258723,0.197041727968271,0.504501477999726,3
HYMAI,-1.87756984765545,0.0604400338136686,0.197236010242284,-0.151243628159607,3
CNDP2,1.87748056676637,0.0604522583566804,0.197236010242284,0.27326650117757,3
GNE,-1.87736739395812,0.0604677571810637,0.197236010242284,-0.15920558820233,4
CRP,1.87732425194926,0.0604736662730776,0.197236010242284,0.203839617453396,3
LAX1,-1.87731808620614,0.0604745108241479,0.197236010242284,-0.402140539178208,3
BSDC1,-1.87702393183454,0.0605148139028609,0.197307884026171,-0.245469846716811,3
GNG7,1.87605978805915,0.060647070571906,0.197679437633593,0.25847965781205,4
TMEM168,1.87546928569967,0.0607281910972857,0.197884138833448,0.18388538723029,3
SGSH,-1.87469224942653,0.0608350737790759,0.19817263780506,-0.184339487374389,4
PARP16,-1.87420086992953,0.0609027442869701,0.198333266140443,-0.129652440300514,3
TRIM21,1.87404768508996,0.0609238529397332,0.198342212011753,0.209078213309089,4
EGR3,-1.8736180079885,0.060983094178375,0.19847525860645,-0.513757978386414,2
ZFP30,-1.87300010103404,0.0610683710407261,0.198692934934314,-0.110337550725285,3
INS-IGF2,1.87278314644067,0.0610983361961164,0.198730571391282,0.744457987232077,3
SLC26A2,1.87263468436465,0.061118848376075,0.198737447368562,0.582923823879971,4
OXCT2,-1.87249200345316,0.0611385671793168,0.198741740195901,-0.185606398320538,3
MPV17,1.87232777151004,0.0611612709035194,0.19874569711207,0.292556925166276,4
BET1L,-1.87213197880282,0.061188346769637,0.19874569711207,-0.201603939609699,3
WDR3,1.87208401331863,0.061194981354818,0.19874569711207,0.257108399072061,4
CORO1A,1.87179187461661,0.0612354028426114,0.198800051751561,0.678197967625988,3
MYH6,1.87166385479984,0.061253123146948,0.198800051751561,0.124084727543428,3
CER1,1.87156413258383,0.0612669294835165,0.198800051751561,0.133689887915977,3
NTRK1,-1.87141311037062,0.061287843106268,0.198808192562735,0.117011982157364,2
MMP19,1.87098517693221,0.0613471356295182,0.198940786271407,0.786321051573753,2
TRPV2,1.8708069510344,0.0613718438115237,0.198961181528235,0.574986589782157,3
SLC4A8,1.87004185613729,0.0614780056659582,0.199245549716076,0.149520533721726,3
AFP,1.86988353942079,0.0614999921074135,0.19925702301868,0.549043124593359,4
RPS6KB1,-1.86962082480848,0.0615364913081227,0.19931549598511,-0.141154375837532,3
CDH18,1.86939012403752,0.0615685575813796,0.199359580034191,0.30345992174913,4
CLCN6,-1.86906309516621,0.0616140366894815,0.199447055534845,-0.307805796717594,3
IRX5,-1.86839807607336,0.0617066050536625,0.199686862729078,0.0379141870651833,2
OXA1L,-1.86763521166939,0.0618129348890993,0.199971046023375,-0.301999753613492,4
INHBA,1.86722813806751,0.061869735787555,0.200094876041068,0.534899214493281,4
MARK4,-1.86662529791631,0.0619539322639364,0.200307206319976,-0.239806424683936,4
CNNM2,-1.86611882359224,0.0620247429532898,0.200476144039927,-0.241174514668558,2
ICAM4,-1.86464590475365,0.0622310539049521,0.201038077825151,-0.218355576478508,2
VPREB3,1.86461192283244,0.0622358204265234,0.201038077825151,0.411761674820744,4
SPRY4,-1.86357886226403,0.0623808683278795,0.201446379574814,-0.457285022142712,2
ZNF335,-1.86298408238744,0.0624645057575329,0.201656183859196,-0.27986618305723,4
TRIM58,1.86278106898459,0.0624930745487822,0.201688136025081,0.54041761440314,4
USP48,-1.86229444090564,0.0625615986386601,0.201848981031902,-0.074878688023384,3
C1orf21,-1.861588545506,0.0626611090926504,0.202017977886609,-0.266440061845454,3
SYNCRIP,1.86156160360954,0.0626649096979076,0.202017977886609,0.157438798719966,3
MAPK8IP1,-1.86140738839066,0.0626866680032039,0.202017977886609,-0.0483107493511107,2
JAKMIP2,1.86139238208763,0.0626887855837726,0.202017977886609,0.29401703908569,4
SCN3A,-1.86099766232124,0.0627445068163165,0.202097523689742,-0.0227446189453935,2
NCAPH,1.86095247610296,0.0627508882110159,0.202097523689742,0.259407337344273,3
BRF2,-1.85869334072106,0.0630706179232526,0.203016870068638,-0.194323931250051,3
LGI2,1.85866997222878,0.0630739322301749,0.203016870068638,0.668758447237874,3
MLF2,1.85542227503693,0.0635359489306539,0.204392680421532,0.291109640082975,4
PAFAH1B2,1.85529397364549,0.0635542583176877,0.204392680421532,0.357699367682063,3
CD40,-1.8552667865904,0.0635581386350607,0.204392680421532,-0.194783153480265,4
GGNBP2,-1.8551103886294,0.0635804645943021,0.204403624567753,-0.221798539227839,2
FGF7,1.85468965286401,0.0636405571893147,0.20453594131478,0.601246990217276,3
KL,1.85314988660964,0.0638608781802766,0.20518298813306,0.446087542070793,3
KCNAB2,1.85268450582589,0.0639275920959248,0.205301359072046,0.249813451871737,4
ARL4D,-1.85262775452422,0.0639357315236404,0.205301359072046,0.024027055700142,2
ZNF671,1.85171134092046,0.064067284615551,0.205662647375091,0.553305198661326,3
C6orf10,-1.85142315472858,0.0641087005124409,0.205734457200055,0.0969297925215357,2
CDK4,1.85092675196961,0.0641800915209086,0.20590239043922,0.224486159197482,3
MT1E,1.84947441371285,0.0643893390475963,0.206512363536857,0.119085187527203,3
GABRQ,1.84921828653812,0.064426299252476,0.206541386347105,0.385925185380635,3
AKAP5,-1.84914672149466,0.0644366295121036,0.206541386347105,-0.285286820447693,3
SAP18,-1.8485746784813,0.0645192518371553,0.206652175700837,-0.0830317478722349,2
VPS16,1.84852842844518,0.0645259357225853,0.206652175700837,0.177920997633281,3
UBC,-1.84851008888382,0.0645285862468916,0.206652175700837,-0.406243272554983,2
HEATR1,1.84697093771422,0.0647513524351526,0.20729470417451,0.0614558202999133,3
MAGEC2,1.84685884272955,0.0647676010543393,0.20729470417451,0.420337415286289,3
DNTTIP2,-1.84577337280611,0.0649251183808943,0.207727676656064,-0.213078179576437,4
EDA2R,1.84566170522792,0.0649413408690545,0.207727676656064,0.180639117806396,3
PBRM1,1.84472637561008,0.0650773520657829,0.208060235428599,0.317633460487959,3
BCL11B,1.84468186557241,0.0650838303567151,0.208060235428599,0.501877887320107,4
NAP1L1,-1.84430691306249,0.0651384245901844,0.208173154563068,-0.191751953202365,4
MRPS2,-1.84334003193829,0.0652793797461903,0.20856192251356,-0.263968768362654,3
PELI1,1.84189406323975,0.0654906471862956,0.209125374238571,0.0255219728113951,3
FANCA,1.84186801275877,0.065494458530743,0.209125374238571,0.438700048077941,3
SELE,-1.84144589512538,0.0655562424129293,0.209260795078151,0.0125594941097143,3
PIGF,-1.84087401551413,0.0656400230725529,0.209442913470204,-0.0929281326653812,3
CYBB,1.84079180537465,0.0656520741538706,0.209442913470204,1.01278596190005,3
ASB13,-1.84047640865477,0.0656983246862088,0.209528580826817,-0.299978276043057,3
EHD4,1.84028844798962,0.0657259004599042,0.209546043346966,0.0440376066302245,2
ALG5,1.84017466831239,0.0657425977506819,0.209546043346966,0.266033658819909,3
SIRT7,1.84003491371804,0.0657631116734558,0.20954959654769,0.142878246519588,4
TUBGCP3,1.83988647193175,0.0657849065265186,0.209557228044664,0.14852536248363,4
ZNF34,-1.83957586159113,0.065830530918095,0.209585705214217,-0.236525697214465,4
SLC9A3R1,-1.8395614313474,0.0658326511564376,0.209585705214217,-0.126571120616394,3
CYP2C8,1.83880213581548,0.0659442940090022,0.209851505013362,0.633268944784606,3
GAK,-1.83872941060988,0.0659549953268251,0.209851505013362,-0.165638672757597,3
PCDH9,-1.83841315813855,0.0660015476694755,0.20987114810372,0.00135500291602279,3
RCBTB2,1.83838220126783,0.0660061059733712,0.20987114810372,0.469682933418477,2
ELP3,-1.83829154872969,0.0660194557726755,0.20987114810372,-0.00108120497544575,2
GREB1,1.83735251556171,0.0661578719085447,0.210249288719064,0.647676610010071,4
S100P,1.83707960335279,0.066198144752501,0.21031539988721,-0.196911392821075,3
CD19,-1.83645242763066,0.066290771759221,0.2105213802789,0.315966123055046,2
TG,1.83637674382235,0.0663019566477336,0.2105213802789,0.197275932604916,4
PRKCH,1.83596424213181,0.0663629453067163,0.210653110550441,0.328012367191793,4
TALDO1,1.83580418252823,0.0663866226709846,0.210666362541709,0.179750087148903,3
SPCS3,1.83525435821502,0.0664680103275825,0.210820608226619,0.350043609728004,4
SHANK1,1.83521213877692,0.0664742632493856,0.210820608226619,0.660223980646744,3
METTL4,1.83462198643167,0.0665617186612012,0.210999306931966,0.302484369558147,4
SLC28A1,-1.83456832304751,0.0665696758030124,0.210999306931966,-0.396709364991888,4
SEL1L2,1.83415823146074,0.0666305095609783,0.211072376199128,0.53521816562124,3
ARHGAP10,-1.83372019007848,0.0666955400055192,0.211072376199128,-0.445262474106531,3
BAG4,-1.83366908819309,0.0667031298570159,0.211072376199128,0.0857763465028281,2
SLC17A2,1.83360792448786,0.0667122150643527,0.211072376199128,0.103012307735792,3
OLFML3,1.83353509107541,0.0667230350097074,0.211072376199128,0.766159764043816,3
SNX29,1.83353192740803,0.0667235050287817,0.211072376199128,0.305386770048592,4
MRPL41,1.8334118194608,0.0667413512179268,0.211072376199128,0.00110442696261912,3
MCM10,1.83336001411285,0.0667490499070747,0.211072376199128,0.364230761691387,3
DIDO1,-1.83321434302619,0.0667707017150246,0.211079051778079,-0.167865158001199,3
SAMSN1,1.83298793202256,0.0668043657720125,0.211123686093996,0.86671586061116,3
F8,1.83247495345365,0.0668806900035994,0.21130307499821,0.168598930769147,3
DNAJB14,-1.83200198281395,0.0669511251995923,0.21140537464681,-0.176446025730448,3
POLR2L,1.83199469275683,0.066952211318898,0.21140537464681,0.476518848716955,4
HERPUD1,-1.8308666866395,0.0671204437331945,0.211817773692517,-0.53477375311414,3
HMGCS2,1.83085601752366,0.0671220365996563,0.211817773692517,0.140638607064784,3
COPE,1.83055309764624,0.0671672745981066,0.21187561996835,0.13961211555959,3
FAM53B,-1.83047061945129,0.0671795962221439,0.21187561996835,-0.175747075359217,3
RPL11,-1.82976868633537,0.0672845350770873,0.212128632827947,-0.120056280127034,3
MASP2,-1.82967136628467,0.0672990950473408,0.212128632827947,-0.157601861300106,4
SCN4A,-1.82926150138739,0.0673604430450889,0.212224267080712,-0.216257023227724,2
STAMBP,-1.82920616589914,0.0673687291075505,0.212224267080712,-0.119062094303473,3
ESPN,1.82885893421065,0.0674207435215193,0.212326201609169,0.297664721061696,4
CTSB,1.82837595292171,0.0674931478227096,0.212492271285604,0.231086042763365,2
PDLIM4,-1.82784756642224,0.0675724321439156,0.212592942029421,-0.476925578693847,2
GNMT,-1.82780166845288,0.0675793227435241,0.212592942029421,-0.461565842173168,3
CC2D1A,-1.82776940893884,0.0675841661663609,0.212592942029421,-0.113676865849931,4
RPS18,-1.82750513652623,0.0676238546114991,0.212655859538111,-0.0869294319435862,2
SYT5,1.82628531645675,0.0678072958428002,0.213110437129809,0.35710529846252,3
UBE2G1,1.8261509473739,0.0678275277855516,0.213110437129809,0.116246153755651,3
C1orf54,-1.82615050000672,0.0678275951538867,0.213110437129809,-0.14582298868847,2
CLPTM1,1.82571516768041,0.0678931772685784,0.213254463755506,0.186267282353824,4
BGN,1.82527409645984,0.0679596771191555,0.213401288442186,0.207303919753346,3
SH2B2,-1.8249840022185,0.0680034435223415,0.213476662867868,-0.406933425582381,3
MTMR7,-1.82460655240406,0.0680604239239389,0.213593462878091,-0.323033017151048,3
PDCL,1.82360191171826,0.0682122773647517,0.21399848717334,0.226023346314953,4
LILRA6,1.82349069716111,0.068229104779206,0.21399848717334,0.562139335047333,3
PPEF2,1.8230118927441,0.0683015896764366,0.214163649255404,0.379851517047178,2
TAF7L,1.82287493796816,0.0683223345274111,0.214166528602755,0.32478890527171,4
ZIC4,1.82246845657519,0.0683839356909817,0.214297439319404,0.488510414427117,3
FUCA1,1.82223650786317,0.0684191073510353,0.214345474943701,0.545276271354025,2
EXOC7,-1.82178886510982,0.0684870279282622,0.214494044324837,-0.35861272077281,3
EN2,-1.8216622811768,0.0685062444844183,0.214494044324837,-0.193718706428436,3
B4GALT5,1.82150156418889,0.0685306491244251,0.21450827929355,0.265200742449695,3
RASAL2,1.82106514534511,0.0685969547384483,0.21462110187764,0.295940392884467,2
PFKM,-1.82100280333697,0.0686064307335207,0.21462110187764,-0.133025660498678,3
PLEKHA2,-1.82026662413957,0.0687184114724901,0.214909172184667,-0.177709006597349,3
PDE6G,1.81966503764286,0.0688100307035919,0.215133415820608,0.356987711154266,3
LDLRAP1,-1.81940667626513,0.0688494089121158,0.215194246258297,-0.0971969711490755,3
PHKA2,-1.8185225818947,0.0689842984725047,0.215553483396007,0.0844698501568579,2
SPARC,1.81722080333901,0.0691833108045463,0.216106899685244,0.671944891185063,2
HYAL2,1.8171024838727,0.0692014225153914,0.216106899685244,0.339777136135811,2
F2RL1,1.81672071465493,0.069259888262639,0.216226969078909,0.140113007320869,3
LLGL1,1.81622270036106,0.0693362172453497,0.216402721376558,0.424483168886698,3
IL2RB,1.8155709536282,0.0694362126353378,0.216652215160866,0.357212720251761,3
GABBR2,1.81521977772357,0.0694901414938483,0.216731928459991,0.253687916692547,4
TMEM160,1.81514331245898,0.0695018885563238,0.216731928459991,0.351124028490191,3
MED4,1.81495680923022,0.0695305471639942,0.216758721635055,0.213428764349615,3
NBEA,-1.8147475516444,0.0695627138201944,0.216796432396347,-0.0546388917689091,3
PYCR1,1.81440359810643,0.0696156122144673,0.216898714491109,0.357074111463672,2
RAB28,1.81256912156297,0.0698983039519189,0.217716689529593,0.143174196284214,4
GINS2,1.81238423252481,0.0699268474350831,0.217742809453378,0.195478827276349,3
DDAH2,-1.8118342312598,0.070011814127028,0.217944557982754,-0.036418823996519,3
RPH3AL,1.81163299949753,0.070042922487066,0.217978579287032,-0.0525829487347747,2
EBP,1.8111162944009,0.0701228517408712,0.218124442976556,0.185024212563236,3
NOTCH1,-1.81096873960213,0.0701456907676625,0.218124442976556,-0.19478890553118,3
ZNF318,1.81069477468491,0.07018811216491,0.218124442976556,0.1778239303718,3
LBR,1.81065728538495,0.070193918736811,0.218124442976556,0.313949183127957,4
CACNG1,1.81038602109453,0.0702359455537448,0.218124442976556,0.293100145357883,4
PIGB,1.81036200168179,0.0702396678620371,0.218124442976556,0.168184948598034,3
STT3A,1.81030028706113,0.0702492325701679,0.218124442976556,0.19466098498777,3
CARD10,1.810286712599,0.070251336522444,0.218124442976556,0.426145878910895,4
CSGALNACT2,1.80977477747099,0.0703307208479603,0.218308174310249,0.060981305807624,3
GNA15,1.80936415513574,0.0703944480647439,0.218443214017628,0.698492885524758,3
GMPR,-1.80907675961971,0.0704390790652038,0.218518935112674,-0.287680089592015,3
NCBP2,1.80863882419963,0.0705071327493606,0.218579434656813,0.178423256499126,4
GRIP1,1.8086054539707,0.0705123205808212,0.218579434656813,0.207461547188439,4
NRF1,-1.80856065131303,0.0705192862228284,0.218579434656813,-0.0778050975394413,3
HMGCL,-1.80830160483894,0.0705595722449613,0.218641566090095,-0.146493081270807,3
ITPR3,1.8078409670421,0.0706312556896448,0.218800924565398,0.217122218846136,2
SCRN1,-1.80704208859936,0.0707557170198422,0.219071553429678,-0.237219684707131,3
HIST1H3B,1.80701988468344,0.0707591788480048,0.219071553429678,0.327196024993738,3
RAPGEF4,1.80685152874771,0.0707854318601068,0.219090038668445,0.398894079620221,2
BEX1,-1.80660937330011,0.0708232069941618,0.21914416555455,-0.383777556359475,3
C8A,1.80601622622791,0.0709158050454759,0.219367848253502,0.577584841931972,3
DBP,1.80568129358451,0.0709681362706848,0.219414945992256,0.331172159012979,4
NAB2,-1.80565877776134,0.0709716553690929,0.219414945992256,-0.290331329318075,4
DKK3,1.80515612544122,0.0710502543989524,0.219595092422742,0.606813224651131,2
TSC1,-1.80482667581847,0.0711018086737171,0.219691572452372,-0.1396192709503,2
DNAJB6,1.80467487830218,0.0711255731879389,0.219702156584534,0.0712832458045247,3
NAV2,1.80437473368092,0.0711725812066247,0.219771655020246,-0.061633081220522,2
FAM155B,1.80418617716848,0.0712021255539142,0.219771655020246,0.519253666822287,4
TPP2,-1.80414161880816,0.0712091087364247,0.219771655020246,0.0076517579970136,3
RPL19,-1.80400531664072,0.0712304734860726,0.21977479994189,-0.168168715249391,3
ADCY8,1.80374547050614,0.0712712177514033,0.219837719631827,0.417679249670602,3
ACYP1,-1.80298760344919,0.0713901615679257,0.220081231697792,-0.138228135891396,4
ACTR10,1.80298282263312,0.0713909124115037,0.220081231697792,0.0992552178197032,3
RASSF9,1.80261275583517,0.0714490523158612,0.220174480681232,0.172184183200204,4
PLEKHG3,-1.80251277920951,0.0714647659507247,0.220174480681232,-0.318260627410133,3
GNB5,-1.80240118323873,0.0714823091787707,0.220174480681232,-0.162088351774778,3
CDC42EP1,-1.80149977102244,0.0716241433582574,0.22054845967956,0.212013853382778,2
MCHR1,1.80019047432472,0.0718305674250944,0.22101386549569,0.66058642326308,3
PNKP,-1.80017141545721,0.0718335758462538,0.22101386549569,-0.158283994794981,4
MICA,-1.80015183031808,0.0718366674463404,0.22101386549569,-0.425834307968779,3
IRF2,-1.79970272134601,0.0719075911799244,0.221169077427547,-0.346184047664082,3
TNPO2,-1.79888533271412,0.0720368211944807,0.221499781753097,-0.192565130392081,4
SPSB1,1.79876335501717,0.0720561222996096,0.221499781753097,-0.1653966387559,2
IFI44,-1.79855509724009,0.0720890856968314,0.221538066485682,0.18200629106813,2
KCTD3,-1.7971957143328,0.0723045546785825,0.222137030613779,-0.0637692880815923,3
ZNF580,-1.79661904253436,0.0723961192033714,0.222355097991134,-0.434092578574115,4
RABGAP1L,-1.79589317947631,0.0725115073992193,0.222646191849451,-0.0816524194359639,3
CLSPN,1.79547797141083,0.0725775794006132,0.222726829909287,0.423075452222311,2
IRF4,-1.7954581446088,0.0725807356692985,0.222726829909287,-0.968275847382467,2
FZD5,-1.79533949087059,0.0725996267460284,0.222726829909287,-0.32225894619562,3
SLC15A3,-1.79489782683431,0.0726699802549147,0.222879365903915,-0.00643016584238122,3
PHKA1,-1.79449074223987,0.072734874950472,0.223015077835651,-0.371187221737787,3
LIMD2,1.79386986633036,0.0728339421535847,0.223255460596771,0.165961718953412,3
TXNL4B,-1.79358423143065,0.0728795552424942,0.223331902334588,-0.204683346583158,4
ZMYND11,-1.7928664318091,0.0729942839873092,0.223620038465943,-0.0594484096766058,3
CTAGE5,1.79203263104043,0.0731277391467977,0.223907669845734,0.216299866693358,3
BIN1,1.79202082865831,0.0731296296256018,0.223907669845734,-0.00270754245204985,3
CARD14,-1.79136976808361,0.0732339769874953,0.224163621257842,-0.12915533375473,2
EGF,1.79101788916676,0.0732904243249526,0.224250187608551,0.48677376657844,3
NSUN5,-1.79093467660934,0.0733037782304938,0.224250187608551,-0.0304221694978938,2
ICAM2,-1.79055108912979,0.0733653618752297,0.224375039347744,-0.130518493746931,4
NMB,1.79021094032729,0.0734200069859503,0.22445307258734,0.326049071257203,4
CYB5R4,-1.78993736950716,0.0734639804535387,0.22445307258734,0.168100175589016,3
COL10A1,1.78985277775672,0.0734775819961013,0.22445307258734,0.644049645486661,3
TBC1D19,-1.78976112081142,0.0734923218790019,0.22445307258734,-0.177753595368219,3
DSPP,1.78974589210481,0.0734947711295521,0.22445307258734,0.668226193603372,3
AK5,1.78928976822961,0.0735681610103972,0.224613701309867,0.388296676518164,3
NOL10,-1.78867154533187,0.0736677281170559,0.22485413933892,-0.186076478886893,3
XPO7,1.78772267310632,0.0738207618582081,0.225257590280329,0.081202577838863,3
TRPM4,1.78713907048083,0.0739150140831828,0.225481497352878,0.29015291730827,4
B4GALT1,-1.78609066987723,0.0740845785937536,0.22591711449799,0.123088485686072,3
DUS4L,-1.78599762705676,0.0740996423501553,0.22591711449799,-0.00918807952196868,3
SRGAP3,-1.78577604730321,0.0741355264874611,0.225962741850326,0.023166549189738,2
SERPINB13,1.78549226842048,0.0741815043179681,0.226039100040251,0.276474883415368,4
DENND2A,1.78531764190653,0.0742098088719683,0.226041341336761,0.466731141779338,4
VAMP1,-1.78522954434056,0.0742240916239115,0.226041341336761,-0.477251991980033,3
ABCG5,1.78471550481048,0.0743074747016492,0.226231494286137,0.747127694717698,2
GPD1,-1.78352004794354,0.0745016874820288,0.22666965757998,-0.152542494776669,2
ALPK1,-1.78314633516941,0.074562485521489,0.22666965757998,-0.0250632865716853,3
PPL,-1.78305343135606,0.0745776060109835,0.22666965757998,-0.519559772554255,4
KIR3DX1,1.78296026606986,0.0745927715718309,0.22666965757998,0.317764369324847,4
TMEM63A,-1.78293022594959,0.0745976620769909,0.22666965757998,-0.16738689224411,2
PPM1H,1.78285686107554,0.0746096069150081,0.22666965757998,0.682909373224388,3
ZNF770,-1.78265648832408,0.0746422383915173,0.22666965757998,0.0760441543265405,2
CYP11B2,1.78259883639651,0.0746516293901506,0.22666965757998,0.423210128627677,4
ZNF281,1.78258222422431,0.0746543355479407,0.22666965757998,0.254828544756848,3
AAMP,-1.78253988376929,0.0746612332595416,0.22666965757998,-0.201926379955177,3
TM4SF5,1.78206584253267,0.0747384951816007,0.226744404347624,0.207396161714521,4
OSGIN1,-1.78202573497221,0.0747450351341334,0.226744404347624,-0.286988545543738,3
FXYD6,1.78200248496265,0.0747488265026745,0.226744404347624,0.388971547969128,4
TRHDE,1.78105376603519,0.0749036677025885,0.227085687963643,0.0694704037012892,3
HIST1H3F,1.78101300405241,0.0749103263644352,0.227085687963643,0.0545007013074995,2
LDHAL6B,1.78089712079204,0.0749292590815476,0.227085687963643,0.262659799530936,3
MAP3K12,-1.78079819330765,0.0749454246982399,0.227085687963643,-0.000774683927068177,3
LSM4,1.78058067673798,0.0749809788255989,0.227129706470589,0.206573932995065,4
ABLIM1,-1.77996465961863,0.0750817445285694,0.227371181496385,-0.384636676050762,2
PZP,1.77972704030818,0.0751206429194706,0.227425219959675,0.111250229714576,2
TMPRSS11E,1.77948675377021,0.0751599946683461,0.227480600282285,0.270173099431498,3
SERPINA10,-1.77925169157508,0.0751985071110541,0.227533410031823,-0.531970306379652,3
SDF4,1.77896463658467,0.0752455598711184,0.227612024006671,0.130839085904146,3
TFF1,1.77794914675563,0.0754122073452281,0.22798479313796,0.259868351653884,2
ZCCHC8,-1.77776081894103,0.0754431460697346,0.22798479313796,-0.26854173651104,3
ATP9A,-1.77770540022577,0.0754522522970558,0.22798479313796,-0.158726470257588,3
SOX14,1.77769953775831,0.0754532156515653,0.22798479313796,0.384989380969725,4
NDC80,1.77743983563762,0.0754959014784663,0.227990762340214,0.696352186239654,3
SEC24C,-1.77743069705493,0.0754974038965881,0.227990762340214,-0.0903808601754238,3
TMEM53,-1.77681234794704,0.0755991195721339,0.228234122308047,-0.0784613210696502,3
EMP2,1.77621945198511,0.075696753323566,0.228465026376407,0.184943093238577,4
PSMB6,1.77578441020658,0.0757684582392138,0.228560373065499,0.289531010386719,3
KCNMB3,-1.77577104224422,0.0757706624650576,0.228560373065499,-0.0428573595328871,3
MFAP3L,1.77445098629434,0.0759885826012657,0.229138725703246,0.351151142943118,3
OTC,1.77435275800592,0.0760048189404489,0.229138725703246,0.036552073897035,3
GSTT2,-1.77291133590965,0.0762433999669101,0.229793863404733,-0.0351194103279434,2
DSN1,-1.77238550125659,0.0763305868834171,0.229970316369571,0.099159940582054,2
LIN37,-1.77230148677724,0.0763445245789003,0.229970316369571,-0.162350160022116,3
CADM1,1.77172621771245,0.0764400153877752,0.23019376811228,0.643037533147375,3
SOCS2,-1.77150443718251,0.0764768554723274,0.230240521965463,-0.201023309493253,3
RGS7,1.7712653835409,0.0765165810149092,0.230295934277807,0.306360330073538,3
GPR157,-1.77088934681036,0.0765791042325146,0.230419911955327,-0.361029371686672,3
SLC25A5,1.77057113244455,0.0766320459229583,0.230514998624282,0.122421446177509,3
EXTL3,1.77038928736673,0.0766623130941839,0.230541844666864,0.259196078275435,3
EBI3,1.77008694954808,0.0767126572305274,0.230629035180673,0.414228483248459,4
CD48,1.76931142029404,0.0768419186424572,0.230850061906217,0.391091170622747,4
MYBPC3,1.7691697810529,0.0768655455394739,0.230850061906217,0.314782694081244,3
HN1,1.76915092892785,0.076868690716286,0.230850061906217,0.296865061347178,3
HIST1H3D,-1.76913313092662,0.0768716601255936,0.230850061906217,-0.535555931094564,4
FAM76A,1.76898134189044,0.0768969883289879,0.230861942170575,0.0558933174313795,3
DNAJB5,-1.76851520808228,0.0769748120413872,0.231020924195553,-0.089645957269641,3
IMPA1,-1.76840801976044,0.0769927168213284,0.231020924195553,-0.141121443167275,4
ALG8,1.76802516363894,0.0770566969764786,0.231148692235468,0.166478007006358,3
CLDN16,-1.76703278220176,0.0772227383418207,0.231582459624749,0.00102612386437567,2
DDX25,1.76651332576568,0.0773097679259827,0.231767379012906,1.00008299882027,3
NDUFA9,1.7663177706958,0.0773425518650653,0.231767379012906,0.220146622670351,3
GPR75,-1.76628069408898,0.0773487688707209,0.231767379012906,-0.124408012066222,4
WAC,-1.76592226908783,0.0774088905726539,0.23188320464942,-0.178737657329811,3
ENPEP,1.76569249837304,0.0774474520087905,0.231888568195037,0.359866230778902,4
DNAJC16,1.76558275548728,0.0774658752091827,0.231888568195037,0.218537360816789,4
VSX1,1.76552791688247,0.0774750826343166,0.231888568195037,0.0354652153165408,3
CFP,1.76508244948489,0.0775499098401029,0.232036094995413,0.140408095667016,3
PCSK1N,1.76497877038667,0.0775673337371262,0.232036094995413,0.458033945519235,3
ATP8B4,-1.76471711961519,0.0776113199042185,0.23205384915,0.120814412443544,3
PRG2,-1.76468789720375,0.07761623375106,0.23205384915,-0.125772199062644,3
PTPRR,-1.764293409951,0.0776825929142524,0.232187982473645,-0.138362379968031,2
GPR1,-1.76402378234152,0.0777279752369093,0.232259360583429,-0.153614424196161,3
CBL,1.763626573954,0.077794870628535,0.232328840644439,0.261163997661914,3
AKT2,1.76343490667729,0.0778271668179832,0.232328840644439,0.0311585629514916,3
PDE3A,1.76339584640082,0.0778337498652994,0.232328840644439,0.577916710430717,3
ITM2A,-1.76337502476058,0.0778372592383101,0.232328840644439,0.365919874087375,2
LRRC17,1.76284899944341,0.0779259606701008,0.232529344518903,0.606205462441472,3
CNOT6,1.76229232036969,0.0780199207409287,0.232664556927623,0.285614570383974,3
EPB41L4B,-1.7621807300569,0.0780387668053145,0.232664556927623,-0.592605876530386,3
DIS3,-1.76210618886011,0.0780513578498687,0.232664556927623,-0.375429195949337,3
HRC,1.76207024665897,0.0780574295783842,0.232664556927623,0.42088200989328,4
CDH9,1.76026998579596,0.0783620406230277,0.233459845451561,0.383718308560654,3
PBOV1,1.76011994191942,0.0783874722423632,0.233459845451561,0.309681226090844,3
FOXJ2,-1.76011044820659,0.0783890816008896,0.233459845451561,-0.205130380389191,2
PHF20L1,1.75983389822697,0.0784359736996605,0.23353511243212,0.235756626346024,3
PKP3,1.75970285982027,0.0784582006767663,0.233536920283943,0.394134673268847,2
GLRA1,1.75925537352614,0.0785341427756735,0.233698570320338,0.325475191097371,3
ELAVL3,-1.75868586137757,0.0786308801643462,0.233921996016323,-0.214422541770384,3
IMP3,-1.75822015600566,0.0787100569669429,0.234091976839792,-0.173911504198899,3
DNASE1L1,1.75808879375617,0.078732402218503,0.234091976839792,0.015110992555156,2
PARD6B,-1.75796754752067,0.0787530312753011,0.234091976839792,-0.480256089317662,4
COL14A1,1.75757931825236,0.0788191149014357,0.234183467394189,0.79624063462909,3
MRPL9,-1.75753201569799,0.0788271697320192,0.234183467394189,-0.0171246196280908,2
SLAMF1,1.75671503147671,0.0789663941220802,0.234532578858045,0.0927278805184992,3
ENC1,1.75606077077441,0.079078032553065,0.234799589785104,0.927978561141627,2
HOXB6,1.75574444154784,0.0791320547600419,0.234851200683405,0.286645228730532,4
CLC,1.75570438630659,0.0791388974715418,0.234851200683405,0.467817449296868,4
VPS8,1.75534470664152,0.0792003637838887,0.234859163137549,0.177310063223377,4
CORO2B,-1.75530808490286,0.0792066243166444,0.234859163137549,-0.064982975299308,3
DCHS2,1.75530701517491,0.0792068071940465,0.234859163137549,0.411559186938837,3
CDH13,1.75488279109104,0.0792793583141862,0.235009777307859,0.200239476924252,4
ICK,-1.75429322249844,0.0793802765064593,0.235244374985672,-0.0259223024750314,3
NCKIPSD,-1.75391045539165,0.0794458517839432,0.235374133562851,-0.299375681347855,4
SLC22A17,1.75361730381298,0.0794961039971904,0.235401822853125,0.176260879842661,4
ALG3,1.7534816766332,0.0795193620292625,0.235401822853125,0.23529812993266,4
ZNF394,-1.75340618722092,0.0795323097303271,0.235401822853125,-0.436710166418442,3
BEX4,-1.75328786435312,0.0795526075364597,0.235401822853125,-0.116223339527817,3
ZNF419,1.75322053262816,0.0795641598997185,0.235401822853125,0.222664490233272,3
RUVBL2,-1.75246570227782,0.0796937624188948,0.235711189170635,-0.427857315797233,3
CHRDL1,1.75235743518843,0.0797123656767572,0.235711189170635,0.253813593449382,2
POMP,1.75207686640919,0.079760591521705,0.235789247295418,0.26332345688655,3
HERC1,-1.75177542129394,0.0798124321415597,0.235877945825753,-0.0405975223275228,3
TMEM50A,1.75158764218423,0.0798447390431773,0.235908881604048,0.505635562321875,3
PDCD2,1.75138309461308,0.079879943008353,0.235948357773101,0.0611226103111477,2
RNF11,1.74834831406504,0.0804037319608838,0.237421750506904,0.0749044616361883,3
TRPV6,1.74811497868708,0.0804441197914648,0.237421750506904,0.210519426947375,3
REV1,-1.74811165005196,0.0804446960614025,0.237421750506904,-0.0385659861189153,3
GJC1,1.74764480459125,0.0805255519001869,0.237595468895334,0.581894231893008,3
CDCP1,1.74717185659045,0.0806075319708587,0.237772408615296,0.552022590930119,3
WDR46,1.74684684797993,0.0806639077429749,0.237873745956761,0.200771852698062,3
DHRS4L2,1.74585504995633,0.0808361423245853,0.238316596449282,0.105098038429384,3
CAPRIN2,-1.74561942466255,0.0808771046276475,0.238372301279085,-0.0137903266519431,2
DBI,1.74535243590435,0.080923539681289,0.238444101374055,0.143191920704145,3
PRMT8,1.74466854067439,0.0810425824248735,0.238674469955929,0.331027606927698,4
CDCA8,1.74435941414792,0.0810964374012241,0.238674469955929,0.373483324549887,3
WDR18,1.74435211439364,0.0810977094907167,0.238674469955929,0.180096487573385,4
GPR137B,1.7443196651279,0.0811033644483335,0.238674469955929,0.137026503164149,4
CDC37,-1.74415139660724,0.0811326938621468,0.238674469955929,-0.224691387336635,4
POLR2A,-1.74388481989216,0.0811791761408165,0.238674469955929,-0.216492751337284,3
CTSK,1.74376128776574,0.0812007234400346,0.238674469955929,0.58048339317418,3
GFOD2,1.74363950201665,0.0812219706684819,0.238674469955929,0.391352769661009,3
SDHA,1.74359298421632,0.0812300875407236,0.238674469955929,0.0146399685521036,2
DHX15,-1.74344112438151,0.0812565900851916,0.238674469955929,-0.235945702809109,3
PARP1,1.74340693278496,0.0812625581628467,0.238674469955929,0.253857973304737,2
TMEM135,-1.74338224669957,0.0812668672929,0.238674469955929,-0.0564163458206337,3
LRRFIP2,1.74299638538919,0.0813342462102196,0.238767635547667,0.109336980101052,3
HLA-A,-1.74294743284222,0.0813427975204048,0.238767635547667,-0.0603627580318482,2
ADH6,1.74275554996393,0.0813763237520609,0.238801154352014,0.402736183601897,3
GTF2F1,-1.74254337658665,0.0814134082424384,0.238845093925807,-0.324853623991792,4
PRG3,1.74226052582874,0.0814628673281094,0.238925303523822,0.0301752633563383,3
PIK3R3,-1.74209925379691,0.0814910781551853,0.238943166729726,-0.262652437957388,3
RPS6KA6,1.74143792703683,0.0816068449563489,0.239217676857118,0.179512198944592,3
GRID2,1.74104726215176,0.0816752944322277,0.23935337234317,0.409992676954136,4
FIS1,-1.74023101490985,0.0818184617069619,0.23965281707341,-0.0823600131998395,3
PAK1IP1,1.74021172920131,0.0818218468215826,0.23965281707341,0.155568434959895,2
COPZ1,-1.73984490930434,0.0818862543396498,0.239776448733233,-0.106639227104397,4
PAK2,-1.73811537049318,0.0821904870809769,0.240559366238692,-0.164676031761094,4
GRHL2,1.73797510739426,0.0822152000448628,0.240559366238692,0.115413883301487,3
SYNPO2L,1.73794537811719,0.0822204388218154,0.240559366238692,0.107642016201781,3
NEDD4L,1.73747788963729,0.0823028534140101,0.240735289081543,0.536487029650302,3
ANGPT2,1.73707897816611,0.0823732313635853,0.240875919109217,0.26309768225063,3
FBXO7,1.73663369437138,0.0824518481714781,0.241040558578703,-0.0942628423050059,2
MRPS18B,-1.73645599586781,0.0824832385981853,0.241067084236363,-0.0526044270234551,3
GTPBP2,-1.73618148341237,0.0825317502448133,0.241143620812679,-0.519577504970154,3
TIPIN,-1.73522461173938,0.0827010287772028,0.241539069826674,0.00385239474231072,3
KCNN1,1.73516369817043,0.0827118144129668,0.241539069826674,0.403971268756802,4
PAPSS1,1.73497078308976,0.0827459803645778,0.241573535107614,0.329958401369298,3
ANGEL2,-1.73477252235811,0.0827811049672545,0.241610779750414,-0.0761277020343009,3
LGALS8,-1.73452441050834,0.0828250784001225,0.241673824116187,-0.0581612230407617,3
PLEKHF1,-1.7342550542483,0.0828728384575583,0.241747880372278,-0.416880749170053,2
IPO13,1.7330414244106,0.0830883063000013,0.242310983977488,0.299320072816547,2
GLI1,-1.73255877076647,0.0831741226786156,0.242495782233308,-0.075665841602946,2
RANGAP1,1.73241668173642,0.083199399949844,0.242504025433949,0.0865504076043649,4
SCGB1D1,1.73138885546511,0.0833824329692319,0.242906644320077,0.567639050842749,3
GRIN2A,1.73138844191846,0.083382506678286,0.242906644320077,0.743860712277879,2
MS4A3,1.73125453554109,0.0834063764405245,0.242910670884482,-0.0927171986366457,3
SPTBN2,1.73070250470605,0.0835048382999704,0.243131876904658,0.246651518791609,4
DMD,-1.73054252630013,0.0835333901104085,0.243149469138408,-0.169864286005673,4
PPIL6,1.7303249348124,0.0835722369839603,0.243168987381012,0.446859608040374,3
SHC1,1.73025280010302,0.0835851185100627,0.243168987381012,8.44826925384019e-05,3
T,-1.72994498619232,0.0836401047504715,0.243263438749217,-0.209026386847792,3
TPI1,1.729563340956,0.0837083204954227,0.243396306323434,0.111783395839128,3
POLA1,-1.72942520386949,0.0837330223914369,0.24340261245218,-0.0455693403649839,4
DOCK2,1.72913906903328,0.0837842082582646,0.24348588044277,0.823917652311736,3
CGA,-1.72891438869609,0.0838244184546696,0.243537215746999,-0.397258342258291,3
KCNJ9,-1.72851768129246,0.0838954538363163,0.243616016892448,-0.343563449583649,2
PBX1,-1.72842161710925,0.0839126626474377,0.243616016892448,-0.529635800801938,3
CPN2,1.7283221587393,0.0839304824995117,0.243616016892448,0.533963861221042,3
PDGFRL,1.72814980173707,0.0839613707777911,0.243616016892448,0.455998997217668,2
DUSP5,1.72791394731512,0.0840036534064123,0.243616016892448,0.0751149224360791,3
NCOA3,-1.72788804180342,0.0840082986484453,0.243616016892448,-0.0192941005775896,3
NUDT15,1.7278818358937,0.0840094114908691,0.243616016892448,0.299704748374022,3
AP1S1,1.7275552048693,0.0840679997418577,0.24372048663756,0.532553003400783,3
LHPP,-1.72675539381141,0.0842116025925928,0.244071298954974,0.194320138051548,2
POLG2,-1.72650339912254,0.0842568883296474,0.244137046066752,-0.1655905802012,3
PSPN,1.72633308113137,0.0842875071818988,0.244160271541665,0.57458428004592,3
CKS1B,-1.72567100200081,0.0844066177542508,0.244439754686707,-0.0906415304237842,3
BZW2,1.72535433710439,0.0844636351137946,0.244539315598823,-0.0513043299359616,2
IFI44L,1.72513240025952,0.0845036147076238,0.244589508593717,0.904061252004404,3
TNIP2,1.72203438158655,0.0850632904760598,0.246059240580876,0.129028783753875,3
MAFK,-1.72198871263324,0.0850715632135733,0.246059240580876,-0.46873976461702,3
SIRPA,1.72194362182062,0.0850797318616526,0.246059240580876,0.231301059986469,3
RBBP7,-1.72161626403615,0.0851390549919205,0.246103980348949,-0.054570793020145,3
ABHD3,-1.72160681473028,0.0851407678729886,0.246103980348949,-0.174987712580815,3
EML4,1.72143697497504,0.0851715595740852,0.246127123199376,0.351369026263451,3
HIPK1,-1.72119897242331,0.0852147242409457,0.246185999264695,0.147544800932523,2
NBEAL1,-1.72071690626252,0.0853022070161821,0.246372844970267,-0.270535987477979,3
SYT12,1.72005928603791,0.0854216654743378,0.246651919394225,0.320148617314771,4
KLRC3,1.71955146040399,0.0855140058565132,0.246852563137909,0.295980282542839,4
RPL14,-1.71921357189414,0.0855754904435914,0.24689202430575,-0.0659418960042188,3
SCAMP3,1.71915215450611,0.08558667022345,0.24689202430575,0.18691962757577,4
SETD2,-1.71909956333632,0.0855962443089274,0.24689202430575,-0.140029089097684,3
SDCCAG3,1.71879911798239,0.0856509562027858,0.246921042120921,0.350442629446719,3
SMURF2,1.7187932651773,0.0856520222946759,0.246921042120921,0.131945003351384,3
MUC5B,-1.71865745997904,0.085676762303065,0.246926463820093,-0.190178977353978,3
ETV6,-1.71779686751609,0.085833673100856,0.24727744392742,-0.0591964328733195,3
FNDC3A,-1.71773848408307,0.0858443264884119,0.24727744392742,0.130463130475677,3
SLC6A3,1.7170759469056,0.0859652963678469,0.247546876698156,0.188692583769369,4
ZBP1,-1.71685260415263,0.0860061066102828,0.247546876698156,-0.0387731307018025,3
HK1,-1.71684983608889,0.0860066125021457,0.247546876698156,-0.168421437821618,3
AGBL2,1.71627192754056,0.086112283838749,0.24778500000697,0.494724544398563,3
PSMB1,-1.71551166503691,0.0862514585610972,0.248098346709525,-0.118835919005327,3
TTC1,-1.71542619436634,0.0862671162970723,0.248098346709525,0.135868549170646,3
TRIM13,-1.71490000953214,0.0863635609195642,0.248309604751965,-0.199025872926635,3
ADAMTS20,1.71468024282533,0.0864038678176619,0.2483593880166,0.252078182761074,4
PABPC3,-1.7141290401505,0.0865050294549635,0.248584019199924,-0.304723735553622,3
THSD4,-1.71345108783937,0.0866295844618412,0.248861959673542,-0.34399471463498,3
TNNC2,-1.71335185833382,0.0866478272849649,0.248861959673542,-0.539443509072771,3
B3GALT5,1.71310347689389,0.0866935045074871,0.248926963234948,0.446803359772305,4
SOBP,1.71249749328003,0.0868050261719289,0.249156779300049,0.23190335152229,3
TNNI3,1.71241794762258,0.0868196738831129,0.249156779300049,0.11810243510988,3
SLC12A8,1.71183847916357,0.0869264386952836,0.249394131432424,0.448897207291976,3
NSDHL,1.71171851030652,0.0869485557280603,0.249394131432424,0.224896856876422,3
GTPBP8,-1.71158360129964,0.0869734324998552,0.249399261445032,-0.0801178953019945,4
GAPDHS,1.71080518898754,0.0871170813692719,0.249701643293591,0.306610361156817,4
CD82,1.71076168583573,0.0871251151243793,0.249701643293591,0.232467918846676,4
GSPT1,1.71041248749016,0.0871896234730896,0.249767203290917,0.0536757553357518,3
RHOH,1.7103875336667,0.0871942347352385,0.249767203290917,0.322431810246329,4
MAML3,-1.7099147858553,0.0872816318481165,0.249951269147231,-0.0182444984069873,3
PAAF1,-1.70938038102709,0.0873805126296432,0.250168114875538,-0.226679651487255,3
PGLYRP4,1.70892493525377,0.0874648549635451,0.250343233523109,0.283650423550056,4
CDX2,-1.70695076287816,0.0878312044100293,0.251325210605864,-0.0609152409400165,2
FGF18,1.70678348285453,0.0878623035497918,0.25134761730531,0.473457880932579,3
NFX1,-1.70634941816044,0.0879430422264461,0.251511978324086,-0.0146195347700897,2
NAV3,1.70609487215563,0.0879904171586953,0.251520687319368,0.591742826084522,2
MX2,-1.70608284195889,0.0879926566728284,0.251520687319368,-0.0471174422160825,3
TJAP1,-1.70595313307397,0.0880168059042496,0.25152315803643,-0.177266970139469,4
IFNAR1,-1.70572888476898,0.0880585691147256,0.251575949107978,-0.229793116761102,3
COL9A2,-1.70535313000866,0.0881285841698452,0.251677582116975,0.216816491066697,2
NTRK2,1.70528790721072,0.0881407418208217,0.251677582116975,0.183532300222039,3
ARFIP2,-1.70505432398472,0.088184293263375,0.251735395304169,-0.134647281978087,3
POLM,-1.70390262042316,0.0883992813906563,0.252282440576452,-0.352685373603758,3
DENND1C,1.70355801299921,0.0884636912056524,0.252399575383903,0.344145017935827,3
CTAG2,1.70257225521303,0.0886481459177123,0.25285906316428,0.130785061984283,3
PIAS2,-1.70161947587429,0.088826724168404,0.253233440886392,-0.333041956188734,4
DNM3,1.70151057557249,0.0888471536632249,0.253233440886392,0.122764775340158,2
LSM12,1.7013956190119,0.0888687234084811,0.253233440886392,0.176265890970747,4
SMYD5,-1.70137192748989,0.0888731692649798,0.253233440886392,-0.0185720256741812,3
ELOVL6,1.70099139794956,0.0889446024790225,0.253370146618777,0.371341355219717,3
NSD1,1.70045504636998,0.0890453652355961,0.253590307217218,0.159559477477285,4
LMF2,1.69973629066394,0.0891805398763879,0.253864829117713,0.198486553168381,3
HPS1,1.69969259046647,0.0891887637939013,0.253864829117713,0.241626917452317,3
CANT1,1.69881219922873,0.0893545743245139,0.254250756356406,0.155131607629254,3
CTSO,1.69872280757037,0.0893714239849354,0.254250756356406,0.451119907337043,2
PGM5,1.69829981028822,0.0894511905220387,0.254410679309916,0.148867706189921,3
APOO,1.69789760461744,0.0895270894550569,0.254559521003823,0.258805948681713,3
HLA-DMA,-1.69705898278432,0.0896855098604956,0.25494286250344,-0.103081567445416,2
ARID3B,-1.69683713834927,0.0897274552567928,0.254994993865792,-0.304586895865105,3
ISOC2,1.6962137462545,0.0898454081194913,0.255263045372631,0.335564454713792,2
C1GALT1C1,1.69556577031122,0.0899681447955148,0.255544543802564,0.367933564004706,4
RBPJ,-1.69542447939961,0.0899949253958567,0.255553413282346,-0.123261202933664,3
HSD17B4,1.69513327943499,0.0900501403380911,0.255643000244957,0.0901707174687197,3
OPRD1,1.69492440680712,0.0900897618377411,0.255688283597288,0.347131984909768,3
YEATS4,-1.69479238193059,0.0901148131578138,0.255692201662912,0.121648565719495,3
PNPLA6,1.694635657767,0.0901445583700273,0.255702203904826,0.117536122241055,3
YOD1,1.69452438613396,0.0901656817879543,0.255702203904826,0.379905914221056,3
CASP9,1.69418409285758,0.0902303065942395,0.255818312816529,0.254621311084463,4
WFDC1,1.6930584884347,0.0904443347644954,0.256256730900263,0.849907763005733,2
TMEM33,1.69304811171126,0.0904463097460842,0.256256730900263,0.185447334146284,3
TRIM44,1.6929966158786,0.0904561113611091,0.256256730900263,0.264385996089836,4
IGFALS,-1.69269977877527,0.0905126274105832,0.25634960705011,-0.0290213282091761,3
PCMTD2,1.69200564949038,0.0906448964549168,0.256656925689649,0.267415347300588,3
ALPP,-1.69169392787209,0.0907043467948811,0.256741073851379,0.0178363890952274,2
ICA1,1.69160060353145,0.090722151350742,0.256741073851379,0.440002458435335,3
GEMIN6,1.69103101852545,0.0908308785648111,0.256981443231296,0.326356271451133,3
BCAS2,-1.69086678041163,0.0908622491867365,0.257002884450151,-0.203213226264174,3
EIF2B4,-1.68963191047467,0.0910983970787344,0.257603373100651,0.0126619051385102,2
TMEM39A,-1.68949042475826,0.0911254852987409,0.257612533943208,-0.033038149971159,3
HLA-DRB1,1.68832809290954,0.0913482653550295,0.258174767756418,1.03830817969706,2
KLHL25,-1.68801029668461,0.0914092523970226,0.258279556472048,-0.201728570432777,2
SH3GLB2,-1.68780450200222,0.0914487631135892,0.258323624255489,-0.207090516786562,4
PNN,-1.68720691485553,0.0915635722472495,0.258580315663997,-0.0414941325527858,3
SLC25A31,1.68708106695016,0.0915877650529333,0.258581034527388,0.174572166356603,4
KATNB1,1.68653111818752,0.0916935466315057,0.258812043562457,0.220738164738873,4
GSTA3,1.68634587526409,0.0917291998460274,0.258831003388378,0.307147359436537,4
SF3A3,-1.68624724949854,0.0917481866297074,0.258831003388378,-0.149371487332883,3
FFAR2,-1.68568898361695,0.0918557198435104,0.259050525682013,-0.131951411800043,3
TGFA,1.68550769651679,0.0918906611512158,0.259050525682013,0.0734986607270865,3
RPL24,-1.68546990645468,0.0918979461593661,0.259050525682013,-0.128811945469212,3
TSPYL2,-1.68470075260933,0.0920463212430999,0.259401085851282,-0.5472063283056,2
SI,1.68440432634765,0.0921035552653767,0.259494680223422,0.544541884818146,4
AQP3,1.6838637624029,0.0922080010225718,0.259721206530853,0.502627163026006,3
FGF20,1.68335840791635,0.0923057297605028,0.259928699914742,0.107604335952117,3
KLC2,-1.68321656427231,0.0923331753538453,0.259938222614604,-0.0703032678058119,3
NAPA,-1.68302312013067,0.0923706157879311,0.259975870698601,-0.129171254778147,3
CTDSP2,1.68176168470059,0.092615061256744,0.260595960326999,0.0308957452916008,3
NOL4,1.68139710633356,0.0926858072252605,0.260711545359195,0.77212996839733,3
RGS20,-1.68126377794781,0.0927116902612173,0.260711545359195,-0.184883000463438,4
SLC12A6,1.68107778004718,0.0927478077225798,0.260711545359195,0.167817785700055,2
SEMA3E,-1.68105268394423,0.0927526818010912,0.260711545359195,-0.19897194450479,3
MRPL19,1.68083353697369,0.0927952525079277,0.260763350049593,0.428768094761961,3
MMP8,1.68010686063454,0.0929365263035945,0.261092420580345,0.493851340499791,4
RFX5,1.67936371251026,0.0930811808928259,0.261430815393735,0.117035995272169,4
PRDM1,1.67877992051316,0.0931949433244352,0.261682292121276,0.196146013627049,3
KCNG2,1.67813179101406,0.0933213737510915,0.261969199391707,0.348096819777687,3
SPRR1A,-1.67736500622003,0.0934711279128265,0.262321414319135,0.0260495306671476,2
PEX3,-1.67663934276681,0.0936130285230849,0.262628860604511,-0.161511964132883,4
GABBR1,-1.67655616808292,0.093629304035176,0.262628860604511,-0.101266295278775,2
MCTS1,1.67613020146051,0.0937126922021537,0.262794522629196,0.193977060429168,3
IL4R,1.67570172873088,0.0937966310552722,0.262961642527654,0.310460216747924,3
MRPL35,1.6745329026693,0.094025913562076,0.263536045225103,0.392359635893616,3
TAF6L,-1.67425382543356,0.0940807250967478,0.26362126912972,-0.07264543299924,2
NEFM,1.67312944178682,0.0943018167187875,0.264172257312329,0.27019719234503,2
TCP10L,-1.67275517489248,0.0943755024989551,0.264310131706952,-0.102361758980706,4
KANK1,-1.6716528628144,0.0945927942097212,0.264850016343548,-0.0741731349838676,2
ADD1,-1.67085225161585,0.0947508647790123,0.265223851086523,-0.0585802166991038,4
LIFR,-1.6703300551442,0.0948540798796525,0.265443982088085,-0.381761945377928,3
CLCN7,1.67013845742091,0.094891972841722,0.265460293596109,0.260045578277952,3
DUSP7,-1.67005208561666,0.0949090588657816,0.265460293596109,-0.0441964756570622,3
BAIAP3,1.66973136027712,0.0949725261515648,0.265518411161651,0.35826297596081,3
KCNC3,-1.66969866308531,0.0949789984010942,0.265518411161651,0.0331530892573283,2
MCM2,1.66909431563095,0.0950986896669927,0.265784229180558,0.0565412207797498,3
PSMB3,1.66869514919992,0.095177810981047,0.265936553082584,0.292931214431683,3
UBE2S,-1.6684981864207,0.0952168716481125,0.265976893597857,0.0297610811502593,3
FKBP4,-1.6675655013507,0.0954020114441857,0.266362457970939,-0.237727590526269,3
FBXO9,1.66747422781274,0.0954201448943487,0.266362457970939,0.135925870881185,3
GTF3C2,1.66743028820707,0.0954288754256188,0.266362457970939,0.173147447178197,3
PCNT,-1.66715241357812,0.0954841022324108,0.26644775828326,-0.106728849066741,4
IFT57,-1.66685503248424,0.0955432342427716,0.266478915403266,-0.0478669027359954,2
RALB,1.66676653741034,0.0955608364875808,0.266478915403266,0.0502099607791457,2
C16orf59,1.6667241129948,0.0955692759000421,0.266478915403266,0.333285161770338,4
NOL12,-1.66657714778111,0.0955985160395005,0.266491656840951,-0.0747099148244516,2
MYLK3,-1.66632607072488,0.095648486800679,0.266555214915297,-0.0780487897237597,2
RHOA,1.66610453653247,0.0956925951405417,0.266555214915297,0.161985117037054,3
SLCO1A2,1.66609072492883,0.0956953456250253,0.266555214915297,0.510083876293703,3
FETUB,1.66584892539769,0.0957435085686842,0.266620618602456,0.219196724462701,4
SNF8,1.6656171045476,0.0957897021237798,0.266680505758008,0.162411108825576,2
ANKRD36B,-1.6646450703123,0.0959835878554118,0.2671514341701,-0.00865999704208014,3
TULP1,-1.66371737434835,0.0961689225210926,0.267598325881721,-0.384384220378677,4
CCNI,-1.66356802811548,0.0961987855866486,0.267612485682971,-0.310665538072756,3
KLRB1,1.66320962687641,0.0962704812741531,0.267742981133729,0.784707493858367,3
TAS2R10,1.66288951672525,0.0963345532372272,0.267813211940816,0.580823670688239,3
NR1I2,1.66283574391439,0.0963453195336059,0.267813211940816,0.341285313204731,2
C1orf35,-1.66225247941647,0.096462161578434,0.268069017074928,-0.10256836519422,3
SCUBE2,-1.66195883467856,0.0965210286400281,0.26816361917942,0.426819746078064,2
RYR2,1.66065280374699,0.0967831973568176,0.268753944703577,0.667370032631032,3
IL20RA,-1.66057864127783,0.0967981015795039,0.268753944703577,-0.280899284574673,2
CTPS2,-1.66052866337996,0.0968081465322737,0.268753944703577,-0.119535032407719,4
GUCY2C,1.66029317215445,0.0968554886386281,0.268816286812554,0.560736375848035,2
TGDS,-1.65994529444197,0.0969254582999863,0.268941382110571,-0.164996280841369,4
PLA2G3,1.65978116247676,0.0969584846738702,0.268963932061414,0.242065536479185,3
PTPRB,-1.65945504578312,0.0970241320611755,0.269076938260544,-0.313172013540439,4
GPR171,1.65911582585829,0.0970924548398318,0.269197304204277,0.450430103132757,3
UBL3,1.65869955649702,0.0971763488190797,0.26929275107001,0.208610726827889,4
CXCL12,1.65869761701971,0.0971767398325215,0.26929275107001,0.741953145687554,3
APOC1,1.65818955102884,0.097279213150052,0.269442833751921,0.417969911863222,4
C1RL,1.65815087095834,0.0972870181841003,0.269442833751921,0.156737098971867,4
DNASE1,-1.65792320301565,0.0973329681643405,0.269442833751921,-0.0896647766165859,2
ZBTB40,-1.65762045905957,0.097394097529016,0.269442833751921,0.0155845674106113,2
ADAM2,1.65758484346151,0.0974012909658714,0.269442833751921,0.108401461713996,3
TNS3,-1.65756018201338,0.0974062721943825,0.269442833751921,0.0537960154128485,3
TMEM176A,1.65746668060407,0.0974251598727184,0.269442833751921,1.26122162590214,3
FRMPD4,1.65744050061861,0.0974304488645625,0.269442833751921,0.631504504333636,3
KCNK15,-1.65691439937468,0.0975367827270285,0.269667859487423,-0.246857926786069,3
IKBKB,-1.65624793699405,0.0976716190730139,0.269971553026278,-0.250438176969394,2
HSP90AB1,-1.65599492806236,0.0977228459504176,0.270044047571351,-0.247222977748769,3
RBPMS,1.65586069821074,0.0977500322683227,0.270050089146399,0.166785995428833,3
XCR1,1.65526654421797,0.0978704421681374,0.270313606826955,0.283223037873492,3
KMO,1.65455087391034,0.0980156355995999,0.270645423248179,0.434242176938347,3
GRK5,-1.65424082957272,0.0980785900307129,0.270750045875738,-0.363263432199264,3
LYPLA2,1.65360055887362,0.098208699074846,0.271039950793686,0.114080307360015,3
OIP5,-1.6534038857518,0.0982486925740533,0.271081066969329,-0.346075670940848,4
PLSCR2,-1.65277592831217,0.0983764748630173,0.271364321110907,0.173038901591256,3
NAPG,1.65254888983986,0.0984227072984112,0.271422538738177,0.19171097941178,4
HTR6,-1.65193461812487,0.0985478800293037,0.271664808813313,-0.0611816659008204,2
HCRTR1,1.65187096686139,0.0985608577799827,0.271664808813313,0.152953112790147,3
PSKH1,1.65160686461945,0.0986147197270746,0.271743929207107,0.125039988857213,3
TPM1,1.65089426978522,0.0987601661032421,0.272075316053869,0.123997600629018,3
TRPM8,1.65024349815662,0.098893143429864,0.272372191567922,0.451687748552038,2
TBPL1,1.64992507191495,0.0989582620445785,0.272421530791473,0.156533938457221,3
SOX4,1.64982097064873,0.0989795583221176,0.272421530791473,0.298677182109172,2
PKD2L2,1.64978598527088,0.0989867161966795,0.272421530791473,0.0545171944107469,3
PPP4R1,1.64950346203635,0.0990445345114048,0.272481971251646,0.207194560456782,3
LEFTY1,1.6494321730615,0.099059128041586,0.272481971251646,0.324463766160009,4
POLD4,-1.6489975551932,0.0991481355747279,0.272657372830502,-0.66644283103979,2
BATF3,-1.64871878225416,0.0992052604482165,0.27274503012513,-0.100760366277364,3
TRIP13,1.64847620742413,0.0992549891387958,0.272795810792548,0.365916870453446,3
PSMA4,1.64828452417864,0.099294298943896,0.272795810792548,0.342662222281205,2
CSF2,1.64825919925049,0.0992994934305034,0.272795810792548,0.383284531497133,4
GFRA1,1.64627939399772,0.0997062498876968,0.273822654943017,-0.206862514432509,3
GCC2,-1.6461932912049,0.0997239700560848,0.273822654943017,-0.139596089672799,4
SPACA1,-1.64485848781327,0.09999899734782,0.274508048119734,-0.142450855298494,3
DNM2,-1.64457965320045,0.100056525651401,0.2745961865057,-0.0638064406137824,2
PPM1G,1.64429726442393,0.100114814132393,0.274686365826293,0.0768973723997925,4
ABCF3,-1.64393456223484,0.100189719995777,0.274822081105735,-0.0496012800564562,3
OPN3,1.64366578710798,0.100245256704231,0.274904611048262,0.333037737531273,3
MRPL15,1.64349520330087,0.100280516977978,0.27493150872998,0.339661348245603,3
PTPN12,1.64275595503428,0.10043343648201,0.27525468994734,-0.0550143601015497,3
E2F1,-1.64267902818318,0.100449360097428,0.27525468994734,0.0551455512302328,2
HSD11B2,-1.64219241442505,0.100550134241826,0.275434529996397,-0.395683084463419,2
TNFRSF10B,-1.64211590306479,0.100565986512293,0.275434529996397,-0.339012754393603,3
NR2F6,1.64146085735225,0.10070178596138,0.275736550558892,0.607050475586286,3
DNAL4,1.64100198377698,0.10079700340071,0.275830022988455,0.119715502656789,3
TMPRSS11D,1.6409634802656,0.100804996238991,0.275830022988455,0.313455551928949,3
DLK2,1.64092719863291,0.100812528305723,0.275830022988455,0.469875475658391,3
KCNJ8,-1.64077778158654,0.100843552010015,0.275845036417367,-0.067243446109064,3
TPD52L1,-1.64044449478627,0.10091278029926,0.27596451969433,0.073051555077238,3
RNASEH2A,-1.64018537212025,0.100966629829237,0.276041897093246,-0.0699267973965105,3
OPRM1,1.63944191319162,0.101121258693056,0.276258929793386,-0.0912442571508202,3
EFNB2,1.63940444450892,0.10112905663561,0.276258929793386,-0.0212559109488945,2
NCAPG,1.63933227730576,0.101144077347319,0.276258929793386,0.497899385487699,3
PCYT1A,-1.63924092553918,0.101163093637473,0.276258929793386,-0.0109839208172593,3
ELOVL4,1.63918332328036,0.101175085906995,0.276258929793386,0.24064645840576,3
SLC2A9,1.63906625626001,0.101199461691578,0.276258929793386,0.389049418006618,3
DDX58,-1.63881251162913,0.101252312651261,0.276277339708968,0.0716586468484671,3
ATG9A,-1.63878829072373,0.101257358628754,0.276277339708968,-0.217940679207965,3
SEPW1,1.63851348991624,0.101314622321092,0.276363775331423,0.252465902856337,4
MMP28,1.6376714057195,0.101490258601597,0.276772979907712,0.447975684030393,2
TMED5,-1.63736720724606,0.101553765864504,0.276876269275207,-0.266393086661192,4
ARID5B,-1.63705988649614,0.101617957091174,0.276981370804658,-0.450841273295873,3
RNF219,1.63663565438142,0.101706621104428,0.277153108266909,0.100979586445521,3
TCEA1,1.63647179987625,0.101740882987955,0.277176549315484,0.00338226374292666,2
PRDX4,1.63600279153877,0.101839003159157,0.277246656978621,0.409587578432233,3
TFPI2,1.63600136309508,0.10183930211565,0.277246656978621,0.952779339330622,3
ZNF3,1.63589441110699,0.101861687895469,0.277246656978621,-0.135678913683433,2
RECQL,1.63585813434829,0.101869281757836,0.277246656978621,0.0706165425946682,2
NUDT2,-1.63435563327164,0.102184198384652,0.278033680340305,-0.319519474881322,3
TCF4,1.63417780186946,0.102221522167008,0.278065193263162,0.416208940224084,4
ECE2,1.63396581956665,0.102266027815034,0.278116221666162,0.529543911400491,3
NCKAP1,1.63375025757238,0.102311300829603,0.27814759920886,0.140577828649189,2
EPS15L1,-1.63345291736214,0.102373775334538,0.27814759920886,-0.193935159812521,2
GAL3ST4,1.63341928788868,0.102380843173467,0.27814759920886,0.8731830205435,3
BPTF,-1.63335618622081,0.102394106172084,0.27814759920886,0.0243766053414907,3
WDR4,1.63329811129143,0.102406313835738,0.27814759920886,0.299062064536156,3
SRP54,-1.6330477600479,0.102458952275074,0.278218465621346,-0.410248110662607,3
YTHDF1,-1.63288351357645,0.102493498159994,0.278218465621346,-0.0630117068703417,3
TBX19,-1.6328066239577,0.102509673502403,0.278218465621346,-0.175901741078937,3
PIK3R2,-1.63263539747538,0.102545701877968,0.278246338027082,-0.166796283920005,3
TTC19,-1.63228617765063,0.10261921369275,0.278340663815732,-0.0557649310148788,3
WIF1,1.63211527067029,0.102655205397247,0.278340663815732,1.02719009397959,3
TOLLIP,-1.63204797885366,0.102669379294716,0.278340663815732,-0.250911233971204,3
RAB1B,1.63195963078436,0.102687990703795,0.278340663815732,0.126598629270229,3
GPATCH1,-1.6318584795012,0.102709302533744,0.278340663815732,-0.206176821764745,3
PI4K2A,-1.631736000241,0.102735112720346,0.278340779434457,-0.181130608208059,2
USP9X,-1.63143552231822,0.102798454610901,0.278374894446499,-0.0623615618092415,3
MAPK12,-1.63143176969035,0.102799245875494,0.278374894446499,-0.0490327500810044,2
OSBP,-1.63102694677621,0.102884633721442,0.278485550835189,-0.218438233701505,3
FUT3,-1.63099359360796,0.102891671300059,0.278485550835189,-0.446907196443092,4
MAP3K6,-1.62977023089834,0.103150067696529,0.279107045148867,-0.0946694024328771,3
MCAT,1.62950314303838,0.103206550060894,0.279107045148867,0.0403707962976501,3
TMEM11,-1.62947392049618,0.103212731385675,0.279107045148867,-0.125550853210282,3
HINT1,-1.6294175890119,0.103224647784644,0.279107045148867,-0.10360734389292,3
ZNF717,1.62903160318565,0.103306328906995,0.279243938277169,0.353005860524248,3
CEP97,-1.62893406173526,0.103326978457123,0.279243938277169,-0.138998227576821,4
KIAA0586,-1.62848910401166,0.103421217750846,0.279428712892606,0.0269225431447836,2
FOXF1,1.62834603306174,0.103451533805248,0.279440727222878,0.324651743910236,4
BRD8,-1.62809975933307,0.103503734582631,0.279511835240394,-0.0860746925420584,3
GPS2,-1.62774757685202,0.10357842041208,0.279622118090349,-0.0583688482383254,2
ZNF302,1.62766308405708,0.103596344806293,0.279622118090349,0.189196354838671,4
P2RX1,-1.62726036672019,0.103681811584652,0.279758292922344,-0.172676375691874,4
FOXJ1,-1.62718132266936,0.103698593303191,0.279758292922344,-0.405943952052666,2
TEF,-1.62674191921404,0.10379192171908,0.279933255621697,-0.133982190966232,3
MEPCE,-1.62663200840787,0.103815276987643,0.279933255621697,-0.0855766039346089,3
PLAC4,-1.62644322531626,0.103855401805127,0.27997156234065,-0.233119334183981,3
TRPC4AP,-1.62611702803691,0.103924762300823,0.280033649798417,-0.171462229818868,3
ATP5F1,1.62609107852574,0.103930281618391,0.280033649798417,0.0874155441773833,4
RAB1A,-1.62553370441656,0.104048888246019,0.280271466528733,-0.0154896370613208,3
HSPA2,1.62543249703883,0.104070436238358,0.280271466528733,0.216837545205593,3
DPF2,-1.62450262848063,0.104268579865503,0.280697997221814,-0.19471078782005,3
SON,-1.6244453867867,0.104280787155262,0.280697997221814,0.0401026660465125,2
SST,1.62363730863726,0.104453238013451,0.281016636322754,0.165948656253215,4
SLC1A4,1.62354791381871,0.104472329545465,0.281016636322754,0.223812589152288,4
CSF3,1.62337660767145,0.104508922147287,0.281016636322754,0.163855053183451,3
IGF2R,-1.62325443984965,0.104535024558443,0.281016636322754,-0.0871714224008496,3
SLC45A2,1.62321449103422,0.104543561156744,0.281016636322754,0.258098531894986,2
ADH1C,1.62315977278373,0.104555254710345,0.281016636322754,0.161663869844451,4
ABCA8,1.62256395241423,0.10468265163291,0.281289055457388,0.351425650304612,3
TPPP,1.62158915722236,0.104891345812833,0.281695914816107,0.225995393972595,3
CTTN,1.62150470331686,0.10490944210949,0.281695914816107,0.126328189779985,3
SLC28A3,1.62149136653325,0.104912300065284,0.281695914816107,0.243670237500834,3
C21orf33,-1.6209771205273,0.105022545619709,0.281921853326068,-0.194784289075047,3
ETV3,-1.62056371494009,0.105111239371773,0.282089840420843,0.0369482565261881,2
SYNE1,-1.62020790661526,0.105187623561996,0.282094347294748,-0.0904608155089822,3
VDAC3,-1.62019826749066,0.105189693481916,0.282094347294748,0.0121680854761286,2
PLA2G1B,-1.62019095527977,0.105191263738497,0.282094347294748,-0.176873558180124,3
TLR8,1.6196894155867,0.105299011000193,0.282280144863401,0.54896538658143,3
ABHD14A,-1.61957098162968,0.10532446729719,0.282280144863401,0.066459239549696,2
LDOC1,-1.61950364367185,0.105338943153524,0.282280144863401,-0.0402651357554105,2
RAB3B,1.61926410403766,0.105390450552982,0.28234812670469,0.345156236615768,4
ACD,-1.61912658985325,0.105420028792336,0.282357339701169,-0.190888092303172,3
RGS17,1.61853130448808,0.105548146058584,0.282629380409547,0.579380207586525,2
LRCH3,-1.61841158904024,0.105573926120396,0.282629380409547,-0.189727523598426,2
INSM1,1.61824249752864,0.105610347556197,0.282656832086731,0.465995154793646,4
UAP1,1.61802306675404,0.105657626668868,0.282676523209928,-0.0315074931923972,3
ACBD4,-1.61788606104618,0.10568715478065,0.282676523209928,-0.245274906721648,3
NAT1,1.61784404513743,0.105696211557573,0.282676523209928,0.554922143410955,3
CADM3,1.61763754787516,0.105740732209173,0.282725591416705,0.466031323422036,3
G3BP2,-1.61719254402707,0.105836725267023,0.282912226264385,0.0663082510923238,3
CD2BP2,1.61600393658977,0.106093462080256,0.283528346707306,0.0500387335569025,4
ZDHHC18,1.61585070853321,0.106126594937976,0.283546742151871,0.191393849715834,3
AFF2,1.6154203320638,0.106219700127903,0.283725321657174,0.3196404812036,3
SLC12A5,1.61515781176586,0.106276524064937,0.283806925327429,0.431653376051184,3
SLC43A3,-1.61501347820888,0.106307776110037,0.283820216890911,-0.011667210257301,2
GLB1L,-1.61376857693261,0.106577632806895,0.28447037054116,-0.140459590205119,4
CDR1,-1.61355383683872,0.106624236781821,0.284524457934098,-0.00941279892832862,3
BARX1,-1.61322432461567,0.106695780588343,0.284645053572556,-0.221256662396928,3
DOCK1,1.61305485414872,0.106732590886866,0.284672949817267,0.137995694246918,4
OR10C1,1.61282892452607,0.106781680203542,0.284733574317122,0.0476678306914002,3
ZCCHC11,-1.61236147993771,0.106883301978529,0.284934212233977,-0.190971018490273,3
CASP10,-1.61197338021815,0.106967732508176,0.285029912710586,-0.313574725321743,4
FUT6,-1.61186049170715,0.106992301158357,0.285029912710586,0.216330987019571,3
ZNF528,1.61177670775719,0.107010538486852,0.285029912710586,0.446070955337699,4
E2F4,1.61156012665166,0.107057693305666,0.285029912710586,0.240274647973295,3
C14orf159,-1.61149358674866,0.107072183918594,0.285029912710586,-0.169211984597008,3
KDR,1.61146907936016,0.107077521364521,0.285029912710586,-0.19437001204353,3
FABP2,1.61118998009966,0.107138321056133,0.285078988071649,0.410060286643548,2
MRPL24,1.61114216393949,0.107148740193566,0.285078988071649,0.16892608510938,4
AGPAT1,1.61054476097832,0.10727898192591,0.285355223532056,0.145815138313968,3
NLRP3,1.61031067854271,0.107330049169852,0.285401906417003,0.5492316690905,3
RBBP9,1.61022211692327,0.107349374724337,0.285401906417003,0.167297512774509,3
RBM17,-1.60912646324606,0.107588691835274,0.285815626187588,-0.000302688822555814,2
ANKRD34C,1.6091176911416,0.107590609577284,0.285815626187588,0.242049249066952,3
CHST3,1.60911223468559,0.107591802471729,0.285815626187588,0.178123282213196,3
NKTR,-1.60894573308621,0.107628208210799,0.285815626187588,0.084154422786066,3
FSCN1,1.60890422110038,0.107637286366516,0.285815626187588,0.133930869426268,3
STAM2,1.60831750984666,0.107765657687438,0.286017469030469,0.233639447517206,4
MR1,1.60821973841673,0.107787061671401,0.286017469030469,0.00207594954653046,3
UROD,1.60819382873048,0.107792734347624,0.286017469030469,0.192229611769279,4
SLIT3,-1.60791657897512,0.107853450309505,0.286108293281748,0.137402329807709,2
CUL3,-1.60710266630907,0.108031848516216,0.286511177920984,-0.169695194273497,4
COL4A6,1.60690789050992,0.108074575250356,0.286533794172737,0.469632413568733,3
ETFA,1.60682196614904,0.108093428184957,0.286533794172737,0.155794208468264,3
FHOD1,1.60575097642709,0.108328635915317,0.287086831490984,0.21882238278679,3
HRASLS2,-1.60529116585374,0.108429742404922,0.287284296653905,-0.0629046189368968,3
STON1,-1.60513767865524,0.108463508903492,0.287303291607532,-0.359590903958399,3
PCDH8,1.60465743122243,0.108569214943869,0.287487237466388,0.189385078407668,2
EMX2,-1.60458038417797,0.108586181157458,0.287487237466388,-0.0729484308142823,2
CYP4F2,1.60444192465365,0.108616676033354,0.287497509069416,0.246671988481487,4
SEC63,-1.60361507487644,0.10879892578511,0.287867917113672,-0.120128732557628,4
WDR48,-1.60356525131793,0.108809915346706,0.287867917113672,-0.351677472225638,4
ZNF205,-1.60342087180364,0.108841766035185,0.287881674023523,0.0993483700896313,3
NPAS1,-1.60329612452955,0.108869291712649,0.287883987534893,-0.548413771549981,3
SASH3,1.60312291271308,0.108907520295854,0.28791459477137,0.275267775014752,3
NCAN,-1.60265038757194,0.109011862592615,0.288119926529344,0.0639993476709384,2
CHN1,1.60226985530019,0.109095948621167,0.288271633318456,0.440797802709457,3
HOXA2,-1.60200777505849,0.109153890185038,0.288298426707952,-0.271901683838599,3
TRIM32,1.60198255478261,0.109159467250095,0.288298426707952,0.161177320206512,3
ZNF287,1.60142523742488,0.109282766684428,0.288553518876849,0.290482022028242,3
NRXN2,1.60122235659085,0.109327678839875,0.288601560808487,0.487256961103441,3
NAB1,1.60106513916693,0.10936249242582,0.28862292772629,0.179072102619444,3
ZNF257,1.60059205632711,0.109467302833035,0.288828970494003,0.230670059126908,3
HMGN2,1.60036775371593,0.109517024299982,0.288868974681041,0.123925685591729,3
YBX2,-1.60027777030675,0.109536976062526,0.288868974681041,-0.344929744142346,3
FLCN,-1.60008728078794,0.109579222235358,0.288868974681041,-0.0875390875962561,2
CRAT,1.60004124755054,0.109589433275588,0.288868974681041,-0.0799949623157464,2
USP46,1.59942626771892,0.109725919555681,0.289094831726477,0.24708047133666,4
AGPAT5,-1.59941399907973,0.109728643776945,0.289094831726477,-0.281499394262504,3
AMBN,-1.59913555663644,0.109790485614346,0.289187228872512,-0.0600228149097886,3
EPOR,-1.59890645854182,0.109841388765585,0.28925077558407,-0.0975263713327478,4
RFX1,-1.59823235611363,0.10999127531516,0.289574885682271,-0.0521867667310177,3
SNAP23,1.59776625470825,0.110095007350414,0.289777356091416,0.0293949422624245,2
ZNF493,1.59757473360161,0.110137653251598,0.289818984268882,0.182153591248183,4
RANBP10,-1.59687653534747,0.11029323120426,0.290157692028352,-0.0122295200454421,3
ARL15,1.59670015678709,0.110332560698803,0.290183805889917,-0.0631740728144528,3
TFAP4,-1.59659109477557,0.110356885261598,0.290183805889917,-0.20500476512659,3
LIPE,1.59438735704319,0.11084930239633,0.291368922901998,0.147055151184591,2
OPA3,1.59433272193693,0.110861532413184,0.291368922901998,0.43793849960428,2
CEP350,-1.59298075764998,0.111164507840348,0.292094141009838,-0.0588578199037713,3
B3GALT2,-1.59157866040608,0.111479408071847,0.292850332196519,-0.555060765705891,4
GAS2,-1.59141652721003,0.111515867298156,0.292874884161119,-0.00604387716665872,3
ACSL3,-1.59105306179875,0.111597634704434,0.29301838844854,-0.0382065659019762,3
SPIB,1.59066212745083,0.111685634487708,0.293178183167977,0.212189419414909,4
MRPS30,-1.59039878865039,0.111744943216985,0.293214969605295,-0.168732795209299,4
PFDN4,1.59031868134804,0.111762989779244,0.293214969605295,0.160993655223674,3
RPL35,-1.59019254667784,0.111791410041109,0.293214969605295,-0.17615907812031,3
ST13,-1.59011792503309,0.111808226236272,0.293214969605295,-0.156579614808906,3
NKAIN1,-1.58989936059158,0.111857491823337,0.293272967639731,-0.300282536601178,4
HDAC4,-1.58911788666123,0.112033780285818,0.293663890960303,0.146819483520061,3
CPNE6,-1.58848773317642,0.112176092723307,0.293965587966319,0.165198502104236,2
CST8,1.58835174602466,0.112206822448175,0.293974798953476,0.306689327172015,4
GRIA3,1.58800756880683,0.112284627630169,0.294068675061686,0.30246617210682,3
ENDOG,-1.58795240953959,0.112297100965511,0.294068675061686,-0.505845896768373,3
CEACAM1,1.58746198480055,0.112408050274432,0.294233372116736,0.304417437167818,4
HS3ST2,1.58743361071949,0.112414472016827,0.294233372116736,0.21569268504452,4
HGFAC,1.58709282088117,0.112491623621189,0.294363982159904,0.26148756938176,3
RPS27,-1.58678605257672,0.112561108768322,0.294474472491019,-0.36943282624587,3
LARS2,1.58641608191581,0.112644954693488,0.294622469878707,0.149161188191296,4
PVT1,-1.58619865607887,0.112694252566122,0.294680057182098,0.0495426653261569,3
TNNT1,1.58570716379333,0.11280575334653,0.294900229343953,-0.203036543645849,3
OVGP1,-1.58544839282435,0.112864493502842,0.294916430530423,-0.0609984439989256,3
CACNA1D,-1.58543931447966,0.112866554694757,0.294916430530423,-0.0727814152304491,3
EPB42,1.58523361955779,0.112913264630667,0.294967130481371,0.190524827923257,4
ATP5H,1.58479934293297,0.113011931749831,0.295153502601953,0.118745788791518,3
FOXO1,1.58454938982771,0.113068751589171,0.29523051841098,-0.162493206620699,2
DLX4,1.58379912329107,0.113239438879487,0.295604741125233,0.0870295228039955,3
VASP,1.58332214108589,0.113348058896391,0.295816799274902,0.307946758411204,4
NCDN,1.58300169782874,0.113421077411316,0.295923559110456,0.0463009596983529,3
ZNF16,-1.58285865453027,0.113453684250206,0.295923559110456,-0.0673507053434913,4
RAB5A,1.58270989503394,0.113487601933237,0.295923559110456,0.0528863990423239,2
NEO1,-1.58262444868255,0.113507087609972,0.295923559110456,0.010259696515855,2
KIAA1107,-1.58251537218098,0.113531965871041,0.295923559110456,0.0930483560602562,3
SLC6A2,1.58235731070521,0.11356802428762,0.295923559110456,0.555004363274545,3
USP21,1.58230161242232,0.113580732833915,0.295923559110456,0.0904021546236461,3
SEC62,-1.58198919212428,0.113652037802233,0.296037934010059,-0.0637424824764172,2
SNHG4,1.58159251627655,0.113742623555022,0.29606065565259,0.269270364239733,4
GPR85,1.58152488039728,0.113758074702796,0.29606065565259,0.0847442147429052,3
ISCU,1.58147915192224,0.113768522127664,0.29606065565259,0.193181621294547,4
TAGLN,-1.58147096489324,0.113770392669311,0.29606065565259,-0.0526246134185497,2
PCOLCE2,1.58112876993756,0.113848597751872,0.296124418435817,0.119733275936794,3
KCNK3,-1.58112384686469,0.113849723177555,0.296124418435817,-0.298923637821915,4
ADI1,-1.5809334225897,0.113893261324133,0.296166347814945,-0.29843605893801,3
CA12,1.58080637410359,0.113922316673932,0.296170605225466,0.873295429815067,3
SCG5,-1.57986489736438,0.1141378095785,0.296598993692589,0.565416023035723,3
REG3A,1.579846549855,0.114142012292176,0.296598993692589,0.207630981661778,4
HRH3,1.57914384340558,0.11430306720435,0.296946063477968,0.402838842402582,3
SH3BGRL3,1.57869100935342,0.114406948023057,0.297144470436419,0.193316722149206,3
KIF1A,-1.57809855523311,0.114542970080644,0.297374745516693,0.448741178866593,2
FOXD1,1.57806504278918,0.114550668033231,0.297374745516693,-0.346689967916587,2
DDX21,1.5778693348419,0.114595631122212,0.297419992162934,-0.0927646315438511,2
DDX51,-1.57763642208468,0.114649159959793,0.297464557452089,-0.234346336025944,3
UBAC1,1.57755499738504,0.114667877914321,0.297464557452089,0.20340726905527,3
NARS2,-1.57705418247802,0.114783058402902,0.297533477469389,-0.131261774301652,3
PSMB8,-1.57699567740904,0.114796519693888,0.297533477469389,-0.372037227001367,3
TTLL12,-1.57696985473651,0.114802461565748,0.297533477469389,-0.105565283050256,3
SPTA1,1.57696046308927,0.114804622671025,0.297533477469389,0.86499946429459,3
CRLF3,1.57631101998731,0.114954143210647,0.297849521458721,0.200144518655522,2
MTM1,1.57609287294584,0.115004401309232,0.297908283679215,-0.18486298437942,2
CACNA1B,1.57554907686783,0.115129759744132,0.298161511569435,0.363144018866274,4
EIF3E,-1.57512143399646,0.115228417466485,0.298345485492084,-0.15053801545076,3
CREB3L2,-1.57413908826426,0.115455297591204,0.298830395189801,-0.14591935870517,2
TMEM9B,1.57398811861215,0.115490196283976,0.298830395189801,0.172877689638385,3
KRAS,1.57389762105759,0.115511120003023,0.298830395189801,0.237702030218081,4
TFDP2,-1.57383171855067,0.115526359036531,0.298830395189801,-0.456589675078722,2
MCM7,-1.57330052810225,0.115649247127208,0.299076650100095,-0.331691992417202,3
ILVBL,-1.57317425381479,0.115678475126503,0.299080633871825,-0.277849464320693,3
MUC2,1.57297038568733,0.115725675591261,0.29910367931474,0.193508237805956,3
KIAA1462,-1.57289657648008,0.115742767962934,0.29910367931474,-0.438624277729155,2
PRPF31,-1.57263181636085,0.115804096130964,0.299190587516546,-0.274828303041849,3
MBOAT7,-1.57213933508948,0.115918240825635,0.299413877904951,-0.249255330481962,4
SPAG16,-1.57191847644781,0.115969458981527,0.299443387776739,-0.211425647954892,4
PDE9A,1.57185101221267,0.115985107800211,0.299443387776739,0.404068405675606,3
RALA,1.57150134118161,0.116066243126365,0.29958125645185,0.34296119906926,3
TLR6,1.57073536648442,0.116244130635467,0.299931085376681,0.0399438600791271,3
CBX6,1.57067865670402,0.11625730924571,0.299931085376681,0.278810119969803,4
PRIM2,-1.57054987170973,0.116287241551785,0.299936672216423,-0.0133380378592546,3
SH3BP1,-1.56987978873396,0.116443080472986,0.300204153751573,0.0448160060267346,3
ZNF274,-1.56981611490242,0.116457897411522,0.300204153751573,-0.209333190080099,3
TFE3,-1.56973847378707,0.116475966549425,0.300204153751573,-0.278153815156962,3
RBL1,-1.56962614690202,0.116502111879892,0.300204153751573,-0.154026248280815,4
RAVER2,-1.56936065111495,0.116563927300611,0.300291806034153,0.0927544964656875,2
NAT9,-1.56904470360077,0.116637522973927,0.30040975754992,-0.00827731550082015,2
RSAD1,-1.56861203127296,0.116738367312763,0.300597817333128,-0.0868885348760559,3
TSPAN32,1.5681333821625,0.116850007375505,0.300813579521021,0.388228477980926,3
TM4SF20,1.56763908377768,0.116965385456324,0.300929972271597,0.601616341670612,3
TRPC4,1.5675906031054,0.11697670652764,0.300929972271597,0.216495273408195,4
FAF1,-1.56758165600435,0.116978795923758,0.300929972271597,-0.213643780776287,3
CELSR3,-1.56744717201583,0.117010205193903,0.300939103929653,-0.0747988302566218,2
GNG5,1.56679696869635,0.117162156177801,0.301129676325991,0.0983945753569152,4
DOCK10,1.56677951675843,0.117166236788453,0.301129676325991,0.730208737723614,2
SLC1A1,1.56677225568657,0.117167934604531,0.301129676325991,-0.185548265892631,2
F7,1.56641827361137,0.117250727691746,0.30121120564814,0.575962195779073,3
BMP8A,-1.56639818866129,0.117255426749716,0.30121120564814,-0.466266058799058,3
TMSB4Y,-1.56623325070916,0.117294021086011,0.30123871035927,-0.0188534230097915,2
DNAJA1,1.56598960354038,0.117351051077678,0.301308631547692,0.0601285704625142,2
IFNA4,1.5658786283482,0.117377034026355,0.301308631547692,0.101848043524276,4
TAF6,1.56570223402403,0.117418343042271,0.301343060475792,0.151671736452703,3
FBN1,1.56501577316539,0.117579210933783,0.301684236699933,0.558934389282793,3
MYOD1,-1.56484213255194,0.11761992994375,0.301717046604698,-0.0615936991238307,3
ARMCX2,-1.56469369291706,0.117654748055876,0.301734707620981,-0.136910758419241,3
ACSBG2,1.56444038846981,0.117714182014256,0.301815474511746,0.618803746820492,2
GPSM2,1.56351568490918,0.117931349365543,0.30230053057584,0.206404173078207,2
GNL3L,1.56202835404074,0.11828130941968,0.303116635212794,0.305046646607787,3
IKBKG,1.56192420875333,0.118305844663686,0.303116635212794,0.132503191089711,4
PGAM2,1.56126989385853,0.118460083875975,0.303439844920151,0.192021636881763,3
NUP93,1.56067202118074,0.11860115600621,0.303703883964509,0.116677837201094,3
SPPL2B,1.56059477106937,0.11861939330182,0.303703883964509,0.181235889731425,4
PCYT2,-1.56015123068623,0.118724147387415,0.303819658830282,-0.0853290501319717,3
NUP98,-1.56006089000397,0.118745492676646,0.303819658830282,-0.222553024111171,2
MAL,1.5600460855684,0.118748990888859,0.303819658830282,0.215363773049628,4
ACTA2,1.55991700002438,0.118779496564654,0.303825745179113,0.327844688392872,4
COMMD10,1.55913808862687,0.1189637003923,0.304204998129164,0.271402973725023,3
TDRKH,1.55905193771814,0.118984087862962,0.304204998129164,0.382565400761587,2
TMC6,-1.55858125112559,0.119095523428574,0.304417852360496,0.0673587320586402,3
ATPAF2,-1.55842271610052,0.119133075178498,0.304441797510797,-0.0380553553636375,4
RPE65,1.55823588103002,0.119177342192723,0.304482887976773,0.125893498782019,2
EIF3H,-1.5580941066533,0.119210941534344,0.304496710913687,-0.171598672831759,3
ARL6IP1,-1.557560400517,0.11933749200033,0.304747893283113,-0.264989106255074,3
MOSPD1,1.55615126337348,0.119672127395177,0.305530210381164,0.22029027573024,3
JTB,1.55595620939412,0.119718505773761,0.305576393990589,0.139163880306749,4
TAF12,1.555789261088,0.119758212590736,0.305605530924907,-0.0218627903270142,3
PPARGC1A,-1.55549334724839,0.119828617785415,0.305712973386408,-0.265213221774142,2
PSMD8,1.5552732095365,0.11988101499787,0.305752502834217,0.255659334538106,3
KIAA1644,1.5551028681658,0.119921571990793,0.305752502834217,0.563730210669923,2
ATP6V0E1,1.55507155978123,0.119929027449415,0.305752502834217,0.114655039958258,3
KPTN,-1.55433974531835,0.120103397690645,0.306081896806297,0.366219627394667,2
TRPM6,1.55429149635617,0.120114900996287,0.306081896806297,0.332035839928463,2
PDE6A,1.55375622253071,0.120242576513769,0.306276212301187,0.190086922509917,2
RIT2,1.55373406867843,0.120247863022527,0.306276212301187,0.388988135176276,4
HTR2C,-1.55357977119907,0.120284687624718,0.306297783055682,-0.130405194324215,3
GJB4,1.55332706902511,0.120345016539493,0.306379181866512,0.298465795714725,4
ALS2CL,1.55267483987535,0.120500836095732,0.3066740839738,0.212404180578008,3
TNFRSF10D,-1.55238457716429,0.120570231512012,0.3066740839738,-0.375764814722854,2
MYOG,-1.55238404206149,0.120570359472177,0.3066740839738,-0.27253551463573,3
TLE1,-1.5523670814441,0.12057441535241,0.3066740839738,-0.0728818339262434,2
TMEM47,1.55143662995105,0.12079708270337,0.307120471989827,0.29921435971881,3
TECTA,1.55139612021685,0.120806784436657,0.307120471989827,0.14791126570941,3
GNAI3,-1.55014041454918,0.121107817651998,0.307813328535736,0.0268594655863424,2
GLOD4,-1.54904264502742,0.121371468967578,0.308410869863039,-0.0154987975647856,3
AMIGO2,1.54881873019745,0.121425301677255,0.308475096123637,0.443942074528067,3
C19orf53,-1.54866888926856,0.121461336263702,0.308494087543031,-0.0938460667166989,3
CNTN2,1.54782925928516,0.121663409944885,0.30893468599545,0.339244090297316,3
SKIL,1.54736779810812,0.121774581659413,0.309080672198281,0.519384184103834,3
MGAT3,1.54728323949075,0.121794961485776,0.309080672198281,0.475726181921046,3
COQ9,1.54723436773779,0.12180674148751,0.309080672198281,0.0907860994319372,3
HIF1A,-1.5468127970823,0.121908393472489,0.309224483998423,-0.0176130407713065,3
RAB11FIP3,-1.54667616215559,0.121941354042743,0.309224483998423,-0.0958269567033349,3
IGFBP2,-1.546643241368,0.121949296596305,0.309224483998423,-0.37032874398967,3
MYBPC2,1.54646736248083,0.121991736439343,0.3092582846614,0.234476701147986,4
GNRHR,1.54635073140872,0.122019886060626,0.3092582846614,0.3227867717342,3
THYN1,-1.54609730461877,0.122081069666662,0.309287435271112,-0.0624367146995474,4
TCF25,-1.54602193760447,0.122099269786432,0.309287435271112,-0.211234096316039,4
HEATR3,1.54594734537376,0.122117284894584,0.309287435271112,0.588185408251347,3
VPS45,1.54527104196864,0.122280716826246,0.309533943812178,0.127541210162311,2
CRNN,1.5451787768789,0.122303026368294,0.309533943812178,0.359685446801202,4
CLMN,1.54514438156531,0.12231134391061,0.309533943812178,0.135723928103922,2
ZNF750,-1.54507039950978,0.122329235894666,0.309533943812178,-0.288324602482221,3
CCL22,1.54439233582626,0.122493315611309,0.309864923001668,0.341654144217961,4
ID4,1.54429281599599,0.122517412158871,0.309864923001668,0.134795999326491,3
ZNF480,1.54352381298341,0.122703734301773,0.310263515432526,0.170077482124601,3
COG8,-1.54240673327596,0.1229747863757,0.310876115710348,-0.0229111021241791,3
SPINK4,-1.54217056949085,0.123032149810589,0.310934268153764,-0.122527071445104,3
PITX2,-1.54204200172207,0.123063387298182,0.310934268153764,-0.34593940845812,2
NGFR,-1.54188487537123,0.123101571936253,0.310934268153764,-0.300670851888508,3
DHRS1,1.54183814719694,0.123112929540238,0.310934268153764,0.23682704932002,4
CTNNBIP1,1.54140198412445,0.123218981444565,0.310960188420113,0.320976171742759,3
ASPSCR1,-1.54138334532328,0.123223515008931,0.310960188420113,-0.190373717081104,4
MUSK,1.54137118632407,0.123226472544317,0.310960188420113,0.350393199278021,4
KIF18A,1.54132239238337,0.123238341661405,0.310960188420113,0.635938078564635,3
OBSCN,-1.54072524443938,0.123383670112161,0.311254181352536,-0.266540335912722,3
KIF2C,1.54059031482437,0.123416526583547,0.311264375474079,0.0964373163903037,4
AKT3,-1.54031947264652,0.123482499499497,0.311358067132019,-0.376415922907785,3
PNPLA2,-1.54004652615168,0.123549012844363,0.311453077420025,-0.531205775954227,3
FURIN,1.5396950801273,0.123634696642179,0.311596358639481,-0.0468209033392166,2
ABCC1,-1.5389771180936,0.123809882517256,0.311965092360952,-0.157156156266502,2
ACRV1,1.53844610024354,0.123939577783372,0.312154044591466,0.359444017360973,3
GLO1,1.5384334540454,0.123942667770117,0.312154044591466,0.11566314471847,4
RBL2,-1.53796764682608,0.124056525541396,0.312315304311449,-0.364286862321376,3
PHACTR1,1.53793494322055,0.124064522384783,0.312315304311449,0.299757732175516,3
POMT2,1.53769610466159,0.124122936537174,0.312389552766672,0.103837938997286,2
SLN,1.53741342762095,0.124192100251751,0.31245859181434,0.278139268760824,2
RMND1,-1.53734756240169,0.124208220075058,0.31245859181434,-0.22376805240579,4
HSPD1,-1.53696853521025,0.124301014741992,0.312611227776793,-0.205007390327468,3
SH2B3,1.5368633503862,0.124326776016395,0.312611227776793,0.148614248325068,3
UBA2,-1.53644367044917,0.124429603124717,0.312731611301501,-0.212216502675896,3
FGF17,-1.53635094772343,0.124452330357745,0.312731611301501,0.0898727444919013,3
ELF4,1.53631351315183,0.124461506849209,0.312731611301501,-0.00490573756602793,2
NUDT21,-1.5360850424658,0.124517524254607,0.312799603953085,-0.278143107323736,3
SCAMP2,1.53554592838741,0.124649784463003,0.313059049469741,0.0657314804163986,3
RGS10,-1.5350706164057,0.124766483035447,0.313279300267061,-0.162209383656223,2
PI4KB,-1.5347829535221,0.124837151383993,0.313383897106645,-0.0386555983866993,3
YBX1,1.5342401391457,0.124970586219391,0.313645974057124,0.182645469310176,4
KHDRBS3,1.53389410932303,0.125055705421116,0.313715314971418,0.407368928373185,3
TM2D1,1.53379725566024,0.125079538358969,0.313715314971418,0.345662329493799,4
PMPCA,-1.53365562007989,0.12511439723087,0.313715314971418,0.0132299128020267,2
ZFYVE9,-1.53357980955892,0.125133058572325,0.313715314971418,-0.139529272912345,3
TMEM110,1.53353769463234,0.125143426422129,0.313715314971418,0.254395133951578,3
NRIP3,1.53271502434622,0.125346085665466,0.314150444862729,0.262903018287795,4
MAGED2,1.53191573520748,0.125543230020639,0.314516177015663,0.240083898255959,3
PROX1,-1.53188730886105,0.125550245814807,0.314516177015663,-0.394334362072885,3
NRXN1,1.53167128220461,0.125603572483372,0.314576811955805,0.559445693907241,3
BAD,1.53142181413286,0.125665176198196,0.314628792118664,0.140231354358975,4
PAX8,1.53135135030909,0.12568258081763,0.314628792118664,0.0933971048580852,3
HPX,1.53085418148922,0.125805435285591,0.314853322756762,0.41172429794407,3
CALML4,1.53075252119962,0.125830567889367,0.314853322756762,0.208431981423794,4
C2,1.53056411564658,0.125877156124387,0.314882275523403,0.454501006651818,2
CCL25,-1.53046997647902,0.125900439546897,0.314882275523403,-0.190730330262676,3
AP3B1,1.5287923081683,0.126315939826309,0.315756508425208,0.0883641631426414,2
BCAS1,1.52878528899082,0.126317680473676,0.315756508425208,0.338488991294949,4
CARD8,1.52866066207261,0.126348589130486,0.315756508425208,0.200193400878476,3
OSBPL2,-1.5285867926331,0.12636691223127,0.315756508425208,0.0143433941021689,3
HSDL2,-1.52805910402227,0.126497864055708,0.316010621537871,-0.270632622328637,4
GUCY2F,1.52775163989283,0.126574213417145,0.316128243544971,0.227877727523327,4
SLC25A40,1.52750435122246,0.126635646061724,0.316208564206829,0.190175302700872,4
TAS2R3,1.52735460191318,0.126672858790351,0.316209649669111,0.368414540841293,3
HOOK1,-1.52725272098819,0.126698181082998,0.316209649669111,-0.215170025832393,4
MOBP,1.52714925842954,0.12672390052005,0.316209649669111,0.592313271584861,3
FAHD2A,1.52623657316081,0.126950958218424,0.316703060202175,0.109922503754304,3
TMED1,-1.52585436414001,0.127046138129659,0.316867324884916,-0.173050768419112,4
AP3M2,-1.5256364317361,0.12710043377792,0.31692956732897,-0.096220304578614,2
UTRN,-1.52394546519073,0.127522334762045,0.317908206808125,-0.0134605143775706,3
TTN,-1.52381759123355,0.127554283933932,0.317914484322643,-0.454386529123152,3
CAMK2G,-1.52362784578106,0.127601703106812,0.317959307257158,0.0615162218993668,3
CDC73,-1.52326155674719,0.127693280963901,0.318114119227873,-0.0977946526946745,4
RAB11A,1.52303561193597,0.127749796106705,0.318181530446074,0.132545558574959,3
ANXA6,-1.52266537112004,0.127842445786153,0.318338888746433,-0.044761327801357,3
DIO3,1.52207992650176,0.127989055055318,0.318630507653271,0.127636870558023,2
FSCN2,-1.5217848286309,0.128063004127175,0.318741145295334,-0.106338390261271,3
CPSF1,-1.52143332424716,0.128151131549318,0.318887012899272,-0.0175498285218024,2
TRIM31,-1.52128627150977,0.128188013862239,0.318905326057096,-0.189515354871691,2
ZNF32,1.52063070319229,0.128352537430239,0.319212476167479,0.151327177353259,4
MYC,-1.5205007587262,0.128385168201681,0.319212476167479,-0.443587802028137,3
GINS1,1.52044118369672,0.128400130433966,0.319212476167479,0.808495772991332,2
PTP4A2,-1.5202975337604,0.128436213601996,0.319228711304364,-0.0913994239882495,3
COASY,-1.52016409967,0.128469737730432,0.319238579931937,-0.0551218442206181,3
TBC1D1,1.51935888418379,0.128672185335547,0.319633025373622,0.181899992038501,4
KRT83,1.51929740369272,0.128687652967032,0.319633025373622,0.12864972887015,3
CHRNE,-1.51914646353153,0.128725633528237,0.31963888105234,-0.147863659899164,2
THOC6,1.51905285639108,0.128749191951373,0.31963888105234,0.142339613377607,4
FCGR1A,1.51857786595892,0.128868786022764,0.319827632913538,0.534891825644572,3
KRTAP5-9,1.51847786694608,0.128893974975669,0.319827632913538,0.44357041720126,3
ATM,-1.51832749991211,0.128931858431401,0.319827632913538,0.0282292930292763,3
KEL,1.51828069131119,0.128943653151125,0.319827632913538,0.390413089634405,3
SHFM1,-1.51765827142414,0.129100568725801,0.32014332951701,0.0564638171607122,2
MCC,-1.51729020048012,0.129193431265181,0.320300079074245,-0.124376512061669,4
RANBP6,1.51692497371599,0.129285627507267,0.320455105170605,0.292125511778646,3
FASTKD2,-1.5154265828743,0.129664409685621,0.321320246254664,0.00588717924694155,3
MARK3,-1.51508743682078,0.129750262777496,0.321413912431953,-0.138547663190087,2
GLRA3,1.51504220044372,0.129761717470445,0.321413912431953,0.496451207389835,3
PSMD4,-1.51481895997608,0.129818257611063,0.32145835634187,-0.291084974740813,3
ANXA13,1.51472217809476,0.129842775512209,0.32145835634187,0.240745061516105,4
SLC19A3,1.51461892046107,0.129868937888902,0.32145835634187,0.0633558638763445,3
ITGA7,1.51417873974391,0.129980512342451,0.321660823441731,-0.291304072360886,2
SYP,1.51389942746227,0.130051349375043,0.32176240860037,0.320840671673699,3
GLT8D1,1.51336333904721,0.130187391935533,0.322025236475298,0.0644529641977088,3
STK10,-1.51313523806729,0.130245310349862,0.322094744139014,-0.182389630258083,2
SLC25A22,-1.51282187955622,0.130324909588723,0.322217824073561,-0.241074451393829,4
FNDC8,1.51250833813621,0.130404593066527,0.322341055904949,0.30458662607251,3
SMARCC1,-1.51200003848438,0.130533852750595,0.322586748435582,-0.135943394771374,4
LBX1,1.51177228930199,0.130591801194092,0.322656138265916,0.185735115879399,4
BCAS3,-1.5112715582896,0.130719277237641,0.322897240503314,0.00887029988995866,2
STARD3,1.51111351724749,0.130759531341789,0.322922829802013,0.0516099912014516,3
SEPHS1,1.51005734464254,0.131028792413945,0.323513832149813,0.277694355562969,2
ADIPOR2,1.50911558311884,0.13126924793568,0.324033458912525,0.14716393560323,4
ST8SIA3,1.5086631881244,0.131384877393469,0.324244789948425,0.664365563543279,3
RAB11B,1.50813123074236,0.131520943516842,0.324506448576732,0.183482883111715,3
ATG4A,1.50748165451596,0.131687242741923,0.324690265147526,0.30511133823296,2
HRG,-1.50742894301878,0.131700744656598,0.324690265147526,-0.0616206255872339,3
PFDN1,1.50741176569353,0.13170514481614,0.324690265147526,0.191755354100889,4
TTC22,1.50737065239195,0.131715676900246,0.324690265147526,0.509355066347737,2
SMCP,1.50690619133904,0.131834704245035,0.324909531201202,0.255095553582452,4
AKAP6,-1.50577278680089,0.132125511482902,0.325551955985016,0.0682614948598827,2
MEP1B,-1.50548777983716,0.132198716282767,0.32565804635951,-0.197753817602251,2
HEY1,1.50500095794145,0.132323830454435,0.325891932642227,0.425839346374229,3
MTCH2,1.50458528141478,0.13243073270466,0.326080869540856,0.217357839662435,2
HECW1,1.50443003930672,0.132470674484281,0.326104882812035,0.245517148268575,3
TACC1,1.5039303440887,0.132599302930242,0.326347156585208,-0.0612904657136684,2
WNT10B,1.50338565750118,0.13273962293068,0.326618088131482,0.432257346795712,3
ARL6IP5,1.50290237477906,0.132864220552716,0.326850218722486,0.383714520693866,3
CASP6,-1.5017807609864,0.133153738541777,0.32748786059387,0.00125312414500314,2
ITGAM,1.5015682166732,0.133208656808142,0.32750084510147,0.866336420747811,2
PDXK,-1.50152565967151,0.133219655006097,0.32750084510147,-0.276243108855093,3
NUP85,-1.50114442630784,0.133318210215233,0.327668556711024,-0.128701653013851,4
PCSK1,-1.5006731471219,0.133440121759625,0.327864946268621,-0.588850658619517,3
CYCS,-1.50060089568141,0.13345881954667,0.327864946268621,-0.0509753447750435,2
CCDC92,1.50016117544757,0.133572657471411,0.32806999681814,0.247360520846388,3
POU2F2,1.49974610714691,0.133680182245741,0.328259451834166,0.386509384998339,2
GABRD,-1.49956169379207,0.133727976597584,0.328302182547069,-0.00396129999353364,2
MYL4,1.49930447989361,0.133794660720564,0.328391257692237,0.145547888227545,3
SLC6A12,1.49918520735203,0.133825591513949,0.328392557822281,0.256258765235348,3
CTNS,1.49903936872747,0.133863419171696,0.328410777627223,0.0970260914459001,3
ARHGAP24,1.49768622798084,0.134214791650144,0.329198042553328,0.0427891485503268,3
UBR2,-1.4966177076268,0.134492759879096,0.329804947154143,-0.2573964333548,4
MYOZ1,1.49641347830868,0.134545939361905,0.32986047139975,0.178268113605166,4
LILRA5,1.49615301656641,0.134613784848267,0.329951918296115,0.285231073345239,2
ACOX1,1.49546684359018,0.134792646881762,0.330315374686204,0.247359988558189,4
THUMPD1,1.4940443289277,0.13516403330536,0.331084364994119,0.222212786869186,3
EIF4G2,1.49403010321002,0.135167751307542,0.331084364994119,0.160397233599951,3
KLHL9,1.49378809275089,0.135231014735108,0.331164230598195,0.15109208772208,4
PTP4A3,-1.49270938823666,0.135513274805888,0.331780234463554,-0.46686363931381,3
ABCF2,-1.4919088527635,0.135723041570704,0.332218512360468,-0.00128229107536198,2
SSX1,1.49173901576584,0.135767576707262,0.332252234615278,0.107333478676865,3
JPH3,-1.49153724701954,0.135820499743578,0.332306463925285,-0.0445252458708057,3
ITGA6,1.49103541169451,0.135952197981637,0.332485074709175,0.288608642355612,3
AFAP1,1.49102450421047,0.135955061561787,0.332485074709175,0.600556572550598,2
PSMB2,1.49011642310471,0.136193626662945,0.332993108921034,0.211016641786767,4
AZI2,-1.48923783761583,0.136424750330678,0.333415046105266,-0.174100461918996,4
MYH13,1.48922575716506,0.136427930363384,0.333415046105266,0.607153918789456,3
RCE1,-1.48860432120728,0.136591593051673,0.333707073952632,-0.136814303530085,4
PSMB9,-1.48853746487442,0.136609209499957,0.333707073952632,0.102295218502781,3
SLC6A11,1.48831905500589,0.136666772081791,0.333772207105473,0.324662801433423,3
ANKRD7,1.48773173471984,0.136821654955856,0.33404942463536,0.453686614152309,3
TRIM27,1.4875502571004,0.136869539994975,0.33404942463536,0.0778857102036424,4
MRPS34,1.48753693297686,0.13687305623367,0.33404942463536,0.320807323703973,4
SDS,-1.48721106031521,0.136959075788005,0.33418385738921,-0.0343041978413045,3
AQP4,-1.48647889038994,0.137152496429988,0.334580231805946,0.133944851404587,2
CLSTN2,1.48626558277846,0.137208886481202,0.33464221986226,0.0153431825262385,2
EFR3A,-1.48517260848515,0.13749810602314,0.335116135904837,-0.0993694312116815,3
CXXC4,-1.48506094914828,0.137527679423643,0.335116135904837,-0.195184952653162,2
INTS5,-1.48505542849325,0.137529141717378,0.335116135904837,-0.0837892986551475,3
RPS6KA3,1.48498821063788,0.137546947133051,0.335116135904837,0.230742924328334,3
MIA,-1.4849452891351,0.137558317589525,0.335116135904837,0.136644869532873,2
CAPNS1,1.48437894828817,0.137708416421968,0.335406158780179,0.1520795944334,3
SCAND1,-1.48425047123804,0.137742484603628,0.335413507368887,-0.174416123567417,3
SNURF,1.4839658154242,0.137817989759271,0.335481847552363,0.106643850710477,3
SKP2,1.48391050620735,0.137832664269338,0.335481847552363,0.594877214566835,2
HCP5,-1.48280386395289,0.138126529173804,0.336121371510572,-0.21559164314951,2
OXSR1,-1.48258626138594,0.138184369524258,0.33618638729753,-0.123546899442583,3
NMI,1.48218437082819,0.13829124403505,0.336370641312005,0.2817215310341,4
CASK,1.48204606607996,0.138328038059717,0.336378661995083,0.212130561061719,2
CNTN1,-1.48193788873856,0.138356822370316,0.336378661995083,0.263804683679487,3
DGKA,1.48180977653889,0.138390917005985,0.336385842821478,0.134639943936142,4
EAF2,1.48133019487732,0.138518606058731,0.336546164331885,0.244523365759924,3
GALNT1,1.48132801767071,0.138519185948858,0.336546164331885,0.467834160580223,2
SLC25A15,1.48117816746784,0.138559102435355,0.336567444233573,0.252242130822199,3
NENF,-1.4798160385651,0.138922347250179,0.337373919738407,0.04577891775382,2
PSMC3IP,1.47871032766722,0.139217750886256,0.337790111582271,0.144433994902168,3
NEUROG2,1.47868288335183,0.139225089103119,0.337790111582271,0.127964965994874,4
YWHAH,1.47865057279996,0.139233728863606,0.337790111582271,0.144387146522112,3
FAM155A,1.47864997458973,0.139233888827413,0.337790111582271,0.17440889895046,3
PTPN2,-1.47858942690802,0.139250080251421,0.337790111582271,0.0845455062159821,3
LTK,1.47800241803514,0.139407131029849,0.338015204141564,0.353309352946513,3
SF3B2,-1.47791800357277,0.139429726833216,0.338015204141564,-0.234773363790051,4
INVS,-1.47789177648801,0.139436747792521,0.338015204141564,-0.375080961460622,3
PCYOX1,-1.47750326387341,0.13954078403393,0.338191507546446,0.0703509126241244,3
CCHCR1,-1.47712486130607,0.139642170423452,0.338361311106802,-0.16041424321905,4
JUNB,-1.47675250180001,0.139741993014546,0.338527250177871,-0.299643011519599,3
INTS12,1.47622420803784,0.139883712865275,0.338663154751243,0.168832564331606,4
IL15RA,-1.47616883540026,0.139898573505578,0.338663154751243,-0.488674133885398,3
SLC16A8,-1.47612684663267,0.139909843057482,0.338663154751243,0.0705634849893666,2
FAM102A,1.47607596190613,0.139923501171524,0.338663154751243,0.296548891108722,3
MEFV,1.4754064177025,0.140103311007834,0.33902239370668,0.447474626450003,3
CCK,1.47477971993266,0.14027177521122,0.339354023702485,0.461740995362515,3
PSENEN,1.4737918274367,0.140537649422206,0.33990641963057,0.311015568029966,3
ST8SIA4,1.47369755410641,0.140563041704291,0.33990641963057,0.192214746495089,2
THAP7,-1.47327890153016,0.140675847337711,0.34010306690733,-0.15896184388247,4
AGTR1,-1.47295182688978,0.140764025789054,0.340223681492164,0.113745616980857,2
BCL2L14,1.47286022318691,0.140788729519531,0.340223681492164,0.293540071236522,2
CNOT2,-1.47204870354191,0.141007726118744,0.340676684753897,-0.0932373264982287,3
BTN1A1,1.47185362185906,0.141060409860047,0.34072776102599,0.300875791188743,3
PHACTR4,1.47099539186084,0.141292363093217,0.341211738460303,0.195576450615358,4
TCF21,1.47077697918252,0.141351440103828,0.341278108180945,0.388353631949601,3
CDC6,-1.47023117485488,0.14149915411963,0.341558405095027,-0.0444487042266445,3
DHODH,-1.46999317953183,0.141563601221789,0.341637627434711,0.0887071005688951,3
AURKAIP1,1.46936481501965,0.141733865348934,0.341972127205536,0.225859254250637,3
HIST1H2AK,-1.46896683540421,0.141841784822133,0.342054888970903,-0.12794649729769,2
ETS1,-1.46893680421712,0.141849930889952,0.342054888970903,-0.00480543478752304,2
DNLZ,1.46888802030322,0.141863164468584,0.342054888970903,0.169654970433575,4
HSPA5,-1.46852879718273,0.141960639880388,0.342213530905592,-0.223197372303833,2
WDR76,1.46836038191014,0.142006357175835,0.342247360600931,0.49640259286915,3
GAGE1,1.46796287503042,0.142114307548885,0.342431128740366,0.237570681248275,2
CX3CR1,1.46770811137581,0.142183526480513,0.342480086765316,0.700161590292007,3
TSFM,1.4676547190023,0.142198036395338,0.342480086765316,0.0731460637262313,2
PRPF4,-1.46735553748819,0.142279363020911,0.342599571857307,-0.0598655381082213,3
C1QA,1.46706595885161,0.142358113302285,0.342712801402113,1.18588797487248,3
RHD,1.46652169990011,0.14250621389746,0.342992897174768,0.245390746287919,3
KIF2A,-1.46634858590683,0.142553345461819,0.343029903693155,-0.177350929172801,3
HTR1D,1.46613298525474,0.142612061064337,0.343094762498211,0.20850159448618,2
SIRT1,-1.46558790482257,0.142760588338407,0.34322897223413,-0.132773212226045,3
SPRY2,-1.4655128076666,0.142781060631436,0.34322897223413,0.0180516166341825,2
REPS1,-1.46547721854536,0.142790763395874,0.34322897223413,-0.0164106696362036,2
WFS1,-1.46546187945058,0.142794945493444,0.34322897223413,-0.0781822067600537,2
NCR1,1.46522816061846,0.142858678937987,0.343305773056315,0.201854682593688,4
ALG11,1.46484568000368,0.142963025745297,0.343480116570441,0.170282002486765,4
NR6A1,1.46421157869223,0.143136147538257,0.343776902534771,0.141134988111208,4
STAU1,-1.46416011791284,0.143150204369691,0.343776902534771,-0.120927088169515,4
CGGBP1,1.46383648062865,0.143238632181878,0.343912803918347,0.0123871509919368,2
WDR62,-1.46323625336295,0.143402743944545,0.344230320019772,-0.210194212931414,3
FAM8A1,-1.46302295445437,0.143461098010543,0.344293885960872,-0.0687501965971075,3
TUBB1,1.4627562053136,0.143534100559542,0.344392570911634,0.378832603842548,3
BDH2,-1.46216927234745,0.143694829709255,0.344701654567927,-0.0380691238553619,4
HMMR,1.46189354578674,0.143770383917076,0.34479721661651,0.741608684279562,3
KCNK7,-1.4617909461161,0.143798505911626,0.34479721661651,-0.580257197567761,2
KCTD9,-1.461632372307,0.143841978401386,0.344824911382994,-0.235300294097559,3
PRNP,1.4610808279547,0.143993260963742,0.345098720922728,0.0246924189276537,2
VGLL1,1.46084252141348,0.144058663561309,0.345098720922728,0.401848534836319,3
DCUN1D1,1.4607772166998,0.14407659024173,0.345098720922728,0.186575961346406,3
UQCRQ,1.46070748545797,0.144095733928521,0.345098720922728,0.345168493709484,4
DYNC1I2,1.46063391030183,0.144115935019665,0.345098720922728,0.0532972644859577,3
CACNB1,-1.46008609462081,0.144266413769182,0.34538249147489,-0.0318243704870595,3
OCLM,1.45991017690221,0.144314761909021,0.345421683612065,0.0442617121440949,3
RARG,-1.45969814982539,0.144373050625905,0.345471353231831,0.0682294585988059,3
NOTCH2NL,1.45960204153131,0.144399477859815,0.345471353231831,0.214577055181572,3
POLR2H,-1.45846172153526,0.144713318673049,0.346023979660598,-0.0899853813327303,4
RBM10,-1.45833963942283,0.144746949269008,0.346023979660598,-0.300215140927733,4
DYNC2LI1,-1.4583074202,0.144755825864965,0.346023979660598,-0.0691975044106885,3
CHRNA3,1.45829736240821,0.144758596934479,0.346023979660598,0.240874063835205,3
ACR,1.45815424911717,0.14479803115418,0.346041666488374,0.255053934834952,4
SOX10,1.45720743908229,0.145059127751639,0.346531704909492,0.6254141632272,3
CTNNA2,1.45717802823059,0.14506724399192,0.346531704909492,0.283883817889034,4
TGFBR1,1.45705400010918,0.145101474710129,0.346536840552468,0.376376384475042,3
CD1D,-1.45649918232466,0.145254675496008,0.34682603994427,-0.361077296157951,3
ADAMTS7,1.45552257061927,0.145524646346781,0.347321005533633,0.800432544457837,2
CRHR1,-1.45551666699633,0.145526279489467,0.347321005533633,-0.242524681204029,3
RAB35,1.45500876028083,0.145666836289297,0.347557606851773,0.389685375545415,3
RHEB,1.4549259414483,0.145689765212445,0.347557606851773,-0.0955337269174293,2
PRDM9,1.45467244596577,0.145759964229285,0.347583143250552,0.217909147061473,3
TMSB10,1.45465489695202,0.145764824932883,0.347583143250552,0.365532442923325,2
KCNB2,1.45433926031698,0.145852270756151,0.347679576184201,0.592032007542667,3
HPR,1.4542765871036,0.145869638887873,0.347679576184201,0.131844737382699,3
KPNA5,-1.45404264893211,0.145934482305791,0.347757396396902,0.0905056662480899,3
TAOK2,1.45389563758413,0.145975242472344,0.34777780529031,-0.0136476176676704,3
URM1,1.4533766904026,0.146119194732729,0.348044000331409,0.0588069241017154,3
GPR12,1.45324712489249,0.146155152226796,0.348052899989825,0.173232703414768,4
DLD,-1.45309835075875,0.146196448919636,0.348068193966718,-0.0238077944880487,2
ZNF574,-1.45299183996927,0.146226019646451,0.348068193966718,0.115357031657405,2
ABCB4,-1.45286528784723,0.14626116042357,0.348075138774047,0.298565006493728,3
ABCB11,1.45251129403757,0.14635949113894,0.348232428035866,0.1325348516631,3
PCGF2,-1.45211579134585,0.146469411810115,0.348417217875549,-0.204685318557352,3
DHPS,-1.4506240952313,0.146884562049464,0.349327837793551,-0.473513267346321,3
ADRA2A,1.44946665538016,0.147207305821775,0.350018339750565,0.293028602951369,3
SP3,-1.44907783254335,0.147315847848735,0.350199337249569,-0.0565338300453313,3
HSPA12A,1.44862433657976,0.147442521017248,0.350335453450285,0.335185141865799,3
JAG2,-1.44853336635543,0.147467941380384,0.350335453450285,-0.0248356663445667,3
NRN1,-1.44832823814011,0.147525273899068,0.350335453450285,-0.187833337085788,3
WNT16,-1.44824482785783,0.147548591612325,0.350335453450285,0.0992655101302547,3
DMWD,-1.44824261568998,0.147549210071974,0.350335453450285,-0.00519055968238136,3
NUDT4,-1.44798570715419,0.147621047919954,0.350335453450285,-0.137984817419363,4
MTMR6,-1.44797396571894,0.147624331748246,0.350335453450285,-0.140313358258503,3
MAP1B,1.4478694841888,0.147653555456249,0.350335453450285,0.457042719889029,2
IL25,-1.44782857505383,0.147664999033433,0.350335453450285,0.164296688644564,3
SNCA,-1.44762298070889,0.147722520528972,0.350368327114733,-0.0877794642954108,2
CHST10,1.44754720259384,0.147743726162526,0.350368327114733,0.499325205741257,3
CPLX2,1.44740003513578,0.147784915928161,0.350389082935908,0.46901480281813,3
PIK3R1,-1.44692858277729,0.147916926821367,0.350625113786351,-0.0201793072832371,2
POLR1D,-1.44666271085719,0.147991413069399,0.350724713465479,-0.369290928445133,3
ACAN,-1.44649902340885,0.148037285731957,0.350756473015266,-0.138534699468317,3
BLM,-1.44630502999897,0.148091665568124,0.350808370935719,-0.248943913358599,3
ZMYND10,1.44579605749118,0.148234412245793,0.35106952884873,0.241725536777575,3
CMA1,1.44550751898497,0.148315382564528,0.351184296900929,0.600988048636329,2
PIP4K2C,1.44525027397332,0.148387599714841,0.351278293254374,0.13067173160583,3
DYNLL1,1.44492425434367,0.148479162750084,0.351418035939177,0.218559493006569,3
L1TD1,-1.44433944516652,0.148643515276686,0.35170039979685,-0.0726023631924267,3
MAP3K9,-1.44417726758964,0.148689117635203,0.35170039979685,-0.27580581081166,3
KCTD12,1.44411642801104,0.148706227738576,0.35170039979685,0.497107479460727,4
DSP,1.44403652703568,0.148728700821331,0.35170039979685,-0.311725479880257,2
IRGQ,1.44355889720412,0.148863093877645,0.351888339487507,0.118637104646025,3
RPL5,-1.44352253149267,0.148873330073867,0.351888339487507,-0.116397017314194,3
NNAT,1.44271464525368,0.149100871952198,0.352321691144443,0.445427619440811,3
CDH8,1.44250992796135,0.149158572894825,0.352321691144443,0.227761960316996,3
G0S2,-1.44249422276015,0.149163000214992,0.352321691144443,-0.589798041281872,2
SAT1,-1.44224177886752,0.149234178297561,0.352321691144443,-0.421481976348362,2
FLRT1,1.44218561289151,0.149250018159016,0.352321691144443,0.299682781318855,3
WNT2,1.44212515516675,0.149267069808247,0.352321691144443,0.504935907225785,3
ZBTB1,-1.44206165043258,0.149284982444743,0.352321691144443,0.422764493933644,3
TAF10,1.44182124845082,0.149352806947306,0.352404766414329,0.0959327767665012,3
OR3A2,1.44140980281915,0.149468942478583,0.352601772582147,0.104641207565281,3
PLCL2,-1.4412845883214,0.14950429946568,0.352608175290017,0.136688143634545,2
RALBP1,-1.44080500821459,0.149639778181065,0.352798914875213,-0.0585844251271652,2
SNX10,1.44071600848583,0.149664930410762,0.352798914875213,0.97727998711929,2
LIM2,1.44054148602142,0.149714261600072,0.352798914875213,0.067860317938178,3
PLOD1,1.44053599372832,0.149715814274021,0.352798914875213,0.186351588554137,3
TMBIM4,1.43961413535631,0.149976598199271,0.353336360686702,0.0858983685019489,3
SF3B5,-1.43911071096541,0.150119157791009,0.353537272505363,-0.0516075221253087,2
STUB1,1.43908184683841,0.150127334658591,0.353537272505363,0.10068958094708,3
TRAF1,-1.43792203255701,0.150456177503329,0.354173078518965,-0.105315965821455,2
LAIR1,1.43789833901562,0.150462901066796,0.354173078518965,0.604015835351763,3
UTS2,1.43765789536928,0.150531145197689,0.354201027944933,0.425228062700596,2
SRF,1.43754101005135,0.150564328799092,0.354201027944933,0.320946689923498,4
FZR1,-1.43742377587813,0.150597617041306,0.354201027944933,-0.0674355807637655,2
EIF5B,1.4373944811228,0.150605936062866,0.354201027944933,0.180909181937144,4
CA6,1.43691413261242,0.150742393712918,0.354444783823888,0.379127141717152,4
HTR3B,1.43667901292064,0.150809220978541,0.354524745377629,0.164962948173049,4
CAB39,1.43632202370088,0.150910729968747,0.35468618475248,0.112345622405614,3
RRBP1,1.43586635643175,0.15104037345444,0.35489200820863,0.0812347584839789,2
CHEK2,1.43572155816872,0.151081588278075,0.35489200820863,0.4379379340925,3
SPRR3,1.43543617361262,0.151162844134788,0.35489200820863,0.242948269184198,3
IRAK4,1.43531186566353,0.151198248010844,0.35489200820863,0.06692627183497,2
LRBA,-1.43527842601354,0.151207772962933,0.35489200820863,-0.0737433604857986,3
MDK,-1.43525853922135,0.151213437734901,0.35489200820863,-0.0531287737284063,3
IL1A,1.4352063590569,0.151228302073882,0.35489200820863,0.44117947837298,3
FPR2,1.435091107048,0.15126113736276,0.35489200820863,0.121678033055065,3
MAP4K2,1.43445714016352,0.151441851601575,0.355238844951187,0.148889585133988,3
CBLN1,1.43420727763275,0.151513120861479,0.355328860517955,0.38756537020626,3
KYNU,1.43380394800054,0.151628218037368,0.355485285142958,0.600955495432586,3
DGKQ,1.43374292038501,0.15164563913523,0.355485285142958,0.0681072295374425,3
POLR2J,1.43343642017682,0.151733156516327,0.35557707094311,0.191555496844049,3
STXBP6,1.43337524396028,0.151750629239746,0.35557707094311,0.421630838787907,2
ESRRA,1.43300199818802,0.15185726628323,0.355749770199838,-0.0106590715889336,2
FCGBP,-1.4327984040072,0.15191545758322,0.355808927323058,0.0728190282410956,2
ZNF557,1.43253103036199,0.151991904121839,0.355910806053351,0.165725225099226,3
CDC16,-1.43218267620067,0.152091548262157,0.356066949355835,-0.0905654828433973,2
SPAG9,1.43204545869436,0.152130811968963,0.356081696833962,0.0411691551657999,3
PMS1,1.43185478900688,0.152185383406092,0.356132259868416,0.086118130180621,3
UPF1,-1.43079367157869,0.152489357347848,0.35664485500887,-0.144914656275255,2
CSF1,1.43075505348585,0.152500428821981,0.35664485500887,0.306360691181339,3
TCL6,1.43060265597462,0.152544125844634,0.35664485500887,0.143466272852856,3
CYC1,-1.43039455746795,0.15260380943263,0.35664485500887,-0.13105131972689,4
RNF13,1.4303695980414,0.152610969101779,0.35664485500887,0.153701541347685,3
TICAM1,-1.43036671926525,0.152611794901808,0.35664485500887,-0.515093573766569,3
GKN1,1.43020432684164,0.152658383977374,0.35664485500887,0.0701067304704385,2
BAP1,-1.43012128360595,0.152682212593272,0.35664485500887,-0.194351434993143,3
RNF44,1.43005379915531,0.152701578820221,0.35664485500887,0.187567394742125,4
SIX5,-1.42979428501828,0.15277606983017,0.356741700455143,0.0393794519238034,2
TRIM37,1.42956710345911,0.152841302781112,0.356816890564419,0.205257106646764,4
XYLB,1.42937318709281,0.15289700072128,0.356869792954035,0.113481031469555,2
SIL1,1.42887638743234,0.153039765257959,0.357096758146619,0.0953233220950438,4
DEDD,-1.42880475580662,0.153060358287247,0.357096758146619,-0.00877048515795779,2
MRPS12,-1.42856337301123,0.15312976777768,0.357181548593069,-0.274032067058852,4
SCN3B,1.42793359490102,0.153310972843431,0.357527013958277,0.336352696784148,4
CALB1,1.42717410638247,0.153529716139642,0.357901712756947,0.644279175610047,3
PRR5,-1.42714566221847,0.153537913063849,0.357901712756947,-0.0954969198092535,2
ZBTB5,-1.42690730345472,0.153606615407151,0.35798460833399,-0.0840343661219304,3
GGA1,-1.4262575778805,0.153794005034096,0.358229114000883,-0.108285527081831,4
PRRX2,1.42624254493132,0.153798342795598,0.358229114000883,0.0630723093627135,2
LRRC47,-1.42613869785651,0.153828310437194,0.358229114000883,-0.135079401457359,4
NR0B2,1.42608370236183,0.153844182544908,0.358229114000883,0.249417929426845,2
RELN,-1.42493406903124,0.154176260332065,0.358875246781227,0.297060143375297,3
CA5A,1.42489306302078,0.154188115192712,0.358875246781227,0.541618027436975,3
EIF3I,-1.42474037004308,0.154232264910466,0.358900673322458,-0.149390563505544,2
MBD5,-1.4233407864085,0.15463738883813,0.359707011615052,-0.0908442148514366,3
CLDN9,1.42331321781756,0.154645376961702,0.359707011615052,0.38091994789539,3
PPA1,1.42289567709784,0.154766399596483,0.359911011505104,-0.042859183477975,3
MAST3,-1.42198239374768,0.155031362137485,0.36031779009011,-0.143716726701343,3
FMNL1,1.42191785730229,0.155050098528508,0.36031779009011,0.36337813114556,3
TOX3,1.42184681894815,0.155070724558834,0.36031779009011,0.304165871097005,2
CCL23,1.42183296954306,0.155074745984903,0.36031779009011,0.165063652719443,3
KLHL20,1.4215587790435,0.155154378476044,0.360425289526501,0.172692330629707,3
ZCCHC4,-1.42131637174315,0.155224806104102,0.3605113643381,0.11776810606736,2
HIST1H4I,1.42112516995795,0.155280373895753,0.360562897425176,0.510384789216134,3
CLTB,1.42030561961538,0.155518725851386,0.360976803729693,0.055394009643131,3
MSRA,1.42026463233226,0.155530653577059,0.360976803729693,0.104432095454386,4
EXOSC1,1.42016764741144,0.155558879963129,0.360976803729693,0.0476565354100557,3
IMPG2,1.41983237743461,0.155656486526883,0.361125723252447,0.43271420486076,3
OR2S2,1.41970699603824,0.155693000533475,0.36113287347275,0.334262237228266,3
LIG4,1.41906771581993,0.155879275019296,0.361462290444667,0.257479753922414,3
HS6ST1,1.41898375466789,0.155903752311651,0.361462290444667,0.076209644373249,3
GLRX2,1.41879492287607,0.155958813319242,0.361462290444667,0.171429329452094,3
RHOBTB1,-1.41876043829874,0.155968870187243,0.361462290444667,-0.0800491898378376,3
IQSEC1,1.41808188097976,0.156166860544421,0.361808512495386,0.232699338514258,3
ANKFY1,1.41792588214492,0.156212405035885,0.361808512495386,0.174402912626422,3
EHBP1,-1.41783910253318,0.156237745056107,0.361808512495386,-0.218988879440802,4
BMP2,1.41766064618697,0.156289864876582,0.361808512495386,0.013985974857228,3
KLF12,1.41762374778424,0.156300643040325,0.361808512495386,0.512207478337334,2
ANKMY1,-1.41748360173102,0.156341585372895,0.361808512495386,-0.152428685300179,3
CDK5RAP3,-1.41744547520456,0.156352725081324,0.361808512495386,-0.0416508597762713,2
SSTR3,1.41705448195173,0.156466999210816,0.361995400615813,0.362623858954714,3
NXPH4,1.41689901448872,0.156512454698958,0.362023026907526,0.219392865704569,3
CNGA3,1.41676155026929,0.156552654750772,0.362025042882784,0.435251285345097,3
PPP1R8,1.41666684296162,0.156580355521974,0.362025042882784,-0.00216037959485197,3
PPP1R3D,-1.41647707436662,0.156635871784739,0.362044281398875,-0.129800140208194,3
USP10,1.41640927729236,0.156655709244431,0.362044281398875,0.0108380520501884,3
AFTPH,1.41562998436434,0.156883867588941,0.362298539244027,0.0289839260831718,3
SIGLEC15,1.41553494221703,0.156911710885565,0.362298539244027,0.30316283050477,4
SLC27A5,-1.41551210021613,0.156918403176208,0.362298539244027,0.130731697319112,2
TCF12,-1.41545163346391,0.156936119878974,0.362298539244027,-0.184054502109417,4
TMEM144,-1.41538187215688,0.156956561761702,0.362298539244027,-0.0568908080960225,2
SULT1C2,1.41530036402138,0.156980448328557,0.362298539244027,0.116782797156223,3
ADAMTS8,1.4151687149983,0.157019034876333,0.362298539244027,0.28553758971585,2
QKI,-1.41508103253882,0.157044738739979,0.362298539244027,-0.132138710553407,3
ALAS1,1.41499386096923,0.157070295999359,0.362298539244027,-0.0982950224029433,2
RIOK3,-1.41488872091304,0.157101125515555,0.362298539244027,-0.481626371361634,3
ARL6IP4,-1.41452197565914,0.157208699680667,0.362469236702362,-0.0689209406831162,4
CTAGE1,1.41436282644774,0.15725539888815,0.362499534526204,0.278715686132992,3
SERPINA6,-1.41389496804148,0.157392743624221,0.362738727678436,-0.112146394704409,3
CCDC87,-1.41363953919674,0.157467765789207,0.362790353802547,-0.286057347813783,3
SETD1A,-1.41348204177742,0.157514037957662,0.362790353802547,-0.149425653364534,4
CLEC10A,1.41347570227029,0.157515900697458,0.362790353802547,0.781594209920742,2
PWP2,1.41310220076705,0.157625676250262,0.36283712400605,0.416490688192593,3
POGZ,-1.41309636449737,0.157627392043827,0.36283712400605,-0.0375434604010565,2
CLASP2,-1.4127736785931,0.157722279866663,0.36283712400605,-0.118537752933,3
ARHGEF7,-1.41274040516246,0.157732066589139,0.36283712400605,-0.047098494692957,3
ARF3,1.41272176132955,0.157737550505481,0.36283712400605,0.118608502424684,3
GH2,1.41272109606793,0.157737746188892,0.36283712400605,0.372118257030711,4
HBZ,-1.41222313416448,0.157884270812659,0.363046875788273,-0.295256452432903,2
SLC12A4,1.41218277506135,0.157896150939947,0.363046875788273,0.115379152057889,4
NMD3,-1.41194868187475,0.157965072090689,0.363128050377447,-0.110564237228111,3
CALCA,-1.41159486920771,0.158069284004976,0.36329029911101,-0.497028328221085,3
KCNMA1,1.41119391576953,0.158187443680804,0.363455799564274,0.15119404078089,4
GBP1,-1.41112218966231,0.158208588182857,0.363455799564274,-0.178753702247373,4
POGK,1.41071960275531,0.158327308536466,0.363651198556434,0.186383321585928,4
TEX14,-1.4105471978327,0.15837817029141,0.363652430495618,-0.158764446560443,3
C21orf59,1.41048956510334,0.158395175475086,0.363652430495618,0.15523968616509,3
BIRC3,-1.41024395450064,0.158467661140016,0.363741537533883,-0.254803421051377,3
HOXA7,1.40982557047736,0.158591194268334,0.363947754511694,0.202663053452166,4
HIST1H2AJ,1.40926860599885,0.158755758116254,0.364071598956444,0.114088000634199,2
ADPRH,1.40924431041337,0.158762939567108,0.364071598956444,0.230728920787282,4
VAMP5,-1.40921340368269,0.158772075539609,0.364071598956444,0.0618673045843013,2
TCL1A,1.40917535474097,0.158783323282979,0.364071598956444,0.155987979153462,4
OGDHL,1.40897560492113,0.158842381723903,0.364071598956444,0.310656613231715,4
ZNF623,1.40895868738005,0.158847384362315,0.364071598956444,0.192131063665963,3
FAM69A,1.40845379749397,0.158996738817872,0.364336608551262,0.090802347712089,3
LRTM1,-1.40821203529951,0.159068293534425,0.364408441117071,0.0784134544113967,3
NUDT6,1.40811994127699,0.159095557147575,0.364408441117071,0.218474914069131,2
WBSCR22,-1.40793504127723,0.159150305817665,0.364456562103543,-0.148986151809896,2
SLC38A6,1.40747025253513,0.159287992167272,0.364694550951859,0.32748045236379,3
GJB3,1.40721934796032,0.159362356144187,0.364787491220494,0.190918038714058,2
HOXC11,1.40690013479113,0.15945700362062,0.36489689041846,0.14599610988862,4
SLC25A1,1.40683031962361,0.15947770965243,0.36489689041846,0.106183069792213,3
PTRH2,-1.40667315144064,0.159524330596641,0.364926264105234,-0.141417175979302,4
SLC38A2,-1.40630982749904,0.159632143175122,0.365095577086104,-0.141519815169071,3
GDPD5,1.40619396860171,0.159666534677015,0.365096932172126,0.0676185747534797,2
EYA3,1.4060582030305,0.159706842397293,0.365111811973664,0.129298678237403,3
ZNF592,-1.40588117149772,0.159759413213242,0.365154714669793,-0.0870822528344089,3
TDO2,1.4054675362511,0.15988229625198,0.36530476743537,0.427436983509714,2
RACGAP1,1.40543252889578,0.15989269954031,0.36530476743537,0.252665384994055,3
BARD1,-1.40476284352242,0.160091811429064,0.365682331794618,-0.37309798534081,4
HSD17B8,-1.40436136789498,0.160211268626562,0.365856360897216,-0.125758316415319,4
SLC27A3,1.40425955961559,0.16024157191207,0.365856360897216,0.167712178440982,3
CNPY4,1.40410732163452,0.160286893707053,0.365856360897216,0.160797865505292,3
CORT,1.4040516264814,0.160303476775275,0.365856360897216,0.622808637618782,2
PHOX2A,-1.40333844407763,0.160515939382173,0.366218985373048,-0.332191650730349,2
RIPK4,1.40329070123412,0.160530169944583,0.366218985373048,0.0755815402359876,2
ERF,-1.40245277397417,0.160780083583621,0.366683469006492,-0.399420002193955,3
BRCA2,1.40237108637871,0.160804462805246,0.366683469006492,0.257348069700077,4
GPR78,1.40226672965941,0.160835611567558,0.366683469006492,0.460955493318121,3
CIC,-1.40193942720601,0.160933335531293,0.366828843724209,-0.123564843265923,4
CTSF,-1.40074309059601,0.161290912052399,0.367566335862871,0.225238569368546,3
TAF13,-1.40031068427849,0.161420302760205,0.367726717839923,-0.109029835225285,3
HOXD4,-1.4000826216868,0.1614885784269,0.367726717839923,-0.11865652327511,3
MAPK8IP3,-1.40005727108386,0.161496169046596,0.367726717839923,-0.372927325554034,3
PATZ1,-1.40005296391042,0.161497458751397,0.367726717839923,0.0766083357913773,3
MAP6D1,-1.39928460608106,0.161727654002213,0.368160909592985,0.144878214673408,2
PRPS1L1,-1.39918900934993,0.161756311509749,0.368160909592985,-0.12093950395936,3
U2AF2,-1.39887776066596,0.161849642635784,0.368257436245506,0.0722987348787056,3
FMO4,1.39882020765363,0.1618669049522,0.368257436245506,0.21365803761394,3
MTMR1,1.39864708451075,0.161918839482469,0.368298021497079,0.0159746515685382,3
UTP3,-1.39789486132905,0.162144642017177,0.368607105406265,0.0710537048293452,3
MBNL3,1.39787858571157,0.162149530261132,0.368607105406265,0.370133607053638,3
CKAP4,1.3978533917064,0.162157097286666,0.368607105406265,0.248645844213146,3
DKK2,-1.39762734260204,0.162225003112698,0.368683880417288,-0.432982937885321,4
WTAP,-1.39709686204365,0.162384445324114,0.368968611356978,-0.258826333995006,3
PMCHL1,-1.39660146194484,0.162533450431467,0.369203493043948,-0.0568190758605954,3
LAMP2,1.39651255215249,0.1625602033935,0.369203493043948,0.187487785154473,2
SMARCC2,-1.39641236013967,0.162590355157384,0.369203493043948,-0.265934199821206,3
PPP2R5D,1.39599575714486,0.162715772822075,0.369410630101734,0.0970989827893638,3
IL16,-1.39564520237598,0.162821363300409,0.369572676270438,-0.085288064713976,2
TAF11,-1.3945207995392,0.163160393019129,0.370200815792264,-0.0994961798954694,3
RPIA,1.39450008589197,0.163166643583315,0.370200815792264,0.481331796124384,2
C14orf169,-1.39332838641244,0.163520510454711,0.370925777810119,-0.0573469365119308,3
SLITRK5,1.39286674294091,0.16366009090364,0.371130030814915,0.329414950219949,4
NEK2,1.39274414016616,0.163697175615474,0.371130030814915,0.432148750601804,3
GLI2,-1.39268975889195,0.163713626812912,0.371130030814915,-0.00822793516309738,2
TREML2,1.3924454358801,0.163787553771668,0.371219713772883,0.445720159168646,3
TSPYL1,-1.39194943541769,0.16393771035914,0.371482095091134,-0.0645003666462942,2
GAPVD1,-1.39179446271222,0.163984647247321,0.371510520043112,-0.16693957241111,4
CSRP1,-1.39155479941736,0.164057254477812,0.371571062743166,-0.0387211157679397,2
LSAMP,-1.39147132665958,0.164082548666416,0.371571062743166,0.400404134882253,2
BHMT2,1.39128901945644,0.164137802208534,0.371571062743166,0.180380420660412,3
UBQLN4,-1.39125219641762,0.164148964211293,0.371571062743166,-0.0955852406752157,3
LRFN3,-1.39061659731231,0.164341720654934,0.371929450348753,0.13496195529672,2
KCNQ1,1.38989165299504,0.164561780657845,0.37234946683411,0.304909121729595,4
RAB9A,-1.38977748786638,0.164596456195741,0.372349930853696,-0.151934677022311,3
CORO1C,1.38943301769953,0.164701115961306,0.372508679776807,0.0148301958369715,2
CXorf56,1.38920230820401,0.16477124003743,0.372589268345054,0.0264759582910434,3
KRT6B,1.38892645038902,0.164855116438153,0.372700914140839,0.208594396891619,4
MRPS33,-1.38867966608275,0.164930180085399,0.372792593697946,-0.0490213701916232,2
B4GALT6,1.38852564754296,0.164977040485085,0.372812119340384,0.335190591801821,3
SEC16A,-1.38842441839771,0.165007845081131,0.372812119340384,-0.0981724346310427,4
POLD1,-1.38788513788894,0.165172024143271,0.373105019823425,0.118225990461075,3
F11R,1.38733501771325,0.165339629902538,0.373334094652193,0.351284776195475,4
CEP192,-1.3873254115833,0.165342557750055,0.373334094652193,-0.200147576612226,4
APOM,-1.38691379494196,0.165468050839264,0.373539369940591,-0.0461133011619701,2
NDUFS4,-1.38658891491685,0.16556715039436,0.373684989251959,-0.124045076083642,3
SRPK2,-1.38636143194295,0.165636567085271,0.37376356750681,0.044922254493374,3
IFITM1,-1.38532303893819,0.165953712042387,0.374364846232332,0.0216134697842771,2
ACTG1,1.38526208421802,0.165972342955623,0.374364846232332,-0.0492220862463219,2
GNG10,1.38512948267639,0.166012878274808,0.374378102531205,0.086370914051574,3
RASIP1,1.38476677215777,0.166123794261858,0.37455003665552,0.209228941432414,3
FOLR1,1.38455622023967,0.166188206083621,0.37461707055828,0.693427937575085,3
METTL2B,-1.38397426543287,0.166366334783523,0.374857417043796,-0.410508816310969,4
STXBP1,-1.38392988320219,0.166379925489228,0.374857417043796,-0.28493316675148,3
MRPL12,1.38386780402654,0.16639893674551,0.374857417043796,0.350799709356208,3
SAMM50,-1.38302731953687,0.166656489248684,0.375359340463778,-0.192155585830686,3
MC5R,1.38233279615432,0.166869540429914,0.375760845470904,0.171652967685652,3
PEX16,-1.38185988520003,0.167014727147544,0.375941653778762,-0.210000158871998,3
XRCC5,1.38184453770085,0.167019440518819,0.375941653778762,0.0972770168891775,4
CH25H,-1.38156382290526,0.167105668490371,0.376057381465205,0.160249039542989,2
FHL5,-1.38142494006613,0.167148341899055,0.376075065443364,-0.366742609972805,4
UHRF1BP1L,-1.38108675108235,0.167252288743674,0.376230575387164,-0.240503094144042,3
BCORL1,1.38092913518626,0.167300750657847,0.376237539016524,0.20282924901105,2
CSN2,1.38085013358982,0.167325045124549,0.376237539016524,0.263166507976669,3
VNN2,1.38050622222011,0.167430835179279,0.376397061728735,0.473962097014634,3
SND1,-1.37976380288609,0.167659380965002,0.376832424715761,0.000879067656447376,2
BTK,1.37942504725068,0.167763741049589,0.376845828395036,0.651449289679511,3
VPS72,1.37932926524173,0.167793257355322,0.376845828395036,0.0403980504574084,3
TMEM127,1.37929265120031,0.167804541415205,0.376845828395036,-0.0939145946870746,2
NGB,1.379287841218,0.167806023843172,0.376845828395036,0.366013659197377,4
HDAC5,-1.37909150506656,0.167866542689139,0.376845828395036,-0.238988999101335,3
SLIT2,-1.37906516011862,0.167874664528505,0.376845828395036,-0.0952395024211836,3
LTB4R2,-1.37882344455247,0.167949196385411,0.376934805600501,-0.0055998420043745,2
SULT4A1,-1.37859860737498,0.16801854617324,0.377012117940036,3.94174028076595e-05,2
AMZ2,-1.37833561451341,0.168099692152968,0.377115861814405,-0.0651783542372738,3
RGS13,1.37797600129229,0.168210697792304,0.3772116249373,0.481218785747802,3
CHAD,-1.37797107213019,0.16821221971144,0.3772116249373,0.0159254280403679,2
CCR10,1.37757058596255,0.168335907635629,0.377410642233305,-0.234040289655112,2
ABAT,-1.37730664697662,0.168417461037342,0.377515130551021,-0.246475604566978,3
ZBBX,1.37717634658664,0.168457732941351,0.377527060421675,0.26292328677917,2
TLR2,-1.3768851284215,0.168547765783736,0.37765048039741,-0.185132601120952,4
ARHGAP11A,1.37644803444779,0.168682965279098,0.377771446497606,0.640128680343969,3
PARP6,-1.37643298868118,0.168687620601043,0.377771446497606,-0.161560216086963,3
PRKCG,-1.37637142266463,0.168706670792858,0.377771446497606,-0.265514232083047,3
LILRB2,1.37558761243302,0.168949344019831,0.3782364381559,0.706820901224946,2
ONECUT2,1.37546228952064,0.16898816915723,0.378244965444758,0.543218979129497,3
CDH22,-1.3752932286461,0.169040554954638,0.378283835637041,-0.136632830099124,3
CMAS,1.37501865668008,0.169125660748369,0.378395896313978,0.0669385759141572,3
UBE2NL,1.37484192499374,0.169180457158447,0.378440111456935,0.295778652296539,3
MYOZ2,1.37463957243029,0.169243213781896,0.378464045975927,0.168463544778106,2
PIM1,-1.37438380492438,0.169322561231901,0.378464045975927,-0.697909402280868,3
GYPB,1.37435874855556,0.169330336037729,0.378464045975927,0.220008813462182,2
HIST1H4D,-1.3743556325641,0.169331302925537,0.378464045975927,-0.385831437463397,3
RANBP2,-1.37385031935091,0.169488155700092,0.378736255248736,-0.146478443225892,3
SPAM1,1.37366390053341,0.169546048915472,0.378786113429655,0.38784355558308,3
ATF6,1.37355266619701,0.16958060030974,0.378786113429655,-0.133678012534363,2
HIST3H3,-1.37269234224135,0.169848010822814,0.379304985095729,-0.246856730983482,3
RING1,-1.37243335257179,0.169928573255072,0.379406458929576,-0.0632158401514896,3
EXT1,1.37125537639315,0.170295361011464,0.380146825717262,0.354342190281698,4
USO1,-1.3711249605906,0.170336005174552,0.380158993366841,0.0887927330560166,3
CDC42BPA,-1.37070552360341,0.170466772245821,0.380372252385737,-0.0727857597611139,3
MAN2A2,-1.3703063586554,0.170591288980359,0.380555960120817,-0.0763488572008946,4
RNF32,1.37021575204975,0.170619562568517,0.380555960120817,0.275495987244381,4
PSIP1,-1.37010126348334,0.170655293489251,0.38055707685196,-0.058574530078045,2
MSMB,-1.36880083068815,0.171061541172673,0.3813842657889,-0.352636218782153,3
BCAT2,-1.36850969100884,0.171152590661188,0.381508519257564,-0.417673313412395,3
KRT12,1.36784322918817,0.171361153025344,0.381817877712277,0.415120591431736,3
CFLAR,-1.36784030299199,0.171362069167665,0.381817877712277,-0.205078091113242,3
CYP4F12,-1.36749516958519,0.171470150299078,0.381979296129196,-0.342897923139774,3
PSMA1,-1.36738315813829,0.171505238495334,0.381979296129196,-0.0192516657342253,2
CCDC22,-1.36682415525416,0.171680429544364,0.382290661706499,-0.235583424682916,4
OLFM4,1.36641258289692,0.171809501573322,0.382477674797497,0.145084000882579,2
TAF1B,1.36633056985639,0.171835230123334,0.382477674797497,0.511115584327705,3
CCDC33,-1.36613834693116,0.171895544236073,0.382502154479541,-0.243444258221105,3
LRRC59,1.36606982376902,0.171917048694517,0.382502154479541,0.270806247323211,3
ZNF492,1.36530816135474,0.172156214937556,0.382955402338443,0.550473055218484,3
YWHAE,1.36479020981636,0.17231899674511,0.383238584072612,0.0600392586395829,4
MARCKSL1,-1.36447711258792,0.172417452761321,0.383378617687895,-0.000114494399685767,2
LRRC37A2,-1.36414843586183,0.172520853142707,0.38352958543888,-0.200307181494708,3
ZNF184,1.36327451968257,0.172796009262171,0.384006380507491,0.207949589717528,4
AP1B1,1.36324145521658,0.17280642618468,0.384006380507491,0.2244727210047,3
CRMP1,1.36307674033513,0.172858326417358,0.384042707108248,0.157978122856254,4
B4GALT7,1.36258406229567,0.173013634566354,0.384267999105054,0.176814344306014,2
TBC1D8,-1.36252938098851,0.173030878323179,0.384267999105054,-0.0700385324223345,2
DKK1,1.36204926411122,0.173182338408199,0.384525307191236,0.760943202027653,2
MDM1,1.36164012096612,0.173311486953113,0.384732980285147,0.195340331421407,2
PARP8,1.3614773268208,0.173362893938183,0.384768025543507,0.437561314525238,3
CLK2,-1.36132063739119,0.173412383943917,0.384798802662735,-0.040946477790192,3
CTBP1,1.36107467563675,0.173490091707794,0.384892168952061,0.132377085927721,3
THPO,-1.36089706038455,0.173546222642896,0.384937637985331,-0.268075962183053,3
SLCO4A1,-1.36025434825967,0.173749449414314,0.385309290201894,-0.735806609850617,2
CCT2,1.35908466309381,0.174119762200276,0.386051246159151,0.186060902300222,3
NIPA2,1.35851847728805,0.174299223594015,0.386369836499599,0.298313108280428,3
HOXD10,-1.35839275367338,0.174339092382791,0.386378924070355,-0.252413421351231,3
SMC6,1.35822064242721,0.174393682406669,0.38642062715012,0.130263401905958,4
AKTIP,-1.35809970660013,0.174432048311426,0.386426371177199,0.00105095458205328,2
GSK3A,1.35787402655151,0.174503660319212,0.386505749183541,0.195369708609864,4
CNP,1.35724814026787,0.174702379229004,0.386866564254142,0.18713595915935,3
UBE2V2,-1.35675909562542,0.174857768442585,0.387131300413364,-0.214832637994817,3
ZNF214,1.35631834297943,0.174997901703046,0.387362158646784,0.236399354900973,2
SEMG1,1.35590524933759,0.175129317110388,0.387573629056836,0.414642557348082,3
OXR1,-1.35482579169565,0.175473067179996,0.388254828283146,0.0611231936112977,2
FCAR,-1.35427732259155,0.175647918261268,0.388562116129064,-0.138540543599455,3
CTSS,1.3541468275559,0.175689539003772,0.388574611039873,0.325475515324524,2
TCEAL1,-1.35348623281422,0.175900345285735,0.388961213874413,-0.0644906572736202,2
CLCC1,-1.35317740430222,0.175998962052017,0.389099629162073,-0.0897379954006706,3
MLH1,-1.35292121142254,0.176080802208353,0.389200905556502,-0.0926209876940252,3
RANBP9,-1.35258524311433,0.176188169419517,0.389358552796567,-0.0242753611851134,2
CYP2E1,-1.35204507595062,0.176360895875902,0.389638126786927,0.1088787106143,2
KCMF1,-1.35196403452664,0.176386820957977,0.389638126786927,-0.229827435397493,3
AGPAT2,1.3518190030155,0.176433223504789,0.389660944653184,0.0937631443177833,4
RHBDF2,-1.35116509668605,0.176642552550585,0.390043510353928,-0.243934289814239,4
ABT1,-1.35065481344284,0.176806033383461,0.390324703169455,-0.0960571749708342,4
FAT4,1.34943270184378,0.177198022895828,0.390968356450375,0.417375954549881,2
GLYAT,1.3494066999047,0.177206369986018,0.390968356450375,0.328362567521896,3
CCDC81,-1.34940061798353,0.177208322434386,0.390968356450375,0.463509595789751,2
GRIN2C,-1.34928149977513,0.177246565580178,0.390968356450375,0.245709588573624,2
PDE5A,1.34908984034795,0.177308111135813,0.390968356450375,0.365217695448639,3
DRG2,-1.34906915512541,0.177314754513089,0.390968356450375,-0.0891786774860504,3
NT5DC3,1.34885968178617,0.177382040541939,0.391036898353883,0.170993916862011,3
HYAL1,1.34866381213329,0.177444974061572,0.391095819182432,0.152645058609934,3
LCAT,-1.34812431051658,0.177618403559765,0.391398203845896,0.115751724949452,2
SMARCAL1,-1.34770099853052,0.177754570802226,0.391618371161666,0.0663690891583421,2
ACP1,1.34676097232109,0.178057227989713,0.392150597076236,0.229101871703868,3
ACTL6A,1.34672519766871,0.178068753810307,0.392150597076236,0.0810800593501456,3
ABCE1,1.34637001244679,0.178183216948111,0.39232268843732,0.0556493994997652,4
ZNF747,-1.34558642456473,0.178435932159312,0.392799050170142,-0.06887866827506,3
SLC25A46,1.34546669448439,0.178474569827691,0.392804055272763,0.106060362729479,2
RIMS2,1.34518217069668,0.178566412460363,0.392869390889019,0.330948458691711,3
MARCKS,1.34514939086577,0.178576995858645,0.392869390889019,0.539217092811531,2
GALR3,-1.34485028075971,0.178673589037312,0.393001854771135,-0.112065766008708,2
TUBG1,1.34429419527173,0.178853271903758,0.393285113910086,0.0232672391480628,2
FEZF2,-1.34419383032947,0.178885716231579,0.393285113910086,-0.172753152126562,2
PACS2,-1.34398465866612,0.178953347874957,0.393285113910086,-0.0519901690957085,2
SLC4A10,1.34397534094137,0.178956361024829,0.393285113910086,0.198528445346545,3
CD2AP,-1.34379517981979,0.179014628638203,0.393285113910086,-0.133072766828687,3
LBP,1.34377603680719,0.179020820690233,0.393285113910086,0.233858135533049,4
KIR3DL3,1.34274280919614,0.179355267726186,0.393810071804819,0.268505382760301,4
TRIM62,1.34273442312173,0.179357984126728,0.393810071804819,0.0454993416359847,2
HEBP1,-1.34261518542694,0.179396610673058,0.393810071804819,0.056792563697622,3
PI3,1.34258741806706,0.179405606679459,0.393810071804819,0.166139209900715,4
NDE1,1.34170707260551,0.179690992910522,0.394356380621588,0.030077952403741,3
TMEM132A,1.34121179698369,0.179851697264677,0.394628891702832,0.594215031013673,2
KCNA10,1.34104107081061,0.179907118317611,0.39467032738969,0.369959218638599,3
CELSR1,-1.34050893618717,0.180079941043048,0.394948272776102,0.129314042657852,2
PGK2,1.34042583121765,0.180106942389842,0.394948272776102,0.31515068201422,3
TMEM121,-1.34010753536141,0.180210386614509,0.395094904852838,0.219809451567481,2
RASL12,-1.33986769252821,0.180288363238835,0.395135322744407,-0.25673229806119,2
PSTPIP1,-1.33964107852471,0.180362061992438,0.395135322744407,0.0570062892953369,2
PCDHA1,-1.3395355689812,0.180396383136797,0.395135322744407,-0.0610264791295067,2
TRIM10,1.33953062531702,0.180397991377708,0.395135322744407,0.136926783058573,4
SLC22A3,1.33948842193825,0.180411721141957,0.395135322744407,0.192855261093537,4
GJA1,1.33921618199386,0.180500305932743,0.395202391388902,0.389707301690259,3
GATA6,-1.33913838739779,0.18052562563194,0.395202391388902,-0.673715674895159,3
YIPF2,1.33903637146732,0.180558832612944,0.395202391388902,0.186548765561258,3
TGM5,1.3389446650445,0.180588687640772,0.395202391388902,-0.0351756568388375,2
PSMB5,1.33845194808125,0.180749154425993,0.395437940244953,0.253172229517864,3
SLK,-1.33822342074124,0.180823616552228,0.395437940244953,-0.213772150077131,3
FAM118A,-1.33820560474208,0.180829422579071,0.395437940244953,-0.102936893864265,3
CXCL11,-1.33816469951895,0.180842753639147,0.395437940244953,-0.085903285364169,3
FYCO1,1.3376930369516,0.180996521744274,0.395576046869304,-0.0277920395260926,3
TAGLN3,1.33766113314567,0.181006926302139,0.395576046869304,0.209849758585271,3
OR1D2,-1.3376340017232,0.181015774826418,0.395576046869304,-0.03289654299765,2
SETD5,-1.33710758725056,0.181187520923897,0.395871278523449,-0.214012211870994,3
TRPC2,1.33678185542134,0.181293853584765,0.39602349978213,0.16855608346435,4
CLINT1,1.33613970727482,0.181503613577568,0.396401543442152,0.0406335330942753,3
DMC1,-1.33560602597966,0.181678079482269,0.396702368014446,-0.188328097311129,3
F12,1.33463158870217,0.181996954016738,0.397318330090704,0.629713163850115,3
ADAM7,-1.3341960425247,0.182139616183037,0.397421425861604,-0.0890955767212747,3
SMARCA5,-1.33418214698745,0.182144168999774,0.397421425861604,-0.0139020799004422,3
CHRNA1,1.33415045578927,0.182154552808813,0.397421425861604,0.469506953681188,3
POM121,-1.33365542913648,0.182316808223983,0.397695105499891,-0.142423900096875,4
CRNKL1,1.33309862278908,0.182499441286941,0.398013116249049,0.261809638827207,3
HIST1H4E,1.33228443847332,0.18276673873698,0.398515605942037,0.290051907842621,4
PLD3,1.33208698819199,0.182831605545877,0.398576589930688,0.015800910804368,3
MAPK8IP2,-1.33151796900413,0.183018636454962,0.398758762955477,0.126975438394194,3
SLC9A2,1.33146575617045,0.18303580539051,0.398758762955477,0.499052919862511,3
KIF21B,-1.33142610768995,0.183048843637796,0.398758762955477,-0.0670300692920669,2
IKZF3,1.33138357392125,0.183062831466044,0.398758762955477,0.0759655025445097,3
ZNF280A,-1.33126027602637,0.183103384189887,0.398766684681282,-0.0672985390814394,3
PKNOX2,-1.32979918629403,0.183584444122045,0.399733756381039,-0.218870012052613,2
CHRNA10,1.32965946009123,0.183630497606423,0.399753453273797,0.27549262980499,4
FASTKD5,1.32946964739469,0.183693073209533,0.399809102722018,0.168120578852216,3
UBAP1,-1.32931686530229,0.183743452395182,0.399838189519088,-0.340239902128776,2
RAC1,1.32915588269483,0.183796546734062,0.399873171766635,0.117555898077442,4
NKX2-8,1.32877205453086,0.183923184528562,0.400068111010376,0.255811580415389,4
MAPK6,-1.32857600687927,0.183987892154372,0.400123319972017,-0.0660422263479611,2
HCK,1.32847072379831,0.18402264891881,0.400123319972017,0.815291314420945,2
COL4A1,1.32835700525787,0.184060195915825,0.400124418652192,0.550246275034375,3
SHOC2,-1.32820561380957,0.184110190360096,0.400152570678021,-0.0540602649955222,3
TUBGCP4,1.32759763763963,0.18431106539189,0.400508575410017,0.12451162796711,4
JARID2,-1.32739940211899,0.184376597374687,0.400545591617902,0.00965738493053129,2
HIST1H2BB,-1.32717420104439,0.184451064457788,0.400545591617902,-0.233407013721156,2
SPIN2B,1.32711462629416,0.184470767722245,0.400545591617902,0.122220466609047,4
ZNF239,1.32709752870265,0.184476422727186,0.400545591617902,0.294867828118495,2
GABRA2,1.32689004589941,0.184545057606698,0.400614090085923,0.355013787462546,4
CETN3,-1.32649922783072,0.184674390736426,0.400742891822624,-0.0209296180654615,3
SLC5A1,-1.32643104823446,0.184696960229068,0.400742891822624,0.0745523838051403,2
POU4F2,1.32618023145657,0.184780005677402,0.400742891822624,0.0227168882452414,2
ADAMTSL4,-1.32615943957969,0.184786891108932,0.400742891822624,-0.138588170242853,2
SPC25,1.32603848999088,0.184826948502022,0.400742891822624,0.460231167383982,3
TRIM22,1.32597271434767,0.184848735488147,0.400742891822624,0.574808415501955,2
ZC3H7B,1.32592638163218,0.184864083498624,0.400742891822624,0.0358664371265181,3
ARIH1,-1.3257544344927,0.184921050339269,0.400785952199997,-0.155645889234574,3
SREBF2,1.32553320804151,0.184994362736262,0.400864414498917,0.212922775200992,3
CDC42SE1,1.32515375492614,0.185120160054449,0.401056552127588,0.13260436814994,3
LY6H,-1.32497384436665,0.185179826597625,0.401105371347012,-0.0226338481335544,3
OAT,1.32468111303073,0.185276940056298,0.401125745559831,0.0737097230812199,2
ADAM18,1.32458256489287,0.185309641820622,0.401125745559831,0.259856381140759,4
DNASE1L3,1.32457679079579,0.185311558003037,0.401125745559831,0.514865666573465,3
ICOSLG,-1.32449780846605,0.185337770421136,0.401125745559831,-0.0410071575111205,3
ABCA4,1.32311949449932,0.185795642710935,0.40199906885986,0.222458292548187,3
ARNT2,1.32296426382091,0.185847262287921,0.40199906885986,0.676578982018322,3
HSD17B3,-1.3229472217806,0.18585293000242,0.40199906885986,-0.14652687244918,2
ENPP3,1.32281106657651,0.185898216072182,0.402016522524866,0.122014734829404,3
MLLT1,1.32254816665935,0.185985681305602,0.402125166025442,0.323176951960578,2
MS4A4A,1.32230047654129,0.18606811415762,0.402222887558657,0.995974879960879,3
LSM14B,-1.32199208830877,0.18617078546948,0.402364310652525,-0.368110052960815,2
FRYL,-1.32187024443292,0.186211362337968,0.402371501495245,-0.116982583733164,2
PQLC1,1.32174821511624,0.186252007513438,0.402378837032031,0.0820384630898295,3
C6orf25,-1.3207501626501,0.18658468210675,0.402956039544381,-0.261497505914685,3
NPAS3,-1.32072285939733,0.186593789094704,0.402956039544381,0.179950500473973,3
REV3L,1.32054016915635,0.186654733794762,0.40300708264062,-0.160328468368505,2
TIMM22,1.32031878330495,0.18672860689512,0.403086013525396,0.180504152126716,3
DCLRE1A,1.32016784817407,0.186778984039583,0.403093092607243,0.413853865500359,3
PTGFR,-1.32008536236721,0.186806519310485,0.403093092607243,-0.0692885325232931,3
CCT4,-1.31935593755096,0.187050145165519,0.403522887099209,-0.0827691521693496,3
INSL6,-1.31926536427738,0.187080412756234,0.403522887099209,-0.18802107280055,3
IL18,-1.31908205100954,0.187141683076164,0.403574458093177,0.187060323494482,2
POU2AF1,1.31880955392407,0.187232789430516,0.403690337610465,0.362165306615487,4
BTD,1.3186961885153,0.18727070153299,0.40369150228684,0.294034512506888,3
RPS27A,-1.31819087472038,0.187439759489583,0.40397531564375,-0.154979310884999,3
LGMN,1.31782165096808,0.187563358338518,0.404161060596982,0.212105610297445,4
NTSR1,1.31757817035525,0.187644897176179,0.404256118726982,-0.0328380078059542,3
RAD54L,-1.31735848218737,0.187718490651819,0.404334025128803,-0.186046309438373,3
PLCB4,-1.31658966679616,0.187976204327955,0.404749063230804,-0.301219489354158,2
PCOLCE,1.31656010672691,0.187986118332618,0.404749063230804,0.585753976437909,2
ZWINT,1.31611311903575,0.188136078344626,0.404794003234925,0.695723657741518,2
TP53I11,1.31606512265182,0.188152185909567,0.404794003234925,0.218391910981116,4
TREH,1.31604052475971,0.188160441345484,0.404794003234925,0.204850580832395,4
PLEKHA1,1.31590551786853,0.188205756520894,0.404794003234925,0.15409105954937,3
FAM57A,-1.31587433810527,0.188216223178799,0.404794003234925,-0.119306030393757,2
GPHN,-1.31582783442273,0.188231834683302,0.404794003234925,-0.0411785726042086,2
NBPF1,-1.31546401903494,0.188354002190362,0.404976101047032,-0.0138650891218814,3
TRIP4,1.31527281589423,0.188418230754657,0.405033577833194,0.129452528894778,3
TEX11,1.31487198519026,0.188552929409419,0.405242487759758,0.469462985890988,3
ADH1A,1.31441713256606,0.188705868074496,0.405436248489621,0.232311594170369,2
UQCRFS1,1.3143806165632,0.188718150102371,0.405436248489621,0.145992135902941,4
ANP32B,-1.31419331759296,0.188781156712531,0.405490963374182,-0.312926310901155,3
SUSD4,-1.31385761033644,0.18889412608147,0.405652952272772,0.0270401867521723,2
HSD17B10,1.31333928400842,0.18906864675997,0.405947032856528,0.161493541156995,4
KLK14,1.31238053689917,0.18939177053052,0.406435693049894,0.393867156998362,3
DLG5,-1.31228756002998,0.189423127892269,0.406435693049894,0.0290877678501592,2
ADCYAP1R1,-1.31224314395737,0.189438108999211,0.406435693049894,-0.374682160573553,2
RIF1,-1.3122175479253,0.189446742687115,0.406435693049894,-0.272437750816354,3
RPLP0,1.3118734946148,0.18956282198311,0.40660397201381,0.0871235363145053,3
NOS1AP,-1.31164980974082,0.189638318580048,0.406605775925182,-0.123391230201165,2
ATXN3L,1.31164794985448,0.189638946409097,0.406605775925182,0.13195773335262,4
ZBTB38,1.31138510189265,0.189727689592947,0.406712947651877,0.242111985014391,3
PLXDC2,-1.31119718106215,0.189791154504507,0.406712947651877,0.111736503099241,2
PITPNB,1.31113434519563,0.189812379018874,0.406712947651877,0.0864895738464568,4
RPL23A,-1.31105394972845,0.189839537313531,0.406712947651877,0.0819700660726755,2
PPP1R7,1.31057732002313,0.190000605811889,0.40691528278384,-0.090152079189384,3
MAK,-1.31046386139887,0.190038961957471,0.40691528278384,-0.0153839528276097,2
CRYBA1,-1.31044011205498,0.190046991450146,0.40691528278384,-0.062363682412937,3
TOMM20,-1.31029299161905,0.190096737444323,0.406941133149738,-0.217848583052599,3
EIF1,-1.31012107911735,0.190154878557812,0.406984941189119,-0.145037745702643,3
HSPA1L,-1.30894140680542,0.190554199167707,0.407758807331532,0.0779485943738776,3
TEK,1.30840637349314,0.190735512017548,0.408065953815321,0.132066289956873,3
ABI1,-1.30810851016864,0.190836507382235,0.408201178760972,0.0354741974222474,2
SEMG2,1.30773222967802,0.190964147618892,0.408354015622283,0.141424864012599,4
CCT7,1.30767499905323,0.190983566647266,0.408354015622283,0.0151962461488971,3
ADIPOR1,1.3072837170113,0.191116372213539,0.408547141255445,0.0650437976623988,3
OCEL1,-1.3071860483271,0.19114953267034,0.408547141255445,0.106786589229107,2
FBXL2,-1.30700834262561,0.191209878143117,0.408595272740248,0.0622840875861948,2
HOXC5,1.30649304961076,0.191384941100208,0.408814223683429,0.632352952343576,3
GPKOW,-1.30648395270438,0.191388032694603,0.408814223683429,-0.0892075472574097,3
ZNF529,-1.30626398243951,0.191462801036201,0.408893075680713,0.31873758497516,2
ZNF74,1.30564459319455,0.191673448144632,0.409262025471103,0.0880915623357791,3
HDAC9,-1.30526310154605,0.191803273838854,0.409458293282075,-0.00836147323395774,2
MOCOS,1.30509668367626,0.191859927878023,0.409498308820076,0.256889607517332,3
ACTB,1.3047613639776,0.191974118956598,0.40966108908913,0.237209333342933,3
TGFB1,-1.30414236945224,0.19218504503876,0.410030190896442,0.000424901281658833,3
EIF3B,-1.30284501445601,0.192627679217123,0.410838182702466,-0.148615123186407,3
SQSTM1,-1.30280944467237,0.192639825531197,0.410838182702466,-0.178601933569456,3
PPP2R2D,-1.30261397112189,0.192706585580022,0.410899434945795,-0.0652497327655767,3
CRISP2,1.30211721704119,0.192876318421533,0.411134985373508,0.222831261826491,3
FAM46C,-1.30206789273515,0.192893177733099,0.411134985373508,-0.132411897141667,2
TNMD,1.30171887054148,0.193012506326239,0.411308165976727,0.0599304211277613,3
KLHL7,-1.30156506870725,0.193065107462562,0.411339110613529,-0.0944498827399488,3
DYNC1H1,-1.30114817487874,0.193207740577745,0.411561824831553,-0.0948050205927391,3
BRAP,-1.30099878346198,0.193258871138105,0.411589575322123,-0.263513628653961,3
CHCHD3,1.30031744258699,0.193492192240993,0.411971040625027,0.198995224258488,3
NOD2,-1.30025302550035,0.193514262185835,0.411971040625027,-1.0834250718025,2
DNM1,1.29965687051036,0.193718598637413,0.412324788666273,0.219790546081618,3
ZKSCAN5,1.29906012820584,0.193923295010048,0.412679163258183,0.148195060787147,4
PCBP4,1.29893068272951,0.193967718744058,0.412692396666007,0.195677994562525,3
KIF25,1.29778471779273,0.194361322468089,0.413342021771392,0.457917397587633,3
SLC37A1,1.29777190853128,0.194365725365526,0.413342021771392,0.278749181365567,3
AUP1,1.29770756791591,0.194387842121706,0.413342021771392,0.130322312581635,3
FAM131B,1.29690205760157,0.194664888461714,0.413849660532068,0.526644637731305,3
FOLR3,1.29665226004156,0.194750862380401,0.413950967224142,0.181677310967698,3
FLNB,1.29585486754357,0.195025490816166,0.414431146087413,0.271033370894579,3
GPC1,1.29577357760211,0.195053503676024,0.414431146087413,0.395698301687056,2
JUND,-1.29528735108542,0.195221121019,0.414705712732987,-0.454307070736896,2
RBM15B,1.29503108357536,0.195309506862035,0.414766613428985,0.165354521307248,4
GPRC5A,-1.29498157903999,0.195326584198597,0.414766613428985,-0.63495612688634,2
MRFAP1L1,-1.29476336113274,0.195401874808903,0.414842202757606,0.0953344154192831,2
ADIPOQ,-1.29465581135464,0.195438989986434,0.414842202757606,0.133490988295853,3
ZEB1,1.29447081574456,0.195502843630772,0.414872386760487,0.143316163919853,4
SERPINB1,-1.29439208224764,0.195530024161974,0.414872386760487,-0.130525466275858,4
CLTC,1.29421841210701,0.19558998870082,0.414885074406299,0.216797646316115,3
TAS2R1,1.29405447192483,0.195646606063614,0.414885074406299,0.235736836912323,3
CKLF,1.29404108914967,0.195651228386011,0.414885074406299,0.520932409774118,3
TARBP2,1.29347956079317,0.195845248734215,0.415214990545043,0.0865788752897314,3
MNDA,1.29327050934167,0.195917516598937,0.415286698253869,0.815105937940214,3
LGALS1,1.29273582803703,0.196102441709505,0.415597130732994,0.370995475714186,2
CCDC85B,-1.292396007918,0.196220038499645,0.415764781458055,-0.075348342064606,3
SLC1A6,1.29225595189685,0.196268520757926,0.415785950426969,0.189999302832261,3
SYNJ1,1.29183808523904,0.196413223022596,0.415959459844253,0.1446065904334,3
FOLH1,-1.29174861378548,0.196444216080424,0.415959459844253,0.188250187124424,3
COTL1,1.29168588540901,0.196465947428752,0.415959459844253,0.270314549894094,2
FRAT1,1.29152667970769,0.196521109871605,0.41598350009172,0.210993260519352,4
DNASE2B,1.29137052367312,0.196575226669325,0.41598350009172,-0.135841172510616,3
ENSA,1.29110415572364,0.19666756324544,0.41598350009172,0.115304991028748,3
SV2C,1.2910782611697,0.19667654129865,0.41598350009172,-0.0362704954375366,3
GRIK2,1.29092104103235,0.1967310584617,0.41598350009172,0.363580158839568,2
GLTSCR1,1.29088095326095,0.196744960942382,0.41598350009172,0.261353398116161,3
HNF4G,1.29086954469734,0.196748917575576,0.41598350009172,0.578312983377517,3
IDH3B,-1.29062210650864,0.196834746585821,0.41598350009172,0.0134111958098691,2
CSTF3,-1.29061660040665,0.196836656802001,0.41598350009172,0.058499330043903,2
LIPG,1.29054239870454,0.196862400709949,0.41598350009172,0.428871400692602,3
TMPRSS4,-1.28920039509871,0.197328427718789,0.416865212857982,-0.37025303735491,2
SMA4,-1.28911862213478,0.197356850449521,0.416865212857982,-0.333406431837138,3
SPON1,1.28894892551814,0.197415843334782,0.416908297107002,0.577654916294095,3
TPCN1,-1.28867728498138,0.197510302599038,0.417007042766074,-0.0727995860035401,3
CYB5R1,-1.2885924460599,0.197539810945566,0.417007042766074,-0.0264641351819743,2
CECR1,1.28781566084637,0.197810139396322,0.4174204114507,0.318182083424102,2
ASRGL1,1.28780769496236,0.197812912999087,0.4174204114507,0.0438742700593757,3
CCT8L2,1.28676064497374,0.19817772799501,0.418056495063614,0.309310779157334,3
CAV3,-1.28662206300787,0.198226049818446,0.418056495063614,-0.00929844596530362,3
CDKL5,-1.28654374031528,0.198253363787083,0.418056495063614,-0.408388192227967,3
NCOR2,-1.28649845951853,0.198269156101731,0.418056495063614,-0.42440367200645,3
RARS2,1.28632053092799,0.198331220110163,0.418105745439107,0.203559751493541,3
ACIN1,-1.28619433656304,0.198375247100044,0.418116959838961,0.0520953359446344,3
UBIAD1,1.28607518480146,0.198416823609217,0.418123005974789,0.0647227867400822,3
B4GALT2,1.28492686284365,0.198817842778832,0.418886354144128,0.365443579356799,3
RGL3,-1.28409468504737,0.199108827516339,0.41929744947274,-0.0612942350712107,3
NCAPD2,1.28408584883165,0.199111918914413,0.41929744947274,0.292929685644672,3
POP5,1.28402753848634,0.199132319984984,0.41929744947274,0.322659487958927,3
GOLPH3,1.2838571031136,0.19919195905437,0.41929744947274,0.0373979087099929,3
AVP,-1.28381399389606,0.199207045981679,0.41929744947274,-0.00430842302370869,3
IGBP1,-1.28273285463001,0.199585685259481,0.420012579811595,-0.119587057684832,3
FXR2,-1.28253446168012,0.199655223982091,0.420077080143076,-0.195671334425443,3
RHBG,1.28207588513635,0.199816027397363,0.420231512559599,0.521071989992613,3
SLC35C2,-1.28198743954111,0.199847052408059,0.420231512559599,-0.0497209584395043,2
TRIM8,-1.28190438316267,0.199876190188333,0.420231512559599,-0.0942765229890224,3
LIMS2,-1.28172567466404,0.199938895097654,0.420231512559599,-0.186204888069867,2
SDAD1,1.28172255672654,0.199939989241321,0.420231512559599,0.141852258619513,2
SEMA7A,-1.28165971734243,0.199962041710455,0.420231512559599,-0.0603471239537048,3
PARP4,1.28138637054758,0.200057989030671,0.42035137084406,0.115474863695274,3
LSM5,1.28097899751197,0.200201043209572,0.42057014172497,0.271115458589878,3
CDC25C,1.28085860036541,0.200243336480594,0.42057719631798,0.465390840686321,2
BMPR1B,1.28053008627086,0.200358770533057,0.420667472753646,0.7227979289961,2
ATP1B4,1.28051462241941,0.200364205454315,0.420667472753646,0.38758972147587,4
DYRK3,-1.27887766226636,0.200940139900674,0.421794673767408,-0.273315292419222,3
KRTAP1-3,1.27864990370733,0.201020368203737,0.421881099152276,0.111638833151376,3
FUT5,-1.27833512283225,0.201131288718191,0.422011930501518,-0.476725119774205,3
OPCML,1.27807065999215,0.20122451298709,0.422011930501518,0.193917214598873,4
NFU1,-1.27796130886927,0.20126306892946,0.422011930501518,-0.0844556594147782,4
CXCL2,1.27795048347073,0.201266886133015,0.422011930501518,0.605188392223521,3
SNORA64,-1.27791883207807,0.201278047208278,0.422011930501518,-0.242540069328694,3
PUM2,-1.27768935944746,0.201358978517532,0.422099686773992,-0.113160684649461,3
MIA2,-1.27728654704766,0.201501101372681,0.422305897603601,0.0890713988726576,3
ACTR3B,-1.27687669936422,0.201645781531161,0.422305897603601,-0.132115402947662,4
MUC16,1.27679569423378,0.201674386081338,0.422305897603601,0.245394275126146,4
ZFAND3,1.27673359496086,0.201696316594216,0.422305897603601,0.0576048758149425,3
TLR7,1.27638792085385,0.201818424046085,0.422305897603601,0.476923829541541,3
GNGT1,1.27631325167614,0.201844807593997,0.422305897603601,-0.000333131502021057,3
ALPL,1.27630134607474,0.201849014542157,0.422305897603601,0.981911745801599,2
ZNF197,-1.27608750806629,0.201924586954402,0.422305897603601,-0.0113711206105724,3
CLDN4,-1.27607767458464,0.201928062697562,0.422305897603601,0.339430025930313,2
ZIC3,1.27596750537529,0.201967006096134,0.422305897603601,0.0493029347143757,2
PXMP2,-1.27596673994186,0.201967276686157,0.422305897603601,-0.01854878332435,2
ACOT8,-1.27595847667079,0.20197019786977,0.422305897603601,-0.196912094917166,2
FOXA1,-1.27591057503006,0.201987132386471,0.422305897603601,-0.055620748741092,3
MYLK,1.2758609371269,0.202004681810573,0.422305897603601,0.170578567884785,4
APOOL,1.27510961251296,0.202270447517493,0.422779677647825,0.236511344745582,3
PLA1A,1.27487579814762,0.202353206531546,0.422870833227658,0.222853996313723,3
TBC1D29,1.27449611805123,0.202487647546427,0.423069935937429,0.179023524116006,4
ADAM10,1.27356102118761,0.202819033723471,0.423680371742591,0.243248592611722,3
SLAMF7,1.2728747835325,0.203062478651783,0.424040653744887,0.200794622674995,2
FOXO4,1.2728535492253,0.203070014980772,0.424040653744887,0.256869315360533,3
DAD1,1.27260105375096,0.203159644487522,0.424045618412565,0.23195800502805,4
STXBP3,1.27251615987635,0.20318978613601,0.424045618412565,0.0491752742587338,2
CFHR4,-1.27251510366617,0.203190161164917,0.424045618412565,0.168452624277805,2
CD4,1.27224350368557,0.203286614992898,0.424164963328817,0.448029724535671,2
PDCD6IP,-1.27180482689453,0.203442473535331,0.424408188321483,-0.122668195600012,4
CABP2,-1.27143708761901,0.203573195533648,0.42459889132158,-0.124003846084438,3
NEK7,1.27064460334264,0.203855111465651,0.425104809662541,0.1846921715774,3
CRADD,1.27052248263506,0.203898579565832,0.425113386695642,0.184738034335924,4
BAG5,-1.27014360563994,0.20403348138262,0.425302106250332,-0.128092783977467,2
KRT76,1.27004713491197,0.204067840834611,0.425302106250332,0.340265721829288,3
SDHC,1.26956247902068,0.204240521783558,0.425579883546681,0.196455131949221,3
CD180,1.26886938732477,0.204487652255795,0.425753173232302,0.203349234065912,4
WDR78,-1.26881919994677,0.204505555631598,0.425753173232302,-0.109544985806053,2
NRTN,1.26880559742832,0.204510408263178,0.425753173232302,-0.0141076868746061,2
TMEM2,-1.26878449084369,0.204517938099276,0.425753173232302,0.215250309541736,3
RRAGA,-1.26877658975478,0.204520756887837,0.425753173232302,0.0198557569375995,2
HIST1H3I,1.26829437142049,0.20469284635641,0.425924783611883,0.37617880403375,3
XBP1,-1.26823069841354,0.204715577238373,0.425924783611883,-0.27330636717285,2
IRF6,-1.26814587552142,0.204745861354127,0.425924783611883,-0.517577747215647,2
LPL,1.26800343389925,0.204796724277121,0.425924783611883,0.455976706182623,3
CD36,1.26799329520334,0.20480034494354,0.425924783611883,0.183764638772416,3
FKBP1B,1.26773809998276,0.204891493964363,0.426032322964975,-0.0347340110316424,3
DDX19A,-1.2670651357365,0.205132000539985,0.426325769824279,-0.25592004890052,4
EXOSC9,-1.26698558852585,0.205160442988734,0.426325769824279,0.0228085875998629,3
RNF216,-1.26695134038264,0.205172689443064,0.426325769824279,-0.0497504091647165,2
ZWILCH,1.26690156129514,0.205190490401447,0.426325769824279,0.0589850762142685,2
PIK3C2A,-1.26622937613882,0.205430973172337,0.42674334080915,-0.166617964305267,2
NF1,-1.26605515887943,0.205493335019508,0.426775978172264,-0.168575270156103,3
PDHA2,-1.26596475055748,0.205525702504362,0.426775978172264,0.0532953061504443,3
PRKAG1,1.26550524002868,0.205690271180733,0.427035615855137,0.0942551760057033,4
KRT7,1.26535667774851,0.20574349761499,0.427064039438341,0.606602763689207,3
IQGAP1,1.26488494480864,0.205912574971235,0.427332878931658,0.156299520495773,4
TPSG1,-1.26477096320577,0.20595344311294,0.427335592106411,-0.097039992169151,2
NKX2-2,1.26452641013603,0.206041147580374,0.427435466902861,0.199012257446662,3
KCNJ14,1.26413431291631,0.206181822660961,0.427645170580587,0.20757579003765,3
DPM3,-1.26364020792123,0.206359195009166,0.427930893547515,-0.0670475436850124,3
MADCAM1,1.26332525052793,0.206472315293603,0.428083291708541,0.239715947109304,4
PSAP,-1.2624371777201,0.206791518501984,0.428564677912249,-0.154723204155121,3
GFI1B,1.26234968069302,0.206822987248493,0.428564677912249,0.128453443301188,3
ROCK2,-1.26232965326923,0.206830190701203,0.428564677912249,0.00755344704742744,3
NPHS2,1.26223789988109,0.206863194837481,0.428564677912249,0.24957752193371,3
CXorf40B,1.26185527881428,0.207000866689814,0.428767662892306,-0.109763301131028,2
NR4A3,-1.26147328400874,0.207138379528074,0.428909731177927,-0.0986357243428114,2
SKAP1,-1.26144415697568,0.207148867575934,0.428909731177927,-0.309365988074079,2
GPC3,1.26063779074495,0.207439376563572,0.429409582541605,-0.00864778040719063,2
SDPR,1.260553434997,0.20746978441813,0.429409582541605,0.143057662035436,3
IFNA7,1.2602889415969,0.207565147751826,0.429524660156172,0.0416559107004266,3
GALR1,1.25919086454825,0.207961400458766,0.430153060755334,0.427057199770669,3
RPS5,-1.25914560622819,0.207977744164405,0.430153060755334,-0.107444224822184,3
ESD,-1.25909624969559,0.207995568880195,0.430153060755334,-0.133424064569171,4
RAB11FIP2,-1.25900616549185,0.208028104923705,0.430153060755334,0.00687362358189892,2
NPVF,-1.2587899808336,0.208106200187407,0.430232186492703,-0.0341812703625698,2
DNTT,1.25855869165633,0.208189775392269,0.430322608837981,0.210175817161212,4
HPRT1,1.25841786897006,0.208240672893306,0.430345465581306,0.0164623543914044,3
EPRS,1.25828620030585,0.20828827001894,0.430361494404091,0.278037390052031,2
HIST1H2BK,1.25801601334469,0.208385965051449,0.430481008698747,0.0462448229498965,2
COL19A1,1.25787715659246,0.208436186223149,0.430502425159169,0.165318501234918,2
OBP2A,-1.25769708235249,0.20850132784121,0.430554644110256,0.114588398276453,2
PLEKHM2,-1.25739124192765,0.208611999021838,0.430684996904203,-0.347115631822066,3
RECQL4,1.25730229167389,0.208644194482475,0.430684996904203,0.307739765968266,3
NRBP1,-1.25718013414656,0.208688415152768,0.430693974107796,-0.0971898740090939,3
IRS1,-1.25670686732241,0.208859800499426,0.430965341928328,0.253112479518866,3
CDH6,1.25612182314447,0.209071805002294,0.431320404437506,0.57003712156539,3
YTHDF3,1.25531574040394,0.209364163337859,0.431841071677593,0.200033398373627,3
MATN4,-1.25481637852028,0.209545425482644,0.432132433383642,0.271285110616228,2
EIF2AK1,1.25453713037043,0.20964683861393,0.432242762690372,0.244856516005216,4
RGS11,1.25444871487944,0.209678955424695,0.432242762690372,0.682887318934506,2
HSF2,-1.25393056817511,0.209867243148837,0.432548361094015,-0.144675746902162,2
POU3F4,1.25337013537115,0.21007103485052,0.43280693366231,0.0976222373327725,4
PKP4,-1.253365189331,0.210072834029947,0.43280693366231,-0.20650068403124,3
RAB5C,1.25261785228162,0.210344814720286,0.433232416381379,0.365412158603158,2
APOL3,-1.25257734137321,0.210359565258316,0.433232416381379,-0.17458736912663,2
RAB21,-1.25216047372804,0.21051139556365,0.433331770102119,-0.267745035212814,3
CEBPA,-1.25212188778656,0.210525453229777,0.433331770102119,-0.342716094928885,2
ALDH1A1,1.25211447229978,0.210528154924636,0.433331770102119,0.170611113788225,3
IL5RA,-1.25096624596881,0.210946792576487,0.434110736028045,-0.0359904545819395,3
MAST1,1.25079734439616,0.211008424017732,0.434154856426579,0.162415230051754,4
MC1R,1.25055937542974,0.211095279945276,0.434250850117857,0.131142645660359,3
NUP133,-1.24960329400479,0.211444499240882,0.434840281830684,-0.102405873312115,3
CBR1,1.24938235449355,0.211525259213051,0.434840281830684,0.489616211436904,3
RET,1.24937131973314,0.211529293331227,0.434840281830684,0.346684056588273,3
IL5,-1.24933428525875,0.211542832903189,0.434840281830684,0.324448690538707,3
ERC2,1.2489161141322,0.211695757124258,0.435071835703242,0.188546188231183,4
CLPS,1.24840114760136,0.211884188969012,0.4352958083398,0.246606315150177,3
ZDHHC13,-1.24839802380688,0.211885332369067,0.4352958083398,-0.137978880496253,3
RFC3,1.24820878460891,0.211954607762241,0.435355328588653,0.207089425805693,4
AGBL5,-1.2479536989259,0.212048013685027,0.435464380955449,0.117615346689382,3
ATP6V0B,1.24754704363798,0.212196982058496,0.435687473901517,0.19441872831322,4
DALRD3,1.24717411460539,0.212333662079893,0.435848417739592,0.115413125730676,3
ZNF154,1.24711300304566,0.212356065780733,0.435848417739592,0.334692735030006,3
KIAA0408,-1.24667631402612,0.212516207124374,0.436094238099826,0.0349088777874621,2
ZP2,1.24649768655357,0.212581738008949,0.436145856405064,0.237124352926148,3
BTG2,-1.24580126142793,0.212837366373642,0.436587396803661,-0.769269877042856,2
NLGN1,-1.24556887312974,0.212922715710271,0.436630134029482,0.283135580939374,3
ABCC5,1.2455244241144,0.212939043331541,0.436630134029482,0.0985024902100701,3
GCK,-1.244693342318,0.213244494162324,0.437173472374534,-0.151439435007988,3
MBL2,1.2440399933598,0.213484844075711,0.437532224469407,0.342696782666706,3
SNAPC3,-1.24395880497502,0.213514724799626,0.437532224469407,0.00289992122143969,3
ANAPC5,-1.24388741851009,0.213541000500159,0.437532224469407,0.0242755739025118,2
EFNA5,-1.24340081815715,0.213720168956809,0.437816283912659,0.109510253283261,2
MGAM,1.24325326373605,0.213774520589142,0.437844590709881,0.285572219109655,3
ZNF451,-1.24249992603939,0.21405216776076,0.438330145242034,-0.1692253240195,3
KIAA1614,-1.24215579292251,0.214179086615731,0.438506916911131,-0.0229618778134105,2
BOK,-1.24195415016249,0.214253479179621,0.438576100454475,-0.0979689656460117,3
TOMM22,1.24151771796581,0.214414557001808,0.438822668573992,0.109455364263276,3
CPEB1,1.2405848417946,0.214759154477327,0.439444665024452,0.392808266826391,3
DENND2D,-1.2396521514749,0.215104082219073,0.440049276156205,-0.280797422178403,3
MEF2A,-1.23956561074261,0.215136106959907,0.440049276156205,-0.142130035975854,3
PRKAR1A,1.23944427644964,0.21518101298088,0.440057800495922,0.0632223135342301,2
SOD1,-1.23931736768178,0.215227989350517,0.440070554791649,-0.0744036106913619,3
FXYD2,-1.23914535955155,0.215291671430638,0.440095225825373,-0.134008649303837,3
IL1RAP,1.23906469749469,0.215321539389659,0.440095225825373,0.0114904745503153,3
ATXN2,-1.23876630700282,0.215432054896289,0.440194660306738,-0.0649402674906152,2
ERMAP,1.23866313916446,0.215470274888141,0.440194660306738,-0.116656600057083,2
POLE3,-1.23860330785952,0.215492442483062,0.440194660306738,0.0303476940051804,2
EIF2B2,-1.2379751321473,0.215725281775553,0.440507771834892,-0.0571205826642287,2
GABARAPL1,-1.23796973466376,0.215727283188907,0.440507771834892,-0.696208990512893,3
LSM1,1.23782278128758,0.21578177935993,0.440535774077861,0.411680994807907,2
NDST3,1.23755811895072,0.215879951712798,0.440652917309457,0.0508360985252602,2
PSMD11,-1.23580806613839,0.216529916003602,0.441896118018309,-0.119536332574071,4
SNTG1,1.23569186844556,0.216573121280831,0.441900803943245,0.185644563528949,4
SFTPC,-1.23535926098863,0.216696827545959,0.442069713154193,-0.0320771883277269,3
TPK1,1.23518472585945,0.216761762511176,0.442118685544886,0.282065105170657,3
BACE2,-1.23496540100377,0.216843381131996,0.442201661881785,-0.0857224244355328,3
OTUD4,1.23470706766413,0.216939544563076,0.442314262055559,0.0789730216708038,3
SLC13A4,1.23377511477871,0.217286714847207,0.442873004127406,0.037227679996297,3
PGGT1B,1.23366266260016,0.217328632437346,0.442873004127406,0.249825509375351,4
HAO1,1.23364132912636,0.217336585343398,0.442873004127406,0.274007040024366,4
FKBP15,-1.23334382914526,0.217447512178343,0.443015470869571,-0.0540243015745823,2
CTNNAL1,-1.2330522382105,0.217556275250423,0.443153476382249,-0.325080595230746,3
LYL1,-1.23292656844254,0.217603161984997,0.443165413982265,-0.0406793515536835,3
EFNB1,-1.23251371902678,0.217757245088559,0.443395619499834,-0.140809901432574,2
KRT6C,1.23165274817706,0.218078827795415,0.443919700166965,0.132932469907483,4
TRAF3IP2,-1.23160460496551,0.218096819920948,0.443919700166965,-0.0964251668600037,2
PURA,-1.23113682660444,0.218271694028303,0.4441919440267,-0.081568020679,3
CCDC28B,-1.23090859409027,0.218357052960721,0.444202647755877,0.177674964373364,2
MCAM,1.23090285882516,0.218359198258073,0.444202647755877,0.32429188816078,4
SMARCB1,1.23053975765378,0.218495048441403,0.444395314114862,0.111995966794259,3
LPCAT1,1.2303450338391,0.218567927156558,0.444426601146361,0.0803871083280028,3
HIRIP3,-1.23027880806246,0.218592717264452,0.444426601146361,-0.0805648903438372,2
RBBP8,1.23000492708681,0.218695259806655,0.444485890824734,0.35681965595658,3
B3GALNT1,-1.22998111703331,0.218704176053829,0.444485890824734,0.460525214298936,3
SLC2A14,-1.2289080102312,0.21910629783382,0.445103016103954,-0.311735881662864,3
UQCRC2,-1.22881313343752,0.219141876231121,0.445103016103954,-0.169892255045894,3
PNO1,1.22878091797084,0.219153957838574,0.445103016103954,0.23900896182964,3
SIRT2,-1.22873108364009,0.219172647903808,0.445103016103954,-0.0146221411713413,2
MPHOSPH10,-1.22821982819844,0.219364457277044,0.445370549518984,-0.0191858573074359,2
VPS26A,-1.22816017750032,0.219386844472367,0.445370549518984,-0.0776807438655101,3
OSBP2,-1.22801179953195,0.219442538555218,0.44539990632722,0.0816344291048652,3
EIF3J,1.22745081714556,0.219653196579253,0.4456896923593,0.0948812621264142,4
MICALL2,1.22717943257768,0.219755157980825,0.4456896923593,0.599455653162368,2
SP4,-1.22713359020655,0.219772384687494,0.4456896923593,0.101650408391818,2
VCAM1,1.22709848577336,0.219785576932877,0.4456896923593,0.552674523678609,3
STX10,1.227068791568,0.219796736458403,0.4456896923593,0.166741645379604,3
KHK,-1.22697264710319,0.219832871772852,0.4456896923593,0.0311047312234303,2
MOCS1,-1.22635833178721,0.22006385910829,0.446074273989069,-0.0783225514915599,3
ADAM22,-1.22604824078887,0.220180521847012,0.446227016321093,0.0554275979100821,3
PRKACA,1.22585548692174,0.220253062253471,0.446290297966984,-0.00327826127463268,2
UBE2M,-1.22534656648839,0.220444670211489,0.44659477262275,-0.183960628738447,4
LGALS3,-1.2246745402914,0.22069787042973,0.447023888314633,-0.149340941439764,4
SLC6A1,1.22454788983887,0.220745612036793,0.447036764383472,0.026554444515157,3
TEX13B,1.22405742099299,0.22093056691954,0.447290281334983,0.214925049532066,3
APOBEC1,1.22399632400958,0.22095361425694,0.447290281334983,0.521667807246271,3
PHF10,1.22353835424427,0.221126426994931,0.447522878901956,-0.0629068198852152,2
SENP5,-1.22347226708747,0.22115137266975,0.447522878901956,-0.190588353458689,4
CAMTA2,-1.22326901922996,0.22122810452848,0.447594303262155,-0.185659863774405,3
APC2,-1.22286678303224,0.22138001640271,0.447748384734105,0.457155768670962,2
YPEL1,-1.22262524886311,0.221471272123942,0.447748384734105,0.0595920270743117,2
LDLR,1.22259970855184,0.221480923263999,0.447748384734105,0.0968947327915524,2
CUL5,-1.22253850600251,0.221504051631183,0.447748384734105,0.0407785354043721,2
PVRIG,-1.22251150983753,0.221514253998344,0.447748384734105,0.0313836806955552,3
EEF1A1,1.22224641833254,0.221614455036669,0.447748384734105,0.165121588904527,3
SRP19,1.22217557808109,0.221641237200783,0.447748384734105,0.187784809385131,3
PRPF38B,-1.22215587609855,0.221648686227506,0.447748384734105,0.149947844046642,2
CCDC68,-1.22208015886764,0.221677315456211,0.447748384734105,-0.130478194598833,2
ZNF669,-1.22176597038367,0.221796140683429,0.447799272779155,0.0230014912171374,2
TCTA,-1.22172832160863,0.221810382408214,0.447799272779155,0.159738348094906,2
ENOX2,1.22165923604541,0.221836517700242,0.447799272779155,0.246286130977694,3
CLPP,-1.22157515007397,0.221868330671546,0.447799272779155,-0.12443833584214,2
GZMK,1.22110743788072,0.222045343907414,0.448072819893123,0.317212510748,3
MRPL33,1.22048291243874,0.22228186332156,0.448466321927437,0.0402417674101755,3
C3orf36,-1.22029195783225,0.222354217386771,0.44852852590325,-0.308995483749553,3
STK16,-1.220159206439,0.222404527774307,0.448546248883134,-0.1448901212204,4
GSTM4,1.2199548217026,0.222482001841989,0.448618738827172,-0.0843089313275159,3
MCPH1,1.21971670553939,0.222572286508392,0.448659083698967,0.123964711490916,3
SCARB2,1.2196829707928,0.222585079572557,0.448659083698967,0.367995820183284,3
SEMA6C,-1.21956938652862,0.22262815745155,0.448662193431277,0.00575477708891655,2
FBXW7,-1.21853513797714,0.223020680345774,0.449369406658283,0.0498034238679488,3
TBCC,1.2182347906111,0.22313476233347,0.449515423857915,-0.035193186694853,2
CDH2,1.21733621768671,0.22347631973858,0.450037904597332,1.1319905661131,2
LIPC,1.21733326885093,0.223477441238668,0.450037904597332,0.487233042291391,2
BST1,-1.21690377144329,0.22364083052459,0.450282991859575,-0.00457995852106379,3
METTL2A,1.21675164554799,0.22369872270073,0.450315617333822,0.572265715719335,3
FLOT1,1.21654275250251,0.223778235326332,0.450391745480724,0.260222471831455,3
HAND2,-1.21627238024606,0.223881179280111,0.450514996010387,-0.191510168172222,4
GBAS,1.2160028487395,0.223983836819786,0.450547620671479,0.334519207510571,3
SLC15A1,1.21594008589931,0.224007746383262,0.450547620671479,0.454683912023862,3
HESX1,-1.21590130507412,0.224022520887476,0.450547620671479,0.139759018264193,2
FRMD4B,-1.21573581090001,0.224085577772592,0.45059054562538,0.134840920350659,2
CEP70,-1.21553034347481,0.224163882992445,0.450616012717962,0.0648530420441086,2
SSX3,1.21548366588788,0.224181674907084,0.450616012717962,-0.0687429880397625,3
RBM41,1.21517054346961,0.224301052663675,0.450772087604282,0.114110744700882,3
NOL6,1.21499994830454,0.224366111098572,0.450818960581617,0.0749951911665558,2
SLC11A2,-1.21488818611525,0.224408740210922,0.450820757254673,0.0185433323036273,2
MTRR,1.21473080706939,0.224468778636992,0.450857520795238,0.0926986828575824,2
TAF1C,-1.21447685271735,0.224565683717827,0.450968305543775,-0.102302919195353,2
MAP7D3,1.21398384213761,0.224753894330807,0.451199301391252,0.150212670278113,3
DPM1,-1.21395672143903,0.224764251137412,0.451199301391252,-0.117775022108601,2
SERPINF2,-1.2136102039267,0.224896608672562,0.451380786255752,0.168391228261927,2
GH1,-1.21340183706269,0.224976224309117,0.451380786255752,0.02267884439185,2
HIST1H4A,-1.21335492620248,0.224994151422994,0.451380786255752,-0.254020658757412,3
ZNF14,-1.21328256968704,0.22502180466462,0.451380786255752,0.134808524920546,3
TM7SF2,-1.21310680325468,0.225088989260893,0.451430671768452,0.0998849624021143,2
BCL2,1.21296571469791,0.225142929023702,0.451430671768452,0.0200563078305427,3
GLRX,-1.21288955986176,0.225172047721572,0.451430671768452,-0.84386079800244,3
TBCB,1.21210001716167,0.225474097179122,0.451925616596393,0.240875614860116,3
TPST1,1.21201470392507,0.225506752138665,0.451925616596393,0.304240660366555,3
RNPEPL1,1.21186999001634,0.225562151345231,0.451925616596393,0.149008045262785,3
PHF8,-1.21172458630011,0.225617824409125,0.451925616596393,-0.0440428587472305,3
NLRP1,-1.21169772431627,0.225628110563261,0.451925616596393,-0.206215911448202,3
RUFY1,1.21146314543992,0.225717951161055,0.451938487324819,0.213404972782919,4
OLFML1,-1.21146246130727,0.225718213212127,0.451938487324819,-0.0436436775062916,2
ORAI2,1.21129971338391,0.225780558562716,0.451979539213205,0.154293714210393,3
ZNF362,1.2106242218133,0.226039456751601,0.452413972916582,0.114784891502365,3
BLZF1,-1.20990544772779,0.226315176590587,0.452737405256225,0.0362568967302235,2
HIP1,-1.20987976477848,0.226325032940501,0.452737405256225,-0.254182248813526,3
ABCC4,1.20987518577001,0.226326790259546,0.452737405256225,0.181924105957564,4
LRP2,1.20967478077691,0.22640371066391,0.45280742132782,0.393791261059947,4
ECHDC1,1.20931716729149,0.226541017918338,0.452998162820046,0.158385293046461,3
ATP5D,-1.208911506169,0.226696845172455,0.453195383203875,-0.142335726066358,3
IFI30,1.20884199078217,0.22672355590018,0.453195383203875,0.548985955377005,2
PDCD6,1.20869731323046,0.226779154281996,0.45322265024128,0.327943604941364,3
NR2F1,1.20818874776291,0.226974668934787,0.453529480916309,0.654724035851968,3
ZNF43,1.20760786366237,0.227198133029158,0.453892034951167,0.218014592852227,3
MYOM2,-1.20730180549379,0.227315935616833,0.454043405424008,-0.00618714799132606,2
SFRP1,-1.20708337085474,0.227400038303351,0.454051732565675,0.161365837300176,2
PACS1,-1.20702718718265,0.227421673979087,0.454051732565675,0.0106797234421432,3
RPP25,-1.2069634850193,0.227446206712911,0.454051732565675,-0.0344896246797947,2
RPL15,-1.20618405041089,0.227746532344992,0.454483894129738,-0.0479693038490835,3
CREG1,-1.20618195160701,0.227747341420957,0.454483894129738,-0.11761016906971,3
GABRR1,-1.20607412745672,0.227788909722126,0.454483894129738,0.172018134296089,2
CSAD,-1.2058087711217,0.227891232759548,0.454604080566692,0.132586236565438,2
ZBED4,-1.20558233991709,0.227978571919369,0.454694337864296,-0.20384658249673,3
SLC35D2,-1.20519443632101,0.228128249708637,0.454908870842291,-0.197692074217334,4
RIN3,1.20471883145821,0.228311863721153,0.455190984111461,0.249634513457195,3
HAPLN1,1.2044237357414,0.22842584251678,0.455278930041674,0.393274893840954,2
RINT1,-1.20438638885391,0.228440270396766,0.455278930041674,0.0406313910355792,3
HCFC1R1,1.20397847172751,0.228597899530642,0.455509040902047,0.390773063138302,2
CRCT1,-1.20355984742865,0.228759746687244,0.455665724226659,-0.143337691692579,4
RRAS2,1.20347201922519,0.228793712890883,0.455665724226659,-0.0858499137294681,2
TRAP1,-1.20336020997143,0.228836958590738,0.455665724226659,-0.105536943925896,4
BBS9,-1.2033387356183,0.228845265129571,0.455665724226659,0.0218674036870788,2
CNTFR,-1.20280344489969,0.229052391403686,0.455994089926763,0.00535908145428218,2
HMGB1,1.20216953544031,0.229297849908799,0.456398631788253,0.286373284307668,3
MINPP1,1.20205205647162,0.229343359941127,0.456405116817255,0.438532205236265,2
GIPC2,-1.20124895011008,0.22965464648585,0.456940411003895,-0.351414870084011,4
ASXL3,1.20079861690864,0.229829328514703,0.457182161792602,0.129743550608582,3
TSSK1B,1.20071751853573,0.229860796213259,0.457182161792602,0.24741861701608,2
TARP,1.20049145597609,0.229948528927516,0.457214156913871,0.166612935155507,2
PSMD13,-1.20038370163838,0.229990355734215,0.457214156913871,0.0371566756583072,2
KRT23,1.20034890702941,0.230003863050359,0.457214156913871,0.163717649670113,2
CUEDC2,1.19993408038545,0.230164942795793,0.457392764088053,0.108729165485071,4
TNFRSF14,-1.1998994362352,0.23017839896155,0.457392764088053,-0.0631156416727518,3
INTS6,-1.19951327846993,0.23032842471701,0.457606702923146,-0.273130779502887,3
VAC14,1.19930114179339,0.230410871298612,0.45768632434123,0.188065705121557,3
NEU3,1.19903333450704,0.230514984133015,0.457808946241006,0.0932298402405915,3
PSME1,-1.19852460196676,0.230712851226847,0.458117687307427,-0.0202914183176282,3
CCR2,1.19825311267327,0.230818494009287,0.458198209810076,0.231304182759809,3
ZNF273,1.19820238018237,0.230838239010038,0.458198209810076,0.222681120844963,3
CD1A,1.19795553921234,0.230934326231401,0.458244864969247,0.318018725696764,3
ATP5L,-1.19792404457328,0.230946588121883,0.458244864969247,0.171945227093836,2
MMP10,1.19734629768795,0.231171605921827,0.458430857373856,0.334105374232955,3
FBXO21,-1.197336157255,0.231175556754398,0.458430857373856,-0.213729066908236,2
BTBD3,-1.19721759683728,0.231221752854091,0.458430857373856,0.030205273693744,2
SIPA1L3,-1.19716926557338,0.231240586618317,0.458430857373856,0.0756025814338964,3
S100A7,-1.19699367144084,0.231309021447501,0.458430857373856,-0.192565245410569,4
RNF6,-1.1969805996405,0.231314116534849,0.458430857373856,0.0589434763777164,2
GAA,1.19692086482002,0.231337400809562,0.458430857373856,0.106143725216684,3
ASIP,-1.19590167191137,0.231734932649565,0.459134398840902,0.115297209060078,2
MTA2,1.19507330718004,0.232058389928074,0.459625252547109,0.266943930800667,3
NDEL1,-1.19504927934715,0.232067777022027,0.459625252547109,-0.21472742500044,3
SNRPC,1.19479554332749,0.232166922009415,0.459737322006544,0.0176837613168573,2
MLH3,-1.19456152399831,0.232258389531942,0.459776868709619,-0.129720959831003,3
ZNF780A,1.1945266531329,0.23227202115797,0.459776868709619,0.180274512551833,4
CYP11B1,1.19402829895039,0.232466898499132,0.460052929941007,0.124782700038877,3
TUSC2,1.19378366838665,0.232562601731017,0.460052929941007,0.293418566015713,2
MYB,1.19377955641295,0.232564210637123,0.460052929941007,0.173327168437961,3
MTHFSD,1.19373449787599,0.232581841363436,0.460052929941007,0.0194047591684967,3
PKDREJ,1.19352951755118,0.232662059045179,0.460127345625416,0.261524952709388,4
USP11,-1.19321166981981,0.232786485447882,0.46028914805199,-0.0971716104447123,3
CALM1,1.19284820238501,0.232928828234736,0.460370013444026,0.228672970748857,3
SYPL1,1.19284480043592,0.232930160813237,0.460370013444026,0.0219075736177843,3
ITGB1BP1,1.19278078030275,0.232955239167288,0.460370013444026,0.213822376151794,2
SLC6A13,-1.1925241441807,0.233055789448683,0.460402805818268,-0.00665111955136718,2
WSB2,1.19246882759467,0.233077466572548,0.460402805818268,0.0552821900630514,3
KRT3,1.19241209859702,0.233099698668775,0.460402805818268,0.149500260736034,4
LRRC3,-1.19221623838236,0.233176467853888,0.460470238712558,-0.261397927817399,3
KRT84,-1.19196859974323,0.233273557725783,0.460577768333742,-0.0140569757158802,3
AP3B2,1.19137538553248,0.233506251461639,0.460952947421168,0.461325164707134,3
PLS1,-1.19098963599048,0.233657653539759,0.461077495419575,-0.0559506634639443,2
ZNF235,-1.19089212711686,0.233695935621274,0.461077495419575,0.0784779076814958,3
GPR15,1.19088840385562,0.233697397465486,0.461077495419575,0.192008908198462,3
GRK1,1.19069498527015,0.233773347288222,0.461133455541955,0.310188067817727,4
SCAMP5,-1.19055947295535,0.233826569433197,0.461133455541955,0.124307477324299,2
SLC22A4,-1.19036932447986,0.233901264281351,0.461133455541955,-0.144030377244288,2
KIR3DL2,1.19016012381798,0.233983462816999,0.461133455541955,0.22897249447608,2
PSG3,-1.19015492553032,0.233985505574181,0.461133455541955,-0.102954073071228,4
PCBP3,1.19000665417721,0.234043776692121,0.461133455541955,-0.0630608487935955,3
ARF5,1.19000092759403,0.234046027463936,0.461133455541955,0.139566183666211,3
SCN2A,-1.18994686235468,0.234067277979683,0.461133455541955,-0.115325902166208,3
SLC39A14,1.18962638307924,0.234193271459283,0.461297541630775,-0.272419822342009,2
RBBP6,-1.18947617720938,0.234252340051141,0.461329767954863,0.0339878347409306,2
ITSN1,-1.18933960484172,0.234306056417137,0.46135144393327,0.136711092157548,2
MXD3,-1.18871809648179,0.23455061703701,0.4615822967157,-0.126378057370609,2
PITPNC1,-1.18860766481535,0.234594090288998,0.4615822967157,-0.246229883242558,3
UBA6,-1.18855210854507,0.234615963091276,0.4615822967157,-0.0386342919144881,3
LOR,1.1884811458936,0.234643903569333,0.4615822967157,-0.0419870366323871,2
MCL1,-1.18833417817922,0.234701777393461,0.4615822967157,-0.0972777253114535,3
HPS4,-1.18830572669041,0.234712982358449,0.4615822967157,-0.0564187353773649,2
ST18,1.18828176938243,0.234722417687404,0.4615822967157,0.728296125240464,2
GAS8,-1.18772034662367,0.234943604930858,0.461715119157501,-0.0921094187160566,3
ELF2,-1.18763252163075,0.234978219238388,0.461715119157501,-0.15476989057977,2
MAGEH1,1.18755384912819,0.235009229357034,0.461715119157501,0.29288290743379,3
RHOT1,1.1875237948643,0.235021076526369,0.461715119157501,0.117474934063568,3
NES,1.18751893438348,0.235022992531811,0.461715119157501,0.338393147793879,3
PRPH2,1.18745950368285,0.235046421056017,0.461715119157501,0.514269539935722,3
METTL8,1.18696397353024,0.235241831268007,0.461964855153183,0.233909101566659,3
CDK5R2,1.18692022721328,0.235259087964975,0.461964855153183,0.547313419100489,3
PPT1,1.18639790365805,0.23546519920366,0.462250229258385,0.289848361492382,2
BTNL2,-1.18633506830783,0.235490002926207,0.462250229258385,-0.132219996581792,3
CLUL1,-1.1861570427335,0.235560287055168,0.462304182552675,-0.154659098171239,3
USH1C,1.18517434594992,0.235948520843976,0.462900454073723,0.428969471142295,2
NCAPH2,-1.18517107244916,0.235949814861129,0.462900454073723,0.0891560269349133,2
PRKAR1B,1.18503176929118,0.236004886150137,0.462924419864496,0.0645024371521703,3
CD248,1.18467450215325,0.236146167594519,0.463115602880047,0.458158624592486,3
GRIN1,1.18456849416268,0.236188100006127,0.463115602880047,0.0536008239900136,3
NAT2,1.18436194425401,0.236269817801518,0.4631917553343,0.845545556248205,2
ARHGAP5,-1.18421789914667,0.236326818517812,0.463219432703576,-0.0163447122398913,2
LSP1,1.18391291340506,0.236447537843953,0.463371970934394,0.386945585183119,3
CA7,1.18367979993702,0.236539838113656,0.463468770416055,0.353501442686945,4
DYNC1LI2,1.18329227274455,0.236693334200097,0.463619670174263,0.232354857353952,3
CYP2C9,1.18326865264697,0.236702692187656,0.463619670174263,0.123502953574231,4
LSM2,-1.18312846224287,0.236758239257264,0.463644398197419,0.150451997218357,3
MFN1,-1.1823132289181,0.237081438414617,0.464193166169059,-0.100102813501724,3
SERPINB6,-1.18117210529528,0.237534360218972,0.464920864998316,-0.044709448875381,3
PCNA,1.18115996290619,0.23753918292221,0.464920864998316,0.209288645362574,2
MOSPD3,1.18064167946227,0.237745098765721,0.465239593635384,0.0314118201199053,3
PAK4,-1.18048534112167,0.237807237283795,0.465276902216909,-0.0486715771135502,3
ACPP,-1.18002720781296,0.237989393822997,0.46554897357407,-0.736993704965637,3
ADAMTSL3,-1.17938927095861,0.238243205406123,0.465881366517507,-0.102794612085069,2
NEK1,-1.17929658484526,0.238280097690583,0.465881366517507,-0.0498763392943069,3
ASGR1,1.17927334437829,0.238289348834021,0.465881366517507,0.293093351155039,3
THG1L,-1.17916663167961,0.238331830343987,0.465881366517507,0.0473714364817629,2
RPLP1,-1.17899610382072,0.238399727278776,0.465929772763766,-0.0288427933983883,3
RRAD,-1.17859134603305,0.238560939261225,0.466140873525595,-0.19521988667249,4
PAEP,1.17844912607959,0.238617602661328,0.466140873525595,-0.00173281985104166,2
C14orf1,1.17833869088363,0.238661608900924,0.466140873525595,0.197012629171824,3
NOTCH2,-1.178291656656,0.238680352848553,0.466140873525595,0.106109508975334,2
DAAM1,1.17791397810504,0.238830901901611,0.466289183432281,0.13622952392013,3
RALGPS1,1.1778845718462,0.238842626544233,0.466289183432281,0.242713511751749,4
CSPG5,1.1776238063948,0.238946614754834,0.466407902526511,0.313869535568767,4
OXT,-1.17678210059175,0.239282488661757,0.466979122407282,-0.0214252637799856,3
TRAPPC2L,-1.17661012861655,0.239351153228858,0.466987949874408,-0.0593777180867789,3
CCL16,1.17655155839448,0.239374542181891,0.466987949874408,0.0622225193435962,4
FBXL14,-1.17644598076786,0.239416706758422,0.466987949874408,0.0337783365507289,3
SNX17,-1.17628656149381,0.239480384018943,0.46702782238177,0.00504042581526167,2
OR2F2,-1.17555435258395,0.239773005548045,0.467448340176912,0.268726612769962,3
MAS1,-1.17553044647338,0.239782563684528,0.467448340176912,0.210348308901335,2
RGR,-1.17518077774743,0.239922398865573,0.46763654863694,-0.361306642986945,4
PABPC1,-1.17499990198119,0.23999475501288,0.467693188462769,-0.180119295532626,2
RAP1GAP,-1.1745436495315,0.240177339053241,0.467950095027324,-0.0387232739913959,2
ZXDB,-1.17445399948823,0.240213226895622,0.467950095027324,0.10560373952874,2
ATRX,-1.173819840733,0.240467195137132,0.468360375382493,0.0851696779099444,3
DDC,1.17348775881477,0.240600262928564,0.468535071237488,-0.0642338443043927,2
PTPRH,1.1730760229622,0.240765320686618,0.468741924818859,0.363236719143756,3
VPREB1,1.17294709030859,0.240817023944499,0.468741924818859,-0.153539768041029,3
FTL,-1.17289811009969,0.240836667537925,0.468741924818859,-0.0623736725786216,3
COL9A3,-1.17275499122763,0.240894072063717,0.468747271661326,0.046776083680445,2
OR10H1,1.17267489231172,0.240926203690398,0.468747271661326,0.129817852990097,2
CCL11,1.17252770790372,0.240985254486237,0.468777727167357,0.352884551143048,3
SRPX,1.17197964154725,0.241205229877272,0.469113170007221,0.369948020262871,2
JAK1,1.17188170597527,0.241244552804121,0.469113170007221,-0.214859151058786,2
RPL32,1.17116499086088,0.2415324644388,0.469588495476586,0.0555023088216618,2
LAMB4,1.17065670253795,0.2417367954734,0.469901181339513,0.212662509500184,3
IL17RC,1.17041638848914,0.241833443651087,0.470004472529514,0.0284183657499559,3
SYMPK,-1.16996527133539,0.242014944881255,0.470272609211606,-0.0065718490226339,3
PLXDC1,1.16977721736365,0.242090634293732,0.470335077633254,0.498461239107716,2
RDX,1.16950997136804,0.242198226170014,0.470459492733049,0.238677277352777,3
SAP30L,1.16887190638379,0.242455243897782,0.47073926234017,0.00863797017732801,3
TNIP1,-1.16885132157667,0.242463538817095,0.47073926234017,-0.190247561997851,3
VGLL3,1.16882786390883,0.242472991636799,0.47073926234017,1.22739747512876,3
ZNF343,-1.16841915173655,0.242637733432134,0.470974446816515,-0.00896782875503781,3
VPS33B,-1.16809460947194,0.242768604464483,0.471110965237942,0.00143315053233114,3
SPATA5L1,1.16793842769967,0.242831602143816,0.471110965237942,0.320241515789388,3
CNOT1,-1.16792032393704,0.242838905243924,0.471110965237942,-0.10877637278468,3
RNASEH1,1.16772288057531,0.242918564382804,0.471180882108645,0.0427038655527436,3
LUZP1,-1.1672278096105,0.243118383076908,0.471483801435684,-0.0786386087612811,4
CD247,-1.16698190166069,0.243217678457907,0.471503385367906,-0.3382712104912,4
RIT1,1.16693061981342,0.243238389190019,0.471503385367906,0.108028434351015,4
GALNT8,1.16687852293276,0.243259430351355,0.471503385367906,0.296057491683535,3
EVX1,-1.16595012963144,0.24363460923268,0.472068591475264,-0.330015234396273,3
ZBTB6,1.16594066263611,0.24363843709263,0.472068591475264,0.0107045105326356,2
ZNF365,1.16539104070503,0.243860742213562,0.472368276992899,0.35673477058047,3
PRRG4,-1.16534204436917,0.243880566634827,0.472368276992899,-0.0337042382702251,3
FGA,1.16509445586687,0.243980760801108,0.472477622476437,-0.0274764773517128,3
PML,-1.16493283824423,0.244046179847154,0.472519597545968,0.0678160799613491,2
AHSA2,-1.16411511249304,0.244377365010736,0.472989118750592,0.0575011714848263,2
CLN8,1.16407402147865,0.244394015507251,0.472989118750592,-0.0575557774370193,2
ZNF157,-1.16400980329722,0.244420038961841,0.472989118750592,0.000122948162176453,3
NUBP1,-1.16384888113197,0.244485258800288,0.473030586702616,-0.0813535517499406,3
XPNPEP3,-1.1636451440748,0.244567848528771,0.473105641083056,0.143635251281453,2
PLEKHA4,1.1635115925423,0.244621997487974,0.473125661032247,0.0722228659737396,3
DPYSL3,-1.16327387585201,0.244718401412236,0.473227384900639,0.0297800875625066,2
SUPT7L,1.1629345583624,0.244856054843084,0.473408824846071,0.199649857295025,3
IMPDH2,-1.16272556460788,0.244940865918528,0.473488051834634,-0.299149158090288,2
AGL,1.16180185371956,0.245315960918167,0.474128289468248,0.219754982853594,3
SGSM3,-1.16162664394855,0.245387154494719,0.474181045232908,-0.0441800453592423,3
FCGR2B,1.1608942356935,0.245684913316091,0.474430432938452,0.736422566031498,2
GALE,-1.16089027972514,0.245686522293206,0.474430432938452,-0.155624661869363,2
GPR135,-1.16078942337083,0.2457275452297,0.474430432938452,-0.107568873437684,2
MUC6,1.16073458798066,0.245749851330557,0.474430432938452,0.385712549444892,3
CHRNA9,1.16063856545521,0.245788915075085,0.474430432938452,0.166851483203912,4
ATF7,-1.1605826476068,0.245811665498988,0.474430432938452,0.100440322955117,2
ANXA2P1,-1.16055317759754,0.245823656096697,0.474430432938452,0.0361764516231238,3
SLC34A2,-1.16007550679831,0.246018065401478,0.474720818589991,0.13306089059208,3
FJX1,1.15979842063304,0.246130887281529,0.47485369609128,0.614934378347992,3
RAB22A,1.15947643231793,0.246262037638061,0.475021880458274,0.210134936915646,3
TYMS,1.15863630560094,0.246604463631996,0.475597467622358,-0.0999965664037942,2
RPL6,-1.15845671642999,0.246677705373488,0.47565379747312,-0.0509066699823509,3
SLC4A7,-1.15799089240438,0.246867753130876,0.475718105894147,0.00885305777285073,2
CRISPLD2,-1.15787010325761,0.246917049654581,0.475718105894147,-0.0797197897955992,3
GABRR2,1.1577969323915,0.246946915536556,0.475718105894147,0.282010643391629,3
RBX1,1.15778676029346,0.246951067644539,0.475718105894147,0.494840819598141,3
ADAMDEC1,1.15776674473554,0.246959237857789,0.475718105894147,0.0549197859411985,2
CREBZF,-1.15772740868019,0.24697529511705,0.475718105894147,-0.113412337674751,3
TRMT11,-1.15754436847175,0.247050023058387,0.475777206111018,-0.240544511592426,3
GPR88,1.15742659220579,0.247098114734214,0.475784997390193,0.410631619489843,3
ATP2A3,1.15729338376399,0.247152515743661,0.475804932287119,0.226519946441625,3
UBA52,-1.15705945250833,0.247248071251234,0.475904074421923,-0.0946454569486693,3
PRAMEF12,1.15668736005567,0.247400115708833,0.476111892016178,0.0655783426063033,3
HUNK,1.15654663912069,0.247457634169446,0.476121047593467,0.349114767811462,3
TM9SF3,-1.15635608002134,0.2475355384697,0.476121047593467,0.0247288542192074,2
HMGA1,1.15635224972984,0.247537104544058,0.476121047593467,-0.051695939711507,3
PAPPA2,-1.15616594634344,0.247613285960296,0.476182787064824,-0.269793653815469,3
BTN2A1,-1.15603016444274,0.247668818948039,0.476204802826044,-0.0283374732198937,3
EPB41L1,-1.15578337224514,0.247769775989765,0.476314134230547,0.0504641627144721,3
LALBA,-1.1546550151682,0.248231727953871,0.477052193914482,0.202371587851716,2
TRDN,-1.15454320410557,0.248277536451039,0.477052193914482,-0.0710437056093048,3
YY1,-1.15433782280319,0.248361695669401,0.477052193914482,-0.027294562492635,3
H1F0,-1.15426845585911,0.24839012471124,0.477052193914482,-0.277436743682014,2
CCDC130,-1.15411328427768,0.248453727788076,0.477052193914482,-0.371961934654887,3
KLK15,-1.15410548841012,0.248456923526571,0.477052193914482,0.129421415118486,2
MAGEC1,1.15403469811588,0.248485943712714,0.477052193914482,0.248173389354736,3
INA,1.15392150329219,0.248532352385566,0.477052193914482,0.230958054867276,4
SCT,-1.1538756076584,0.24855117083417,0.477052193914482,-0.148299271065408,2
HMGN3,1.1536809191387,0.248631009462681,0.477108896589682,0.343671322002021,2
GOT1,-1.15358816951433,0.248669050897973,0.477108896589682,-0.0907246080843225,3
ERBB4,-1.15345763540982,0.248722596605435,0.477126884839622,-0.131428937100218,3
SCYL2,1.15314169218841,0.248852231385137,0.477290803164462,0.157243702151417,3
MAP3K1,-1.1529117688283,0.248946601020674,0.477387037852888,0.30477003470972,2
SUMO1,1.1524605546683,0.249131869875433,0.477630477454692,0.150480276173956,3
IMPACT,1.15238723762032,0.249161983008442,0.477630477454692,-0.0296719993222599,2
LGALS14,1.15208268294488,0.249287098416511,0.477740766407153,0.326417075846284,4
PROSC,1.15203188607484,0.24930797076811,0.477740766407153,0.0266541480591779,3
HCFC2,-1.15180182894871,0.24940251616196,0.477837172682066,0.187900654032464,3
GTF2I,1.15159494864009,0.249487558095052,0.477915340050142,0.114861284480218,3
STOML1,1.15119964904646,0.249650109570223,0.478050863589709,0.221958478867926,3
TNKS,-1.1511072284781,0.249688124580263,0.478050863589709,0.0167463965638143,2
ALOX12P2,-1.1511000603979,0.249691073169148,0.478050863589709,-0.146066782961438,4
C11orf80,1.1509388301658,0.249757401632899,0.478093115796309,0.176819400931445,3
PFKL,-1.15079761289746,0.249815507080999,0.478119615076002,-0.0564068890388474,3
CALML3,-1.15053490338993,0.249923627015658,0.478241810278678,-0.113204451573181,2
HOXA4,-1.15025094077431,0.250040530573768,0.478380767137415,-0.158332493271657,4
LRRC20,1.14962703797145,0.250297517035272,0.478787635738447,0.287459370596225,3
NFKBIE,-1.14939390830133,0.250393590802693,0.478819602031612,-0.296079730598195,2
ITIH3,1.14937136576318,0.250402882047452,0.478819602031612,0.617804014170806,3
TXN2,-1.14896910423753,0.250568720638695,0.479051915104281,-0.1735447866536,2
SSR2,1.14786659989706,0.251023638294482,0.479836726394797,0.0150765772351783,3
SOAT2,1.14772955804091,0.251080225042912,0.479859977160923,0.478564074382965,3
CTSZ,1.14754859015409,0.251154963181622,0.47991790417263,0.309157357909831,3
CHST8,1.14733663255208,0.251242519536247,0.480000299970028,0.0808341053228106,2
MT1M,1.14708785944389,0.251345310962617,0.480038459625964,-0.279068277033991,3
GRIA4,1.14707319126143,0.251351372675843,0.480038459625964,0.157178697237818,3
PSMD9,1.14666234129739,0.251521200293665,0.480277886790201,0.133809876034997,3
FAM129A,-1.14633763586885,0.251655476099133,0.480421210885336,-0.0645125133317806,3
LUZP4,1.14626575111223,0.251685209442707,0.480421210885336,0.39045975374772,4
PRM2,-1.14564089088623,0.251943770569123,0.480829789697469,-0.0616085264020952,3
ERC1,1.1452954925392,0.252086772529605,0.481017720696837,0.111210831961896,3
COG4,1.14513130262442,0.252154770343735,0.481062491920351,0.104782833933192,3
PRKACG,1.1449326645807,0.252237051639994,0.481134492639099,0.238427931263977,4
MGA,-1.14431716377012,0.252492127710845,0.48153601051069,-0.0994378390113954,3
ZNF227,-1.14375152391521,0.252726698857347,0.481849188790855,0.0599018722941426,3
PCDHB13,1.14364038478763,0.252772806155445,0.481849188790855,0.305149036098916,3
CCR5,-1.14357539048436,0.252799772477903,0.481849188790855,0.308152702202748,2
PIWIL2,-1.14340862089294,0.252868974828615,0.481849188790855,-0.0681642160063341,2
ITM2C,-1.14338355096029,0.252879378934953,0.481849188790855,-0.045868654444096,2
LRRC31,1.14303058888362,0.253025891041884,0.482025223448569,0.388212957001151,3
DGKG,1.14291609466903,0.253073429494466,0.482025223448569,0.0587324124902027,2
PPME1,-1.14280935612481,0.253117753365225,0.482025223448569,-0.365376177701217,2
GCC1,-1.14273108707986,0.253150258528396,0.482025223448569,-0.105522470486975,3
TCL1B,-1.14247899150543,0.253254973676605,0.482097603116803,-0.0861462735873204,3
TAS2R9,1.14241922096616,0.253279805512925,0.482097603116803,0.41042708331877,3
MAP2K2,1.14231727748681,0.253322162126548,0.482097603116803,-0.00529208016401157,3
MYF5,1.14216740514951,0.253384441713296,0.482131185377316,0.347648856868973,3
HIST1H4L,-1.14186210335474,0.253511343134937,0.482287694354277,-0.0959270646333512,3
TNFSF8,1.14114345948927,0.253810228549084,0.482715714839454,0.68446659389348,3
ACTR8,1.14110626490141,0.253825704525838,0.482715714839454,0.319035738460432,3
TSNAXIP1,-1.14089141982652,0.253915110424026,0.482800743319896,0.183795808267084,3
TTC12,-1.14048297385744,0.254085142082809,0.483039018792415,-0.257968971526889,3
HDC,1.1400044867329,0.254284431887548,0.483326884877347,0.00355314695720263,3
TIMM13,1.13990459140519,0.254326051994338,0.483326884877347,0.216261155157179,3
REEP4,1.13963514670221,0.254438336306545,0.483357639532117,0.358578371012999,2
AKAP9,-1.13957698511306,0.2544625782131,0.483357639532117,0.0782109185327416,2
FOLR2,1.13935759539442,0.254554034898872,0.483357639532117,0.958500351861781,3
FAM50B,-1.13935232364047,0.254556232808874,0.483357639532117,-0.103543185759957,3
FAM111A,-1.13918327966898,0.254626717952096,0.483357639532117,-0.0143501859287416,2
BCAT1,1.13917700020405,0.254629336520418,0.483357639532117,-0.0684720413532475,2
TYROBP,1.13911434660242,0.254655464411894,0.483357639532117,0.863471688083716,2
ASTE1,-1.13806252554787,0.255094374739127,0.484105663375273,0.11239412053236,2
CD1B,-1.13786322715025,0.255177598432301,0.484178538251486,-0.189049035977625,3
LOC729966,-1.13743221063693,0.255357648305674,0.484378554084475,-0.390618779139604,2
RBMS1,1.13739619720111,0.255372696307266,0.484378554084475,0.0712881976893426,3
CD53,1.13700662930132,0.255535514353693,0.484525237500676,0.41926086301334,3
CHML,1.1369965196191,0.25553974060742,0.484525237500676,0.265530592154335,2
CHEK1,-1.13675844892806,0.255639277772387,0.484628901105181,-0.290733323963262,3
PCTP,1.13635573152155,0.255807714930458,0.484863122772207,0.471614613088419,3
FBXL6,1.13598661866275,0.255962164653649,0.485070754840125,0.222774869573396,3
VSIG4,1.13536395321978,0.256222856446529,0.485457413455694,1.08113827255743,2
GTF3C4,1.13528463101288,0.256256079570854,0.485457413455694,0.0537501949701559,3
IRF7,-1.13498287516069,0.256382493614924,0.485591220708121,-0.213048918748577,3
KCNJ2,1.13486061811782,0.256433722867035,0.485591220708121,0.782680564675562,3
ABHD8,-1.13479416117128,0.256461573240125,0.485591220708121,0.0187125549568706,3
TUG1,-1.13452588285016,0.25657402304225,0.485718997003572,-0.0435977393018583,3
GUCY1B3,1.13411358700522,0.256746905024947,0.485961112332133,0.229517020332993,2
ATP6V1D,1.13375231395508,0.256898458832129,0.486162780712099,0.15870655521585,3
NDST4,1.13352976494841,0.256991848897848,0.486229936391202,0.161185314041401,3
CYP2C18,1.1334532303361,0.257023971189943,0.486229936391202,0.0784774500448669,3
LIMK2,1.13329401445249,0.257090804512947,0.486271208255797,0.143672360604012,3
LTC4S,-1.13280476561323,0.257296249731878,0.486505187361364,0.0890793371044918,2
FRAT2,1.13278491985156,0.257304585761477,0.486505187361364,0.251684768312679,3
P4HA1,-1.13238277225698,0.257473544534241,0.486739451882896,-0.197010675533425,3
MLF1,-1.1322575564825,0.257526168551383,0.486753748502543,-0.041776170031022,2
KRT24,-1.13209898709967,0.257592820685922,0.486794550218567,-0.0405963912353168,2
CENPI,1.13179031540252,0.257722600275275,0.486870059213188,0.378119704086996,2
HRAS,1.13172583794835,0.257749715248434,0.486870059213188,0.0587881725841879,3
ADAM8,-1.1316823756086,0.257767993764138,0.486870059213188,-0.0428197078134703,2
HPS5,-1.13094872171921,0.258076674830251,0.487135309335133,-0.192528788027643,3
FIBP,1.13093571189154,0.258082150959693,0.487135309335133,0.129711786548556,4
GHITM,-1.13092633703063,0.258086097099717,0.487135309335133,-0.126474415892461,3
CSRP2,-1.1308389201836,0.258122895298927,0.487135309335133,0.0169814591995194,2
STK38L,1.13081275236828,0.25813391137144,0.487135309335133,0.170342478136683,3
HUWE1,-1.13060730789135,0.258220410286736,0.48721342740914,0.329115023200805,3
SLC2A2,1.13042977519631,0.258295173603769,0.487269379194535,0.141767806165775,4
PCDHA5,-1.13014985239249,0.258413086358133,0.487296890978822,0.117915138820993,3
CRYBB1,-1.13010564231947,0.258431712516268,0.487296890978822,0.243319859814817,2
GRIK4,1.13001505513872,0.258469880733581,0.487296890978822,0.221621775476185,3
PRND,1.12996682398188,0.258490204157438,0.487296890978822,0.145918466061576,3
GLDC,1.12975431111758,0.258579765046729,0.487380670395177,0.403589013864977,3
LILRA2,1.12897988731056,0.258906318257883,0.487911034511802,0.27684109078808,2
USP29,-1.12866013210538,0.259041233542562,0.488059905330929,-0.055703238244187,3
NXF3,1.12852457493161,0.259098444291278,0.488059905330929,0.2627335656104,2
GLUD1,1.12847146201252,0.259120862532205,0.488059905330929,0.121004724612338,4
GRB2,1.12825918858546,0.259210473676287,0.488143573335294,0.214915168923904,3
NIT1,-1.12775367530452,0.259423962334042,0.48846045688205,0.00631719895886828,2
PIGH,-1.12731092096713,0.259611046608518,0.488727522737053,-0.192403754484437,3
GYPC,-1.12698040386904,0.259750766321877,0.488804695432398,-0.175967195703532,3
ASF1A,1.12692759118218,0.259773096687391,0.488804695432398,0.224164763109068,3
TTC33,-1.12689283160411,0.259787794526698,0.488804695432398,-0.075262160960131,3
AMELY,-1.12674791773358,0.259849076525275,0.488834852773602,0.00498278739668353,3
EDEM2,1.12657316897523,0.259922988579761,0.488888755465537,-0.434547092939599,2
HECTD3,1.12632497598731,0.260027989751786,0.489001104682937,0.258467613166263,2
ATP6V0A4,1.12567230527742,0.260304250431614,0.489435424397266,0.152719022980856,3
SIX6,-1.12554366870242,0.260358723322213,0.489452650422302,-0.274663019489857,3
POLR1B,1.12511347547053,0.260540951738744,0.489704027862862,0.245825940916061,3
NLE1,-1.12501398103904,0.260583109808899,0.489704027862862,-0.165676122500763,2
ETV7,-1.12422792571578,0.260916345388318,0.490194655133862,-0.279310928920747,2
COX6B1,1.12415464899404,0.260947424893527,0.490194655133862,0.132918130632141,4
RAPGEF1,1.12404058209062,0.260995810194618,0.490194655133862,0.332888471529347,3
RAD23A,-1.12397011526939,0.261025704159412,0.490194655133862,-0.113301183760975,4
CAPN1,1.1237479602095,0.261119963948654,0.490286433264969,0.219267067861988,2
AMMECR1,1.12358809490177,0.261187808926403,0.490308764600214,0.394883041315318,3
CREBBP,-1.1235060361837,0.261222638425683,0.490308764600214,-0.107644111930105,2
FASTKD3,1.12324697803186,0.261332615708068,0.49042997131316,0.055227580616385,2
HHLA1,1.12307770833404,0.26140449262083,0.490431972639652,0.288608412825665,3
GPR137,1.12303062961638,0.26142448606361,0.490431972639652,0.176554956292588,3
OR7C2,1.12288079470832,0.261488125156965,0.490466179535603,0.232947823515964,3
VPS41,1.12201718919963,0.261855131401516,0.491069293298467,0.330770165251439,3
KRT18,-1.12172439553754,0.261979640618712,0.491217510495283,-0.277292133379531,3
MED15,-1.12158527388163,0.262038815824688,0.491243194817473,-0.146147389980828,4
ITIH2,-1.12105840954033,0.262263000557603,0.491578159296066,0.193680423078231,2
COX11,-1.12079927315113,0.262373313630084,0.491674681239554,0.113258975394117,3
CDKN1C,-1.12072360739233,0.26240553021163,0.491674681239554,-0.381638642837764,3
RAB15,1.12053069608069,0.262487679369992,0.491743307761819,0.515628047963878,2
ZNF267,1.12017666448818,0.262638486029794,0.491858377732059,0.0535254203147889,2
GUCA1A,1.12017271062139,0.262640170594197,0.491858377732059,0.286761538655858,3
BICD1,1.11975827945411,0.262816782409964,0.49210381064178,0.436234084575092,3
GRHPR,1.11953038339258,0.262913936336085,0.492179101090269,0.115119022714275,4
PODXL,1.11945021182814,0.262948120014066,0.492179101090269,0.124660120364205,2
CRYGC,-1.11927726697665,0.263021870960143,0.492231852063663,0.245469494303758,2
SLCO2B1,1.11894071483031,0.263165431853002,0.492415207842738,0.79721212257783,2
CHST5,1.118401952057,0.263395361004513,0.49276007786123,0.254022232066206,3
CASZ1,-1.1182136840407,0.263475741296853,0.492792509763727,-0.319113153937126,2
PIPOX,-1.11814765106548,0.263503937825892,0.492792509763727,-0.0685046408662699,3
HS2ST1,1.11780901843841,0.263648568973792,0.492949314645536,0.455084817897808,2
PTPN3,1.11773765885257,0.263679053880939,0.492949314645536,0.0186630070243669,3
PIH1D1,-1.11756631451638,0.263752262331546,0.493000854422108,-0.15131405354334,2
MGRN1,-1.11741809564762,0.263815601521848,0.493005995223231,-0.167665323706826,4
BLNK,1.11734628361235,0.263846293129559,0.493005995223231,0.176680104925447,2
PLAU,1.11718416914815,0.263915587974055,0.493044617832296,0.85625359539482,2
ST8SIA5,-1.1169929547843,0.263997337527118,0.493044617832296,0.102288058522877,3
PPIE,-1.11697761937109,0.26400389460674,0.493044617832296,0.0394973473469349,2
RPS6,-1.11619414143151,0.264339041708328,0.493585190757711,-0.0477979758985634,3
SLC22A6,1.1159291637351,0.264452457144088,0.493663634238039,-0.0602666271578417,3
SNAI1,-1.11588245158814,0.26447245429879,0.493663634238039,-0.0982601452761399,2
TMUB2,1.11570652155202,0.26454777811533,0.493706252423525,0.0400206110981265,3
ADAM11,-1.11561232716602,0.264588113182959,0.493706252423525,-0.163941952155086,2
EMILIN2,1.11550891205164,0.264632401548992,0.493706252423525,0.309710227151418,4
ZNF668,1.11537689635028,0.264688945774056,0.493726470773848,0.281964500758622,3
NME3,-1.11485723064981,0.264911606975146,0.493991313561105,0.197396011312515,3
ARIH2,-1.11483206705086,0.264922392099563,0.493991313561105,-0.190051278957333,4
ATF5,-1.11449360485777,0.265067486479406,0.494176560053598,-0.0994692573641386,3
PDZD7,1.11402571193267,0.265268156291943,0.494465336370245,0.197741959726128,3
NDUFA4,1.11333390060801,0.26556505189226,0.494908688851601,0.247078755012524,3
HOXB3,-1.113258006068,0.26559763648146,0.494908688851601,-0.00807205015708385,3
ARHGDIG,-1.11292079375809,0.265742448629844,0.495019460327345,-0.112508837249543,3
GTF2A1,-1.11290615483744,0.265748736385695,0.495019460327345,-0.0397255663144222,2
RHOT2,-1.11159498175756,0.266312331153984,0.495983758814713,-0.0545143670613577,2
TMEM156,-1.11121255701642,0.266476867477619,0.496204641009005,0.0309993512321343,2
TCHH,1.11067691893719,0.266707440647621,0.496548392601793,0.26147857512843,2
RPL36AL,-1.11055421710195,0.266760278745767,0.496561180598272,-0.187932437154206,3
PARK7,1.11034666887235,0.26684966995075,0.496641994281186,0.13860120374394,4
CALR,1.11020685942691,0.266909897615405,0.496668512324135,0.229310685516761,3
UBQLN3,-1.10959565226678,0.267173305626954,0.497040493731839,-0.093319029440307,2
CRTC1,1.10952949411637,0.267201828096722,0.497040493731839,0.0866624223648513,4
ALX3,-1.10932827581801,0.267288591317015,0.497065006410525,-0.5107513263201,3
CRTAM,1.10928550117041,0.267307037792884,0.497065006410525,0.425532226583544,3
SNX19,1.10911786668559,0.267379338245062,0.497083057498137,0.230676061645292,3
RFPL3,1.10902652485903,0.267418739469175,0.497083057498137,0.205748244923811,4
XDH,1.10894293986554,0.267454798202108,0.497083057498137,0.00965579392155895,3
KATNA1,-1.10841742224378,0.267681584124905,0.497328384947678,-0.125724522712995,3
LRRC14,-1.10839677698901,0.267690496234655,0.497328384947678,-0.0780312928625308,4
GAL,-1.10823292416842,0.267761235184125,0.497328384947678,0.0986382065119132,2
TUBD1,-1.10802347724618,0.267851676839058,0.497328384947678,-0.049376887318504,2
GLP1R,1.10794754997425,0.267884468315996,0.497328384947678,0.273654177064619,3
UFM1,-1.10783043323256,0.267935054114156,0.497328384947678,-0.227541357626946,3
SLC11A1,-1.10777804679783,0.267957683316445,0.497328384947678,-0.0696004815401004,2
CAMKK2,1.10767511206437,0.268002151532665,0.497328384947678,0.233164344607992,2
EWSR1,-1.10758225448062,0.268042270730121,0.497328384947678,-0.0954961430617366,2
SCN1A,1.10757084554273,0.268047200256006,0.497328384947678,0.299179311209894,4
CD226,-1.10741279803025,0.26811549516874,0.497369668351834,0.174672727339286,3
SNUPN,-1.10686087598278,0.268354083470606,0.497720747408008,0.105305106567454,3
SERPINI1,-1.10659085148556,0.268470864456442,0.497720747408008,0.0841853814492662,2
RFC4,-1.10654089391687,0.268492474077851,0.497720747408008,-0.122280086245193,3
POF1B,-1.10644351154339,0.268534601183532,0.497720747408008,-0.24536960012168,3
EPB41L2,1.10644228027173,0.268535133854274,0.497720747408008,0.356182773589208,2
UTF1,-1.10558635989777,0.268905596332696,0.49831042010625,0.247641592789153,3
HYAL3,-1.10549411641011,0.26894554241987,0.49831042010625,0.134128113152912,2
LMTK2,-1.10470211065302,0.269288688550655,0.498807268451139,-0.00623462658814692,2
SET,1.10466204959376,0.269306053472231,0.498807268451139,0.210018783636201,4
CKMT1A,1.10408735226969,0.269555247150786,0.499183229851327,0.389079552017419,3
ENO3,-1.10353719798409,0.269793946937285,0.49953963229629,-0.459361154262985,3
NR2F2,1.10277554507155,0.270124650574725,0.500063569303912,-0.00291828666563569,3
KCNMB4,-1.10264093629497,0.270183125529291,0.500063569303912,0.102967175569971,3
FNDC4,-1.10256573242594,0.270215798373165,0.500063569303912,-0.469359342001253,3
IBSP,-1.10226598998353,0.270346050480969,0.500218916974208,-0.202491818296348,3
PHLDB1,1.10199882946891,0.270462180495669,0.500348085924682,0.102877201126574,3
FHOD3,1.10160009337319,0.270635567723784,0.500583116875397,0.51838243981253,2
CUL1,-1.10128604303329,0.270772183649002,0.500750064676685,-0.078862292835767,4
MOSPD2,-1.10077492686274,0.270994626782523,0.501075651917976,0.0468067772215516,3
COX7A2,1.0997932374174,0.27142221949508,0.501780389352363,0.173018766982397,4
NXF1,-1.09909500960434,0.27172662642467,0.502206240407256,-0.1765901896449,3
SMCHD1,-1.0989497084423,0.27179000286209,0.502206240407256,-0.0997948560850423,3
INS,1.09894502447817,0.271792046048956,0.502206240407256,0.202698684898722,4
USP8,-1.0984345744821,0.272014771910273,0.502457815378473,-0.147483134315681,3
C1orf61,-1.09841978259561,0.272021227951612,0.502457815378473,0.000678923516779366,2
ZNF143,-1.09811522194825,0.272154179283089,0.502617446506399,0.0966453535504026,2
SDF2,1.09763558222891,0.272363648896913,0.502918313740933,0.152906524049861,3
ADNP,-1.0974380987017,0.272449926519279,0.502959259350683,-0.0938165926623894,3
PSMD3,-1.09737168239338,0.27247894702094,0.502959259350683,-0.0505255154377973,3
MNT,-1.09694859617868,0.272663863533322,0.503214600014854,-0.356535756326953,2
RAB3D,-1.09656158894555,0.272833086329148,0.503394011241601,-0.000675575470355133,3
IKZF4,-1.09649700366076,0.272861333886651,0.503394011241601,-0.060411413973781,2
CPA3,-1.09630069102422,0.272947207096494,0.503394011241601,-0.161004221482191,3
MAPKAP1,1.096300057716,0.272947484154977,0.503394011241601,0.200622593821755,2
SIAH1,-1.09562682470422,0.273242117656764,0.503718575631344,-0.203090138409737,3
POU6F1,-1.09558439137475,0.273260695449882,0.503718575631344,0.0178383116605907,3
SHANK2,-1.09547282763151,0.27330954344305,0.503718575631344,0.217746957455483,2
OR7A5,-1.09547179516281,0.273309995535577,0.503718575631344,-0.04260357786313,3
GRB7,1.09491186039545,0.273555252469331,0.504084584983575,0.0165915091737019,3
CUX2,-1.09429169659716,0.273827065857445,0.504351864772677,-0.130097789540828,2
ATAD5,1.09427935261741,0.273832478009023,0.504351864772677,0.315286004957723,3
GP2,1.09426135080081,0.273840370939803,0.504351864772677,0.0996178024105387,3
ADAMTS9,-1.09409291877711,0.2739142278145,0.50440189036008,-0.0972327602418835,3
DNMT3A,-1.09383325375153,0.274028116720907,0.504525603684888,-0.370596297790869,3
KCTD2,1.09323636666845,0.274290033656722,0.504861801547891,0.16996083027337,3
ALAS2,1.09320410546695,0.274304194897665,0.504861801547891,0.294841633143189,3
MPHOSPH6,1.09275623882087,0.274500840147613,0.505137661886629,0.321661190735241,2
HTATSF1,1.09243611099634,0.274641457981853,0.50531034391415,0.32681300591504,3
SMARCD2,-1.09225580868487,0.274720678374601,0.505355532024949,-0.0936074795430234,3
TTF2,1.09216727131938,0.274759585223341,0.505355532024949,-0.0343535891335499,2
PTMA,1.0911788196677,0.275194205779899,0.506068745460414,0.0807382741338848,3
DOCK3,1.09053328701799,0.275478298588493,0.506504950017516,0.237438561633262,3
SNORD68,-1.09028594715922,0.275587203531434,0.506548424909732,-0.251884636098005,2
LHX2,1.09026658132627,0.275595731641779,0.506548424909732,0.274786231662898,3
NEU2,1.08999788550165,0.275714075504911,0.506659059796991,-0.0932578090684336,2
CD28,1.08991694246288,0.275749732692697,0.506659059796991,0.486332371263054,2
IL1R1,-1.08959400603182,0.275892024602067,0.5066918325167,0.0588611407286241,2
KANK2,1.08955234959766,0.27591038286246,0.5066918325167,0.0756867884310056,3
CXXC1,-1.08943971823066,0.275960024407789,0.5066918325167,-0.04477905637641,3
CLDN3,1.08943377892848,0.275962642285827,0.5066918325167,0.052235839536376,3
QPCTL,-1.08928931848083,0.276026321621359,0.5066918325167,-0.0533427419707813,2
IRS4,-1.08923784805428,0.27604901262366,0.5066918325167,0.299856870541311,3
ADARB1,1.08889353324276,0.276200838300171,0.506790132625509,-0.0191567070250632,2
FBXL8,-1.08887197603404,0.276210345848964,0.506790132625509,-0.285925137070269,3
RGS16,-1.08873004344565,0.276272949089554,0.506790132625509,-0.180503595897314,3
CAND1,-1.08867298435059,0.276298119286664,0.506790132625509,0.0543472337871318,2
PPAT,1.08858451418967,0.276337148783952,0.506790132625509,0.327374146455026,3
EXPH5,-1.08835692357329,0.276437569936488,0.50688824146222,-0.372309937326517,2
SCRN3,1.08809346313139,0.276553849211781,0.507015390221598,0.29338874896739,3
C2orf54,-1.08784597092015,0.276663111216071,0.507129633014763,-0.0824539112623089,3
ATP6V1B1,1.08768982982891,0.276732058980077,0.507169952681165,0.84861532782745,2
LHFP,1.08713727343305,0.276976147277785,0.507531186241669,0.216785198936855,2
THBS4,-1.08687964621137,0.277090002608636,0.507653698809106,0.0530945401881365,2
PLCH2,-1.08595649756245,0.277498239169156,0.508315411142144,-0.0286439143684854,2
SLBP,1.08519168125378,0.277836767839006,0.508849231298227,-0.0573717040656316,2
PKP2,-1.08491020101938,0.277961429468819,0.508991246164127,0.0488202493737735,3
PAWR,-1.08424560637735,0.278255915429409,0.509335885541895,-0.0983865192504593,2
LSM3,1.0842259296237,0.278264637554998,0.509335885541895,0.381069126266146,3
DCLK2,1.08416624774054,0.278291093914855,0.509335885541895,0.415086651885942,3
MRPS28,-1.08347761945796,0.278596479527431,0.509753967365677,0.0182594506956141,2
KLK6,1.08334951771505,0.278653313882284,0.509753967365677,0.206001990132031,4
ATP9B,-1.08333197478295,0.278661097694346,0.509753967365677,-0.0734112728759686,2
GBF1,1.08290467559409,0.278850736348252,0.509801207611114,0.0622362636636328,3
LARP7,1.08282487605087,0.278886161723081,0.509801207611114,0.0764081696474336,4
POU3F2,1.0827619377081,0.278914104072194,0.509801207611114,0.0360873560120177,3
POLR2I,-1.0826819004606,0.278949640467472,0.509801207611114,-0.191850721167999,4
SCGN,-1.08266371724117,0.278957714213782,0.509801207611114,0.0579775404812593,2
PTS,1.08258298728727,0.278993561994782,0.509801207611114,0.110061327017217,3
NDUFAB1,1.08252956086942,0.279017287483513,0.509801207611114,0.280754192367421,3
EP300,1.08237787224002,0.279084656522645,0.509838061856522,0.0891166135831036,3
JMJD4,1.08225382081708,0.279139759350243,0.509852499239318,0.365488785953046,2
LLGL2,-1.08197124855103,0.279265303715729,0.509960601820697,-0.150021275481071,2
NPC2,-1.0819081024346,0.279293364226185,0.509960601820697,-0.0382560331634005,2
EPN1,1.08159949402599,0.279430529447633,0.510090021999703,0.0688452729674845,2
PCID2,-1.08153615226117,0.27945868822387,0.510090021999703,-0.0255627197642659,3
DDX49,-1.08122691803973,0.279596186946029,0.510254774690151,0.0273720794623092,2
CHRM5,1.08054340707761,0.279900268208843,0.510723428579716,0.550569931949963,3
AP1G1,1.07983523627643,0.280215557144581,0.51121237092987,-0.192028717565839,3
CRYAA,-1.07943151791269,0.280395406943016,0.511454100945366,-0.227279530762765,2
GAS7,1.07910763502497,0.280539748040567,0.511526442202143,0.454373114049907,2
TLX3,-1.07902066127183,0.280578517209457,0.511526442202143,0.168880605313549,3
HIPK3,1.07888066481387,0.280640929268017,0.511526442202143,-0.117580203178932,2
HSPG2,1.07881759079901,0.280669051482163,0.511526442202143,0.179643397898733,2
GNS,1.07881133528935,0.280671840671366,0.511526442202143,0.197458513258593,3
PLCH1,1.07860586533199,0.280763465506035,0.511607111065484,0.286313366278329,3
PARD6A,1.07815542169033,0.280964402060751,0.511751477356504,0.0468513626439347,3
TRAF4,-1.07809236809829,0.280992537166547,0.511751477356504,0.231695553329963,2
AKAP7,-1.07790113149621,0.281077880434218,0.511751477356504,-0.205603707471979,3
CEACAM8,1.0777941770305,0.2811256187363,0.511751477356504,0.327357657321969,3
IGF2BP3,1.07773234795254,0.281153218179356,0.511751477356504,0.199459993590592,2
HHIPL2,-1.07766723761707,0.281182284307803,0.511751477356504,-0.0157913114962531,2
RPS4Y1,-1.07751392335242,0.281250733910677,0.511751477356504,-0.879958925226561,3
IFI16,-1.07751177123936,0.281251694836422,0.511751477356504,-0.03759580671469,2
PTRF,1.07747285267188,0.281269072492646,0.511751477356504,0.0293761552539726,2
ICAM5,-1.07734835676753,0.281324666458103,0.51176642759859,0.141445102533347,3
FOXF2,1.07715770952916,0.281409814924788,0.511835127263439,0.298502359378401,2
CUTA,-1.07646260534877,0.281720416296542,0.512313794080008,-0.0676484359524889,3
SUCLA2,1.07569261468754,0.282064751470654,0.512853634974921,0.207212127566661,3
SLC17A4,1.07470449045776,0.282507052679726,0.513571387251161,0.491068058705964,3
LOX,1.07452505902736,0.282587419653844,0.513631046121625,-0.132138103227151,2
KNG1,1.07426805201047,0.282702559570583,0.513683209028112,-0.0178725438467654,2
GPT,-1.07417817073349,0.282742834156827,0.513683209028112,-0.102142730981862,3
ETAA1,-1.07413066973491,0.282764120283309,0.513683209028112,-0.152251153529281,3
KLHL18,1.07403646999348,0.282806336242379,0.513683209028112,0.0415661624629011,3
PITPNM1,-1.07367088844937,0.28297021340573,0.513894459517266,-0.0375205173525044,2
TMEM57,-1.07308910039937,0.283231140894893,0.5142818597994,-0.201366399523315,3
RANBP3,1.07239077026598,0.283544551800618,0.514700051334358,0.126724508974284,3
BLCAP,-1.07229607713726,0.283587068200341,0.514700051334358,0.016562998096959,3
USP2,-1.07225748306072,0.283604397846889,0.514700051334358,-0.0588387047357893,3
CEND1,1.0715547417519,0.283920070615866,0.51518639388419,0.135523606902234,3
MECP2,-1.07065009018876,0.284326791969468,0.515837757281524,-0.318034847815989,3
PRDX2,1.0704537292397,0.28441512574067,0.515867841387595,0.0226899728132387,3
ENY2,-1.0703729728595,0.284451459715421,0.515867841387595,-0.0723652864697364,3
DHX29,1.07029477790145,0.284486644246057,0.515867841387595,-0.0715415057753706,3
SENP2,-1.07010240348152,0.284573217395308,0.515938216566652,-0.137525744411072,3
LDB1,-1.06953897126395,0.284826878092383,0.516311451108226,-0.346583779116332,3
ALOX5,1.06905210130382,0.285046193133914,0.51651639015816,0.630693593107865,2
ISG20,1.06904065168307,0.285051352094785,0.51651639015816,-0.0794018649143476,2
CFB,-1.06896956345426,0.285083384384646,0.51651639015816,0.0739972835657198,3
ZNF189,-1.06881626077364,0.285152470715239,0.516554920118398,-0.074045413445012,2
P2RY4,1.06716709563128,0.285896388121408,0.517815691563958,0.147685704412651,3
RPS14,-1.06659219898463,0.286156024689472,0.518106705187128,-0.0856157177555289,3
CACNA1F,1.06650404075598,0.286195853058741,0.518106705187128,0.123788394719615,2
ANAPC10,-1.06649274968838,0.28620095443914,0.518106705187128,0.0249927681544312,3
ANKRD6,1.06627553576246,0.286299105112315,0.518197542463677,-0.0725834144725929,2
SURF2,-1.0655697336118,0.286618187097617,0.518542758639471,-0.0524089173821923,2
ADAR,-1.06556356573176,0.286620976556677,0.518542758639471,-0.0637643581243736,3
RNASEL,1.06553510863308,0.2866338466799,0.518542758639471,0.452983214309072,3
TMEM97,-1.06509124754743,0.286834639615932,0.518733683642001,-0.0710982487703702,3
C14orf79,-1.06504921063212,0.28685366110834,0.518733683642001,0.00320499162227049,2
EFNA2,1.06490317760798,0.286919746934217,0.518733683642001,0.366230751857399,3
LMOD1,-1.06487727069898,0.286931471927509,0.518733683642001,-0.172004318682938,2
SPTBN1,1.06477066319238,0.286979723939916,0.518734099397418,0.18006435090974,2
UTP20,-1.06463690482653,0.287040272549452,0.518756738176205,0.161856210681627,2
COL18A1,1.06447397307008,0.2871140387727,0.518803253065023,0.189182759125407,3
ABO,1.06397979641564,0.287337852083614,0.519021203105479,0.442582004853535,2
ENTPD3,-1.06388841426378,0.287379252086125,0.519021203105479,0.0272466385716465,3
TPMT,1.06376924375749,0.287433247442634,0.519021203105479,0.147634322747285,3
SLAMF8,1.06375218461011,0.287440977387902,0.519021203105479,0.25184832966686,3
KIAA0141,-1.06367732713321,0.287474898924281,0.519021203105479,0.0351210785490077,2
ILKAP,-1.06351395136385,0.287548941752588,0.519068126472502,-0.172712180853859,3
PPRC1,1.06249363038425,0.288011648124023,0.519749916428042,0.10406957592744,2
ADCY1,-1.06244059882588,0.288035711178136,0.519749916428042,0.285896728949931,2
AMOT,1.06236287190964,0.288070982193546,0.519749916428042,0.237086941618298,3
PDCD1LG2,-1.06210890903658,0.288186246083118,0.519871047125892,0.221267405431799,2
RNF31,1.06198183860073,0.288243930092716,0.519888283997582,0.184609923083516,3
DHX30,1.0618505050952,0.288303557516641,0.519909019748708,0.131726877413962,4
GEMIN8,-1.06163023939026,0.288403580191203,0.520002582745014,-0.0857193212043833,3
TMLHE,1.0610099499124,0.288685379387261,0.520365926720678,-0.0244600065925867,3
CAPN3,1.06093489246331,0.288719490772835,0.520365926720678,0.0810147310519398,3
ZNF573,-1.06086860838837,0.288749617178647,0.520365926720678,0.078262420924751,2
GATA2,1.05998739505078,0.289150333852461,0.520985195659719,0.0703464420819987,2
IL2RA,1.05990085053844,0.289189708681325,0.520985195659719,0.444359449467501,3
PIGL,-1.0593908222465,0.289421827687536,0.521316421991124,-0.0913521567394145,3
TMEM159,-1.05890420523589,0.289643408930685,0.521530930891187,0.00216797980494497,2
HLCS,1.05884809303777,0.289668966985453,0.521530930891187,0.16913050959797,3
USP39,1.05881001104406,0.289686313485001,0.521530930891187,0.307079988216501,3
CYP3A4,1.05870523829198,0.289734041499538,0.521530930891187,0.0817679611077268,3
YAP1,1.05847478523651,0.289839040351765,0.521633007977302,0.0898570726656111,3
G6PC,1.05830161749487,0.289917955766924,0.521688115641231,0.317358891697098,3
TCTN2,1.05812093437406,0.290000311484012,0.52173711608939,0.168803968439,2
CLCN3,1.05802995306486,0.290041786902128,0.52173711608939,0.0536650815919641,2
ACTR1B,1.05790843086291,0.290097191147387,0.521749893235776,0.0883959263707409,3
PRMT7,-1.05733588507101,0.290358321326241,0.52204249454666,0.114047871922544,2
MMP7,1.05724262782071,0.290400869637602,0.52204249454666,0.276397594135316,3
ARSA,1.05721318509312,0.290414303655822,0.52204249454666,0.235929931934863,3
ACTL8,-1.05705125402013,0.290488196437921,0.52204249454666,0.0220710689747487,3
MRPS7,1.05702205609665,0.290501521451581,0.52204249454666,0.183762326496591,3
NT5M,-1.05641478719805,0.290778753098408,0.522453774279607,0.499697855184385,2
USP13,1.05626716824758,0.290846171284947,0.522487999703974,-0.0105354462159676,2
MMP12,1.05590843324719,0.291010050863657,0.522669818814488,0.387992585645685,2
MC3R,1.05583120668104,0.291045338110804,0.522669818814488,0.322781908225304,3
TMEM40,1.0557279120062,0.29109254119496,0.522669818814488,0.257979075513439,4
TRAPPC3,1.05539482897638,0.291244786876536,0.522773701016941,0.117022924149884,2
PARK2,-1.05537625722415,0.291253277233583,0.522773701016941,-0.0992791625554583,3
GALNT12,1.05528371947114,0.291295584745507,0.522773701016941,0.135036265850217,3
FUT1,-1.0551147657469,0.291372839679409,0.5228254840892,0.155376561167803,2
ATG4B,1.0547540924534,0.291537805427913,0.523003527816461,0.0319964246513465,3
TCERG1,1.0546396504449,0.291590162348177,0.523003527816461,0.0133769183347665,3
ADAMTSL2,-1.05458030317827,0.291617316056151,0.523003527816461,-0.632531610649444,2
IFIH1,-1.05439117999333,0.291703858686837,0.523071892685128,0.00825720574561476,2
CENPQ,-1.05424116401171,0.291772518164798,0.523108172815958,0.0151082024657597,3
CD3E,1.05398639392978,0.291889146495411,0.523172646474104,0.256142616977621,3
CLEC5A,1.05395101360306,0.291905345334144,0.523172646474104,0.510588293857317,2
PTDSS2,1.05366113967892,0.292038086499681,0.523304878297311,-0.0765649852660578,3
C2orf42,-1.05357833002334,0.292076014743055,0.523304878297311,0.0138331998322835,2
OR2C1,1.05340159011491,0.29215697572284,0.523358637852208,0.178950219732821,3
ACLY,1.05330130658989,0.292202920282047,0.523358637852208,0.137114883732373,3
SLC38A7,1.05282329874814,0.292421984666474,0.523660141080467,0.189491149713997,3
LEMD3,1.05272245843378,0.292468212473473,0.523660141080467,0.04028002393579,3
SKIV2L,-1.05212449975836,0.292742433022537,0.524064262762587,-0.0877606971977101,3
SPC24,1.05179681580487,0.292892780273123,0.524246530656219,-0.107362105978014,3
GABRB1,1.05132458611576,0.293109538851274,0.524519250709363,0.475682982007948,3
ADORA1,-1.05125331542777,0.293142262222961,0.524519250709363,-0.150563428761469,3
CSRP3,1.05087037678432,0.293318127445792,0.524747004416934,0.323959077214982,2
MED31,-1.05062554829548,0.293430602440431,0.524861296168494,-0.110616157410618,3
DAB1,1.05018683536387,0.293632220950766,0.52509860952645,0.283534461160659,3
TYK2,-1.05003751607872,0.293700864538547,0.52509860952645,0.0283655426469907,2
TMEM143,-1.05001958293727,0.293709109309277,0.52509860952645,0.325131673114363,3
PRKY,-1.04988950100066,0.293768919192035,0.525108876982511,-0.457991963720292,3
DCUN1D2,-1.04979564774987,0.29381207669712,0.525108876982511,-0.197849744196185,3
KRT19,1.04915923264611,0.294104838181093,0.525499069232495,0.127592936180042,3
TRAM2,1.04910956132845,0.294127696035888,0.525499069232495,0.154823642539616,3
NPR2,-1.04872152028208,0.294306306608842,0.525731226060644,0.0193440289124661,2
RPH3A,1.0484098928113,0.294449797577608,0.525879039078526,0.19195910150346,2
ANKRD40,1.04828890466597,0.2945055200202,0.525879039078526,0.125146000929391,3
DDI2,-1.04820137380376,0.294545837743386,0.525879039078526,-0.035755731538948,2
GABRP,1.04811899262634,0.294583786841711,0.525879039078526,-0.0258616671958863,3
FIP1L1,1.047539238927,0.294850944530243,0.526268985924602,0.0720499919851749,3
ZDHHC24,-1.0470605719582,0.295071642517731,0.526575893354788,-0.0664770948906805,2
TTLL5,-1.04666557394231,0.295253846755429,0.526814015965006,-0.0232455073829739,3
KCNIP2,1.04645160039316,0.295352579693972,0.52683508360845,0.463570166817461,3
ACAA1,-1.0464285909965,0.295363198142267,0.52683508360845,-0.124610106478021,3
SUPT3H,-1.04589427473554,0.295609847984813,0.527187977205208,-0.112707070500529,3
ANGPTL3,1.04570591073032,0.295696833013456,0.527256056489163,-0.0767076912773329,3
VPS13D,-1.04544115184477,0.295819125571266,0.527387059650243,-0.0808990258352558,2
FAM120A,1.04514122128743,0.29595770487996,0.527547050843783,0.182957864637783,2
C6orf62,1.04489805017615,0.296070091060977,0.527588480442529,-0.00501591639639493,2
IREB2,1.04487957547483,0.296078630664934,0.527588480442529,0.076474858016697,3
RFX3,-1.04472984457548,0.296147847207262,0.527624780724533,-0.12796691809029,3
SLTM,-1.04412903451938,0.296425694334323,0.528032709465593,-0.0175909556734146,2
USP12,1.04391442024008,0.296524985870351,0.52807387453949,0.0715114874447138,3
PCBD1,1.04381619853217,0.296570435674178,0.52807387453949,-0.0310716697995148,3
NRIP1,1.04376211510087,0.296595463509636,0.52807387453949,-0.0729550554146497,2
CCDC106,1.04279759567923,0.297042045133173,0.528781834464161,0.239776735726839,3
RUFY3,1.04213554763315,0.297348839743786,0.529240759089203,0.191339366259471,3
PCMT1,-1.04184921633872,0.297481591925949,0.529324209293552,0.0860879788358187,2
MME,1.04179009282933,0.297509008375626,0.529324209293552,0.721202416551482,3
MST1,-1.04171737135649,0.297542732718983,0.529324209293552,0.12567064181509,2
ATP6V1H,-1.04123096142679,0.297768369416727,0.529591685775846,-0.00918574007155591,2
TPSAB1,1.04118188704794,0.297791140474217,0.529591685775846,0.156724567048262,3
BCL2L2,1.04097481370883,0.297887237619269,0.529675381195613,-0.0334068377921337,2
SEC61G,-1.04066250331342,0.29803221162537,0.529762889011716,-0.247711211743423,3
DHX34,-1.04055499579861,0.298082127351845,0.529762889011716,0.210475576228223,3
TBX6,1.04051957548726,0.298098574221236,0.529762889011716,0.0798337958470276,3
SULT1B1,1.04044624976979,0.298132623801354,0.529762889011716,0.360002113973231,3
LYRM4,-1.03982345770661,0.298421928683571,0.530189748953937,0.0417416547576409,2
USP4,1.03968540160718,0.298486085101427,0.530216525450685,0.100142733965153,2
ZNF180,1.03909063270374,0.298762587046612,0.530620431647073,0.294530408805603,3
ROS1,1.03888681372347,0.298857379719143,0.530677262208562,0.657024447253952,2
RUSC2,-1.03862179102751,0.298980667199222,0.530677262208562,-0.224008406200296,3
TTC17,1.03855429867892,0.299012069787574,0.530677262208562,0.211008366823642,2
ZNF212,-1.03851214089849,0.299031685919392,0.530677262208562,-0.0336389304311855,2
TCN1,1.03849379287092,0.299040223575589,0.530677262208562,0.145667381882259,3
IVD,-1.0379134635473,0.2993103448448,0.531069373359647,-0.111511530849064,3
CREB1,1.03777658983455,0.299374078081366,0.531079620172684,0.213394723963988,3
LETM1,1.03768989743137,0.299414449810373,0.531079620172684,0.219454620668734,3
GRM4,1.03741378203133,0.299543058017909,0.531220507750691,0.327501852134035,3
FAM46A,1.03706327931447,0.299706367199031,0.531291583744187,0.270187619644843,2
HSP90B1,1.03703513092642,0.299719484908833,0.531291583744187,0.0654157716884532,2
VPS4B,1.03695248697314,0.299758000850637,0.531291583744187,0.111186112535863,3
PDGFB,1.03690555595179,0.299779874367786,0.531291583744187,0.731352221082636,2
PRSS16,-1.03669122336779,0.299879783604059,0.53138146694407,-0.208701855765136,3
CD2,1.03622936253313,0.300095151411893,0.531675877571144,0.148319138810082,3
TMEM50B,-1.03526462206264,0.300545346877659,0.532335274957291,-0.0503374613673559,2
CSNK1D,-1.03522060296609,0.300565899089476,0.532335274957291,-0.39051420857381,3
SEC11A,1.03488302312265,0.300723543916962,0.532405166658995,0.0109414776392268,3
AKR7A3,1.03482888387684,0.300748831274754,0.532405166658995,0.125146169751775,2
MTIF2,1.03481947927411,0.300753224120828,0.532405166658995,0.0157458034277,2
ARHGEF9,1.03447269172171,0.300915236822596,0.532547119404545,0.293805741439336,2
GPR6,-1.0344367870271,0.300932014149726,0.532547119404545,-0.102061526171932,3
DNAJB1,-1.03430200980801,0.300994997588021,0.532571329065652,-0.00977345912163055,2
MEGF8,1.03408501063661,0.301096423040901,0.532663537780514,0.438866084286654,2
CAMK1,-1.03388953773589,0.301187806597875,0.532737954293473,-0.0423288503198532,2
BMP8B,1.03374459702058,0.301255578289625,0.532770588848155,0.24907311873905,2
SCFD1,-1.03363369734717,0.301307439855312,0.53277508026143,-0.0280040607095005,3
PNPO,1.03348246664693,0.301378171564807,0.532812931136342,0.271533726431406,3
CCDC57,1.03299919324785,0.3016042761998,0.533125411800072,0.170828290236708,3
WDR13,-1.03253368580138,0.3018221755984,0.533423288745733,-0.16124853092975,3
APIP,1.03221039633986,0.301973565815043,0.533594333607384,0.0890141080738002,4
CDK2,-1.03211605862958,0.30201775186776,0.533594333607384,-0.200822507212433,2
CSGALNACT1,1.03184380126127,0.302145296350194,0.533732377951724,0.180265595140856,2
RFXANK,-1.03150794669936,0.302302683596905,0.533923085057844,-0.280238733554039,3
CHMP1B,-1.03107444193769,0.302505912036494,0.534194680696126,-0.252753206555817,2
TAOK1,-1.03064567593099,0.302707008306463,0.534462422969338,-0.0256249492880831,2
ALOX15,1.03026569742601,0.302885296957499,0.53466821993583,0.0529681902060509,3
ZFPM2,-1.03018629664622,0.302922561193046,0.53466821993583,-0.131232376313295,3
KCNA5,1.030003884642,0.303008182022448,0.534731968993053,0.430533594682357,3
IHH,1.02971762280156,0.303142580483766,0.534855598159312,0.21214540154227,2
NUAK2,1.02964375808674,0.303177266018281,0.534855598159312,0.0317407130174929,3
CYP2R1,1.02936698829503,0.303307255569843,0.53499754648358,0.231353112560304,3
CD96,1.02901435153192,0.303472930970716,0.535125893754609,0.123448023442286,3
IFIT1,1.02900122592076,0.303479098791033,0.535125893754609,0.948652771381306,3
DCTN1,1.02872807150857,0.303607474945681,0.535264884015545,0.0392013359047345,3
POPDC2,1.02833635327579,0.303791636277937,0.535502163034315,0.336142598405466,3
SF3B4,1.02779618030728,0.304045713418501,0.535802371122175,0.175795515161484,4
GINS4,1.02776337293695,0.304061149322249,0.535802371122175,0.450708391861554,2
UPF3B,-1.02764466015774,0.304117008164257,0.535813394583315,-0.204632052069653,4
PEX5L,-1.02739606965675,0.304234001452266,0.535932107581112,0.0670086542234765,3
RFTN1,-1.02692761918799,0.30445454789417,0.536233169142805,0.12584933672752,3
SUOX,1.02670666644061,0.304558609261019,0.536329001832006,0.282401242568341,2
CMKLR1,1.02555773807385,0.305100096734909,0.537067557957076,0.281872040537862,3
GALNT3,-1.02553094236254,0.305112733114204,0.537067557957076,0.215379924184916,3
PDCD10,-1.02550034664897,0.305127161931363,0.537067557957076,-0.103823895488103,3
RPA1,-1.02503143169578,0.305348357003513,0.53736933078396,-0.0573975103451356,3
ZNF132,1.02475871093611,0.305477052884238,0.537508246498704,0.277719219030157,3
PAGE1,1.02409592160347,0.305789970571555,0.537971215328003,0.00244669724769128,2
DPYD,-1.02394774892733,0.305859955269133,0.538006715000354,-0.147737846192862,2
CST5,1.02341590768656,0.306111241193152,0.538361059486882,0.212505743800316,4
DDX11,-1.02327844631634,0.306176211598173,0.53838766688645,-0.127839951651945,3
C4BPA,1.02300162614274,0.306307076954877,0.538530118044692,0.837468969024387,3
CYLD,-1.02272975223454,0.306435640066458,0.538668475833666,-0.0982984499546145,3
NEBL,-1.02256686711231,0.30651268193686,0.538716236622512,-0.0589875011083437,2
HAS1,-1.02168562463647,0.306929717054652,0.539361445196738,-0.246309866229869,4
DTX3,-1.02097868251725,0.307264538623186,0.53986199515414,0.233771348586003,2
CRYBB3,1.02036356014966,0.307556069259398,0.540213321571289,0.21647860257185,3
COL2A1,-1.02034573844875,0.307564518391356,0.540213321571289,0.180151671675677,3
GUCY1A2,1.0196936201212,0.307873788367436,0.540552905067825,0.177734887591407,4
CDK5RAP1,-1.01965383003463,0.307892665649554,0.540552905067825,-0.0583028351647642,3
RABEPK,1.01954050835866,0.307946432113075,0.540552905067825,0.163057201417625,3
PROS1,1.01951607776823,0.307958024235086,0.540552905067825,0.470547107044837,2
MED8,-1.01897821698976,0.308213308075225,0.540843256704853,0.0557485660219904,3
ACE2,1.01895658557192,0.308223577881418,0.540843256704853,0.21726141713722,3
TAF4,-1.01836741227519,0.30850338286581,0.541184796923852,-0.0277536539880142,2
ERAL1,-1.01833575794926,0.308518420612579,0.541184796923852,0.00648700123783136,3
CD1C,1.01784870331204,0.308749862556735,0.541502843860667,0.27532416728042,3
TNIK,1.01716033560382,0.309077161541374,0.541904293419145,-0.256585690491875,2
HABP4,-1.01705538837378,0.309127081060879,0.541904293419145,-0.0443713465811459,2
TMCC2,-1.01705080982088,0.309129259030621,0.541904293419145,-0.0975656415723274,4
IFNA8,1.0165466947545,0.309369123330126,0.542110730969112,0.0470134951656152,2
NFASC,1.01650465498995,0.309389131933885,0.542110730969112,0.300562347930811,3
CDH7,-1.01648690596174,0.309397579746767,0.542110730969112,0.186673385536739,2
NPPB,-1.01599568232357,0.309631442627235,0.542366045121551,-0.0571636638234223,3
ST7L,-1.01596991303663,0.309643714151509,0.542366045121551,-0.262022913153888,3
KLF1,1.01566861635969,0.309787217687399,0.542529430197678,0.435645107563151,3
ITSN2,-1.01479916881808,0.310201570046298,0.543167022149475,-0.287293113811867,3
CBX4,1.01413642799367,0.310517657899442,0.543632372873546,-0.0367002242803822,2
ULK2,-1.01393351157797,0.310614479424549,0.543713758992705,0.0634348131374399,2
PTK7,1.01362263835078,0.310762851160537,0.543885339960487,0.267984507338051,2
BCHE,1.0133835067508,0.310877014295775,0.543929772864725,0.0867863960016435,3
ACSS3,-1.013173996008,0.31097705896212,0.543929772864725,-0.18664145125041,2
SMPD1,1.01317026478517,0.310978840872046,0.543929772864725,0.0874918335896254,3
TBC1D13,1.01314761625641,0.310989657212788,0.543929772864725,0.166392472771862,3
PASK,1.01260945732929,0.31124674075592,0.544262156963579,0.375922255830368,3
PVR,-1.01246592018626,0.311315333461742,0.544262156963579,-0.193431785624645,3
FBLN1,-1.01243344808995,0.311330852423436,0.544262156963579,-0.609743086604898,2
CDKAL1,-1.01203212647976,0.311522692898184,0.544450629666153,-0.0329393659020655,2
KRT5,1.01199703980259,0.311539468798972,0.544450629666153,0.393014006188972,3
TPD52,1.01187573482228,0.311597472620358,0.544463271180123,0.189164669776424,4
STAG3L4,1.011696681206,0.311683102841819,0.544463271180123,0.387557594136929,3
TNFAIP1,1.01166571384463,0.311697914180511,0.544463271180123,0.114152773204763,3
MTHFD2L,-1.01128863935402,0.311878301869757,0.544690285658385,-0.0402690819204302,3
DCX,1.0110402202236,0.311997180048064,0.544809818764822,-0.0605950114743564,3
SCG3,1.01038421139347,0.312311249236059,0.545224397348212,0.396882758915288,2
PPWD1,-1.01033347933306,0.312335546268352,0.545224397348212,-0.0720352226112941,3
QDPR,1.01016840168162,0.312414615288512,0.545274305113348,0.367336026356623,3
ACTC1,-1.00948090311431,0.312744055695635,0.54576111302492,-0.011312881532533,2
DNAJA2,-1.00925380121431,0.31285293023856,0.545862922377148,-0.0703459677435542,3
SLC12A2,-1.008179346881,0.313368370957478,0.546673957216194,0.0596080170985768,2
AMPH,-1.00783733030016,0.313532561477326,0.546872069930257,0.214420594636351,2
AIM1,1.00768378715343,0.313606290726555,0.546912359126291,0.514171545723864,3
FOXB1,-1.0074408709036,0.313722958978867,0.547027506519729,0.0235272404039781,3
PAX9,-1.00728233125099,0.313799118087454,0.547071993799335,-0.145526705471755,3
RAMP2,1.00705127194917,0.313910135888661,0.547177228960678,0.135439116302143,3
BCAP31,1.00692663571694,0.313970030984135,0.547193332476707,-0.0445155776623721,2
RBP3,1.00679967047887,0.314031053034234,0.547211394559734,0.0559057511345127,2
ATAD3B,1.0066397983267,0.314107901905504,0.547257025223105,-0.0173384891299857,3
AGMAT,-1.00630819598441,0.314267339116106,0.547296441544428,0.309516922029789,3
UBE2D2,1.00625079583059,0.314294942998201,0.547296441544428,0.110573918380843,4
PRKCZ,-1.00621785299017,0.314310786015283,0.547296441544428,-0.138318362696479,2
NPFF,1.00617126865015,0.314333190459325,0.547296441544428,0.45044020334356,2
RBBP5,1.00596812604845,0.314430902885037,0.547378342137659,0.13737304630785,2
KLK1,1.00403675345506,0.315360898540294,0.548908866585927,0.408572511818566,3
C12orf29,-1.00370147810943,0.315522524401912,0.548992100535072,-0.0643377889590176,3
CCNE2,-1.00360641977672,0.315568358978537,0.548992100535072,0.315524215720671,3
PSMB7,-1.00358335024713,0.315579483145909,0.548992100535072,0.0177778257963535,3
DSG1,1.00351589608294,0.315612011138937,0.548992100535072,0.299366714014778,3
TUBGCP2,-1.00199328569589,0.316346835689408,0.550181696847044,0.0597006337229182,3
PDHX,-1.00069162506373,0.316975917572914,0.55113228295401,0.0638399241793413,2
GRM5,1.00065123238839,0.316995452137869,0.55113228295401,-0.00818312608616561,2
YKT6,1.00045244591739,0.317091600063217,0.551210728014624,0.253333795800326,3
TNNC1,-1.00013755606947,0.317243943357822,0.551386818367046,-0.921643098681228,2
MRC1,0.99933693162018,0.317631500520218,0.551971600485746,-0.0818434496742608,2
MFSD11,-0.999026293493076,0.317781954214276,0.552144228634809,0.0501971707112138,2
JRK,-0.998440562255402,0.318065772860039,0.552510239093683,0.0331718229746752,2
WDR44,0.998380457628349,0.318094906213999,0.552510239093683,0.0691081645340371,3
FOXL2,0.99794728051541,0.318304923485745,0.552780760384998,-0.00407046490478138,2
HIF1AN,-0.997848144435615,0.318353000403173,0.552780760384998,0.0255644320270439,3
APOBEC3F,-0.996678313559309,0.318920679415742,0.553677463685125,-0.0729900014952857,3
NNT,0.996535119366876,0.318990212166241,0.553709187179773,0.202134188187706,2
CRISP3,-0.996398670490046,0.319056478734912,0.553735231891794,0.260103152577571,2
EPS8L2,0.994902163677275,0.319783850452132,0.554908458246414,-0.0209439903914371,2
CDH4,0.994768323411632,0.319848955826925,0.554932287318092,0.423689751398877,3
NUP62CL,-0.994618984079247,0.319921610813798,0.554969205076385,-0.10351500963452,2
NOS1,0.994171654794393,0.32013930529124,0.555192264959363,0.257645035534088,3
SPAG8,0.994143537540059,0.320152991893341,0.555192264959363,0.171955072405276,3
OS9,0.993894336130043,0.320274312085776,0.555234393026696,0.159114241508327,4
RNF126,-0.99388247492803,0.320280087293959,0.555234393026696,-0.243336496927171,3
UNC13A,0.993290645817041,0.320568334783567,0.555535789958931,0.46023104949112,3
PKNOX1,-0.993208498832863,0.320608357468774,0.555535789958931,0.0280458840357599,2
ERAP2,0.9931096403338,0.32065652647086,0.555535789958931,0.688117859604126,2
PSMC6,-0.993103209062459,0.320659660284571,0.555535789958931,-0.0832380103399676,2
FLT3LG,-0.992774776315579,0.320819724777487,0.555723968416679,-0.0479737768013265,2
PLA2G2F,-0.992606708515751,0.320901654239745,0.555760307087948,0.129021633011443,2
PPM1A,-0.992520667616047,0.320943602630496,0.555760307087948,0.00801027790232343,2
FCF1,-0.991982746307005,0.321205942062148,0.556077308250693,-0.433669834174194,2
PDE6H,0.991934200176613,0.32122962446624,0.556077308250693,0.367343136053267,3
ORM1,0.991786187296489,0.321301837071823,0.556113194047402,-0.142875930799236,3
CCR7,-0.991236991970854,0.32156987143513,0.556477604626784,-0.133893258586311,4
ADAM23,-0.991071069154808,0.321650878648757,0.556477604626784,0.122880368178228,2
TSHR,0.991020803502588,0.321675422088758,0.556477604626784,0.457177912779965,3
NARFL,-0.990857368357798,0.32175523176514,0.556477604626784,-0.00770263846555615,2
ZNF444,-0.99082720860172,0.321769960979346,0.556477604626784,-0.0531263481080265,3
IMPG1,0.990165626571782,0.322093170586788,0.556862835093101,0.473764082528858,2
C18orf25,-0.99016021546875,0.322095815002934,0.556862835093101,-0.0213517035008235,2
IL10,-0.989964266036194,0.322191585402515,0.556939271166261,0.351677652511601,2
CST7,0.989701563698211,0.322320010475427,0.557072120504889,-0.0137476447801572,3
PARP11,-0.989577441200464,0.322380700809108,0.557087878761796,-0.290506171142677,3
ADORA3,0.989234437704127,0.322548452898515,0.557199339784852,0.388602618657357,3
SRD5A1,0.989131073524389,0.322599016190754,0.557199339784852,0.271088412497318,3
POLR2K,0.989129162577819,0.322599951028927,0.557199339784852,0.261677262366067,3
HBEGF,0.98895903363693,0.322683185465116,0.557253999903147,-0.0917605404764525,2
PIGC,0.988737309018207,0.322791683759187,0.557264754177542,0.175810730131231,3
GSTK1,0.988696816590636,0.322811500813884,0.557264754177542,0.267231068531158,3
HIVEP3,0.98863004649053,0.322844179933629,0.557264754177542,0.0189871667613655,3
PDCD1,-0.98834380551491,0.322984298571062,0.557417541646366,-0.199325327183963,2
LOC389906,-0.987935447360047,0.323184263762063,0.557602782361264,-0.245571510406406,3
PYY,-0.98791378592799,0.323194873205321,0.557602782361264,-0.322626522680947,3
ARFRP1,-0.987649422937882,0.323324372510995,0.557737124219701,-0.00980728313925076,3
ZFY,-0.987470178007013,0.32341219562004,0.557799542884827,-0.378563855304609,3
MRPL20,0.987077827432844,0.323604486539533,0.558018290902892,0.0239125897358879,3
SLC33A1,0.987000602329676,0.323642343316665,0.558018290902892,-0.0138927358907575,3
DYM,-0.986597573600656,0.323839960210044,0.558269909063023,0.0602811377201697,2
ARL8B,-0.986197697048436,0.324036109171837,0.558518916750308,-0.0996052074533532,4
ASB6,-0.986064897739614,0.324101267505595,0.558542101403229,0.0254897976902151,3
OR1E1,0.985946776806152,0.324159231025834,0.558552881407092,0.261788969335725,3
RAD1,-0.985369282784395,0.324442712241278,0.558924814082826,0.0675973862997473,2
SSB,-0.985257237384728,0.324497731962048,0.558924814082826,0.00180056894681278,3
MYL9,0.984894746107551,0.324675774358364,0.558924814082826,0.496509513046823,2
CYP2B6,0.984869532542819,0.324688160699769,0.558924814082826,0.289268175420355,2
LAPTM4B,0.984850533922442,0.324697494109151,0.558924814082826,0.182773900678786,2
SLC22A13,0.984797002515611,0.324723793301916,0.558924814082826,0.213474888713472,3
S100B,-0.984769545220018,0.324737283205315,0.558924814082826,0.119982348501764,2
C1S,0.984558847851781,0.324840811990057,0.559013931992449,0.192523448233501,3
HPCAL1,-0.984302310914528,0.324966893616182,0.559109729783068,-0.0318155135359517,3
COL4A4,0.984234961706624,0.324999999380474,0.559109729783068,0.265323930080345,3
CRHR2,0.984076306859276,0.325077995459955,0.559154857795929,0.0731720205754453,3
CYP2D6,0.983645155073034,0.325290014880857,0.559430463420317,0.20331020059487,3
HTR5A,0.982844930760824,0.325683764537407,0.560018469362157,0.315408663467442,3
H2AFJ,-0.982525307649917,0.325841121386245,0.560199871592269,-0.192680907164314,2
SLC14A1,-0.982093471999668,0.326053801208955,0.560476314554286,0.359437433541587,2
HIST1H2BN,-0.981899626959744,0.32614929957256,0.560549049041425,-0.331602464829273,3
OGFRL1,0.981739522551346,0.326228189216485,0.560549049041425,0.151610439352914,3
ABCG1,-0.981691623572151,0.326251793308965,0.560549049041425,-0.331446734061239,2
RAD50,0.981517142108034,0.326337785249597,0.560557760198055,0.0470310527060119,4
TOR1AIP1,0.981375052797628,0.326407823829566,0.560557760198055,0.148718354934671,3
VCX2,0.981349433154183,0.326420453288563,0.560557760198055,-0.0207108472223863,3
USP3,-0.981260210555491,0.326464438937786,0.560557760198055,-0.258742833589401,2
MMP16,0.980538909252686,0.326820173065271,0.56100258654689,0.277439381812079,3
ACTL7B,0.980524316759913,0.326827372443953,0.56100258654689,0.0388710338410919,2
B2M,-0.979983899428231,0.327094066265918,0.561313359740291,-0.0212362172019868,3
GNB2,-0.979946861471546,0.327112349524637,0.561313359740291,-0.19024691342619,3
MED24,0.97907652239216,0.327542171000857,0.561961647260365,0.115561653415798,3
VPS4A,-0.9774121136286,0.328365168294213,0.563284190553294,-0.132846214746658,3
SGPP1,0.977042319906282,0.328548201478889,0.5635086809106,0.0947454553040827,3
PKIG,-0.976726750674172,0.328704448003143,0.563687164205422,-0.0941270172181551,3
IL32,0.976320091819351,0.328905866393826,0.563943042664462,0.536764847721584,2
BECN1,0.976033012550839,0.329048105102214,0.564049799027644,-0.0499031257627865,3
HCRT,-0.975983655987871,0.329072563735624,0.564049799027644,0.187375092400921,2
ALOXE3,-0.975843022375489,0.329142261151296,0.564079756458242,-0.0728961713934367,3
RPL22,-0.975251644808526,0.329435450024922,0.564492660401207,-0.0425854151196055,2
RPS16,-0.974573341609989,0.329771942519735,0.564971211502003,-0.105049645767749,3
RPGRIP1,0.974477843068963,0.329819335283432,0.564971211502003,0.38768583075488,3
ZZZ3,-0.974225243694966,0.329944713250788,0.565084431511566,-0.0343628958553742,3
SAP30BP,-0.974119334042386,0.329997290800636,0.565084431511566,-0.120040683712579,3
RPS15,-0.974028537835941,0.330042369783972,0.565084431511566,0.0136097281700179,2
AMFR,0.973627901099491,0.330241327649062,0.565335470881961,0.0854752819602584,3
MAP3K13,-0.973382602056288,0.330363182484224,0.565385479705638,-0.0668568257987156,4
IFNB1,0.973358369197024,0.330375221986853,0.565385479705638,0.356546090459312,3
TEX28,0.972900033760659,0.330602988203053,0.565518530578956,0.189983368516384,2
CENPB,-0.972854970540451,0.330625387503483,0.565518530578956,-0.0256084190872608,3
SERPINB8,0.972747357627903,0.330678881971154,0.565518530578956,0.189464247368529,4
ARHGAP6,0.972740742592639,0.330682170493346,0.565518530578956,0.00680807413811843,2
ARHGAP12,0.972637662376239,0.330733417335015,0.565518530578956,0.0225034611697813,3
MKRN2,0.972439285045044,0.330832056070184,0.565518530578956,0.174790212478052,3
MDFI,0.972287144692016,0.330907717385716,0.565518530578956,0.373864573173359,2
NUDC,-0.972268869073324,0.33091680683431,0.565518530578956,-0.0558346920760361,3
CKS2,-0.972254111635656,0.330924146620031,0.565518530578956,0.12160848360432,2
RANGRF,0.971746441281541,0.331176706585057,0.56576841270508,0.0138184624942133,3
POT1,-0.97173544154851,0.331182180200854,0.56576841270508,-0.167129739419811,3
ATRN,0.971542784279951,0.331278058547374,0.56576841270508,0.285246345357476,2
BAG1,-0.971469474085358,0.331314547014716,0.56576841270508,-0.0301000200062492,3
GLB1L2,0.971433905654758,0.331332251321268,0.56576841270508,0.159735957677529,3
ZFHX3,0.971291607957877,0.331403086600063,0.565799927525507,-0.0554390349175951,2
NUPL2,0.970582909049492,0.331756020162805,0.566231548538808,0.342642149266513,2
CETN2,-0.97057344275772,0.331760736039818,0.566231548538808,0.0833424094369072,2
PSMA2,-0.970149028765389,0.331972213317557,0.566502977607623,0.212635559266582,3
MMP11,0.96952718071442,0.332282225453075,0.566942441848699,0.762660458054394,3
CRX,-0.968964046277978,0.332563128197005,0.56733210846242,-0.0688311158649194,3
GPR63,-0.968694485565192,0.332697644744106,0.567388240087098,0.0142270448064945,2
GGH,0.968687593866118,0.332701084309542,0.567388240087098,0.383850763298809,3
RALGPS2,-0.968427086510071,0.332831117286285,0.5674711178581,0.0471606484775167,3
BNIP2,-0.968379749169611,0.332854749375016,0.5674711178581,-0.00219279417965116,2
NME1,0.968229249163085,0.332929890271678,0.567509653576561,0.333969086465817,2
PTEN,0.968058752786457,0.333015028086045,0.567540565961781,-0.0504629388515852,2
FAIM,0.967920471521773,0.333084089520543,0.567540565961781,0.253936891452835,3
SATB2,-0.967877312892464,0.333105646009785,0.567540565961781,-0.227906104691961,3
DAGLA,0.967272287276251,0.333407933629553,0.567966014676933,0.282283668533302,2
ATP7A,-0.966822163005228,0.33363294303008,0.56824628052579,-0.0275982806336347,3
MAPT,0.966654146673978,0.333716956614224,0.56824628052579,0.317448142734396,3
MIER2,-0.966627519104827,0.33373027251024,0.56824628052579,0.152579328131627,2
PTPN14,0.966463753502603,0.333812175833288,0.568296158132573,0.0521944642815011,2
CXCR4,0.966357103794199,0.333865521022511,0.568297409090004,0.299993711636555,2
ODF1,0.966126454402518,0.333980908499739,0.568351999782676,0.0518081675056253,2
RIN1,0.966082654950134,0.334002823053178,0.568351999782676,0.143430279924465,3
RNF128,0.965713736482863,0.334187443974414,0.568576589984504,0.184453026153685,2
ERG,-0.965586061939715,0.334251352525846,0.568582443554947,0.0265054337019275,2
NAT8B,-0.965496560267403,0.334296158027909,0.568582443554947,-0.208380792910318,3
SUV39H2,0.96443282676166,0.3348289709586,0.56939901515976,0.24449240792848,3
INSL5,0.96419690923706,0.334947213663913,0.569510436328913,0.351919528320788,3
HLA-DPB1,-0.963851521514162,0.335120371742021,0.569715180289158,-0.0321979914392862,3
NAMPT,-0.963632820563018,0.33523004597329,0.569730657392792,-0.368870205518212,2
ZMIZ2,-0.963602646716603,0.33524517937925,0.569730657392792,-0.0512412024465702,3
FABP7,-0.96340858267021,0.335342520873303,0.569730657392792,-0.177206658373366,3
BCL2A1,0.963397357507979,0.335348151911852,0.569730657392792,0.470753081086274,3
SMR3A,0.963263070220026,0.335415521085011,0.569730657392792,0.193012970747457,3
PRKG2,-0.963202453345075,0.335445934180537,0.569730657392792,0.031164425458057,3
KRT32,0.962918591202418,0.335588378982419,0.5698829853432,0.273771072540212,2
CLCNKB,-0.962673358093538,0.335711470709465,0.5700024059421,0.0640874098381885,3
NANOG,-0.962488869234261,0.335804091767594,0.570030192724386,-0.0817669019453971,2
SERINC5,0.962210533660819,0.335943858894389,0.570030192724386,0.00764037526993727,2
USP6NL,-0.962148413542538,0.335975057826905,0.570030192724386,-0.0367826493889541,3
MRPL11,0.962054529713336,0.336022213163446,0.570030192724386,0.16204040043809,3
SIGIRR,0.961961613733929,0.336068886568609,0.570030192724386,0.174430462996265,3
SMAP1,0.961958108987446,0.336070647148868,0.570030192724386,0.077377346382448,4
THAP4,-0.961833236259375,0.336133379799007,0.570030192724386,-0.123727021039464,4
DMRT1,-0.961751387742783,0.33617450234773,0.570030192724386,-0.182913011257497,3
GSG1,-0.961694568618394,0.336203051466517,0.570030192724386,0.180946982382695,3
RNF2,0.961590104528604,0.336255544162173,0.570030192724386,0.085183542955429,4
NLK,-0.961337745846788,0.336382374925237,0.57011271746119,-0.0670657180789417,3
ATF7IP,0.961283222023891,0.336409781623554,0.57011271746119,0.095044851908744,4
ACVR1B,-0.960687135521792,0.33670950146713,0.570531142721245,-0.137727337727735,2
CCL13,-0.960424640702928,0.336841541635776,0.570665359590597,0.240916841229609,2
PDE6C,-0.960289896378949,0.336909333669542,0.570690704453253,-0.0211819859006922,3
ATPIF1,-0.960129166421088,0.336990210966325,0.570738203019479,0.147243023532597,3
KIAA0391,0.959972679274369,0.337068965325994,0.570782091777926,0.154509906966663,3
MEST,0.959824455524493,0.337143571925837,0.570818944191675,0.541052252246057,2
ATG12,-0.95962115952312,0.337245915729071,0.570902739649808,0.211351227593238,3
GPR132,-0.959509939512054,0.337301914847409,0.570908067092089,0.478070659687489,3
MYL1,0.958759646540503,0.337679842442113,0.571246217075497,-0.277841319634655,3
ADCY6,0.958753678428062,0.337682849710584,0.571246217075497,0.079544047832911,4
RGP1,0.95868624066778,0.337716832077485,0.571246217075497,-0.105478133987462,2
SLC22A5,-0.958635744741919,0.337742278772048,0.571246217075497,-0.00587876784509954,3
SNIP1,-0.958588444197635,0.33776611631746,0.571246217075497,-0.0873258751028386,3
DFFA,-0.958282194909679,0.337920479623315,0.571417817922831,-0.187613638556821,3
TMEM115,0.958067470907179,0.338028737121973,0.571511413114972,-0.00853626598706219,3
CROT,-0.95763140542104,0.338248657003082,0.571717266270694,0.307692709044681,2
GLE1,-0.957511520909265,0.338309134175067,0.571717266270694,0.123913111730393,2
GALC,0.957340301961895,0.338395519653741,0.571717266270694,0.0972677273899125,4
HDAC2,0.957328908643036,0.338401268452909,0.571717266270694,0.0419967024739808,3
EGFL6,0.957301443686769,0.338415126877876,0.571717266270694,0.615926663322855,2
DGKI,0.956921477107033,0.338606889981288,0.571915370119929,0.33625343397737,2
DDX52,-0.956859291674867,0.338638280622761,0.571915370119929,-0.031886990719984,3
PBLD,0.956722232347423,0.338707473522005,0.571930418942072,0.0727477199561131,3
RXFP3,0.956450247644908,0.338844808886939,0.571930418942072,0.325288393798475,3
ITPK1,-0.95637775956967,0.33888141688867,0.571930418942072,0.329934790696614,3
ITGB3,-0.956337300686608,0.338901850578686,0.571930418942072,-0.172737690157677,3
QPCT,-0.956317354224956,0.338911924796168,0.571930418942072,0.319140298604268,3
APOLD1,-0.956114674897682,0.339014301499009,0.571948574898699,-0.258695221046769,2
BET1,-0.956086409571038,0.33902858036256,0.571948574898699,-0.0462459350674842,3
TNKS2,-0.955960878056695,0.339092000084259,0.57196623749378,-0.0665888107745347,3
CNGA1,-0.955663415851681,0.339242311221163,0.572064392497953,0.333403795163601,3
GSC2,0.955636112974535,0.339256109826133,0.572064392497953,0.0885725190584203,3
ZZEF1,-0.95507085428437,0.339541866881169,0.572380346844135,0.109414509838326,2
CHST4,0.955055839222496,0.339549459597965,0.572380346844135,0.698319388071412,3
HDDC2,0.954907503022796,0.339624475113678,0.572417472332337,0.175474085445319,2
ACHE,0.954315741684507,0.339923842153985,0.572832658806139,0.390357586244495,3
TXNDC15,-0.953897543801626,0.340135506898334,0.572924884994404,0.0560633111011709,2
MEN1,-0.95389709187205,0.340135735681564,0.572924884994404,0.0202801341629572,2
DIO1,0.953893238693147,0.340137686305232,0.572924884994404,0.375279761062785,3
RBMS2,0.953451246124516,0.340361487098974,0.57321247016575,-0.0114177536302165,2
B9D2,0.953323842264281,0.340426014940703,0.573231771377938,0.0784764189635952,2
CPLX3,0.952725387904256,0.340729226553049,0.573621476533218,0.178857171866888,2
CPE,-0.952657454928239,0.340763656259365,0.573621476533218,0.0818135937885341,2
PSEN2,0.951983003402514,0.34110560181907,0.574107620886506,0.140499398693162,3
KCNN3,-0.951829829370999,0.341183291346823,0.574148919322072,-0.0960548490286413,3
ZNF174,0.95153456774312,0.341333079349802,0.574235893919716,0.315386965017934,3
NAP1L4,0.951518374335972,0.341341295580309,0.574235893919716,0.0491297419032815,3
CDK7,-0.951347439617424,0.341428032365899,0.574292370852762,-0.206950314448359,3
ATP4A,0.950787761632359,0.341712126444873,0.574563720754463,0.545851686882692,3
BEGAIN,0.950680205793713,0.341766739405865,0.574563720754463,0.207953807732045,3
TSPAN1,-0.950629748695946,0.341792361617839,0.574563720754463,-0.026141951407499,2
GDAP1,0.950610538017624,0.341802117160542,0.574563720754463,0.0801667905793057,3
SLC27A6,-0.950458866049204,0.341879145286217,0.574603785184646,0.081810961761279,3
PURG,0.95032391277442,0.341947691992507,0.574629584459094,0.0822308836542623,4
CSTF2T,0.950199747645032,0.342010766850468,0.574646181913013,0.347229774252503,3
LRMP,-0.949835643069972,0.342195771869862,0.574867609290552,0.0506415939272078,2
CDC42EP3,-0.9495418895224,0.342345077499813,0.574973142784292,-0.0682116352092265,2
FAM65A,-0.949502603408905,0.342365048545507,0.574973142784292,-0.0686881152515322,2
PIP5K1A,-0.949180111941983,0.342529014828792,0.575159088789151,-0.0855390492565766,2
SCG2,0.948481394384426,0.342884440214025,0.575497072935742,0.792509757096358,3
SOX18,-0.948463362092724,0.342893616044045,0.575497072935742,-0.0196548438803483,3
MED20,0.948437778248404,0.342906634792097,0.575497072935742,0.42275699201822,2
PAK6,0.948365522903665,0.342943404784982,0.575497072935742,0.383818385141115,3
ADAMTS13,-0.947785545845525,0.343238640356244,0.575884597326861,-0.138386796438226,3
EPHA2,-0.947702438329384,0.343280959284175,0.575884597326861,-0.145755340357544,3
TLR5,0.94742674515781,0.343421368042292,0.575976834623586,0.288298154828795,3
SS18,0.947385093901616,0.343442583948391,0.575976834623586,0.00448309576693178,2
MYO7B,0.946823105626033,0.343728925846802,0.576367565507165,0.129657059699645,3
HOXD12,0.946343286571758,0.343973521838356,0.576502216447122,0.2138900743271,3
ALDH8A1,-0.946171175643065,0.344061285406815,0.576502216447122,-0.202661868143573,2
AAAS,-0.94613523980929,0.344079611770362,0.576502216447122,-0.23965624865131,3
ABCA7,0.946097602443242,0.344098806540264,0.576502216447122,0.0107537162721937,3
ACOX3,0.946022586876338,0.344137065946576,0.576502216447122,0.212054902287562,3
DEK,-0.945975681024547,0.344160990228086,0.576502216447122,-0.12358270491853,2
PRSS22,-0.945923121366631,0.344187799488836,0.576502216447122,-0.00654900992774579,2
VPS39,0.945762692425546,0.344269638198492,0.576502216447122,0.0221130096285315,3
PRRG1,-0.945659298358116,0.344322388610841,0.576502216447122,-0.0886461641838618,2
CBFB,-0.945619044024886,0.344342927283543,0.576502216447122,-0.0669683943224095,4
TIMM50,-0.945148865895089,0.344582880712308,0.576814547877631,-0.0249627464857491,3
DIRAS2,0.944834750842305,0.344743247436205,0.576993578990686,0.162656283932802,2
MSTN,0.944597170490567,0.344864572135078,0.57710722048073,0.326629940216598,3
SETDB1,-0.944134296848697,0.34510102512925,0.577381589673393,-0.0573736418183408,3
NUP205,-0.94406696196099,0.345135430894381,0.577381589673393,-0.121444970075965,4
GBE1,-0.943806960751074,0.345268302918201,0.577441882646837,-0.1369944935427,2
CCDC144A,0.94378723399738,0.345278385485643,0.577441882646837,-0.130326132439698,3
RNASEH2B,-0.943101469791424,0.345629004031365,0.577875759017673,-0.163689693533383,3
ZNRF4,-0.943070558330828,0.345644813831993,0.577875759017673,-0.112075399979612,4
PLCL1,0.942805417882022,0.34578043999554,0.578013047482485,-0.15883044985979,2
CXorf36,0.942438135243525,0.345968370535019,0.578131184712456,0.00394199933540447,3
LAMA3,0.942432037209036,0.345971491315753,0.578131184712456,-0.144481130067999,3
TULP2,-0.942353521804808,0.346011674612667,0.578131184712456,-0.137366638625767,2
MAPK10,0.942125253276071,0.346128516754532,0.578236968447642,0.0874738259799759,3
ATXN2L,-0.941827867381588,0.346280775193024,0.578375026807164,0.0922648434985481,2
PIGV,0.941754697071616,0.346318244157446,0.578375026807164,0.263875356141097,2
SFTPB,0.94158590976859,0.346404686404544,0.578429961747084,0.316973849500826,3
SLC35D1,0.94047501774474,0.346973958244996,0.579275341186109,0.223269039325132,3
SERPINC1,0.940388707195468,0.347018212628709,0.579275341186109,0.361189037944465,3
UBL5,0.940056797349892,0.347188427675277,0.579469931357902,0.196836364734679,3
CLDN15,-0.939577439557697,0.347434352970857,0.579790805004047,-0.0494421998811498,2
CBLC,0.938843079134602,0.347811317326951,0.580237454455068,0.314644376252431,3
SOX1,0.938810829008402,0.347827878029606,0.580237454455068,0.0722178392249653,3
PRKACB,0.938742142446523,0.34786315081013,0.580237454455068,0.149609431304682,3
NRCAM,-0.938463598900046,0.34800621528194,0.580330897572011,-0.161478054308174,2
FA2H,-0.93842387632912,0.348026620484307,0.580330897572011,0.200799732037488,2
CCL7,-0.938141101235363,0.348171902021044,0.580483544625917,0.138498844146476,2
MORC1,0.937995212902181,0.348246870234375,0.580488252381958,0.448942303841923,2
CABIN1,-0.937926460932464,0.348282203637055,0.580488252381958,-0.00887424417432523,2
AIM2,0.937451136029409,0.348526547640229,0.580779837237071,0.167271427383297,3
PRKAA1,-0.937376973801737,0.348564681059797,0.580779837237071,-0.252984455439441,3
SACS,0.936915764013805,0.348801889677832,0.581085442982717,0.319543955636287,2
MRE11A,-0.936633825515245,0.348946946290126,0.581237457798911,-0.111522268847556,4
LRIT1,-0.936361379422931,0.349087155482054,0.581351905133489,0.0244510743870195,2
HSBP1,0.936291170859245,0.349123292779202,0.581351905133489,0.457413343580302,3
ZNF133,-0.935516995599885,0.349521928770905,0.581803998197057,0.0119368473642373,2
ATOX1,0.935496316117876,0.349532580948041,0.581803998197057,0.308710415469954,3
IER3,0.935450127849597,0.349556373662183,0.581803998197057,-0.193368098639234,2
GCDH,-0.935273751554841,0.349647238892127,0.581865579188531,-0.345203128859542,2
FBXW11,0.93487859943825,0.349850867078616,0.582079003448016,-0.0408415192823046,2
PLA2G2D,0.934815753504794,0.3498832595249,0.582079003448016,0.254644021781837,3
ZNF142,0.934495212620566,0.350048504330214,0.582171694282195,0.315853905518136,3
PC,-0.934412557234493,0.350091122752387,0.582171694282195,-0.0298611595832652,3
TNS4,-0.934331052041561,0.350133151340154,0.582171694282195,-0.0642716624089775,2
PYCARD,0.934289547702732,0.350154554503927,0.582171694282195,0.180856007911581,2
CACNA2D1,-0.934162681741946,0.350219982519066,0.582190866600639,0.345653229965394,3
HLX,-0.933932773629424,0.350338571762538,0.582298392395589,-0.00263043829538794,3
OAS2,0.93337124404807,0.350628322220972,0.582690328712452,0.24628607985498,3
CNOT3,-0.933168453721269,0.350732999796235,0.582767893490708,-0.200525082844223,3
LRP1,0.933071803885704,0.350782896081891,0.582767893490708,0.0577098477842313,3
WBP11,-0.93288230697123,0.350880738508816,0.582773381459449,-0.404713998853682,2
FCGR1B,0.932719497865122,0.350964815107445,0.582773381459449,0.643185006664737,3
MAGEA1,0.932654827693448,0.350998215112309,0.582773381459449,0.274835118056057,3
MSH4,-0.932647496689752,0.351002001460394,0.582773381459449,0.186814740884444,2
MORF4L1,0.932089808143253,0.351290114712642,0.583095652414489,0.172252387915887,3
TMEM62,-0.931995533302816,0.351338833816422,0.583095652414489,-0.0501858657929096,2
ZMAT5,-0.931958360702862,0.351358044951482,0.583095652414489,-0.130843995346675,4
MON1B,-0.931590014131553,0.351548445755149,0.583322013985732,-0.424800006111014,3
ANKRD2,0.931459628789397,0.351615858469284,0.58334426404319,-0.0107726018836069,3
IDH3G,-0.931247573269429,0.351725514339466,0.583436579529316,-0.0110846876003919,3
ASGR2,0.930693134415155,0.352012322130764,0.583822678282898,0.401783749963062,3
TNR,0.930176206462496,0.352279859115138,0.58407201836398,0.740191103600935,2
ELK1,-0.93014400175721,0.352296530975776,0.58407201836398,-0.00569067283727034,2
TRPV5,0.930089257400138,0.352324872399527,0.58407201836398,0.277736553522594,4
MED22,-0.929866830360676,0.352440038818216,0.584173285148745,-0.0581705195510549,3
C19orf57,0.929717568368175,0.352517335805542,0.584211761486876,0.288023501789994,3
CYP24A1,0.929462045348517,0.352649686151757,0.584341449579886,0.183925546664949,4
LRAT,0.929265543730764,0.352751487238562,0.584420485452599,0.292019531170241,3
GCNT2,0.928996190680721,0.352891060486115,0.584501752081837,0.372069900123779,3
SSX7,0.928962038112996,0.352908760144209,0.584501752081837,0.154619058791888,3
NCBP1,-0.928428853285575,0.353185157399736,0.584788620649941,-0.146775897846101,4
RPL37,-0.928419053182202,0.353190238948363,0.584788620649941,-0.0925181300658656,3
STK17A,0.92764601285978,0.353591221399461,0.585362815870801,0.104227249516319,3
SPP2,0.92740211206031,0.353717794471613,0.58539697509881,0.0185263312864806,3
VAX2,0.92731418149027,0.353763433334386,0.58539697509881,0.324183729922591,3
MMP15,0.927292984921326,0.353774435608686,0.58539697509881,0.38263694083328,3
ARL1,-0.926973236532934,0.353940430189892,0.585532532384668,0.101973397548025,2
ATP8A2,0.926914818031214,0.353970762960989,0.585532532384668,-0.0395215845580758,3
SEMA4G,0.926728067279835,0.354067740995191,0.585532532384668,0.234315577436017,3
KBTBD4,-0.926717592344684,0.354073181034684,0.585532532384668,-0.343775219113489,3
SLC25A10,0.926363427512009,0.35425714362476,0.585628122472773,0.01133659717824,3
COX10,0.926346018569242,0.35426618784709,0.585628122472773,0.108779347168668,3
MYH1,0.926263711224028,0.354308949795397,0.585628122472773,0.152342607326568,3
SHOX2,0.926087781800858,0.354400363078784,0.585628122472773,0.28819974005389,2
RANBP17,0.926001638809234,0.354445128583256,0.585628122472773,-0.0766841450841414,2
GABARAPL2,0.92598019382075,0.354456273350027,0.585628122472773,0.251204540728407,2
ACOXL,-0.925816368420953,0.354541419233286,0.585679218620272,0.0978160023826669,2
ANP32E,-0.925559844572117,0.354674769739922,0.585809917848722,-0.0948857258463823,2
SLC6A6,-0.925334665503974,0.354791852177365,0.585913711545619,-0.0838213257370017,3
ENPP1,0.92480940923482,0.355065055361818,0.58627525649929,0.0344172623855574,3
CDC14A,-0.924521768447817,0.355214723114543,0.586432743249777,-0.147368788127403,4
SMARCA4,0.924186453756601,0.355389247216633,0.586631211557774,-0.0635171162847782,2
PECAM1,0.923993227250979,0.355489842033636,0.586659659287021,0.241274799840036,3
XPO4,0.923944712702118,0.355515101804558,0.586659659287021,0.176206050531069,3
ATP5G2,-0.923808454126594,0.355586052772617,0.586687115022118,0.0564368525754196,2
SIGLEC1,-0.923419042445942,0.355788871894663,0.586932100520181,0.455112090424715,3
DDX3Y,-0.922852744788532,0.356083949544883,0.587329183537003,-1.11609282323226,2
EPHA7,0.922736360248451,0.356144612514944,0.587339557921592,0.192594396392278,2
ZFP36L2,0.922504769813093,0.356265343492005,0.587448975790053,-0.281325026840465,2
EIF3A,-0.922260375933241,0.356392777038795,0.587569410496499,-0.0926638370327212,4
HEPH,0.922114259831501,0.356468979628342,0.587605359063841,0.668885648330023,3
EMILIN1,0.921674889925385,0.356698182041082,0.58772095223698,0.223039009837821,3
ALKBH4,0.921659499109433,0.356706212521896,0.58772095223698,0.25496723731272,3
SEC14L2,-0.921630795728428,0.356721189416883,0.58772095223698,-0.0976575110831613,2
ZFP2,-0.921562669535105,0.356756737994619,0.58772095223698,0.110736342801143,2
HIST1H4H,-0.921369519153188,0.356857536933844,0.587797364129214,-0.270075722289195,3
BLK,0.920775428298083,0.357167686191088,0.588218531214534,0.280797402139968,3
IQCG,-0.920451906751377,0.35733665423385,0.588407094364947,0.09385723419439,2
ENAH,0.919822845318485,0.357665342955773,0.58885856342147,0.440564038376672,3
IL9,0.919651903117334,0.357754694249678,0.588915910893785,0.362748654466073,3
C1D,0.919364540915474,0.357904929801685,0.589027178056244,0.169546184307803,3
KCNJ3,-0.919314021812869,0.357931345747194,0.589027178056244,0.0184577206884061,2
KCNC2,0.918950721375902,0.358121348133244,0.589198667200303,0.0601934008202758,3
OR2H1,0.918906185309613,0.358144644402628,0.589198667200303,0.172583421229134,3
OR52A1,0.918616080814949,0.358296417833356,0.58934872126724,0.125023846507859,3
RND2,-0.91852328674903,0.358344973271916,0.58934872126724,0.175795638407156,2
DOC2A,-0.918225363690182,0.358500892516072,0.58943754075802,-0.0499677781477767,3
RPL37A,0.918203545051003,0.358512313066115,0.58943754075802,0.180527415818048,3
LIME1,0.918107323718387,0.358562681014715,0.58943754075802,0.625602470263434,2
IL1RAPL1,-0.917423878625806,0.358920564729696,0.589882479860868,-0.12985456282883,3
WDR7,0.917381887332004,0.358942560648536,0.589882479860868,0.196660566426601,3
DCHS1,0.917246991326344,0.359013227733838,0.589908866136434,0.18981515002452,2
TNFAIP3,-0.917133922805343,0.359072466934464,0.589916469631342,-0.098850240363352,2
STIP1,0.915791234267367,0.359776401961596,0.59092612303301,0.0694684022986868,2
ZNF334,-0.915753043745081,0.359796436880958,0.59092612303301,-0.31896793068217,3
DCLRE1B,0.915503516611269,0.359927357180189,0.591051278847735,0.178299022448373,2
IL19,0.915273003173498,0.360048328074396,0.591150487952413,0.428180572142933,3
SPTLC1,0.915179844929293,0.360097223729576,0.591150487952413,0.118828450336066,3
BPHL,-0.914917464640727,0.360234960797248,0.591286741609463,0.294692695494319,3
GORASP2,0.914756106243393,0.360319682638678,0.591335948323154,0.173754647530498,3
RGS3,-0.91456801080407,0.36041845865213,0.591403941581161,0.132893954930726,3
THBS1,-0.914468710104637,0.36047061205058,0.591403941581161,-0.338109920684291,2
SNRPE,-0.914346376485012,0.36053486900573,0.591419537585406,0.0238854823379242,2
MICAL3,-0.9141723301691,0.360626300958659,0.591479699811028,-0.195257809166326,2
VIP,0.913619023516215,0.360917066826372,0.591866730811974,0.147626096775495,3
C11orf1,-0.913047695660645,0.36121745722427,0.592197113646853,0.243330018955983,3
SIGLEC8,0.912977668622643,0.361254286534179,0.592197113646853,0.0661929560256459,2
ARSJ,0.912923073833364,0.361283001197256,0.592197113646853,0.256941472939049,2
STX6,-0.912786886707511,0.361354636385211,0.592224667308914,-0.00888319254193767,2
RPRM,-0.912632057882041,0.361436088028612,0.592268298374555,-0.36383819467454,3
CLIC4,0.912473879599,0.361519313625663,0.592287148650989,-0.0513283774793513,2
FCGR2C,0.912401777742635,0.361557254045975,0.592287148650989,0.562412548387675,2
TEAD4,-0.912154987073069,0.361687135638555,0.592352818446997,-0.185561773810038,2
MTRF1,0.912117216253347,0.361707016337381,0.592352818446997,0.375012479999779,2
OPRL1,-0.911873618290239,0.361835250758069,0.592472999649637,0.470735192249067,3
SPRR1B,0.911468316206547,0.362048672313795,0.592732609629224,0.11379160114226,4
APOH,-0.911073187283886,0.362256812859681,0.592983496364642,0.168784542032542,2
TAT,0.910906457407895,0.362344663000075,0.59303743177679,0.241434488338339,2
GPBP1L1,-0.910153055899419,0.362741797383983,0.593561501904521,-0.0399155066070145,2
NAP1L2,-0.910020937957386,0.362811467710813,0.593561501904521,0.0693280536906881,2
RLBP1,0.909986334951078,0.362829716448394,0.593561501904521,0.237887452636167,4
S100A14,-0.908920463188061,0.363392111305982,0.594359142107271,-0.0103206931319167,3
APOBEC3B,0.908853729600731,0.363427340642337,0.594359142107271,0.521065692564333,3
IL17RA,0.908527467495406,0.363599608470641,0.59455085841657,0.0142051977334201,2
FGF2,0.908162130839444,0.363792568445429,0.594776346957397,0.206077078593849,3
SP140,-0.907593064433606,0.364093259972538,0.595114273701611,0.135556003521721,2
SPCS1,0.907562440438842,0.36410944592612,0.595114273701611,0.176195383097667,4
CAMK1G,-0.907423851684021,0.364182701013044,0.595143954060954,0.178481982336175,3
CCIN,-0.906692574224765,0.364569391381592,0.595685760959607,0.0443731297377374,2
GPR21,0.906540164265967,0.364650016158998,0.595727385745538,0.0735908339292955,4
CCL1,0.906360350448958,0.364745151886091,0.595792700842818,0.287140973293918,3
PDE10A,-0.906133692682802,0.364865093857796,0.595825966640569,0.0223632069294612,2
TCF3,0.906080511498575,0.364893239661123,0.595825966640569,0.230518389825658,2
ING4,-0.906009179447847,0.364930993824662,0.595825966640569,-0.319170835353721,4
MYLPF,-0.905747248737724,0.365069647735896,0.595962269131501,-0.486427383754068,2
IFITM2,0.905315103808032,0.365298477035206,0.596245716067437,0.0810137263764437,3
FOXG1,-0.90492347649893,0.365505928794426,0.596494189883274,-0.0547542068061635,2
FGF22,0.9045966387032,0.365679116719311,0.596609172125122,0.0201393104820797,2
PHB,0.90458205119671,0.365686847680099,0.596609172125122,0.185773042508084,3
TOR1A,0.904294110849194,0.365839468700469,0.596764617636556,0.212257305862537,2
FLT1,-0.90417517388896,0.365902522108251,0.596764617636556,-0.374581669104223,2
ZNF254,-0.904089653823094,0.365947864027453,0.596764617636556,-0.220618290312609,3
CCDC7,-0.9038193647672,0.366091191744103,0.59685654338031,-0.117747973291992,2
KLHDC4,0.903774957408776,0.366114743236246,0.59685654338031,0.0108260470904451,2
GGPS1,0.903432141584945,0.366296587805175,0.596946651631444,0.217261493426073,3
AICDA,-0.903327604286157,0.366352050186877,0.596946651631444,0.0865690840899799,2
MAGEL2,-0.903291990050358,0.366370946555976,0.596946651631444,0.0852762108384717,2
OGDH,0.903254070989012,0.36639106649847,0.596946651631444,0.105489719735915,3
ROM1,-0.90307860372636,0.366484178810295,0.597008309381513,0.164984473847342,2
EMCN,0.902628854420825,0.366722907220417,0.597307123612024,0.339010492753413,3
SLC38A1,-0.902276380224894,0.366910069435222,0.597470836259934,-0.351308110030565,3
AATF,-0.902123251497128,0.366991398651751,0.597470836259934,-0.253720806155789,2
EGFL7,-0.902095526007993,0.367006125321935,0.597470836259934,-0.0277967485778474,3
TRAM1,0.901978028551245,0.367068539356445,0.597470836259934,0.0577306452355076,3
TOP3A,-0.90191885234173,0.367099975954192,0.597470836259934,0.0578562205295039,2
PIP5K1B,0.901269881537264,0.367444843415502,0.597828892713932,0.231702815437172,3
CPSF6,-0.901242596891129,0.367459347080476,0.597828892713932,0.051397898719542,2
CXCL5,-0.901192445353145,0.367486007000603,0.597828892713932,0.0983083088122898,3
NR1I3,0.900694048064535,0.367751014150345,0.598109303758438,-0.0231447504977375,2
ETHE1,-0.900660011403574,0.36776911641951,0.598109303758438,-0.0707912273287212,4
SRCAP,0.900172127944616,0.368028656374513,0.598432544283886,0.0478504950591219,3
SLCO1B3,-0.900078131532112,0.368078672858928,0.598432544283886,-0.233991530135067,2
G6PC2,0.899502469354094,0.368385081103226,0.598840578792633,0.304942250975419,3
ZNF696,0.899260568026281,0.368513885505922,0.59895982414008,0.438268067461533,2
DNAJC3,0.898879092393301,0.368717065517667,0.599199900966126,0.0479568411266859,3
ANKMY2,-0.898772890608709,0.368773642683794,0.599201697994938,0.017061657054427,2
ASTN2,-0.898455175068509,0.368942932394422,0.599386607869536,0.287259354759383,2
TFF3,0.898270056829375,0.369041592010416,0.599456733367897,0.17859549645207,3
MBD3,0.898097541273336,0.369133549738216,0.599515953130688,0.164734416264664,3
CLEC1A,-0.897827744156957,0.36927739101522,0.59965940735815,0.219146297959213,2
FOXL1,-0.897365081254687,0.369524139046982,0.599969900794453,-0.00662161182671334,2
ADAM17,-0.896878878353754,0.369783551882057,0.600289660495395,0.0534053282318893,2
RAP1A,-0.896787677352751,0.369832224643294,0.600289660495395,0.019339327686721,2
LZTS1,0.896342646961158,0.370069788551934,0.600585014413761,0.308505460713302,3
CLIC5,0.89580256673646,0.370358218799169,0.600962818006403,0.60759146337134,3
FAM49A,-0.895639223005,0.370445480132608,0.60101412982764,-0.0398615114573335,3
CLPB,-0.894524316994506,0.37104142510487,0.601890595281996,0.0853246292089359,3
PSMD12,-0.893992464996892,0.371325922717117,0.602122006052769,-0.176253394994902,3
FRMD4A,0.893991983043032,0.371326180584641,0.602122006052769,-0.104975285808263,2
CCR8,0.893945025224804,0.371351305714085,0.602122006052769,0.285039749146121,2
DNAJB12,0.893595705498323,0.371538244934196,0.602334702353172,-0.0536651619912677,2
HSPB8,0.893276274230496,0.371709240365565,0.602521490760629,0.034694835997503,2
RBM3,-0.892521284392472,0.372113589547783,0.603086420749461,-0.136242273095984,4
GATAD2A,0.891042081729963,0.372906594783164,0.604151825697496,0.0655166766634648,2
ARL4C,0.890859697239065,0.373004444123221,0.604151825697496,0.504022061024162,2
ATP5G3,0.890772991303913,0.373050967462438,0.604151825697496,0.2301758427756,3
TIMM8B,0.890761811464163,0.373056966430709,0.604151825697496,0.308919706752358,3
STRA6,-0.890399651159649,0.373251329630124,0.604151825697496,-0.478273961099018,3
NBR2,-0.890238917825663,0.373337611639832,0.604151825697496,-0.206313771513568,3
FAAH,0.890160260831012,0.373379839388331,0.604151825697496,0.0491130513227388,2
MAFG,0.890040240818279,0.3734442789606,0.604151825697496,0.00174473991596071,2
ARMCX6,-0.890028373549849,0.373450650952824,0.604151825697496,0.0851039514454916,2
PLA2R1,-0.889949158065771,0.373493186512801,0.604151825697496,0.111069627807286,2
ACSBG1,0.889931007513922,0.37350293305852,0.604151825697496,0.290689536372822,3
COL4A5,0.88991755278084,0.373510158128944,0.604151825697496,-0.100815481588352,3
SNX6,-0.889915982265161,0.37351100148735,0.604151825697496,-0.324126558365203,2
STAB1,0.889713773938299,0.373619596108298,0.604151825697496,0.369826345451656,2
ANK1,0.889434521257697,0.373769599004487,0.604151825697496,0.413986101123725,2
DUSP22,-0.889393214636316,0.373791790362718,0.604151825697496,-0.249961630559482,2
DGAT1,0.889283747114835,0.37385060407785,0.604151825697496,0.214809175317464,3
S100A13,-0.889133612478649,0.373931276362149,0.604151825697496,-0.00394626807774973,2
HTR1A,0.88905938604392,0.373971164648464,0.604151825697496,0.101445461356681,3
GDI2,0.889054787451493,0.373973635956694,0.604151825697496,0.0355246854651313,3
FAM134C,-0.888985052982777,0.374011112872436,0.604151825697496,-0.0643540876392589,4
MLNR,0.888946040529612,0.374032080080211,0.604151825697496,0.250827323465344,3
ATP1A2,0.888899038613577,0.374057342183379,0.604151825697496,0.082275519082696,3
SUCLG1,-0.888494912938692,0.374274591016844,0.604271868847102,-0.0720239642615475,3
CITED1,-0.888337113394139,0.374359441667766,0.604271868847102,0.10766196121198,2
DBF4B,0.88830278272283,0.374377903244595,0.604271868847102,0.219035204600303,3
KRTAP5-8,0.888176079156717,0.374446043914053,0.604271868847102,0.295803310659171,3
MAP1LC3C,-0.88814000372527,0.374465446538901,0.604271868847102,-0.000262482981747824,2
CTCF,-0.888136537759273,0.374467310688993,0.604271868847102,-0.039144805765513,3
EXOSC10,-0.887850471329933,0.374621189671997,0.604429886607456,-0.055671689567864,3
C10orf2,0.887564688317927,0.37477495523073,0.604534659996776,0.209417462614506,2
TSPAN9,-0.887521757401528,0.374798057581782,0.604534659996776,0.191916811682746,2
REN,-0.887189273212074,0.374977006617663,0.60466205527574,0.106538593793054,2
COG7,-0.887167005211573,0.374988993546767,0.60466205527574,0.218818158611837,2
PIGP,0.886874696773774,0.375146365981229,0.604767285184112,-0.0428722110236599,3
KCND2,-0.886837812724665,0.375166226441283,0.604767285184112,0.0614558501721468,3
ABCA2,-0.886636754287871,0.375274499108094,0.604851557649303,0.0164178695423404,2
HDAC1,0.88642155889734,0.375390406100835,0.604905817605167,0.078124252474939,4
MTRF1L,0.8863663181409,0.375420163046199,0.604905817605167,0.0560669147792853,3
TNFRSF9,0.885897331918527,0.375672854003931,0.605222694847198,0.475553980239818,2
DGKE,-0.885386311001616,0.375948312908212,0.60555131734119,0.0798822103413468,3
HOXD13,-0.885130258512087,0.376086381415568,0.60555131734119,-0.17021819512678,2
HPD,0.885082641180282,0.37611206106281,0.60555131734119,0.118643452141159,4
RPS6KB2,-0.88499948786773,0.37615690757626,0.60555131734119,0.0542494416429341,3
NAIP,0.884999071848702,0.376157131953285,0.60555131734119,0.441264007185895,3
DOK3,0.884333868508617,0.376516010503171,0.606031266215143,0.598757099628119,2
MTHFD1,-0.8841944826632,0.376591236211221,0.606031266215143,-0.034074968267179,3
BIN3,0.884094358568241,0.376645278309211,0.606031266215143,-0.0776412395184751,2
PRDM10,-0.884030623892745,0.376679681667142,0.606031266215143,0.160959589109251,3
EHMT2,-0.883311264826626,0.377068119097839,0.60656587081085,0.254562148248757,2
DAZAP1,-0.882894769857302,0.377293129708419,0.606837460856216,-0.149502100670315,3
MRTO4,0.882375750908537,0.37757364452233,0.607171903738087,0.047099073798026,2
RC3H2,-0.882298576766512,0.377615365900568,0.607171903738087,-0.0325048256839723,3
GALNT2,0.882198093500398,0.3776696927621,0.607171903738087,-0.0895006215712886,2
MRPL28,0.882000198363675,0.377776699999696,0.607253558541178,0.161712301243144,4
KERA,0.881776370433691,0.377897752309034,0.607357762303554,0.531525104518238,2
AGBL3,0.881520939259391,0.378035925715965,0.607358214546596,0.131984065745835,4
ATG10,-0.881517591063543,0.378037737101765,0.607358214546596,0.102389381726709,3
RABGGTA,-0.881464032736964,0.3780667130727,0.607358214546596,-0.134730888421263,2
HSPA9,-0.88126108515186,0.378176523601048,0.607444283708329,-0.000573410123576774,3
LCMT1,-0.881131368188845,0.378246720920198,0.607466708203981,-0.0924157901145723,2
NDOR1,0.880920336942074,0.378360939226183,0.607559813515866,0.353305516498255,3
VAMP8,-0.880124218967538,0.378792020345607,0.608161623628603,0.070623861602649,3
TRIM14,-0.879351717748287,0.37921060233461,0.608696381190718,-0.0187477541219479,2
ESRRG,0.879301554069834,0.379237793502456,0.608696381190718,0.237718624411491,3
NKX3-1,0.879142513849001,0.379324009011955,0.608744309218115,0.0703081220585746,3
PPCS,0.87872669702396,0.379549479767702,0.60901566851615,0.155037193031095,3
ZG16,-0.878331885143857,0.379763637152303,0.609235568695822,-0.118998678604543,3
TLR1,0.878265665068192,0.379799564111021,0.609235568695822,0.283202935816862,3
SRC,-0.878162155465547,0.379855726269798,0.609235568695822,-0.170435814546388,3
PLA2G6,-0.87791249691887,0.379991206813984,0.609362383611142,0.0579030470089941,2
SCN5A,0.877641404461133,0.380138352387712,0.6094511166563,0.109184779007176,2
GZMB,0.877538008543082,0.380194483614494,0.6094511166563,0.298863980677452,3
SLC8A2,0.877498744779145,0.380215800328347,0.6094511166563,0.137155348083113,3
FAM90A1,0.877158939015241,0.380400315163867,0.609527844552305,0.170680145762216,3
SMAD6,0.877140358737907,0.38041040585727,0.609527844552305,-0.00644470716157732,2
SERPINB7,0.877098848315195,0.380432950191783,0.609527844552305,0.104932137634757,3
LMF1,-0.876874551161416,0.380554780305431,0.609558458357451,-0.0197118445424134,2
EXOSC4,-0.876725136326692,0.380635950346542,0.609558458357451,0.151794639700175,3
EYA1,0.876632908559687,0.380686058655354,0.609558458357451,0.205428704509021,2
RAB30,-0.876505056508527,0.380755528710723,0.609558458357451,-0.103868445008352,2
KPNA4,0.876495585783639,0.380760675060544,0.609558458357451,-0.0563385014930501,2
LZTFL1,0.876440446238969,0.380790638492509,0.609558458357451,-0.00858093952475628,3
LMAN1L,0.876135677498372,0.380956279281876,0.609650089705316,0.00779806645600104,2
APOBEC3G,-0.876108439044143,0.380971085443946,0.609650089705316,-0.112035515800745,3
REEP2,-0.876023614244328,0.381017196408127,0.609650089705316,0.0681817264065204,2
PEX10,-0.875614124834974,0.381239844027658,0.609900571912341,-0.159520099916467,3
VN1R1,0.875332728963639,0.381392890904443,0.609900571912341,0.0579004717265095,2
CSPP1,0.875274170017041,0.381424744952262,0.609900571912341,0.532671072017353,2
ZNF337,-0.875213775019228,0.381457599458952,0.609900571912341,0.0412389505375179,2
HAX1,-0.87521297186829,0.381458036379815,0.609900571912341,-0.127372876150347,3
BCAN,0.87502076324779,0.381562608316959,0.609900571912341,0.180034449351275,2
RNH1,0.875009062504305,0.381568974725384,0.609900571912341,0.0328014510932913,2
C10orf88,0.874022430354641,0.382106038590574,0.610668653477642,0.287374145075205,2
HIST1H2AH,-0.873813577913291,0.382219784863103,0.610700960641176,-0.00811980410550447,2
DUSP10,0.873777702542768,0.382239325578133,0.610700960641176,0.235262578011108,4
MUM1,-0.873315850990239,0.382490943105048,0.611012595004545,0.0503296089106356,2
ARFGEF2,-0.872532167525146,0.382918127463821,0.61160455609407,0.205496460771791,2
PEA15,0.872298881045038,0.383045347919108,0.611717304586369,0.0970164763222586,3
ARHGEF6,-0.872103424708029,0.383151958017173,0.611793988908293,0.137859240221852,3
ZNF253,0.872003184405516,0.383206640340077,0.611793988908293,0.171158916224193,3
TMED10,0.871640924565788,0.383404297406704,0.611905857668699,0.00712339004868708,2
HTR7,0.871515591348462,0.383472696546362,0.611905857668699,0.172185031542818,3
NOX1,0.87146000533898,0.383503034353577,0.611905857668699,-0.0854605457054473,3
C9orf3,0.871344749296924,0.383565943634406,0.611905857668699,0.175552368230957,3
DUSP6,0.871315299017869,0.383582019257442,0.611905857668699,0.189844762995256,2
ADAMTS12,0.87125090880407,0.383617168504095,0.611905857668699,0.620635404752995,2
GCKR,-0.871148192393386,0.383673243287363,0.611905857668699,-0.243339974379426,3
VARS,0.870695262044284,0.383920566164219,0.612209913744596,-0.00572617460795944,2
SOAT1,-0.870036163615615,0.384280641505155,0.612595647710552,-0.328007640091094,3
GNAI1,0.869950052894503,0.38432770033727,0.612595647710552,-0.225718348308424,2
PTH,-0.869907999696041,0.384350683360864,0.612595647710552,-0.240119673347227,3
ANP32D,-0.869811034789428,0.384403680078643,0.612595647710552,-0.13333309895762,3
CYP4F3,0.869733575926469,0.384446018869638,0.612595647710552,0.492060645979709,3
SLC17A5,0.869364716753938,0.384647675360985,0.6127685253831,0.33433978217285,3
METAP2,-0.869295603541096,0.384685466970575,0.6127685253831,0.219172148162156,2
C10orf12,-0.869146734111095,0.384766877575,0.6127685253831,-0.185801379013403,4
PWP1,0.869078101102775,0.384804413708908,0.6127685253831,0.0836742341966625,4
MID2,-0.868977309485841,0.384859541791807,0.6127685253831,0.0240039427247577,2
OASL,0.868912712977059,0.384894875460501,0.6127685253831,0.358821826847263,3
ANXA11,0.868697160568679,0.385012794904354,0.612865931411263,0.236493196364911,2
GPX2,0.868299912737997,0.385230169939904,0.613121599482959,0.234302303212507,3
DBF4,-0.868194515299574,0.385287856277806,0.613123073587633,-0.196329557666466,3
RBM23,0.867709948008373,0.385553138544472,0.613454853816083,0.0908050224484717,3
HIVEP2,-0.867377107747411,0.385735420635511,0.613489696944238,0.0319876652386495,2
XRCC1,0.867319998986185,0.385766701902895,0.613489696944238,-0.14079461382452,2
ALOX15B,0.86731948524632,0.385766983310429,0.613489696944238,0.46663466322759,3
AMELX,0.867255170347591,0.385802213603241,0.613489696944238,0.143976155245245,2
MRPL48,-0.867016470737962,0.385932985201803,0.613607316183379,0.134153987497768,2
C6orf48,0.865900352243696,0.386544809936302,0.614489630159224,0.000104407684544939,3
REL,-0.865773136056982,0.386614583829041,0.61451011396723,0.0162404406048158,3
ATP6V0E2,0.86562894157385,0.38669367905105,0.614545405489104,0.229712779773605,3
GMCL1,0.865452865367027,0.386790275793043,0.61460849648668,0.0215065403939573,3
PALM,-0.865134651182196,0.386964887849955,0.614746177117184,-0.197510419206795,2
ALDOB,0.86508754028045,0.386990742862141,0.614746177117184,-0.0941885565462105,3
PRRX1,0.864798093295723,0.38714961786723,0.614908127069816,0.317376419886364,3
SLCO5A1,0.864580893234519,0.387268863267495,0.614947360202962,0.156757757819292,2
DNAJC11,0.864545717397895,0.387288177324639,0.614947360202962,0.202554867455223,2
DHRS2,-0.864360671684934,0.387389790364893,0.615018300341207,0.27973196211072,2
CEACAM3,0.86406484063692,0.387552272053529,0.615185840223691,0.303482406560804,3
SNAP29,-0.863796091423235,0.38769991537502,0.615329780470315,-0.118704249770224,4
WNK1,-0.86290721697723,0.388188482364215,0.615957078863791,-0.13832635603859,3
GRP,-0.862786450747751,0.388254890063774,0.615957078863791,0.306934982580188,2
NAE1,-0.862765840868683,0.388266223845913,0.615957078863791,-0.126250008694629,3
ZC3H14,0.862401944196055,0.38846637105096,0.616184102803594,0.0110999167456233,3
GFOD1,0.862239240902377,0.388555879990444,0.616235591786342,0.0262062514599301,3
STK17B,0.861975927044957,0.388700765030148,0.616374877254207,0.143846064835461,2
CENPJ,0.861683518849717,0.388861697392281,0.616539564836551,0.150420114852026,2
IFI35,0.861520268631168,0.388951562868397,0.616591544189085,0.26894042266168,2
RBCK1,0.861219173806756,0.389117341771983,0.616680985966059,0.192144407938934,3
SFPQ,-0.861210419188568,0.389122162594395,0.616680985966059,-0.0360628116913742,2
SCARB1,-0.861100386027476,0.389182756608942,0.616686539077276,0.0635717746292435,3
TEAD1,-0.860818799203793,0.389337849427753,0.616841808377617,0.124007383839458,2
NIPSNAP1,-0.860421145778658,0.389556933623617,0.617098401085541,-0.0064050931579861,2
KLK11,0.86014606352279,0.389708532016408,0.617248029742116,0.329662815740683,3
TTPA,0.859996272891672,0.389791097025038,0.61728829058268,0.0028358240050073,3
GREM1,-0.859772584012262,0.389914414753978,0.617393067747357,1.0183613516041,2
PFDN2,0.858879441775105,0.390407032686462,0.618082480885118,0.142128416360822,3
CACNA1G,0.858442159452517,0.390648356219423,0.618357064614982,0.458491384457967,3
PAXIP1,-0.858267130820302,0.390744974877639,0.618357064614982,0.0447121876727558,2
PSMD10,0.858254033436671,0.390752205430649,0.618357064614982,0.133235885944062,2
ZNF768,-0.857847185187872,0.390976850903725,0.618573273024912,-0.0143082434875468,3
STAG2,-0.857799182514098,0.391003361249222,0.618573273024912,-0.0941579852584834,3
EDF1,-0.857662549995547,0.391078825006371,0.618602059996899,-0.147398908504119,4
AMOTL2,-0.857241754561278,0.391311290862741,0.618879145519668,0.0684886113883541,2
TRIM28,-0.857077145003819,0.391402251225468,0.618932384385522,-0.186317647930268,3
RDH11,0.856774699555264,0.39156941074346,0.619106085311893,0.410055695203821,2
SNRPF,0.856414124130448,0.391768754909869,0.619284995030318,0.198152779432842,3
LIPF,0.85636263098749,0.391797227924199,0.619284995030318,0.570136745393181,3
PTX3,0.856170008366602,0.391903749290161,0.619362735893537,0.202957480046664,3
NR0B1,-0.856056605616323,0.391966469849493,0.619371241561472,-0.294357500699865,3
CIDEC,0.855858550925405,0.392076024133232,0.61937826393397,0.171265143261083,3
MOGAT2,0.855841254846533,0.392085592369976,0.61937826393397,0.228247706350803,3
APBA2,0.855716068296789,0.392154850124059,0.619397088907748,0.509058844254789,3
LOC284009,-0.855377241595086,0.392342338599449,0.619486248009139,-0.211238414788963,4
SLC37A4,0.855355276303916,0.392354494886179,0.619486248009139,0.423212476369191,3
BAIAP2L2,-0.855206876222546,0.392436630168022,0.619486248009139,0.300876730555723,3
PEX19,-0.855025081798922,0.392537262488818,0.619486248009139,-0.100685993631797,4
ACVR2A,0.85500320879078,0.392549371348923,0.619486248009139,0.237018958627025,3
SCUBE3,-0.854992329570095,0.39255539415132,0.619486248009139,0.317789228830672,3
ZNF556,-0.854662148972246,0.392738210778391,0.619568129548547,-0.195635807377775,2
FAH,0.854530524405342,0.392811103943525,0.619568129548547,-0.00866912663350655,2
AMBRA1,-0.854409599315119,0.392878079007371,0.619568129548547,-0.126799912371441,3
SAMHD1,0.854360708372214,0.392905159504737,0.619568129548547,0.505818590472744,2
L2HGDH,-0.854292400491616,0.392942996860356,0.619568129548547,-0.239832281386541,2
TBL1Y,-0.854277191926835,0.392951421545741,0.619568129548547,-0.349434717549985,2
PEF1,-0.854141963919392,0.393026335032918,0.619595807213308,-0.172047292652003,3
MAF,0.853777719868863,0.393228161660896,0.619778155460323,0.171234494984839,3
ALDH18A1,0.853723756509414,0.393258067949318,0.619778155460323,0.214263063076004,3
APLP1,0.853550093228486,0.393354320830256,0.619778155460323,0.324366791904364,3
VAPB,-0.853329608667528,0.393476544965255,0.619778155460323,0.126425175800019,3
ARHGAP17,0.853278330482811,0.393504973978806,0.619778155460323,0.0703049341673429,3
CABP1,0.853246720882366,0.393522499200176,0.619778155460323,0.163655005627602,3
ITIH4,0.853133654764692,0.393585189997183,0.619778155460323,0.301934833604159,3
SBNO1,0.853105118205587,0.393601013373247,0.619778155460323,0.349828520826819,2
CDH15,0.852961840609653,0.393680465889823,0.619779296343118,0.0979752757890923,2
ARID1A,0.852896882615721,0.393716490604191,0.619779296343118,0.197770192813348,3
PSMD5,0.852678619683573,0.393837550522946,0.619879530926543,-0.131838055144811,2
KPNB1,-0.852180349277623,0.394114001510493,0.620182901607369,-0.0893510380912824,2
PRRG2,0.8520906120231,0.394163802119597,0.620182901607369,0.5846301080481,3
AREG,-0.851938597961514,0.394248172570333,0.620182901607369,0.0683688454857039,3
RHCG,0.851917378692099,0.394259950503407,0.620182901607369,0.502929056220387,3
KLK10,0.851788662604162,0.394331400008159,0.620204977124073,0.379257321287274,2
HOXA10,-0.851463635423159,0.394511855454024,0.620337201264196,0.0644031927350025,3
DYNC1LI1,-0.851383427615174,0.394556394600512,0.620337201264196,-0.109673554818984,3
NUP88,0.851326959158747,0.394587753183326,0.620337201264196,-0.0485892147404763,2
GPX5,-0.851014692211092,0.394761191356004,0.620509597034182,-0.182688451572945,3
SEC22B,-0.850922690123138,0.394812299612658,0.620509597034182,0.0908338874115332,2
HIBCH,0.850160301725967,0.395235969403199,0.621085094776455,0.406180207844574,2
CTDSPL,-0.849992458121726,0.395329279315171,0.621134506683217,0.103175214867653,2
RFPL2,-0.849799001235068,0.39543684502886,0.621134506683217,-0.13109753556943,4
PCGF3,-0.849743460056947,0.395467730249371,0.621134506683217,0.0231965099468126,2
MOCS3,-0.849690070154379,0.395497420567225,0.621134506683217,0.123640025215929,2
HOXC13,0.849462265542763,0.395624118669513,0.62115096266054,0.333470988320758,3
TERF2IP,-0.849354493552421,0.395684066766909,0.62115096266054,-0.0918442527678341,2
NTSR2,0.849167374301706,0.395788164760124,0.62115096266054,0.162813976385319,4
AKR1A1,0.849155843667326,0.395794580012129,0.62115096266054,0.220126268645811,2
NHLH1,-0.849154342360383,0.395795415292769,0.62115096266054,0.38052555492455,2
ODC1,-0.848930224846546,0.395920119273762,0.621203441981702,-0.324926706166151,3
GNLY,-0.848829696735537,0.395976063064691,0.621203441981702,-0.00109345939631434,2
GSTTP1,0.848784207203257,0.396001379511757,0.621203441981702,0.0579669758176515,3
NEUROD6,0.848243944247924,0.396302128668484,0.621537476113848,0.280801351646704,3
PCF11,0.848181773595668,0.396336746163134,0.621537476113848,0.246585486770242,3
ANKRA2,-0.848091643520309,0.396386935099824,0.621537476113848,-0.127508307511606,2
SSBP3,0.847403274143574,0.396770380156903,0.621970847087085,-0.0570112956355491,2
HIST1H2AB,-0.847322526809095,0.396815373819863,0.621970847087085,-0.167462030634625,3
HIST1H2BJ,0.847285411435992,0.396836056112219,0.621970847087085,0.121057431314114,2
LHX3,0.84702595607933,0.396980654031786,0.622107213818563,0.149106551921293,3
ITGA2B,-0.846620742433688,0.397206548560022,0.622370922185286,-0.0946482379144325,2
TRO,-0.845678770801372,0.397731969163515,0.623076552869642,0.272231192627985,3
CNTNAP1,-0.845604353256916,0.39777349623536,0.623076552869642,0.145245292149838,3
OPA1,-0.845473918219769,0.397846288939717,0.623076552869642,-0.0773039871727953,3
SHQ1,0.845399866332684,0.397887619116348,0.623076552869642,0.0521408158300031,2
AMPD1,0.845029322837447,0.398094467405967,0.623310108264857,-0.147235476700722,3
PRCC,-0.844216462104275,0.398548457109882,0.623877690257106,0.00288662593762688,2
LITAF,0.844027417400477,0.398654084872201,0.623877690257106,0.0660959937164566,3
MTAP,-0.843905403769304,0.398722268315295,0.623877690257106,0.116515959097277,2
ERCC1,-0.843903393742687,0.398723391613625,0.623877690257106,-0.0737365441812095,3
CTLA4,0.84386338939922,0.398745748336888,0.623877690257106,0.202295940637702,3
GANAB,0.84364064491223,0.398870244541427,0.623978572568639,-0.012833119896871,2
ANXA9,0.843541338172177,0.39892575654129,0.623978572568639,0.218760352839897,3
ZNF230,0.843176607239437,0.399129679318379,0.624207151584933,-0.0315746903454987,3
PPP2CA,0.842396491608761,0.399566056170268,0.62476734705501,0.0547283184129677,3
DNMT3B,0.842206017597034,0.39967264606478,0.62476734705501,0.390832214148389,2
TNNT3,0.842016707554732,0.399778601542027,0.62476734705501,0.348015355473616,3
WDR91,-0.841826810756207,0.39988490239203,0.62476734705501,-0.197035434340491,2
GUK1,-0.841664273698638,0.399975901243976,0.62476734705501,0.0475203965744203,2
NFS1,-0.841615450107919,0.400003238307815,0.62476734705501,-0.0112742239635242,2
MOS,0.841593711877107,0.400015410232092,0.62476734705501,0.219108397893757,3
POLR2D,0.841583027990512,0.400021392560367,0.62476734705501,0.0248884719129282,3
RNPEP,-0.841574351242601,0.400026251052338,0.62476734705501,-0.00734249561576311,2
GPR37L1,0.841502902098361,0.400066259912933,0.62476734705501,0.0945441806652183,3
LIN7A,-0.841104363395774,0.400289470878542,0.625025565832611,-0.23614393416003,2
CD177,-0.840912262344861,0.400397088316366,0.625035154222965,0.240765467591406,2
LPO,0.84087555147361,0.400417656189392,0.625035154222965,0.162878170777769,3
LZTR1,0.840783557064653,0.400469200368185,0.625035154222965,0.183880822397267,2
MYH11,-0.840525181261415,0.400613988843896,0.625170804318371,-0.215447242817998,3
PCM1,-0.840274344459599,0.400754582702931,0.625253842671619,-0.15404588846399,3
ZNF701,0.840223710258469,0.40078296673378,0.625253842671619,0.216015761494639,3
UXS1,0.839452065612474,0.401215677246244,0.625838519222227,0.306725120224858,3
LSM6,0.839304083998656,0.401298692046309,0.625877630881349,-0.00321510399503056,3
PPP2R3C,0.839132218942107,0.401395117933805,0.625937644567773,0.110416023810425,2
TMEM41B,-0.83896220240532,0.401490520382297,0.62599604520346,0.0270632140864874,3
ZNF385D,-0.838540158675781,0.401727403254034,0.626228872610496,-0.0384272956238041,2
RPUSD2,-0.838378205675865,0.401818325792294,0.626228872610496,0.14466860099428,2
TPD52L2,-0.838302509929153,0.401860826611123,0.626228872610496,-0.206008338384414,3
GULP1,0.838281539270371,0.401872601464031,0.626228872610496,0.0402915305335783,3
CAST,-0.83817982826772,0.401929714294443,0.626228872610496,-0.209735447232429,2
LRRFIP1,-0.837855838256789,0.40211167384023,0.62642202203954,-0.00424128668349722,2
LPAR1,-0.837268405674911,0.402441714208204,0.626724836997455,0.00330711154815639,2
MASP1,0.837081585146416,0.402546710609457,0.626724836997455,0.355635382142347,3
IPO9,0.837022558814751,0.402579887853,0.626724836997455,0.0427111376931722,3
SMYD3,-0.837007773461307,0.402588198591816,0.626724836997455,0.189998331773532,3
ELF1,0.836993622343544,0.40259615292773,0.626724836997455,-0.178540996305724,3
LECT2,-0.836864318750075,0.402668838773607,0.626747665192004,-0.116423327954139,2
TBR1,0.836601850521318,0.40281640507274,0.626887020255832,0.317574413398491,3
ADH7,0.835182098123083,0.403615187572895,0.628039650844484,0.50400277748405,3
SLC5A4,0.835043609501072,0.403693154917375,0.628070496819456,0.159515031775988,3
PLA2G4C,0.834736038328025,0.403866345852069,0.628249462542345,0.314372771964618,3
PKMYT1,0.83451391437054,0.403991449779867,0.62826145012621,0.395419312406138,3
ZNF232,-0.834463996528338,0.404019567535137,0.62826145012621,-0.168337226665376,3
USH2A,-0.834412569243935,0.404048536754933,0.62826145012621,0.0792187523407817,2
GTF3C3,0.834228545741188,0.404152208201661,0.628332203942767,0.0430471456486049,2
NDUFA13,0.833845884482367,0.404367835137061,0.628456176702645,0.103334817204555,3
PTMS,0.833819388385231,0.4043827680494,0.628456176702645,-0.0616411309430198,3
RNF167,-0.833777302133091,0.404406488081844,0.628456176702645,0.0639175683317428,2
RPS7,0.83362738567283,0.404490988548366,0.628497073978632,-0.0106885629650445,2
RNF5,-0.833004265341429,0.40484232371493,0.628890288350382,-0.118197757065871,3
FGG,0.832841834729931,0.404933937261383,0.628890288350382,0.358029767211879,2
KCTD5,0.832832409265314,0.404939253759511,0.628890288350382,-0.00182487107497908,2
GNG3,-0.832762763453824,0.404978539251858,0.628890288350382,-0.221340657297229,3
ODF2,-0.832606597001373,0.405066637196249,0.628890288350382,-0.375071864129683,3
C8orf4,0.832475815702561,0.405140423466206,0.628890288350382,-0.103373811224987,2
VRK2,-0.832401916794628,0.405182120477911,0.628890288350382,-0.0138035044412937,3
CD244,0.832352839187695,0.405209813638091,0.628890288350382,0.36010742414173,3
C17orf62,0.832125351551424,0.405338193505311,0.628999161937132,0.0531997422450244,4
GRWD1,-0.831875524463565,0.405479208370562,0.629127608276187,0.0592592490451794,2
CLIP2,0.831568369767665,0.405652621965526,0.629306279257736,0.151538731547881,3
UBTF,0.831418062592368,0.405737498630141,0.629347567519068,0.254480053595649,2
ASCC2,-0.830501187808083,0.406255476542328,0.629947545927337,-0.0790550217759318,3
CASS4,-0.830376804458768,0.406325775889144,0.629947545927337,-0.143114522177736,3
GIMAP6,0.83033675562869,0.406348412349984,0.629947545927337,0.0172511231135998,3
USP7,-0.830256880793971,0.406393561573759,0.629947545927337,-0.232862603916078,3
CHIC2,0.830071462484832,0.406498380754137,0.629947545927337,-0.0484215115594431,3
PEX14,-0.829930299981891,0.406578192417049,0.629947545927337,-0.162935734112986,2
GORASP1,0.829868704040714,0.406613020987293,0.629947545927337,0.165193361358796,3
SCNN1G,-0.82982250666639,0.406639143819957,0.629947545927337,-0.0192535490747218,3
CHIA,0.829804791978175,0.40664916105826,0.629947545927337,0.380364238718418,3
PDS5A,0.828975975668587,0.407118001726379,0.630405114094144,0.150548576137893,3
PPP4R2,-0.828950332253951,0.407132512704741,0.630405114094144,0.00484335333079983,2
POLR3G,0.828911073950328,0.407154728611904,0.630405114094144,0.162513455657134,2
ACOT9,0.828827157271643,0.407202218700494,0.630405114094144,0.11708798673498,2
TNFSF18,0.828766876896697,0.40723633458146,0.630405114094144,-0.0101536323512195,2
RBMS3,-0.828504701250519,0.407384733596779,0.630544475184469,0.0585078525735868,2
TIMM17A,-0.828264555336405,0.407520691433625,0.63059460831899,-0.0161878304275101,3
MPP1,0.828241264377607,0.407533878973789,0.63059460831899,0.19276877015154,3
KIF24,-0.828025128015914,0.407656269365029,0.630693643895881,-0.0418547454983841,2
F13B,0.827263475338365,0.408087740987158,0.631187434669917,0.316656455436608,3
SFXN1,-0.827255427004917,0.408092301771404,0.631187434669917,-0.0953556398280007,2
SNAPC2,-0.826908149289691,0.408289124072257,0.631401448565285,-0.219713433126564,2
PTPRCAP,0.826545408354589,0.408494770631679,0.631629045571629,-0.275867322943848,3
FAM3A,-0.825432716672636,0.409125966966514,0.632411098413377,0.0159227202655347,2
N6AMT1,-0.825419044217057,0.409133726544679,0.632411098413377,0.0563050818612861,2
RASL11B,0.825344232037493,0.409176186522041,0.632411098413377,0.349528849507723,3
CD300A,-0.824735298330479,0.409521887004201,0.632812051151643,0.00481442046892126,2
SIGLEC6,0.824680909819905,0.409552772597772,0.632812051151643,0.170003373624926,3
AHCYL1,0.824321617741867,0.409756838527017,0.633035137148661,0.0989453766286533,4
KCNJ1,0.824220361256369,0.409814359755655,0.633035137148661,0.283930313777186,3
SNORD35B,-0.823929606786691,0.409979556643267,0.63308114393799,-0.290623058960639,2
ATP2C2,0.823838425179129,0.410031371111336,0.63308114393799,0.0213162845046596,3
KLHL4,0.823811037414325,0.410046935124907,0.63308114393799,1.03570590870229,2
GNG4,0.823701628840618,0.410109113710425,0.63308114393799,0.15205155926578,4
CRYZ,-0.823652242633309,0.410137182491951,0.63308114393799,0.0820648237544119,2
OR1A1,-0.823413156918579,0.410273083633286,0.633200435691778,-0.03050579739363,3
CXCL1,0.823237079944221,0.410373186445037,0.633264451425613,0.593768720311017,3
GNB3,-0.823063698160593,0.41047177117393,0.633326106587744,0.00615314200263561,2
OR51E2,0.822708644191317,0.410673698452268,0.633448453794383,0.177391147557293,2
TREM2,-0.822682694409049,0.410688458997884,0.633448453794383,0.727918349387221,2
WWC2,-0.822614953607783,0.410726992258458,0.633448453794383,0.0468339578006101,2
DISC1,-0.822241167412853,0.410939653110063,0.633625101079743,0.180752275723726,2
PMFBP1,0.822179060281561,0.410974994497634,0.633625101079743,0.240208258473122,3
NEK3,0.822104359653574,0.411017504468224,0.633625101079743,0.127929199813559,2
CLCN1,0.82133996729621,0.411452648113924,0.634131597293384,0.226277881993052,3
TRPA1,0.821320969312393,0.411463466527433,0.634131597293384,0.889438344064796,2
CHRNA6,0.820815842762508,0.411751173058685,0.634484475232513,0.157161374766415,3
FOXN2,-0.820202247494821,0.412100820953505,0.634886952434336,0.185098700428266,2
FASLG,0.820151209514937,0.412129912096794,0.634886952434336,0.173375910168366,2
SLC25A44,0.81989425818059,0.41227639031129,0.635022040231363,0.340622040565583,2
SMARCD3,-0.819729803851586,0.412370155687125,0.635075908430613,0.270295735703758,3
PDIA2,0.819469773284091,0.412518440662422,0.635213712905984,-0.0191153631039201,3
C22orf31,0.818437551391961,0.413107386967647,0.635788170048942,0.423127923544017,3
BCL2L13,0.818400178940101,0.413128719596671,0.635788170048942,0.0431975577912181,3
NIN,-0.81839894312375,0.413129425026124,0.635788170048942,-0.0653668051220646,2
HMX1,0.818377118552823,0.413141883058737,0.635788170048942,0.359061844156495,3
CSNK1A1,-0.818300195268634,0.413185794643915,0.635788170048942,0.169495337991994,3
GALK2,0.817937461433544,0.413392898164052,0.635992697526246,-0.10169248896701,2
ARC,-0.81786116510676,0.41343646750873,0.635992697526246,-0.240953511198418,3
LRRC8D,0.817381912177549,0.413710209123021,0.636323177979051,0.297591407986319,2
RNF121,0.8170672565461,0.413889993718529,0.636476732095762,0.155350771533344,3
NLGN3,-0.817000945525655,0.413927887703456,0.636476732095762,-0.218805087005476,3
ESM1,0.81688712507855,0.413992936132202,0.636486150882443,0.376742654015434,2
NT5C,-0.81621703873631,0.41437601334275,0.636890573907985,-0.112505278443885,3
NCOA2,-0.816144401647887,0.414417551348713,0.636890573907985,0.258807103065878,2
SCN9A,-0.816117618036883,0.41443286835764,0.636890573907985,-0.0575298807812951,3
TXLNA,-0.815554825332349,0.414754795622657,0.637294637598284,-0.102918359735088,2
COL4A3BP,0.815097731886656,0.415016369830405,0.637605863590959,0.0939830035240907,3
INHBE,-0.814943002253819,0.415104936786961,0.637613036520983,0.206659153987966,2
ALMS1,-0.814883334815832,0.415139093302358,0.637613036520983,-0.189492133943403,3
MTMR12,0.814154678660898,0.415556345148769,0.638163156141171,0.0598131441145053,3
CYP2A13,0.813377883090334,0.416001435845252,0.638643329135836,0.464995842792719,3
TRIM33,-0.813341083658278,0.416022528275804,0.638643329135836,-0.120720908661385,2
MTG1,0.813299453657817,0.416046390217449,0.638643329135836,0.386561224133379,3
RGSL1,0.813150804928387,0.416131600924333,0.638683369307282,-0.00942050411312475,3
UCHL5,-0.812895004500824,0.416278258886153,0.638769291383029,-0.0385719731185821,2
NMT1,-0.812806325986283,0.416329108024588,0.638769291383029,-0.176355637643829,3
COQ6,-0.812742493815154,0.416365712292364,0.638769291383029,-0.0679275799666034,2
B3GAT1,0.812640645763866,0.416424120525763,0.638769291383029,0.244024784022731,3
STAT4,-0.812134839141934,0.416714264176537,0.639061571471013,0.0629316976300901,2
RNF187,-0.81183698536937,0.416885176509998,0.639061571471013,-0.0796394453017497,2
RNF170,-0.811820133427285,0.416894847607029,0.639061571471013,0.140296875876695,2
HIST1H4J,0.811800248646988,0.41690625937823,0.639061571471013,0.107634409158951,3
RFPL3S,0.811792912253906,0.416910469742291,0.639061571471013,0.0523675338396525,2
SIPA1L1,-0.811258655000598,0.417217147965572,0.639440923996042,-0.117746993264901,3
TMEM123,0.811058907636465,0.417331842543501,0.639478372171224,0.00952673169986104,3
ASF1B,-0.811009906342032,0.417359981837357,0.639478372171224,-0.139475761633319,2
GLRA2,-0.8103589582793,0.417733898847652,0.639947778195087,-0.155764051429013,3
GYPE,-0.810262174264362,0.417789510284901,0.639947778195087,0.0309825410043163,3
TAF7,-0.810124359343157,0.417868705328545,0.639947778195087,-0.13180708673649,2
APOA1,-0.810064133530903,0.417903316736544,0.639947778195087,-0.314559304733969,3
MUS81,-0.809867958206295,0.418016069210688,0.639981464004555,0.042008842455503,2
ZNF107,-0.80976755514472,0.418073783162778,0.639981464004555,0.235075312439621,2
ALG12,0.809716636403273,0.418103054201087,0.639981464004555,0.155732593441082,2
U2AF1,-0.80960408449641,0.418167759830594,0.639989818884965,0.0190659982427911,2
MAP1LC3B,-0.809226518069358,0.418384864286044,0.640080310063268,-0.263988205228699,2
VGF,0.809060708237574,0.418480227556022,0.640080310063268,0.205382375982735,3
IRF2BP1,-0.809040259158506,0.418491989452009,0.640080310063268,-0.159825165290807,3
SAR1B,0.809011400714786,0.418508588575253,0.640080310063268,0.0267399034236308,3
NFATC1,-0.808986059128712,0.418523165152459,0.640080310063268,-0.122243445225736,3
MLX,0.807646442407841,0.419294143171621,0.641067383213659,0.00839437180448133,2
CLEC2B,0.807384021989571,0.419445269498485,0.641067383213659,0.268766335864984,2
HIST2H2BE,-0.807335605072122,0.419473156006824,0.641067383213659,-0.347609335931421,3
WDTC1,-0.807207144781563,0.419547150076052,0.641067383213659,-0.0459043402646328,2
RAB27A,0.807043737451154,0.419641284984657,0.641067383213659,0.157448316533063,2
RPL27,-0.807025644066221,0.419651708898238,0.641067383213659,0.0309178408996589,2
POMZP3,-0.806945200246326,0.41969805582398,0.641067383213659,-0.0940528004619526,2
PAM,0.806865547629533,0.419743949870145,0.641067383213659,0.142626640721304,3
SERPINA3,-0.806848399677641,0.419753830520181,0.641067383213659,-0.00947492634094621,3
FEV,0.806834144943774,0.419762044202019,0.641067383213659,0.0332862868593357,2
SLC25A14,-0.806558794589403,0.419920721624463,0.641219060642839,0.0941035656436979,2
ENTPD2,0.806242860313853,0.420102829949372,0.641406469132596,0.176694538504802,3
PITRM1,-0.806015764654879,0.420233759283861,0.641515696408177,-0.245302320771677,3
TCP11,0.805749717656285,0.420387176042308,0.641659216561963,0.114916247606433,3
DMPK,0.805580046365666,0.420485034651795,0.641717906796933,-0.00249932696922352,3
RAPGEF6,-0.805198296163042,0.420705259543997,0.641963301821479,-0.164162129689856,3
GGCX,0.805068259699497,0.420780290723167,0.641987104575092,0.288945048438673,3
MYOT,-0.804925103543541,0.420862901063019,0.642022462545224,0.00700868385008673,2
ARCN1,0.80455394913764,0.42107712544018,0.642257569819109,-0.0438742849140499,2
NOC4L,0.804352161843321,0.421193620682265,0.642257569819109,-0.00658449822189214,3
PRDM2,-0.804349093872767,0.421195392019863,0.642257569819109,0.164389921081826,3
C8B,0.803873853761141,0.421469831616304,0.64254511557382,0.613642016644452,3
CHI3L1,-0.803816544129574,0.421502933619338,0.64254511557382,-0.186122451018931,2
WBP2,-0.803661777166341,0.421592334528381,0.642585933218756,-0.296574921668216,2
BCL10,0.803564235686739,0.421648684933766,0.642585933218756,-0.110677904439162,2
SIM2,-0.802753101224717,0.422117454141267,0.643209583810688,0.181034060168399,2
GABARAP,-0.802432560789342,0.422302784406595,0.643401223858961,0.000328679951900864,2
CR2,0.802251563103313,0.422407454820841,0.643469937522878,0.0711538782429989,2
THEG,0.801926900490823,0.422595244311628,0.643665232523153,0.177448421105549,3
SNTG2,0.801330069217325,0.422940587605735,0.644100412705082,0.245575637182622,3
UNC13B,0.801200803746621,0.423015405994918,0.644123543213575,0.161136275578476,4
BRMS1,0.80069313548383,0.423309317531976,0.644480232273489,0.109162234411368,2
CAD,-0.800457556118896,0.423445745404307,0.644597088762307,0.0748156364626305,2
AANAT,-0.800214269152478,0.42358666388024,0.644638888307767,0.017509057371298,2
ACTR3,0.800204091526603,0.423592559637894,0.644638888307767,0.262790116952195,3
ACSM1,0.799759996474946,0.423849864503374,0.644868952829096,0.226856304937036,2
LRRK1,-0.799737099617724,0.423863133224086,0.644868952829096,-0.00866507405876988,2
APOC3,0.799413808347777,0.424050506334883,0.645063169895705,0.369889839900367,3
IVNS1ABP,0.7992188312166,0.424163534567415,0.645144255195327,-0.0730396709467864,3
COL4A2,0.798444794939563,0.424612417106347,0.645618749771268,0.251061158871947,3
AZU1,0.798261287812492,0.424718878068338,0.645618749771268,0.106687595523762,3
PRM1,-0.798217087468075,0.424744523060835,0.645618749771268,-0.12417758562606,3
RPS9,-0.79817275276403,0.424770246917583,0.645618749771268,-0.123805526022765,3
CDH3,-0.798165693123143,0.424774343142418,0.645618749771268,-0.00846222441675053,3
LSR,0.797960444818475,0.424893444729768,0.645708918116341,0.16612660367793,3
C5orf42,0.797854146709855,0.424955135116565,0.645711825788316,0.220121295695968,2
LMBRD1,0.797684626057389,0.425053527698349,0.645733773305447,-0.0579021054464673,2
UBQLN2,-0.797623279760148,0.425089137379655,0.645733773305447,-0.0459097477894438,2
ARHGDIA,-0.797171292370989,0.425351556181452,0.646029596277623,-0.0915077615453066,3
PTPN18,-0.797081858327605,0.425403491790662,0.646029596277623,-0.00356537510794516,3
PRPF40A,0.796706578165058,0.425621462631198,0.646269755319398,0.110782742083349,3
MYRIP,0.796525414094491,0.425726709972568,0.646338709926027,0.736373328789781,3
S100G,-0.796207314101973,0.425911547041419,0.646528461374566,0.223905252333534,2
MYO1E,-0.795934091841244,0.426070344567518,0.646591037815286,0.0403628836331577,2
EIF1AY,-0.795840233521555,0.426124903250113,0.646591037815286,-0.722416884015195,3
PIK3CB,-0.795827430686625,0.426132345695892,0.646591037815286,-0.146313762266978,3
REG1B,0.795665655469684,0.426226394156563,0.646642908662809,0.0627551989086473,2
LGALS9,0.794921160091395,0.426659364606593,0.647208883089512,0.432124306256533,2
THADA,-0.794699789233263,0.426788154995098,0.647313346006325,-0.0883396197998067,3
CAPRIN1,0.794574960695633,0.42686078843823,0.647332617816898,0.1015039385424,2
SMUG1,0.794392118192294,0.426967191222488,0.647403088094514,0.231838987138345,3
ITGA9,-0.794082285228622,0.427147529716099,0.64758563031485,0.103389405647868,2
HN1L,0.79385858303208,0.427277763322356,0.647692169437004,-0.012592574610651,3
ZNF576,-0.793451731521216,0.427514680986278,0.647960373791747,0.018805136311259,2
SLC22A7,0.793234064002918,0.427641464488269,0.648031141053329,0.259830708670045,3
ATP5I,-0.793094741904617,0.427722626091475,0.648031141053329,0.116698277677726,3
F2R,-0.793062606896551,0.42774134750141,0.648031141053329,-0.432119291565245,3
PPP1CC,0.792824778433531,0.427879917896848,0.648150171521771,0.000581366527742561,3
ATXN7L1,0.792626790914659,0.42799529495767,0.648234040399993,0.0712721231580282,4
TFAP2B,0.792176575567631,0.428257724975477,0.648540578324002,0.0277137203662231,3
PRR14,-0.791997197050804,0.42836231059081,0.64860802901625,0.0405199472443353,2
HMG20B,0.791353592381794,0.428737682895223,0.64908541704754,0.124365434505987,3
FBXO11,-0.790470273611954,0.42925317600409,0.649774776793187,-0.0421084085168614,2
IL1RL1,0.790174523129945,0.429425852526567,0.649857375732568,0.0568901861737384,2
MRPL17,0.790170735789647,0.429428064060273,0.649857375732568,0.000814457320487449,2
C1orf27,-0.790055505480217,0.429495353417966,0.649868161874334,-0.134307980058744,3
PSG6,0.789615535564027,0.429752332559913,0.650165923853246,0.292560636383785,3
STMN4,-0.78929803302205,0.429937836006743,0.650355483061873,0.0721445370659008,2
HLA-DOB,-0.788926479428158,0.430154978260489,0.650592841664772,-0.194561780769648,2
NID1,0.788523158200546,0.430390758117443,0.650858318519477,0.361899152982348,3
ARFGAP1,-0.788280075095317,0.430532899679025,0.650982136384774,-0.0340322761025778,3
ST14,0.787840022239339,0.430790287549568,0.651280152009858,0.625817723852221,2
CTDP1,-0.787523106284488,0.430975707663104,0.651469296694214,-0.112960663846402,2
ZMYM6,-0.787091103536693,0.431228536911801,0.65168320892968,0.0590565502863357,2
KRT33B,0.787075142428578,0.431237879784239,0.65168320892968,0.0763695565952213,3
STARD5,-0.786851895915273,0.431368569960859,0.651789521991495,0.0162565533528234,3
CLDN8,0.786304529575022,0.4316890994573,0.652089482244954,0.208303516938956,4
RBM28,-0.786186533278371,0.431758214394062,0.652089482244954,-0.128718672122457,3
RABGAP1,-0.786074724117561,0.431823711205499,0.652089482244954,0.0197559337355871,2
FAM35A,-0.785990082979671,0.431873297059399,0.652089482244954,0.0974397432024438,2
SCD,-0.785883757152637,0.431935591266995,0.652089482244954,-0.233747580685376,3
THNSL1,-0.785838556657398,0.431962074923624,0.652089482244954,-0.00711832986412627,3
NR2C1,-0.78574333922985,0.432017867338599,0.652089482244954,-0.0149141751871916,3
PAX4,-0.785688452404747,0.432050030033988,0.652089482244954,-0.169950288753235,4
TWF1,-0.785342450112559,0.432252813103227,0.652304398874135,0.118583431723759,2
IL26,-0.784729927207738,0.432611932196621,0.652671689014631,0.322903060465714,2
EIF5A2,0.78472121302463,0.432617042524047,0.652671689014631,0.130386174041911,3
DDX54,-0.78453537054962,0.43272603591806,0.652744957406351,-0.249655479969734,3
SPAG1,-0.784183259823147,0.432932586342281,0.652965344550309,-0.152187914843363,2
FAM53C,-0.783994438163131,0.43304337384283,0.653041257050153,-0.030388485903632,2
TRAF3IP1,0.783882865986558,0.43310884439439,0.653048818697404,0.0106061375714269,3
HRK,0.783752041411977,0.433185619546468,0.653073421122254,0.243592569183447,2
HABP2,-0.783568441481406,0.433293379495577,0.653144723040918,0.12725863229872,2
ZNF282,-0.782537524725946,0.433898741347903,0.653965983541237,-0.0170702661495737,2
SEC61B,0.78239944378962,0.433979860589526,0.65399699415291,0.107244286955942,4
SARS2,0.782058770940014,0.43418003521015,0.654207384619896,0.0206207772332987,3
ILF3,-0.781746747387863,0.434363422701997,0.654381595593458,-0.0943506387641596,3
KIAA0232,0.781517202073487,0.4344983633224,0.654381595593458,0.17181007982059,3
EEA1,0.781386892510618,0.434574977938448,0.654381595593458,0.097898696175762,2
SOCS3,-0.781340161503483,0.434602455014951,0.654381595593458,-0.498615078138754,2
LRRC49,-0.78125538894369,0.434652302470031,0.654381595593458,-0.0926889723710948,3
CTNNBL1,-0.781214876339225,0.434676125616008,0.654381595593458,-0.056197195543333,4
AKAP11,0.781140758401367,0.434719712088377,0.654381595593458,0.0613813256957948,3
GRIA1,0.780789758303368,0.434926158687825,0.654536296395212,0.57534949853788,3
NBEAL2,0.780759988113572,0.434943671128016,0.654536296395212,-0.0733962110197269,2
ABL2,0.780435757540209,0.435134427492462,0.654732147342746,0.0854219357103206,4
SLC26A3,-0.780316038687784,0.435204874550183,0.654746943578144,0.225552843038487,2
OLR1,0.779923012068867,0.435436192402802,0.654917077254689,0.316357500669875,3
SLC34A1,0.779831864632046,0.43548984782972,0.654917077254689,0.215452274965091,4
DRD1,-0.779720444099907,0.435555442525932,0.654917077254689,-0.409647486058354,2
GMIP,0.779711891194042,0.435560477966829,0.654917077254689,0.261267973236736,3
LATS1,-0.779192008447187,0.435866616974191,0.655286179061268,-0.165394121231674,3
TLN1,-0.779062970486475,0.435942621695043,0.655300327815935,-0.070472776073274,2
ARPC2,0.778947001447098,0.436010935202705,0.655300327815935,0.218248169214073,3
BATF,-0.778769233690971,0.436115664261283,0.655300327815935,-0.210836858567171,3
PKLR,-0.778717409243858,0.43614619854342,0.655300327815935,-0.355001552164293,2
CCDC25,-0.778661142278981,0.436179351693814,0.655300327815935,0.00173247435914906,2
H3F3A,0.778557983321137,0.436240137924854,0.655300510341298,0.345442664792928,3
PTPRS,-0.778365212877219,0.436353740649225,0.655380020368872,0.0478498359279334,3
CTR9,-0.777549180083636,0.43683483070513,0.656011377905854,-0.092606377477966,2
C5AR1,0.77741125059331,0.4369161768562,0.656030812958065,0.191945377919488,3
RPL27A,-0.777321290281475,0.436969237107321,0.656030812958065,0.0340155731611855,3
CAB39L,-0.777095831162159,0.437102233356549,0.656139289149172,0.202943784211595,2
PAICS,0.776485260384435,0.437462520410589,0.65654301417283,0.0643091774599667,3
SEC23IP,0.776294963781376,0.437574846007309,0.65654301417283,0.081050782368452,3
C9orf16,-0.776210469774467,0.437624725258813,0.65654301417283,0.0651308916645811,3
LARP6,0.776189593736846,0.437637049490481,0.65654301417283,-0.199160269193257,2
L1CAM,-0.776125171077447,0.437675082860447,0.65654301417283,-0.00948305960461579,2
CTSW,0.775778864303302,0.437879565461451,0.656758548474673,-0.0226391590474277,3
PCDHB8,-0.774798193959605,0.438458916652731,0.657362579137981,-0.265898432667795,2
ABCF1,0.774795415830352,0.438460558515404,0.657362579137981,0.112320566105726,3
EVI5,-0.774788142978349,0.438464856757004,0.657362579137981,0.112904024845054,2
EIF2B5,-0.774497639283512,0.438636563688459,0.657528748398936,0.0666370489950779,2
HSD3B1,-0.774139891928396,0.438848069165672,0.657665894557034,0.251461687576458,2
CX3CL1,-0.774136928992868,0.438849821141187,0.657665894557034,0.00339993801801002,2
CDC7,-0.773773902767317,0.439064507943068,0.657782961994647,-0.0583952157160015,2
TMOD1,0.773736312742216,0.439086741414805,0.657782961994647,-0.676301752690552,3
RHOF,-0.773695939152404,0.439110622009202,0.657782961994647,-0.162549635883786,2
GALNS,0.773572198636432,0.439183817994275,0.657801386851658,0.165972381985682,2
DLX2,0.773398507855874,0.439286572781782,0.657864073088702,0.351045884563892,3
GPR3,-0.77247606559985,0.439832517317327,0.658532555465099,-0.53949177584434,2
TSPAN7,0.772438299115483,0.439854877585696,0.658532555465099,-0.181723884277731,2
SLC2A6,0.771698873958229,0.440292797809694,0.659096840623657,0.137064375057417,2
RWDD3,0.771550278678161,0.440380832660917,0.659137280643374,0.130420765603338,2
CEP72,-0.771419243968999,0.440458472176743,0.65916215245957,-0.375871017110323,2
SOX2,-0.771275116600552,0.440543878301994,0.659198638789048,-0.247677843637647,3
PPM1E,-0.771052852491531,0.440675604835273,0.65930441598762,-0.159010209113556,3
SGMS1,0.770832955189913,0.440805950879497,0.659408098795226,0.264443754621619,2
SERINC3,-0.770127196083369,0.441224444997907,0.659866813346392,-0.101331817751299,2
SLC5A12,0.770094420478933,0.441243885483743,0.659866813346392,0.260793360883033,3
BRCC3,-0.77000573794331,0.441296489005038,0.659866813346392,-0.0312294281505513,2
LYVE1,-0.769903823640618,0.441356945605229,0.659866813346392,0.150856264477717,2
CALCRL,0.769432343498446,0.441636694151052,0.660193685333472,0.349120198712617,2
TNFRSF8,0.76903915299356,0.441870067859174,0.660413970496395,0.271440825064691,3
SLC30A9,0.768978068499798,0.441906330193292,0.660413970496395,0.0300327847006507,3
SNRPD1,-0.768301205944083,0.442308258377442,0.660923199196726,0.156890411131308,2
YTHDC2,-0.767988947182064,0.442493751429455,0.661108921568599,-0.0880992739960262,2
HIST1H2BD,-0.767376930029811,0.44285744090068,0.661486109751006,-0.096531145373918,3
NEUROD4,-0.76725927099588,0.442927379031944,0.661486109751006,-0.210863704849905,2
TAX1BP1,-0.76725499084367,0.4429299233317,0.661486109751006,-0.072735917630476,3
RCC1,-0.76701678191275,0.443071537758731,0.661487128072131,-0.176282241357036,3
SETX,-0.766945445685058,0.443113951946924,0.661487128072131,0.171376772445458,2
RNASE1,0.766720441302833,0.443247747397232,0.661487128072131,1.01933659842,2
HK3,0.766668435297701,0.443278675265455,0.661487128072131,0.583009961492783,2
MRPS27,-0.766665589266987,0.443280367829871,0.661487128072131,-0.128085851969438,3
TIMM10,0.766635890860623,0.443298030005013,0.661487128072131,0.116179760156232,2
TP73,0.766190204236715,0.44356313613393,0.661714601372148,0.148616067715853,3
MYO1A,0.766173642684725,0.443572989125691,0.661714601372148,0.339069921228021,3
BMS1,0.765958902545739,0.44370075615484,0.661807118337364,0.0714568729148338,3
SERGEF,-0.765863474626443,0.443757541021804,0.661807118337364,-0.162956876410844,3
SYK,0.765739865175585,0.443831101621607,0.661825449988487,0.449980645464314,2
MPP5,-0.76551649593619,0.443964047428108,0.661899719576177,-0.154802614703221,3
MMP14,-0.765388252093883,0.444040386389968,0.661899719576177,0.0914890096911028,2
PIK3CA,-0.765342979550442,0.444067337301721,0.661899719576177,-0.0949045274816399,3
C22orf29,0.765244424539991,0.444126010691365,0.661899719576177,0.449743872956411,3
SLC26A10,0.764867077120011,0.444350700269182,0.662143228625701,0.438543038107166,2
DAP,0.764319025844709,0.444677150082445,0.662489824853341,0.146015498307548,2
GLCE,-0.76427067944154,0.444705954453951,0.662489824853341,0.266513078716643,3
RASAL1,0.764090366444949,0.444813392774624,0.662554814386857,0.128959197055444,3
GON4L,-0.76399159353237,0.444872252244758,0.662554814386857,-0.0427550065430648,3
RPAP1,-0.763792147145385,0.444991117282774,0.662624403830658,-0.00798654725107776,3
DOLPP1,0.763707343585917,0.445041663561509,0.662624403830658,0.146743106963394,3
MPP3,0.76349669747786,0.445167231146078,0.662672192236443,0.282485494298181,2
COL4A3,-0.763447679032327,0.445196454273271,0.662672192236443,0.481419279486607,2
SNORD38B,-0.763280265345465,0.445296268855382,0.662729442845941,-0.344351868396844,3
LOC155060,-0.762732712932494,0.44562281699507,0.663124076206191,-0.0574895271417842,3
NECAP1,-0.762180670386376,0.445952181039917,0.663522790577574,0.014923677378459,2
XIST,0.761628777485501,0.446281594356975,0.663842055795223,0.844414924614709,3
TRIM36,-0.761615251572393,0.44628966943019,0.663842055795223,-0.117176102262106,2
VPS11,-0.76091484561869,0.4467079307911,0.664372720419312,-0.0664419784763806,3
SOS1,-0.760556050170508,0.446922279008806,0.664600007964361,0.0374060570254572,3
C12orf10,-0.76038583776288,0.447023986171712,0.66465975204774,-0.192325548810395,3
NEK4,0.760075883847598,0.447209227007006,0.664843665032986,0.0319095553802807,3
PSMC3,0.759527740651335,0.447536926105594,0.665239283857524,-0.0141533028786283,2
PRKCQ,-0.759000158440028,0.447852462008996,0.665616716376056,-0.0466335521231944,2
MUC13,0.758490825217755,0.448157203469024,0.665867134515795,0.270593862018705,3
P2RX3,0.758445590293697,0.448184273874461,0.665867134515795,0.219665664171103,3
FRAS1,0.758409484364656,0.448205881787109,0.665867134515795,-0.208176168062786,3
RHBDD3,0.75822972658928,0.448313468223833,0.665935380054158,0.104636249226482,3
KLHL28,-0.75747184521679,0.4487672273976,0.666517749257373,-0.026953991379054,2
BFAR,-0.757361407977626,0.448833370198999,0.666519968483763,-0.0668808945453233,2
PDAP1,0.757263308436791,0.448892128376169,0.666519968483763,0.193068998156748,3
UBE2N,0.757074043371724,0.449005503833026,0.666596681199058,0.270091790295622,2
DNAJB4,-0.756720262401893,0.449217472822405,0.666819725357649,0.0342667341338022,3
TRIP6,0.75637130773165,0.449426605717545,0.667038498895428,0.182694683482305,3
DEFA5,0.756024134658426,0.449634725662958,0.667192834802944,0.17711616548313,2
PPP1R2,-0.755991781728275,0.449654123066602,0.667192834802944,-0.00815243758387557,2
LILRA4,0.755718276059689,0.449818124075792,0.667252353267074,0.1493026206367,4
TRAFD1,0.755670699518956,0.449846655650711,0.667252353267074,-0.0936448699662946,2
THAP11,-0.755589900737808,0.449895112900064,0.667252353267074,-0.076018090707281,2
SNX4,0.755512858109396,0.449941320236749,0.667252353267074,0.21700529358736,3
NEK9,-0.75509680139832,0.450190902238869,0.667530834040393,-0.0822699988868342,2
TNFAIP2,0.754872224344657,0.45032565298014,0.667638993067728,0.0500796367024642,3
HIST1H2BH,0.754654674946521,0.450456208771663,0.667740903959311,0.0797664286331901,2
ANK2,0.754484785540191,0.450558177744821,0.667800416575132,0.32738846943366,3
RIC8B,0.753930685473324,0.450890843844823,0.668163271452861,0.21129738285883,3
WRB,-0.75379121561582,0.45097459952432,0.668163271452861,0.0535419131131764,2
GSTM1,0.75376797207136,0.450988558800482,0.668163271452861,0.114621105918507,2
NPY1R,-0.753522538048328,0.451135972987989,0.668245409470947,-0.0227897600841245,2
F10,0.753469678275466,0.451167725538939,0.668245409470947,0.183565009404349,2
NEUROG3,-0.753224006199345,0.451315315889833,0.6683048327453,-0.186700230793893,2
PDPR,0.753196932223628,0.45133158256591,0.6683048327453,0.0790705700582702,2
YTHDF2,-0.752932660689132,0.451490380488466,0.668448340191393,0.0542632027070324,3
SPEF1,-0.752826127236221,0.451554404231783,0.668451510827973,0.124886821120655,2
SIGLEC5,0.75231322841171,0.451862714513841,0.66881625680714,0.00607639275930512,3
ZNF286A,0.751997496319172,0.452052564430283,0.668921771144973,0.139233511721659,3
NCOA4,0.751988701982812,0.452057853115933,0.668921771144973,0.149149306946884,2
HEXIM1,-0.751534057077615,0.452331312400828,0.669207708777133,0.179414998915816,2
CCDC82,-0.751461447136029,0.452374994398317,0.669207708777133,0.014078849034397,3
PRRC1,0.751209410110426,0.452526637870324,0.669340372761227,0.0454894439288913,3
VNN1,-0.750883828316447,0.452722573630359,0.669538504977428,0.0662179510221881,2
DTNB,-0.750752286967679,0.452801749059352,0.669563927904055,0.0932942232194921,3
RBM34,-0.750417853094398,0.453003081775429,0.669700928586318,0.0558364412766195,3
TRIB2,0.750240253138412,0.453110019364602,0.669700928586318,0.348961258359814,3
ZNF706,-0.750177163722699,0.453148010585779,0.669700928586318,0.0219130951907088,3
SLC39A7,0.750056362590454,0.453220759699703,0.669700928586318,0.258120386404095,2
CHM,-0.750037569723727,0.453232077772267,0.669700928586318,0.0690722262951946,3
AQP5,-0.749980606881683,0.453266384826381,0.669700928586318,0.0540840190945343,2
ELK4,0.749463867488339,0.45357766880145,0.669913975065233,0.328373003804246,3
MOG,-0.749459713409261,0.453580171708613,0.669913975065233,0.0148448413436324,3
SCAMP1,0.749336104295789,0.453654651982484,0.669913975065233,0.196012213742408,2
MED23,-0.749329470910991,0.45365864910222,0.669913975065233,-0.122183326842597,3
ME2,0.748869681030213,0.453935755949021,0.670231552181702,0.0762942512802753,3
PRLH,0.748524185873049,0.454144042279582,0.670447443583989,0.161857538619915,3
ROCK1,-0.748398274109523,0.454219963248216,0.670467893277839,-0.0322141481805341,2
DPH5,-0.748168647045108,0.454358439814052,0.670580662231368,-0.0190257220815179,2
LRRC61,-0.747843159600351,0.45455476573073,0.670778767680785,0.0312441640482121,2
DRP2,0.747395745511831,0.454824712761948,0.671085445602317,0.358259032626879,3
MAPK3,-0.747206095081109,0.454939165486672,0.67114104119094,-0.151178941940078,3
PANK3,0.747127412315432,0.454986654752939,0.67114104119094,0.0263554081271458,2
TLR3,0.746745164576123,0.45521740147456,0.671389728389978,0.275586741923385,2
WDR55,0.746554198669142,0.455332704156528,0.671449449077275,0.15435734290171,3
SH3PXD2A,0.746472209923631,0.455382212917989,0.671449449077275,0.0176997968258199,2
KLHL21,-0.746302679226222,0.455484593345238,0.671482005237686,-0.244772726779491,2
CLCN2,-0.746159628395652,0.455570992526977,0.671482005237686,-0.264740126221076,2
RAD52,-0.746126866833577,0.455590781002315,0.671482005237686,-0.223720704669692,2
HSPA6,-0.745956084813289,0.455693943739408,0.671542425685278,-0.134336958450143,2
KCNG1,0.744945079113923,0.456304921890773,0.672268838064637,0.274644209690846,2
ISG15,0.744848121338946,0.456363540297128,0.672268838064637,0.595805578545024,3
PDE4A,0.744831519182991,0.456373577997407,0.672268838064637,0.228873746577886,3
NDUFA10,0.744719460192801,0.45644133235747,0.672276966474692,-0.0353242708475792,2
IFNA6,0.744576480497917,0.456527790549976,0.672312637153488,0.305041213592706,3
ENTPD1,0.74447121401651,0.456591449875118,0.672314727583291,0.160080614686706,3
GMNN,-0.743379084193677,0.457252203702562,0.673195898104821,-0.473938894647742,3
PIGG,-0.743023378112793,0.457467526736583,0.673421126166336,-0.119056546989048,3
LAIR2,-0.742780478430477,0.45761459627669,0.67354583308091,0.0877633395725391,2
NDUFA3,0.742118919000257,0.458015288128574,0.673994935110582,0.27604157500285,3
COPB1,0.741941666086633,0.458122679707711,0.673994935110582,0.0764638975296743,2
VNN3,0.741909124977029,0.458142396806181,0.673994935110582,0.246164842370881,3
HDHD3,0.741797737146256,0.45820989180294,0.673994935110582,0.100244264396295,3
SLC1A7,-0.741677646497612,0.458282666484091,0.673994935110582,-0.076847489156086,3
RABL2A,0.741658790880931,0.458294093537051,0.673994935110582,-0.0031909286991189,2
GRIN2B,0.741339419845428,0.458487665961963,0.674187825717551,0.448890090766523,2
LANCL1,0.74121185282916,0.458564997796888,0.674209759929492,0.146817975101959,3
ITGBL1,0.741066000870023,0.458653423025572,0.674247996124419,0.302283473507188,3
AZIN1,-0.740639424891863,0.458912096814929,0.674536463436503,-0.0422250122739412,3
SHROOM2,0.740191496989511,0.459183806293881,0.674794385650635,0.299884267504262,3
SCTR,-0.740144186663209,0.459212509620239,0.674794385650635,-0.423006427645764,3
CCR4,-0.739922768873485,0.459346857860986,0.674899994370833,0.0541362086896952,2
SNRPB,0.739760920223507,0.459445075645946,0.674903646153225,0.0556208247913814,3
DCTN6,0.739672260220591,0.459498883917003,0.674903646153225,0.000146358797967363,3
BLOC1S1,0.739609819218341,0.459536781841971,0.674903646153225,0.430614462724544,3
TDRD1,-0.739381847435471,0.459675161833738,0.675015103062539,0.409410050530595,2
CLEC4M,0.739154539265505,0.459813162234507,0.675125972333444,0.263033162315766,3
TNNT2,-0.738938463781255,0.45994436468994,0.675226831663594,-0.147600964189692,2
LRP2BP,-0.738769238814562,0.460047133832015,0.675285927388698,-0.190739116785385,2
HDAC3,-0.738459887669958,0.460235033836639,0.675311980292982,-0.123292871942412,3
DNAI2,-0.738379757931703,0.460283711670965,0.675311980292982,0.00775286266663127,2
KIAA1324,-0.738350756162352,0.460301330600418,0.675311980292982,-0.114874113464656,2
ADAM20,0.73832833507477,0.460314951943828,0.675311980292982,0.248594007766961,3
WDR82,-0.738194828486587,0.460396065036909,0.675339257812152,-0.0707981315111174,3
ATP6AP1,0.737747792856736,0.460667723632908,0.675645994661598,0.128995225230115,4
TLR4,0.736893032814003,0.461187401282977,0.676316360122009,0.174948288647123,2
C3orf14,0.736248180300859,0.461579675896437,0.67679973653228,0.387792639387349,3
COPS5,-0.735477644826941,0.462048649843437,0.677395428285669,0.019833094566683,2
CSE1L,-0.735108655512836,0.462273323362253,0.677632845563721,0.0340851758711143,2
TCP11L1,-0.734785855300658,0.46246992283089,0.677780364695587,0.0875345305949709,3
FBXO4,0.734737379313594,0.462499450858283,0.677780364695587,0.184870782227676,3
RNF10,-0.734420087857164,0.462692747586452,0.677971657545965,-0.0377582630912728,3
DLG2,0.733786129301931,0.463079095592986,0.678445733160917,0.00868502923361792,3
HEXB,-0.733084426812838,0.463506937817716,0.678980464104552,0.132616180062203,3
PHGDH,-0.732298558543984,0.463986358951677,0.67937814335986,-0.180192358141332,2
PCBP1,-0.732248213630798,0.464017081414538,0.67937814335986,-0.086597529559818,2
FGF4,0.732243021062397,0.464020250190163,0.67937814335986,0.270787749966841,3
PTBP1,-0.73222706243803,0.464029989049162,0.67937814335986,-0.130226176433865,3
IMP4,0.732050244568482,0.464137900971444,0.679444044761288,-0.00334766491589112,3
TAPBPL,-0.731695745830898,0.464354293579834,0.679668709925388,0.0997568472410871,2
MUC1,-0.731308559982948,0.464590703145737,0.679922608776622,-0.0234357289640133,3
FARP1,0.730920057364871,0.464827984001984,0.680177713788869,0.0865014765812653,2
SIPA1,0.730724723663751,0.464947310968984,0.680211133248872,-0.0724422373087795,2
DECR1,-0.730676513981577,0.464976764294545,0.680211133248872,0.124531885113333,2
NUP188,0.730306439802885,0.465202892747628,0.68044978300066,0.197220566325067,3
IL13,0.729873970418551,0.465467224334557,0.680744240084197,-0.0363183689099922,2
ACTA1,-0.729434615303137,0.46573585003301,0.681044896718096,-0.589044337239423,3
C1orf106,0.728551922817833,0.466275796455842,0.681742170183542,0.453310830260498,3
HERC4,0.728221486225498,0.466478015166295,0.681888274575511,-0.0409552133737447,3
PCDHGB6,0.728182337503333,0.466501976403724,0.681888274575511,-0.10050952207984,2
OMP,-0.727992203175591,0.466618359106248,0.681966109466337,-0.0880552003490597,2
EHMT1,-0.727757794713816,0.466761864525026,0.682083557981512,0.0855484197173586,2
MUC4,0.727641547781488,0.466833040255549,0.682095174226482,0.263143721998927,4
DCLRE1C,-0.727538557444293,0.466896104261304,0.682095174226482,-0.0820135665742813,3
MOCS2,0.727194968613634,0.467106527962718,0.682310306295238,0.180543457932575,3
EP400,-0.726115182038444,0.467768162609297,0.683184382437213,0.058265939080439,3
GZMM,-0.725209320915309,0.4683236254915,0.68388209898571,-0.36307007934761,3
FEM1B,-0.725024814660296,0.468436807207252,0.68388209898571,-0.220112478870848,2
PRPF4B,-0.725004236048685,0.468449431688455,0.68388209898571,0.0247043118253696,2
MRPL34,0.724901207620799,0.468512639972659,0.68388209898571,0.269202531058504,3
WARS2,-0.724820049240582,0.468562434233775,0.68388209898571,-0.0504752811349818,3
COQ10B,0.724215571374829,0.468933400326808,0.684331071376679,-0.0145491843210718,3
RABEP1,0.723976541561934,0.469080136961767,0.684441605299277,0.4180547504095,2
GPX1,0.723885768196386,0.469135867953698,0.684441605299277,0.229183216931782,3
APBA3,-0.723681446916072,0.469261325942221,0.684532186742454,-0.164035889513053,3
SLPI,-0.723402199230643,0.469432820478956,0.684571848758803,0.0937185665031113,2
DGCR5,0.723348100049879,0.469466048445479,0.684571848758803,0.15792424209924,2
TMCC1,0.723327602078082,0.469478638734051,0.684571848758803,0.11089036098547,3
DACH1,0.723013139112534,0.469671811947522,0.684581168684771,0.482417717788636,2
PTPN21,0.722951367092977,0.469709763388824,0.684581168684771,0.295223337403934,3
SV2B,-0.722828328287642,0.469785360916296,0.684581168684771,-0.0388838839423587,2
SCARA3,0.722818510975011,0.469791393161145,0.684581168684771,0.0390223667052847,2
MS4A1,0.722801399548273,0.46980190737458,0.684581168684771,0.35384795072468,3
METTL10,-0.722557415793226,0.469951838725444,0.684707278380395,-0.0951665868701147,2
RPP14,-0.72241407748468,0.470039934401352,0.684743273284343,0.0248463097747928,3
ADH1B,0.722214509185476,0.470162604203115,0.684761538573723,0.162916529272191,2
PROP1,0.722187419780693,0.470179256767386,0.684761538573723,0.163158943835104,3
NPY,-0.722078591461617,0.470246159659352,0.684766650935605,-0.044169196997045,3
INPP5F,0.721520280826788,0.470589467290442,0.68505797737602,0.203360570352025,2
SLC24A1,-0.721484138839234,0.470611695922885,0.68505797737602,0.100560494177908,2
CA9,0.721443844044536,0.470636479365622,0.68505797737602,0.18226730252132,3
ZNF654,-0.72115368331755,0.470814964924065,0.685225444773612,-0.290443785577017,2
COG5,0.720733048129465,0.471073775103983,0.685509755984538,0.0513863882788813,3
MDN1,-0.720563030670649,0.471178406428789,0.685547072291901,-0.0481026175160322,3
CSH1,0.72044731982992,0.471249623967621,0.685547072291901,0.151471651870671,2
SUCLG2,-0.720382027053884,0.471289812890174,0.685547072291901,-0.0342216988373564,2
WNT6,0.719162257053933,0.472040951532163,0.686547240938524,0.0688847492531149,4
PACRG,0.718915346102013,0.472193080403613,0.686676043957974,0.0188480629424602,2
HNRNPL,0.718782659988132,0.472274843254542,0.686689746987338,0.121474834328751,2
SNCB,-0.71863269691656,0.472367261771415,0.686689746987338,-0.0321529116678162,3
LYPD3,-0.718590586555045,0.472393215132652,0.686689746987338,-0.0930901834718254,3
ERCC3,0.718307055535065,0.472567980763951,0.686851362784203,0.0404749451137073,3
ALG9,-0.718195233664365,0.472636916413814,0.68685913777775,-0.114365065390664,2
FKBPL,-0.717388642489757,0.473134325571315,0.687489505625685,-0.0273288753063201,2
PCK2,-0.717184128023058,0.473260491442862,0.687580340089548,-0.245709774469752,2
BBOX1,-0.716069227660338,0.473948603737508,0.688487468742947,0.155721499953199,2
DLX6,0.715790642740864,0.474120631132946,0.68857763987085,0.318899169568425,2
NDUFB8,-0.715762247081819,0.474138167502257,0.68857763987085,0.0192787777066843,2
DUSP13,0.715454914342271,0.474327990458379,0.688760714199678,-0.0859631396673988,2
ABL1,-0.714967065503082,0.474629394249525,0.68891262496134,-0.353281978846141,2
TRIM17,-0.71495114059818,0.47463923477998,0.68891262496134,0.247063871291046,2
ZNF10,-0.71490593004265,0.474667172502325,0.68891262496134,0.100109983908526,2
RPL3L,0.714872692301313,0.474687712237294,0.68891262496134,-0.103118970825118,2
MLANA,0.7146980521792,0.474795641603226,0.688915436305032,0.210420845660718,3
AKR1C1,0.714663166898749,0.474817202674594,0.688915436305032,0.315554148387461,3
CNGB1,0.714303812954711,0.475039334971273,0.68914516470047,0.16674835137135,3
SLC26A1,0.713699784577625,0.475412839651172,0.689369774227857,-0.0915320767257754,2
AKAP10,0.713640348716474,0.475449600887618,0.689369774227857,-0.0809016287853649,2
CCDC90B,-0.713484377667525,0.475546076806327,0.689369774227857,0.0868166235780304,2
SGCD,0.71345619505759,0.475563510309792,0.689369774227857,0.423336781430398,2
SMPD3,0.713411193022268,0.475591348881972,0.689369774227857,0.18282288713769,4
HRH1,0.713369550067744,0.47561711029959,0.689369774227857,0.13409888545815,4
A2M,0.713314017691445,0.475651465266468,0.689369774227857,0.277469148599633,2
FRS3,0.71322795274454,0.47570471182137,0.689369774227857,0.220856523350351,2
PAQR3,0.712625229265612,0.476077695623884,0.689817742203782,-0.00910805954348794,2
DPYS,0.712293367951312,0.476283130005616,0.690022850096656,0.268493803209174,2
VAV1,0.711908073799165,0.47652170220805,0.690275905491667,0.428376273972211,3
CAMK2N1,0.711639103944015,0.476688285783085,0.690424626311194,0.44364655491073,2
XRCC3,-0.711401385062611,0.476835540951571,0.69054531617628,0.0915512728377214,2
GMFB,-0.711216214217169,0.476950262449064,0.690604746308602,-0.00310173208252913,2
DRD5,0.711128767571355,0.477004444751757,0.690604746308602,0.188723683776597,3
RLN1,0.71090410599185,0.477143661441524,0.690713727002324,0.392631357405148,2
CNTNAP2,0.710575066957488,0.477347598142108,0.690916354700663,0.250496217226582,3
VTCN1,0.709955714730985,0.477731598817959,0.691359903210597,0.337133967424767,3
DARS2,0.709874366560786,0.477782047534448,0.691359903210597,0.241836870853785,2
C16orf62,0.709556638080976,0.477979117294723,0.691552427674471,0.148548367762506,3
MRPS18C,0.708976108170657,0.47833930329709,0.691980869722133,0.284174607168579,3
SLC19A1,-0.708647864715073,0.478543025436718,0.692182881731043,0.0944684729030962,3
CPT2,-0.708305354849057,0.478755652457532,0.692397718281733,0.0779580100002381,3
NPDC1,0.707934040878845,0.478986219084982,0.692638438896382,0.246177075684665,3
CLEC16A,-0.707671776256967,0.479149108277388,0.692751020892837,0.0314817296034709,3
PARP12,-0.707602182158813,0.479192337355238,0.692751020892837,0.0379046865246991,2
ME3,0.707262106676692,0.479403609296473,0.692827143198526,-0.0459738206933777,2
PAGE4,0.707244331550129,0.479414653494066,0.692827143198526,0.0565921395087772,3
TAS2R13,0.707153746170109,0.479470938953842,0.692827143198526,0.132009012050379,2
BZW1,-0.707007798984694,0.479561631198675,0.692827143198526,-0.0416451910871695,4
AHCYL2,-0.707001272697818,0.479565686881631,0.692827143198526,-0.0834146156708312,3
ACP5,0.706626942942811,0.47979834094873,0.693070564178681,0.398175255584756,3
RPL29,-0.706400137666187,0.479939335294983,0.693117763440914,-0.194760951216346,3
RASGRP1,-0.706329979166289,0.479982954163289,0.693117763440914,0.0508468982500314,3
DYNLT1,-0.706163687690984,0.480086349356726,0.693117763440914,0.143556664510768,2
WHSC1,0.706161549711382,0.480087678769202,0.693117763440914,0.177310135483415,3
RPL12,0.705942548715115,0.48022386593752,0.693221729233876,-0.00319386136567343,2
RBMXL2,-0.70548388418416,0.480509157631493,0.693540876634873,-0.00277409308576408,2
ZNF629,0.704856022949297,0.480899840239396,0.694012033970068,0.179423810334734,3
THUMPD2,0.704666559899185,0.48101776637122,0.694089488691146,0.0668549117005999,3
DDR2,-0.704107014142713,0.481366132344079,0.694499393826732,-0.222040299242907,3
FSTL4,0.703406712051046,0.481802324808165,0.694950765703339,0.491052497407074,2
FHIT,0.70339815735853,0.481807654541039,0.694950765703339,0.171370670637171,3
PSMC1,-0.703194955207732,0.481934262696117,0.69503497926951,-0.0541364081768112,2
TNRC6B,-0.70309792381029,0.48199472594963,0.69503497926951,0.0730272800408111,3
PAOX,0.702348602070953,0.482461790323252,0.695615624542415,0.104347793691334,3
ARHGEF11,-0.702056444847937,0.482643963279692,0.695706333769189,0.116361020188797,2
CYP2U1,-0.702041128627917,0.482653514651574,0.695706333769189,-0.0215539928672134,3
SATB1,-0.701897818525651,0.482742889464303,0.69574232047944,-0.0448430694307864,3
MAN2B2,-0.70141212503951,0.483045857264727,0.696086092605867,-0.111703335351016,3
ACAT2,-0.701207409284015,0.483173586594027,0.696118739323218,-0.084258566538581,2
DLK1,0.701169247141315,0.483197399319153,0.696118739323218,0.111663417067695,2
HIST1H3C,0.700703301133199,0.483488195489893,0.696444790996376,0.49853197215814,3
ANKRD26,-0.700297831003351,0.483741326031568,0.696716507172399,-0.102033554255852,3
ZNF24,-0.699754757437862,0.484080473500798,0.697112021697856,-0.0241905435623794,2
MYD88,0.699523966823886,0.484224640435104,0.697196621541416,0.120545414710005,3
BCL7C,-0.699430419338782,0.484283082951463,0.697196621541416,0.0612999279277723,2
MTNR1B,0.699350762937022,0.484332850217255,0.697196621541416,0.394178539950386,2
EIF6,0.69917499510575,0.484442675234119,0.697261795853291,0.181506880029617,3
TRMT12,-0.699005806799964,0.484548401915062,0.69732105482101,0.109619081613879,3
KIAA0754,-0.698856894900825,0.484641468106921,0.697355555057317,-0.32513404215062,3
LGALS4,-0.698701492319541,0.484738601140056,0.697355555057317,-0.00613953061108446,2
KRR1,-0.698627632091199,0.484784770531837,0.697355555057317,-0.00575718076257436,2
TTBK2,-0.698540653770145,0.484839142984956,0.697355555057317,-0.290754536855477,3
TMEM131,0.69841631261636,0.484916877671915,0.697355555057317,0.0788931568192347,3
F11,0.69830203140312,0.484988329113063,0.697355555057317,0.152530090999314,2
RRM1,-0.698098400657946,0.485115658223674,0.697355555057317,-0.121970239271063,3
CD47,0.698073108619344,0.485131474450912,0.697355555057317,0.254834810828216,3
PTOV1,-0.698038052304745,0.485153397172351,0.697355555057317,-0.046278489317653,3
DLAT,0.697245946357952,0.485648889370578,0.697974893957022,0.0965718099416877,2
RPL23AP7,-0.696820263263493,0.48591528332068,0.698050372366729,0.172874668580428,2
SPTBN5,0.696779364462985,0.485940882092952,0.698050372366729,0.134895043928314,2
ROBO3,0.696776008288671,0.485942982772325,0.698050372366729,0.49064979370743,2
LTB,0.69674898643061,0.485959896333809,0.698050372366729,0.220832469314918,3
MPO,0.69659677197529,0.486055176580417,0.698094404656517,0.437836186595872,3
HCG18,0.696430043730293,0.486159553481252,0.698151488527583,0.341587701928111,2
LGALS3BP,0.695909056299607,0.486485785400262,0.698527110712964,-0.0395406226114779,2
PIP,-0.695749500429299,0.486585719763158,0.698577743870498,-0.254617355168535,3
PITX3,-0.694813869804646,0.487171954969169,0.699326439545111,-0.0463370712962354,3
LMO3,-0.694526039018448,0.487352376911598,0.699470785036083,-0.169026808206784,2
SEC23B,0.694379559050834,0.487444209293653,0.699470785036083,-0.00986713400554788,3
KCNMB2,0.694343572221731,0.487466771871101,0.699470785036083,0.503071103734487,3
ATF4,0.69420286351289,0.487554997090391,0.699504459897782,0.0822608970658764,3
AQP8,0.693739047954694,0.487845873296564,0.699781394135873,0.426893574639519,3
RPS15A,-0.693688490304779,0.487877585561679,0.699781394135873,-0.0123210846168299,3
HSPB3,0.693132792628764,0.48822621998656,0.700171957013099,0.0229151909491043,2
PRKCA,0.692995567076146,0.488312333436286,0.700171957013099,-0.110985824164898,2
C11orf16,0.692944571932475,0.488344336616987,0.700171957013099,0.425358528367925,2
UTY,-0.692036308709741,0.488914527595062,0.700723591608807,-0.499776362275958,2
CDV3,-0.69202919029415,0.488918997821906,0.700723591608807,-0.164815364286276,2
BTC,0.691971558742413,0.488955190128784,0.700723591608807,0.126760461406391,3
GP5,0.691918422347337,0.488988560780151,0.700723591608807,0.315267443158327,3
VPS53,-0.691420985658268,0.48930101983703,0.701008092692258,0.152413547770284,2
NADK,-0.691318890340401,0.48936516311615,0.701008092692258,-0.213611149602496,3
SARDH,-0.691292437010335,0.489381783650465,0.701008092692258,0.337877498285647,2
VRK1,-0.691159521438095,0.489465298637504,0.701029533487211,0.264954102188094,2
CYP27A1,-0.691052796159909,0.489532363002174,0.701029533487211,0.0168329108816839,3
DST,0.690958778699317,0.489591446086606,0.701029533487211,0.0696794809852753,2
PCDHGA3,-0.690755526512105,0.48971918830997,0.701057383901622,0.208131665516318,2
PRIM1,-0.690681118084834,0.489765957841352,0.701057383901622,0.0425916882053809,2
SMOX,-0.690618054206207,0.489805598621139,0.701057383901622,-0.378475760446774,2
MAPK14,-0.690450481917,0.489910939830504,0.701071724072806,-0.180545945628554,3
SLC38A4,0.690311569347772,0.489998273878963,0.701071724072806,0.236245402617091,3
POLE2,-0.690292404060842,0.490010323713172,0.701071724072806,0.299635079431331,2
FER,0.690008332537306,0.490188947336658,0.701234407248123,-0.0684988031730731,2
SP100,-0.689374384056694,0.490587699166882,0.701708387962832,-0.0378040544860773,3
PSMC5,0.689135714761006,0.490737866657942,0.701708387962832,0.0498570966941757,2
SPRR2C,-0.689112615894302,0.490752401463343,0.701708387962832,0.09347937346479,2
PRCP,-0.689031314565398,0.490803561614059,0.701708387962832,0.0925737859055589,3
ZBTB43,0.688965335107821,0.49084508234097,0.701708387962832,0.1219505520052,2
RALYL,0.688702917604413,0.491010239777363,0.701851609114076,0.327430431808936,3
SH2D3C,-0.688336795668439,0.491240715442874,0.702053701044894,-0.0531489594338794,3
LY6G6E,-0.688190420734129,0.491332875482124,0.702053701044894,0.0905764518117265,3
BSN,0.68816862278416,0.4913466006202,0.702053701044894,0.0333960429131487,2
SGSM2,-0.687995063889824,0.491455889792425,0.702116984729238,-0.0733471042152162,4
RMND5B,-0.687805072940024,0.4915755411108,0.702195053567689,-0.0419016088328458,3
SFT2D2,-0.687656903468472,0.491668865211405,0.702235499406796,0.0967604264659103,3
SEMA4C,0.687498623409192,0.491768567940281,0.702285043745493,0.0857405664992607,2
DHX9,-0.686764125504558,0.492231379982549,0.702718584414987,0.0436251346695953,2
UPK3A,0.68651978365889,0.492385393182203,0.702718584414987,0.342098360742183,2
IFI6,0.686389221010096,0.492467699834482,0.702718584414987,0.512102788576827,2
C3AR1,-0.686337222858027,0.492500481506913,0.702718584414987,0.706563170389174,2
UBE2L3,0.686318436947261,0.492512325168814,0.702718584414987,-0.0544237651062762,2
DKK4,0.686264160526382,0.492546544840309,0.702718584414987,0.149850567038321,3
CAPZA2,0.686116691800487,0.492639525928702,0.702718584414987,0.114493106162945,3
ZNF7,-0.686010134395203,0.492706717714197,0.702718584414987,-0.0934380647347081,2
LFNG,-0.685918467206878,0.492764524122278,0.702718584414987,-0.195485754302812,3
EIF4G3,0.685890381254684,0.492782236181811,0.702718584414987,0.157685442067518,3
EFEMP2,0.685881637910579,0.492787750133635,0.702718584414987,0.192532587266173,3
DCK,0.685610821915905,0.492958555432323,0.70282661314409,0.224468204196663,2
SLC4A4,-0.685555208253981,0.492993635233547,0.70282661314409,0.0826710049975305,3
EPHA1,-0.684942376937489,0.493380283499495,0.703285012188117,0.161839613615841,3
PIAS1,-0.684696615940052,0.493535384928441,0.703413277212959,-0.0858036734608312,2
C7orf26,-0.684282624119892,0.493796716983198,0.703598999703452,-0.0150001243148898,3
XPNPEP1,0.684207625113605,0.493844067977381,0.703598999703452,-0.00898546367648091,2
P2RY2,-0.684124815148298,0.493896353281883,0.703598999703452,-0.14973884038583,3
SNX5,-0.684020896628415,0.493961970487377,0.703598999703452,-0.0937845648696649,2
GATA3,0.683974333636655,0.493991373241157,0.703598999703452,0.222776914980186,2
ZBTB44,-0.683733297619607,0.494143593264494,0.703723018384055,0.162364390434619,2
PIK3R5,0.683156705268008,0.494507826939305,0.704068299610834,0.466456334143625,3
SEC61A1,0.683142338257215,0.494516904419786,0.704068299610834,0.0108817453783426,2
HSPE1,0.683039975272722,0.494581582803834,0.704068299610834,0.249380292322782,3
CHRM4,-0.682885602298001,0.494679132421673,0.704114374544593,-0.0883723780929073,2
EIF3G,-0.68221396334932,0.495103666572347,0.704625797933398,-0.218913066649278,3
KIAA0319,0.682019284818233,0.495226756688868,0.70470813143896,0.442664740399121,3
RETN,-0.681626741002686,0.495475001523704,0.70485821499331,-0.0515788611487214,3
NRG1,0.681545758733418,0.495526223003534,0.70485821499331,0.424868696110169,3
TCEB1,-0.681542974421081,0.495527984138048,0.70485821499331,-0.120933183341016,3
SYNPO,-0.68139058938494,0.49562437588735,0.704902502743273,-0.134925009635184,3
RASSF8,0.680808632985446,0.49599258677179,0.705333323105434,-0.0460212251713152,2
KCNK13,0.680619429082575,0.496112329814388,0.705403314862554,0.333079411370262,3
PIGR,-0.680524504627933,0.496172411250295,0.705403314862554,0.0261526450597441,2
DNMBP,0.680324534960587,0.496298992649685,0.705419425351565,0.0779352973122455,4
GUCA1B,-0.680201233426763,0.496377051474058,0.705419425351565,0.202711544917567,3
CHMP4A,-0.680197118334403,0.496379656739237,0.705419425351565,-0.128584346737792,3
GUCY2D,0.679452695794322,0.496851070643923,0.705996483174908,0.213416884855562,3
SLC7A7,0.679136358757387,0.497051466829603,0.706044577332215,0.0138630540011476,3
ZNF787,-0.679122179582463,0.497060450196085,0.706044577332215,-0.0536045029131916,2
GPR39,-0.678978779793095,0.497151307512929,0.706044577332215,-0.0797953302591305,3
CHD8,-0.678847250826638,0.497234651320354,0.706044577332215,0.0190703194527161,2
BRCA1,0.678811974304979,0.497257005682129,0.706044577332215,-0.223655415809135,3
WWOX,-0.678780278115546,0.497277091681494,0.706044577332215,-0.00645783333798519,2
STK11,-0.678375497054222,0.4975336410204,0.706315992942878,-0.000166085313002035,3
AMIGO3,-0.678120090426018,0.49769555342984,0.706430824615075,-0.161428610723218,2
GRM8,-0.678041586995343,0.497745325508733,0.706430824615075,0.205223101087376,3
HCG9,-0.677476014891626,0.498103983023691,0.706846981689689,-0.466287857064804,2
HAND1,-0.677307932281151,0.498210599098009,0.70688272243258,0.00802406446186907,2
SLC25A11,-0.677229980008935,0.498260048935537,0.70688272243258,0.0654173766436234,2
RPL41,-0.676936466115502,0.498446265956916,0.707037873567475,-0.149011397049423,2
PRKCI,-0.676851279138275,0.498500318930743,0.707037873567475,0.120835764945807,2
FDX1,-0.676373308517856,0.498803659392589,0.707375230242714,0.244674576657676,2
CXCR5,-0.676128459858141,0.498959088747797,0.707467043334654,-0.176141128080279,2
RAP2B,0.676064980816892,0.498999389295198,0.707467043334654,0.439682934893017,3
FZD3,-0.675955431299802,0.499068942389356,0.707472797334623,-0.238721952054076,3
SLC25A21,-0.675849991658817,0.499135890983629,0.707474858208261,-0.36907688922332,3
GFRA4,0.675603608393127,0.49929234992279,0.707603773795064,0.17122542836462,3
HIST1H2AM,0.675347853502519,0.499454787606211,0.707741127603607,0.33261510083093,3
IGSF1,0.675125006951081,0.499596347081996,0.707848864268064,0.338115146250284,3
SNPH,0.674874284092955,0.499755639968852,0.707981694812268,0.262489005062531,2
PAPOLB,0.674559270410259,0.499955817245137,0.708172402030155,0.132945901754557,2
SEZ6L,0.674204164688775,0.500181522247228,0.708399213755678,0.123342720692185,2
HTR3A,0.673988123150615,0.500318864572822,0.708500835751917,0.202177562416225,3
RELB,0.673745011567473,0.500473439832986,0.708567260601729,-0.004449938287893,3
SOSTDC1,-0.673466256317009,0.500650709218722,0.708567260601729,0.0477040139404964,2
COG2,0.673441266120095,0.500666602910511,0.708567260601729,0.173779529196299,3
RBM38,0.67335152015233,0.500723683287375,0.708567260601729,0.0591034897639218,3
IL18BP,0.673298238668247,0.500757573095738,0.708567260601729,0.214611994654308,3
FPGS,-0.673295449626551,0.500759347105499,0.708567260601729,-0.287227475987736,3
AP4S1,-0.672980974755009,0.500959394696247,0.708757482843335,0.104483842227109,2
TET3,-0.672821183144305,0.501061059508637,0.708808481510253,-0.0670273660960725,3
SYT1,-0.672647928136212,0.501171302539465,0.708871600108852,0.120439884352984,2
SCML2,-0.672423700364154,0.501313998870091,0.708980599082839,0.0983521563552645,2
SLC10A2,0.672313142139239,0.501384364948385,0.708987290243809,0.29766544322758,3
COX7A1,0.672131716813411,0.501499846557675,0.709057767345028,0.0305210340543949,2
COMMD3,-0.671896437249604,0.501649628665951,0.709176716247821,0.0500957647813515,2
NPEPL1,0.671349441483794,0.501997944980162,0.709576262977716,0.285060651819052,3
QSOX1,-0.670994224021927,0.502224209102656,0.709695809531957,-0.0818870515792017,2
MARK1,0.670878626774479,0.502297853122934,0.709695809531957,0.236452586226377,3
NR2E3,0.670816341329235,0.502337535938974,0.709695809531957,0.211081355675785,3
MXRA7,0.670804122015305,0.502345321207308,0.709695809531957,0.0799033489362809,4
DZIP1,-0.670296926052326,0.502668526299634,0.710045388048079,0.0279013006881209,2
ERCC2,-0.670209530021489,0.502724229567831,0.710045388048079,0.18464376401318,2
MAP4K3,0.669956169202676,0.502885731606714,0.710056412659457,-0.0764096225575571,2
IL10RA,-0.669895617985306,0.502924333366696,0.710056412659457,-0.0191758494990885,3
PPP2R1B,0.669887926958246,0.502929236554111,0.710056412659457,0.0372092125343241,3
KIF3C,-0.66973527206541,0.503026562404269,0.71010100981324,0.202974801768812,3
PDE1B,0.669575808942564,0.503128239500247,0.710111807709119,0.173484818512604,2
DVL3,0.669517079575481,0.503165689335826,0.710111807709119,-0.0150682439918714,3
AGTPBP1,-0.669118914614302,0.50341962520405,0.71037737314881,0.0967461977111312,2
SNAPC5,0.668984511203606,0.50350535833599,0.710405548686699,0.0570770874808115,3
SHH,-0.668818197295571,0.503611457180052,0.710443469127861,-0.0138089145329514,3
RAB3GAP1,-0.668736195556822,0.503663773984555,0.710443469127861,-0.0297448667882016,2
MKNK1,0.668196109336544,0.504008418651762,0.710836785256082,0.147324123567066,3
AGER,-0.667815880291976,0.504251128444112,0.711086251886853,0.119579833936176,3
ZYX,-0.667446252718284,0.504487130133836,0.711326194975291,-0.104197677629722,3
POLR2G,-0.666956603373759,0.504799853592238,0.711674238906729,0.151534298866676,3
SIM1,0.666419618260925,0.505142926331812,0.712023939497058,-0.0970413873443145,2
USP1,0.66632011915394,0.505206508491012,0.712023939497058,0.180872126503457,3
MAGEA10,0.66625887244566,0.505245648606272,0.712023939497058,0.074138846669779,2
TRIM3,0.665908788792704,0.505469402541403,0.712232731953828,0.162852810987515,3
EFS,0.665820756083084,0.505525676346047,0.712232731953828,0.0359200636312209,2
CHODL,-0.665180215655304,0.505935233075812,0.712716795472734,-0.335534423837163,3
UBR4,-0.664415681895843,0.506424298689937,0.713312723229717,-0.095548638014681,2
SLC30A10,-0.664042082719839,0.506663377235593,0.713526407760654,0.319616556322839,3
PKP1,0.663972180698534,0.506708116453618,0.713526407760654,0.223980027679016,2
LAMA1,-0.663514077862209,0.507001366270767,0.713846292812412,-0.0826669627557367,3
FEN1,0.663186579742726,0.507211065471938,0.714048472465512,-0.294786930721661,2
DDX10,0.662514686887437,0.507641425460886,0.714561203782706,0.0592302618681725,2
INHBC,0.662264261535525,0.507801876624203,0.714670879524396,-0.0224382508508574,3
MBOAT2,-0.662186564436453,0.507851663694618,0.714670879524396,0.0271617536124877,3
MAPK13,-0.661877624447369,0.508049652887151,0.714730476141911,-0.0696130796320196,3
PDE4D,0.661701808668722,0.508162345352927,0.714730476141911,-0.345276695472563,3
FPGT,0.661661172583875,0.508188393689501,0.714730476141911,0.165635305968695,3
SPINK2,-0.661608701461167,0.508222029497944,0.714730476141911,-0.06274535118275,2
ARSE,-0.66149714407085,0.508293545532358,0.714730476141911,0.0971782870460417,2
ETV5,0.661476649903855,0.508306684290498,0.714730476141911,-0.0558283101087748,3
KCTD15,0.66139788947286,0.508357179059276,0.714730476141911,0.110366301003662,3
PIGQ,0.661207487705188,0.50847926001911,0.714809079480274,0.137007042727538,3
KNTC1,-0.661100980627619,0.50854755645796,0.714812063091592,0.0579951164597888,2
SH3BGR,-0.660890931056634,0.508682262424125,0.71486478511891,-0.218434639856905,3
FBXO40,0.660767913891705,0.508761162704555,0.71486478511891,0.308822680600675,3
SFRP5,0.660670456829062,0.508823673897264,0.71486478511891,0.453646830624625,3
IFNA2,-0.660629757059314,0.508849780853481,0.71486478511891,0.140660056472764,2
LACTB2,-0.660233989095194,0.509103683675799,0.71506590992745,0.00864510947422191,2
PLA2G7,0.660200238707955,0.5091253391272,0.71506590992745,0.441292286876546,2
PFAS,0.659713994719477,0.509437384148262,0.715311015913462,0.166965990251769,2
RAB14,0.659647666971076,0.509479957460578,0.715311015913462,0.038523671170415,4
VWF,0.659618756248366,0.509498514760061,0.715311015913462,-0.00480705784642847,3
MS4A5,0.659447175595393,0.509608656735114,0.715372671871695,0.148009399014022,3
NAGK,0.65899356378515,0.509899901690266,0.71568850546495,0.292358202297243,2
FCHO1,-0.658877690759269,0.509974312822222,0.715699951553286,0.139168953911318,2
OR7C1,0.658609955605903,0.510146268230938,0.715848270905507,0.135158520715692,2
PSMD7,0.658276150213088,0.510360700340919,0.716056148211795,0.0223078505021116,4
TBX21,-0.657783016286325,0.510677569191994,0.716175176269235,-0.118709032230729,2
HNF4A,-0.657735974806753,0.510707801604992,0.716175176269235,0.000238902659099017,2
FUT2,0.657724669777987,0.510715067211006,0.716175176269235,0.314134819698379,2
HOXB9,0.65768681631387,0.510739395570399,0.716175176269235,-0.103454502956055,2
CD3D,0.657628249750154,0.510777037398462,0.716175176269235,0.32697430724705,3
ALDH3B1,0.657517558055007,0.510848184984825,0.716181971993002,-0.00773475795737499,2
CBX8,0.656969921983759,0.511200256715841,0.716582555546913,0.388374183938563,3
NEDD8,-0.656578056425572,0.511452262344805,0.71684278420249,0.187718590933961,3
LRRTM2,0.656459386243415,0.511528590990124,0.716856751410913,0.41915689318226,3
PDPK1,-0.656295533021489,0.511633991133961,0.7169114505421,0.0987403793055129,3
ANKRD49,-0.655768917888198,0.511972818077073,0.717293175209927,-0.0624028399253233,3
SLC38A10,0.655007066140269,0.512463204600641,0.71780203061493,0.0881000860001258,3
STIM1,-0.654998191061532,0.51246891872823,0.71780203061493,-0.0750074907619195,3
DUSP4,0.654574176829472,0.51274195460153,0.717844046267057,-0.0101622774967829,2
VPS54,0.654542761726609,0.512762186773569,0.717844046267057,0.0404141518118233,4
KLKB1,-0.65452021467487,0.512776707938374,0.717844046267057,0.20151683464515,2
MARCO,0.654476654026711,0.512804763270981,0.717844046267057,0.824372686011532,2
RNF125,0.654347259214693,0.5128881050049,0.717844046267057,-0.212250867209906,2
OR5I1,-0.654332450049722,0.512897643870501,0.717844046267057,0.258057684117772,3
SPINK1,0.654107383668463,0.513042624795618,0.717953936137099,-0.146491152750345,2
HOOK2,0.653606914424879,0.513365088376121,0.718312135315914,0.102946024532459,2
ASB1,0.653315712289252,0.513552765010406,0.71838721899249,0.0196188376987444,3
CLN5,0.653221592576349,0.513613431786039,0.71838721899249,0.15138276129975,3
SLC25A24,0.653214095373089,0.513618264421311,0.71838721899249,0.171804215964263,3
PPP3R1,-0.653088610542329,0.513699154419357,0.718407336359126,0.0143231391504076,2
MYL6,0.652962596623393,0.513780392149493,0.71842793475713,0.276271162852338,3
SV2A,-0.652614378392266,0.514004913683832,0.718597586704162,-0.111595203086232,3
HLA-DMB,0.652533628074355,0.514056986556314,0.718597586704162,0.689099127626199,2
ACTN4,0.652464927075347,0.514101291432121,0.718597586704162,0.052763404235466,3
COX6A1,0.651794712496316,0.514533613100542,0.719108822449483,0.111919716216977,3
RBBP4,-0.651418711221131,0.51477623530645,0.71923705530951,0.0208594231242297,2
CD79A,-0.651372119542551,0.514806303640938,0.71923705530951,0.0670460356325205,3
GDPD2,0.651342968777664,0.514825116798105,0.71923705530951,0.213678527472522,2
SUSD5,0.651207631620545,0.514912464612383,0.719266060098663,0.10729409994566,3
HRH2,0.650919133706168,0.515098689448114,0.719433157928436,0.29300085644757,3
RRP12,-0.650711950052295,0.515232447666297,0.719495792068521,-0.203029958025711,3
ST5,-0.650553353235267,0.515334850303159,0.719495792068521,0.0355404346361115,2
ZNF510,-0.650540179031852,0.515343357085183,0.719495792068521,-0.0144664355853363,3
PSMA3,-0.650281311572537,0.515510526501569,0.719636173077015,-0.0307100894230233,2
TSPAN3,0.650139261402516,0.515602270515702,0.719671239967775,0.366878060962103,3
GSTA4,-0.649807949275874,0.515816283505407,0.719876937264264,0.080776392622227,2
NUFIP1,0.649490689436771,0.516021262528125,0.719985296101367,0.0588192106761003,3
TM9SF4,0.649481450725738,0.51602723221781,0.719985296101367,0.0201105801577508,3
CNR1,0.649273585729679,0.516161555826301,0.720079701154036,0.534333836873049,2
ZNF721,-0.64848141788402,0.516673625614967,0.720700994820877,0.0527265722708386,2
FXR1,-0.648289366815665,0.516797810089216,0.720781141973365,-0.0856035087777859,3
MPZL2,0.647703822269298,0.517176531590005,0.721216226986216,0.506174456403562,2
SSSCA1,-0.647158248577816,0.517529529823719,0.72152223679546,-0.168693893477083,3
TEX12,-0.647158204297536,0.517529558479099,0.72152223679546,-0.0797028371381137,3
FANCC,0.64664060299892,0.517864573199965,0.721559175388134,0.208508018195285,3
CXCL9,0.646625611780677,0.51787427785857,0.721559175388134,0.193773604851041,4
MYH14,-0.646611180704318,0.517883619994701,0.721559175388134,0.174534063114603,2
LYN,0.646595777025776,0.517893591853095,0.721559175388134,0.132771415762297,3
SIRT5,-0.646515906810076,0.517945298918429,0.721559175388134,0.0197882327934092,2
CNTN6,0.646430094579049,0.518000855752048,0.721559175388134,0.250861162023425,3
ELAVL4,0.646338759561306,0.518059991552011,0.721559175388134,0.145179378162634,3
IFI27,0.646274186049001,0.518101802445666,0.721559175388134,0.293211666565229,3
RPS23,0.646188568995434,0.518157241574315,0.721559175388134,0.0401820354434237,2
PNLIPRP2,-0.645905772404859,0.518340381054627,0.721688708762216,-0.0316414396470223,3
GLG1,-0.645838607890753,0.518383881807632,0.721688708762216,-0.00181848887619621,2
ULBP1,0.645459795065421,0.518629264601876,0.721854085257985,0.149284755302839,3
RUNX2,0.645448900709442,0.518636322503908,0.721854085257985,0.0472822693665312,2
OR2B2,-0.645147411400291,0.518831661862548,0.722032931131054,-0.152438430213199,3
ACTN2,0.644903358556016,0.518989815120355,0.722159987495823,-0.0686157506302487,3
PLAG1,0.644769462904496,0.51907659392669,0.722187708345712,-0.0208067354717319,2
MAN2A1,-0.644309076611761,0.519375031002993,0.722509862832496,-0.0444336096824493,3
SLC13A3,-0.644012381428969,0.519567405199223,0.722644851155888,0.206419174695631,2
HSPA4,0.643953071644003,0.519605865481187,0.722644851155888,0.329534629313951,3
ARID4B,0.643329680749017,0.520010201106625,0.723092532723887,-0.104475183428888,2
LOC145783,-0.643220464058202,0.520081056503437,0.723092532723887,-0.180647210946743,3
THAP9,-0.643147207226422,0.520128585379059,0.723092532723887,-0.0654663820766245,4
GFPT1,-0.642761281352408,0.520379010229777,0.723274165918264,-0.132136391680911,3
PDHA1,-0.64261199435947,0.520475898278007,0.723274165918264,0.162479918103211,2
PDIA6,0.642543238153239,0.520520524546071,0.723274165918264,0.0102176915068533,2
ALOX12,-0.642533160069467,0.520527065899702,0.723274165918264,0.0772296625064425,2
FN3K,-0.642191009234934,0.520749169912235,0.723311275555178,-0.0664295255051296,2
SFT2D3,-0.642182795021263,0.520754502692175,0.723311275555178,-0.305540344980405,3
ABHD5,-0.642044659958181,0.520844186079732,0.723311275555178,0.150134665657127,2
PLD2,0.641805082140294,0.520999749447458,0.723311275555178,0.2019131932813,2
TSPAN8,0.641726229787938,0.521050955319556,0.723311275555178,0.383277622590753,2
LAMB2,-0.641596903811175,0.521134943831963,0.723311275555178,0.118346993792142,3
SMAD9,-0.641579920355377,0.521145973960471,0.723311275555178,-0.00208120046913716,2
SYN2,0.641516519891901,0.521187151286248,0.723311275555178,-0.101200372781622,2
ZBTB7A,0.641473165290261,0.521215310192195,0.723311275555178,0.0094283910223542,3
RCAN3,0.641460738318309,0.52122338168131,0.723311275555178,0.146862270629288,2
BTNL8,0.641073850400281,0.521474702882201,0.723567082920172,0.173188727116779,4
NPPC,-0.640486108716201,0.521856617353477,0.724004004707457,0.00763231782351932,3
ZNF432,-0.64024649362504,0.522012360475321,0.724007931551394,-0.0430407728528914,2
TMPRSS3,0.640220920430113,0.522028983749582,0.724007931551394,0.268376825789956,3
NETO2,0.640172400353469,0.522060523870932,0.724007931551394,0.96581724177404,2
PIN1,0.639731237678105,0.522347343389574,0.724312709023643,0.0111445378904608,2
QRSL1,0.639596911949948,0.522434690612192,0.724340845590155,-0.0101285853521045,3
RPS28,-0.639323922263749,0.522612229176314,0.72449400661737,-0.0630700484616795,3
HOMER1,0.638645764748834,0.523053402315713,0.724899007168193,-0.185582067809224,2
HIGD1B,0.638641117470593,0.523056426246737,0.724899007168193,0.278693429521652,3
SULT1E1,0.63856539536066,0.523105699025742,0.724899007168193,0.501726124267582,2
GOLGA2,0.638247774729464,0.523312402411766,0.725092428277564,0.0269702151088775,3
GNAO1,-0.638007812213389,0.523468594695091,0.725200868155726,0.214040279621227,2
IAPP,0.637840329044461,0.523577624136336,0.725200868155726,0.156333440749704,2
ELK3,0.637818135340128,0.523592072833411,0.725200868155726,0.149835291444989,3
ZDHHC6,0.637325566266421,0.523912801153801,0.725552061290175,-0.0562757278571997,3
CAMKV,0.636639555437936,0.524359653695949,0.726077807873817,0.202332363787857,3
PRSS3,0.636317748868239,0.524569338769903,0.726161355162092,0.34512774092348,3
SERHL2,-0.636272203740446,0.524599018865907,0.726161355162092,-0.0594985012278007,2
BMPR1A,0.636124035382961,0.524695580722211,0.726161355162092,-0.0509029086878301,2
NUBP2,-0.636117352414294,0.524699936251674,0.726161355162092,-0.0167507446491404,2
ELAVL1,0.63601903271885,0.524764016850133,0.726161355162092,0.183293787197102,3
DGUOK,0.635905892922561,0.524837761519245,0.726161355162092,0.124445369682474,3
SELPLG,0.635824889431884,0.524890562961082,0.726161355162092,0.732372870253924,2
HIPK2,-0.635602299625387,0.525035670251667,0.726176673730001,-0.0381871359718323,2
GJD2,0.635601658964405,0.52503608793106,0.726176673730001,0.0673500459091394,3
NDUFB7,-0.635364864751588,0.525190477738513,0.726207114504401,0.0223567970574394,2
PEX1,-0.635361679095638,0.525192554944305,0.726207114504401,-0.0210597464687392,2
R3HDM1,-0.634875284089472,0.525509757949013,0.726488796153701,0.113658470140467,2
SEPP1,0.63475759021806,0.525586526850986,0.726488796153701,0.258718435196166,2
EPS15,0.634739952472145,0.525598032025659,0.726488796153701,0.147236555339292,2
TCFL5,0.634631145168116,0.525669010328668,0.726493941859042,-0.00521970336427177,2
MYF6,0.634487225681953,0.525762900901587,0.726530747798253,0.0852887689218144,2
MRPL16,-0.63432558943592,0.525868359803049,0.726576292258072,0.281372953032394,2
GRK4,-0.634203658364789,0.525947920382309,0.726576292258072,-0.137182168835238,3
TBCA,-0.634127451107999,0.525997649088884,0.726576292258072,0.0518055129022323,2
TLX1,0.633977954880908,0.5260952091683,0.726618136994755,0.209938123415272,3
HR,-0.633596918424094,0.526343912424606,0.726826104791618,-0.111605659943999,2
SPHK1,-0.633519616305815,0.526394374999317,0.726826104791618,-0.0959010456495666,2
OLFML2A,0.633438020149787,0.526447643389152,0.726826104791618,0.356489595068552,2
SLC28A2,0.633277612615672,0.526552370209625,0.726838349103436,0.370810430030699,2
CCDC69,-0.633138208663937,0.526643392858466,0.726838349103436,-0.043332792122718,2
PUF60,-0.633115265417562,0.526658374230012,0.726838349103436,-0.0179347384404497,2
COX6C,0.632922632511912,0.526784167329033,0.7269190822034,0.182920092876476,3
TANK,0.632728342551219,0.526911058054099,0.727001309119987,0.0507333757207372,2
SHARPIN,0.632368564330807,0.527146070308306,0.727232675794421,-0.00152907989336041,3
RCN3,-0.63225280631699,0.527221696461875,0.727244127848445,0.000869022423622632,2
MLN,0.632038589133713,0.527361661817216,0.727256267658155,0.194827826214093,3
ZNF268,0.632033251647575,0.527365149469202,0.727256267658155,0.343268163514,3
UTP6,-0.631176305544146,0.527925252840108,0.727842684113765,-0.0245201783088006,3
FBXO17,-0.631128898591404,0.527956247060372,0.727842684113765,-0.253507440386612,3
IL3,-0.631073409269887,0.527992526635388,0.727842684113765,-0.0162439859778245,2
EDN1,-0.630830652882768,0.528151258569663,0.727968597048552,-0.0225439273332668,3
MAGT1,-0.630556457718212,0.528330576718744,0.728076153161398,0.132590289510809,3
ARMC6,-0.63050520873603,0.528364095966691,0.728076153161398,0.0295019340172365,2
ZNF586,-0.630180807135674,0.528576295016083,0.728259501804287,-0.0479395020909894,2
CORO2A,-0.630095674142075,0.52863198978406,0.728259501804287,-0.249489301317476,3
RELA,-0.629480411164213,0.529034589147142,0.728721197649506,-0.430201200193795,2
CPD,0.629289304580006,0.529159672120215,0.728800558235695,0.202824938827844,3
C7,-0.629104941221395,0.52928035577782,0.728873840274352,-0.0334544470154275,4
AHSG,0.628496586997055,0.529678681773922,0.729329397134723,0.170015041882795,3
CLCA4,-0.628315302372557,0.529797409153627,0.729386657678937,-0.119553608544373,4
ADORA2B,-0.628223013758088,0.529857856238977,0.729386657678937,-0.0166338194990203,2
IDI1,-0.628068911931407,0.529958797479199,0.729386657678937,0.0587816974067426,3
TPP1,-0.628020729060746,0.529990360685241,0.729386657678937,-0.0250233658824737,2
GOLGA8A,-0.627904137981551,0.530066740083329,0.729398844124856,0.0371527992230568,2
GPR31,-0.627763372592963,0.530158963643252,0.729432827063356,0.182262662728164,2
DHX32,0.627273005150494,0.530480295398627,0.729781985595513,-0.0584673284643581,3
PTK2,-0.626754097334377,0.530820436961703,0.730156928570014,-0.175687414408666,2
ARRB2,0.626650458109794,0.530888385229535,0.730157414979556,0.309996969077169,3
ASCL3,-0.626522265697787,0.530972437238912,0.730180046728801,-0.114266256491157,3
COMMD4,-0.626011692967713,0.531307271803175,0.730547498729365,-0.0367322796106623,3
KRI1,0.625589128148075,0.531584471568352,0.730835619432524,0.00236063361490636,3
EMID1,0.625266801200281,0.53179596521773,0.731010327235522,-0.0354955680718614,2
NFYA,-0.625189191083163,0.531846895180889,0.731010327235522,-0.488372786160444,2
PDZK1,0.624914123508256,0.532027422235342,0.731165421753965,0.445849407264487,2
MGAT4C,-0.624388748652652,0.532372312381891,0.731486265090637,0.283688419420037,2
CD163,0.624352188589488,0.532396316991537,0.731486265090637,0.69523464570532,3
BRDT,0.623991600070543,0.532633101584815,0.731691065941711,0.433905637599504,2
RGS14,0.623918895882991,0.532680850080135,0.731691065941711,0.287099579060966,2
GTF2E2,0.623263126139678,0.533111624897551,0.732189672236916,-0.0419449674067404,2
STAT5A,-0.622981997038674,0.533296352400091,0.732350266797074,-0.139060419136201,3
RPS4X,-0.622682370156151,0.533493270253946,0.732527558825871,0.0963273343200895,2
NAALADL1,-0.622529456912786,0.533593780563887,0.73257244759165,0.018402329421386,2
STX3,0.622026206958875,0.533924635746133,0.732920379962528,0.4012469198938,3
ZMYM4,0.621937585246371,0.533982909674606,0.732920379962528,0.138134704875119,3
HELLS,0.621671044526526,0.534158195051244,0.73306782148946,0.176031861282368,3
TOM1L2,0.621542848718351,0.534242510903688,0.733076459051569,0.0725077630032657,3
GRM3,0.621455114353242,0.534300218673672,0.733076459051569,0.644685283030794,3
CFTR,-0.621351688290745,0.534368251786425,0.733076689839593,0.109652841696757,3
NPFFR1,-0.620717166918666,0.534785732240597,0.733556251385769,-0.183498419134411,3
MRPL52,0.620610930598623,0.53485564602023,0.733559000547298,0.215294125594153,2
FICD,0.620237434218291,0.535101479371875,0.733802993547669,-0.0112395169515005,2
FES,-0.619647455742567,0.535489916131354,0.734204411818614,0.0580697746232995,2
TNPO1,0.619540285297814,0.535560491477131,0.734204411818614,0.0416028849334918,3
NPY2R,0.619447190692271,0.53562180121225,0.734204411818614,0.160957252672545,4
PAK1,-0.619374171541334,0.53566989223871,0.734204411818614,-0.0617654048478614,3
RNF34,0.619276767356948,0.535734046838948,0.734204411818614,-0.0886296768518792,3
CIAPIN1,0.619017102122653,0.535905092479246,0.734345656344135,0.132457260814604,3
SRBD1,0.618791896334663,0.536053461396148,0.734455795281734,0.203998091658894,4
CHGA,0.618518246749703,0.536233773633048,0.734609666808393,-0.0846976162594619,2
VEGFB,0.618331490558371,0.536356847899306,0.734629870807055,0.055942459369868,4
PORCN,0.618270470329353,0.536397063943629,0.734629870807055,0.0553357380530175,3
DLG4,0.618186287924062,0.536452547762086,0.734629870807055,0.091031857461613,3
RPLP2,-0.617793176845519,0.536711681736385,0.734891568781396,0.0360362189369166,2
INPP4A,0.617433651314465,0.536948731637517,0.735122965671541,0.0738386480902059,2
GPLD1,-0.617219179100287,0.537090167010831,0.735160099837841,-0.0557424165756147,3
PDE12,0.617186118512578,0.537111970738774,0.735160099837841,0.107662303150186,3
APCS,0.616739513642293,0.537406553895373,0.735417013015075,0.116441369531697,3
KIF14,-0.616628766523155,0.53747961589415,0.735417013015075,0.438891222846704,2
DNMT3L,0.616591931782201,0.537503917585078,0.735417013015075,0.155872101387269,3
SMARCA1,-0.616203403719459,0.537760282275275,0.735674590822888,0.319713133419219,2
AHR,-0.615938789939592,0.537934919038101,0.735801640205524,0.264414324922518,3
MLC1,0.615856268176066,0.537989386626849,0.735801640205524,0.213623170209208,4
DDX31,-0.615642180920415,0.538130705487606,0.735814119894096,-0.171996310032557,3
THAP1,-0.615598967480151,0.538159232911476,0.735814119894096,-0.0885783041645255,3
ART4,-0.615532873764766,0.538202866254698,0.735814119894096,-0.223366281799929,3
COQ3,0.614683479533854,0.538763772078869,0.736487758288528,0.364239152890031,3
NUCKS1,-0.614070487904248,0.539168749121074,0.736883309689137,0.222186808790838,3
CBX2,-0.614038986469975,0.539189564875295,0.736883309689137,0.00206830788542266,3
FKBP2,0.613661537596082,0.53943900968763,0.736977303588907,-0.0497309533181645,2
TUBAL3,-0.613612565196023,0.539471378335863,0.736977303588907,0.0493329093117312,2
MYT1L,0.613609191176285,0.539473608453478,0.736977303588907,0.0286967701563684,3
FSD1,0.613521992173736,0.53953124576755,0.736977303588907,0.256957882290911,2
MAPKAPK5,-0.613022764920015,0.539861287314403,0.737334887542064,-0.0262641011534535,2
KCNJ16,-0.61153572693071,0.540844973713364,0.73858500708619,-0.183299150891932,3
GRB10,0.611170598746353,0.541086645555325,0.73882163383752,0.0920410111962653,3
AOAH,0.610829348315794,0.541312561898702,0.73903669029699,0.401925948686758,3
CRYGA,0.610467008594564,0.541552491433012,0.739186510806032,0.297277102198357,3
MYO1F,0.610456938893529,0.541559160018417,0.739186510806032,0.494425585054421,2
DRAP1,0.610146192797052,0.541764969483271,0.739368546010079,0.214868128716951,3
TBL1X,-0.61004889068552,0.541829421423421,0.739368546010079,0.198344288675787,2
PRSS12,0.609809936226333,0.541987718688133,0.739491137712418,-0.0114134324365355,3
CNGB3,0.609286845810492,0.542334324570253,0.739832369571729,0.177016625119315,3
MMP20,0.609225779680127,0.542374794911917,0.739832369571729,0.175056646576588,3
FPR3,0.60881572682647,0.542646588134677,0.740109652150351,0.431233438256415,2
F2RL3,-0.60811437480825,0.543111618963623,0.740650386068054,-0.586946255538783,2
MKRN3,0.607864194876498,0.543277548554404,0.740717560659986,0.202308778094795,2
C14orf166,0.607833328800948,0.543298021950479,0.740717560659986,0.0776949979444764,2
AKAP4,-0.607442561755749,0.543557250031833,0.740977462751623,0.23378227863849,3
SRP9,-0.607081962596874,0.543796519857931,0.741210095584274,-0.0217298200405532,2
TOMM40,0.60657970889982,0.544129869586149,0.741570887114507,0.0819871066459736,3
RPP30,-0.605901958121672,0.544579859107971,0.742090530854586,-0.150359952066106,3
GRB14,-0.605566975469361,0.544802337563671,0.742209108781983,0.0724130705309988,3
CYP26B1,-0.605564024453025,0.54480429767935,0.742209108781983,-0.348530804620643,3
SMC1A,0.605213398413562,0.545037214439933,0.742432785672151,0.17787381581908,3
CHMP2A,0.604861928247336,0.545270741553661,0.742657237455887,0.0574903818745977,3
DND1,-0.604730107137088,0.545358340179708,0.742682903507465,0.0922219436692548,2
PLAA,0.604174906219957,0.545727362556485,0.74309176482228,0.160073622398045,2
TGFB1I1,0.603915786710913,0.545899632491364,0.743215201535434,0.151144394388248,3
TRIP11,0.603831579573317,0.545955621568568,0.743215201535434,0.114441945881054,3
CLOCK,-0.603568206722784,0.546130755775344,0.74335993244522,0.0691230338514273,2
CLTCL1,-0.603393808899866,0.546246739863576,0.743365232184043,0.0224174786751173,2
OPLAH,0.603355402106679,0.546272284121175,0.743365232184043,0.460176226906491,2
NDUFB4,0.602996297688187,0.546511152168565,0.743531764799257,0.101523200977281,3
LAMA4,0.602842093510749,0.546613741138383,0.743531764799257,0.353177864526809,2
SNX11,0.60282235999213,0.546626870143887,0.743531764799257,0.0827116124309437,3
SDF2L1,0.602757544322732,0.546669994078476,0.743531764799257,-0.124822596727159,2
LYST,-0.602636258611674,0.546750693860975,0.743547903196053,0.117824736834163,2
CBS,-0.601838048477913,0.547281945456822,0.744176683638544,-0.245661810946416,2
CBX5,0.601242431265138,0.547678526932873,0.74456377104845,0.296286096121564,2
EXOC2,0.601120918199079,0.547759451766225,0.74456377104845,0.273869659663177,3
ACAD10,0.601052372237355,0.547805104366386,0.74456377104845,0.170074246243425,2
ARHGEF15,0.600851269091048,0.547939052818878,0.74456377104845,-0.0350848253490922,2
RGS6,-0.60066453629305,0.54806344412917,0.74456377104845,-0.15542934729083,2
MADD,-0.600641432386109,0.548078835674874,0.74456377104845,0.0322504225686238,2
RNF208,0.600617240471893,0.548094952266892,0.74456377104845,0.340439298612848,3
SETD1B,0.600582579633271,0.548118043637963,0.74456377104845,0.0744382745568404,3
GUF1,0.600280710720841,0.548319171819321,0.744656980015807,0.17738110464182,3
NDN,-0.600272663103272,0.54832453425715,0.744656980015807,0.145523670730034,2
NPTX1,-0.599967494532467,0.548527898954418,0.744726495727339,0.0725660647416122,3
ATG5,-0.599869284858672,0.548593353918285,0.744726495727339,0.068863642316701,2
KLC1,-0.599736477549042,0.548681873711279,0.744726495727339,-0.0604661384403982,3
HP1BP3,-0.599698396648083,0.548707256999525,0.744726495727339,-0.132401585425964,2
PRODH2,0.59964963091721,0.548739763237736,0.744726495727339,0.241868467637568,3
ADNP2,-0.599569746061625,0.548793014901612,0.744726495727339,-0.0199183918787144,2
IER3IP1,0.599471776300976,0.54885832554021,0.744726495727339,0.319961073145628,2
ATP5J,0.599323532068388,0.548957158485812,0.744735971909434,0.113809362081875,3
PLCB3,0.599254479776337,0.549003197955455,0.744735971909434,0.158600511781622,3
ALAD,0.599126377694802,0.549088612937573,0.744758312023061,0.320759976371981,2
ZNF236,0.598825498807591,0.549289256572379,0.744800682803365,0.225076728593272,3
LCK,-0.598778341159468,0.549320707327148,0.744800682803365,0.102380230038567,2
PTGS2,-0.598769352145615,0.549326702452732,0.744800682803365,-0.211323729333929,2
CDYL,-0.598533018010917,0.549484334523879,0.744920906316132,0.00591318314261638,2
DUSP21,0.598290098340412,0.549646382309374,0.744967767572183,0.286866434654045,3
PPFIA2,0.598274433668702,0.549656832767108,0.744967767572183,-0.051106834296856,3
PRDM8,0.59814327933258,0.549744334316188,0.744992886624446,0.278026150633371,2
SERPINA7,0.598021707720059,0.549825448740613,0.745009344869054,-0.0265699459991702,2
INCENP,-0.597683028319834,0.550051451872066,0.745222097469216,-0.0227202273318783,3
VPS37C,0.597515973808078,0.550162945366312,0.745244313807853,0.00213932796776989,3
NECAB2,0.597362920199055,0.550265104317581,0.745244313807853,0.1959903231294,3
NR3C1,-0.597116590722312,0.550429541883414,0.745244313807853,0.00862110040504335,2
HNRNPA1,0.597054309188623,0.550471121834346,0.745244313807853,-0.160625856206004,2
CSNK2A2,-0.596961103793757,0.550533349840067,0.745244313807853,-0.247922620146212,2
TESK1,0.59694646719994,0.550543122186018,0.745244313807853,0.0706738918905063,3
PTPRA,-0.596934984074336,0.550550789130408,0.745244313807853,-0.109559569728912,3
BRD9,-0.596583407844079,0.550785551646671,0.745468679224075,-0.124852018563138,3
DLG1,0.596437010789504,0.55088332175741,0.745507597296861,0.259895059151679,3
ATP6V1G1,-0.596204099691946,0.551038887180252,0.745624709923723,0.0721833363327807,2
TSN,0.596090467059317,0.551114792257749,0.745634016278583,0.309699336592768,2
TMOD3,-0.595669650144459,0.5513959370968,0.745771114538775,-0.156915832789002,3
IL15,-0.595665327583926,0.551398825335041,0.745771114538775,0.108762639401668,3
BCAS4,0.595576886224732,0.551457921505228,0.745771114538775,-0.244918821726915,3
MREG,0.595525461054768,0.551492285033858,0.745771114538775,-0.0323122944765815,2
PIGO,-0.594632147820722,0.55208938617788,0.746431689893933,0.00102502384273495,3
LPGAT1,0.594587888062765,0.552118978175572,0.746431689893933,0.10529648035609,3
CHRND,0.594332625987356,0.552289661154438,0.746518069807253,0.248687921932483,3
NUP62,0.594276364515495,0.55232728430981,0.746518069807253,0.141264953229441,2
PRKDC,0.594182286087714,0.552390199219531,0.746518069807253,0.195974001016262,3
EIF3F,0.593884320412486,0.552589486849589,0.746693975099982,-0.186000272985518,2
EPAS1,-0.593635941687848,0.552755636318086,0.746825063603248,-0.0792882802485853,2
KCNJ13,-0.593463189318133,0.552871211042264,0.746887796608121,-0.0475565065051091,3
BMPR2,0.592119538950417,0.553770543830548,0.748009180249791,-0.0219848006702636,2
SLITRK3,0.591719608812106,0.554038363567179,0.748215630181264,0.0957596082873594,3
DPEP1,-0.591684441668403,0.554061916850577,0.748215630181264,0.149001609073068,2
CHPF,-0.591380019598187,0.554265824783395,0.748358461887716,-0.0245413800619029,3
MSRB2,0.591319681877202,0.554306244543938,0.748358461887716,0.158450396946238,3
ZNF155,0.590727748785438,0.554702852283089,0.748800326213688,0.00318940642069607,2
CASR,0.590609991049387,0.554781769011021,0.748813278627645,0.017834990232914,3
CLDN17,0.590468554658251,0.55487656152255,0.748847653369138,0.273709182661116,2
KCNE4,-0.589828345859721,0.55530573680119,0.749333237842155,-0.38207532778418,2
MRPS35,-0.589286862801127,0.555668856066492,0.749623860724785,-0.081508376005099,2
TNFSF9,0.589269223455716,0.555680686984595,0.749623860724785,0.0929006041739832,2
C1orf115,-0.589196748673175,0.555729297971123,0.749623860724785,-0.0253682027712963,3
TMEM51,0.588996955972859,0.555863315610195,0.749652305954755,0.378213580063424,3
KCNA1,-0.588917728859148,0.555916464215126,0.749652305954755,-0.103296531837484,2
NRAP,0.588854944907583,0.555958583873685,0.749652305954755,-0.232617223182371,2
OSBPL8,-0.588747332874058,0.556030780818807,0.749656077684068,0.138812400423062,2
GOLGA3,0.588489489534555,0.556203786601135,0.749795744772927,0.0924781860122865,3
TRPC5,0.588133433974056,0.55644273323635,0.749953514824433,0.300044487953684,3
CA10,0.588108190148664,0.556459676107927,0.749953514824433,0.23604872288388,3
DUT,0.587844258369843,0.556636833982453,0.750084194580381,0.165736823174757,3
CD3EAP,0.587709526554392,0.556727280079419,0.750084194580381,0.130028435415713,3
MTF2,-0.587653403868166,0.556764957613913,0.750084194580381,0.21169525833985,2
SPRR2B,0.587028181765453,0.557184779686233,0.750556177848944,0.048963686296707,3
KEAP1,0.586899219027063,0.557271394335991,0.750579252071992,0.0134399687915999,3
ZNF813,0.586597415358721,0.55747411896527,0.750701939268038,0.242599450069772,3
KLF3,0.586556690220027,0.557501477208684,0.750701939268038,0.0481550010968258,2
SLC22A18,-0.586374844306174,0.557623645227378,0.750736998313373,-0.0165585499748045,2
NDRG3,-0.586311040493679,0.557666513096325,0.750736998313373,0.0338803493011957,2
CARM1,0.586197865324598,0.557742556044826,0.750745805656849,0.0616889211693605,2
LRRC32,-0.585917125611845,0.55793120820596,0.750906168831395,0.346054609611543,2
CLIP4,-0.585653138046071,0.558108631529904,0.751044207357695,-0.0788027962150722,3
AGA,0.585198586914868,0.558414194943023,0.751044207357695,0.250672821065517,2
PDE1A,-0.585198254563921,0.558414418389415,0.751044207357695,0.0551577336289939,2
FUT8,0.58513557564313,0.558456559496835,0.751044207357695,0.303514189044069,3
KCNQ4,0.585090619134371,0.558486786193497,0.751044207357695,0.424261523945475,2
CIDEA,-0.58504612972817,0.558516699614536,0.751044207357695,-0.050215645879727,2
TMEM109,0.585040522114782,0.558520470070761,0.751044207357695,0.034554392102877,3
BICC1,0.584116378383579,0.559142016276981,0.751786415213336,0.0279311935831493,3
SFTPA2,0.583599505102252,0.559489793229274,0.752160391594601,-0.179439807055809,3
FASTK,0.583409726736709,0.559617511486452,0.752238471761654,0.208602826945085,3
CISD1,0.583179097532806,0.559772740836842,0.752280220964333,0.0133932153329639,2
CPSF4,-0.583156642714737,0.559787855592604,0.752280220964333,0.00141413138029356,3
RIN2,-0.582793836421219,0.560032094687818,0.75251482607511,0.163863120019269,2
KCNF1,0.58235731809277,0.560326024749756,0.752816134247122,0.356156355341793,3
MAML1,-0.582229362293529,0.560412198082573,0.752818951485317,0.0271842735146988,2
MIA3,0.58214724139955,0.560467506743651,0.752818951485317,0.0802810907859815,2
SAE1,0.58198297275785,0.560578150086316,0.752873949674547,0.13983561252572,2
HBQ1,-0.581868658224329,0.560655153021066,0.752883759688408,-0.041876998116108,2
SDHB,-0.581554163244052,0.560867025096969,0.753074655698876,0.0072596085922547,2
MAD2L1,0.581449100141942,0.560937813678886,0.753076095371529,0.138320283188271,3
MBTD1,-0.581196434922379,0.561108070146835,0.753211056757315,0.273315669300021,2
PDE11A,-0.580965132844923,0.56126395315185,0.75325083064838,0.220309725654884,2
SNORA70,-0.58087437010262,0.56132512723627,0.75325083064838,-0.194216931799705,2
LTA,-0.58084207117086,0.561346897493007,0.75325083064838,-0.0509038795894146,2
DIAPH1,-0.58049682995013,0.561579623890033,0.753464488703176,-0.226500562170577,3
TMEM161A,-0.580319806937819,0.561698972830547,0.753464488703176,-0.0193976516371814,2
TTF1,-0.580295473598014,0.561715379330372,0.753464488703176,-0.0857045306003478,2
TACR3,-0.579548058617459,0.562219428874415,0.753885797173264,-0.0115827142078791,3
NME6,0.579484052968948,0.56226260382827,0.753885797173264,0.170001371475113,3
DHX8,-0.57941193916344,0.562311250050826,0.753885797173264,-0.201333780718979,4
SENP6,0.579336275482169,0.562362293118601,0.753885797173264,0.136384172968765,3
NAALAD2,-0.579233060432918,0.562431926073993,0.753885797173264,-0.00352498536702088,3
TNFRSF10C,-0.579123511987452,0.562505836343202,0.753885797173264,0.155985033540887,2
CD1E,0.578876330782995,0.562672622064098,0.753885797173264,0.0353324802517524,2
SLC39A4,-0.578801455418747,0.562723148987773,0.753885797173264,-0.228848165975366,2
CAPN7,-0.578669099719886,0.562812469786825,0.753885797173264,-0.192521516358284,2
SMPDL3A,0.578656639210841,0.562820879166039,0.753885797173264,-0.127765167008863,2
NFE2L2,-0.578628880711003,0.562839613109171,0.753885797173264,-0.178918291057848,2
CDC34,0.578588353844189,0.562866964840064,0.753885797173264,0.00456711872050656,2
THOC7,-0.578168834624067,0.563150137575763,0.754171557908926,0.0738497444473854,2
TGFB2,0.577433801746063,0.563646445565418,0.754657280064123,0.068298617989517,2
LPA,0.577335626548488,0.563712751254784,0.754657280064123,0.185466210167837,2
HNRNPD,-0.577321309388195,0.563722421110665,0.754657280064123,-0.075810656815598,2
IL13RA2,-0.576549656690951,0.564243716021759,0.755261539091331,0.104454880608503,2
NEDD4,-0.576411691602189,0.564336943670328,0.755292735166259,-0.104786034695689,2
EREG,0.575893352253125,0.564687269238677,0.755667973527774,0.211899670877243,2
MTMR11,0.575513088515459,0.564944341341896,0.755835667195999,0.193801688155124,3
KIFC3,0.575500984271104,0.564952525175013,0.755835667195999,0.265286225747591,2
CPNE3,-0.575243741124825,0.565126464007458,0.75597474479363,0.0547651886427946,2
PA2G4,0.574674559703445,0.565511416084682,0.756327690294041,0.00927972345885155,2
FOXH1,0.574646581046074,0.565530342020456,0.756327690294041,0.378742066858681,3
CDC27,-0.573789780368971,0.566110065178996,0.756937962534592,-0.0600150405003538,2
BAIAP2,0.573765038970437,0.566126809786796,0.756937962534592,-0.461624974062265,2
STX5,-0.573659801706326,0.566198035446001,0.756939502337587,-0.0662484098242203,2
FOXD3,0.573439022519959,0.566347475035455,0.757045591552157,-0.132539848155123,3
FASN,-0.573151004198205,0.566542455457582,0.75713394285142,-0.12491679565488,2
LY96,-0.573134314560608,0.566553754866508,0.75713394285142,0.184354186806249,3
MTMR14,-0.572856618543865,0.566741779652275,0.757175813511045,-0.0390592197449616,2
TAS2R8,0.572812725308849,0.566771501995941,0.757175813511045,-0.0355584916509034,2
RASL10A,-0.572776545815907,0.566796001534059,0.757175813511045,0.13639223769665,2
NKIRAS2,0.572641023415497,0.566887777266867,0.757175813511045,-0.0611344526029837,3
CCL17,0.572570460009491,0.566935565606122,0.757175813511045,0.100183891361444,3
CCL2,0.57217166026769,0.567205684907484,0.75737090349002,0.381847609352886,3
YAF2,0.572117139945273,0.567242617985052,0.75737090349002,-0.14198815697467,2
DSCAM,-0.572044273113072,0.567291981127361,0.75737090349002,-0.047180411349127,4
PLXNB3,-0.571651857540016,0.567557855775928,0.757632224183338,-0.0509815534936185,3
TRIM9,0.571237629464046,0.56783857383731,0.757869133108609,0.314790733168629,3
EXT2,0.571182928221811,0.567875649266902,0.757869133108609,0.383388154878531,3
PLA2G2A,-0.570810003675464,0.568128441078762,0.758112837619863,0.306849769588833,2
GYS2,0.570683057146432,0.568214505733448,0.758134028030225,0.212614724350198,3
PERP,0.570380678960404,0.568419531127339,0.758168589102088,0.0474388310585107,2
MYH7B,-0.570351256564277,0.568439482663404,0.758168589102088,0.0833446643063391,2
DEXI,0.570280252087362,0.568487632683115,0.758168589102088,0.24489540167425,3
SLC13A2,0.570230812500365,0.568521160130245,0.758168589102088,0.278162980226566,3
EDNRA,0.570058086378871,0.568638301738184,0.758231198046644,0.353432639342797,2
SNAP25,0.569765935526416,0.568836462589584,0.758329898009806,0.341460344839825,2
RAB7A,-0.569741957986612,0.568852727603542,0.758329898009806,0.178105813454993,3
EPHB6,-0.569447286492533,0.569052634308904,0.758493073636956,0.196931357330754,3
ANKRD10,0.569354530134931,0.569115567656686,0.758493073636956,0.200640055775948,2
USP32,-0.568939663686453,0.569397086980497,0.758704046368454,-0.149333187722436,2
ALPI,0.56881026398224,0.569484908395793,0.758704046368454,0.0586611208013308,3
CHORDC1,-0.568770700406148,0.569511760823663,0.758704046368454,0.135082652084821,2
AKR7A2,0.568689997674205,0.569566536923803,0.758704046368454,0.168677400297483,3
ING3,0.568603789732523,0.569625052402163,0.758704046368454,-0.0295353719404077,2
CAMK1D,0.568377179772155,0.569778882423248,0.758815372695836,0.0535281907168204,2
TBCD,-0.567874000521097,0.570120527280239,0.758860342126894,-0.0887369360097562,3
COLEC10,-0.567862752979224,0.570128165167323,0.758860342126894,-0.00743073194354276,2
SH3BGRL,0.567859408601217,0.570130436249104,0.758860342126894,0.123629643193809,3
TK1,0.567806160269327,0.570166596413788,0.758860342126894,0.199081561156354,3
PTN,0.567657225722864,0.570267741494927,0.758860342126894,0.486439106798885,3
SOCS7,0.567596905728855,0.570308708706488,0.758860342126894,0.28790294580384,3
UPK2,-0.567360787366592,0.570469085457235,0.758860342126894,0.0533082003928775,2
PPIB,-0.567343663188406,0.570480717408923,0.758860342126894,-0.042074923290348,2
IL24,0.567160339344975,0.570605250995976,0.758860342126894,0.230597172385402,3
PSPC1,-0.567150016867008,0.570612263536108,0.758860342126894,-0.133556297918012,2
INPP4B,-0.56710981400677,0.570639575603133,0.758860342126894,-0.558236838073588,3
PRKCSH,-0.567086122177811,0.570655671088387,0.758860342126894,-0.0618513692137446,3
MBD1,0.566644845351195,0.57095550023669,0.759020342895234,-0.0123900466585501,2
DHTKD1,-0.566622509623243,0.570970678423696,0.759020342895234,-0.0221814093465938,2
BTG4,0.566534159170299,0.571030718631515,0.759020342895234,0.268050974521188,3
THBD,-0.566483519927863,0.571065132833671,0.759020342895234,0.129696773326464,2
HRASLS,-0.566307921770071,0.571184476201291,0.759020342895234,-0.0584879291610814,2
MINA,0.566232542249831,0.571235710708945,0.759020342895234,-0.049462862194524,2
ILF2,0.566185248677626,0.571267856668974,0.759020342895234,0.0643472298239084,3
PPFIA1,0.565449857773733,0.571767820661125,0.759591194045194,-0.0639145621887087,2
SPCS2,0.564624129978014,0.572329449049125,0.760243815620837,0.0141011619385123,3
MCM5,-0.564217864309682,0.572605871527127,0.760517475007504,-0.232146853380845,3
LDB2,-0.56393049813428,0.572801433256149,0.760554949207715,-0.166018968291528,4
FBXO22,-0.563827327334249,0.572871651966203,0.760554949207715,0.0848753544988668,2
FPR1,0.563816778422844,0.572878831853341,0.760554949207715,0.174345218482136,2
GREM2,-0.563762580270445,0.57291572132042,0.760554949207715,0.24840585733425,2
ATP1B3,0.563291109393405,0.573236671119634,0.760819602656719,0.105144382734209,3
STAU2,0.563262796486809,0.573255947604429,0.760819602656719,0.249871239031102,3
PRPS2,-0.562997551887804,0.573436550967812,0.760965801419448,0.126773643378426,3
CNNM4,-0.562196112286408,0.573982409936665,0.761596608787109,0.0155212426718985,3
UBASH3A,0.561976197776156,0.574132236308748,0.761613364713262,0.204007099695523,2
P2RY14,-0.561905559582982,0.57418036559481,0.761613364713262,0.251947744378009,3
DHX57,-0.561823256442917,0.574236445194332,0.761613364713262,-0.117467314386861,3
MED27,0.561763644744706,0.574277064949965,0.761613364713262,0.100526827347043,3
RHBDL1,-0.561617715307438,0.574376507852464,0.761651735553931,0.159796520168759,2
PLXNC1,0.561378345584808,0.574539642829785,0.761774545458125,0.182165365192516,2
MYH15,0.560903269986131,0.574863480730549,0.762070426134732,0.0953256306560694,2
PHLDA3,0.560760675424763,0.574960697941593,0.762070426134732,0.0116944035065778,2
ZBTB32,-0.560740510216234,0.574974446676363,0.762070426134732,0.153323801011211,2
CD46,0.560492745297679,0.575143386661023,0.762192393542553,0.300671074739931,2
BAGE,0.560362259179773,0.575232368829827,0.762192393542553,0.0503161909768999,2
MACF1,-0.560295126897363,0.575278150763973,0.762192393542553,0.0928761107563803,3
DPEP2,0.560132412170303,0.575389123820693,0.762245930280981,-0.0596037720166966,3
GART,0.559838806422049,0.575589391442007,0.762339699355108,0.00580012479657233,2
PCDH11X,-0.559821709460773,0.575601054243683,0.762339699355108,-0.3404970595708,2
SLC9A7,-0.559689102555575,0.575691516684084,0.762366036927974,-0.238545103205786,2
RDH16,0.559577833059021,0.575767428245223,0.762373101238649,0.16189598028478,2
SSFA2,-0.559220739643215,0.576011080562371,0.762602241970185,0.0134844788215694,3
TTTY14,-0.55892305825399,0.576214232000506,0.762777712508513,-0.618007800518773,2
PTCRA,-0.558158050705394,0.576736463281243,0.763375478049747,0.122057893609672,2
PF4,0.557731857625281,0.577027500116119,0.763667122795188,0.216747639138284,3
XRCC6,0.557579159483008,0.577131790781464,0.763711577118874,0.0467150373653237,3
ATP10A,0.557445474013117,0.577223103351493,0.763738848897945,-0.00741287015476733,2
RFC2,-0.557212537221683,0.577382224837101,0.763844705205711,-0.250697708326838,2
TTC31,0.557121330653696,0.577444534596356,0.763844705205711,0.198652541789965,3
SEMA3G,0.556595295438097,0.577803968825428,0.764226579068479,0.232673966330923,4
FBXO16,-0.556390622403162,0.57794384816542,0.764318002923955,-0.116392940998824,3
HYAL4,0.556110374102525,0.578135403617726,0.764477736550212,-0.102288359684788,2
SDHD,0.555712733699313,0.578407250208392,0.764625638065427,0.0934205937483894,3
VDAC2,0.555633397203684,0.578461495739569,0.764625638065427,-0.0914791370636518,2
TJP3,0.555546428812916,0.578520962249724,0.764625638065427,0.274887487232226,3
METTL7A,-0.555440237278904,0.578593576894033,0.764625638065427,0.289153544346822,2
NIPSNAP3B,-0.555429116274291,0.578601181776226,0.764625638065427,-0.0236102626332315,2
GLMN,-0.555070902170065,0.578846164629491,0.76468657717787,-0.243140020252891,4
G3BP1,-0.554763988704499,0.57905610169458,0.76468657717787,0.216763561834893,2
TBP,-0.554618382140713,0.57915571300403,0.76468657717787,-0.0237929324969472,3
GTSE1,0.554606062991719,0.579164141060272,0.76468657717787,0.0432106107994842,3
KIAA1549,0.554600990427831,0.579167611434723,0.76468657717787,0.0863399508083515,3
NFATC2IP,0.554565828896186,0.579191667325425,0.76468657717787,-0.0268335597705958,2
ID1,-0.554498519846937,0.579237718366502,0.76468657717787,-0.0924620285125001,4
ST6GALNAC2,0.554402986148357,0.579303082904457,0.76468657717787,-0.0289985201158371,3
ERBB3,-0.554234988817986,0.579418035745369,0.76468657717787,-0.0603835544893912,2
CLDN6,-0.554144950047474,0.579479649537706,0.76468657717787,0.0651000679370228,2
ATP6V1E1,0.554061806514951,0.579536547628793,0.76468657717787,0.123666248917591,2
SLC9A3R2,-0.554013023879708,0.579569932549857,0.76468657717787,-0.120052807796516,2
THTPA,-0.553952086376708,0.579611637052897,0.76468657717787,-0.101838278783662,2
ZNF384,-0.553913023125632,0.579638371961896,0.76468657717787,-0.0485976411528276,2
BTNL3,-0.553725432981026,0.579766766811556,0.764702032238261,0.248457870245656,2
EPO,0.553689047317584,0.579791672285813,0.764702032238261,0.441316951893732,3
CASP1,0.553340166615378,0.580030501681164,0.764702656485313,0.458292727506588,3
MAP4K4,0.553290262336819,0.580064667870042,0.764702656485313,0.133655378518865,2
LAMB1,0.553191681096309,0.580132162756961,0.764702656485313,0.73024733057891,2
RAB3A,-0.553170169797882,0.580146891227389,0.764702656485313,-0.171374842244038,2
R3HCC1,-0.553110698378534,0.580187611347724,0.764702656485313,-0.160467033560821,3
RSAD2,0.553067921203518,0.580216901736125,0.764702656485313,0.570267031511317,3
OR7E37P,-0.55287831104158,0.580346739954037,0.764780466632122,-0.216138152308899,2
PHEX,0.55265272598375,0.580501230216938,0.764841236046881,0.0485020257636617,2
PPFIBP2,0.552519869399528,0.580592225081446,0.764841236046881,0.445682609161035,3
GLUD2,-0.552459361227847,0.580633669975253,0.764841236046881,0.612376605416017,2
CD37,-0.552397451407532,0.580676076358126,0.764841236046881,-0.0996712421043132,3
CXCR6,0.551848363536568,0.581052248653663,0.765105756254145,-0.115466464051794,3
EID1,-0.551804706863151,0.581082162113478,0.765105756254145,0.0301160197361511,2
PPCDC,-0.551772433665011,0.581104276103502,0.765105756254145,-0.137815347940893,4
TBL3,-0.551690787061591,0.581160223112873,0.765105756254145,-0.0282264478308522,2
ATP2B2,-0.550962772238373,0.58165919483874,0.765669342267617,-0.1998533910555,2
FGF21,0.549630327867143,0.582572952921549,0.766736417115159,-0.128643797319747,2
TFR2,-0.549499097523423,0.58266298374444,0.766736417115159,0.0365529965483839,3
TSC22D3,0.54947026254686,0.582682766904124,0.766736417115159,-0.944564638307396,2
OBFC1,-0.549178478990791,0.582882971994655,0.766832758732598,-0.178667257858281,3
ZNF264,0.549156634571646,0.582897961669446,0.766832758732598,0.271396597155916,2
PRDM13,0.54813684122671,0.58359794552992,0.767575337212276,0.344495527527788,3
GSK3B,0.548089935226985,0.583630151121766,0.767575337212276,-0.0535452182853907,3
PPP1R1A,-0.547973677536962,0.583709977053407,0.767575337212276,-0.553974971447295,2
SMARCD1,0.547920258865051,0.583746657581823,0.767575337212276,0.0421573837715144,3
NR2E1,-0.547744207477617,0.583867552835074,0.767640859995676,-0.153378836622243,2
LMO4,-0.547311690056573,0.58416461392867,0.767887729282955,0.0757002258171131,2
NDUFB1,0.547263819441594,0.58419749669018,0.767887729282955,0.264280091435688,3
SCCPDH,0.546863314945597,0.584472640625472,0.768143855364829,0.307076218624521,2
UBAP2,-0.546684211936686,0.584595702710127,0.768143855364829,-0.0823526897421437,2
GNAT1,-0.546669681159795,0.584605687368474,0.768143855364829,-0.380362626853302,2
BMP15,-0.546434049101038,0.58476761033234,0.768187725332534,-0.18599541078627,3
SECISBP2,-0.546414120677918,0.584781305814611,0.768187725332534,0.0213132080084434,2
HFE,0.546297121585291,0.584861714531878,0.768199931952012,0.115283088252799,2
GFAP,0.546109093229436,0.584990949539248,0.768231827134099,0.305949511671233,2
TAF4B,-0.546054846855988,0.585028236438169,0.768231827134099,0.0432051913721774,2
C9orf40,-0.545188007022372,0.58562421904174,0.768920969258402,0.101224754901229,3
CR1,0.54485783803045,0.585851295838331,0.769096550839691,0.164816173334119,3
PAX3,0.544786529818194,0.585900344089967,0.769096550839691,0.0703547036904696,2
PHF14,-0.544174517389368,0.586321385717661,0.769463238040764,0.103521303347425,3
ZNF175,-0.544173400178929,0.586322154444874,0.769463238040764,0.189295305911305,2
NOX5,0.544019782707958,0.586427859599029,0.769476874075282,0.30607209373916,3
NUCB1,-0.543951258658085,0.586475014280855,0.769476874075282,0.0147520343503265,2
ESF1,0.543685621876483,0.586657828289581,0.76962325251203,0.27263598216618,3
RUSC1,0.543374080257456,0.586872268129563,0.769811079579301,0.147559607125941,3
PPP2R3A,0.542526165102768,0.587456087586366,0.770478232157008,0.211542677255291,3
ID2,0.542251465916215,0.587645285279427,0.770478232157008,-0.0767298317334335,2
ATP5SL,0.542185353601585,0.587690824014215,0.770478232157008,-0.0835447989609513,2
LNPEP,-0.542135462429345,0.587725190566406,0.770478232157008,0.00786992816282226,3
COL17A1,0.542006323880051,0.587814149431578,0.770478232157008,0.191894140962179,3
TUBB,0.541946468360074,0.587855383841424,0.770478232157008,-0.0610780684968606,2
PRKD3,-0.541910490844075,0.58788016936105,0.770478232157008,-0.209767090747122,3
GNAL,0.541587872848307,0.588102447950806,0.770676045464589,-0.237870607696375,3
STAT3,0.541369585873271,0.588252866183941,0.770757509372371,-0.149245917751025,2
SEPHS2,-0.541290569630236,0.588307319457063,0.770757509372371,0.0154383240910555,2
DAXX,-0.541003698918154,0.588505033185432,0.770923037650866,-0.0756220546638727,3
CPN1,-0.540353468189428,0.588953291309688,0.771416691248605,0.0147747631087659,3
MMRN1,-0.539792732668773,0.589339979443685,0.771829589955223,-0.0798964447307969,3
GNPDA1,-0.539515503180196,0.589531202580815,0.771913903050441,0.0412870678956432,3
EPHX1,-0.539492198985171,0.58954727829718,0.771913903050441,0.0288776549691419,2
SNAI2,0.538335822060037,0.590345224761868,0.772601265324003,0.0630347117256221,2
CORO7,-0.538328850201743,0.590350037131442,0.772601265324003,-0.00845452013290814,3
B3GNTL1,0.538292299155407,0.590375267019435,0.772601265324003,0.139684015516382,2
LHCGR,-0.538234931442521,0.590414866913347,0.772601265324003,0.0809087333723779,3
PCNP,-0.538053030933729,0.590540437627183,0.772601265324003,-0.0300089865657674,4
BEST2,0.538019309966212,0.590563717450012,0.772601265324003,-0.0918988212777712,2
SEMA6A,0.537996720185251,0.590579312911931,0.772601265324003,0.140298828858053,2
ELP4,0.537831254842395,0.590693552133175,0.772601265324003,0.1347793130839,2
CHST2,0.537798794013093,0.590715964664964,0.772601265324003,0.390361476671764,2
HSD3B2,-0.537370800745327,0.591011508568838,0.772783167943437,0.0658829468686095,2
DMXL1,0.53722793334742,0.591110178500328,0.772783167943437,0.0797053795896899,2
CADPS,-0.537223020989493,0.591113571305613,0.772783167943437,0.202369988525715,2
SMG7,-0.537145778084989,0.591166921635869,0.772783167943437,-0.0364625416441248,2
OR2H2,-0.537079431798822,0.591212747628639,0.772783167943437,-0.260179241744298,2
GPR65,0.536916755771211,0.591325116373991,0.772836528381349,0.473441257660224,2
GPI,0.536589302544951,0.591551335013104,0.773005003268133,-0.104235094891135,2
TCF7L2,-0.536504266000497,0.591610088383518,0.773005003268133,-0.230485214004934,3
COX8A,0.536419429160827,0.591668706445188,0.773005003268133,0.0520313701785865,3
RAF1,-0.536239204333061,0.591793241743091,0.773017219626953,-0.220341013874793,2
TTC4,-0.536149317080511,0.591855358304333,0.773017219626953,-0.306119683192343,3
DUOX1,0.536095218924149,0.591892744263518,0.773017219626953,0.187317513345797,3
LIF,0.535788352267217,0.592104833085126,0.773035633113628,-0.603676238964992,2
GLP2R,0.535740668004793,0.592137792872611,0.773035633113628,0.447525883402599,2
COL21A1,-0.535516233923299,0.592292935018598,0.773035633113628,0.377510090888024,2
ITFG2,-0.53548828253874,0.592312257979029,0.773035633113628,-0.119028198332876,2
KIF15,0.535399785765888,0.592373438238306,0.773035633113628,0.200787871666455,2
SUV39H1,0.535388162862866,0.592381473687028,0.773035633113628,0.0232429067822801,2
SLC1A2,0.535124731252656,0.592563609512717,0.773035633113628,0.0423122010315334,2
HIST1H1T,-0.535110165248283,0.592573681153706,0.773035633113628,-0.25038437475144,3
EFHC1,0.535087311661857,0.592589483388578,0.773035633113628,0.0115192547047706,2
DLC1,-0.535039585499376,0.592622484522677,0.773035633113628,0.249045077609869,2
IBTK,-0.534862286769231,0.592745088375044,0.773102202925287,-0.156248875933003,2
SMARCE1,-0.534528811927511,0.592975721075602,0.773184718614633,0.132289176888876,2
DDX43,0.534518355363815,0.592982953546996,0.773184718614633,0.300217120844442,3
DUOX2,0.534420753322186,0.593050463713833,0.773184718614633,0.330590378909272,3
TMPRSS2,0.534356851630869,0.59309466565829,0.773184718614633,-0.0500145858522012,2
CCDC71,0.533113132678956,0.593955268743382,0.77416003697861,0.117688599960252,3
RRP1B,0.533022783752238,0.594017808787714,0.77416003697861,-0.147121647643271,2
MAP2,0.532867903339731,0.594125024902728,0.77416003697861,0.000990246031848544,3
LDB3,-0.532861459444579,0.59412948588712,0.77416003697861,-0.37323759580614,3
MYCN,0.532512481507328,0.594371099459759,0.774284656029034,0.132241741743111,3
SYN1,0.532453886176792,0.594411672121612,0.774284656029034,-0.151695195422194,2
MED9,0.532398159735326,0.594450259477639,0.774284656029034,0.144974654398126,3
PRSS21,-0.532309225294541,0.59451184383492,0.774284656029034,0.160302124027127,3
KRT33A,0.531911206478071,0.594787495306452,0.77455027417725,0.0572755203236585,2
SLCO3A1,-0.531803793951791,0.594861894808882,0.774553783477042,0.258967081440632,2
PPP1R14D,-0.531422081719334,0.595126322938236,0.774804693308283,0.128182253804769,3
PBXIP1,-0.531244881939887,0.595249094917216,0.774863883305429,-0.176356180547265,2
TRABD,-0.531094647264949,0.595353193312295,0.774863883305429,-0.0763881704389194,4
GJB5,0.530855026042245,0.595519245304428,0.774863883305429,0.229283844953857,3
SPI1,0.530850346276015,0.595522488485038,0.774863883305429,0.568977275895061,2
CDC25B,0.530838853094837,0.595530453545794,0.774863883305429,0.04755364253644,2
CYP1A2,0.530629852081024,0.595675304928838,0.774896106330588,0.0382553160764753,2
EIF4EBP2,-0.530596110400513,0.595698691628328,0.774896106330588,-0.165438983856044,4
NEB,0.530129249797387,0.596022320393814,0.775223733280431,-0.324330274773257,2
IL12RB1,-0.529690715913852,0.596326385981443,0.775425104935415,-0.253560112414861,3
SLC25A17,0.529609195746844,0.596382917285955,0.775425104935415,0.0800608843044008,3
SMAD2,0.52944555874754,0.596496401027532,0.775425104935415,0.0259950217895392,3
MBP,0.529250733964355,0.596631526601421,0.775425104935415,0.0748686049086371,2
TPTE,0.529248823404769,0.596632851786537,0.775425104935415,0.278885563076237,3
ENTPD6,-0.529176185659697,0.596683235118281,0.775425104935415,-0.113934946326783,2
ATR,-0.529106470798449,0.596731592887061,0.775425104935415,0.0807733244778622,2
FAS,-0.528822302722148,0.596928724750971,0.775425104935415,0.0556779346154559,3
SNX3,0.528784165605347,0.596955183323772,0.775425104935415,-0.0223001808645308,3
UNC45A,0.528771329757979,0.596964088631977,0.775425104935415,0.0593390528677835,3
ALG13,0.528698945447536,0.59701430885495,0.775425104935415,-0.038794820391259,2
MS4A6A,0.528663982654454,0.597038566723556,0.775425104935415,0.73903672015509,2
H2AFY2,-0.528463536598519,0.597177648764966,0.775512498432215,0.0812823203235935,2
ROBO1,-0.528162203148292,0.597386760527926,0.775690802647272,0.00578306985200251,2
N4BP1,-0.527540250490423,0.597818472724241,0.776158069996063,-0.236403680136624,3
CCPG1,0.527190031117584,0.598061630711516,0.776380451261362,0.2244675504789,2
POU3F1,0.526583405289563,0.598482918423669,0.776602502501498,-0.106645407618496,2
HNRNPA0,0.52649323249452,0.598545552853298,0.776602502501498,0.123890787815054,3
CPNE1,0.526417291157324,0.598598304354938,0.776602502501498,-0.00950712029089065,2
YIPF5,0.52634294110247,0.59864995253942,0.776602502501498,0.114113864475367,2
SEH1L,-0.526313137043932,0.598670656864547,0.776602502501498,-0.000501699406627427,2
IRX4,0.526312419598858,0.598671155264299,0.776602502501498,0.470830510651467,3
HSPB1,0.526219162196803,0.598735941569383,0.776602502501498,0.152472993766588,3
MEP1A,0.526069713398163,0.598839770901323,0.776643919471256,0.151211687646022,3
CBR3,0.525900601599026,0.598957270918892,0.776703054077535,-0.000196877962339789,2
ATP2C1,0.525490865682036,0.599242001523821,0.776816863835439,-0.0120505562807917,2
SLC30A4,0.525430952389279,0.599283641158071,0.776816863835439,0.46647178938612,3
CCL8,-0.525425568193923,0.599287383228674,0.776816863835439,-0.0322325513931569,2
UBAP2L,-0.525360377318908,0.599332692390719,0.776816863835439,-0.154692469952549,3
PSMC2,0.524470238660193,0.599951514489302,0.77752564601241,0.166550964235862,2
USP14,-0.524341512436771,0.600041028551793,0.777548367372417,0.000301968567404985,2
MYH8,-0.523934235453515,0.600324281947838,0.777739816533104,0.463281375864709,3
CEACAM4,-0.52385639756977,0.600378423597071,0.777739816533104,0.0126062819105705,2
RREB1,0.523718779955244,0.600474151599074,0.777739816533104,-0.0999437866043973,3
SOS2,0.523662285259343,0.600513451795468,0.777739816533104,-0.0408303071990284,3
PYHIN1,0.523611516680507,0.600548769644753,0.777739816533104,0.286213971164275,2
SMC3,-0.523149156930765,0.600870459667488,0.777967802214914,-0.0724059645578397,2
RRP15,-0.523044247460019,0.600943461997747,0.777967802214914,0.112360069326291,2
FDPS,0.522813754449071,0.601103866989634,0.777967802214914,0.0503289425142369,3
NARS,-0.522782109538624,0.601125890865616,0.777967802214914,0.0146923188818346,2
ADCY9,0.522781685297437,0.601126186126796,0.777967802214914,0.0987398550031662,3
BYSL,-0.522737500379737,0.601156938075161,0.777967802214914,-0.0656918462841614,4
FOXI1,0.521919675082633,0.601726258715462,0.778611289727411,-0.0950078360826549,2
USP27X,0.521573666187008,0.601967202424606,0.778615644041729,0.145924950643273,2
PLEKHB2,0.521550898272692,0.601983058414151,0.778615644041729,0.259579153811095,3
TNFAIP8,-0.521540289993555,0.601990446276946,0.778615644041729,-0.0848312861819027,2
WNT2B,0.521089128797464,0.602304683699501,0.778615644041729,0.355957641394314,2
RPA4,-0.521064495043815,0.602321843435811,0.778615644041729,-0.303290911476295,3
SP1,-0.52090660813113,0.602431831814109,0.778615644041729,0.032412446887627,3
NSMAF,0.520802978726202,0.602504027833408,0.778615644041729,0.0345105377304329,2
GABRA1,0.520770948489123,0.60252634328828,0.778615644041729,0.0873550798220735,3
FBXO46,-0.520714828124288,0.602565443224101,0.778615644041729,-0.0340890908764567,3
CHAT,-0.520652388785615,0.60260894703066,0.778615644041729,0.0422416290457449,2
GNA11,0.520533445645682,0.602691823047453,0.778615644041729,0.0449170481570106,3
PAIP1,-0.52053027080646,0.602694035250631,0.778615644041729,-0.00500850376248504,3
MVD,0.520525629616176,0.602697269202357,0.778615644041729,0.266033356847416,2
RHOG,0.520466094597488,0.602738753515732,0.778615644041729,0.0104790807463481,2
IARS2,-0.520284323230281,0.602865420711423,0.778637048193684,-0.0838330798154889,2
CCR6,-0.52023543831675,0.602899488158857,0.778637048193684,0.0627567654048168,3
BST2,0.520130889524198,0.602972350160366,0.778638054564527,0.382627015528682,3
EDC3,-0.520009596402232,0.603056886561966,0.778654134430117,0.0463193666753208,2
CCL19,0.519334070233556,0.603527798506693,0.779082530727912,0.195814025501874,3
KHDRBS2,-0.519326722691788,0.603532921415586,0.779082530727912,-0.0321378303664874,2
FBXO2,-0.518964019662739,0.603785832272592,0.779315875278831,-0.199009771117856,3
IQSEC3,0.518764875978475,0.603924714332655,0.779402002893827,-0.0200057636086358,2
NPY6R,0.518610524972582,0.604032368017081,0.779424484754841,0.171380381779791,3
ADAM5,0.518532994494112,0.604086445692236,0.779424484754841,0.2173628605759,3
IPO8,0.518426481918681,0.604160741987223,0.779427246500177,0.0831119467574024,2
GJB1,-0.517819416921075,0.604584269639318,0.779802683274148,0.123651424242798,2
IL2RG,0.517679181410346,0.604682125903218,0.779802683274148,0.186680105558226,2
CDC14B,0.517602420304232,0.604735692770482,0.779802683274148,-0.136999143989789,3
NDUFB11,-0.517595505607464,0.604740518217695,0.779802683274148,0.0154526252685658,2
CIITA,0.517464143779157,0.604832192845224,0.779827804620925,-0.0621299605423435,3
TP53,0.517305393897008,0.604942989329393,0.779877571397076,0.128308634110693,2
ZNF324B,0.517194839031444,0.605020154386326,0.779883974663615,0.219020785253296,2
KRT10,0.51702401662773,0.605139393639828,0.779910105768656,0.216496343443683,2
PTPRZ1,0.516958931967809,0.605184827490546,0.779910105768656,0.376807042575039,3
CEP68,-0.516612546152916,0.605426655826628,0.78012868140752,-0.196224658165392,2
LGALS2,-0.516142594425785,0.605754820561988,0.780458441282275,0.16057707485239,2
GMEB1,-0.515978968027702,0.60586909867328,0.780512582453044,0.0576904251961781,2
DOK5,-0.51582115651988,0.60597932475466,0.780561491294996,0.109383408830922,3
TNF,0.515462824826596,0.606229640821612,0.780703181050493,0.498178235547352,3
APEX1,0.515456768748718,0.606233871750744,0.780703181050493,-0.0501274767728096,2
CHD1L,-0.515237742226394,0.606386898092973,0.780807160948896,0.0367699605248098,3
ZNF430,-0.515008094207362,0.606547363858354,0.780876109507929,0.111279433108688,2
GFM1,-0.514880917028687,0.606636236641721,0.780876109507929,0.201343696580609,2
LRRC41,-0.514691067914602,0.60676891607696,0.780876109507929,0.0400812730471778,2
RPL26L1,-0.514584829214032,0.606843168543203,0.780876109507929,0.107856919441612,2
GOLGA7,0.514434556448005,0.606948204277361,0.780876109507929,0.16988006948402,3
LRPAP1,0.514432347804146,0.606949748107525,0.780876109507929,0.150665701518017,2
PAX6,-0.514375440292066,0.606989526756843,0.780876109507929,-0.10303022635174,3
SERINC1,-0.514333614052335,0.607018764260144,0.780876109507929,-0.163922262748968,3
NAP1L3,0.512994122486434,0.607955432075531,0.781987922991174,0.359413271352819,3
COX15,-0.512871349404743,0.608041315980179,0.782005273868066,-0.065240918541657,3
MAGEB1,0.512621520989335,0.608216096066816,0.782136936870684,0.418923603298816,3
NR5A2,0.512169238262343,0.608532570233063,0.782450758678436,-0.130993405677897,2
KCNK12,0.511911716186206,0.608712797990322,0.782557291547135,0.111874019979142,2
GIPC1,0.511843826434108,0.608760314837121,0.782557291547135,0.246496643486692,2
OLIG2,-0.51156076944995,0.608958447586778,0.78265456078236,0.141716484800487,3
TP53BP2,0.511479778076514,0.609015144785266,0.78265456078236,-0.0654521026333706,3
PDE1C,0.511201783182325,0.609209770187197,0.78265456078236,0.107072869298692,3
APPL2,0.511197021610728,0.6092131040246,0.78265456078236,-0.0526941685437601,2
MAPK8,0.511138893135875,0.609253803611864,0.78265456078236,0.00270717833234501,2
FAM124B,-0.511114748421379,0.609270709277806,0.78265456078236,0.100863427481205,3
POLR3D,0.510942164980168,0.60939155496767,0.782716715429343,0.209929023684416,3
AGR2,0.51068264040408,0.609573298293416,0.782857064340207,0.171014195740481,3
C2orf49,-0.510126696060651,0.609962703460676,0.783200442665357,0.0921779432297892,2
SLC39A2,0.510093896777312,0.609985680813151,0.783200442665357,0.0353517837301025,2
GLS,-0.509894563069656,0.610125331181773,0.783286644571608,0.0651839478422504,2
TBCEL,-0.509664912341345,0.610286238822035,0.783322167517673,-0.00728496813663738,2
RNF146,-0.509635530320028,0.610306827060011,0.783322167517673,-0.035010460043612,3
ARL3,-0.509544592025093,0.610370550268122,0.783322167517673,-0.123741561789009,2
PKIA,0.509289516617925,0.610549305060828,0.783354587274443,-0.00823430138100203,2
PLAGL2,0.509198982994511,0.610612755880043,0.783354587274443,0.17527011347036,3
SLC23A3,-0.509198106490436,0.610613370195409,0.783354587274443,0.139351205346137,3
CREBL2,0.50898580639397,0.610762173028082,0.783452439502356,0.143184942800596,3
CRYBA4,-0.508222331217715,0.6112974317332,0.784045934170272,0.203778290441577,3
RNASE6,-0.507917752680952,0.611511024241939,0.784226770017978,0.083764468932894,2
DDOST,0.507714216461104,0.611653776987619,0.784316725904589,0.051491618462997,3
RAX,-0.507538931383581,0.611776727254594,0.784381270955979,0.178491556596504,2
FBXO5,0.507406562585484,0.611869581991583,0.784400167984695,0.118383692216487,2
GPR87,0.507138196326365,0.612057856057303,0.784400167984695,-0.0205962160249082,3
FRS2,0.507060533457989,0.612112345720791,0.784400167984695,0.220571429119848,3
BBS7,0.507000396517431,0.612154540352628,0.784400167984695,0.440541987082778,2
ISL1,0.506948617486025,0.612190871751137,0.784400167984695,0.106155346570949,3
SETD6,-0.506535440975863,0.612480816327004,0.784400167984695,-0.0764652542720963,3
CEP63,0.506500641850417,0.612505239212912,0.784400167984695,0.0657275092568295,3
SERPINA1,-0.506488862320727,0.612513506475369,0.784400167984695,-0.202494774208406,2
C4orf19,-0.506434205439799,0.612551867122521,0.784400167984695,0.146285950323184,3
AQP2,0.506393433037502,0.612580483712172,0.784400167984695,0.142778459186191,3
SPIN1,-0.506379526758728,0.612590244132465,0.784400167984695,0.0473246542401898,2
FAM50A,-0.506012765866772,0.612847687944108,0.78448683595684,-0.0458549122040798,3
PIN4,0.505835844594832,0.612971892988954,0.78448683595684,0.271571072527169,3
GALR2,-0.505810466803552,0.612989710015496,0.78448683595684,-0.530053806648607,3
ZNF667,-0.505771677885209,0.613016943055413,0.78448683595684,-0.170139594797949,3
ALOX12B,-0.505696539513215,0.613069697948418,0.78448683595684,-0.0586373616498427,2
SLC7A11,0.505662391215669,0.613093674240663,0.78448683595684,0.080344505364474,3
MAGOHB,0.504768400260066,0.613721512750123,0.785148791107542,0.231827366961284,3
CDCA4,0.504476035732329,0.613926898159457,0.785148791107542,0.247908413379452,2
PNRC2,0.504469036876878,0.613931815210681,0.785148791107542,0.0919355666202584,2
INHBB,-0.504439690044619,0.613952433039034,0.785148791107542,0.295335133544591,2
OSGIN2,0.504380836653413,0.613993781832686,0.785148791107542,-0.163916557455037,2
SPATA2L,-0.504304921277987,0.614047119725654,0.785148791107542,-0.0251535045282888,2
USP34,-0.503584184795991,0.61455360849775,0.785499413602423,-0.119220526907375,3
HMG20A,-0.503582726512766,0.614554633474951,0.785499413602423,0.0561465963475644,2
STK25,0.503570018585143,0.614563565472744,0.785499413602423,0.121759682378404,3
GDF11,-0.50350081781256,0.614612205495989,0.785499413602423,0.00180044554607799,3
PCCA,-0.503163317005791,0.614849453247349,0.785709664495192,0.0453647407071331,2
COX5B,0.503033392585633,0.614940794960881,0.785716838598926,0.0189985501448319,3
WFDC8,0.502862804940718,0.61506073350299,0.785716838598926,0.143084629171757,3
YES1,-0.50277523850265,0.615122304624888,0.785716838598926,0.0342795713328787,2
POU1F1,-0.502741512056828,0.615146019628876,0.785716838598926,0.440990830325726,2
VLDLR,-0.502215420800476,0.615515996696001,0.785966053215075,-0.31640150857306,2
ITGB1BP2,-0.50219469022551,0.615530577609086,0.785966053215075,0.0118897365888471,2
CCR9,-0.502153689747307,0.615559415867389,0.785966053215075,-0.0602412335154522,2
RASGRP2,-0.50123292813271,0.616207202714327,0.786700177723692,-0.10969032042247,2
XAF1,-0.500879468009099,0.616455953282742,0.786836716398862,0.174252646721207,3
GAMT,-0.500873953702708,0.616459834371743,0.786836716398862,0.0551694373188526,3
PSPH,0.500715847461985,0.616571117548769,0.786885776436886,0.231547485850217,2
CEP135,0.500343617345882,0.616833146733908,0.787127188543376,0.0552242446954048,3
MYL2,0.499967001859341,0.617098312645996,0.787372545854246,-0.286369316562464,3
TMEM14B,0.499239619509413,0.617610586403332,0.787917000840667,0.231414686307639,3
E2F3,-0.499056382102835,0.617739664406679,0.787917000840667,-0.116938660056531,3
FAM83E,-0.499050438938976,0.617743851149751,0.787917000840667,0.050031380486512,2
POMC,0.498280618249087,0.61828626680089,0.788452444076786,0.3206754062248,2
SLC5A5,-0.498247462773431,0.61830963282489,0.788452444076786,-0.0403114601535881,2
PDZD8,-0.497826891638546,0.618606060055206,0.788737330112882,-0.0212138238832309,2
GTPBP4,-0.497457149214713,0.618866713431432,0.788832708129563,-0.0793075744734626,3
SPN,-0.497420703622525,0.618892408688579,0.788832708129563,0.426895083733218,3
TDG,0.497302422598292,0.618975803637166,0.788832708129563,0.125456047699384,3
DLGAP4,0.497233061835927,0.619024709259563,0.788832708129563,-0.179129749860995,3
STARD7,0.497202870139159,0.619045997668423,0.788832708129563,0.250325950216269,2
CSTF1,0.496937171690283,0.619233357566745,0.788903203983463,-0.0410347025595025,2
PRKAB1,-0.496875658852192,0.619276737482221,0.788903203983463,-0.189178122064176,3
ZNF219,0.496813719749734,0.619320419346396,0.788903203983463,-0.00141261965894737,2
TRIM24,-0.496484165450634,0.619552856455657,0.789106232217192,0.0261183774022886,2
ZC3HAV1,0.496230909713694,0.619731505464948,0.789185835038218,0.219738448530986,3
MEPE,0.496188429411083,0.619761473674246,0.789185835038218,0.334376613983295,3
DPP4,0.495818165402099,0.620022707344864,0.789425422529376,0.320108199842787,2
NUAK1,0.495535285749943,0.620222320742989,0.789586506619418,0.194518868103946,3
ITGA8,-0.494822975847363,0.620725084563829,0.789860210647869,0.0400598411978825,3
KBTBD2,-0.494768841381073,0.620763301096694,0.789860210647869,-0.0140838200444824,2
SLC25A30,-0.494744295870641,0.620780629475991,0.789860210647869,0.0587042303059919,2
FAM153A,-0.494699531155137,0.620812232537219,0.789860210647869,0.0662012345975959,2
ASB7,-0.494648696992619,0.620848121364411,0.789860210647869,0.17127699657823,2
SLC7A6,0.494609144504571,0.620876045973991,0.789860210647869,0.25308123414679,2
NIF3L1,0.494315003873946,0.621083730507309,0.790012548054881,-0.0742019034136383,2
TEKT2,-0.494232395293106,0.62114206356509,0.790012548054881,-0.417518806478319,3
HTN3,0.49402541834163,0.621288228313496,0.790085713096952,0.228760656176664,3
COPZ2,-0.49387046728553,0.621397662754915,0.790085713096952,0.171702143005983,2
TBC1D10B,-0.49384023305482,0.621419016707249,0.790085713096952,-0.0384591274614969,3
LRRC19,-0.493498525064803,0.62166038174277,0.790235412761228,-0.0215314429380001,3
CHRNA4,-0.493224930362843,0.621853664381919,0.790235412761228,-0.0471621300741535,4
ACTL7A,0.493145185022835,0.621910005871658,0.790235412761228,0.0238984253102202,2
POLH,-0.493080810252286,0.621955489399169,0.790235412761228,0.408101544254208,2
LTBP4,-0.493075257463928,0.621959412749175,0.790235412761228,-0.409076513392031,3
TAS2R14,0.493052210191588,0.621975697027954,0.790235412761228,0.338985909081899,2
TMEM120B,-0.492612703869955,0.622286269980814,0.790537020855316,0.0353550012864589,2
NDUFS3,-0.492332903742096,0.622484023110467,0.790695251368681,0.0703500114689861,2
RNF38,-0.491703613102279,0.622928883663017,0.790972870110209,-0.100398906572161,2
ID3,0.491699981681023,0.622931451200909,0.790972870110209,0.361110557226683,3
GDPD3,-0.491621905164995,0.622986655052502,0.790972870110209,0.251967422976198,3
ADARB2,-0.491535367639148,0.623047843720805,0.790972870110209,0.0425079043700599,2
PRAME,-0.491505864874702,0.62306870503312,0.790972870110209,0.487262108496772,2
NUP210,0.491346592535991,0.623181331229271,0.790984160837231,-0.106924752567222,3
IFNAR2,-0.491258586892861,0.623243566411384,0.790984160837231,0.293988477885076,2
FTCD,0.491182639973745,0.62329727615687,0.790984160837231,0.0755235191849045,3
AKR1B10,-0.490680765402353,0.623652252767489,0.791341669727994,0.345938842539816,2
XK,0.49028067416584,0.623935300510443,0.791534039796883,0.454478384948954,3
TIMM17B,-0.490259316312247,0.62395041185618,0.791534039796883,-0.0842383427570563,3
SOD3,-0.49011470053252,0.624052736181167,0.791570884949385,-0.269655224662409,2
PUS7L,-0.48918520745225,0.624710581248636,0.792312281160945,0.11780718424602,3
RSRC1,0.488994631498174,0.62484549760389,0.79235558251476,0.234566604536907,2
DENND1B,-0.488929756332364,0.624891428202484,0.79235558251476,0.144098949721268,3
PIK3R4,0.48877788602867,0.624998955689582,0.792398910722872,0.105766706363967,3
CREM,0.488552074900911,0.625158849649685,0.792423849384871,0.0489000224214283,4
PLEKHA6,-0.488322527261079,0.625321407466791,0.792423849384871,0.0476222497351514,3
RAB17,0.488192456396064,0.6254135273102,0.792423849384871,-0.00820183765194723,3
CHST1,-0.488154496656934,0.625440412567408,0.792423849384871,-0.0839870048639278,3
YME1L1,0.488129795135616,0.625457907864437,0.792423849384871,-0.0886969360799096,2
TM4SF4,-0.488091270569974,0.625485194002435,0.792423849384871,-0.146423602455603,3
SLC16A2,-0.488002357490115,0.625548171221728,0.792423849384871,0.308229171953715,3
CPVL,-0.48792142546296,0.625605497829492,0.792423849384871,0.163307682653764,3
RNF130,0.487574615060179,0.625851179780866,0.792642096845223,0.146443722711312,2
IFNA21,0.487395619199204,0.625977997460193,0.792709768882181,0.163648336227177,3
SLC35F5,-0.487202865209698,0.626114575077844,0.792789783142759,-0.044689309698832,3
RBM26,-0.486928492550011,0.626309006479741,0.792867675495215,0.0223898406005052,2
TTLL4,0.486734860881344,0.626446237233746,0.792867675495215,0.116629341894712,2
GOLGA1,-0.486699421284903,0.626471355406497,0.792867675495215,-0.0212765737058653,2
PLEKHA5,0.486667883865618,0.626493708236008,0.792867675495215,0.0446590546607135,2
FCER1G,0.486508394861003,0.626606754779264,0.792867675495215,0.359449843036501,3
ALPPL2,0.486494658030652,0.626616491918409,0.792867675495215,0.143810100801772,3
TFB2M,0.486162411652343,0.626852019427716,0.793072793846122,0.147333138547125,2
MAPKBP1,-0.485781852140909,0.627121842580462,0.793321248805967,0.157156620781637,3
SH2B1,0.485315956505794,0.627452238410713,0.793617589550764,0.0699637342895382,3
XRCC4,0.485244330589726,0.627503039469827,0.793617589550764,-0.0496240935475575,3
ST6GALNAC4,-0.485020779785369,0.627661605412436,0.793639733567638,-0.220749037187594,3
CNOT4,-0.485012481787843,0.627667491563445,0.793639733567638,0.0620067347600254,3
HAT1,-0.484885003491908,0.627757920754709,0.793661172751915,-0.107599593089928,3
GK,0.484655708518644,0.627920589641302,0.793749446068817,-0.126225804469487,2
BBX,-0.484576052618032,0.627977104211622,0.793749446068817,-0.0221822911010475,2
NFATC3,-0.484475867592144,0.628048186960764,0.793749446068817,-0.0249556568107247,2
LARS,0.484299847003065,0.628173084513084,0.793791792956462,0.179424379345051,2
ZFYVE26,0.484221521324342,0.628228664875467,0.793791792956462,0.0810306735612302,3
CHRNG,-0.483997590346986,0.628387579242067,0.793899722920796,0.0957846850196709,2
CD99,-0.483269738998767,0.628904223580814,0.794279420732099,0.13581643328636,3
TNFRSF17,0.483253958865707,0.628915426668063,0.794279420732099,0.224385299186225,2
GIT1,-0.483225388537937,0.628935710356645,0.794279420732099,0.245989969640343,3
MPP6,-0.483062101342619,0.629051642528216,0.794279420732099,-0.108635603909722,3
TRAPPC2,0.483056285958959,0.629055771557407,0.794279420732099,0.0778271839150414,3
GEM,-0.481794911398486,0.629951644585928,0.795317632634081,0.193515796456828,2
PRLR,-0.481540515195377,0.630132391838133,0.79545285691662,-0.406892171202358,2
MMP27,0.480830219149793,0.630637170884282,0.79595423096688,0.191164617313635,3
CPT1A,0.480720113653464,0.63071543390624,0.79595423096688,0.284820511330891,3
MAP3K8,0.480670610889869,0.630750621836372,0.79595423096688,-0.035600621982534,3
TOPBP1,-0.480423981128948,0.630925945550821,0.795999411395217,0.0719155402418176,2
STAP2,0.480412926003431,0.630933804884822,0.795999411395217,-0.0386808397991101,3
RTN4,0.479964664266221,0.631252519251078,0.796191270874494,0.0988331388430759,3
DNAI1,-0.479923883601183,0.631281517732598,0.796191270874494,0.120601296071128,3
SLC30A6,0.479888045719963,0.631307001947791,0.796191270874494,0.192396927074887,2
ZGPAT,-0.479628290875009,0.631491725977003,0.796331265935511,0.0448104884385983,2
SCARF1,-0.479450455427406,0.631618206498012,0.796397789960491,0.0307476544839249,2
ERCC6,0.479329777812396,0.631704041241141,0.796413054795378,-0.0416067175867228,2
CCDC134,0.47842757608588,0.632345910326651,0.797129247677498,-0.0785061063937582,3
MIPEP,-0.47794411534169,0.632689981284528,0.797380297764176,0.0425870383505147,3
TEX13A,0.47788809356976,0.632729856188204,0.797380297764176,0.497997910967135,2
SPINK5,0.47777260096935,0.63281206431709,0.797380297764176,0.137099551020216,3
ATP6V1C1,-0.477732886281951,0.632840334450313,0.797380297764176,-0.0113357578515737,3
GJA4,-0.477377257204714,0.633093506042752,0.797606257554678,-0.27563323384695,2
IL2,0.477267326837633,0.633171773938314,0.797611836977454,0.302315482315467,2
FTSJ3,0.476866326194663,0.6334573119881,0.797878484619339,0.130739715232335,2
BRD4,-0.47616027854562,0.63396019566988,0.798310583439087,-0.16997050269157,2
GAL3ST1,-0.476136773999995,0.633976939733272,0.798310583439087,-0.110550485160377,3
MRPS17,0.476070501552465,0.63402415161292,0.798310583439087,0.0900284000285042,2
HIRA,0.475878924470247,0.634160637733428,0.798310583439087,0.19001118121688,2
NDUFA5,-0.475865942856361,0.634169886733087,0.798310583439087,0.0592895879772444,2
RAPSN,0.475398850574857,0.634502713586489,0.798636484754283,0.579689133749393,2
H6PD,0.47414994841488,0.635392982354955,0.799469885589124,0.0457864039053874,3
ENPP4,-0.474122132207435,0.635412816897832,0.799469885589124,-0.264786112465152,2
SMYD2,-0.474069586489525,0.635450285706325,0.799469885589124,-0.0188955930013305,2
C10orf95,-0.474054727895915,0.635460881102409,0.799469885589124,0.0850030549489556,3
ARMCX3,0.473255510560512,0.636030898543502,0.799953770622746,-0.0768557165491234,2
ARTN,0.473169361296536,0.63609235476414,0.799953770622746,0.348013657791528,3
NMU,-0.473135673702257,0.636116387133434,0.799953770622746,0.475558238519007,2
PSMA7,0.473100159785157,0.636141722796648,0.799953770622746,0.0974570181428253,3
DNMT1,0.472539349044541,0.636541862148051,0.800363775453759,0.139187047359894,2
DCPS,0.472228694791509,0.63676356010015,0.800500561672138,0.0663553020336876,3
INTS1,-0.472179229730731,0.636798863770476,0.800500561672138,0.207190883136204,2
FBXL5,-0.47202908939986,0.636906025359574,0.800529301273479,-0.098885061754045,2
UPK1B,0.471781094001354,0.637083046936585,0.800529301273479,-0.00884957663676268,2
MAGEF1,0.47173787927458,0.637113896156862,0.800529301273479,0.120160908393803,3
ITGAE,0.471731901372667,0.637118163585271,0.800529301273479,0.2249895383853,2
MVK,-0.471461717482039,0.63731105157826,0.800599677366677,-0.00314910417139846,2
PRL,0.471445814592308,0.637322405635628,0.800599677366677,0.466433938362656,3
DBT,-0.471078072676019,0.637584983092135,0.800836393879214,-0.139695252833686,3
RRAGB,-0.47079939512656,0.637783996535299,0.800993225273142,0.00219204192344614,2
TXNL1,-0.470439475836032,0.638041066203322,0.801204613412111,-0.0485112406431153,3
NPM3,0.47035605338108,0.638100656284428,0.801204613412111,0.309894637598018,3
IDH2,0.469990436068977,0.638361850537209,0.80143941300592,-0.0619047709339273,2
SERPINA4,0.469512084767754,0.63870364887889,0.801683350825371,0.0748859467069932,2
AVPR2,-0.469448375961133,0.638749176791799,0.801683350825371,-0.0270611184773371,2
KCNJ5,0.46939449864112,0.638787679940205,0.801683350825371,0.30164035252257,3
RTF1,0.469303076583128,0.638853016469616,0.801683350825371,0.0592682718295249,3
LAG3,-0.46911048842271,0.63899066246919,0.801762938319456,-0.104797543295623,3
DRD3,-0.468347563718815,0.639536059769584,0.802354067088391,0.179784603897357,2
KLHL2,0.468189313341577,0.639649213736017,0.802402834371903,0.0642503974760152,3
GSS,0.467625255048368,0.640052601231251,0.802815629180211,0.168524694216072,2
FLNC,0.467305676433673,0.640281195793099,0.802933634332833,0.266281745668832,3
ANGPT1,-0.467285895976298,0.640295345875118,0.802933634332833,0.469599167199019,2
RBPJL,-0.467044981226645,0.64046769634288,0.803004608424793,0.124792381702519,2
TOP3B,0.46689865400266,0.640572388340291,0.803004608424793,0.0702198892091965,3
GRAMD4,-0.466815018931716,0.640632229513262,0.803004608424793,0.127639713865935,3
WAS,-0.466791164520225,0.6406492978527,0.803004608424793,0.0382118206175784,3
TCEB2,-0.466605275190017,0.640782312137873,0.803078145459253,0.0910917430311662,2
ACSL5,-0.466245715648094,0.641039629979718,0.803307434227485,0.0900613159650767,2
KCNJ10,0.46566473045562,0.64145550166825,0.803626900760161,0.698632842264298,3
ITPKA,-0.465619300188633,0.641488025592871,0.803626900760161,-0.121196090286594,2
ZNF223,0.465577777353687,0.641517752754571,0.803626900760161,0.217000274083546,2
SIGLEC9,-0.465181051254222,0.641801807151807,0.803827724648968,0.232512680229369,2
CNPY3,-0.465146015009599,0.64182689549133,0.803827724648968,-0.0236259116925518,2
NRP1,0.464724584165121,0.642128700734475,0.804112476852979,0.754044693003346,2
NIT2,0.464614309586416,0.642207682990907,0.804118162938191,0.0318593662011446,2
ZNF544,0.46418565049162,0.642514741073197,0.804252254538578,0.287724588702022,2
MMP26,-0.464182624594883,0.642516908807843,0.804252254538578,-0.115234835398991,3
ZNF606,0.464014364400328,0.64263745421424,0.804252254538578,0.348995625440219,3
XPNPEP2,-0.463955880840126,0.64267935536298,0.804252254538578,0.0553211589474541,2
PSMB4,-0.463945148055296,0.64268704510063,0.804252254538578,0.0211088397579953,2
CALCR,-0.463520517748919,0.642991311458298,0.804425357452649,0.122527085840809,2
UBE3A,0.463451857166015,0.643040515422916,0.804425357452649,0.0929555386102532,2
BFSP2,-0.46344031958642,0.643048783707057,0.804425357452649,0.201724592707929,2
CALB2,0.462663349714104,0.643605692623911,0.80493796812567,0.277134703684323,3
API5,-0.462660697452881,0.643607594029015,0.80493796812567,0.0849255248837235,3
FNTA,0.462428748267737,0.643773887338434,0.805035251735258,-0.0788907867895442,2
KRCC1,0.462335996787546,0.643840389441895,0.805035251735258,0.0417536721328528,2
TOPORS,-0.462240365978179,0.643908958988394,0.805035251735258,-0.128497152073805,2
NPPA,0.461863179718684,0.644179439985481,0.805280211864734,0.242225981613254,2
PALLD,0.461664787913813,0.644321726046527,0.805310901726193,0.115046847064145,2
ANAPC2,-0.461621053214869,0.644353094206581,0.805310901726193,-0.0797485468409313,3
KPNA1,-0.461431145128068,0.644489310726435,0.805348274831631,0.0475036234171263,3
MAFB,0.461358225244797,0.644541617583277,0.805348274831631,0.530397228162019,2
GPR32,-0.460984534407427,0.644809700933245,0.805348274831631,-0.104180668525205,2
POP1,0.460971085688582,0.644819349816898,0.805348274831631,0.284468645397674,2
SLC9A5,0.46081469719925,0.644931556296922,0.805348274831631,0.167046580049009,3
CNR2,-0.460787367324952,0.644951165916726,0.805348274831631,0.0448362777099794,2
UGT2B15,-0.460765640531886,0.644966755412762,0.805348274831631,-0.033633351686857,2
AQP6,0.460699301370789,0.645014356320456,0.805348274831631,0.174541254860024,2
JRKL,0.460563910929866,0.645111508699867,0.805348274831631,0.063078917617543,2
KCNH6,0.460347717156601,0.645266655842118,0.805348274831631,0.0270686845666482,2
CYP1B1,-0.460342958340128,0.645270071085399,0.805348274831631,0.261459734114241,3
HOXB5,-0.460214686076888,0.645362130613394,0.805348274831631,0.191188791268908,2
CCL21,-0.459990698724376,0.645522896790009,0.805348274831631,-0.229564529228888,4
KIF17,-0.459980634270136,0.645530120907463,0.805348274831631,-0.29754062459922,3
NDUFS7,0.45992538873966,0.645569775933559,0.805348274831631,0.151594391709553,3
HARS2,-0.459916877740807,0.645575885184882,0.805348274831631,-0.0979445135720682,2
GALNT10,0.459692016380675,0.645737300818874,0.805383545382163,0.0702613047411327,3
HLF,-0.45964556198371,0.645770649961723,0.805383545382163,0.00355698425214735,3
CCNC,0.459565907638772,0.645827834669533,0.805383545382163,-0.0925562546060397,3
WARS,0.459249187121135,0.646055232430248,0.805408446226313,0.0403285643226901,2
SPTAN1,0.459218174084483,0.646077500827591,0.805408446226313,0.0920371204272638,3
NEUROG1,-0.459043942577085,0.646202610771146,0.805408446226313,-0.259408895213097,2
CES3,-0.458952783565675,0.646268073061573,0.805408446226313,-0.137215069137407,3
SH2D1A,0.458949313450855,0.646270565043374,0.805408446226313,0.218595662176436,3
PPFIBP1,0.45891505291039,0.646295168662255,0.805408446226313,0.066622483472793,2
CASP2,0.458694920213885,0.646453262405438,0.805512532068697,0.138953056833325,2
DHRS9,0.458321500003902,0.646721479875592,0.805680273456638,0.249131934304022,3
NELL2,-0.458141190476867,0.646851007688831,0.805680273456638,0.278325916088845,3
TKT,0.458097171766456,0.646882630756233,0.805680273456638,-0.0576712972484986,3
ZNF80,-0.458092167512832,0.646886225855344,0.805680273456638,-0.0706508734530675,2
GNPAT,0.457744816238349,0.647135786152278,0.805768293346139,-0.00630571965356189,2
SCRIB,0.457601735825525,0.647238596194223,0.805768293346139,0.203627658168011,3
RAB40C,-0.457543725030371,0.647280281611498,0.805768293346139,0.100085508159818,3
STAM,-0.457245956022669,0.647494269981626,0.805768293346139,-0.0766338506478745,2
GTF2H5,-0.457167324066118,0.647550782822249,0.805768293346139,0.018479396322427,3
YIPF4,0.45708267771538,0.647611620482641,0.805768293346139,-0.120400809792904,2
PLCE1,-0.456998113147631,0.647672401713816,0.805768293346139,0.181546322678292,2
DLST,-0.456943813653168,0.64771143100161,0.805768293346139,-0.0654649283842784,3
TUBGCP5,0.456886536760742,0.647752601427378,0.805768293346139,0.0399908742321,3
FCN3,0.456843504388097,0.647783533651997,0.805768293346139,0.150398601166795,3
ZNF23,-0.456799546921386,0.64781513147402,0.805768293346139,-0.044965480325593,3
TRIAP1,0.456654513327405,0.647919390063967,0.805768293346139,0.196468153307342,3
CFHR2,-0.456550227596393,0.647994360985848,0.805768293346139,0.169693180030385,2
P2RY13,0.456540688668877,0.64800121869079,0.805768293346139,0.348115789114259,3
AFF1,-0.456395456368697,0.648105632467412,0.805805368544312,-0.300196999345818,2
GHRH,-0.456161345383934,0.648273959540909,0.805921891007124,-0.238061679434356,2
FAIM2,-0.455950359490558,0.648425674949021,0.805942197871709,0.221345884428884,3
PEX26,0.455840774691644,0.648504480775306,0.805942197871709,0.119871729224013,2
RNASET2,-0.455827363397446,0.648514125523134,0.805942197871709,0.253793496223549,3
TRPC7,-0.455377010348212,0.648838031666655,0.806126410324469,0.164721803646443,3
DENND4A,0.455375189611711,0.648839341324664,0.806126410324469,0.203627770371973,2
PRDM12,0.455309993717267,0.648886237527426,0.806126410324469,0.156121061080459,3
NTS,-0.454841443770878,0.649223312167713,0.806420877507858,-0.0423699760750624,3
KIF13A,0.454714017576516,0.649314994948495,0.806420877507858,0.257742465356135,3
AHCY,-0.454669215320094,0.649347231305624,0.806420877507858,-0.0765433157608152,3
ZNF217,-0.454334207986652,0.649588298368301,0.806627520286745,-0.178592469579819,3
TBC1D5,0.454049548134,0.649793164854811,0.806725138500901,0.0812590001335668,3
TACC3,0.454017435594087,0.649816277550115,0.806725138500901,0.220879385344947,2
PSORS1C1,-0.453843528915333,0.649941451082211,0.806787813673873,0.160904028807449,2
PMM2,0.453573378093465,0.650135918254168,0.806936480406931,0.0420085236167443,2
BRE,0.453130028671943,0.650455113502218,0.807239905336737,-0.0107162058591926,3
ANXA7,-0.452560304993845,0.650865387708541,0.807609071400764,0.0082377771925122,3
AMACR,0.452509320204652,0.650902108462789,0.807609071400764,0.0921260578831907,2
RORB,-0.451974494364999,0.651287356903632,0.807994260855982,-0.203974731102781,3
CACNG2,0.451751712057796,0.65144786005988,0.808100572389391,0.356525044130327,3
SLC25A12,0.451530774494328,0.651607050127601,0.808199969139611,0.222152012851841,2
AKR1D1,0.451432828379928,0.651677627402889,0.808199969139611,-0.0952522894106721,3
GFI1,0.450984469799019,0.652000742091809,0.80850786546616,0.429117448293357,3
DHRS7B,-0.450681969394902,0.65221877935097,0.80868540571042,-0.00249518668042511,2
SLC44A1,-0.450553334455801,0.65231150628453,0.80870755088781,-0.0258694109196597,2
PLAGL1,0.450363945018764,0.652448038085502,0.808783992127563,0.0175331041859979,3
H2AFV,-0.449724518015407,0.652909090252301,0.809262649788337,0.072740298010632,2
ACVR2B,0.449420820231432,0.653128114824895,0.809441245564308,0.00960404797401412,2
APAF1,-0.449291754474056,0.653221205138121,0.809463744166799,0.123427928016403,3
PPP3CB,0.448796984092292,0.653578114548145,0.809813121512854,0.107585273393319,3
RCN1,-0.4483360672906,0.653910674526365,0.810132252119945,0.191379129070149,2
ZNF780B,0.447557393118467,0.654472658416764,0.810735511034162,0.0675383345718907,2
NDUFA4L2,0.447358266350919,0.654616403436837,0.810820592813292,-0.0783507677636523,3
P2RX2,0.446950047268684,0.65491112740536,0.811070992794393,-0.117841242131724,3
WASF1,-0.446870264978639,0.654968734507081,0.811070992794393,-0.0234365826083421,3
DSCR4,0.446486457233317,0.655245893029971,0.811282318470868,0.018179166759257,2
ERMP1,-0.446179321604224,0.655467718645758,0.811282318470868,0.354578968971839,2
PSG2,-0.446158749435344,0.655482577774111,0.811282318470868,-0.0353719268708305,2
DEFB126,-0.446118618654166,0.655511564338766,0.811282318470868,-0.0814976842160182,3
SARM1,0.446113984480882,0.655514911647264,0.811282318470868,0.0755610126465152,2
SBF1,-0.445777900956768,0.655757686495756,0.811349850410132,-0.145062401491711,3
FANCL,-0.445729032514527,0.65579299035927,0.811349850410132,0.0107727218185829,2
C11orf57,0.445726512944974,0.655794810584231,0.811349850410132,0.0859921791111494,3
PIP5K1C,-0.445554598562175,0.655919012360659,0.811356567952884,-0.074943128143959,2
MEX3C,-0.445435503719772,0.656005059553289,0.811356567952884,0.062273636391099,2
HS3ST3B1,-0.4453912919822,0.656037004129557,0.811356567952884,-0.320540988533248,2
CSDC2,-0.445303156589823,0.656100687008743,0.811356567952884,-0.512523339527747,2
CPA2,-0.444552631182266,0.656643085913747,0.81193436516029,0.120926623276908,3
CHCHD2,0.44408369632665,0.65698207339657,0.812185478024196,0.142881649302183,2
GPSM3,-0.444013527223652,0.657032803888487,0.812185478024196,0.00366850034538112,2
CD33,0.443959678794364,0.657071736016798,0.812185478024196,0.318450644833416,2
SLC13A1,-0.443705029312246,0.65725585884612,0.812270774921543,-0.0331804741266552,2
RNF7,0.443652555737314,0.657293802145357,0.812270774921543,-0.114003660321674,3
EIF2S3,0.443552254684908,0.657366331638968,0.812270774921543,-0.00633427846042022,2
SURF1,-0.443173385112307,0.657640328145863,0.812516393072357,-0.0859418918564698,3
TAC1,0.442346874803115,0.658238215729248,0.813162077574031,0.373238223288671,2
HTRA2,-0.441974242031482,0.658507845303881,0.813367491076527,-0.264146606952251,3
AIM1L,-0.441908956026163,0.658555089516321,0.813367491076527,-0.0513422867690141,2
TAF15,-0.441496749009658,0.658853414555354,0.813541696751324,-0.0668158474451347,3
HCRTR2,-0.441479345403308,0.658866011197042,0.813541696751324,0.283872472432464,3
ARL2,0.441329147812117,0.658974727470636,0.813541696751324,0.113058586480925,3
DAZL,-0.441297834429459,0.658997393683956,0.813541696751324,0.400949557048133,2
GPR25,-0.440929798620032,0.659263820124465,0.813777600843844,0.00209516095672717,2
UCP1,0.440710009882277,0.659422948990759,0.813824073039852,0.0143975699281791,2
SMS,-0.440607484557185,0.65949718344783,0.813824073039852,-0.166904842548701,2
ZMYM2,-0.440565630943517,0.659527488927131,0.813824073039852,-0.0923981160661652,3
FUT9,-0.440163607662209,0.659818615503693,0.813988612195876,0.139932195212787,2
CHN2,0.440014659156767,0.659926490171404,0.813988612195876,0.100226987380305,2
QPRT,0.439781180507192,0.660095599292244,0.813988612195876,0.325315364350896,3
SLC7A9,0.439640793643064,0.660197290179767,0.813988612195876,0.187438845321975,3
INSL4,0.439575719861562,0.660244429273094,0.813988612195876,0.345121498516968,3
CD164,-0.439569483298191,0.660248947076485,0.813988612195876,0.0315010702693611,2
GPR19,-0.439491310536501,0.660305576937911,0.813988612195876,0.330435294943612,2
SCD5,0.439419712370481,0.660357445742059,0.813988612195876,0.500051789014285,3
MYBPC1,0.439304676344427,0.660440786225544,0.813988612195876,-0.080227495579378,2
WIPF2,0.439287751416565,0.660453048232568,0.813988612195876,0.00672300478727415,3
CPNE7,0.439126000368181,0.660570240479375,0.813988612195876,0.0355074632533619,2
GIMAP4,0.439090587686673,0.660595898868795,0.813988612195876,0.372341458707234,3
IFNA16,-0.43902909846852,0.660640452057142,0.813988612195876,0.15423047577907,3
INSL3,0.438894499933717,0.6607379821961,0.814015931076901,0.466727877675607,3
RRAS,-0.438641050869632,0.660921647102615,0.814075457167995,-0.168443829339542,3
ASH2L,-0.438619829405887,0.660937026417637,0.814075457167995,-0.0243924559159402,2
KRT75,-0.438263459867449,0.661195310823735,0.814290291478659,0.386555566946183,2
CYP4A11,0.438171158708862,0.661262214113201,0.814290291478659,0.0869275118775692,3
LOXL2,0.437609591408964,0.661669317131973,0.814527268887866,0.682827254269107,2
PTCH2,0.437526197185347,0.661729781538004,0.814527268887866,-0.0909604384984011,3
LRP10,0.437506347371479,0.66174417383357,0.814527268887866,-0.068903578364307,2
SLC22A8,0.437489653880452,0.66175627770412,0.814527268887866,0.300135022270856,3
SCN7A,0.437339426569845,0.66186520628625,0.814568526638268,0.195221733980109,2
PODXL2,-0.437198767907123,0.661967203208485,0.814601245051043,-0.0458202172158267,2
NFIX,-0.436982939178171,0.662123720987945,0.81470104045014,0.107940874608643,3
CARTPT,0.436360139421081,0.662575454606936,0.814815704153536,0.0465716365644655,2
RPS29,0.436358281073501,0.662576802700826,0.814815704153536,0.0454165652898102,2
CRH,0.436349830853662,0.66258293272488,0.814815704153536,0.17721268805144,3
GGTLC2,-0.436277785514585,0.662635197331682,0.814815704153536,0.115376959633695,3
SH3GL2,0.436218814932221,0.662677978203095,0.814815704153536,0.398153008125755,2
DAO,-0.43613556367144,0.66273837563888,0.814815704153536,0.179842251835275,3
HAMP,-0.436126523917591,0.662744933965281,0.814815704153536,0.0486762978872414,3
CCS,-0.43589667474446,0.662911697844164,0.814927979983232,-0.15495045653821,3
PRDM5,0.4356428051595,0.663095908818823,0.815061675814853,-0.0309919281804352,3
PTCD3,0.435171867698735,0.663437680929213,0.815271152539148,-0.0153397824851214,3
SP2,0.435161141459632,0.663445466068495,0.815271152539148,0.0298651837689554,3
MFAP2,-0.435095993397404,0.66349275152487,0.815271152539148,0.0603921339011217,3
BTBD1,-0.434980002217002,0.66357694300873,0.815281862873101,0.0226721650787471,2
RAP2C,-0.434745244210983,0.663747353659493,0.81538777084353,0.115282910664462,2
NBN,-0.434653281918395,0.663814113756527,0.81538777084353,0.0770725298733083,2
MECR,0.434214616307807,0.664132600110212,0.815686224717511,0.0734288874384692,2
CLDN18,0.433886494078614,0.664370867824256,0.815886097571351,0.265357923872531,3
GSN,-0.433258439237617,0.664827027804188,0.81635347895201,-0.0253475839375605,3
CDKN2D,-0.433004218853161,0.665011704889884,0.816487433078033,-0.214190902691443,3
GABRB2,0.432796961068546,0.665162281281408,0.816579493397178,0.394243701129883,3
ZNF415,-0.432477030375459,0.665394743020186,0.816668283686184,0.063540602222778,3
RUNX1T1,0.432422689170305,0.665434230552657,0.816668283686184,0.0238988583703039,2
CYP2C19,-0.432385276144679,0.665461417608387,0.816668283686184,0.441800952925617,2
PCDHGA9,-0.43220286100215,0.665593980164791,0.81667681406822,-0.0376492394178366,2
HPCA,-0.43216763962472,0.665619577028014,0.81667681406822,0.255140789445356,2
SYDE1,-0.431950173570859,0.665777627426592,0.816777959280188,0.00888119431196038,2
ZNF358,0.431515988706717,0.666093229548369,0.817072344490289,-0.0207293090135744,3
NR1H3,-0.4312955082826,0.666253515929476,0.817176164309095,0.285924718662469,2
EGFL8,0.431153366807184,0.666356859002172,0.817210126128686,0.212257521817886,3
ACSM2B,0.430980281042245,0.666482708479161,0.817215468583679,-0.05297359311458,3
HIST1H2BM,0.430939277235908,0.66651252344216,0.817215468583679,0.256498161151494,2
MYEF2,0.430779432277441,0.666628756011325,0.817265216483297,0.599402395527188,2
SMPD2,-0.430436275247412,0.666878312485105,0.817478385322753,0.0685977541085169,2
GP9,0.430261386523656,0.667005512210953,0.817541534426723,0.18794617612871,3
EGR4,-0.430076395404608,0.667140070008408,0.817613686887999,0.266594808240578,2
LRRN2,-0.429951424788534,0.667230976490033,0.817614128730209,0.587957521076981,2
UGT2B28,0.429867796255275,0.667291812524118,0.817614128730209,2.31689842316655e-05,3
FXYD7,0.429632942409198,0.667462669933365,0.817730720269957,0.0300307971688568,3
PEPD,0.429322174333784,0.667688781843264,0.817861472241536,0.202355829770744,3
SEBOX,0.429278141149017,0.667720822412341,0.817861472241536,0.435308205724524,3
REG1A,0.428693991432446,0.668145933886717,0.81828938524312,0.343455117596757,3
CXCL6,0.428150085724038,0.66854185374687,0.818619207601969,0.180260260763069,3
LEP,-0.428066702041411,0.668602558553824,0.818619207601969,0.0386810378012195,2
TCOF1,0.428011715304418,0.668642591063893,0.818619207601969,0.00889465225518616,3
CRIPT,-0.427424797674479,0.669069948892481,0.818959891400958,0.0164947479911462,2
LRP4,-0.427421307661726,0.669072490428944,0.818959891400958,0.0133690476235233,3
PNMT,0.426954390528659,0.669412548264389,0.81919103343744,0.292900578287978,2
ZNF804A,0.426953767010136,0.669413002421059,0.81919103343744,0.133177695966622,2
PGS1,0.426091962193933,0.670040836897217,0.819866461278176,0.0161926374085905,3
GRM1,0.425689998899482,0.670333750547106,0.820131971164326,0.261979736431456,3
TTC28,-0.425337311378187,0.670590797859755,0.820285614905943,0.0758542854531169,2
HTN1,-0.425309309910823,0.67061120766843,0.820285614905943,0.0659881533201811,2
FN3KRP,0.424721765209117,0.67103951536869,0.820716581183491,0.115459942262722,3
ABCG2,-0.424099027169642,0.671493594958164,0.82111791798749,0.0242227723420307,2
NDUFV2,-0.423961719822709,0.671593730990936,0.82111791798749,-0.0886478310150294,2
SGK2,-0.423959013124482,0.671595705000877,0.82111791798749,-0.0914067449315875,3
ATP7B,0.423693713363188,0.671789200569928,0.821261537410181,0.16531482066892,3
ASCL1,0.423470694347701,0.671951875634612,0.821367450560719,0.195675779818177,2
MTX2,0.422932012410541,0.672344865664921,0.821713945932614,0.0872066397633285,3
TNFSF4,-0.422873606020715,0.672387480845989,0.821713945932614,0.305211848891135,2
PLEK,0.42230377325326,0.672803304375889,0.822129105641216,0.58150049121741,2
WDR70,-0.422146822651101,0.672917853374315,0.822176071954456,0.129166635071824,2
XYLT2,-0.42174995148621,0.673207540112976,0.822436988045733,0.00947103718755275,2
ALDOA,-0.420910090441275,0.673820736702588,0.822895384898412,-0.12818919422066,2
RPS3,-0.420845889515053,0.673867619796697,0.822895384898412,-0.0965415911735443,3
NQO2,0.420833415470495,0.673876729186162,0.822895384898412,0.148766099952382,2
CKM,0.420659457106707,0.674003770310344,0.822895384898412,-0.372006037840389,2
FGD2,0.420645913821236,0.674013661309761,0.822895384898412,0.448995626047885,2
MMP17,0.420610067168527,0.674039841286905,0.822895384898412,0.231755558487202,3
GPATCH2,0.420425587606951,0.674174578957144,0.822966866526734,0.142132530889392,2
CASP4,-0.420140536465814,0.6743827912765,0.823128012584039,0.00832274741333761,2
ZFHX4,0.419915880202827,0.674546906425864,0.823235304848287,0.148228686018896,3
PGAP1,0.419762475218163,0.674658980223518,0.823279067371717,0.0899385542153747,3
MCM3AP,-0.419634935227479,0.674752163205947,0.823299770354754,-0.0671406737179886,3
ZEB2,-0.419488140371362,0.674859420308524,0.823321529978728,0.192967134298316,2
OR12D2,0.419401900398468,0.674922435471361,0.823321529978728,-0.00151494173255824,2
NCR2,0.41920967236285,0.675062903839782,0.823399896937368,0.0677635182378219,3
ECH1,-0.41903353155237,0.675191626596956,0.823463921248765,-0.013280869588674,2
ITGA5,0.41891587406153,0.675277615351774,0.823469916063378,-0.411103020710741,3
RASSF2,0.418818192420813,0.675349008184176,0.823469916063378,0.266139932033486,3
PTPN4,-0.418641416104999,0.675478216570994,0.823534502866803,0.137793104154916,3
ABCD1,-0.418490907604939,0.675588232965104,0.823575679098189,-0.0189258894970367,3
PPP1R12A,0.418134843091151,0.675848531125595,0.823800026316709,0.205703897653716,3
TMEM209,0.417952627712768,0.675981753237414,0.823869445838943,0.312796505381131,2
MMP25,0.417786902503427,0.676102927794605,0.823924168099878,0.223644932912926,3
CDCA3,0.417491073984769,0.676319251828325,0.824094817625444,0.178439524834095,3
UBB,0.417217485282553,0.676519336820918,0.824245643620522,0.16645361550517,3
WDR37,-0.416824697684758,0.676806636069005,0.824502682171804,-0.0207235463562461,2
PLXND1,-0.416424332090612,0.677099526552793,0.824766473367531,-0.0954241415463773,3
SLC35E3,-0.415546917089577,0.67774157687661,0.825397335551499,0.0309107473158079,2
TRPV4,-0.41550772443825,0.677770261649861,0.825397335551499,-0.027725659514456,2
DYRK1B,-0.41506732137597,0.678092621070291,0.82569682029098,-0.136649734399519,2
CABP5,0.414930665911658,0.678192660005627,0.825725553807572,0.257849117508565,3
SLC9A6,0.414528749915198,0.67848691637123,0.825927062410016,0.120491897441106,3
KIAA0319L,0.414495740208464,0.678511086079104,0.825927062410016,-0.110333159118816,2
UPK1A,0.413896430329012,0.678949958267792,0.826332725475515,0.205120855804205,3
NR2C2,0.4137615013304,0.679048781245353,0.826332725475515,0.101187507649084,3
MAGEA8,0.413727290267779,0.679073838552689,0.826332725475515,0.0432526874788829,3
TUBB2A,0.413230629075982,0.679437649479473,0.826589019525209,0.531114259089908,3
SCAMP4,-0.413165796373592,0.679485145807734,0.826589019525209,0.143369025630193,2
SLC29A2,-0.413079231066898,0.679548565388661,0.826589019525209,0.235598684608859,3
FAM106A,-0.413021930267816,0.679590546417643,0.826589019525209,0.136790736304468,3
ATP6V1A,0.412538986872429,0.679944410976836,0.82674269084414,0.348278674053721,2
ZPBP,0.412509945433045,0.679965692605235,0.82674269084414,0.235666339467286,3
POU3F3,-0.41246508341815,0.679998568086044,0.82674269084414,0.00806009189488157,3
DHRS12,-0.41243169831768,0.680023033526216,0.82674269084414,0.0203250686214639,2
TIGD6,0.412224463032988,0.680174908282839,0.826834274057082,0.0683710238101724,2
MRPL22,0.411707481091496,0.680553840977068,0.827176893673903,0.0951657278425208,3
APOBEC2,0.41159633305083,0.680635319789236,0.827176893673903,0.0471757338261272,3
FYN,0.411526539823821,0.680686484712768,0.827176893673903,-0.0651007170819322,2
C7orf49,0.411319913876563,0.680837969355339,0.827252349929652,0.147924919581246,2
BCAM,-0.411087060425616,0.681008697719765,0.827252349929652,0.181244325304411,2
MAGI2,0.410947105199736,0.681111320884234,0.827252349929652,-0.00284563961209097,3
SLC6A14,-0.410632678071116,0.681341898335505,0.827252349929652,0.360923024592563,2
GCA,-0.410584394061368,0.681377308871649,0.827252349929652,-0.0922308427206742,3
SHPK,-0.410578037172963,0.68138197093996,0.827252349929652,-0.124609200521308,3
SNORA66,-0.410557054942197,0.681397359151286,0.827252349929652,0.125169629174434,2
GRTP1,-0.410361832655837,0.681540540071643,0.827252349929652,-0.146760116684146,3
LILRP2,0.410327848822679,0.681565465839432,0.827252349929652,0.329789455339062,3
ADRA2C,-0.410322341565916,0.681569505222359,0.827252349929652,-0.183497432792824,3
CNBP,-0.409990050965424,0.681813245806413,0.827252349929652,-0.093803224575755,2
AASDHPPT,0.409908207957347,0.681873284087645,0.827252349929652,-0.0730106370845047,2
OR2J2,0.409905361723853,0.681875372059938,0.827252349929652,0.188647667277068,2
SIRT6,-0.409848561743038,0.68191704054434,0.827252349929652,-0.017391758779053,2
RYK,0.409774800854832,0.681971153003666,0.827252349929652,-0.109712812219234,2
DDX3X,0.409587524045777,0.682108550355113,0.827252349929652,0.0339641812865161,3
MAN1A1,-0.409445459096808,0.682212784640368,0.827252349929652,-0.197031676415913,3
CASP3,-0.409332778483587,0.682295463695502,0.827252349929652,0.127363284710325,3
DTX4,0.409309737357457,0.68231237052095,0.827252349929652,0.10128821343238,3
FYB,0.409301303108113,0.682318559337382,0.827252349929652,0.042825081628617,2
RB1CC1,-0.409187053782111,0.682402394404211,0.827252349929652,-0.0307388358594623,2
STX4,-0.409144788069735,0.682433409574442,0.827252349929652,-0.125771474367355,3
APOBEC3C,0.409008938662824,0.682533101399355,0.827280359214075,0.19066659462028,3
TPSD1,-0.408844150230985,0.68265403729376,0.827289915164873,0.291131140818626,2
PLN,-0.408789482673904,0.682694158839074,0.827289915164873,-0.371791506045383,3
CD27,0.408556967517127,0.682864816088612,0.827403897183308,0.35595241014713,3
KCNK10,-0.40842724772397,0.682960032511161,0.827420091434569,0.0180709088464498,2
ARHGAP29,-0.408330052145543,0.683031378941127,0.827420091434569,-0.111086056161198,2
PTPRF,-0.407869688375274,0.683369347499921,0.827643978444173,0.18639359749051,2
B3GAT3,-0.40779485520724,0.683424291048893,0.827643978444173,0.0509660606999693,2
ACACA,0.407765213112526,0.683446055149234,0.827643978444173,0.254987820550294,3
NSMCE4A,-0.407288819021728,0.68379587382066,0.827974781864227,0.0698809905375614,3
CYSLTR1,-0.407026880171439,0.683988245815064,0.828114888062577,0.579504155427776,3
ZNF136,0.40687928902857,0.684096648097316,0.828153310853659,-0.0144666495114077,3
TPRKB,-0.406660034572202,0.684257697444674,0.828255451344394,-0.0299877532733068,2
TSPAN6,0.406538228702227,0.684347173922003,0.828270943720501,0.172345079297896,3
HGF,-0.405836958006009,0.684862401354393,0.828801664735621,0.465000872475448,3
GP6,0.405592811583136,0.685041811499899,0.828925915517185,-0.0908291871308842,2
FABP1,-0.405387614469305,0.68519261362347,0.829015525578038,0.0192813724655619,2
NR1H2,-0.405220076527125,0.685315748817336,0.829071645058222,-0.187206091963947,2
AIRE,-0.405012884907034,0.685468039796946,0.82907972010789,-0.0282502827612253,3
DNAJA3,0.405002152734667,0.685475928558004,0.82907972010789,0.0785834104432461,3
BAZ1B,-0.404474616920896,0.685863739831989,0.829455902112085,0.0393360638595811,2
PRICKLE3,-0.404289123203087,0.686000122860458,0.829508618328969,0.00145127626718469,2
TSR1,0.404206445637426,0.686060914289114,0.829508618328969,0.077076792496257,2
IFT81,-0.403567703432916,0.686530639180474,0.829967906323021,0.000669272018051371,2
LILRB5,0.403469279884839,0.686603029685563,0.829967906323021,0.64420089465753,2
EHD2,-0.403376487458848,0.686671281133942,0.829967906323021,-0.00902364268455931,2
PRPF18,-0.403208114909745,0.686795130419178,0.829970128176715,-0.00034886625005596,3
VEZF1,-0.403165076920273,0.686826789091988,0.829970128176715,0.037102927096515,3
SNORD54,-0.402808448009496,0.687089145850991,0.83010713469076,-0.342414292609487,2
PTPRT,0.402694589472898,0.687172914684637,0.83010713469076,0.192663167217021,2
LST1,-0.402650795352174,0.687205136237654,0.83010713469076,0.183438804622855,2
GDI1,-0.402575892019971,0.687260247730341,0.83010713469076,-0.0792637059937447,4
CYP4F8,0.40248869847879,0.68732440406167,0.83010713469076,0.0696225814110951,4
FMO3,-0.402076883207169,0.6876274449673,0.830380286253412,0.25395402083453,3
DDX1,-0.401785707852381,0.687841741332419,0.830508225459488,-0.0154622827875063,3
MYO1C,0.401724000726456,0.68788715915442,0.830508225459488,0.0384969111715799,3
TSPAN31,0.401608814436253,0.687971941847246,0.830517759927799,0.137021534062143,3
FDFT1,-0.401366843326251,0.688150057085335,0.830639950456564,0.0512469379121822,3
CAPN11,-0.400990485206662,0.688427129145648,0.830848171532049,0.219162660609411,3
KARS,-0.400923575816412,0.688476391722215,0.830848171532049,-0.163417654460697,2
CSNK1G2,0.4007655293702,0.688592759936169,0.830861653632594,0.071855784382758,2
ADCK2,-0.400699473675805,0.688641398349622,0.830861653632594,-0.0660423239709218,3
PPP2CB,0.400505697361076,0.688784087987519,0.830941000495999,-0.143018222494251,2
GAD1,-0.400319934937593,0.688920886892229,0.831013223920699,0.231515186374629,2
TSSC4,-0.400186085566581,0.689019462365549,0.831039329217582,-0.0373296108925039,3
RPS19,-0.399259198809207,0.689702227495019,0.831516507669065,-0.0982375852487693,3
NDFIP1,0.399214319804464,0.689735292773301,0.831516507669065,0.151503870187695,3
ECHS1,-0.399212709664075,0.689736479079334,0.831516507669065,0.0495037526121901,2
RPL39,-0.399139656025848,0.689790303742015,0.831516507669065,-0.0113965545610505,3
FGFR3,-0.399126517945504,0.689799983819894,0.831516507669065,0.342547207565096,2
PYGM,-0.398923783250731,0.689949364255719,0.831603775127235,-0.394349832084662,3
SMAD4,0.398806892349612,0.690035498141642,0.831614799835548,0.0498073883066999,3
ADCYAP1,0.398060277742979,0.690585753851646,0.831989495420662,0.318023425426643,3
ANXA10,0.398037377187226,0.690602634170725,0.831989495420662,0.366367027283615,2
FGF12,0.398013679635274,0.690620102128814,0.831989495420662,0.175001147553712,2
AMHR2,0.397967028118867,0.690654490412616,0.831989495420662,0.0898360668770061,3
ITGB4,-0.397515899659784,0.690987064160877,0.832279925657151,-0.725816437180058,3
SRP14,0.397350857626923,0.691108748728744,0.832279925657151,0.155944100217589,3
EED,-0.397215697866569,0.69120840720807,0.832279925657151,-0.0587591167834603,2
TMEM39B,0.397087752109367,0.691302751455808,0.832279925657151,0.162242247220538,3
P2RX7,0.397021630180331,0.691351510118633,0.832279925657151,0.135611201283167,3
APBB2,-0.39701299795248,0.691357875663915,0.832279925657151,0.298586275242773,3
APOL5,0.396890960936122,0.691447870079677,0.832295508424412,0.297713991952323,3
TBC1D12,0.3964347228101,0.691784354824897,0.832607754965854,0.0104851597036092,3
LAMC1,0.396258508907362,0.691914332400456,0.832671414727019,0.103826044934248,3
ZNF614,-0.395868549917203,0.692202003284372,0.832877896828433,0.202286168885685,2
HOXB7,0.395702011978541,0.692324871061611,0.832877896828433,0.0663117833126897,3
RPGR,-0.395610271715766,0.692392558330426,0.832877896828433,-0.394498990581839,3
MED13,-0.39560787543066,0.692394326376535,0.832877896828433,0.0386653007615336,2
RCVRN,0.395321840058927,0.692605383304566,0.833034229386057,0.357465071067905,3
PCDHB11,-0.395222719489006,0.692678526971446,0.833034229386057,0.0276804282688137,2
POFUT2,-0.394830453193351,0.692968018656482,0.833231208732734,0.148407524835851,2
CCT8,-0.394791740052549,0.692996591302989,0.833231208732734,-0.234009230439205,3
TXK,-0.394578432447931,0.693154033086928,0.833240153591464,0.238255102613144,3
DKFZP434L187,-0.394572643762371,0.693158305885289,0.833240153591464,-0.0712860430927081,3
LMX1B,0.394313362603161,0.693349698909709,0.833377483879234,-0.10043617991831,3
HLA-DQB2,-0.393656047236635,0.693834995665553,0.833868004359067,0.0954082806146573,2
MTCH1,0.392707682954603,0.694535395467993,0.834505666128156,0.0214432536827961,2
FABP6,0.392617847502711,0.694601755590279,0.834505666128156,0.342050370078415,3
CENPO,-0.392575132626275,0.694633309260077,0.834505666128156,0.130687016249304,2
PUS7,0.392419134984453,0.69474854990852,0.834505666128156,0.0271105481606684,3
RAB32,-0.392414671430058,0.694751847388494,0.834505666128156,0.0123534270413198,2
UBD,0.392131690045971,0.694960913523059,0.834639650910608,0.159010834426354,3
PSORS1C2,0.39188077448316,0.69514630889337,0.834639650910608,0.152031541012167,3
CCDC88A,-0.391780568749151,0.695220353553174,0.834639650910608,0.227717113052562,2
NASP,-0.391768626746613,0.695229178007696,0.834639650910608,-0.0173222504501911,2
FBP1,0.391729873095262,0.695257815016334,0.834639650910608,0.300840207642681,2
PEX7,-0.391628878702177,0.695332446860493,0.834639650910608,-0.0832884138579334,2
CXorf21,0.39153169722806,0.695404263858125,0.834639650910608,0.319540064217116,3
CASP8,0.391205632143176,0.695645245543445,0.834836122915264,0.207599615110316,3
STX17,-0.390820549359169,0.695929884443086,0.835084937986472,0.00570995690908595,3
OSBPL10,-0.390496121235428,0.696169722921292,0.835279945240008,-0.17161147609582,3
CD22,0.389990735322083,0.696543397756233,0.835635471186453,0.33430145831451,3
PPP3CC,0.389827773135664,0.696663905283977,0.835687229858692,0.0111839351639528,3
TBC1D16,0.388444484220358,0.697687129923684,0.836775956720788,-0.097671857205667,3
YIPF1,0.388391351426701,0.697726443453448,0.836775956720788,0.0711013496609688,4
ATF2,-0.388008651832806,0.698009630990371,0.837022650306171,-0.106028985188161,3
BAHD1,-0.387753625281833,0.698198367217654,0.837060021989288,0.113352489915038,2
PRAMEF10,0.387717577907267,0.698225046124101,0.837060021989288,-0.0220864034407968,2
METTL5,0.38765242173782,0.698273269593175,0.837060021989288,0.107941214106816,2
H2AFX,0.387143720301468,0.698649812228051,0.837169289152548,0.151710120317539,2
FTSJ1,0.387136027040494,0.698655507377018,0.837169289152548,0.00398875961263841,2
LOC202181,0.387060983770378,0.698711061120474,0.837169289152548,-0.0796479972468926,2
SYCP1,0.387025841450534,0.698737077164964,0.837169289152548,0.147854895299004,2
HBP1,0.387005783152048,0.698751926587611,0.837169289152548,-0.218246510518032,2
FERMT2,-0.386604964236735,0.699048682271071,0.837409419603003,-0.245761415812757,3
DLEC1,0.386511467733777,0.699117911215963,0.837409419603003,-0.161584627079882,2
PCDHB6,0.386420966670148,0.699184924587991,0.837409419603003,-0.0414908362637674,2
SEC14L5,0.386004776236707,0.699493131508854,0.837685677002066,0.12404758748101,4
HIST1H3G,-0.385836650765099,0.699617649698057,0.837741919081966,0.356368789054482,2
CHRNB1,0.385673897565257,0.699738196734733,0.837793394051052,0.165911183597175,3
ZFAND6,-0.385225109377314,0.700070641595814,0.837918411536875,0.0574700391232287,2
CPA1,-0.385153612566201,0.700123608966375,0.837918411536875,0.288152272752792,2
KCNH4,0.385126666320661,0.700143572078152,0.837918411536875,0.0666531338155459,2
ACOT1,-0.385010523867317,0.70022961852406,0.837918411536875,-0.0458338921220885,2
MTX1,0.38500937909898,0.700230466667596,0.837918411536875,-0.390016481929179,2
NBR1,-0.38462322089681,0.700516587435008,0.838043019628863,-0.00637941089188336,3
ZW10,-0.384559658275654,0.700563687714707,0.838043019628863,0.00258993146952362,2
KLK8,-0.384455453698084,0.700640906416248,0.838043019628863,0.282378507232785,2
AFG3L2,-0.384450027040802,0.700644927815984,0.838043019628863,-0.0421637190635573,3
GEMIN7,0.382964832261828,0.701745839677194,0.839234389362721,0.235697033529648,2
FOXE3,-0.382896702865653,0.701796356148255,0.839234389362721,0.358355405871621,2
ATP12A,-0.38276248710439,0.701895878082151,0.839260490927982,0.0127505650618342,3
KCNE2,-0.382363686697471,0.702191621557846,0.83952118384813,-0.0173714236656782,2
BBS10,0.38222518883685,0.702294339726045,0.839551068804863,0.117109331288225,3
LOC441601,0.382089820969783,0.702394741761567,0.839578178655356,-0.222315621193693,2
PFN2,0.381830297882109,0.702587243959203,0.83971535840311,0.104500104884406,3
ITIH1,0.381396528692779,0.702909036422192,0.840007015315026,-0.0141838661231948,3
DYRK2,-0.38125347223378,0.703015174794202,0.840040920146789,0.083539214849536,3
ZNF93,0.380861803038449,0.703305796887387,0.840295234816674,0.356975504000647,3
SERPINB4,0.38040257006903,0.703646607129981,0.84057140967756,0.337836622091905,3
PSD,-0.380340627893624,0.703692580791907,0.84057140967756,-0.0397415734053491,3
PRMT3,0.380099116327828,0.703871841718184,0.840692573445358,-0.0442938125880301,2
ENTPD5,0.379767875495786,0.704117730570222,0.840893280886627,0.227157926751375,2
ELAVL2,-0.379493991197541,0.704321065510186,0.841043129520344,0.290468374994156,2
POLL,-0.379314043645184,0.70445467220552,0.841052070398268,-0.110689221896247,3
RPS21,-0.379274175618835,0.704484274482829,0.841052070398268,-0.137348536172224,3
NFE2L1,0.379043740856819,0.704655382610445,0.841163381916015,-0.0983121196239748,3
EGR2,-0.377848438299796,0.705543187937886,0.841650365888816,-0.0998926724009011,2
ZNF688,0.377741922542927,0.705622321491234,0.841650365888816,0.188465856855013,3
CTNNA3,0.377679208046486,0.705668915344849,0.841650365888816,0.341989619009817,3
PABPN1,0.377505332175071,0.705798102523118,0.841650365888816,0.127013721655549,2
DUSP26,0.377496187106135,0.705804897407657,0.841650365888816,-0.251509736338165,2
FDXR,0.377410174409552,0.70586880691374,0.841650365888816,0.272517459666722,2
NUCB2,-0.377375621992818,0.705894480776063,0.841650365888816,0.0547388460155526,2
CCDC47,-0.377347602716162,0.705915300493251,0.841650365888816,-0.146510797230495,3
NCK2,-0.377325753987554,0.705931535338855,0.841650365888816,0.0304371257481003,2
PCDHA9,0.377276204296755,0.705968354067763,0.841650365888816,0.24480448590229,3
MORC2,0.377274642382299,0.70596951468569,0.841650365888816,-0.170329406829333,2
LAMP3,0.377235863567978,0.705998330431268,0.841650365888816,0.222267612724683,3
CENPA,0.376852702139458,0.706283072523566,0.841896904590549,0.0632351701559907,3
RSF1,-0.37648619995559,0.7065554729623,0.842128679128187,-0.212899799715257,3
HGSNAT,-0.375907908232476,0.706985361076913,0.842548088079525,-0.0514415010185662,2
POPDC3,-0.375627033123837,0.707194190584486,0.842674181792108,-0.331674199057968,3
PLA2G4A,0.375555755546823,0.707247188680545,0.842674181792108,0.236517615548793,2
PNPLA3,-0.375294152127732,0.707441714788725,0.842812992516578,0.250936969792984,2
GTF2IRD2B,-0.375029435661196,0.707638575174265,0.842832627242529,-0.119257366943321,2
MKL1,-0.374989089714094,0.707668580761931,0.842832627242529,-0.0946465817762767,3
PGPEP1,0.374957233699437,0.707692272643005,0.842832627242529,0.0908018623244749,3
ATP5O,-0.374762030814437,0.707837454657503,0.842912598964871,-0.0407857985648166,2
SERP1,0.374359790136061,0.708136654379105,0.843032611546408,-0.102544551849485,2
RCHY1,0.374262360606447,0.708209132417693,0.843032611546408,-0.15067725001245,3
RPL8,0.374246409638427,0.708220998629211,0.843032611546408,-0.168326546516121,2
SCEL,0.374206871668021,0.70825041194072,0.843032611546408,0.312299693945755,2
RNGTT,0.373863978902454,0.708505516922811,0.843198092650007,0.0548580519278696,3
NRSN2,0.373666077432549,0.708652766327241,0.843198092650007,0.389387733402717,3
KRT85,0.373619511567274,0.708687415433996,0.843198092650007,0.055791318202257,2
TRMT5,-0.373578768591097,0.708717732292669,0.843198092650007,0.127883649496056,3
RUNDC3A,-0.373495446793659,0.708779733499543,0.843198092650007,0.579620384700968,2
CDS2,-0.372710896194449,0.709363625891649,0.843709757761923,0.0369684952547706,2
SCYL3,0.372707645985365,0.709366045176244,0.843709757761923,0.0716407517341339,2
MYNN,0.372574876296606,0.70946487445017,0.843734402048964,0.0544677309362116,3
ABTB2,-0.371990371284538,0.709900018364949,0.844144940707707,-0.0792954544383304,2
NPAT,-0.371873334568028,0.709987159556724,0.844144940707707,-0.132709003841977,3
LAMP1,-0.371796294998907,0.710044522428275,0.844144940707707,-0.0146662977989332,3
SAGE1,0.371624327382871,0.710172573674995,0.844204263325333,0.3172897046515,2
PACSIN2,0.370693409401673,0.710865899697351,0.844724363827454,-0.203640113258712,3
MCF2L2,0.370632024078047,0.710911626471782,0.844724363827454,-0.0638838604630864,3
TYRP1,-0.37058467965756,0.710946894694393,0.844724363827454,0.0823838330426668,2
CCNL2,0.370438561321092,0.711055746353891,0.844724363827454,0.1778127541352,3
NDUFA1,-0.370430771677781,0.711061549457022,0.844724363827454,0.16561931178615,3
ATP2B3,-0.370269343491248,0.711181813470955,0.844724363827454,-0.385422969950043,2
SNX13,0.370089930291344,0.711315484755986,0.844724363827454,0.0106756943278724,2
SOCS5,-0.370072444317867,0.711328513104636,0.844724363827454,-0.182593618891162,3
IQCB1,0.370059825779473,0.711337914905094,0.844724363827454,0.0417253027365437,3
POU4F3,0.369920011179289,0.711442090682245,0.844724363827454,-0.21823686820018,3
MBTPS1,-0.369813758237124,0.711521263290935,0.844724363827454,0.0370037896402131,3
CCDC86,-0.3696265835841,0.711660740930432,0.844724363827454,-0.114693909077224,2
RNF43,-0.369617708015199,0.711667355011138,0.844724363827454,0.0926904911422592,3
UBE2E3,-0.36948024780944,0.711769793231194,0.844724363827454,0.17099830359976,2
NKX2-1,0.369272832300348,0.711924373454037,0.844724363827454,0.19812704562686,2
SPG21,-0.369200777860372,0.711978076121953,0.844724363827454,-0.00616916111910971,3
PTPN7,-0.369177313473494,0.711995564598681,0.844724363827454,-0.123648825834715,2
RPP38,0.369147597526092,0.712017712705885,0.844724363827454,0.146189292814799,2
TYW1,0.368821747631263,0.712260593467327,0.844896943502117,0.0528873988084042,3
KLK2,0.368742572080478,0.712319613448786,0.844896943502117,0.0496312256629216,3
C6orf106,-0.368147714579703,0.712763094291511,0.845330143229787,-0.0741824049634982,2
ZNHIT1,0.367807635797488,0.713016675003193,0.845538052847128,0.126235197668343,3
RDH8,0.367589188206249,0.713179577804717,0.845638397304781,0.112044957150314,2
RWDD2B,0.367375428400899,0.713338997449689,0.845734590105537,0.167689745952831,2
HSF2BP,0.367144269863268,0.713511406961952,0.845826360801403,0.0632070219405142,3
GNAZ,0.36706168365429,0.713573007404479,0.845826360801403,0.0621492395622375,3
CHL1,-0.366440398730153,0.714036479074866,0.846282866684957,0.470724496549889,3
KRT81,0.366252179715325,0.714176909209335,0.846356442488122,0.0996464302486367,3
KLHL1,-0.366037637633778,0.714336990780022,0.846453288109455,0.169672202875816,2
DOK2,0.365663866836788,0.71461591162258,0.846690915580466,0.380227496211801,2
C12orf43,-0.365279200061183,0.714903003232378,0.846798756944621,0.00916703141394368,3
SEC24D,-0.365198019230121,0.714963596765594,0.846798756944621,-0.084932554515678,3
GUSB,0.365126530015611,0.715016957944568,0.846798756944621,0.158478128247229,2
KCNQ2,0.365121782091592,0.715020501952591,0.846798756944621,0.192181183375297,3
MB,0.364884369918651,0.715197722108703,0.846877390738463,-0.148999115969742,3
SH2D2A,0.364778474447467,0.715276774447563,0.846877390738463,0.190699629504364,3
NRL,0.364673705021315,0.715354989184433,0.846877390738463,0.0787984868805691,3
MYH7,0.364612745972121,0.715400499026891,0.846877390738463,-0.373768222823884,3
ZBTB24,0.364230056931697,0.715686224057713,0.847102115819116,0.230413990386739,3
IL12RB2,-0.364148425190624,0.715747177474641,0.847102115819116,-0.223198017992188,3
CYB5R3,0.363375788825728,0.716324185230351,0.84769213944547,-0.080584301281418,2
MFGE8,-0.363091011469614,0.716536898915713,0.847759324872355,-0.36070641397486,3
SKI,0.363067648044487,0.716554351140199,0.847759324872355,0.0577196633169018,2
TCP10,-0.362984579090089,0.716616403944592,0.847759324872355,0.0971319613824275,3
LYPD1,0.362573215046558,0.716923721916375,0.848030009213829,0.306705571770188,3
DTYMK,0.362260515142228,0.717157361482064,0.848162980621155,0.161489981922911,2
IK,0.362212587372774,0.717193173948679,0.848162980621155,0.0059955425671321,2
ZNF552,0.361817089296847,0.717488720746446,0.848417662881735,0.272586678981575,2
FSHB,-0.361714200012571,0.717565614523934,0.848417662881735,0.0958711658732409,3
DGKB,0.36095584425732,0.718132456031786,0.848994942547373,0.274979871754201,2
TERT,0.360776780417112,0.718266321963561,0.849060276849462,0.312729225181487,2
CLGN,0.360489183919646,0.71848134367742,0.849141942885761,-0.13093068739048,2
RPS12,0.360474092900317,0.718492627103857,0.849141942885761,0.0254146013468674,3
CDH17,0.359976110892689,0.718864998421988,0.849489083574479,0.60012649199934,3
RBP1,0.359747070938524,0.719036287890529,0.849598554123112,0.125405377909348,3
IL12A,-0.359186078974221,0.719455890085755,0.85000136986835,0.342070139520382,3
PPEF1,0.358954199772653,0.719629352252426,0.850057828399897,0.186766579993151,3
RAD17,0.358897117304216,0.719672056221564,0.850057828399897,0.136314319345034,2
ZC3H4,0.358806618580322,0.719739761020687,0.850057828399897,0.167040837980106,3
CNN2,-0.357999131341149,0.720343963616592,0.850678418605709,-0.1274806196968,2
PHKB,0.357742328342529,0.72053615317415,0.850812366264448,0.193300815294969,2
CST6,0.357202155311915,0.720940472489463,0.851196741046145,0.0382302716722157,2
SLC6A20,-0.357006919605864,0.721086625545004,0.851276254550506,-0.170147945724478,2
ZFYVE16,0.356700684632376,0.721315892947862,0.851453860301913,0.189215682421543,2
ARR3,0.35653387363811,0.721440789037047,0.851459176240956,0.177460494370022,3
MAGEB3,-0.356484116803455,0.721478044818873,0.851459176240956,0.305204709571828,2
CDKN2A,0.355837654881278,0.721962147793662,0.851937417573426,0.177734071516536,3
ACADS,0.35558678757287,0.722150039769389,0.852066054570064,-0.216521582557266,2
KCTD20,-0.35489295237001,0.722669788466343,0.852586179009768,-0.0513535960822059,3
ZNF221,-0.354702293079505,0.722812632874819,0.852661576969946,0.000901416619693043,3
CLEC4A,-0.354370756043812,0.723061047715821,0.852861480391602,0.0393970137960988,2
VAMP4,0.353893460593664,0.723418728010387,0.853190206350933,0.0227959262991728,3
PLG,-0.353247232660232,0.723903100838791,0.85366826367474,0.216296456678462,3
ACSL6,0.35298421739349,0.724100272626217,0.853807569578473,0.348768112943488,2
NDUFB6,-0.352738983264921,0.724284131113656,0.853885314935191,0.122844006029658,3
C2CD3,0.352672160798055,0.72433423243547,0.853885314935191,-0.087775680422167,3
PPP1R9A,0.352579973206634,0.724403353644334,0.853885314935191,0.253512479298155,3
ZDHHC4,0.352031684354145,0.724814500798212,0.854276730782573,0.0828512924934685,2
CNTLN,0.351781004965714,0.725002505015144,0.854405090461879,0.0489945367718471,2
PPM1F,-0.351588492691535,0.72514689638778,0.854482030629519,0.103237157048177,2
DNA2,-0.351415181757533,0.725276894400441,0.854541995343976,0.182003170756914,2
CHP2,-0.351152473192432,0.725473963372885,0.854633094187012,0.21267854609429,3
RPA3,-0.351101171678878,0.725512448962683,0.854633094187012,0.0665982915383661,3
DDB1,-0.350630041514121,0.725865915816928,0.854956234069835,0.0450079755570562,3
SIRPG,0.350386459553888,0.726048686835836,0.855016857044409,0.194622148103838,3
ANXA3,0.350350470510041,0.726075692433657,0.855016857044409,0.281682877253168,3
ZNF134,-0.34977826436761,0.726505112416073,0.855429281046264,0.0819564833366275,3
STIL,0.349590216507772,0.726646254294733,0.855502216772938,0.448871092098816,2
COPS7B,-0.348987807461302,0.727098463049881,0.855767856932555,0.106754523764827,2
ASCC3,0.348928749711514,0.727142800889604,0.855767856932555,0.145728695216069,3
ADAM28,-0.348705590247248,0.727310346989859,0.855767856932555,0.0776616475959077,2
FARS2,0.34853918493569,0.727435291073966,0.855767856932555,0.00507262755994059,3
RMND5A,-0.348476356915867,0.727482466869921,0.855767856932555,-0.00238284332997922,2
NACA,-0.348460571409154,0.727494319926038,0.855767856932555,-0.114856870360816,2
AHNAK,0.348335036820564,0.727588583935681,0.855767856932555,0.120080478559897,2
ATP11A,-0.348285043870873,0.727626124824012,0.855767856932555,-0.114066456395058,3
SRD5A3,0.347954389006901,0.727874437836937,0.855767856932555,0.18558389244023,3
ZNF710,0.347950098758653,0.727877659887131,0.855767856932555,-0.107384535534639,2
STK3,-0.347891155920715,0.727921927458757,0.855767856932555,-0.0282293708648172,2
XPOT,0.3478076560279,0.727984639557453,0.855767856932555,-0.180470944369497,2
UNG,-0.347802750199882,0.727988324107106,0.855767856932555,0.118747380654218,2
FKBP14,-0.347767220456722,0.728015009107659,0.855767856932555,0.383189283324604,2
WDR43,0.347707012010839,0.728060230069449,0.855767856932555,0.17997711991036,2
APOA2,-0.347291412528633,0.72837240159655,0.85604163660602,-0.304477623456446,2
RHOD,-0.347043249261486,0.728558827327091,0.856167586247523,0.00753270511505452,2
TRAF6,-0.346851895253523,0.728702587650833,0.856180879753495,0.105445644214313,2
LMO7,-0.346817189831673,0.728728662141606,0.856180879753495,0.172495656754376,3
GABRG3,0.346467326983287,0.72899153472241,0.856396580540672,-0.0262088196644005,2
MAD2L1BP,0.346214165077309,0.72918177005864,0.8564335088759,0.00091618050151375,3
POU4F1,0.34615504566352,0.729226197001995,0.8564335088759,0.253991442493746,3
MT4,0.3461089687466,0.72926082342534,0.8564335088759,0.364173107194146,3
PGM3,0.345622224094216,0.729626641735967,0.856730482911148,-0.116868225115945,3
SLCO4C1,-0.345561446805458,0.729672323901366,0.856730482911148,0.133196078683914,2
PLSCR1,0.345270857878764,0.729890753144173,0.856799188524154,0.0252826497742332,2
HTR1B,-0.345181379181132,0.729958016708102,0.856799188524154,-0.375094479413252,2
LAGE3,-0.345167040366091,0.729968795777429,0.856799188524154,0.400940418700018,3
LPAR4,0.34502271114247,0.730077296884367,0.856833437738476,0.51250042761692,3
PROC,0.344700166826295,0.730319792705741,0.856944592947343,0.125520878926846,3
KCNQ1DN,-0.344670116364439,0.730342386668913,0.856944592947343,-0.100614557016085,3
FZD2,-0.344580185204912,0.730410004375688,0.856944592947343,0.466078574642345,3
TGFBR2,-0.344293671331718,0.73062544324572,0.857034355697445,-0.0851683775773814,2
TRIM68,0.344223880781345,0.730677924194002,0.857034355697445,0.122094441210214,3
ANKHD1-EIF4EBP3,-0.344067440229929,0.730795568604362,0.857034355697445,-0.228906644413916,3
ATP2A1,-0.344056395827611,0.730803874313013,0.857034355697445,-0.0816577861729054,2
ASB8,-0.343876151889039,0.730939427406184,0.857100270825184,0.180069193792787,3
ADRB1,-0.343494300218711,0.731226628059033,0.857343974415898,-0.349451299615304,2
VAMP3,0.343253393637499,0.731407839598352,0.857424907215183,0.00945798756985478,3
GPATCH4,-0.343191487217142,0.731454408441762,0.857424907215183,0.0897753390562108,2
AVPI1,-0.342386658015013,0.732059927799925,0.858041595062369,-0.606420927497182,2
MIP,0.34213946389859,0.732245939684657,0.858166501082095,-0.0591621767753357,3
C9orf116,0.341897630634937,0.732427932788864,0.858197169232748,0.0614473020355861,4
KCTD17,-0.341893550019553,0.7324310038101,0.858197169232748,-0.0476316831669328,2
RPAIN,0.341648638691953,0.732615328923954,0.858320041544094,0.0271340242682268,2
ONECUT1,0.341332831552022,0.732853034395591,0.858383176083766,0.0355213870082388,3
EDIL3,0.341317911574197,0.732864265175906,0.858383176083766,0.236139615025243,3
DNASE1L2,-0.341260325462184,0.732907612758801,0.858383176083766,0.405695444566586,2
XYLT1,0.340850730104734,0.733215957653349,0.858591993016819,0.162460364298632,2
DIP2A,0.340812320685853,0.733244874613974,0.858591993016819,0.0245559640030757,3
FAM135A,0.340269151171874,0.733653846367646,0.858808731948247,-0.085507991269942,2
FBP2,0.340198695438283,0.733706900550332,0.858808731948247,0.107555576984863,2
CRKL,-0.340150744087814,0.733743009335505,0.858808731948247,-0.0286895557339502,2
CHAF1A,-0.339968673898025,0.73388011893663,0.858808731948247,0.167371525689642,2
KRT13,0.339824786629494,0.733988480548097,0.858808731948247,-0.11972716119527,2
SIGLEC7,0.339766042831871,0.734032722070119,0.858808731948247,0.323283332832927,3
STRN,0.339600633539493,0.734157300966801,0.858808731948247,0.126984954439444,3
POLR3F,-0.339540513007643,0.734202582802378,0.858808731948247,0.109963103617798,2
CSNK2B,0.339483024090399,0.734245883411932,0.858808731948247,-0.00037187392562857,3
RASA2,-0.339441782974499,0.734276946710224,0.858808731948247,0.048932375026398,3
GUCY1B2,0.339403210387539,0.734306000434387,0.858808731948247,0.166613671370422,3
BCL2L10,0.339171685148505,0.734480398348451,0.858808731948247,0.0733940999677375,2
CDADC1,-0.339147595215431,0.734498545036275,0.858808731948247,0.186770954619251,3
KLK5,-0.338978436433025,0.734625974705265,0.858808731948247,0.14962147755695,2
CAMK4,-0.338953654835784,0.73464464364168,0.858808731948247,0.0894598141257177,2
PSG11,0.338783169121252,0.734773081379129,0.858808731948247,0.212575423457614,2
CLCA1,0.338697793228019,0.734837403260242,0.858808731948247,0.321746143341137,2
BCS1L,-0.338570154037737,0.734933569621392,0.858808731948247,0.170804627496431,2
SLC4A1AP,-0.338560877449647,0.734940558982558,0.858808731948247,-0.0754774448878178,2
SHB,-0.338383618914655,0.735074117034769,0.858871888827428,0.0441512833887798,2
SUZ12,0.338135297953962,0.735261231589272,0.858997601517123,-0.0307898678548167,2
PTPN1,-0.337638894766997,0.735635327895213,0.859130541048951,-0.142721860183058,2
ETF1,-0.337586676820747,0.735674683708012,0.859130541048951,-0.00862888093679949,2
MAT1A,0.337580982283223,0.735678975629846,0.859130541048951,0.31317372596932,3
SELT,0.337552761725256,0.735700245332916,0.859130541048951,0.245809515880846,3
CEACAM5,0.33745663979364,0.735772693505262,0.859130541048951,0.0082967171175035,3
FMO2,0.336810457287784,0.73625978944142,0.859498104430887,0.305419336660193,3
CDKL1,-0.336782138868906,0.736281138448052,0.859498104430887,0.111859660371227,2
RNF19B,-0.336681449572355,0.736357048871021,0.859498104430887,-0.0765698754598357,2
DCT,0.336616847567782,0.736405754166623,0.859498104430887,-0.10725577472928,3
GPR18,0.336472996372786,0.736514211494215,0.859522923974678,0.2532023436712,3
ZNF202,-0.336352034064727,0.736605415694341,0.859522923974678,-0.00184895225956205,3
ZNF665,0.336272041305408,0.736665731360634,0.859522923974678,0.0705594590131082,3
SLC22A2,0.335510237163641,0.737240223657073,0.86010032357098,0.174556740525954,3
DHX16,-0.335248171399995,0.737437886846359,0.860238018759651,0.0180980293863244,2
CNIH3,0.334979901123786,0.737640247779698,0.860329672461392,0.00677530552486533,3
RAP1B,-0.334932841336639,0.737675747670562,0.860329672461392,-0.0319924953125946,3
MTDH,-0.334625637923638,0.737907502532964,0.860507054125129,0.160113413336609,2
CDK9,-0.334502954094051,0.738000062115024,0.860522093152687,-0.0113729822996936,3
RPL31,0.334037265327252,0.738351438480317,0.860838881647532,0.0850234931116769,2
CETP,-0.333381780534665,0.738846114336374,0.861276741493276,-0.118444039244267,2
JAG1,-0.333274194717929,0.73892731664658,0.861276741493276,0.0425587601906856,2
LHX1,0.333011600466926,0.739125526556198,0.861276741493276,0.0482765065922093,2
GATA4,0.332990853031122,0.739141187757548,0.861276741493276,-0.0661164460637759,3
TP53I3,0.332963870804607,0.739161555452352,0.861276741493276,0.15777452860367,2
CEBPE,-0.332905795707456,0.739205394406977,0.861276741493276,-0.229447130228154,3
CORO1B,0.332463886342026,0.739539004806576,0.861558884091226,0.11195389324236,3
AGRN,-0.332373737975906,0.739607066485645,0.861558884091226,0.013818674009202,2
RAB25,0.332042855793841,0.739856898770868,0.861756978706374,-0.138030660394843,2
SYN3,-0.331727265705898,0.740095210351156,0.861771695573121,0.162986507511102,2
FOXN3,-0.33172011534172,0.740100610095633,0.861771695573121,-0.0913475522372082,3
RMI1,-0.331709176827901,0.740108870563955,0.861771695573121,-0.235704243156766,2
MAP1S,-0.331326328179788,0.740398006333395,0.862015441303442,-0.0106087205545504,3
FGF8,0.3305011007201,0.741021361056622,0.862568098871,0.254397584310179,2
ANKRD53,0.33048372300971,0.741034489543015,0.862568098871,0.00271116792683239,2
OR6A2,0.330319451560496,0.74115859681392,0.862568098871,0.237655574021813,2
AXIN1,-0.330136021798664,0.741297186170573,0.862568098871,-0.085139755251126,2
ZNF76,-0.330059858221494,0.741354733612273,0.862568098871,-0.011350748755135,3
DES,0.329923233207535,0.741457967945622,0.862568098871,-0.28251274550325,2
MNAT1,-0.329843508811804,0.741518210125014,0.862568098871,-0.0185037995815531,2
HAO2,0.329764165718604,0.741578165753449,0.862568098871,0.0768646290262674,2
TERF2,-0.329746697433693,0.741591365878076,0.862568098871,-0.00745220119235404,2
FOXN1,0.32868861214569,0.74239106270964,0.863332576074884,0.0504756740223606,3
ZNF165,-0.328665583754569,0.742408470575782,0.863332576074884,0.0672054800197816,3
C14orf132,-0.327951235929865,0.742948533368477,0.863867605753098,-0.0362376085709501,2
LY86,-0.327675573723537,0.743156973957598,0.863933316273628,0.269387219618665,3
KIR2DS4,0.327604453592844,0.743210754142381,0.863933316273628,0.149177041570073,3
COX7C,-0.327439578992677,0.743335435145041,0.863933316273628,0.0223423845227289,2
SF3B3,-0.327404584354236,0.743361899557381,0.863933316273628,-0.0387468575353988,3
MKL2,-0.32734767004288,0.743404941192684,0.863933316273628,0.230210104921115,2
KCNJ4,0.326914436633456,0.743732601660092,0.864221123400636,-0.0948838586757543,2
GABRG2,-0.326561399373523,0.743999642982706,0.864438436431019,0.0402028070577623,2
MYL7,0.326374809573959,0.744140794027494,0.864485538312012,-0.0528396794188336,3
FNBP1L,-0.326296226941972,0.744200242618348,0.864485538312012,0.334120415778,2
BAAT,0.326020721905034,0.74440867712615,0.864634680679212,0.315408334829379,3
CETN1,-0.325878293046735,0.744516439627162,0.864666872470983,0.719109624085353,2
EPHA5,0.325569781395761,0.744749878481904,0.864780886287972,0.278571990378213,2
TAZ,-0.325536945488057,0.744774725526477,0.864780886287972,0.0530527424423481,2
RENBP,-0.32529129813535,0.744960616149343,0.864903759205202,0.0347262882223526,3
RIMS1,0.325119095728875,0.745090937066627,0.864962095883257,0.173538022017058,2
ERBB2,0.324826998508319,0.745312009764585,0.865067416415985,0.422899230643556,2
SLC20A1,0.324787600356906,0.745341829715198,0.865067416415985,-0.000160867782416113,2
LSS,-0.324389911070953,0.745642856944399,0.865323822594908,-0.110225033128603,3
NEUROD2,-0.324250031435743,0.745748746775994,0.865353739679266,-0.0221181712229654,2
IRF9,0.323629431940892,0.746218602696764,0.865805944826041,0.151945531377239,2
UFC1,0.323264777481574,0.746494726643148,0.865953418765025,0.0986471834859499,3
KLK12,0.323122577420599,0.746602412312682,0.865953418765025,-0.25762615045448,2
HSPA14,-0.322995969373785,0.746698294581109,0.865953418765025,-0.0638630478980873,2
ZNF682,-0.32288046058405,0.746785774627856,0.865953418765025,-0.174903252135023,2
DGCR2,0.322867920276182,0.746795272168274,0.865953418765025,0.0471404485780558,2
KIAA0753,-0.322699475385682,0.746922849489969,0.865953418765025,0.0233905921708893,3
ACE,-0.322668232489077,0.746946513095925,0.865953418765025,0.318696001415487,2
APBA1,-0.322614731941801,0.746987035368682,0.865953418765025,-0.152669398101059,3
HNMT,0.322142086798407,0.747345055637335,0.865986499027058,0.0997631019622844,3
ZNF587,-0.321899495282426,0.747528835561035,0.865986499027058,0.0370100892655938,2
GDF2,-0.321882103756661,0.747542011401259,0.865986499027058,-0.0100577765335693,2
PITPNA,0.321837911990159,0.747575491466974,0.865986499027058,0.0481219934941796,2
EVI2B,-0.32182911088069,0.74758215932073,0.865986499027058,0.299187530480094,2
GML,0.32175176564823,0.747640758051857,0.865986499027058,0.177269395864013,3
HIC1,0.321653826696019,0.747714961205441,0.865986499027058,0.0300035895743208,3
ZNF276,-0.321555130946461,0.747789740109048,0.865986499027058,-0.0749549101253749,3
PREB,0.321514207564191,0.747820747263569,0.865986499027058,0.144477711945136,2
KIAA0430,0.321507974810502,0.747825469781873,0.865986499027058,0.0136329370046919,3
PPP1R16B,-0.321272885660509,0.748003602262179,0.865986499027058,0.172505684335079,2
IL22,-0.321162880321199,0.748086960470668,0.865986499027058,0.0316602225967502,2
LCT,0.321158741830007,0.748090096532406,0.865986499027058,0.232911451055189,2
TMEM59,0.321095608389629,0.748137938244817,0.865986499027058,0.125277458938259,3
CROCC,0.320908610955793,0.748279648194787,0.86605772632595,0.0419543124215035,2
SLC35A5,0.320507582672362,0.748583583162562,0.866316677236125,0.125134427640108,2
SORCS3,0.319967348435643,0.748993082561902,0.866697726602428,0.300961007161377,2
PF4V1,-0.319773369579333,0.749140136476821,0.866775037941584,0.145835357078146,2
NADSYN1,0.31944145840253,0.749391777003345,0.866822520489416,0.304752549860466,2
NAT10,0.319324184142193,0.749480695595005,0.866822520489416,0.0218073149471235,2
XRCC2,-0.319322636176608,0.749481869301246,0.866822520489416,0.21526672464927,2
NFAT5,-0.319240164824617,0.749544401982816,0.866822520489416,0.0843204186723792,2
TRIM23,-0.319163161306617,0.749602790246505,0.866822520489416,-0.032177179019855,2
IL18R1,-0.319084214106128,0.749662653805974,0.866822520489416,0.0968436447197481,2
EYA2,0.318431675198478,0.750157514394607,0.867301880604789,0.154759343314775,3
SCN10A,0.318012121480105,0.750475742240747,0.867576944315556,0.181170339262544,3
AMBP,0.317734760589033,0.750686141381352,0.867683288400361,0.255572290205809,3
AGK,0.317679075607711,0.750728384872225,0.867683288400361,0.0497303083378833,2
TAP2,0.317505107500399,0.750860364591512,0.867742982595219,0.0930409204080636,2
DYNLRB1,0.317161238210449,0.751121260128484,0.867951631569094,0.195857692304262,3
NOC3L,-0.317017998270021,0.751229945462442,0.867984369545972,0.180999000563485,3
SMC4,-0.316875912840495,0.751337759670867,0.867999203146921,0.0202256934191444,2
CABYR,0.316748690397215,0.751434299987085,0.867999203146921,0.120934195690816,2
IGSF9B,0.316683394536672,0.751483850012035,0.867999203146921,0.348750221466194,3
ACOX2,0.316127563774042,0.751905685874264,0.868321144626693,0.390027942956717,2
ETFB,0.316048165217958,0.751965949762794,0.868321144626693,-0.0549762964356324,2
GSTCD,0.315998388202773,0.752003731529598,0.868321144626693,0.0769566232625751,2
MBIP,-0.31585473573437,0.752112770006499,0.868354226337132,-0.0845684915915819,2
COPS6,-0.315422163041438,0.752441141383018,0.868640476062359,0.0569636225732216,2
FTO,-0.315275948948207,0.752552144476773,0.868640476062359,-0.0890900316717631,3
IRAK3,-0.31521035284225,0.752601945516351,0.868640476062359,-0.413669750112877,2
UPF3A,-0.315063962585611,0.752713089774307,0.868675939716033,0.176190538050141,2
SLC12A7,-0.314260123849502,0.753323481664885,0.869218673602952,0.0228294611423142,3
IL6ST,0.314157227158941,0.753401627017039,0.869218673602952,-0.104166713157191,2
KIN,0.314126745439146,0.7534247769806,0.869218673602952,-0.0162154603057311,3
PROM1,-0.313849386049545,0.753635433406356,0.869368854298959,-0.0888381280759493,3
MBNL2,-0.313651898511226,0.753785437772058,0.869449044187269,0.0497865901593217,3
DSCR3,0.313545251322221,0.75386644696985,0.86944964340896,-0.05269999114123,2
THOP1,0.313071674584926,0.754226208539652,0.869736629655866,-0.0554669938956138,2
BDKRB2,-0.312942825978712,0.754324100066553,0.869736629655866,-0.208263775905921,2
TRIM15,-0.312899746055383,0.754356830517108,0.869736629655866,0.065269042773246,3
MSH3,-0.311981391231459,0.755054665663948,0.870427607728697,0.205118030891533,2
HES2,0.311898972425951,0.755117303464694,0.870427607728697,-0.0254631553571218,3
PAQR6,0.311766657105486,0.755217865686651,0.87045063862006,0.260890417858599,3
BRPF1,-0.311324593999931,0.755553872334905,0.870666988807215,0.119106576010215,3
MAPK4,0.311255535438664,0.755606367063332,0.870666988807215,-0.0108696447295532,3
GPR182,0.311130871498966,0.755701132966776,0.870666988807215,0.157665854424204,3
GRINA,-0.31101372799117,0.755790185406318,0.870666988807215,-0.02597591731407,2
PSCA,0.310856323357483,0.755909849443456,0.870666988807215,0.255613109455547,2
BIN2,0.310753942641038,0.755987685681745,0.870666988807215,0.407124268753896,2
ANKRD55,0.310677257285426,0.756045988318198,0.870666988807215,-0.00212053016867209,2
EIF3K,-0.310671462692997,0.756050393909616,0.870666988807215,-0.103893604943568,3
FOXE1,-0.310482258779604,0.756194248786659,0.870739822555537,0.218656051904376,3
CHMP1A,0.310311808058335,0.756323852536469,0.870796232690145,0.0989228914711152,2
FGFR1OP,0.310092998464112,0.756490236441466,0.870805141750982,0.241608265692356,2
PDSS2,0.310089599931513,0.756492820791633,0.870805141750982,0.352481411461231,3
PIK3CG,0.309848691004709,0.756676022389574,0.870897162823589,0.453693611215626,3
PRB4,0.309772442116948,0.75673400946697,0.870897162823589,0.15980628972859,3
FAM63B,-0.309277568728821,0.757110392647616,0.871185129562627,-0.226550209665708,3
SEMA5A,0.308978731712852,0.757337705407274,0.871185129562627,0.644553991741637,2
NR1H4,0.308904738172231,0.757393992426818,0.871185129562627,0.701000399836184,3
GRAP,0.308872120304862,0.757418805305833,0.871185129562627,0.150977247772169,3
OLAH,0.308866700107991,0.757422928551468,0.871185129562627,0.394459759684138,2
NTNG1,-0.308797746863099,0.757475383183315,0.871185129562627,-0.0043796784785358,3
ZNF140,-0.308701266877934,0.757548780039044,0.871185129562627,0.149068132255759,3
TBX2,-0.308592117761064,0.757631817533693,0.871187874494247,-0.266101781829615,2
NOL11,-0.308103861016455,0.758003303385918,0.871522265372505,0.126182465859251,2
NGRN,0.307800761018047,0.758233942476378,0.871694662263711,0.134938237876206,3
APOA4,0.30760846967495,0.75838027465226,0.871727756186488,0.137983560577328,3
CCDC51,0.307550842661265,0.758424130035236,0.871727756186488,0.0931300166778342,3
BACE1,0.306959528616581,0.75887417748196,0.872152235893194,0.0387219484828994,2
RBM42,-0.306848695492302,0.758958541354974,0.872156400395365,-0.0362802367732839,4
VHL,0.306467682668833,0.759248582285095,0.872393031892663,0.161148120218832,3
WDR41,-0.306366010467137,0.759325984619035,0.872393031892663,-0.00519943623236198,2
IFIT3,-0.305994752833274,0.759608640921769,0.872624964291923,0.0349087825631671,3
DGKZ,0.305790162123602,0.75976441940101,0.872711107865771,0.0336299266637344,2
PEX11B,0.305659647061859,0.759863800647009,0.872725670024923,0.177748019226736,2
CCR3,0.305561309445624,0.759938682860065,0.872725670024923,0.111998109966039,3
DSCC1,0.304878213622865,0.760458909324295,0.873026183022637,0.320001458182884,2
ZNF117,-0.304864293998329,0.760469511243992,0.873026183022637,-0.350512604987395,3
GK2,0.304859389329225,0.760473246909208,0.873026183022637,0.087441651386581,2
HDGFRP3,-0.304793224624901,0.760523642125811,0.873026183022637,0.00928221966066305,2
GJA5,0.304235379692673,0.760948572436237,0.873346862537136,0.259707326716303,3
RRP9,-0.304214211761872,0.760964698222508,0.873346862537136,0.0116125847901053,3
PDZRN3,-0.302848795007403,0.762005095446862,0.874448001807819,0.0467912837309666,2
SERPINB5,0.302716290687329,0.762106081787025,0.874470989532977,0.0577709449889738,4
RBKS,-0.302393680885487,0.762351971332464,0.874591847802481,0.175613096086575,3
ATP6V0C,0.302365643987479,0.762373341872631,0.874591847802481,-0.031943758416851,2
GCG,-0.301686538965184,0.762891030801023,0.875057425325514,0.247161199528647,3
ANP32A,0.301524465994723,0.763014596424059,0.875057425325514,0.00828982087051262,3
MTFR1,0.301514482849275,0.763022207844937,0.875057425325514,0.141965218591418,2
SLC16A4,-0.301262580699267,0.763214272457638,0.875172104068039,0.099140465006867,2
TWISTNB,0.301147203100804,0.763302247808188,0.875172104068039,0.0366727729701567,3
PNLIP,0.301064563402937,0.763365262407801,0.875172104068039,0.309495988006341,3
ZC3H3,-0.300803014706042,0.763564709412338,0.875307862790202,0.131586011846237,3
KCNN2,0.300496647902546,0.763798352940892,0.875482789523293,-0.0251751466656891,3
SLCO1B1,0.299937235379852,0.76422503139553,0.875836292339662,0.1217037515725,2
SLC35F2,0.29987969677844,0.764268921643553,0.875836292339662,0.119096584978246,2
NCL,0.299221075088736,0.764771369927185,0.876319119333134,0.0154267197007639,2
LMCD1,0.298950502483404,0.764977812642017,0.876462699635031,-0.0807094546415275,3
USP5,0.29875000039541,0.765130803408542,0.876545014149865,0.0145197213144199,3
CHRNB3,0.298385762552921,0.765408754264264,0.876770452127527,0.0446797516213946,2
SULT2A1,0.29804963215636,0.765665283058166,0.876971306075104,0.335459881484443,2
RHOC,0.297807102717178,0.7658503932151,0.877090325223655,-0.0112441507116673,3
SLC41A3,-0.297604820510916,0.766004794970876,0.877168688388506,0.0815494667411879,2
INTS7,-0.297504692130824,0.766081226278204,0.877168688388506,0.0141255454706709,3
DDAH1,0.297084702705174,0.76640184290683,0.877442788243728,0.266065781751237,2
MAGI1,-0.296584762164225,0.766783545739881,0.877632190429602,-0.078210856683964,3
CCDC53,0.296490845571724,0.766855257043517,0.877632190429602,0.227114089020709,3
FAM105A,0.296447953865731,0.766888008258777,0.877632190429602,-0.0714014323290223,3
GNG13,0.296231249583565,0.767053485510731,0.877632190429602,0.4211585759599,2
KLHDC8A,-0.29622718228291,0.767056591438047,0.877632190429602,0.22142663033734,3
CAND2,-0.296191380118997,0.767083931333688,0.877632190429602,-0.0521450825632668,3
VTI1B,0.296123187673564,0.767136006483642,0.877632190429602,0.143659413487961,3
CLSTN1,0.296005830631283,0.767225628632047,0.877641770674931,-0.0680934999467024,3
RWDD1,-0.295546164642971,0.767576692101687,0.877714209787035,-0.00275969552706622,2
EIF1AX,0.29540421885182,0.767685110856007,0.877714209787035,0.00581220578467401,3
OR10J1,-0.295387315253243,0.767698022194143,0.877714209787035,-0.0385062342815554,3
FARP2,-0.295362976938746,0.767716612444069,0.877714209787035,0.032832325795653,2
HLA-DPA1,0.295287365244653,0.767774367513262,0.877714209787035,0.30582431181134,2
TFAP2A,0.295269526505128,0.767787993604623,0.877714209787035,0.199486275846296,3
SLC26A4,0.295070012325004,0.767940397066935,0.877714209787035,0.25768169784105,2
BNC2,-0.295063343428744,0.767945491410621,0.877714209787035,0.142836885831202,2
SNRPB2,0.294875632771436,0.768088886956513,0.877714209787035,0.0455007588141606,3
HSD11B1,0.294859119596714,0.768101502047477,0.877714209787035,-0.545844313357664,2
RABEP2,-0.294072692588654,0.76870235693343,0.878218087445306,0.0499720468598311,2
TGM1,-0.294069160106437,0.768705056174354,0.878218087445306,-0.0247925720682251,2
HLTF,0.293874755374533,0.768853609074202,0.878256680484146,0.160241399297243,3
ACTN3,-0.293812154704211,0.768901446707884,0.878256680484146,-0.176189350472483,2
CLIC2,0.293628579886454,0.769041734382014,0.878324044702317,-0.417742148019686,2
SLC9A3,-0.293301573178551,0.76929165127933,0.878421632221018,-0.072527316723217,2
KRT14,-0.293177750578584,0.769386289724718,0.878421632221018,0.0946406237864191,3
ING2,0.293129585386201,0.769423103633183,0.878421632221018,-0.109216690353739,2
DPY19L4,-0.293091176346988,0.769452461032704,0.878421632221018,0.0994602200110767,2
CHRNA2,-0.29266797629931,0.769775949806376,0.878680223173556,0.45506448703174,2
NUDT18,0.292498292256429,0.769905665403244,0.878680223173556,0.143242904101758,3
MLXIPL,0.292452224923701,0.769940882858231,0.878680223173556,-0.0444160022922986,2
BTRC,-0.292268067664169,0.770081671740923,0.878680223173556,0.0912387548455964,3
UGT2B4,-0.292262805790382,0.770085694573602,0.878680223173556,-0.0712871998535374,2
EIF5,-0.292046876624963,0.770250783097084,0.878775766689343,0.167093443606162,2
S100PBP,-0.291702805120384,0.770513864283831,0.87886731841173,-0.0408114973243155,2
C8G,0.29150446983947,0.77066552581082,0.87886731841173,0.197295954134364,2
CLDN10,0.291405959259415,0.770740857397907,0.87886731841173,0.198936377789951,3
CFHR5,0.291375266290106,0.770764328923706,0.87886731841173,0.20091527524327,3
LY6G6C,0.291263061084486,0.770850136268563,0.87886731841173,0.417740872436629,2
SLC3A1,-0.291141874045442,0.770942815493577,0.87886731841173,-0.145568535318517,2
ZNF549,-0.291001412431183,0.771050239269961,0.87886731841173,-0.0354388202885526,2
GDAP2,-0.290998111411187,0.771052763913114,0.87886731841173,-0.010610249987134,3
KIRREL,-0.290984358306764,0.77106328240955,0.87886731841173,0.304920488384669,2
CRHBP,-0.290862028455099,0.771156843218971,0.878881221824364,-0.113922570087212,3
BTF3,0.290440534175469,0.77147923765832,0.87915409117485,-0.127468031840973,2
DRD2,-0.290336205459589,0.771559043171411,0.87915409117485,0.0361878490588044,2
CACNG3,0.290166063148303,0.77168919751412,0.879209652098674,0.379587640578314,2
REEP5,0.289993309978099,0.77182135566892,0.879226455145426,0.0921246375309912,2
NOX3,-0.289933993152279,0.771866735247554,0.879226455145426,0.122108060798605,3
ITGA1,-0.289694886160925,0.772049668904138,0.879342104966523,-0.0612527038617221,2
FGR,-0.289162597288665,0.772456952799228,0.879659786478946,-0.0202996938760366,2
FCGR2A,0.289117504767243,0.772491458483547,0.879659786478946,0.182021617376478,3
PSMB10,0.288662752014691,0.772839469368049,0.879883273473195,0.067552709449445,3
CHCHD7,0.288612579450461,0.772877867973564,0.879883273473195,0.0733507975670382,3
LILRB3,-0.28854100921281,0.772932643838515,0.879883273473195,0.216907896519779,3
SLC25A32,0.288435312107066,0.773013540572174,0.879883273473195,0.0458735199661558,3
PPIH,-0.288274117419862,0.773136917891595,0.879930985888211,0.0222722275815248,2
BRD3,0.287758568509752,0.773531554004921,0.880287383729579,0.0171362006452829,3
NUP155,-0.287543323400477,0.773696334545936,0.880382155879617,0.0528483850857299,2
NR5A1,0.287000159066533,0.774112198438068,0.880762583476723,0.0767154682020844,2
ATXN8OS,-0.286871282102546,0.774210880261975,0.8807820883191,0.216409638063178,2
CD93,0.286555541009173,0.774452660427492,0.880964367937844,0.111698007176026,3
ANGPT4,0.286306384583886,0.774643468527308,0.881026929775865,0.216042020243467,3
DPEP3,-0.286270721204572,0.774670781245248,0.881026929775865,0.0383423329386518,3
FBXO38,0.286071572687802,0.774823303809127,0.881094851565974,-0.0181858365954987,3
SEMA3B,-0.285979739772578,0.77489363912949,0.881094851565974,0.0125566288294855,3
NLGN4X,0.285573043787356,0.775205151954527,0.8813562836978,0.284923043849573,3
POLR2C,-0.28532347606176,0.775396328746824,0.881480861200084,0.0366764086281123,2
IL6,-0.284414432571656,0.776092799911529,0.882179777401277,-0.172278476905423,2
CTSH,-0.283636481649243,0.776688976453455,0.882764554256126,0.158139239674781,2
OCA2,0.28326839027617,0.776971106240886,0.882992308218206,0.13553097207903,2
TJP2,-0.282709345682179,0.777399651575238,0.883290716996438,-0.0713716632485358,2
ZIC1,0.28269885636458,0.777407692991428,0.883290716996438,-0.170645099673368,2
SMURF1,0.282556903649772,0.777516520419091,0.883290716996438,-0.0416338081962082,2
HIST1H4G,-0.282499188010965,0.777560769109344,0.883290716996438,0.124661625630454,2
BRWD1,0.282328993927213,0.777691255540015,0.883346050719583,-0.309561098516765,3
CNN1,0.281816003822263,0.77808459883171,0.883677292164401,0.380879800767655,3
TNFSF14,0.2817352912254,0.778146491674484,0.883677292164401,0.157772770465356,3
FRK,0.28125452567441,0.778515186281477,0.884003052897352,0.0976844094858827,3
CD74,0.281136522702062,0.778605689281442,0.884012892118787,0.342584447431643,2
OR11A1,0.280849718599958,0.778825667709862,0.884045184128233,-0.0143878830589973,3
SIT1,-0.280814987903076,0.778852307319019,0.884045184128233,0.271504513511547,3
DUSP12,-0.280757264153786,0.778896583945162,0.884045184128233,0.0281400539615122,3
IGSF6,-0.280672641624788,0.778961494402197,0.884045184128233,0.155818596179696,3
UFD1L,0.280452064810973,0.779130697037928,0.884092617250788,-0.00534899342172252,2
PSG1,-0.280404767414684,0.779166979839614,0.884092617250788,0.161833815631349,3
CSH2,-0.279849058485849,0.779593311564304,0.884451773916168,-0.143342069147665,3
MYCT1,0.279778733991006,0.779647268212345,0.884451773916168,0.128634034188291,3
NDUFC1,-0.279576693864383,0.779802289920275,0.884534740703435,0.135187197248841,3
NACAP1,-0.279367661543263,0.779962685828155,0.884592009974497,-0.204319323622553,3
SOX5,0.279285105368248,0.780026035897649,0.884592009974497,0.169957573824591,2
GATA1,0.279190735877767,0.7800984527881,0.884592009974497,0.136920898940691,3
IL22RA1,-0.278995352904276,0.78024839107388,0.884618845912298,0.112793352367491,2
GLS2,0.278946468398656,0.780285906670281,0.884618845912298,0.323788042980608,2
SEL1L,-0.278676336248894,0.780493224293375,0.884677765949176,0.10644668241148,3
TFF2,0.278665323572745,0.78050167649469,0.884677765949176,0.200238376866255,2
FANCE,-0.278252879980433,0.780818244585615,0.8849437286763,0.0343355527353758,2
FLT3,0.278025048673748,0.780993130435684,0.885049076265868,0.435706824181475,3
CD6,-0.277647603995965,0.781282885551721,0.885284562019269,0.0186748840084289,2
GPR173,0.276954622541865,0.781814949620563,0.885748053703481,-0.268821547980762,2
EPHA3,0.276722270056237,0.78199337035465,0.885748053703481,0.459330659670882,3
NTAN1,0.27669238052688,0.782016323004822,0.885748053703481,0.249733887733712,2
CCDC70,0.276687694963532,0.782019921141465,0.885748053703481,0.150942938458529,2
APC,0.27637350585826,0.782261203801103,0.885928446577848,0.167415623145354,2
TPR,0.27610009045933,0.78247119119643,0.886073362753312,0.110427062493061,2
SLC1A5,0.275925254526076,0.782605476297326,0.886102985346919,-0.144334065121708,2
HEATR6,-0.275801299143186,0.78270068582891,0.886102985346919,0.0714612388455185,2
PGK1,0.275745632225734,0.782743444378847,0.886102985346919,-0.0013566549625427,3
ATP13A2,-0.275377708055362,0.783026068658912,0.886330042298394,0.0311430157937515,2
YARS2,0.27508582591957,0.783250300934128,0.886408873714863,0.166019560291987,3
SLC2A4,-0.275041525388913,0.783284335453668,0.886408873714863,-0.236539519474144,3
PLA2G2E,-0.274882410297311,0.783406581329397,0.886408873714863,-0.058156510769726,2
RNF122,0.274859802680945,0.783423950875374,0.886408873714863,0.11024421435266,2
NUP160,-0.274637422558773,0.783594812398994,0.886509338451397,0.0321776048868201,3
ZSCAN2,0.27391448155199,0.784150342392907,0.887044926016146,0.0936057045883777,2
RIC3,0.273446850931562,0.784509742688595,0.887266990121711,0.0884475741211793,3
RAB6B,-0.273344473083192,0.784588431928068,0.887266990121711,-0.109962272061111,3
BAZ1A,-0.27333844517841,0.784593065140028,0.887266990121711,-0.106402227775645,2
ZBTB11,0.272860932580509,0.784960118583922,0.887589155337959,0.0981256117084255,2
CXADR,-0.272751785700922,0.785044024110841,0.88759111874035,0.144464649585314,2
TRPC6,0.272369591184456,0.785337851846269,0.887830400381307,-0.097467579623102,2
ARFGEF1,-0.272058083663188,0.785577358677715,0.887882032558654,0.0685276981346852,2
ABCA3,-0.272014244792435,0.78561106642477,0.887882032558654,0.0703960695410536,3
MUC7,-0.271989475470075,0.785630111756676,0.887882032558654,0.146650225045006,3
TSPAN14,0.27144140323206,0.786051561735092,0.888265401178205,0.0347826745496987,2
C1GALT1,0.271231767258254,0.786212781662709,0.888354651414286,0.361158387451607,2
STXBP2,0.271047066179591,0.786354833079431,0.888401761456126,-0.0277238940586029,2
EPM2A,0.270963684288371,0.786418963436723,0.888401761456126,0.0407080239144369,2
CHERP,0.270802888627005,0.786542638064045,0.888401995206602,-0.0536428510933298,3
ARF6,0.270743937657104,0.786587981054829,0.888401995206602,0.196346120449472,3
KIFAP3,-0.270642632599408,0.786665902994922,0.888401995206602,0.0135122635993268,3
HOXB1,0.27047127948794,0.786797709439787,0.88845796125534,0.205794665374327,3
RASGRF1,-0.270086910636868,0.787093391834747,0.888631407399956,0.0477837537801198,3
TAF1A,-0.270020575686761,0.787144424251036,0.888631407399956,-0.00719847182101562,2
PAX2,-0.269845414960137,0.787279182271012,0.888631407399956,-0.136951660341991,2
ZNF718,0.269835687772918,0.787286665964536,0.888631407399956,0.45077320231345,3
C5orf15,-0.269736943819439,0.787362636569615,0.888631407399956,0.22162438252678,3
GSTZ1,0.269516589582957,0.787532177735866,0.888667537789197,0.369183670174463,2
TNXB,0.269481486444694,0.78755918711868,0.888667537789197,0.317503194066652,2
BMP10,0.269028821539468,0.787907503635903,0.888967709867874,0.0984404855784863,2
KCNC4,-0.268723718056792,0.788142298549743,0.889139750280347,0.109230849921706,2
DGKH,0.26844326534631,0.788358140239025,0.889290374985584,0.0308239763799282,3
CD34,-0.26820107478187,0.788544547736557,0.889407769097868,-0.229629135692753,3
GC,0.267563274526515,0.78903550317003,0.889830227393016,0.228125728209971,3
LY9,-0.267500472985409,0.789083850046075,0.889830227393016,0.354206212138219,2
ANKRD17,0.266736798440025,0.789671819003322,0.89033082750209,0.115750203669617,3
PARN,0.26670978699134,0.78969261787609,0.89033082750209,0.000731084388512759,2
ARHGAP1,0.266157214839466,0.790118132470484,0.890637638211112,0.104721387726869,2
FEZ1,0.266142258412883,0.790129650710709,0.890637638211112,0.133007928014686,2
C11orf49,-0.26585833421644,0.790348315049406,0.890791162266662,0.0923731468205713,2
LRRC40,0.265517984893299,0.790610456974253,0.89099365218945,-0.0095990564769815,3
H2AFZ,-0.265369312281611,0.790724974186007,0.891029748712419,-0.281140534759007,3
HTR1F,0.264324695782783,0.791529732295837,0.891662218079197,0.0375849847143728,3
ADAM19,0.264219220290206,0.791611001523478,0.891662218079197,0.322116470650164,3
CHD9,-0.264212566522864,0.791616128349918,0.891662218079197,-0.0662931908074795,2
QRICH1,0.2642121756901,0.79161642949264,0.891662218079197,0.0712643737805149,3
HERC2,-0.263550568835826,0.792126252410162,0.892127801798018,0.113285335120526,2
PNPLA4,-0.263461424501403,0.792194952309441,0.892127801798018,0.157150663533384,2
EFNA4,-0.263158164657754,0.792428674368511,0.892261305083266,-0.202532446506649,2
ATP13A1,-0.263093253141795,0.792478704033406,0.892261305083266,0.0683367899810948,2
ABCD4,-0.262516513828783,0.792923255484288,0.892514558595247,0.0708234248763422,3
HGS,-0.262487650706872,0.792945504987873,0.892514558595247,-0.135821457901113,3
TKTL1,-0.262479859815992,0.792951510723809,0.892514558595247,0.175168604177589,2
JAK2,0.262372477521416,0.793034289376748,0.892514731594878,-0.0960091998475267,2
PDLIM2,-0.262136036815261,0.793216564545236,0.892626870530018,0.0181510544280774,3
MYO16,-0.261907003146772,0.793393140305971,0.892732573081782,-0.198470984786939,3
LCN1,-0.261622430399197,0.793612549221917,0.892886444817742,0.117947413237529,2
GNAT2,0.261371080024217,0.793806356887043,0.893011483763157,0.101154649799157,2
ST8SIA2,0.261019686317508,0.794077325879367,0.893078445405539,0.172353149086989,3
ERCC5,0.260884239184501,0.794181779388642,0.893078445405539,-0.0976962439485556,3
PTPN9,-0.260865312195145,0.794196375712913,0.893078445405539,0.0427227489204368,3
MMP1,-0.260833487285826,0.794220918959731,0.893078445405539,0.148202910325809,3
TFIP11,-0.260757831255893,0.794279265414832,0.893078445405539,-0.152307903455143,2
RUNX3,-0.260640100669075,0.79437006234923,0.893087574260657,-0.251955313654201,3
RPAP3,-0.260379824711389,0.794570803921006,0.893177958833632,-0.0118731333258633,3
NUDT3,0.260263709854455,0.794660363561966,0.893177958833632,0.224693053515062,3
ACTG2,0.260214246849128,0.794698515307354,0.893177958833632,0.142839138644574,2
MAP4,0.259855179908565,0.794975485100807,0.893396295262059,-0.025737068475989,3
DOCK5,-0.259288381868518,0.795412742890983,0.893756452478985,0.243296680684125,2
APRT,-0.259225255996391,0.79546144548537,0.893756452478985,-0.0985786932869322,3
NOL7,-0.259116353849854,0.795545467062349,0.893757892377274,0.00776319924349487,2
LRCH1,-0.258895496811469,0.795715872788473,0.893778082651989,0.0959661495641763,3
GZMA,0.258878584044699,0.795728922501776,0.893778082651989,0.166657935668401,3
PRKAR2B,-0.258649910244752,0.79590537041281,0.893883324100558,0.0459005652797117,2
CAMSAP1,0.258468304946022,0.796045507044003,0.893934826995165,0.0533154542930705,2
C1orf56,0.258358438767333,0.796130289020536,0.893934826995165,-0.0509574360072953,2
ZNF507,-0.258198426935614,0.796253771901732,0.893934826995165,0.0405651660196514,2
RAB5B,-0.258161520428184,0.796282253781473,0.893934826995165,-0.0887749452959094,2
BAK1,0.257900874877256,0.796483409642821,0.893995999214757,0.19390885129662,2
HLA-DRB6,-0.257876440560691,0.796502267769193,0.893995999214757,0.408849103781366,2
CASP7,-0.25685585705851,0.797290048462572,0.894787231531709,-0.0705068260293198,2
HIST3H2A,-0.256153899764919,0.79783200392135,0.895302441965346,-0.0184457953918208,2
CUL4B,-0.255682897981156,0.798195701758969,0.895617530944259,-0.00533103930405987,3
SMR3B,-0.255397309719706,0.798416248444909,0.895771948037174,0.0933925191251396,2
WDHD1,0.254869179436382,0.798824141553868,0.896079988534952,0.0437118610968554,2
DCTD,0.254584335673115,0.799044158949565,0.896079988534952,-0.0368408754217068,3
OPN1SW,0.254573503375537,0.799052526286133,0.896079988534952,0.386225041637011,3
HLA-DQA1,0.254558789834351,0.799063891700593,0.896079988534952,0.470492544880533,2
P4HB,0.254386249755057,0.799197172752087,0.896079988534952,0.0348282943546082,3
FLII,0.254223680698845,0.79932275689702,0.896079988534952,-0.0637726227979733,2
C18orf8,-0.254151382078531,0.799378609048251,0.896079988534952,-0.183419376661402,2
MRPL3,-0.254012375484571,0.799485997345997,0.896079988534952,0.176181937662579,2
CHRNB2,-0.25393983332233,0.79954204064886,0.896079988534952,-0.0348550186198263,3
REST,0.253687563778036,0.799736942496065,0.896079988534952,0.0756502918551421,3
ETV1,0.253629712024223,0.799781640152196,0.896079988534952,0.0410858286041827,3
PRKRA,-0.253491567804347,0.799888376351002,0.896079988534952,-0.0177301727760524,3
PCDHGC3,0.25345533121702,0.79991637492445,0.896079988534952,0.0764112293293324,2
SNRPD2,0.253449713341996,0.799920715656632,0.896079988534952,-0.0568187520719734,2
ZCCHC14,0.253340837060015,0.80000484170703,0.896079988534952,0.128384917715161,3
BACH2,0.253323691188366,0.800018090115819,0.896079988534952,0.354646818954861,2
EPB41L4A,0.252980127101881,0.800283570076868,0.896284408913461,0.284885203984206,2
TCF20,0.252361572435598,0.800761599806507,0.896721535720079,0.0885230572870675,2
ATP8B1,-0.252260257159952,0.800839905118645,0.896721535720079,-0.00280551685786264,3
ACTL6B,0.252127979839952,0.800942143620553,0.896743059223592,0.221552678432592,2
MRPS22,0.252013769603752,0.801030420630534,0.896748948455905,0.0410670408855645,3
SEC14L3,0.25186950674274,0.801141929976892,0.896780842239418,0.140276365374731,3
TAS2R16,0.25165513506395,0.801307638082023,0.896873392038339,0.150061329327109,3
ATP2B1,0.251501259006165,0.801426588923462,0.896913594441695,-0.0134172389807704,2
PIK3C2B,-0.251122597095302,0.801719325617657,0.897092845657259,0.0657813673934044,2
ANP32C,-0.25107922926322,0.801752854283945,0.897092845657259,-0.131124985736923,3
DFFB,-0.250204299457471,0.802429360496929,0.897756804980614,-0.106424228783349,3
HOXB8,-0.249973533310961,0.802607816351482,0.8977597319276,0.192674374470544,2
B3GNT3,0.249874737097488,0.802684220491937,0.8977597319276,0.171969993605346,2
B3GNT4,0.249830993512827,0.802718050234934,0.8977597319276,-0.184049281616763,3
MRPL23,-0.249771037510097,0.802764418689936,0.8977597319276,-0.0135509421826473,2
GGA3,0.249075534135401,0.803302354103725,0.89818718072321,0.0791316059824064,3
NOC2L,-0.249061851690161,0.803312937693661,0.89818718072321,0.0129424508055629,2
HOXD9,0.248850795859288,0.803476197317803,0.898276742230067,-0.0639353411156493,3
UBE4A,0.248514094462121,0.803736666262378,0.898474952806189,0.0827263992603118,2
RTN3,0.247752955803016,0.804325556050537,0.898990000574102,0.0230046523680585,2
MAP4K1,0.247703460213803,0.804363854429614,0.898990000574102,0.278125211267726,2
GTF2H4,-0.24733941507257,0.804645557362286,0.899113796648856,0.0956659990536524,2
LUZP2,-0.247240331987986,0.804722233553256,0.899113796648856,-0.00559986934131281,3
PHYH,-0.24723762612501,0.804724327532044,0.899113796648856,-0.0452125035525018,2
EDNRB,-0.246959390551909,0.804939652410032,0.899261363670821,-0.0587830073262011,2
ESRRB,-0.246476648424202,0.805313278807786,0.899585732955709,0.320215173333881,2
CRYBA2,-0.246011594639874,0.805673257060074,0.899894790896797,0.081116364401312,2
ALDH5A1,-0.245899636956646,0.805759924870196,0.899898543057057,0.0209317389287012,2
STATH,0.245727601203774,0.805893104497639,0.899954234961593,0.083895999335012,3
CUL7,0.245318788182754,0.806209605279348,0.900214611973074,0.109949569483108,2
GAN,0.245088388757707,0.806387993230368,0.900231205174677,0.250681998264273,3
COPS8,-0.245075224084363,0.806398186351374,0.900231205174677,0.0383822431691097,2
USP53,-0.24497668553338,0.806474483658151,0.900231205174677,0.0362978605159586,2
FCER2,-0.244689556916091,0.806696814660886,0.900386339322886,0.035013894782155,2
EPPK1,-0.244457250163498,0.806876707129925,0.900494078976904,-0.0270405640556336,2
PPIL2,-0.24339508776838,0.80769934880713,0.901239158552821,-0.0877478524354745,2
PLP1,-0.243379798557061,0.807711191811689,0.901239158552821,0.117358905820254,2
TNFRSF25,0.243168202670092,0.807875098253445,0.901242147372806,0.238854992878564,3
ADRB3,0.243088192797295,0.807937077712455,0.901242147372806,-0.128404793090373,2
CKB,-0.242785285642208,0.808171734942504,0.901242147372806,-0.504468437655025,2
TMEM126B,-0.242726609498566,0.808217192389381,0.901242147372806,0.176647649825823,2
UEVLD,0.242641569896122,0.808283075223412,0.901242147372806,0.1916737264665,3
LY6E,-0.242632088979835,0.808290420469389,0.901242147372806,0.0457767053432262,2
MLPH,0.242622433807646,0.808297900735766,0.901242147372806,-0.0986079178454289,3
PRF1,-0.242422738402318,0.80845261706028,0.901280255082984,-0.0678520191294786,3
SDC3,0.242362935791062,0.808498951282551,0.901280255082984,-0.0144215475152569,2
KLK7,0.242068571130992,0.808727030667389,0.901342870272106,0.127940555937459,2
NEU1,0.2420168408169,0.80876711398657,0.901342870272106,0.0821676550089495,3
PPP2R5B,-0.24186437078476,0.80888525856132,0.901342870272106,-0.135729518359508,2
CDH20,-0.24185968500581,0.808888889503592,0.901342870272106,-0.190522614016933,2
POLR2F,-0.241436305653066,0.809216977008363,0.90161544978281,0.0393177315459868,3
CHKB,-0.241119485845965,0.80946251073381,0.901782351429393,0.282068390299877,2
C6orf15,-0.241027580758872,0.809533740215777,0.901782351429393,0.11158010420124,2
ARHGEF12,-0.240860057161971,0.809663580602631,0.901833986148652,0.29976296154678,2
SYTL2,0.239823272327525,0.810467264673656,0.902564135947443,0.276052140387991,2
CCL24,-0.239798825861099,0.810486217245899,0.902564135947443,-0.369276079088164,3
TRAIP,-0.239578000811829,0.810657420955798,0.902661731900271,0.246490606142773,3
RASA3,0.239320459770101,0.810857101691696,0.902791013448125,-0.271580666039477,3
GCM1,-0.23857578537475,0.811434543453848,0.903324862100446,0.0855942885750891,2
CCDC40,0.238393802426143,0.811575673833472,0.903324862100446,0.0884950658566682,3
ANKRD28,0.238378599687975,0.811587464051549,0.903324862100446,-0.229476559891564,3
CLDN11,-0.237178548056678,0.812518277729895,0.90426771440741,0.159849212763041,2
UMOD,-0.236854112109027,0.812769970304741,0.904454642961966,0.0300543679373865,3
IKBKE,-0.236620719419608,0.812951044839445,0.904532037722188,0.275552973846617,2
FASTKD1,-0.236524070203135,0.813026031744331,0.904532037722188,0.414492367304915,2
PEMT,0.236440681124869,0.813090731927647,0.904532037722188,-0.059613563067895,2
ALDH1A2,0.236205522989639,0.813273194039395,0.904641853775465,0.348785530370187,2
MAGEB2,-0.236042381881975,0.813399783202094,0.904689503516167,-0.102293210939038,3
REPIN1,0.235395686266486,0.813901633883472,0.905154478452514,0.00738766464532534,2
PIK3C3,-0.235120238848152,0.814115410632414,0.905299018494063,-0.178888549111427,3
RC3H1,0.234689515420198,0.81444972597099,0.905577554291162,0.122355609758233,3
CHD4,0.234570202697864,0.814542339110446,0.905587314437118,-0.00237129947095748,3
HNRNPUL2,-0.234154880156002,0.814864741740333,0.905852520353924,0.132700701352049,2
NHLRC2,-0.233916029125934,0.815050168949299,0.905965417265932,-0.0301699139904488,2
CDSN,-0.233384182068285,0.815463094954471,0.906331140209712,-0.101121215602703,2
CNKSR1,-0.232817290862082,0.815903285665496,0.906727087629494,0.0117449797874888,2
PLAC1,0.232681324023199,0.816008872485279,0.906751140889413,-0.133790080857217,2
CHRNA5,0.232494626835305,0.81615386006057,0.906756622816886,0.13304138139091,2
DHCR7,0.232458788415683,0.816181692616977,0.906756622816886,-0.0998157445199052,2
EIF4H,-0.232150137908561,0.816421403981958,0.906844291116414,-0.173627021727518,2
SULT2B1,-0.23207566026049,0.816479249125597,0.906844291116414,-0.0603388099605494,2
TBC1D22A,-0.23203290276689,0.816512458377916,0.906844291116414,-0.139271794795161,2
FCER1A,-0.231918098661716,0.816601627032602,0.906850084836657,-0.160404736630892,2
CALML5,-0.231703956615947,0.816767958074261,0.90694046963256,0.18052809082043,2
GCLC,-0.23159712889345,0.816850937701831,0.90694046963256,0.0393773416360309,2
SEC24A,0.231402666490032,0.817001993816832,0.906999818267315,0.0955758466070302,2
ATN1,0.231312131233036,0.817072322862362,0.906999818267315,-0.0610886388663843,2
STX8,0.231132634287069,0.817211762938134,0.907061391621222,-0.0199123931640083,2
FMO1,-0.230669829604839,0.817571313949315,0.907347468157431,0.159701643371471,3
CCNT2,0.230458013013022,0.817735886177668,0.907347468157431,-0.0306656230220855,2
LILRA1,-0.230412815256449,0.817771003898128,0.907347468157431,0.227753757420111,2
PIAS3,-0.230103672473939,0.81801121123731,0.907347468157431,0.00224725397891103,2
GCNT1,-0.230074346293793,0.818033998889272,0.907347468157431,0.452925973308973,2
TSNAX,0.230028963462738,0.818069263524548,0.907347468157431,-0.0863251825105664,2
POMT1,0.229985357036838,0.818103148154673,0.907347468157431,-0.0115687668807971,2
PBX3,-0.229936019294004,0.818141486748137,0.907347468157431,0.00318414371867214,3
CTBP2,0.229799931560547,0.818247237907409,0.907371590583702,-0.0483745253750097,2
MRPL40,-0.22931611067542,0.818623232575154,0.90760031241835,0.11089963765001,3
ARHGAP22,-0.229222608388905,0.818695901388715,0.90760031241835,0.115162992318089,2
ZMYM3,-0.229210182671159,0.818705558619181,0.90760031241835,0.112933263739331,2
NOD1,-0.22879386330134,0.819029136671333,0.907854591907898,-0.404239626502487,2
ABI2,-0.228548906747228,0.819219539924559,0.907854591907898,0.0586596799478969,2
SPATA20,-0.22847041382573,0.819280554255095,0.907854591907898,0.15050077012344,2
TTR,-0.228299399562068,0.819413491314633,0.907854591907898,-0.0355429364690183,2
KIAA0895,0.228294739794944,0.819417113633331,0.907854591907898,-0.0129025131351776,2
KLK13,-0.228266324005971,0.819439203027403,0.907854591907898,0.0977663988179505,3
LUC7L,-0.228094798181449,0.819572543966167,0.907909201099634,-0.0498553710182212,3
RXRG,-0.227864409073354,0.819751652319615,0.907972359568517,-0.0403845966459654,3
PTAFR,0.22776699895841,0.819827383404163,0.907972359568517,0.44987411480944,2
LSM7,-0.227697102477586,0.819881725164906,0.907972359568517,0.369663520922228,2
NSUN3,0.227196787100575,0.820270725900545,0.908230560061601,0.0890722703155324,2
TM6SF1,-0.227180956628319,0.820283034989908,0.908230560061601,0.211049897856867,2
OR3A1,0.226468834436728,0.820836796094605,0.908605419238625,0.157715585238165,3
HDAC6,-0.22644297782085,0.820856904421651,0.908605419238625,0.0625571493489271,2
ST6GAL1,-0.226344027602234,0.820933857704335,0.908605419238625,-0.0121696847176104,2
IMPDH1,-0.226267502413435,0.82099337229177,0.908605419238625,0.0730023453864544,3
PQLC2,-0.226170418677753,0.821068876998755,0.908605419238625,0.283899370624417,2
UBE2D3,0.22609660838937,0.821126282411355,0.908605419238625,-0.250632919442416,2
CNOT7,-0.225986378449796,0.821212014725205,0.908607209163337,-0.0207851603271025,3
CBFA2T3,-0.225526032832501,0.821570075686946,0.908910278325521,-0.0402792536983582,2
ITPR2,-0.224879054395252,0.822073364156906,0.909373935445253,0.0308044805072978,2
VAMP2,-0.224123141571727,0.822661486098452,0.909672899069706,-0.235146694888471,2
DHDDS,-0.224074990438387,0.822698952445847,0.909672899069706,0.0597557359942426,3
PAX5,0.223992965551197,0.822762776857117,0.909672899069706,0.294968618167123,3
SLC18A3,-0.223801238194308,0.8229119664655,0.909672899069706,0.101347348391147,2
ARHGAP28,-0.223654812800389,0.82302590938012,0.909672899069706,0.437671490813547,2
DHX38,-0.22360039082842,0.823068259530158,0.909672899069706,-0.0126152207044727,2
FGF6,0.223587120398835,0.823078586405814,0.909672899069706,-0.00649682902190833,2
ABCC9,-0.223558945039813,0.823100512205237,0.909672899069706,0.00963596566609574,2
CES2,-0.223535817738391,0.823118509756917,0.909672899069706,0.059738018829875,3
UBE3B,-0.223449399504682,0.823185760822661,0.909672899069706,0.0667241290305085,2
SLC25A3,-0.223153278707206,0.823416213231187,0.909834486019157,-0.0102535591117093,2
FBLN2,-0.222891223696129,0.823620167058195,0.909966763277347,-0.169987981926133,2
VPS13A,0.222656983187863,0.823802483322549,0.91007510992536,0.0771202744983738,3
MCF2,0.222330342530581,0.824056733208761,0.910262893150734,-0.170654190118241,2
SLC23A2,0.221315902292711,0.824846468730922,0.910974502591515,0.141548640991882,3
ATOH1,-0.2212861702161,0.824869617649288,0.910974502591515,0.282564021030596,3
PGBD5,-0.220509857361895,0.825474096243558,0.911532240258323,-0.0753576036501602,3
CLN3,0.220420849380143,0.825543409224882,0.911532240258323,0.0162776224236948,3
MED25,0.220212544161123,0.825705627584329,0.911618171419248,0.0541540334533294,3
PPM1B,-0.219939804294377,0.825918035882038,0.911653726927827,0.117444429435108,2
VPS13C,0.219853265448555,0.825985434519485,0.911653726927827,0.0444623537714878,2
ARG2,0.219846090591527,0.825991022536812,0.911653726927827,0.0735753181162241,2
RPL7,0.219540299507602,0.826229190994851,0.911823428803268,-0.00565434702761991,3
POLDIP2,0.21923683958773,0.826465559609633,0.911854172054298,0.0251993966722272,3
OSGEPL1,-0.2191812867344,0.826508832104919,0.911854172054298,0.05621133795541,2
ZCCHC6,-0.219118712573659,0.82655757442807,0.911854172054298,0.0395067574053319,2
MYO5A,-0.219071039996523,0.826594709568199,0.911854172054298,0.259359837352121,3
KCNA4,0.218806398958716,0.826800862008492,0.91193406439176,0.498179023494976,3
TH,-0.218761322467158,0.826835977286882,0.91193406439176,0.224963076678618,2
STK38,-0.217953741486836,0.827465153868307,0.912449014486656,-0.0992051913753533,3
HLA-DQB1,-0.217891645670882,0.827513536558434,0.912449014486656,-0.0044579416642492,3
HCFC1,0.217836781202469,0.827556285403237,0.912449014486656,0.022027925460817,3
BCL11A,0.217716384027781,0.827650097273192,0.912459313201165,0.147525078571884,3
SSR4,0.217360339688673,0.827927536649076,0.912589969820648,0.127405296586243,2
COX4I1,-0.217347455490422,0.827937576767483,0.912589969820648,-0.0429548946741482,3
KIR3DL1,0.216696701203006,0.828444718984692,0.913055795783353,-0.0394847143356296,2
TSPAN13,-0.216372590774236,0.828697329617878,0.913241027803746,0.221694942441095,2
YPEL5,-0.216223882548942,0.828813238264243,0.91327558907787,0.0912354709707707,2
WDR61,-0.215781283490358,0.82915823825224,0.913562555038831,-0.00770853508717508,3
SLC10A1,-0.215292923117677,0.829538946800943,0.913888801972849,-0.0464677893057628,2
GPR4,0.214932406980395,0.829820018173569,0.913976108648305,0.0815759294362608,2
RANBP1,0.214839968519453,0.829892090038566,0.913976108648305,0.170530617997041,2
TBC1D9B,-0.214751718140088,0.829960897900757,0.913976108648305,0.0165628311813488,2
KCNB1,0.214720954249098,0.829984884478952,0.913976108648305,0.339227401490286,3
NUS1,-0.214634152541866,0.83005256454635,0.913976108648305,0.00361674668766845,3
NMBR,0.214540143369821,0.830125865760834,0.913976108648305,0.159244679599451,3
RYR1,0.214315886064549,0.830300730548869,0.914075467936086,-0.171395788442162,3
KLF9,-0.21419764115931,0.830392935479639,0.914083816269343,-0.450886593331421,2
STS,0.213426313089181,0.830994458399061,0.914652755209564,0.31212091431655,2
MGMT,-0.213230209316448,0.831147406421974,0.914727894464611,0.0226662704553853,3
TACR1,0.212958909218226,0.831359013168007,0.914800660651889,0.260627414182642,2
FHL3,0.21287405910716,0.831425196472497,0.914800660651889,-0.0997227852760232,2
RIOK2,-0.212745170429209,0.831525732259209,0.914800660651889,-0.0360539224768697,2
CSNK1G3,0.212711141279676,0.831552276147093,0.914800660651889,0.00489230743891742,2
ANAPC13,-0.212513153478803,0.831706717139966,0.914873152527099,-0.0298511949805885,2
CS,0.212409518228981,0.831787560726591,0.914873152527099,0.0242290737875665,2
MKRN1,0.212242239123472,0.831918055244133,0.914923521965702,-0.0173908448180904,2
RFX4,-0.211526479559666,0.832476471935225,0.91539553333583,0.0518369423054413,2
EXO1,0.211474882089503,0.832516730188039,0.91539553333583,0.594440163407086,2
CEPT1,0.211209388816238,0.832723884793277,0.915530117408344,0.02609669164015,3
DYRK1A,-0.210796855529871,0.833045792338777,0.915790825243586,-0.0819450263818744,2
IFIT2,-0.210076289651801,0.833608130678217,0.916315765501791,0.348028698539883,2
USP49,-0.208472443689786,0.834860096703273,0.917401464408046,0.126873444956369,2
PDZD3,-0.208425171829827,0.834897003598132,0.917401464408046,0.0322763785260413,2
PRKCD,-0.208384813470403,0.834928513154384,0.917401464408046,0.00403971363292303,2
CELSR2,-0.208209150803773,0.835065663854038,0.917401464408046,-0.029047649170824,3
ERP29,0.208205236395346,0.835068720131755,0.917401464408046,-0.0190554764778031,3
EMX1,0.20815824978552,0.835105406362184,0.917401464408046,0.380930567007474,2
KITLG,-0.207891774912326,0.835313471542259,0.917445150922539,0.171143071829557,2
MBNL1,0.207889766527731,0.835315039744785,0.917445150922539,-0.0263573144392133,2
TLK2,-0.207750676557592,0.83542364665281,0.917471149973937,0.0242218748599946,2
ELMO2,0.207517384687333,0.83560581714731,0.917489473606391,0.125499635798702,3
DNAH7,0.207511764816586,0.835610205641517,0.917489473606391,-0.0220089871286378,2
BMP3,0.207087272581459,0.83594170166324,0.917689942804469,0.0800250504452033,2
SLC7A4,0.207060390449368,0.835962695537491,0.917689942804469,0.392365490679967,3
NDUFA8,0.20652217821251,0.836383042424918,0.918058085994712,0.117593125660402,2
GNRH2,-0.20639949123773,0.836478868209577,0.918069979109921,-0.0851024193807717,2
AMPD2,-0.206076600365533,0.836731076674322,0.918214552662409,-0.0041762393337928,2
IMMT,-0.206013198656509,0.836780601407957,0.918214552662409,-0.0243246188769249,3
SCN2B,-0.205770451980285,0.836970223165467,0.918314101082013,0.2315654603965,3
ZNF711,0.205679403975385,0.83704134782943,0.918314101082013,0.198161255125439,2
DUSP11,-0.205512900156989,0.83717142033106,0.918363530254505,-0.0232355751614307,2
BLVRA,-0.205037871970677,0.837542535999269,0.918549755821863,-0.0902174168168839,3
MRPS16,0.20499341296647,0.837577271437874,0.918549755821863,0.409999939023244,2
RHAG,0.20496907419248,0.837596287247302,0.918549755821863,0.288009765078889,3
RBM8A,0.20483050445397,0.837704553165977,0.918575229245648,-0.0742626491245729,3
CST3,-0.204520698232629,0.837946618968926,0.91869498912105,0.242832261907691,3
GBX2,-0.204473028762039,0.837983866673737,0.91869498912105,-0.0153454395339831,3
NCOR1,-0.204357810206768,0.838073897004345,0.918700450115784,-0.0429232541938171,3
CAT,0.204084967956624,0.838287100960113,0.918772080146245,0.227821097368265,3
DDO,-0.204056493447869,0.838309352149731,0.918772080146245,0.193952969899487,2
PMP2,0.20370933189463,0.838580649313232,0.91897617671518,0.0626455324065672,3
WDFY3,0.203516666625053,0.838731220179833,0.919047944855199,0.0247197253025901,2
KLHL11,0.203380414468646,0.838837706896639,0.919071397697281,-0.0533299628255176,3
PYGO1,0.203237483443617,0.83894941659793,0.919100567757691,0.0727021403360702,2
DVL1,-0.202784058098126,0.839303818855943,0.919395583742206,-0.128236112352677,3
CGRRF1,-0.202269544388349,0.839706007919689,0.919713443451313,-0.0682112171234519,2
IDUA,0.202195009421072,0.839764274464016,0.919713443451313,-0.178761315469741,2
CNNM1,-0.201937149278774,0.839965859367184,0.919840958321606,0.378989809137691,3
FGFR1,-0.201337213540954,0.840434906097813,0.920261313296358,0.0776535302115526,3
PYY2,0.201079859459936,0.840636130173382,0.920388351726421,0.216048538053348,2
KRT4,0.200512645494508,0.841079669141825,0.920670184093447,0.222059664188647,3
ELMO1,0.200442828422032,0.84113426683088,0.920670184093447,0.098750325382577,2
TCEAL4,-0.200423686745302,0.841149235957992,0.920670184093447,0.0604195532755792,2
APH1B,-0.200120559110432,0.841386294740082,0.920836348103583,-0.0245755126973666,3
TSG101,0.199946961561148,0.841522061929808,0.920867646469202,0.00210925748817726,3
TTYH1,0.199865986988185,0.841585392144414,0.920867646469202,0.26412355287835,2
CXorf57,-0.199752328804691,0.841674285940152,0.920868390145444,-0.171215155419983,3
ADH5,0.19964712222949,0.841756571403084,0.920868390145444,-0.102041820681921,2
CSF2RB,-0.199110058174767,0.84217665347211,0.921234654258808,0.330793007704845,3
DECR2,-0.19872605861872,0.842477038729155,0.921420693189999,0.220749347145096,3
DUS1L,-0.198670204409004,0.842520732828719,0.921420693189999,0.0395749017398049,2
NOSIP,0.198565517073445,0.842602629821405,0.921420693189999,-0.035775003604894,2
ADAM21,0.198387581032539,0.842741833244778,0.921479631815983,-0.0894627404967074,2
APOL1,-0.198226883886734,0.842867554510375,0.92148368763776,0.13441135279285,2
VPS52,0.198081815730628,0.842981051889749,0.92148368763776,0.0943181161333502,3
TMEM134,-0.198055727693365,0.843001462806549,0.92148368763776,-0.0376416495776704,3
MTUS1,-0.197457998939748,0.843469146316488,0.921901620814601,0.259591190466148,2
FGL1,-0.197090425373783,0.843756775922642,0.921902156989663,0.0446731541452911,2
TEC,0.197040795985343,0.843795612960953,0.921902156989663,0.00884092193740046,3
TUFM,-0.196857787990667,0.843938827527757,0.921902156989663,-0.0296717562709127,3
ALG6,0.196775542893243,0.844003190855715,0.921902156989663,0.101619546664117,2
DIAPH2,0.19675220696772,0.844021453262578,0.921902156989663,-0.0684914238204503,3
CDK2AP2,-0.196741849632251,0.844029558812158,0.921902156989663,-0.547638461662662,2
VRK3,0.196641593826481,0.844108018880175,0.921902156989663,-0.0604649138044442,3
CSN3,-0.196509643286563,0.844211285564936,0.921902156989663,0.131320145483132,3
AAK1,0.1962569727345,0.84440903720839,0.921902156989663,0.0164015044466277,3
SMPX,-0.196200498461389,0.844453237924042,0.921902156989663,-0.164702041500191,2
GPR17,-0.195933900555951,0.844661902700167,0.921902156989663,-0.117958674978079,2
SHBG,-0.195844912140186,0.844731555891489,0.921902156989663,0.104739722896972,2
CFD,-0.195763585611806,0.844795213016603,0.921902156989663,-0.208868717536908,2
GFER,-0.195694644244113,0.84484917663595,0.921902156989663,0.00778324927249493,2
DHX35,0.195641942760545,0.844890429032656,0.921902156989663,-0.0308753852268975,2
MAZ,0.195619786662321,0.844907771976056,0.921902156989663,-0.0858552634582805,3
OPRK1,0.195569508192932,0.844947128311162,0.921902156989663,-0.327932967217125,3
APOB,-0.195494483387199,0.845005855985434,0.921902156989663,-0.0313951111124221,3
PDZK1IP1,-0.195076310282791,0.845333207944475,0.92216615958556,-0.123800952152701,2
ACTR5,0.194945986060663,0.845435233092753,0.922184326756329,-0.0541471030816186,2
RCL1,0.194341781154591,0.845908272595759,0.922554539073243,-0.149153843947533,2
LECT1,0.194250246941096,0.845979940714221,0.922554539073243,0.638677855759347,2
SPATA2,0.194133486335426,0.84607136207334,0.922554539073243,-0.0672423009711902,3
SLC22A18AS,-0.194076147617062,0.846116257970619,0.922554539073243,0.345251170702841,2
WNT7A,-0.193579539087694,0.846505120571254,0.922885376706771,0.159124144232518,2
COPS3,-0.192735426412167,0.847166177327049,0.923512871882812,0.0573953314375574,2
AQR,-0.192543492602214,0.847316503021708,0.923583538409736,0.160495451935617,2
ZNF345,-0.1922357896686,0.84755751257498,0.923753027024007,0.269338987830291,2
AGT,0.191047821258227,0.848488127157108,0.924506328981272,0.189131240445451,3
TAAR5,0.19098933244965,0.848533950793133,0.924506328981272,0.000527928048550624,2
DPF3,-0.190935534286317,0.84857609994867,0.924506328981272,0.111556374616448,3
RPE,-0.190753168744966,0.848718980789865,0.924506328981272,0.146965254037305,2
HBS1L,-0.19071451512837,0.848749265994328,0.924506328981272,-0.119608327659476,2
GZMH,0.190684731595931,0.848772601618146,0.924506328981272,0.658881651878998,3
DOCK4,-0.190580830429251,0.848854010008658,0.924506328981272,0.150020340543104,2
TM2D3,-0.190479543901351,0.848933371335423,0.924506328981272,-0.0529163472912269,3
GYPA,-0.18986955598913,0.849411349281555,0.924933608360822,0.133974312764249,2
IGLL1,-0.189680470717649,0.849559525088454,0.925001712529531,0.165041082943125,2
MYT1,-0.189097344399155,0.850016522801783,0.925406014846286,0.149551521192583,2
EFHC2,0.188901691863324,0.850169867535214,0.925410178713374,0.0891402702359967,2
ATRIP,-0.188700495097018,0.850327563528324,0.925410178713374,-0.0217528361306016,3
AQP9,0.188635307827362,0.85037865793628,0.925410178713374,0.15669265365084,3
FABP4,-0.188585638146974,0.85041758993051,0.925410178713374,-0.0818044379418944,2
MRPS15,-0.188485164121959,0.850496344404192,0.925410178713374,0.0640592374567604,3
CDX1,-0.188429982869128,0.850539597715466,0.925410178713374,0.230624041711101,2
NKRF,-0.188327359487961,0.850620039293195,0.925410178713374,-0.0837035884268743,3
NPLOC4,0.188211318311633,0.85071100031394,0.925415934077661,0.048926271825332,3
FH,0.187641049673386,0.851158044774471,0.925809002079734,0.0589156476088364,3
TMEM87A,0.187437205983139,0.851317853344133,0.925889594424419,0.0746672866474958,3
GPR52,-0.187301855210239,0.851423968481113,0.925911779677135,0.31594269077777,3
TUB,0.187164418410601,0.851531721817783,0.925935741803472,0.0996889891304681,3
SOX17,-0.186984294389354,0.851672947029054,0.925987958774827,-0.243344390401193,3
RPS6KA2,0.186808996082713,0.851810393233509,0.925987958774827,-0.140065736563944,2
CIB2,-0.186775172114831,0.851836914121964,0.925987958774827,0.121353682790186,3
NUP214,-0.186468486035769,0.852077389924347,0.926083672188995,0.0553397056950551,2
RPS6KC1,-0.186444206639912,0.852096428243512,0.926083672188995,0.0723645693425214,2
CAMTA1,0.186015965383359,0.852432241270513,0.926288004504729,-0.0514338940886108,3
CBX3,0.185985746482195,0.852455938972552,0.926288004504729,0.0763108340913792,2
SNX16,0.185868476674653,0.852547903370995,0.926294754799184,0.229440382546778,2
HLA-DOA,-0.185436281014382,0.852886853722175,0.926569827406913,0.213804109805687,2
ADRA1A,-0.184895875477622,0.853310706108451,0.926851828145293,0.172915742439892,3
PRKD1,-0.184886529737444,0.853318036558503,0.926851828145293,0.164449955306682,2
SLC6A5,0.184638984272079,0.853512206598555,0.926969520981057,0.254107808303686,2
C20orf27,0.184223894847362,0.853837814903612,0.927229926268103,0.0720445327604763,2
ZCCHC10,0.183952785997203,0.854050494073855,0.927286572854,0.200565122027556,2
SCAP,-0.183741862978417,0.854215966066743,0.927286572854,0.0147079606454978,2
TMF1,0.183659479742239,0.854280598584212,0.927286572854,-0.235577495027717,3
MPHOSPH9,0.183616200346608,0.854314553168973,0.927286572854,-0.190599192405383,2
AMN,-0.183610280393934,0.854319197652565,0.927286572854,0.208775542115298,3
LXN,0.183491605851387,0.854412304523403,0.927294455286025,0.163613027599624,2
YY2,0.183338186348759,0.854532673779349,0.927331921053298,0.244670708624192,2
CSF3R,0.18304943591169,0.854759229615842,0.927450685851829,0.0228038191991468,2
SGCA,-0.182979844466809,0.854813833395743,0.927450685851829,0.180803625944181,2
UBE2D1,-0.182708599987059,0.855026667539181,0.927588436553002,-0.155444602375369,3
OSBPL7,0.182516057495818,0.855177753942058,0.927594148076762,0.301708527934155,2
EBF2,0.182482960569687,0.855203725344428,0.927594148076762,-0.0141613344809484,2
NCR3,-0.182373590952734,0.85528954960605,0.927594148076762,0.0254687521979873,2
GGTLC1,0.18195865111318,0.85561517575384,0.927854144010941,0.371233668852759,3
HAL,-0.181845055463376,0.855704324806358,0.927857670804886,-0.0484052663463902,3
GIPR,0.181370323902088,0.856076910652964,0.928168502346012,-0.111733629873336,2
OR2F1,-0.18115160178264,0.856248582182719,0.928261459728796,0.130964461357621,2
TFDP3,0.180832890895322,0.856498745488852,0.928354326099126,0.0449771391916446,2
C5orf22,-0.180823483501563,0.856506129781882,0.928354326099126,-0.0133348524794719,2
TSEN2,-0.180646595936663,0.856644979248592,0.92841166507909,0.0886601141157683,2
CMPK1,0.179875478061778,0.857250326855703,0.928919506607065,0.000390064743232351,2
CHMP2B,-0.179830606672182,0.857285554653382,0.928919506607065,-0.02520259108834,2
FABP3,-0.179426191188791,0.857603067485501,0.929160733420618,-0.176997816330685,2
CXCL10,0.179327934100986,0.85768021412118,0.929160733420618,0.276935797834545,3
UQCRB,-0.179072150999313,0.857881048813489,0.929194515316037,0.025244683624614,2
GFRA3,-0.179069107733306,0.857883438367602,0.929194515316037,0.246599943667336,2
TNFRSF11A,0.178620608370251,0.858235611588349,0.929482762821069,0.356845743015266,2
SLC4A3,0.17832530824172,0.858467504243069,0.92957201330925,0.136761294886391,3
SAC3D1,-0.178263461604487,0.858516072585629,0.92957201330925,0.236333001514651,2
COX7B,0.178169342341333,0.858589985741821,0.92957201330925,0.13024773527456,3
IFT52,0.177965069399709,0.858750408365279,0.92957201330925,0.125082356896248,2
IL33,-0.177931811982724,0.858776527120131,0.92957201330925,-0.267596361446343,3
ATP5C1,0.177858180708643,0.858834354085013,0.92957201330925,-0.0395437763699259,3
GOSR1,0.177727001588226,0.858937378630404,0.929590378114981,-0.0739451480589063,2
OVCA2,0.177036993877556,0.85947933159365,0.930083724691907,-0.0458759743647098,2
IQCH,0.17669748329948,0.859746017807162,0.930279122944301,0.308196967310657,2
LOC81691,-0.176092515068586,0.860221261153269,0.930697815063347,-0.215333571445428,2
TCN2,-0.175862137387843,0.860402251679366,0.930697815063347,0.0237933858736024,3
CCDC91,0.175715853194542,0.860517180044248,0.930697815063347,0.0368849206605844,2
LPP,-0.175685581722431,0.8605409632343,0.930697815063347,-0.0251963637242927,2
C7orf43,-0.175656561061564,0.860563763826394,0.930697815063347,0.258518152763128,2
OR12D3,-0.174986430348831,0.861090296086671,0.931174029265014,-0.163421042774237,3
PRAF2,-0.174707768594805,0.861309263207488,0.931317583700429,0.0343685881532755,3
IFNA14,0.173931129060343,0.861919588029766,0.931884234801074,0.136528668043484,3
NUP37,-0.173286820829848,0.862425982435112,0.932338416959976,0.200368675828011,2
SLC25A13,0.172790814105559,0.862815857719711,0.932633935815408,0.148389803964085,3
COX6A2,0.172531928760547,0.86301936218567,0.932633935815408,-0.213563653796853,2
MPZ,-0.172276658315432,0.863220033953368,0.932633935815408,0.134539558808153,2
ADK,0.171761947612729,0.863624682262302,0.932633935815408,0.0317030536953813,3
CNTF,-0.171720123745233,0.863657564358624,0.932633935815408,0.313492945700624,2
LRP6,-0.171595482174563,0.863755559473553,0.932633935815408,0.131978812282071,3
CSTA,-0.171523623265199,0.863812057003046,0.932633935815408,0.322962353188796,2
MAPRE2,0.171479769942629,0.863846536081503,0.932633935815408,0.0984875205766769,3
VDR,-0.171391276943909,0.863916113287667,0.932633935815408,0.172606175260627,2
PLXNB2,0.171363536407073,0.863937924372228,0.932633935815408,0.0121954948435454,2
TBX10,0.171357066647525,0.863943011255986,0.932633935815408,0.332120715651544,2
FOXC2,0.171330094693534,0.863964218162785,0.932633935815408,-0.427242812562024,2
AP3D1,0.171314568900093,0.863976425482037,0.932633935815408,0.0164772591665988,2
MYO1D,0.171299677164497,0.86398813429711,0.932633935815408,0.0381762192927131,2
NME5,-0.17125186209349,0.86402572970211,0.932633935815408,0.178342451924652,3
FBXW12,-0.17117584619832,0.864085499113842,0.932633935815408,-0.140266162849946,3
SOX30,-0.170977479268798,0.864241473769227,0.932633935815408,0.215658886864825,2
MAGEA6,-0.170962256471745,0.864253443576397,0.932633935815408,-0.16622186413903,3
COPS4,-0.170818013511963,0.864366864515896,0.932663157576736,0.067585368473161,3
KIAA1033,-0.170466105697538,0.864643587939476,0.93286856141852,0.0574575607515371,2
INTS9,-0.170107145524007,0.864925874102753,0.932915529482645,-0.00782071278318292,2
ATP11B,-0.170001683158849,0.865008812949984,0.932915529482645,0.0257836012417368,2
ZNF771,0.169978358138599,0.865027156664061,0.932915529482645,0.364471018624604,3
CEP76,0.16988177952198,0.865103110663727,0.932915529482645,-0.0403515058954114,3
KIF1B,-0.169823576859548,0.865148884596746,0.932915529482645,-0.0765538370750431,3
TTC26,0.169744520874463,0.865211059510896,0.932915529482645,-0.0122084422878113,2
MKS1,-0.169642017158709,0.865291676530885,0.932915529482645,0.0155227828991921,2
SNORD32A,0.169252825936031,0.86559778001395,0.933152417136795,-0.196758186777666,2
AXL,0.169103348492652,0.865715351146627,0.933170205917885,-0.188722173125012,3
RNF17,-0.169012183400125,0.865787058295597,0.933170205917885,0.0227773568495789,3
LEPROT,-0.168595986636322,0.866114437573207,0.933429926635317,0.0566400044290606,2
VBP1,-0.168145633537124,0.866468710010585,0.933718575971103,0.0969936268671395,3
LRP3,0.168029760904484,0.86655986611803,0.933723658235108,0.332015747849711,3
NOX4,-0.167602991840921,0.866895617349787,0.933979210618519,0.0270763319852806,2
RNF103,-0.167508495638829,0.866969963420838,0.933979210618519,-0.035186871052255,2
KREMEN2,-0.166691387428915,0.867612882558906,0.934578615616404,0.264193628523334,3
RLN2,-0.166482284807807,0.867777423299075,0.934662650959877,-0.0960639754812285,2
TRPM1,0.166167495475403,0.868025138644906,0.934803251092993,-0.12582164105585,2
KRT8,-0.166096457891125,0.868081041632458,0.934803251092993,-0.128468590867425,2
RNF123,-0.165892861310091,0.868241265502355,0.934882590705387,0.0286226577113942,2
NCF1,0.165468876499118,0.868574945084066,0.935148665085027,0.293370757619714,3
SERPINB3,-0.165244437728062,0.868751589748389,0.935245632097079,0.334034400083109,3
SMU1,0.165068981415317,0.868889687303767,0.935301086423049,-0.0826546957240643,2
GOLT1B,0.164894382832245,0.869027113730624,0.935333884651184,0.068609509536963,3
FLNA,0.164810251840505,0.869093334590255,0.935333884651184,0.0544322520911801,3
OR1F2P,0.164442291858435,0.869382972606962,0.935444065756472,0.0812502186604625,2
NPC1,-0.164312432378743,0.869485195088396,0.935444065756472,-0.00504457510521529,2
RNASE4,0.164265418508607,0.869522203894577,0.935444065756472,-0.195859974674202,2
MC2R,-0.164240132017279,0.869542109263167,0.935444065756472,0.214497904207175,2
CYP2F1,-0.163955538153927,0.869766145479175,0.935525834127673,0.0957011419652686,2
ZFP37,-0.163923546368917,0.869791330507704,0.935525834127673,0.151690803789653,2
RTEL1,0.162974484028233,0.870538524844699,0.936236274927562,0.0966270654833556,3
FAM96B,-0.162848058035587,0.870638068441219,0.936243574554013,-0.0190993222024387,2
FBXO28,0.16274570591339,0.870718658578931,0.936243574554013,-0.0586529531273552,2
RIBC2,0.162576490184439,0.870851898808106,0.936293640979911,-0.0783572165608796,2
FKBP10,0.162418777480051,0.870976084872102,0.936333963852353,0.165883829573962,2
HSPA1B,0.161941968583578,0.871351552845014,0.936644389872807,-0.0578766717976163,2
TAS2R7,-0.161507448731031,0.871693745135937,0.936773230549097,0.189570794158465,2
TNS1,0.161483532561611,0.87171258025242,0.936773230549097,-0.120135290114462,2
MID1IP1,-0.161459409051105,0.871731578733523,0.936773230549097,-0.138720032562585,2
TRIO,0.161218193162666,0.871921552478024,0.936861873493226,0.21879900734596,2
LILRB1,0.161134424235029,0.871987527874551,0.936861873493226,0.396935266154078,3
SCLY,-0.160891576818133,0.872178796600984,0.936892105304129,0.086596722573844,3
FUT7,0.160878453751271,0.872189132654909,0.936892105304129,0.4162945173708,2
HADHB,0.160507766249565,0.872481104360285,0.937112547409745,0.0486010996043392,3
CACNB4,0.160349720886473,0.872605593944996,0.937153074745858,0.0213788929412224,3
RPL10A,-0.159960187382334,0.872912436177994,0.937389416005039,-0.0817838384061412,2
SNRPD3,0.159648895932805,0.87315765954757,0.937421392267226,0.138567575040351,3
DCC,-0.159526083443817,0.873254409832383,0.937421392267226,0.0256447670500566,2
CLCN5,0.15949248329231,0.873280879980653,0.937421392267226,0.160158642585744,3
NFE2L3,-0.159481742203248,0.873289341824208,0.937421392267226,-0.220876883318639,3
STARD13,0.158729358649271,0.873882106554487,0.937964478835609,0.23135722586725,2
CD8A,-0.158426826018229,0.874120476600366,0.938026137787383,-0.00180704222890368,2
ZSCAN12,-0.158409913385939,0.874133802657119,0.938026137787383,0.322658553651025,2
PMF1,-0.15832581469635,0.874200067497277,0.938026137787383,0.0865682637764052,3
MAP3K14,-0.158017377583987,0.874443105419434,0.938168345877738,0.0396188385880099,2
PRPF39,0.157906203619729,0.874530709616039,0.938168345877738,-0.0675959153368362,2
PPARA,0.157709886765558,0.874685409485394,0.938168345877738,0.12372248158975,2
SLC24A2,-0.157659799426902,0.8747248796337,0.938168345877738,0.278707498623974,2
AKR1C4,0.157606532012071,0.874766856108182,0.938168345877738,0.263632447823255,2
SPARCL1,0.15668689771206,0.875491613639258,0.938725244810631,-0.0232937662109812,2
SERPINI2,-0.156685410462167,0.875492785815523,0.938725244810631,0.296824211403352,2
DNAJC8,0.156479179046815,0.875655329785865,0.938725244810631,0.183856576209183,3
TCAP,0.156424594083513,0.875698352512318,0.938725244810631,-0.267508313737924,3
PDE6B,-0.156396324282063,0.87572063432297,0.938725244810631,0.468009357266142,2
HIST1H2BC,-0.155891628192148,0.876118444365913,0.939058487402322,0.0191700215168853,2
HSF1,-0.155592550411872,0.876354197335741,0.939217981905017,-0.189896191412955,3
CTBS,-0.155017817539642,0.876807270737278,0.939535025230293,-0.126472862115635,2
IL12B,-0.154996627482477,0.876823976055044,0.939535025230293,0.0928084386506418,2
LAPTM5,0.154464407603295,0.877243572993431,0.939854557435871,0.180534020673224,2
SH2D3A,0.154378489205034,0.877311313453806,0.939854557435871,0.371341148730537,2
GPNMB,0.15428264658358,0.877386879508569,0.939854557435871,0.487244769747642,2
TACR2,0.154011483904388,0.87760068077425,0.939854557435871,-0.272871333521076,2
DDX6,-0.153969385785569,0.877633874310852,0.939854557435871,0.20011268040442,3
MSH2,0.153956258167701,0.877644225222703,0.939854557435871,0.0576031642631209,3
PARP2,-0.153797082450221,0.877769734335124,0.939854880566078,0.0163294189829904,2
ATAD2,0.15370058430275,0.877845824050235,0.939854880566078,-0.458144194198145,3
NOVA2,0.153568637713186,0.877949867028464,0.939854880566078,-0.0358674468573655,2
AUH,-0.153514499466728,0.877992556914672,0.939854880566078,-0.0473704924743999,2
CHMP6,0.153287981156159,0.878171178310373,0.939896701857106,0.167229684435223,3
SLC25A42,-0.153028320973778,0.878375941414296,0.939896701857106,0.181492152976101,2
PPY,0.152970925274212,0.878421203674851,0.939896701857106,0.102030251348736,2
NPY5R,0.15297003821478,0.878421903213221,0.939896701857106,0.149600391973112,2
PALB2,-0.152913255746774,0.87846668227637,0.939896701857106,0.153482565941543,2
SERPINB2,0.152158108528731,0.879062233723371,0.940294790650583,0.0201736682287033,2
RAD54B,-0.152048991142875,0.879148295480022,0.940294790650583,0.0905853142740582,2
SIX1,0.152007626489037,0.879180920487279,0.940294790650583,0.133484468833576,3
IQCE,0.151999987480497,0.87918694552591,0.940294790650583,0.0780199902723986,3
DENND3,0.151788562392837,0.879353703491022,0.940380032185924,-0.512374834233046,3
TTC30A,-0.151661014395408,0.879454307407205,0.94039451876981,-0.0417300659226445,3
IL7,-0.15105367812596,0.879933372620487,0.940707057832209,-0.0957723219644396,2
LAT2,0.151041354773993,0.87994309370286,0.940707057832209,0.159952682857412,3
NTRK3,-0.150959261448045,0.880007852193527,0.940707057832209,-0.109067192531646,3
HEYL,-0.150630536465296,0.88026717161119,0.940843359370131,-0.15067121439997,3
CD9,0.150576808567549,0.880309556855575,0.940843359370131,0.105314564571056,3
HSPA4L,0.150128929978117,0.880662895820398,0.941127878972293,-0.616545285566661,2
DEPDC5,0.149545417766869,0.881123274065354,0.941526719403893,0.0119200464433206,2
AKAP3,-0.149083334345446,0.881487876189373,0.941823149218358,0.0174545414847525,3
SLC25A4,-0.148652023063089,0.881828220542763,0.942049192892132,-0.153404188276839,2
ITGB7,-0.148594186908661,0.881873860259696,0.942049192892132,0.553357072730947,3
THOC5,-0.148004097194288,0.882339534762859,0.942453441561198,-0.0115574419338755,3
C1orf109,0.147599819641501,0.882658597446896,0.942533550195771,0.0345576288888638,2
PTK2B,-0.147493903674483,0.882742191269447,0.942533550195771,-0.383089010853569,2
OSM,-0.147442958848317,0.882782399768213,0.942533550195771,0.171088545081636,2
PICALM,0.147384642646445,0.882828426538631,0.942533550195771,0.152810910373158,3
GOSR2,0.147356281523243,0.882850811042475,0.942533550195771,0.0621989523009373,3
PTPRN2,0.147148186171343,0.883015056735124,0.942558389558932,0.0913977997371282,3
BCCIP,-0.146960986300737,0.883162814320332,0.942558389558932,-0.124322095410577,2
POFUT1,-0.146813071243825,0.883279567124644,0.942558389558932,-0.0713765290817554,3
QTRT1,-0.146788662738461,0.883298833571,0.942558389558932,0.16667018651318,3
CNTD2,0.146754594291198,0.88332572504669,0.942558389558932,-0.135090049807994,2
NYX,0.146663507145304,0.883397624133923,0.942558389558932,0.130836698503134,3
CACNB2,0.14652555793012,0.883506515340567,0.942563168184322,0.0443101107499378,2
TAAR2,-0.146436748029122,0.883576619240367,0.942563168184322,0.129164991415853,3
PTPRN,-0.146262869483107,0.883713876442964,0.94260842845864,0.110587656883169,2
HIST1H2AC,0.146161912683824,0.883793571878273,0.94260842845864,-0.236815923601794,2
CTRL,-0.145989518244226,0.883929663002659,0.942648727350488,0.025018238187011,2
EIF4B,0.145892960870278,0.884005888544755,0.942648727350488,-0.353118980911534,2
STX18,-0.145571934431879,0.884259325007703,0.942766695342704,0.0741034382493095,2
C2CD2L,0.145531722063175,0.884291071765625,0.942766695342704,-0.0609756576785612,3
HEXA,-0.145420418997184,0.884378943993929,0.942767329815693,-0.0381227530516134,2
EXOSC5,-0.145097381642666,0.884633985559531,0.942819504380974,-0.210488376272659,2
C1orf159,-0.144963910427976,0.884739366051868,0.942819504380974,0.0743606437855683,2
PTER,0.144924418926262,0.884770546453484,0.942819504380974,0.134395035720238,2
GOLGA5,0.144886693889458,0.884800332314471,0.942819504380974,0.0362621103900126,2
DZIP3,-0.144805680732268,0.88486429692782,0.942819504380974,0.27760233287812,2
RUNDC3B,0.1445013420586,0.885104596764675,0.94294871098497,0.285660542757533,3
SSBP1,-0.144383932499246,0.885197303871892,0.94294871098497,-0.0561242377369469,2
APOL6,0.144320434421086,0.885247442890074,0.94294871098497,0.166989645955008,2
NOL9,0.144021359806505,0.88548360278802,0.943029193626147,0.0973993386634922,2
DPPA4,-0.144003629848797,0.885497603309574,0.943029193626147,-0.0175363195116661,2
ITGAL,-0.143601287140655,0.885815324201957,0.943274559545498,-0.113161436935808,2
PYCRL,0.143418150125523,0.885959949423242,0.943293255023658,0.256088691876978,2
ACSM3,0.143347448619736,0.88601578416035,0.943293255023658,-0.0236856328323062,2
SAR1A,0.143080235324498,0.88622681425252,0.943293255023658,0.141653381094298,3
C4BPB,0.143051295446514,0.886249669831535,0.943293255023658,0.405684954335123,2
CHST12,-0.142862209665553,0.886399004682881,0.943293255023658,0.468204195645598,2
RASGRP3,-0.142842823662301,0.886414315453616,0.943293255023658,0.314779833405654,2
HBBP1,0.142728111839346,0.88650491397548,0.943293255023658,0.0965411434903607,2
UBE2A,-0.14269446632828,0.886531487224605,0.943293255023658,0.0789130919122607,2
MYL3,0.142574353020091,0.886626353843321,0.943301277870143,0.0159242797333686,3
ZAP70,0.142319776117058,0.886827426440928,0.943414701729861,0.113032104759738,3
ELMO3,-0.142193127738519,0.886927459905059,0.943414701729861,0.133281062845712,2
CDC42BPB,0.142107651935384,0.886994974150016,0.943414701729861,0.00185535908187112,2
MRM1,-0.141152546117122,0.887749433353969,0.944124188154925,0.0586163233913466,2
SPTB,-0.140487034658792,0.888275195742527,0.944557649830702,-0.0373086718869593,2
HEBP2,0.140353498556612,0.888380696864807,0.944557649830702,-0.11352197577609,2
TSPAN5,0.140171808445706,0.888524245570277,0.944557649830702,0.378942801889973,3
RNF41,-0.140122344876758,0.888563326103187,0.944557649830702,-0.128303876024662,2
CEP290,-0.140083234667389,0.888594226770931,0.944557649830702,0.00368437219249701,2
SNRPG,0.139874987785371,0.888758763838309,0.94456490836543,0.193181722919513,3
IFNA10,0.139853246170066,0.888775942290893,0.94456490836543,0.00147535327928642,2
UPB1,0.139616083151866,0.888963332571117,0.944623156628381,-0.0460844195346819,3
SPOCK2,0.139562529339062,0.889005648054446,0.944623156628381,0.197121555716131,2
MAG,0.139188860589496,0.889300910780882,0.944714110596188,0.449394830779284,2
MAX,0.139076860147591,0.889389413430193,0.944714110596188,-0.0449199534931425,3
FILIP1L,0.13901409638469,0.889439009902471,0.944714110596188,0.356374660083993,3
SNTB2,0.13901148156182,0.889441076167675,0.944714110596188,0.0469961216135736,2
SPAG7,0.13869963640433,0.88968750543018,0.944764871341168,0.0369548851010891,2
ERGIC2,-0.138675050330893,0.88970693452586,0.944764871341168,0.269272793213297,2
EIF2AK2,-0.138525955925075,0.88982475750227,0.944764871341168,0.264547860636795,3
ORM2,-0.138469838936052,0.889869105005701,0.944764871341168,-0.562336416093555,2
PAFAH1B3,0.138397620888477,0.889926177179817,0.944764871341168,0.506705249252326,2
NDST2,-0.137982985257045,0.89025386470868,0.945019874860767,0.0273277840876043,2
CRK,-0.137508207764244,0.890629105515552,0.945282824872215,0.0869892138863117,2
SLC5A7,0.137448121944149,0.890676596144178,0.945282824872215,0.216550047598027,2
SERPINB10,0.136568741262765,0.891371685807437,0.945927591128002,0.145223166433453,3
CTSE,0.136086944052911,0.891752548642215,0.946238804561218,0.273448928309592,2
NDUFB5,-0.135912097580821,0.891890771735493,0.94626325799568,-0.0905810999213817,2
AP4M1,0.135836171315197,0.891950795492688,0.94626325799568,0.00809708082637836,2
EFCAB2,0.135557851255571,0.892170827615798,0.946403739556698,-0.0114046573721936,3
PSMA5,0.135022791961191,0.892593853966308,0.946759506141405,0.0537575864272336,2
TAF2,0.134326386629996,0.893144488806919,0.947235482494791,0.0267617340407206,2
EPHB1,0.134195113581437,0.89324828976142,0.947235482494791,0.191429355242117,2
SLC5A2,-0.134077116108273,0.893341594939774,0.947235482494791,-0.00719665336652844,3
PTTG2,0.134011650289722,0.893393361938246,0.947235482494791,0.0213493934858444,2
KRT6A,-0.133858703442133,0.893514306199691,0.947268371362954,0.136538464802205,2
IQCC,0.133750628618422,0.89359976894913,0.947268371362954,0.182599429329298,2
CCNB1,-0.133635100425847,0.893691126994195,0.947272255302845,0.173779856919697,2
GIP,0.133363885518447,0.89390560541047,0.947325737227465,0.0555441029790175,2
MFAP1,0.133320487737503,0.89393992536286,0.947325737227465,-0.0332933621621109,3
NIPBL,-0.133238604405739,0.894004681105053,0.947325737227465,-0.137950699543375,2
ZNF484,0.133086410381079,0.894125042483523,0.947360344179208,0.157913149501282,2
ZMYM1,-0.132568772376602,0.894534430424231,0.947701149219551,0.0612474376193362,3
CBR4,-0.132202992005021,0.894823734617557,0.947914678958404,0.0386358984471788,3
FSHR,0.132011989203435,0.894974808733016,0.947981749748386,0.322435887314632,2
COPA,-0.13169556140358,0.895225096426275,0.948153886812101,0.0206260551250054,3
MSI1,-0.131302635017906,0.895535907396664,0.948325480096154,0.0642348334464464,2
CSHL1,-0.131268772197127,0.895562694173382,0.948325480096154,-0.0353562742589484,2
PHKG2,0.130647632878903,0.896054060045756,0.948731724460612,0.000943698585197052,2
MCFD2,0.130561760382936,0.896121994507649,0.948731724460612,-0.0429278309421403,3
DDX60,-0.129678130599014,0.896821085699183,0.949378809067285,0.234228558166948,2
TOX,0.129550652683049,0.896921947557672,0.949392540668101,0.387825925000867,2
TNNI1,-0.129415120127727,0.897029184157836,0.949413016585631,-0.166547036859506,2
PTPRG,0.129219064534207,0.897184311361634,0.949484170797332,-0.29672166403794,2
MET,-0.129063846136659,0.897307129293528,0.949521121730867,-0.0490415280776251,3
CDX4,0.128436316256477,0.897803692920963,0.949918438747132,0.169724964738409,2
ALDH3B2,0.128291480705893,0.897918306806958,0.949918438747132,0.377253363905602,3
CD209,0.128255960911743,0.897946415297813,0.949918438747132,0.305154503323056,3
DNAJC13,0.127943735391695,0.89819349960553,0.950086778568246,0.195724534819615,2
ATXN1,-0.127260938784203,0.898733875215845,0.950565291303393,0.152053119804227,2
SPR,-0.127097076551933,0.898863565272463,0.950609382423452,0.203508586071302,3
FKBP3,0.126899519684633,0.89901992680473,0.950643532793238,-0.0611638207139683,3
ZNF35,0.126833893543637,0.899071869192346,0.950643532793238,0.207106491387329,2
SETD3,0.126708667368123,0.899170985568291,0.950655279055366,-0.137305202011706,3
P2RY10,0.126040935227915,0.899699521314052,0.951101752675361,-0.169338441310151,2
LRRN3,0.125809020027438,0.899883101560973,0.951101752675361,0.162152782064079,2
STAC,0.125693834323012,0.8999742826559,0.951101752675361,-0.00388330993839339,3
ZNF646,0.125646472718289,0.900011774522809,0.951101752675361,0.171376348813805,3
AFM,0.125554000318537,0.900084977138677,0.951101752675361,-0.0446743222472903,3
KRT36,-0.12550777303248,0.900121571708963,0.951101752675361,-0.31907882298658,2
LY75,-0.125386936832747,0.90021722939367,0.951109791853523,-0.158625869646692,2
PIGN,0.124945584398509,0.900566629977922,0.95129251291664,0.0502741651644486,3
PPP1R2P9,0.124920456648794,0.900586523165081,0.95129251291664,0.265230041962115,3
SCNN1B,0.124834754729883,0.900654372301285,0.95129251291664,0.195094612106718,3
C12orf4,0.124666914985328,0.900787251028059,0.951339840203861,0.152110467295848,3
PGC,0.124116125780223,0.901223330358708,0.951677457451149,0.269041493522595,2
CA14,-0.124040596615544,0.901283131802005,0.951677457451149,0.198575987301211,2
COMMD8,0.123733334872351,0.901526417051559,0.951841301631409,0.221665830950672,2
GPR20,0.123587222465694,0.901642109914722,0.951857580559066,0.104527568099326,2
GTF3C1,0.123491287880326,0.901718072751428,0.951857580559066,0.023347921543231,2
SPO11,-0.123202606767483,0.90194666139509,0.951936429690463,-0.150432194740308,3
GABRA5,-0.123174370528711,0.901969020355665,0.951936429690463,0.111112122363897,3
B3GALT1,-0.122764812605538,0.902293338908994,0.951995701229181,-0.201034449273818,2
FBN2,0.122710393365347,0.902336433356428,0.951995701229181,0.562002314672173,2
PDIA3,0.122649800712754,0.902384416850846,0.951995701229181,0.116277657230224,2
SLC7A10,-0.122631612668245,0.902398820084763,0.951995701229181,0.460734767628425,2
GUCA2B,-0.122546984824126,0.902465837862138,0.951995701229181,0.196665420918427,2
TAF1,0.121581886417277,0.903230159595931,0.952708933107631,0.0783354460388129,2
ROGDI,0.12119277139039,0.90353834951034,0.952857055198432,0.26484717437743,2
RGS1,0.121181835397241,0.903547011331007,0.952857055198432,0.434102268252124,2
NPHP1,0.120504168048078,0.90408377808232,0.953243796323795,0.0796309664968149,2
ATP5S,-0.120491510325906,0.904093804428637,0.953243796323795,0.0353004115625307,3
LMAN2,-0.120384613194908,0.90417847964577,0.953243796323795,0.0895888223901673,2
SLC31A1,-0.120153734622556,0.904361366598912,0.953343562213472,-0.0423573013073923,3
ZNF226,-0.119933088552771,0.90453615277197,0.953434769930017,-0.272044006081273,2
USP16,-0.119645816886096,0.904763723760974,0.953581592747199,-0.00308243156249141,2
TRIM26,0.119370966409173,0.90498146224888,0.953687266089971,0.029957644231757,3
ADRA1D,-0.119296364939941,0.905040563292751,0.953687266089971,0.120761834763783,2
LRRTM4,-0.118889987700957,0.905362514156391,0.953933464486669,0.097244460419467,2
BMX,-0.118388407098541,0.905759910975008,0.954259100590269,-0.0480568477699533,2
MAOA,-0.117675702881799,0.906324619286249,0.954760926226845,-0.887462431799312,2
SMC2,0.116811958234522,0.907009067329233,0.955245733545817,0.42772209572621,2
GNAI2,0.116763089686057,0.907047793785589,0.955245733545817,-0.0502845524138356,3
SMPDL3B,0.116671212077928,0.907120603875646,0.955245733545817,0.238938863338345,2
HDLBP,-0.116648552631632,0.907138560888076,0.955245733545817,-0.140257614741421,3
PADI2,-0.116490098951248,0.907264132568685,0.955284838678909,0.301167887569142,2
GATM,-0.11618835211733,0.907503267893291,0.955309059607157,-0.109348182681782,2
IQSEC2,0.116063851308147,0.907601937624657,0.955309059607157,-0.147457681601081,2
PANK4,-0.115993528120966,0.907657670984913,0.955309059607157,0.0933470739404558,2
TRIM45,-0.11595772143241,0.907686049097987,0.955309059607157,0.213070592206716,3
NFKBIB,-0.115879760652432,0.907747836281058,0.955309059607157,-0.0540800549897834,2
ANG,-0.115756511715735,0.907845517363581,0.955309059607157,-0.259593702778008,2
OR2J3,0.115679942473793,0.907906203103784,0.955309059607157,-0.185105066973404,2
SYNGR2,0.114952696512813,0.908482616118034,0.955822462190221,-0.265575114804867,3
PNLIPRP1,0.114488098069494,0.908850880726104,0.956116791352101,0.267980239552427,3
KRT15,0.113841643641428,0.909363326309583,0.956501351558541,0.158046166286088,3
GARS,-0.113717294334817,0.909461902559256,0.956501351558541,-0.236694016425244,3
SUPT4H1,-0.113584689925643,0.909567024466863,0.956501351558541,0.039946414827103,2
PDLIM5,0.113562148283722,0.909584894470581,0.956501351558541,0.0330760911711565,2
MGAT5,0.113379833613948,0.909729427052429,0.956501351558541,-0.0208390940249113,2
GPR45,-0.113356757307803,0.909747721339794,0.956501351558541,-0.0127038272598388,2
TFPT,-0.113080153255178,0.909967009465058,0.956638796714507,-0.0893134130134449,2
IL21,0.112837073930988,0.910159725281055,0.956673547178006,0.0878919762654492,3
SLC1A3,-0.112677528904808,0.910286217110913,0.956673547178006,-0.0358634589484447,2
SLC7A5,0.112581064647127,0.910362697818509,0.956673547178006,-0.430961476816093,3
FKTN,0.11246120197619,0.910457730877708,0.956673547178006,0.171804490608344,3
GIMAP5,0.112376261625965,0.910525076567894,0.956673547178006,-0.000395682051466763,2
GRM2,-0.112368221294288,0.910531451447609,0.956673547178006,0.0740701819693741,2
MAPK1,-0.111929884456411,0.910879001116027,0.956945630232962,0.105901006690498,3
UNC119,0.111711930225022,0.911051819593544,0.95702902727996,0.178365633607529,2
RHBDF1,0.111606297831696,0.911135578276903,0.95702902727996,-0.0285084314359836,3
CRB1,0.111383086162186,0.911312571885806,0.957121866943167,-0.0349912723795288,2
IRF8,0.111013509357349,0.911605634032518,0.957336579702436,0.205421921036252,3
CNIH4,0.110267629108925,0.912197128907593,0.957822096878471,0.0101559898898988,2
SNCAIP,0.110206887400492,0.912245300193085,0.957822096878471,0.224928485467692,2
SCN1B,0.109163209286202,0.913073040609806,0.958480056509709,-0.223380671058087,2
P2RX4,-0.10907634981753,0.913141933059876,0.958480056509709,0.259183928506317,3
GAPDH,0.108988504857133,0.913211607815008,0.958480056509709,-0.023589004763928,3
DPP6,0.108969251897894,0.913226878503789,0.958480056509709,0.30624621925379,3
MUTYH,0.10882677061125,0.913339890042656,0.958505536990263,0.0733927569614501,2
PDE8A,-0.10843459906969,0.913650956842083,0.958738841636699,0.057753220267939,2
IFITM3,0.108126059870007,0.913895696550035,0.958902507443757,0.0780399723499654,2
PPIA,0.107787036146891,0.914164626629753,0.959070800711645,0.161474037930839,2
FLG,0.107700007371614,0.914233663666711,0.959070800711645,0.038379083622761,3
DBR1,0.107455109618589,0.914427936391198,0.959086262747772,0.0446949965826377,3
RHO,0.107428104125545,0.914449359647805,0.959086262747772,0.410124830655569,2
PHOX2B,0.107237609589073,0.914600479310174,0.959086262747772,0.0514120699468817,3
ZNF518A,-0.107233733552726,0.914603554208925,0.959086262747772,0.16910005483476,3
WIPI2,0.106916909948557,0.914854897889082,0.959252806266405,-0.00428105911358626,2
MEA1,-0.106809664839866,0.914939979907681,0.959252806266405,0.0843902800406202,2
ZBTB3,0.106080338135976,0.915518611007592,0.959733326499549,0.656347554461931,2
KIDINS220,-0.10583171831328,0.915715870526778,0.959733326499549,0.0279107811959717,2
FAM45A,-0.105746586890912,0.915783416549429,0.959733326499549,0.0616545000806001,2
MRPS14,-0.105713349036811,0.91580978870247,0.959733326499549,0.0459913727655623,2
NONO,0.105595358996815,0.915903407148742,0.959733326499549,-0.0497373776657169,2
THRAP3,0.105560093072122,0.915931388898708,0.959733326499549,0.101239639655177,3
NPR1,-0.105435293969626,0.916030411590057,0.959743987002502,-0.11716403078828,3
GP1BA,0.10517876542272,0.916233959989517,0.959842695050068,0.0788402289942096,2
SCPEP1,-0.105092589446701,0.916302339507156,0.959842695050068,0.0698882283032006,2
DOHH,0.104834762718792,0.916506925362931,0.959963910382079,0.0760746896270778,3
EEF2,-0.104582985126801,0.916706716558087,0.960069287166104,-0.0979891990367976,2
RIMBP2,0.104399408592984,0.91685239199313,0.960069287166104,0.559478295857688,2
CDKN2C,-0.104371966888987,0.916874168339708,0.960069287166104,0.00247880872397644,3
DAPP1,-0.104028618873182,0.917146637204001,0.96020525857527,0.239434359646265,2
TLX2,0.103984303494065,0.917181805034219,0.96020525857527,-0.234177388411467,2
IVL,0.103777987058238,0.917345535911197,0.960283601018775,0.103725969786489,3
STAR,0.103285096217306,0.917736703850018,0.960553213886259,-0.044012546642057,2
ZNF222,0.103229357299663,0.917780940614709,0.960553213886259,-0.144519363743704,2
NACA2,-0.1026293277657,0.918257165544888,0.96093841369452,-0.200365557439592,2
RALY,-0.102541459236734,0.918326906551428,0.96093841369452,0.00175644233130099,2
IFNW1,0.102422527241234,0.918421303545547,0.960944103147908,0.212118353966577,3
SH3YL1,0.102245973757277,0.918561437159434,0.960962148832967,0.147864086834252,2
STMN2,0.102176634434821,0.918616473694613,0.960962148832967,0.273554394794927,3
PPP1R12B,0.101974696364441,0.918776759738452,0.961036754013243,-0.0988479911743929,2
LIN7B,0.101072620270943,0.919492812579488,0.961692618269135,0.256905935200476,3
PGLS,-0.100759568901852,0.919741322784171,0.961859402528281,-0.042496555011622,3
EPHA4,-0.10054377165927,0.919912634113613,0.961945428237681,0.134954542380532,2
PARVB,0.100330741222921,0.920081752650947,0.962029144529622,-0.0373826498484027,2
ARHGEF10L,0.100132698911019,0.920238975803689,0.962038956737013,0.108991205630679,2
HCN4,0.100021442821661,0.920327301898828,0.962038956737013,0.267242507344365,2
CDH16,0.0999823717932876,0.920358320581401,0.962038956737013,-0.0930129634366401,2
IFNG,0.0996208878165237,0.920645310238067,0.962245828852598,0.0547933494885131,2
NRIP2,-0.0994935426638266,0.920746414670284,0.962258395053058,0.219791003329379,2
PTGIR,0.0981774006325974,0.921791427438992,0.963122937248355,0.0398311565853923,3
NEFL,0.0981450771923911,0.921817093858483,0.963122937248355,0.416546242855801,2
IL1RAPL2,0.0981147880821717,0.921841144992663,0.963122937248355,0.172988748894734,3
HAAO,-0.097951788754898,0.92197057619153,0.963165006191577,-0.0785403187231928,2
ARMC4,-0.0978055436245358,0.922086705316547,0.963193171920447,0.13170429390451,3
NSUN7,0.0976300972624296,0.922226024505921,0.963245553733607,0.262456064333161,3
RPAP2,-0.0970135687986926,0.922715618935434,0.963663745116558,0.244688949956041,2
ITGA2,-0.096476082671282,0.923142468568992,0.96385415553475,0.172614656340135,3
PVALB,0.0963741143901265,0.923223450134543,0.96385415553475,-0.0346581469535645,2
LYZL6,-0.0963640142246406,0.923231471566526,0.96385415553475,0.11273869512598,2
PEX13,0.0962666000552434,0.923308837148488,0.96385415553475,0.109798471097817,2
SEMA3F,0.0962222188937583,0.923344084565228,0.96385415553475,0.0394063040300034,2
KCTD13,0.0960102743357581,0.923512412522092,0.963936716597124,0.097237103919107,2
HPSE,0.0955901866294526,0.923846059443402,0.964098181192543,0.245896271450151,2
MEOX2,-0.0954851648433774,0.923929473157896,0.964098181192543,0.328743408234995,2
LHX6,0.0952617937465383,0.924106888774199,0.964098181192543,0.0111342764252698,2
MRPL4,0.0951819904724702,0.924170274556018,0.964098181192543,-0.0691912132945796,2
EIF2B1,0.0949817515931837,0.924329321501756,0.964098181192543,0.00462801665816797,2
RPL3,-0.0949735913142385,0.924335803161567,0.964098181192543,-0.165600336409113,2
PLEKHF2,-0.0949206732486972,0.924377835780262,0.964098181192543,-0.144068617797517,3
FAM107A,-0.0949165379960297,0.924381120404663,0.964098181192543,-0.0221817324812175,2
ABHD11,0.0945585750504782,0.924665454664336,0.964275497931493,0.154573497010551,2
TRPM2,0.0944777341878393,0.924729668864316,0.964275497931493,0.496555988932197,2
EHD1,-0.094227962972231,0.924928072352459,0.964374998910758,-0.231922190402063,2
TNFRSF1A,-0.0941328268236082,0.925003644113531,0.964374998910758,-0.102112024752119,2
IL17B,0.0938792859789155,0.925205048550059,0.964428871159204,0.479967320915405,3
CUBN,-0.0938429892534194,0.925233881857325,0.964428871159204,-0.167300892568705,3
GADD45GIP1,-0.0934832519961002,0.925519654396305,0.964507755064777,0.269733144905668,3
SCRG1,-0.0934416364671905,0.925552714076595,0.964507755064777,0.272581487954236,2
POLR3K,-0.0933538475758668,0.925622454634992,0.964507755064777,0.229122314465311,2
PRKCE,0.0932866852653173,0.925675809573758,0.964507755064777,0.24665387365552,2
CADM4,-0.0930326088769572,0.925877655415862,0.964507755064777,0.279929600206686,2
S100A1,0.0929615226830127,0.925934129258002,0.964507755064777,0.141538399955375,3
G6PD,-0.0928847024238823,0.925995158900627,0.964507755064777,0.28628923305396,2
SEC61A2,-0.0928485531025985,0.926023877779744,0.964507755064777,0.140445992988654,2
RND3,-0.0927304975582347,0.92611766784417,0.964512441964204,-0.174975943035092,3
OLA1,-0.0924762335933395,0.926319673139647,0.96462981868837,0.0752954329153292,2
DPY30,0.0922876112445956,0.926469531157378,0.964676811854655,0.163087728205396,2
ICAM3,0.0921946221434355,0.926543410756531,0.964676811854655,-0.0390077091844564,2
GNAS,0.0918237711842876,0.92683805717325,0.964890583421882,0.145643057051945,3
E4F1,0.091610785682405,0.927007281754015,0.964973755180387,0.0510347934101283,3
C17orf75,0.0914324081355904,0.927149011620658,0.965028292881706,-0.256354117316255,2
OSGEP,-0.0908385411689045,0.927620885208754,0.965426418925229,0.0944809752849476,3
UBE2J1,0.0907013696066917,0.927729882330456,0.965446839010943,0.0832363227475621,3
BPNT1,0.0904312360456172,0.927944535599472,0.965577196180088,0.214022270015169,2
CLN6,0.0902897078359963,0.928056998702816,0.965601204005762,-0.0347801955489215,3
SUB1,-0.0899280971362951,0.928344353319937,0.96571399234777,0.147198453235827,3
EDA,-0.089833851204647,0.928419247561964,0.96571399234777,-0.0417177474493342,3
DCTN3,0.0897069659366111,0.928520080247104,0.96571399234777,-0.0274628636939038,3
HSD17B1,-0.0897032826683264,0.928523007269389,0.96571399234777,0.248971477111916,2
PCBP2,-0.089375683951154,0.928783347516838,0.965875004036674,-0.116330844875185,2
LDHA,0.0892834446198639,0.928856650799201,0.965875004036674,-0.139877410980755,2
CYP2A7,0.0891108960994431,0.928993778011682,0.965888534337053,0.187540934882827,2
OR3A3,-0.0888854036472929,0.929172983835085,0.965888534337053,0.140488716791702,2
NDRG4,-0.0888298125864835,0.929217164322105,0.965888534337053,-0.173897176797425,2
SSPN,-0.0888170179251255,0.929227332793062,0.965888534337053,0.275083494708599,3
HMGCS1,0.0886457003399335,0.929363487402813,0.965937110644202,0.198331426081969,2
PRR7,-0.0885012404038198,0.929478298509466,0.965963496295868,0.0564467338980899,3
PAPOLG,-0.0873975983303425,0.930355478330354,0.966782094942231,0.116554556327053,2
ITGA3,-0.0872829870162349,0.930446576800392,0.966783755540384,0.177110804019908,3
PTGER4,-0.0869303230744856,0.930726896421091,0.966819975788258,0.330570419394868,2
ARHGAP4,0.0868955588658466,0.93075452968021,0.966819975788258,0.069342353910084,3
BNC1,0.0867002680798068,0.930909763324606,0.966819975788258,0.514764847162707,2
NDUFA7,-0.0866306611594683,0.930965093431471,0.966819975788258,0.0193052313337536,2
MEF2B,-0.0866301983221768,0.930965461339065,0.966819975788258,-0.119783329866573,2
ARAF,0.0865635267795502,0.931018458447459,0.966819975788258,-0.0332912978763251,2
SLC17A1,0.0858621259056849,0.931576019431011,0.967305984994115,-0.0543545851543868,2
UGT8,0.0856944000644117,0.931709353855253,0.967351445630953,0.260853565540699,2
HHLA3,0.0855704530146677,0.931807887360654,0.967360768790945,0.0893722429256473,2
MDM2,-0.0854412438433999,0.931910605178446,0.967374433705321,0.23040460689828,2
CFHR1,-0.0847453208395253,0.932463864718018,0.967748938119088,-0.14229957040899,2
C17orf53,-0.0846782342505136,0.932517200357336,0.967748938119088,0.0340049074838866,3
ZNF550,-0.0845522919125014,0.932617328715317,0.967748938119088,-0.114016025921728,3
BCL9,0.0845366816409434,0.932629739475996,0.967748938119088,0.19895031495623,2
PPP1R10,-0.0841596627547447,0.932929488823351,0.967966990516746,0.225137208568902,2
PTPRO,0.0840195206264117,0.933040911428633,0.967989620174039,0.353316133083337,2
CHD7,0.0834800491125655,0.933469840514544,0.968333118523709,0.141341402768656,2
SLC12A1,-0.0833776042517535,0.933551295714303,0.968333118523709,0.362533360029776,3
VPS13B,-0.0832276171521058,0.933670553602025,0.96836383293414,0.126286729113365,3
UBE2G2,0.0830888914525099,0.933780858639752,0.96838525681899,-0.0266659583271875,2
SLC44A4,-0.0828776142262067,0.933948854052712,0.968466499133858,0.0113963014120539,2
SNED1,0.0821969703235735,0.934490082626307,0.968830217113821,-0.100016376743218,2
FGF23,0.0819322007396536,0.934700628024757,0.968830217113821,-0.0900832020203002,2
SRRD,-0.0818645787724257,0.934754401905612,0.968830217113821,0.0102323786351154,3
CHGB,-0.0818590999769916,0.934758758729093,0.968830217113821,0.328183833370011,3
TRIM16,-0.0817738026076675,0.93482658877793,0.968830217113821,-0.106168352298544,2
IPO4,0.0816561246821346,0.934920169221669,0.968830217113821,0.0901019785649288,2
TNPO3,-0.0816469844428501,0.934927437807302,0.968830217113821,0.00836498288287389,2
UNKL,0.0814682747153237,0.93506955409902,0.96888453941272,-0.132921333155073,2
HSPBP1,-0.0812525303021492,0.935241124438044,0.968969367559923,0.0881775395448314,2
ART1,0.0811198723467501,0.935346621921446,0.968976633515058,0.146881556401513,3
KPNA6,-0.0808858085070179,0.935532766153158,0.968976633515058,0.0355347844636355,2
CCDC15,0.0808294487630131,0.935577587961488,0.968976633515058,0.0145945050365467,2
RCBTB1,0.0807048814928218,0.935676654613082,0.968976633515058,0.166078087158619,2
RAI2,-0.0806797333467159,0.93569665471168,0.968976633515058,0.0209117619096423,2
MRPL44,-0.0797966557339204,0.936398984181809,0.969610988030282,0.0313926007306661,2
GCNT3,0.079643728505688,0.936520615339491,0.969643984174943,0.201712570968485,2
ATP6V1G2,-0.0794189730953009,0.936699377958218,0.969718234762925,0.218969002131458,2
ACO2,-0.0793278264858275,0.936771873704047,0.969718234762925,-0.211605458544524,3
TXNRD1,-0.0791592995938128,0.936905917181861,0.969720746569605,0.198969305035159,3
ZNF79,-0.0790613461017211,0.936983828576973,0.969720746569605,0.0341977196160031,2
PPP1R3A,-0.0789861778725717,0.937043617172147,0.969720746569605,0.0762596495686401,2
DR1,-0.0787492007760357,0.937232110401218,0.969822900330871,0.0206143343982381,2
CRYGD,0.0785162709235016,0.937417387852395,0.969921707239614,0.0423195066496703,3
SNX27,0.0783874259284707,0.937519875409117,0.96993484284736,-0.0439775538413627,3
ENO1,0.0777182033804132,0.938052213698985,0.970392646272404,-0.0848859751094296,2
CLUAP1,0.0774798468162855,0.938241822984299,0.970425817746564,0.0904034238370992,2
CRTAP,-0.0774520252533942,0.938263954873645,0.970425817746564,-0.240941935431907,3
VPS35,0.0771148924278484,0.938532145835211,0.970596521081887,0.188822045587412,2
ASNA1,0.0770186511390048,0.938608707574652,0.970596521081887,0.186742567995902,3
PAX7,-0.0767437601000272,0.938827391643791,0.970729729543049,-0.130528717486628,3
N4BP3,-0.0764038906267123,0.939097774383337,0.970916362833921,-0.106575378660945,2
DYRK4,-0.0762030306616857,0.93925757158321,0.970983943409306,0.0324988089948201,2
FCRL2,-0.0760014591378786,0.939417937333393,0.970983943409306,0.144193877500232,3
GUCY1A3,-0.0757819384169956,0.93959258585369,0.970983943409306,0.496444448241773,3
DEFA6,-0.0757795414265672,0.939594492891683,0.970983943409306,0.0379550368000432,2
TEX15,0.0757567991396026,0.939612586600395,0.970983943409306,0.33946101763664,2
TGM3,0.0753490322719715,0.93993701021917,0.97103171461252,0.0272857881932993,3
TBCE,0.0750219277655958,0.940197265220813,0.97103171461252,-0.0077004052442944,3
LMNB1,-0.0749876641712569,0.94022452682272,0.97103171461252,0.179583283895793,2
MAN1A2,-0.0748918559323295,0.940300756385144,0.97103171461252,-0.222964110649712,2
DYNLT3,0.0748572114434598,0.940328321312344,0.97103171461252,-0.101972325168037,3
PADI3,-0.074835625461758,0.940345496259527,0.97103171461252,0.157289153373384,2
SFN,0.0745925177294176,0.940538927525879,0.97103171461252,0.173008373957463,2
NUDT9,-0.0745346961398641,0.940584934408574,0.97103171461252,0.0100228593505893,3
SLC22A14,-0.0744577259786288,0.940646177535808,0.97103171461252,0.0441485411127003,3
C21orf91,0.07416620952306,0.940878132669825,0.97103171461252,-0.027789221233609,2
SLC17A3,0.0739803764907376,0.941025999757561,0.97103171461252,0.190063225473583,3
UCN,-0.0739435763863368,0.941055281791226,0.97103171461252,-0.103368778226992,3
SLC17A7,-0.0738351067293555,0.94114159212248,0.97103171461252,0.417307137092221,2
FEZ2,0.073760073505816,0.941201297172152,0.97103171461252,0.23727473442223,2
SMARCA2,0.0737565269358731,0.941204119238678,0.97103171461252,0.0306291754842776,2
COL5A3,-0.0736336412849102,0.941301901914255,0.97103171461252,0.300756739639163,2
TMPRSS6,0.0736243780393741,0.941309272907818,0.97103171461252,0.172738825783682,2
SECTM1,-0.0735446454396687,0.941372718317066,0.97103171461252,0.367435323784646,3
KRT9,-0.0733938621148034,0.941492701747368,0.97103171461252,0.221506626551801,2
CTDSP1,-0.0733325192373591,0.941541514745651,0.97103171461252,0.0320621590345876,2
UGT2A3,0.0733261512677897,0.941546582008104,0.97103171461252,0.00848689227101272,2
PSMG2,-0.0730670937350985,0.941752727036572,0.971151594983203,-0.0794159796403288,3
F3,-0.0727325753890522,0.942018925776932,0.971266167905502,-0.0380246289389503,3
SPG11,0.0726828739944553,0.942058477071798,0.971266167905502,0.0453952837815155,3
INPP5E,-0.0725022855940189,0.942202186617041,0.971266167905502,0.0606965820461923,2
ARPC4,-0.0724755115081089,0.942223493194016,0.971266167905502,-0.119203136292461,2
CHMP7,0.0722194772991083,0.942427245002713,0.971383501957949,0.220444401507956,3
TOP1,0.0720700384467296,0.942546170058137,0.971413388891136,0.299473126444279,3
HRH4,0.0713594704497484,0.943111665236605,0.971862832018887,0.250645804886724,3
CACNA2D3,0.0711236590770235,0.943299338629859,0.971862832018887,-0.043036492396842,3
KIAA0368,-0.0711148618822383,0.943306340046942,0.971862832018887,-0.0972097547157257,2
OTOR,0.0710698800638439,0.943342139762824,0.971862832018887,0.228123118598388,2
SCGB1A1,-0.0709300789774557,0.943453404095833,0.971884767408277,0.0203639384652973,2
AP2B1,-0.0705204902267118,0.943779392306399,0.972038445914286,0.051900793769458,2
C6,0.0703840420654349,0.943887992333528,0.972038445914286,0.156838083335263,3
IFNGR2,0.0703068622019744,0.943949420777994,0.972038445914286,0.0220148358291961,3
B4GALT4,0.0702903859302981,0.943962534497395,0.972038445914286,0.119675497107039,2
RNF40,-0.0698023062985022,0.944351011496863,0.972189262271975,0.0556903487186274,3
F2RL2,-0.0697074348665336,0.944426524011802,0.972189262271975,0.165808664946747,2
MAP3K11,0.0695571857234747,0.944546115203054,0.972189262271975,0.00503992726031189,3
SPDEF,-0.0693472615260918,0.944713206999473,0.972189262271975,-0.205982778336301,2
FLT4,-0.0693233089601818,0.944732272499314,0.972189262271975,0.0464331643786784,3
TOMM34,0.0692926869700596,0.944756646700155,0.972189262271975,0.135705553018504,3
AVPR1B,-0.0692484302865166,0.944791873806141,0.972189262271975,0.239147338208014,2
UVRAG,-0.0691531942624587,0.944867679434675,0.972189262271975,-0.0967336732778647,2
TMEM177,0.0690887165428743,0.944919002461902,0.972189262271975,0.0831442630558759,3
APPBP2,-0.0687518748288222,0.945187125713239,0.972372507805182,-0.131337274534853,3
ERN2,0.0682604910113911,0.945578274343687,0.972528990538102,0.559485871240009,2
ALDH4A1,0.0681581049938613,0.945659776750273,0.972528990538102,0.216675153512468,2
SLC7A1,-0.0681245467690079,0.945686490249126,0.972528990538102,-0.291677357115204,3
PTCD2,-0.068064494947767,0.945734293712487,0.972528990538102,0.14592771120936,3
RECQL5,-0.0679644235070314,0.945813954702199,0.972528990538102,0.0287379937381208,3
ZNF266,-0.0677754850039721,0.945964359011294,0.972528990538102,0.138542929134557,3
XCL1,0.0677690775517017,0.945969459691153,0.972528990538102,0.0452452722748001,2
KCNV1,-0.0675158127065044,0.946171074029145,0.972643694486375,0.119580844120882,3
CIB1,-0.0673110647911086,0.946334068438408,0.972691341029164,-0.190684411974659,3
GTPBP3,-0.0672313618632958,0.946397518442558,0.972691341029164,0.224458642772421,2
MST1R,0.0670090987809029,0.946574459703554,0.972780640635314,-0.057164078151987,2
HAS2,-0.0664248292511452,0.947039602969279,0.973109464620916,0.437819574013778,2
C1orf112,-0.0663808733833654,0.947074597441186,0.973109464620916,0.218909233853435,3
ACADVL,-0.0656779263002469,0.947634246721326,0.973516272830616,-0.0955580613518881,3
SUPT16H,0.0656571737573048,0.94765076919218,0.973516272830616,0.0639954545610352,3
VCP,0.0651127551602691,0.948084224835631,0.973868942247479,0.095275477228896,3
PRRG3,0.0641511029264401,0.948849911359238,0.974562778596795,-0.0728000580765361,3
CRYZL1,0.0637453382447452,0.949173003433714,0.974801937924603,-0.0291836156634362,2
CYP7A1,-0.0634287851734933,0.949425066141051,0.974938040050153,0.31337614905495,2
PI15,-0.0633522147247237,0.949486037893687,0.974938040050153,0.282803362684688,2
SEC14L1,-0.0625984284614686,0.950086280871072,0.975146822498417,-0.0518172831878872,2
ZNF593,-0.0618671460902181,0.950668630981513,0.975146822498417,0.00499642614058081,3
AATK,-0.0618285294806237,0.950699383704848,0.975146822498417,-0.0123916118983251,3
GBA3,-0.0616600901515486,0.950833522907485,0.975146822498417,0.241085993455591,2
DDX4,-0.0616237814763984,0.950862438051747,0.975146822498417,0.187916892400735,3
AGXT,0.0616220772809995,0.950863795223644,0.975146822498417,-0.272023808893009,2
NMUR1,0.0615585451993168,0.950914390436571,0.975146822498417,0.29607735595122,3
TIE1,-0.061441521772509,0.951007585212104,0.975146822498417,0.261532095656936,3
RPS10,-0.0614182446905609,0.951026122626715,0.975146822498417,0.00779943317341552,3
RPL30,0.0613699847402664,0.951064555995416,0.975146822498417,-0.0292754438067136,2
CACNA1S,-0.0612474774283675,0.951162119157417,0.975146822498417,-0.0826656361052436,2
NODAL,0.0612117951677911,0.951190536163616,0.975146822498417,0.0478496250618392,2
DICER1,-0.0611965195627877,0.95120270152624,0.975146822498417,0.0618037487352908,2
CYLC1,-0.0611727673064106,0.951221617644912,0.975146822498417,0.44392937458079,3
ASCL2,0.0611606390938576,0.951231276472944,0.975146822498417,0.271442991007785,2
NOL8,-0.0610968327323016,0.95128209155403,0.975146822498417,-0.233544720008248,3
CLCA2,-0.0610316499227313,0.95133400303628,0.975146822498417,0.0798413343538668,3
KIAA0556,0.0609332630667592,0.951412358557467,0.975146822498417,0.0329108216301661,2
SENP3,0.060887355060823,0.951448919961067,0.975146822498417,-0.0212155172623248,3
MAP2K6,-0.0608296673840353,0.951494862908102,0.975146822498417,-0.0568608457619528,2
SPECC1L,-0.0606332173191661,0.951651318586996,0.975200166494391,-0.0755712191711045,3
C3,-0.060496055329228,0.951760557488924,0.975200166494391,-0.447291981560902,2
GRAMD1C,0.0604242417084303,0.951817751837657,0.975200166494391,-0.13808709120465,2
STYXL1,-0.0599945574087949,0.952159969442411,0.975458269149936,0.0167162801888783,3
PARP3,-0.0596896667965041,0.952402801763469,0.97561451537686,0.112096941202028,2
MAP3K3,-0.0595207172577549,0.952537364743137,0.975659834435365,-0.00311887912849779,2
GMPPA,0.0588095975002055,0.953103763993816,0.976147421888803,-0.0535847583908467,3
DTWD1,0.0584254618219498,0.953409733808667,0.976282462682667,0.000323040849458963,2
SLC7A2,0.0584171222366036,0.953416376489489,0.976282462682667,-0.0227324710763856,2
MMACHC,-0.0580229924350804,0.953730314062444,0.976436717162404,0.0279815052039562,3
CDH12,-0.0580010323465431,0.953747806219267,0.976436717162404,-0.0762380287640497,2
SAG,0.0576730053158633,0.954009096531902,0.97659555360872,0.079571143915372,3
CYFIP1,-0.0575792612121648,0.95408376941611,0.97659555360872,0.00276243860368819,3
ATP8B3,-0.057227094969861,0.954364294858108,0.976790137678348,0.511955396946668,2
HUS1,-0.0567971911232756,0.954706751486942,0.97704806533036,-0.0831329990449439,3
ABCG4,0.0566617370841416,0.954814654405297,0.977065924297652,0.287732805887699,3
YIPF6,-0.0562191617023838,0.955167216471557,0.977334116920125,0.0276402399639259,2
SETD4,-0.0560408320032419,0.955309279019222,0.977386894484338,-0.164888689475492,2
C1orf50,0.0551636873229704,0.956008058182761,0.978009190689476,0.014800569213252,3
ZBTB17,-0.0549689493341854,0.956163201218696,0.978075274579958,-0.0303927245392031,2
ATF1,0.054070869377492,0.95687870115256,0.978668152173479,0.0281597302558561,3
ALOX5AP,0.0540140155999297,0.956923997709339,0.978668152173479,0.419754706565733,2
DHRS7,0.0533458832734521,0.957456322657543,0.979062560002824,0.0518021030068861,2
RBM19,-0.0533024641899451,0.957490916855197,0.979062560002824,0.0578101859560042,2
KISS1,0.0530338030329043,0.957704974675204,0.97918874930824,0.175971547965751,3
ZHX3,-0.0526941372803708,0.957975610310277,0.979196727895839,-0.117254995789804,2
GABRA3,-0.0526353373561172,0.958022460845211,0.979196727895839,0.187856735602076,3
RNPS1,-0.0526116297122162,0.958041350635041,0.979196727895839,0.0216607794089041,2
PTPN6,0.0523932257122153,0.95821537180385,0.979196727895839,-0.0142970750485524,3
ALK,-0.0522021634559973,0.958367609097374,0.979196727895839,0.377728877213459,2
NVL,0.0521418050266364,0.958415702658393,0.979196727895839,-0.08557355732846,3
CCND3,0.0519799503905721,0.958544669083879,0.979196727895839,-0.295669897183186,3
ASPH,0.0516932278126152,0.95877313344947,0.979196727895839,0.315734592031192,3
SNRK,-0.0516772405904191,0.958785872380704,0.979196727895839,0.405125100837364,3
PGR,-0.0516272359350016,0.958825717135777,0.979196727895839,0.40601155887468,3
AFF4,0.0516196957147208,0.958831725349896,0.979196727895839,0.0648117964492019,3
ATP6V1B2,-0.0514932342578138,0.958932492981135,0.979196727895839,-0.0670031360914318,3
B4GALNT1,0.0514648753808111,0.958955090129138,0.979196727895839,0.335924094061123,3
PPOX,-0.0512096585400344,0.959158455542554,0.979196727895839,0.125521039798224,2
PRMT5,-0.0511453599327742,0.959209691267903,0.979196727895839,-0.0959049217827876,3
C1orf123,-0.0511321391433812,0.959220226147372,0.979196727895839,0.10022253890811,2
CATSPERB,-0.0510899791899027,0.959253821014051,0.979196727895839,0.0145249047188949,2
DENR,0.0509683808196534,0.959350716237592,0.979202455331745,0.0781248241819492,2
PHC1,-0.0508554164644021,0.959440732015478,0.979202455331745,0.079178645164658,2
KLRF1,-0.0503080725209217,0.959876890975796,0.979555047361412,0.0294794782640153,3
IQGAP2,0.0500798888944923,0.960058725962842,0.979629915299692,0.342332835088533,2
SALL2,-0.0499883974458409,0.960131634260122,0.979629915299692,0.0515564757643792,2
CTNNB1,-0.0496733435856272,0.960382698965037,0.979716992286282,0.136025549207172,2
LIG3,-0.0496536741376963,0.960398373571509,0.979716992286282,0.101169843255955,2
MORC4,0.0492681848115018,0.96070557355693,0.979905461096806,0.0567447680024635,2
MFNG,-0.0491814648974013,0.960774682258669,0.979905461096806,0.250349585675723,2
FGF13,0.0490803391459559,0.96085527161057,0.979905461096806,0.0209963828390569,2
VAV3,0.048856174505415,0.961033914804134,0.979927401766868,0.111016524692365,3
SRY,0.0486775948453399,0.961176231427596,0.979927401766868,0.211405250057033,2
KTN1,0.0485734211639562,0.9612592517932,0.979927401766868,0.0567077934868743,2
TAF5,0.0484284471512808,0.961374788348917,0.979927401766868,0.0070128407948238,3
HHEX,0.0484058773875715,0.961392775319838,0.979927401766868,0.125169047132629,3
HAGH,-0.04837034982049,0.961421089050664,0.979927401766868,-0.0318986818104984,2
TERF1,0.0481555609091119,0.961592266327699,0.980009402856101,0.139279810003274,2
NPTXR,0.0478044530284022,0.961872087612379,0.98020210286688,0.303897160885642,3
MGST2,-0.0475492148210799,0.962075506911127,0.980316915918686,-0.0248193204500291,2
MAN1C1,-0.0471496523153731,0.962393954488458,0.98054890552578,0.197222704682218,3
TAC3,0.046369109429087,0.963016057123863,0.981090205512776,0.284470127252348,3
FLI1,-0.045318188326028,0.963853690143891,0.981850958217118,-0.0640012968857426,2
FAM63A,-0.0451044865207787,0.964024025337493,0.981888651946618,0.055485523587278,3
ARHGAP19,0.0450436826929182,0.96407249051526,0.981888651946618,0.243809856920331,2
CBX1,0.0447652556959753,0.96429441925407,0.981974224069112,0.069437003515129,2
AIF1,0.0447101749669771,0.964338323359114,0.981974224069112,0.568000288729761,2
ATP13A3,-0.0437365055262413,0.965114439844406,0.982671899255281,-0.118671896273963,3
OR10H2,-0.0434893752609565,0.965311433827964,0.98271706555367,0.119637660076994,2
UBFD1,0.043452598028574,0.965340750100907,0.98271706555367,0.0431782373316272,3
ST8SIA1,-0.0433046634457517,0.965458673819372,0.982719854305675,0.387158208647698,3
ZFHX2,0.0432209048393906,0.965525441005936,0.982719854305675,-0.0426561196312492,3
ZNF350,-0.042867462108559,0.965807186372441,0.982914002939053,-0.133311036953262,3
EEF1D,0.042458007069325,0.966133587046718,0.983153556973966,-0.166805769210714,2
SLC30A3,-0.0423386355172187,0.966228746196753,0.983157772835091,-0.0494456567178327,2
MT1X,0.0417323112581207,0.966712095731107,0.98355694245902,0.124176415620084,2
PARVA,-0.0415217722857368,0.966879936045558,0.983635060196281,-0.0735085657604759,2
DUSP9,-0.0413174275224311,0.967042839779588,0.983689615402702,0.0466000543409369,3
GPR107,-0.0412260417774948,0.967115692980624,0.983689615402702,-0.197060287158416,3
PDIA4,0.0409970444483532,0.967298252071462,0.98378266819282,0.0393227743277808,2
PPP1R13L,0.0407889647248169,0.967464136912536,0.983858746651215,-0.147446943903484,3
FBXL7,-0.0397829831772373,0.968266142948143,0.984577754333273,0.0777137789765152,2
IL1B,-0.0395681692434668,0.968437404819901,0.984577754333273,0.427666387117568,2
RARS,-0.0395591361652309,0.968444606534996,0.984577754333273,-0.0488947914413544,2
STRN3,-0.0392250798864201,0.968710938162401,0.984755839829687,0.0874788525909516,3
FARSA,-0.0390641085516878,0.968839276341054,0.984793625956155,-0.0112480445256563,3
RTN2,0.0387349872944736,0.969101678504338,0.984891321029454,-0.207369935411362,3
IFNGR1,0.0387148393387277,0.969117742197933,0.984891321029454,-0.178348691187418,3
OAZ3,0.0381732348716165,0.969549560815231,0.985103354227055,0.344963009143082,3
APLP2,-0.0381324149493398,0.969582106704847,0.985103354227055,0.147821837749035,2
OTUD3,-0.0381100119575045,0.969599968722649,0.985103354227055,0.0102381677310095,3
CD320,0.0374466779035659,0.970128855164308,0.98550959739004,0.0676325889938876,3
TBL2,0.0373796647856839,0.970182286488214,0.98550959739004,0.0304413179324718,3
FRMPD1,0.0369301326373661,0.970540713758518,0.985780986367608,0.338029968855847,3
PTPN11,-0.0364380656811149,0.970933062296749,0.986086775002772,-0.0570697936387698,2
NRGN,0.0358816004498525,0.971376767133357,0.986444659074413,-0.0482558770147963,2
C1orf116,0.035478644458161,0.971698074906705,0.986678191872742,-0.107649757691841,3
KSR1,-0.0352706500497551,0.97186392663056,0.986753842979914,0.0180829569230487,3
CRYBB2,-0.035135823694425,0.971971435860774,0.986766131725539,0.104682497438903,3
RGN,0.0350263486487656,0.972058730576881,0.986766131725539,0.0332118058956914,2
RPL34,0.0348661133486401,0.972186501805377,0.986799869485993,0.0980078525075403,2
VENTX,0.0346680030492506,0.972344475450291,0.986799869485993,0.443877850876848,2
HGD,0.0345379910287858,0.972448147948447,0.986799869485993,-0.130168533868251,2
POU6F2,0.0345264144053873,0.972457379251842,0.986799869485993,-0.0676133540234258,2
ECD,-0.0342388832854778,0.972686660328109,0.986939818228841,-0.186308434886205,3
CPB1,0.0340275392833465,0.972855190240426,0.987018105097876,0.395344083196234,2
ZNF512B,-0.0336963308459342,0.973119304873458,0.987179773978014,0.344588917748382,3
ANGEL1,-0.0335963932379635,0.973198998425453,0.987179773978014,-0.0154189732761467,3
KIF11,-0.0334327785958589,0.973329470726548,0.987179773978014,-0.045698153328355,2
GATC,0.0333692966491285,0.973380093745586,0.987179773978014,0.0668400302700572,2
FABP5,-0.0330796161034542,0.973611097845933,0.987321355513684,0.263029687210863,2
MAGEA12,0.0326755938644519,0.973933286770448,0.987555370665013,-0.0528878051840583,3
CAPN9,0.0324906342717875,0.974080784856454,0.987612224330712,0.41942818849321,3
PSD4,-0.0323506872355596,0.974192387767616,0.987632676927807,0.210736849168855,2
TST,0.0315092951993852,0.974863379329769,0.988167681146573,-0.0788464809273299,2
NHLH2,0.0314595238212436,0.974903071466305,0.988167681146573,0.134645342247926,3
CYLC2,-0.0311599601661481,0.975141971555216,0.988297716451669,0.133290290093096,2
SYNGR4,-0.0310692090098912,0.975214345459946,0.988297716451669,-0.219381240767704,3
LARP4,-0.0305026019838068,0.975666218265122,0.988662897720436,0.00409840470066576,3
AFF3,-0.0296004318661238,0.976385720886356,0.989299179909429,0.107037492289445,2
ZNF8,0.0290497953230352,0.976824876407959,0.989564262451069,0.247028252423861,2
SYNJ2,-0.0289999492871605,0.976864631041359,0.989564262451069,0.28085210745207,3
HIST1H1A,0.0289278029659765,0.976922171336623,0.989564262451069,-0.205379588048717,3
PKD2L1,-0.0286593873125642,0.977136247281228,0.98968830221583,-0.0276563261784171,3
DUSP3,-0.0283697273457208,0.977367268557367,0.989829480119696,-0.00915173791431746,3
PSMG1,-0.0277834813953163,0.977834840814408,0.990210176289232,-0.0185286362287089,2
CKAP5,0.0276389475774291,0.977950117846342,0.990234080706429,0.0200587222892877,2
CYP1A1,0.0273019507114031,0.978218901007052,0.990413400382246,0.068882943369221,3
GGT5,0.0267090691910282,0.978691779545595,0.990706716271626,0.147833946145438,2
DGKD,0.0265785183098713,0.978795907111785,0.990706716271626,-0.157631234204572,2
HAP1,-0.0265062113802881,0.978853579375975,0.990706716271626,0.00394088307053799,3
TMOD2,0.02645972151837,0.978890659913579,0.990706716271626,0.205658279252815,2
PMVK,-0.0262793121318373,0.979034555739741,0.990706716271626,0.146583468273908,3
P2RX5,0.0261788171903681,0.979114711525061,0.990706716271626,0.194392398312685,2
FECH,-0.0261338081412362,0.979150611267903,0.990706716271626,0.240717318908772,3
LIPT1,-0.0258528448501008,0.979374711819418,0.990795093600127,0.0897161802456296,2
SSTR4,-0.0257523032770579,0.979454905688341,0.990795093600127,0.35834247258156,2
DIP2C,-0.0256793087747282,0.979513127620418,0.990795093600127,-0.00190417024571452,3
TBL1XR1,0.0254030968201921,0.979733441000978,0.990925152592937,0.0458887075230413,2
MPG,-0.0249656264569869,0.980082381171246,0.991161644818957,-0.00756105364687698,3
SCMH1,0.0248798787422024,0.980150776703953,0.991161644818957,-0.156442891636713,2
TTC23,0.0243566814315714,0.980568101274633,0.991490838712776,-0.098531417927267,2
NID2,0.023875090393874,0.980952243604308,0.991733003462099,0.600297309966423,2
BRSK2,0.0238262287388663,0.980991218477368,0.991733003462099,-0.0485674522609514,2
MAGEB4,-0.0234707648994033,0.981274758289202,0.991926814433835,0.288947272305445,2
RBMX2,0.0232595424946283,0.981443243387708,0.992004296348276,-0.00101904121243211,3
RGS5,0.0230821808745654,0.981584719502279,0.992005341207917,0.0336854368609537,3
MFSD7,0.0229810883907835,0.981665358243771,0.992005341207917,-0.094464414428569,3
SETMAR,0.0225216932025816,0.982031807714401,0.992005341207917,-0.0204744951515422,3
SIRT3,0.0224860066781143,0.982060274232335,0.992005341207917,0.0900759464865021,3
PKN1,-0.0223780460280538,0.982146392698199,0.992005341207917,-0.251540053237448,3
CD3G,-0.0222304827803057,0.982264101852584,0.992005341207917,-0.0742559182698071,3
NDUFS1,-0.0221073865411493,0.982362294309358,0.992005341207917,-0.0333173384357382,2
C1orf105,0.022100815298371,0.982367536121808,0.992005341207917,0.252125763948138,3
SLC35A1,-0.0220258746057783,0.982427315591559,0.992005341207917,0.15015200983292,2
DPYSL4,0.0218770979105007,0.982545993622616,0.992005341207917,0.15387900493051,2
MAP3K2,-0.0218742605415657,0.98254825697386,0.992005341207917,0.165681450200235,2
PCDH7,0.0217210622625762,0.982670462479597,0.992005341207917,0.492824544352287,2
ELSPBP1,0.0217095913221338,0.982679612808175,0.992005341207917,0.119925808985501,2
ICOS,-0.0216464607514098,0.982729971881681,0.992005341207917,0.00927332620411947,2
FMO6P,0.0213020524451312,0.983004706597121,0.992106310973648,0.484320795114125,2
TEX264,-0.0212615765681457,0.983036994361806,0.992106310973648,-0.0799225169392302,2
EFCAB6,-0.0211756585023207,0.983105531629506,0.992106310973648,-0.155939642945694,2
CINP,0.0210084190562897,0.983238939723092,0.99214825099382,-0.0246150036425895,3
CCKBR,-0.0207964329189863,0.98340804324317,0.99222619868417,0.11533484521217,2
FAM127B,0.0203226491961384,0.983785988071172,0.992514826108601,0.0409693091443592,2
STRN4,0.0200940723633928,0.983968328760829,0.992606078378266,0.0474162974778321,3
DTNA,-0.0197200587973976,0.984266689284237,0.992694000189408,0.17639524397779,3
DNAJC17,0.0197002303478715,0.984282507025165,0.992694000189408,-0.164068766217681,3
PPP5C,-0.0194497800294788,0.984482299185007,0.992694000189408,0.199577653011382,3
CDON,0.0192762702881241,0.984620713978473,0.992694000189408,0.416591120347568,3
SLC12A3,-0.0192188319624422,0.98466653464339,0.992694000189408,0.0179299492331485,2
ILK,0.0190726696095016,0.984783133955801,0.992694000189408,0.0654155543162961,2
PLVAP,-0.0188846771716038,0.984933103208179,0.992694000189408,0.0159817188809655,2
CDH5,0.0188780989984158,0.984938350895502,0.992694000189408,-0.136665970550237,2
MFSD10,0.0188023066317014,0.984998813723025,0.992694000189408,-0.11881098120233,3
PLXNA3,0.018752343249416,0.98503867170701,0.992694000189408,0.00848643162160229,2
GPA33,-0.0187176156138557,0.985066375488823,0.992694000189408,0.262463682223082,3
LRIG2,-0.0184860454311837,0.985251109797511,0.992787545525439,-0.152939446778994,2
RPS6KA1,0.017990797003757,0.985646195151417,0.993000923213557,0.0507679537675919,3
KLRC4,0.0179901357021676,0.985646722708364,0.993000923213557,0.482115486545889,2
MPPE1,-0.0178021299545692,0.985796705571948,0.993059406284452,0.10900521227906,3
PNMA1,-0.0176607890184127,0.98590946159572,0.993080380842686,0.0221582920681426,2
SFMBT1,-0.0172072102738675,0.986271310074921,0.993223675583145,0.0853777478678898,2
HPGD,-0.0172050257544604,0.986273052811241,0.993223675583145,0.330612480436125,3
COQ7,-0.0170273320917814,0.986414811074534,0.993223675583145,0.21057101778001,3
LY6G5C,-0.0169875171223586,0.986446574229805,0.993223675583145,0.0867037684591947,2
AUTS2,0.0169061803579153,0.986511462259912,0.993223675583145,0.241669134134556,3
MYBBP1A,0.0166959152271198,0.986679205884536,0.993299979679847,-0.012359101541359,3
GSTP1,-0.0164010811015599,0.986914417271614,0.993404660592089,-0.0112360047520385,2
SSTR1,0.0163350206595049,0.986967118818209,0.993404660592089,0.081697983005378,3
MMP2,0.0161464917369799,0.987117523297721,0.993463475883908,0.536227691925522,2
ADD3,0.0156914428594012,0.987480553767091,0.993736253194719,0.244233326435385,2
PANX1,0.0154144396146465,0.987701543648989,0.993866052584665,-0.0488640393776348,2
TRPC3,0.0150297812597731,0.988008421053887,0.994005621968693,0.0747523835110918,2
UNC50,0.015009892272665,0.988024288379731,0.994005621968693,0.0551015130085854,2
PINK1,-0.0145805299349523,0.988366832464146,0.99425763869228,-0.161969560655813,3
TBRG4,-0.0143186741089265,0.988575741374003,0.994344465640749,-0.0129904038696476,2
WASF2,0.0142415781864833,0.988637248748532,0.994344465640749,-0.190446029113698,2
CASQ1,0.014071777384062,0.988772716611693,0.994388128185411,-0.139323134446567,3
TNFRSF21,0.0133869040990052,0.989319114922222,0.994845008321527,0.170832983516161,3
ZMYND8,0.0132481931712084,0.989429780415746,0.994863677562216,0.157720192002802,2
HIST1H2BL,-0.0125918509938099,0.989953421989523,0.995297548802199,0.0270145486316748,3
MCOLN1,-0.0121361134452605,0.990317020147809,0.99557044687172,-0.0540332991475929,2
TINF2,-0.011597456749668,0.990746775743317,0.99576441532889,-0.037573833162355,2
RNF139,-0.0115694413234904,0.990769127319751,0.99576441532889,0.0179949170334084,2
MTA1,0.0114819474961624,0.990838932657038,0.99576441532889,0.0308706807568833,3
TES,0.0114321052277903,0.990878698423462,0.99576441532889,-0.0751814324094168,3
ACSL1,-0.0111520197984665,0.991102160015171,0.995893241288946,0.0471160648789137,2
ZNF277,-0.0110403140416933,0.991191282827019,0.995893241288946,0.134366372084524,2
VIL1,-0.0101533513808427,0.991898936883559,0.996486970310503,0.0533925825241084,2
SEC31A,0.0100684071561515,0.991966709104688,0.996486970310503,0.0725929127761995,2
MANSC1,-0.00980852340830296,0.992174056093712,0.996498941242288,0.0464196261693179,2
ZFX,0.0097360688758919,0.992231863686156,0.996498941242288,-0.0795517390453853,2
PIWIL1,-0.00970659447459132,0.992255379744681,0.996498941242288,0.149128677133839,2
KHSRP,0.00952938516832733,0.992396765774335,0.996548281481302,0.168477717609987,2
PPP2R1A,0.00870111949608697,0.993057598693415,0.997119183964144,0.0761839058724821,2
TMEM106B,-0.00821732547050399,0.993443596662317,0.99741404695105,0.292825627774156,2
IL17A,-0.00750536176112836,0.994011643948745,0.99789015804319,-0.117013956449682,2
B4GALT3,0.00724651693371041,0.994218166621653,0.99789015804319,-0.0341990039867179,3
MYL6B,-0.00718460403493783,0.994267564681736,0.99789015804319,0.0569235223508079,2
INSRR,-0.00715982749040374,0.994287332995635,0.99789015804319,-0.0104654789074546,2
FGF14,0.00701195309026578,0.994405316734326,0.997915852040523,0.67500810352787,2
PDE4DIP,-0.00676132731627197,0.994605282427587,0.997938270710313,-0.0644967056638027,2
PKN2,-0.00675237434112164,0.994612425705168,0.997938270710313,0.00852761327842194,3
C11orf63,0.00637693532236341,0.99491197624541,0.998146110095934,0.106321573388817,3
EPB41,0.00618994370340425,0.995061171025706,0.998203080369583,0.249467532913019,3
OCLN,-0.00592395138829955,0.995273398293608,0.998242066402164,0.136966909146462,2
KCNS1,0.00590958631623169,0.995284859762202,0.998242066402164,0.331162972913249,3
CNKSR2,-0.00568501043958543,0.99546404237546,0.998329086040268,-0.122775462701161,3
RHOBTB2,0.005130412002605,0.995906541429979,0.998680139298796,0.204803266229584,2
ARFIP1,0.00499682289847374,0.996013128747108,0.998694311401305,-0.0315129637825463,2
AP1G2,-0.00467088686980522,0.996273185032765,0.998862348684234,-0.0406268176746487,3
DERA,0.0040529279685975,0.99676624020089,0.999216406522119,0.0750627322600354,3
FBXL12,0.00396883053388727,0.996833339705907,0.999216406522119,0.0862048840144776,3
CSDE1,-0.00388047856446053,0.996903833835296,0.999216406522119,-0.0607158415679158,3
PUS3,0.00354329636782861,0.997172864449519,0.999330555679018,0.0705183583664674,2
KLHL12,-0.00350584547044705,0.997202745756724,0.999330555679018,-0.0363804634580752,3
PPID,0.00329857586569474,0.997368122016863,0.999337738283153,-0.0540470185901638,3
KCNMB1,0.00318506287728459,0.997458691801799,0.999337738283153,0.308862468785627,2
ELOVL2,0.00304067604248842,0.997573895269806,0.999337738283153,0.351748182033255,2
EDAR,-0.00303137593112287,0.99758131565088,0.999337738283153,0.250794969453861,2
AIPL1,-0.0029171131375159,0.99767248376648,0.999337738283153,0.202143024947861,3
SIDT1,-0.00263966225074884,0.997893856690264,0.999466800182497,-0.188476108835704,3
TMCO6,-0.00200486300292437,0.998400351835066,0.999846305169731,0.00257966534443917,2
RFK,0.00185134759960766,0.998522839177419,0.999846305169731,0.298548961834137,2
MCOLN3,-0.00181674491222344,0.998550448081009,0.999846305169731,-0.0683953679431126,2
WWP1,-0.00165816601958478,0.998676975540005,0.999863082717603,-0.212864275701871,2
HOXD1,-0.00154945796520305,0.998763711906636,0.999863082717603,-0.32336138039153,3
PPM1D,0.00143130756796141,0.998857982179694,0.999863082717603,0.0833039618363802,2
TP53BP1,0.000989210208429805,0.999210724576028,0.999863082717603,0.0586243320891298,2
RPS27L,-0.000901908719216636,0.999280381055245,0.999863082717603,0.220133615616245,2
ATXN10,-0.000839366981043002,0.999330282123618,0.999863082717603,0.0460496550994012,2
ATP8B2,-0.000512521783870536,0.999591066799477,0.999863082717603,0.111044347831694,2
PAPOLA,-0.000512056280158811,0.999591438217653,0.999863082717603,-0.0845008237159793,2
ADSL,0.000376396706014368,0.999699678886625,0.999863082717603,0.078011608891041,3
NSUN6,-0.000341227999275591,0.999727739452948,0.999863082717603,-0.131011059152925,2
LEF1,-0.000336716365468257,0.9997313392157,0.999863082717603,0.196432830487204,2
POLR1C,-0.000290300695705755,0.999768373560159,0.999863082717603,0.161039244445653,2
PEX11A,0.000202861901425113,0.999838139621988,0.999863082717603,0.00406292718663831,2
MYO10,-0.000171600366513632,0.999863082717603,0.999863082717603,0.0741853341594269,2
